1.2e-05	0	0	0
2.64e-05	0	0	0
4.368e-05	0	0	0
6.44161e-05	0	0	0
8.92993e-05	0	0	0
0.000119159	0	0	0
0.000154991	0	0	0
0.000197989	0	0	0
0.000249586	0	0	0
0.000311504	0	0	0
0.000385806	0	0	0
0.000474967	0	0	0
0.000581962	0	0	0
0.000710352	0	0	0
0.000864416	0	0	0
0.0010493	0	0	0
0.00127116	0	0	0
0.00153737	0	0	0
0.00185682	0	0	0
0.00224012	0	0	0
0.00270011	0	0	0
0.00325216	0	0	0
0.00389898	0	0	0
0.00464269	0	0	0
0.00548568	0	0	0
0.0064305	0	0	0
0.0074699	0	0	0
0.00852192	0	0	0
0.00958688	0	0	0
0.0106651	0	0	0
0.011757	0	0	0
0.0128628	0	0	0
0.0139829	0	0	0
0.0151165	0	0	0
0.0162618	0	0	0
0.0174192	0	0	0
0.0185882	0	0	0
0.0197669	0	0	0
0.0209548	0	0	0
0.0221513	0	0	0
0.0233551	0	0	0
0.024567	0	0	0
0.0257864	0	0	0
0.0270142	0	0	0
0.0282496	0	0	0
0.0294928	0	0	0
0.0307439	0	0	0
0.0320039	0	0	0
0.0332719	0	0	0
0.0345449	0	0	0
0.0358236	0	0	0
0.0371074	0	0	0
0.0383971	0	0	0
0.0396919	0	0	0
0.0409927	0	0	0
0.0422987	0	0	0
0.0436108	0	0	0
0.0449282	0	0	0
0.0462519	0	0	0
0.047581	0	0	0
0.0489164	0	0	0
0.0502574	0	0	0
0.051603	0	0	0
0.0529523	0	0	0
0.0543063	0	0	0
0.0556641	0	0	0
0.0570266	0	0	0
0.0583939	0	0	0
0.0597651	0	0	0
0.0611412	0	0	0
0.0625211	0	0	0
0.063906	0	0	0
0.0652949	0	0	0
0.0666878	0	0	0
0.0680857	0	0	0
0.0694877	0	0	0
0.0708937	0	0	0
0.0723049	0	0	0
0.0737203	0	0	0
0.0751398	0	0	0
0.0765635	0	0	0
0.0779904	0	0	0
0.0794204	0	0	0
0.0808548	0	0	0
0.0822923	0	0	0
0.0837331	0	0	0
0.0851772	0	0	0
0.0866256	0	0	0
0.0880774	0	0	0
0.0895324	0	0	0
0.0909919	0	0	0
0.0924547	0	0	0
0.0939209	0	0	0
0.0953917	0	0	0
0.0968658	0	0	0
0.0983434	0	0	0
0.0998245	0	0	0
0.101309	0	0	0
0.102797	0	0	0
0.104288	0	0	0
0.105782	0	0	0
0.10728	0	0	0
0.10878	0	0	0
0.110283	0	0	0
0.111789	0	0	0
0.113298	0	0	0
0.11481	0	0	0
0.116325	0	0	0
0.117843	0	0	0
0.119365	0	0	0
0.120889	0	0	0
0.122416	0	0	0
0.123947	0	0	0
0.125481	0	0	0
0.127017	0	0	0
0.128557	0	0	0
0.1301	0	0	0
0.131646	0	0	0
0.133193	0	0	0
0.134744	0	0	0
0.136297	0	0	0
0.137853	0	0	0
0.139411	0	0	0
0.140972	0	0	0
0.142535	0	0	0
0.144102	0	0	0
0.14567	0	0	0
0.147242	0	0	0
0.148816	0	0	0
0.150393	0	0	0
0.151972	0	0	0
0.153555	0	0	0
0.155139	0	0	0
0.156727	0	0	0
0.158316	0	0	0
0.159908	0	0	0
0.161502	0	0	0
0.163098	0	0	0
0.164697	0	0	0
0.166297	0	0	0
0.167897	0	0	0
0.169497	0	0	0
0.171097	0	0	0
0.172698	0	0	0
0.174298	0	0	0
0.175898	0	0	0
0.177498	0	0	0
0.179098	0	0	0
0.180698	0	0	0
0.182298	0	0	0
0.183898	0	0	0
0.185498	0	0	0
0.187098	0	0	0
0.188698	0	0	0
0.190299	0	0	0
0.191899	0	0	0
0.193499	0	0	0
0.195099	0	0	0
0.196699	0	0	0
0.198299	0	0	0
0.199899	0	0	0
0.201499	0	0	0
0.203099	0	0	0
0.204699	0	0	0
0.206299	0	0	0
0.2079	0	0	0
0.2095	0	0	0
0.2111	0	0	0
0.2127	0	0	0
0.2143	0	0	0
0.2159	0	0	0
0.2175	0	0	0
0.2191	0	0	0
0.2207	0	0	0
0.2223	0	0	0
0.2239	0	0	0
0.225501	0	0	0
0.227101	0	0	0
0.228701	0	0	0
0.230301	0	0	0
0.231901	0	0	0
0.233501	0	0	0
0.235101	0	0	0
0.236701	0	0	0
0.238301	0	0	0
0.239901	0	0	0
0.241501	0	0	0
0.243101	0	0	0
0.244702	0	0	0
0.246302	0	0	0
0.247902	0	0	0
0.249502	0	0	0
0.251102	0	0	0
0.252702	0	0	0
0.254302	0	0	0
0.255902	0	0	0
0.257502	0	0	0
0.259102	0	0	0
0.260702	0	0	0
0.262303	0	0	0
0.263903	0	0	0
0.265503	0	0	0
0.267103	0	0	0
0.268703	0	0	0
0.270303	0	0	0
0.271903	0	0	0
0.273503	0	0	0
0.275103	0	0	0
0.276703	0	0	0
0.278303	0	0	0
0.279904	0	0	0
0.281504	0	0	0
0.283104	0	0	0
0.284704	0	0	0
0.286304	0	0	0
0.287904	0	0	0
0.289504	0	0	0
0.291104	0	0	0
0.292704	0	0	0
0.294304	0	0	0
0.295904	0	0	0
0.297505	0	0	0
0.299105	0	0	0
0.300705	0	0	0
0.302305	0	0	0
0.303905	0	0	0
0.305505	0	0	0
0.307105	0	0	0
0.308705	0	0	0
0.310305	0	0	0
0.311905	0	0	0
0.313505	0	0	0
0.315106	0	0	0
0.316706	0	0	0
0.318306	0	0	0
0.319906	0	0	0
0.321506	0	0	0
0.323106	0	0	0
0.324706	0	0	0
0.326306	0	0	0
0.327906	0	0	0
0.329506	0	0	0
0.331106	0	0	0
0.332707	0	0	0
0.334307	0	0	0
0.335907	0	0	0
0.337507	0	0	0
0.339107	0	0	0
0.340707	0	0	0
0.342307	0	0	0
0.343907	0	0	0
0.345507	0	0	0
0.347107	0	0	0
0.348707	0	0	0
0.350308	0	0	0
0.351908	0	0	0
0.353508	0	0	0
0.355108	0	0	0
0.356708	0	0	0
0.358308	0	0	0
0.359908	0	0	0
0.361508	0	0	0
0.363108	0	0	0
0.364708	0	0	0
0.366308	0	0	0
0.367908	0	0	0
0.369509	0	0	0
0.371109	0	0	0
0.372709	0	0	0
0.374309	0	0	0
0.375909	0	0	0
0.377509	0	0	0
0.379109	0	0	0
0.380709	0	0	0
0.382309	0	0	0
0.383909	0	0	0
0.385509	0	0	0
0.38711	0	0	0
0.38871	0	0	0
0.39031	0	0	0
0.39191	0	0	0
0.39351	0	0	0
0.39511	0	0	0
0.39671	0	0	0
0.39831	0	0	0
0.39991	0	0	0
0.401509	0	0	0
0.403104	0	0	0
0.404698	0	0	0
0.40629	0	0	0
0.40788	0	0	0
0.409469	0	0	0
0.411057	0	0	0
0.412643	0	0	0
0.414227	0	0	0
0.415809	0	0	0
0.41739	0	0	0
0.418968	0	0	0
0.420545	0	0	0
0.422119	0	0	0
0.423692	0	0	0
0.425264	0	0	0
0.426834	0	0	0
0.428402	0	0	0
0.429969	0	0	0
0.431535	0	0	0
0.4331	0	0	0
0.434664	0	0	0
0.436226	0	0	0
0.437787	0	0	0
0.439346	0	0	0
0.440903	0	0	0
0.442459	0	0	0
0.444014	0	0	0
0.445567	0	0	0
0.447118	0	0	0
0.448668	0	0	0
0.450216	0	0	0
0.451763	0	0	0
0.453308	0	0	0
0.454851	0	0	0
0.456393	0	0	0
0.457936	0	0	0
0.459476	0	0	0
0.461015	0	0	0
0.462552	0	0	0
0.464088	0	0	0
0.465623	0	0	0
0.467156	0	0	0
0.468687	0	0	0
0.470217	0	0	0
0.471747	0	0	0
0.473275	0	0	0
0.474801	0	0	0
0.476327	0	0	0
0.47785	0	0	0
0.479373	0	0	0
0.480895	0	0	0
0.482415	0	0	0
0.483934	0	0	0
0.485452	0	0	0
0.486968	0	0	0
0.488484	0	0	0
0.489999	0	0	0
0.491512	0	0	0
0.493023	0	0	0
0.494535	0	0	0
0.496045	0	0	0
0.497553	0	0	0
0.49906	0	0	0
0.500567	0	0	0
0.502073	0	0	0
0.503576	0	0	0
0.505079	0	0	0
0.506581	0	0	0
0.508082	0	0	0
0.509582	0	0	0
0.511081	0	0	0
0.512579	0	0	0
0.514075	0	0	0
0.515572	0	0	0
0.517067	0	0	0
0.51856	0	0	0
0.520053	0	0	0
0.521545	0	0	0
0.523036	0	0	0
0.524526	0	0	0
0.526015	0	0	0
0.527502	0	0	0
0.52899	0	0	0
0.530476	0	0	0
0.53196	0	0	0
0.533444	0	0	0
0.534927	0	0	0
0.53641	0	0	0
0.537891	0	0	0
0.539373	0	0	0
0.540853	0	0	0
0.542331	0	0	0
0.543809	0	0	0
0.545286	0	0	0
0.546763	0	0	0
0.548239	0	0	0
0.549714	0	0	0
0.551188	0	0	0
0.552662	0	0	0
0.554134	0	0	0
0.555605	0	0	0
0.557076	0	0	0
0.558545	0	0	0
0.560014	0	0	0
0.561482	0	0	0
0.56295	0	0	0
0.564417	0	0	0
0.565883	0	0	0
0.567349	0	0	0
0.568814	0	0	0
0.570279	0	0	0
0.571742	0	0	0
0.573206	0	0	0
0.574668	0	0	0
0.57613	0	0	0
0.57759	0	0	0
0.57905	0	0	0
0.580509	0	0	0
0.581968	0	0	0
0.583427	0	0	0
0.584884	0	0	0
0.586342	0	0	0
0.587798	0	0	0
0.589254	0	0	0
0.590709	0	0	0
0.592164	0	0	0
0.593618	0	0	0
0.595071	0	0	0
0.596524	0	0	0
0.597977	0	0	0
0.599428	0	0	0
0.60088	0	0	0
0.602331	0	0	0
0.603781	0	0	0
0.605231	0	0	0
0.606679	0	0	0
0.608127	0	0	0
0.609576	0	0	0
0.611023	0	0	0
0.612469	0	0	0
0.613916	0	0	0
0.615362	0	0	0
0.616807	0	0	0
0.618252	0	0	0
0.619696	0	0	0
0.62114	0	0	0
0.622584	0	0	0
0.624028	0	0	0
0.62547	0	0	0
0.626912	0	0	0
0.628355	0	0	0
0.629795	0	0	0
0.631236	0	0	0
0.632677	0	0	0
0.634116	0	0	0
0.635556	0	0	0
0.636995	0	0	0
0.638434	0	0	0
0.639872	0	0	0
0.64131	0	0	0
0.642747	0	0	0
0.644185	0	0	0
0.645621	0	0	0
0.647058	0	0	0
0.648494	0	0	0
0.64993	0	0	0
0.651365	0	0	0
0.6528	0	0	0
0.654234	0	0	0
0.655669	0	0	0
0.657102	0	0	0
0.658535	0	0	0
0.659969	0	0	0
0.661402	0	0	0
0.662833	0	0	0
0.664265	0	0	0
0.665697	0	0	0
0.667128	0	0	0
0.66856	0	0	0
0.66999	0	0	0
0.67142	0	0	0
0.67285	0	0	0
0.674281	0	0	0
0.675711	0	0	0
0.677139	0	0	0
0.678568	0	0	0
0.679996	0	0	0
0.681425	0	0	0
0.682854	0	0	0
0.684281	0	0	0
0.685708	0	0	0
0.687135	0	0	0
0.688562	0	0	0
0.689989	0	0	0
0.691416	0	0	0
0.692841	0	0	0
0.694267	0	0	0
0.695692	0	0	0
0.697118	0	0	0
0.698543	0	0	0
0.699969	0	0	0
0.701392	0	0	0
0.702816	0	0	0
0.70424	0	0	0
0.705664	0	0	0
0.707088	0	0	0
0.708512	0	0	0
0.709936	0	0	0
0.711358	0	0	0
0.712781	0	0	0
0.714203	0	0	0
0.715625	0	0	0
0.717048	0	0	0
0.71847	0	0	0
0.719892	0	0	0
0.721315	0	0	0
0.722735	0	0	0
0.724156	0	0	0
0.725577	0	0	0
0.726998	0	0	0
0.728418	0	0	0
0.729839	0	0	0
0.73126	0	0	0
0.732681	0	0	0
0.734102	0	0	0
0.735522	0	0	0
0.736941	0	0	0
0.738361	0	0	0
0.73978	0	0	0
0.741199	0	0	0
0.742618	0	0	0
0.744037	0	0	0
0.745456	0	0	0
0.746876	0	0	0
0.748295	0	0	0
0.749714	0	0	0
0.751133	0	0	0
0.752552	0	0	0
0.753971	0	0	0
0.755389	0	0	0
0.756807	0	0	0
0.758224	0	0	0
0.759642	0	0	0
0.761059	0	0	0
0.762477	0	0	0
0.763894	0	0	0
0.765312	0	0	0
0.766729	0	0	0
0.768147	0	0	0
0.769565	0	0	0
0.770982	0	0	0
0.7724	0	0	0
0.773817	0	0	0
0.775235	0	0	0
0.776652	0	0	0
0.77807	0	0	0
0.779487	0	0	0
0.780905	0	0	0
0.782323	0	0	0
0.783738	0	0	0
0.785154	0	0	0
0.78657	0	0	0
0.787986	0	0	0
0.789402	0	0	0
0.790818	0	0	0
0.792234	0	0	0
0.79365	0	0	0
0.795066	0	0	0
0.796482	0	0	0
0.797897	0	0	0
0.799313	0	0	0
0.800729	0	0	0
0.802145	0	0	0
0.803561	0	0	0
0.804977	0	0	0
0.806393	0	0	0
0.807809	0	0	0
0.809225	0	0	0
0.810641	0	0	0
0.812056	0	0	0
0.813472	0	0	0
0.814888	0	0	0
0.816304	0	0	0
0.81772	0	0	0
0.819136	0	0	0
0.820552	0	0	0
0.821968	0	0	0
0.823384	0	0	0
0.8248	0	0	0
0.826216	0	0	0
0.827631	0	0	0
0.829047	0	0	0
0.830463	0	0	0
0.831879	0	0	0
0.833295	0	0	0
0.834711	0	0	0
0.836127	0	0	0
0.837543	0	0	0
0.838959	0	0	0
0.840375	0	0	0
0.84179	0	0	0
0.843206	0	0	0
0.844622	0	0	0
0.846038	0	0	0
0.847454	0	0	0
0.84887	0	0	0
0.850286	0	0	0
0.851704	0	0	0
0.853121	0	0	0
0.854539	0	0	0
0.855957	0	0	0
0.857374	0	0	0
0.858792	0	0	0
0.860209	0	0	0
0.861627	0	0	0
0.863045	0	0	0
0.864462	0	0	0
0.86588	0	0	0
0.867298	0	0	0
0.868715	0	0	0
0.870133	0	0	0
0.871551	0	0	0
0.872968	0	0	0
0.874386	0	0	0
0.875804	0	0	0
0.877221	0	0	0
0.878639	0	0	0
0.880057	0	0	0
0.881474	0	0	0
0.882892	0	0	0
0.88431	0	0	0
0.885727	0	0	0
0.887145	0	0	0
0.888562	0	0	0
0.88998	0	0	0
0.891398	0	0	0
0.892815	0	0	0
0.894233	0	0	0
0.895653	0	0	0
0.897072	0	0	0
0.898491	0	0	0
0.899911	0	0	0
0.90133	0	0	0
0.90275	0	0	0
0.904169	0	0	0
0.905589	0	0	0
0.907008	0	0	0
0.908428	0	0	0
0.909847	0	0	0
0.911267	0	0	0
0.912686	0	0	0
0.914106	0	0	0
0.915525	0	0	0
0.916945	0	0	0
0.918364	0	0	0
0.919784	0	0	0
0.921203	0	0	0
0.922622	0	0	0
0.924042	0	0	0
0.925461	0	0	0
0.926881	0	0	0
0.9283	0	0	0
0.92972	0	0	0
0.931141	0	0	0
0.932563	0	0	0
0.933984	0	0	0
0.935405	0	0	0
0.936827	0	0	0
0.938248	0	0	0
0.939669	0	0	0
0.941091	0	0	0
0.942512	0	0	0
0.943933	0	0	0
0.945355	0	0	0
0.946776	0	0	0
0.948197	0	0	0
0.949619	0	0	0
0.95104	0	0	0
0.952461	0	0	0
0.953883	0	0	0
0.955304	0	0	0
0.956726	0	0	0
0.958147	0	0	0
0.959568	0	0	0
0.960992	0	0	0
0.962415	0	0	0
0.963838	0	0	0
0.965261	0	0	0
0.966685	0	0	0
0.968108	0	0	0
0.969531	0	0	0
0.970955	0	0	0
0.972378	0	0	0
0.973801	0	0	0
0.975225	0	0	0
0.976648	0	0	0
0.978071	0	0	0
0.979494	0	0	0
0.980918	0	0	0
0.982341	0	0	0
0.983764	0	0	0
0.985188	0	0	0
0.986611	0	0	0
0.988034	0	0	0
0.98946	0	0	0
0.990885	0	0	0
0.99231	0	0	0
0.993735	0	0	0
0.995161	0	0	0
0.996586	0	0	0
0.998011	0	0	0
0.999437	0	0	0
1.00086	0	0	0
1.00229	0	0	0
1.00371	0	0	0
1.00514	0	0	0
1.00656	0	0	0
1.00799	0	0	0
1.00941	0	0	0
1.01084	0	0	0
1.01226	0	0	0
1.01369	0	0	0
1.01512	0	0	0
1.01654	0	0	0
1.01797	0	0	0
1.0194	0	0	0
1.02082	0	0	0
1.02225	0	0	0
1.02368	0	0	0
1.02511	0	0	0
1.02653	0	0	0
1.02796	0	0	0
1.02939	0	0	0
1.03082	0	0	0
1.03224	0	0	0
1.03367	0	0	0
1.0351	0	0	0
1.03653	0	0	0
1.03795	0	0	0
1.03938	0	0	0
1.04081	0	0	0
1.04224	0	0	0
1.04366	0	0	0
1.04509	0	0	0
1.04652	0	0	0
1.04795	0	0	0
1.04938	0	0	0
1.05081	0	0	0
1.05224	0	0	0
1.05367	0	0	0
1.0551	0	0	0
1.05653	0	0	0
1.05796	0	0	0
1.05939	0	0	0
1.06082	0	0	0
1.06225	0	0	0
1.06368	0	0	0
1.0651	0	0	0
1.06653	0	0	0
1.06796	0	0	0
1.06939	0	0	0
1.07082	0	0	0
1.07225	0	0	0
1.07369	0	0	0
1.07512	0	0	0
1.07655	0	0	0
1.07798	0	0	0
1.07941	0	0	0
1.08084	0	0	0
1.08228	0	0	0
1.08371	0	0	0
1.08514	0	0	0
1.08657	0	0	0
1.088	0	0	0
1.08944	0	0	0
1.09087	0	0	0
1.0923	0	0	0
1.09373	0	0	0
1.09516	0	0	0
1.09659	0	0	0
1.09803	0	0	0
1.09946	0	0	0
1.10089	0	0	0
1.10233	0	0	0
1.10376	0	0	0
1.10519	0	0	0
1.10663	0	0	0
1.10806	0	0	0
1.10949	0	0	0
1.11093	0	0	0
1.11236	0	0	0
1.1138	0	0	0
1.11523	0	0	0
1.11666	0	0	0
1.1181	0	0	0
1.11953	0	0	0
1.12097	0	0	0
1.1224	0	0	0
1.12383	0	0	0
1.12527	0	0	0
1.1267	0	0	0
1.12814	0	0	0
1.12958	0	0	0
1.13101	0	0	0
1.13245	0	0	0
1.13388	0	0	0
1.13532	0	0	0
1.13676	0	0	0
1.13819	0	0	0
1.13963	0	0	0
1.14107	0	0	0
1.1425	0	0	0
1.14394	0	0	0
1.14538	0	0	0
1.14681	0	0	0
1.14825	0	0	0
1.14968	0	0	0
1.15112	0	0	0
1.15256	0	0	0
1.15399	0	0	0
1.15543	0	0	0
1.15687	0	0	0
1.15831	0	0	0
1.15975	0	0	0
1.16119	0	0	0
1.16263	0	0	0
1.16406	0	0	0
1.1655	0	0	0
1.16694	0	0	0
1.16838	0	0	0
1.16982	0	0	0
1.17126	0	0	0
1.1727	0	0	0
1.17414	0	0	0
1.17558	0	0	0
1.17701	0	0	0
1.17845	0	0	0
1.17989	0	0	0
1.18133	0	0	0
1.18277	0	0	0
1.18421	0	0	0
1.18565	0	0	0
1.1871	0	0	0
1.18854	0	0	0
1.18998	0	0	0
1.19142	0	0	0
1.19286	0	0	0
1.1943	0	0	0
1.19574	0	0	0
1.19718	0	0	0
1.19863	0	0	0
1.20007	0	0	0
1.20151	0	0	0
1.20295	0	0	0
1.20439	0	0	0
1.20583	0	0	0
1.20727	0	0	0
1.20872	0	0	0
1.21016	0	0	0
1.2116	0	0	0
1.21304	0	0	0
1.21449	0	0	0
1.21593	0	0	0
1.21738	0	0	0
1.21882	0	0	0
1.22026	0	0	0
1.22171	0	0	0
1.22315	0	0	0
1.2246	0	0	0
1.22604	0	0	0
1.22748	0	0	0
1.22893	0	0	0
1.23037	0	0	0
1.23182	0	0	0
1.23326	0	0	0
1.2347	0	0	0
1.23615	0	0	0
1.23759	0	0	0
1.23904	0	0	0
1.24049	0	0	0
1.24193	0	0	0
1.24338	0	0	0
1.24483	0	0	0
1.24627	0	0	0
1.24772	0	0	0
1.24917	0	0	0
1.25061	0	0	0
1.25206	0	0	0
1.25351	0	0	0
1.25495	0	0	0
1.2564	0	0	0
1.25785	0	0	0
1.25929	0	0	0
1.26074	0	0	0
1.26219	0	0	0
1.26363	0	0	0
1.26508	0	0	0
1.26653	0	0	0
1.26798	0	0	0
1.26943	0	0	0
1.27088	0	0	0
1.27233	0	0	0
1.27378	0	0	0
1.27523	0	0	0
1.27668	0	0	0
1.27813	0	0	0
1.27958	0	0	0
1.28103	0	0	0
1.28248	0	0	0
1.28393	0	0	0
1.28538	0	0	0
1.28683	0	0	0
1.28827	0	0	0
1.28972	0	0	0
1.29117	0	0	0
1.29263	0	0	0
1.29408	0	0	0
1.29553	0	0	0
1.29698	0	0	0
1.29844	0	0	0
1.29989	0	0	0
1.30134	0	0	0
1.30279	0	0	0
1.30425	0	0	0
1.3057	0	0	0
1.30715	0	0	0
1.3086	0	0	0
1.31006	0	0	0
1.31151	0	0	0
1.31296	0	0	0
1.31441	0	0	0
1.31587	0	0	0
1.31732	0	0	0
1.31877	0	0	0
1.32023	0	0	0
1.32168	0	0	0
1.32314	0	0	0
1.32459	0	0	0
1.32605	0	0	0
1.32751	0	0	0
1.32896	0	0	0
1.33042	0	0	0
1.33187	0	0	0
1.33333	0	0	0
1.33478	0	0	0
1.33624	0	0	0
1.33769	0	0	0
1.33915	0	0	0
1.34061	0	0	0
1.34206	0	0	0
1.34352	0	0	0
1.34497	0	0	0
1.34643	0	0	0
1.34789	0	0	0
1.34935	0	0	0
1.3508	0	0	0
1.35226	0	0	0
1.35372	0	0	0
1.35518	0	0	0
1.35664	0	0	0
1.3581	0	0	0
1.35956	0	0	0
1.36102	0	0	0
1.36248	0	0	0
1.36393	0	0	0
1.36539	0	0	0
1.36685	0	0	0
1.36831	0	0	0
1.36977	0	0	0
1.37123	0	0	0
1.37269	0	0	0
1.37415	0	0	0
1.37561	0	0	0
1.37707	0	0	0
1.37854	0	0	0
1.38	0	0	0
1.38146	0	0	0
1.38292	0	0	0
1.38439	0	0	0
1.38585	0	0	0
1.38731	0	0	0
1.38877	0	0	0
1.39023	0	0	0
1.3917	0	0	0
1.39316	0	0	0
1.39462	0	0	0
1.39608	0	0	0
1.39755	0	0	0
1.39901	0	0	0
1.40047	0	0	0
1.40194	0	0	0
1.4034	0	0	0
1.40487	0	0	0
1.40633	0	0	0
1.4078	0	0	0
1.40927	0	0	0
1.41073	0	0	0
1.4122	0	0	0
1.41366	0	0	0
1.41513	0	0	0
1.4166	0	0	0
1.41806	0	0	0
1.41953	0	0	0
1.42099	0	0	0
1.42246	0	0	0
1.42392	0	0	0
1.42539	0	0	0
1.42686	0	0	0
1.42832	0	0	0
1.42979	0	0	0
1.43126	0	0	0
1.43273	0	0	0
1.4342	0	0	0
1.43567	0	0	0
1.43714	0	0	0
1.43861	0	0	0
1.44008	0	0	0
1.44155	0	0	0
1.44302	0	0	0
1.44449	0	0	0
1.44596	0	0	0
1.44743	0	0	0
1.4489	0	0	0
1.45037	0	0	0
1.45184	0	0	0
1.45331	0	0	0
1.45477	0	0	0
1.45624	0	0	0
1.45772	0	0	0
1.45919	0	0	0
1.46067	0	0	0
1.46214	0	0	0
1.46361	0	0	0
1.46509	0	0	0
1.46656	0	0	0
1.46803	0	0	0
1.46951	0	0	0
1.47098	0	0	0
1.47245	0	0	0
1.47393	0	0	0
1.4754	0	0	0
1.47687	0	0	0
1.47835	0	0	0
1.47982	0	0	0
1.4813	0	0	0
1.48277	0	0	0
1.48424	0	0	0
1.48572	0	0	0
1.4872	0	0	0
1.48868	0	0	0
1.49015	0	0	0
1.49163	0	0	0
1.49311	0	0	0
1.49459	0	0	0
1.49607	0	0	0
1.49754	0	0	0
1.49902	0	0	0
1.5005	0	0	0
1.50198	0	0	0
1.50345	0	0	0
1.50493	0	0	0
1.50641	0	0	0
1.50789	0	0	0
1.50937	0	0	0
1.51084	0	0	0
1.51232	0	0	0
1.5138	0	0	0
1.51528	0	0	0
1.51676	0	0	0
1.51825	0	0	0
1.51973	0	0	0
1.52121	0	0	0
1.52269	0	0	0
1.52418	0	0	0
1.52566	0	0	0
1.52714	0	0	0
1.52862	0	0	0
1.5301	0	0	0
1.53159	0	0	0
1.53307	0	0	0
1.53455	0	0	0
1.53603	0	0	0
1.53752	0	0	0
1.539	0	0	0
1.54048	0	0	0
1.54196	0	0	0
1.54345	0	0	0
1.54493	0	0	0
1.54642	0	0	0
1.54791	0	0	0
1.54939	0	0	0
1.55088	0	0	0
1.55237	0	0	0
1.55386	0	0	0
1.55534	0	0	0
1.55683	0	0	0
1.55832	0	0	0
1.5598	0	0	0
1.56129	0	0	0
1.56278	0	0	0
1.56427	0	0	0
1.56575	0	0	0
1.56724	0	0	0
1.56873	0	0	0
1.57021	0	0	0
1.5717	0	0	0
1.57319	0	0	0
1.57468	0	0	0
1.57617	0	0	0
1.57767	0	0	0
1.57916	0	0	0
1.58065	0	0	0
1.58214	0	0	0
1.58363	0	0	0
1.58513	0	0	0
1.58662	0	0	0
1.58811	0	0	0
1.5896	0	0	0
1.5911	0	0	0
1.59259	0	0	0
1.59408	0	0	0
1.59557	0	0	0
1.59707	0	0	0
1.59856	0	0	0
1.60005	0	0	0
1.60154	0	0	0
1.60304	0	0	0
1.60453	0	0	0
1.60602	0	0	0
1.60752	0	0	0
1.60902	0	0	0
1.61051	0	0	0
1.61201	0	0	0
1.61351	0	0	0
1.61501	0	0	0
1.61651	0	0	0
1.618	0	0	0
1.6195	0	0	0
1.621	0	0	0
1.6225	0	0	0
1.624	0	0	0
1.62549	0	0	0
1.62699	0	0	0
1.62849	0	0	0
1.62999	0	0	0
1.63149	0	0	0
1.63298	0	0	0
1.63447	0	0	0
1.63596	0	0	0
1.63745	0	0	0
1.63895	0	0	0
1.64043	0	0	0
1.64192	0	0	0
1.6434	0	0	0
1.64489	0	0	0
1.64638	0	0	0
1.64786	0	0	0
1.64934	0	0	0
1.65082	0	0	0
1.6523	0	0	0
1.65378	0	0	0
1.65526	0	0	0
1.65673	0	0	0
1.65821	0	0	0
1.65968	0	0	0
1.66115	0	0	0
1.66263	0	0	0
1.6641	0	0	0
1.66557	0	0	0
1.66704	0	0	0
1.66852	0	0	0
1.66998	0	0	0
1.67145	0	0	0
1.67292	0	0	0
1.6744	0	0	0
1.67587	0	0	0
1.67734	0	0	0
1.67882	0	0	0
1.68029	0	0	0
1.68176	0	0	0
1.68324	0	0	0
1.68471	0	0	0
1.68618	0	0	0
1.68766	0	0	0
1.68913	0	0	0
1.6906	0	0	0
1.69209	0	0	0
1.69357	0	0	0
1.69505	0	0	0
1.69653	0	0	0
1.69801	0	0	0
1.69949	0	0	0
1.70097	0	0	0
1.70245	0	0	0
1.70394	0	0	0
1.70542	0	0	0
1.70691	0	0	0
1.7084	0	0	0
1.70989	0	0	0
1.71137	0	0	0
1.71286	0	0	0
1.71435	0	0	0
1.71584	0	0	0
1.71733	0	0	0
1.71882	0	0	0
1.72032	0	0	0
1.72181	0	0	0
1.72331	0	0	0
1.7248	0	0	0
1.7263	0	0	0
1.72779	0	0	0
1.72929	0	0	0
1.73079	0	0	0
1.73228	0	0	0
1.73378	0	0	0
1.73527	0	0	0
1.73677	0	0	0
1.73826	0	0	0
1.73975	0	0	0
1.74124	0	0	0
1.74273	0	0	0
1.74421	0	0	0
1.7457	0	0	0
1.74719	0	0	0
1.74867	0	0	0
1.75015	0	0	0
1.75163	0	0	0
1.75311	0	0	0
1.75459	0	0	0
1.75607	0	0	0
1.75754	0	0	0
1.75902	0	0	0
1.7605	0	0	0
1.76198	0	0	0
1.76345	0	0	0
1.76493	0	0	0
1.76641	0	0	0
1.76788	0	0	0
1.76936	0	0	0
1.77084	0	0	0
1.77232	0	0	0
1.7738	0	0	0
1.77528	0	0	0
1.77675	0	0	0
1.77823	0	0	0
1.77971	0	0	0
1.78119	0	0	0
1.78267	0	0	0
1.78415	0	0	0
1.78563	0	0	0
1.7871	0	0	0
1.78858	0	0	0
1.79006	0	0	0
1.79154	0	0	0
1.79302	0	0	0
1.7945	0	0	0
1.79597	0	0	0
1.79745	0	0	0
1.79892	0	0	0
1.80039	0	0	0
1.80186	0	0	0
1.80332	0	0	0
1.80479	0	0	0
1.80626	0	0	0
1.80773	0	0	0
1.80919	0	0	0
1.81066	0	0	0
1.81213	0	0	0
1.8136	0	0	0
1.81507	0	0	0
1.81653	0	0	0
1.81799	0	0	0
1.81945	0	0	0
1.8209	0	0	0
1.82236	0	0	0
1.82381	0	0	0
1.82527	0	0	0
1.82673	0	0	0
1.82818	0	0	0
1.82964	0	0	0
1.83109	0	0	0
1.83255	0	0	0
1.83401	0	0	0
1.83546	0	0	0
1.83692	0	0	0
1.83837	0	0	0
1.83983	0	0	0
1.84129	0	0	0
1.84274	0	0	0
1.8442	0	0	0
1.84566	0	0	0
1.84713	0	0	0
1.8486	0	0	0
1.85007	0	0	0
1.85153	0	0	0
1.853	0	0	0
1.85447	0	0	0
1.85594	0	0	0
1.85741	0	0	0
1.85888	0	0	0
1.86035	0	0	0
1.86182	0	0	0
1.86329	0	0	0
1.86476	0	0	0
1.86623	0	0	0
1.86772	0	0	0
1.86921	0	0	0
1.87069	0	0	0
1.87218	0	0	0
1.87367	0	0	0
1.87515	0	0	0
1.87664	0	0	0
1.87812	0	0	0
1.87961	0	0	0
1.8811	0	0	0
1.88258	0	0	0
1.88407	0	0	0
1.88556	0	0	0
1.88704	0	0	0
1.88853	0	0	0
1.89002	0	0	0
1.8915	0	0	0
1.89299	0	0	0
1.89447	0	0	0
1.89596	0	0	0
1.89745	0	0	0
1.89893	0	0	0
1.90042	0	0	0
1.90191	0	0	0
1.90339	0	0	0
1.90488	0	0	0
1.90636	0	0	0
1.90785	0	0	0
1.90934	0	0	0
1.91082	0	0	0
1.91231	0	0	0
1.9138	0	0	0
1.91528	0	0	0
1.91677	0	0	0
1.91825	0	0	0
1.91974	0	0	0
1.92123	0	0	0
1.92271	0	0	0
1.9242	0	0	0
1.92569	0	0	0
1.92717	0	0	0
1.92866	0	0	0
1.93014	0	0	0
1.93163	0	0	0
1.93312	0	0	0
1.9346	0	0	0
1.93609	0	0	0
1.93758	0	0	0
1.93906	0	0	0
1.94055	0	0	0
1.94203	0	0	0
1.94352	0	0	0
1.94501	0	0	0
1.94649	0	0	0
1.94798	0	0	0
1.94947	0	0	0
1.95095	0	0	0
1.95244	0	0	0
1.95393	0	0	0
1.95541	0	0	0
1.9569	0	0	0
1.95838	0	0	0
1.95987	0	0	0
1.96136	0	0	0
1.96284	0	0	0
1.96433	0	0	0
1.96582	0	0	0
1.9673	0	0	0
1.96879	0	0	0
1.97027	0	0	0
1.97176	0	0	0
1.97325	0	0	0
1.97473	0	0	0
1.97622	0	0	0
1.97771	0	0	0
1.97919	0	0	0
1.98068	0	0	0
1.98216	0	0	0
1.98365	0	0	0
1.98514	0	0	0
1.98662	0	0	0
1.98811	0	0	0
1.9896	0	0	0
1.99108	0	0	0
1.99257	0	0	0
1.99405	0	0	0
1.99554	0	0	0
1.99703	0	0	0
1.99851	0	0	0
2	0	0	0
2.00151	0	0	0
2.00302	0	0	0
2.00453	0	0	0
2.00604	0	0	0
2.00755	0	0	0
2.00906	0	0	0
2.01057	0	0	0
2.01208	0	0	0
2.01359	0	0	0
2.0151	0	0	0
2.01661	0	0	0
2.01812	0	0	0
2.01963	0	0	0
2.02113	0	0	0
2.02264	0	0	0
2.02416	0	0	0
2.02567	0	0	0
2.02718	0	0	0
2.0287	0	0	0
2.03021	0	0	0
2.03172	0	0	0
2.03324	0	0	0
2.03475	0	0	0
2.03627	0	0	0
2.03779	0	0	0
2.03931	0	0	0
2.04084	0	0	0
2.04236	0	0	0
2.04388	0	0	0
2.0454	0	0	0
2.04693	0	0	0
2.04845	0	0	0
2.04998	0	0	0
2.0515	0	0	0
2.05303	0	0	0
2.05456	0	0	0
2.05609	0	0	0
2.05762	0	0	0
2.05915	0	0	0
2.06068	0	0	0
2.0622	0	0	0
2.06373	0	0	0
2.06526	0	0	0
2.06679	0	0	0
2.06832	0	0	0
2.06985	0	0	0
2.07137	0	0	0
2.0729	0	0	0
2.07442	0	0	0
2.07595	0	0	0
2.07747	0	0	0
2.07899	0	0	0
2.08051	0	0	0
2.08203	0	0	0
2.08355	0	0	0
2.08507	0	0	0
2.08659	0	0	0
2.08811	0	0	0
2.08963	0	0	0
2.09114	0	0	0
2.09266	0	0	0
2.09417	0	0	0
2.09568	0	0	0
2.0972	0	0	0
2.09871	0	0	0
2.10022	0	0	0
2.10173	0	0	0
2.10324	0	0	0
2.10475	0	0	0
2.10626	0	0	0
2.10777	0	0	0
2.10928	0	0	0
2.11079	0	0	0
2.11231	0	0	0
2.11382	0	0	0
2.11534	0	0	0
2.11685	0	0	0
2.11837	0	0	0
2.11989	0	0	0
2.12141	0	0	0
2.12293	0	0	0
2.12446	0	0	0
2.12598	0	0	0
2.1275	0	0	0
2.12903	0	0	0
2.13056	0	0	0
2.13208	0	0	0
2.13361	0	0	0
2.13514	0	0	0
2.13667	0	0	0
2.1382	0	0	0
2.13974	0	0	0
2.14127	0	0	0
2.14281	0	0	0
2.14435	0	0	0
2.14589	0	0	0
2.14743	0	0	0
2.14897	0	0	0
2.15051	0	0	0
2.15205	0	0	0
2.15359	0	0	0
2.15513	0	0	0
2.15667	0	0	0
2.15821	0	0	0
2.15975	0	0	0
2.16128	0	0	0
2.16282	0	0	0
2.16436	0	0	0
2.1659	0	0	0
2.16744	0	0	0
2.16898	0	0	0
2.17052	0	0	0
2.17206	0	0	0
2.17359	0	0	0
2.17513	0	0	0
2.17667	0	0	0
2.17821	0	0	0
2.17974	0	0	0
2.18128	0	0	0
2.18282	0	0	0
2.18436	0	0	0
2.18589	0	0	0
2.18743	0	0	0
2.18897	0	0	0
2.19051	0	0	0
2.19204	0	0	0
2.19358	0	0	0
2.19512	0	0	0
2.19665	0	0	0
2.19819	0	0	0
2.19972	0	0	0
2.20126	0	0	0
2.2028	0	0	0
2.20433	0	0	0
2.20587	0	0	0
2.2074	0	0	0
2.20894	0	0	0
2.21048	0	0	0
2.21201	0	0	0
2.21354	0	0	0
2.21508	0	0	0
2.21661	0	0	0
2.21815	0	0	0
2.21968	0	0	0
2.22122	0	0	0
2.22275	0	0	0
2.22429	0	0	0
2.22582	0	0	0
2.22736	0	0	0
2.22889	0	0	0
2.23042	0	0	0
2.23196	0	0	0
2.23349	0	0	0
2.23502	0	0	0
2.23656	0	0	0
2.23809	0	0	0
2.23962	0	0	0
2.24116	0	0	0
2.24269	0	0	0
2.24422	0	0	0
2.24575	0	0	0
2.24729	0	0	0
2.24882	0	0	0
2.25035	0	0	0
2.25188	0	0	0
2.25342	0	0	0
2.25495	0	0	0
2.25648	0	0	0
2.25801	0	0	0
2.25954	0	0	0
2.26108	0	0	0
2.26261	0	0	0
2.26414	0	0	0
2.26567	0	0	0
2.2672	0	0	0
2.26873	0	0	0
2.27026	0	0	0
2.27179	0	0	0
2.27332	0	0	0
2.27485	0	0	0
2.27638	0	0	0
2.27792	0	0	0
2.27945	0	0	0
2.28098	0	0	0
2.28251	0	0	0
2.28404	0	0	0
2.28557	0	0	0
2.2871	0	0	0
2.28862	0	0	0
2.29015	0	0	0
2.29168	0	0	0
2.29321	0	0	0
2.29474	0	0	0
2.29627	0	0	0
2.2978	0	0	0
2.29933	0	0	0
2.30086	0	0	0
2.30239	0	0	0
2.30392	0	0	0
2.30545	0	0	0
2.30698	0	0	0
2.3085	0	0	0
2.31003	0	0	0
2.31156	0	0	0
2.31309	0	0	0
2.31462	0	0	0
2.31614	0	0	0
2.31767	0	0	0
2.3192	0	0	0
2.32073	0	0	0
2.32226	0	0	0
2.32378	0	0	0
2.32531	0	0	0
2.32684	0	0	0
2.32837	0	0	0
2.3299	0	0	0
2.33142	0	0	0
2.33295	0	0	0
2.33448	0	0	0
2.33601	0	0	0
2.33753	0	0	0
2.33906	0	0	0
2.34059	0	0	0
2.34211	0	0	0
2.34364	0	0	0
2.34517	0	0	0
2.34669	0	0	0
2.34822	0	0	0
2.34975	0	0	0
2.35127	0	0	0
2.3528	0	0	0
2.35433	0	0	0
2.35585	0	0	0
2.35738	0	0	0
2.35891	0	0	0
2.36043	0	0	0
2.36196	0	0	0
2.36349	0	0	0
2.36501	0	0	0
2.36654	0	0	0
2.36807	0	0	0
2.36959	0	0	0
2.37112	0	0	0
2.37264	0	0	0
2.37417	0	0	0
2.3757	0	0	0
2.37722	0	0	0
2.37875	0	0	0
2.38028	0	0	0
2.3818	0	0	0
2.38333	0	0	0
2.38485	0	0	0
2.38638	0	0	0
2.38791	0	0	0
2.38943	0	0	0
2.39096	0	0	0
2.39248	0	0	0
2.39401	0	0	0
2.39553	0	0	0
2.39706	0	0	0
2.39858	0	0	0
2.40011	0	0	0
2.40163	0	0	0
2.40316	0	0	0
2.40468	0	0	0
2.40621	0	0	0
2.40773	0	0	0
2.40926	0	0	0
2.41078	0	0	0
2.41231	0	0	0
2.41383	0	0	0
2.41536	0	0	0
2.41688	0	0	0
2.41841	0	0	0
2.41993	0	0	0
2.42146	0	0	0
2.42298	0	0	0
2.42451	0	0	0
2.42603	0	0	0
2.42756	0	0	0
2.42908	0	0	0
2.43061	0	0	0
2.43213	0	0	0
2.43366	0	0	0
2.43519	0	0	0
2.43671	0	0	0
2.43824	0	0	0
2.43976	0	0	0
2.44129	0	0	0
2.44281	0	0	0
2.44434	0	0	0
2.44586	0	0	0
2.44739	0	0	0
2.44891	0	0	0
2.45044	0	0	0
2.45196	0	0	0
2.45349	0	0	0
2.45501	0	0	0
2.45654	0	0	0
2.45806	0	0	0
2.45959	0	0	0
2.46111	0	0	0
2.46264	0	0	0
2.46416	0	0	0
2.46569	0	0	0
2.46721	0	0	0
2.46874	0	0	0
2.47026	0	0	0
2.47179	0	0	0
2.47331	0	0	0
2.47484	0	0	0
2.47636	0	0	0
2.47789	0	0	0
2.47941	0	0	0
2.48094	0	0	0
2.48247	0	0	0
2.48399	0	0	0
2.48552	0	0	0
2.48704	0	0	0
2.48857	0	0	0
2.49009	0	0	0
2.49162	0	0	0
2.49314	0	0	0
2.49467	0	0	0
2.49619	0	0	0
2.49772	0	0	0
2.49925	0	0	0
2.50077	0	0	0
2.5023	0	0	0
2.50383	0	0	0
2.50535	0	0	0
2.50688	0	0	0
2.50841	0	0	0
2.50994	0	0	0
2.51146	0	0	0
2.51299	0	0	0
2.51452	0	0	0
2.51604	0	0	0
2.51757	0	0	0
2.5191	0	0	0
2.52062	0	0	0
2.52215	0	0	0
2.52368	0	0	0
2.5252	0	0	0
2.52673	0	0	0
2.52826	0	0	0
2.52978	0	0	0
2.53131	0	0	0
2.53284	0	0	0
2.53436	0	0	0
2.53589	0	0	0
2.53742	0	0	0
2.53894	0	0	0
2.54047	0	0	0
2.542	0	0	0
2.54352	0	0	0
2.54505	0	0	0
2.54658	0	0	0
2.5481	0	0	0
2.54963	0	0	0
2.55116	0	0	0
2.55268	0	0	0
2.55421	0	0	0
2.55574	0	0	0
2.55726	0	0	0
2.55879	0	0	0
2.56032	0	0	0
2.56184	0	0	0
2.56337	0	0	0
2.5649	0	0	0
2.56642	0	0	0
2.56795	0	0	0
2.56948	0	0	0
2.571	0	0	0
2.57253	0	0	0
2.57406	0	0	0
2.57558	0	0	0
2.57711	0	0	0
2.57864	0	0	0
2.58016	0	0	0
2.58169	0	0	0
2.58322	0	0	0
2.58474	0	0	0
2.58627	0	0	0
2.5878	0	0	0
2.58932	0	0	0
2.59085	0	0	0
2.59238	0	0	0
2.5939	0	0	0
2.59543	0	0	0
2.59696	0	0	0
2.59848	0	0	0
2.60001	0	0	0
2.60154	0	0	0
2.60306	0	0	0
2.60459	0	0	0
2.60612	0	0	0
2.60764	0	0	0
2.60917	0	0	0
2.6107	0	0	0
2.61222	0	0	0
2.61375	0	0	0
2.61528	0	0	0
2.6168	0	0	0
2.61833	0	0	0
2.61986	0	0	0
2.62138	0	0	0
2.62291	0	0	0
2.62444	0	0	0
2.62596	0	0	0
2.62749	0	0	0
2.62902	0	0	0
2.63054	0	0	0
2.63207	0	0	0
2.6336	0	0	0
2.63512	0	0	0
2.63665	0	0	0
2.63818	0	0	0
2.63971	0	0	0
2.64123	0	0	0
2.64276	0	0	0
2.64429	0	0	0
2.64581	0	0	0
2.64734	0	0	0
2.64887	0	0	0
2.65039	0	0	0
2.65192	0	0	0
2.65345	0	0	0
2.65497	0	0	0
2.6565	0	0	0
2.65803	0	0	0
2.65955	0	0	0
2.66108	0	0	0
2.66261	0	0	0
2.66413	0	0	0
2.66566	0	0	0
2.66718	0	0	0
2.66871	0	0	0
2.67023	0	0	0
2.67176	0	0	0
2.67328	0	0	0
2.67481	0	0	0
2.67633	0	0	0
2.67786	0	0	0
2.67938	0	0	0
2.68091	0	0	0
2.68243	0	0	0
2.68396	0	0	0
2.68548	0	0	0
2.68701	0	0	0
2.68853	0	0	0
2.69006	0	0	0
2.69158	0	0	0
2.69311	0	0	0
2.69463	0	0	0
2.69616	0	0	0
2.69768	0	0	0
2.69921	0	0	0
2.70073	0	0	0
2.70226	0	0	0
2.70378	0	0	0
2.7053	0	0	0
2.70683	0	0	0
2.70835	0	0	0
2.70987	0	0	0
2.7114	0	0	0
2.71292	0	0	0
2.71444	0	0	0
2.71596	0	0	0
2.71749	0	0	0
2.71901	0	0	0
2.72053	0	0	0
2.72206	0	0	0
2.72358	0	0	0
2.7251	0	0	0
2.72663	0	0	0
2.72815	0	0	0
2.72967	0	0	0
2.73119	0	0	0
2.73271	0	0	0
2.73423	0	0	0
2.73576	0	0	0
2.73728	0	0	0
2.7388	0	0	0
2.74032	0	0	0
2.74184	0	0	0
2.74336	0	0	0
2.74488	0	0	0
2.7464	0	0	0
2.74793	0	0	0
2.74945	0	0	0
2.75097	0	0	0
2.75248	0	0	0
2.754	0	0	0
2.75552	0	0	0
2.75704	0	0	0
2.75856	0	0	0
2.76008	0	0	0
2.7616	0	0	0
2.76312	0	0	0
2.76464	0	0	0
2.76616	0	0	0
2.76768	0	0	0
2.7692	0	0	0
2.77071	0	0	0
2.77223	0	0	0
2.77375	0	0	0
2.77527	0	0	0
2.77679	0	0	0
2.7783	0	0	0
2.77982	0	0	0
2.78134	0	0	0
2.78286	0	0	0
2.78437	0	0	0
2.78589	0	0	0
2.78741	0	0	0
2.78892	0	0	0
2.79044	0	0	0
2.79195	0	0	0
2.79347	0	0	0
2.79499	0	0	0
2.7965	0	0	0
2.79802	0	0	0
2.79953	0	0	0
2.80105	0	0	0
2.80256	0	0	0
2.80408	0	0	0
2.80559	0	0	0
2.80711	0	0	0
2.80862	0	0	0
2.81014	0	0	0
2.81165	0	0	0
2.81316	0	0	0
2.81468	0	0	0
2.81619	0	0	0
2.8177	0	0	0
2.81922	0	0	0
2.82073	0	0	0
2.82224	0	0	0
2.82376	0	0	0
2.82527	0	0	0
2.82678	0	0	0
2.82829	0	0	0
2.8298	0	0	0
2.83132	0	0	0
2.83283	0	0	0
2.83434	0	0	0
2.83585	0	0	0
2.83736	0	0	0
2.83887	0	0	0
2.84038	0	0	0
2.84189	0	0	0
2.8434	0	0	0
2.84491	0	0	0
2.84642	0	0	0
2.84793	0	0	0
2.84944	0	0	0
2.85095	0	0	0
2.85246	0	0	0
2.85397	0	0	0
2.85548	0	0	0
2.85699	0	0	0
2.8585	0	0	0
2.86	0	0	0
2.86151	0	0	0
2.86302	0	0	0
2.86453	0	0	0
2.86604	0	0	0
2.86754	0	0	0
2.86905	0	0	0
2.87056	0	0	0
2.87207	0	0	0
2.87357	0	0	0
2.87508	0	0	0
2.87658	0	0	0
2.87809	0	0	0
2.87959	0	0	0
2.8811	0	0	0
2.88261	0	0	0
2.88411	0	0	0
2.88562	0	0	0
2.88712	0	0	0
2.88863	0	0	0
2.89013	0	0	0
2.89164	0	0	0
2.89314	0	0	0
2.89465	0	0	0
2.89615	0	0	0
2.89765	0	0	0
2.89916	0	0	0
2.90066	0	0	0
2.90217	0	0	0
2.90367	0	0	0
2.90517	0	0	0
2.90668	0	0	0
2.90818	0	0	0
2.90968	0	0	0
2.91118	0	0	0
2.91268	0	0	0
2.91419	0	0	0
2.91569	0	0	0
2.91719	0	0	0
2.91869	0	0	0
2.92019	0	0	0
2.9217	0	0	0
2.9232	0	0	0
2.9247	0	0	0
2.9262	0	0	0
2.9277	0	0	0
2.9292	0	0	0
2.9307	0	0	0
2.9322	0	0	0
2.9337	0	0	0
2.9352	0	0	0
2.9367	0	0	0
2.9382	0	0	0
2.9397	0	0	0
2.9412	0	0	0
2.9427	0	0	0
2.9442	0	0	0
2.94569	0	0	0
2.94719	0	0	0
2.94869	0	0	0
2.95019	0	0	0
2.95168	0	0	0
2.95318	0	0	0
2.95468	0	0	0
2.95618	0	0	0
2.95767	0	0	0
2.95917	0	0	0
2.96067	0	0	0
2.96217	0	0	0
2.96366	0	0	0
2.96516	0	0	0
2.96666	0	0	0
2.96815	0	0	0
2.96965	0	0	0
2.97114	0	0	0
2.97264	0	0	0
2.97413	0	0	0
2.97563	0	0	0
2.97712	0	0	0
2.97862	0	0	0
2.98012	0	0	0
2.98161	0	0	0
2.98311	0	0	0
2.9846	0	0	0
2.9861	0	0	0
2.98759	0	0	0
2.98908	0	0	0
2.99058	0	0	0
2.99207	0	0	0
2.99356	0	0	0
2.99506	0	0	0
2.99655	0	0	0
2.99804	0	0	0
2.99954	0	0	0
3.00103	0	0	0
3.00252	0	0	0
3.00402	0	0	0
3.00551	0	0	0
3.007	0	0	0
3.0085	0	0	0
3.00999	0	0	0
3.01148	0	0	0
3.01297	0	0	0
3.01446	0	0	0
3.01595	0	0	0
3.01744	0	0	0
3.01894	0	0	0
3.02043	0	0	0
3.02192	0	0	0
3.02341	0	0	0
3.0249	0	0	0
3.02639	0	0	0
3.02788	0	0	0
3.02937	0	0	0
3.03086	0	0	0
3.03235	0	0	0
3.03384	0	0	0
3.03534	0	0	0
3.03683	0	0	0
3.03832	0	0	0
3.0398	0	0	0
3.04129	0	0	0
3.04278	0	0	0
3.04427	0	0	0
3.04576	0	0	0
3.04725	0	0	0
3.04874	0	0	0
3.05022	0	0	0
3.05171	0	0	0
3.0532	0	0	0
3.05469	0	0	0
3.05618	0	0	0
3.05767	0	0	0
3.05916	0	0	0
3.06065	0	0	0
3.06213	0	0	0
3.06362	0	0	0
3.06511	0	0	0
3.0666	0	0	0
3.06808	0	0	0
3.06957	0	0	0
3.07106	0	0	0
3.07254	0	0	0
3.07403	0	0	0
3.07552	0	0	0
3.077	0	0	0
3.07849	0	0	0
3.07997	0	0	0
3.08146	0	0	0
3.08295	0	0	0
3.08443	0	0	0
3.08592	0	0	0
3.08741	0	0	0
3.08889	0	0	0
3.09038	0	0	0
3.09187	0	0	0
3.09335	0	0	0
3.09484	0	0	0
3.09632	0	0	0
3.09781	0	0	0
3.09929	0	0	0
3.10078	0	0	0
3.10226	0	0	0
3.10375	0	0	0
3.10523	0	0	0
3.10671	0	0	0
3.1082	0	0	0
3.10968	0	0	0
3.11117	0	0	0
3.11265	0	0	0
3.11413	0	0	0
3.11562	0	0	0
3.1171	0	0	0
3.11858	0	0	0
3.12007	0	0	0
3.12155	0	0	0
3.12304	0	0	0
3.12452	0	0	0
3.126	0	0	0
3.12749	0	0	0
3.12897	0	0	0
3.13046	0	0	0
3.13194	0	0	0
3.13342	0	0	0
3.1349	0	0	0
3.13639	0	0	0
3.13787	0	0	0
3.13935	0	0	0
3.14083	0	0	0
3.14231	0	0	0
3.14379	0	0	0
3.14527	0	0	0
3.14676	0	0	0
3.14824	0	0	0
3.14972	0	0	0
3.1512	0	0	0
3.15268	0	0	0
3.15416	0	0	0
3.15564	0	0	0
3.15712	0	0	0
3.15861	0	0	0
3.16009	0	0	0
3.16157	0	0	0
3.16305	0	0	0
3.16453	0	0	0
3.16601	0	0	0
3.16749	0	0	0
3.16898	0	0	0
3.17046	0	0	0
3.17194	0	0	0
3.17342	0	0	0
3.1749	0	0	0
3.17638	0	0	0
3.17786	0	0	0
3.17934	0	0	0
3.18082	0	0	0
3.18229	0	0	0
3.18377	0	0	0
3.18525	0	0	0
3.18673	0	0	0
3.18821	0	0	0
3.18969	0	0	0
3.19117	0	0	0
3.19264	0	0	0
3.19412	0	0	0
3.1956	0	0	0
3.19708	0	0	0
3.19856	0	0	0
3.20004	0	0	0
3.20152	0	0	0
3.203	0	0	0
3.20447	0	0	0
3.20595	0	0	0
3.20743	0	0	0
3.20891	0	0	0
3.21039	0	0	0
3.21187	0	0	0
3.21335	0	0	0
3.21482	0	0	0
3.2163	0	0	0
3.21778	0	0	0
3.21926	0	0	0
3.22074	0	0	0
3.22221	0	0	0
3.22369	0	0	0
3.22516	0	0	0
3.22664	0	0	0
3.22812	0	0	0
3.22959	0	0	0
3.23107	0	0	0
3.23254	0	0	0
3.23402	0	0	0
3.2355	0	0	0
3.23697	0	0	0
3.23845	0	0	0
3.23992	0	0	0
3.2414	0	0	0
3.24287	0	0	0
3.24435	0	0	0
3.24583	0	0	0
3.2473	0	0	0
3.24878	0	0	0
3.25025	0	0	0
3.25173	0	0	0
3.25321	0	0	0
3.25468	0	0	0
3.25616	0	0	0
3.25763	0	0	0
3.25911	0	0	0
3.26059	0	0	0
3.26206	0	0	0
3.26354	0	0	0
3.26501	0	0	0
3.26649	0	0	0
3.26796	0	0	0
3.26943	0	0	0
3.27091	0	0	0
3.27238	0	0	0
3.27385	0	0	0
3.27533	0	0	0
3.2768	0	0	0
3.27827	0	0	0
3.27974	0	0	0
3.28122	0	0	0
3.28269	0	0	0
3.28416	0	0	0
3.28564	0	0	0
3.28711	0	0	0
3.28858	0	0	0
3.29006	0	0	0
3.29153	0	0	0
3.293	0	0	0
3.29447	0	0	0
3.29595	0	0	0
3.29742	0	0	0
3.29889	0	0	0
3.30037	0	0	0
3.30184	0	0	0
3.30331	0	0	0
3.30478	0	0	0
3.30626	0	0	0
3.30773	0	0	0
3.3092	0	0	0
3.31068	0	0	0
3.31215	0	0	0
3.31362	0	0	0
3.31509	0	0	0
3.31656	0	0	0
3.31803	0	0	0
3.3195	0	0	0
3.32097	0	0	0
3.32244	0	0	0
3.32391	0	0	0
3.32538	0	0	0
3.32685	0	0	0
3.32832	0	0	0
3.32979	0	0	0
3.33126	0	0	0
3.33273	0	0	0
3.3342	0	0	0
3.33567	0	0	0
3.33714	0	0	0
3.3386	0	0	0
3.34007	0	0	0
3.34154	0	0	0
3.34301	0	0	0
3.34448	0	0	0
3.34595	0	0	0
3.34742	0	0	0
3.34889	0	0	0
3.35036	0	0	0
3.35183	0	0	0
3.3533	0	0	0
3.35477	0	0	0
3.35624	0	0	0
3.35771	0	0	0
3.35918	0	0	0
3.36064	0	0	0
3.36211	0	0	0
3.36358	0	0	0
3.36504	0	0	0
3.36651	0	0	0
3.36798	0	0	0
3.36944	0	0	0
3.37091	0	0	0
3.37238	0	0	0
3.37384	0	0	0
3.37531	0	0	0
3.37678	0	0	0
3.37824	0	0	0
3.37971	0	0	0
3.38117	0	0	0
3.38264	0	0	0
3.38411	0	0	0
3.38557	0	0	0
3.38704	0	0	0
3.38851	0	0	0
3.38997	0	0	0
3.39144	0	0	0
3.39291	0	0	0
3.39437	0	0	0
3.39584	0	0	0
3.3973	0	0	0
3.39877	0	0	0
3.40024	0	0	0
3.4017	0	0	0
3.40317	0	0	0
3.40464	0	0	0
3.4061	0	0	0
3.40756	0	0	0
3.40903	0	0	0
3.41049	0	0	0
3.41195	0	0	0
3.41341	0	0	0
3.41488	0	0	0
3.41634	0	0	0
3.4178	0	0	0
3.41927	0	0	0
3.42073	0	0	0
3.42219	0	0	0
3.42365	0	0	0
3.42512	0	0	0
3.42658	0	0	0
3.42804	0	0	0
3.4295	0	0	0
3.43097	0	0	0
3.43243	0	0	0
3.43389	0	0	0
3.43536	0	0	0
3.43682	0	0	0
3.43828	0	0	0
3.43974	0	0	0
3.44121	0	0	0
3.44267	0	0	0
3.44413	0	0	0
3.4456	0	0	0
3.44706	0	0	0
3.44852	0	0	0
3.44998	0	0	0
3.45144	0	0	0
3.4529	0	0	0
3.45436	0	0	0
3.45582	0	0	0
3.45728	0	0	0
3.45874	0	0	0
3.4602	0	0	0
3.46166	0	0	0
3.46311	0	0	0
3.46457	0	0	0
3.46603	0	0	0
3.46749	0	0	0
3.46895	0	0	0
3.47041	0	0	0
3.47187	0	0	0
3.47333	0	0	0
3.47479	0	0	0
3.47624	0	0	0
3.4777	0	0	0
3.47916	0	0	0
3.48062	0	0	0
3.48208	0	0	0
3.48354	0	0	0
3.485	0	0	0
3.48646	0	0	0
3.48792	0	0	0
3.48938	0	0	0
3.49083	0	0	0
3.49229	0	0	0
3.49375	0	0	0
3.49521	0	0	0
3.49667	0	0	0
3.49812	0	0	0
3.49957	0	0	0
3.50103	0	0	0
3.50248	0	0	0
3.50394	0	0	0
3.50539	0	0	0
3.50685	0	0	0
3.5083	0	0	0
3.50976	0	0	0
3.51121	0	0	0
3.51267	0	0	0
3.51412	0	0	0
3.51558	0	0	0
3.51703	0	0	0
3.51849	0	0	0
3.51994	0	0	0
3.5214	0	0	0
3.52285	0	0	0
3.52431	0	0	0
3.52576	0	0	0
3.52721	0	0	0
3.52867	0	0	0
3.53012	0	0	0
3.53158	0	0	0
3.53303	0	0	0
3.53449	0	0	0
3.53594	0	0	0
3.5374	0	0	0
3.53885	0	0	0
3.5403	0	0	0
3.54175	0	0	0
3.5432	0	0	0
3.54465	0	0	0
3.5461	0	0	0
3.54755	0	0	0
3.549	0	0	0
3.55045	0	0	0
3.5519	0	0	0
3.55335	0	0	0
3.5548	0	0	0
3.55625	0	0	0
3.5577	0	0	0
3.55915	0	0	0
3.5606	0	0	0
3.56205	0	0	0
3.5635	0	0	0
3.56495	0	0	0
3.5664	0	0	0
3.56785	0	0	0
3.5693	0	0	0
3.57075	0	0	0
3.5722	0	0	0
3.57365	0	0	0
3.5751	0	0	0
3.57655	0	0	0
3.578	0	0	0
3.57945	0	0	0
3.58089	0	0	0
3.58234	0	0	0
3.58378	0	0	0
3.58523	0	0	0
3.58667	0	0	0
3.58812	0	0	0
3.58956	0	0	0
3.59101	0	0	0
3.59245	0	0	0
3.5939	0	0	0
3.59534	0	0	0
3.59679	0	0	0
3.59824	0	0	0
3.59968	0	0	0
3.60113	0	0	0
3.60257	0	0	0
3.60402	0	0	0
3.60546	0	0	0
3.60691	0	0	0
3.60835	0	0	0
3.6098	0	0	0
3.61124	0	0	0
3.61269	0	0	0
3.61413	0	0	0
3.61558	0	0	0
3.61702	0	0	0
3.61846	0	0	0
3.6199	0	0	0
3.62134	0	0	0
3.62278	0	0	0
3.62422	0	0	0
3.62566	0	0	0
3.6271	0	0	0
3.62854	0	0	0
3.62998	0	0	0
3.63142	0	0	0
3.63286	0	0	0
3.6343	0	0	0
3.63574	0	0	0
3.63718	0	0	0
3.63862	0	0	0
3.64006	0	0	0
3.6415	0	0	0
3.64294	0	0	0
3.64438	0	0	0
3.64582	0	0	0
3.64726	0	0	0
3.6487	0	0	0
3.65014	0	0	0
3.65158	0	0	0
3.65302	0	0	0
3.65446	0	0	0
3.6559	0	0	0
3.65734	0	0	0
3.65877	0	0	0
3.6602	0	0	0
3.66164	0	0	0
3.66307	0	0	0
3.6645	0	0	0
3.66594	0	0	0
3.66737	0	0	0
3.66881	0	0	0
3.67024	0	0	0
3.67167	0	0	0
3.67311	0	0	0
3.67454	0	0	0
3.67597	0	0	0
3.67741	0	0	0
3.67884	0	0	0
3.68028	0	0	0
3.68171	0	0	0
3.68314	0	0	0
3.68458	0	0	0
3.68601	0	0	0
3.68744	0	0	0
3.68888	0	0	0
3.69031	0	0	0
3.69175	0	0	0
3.69318	0	0	0
3.69461	0	0	0
3.69605	0	0	0
3.69747	0	0	0
3.6989	0	0	0
3.70033	0	0	0
3.70176	0	0	0
3.70318	0	0	0
3.70461	0	0	0
3.70604	0	0	0
3.70746	0	0	0
3.70889	0	0	0
3.71032	0	0	0
3.71174	0	0	0
3.71317	0	0	0
3.7146	0	0	0
3.71603	0	0	0
3.71745	0	0	0
3.71888	0	0	0
3.72031	0	0	0
3.72173	0	0	0
3.72316	0	0	0
3.72459	0	0	0
3.72601	0	0	0
3.72744	0	0	0
3.72887	0	0	0
3.7303	0	0	0
3.73172	0	0	0
3.73315	0	0	0
3.73458	0	0	0
3.736	0	0	0
3.73742	0	0	0
3.73884	0	0	0
3.74026	0	0	0
3.74168	0	0	0
3.7431	0	0	0
3.74452	0	0	0
3.74594	0	0	0
3.74736	0	0	0
3.74878	0	0	0
3.7502	0	0	0
3.75162	0	0	0
3.75304	0	0	0
3.75445	0	0	0
3.75587	0	0	0
3.75729	0	0	0
3.75871	0	0	0
3.76013	0	0	0
3.76155	0	0	0
3.76297	0	0	0
3.76439	0	0	0
3.76581	0	0	0
3.76723	0	0	0
3.76865	0	0	0
3.77007	0	0	0
3.77149	0	0	0
3.77291	0	0	0
3.77433	0	0	0
3.77574	0	0	0
3.77716	0	0	0
3.77858	0	0	0
3.77999	0	0	0
3.7814	0	0	0
3.78281	0	0	0
3.78422	0	0	0
3.78563	0	0	0
3.78705	0	0	0
3.78846	0	0	0
3.78987	0	0	0
3.79128	0	0	0
3.79269	0	0	0
3.7941	0	0	0
3.79551	0	0	0
3.79692	0	0	0
3.79833	0	0	0
3.79974	0	0	0
3.80115	0	0	0
3.80256	0	0	0
3.80397	0	0	0
3.80538	0	0	0
3.80679	0	0	0
3.8082	0	0	0
3.80961	0	0	0
3.81102	0	0	0
3.81243	0	0	0
3.81384	0	0	0
3.81525	0	0	0
3.81666	0	0	0
3.81807	0	0	0
3.81948	0	0	0
3.82089	0	0	0
3.8223	0	0	0
3.82371	0	0	0
3.82512	0	0	0
3.82652	0	0	0
3.82792	0	0	0
3.82932	0	0	0
3.83072	0	0	0
3.83212	0	0	0
3.83352	0	0	0
3.83492	0	0	0
3.83632	0	0	0
3.83771	0	0	0
3.83911	0	0	0
3.84051	0	0	0
3.84191	0	0	0
3.84331	0	0	0
3.84471	0	0	0
3.84611	0	0	0
3.84751	0	0	0
3.84891	0	0	0
3.85031	0	0	0
3.8517	0	0	0
3.8531	0	0	0
3.8545	0	0	0
3.8559	0	0	0
3.8573	0	0	0
3.8587	0	0	0
3.8601	0	0	0
3.8615	0	0	0
3.8629	0	0	0
3.8643	0	0	0
3.86569	0	0	0
3.86709	0	0	0
3.86849	0	0	0
3.86989	0	0	0
3.87129	0	0	0
3.87269	0	0	0
3.87409	0	0	0
3.87549	0	0	0
3.87689	0	0	0
3.87829	0	0	0
3.87968	0	0	0
3.88108	0	0	0
3.88248	0	0	0
3.88388	0	0	0
3.88526	0	0	0
3.88665	0	0	0
3.88803	0	0	0
3.88941	0	0	0
3.89079	0	0	0
3.89218	0	0	0
3.89356	0	0	0
3.89494	0	0	0
3.89632	0	0	0
3.89771	0	0	0
3.89909	0	0	0
3.90047	0	0	0
3.90185	0	0	0
3.90323	0	0	0
3.90462	0	0	0
3.906	0	0	0
3.90738	0	0	0
3.90876	0	0	0
3.91015	0	0	0
3.91153	0	0	0
3.91291	0	0	0
3.91429	0	0	0
3.91568	0	0	0
3.91706	0	0	0
3.91844	0	0	0
3.91982	0	0	0
3.92121	0	0	0
3.92259	0	0	0
3.92397	0	0	0
3.92535	0	0	0
3.92673	0	0	0
3.92812	0	0	0
3.9295	0	0	0
3.93088	0	0	0
3.93226	0	0	0
3.93365	0	0	0
3.93503	0	0	0
3.93641	0	0	0
3.93779	0	0	0
3.93918	0	0	0
3.94056	0	0	0
3.94194	0	0	0
3.94332	0	0	0
3.94471	0	0	0
3.94609	0	0	0
3.94747	0	0	0
3.94885	0	0	0
3.95024	0	0	0
3.95162	0	0	0
3.953	0	0	0
3.95438	0	0	0
3.95576	0	0	0
3.95715	0	0	0
3.95853	0	0	0
3.95991	0	0	0
3.96129	0	0	0
3.96268	0	0	0
3.96406	0	0	0
3.96544	0	0	0
3.96682	0	0	0
3.96821	0	0	0
3.96959	0	0	0
3.97097	0	0	0
3.97235	0	0	0
3.97374	0	0	0
3.97512	0	0	0
3.9765	0	0	0
3.97788	0	0	0
3.97926	0	0	0
3.98065	0	0	0
3.98203	0	0	0
3.98341	0	0	0
3.98479	0	0	0
3.98618	0	0	0
3.98756	0	0	0
3.98894	0	0	0
3.99032	0	0	0
3.99171	0	0	0
3.99309	0	0	0
3.99447	0	0	0
3.99585	0	0	0
3.99724	0	0	0
3.99862	0	0	0
4	0	0	0
4.00136	0	0	0
4.00272	0	0	0
4.00408	0	0	0
4.00544	0	0	0
4.0068	0	0	0
4.00816	0	0	0
4.00952	0	0	0
4.01088	0	0	0
4.01223	0	0	0
4.01359	0	0	0
4.01495	0	0	0
4.0163	0	0	0
4.01766	0	0	0
4.01902	0	0	0
4.02037	0	0	0
4.02173	0	0	0
4.02308	0	0	0
4.02444	0	0	0
4.02579	0	0	0
4.02714	0	0	0
4.0285	0	0	0
4.02985	0	0	0
4.0312	0	0	0
4.03255	0	0	0
4.03391	0	0	0
4.03526	0	0	0
4.03661	0	0	0
4.03796	0	0	0
4.03931	0	0	0
4.04066	0	0	0
4.04201	0	0	0
4.04336	0	0	0
4.04471	0	0	0
4.04606	0	0	0
4.04741	0	0	0
4.04875	0	0	0
4.0501	0	0	0
4.05145	0	0	0
4.0528	0	0	0
4.05414	0	0	0
4.05549	0	0	0
4.05683	0	0	0
4.05818	0	0	0
4.05952	0	0	0
4.06087	0	0	0
4.06221	0	0	0
4.06356	0	0	0
4.0649	0	0	0
4.06624	0	0	0
4.06759	0	0	0
4.06893	0	0	0
4.07027	0	0	0
4.07161	0	0	0
4.07296	0	0	0
4.0743	0	0	0
4.07564	0	0	0
4.07698	0	0	0
4.07832	0	0	0
4.07966	0	0	0
4.081	0	0	0
4.08234	0	0	0
4.08367	0	0	0
4.08501	0	0	0
4.08635	0	0	0
4.08769	0	0	0
4.08902	0	0	0
4.09036	0	0	0
4.0917	0	0	0
4.09303	0	0	0
4.09437	0	0	0
4.0957	0	0	0
4.09704	0	0	0
4.09837	0	0	0
4.09971	0	0	0
4.10104	0	0	0
4.10238	0	0	0
4.10371	0	0	0
4.10504	0	0	0
4.10637	0	0	0
4.10771	0	0	0
4.10904	0	0	0
4.11037	0	0	0
4.1117	0	0	0
4.11303	0	0	0
4.11436	0	0	0
4.11569	0	0	0
4.11702	0	0	0
4.11835	0	0	0
4.11968	0	0	0
4.12101	0	0	0
4.12234	0	0	0
4.12367	0	0	0
4.12499	0	0	0
4.12632	0	0	0
4.12765	0	0	0
4.12897	0	0	0
4.1303	0	0	0
4.13163	0	0	0
4.13295	0	0	0
4.13428	0	0	0
4.1356	0	0	0
4.13693	0	0	0
4.13825	0	0	0
4.13957	0	0	0
4.1409	0	0	0
4.14222	0	0	0
4.14354	0	0	0
4.14487	0	0	0
4.14619	0	0	0
4.14751	0	0	0
4.14883	0	0	0
4.15015	0	0	0
4.15147	0	0	0
4.15279	0	0	0
4.15411	0	0	0
4.15543	0	0	0
4.15675	0	0	0
4.15807	0	0	0
4.15939	0	0	0
4.16071	0	0	0
4.16203	0	0	0
4.16334	0	0	0
4.16466	0	0	0
4.16598	0	0	0
4.1673	0	0	0
4.16861	0	0	0
4.16993	0	0	0
4.17124	0	0	0
4.17256	0	0	0
4.17387	0	0	0
4.17519	0	0	0
4.1765	0	0	0
4.17782	0	0	0
4.17913	0	0	0
4.18044	0	0	0
4.18176	0	0	0
4.18307	0	0	0
4.18438	0	0	0
4.18569	0	0	0
4.18701	0	0	0
4.18832	0	0	0
4.18963	0	0	0
4.19094	0	0	0
4.19225	0	0	0
4.19356	0	0	0
4.19487	0	0	0
4.19618	0	0	0
4.19749	0	0	0
4.1988	0	0	0
4.20011	0	0	0
4.20142	0	0	0
4.20272	0	0	0
4.20403	0	0	0
4.20534	0	0	0
4.20665	0	0	0
4.20795	0	0	0
4.20926	0	0	0
4.21057	0	0	0
4.21187	0	0	0
4.21318	0	0	0
4.21448	0	0	0
4.21579	0	0	0
4.21709	0	0	0
4.2184	0	0	0
4.2197	0	0	0
4.221	0	0	0
4.22231	0	0	0
4.22361	0	0	0
4.22491	0	0	0
4.22622	0	0	0
4.22752	0	0	0
4.22882	0	0	0
4.23012	0	0	0
4.23142	0	0	0
4.23272	0	0	0
4.23402	0	0	0
4.23532	0	0	0
4.23662	0	0	0
4.23792	0	0	0
4.23922	0	0	0
4.24052	0	0	0
4.24182	0	0	0
4.24312	0	0	0
4.24442	0	0	0
4.24572	0	0	0
4.24701	0	0	0
4.24831	0	0	0
4.24961	0	0	0
4.25091	0	0	0
4.2522	0	0	0
4.2535	0	0	0
4.25479	0	0	0
4.25609	0	0	0
4.25739	0	0	0
4.25868	0	0	0
4.25997	0	0	0
4.26127	0	0	0
4.26256	0	0	0
4.26386	0	0	0
4.26515	0	0	0
4.26644	0	0	0
4.26774	0	0	0
4.26903	0	0	0
4.27032	0	0	0
4.27162	0	0	0
4.27291	0	0	0
4.2742	0	0	0
4.27549	0	0	0
4.27678	0	0	0
4.27807	0	0	0
4.27936	0	0	0
4.28065	0	0	0
4.28194	0	0	0
4.28323	0	0	0
4.28452	0	0	0
4.28581	0	0	0
4.2871	0	0	0
4.28839	0	0	0
4.28968	0	0	0
4.29097	0	0	0
4.29226	0	0	0
4.29354	0	0	0
4.29483	0	0	0
4.29612	0	0	0
4.29741	0	0	0
4.29869	0	0	0
4.29998	0	0	0
4.30127	0	0	0
4.30255	0	0	0
4.30384	0	0	0
4.30512	0	0	0
4.30641	0	0	0
4.30769	0	0	0
4.30898	0	0	0
4.31026	0	0	0
4.31155	0	0	0
4.31283	0	0	0
4.31411	0	0	0
4.3154	0	0	0
4.31668	0	0	0
4.31796	0	0	0
4.31925	0	0	0
4.32053	0	0	0
4.32181	0	0	0
4.32309	0	0	0
4.32437	0	0	0
4.32566	0	0	0
4.32694	0	0	0
4.32822	0	0	0
4.3295	0	0	0
4.33078	0	0	0
4.33206	0	0	0
4.33334	0	0	0
4.33462	0	0	0
4.3359	0	0	0
4.33718	0	0	0
4.33846	0	0	0
4.33974	0	0	0
4.34102	0	0	0
4.3423	0	0	0
4.34357	0	0	0
4.34485	0	0	0
4.34613	0	0	0
4.34741	0	0	0
4.34868	0	0	0
4.34996	0	0	0
4.35124	0	0	0
4.35252	0	0	0
4.35379	0	0	0
4.35507	0	0	0
4.35634	0	0	0
4.35762	0	0	0
4.3589	0	0	0
4.36017	0	0	0
4.36145	0	0	0
4.36272	0	0	0
4.364	0	0	0
4.36527	0	0	0
4.36655	0	0	0
4.36782	0	0	0
4.3691	0	0	0
4.37037	0	0	0
4.37164	0	0	0
4.37292	0	0	0
4.37419	0	0	0
4.37546	0	0	0
4.37674	0	0	0
4.37801	0	0	0
4.37928	0	0	0
4.38055	0	0	0
4.38183	0	0	0
4.3831	0	0	0
4.38437	0	0	0
4.38564	0	0	0
4.38691	0	0	0
4.38818	0	0	0
4.38945	0	0	0
4.39073	0	0	0
4.392	0	0	0
4.39327	0	0	0
4.39454	0	0	0
4.39581	0	0	0
4.39708	0	0	0
4.39835	0	0	0
4.39962	0	0	0
4.40088	0	0	0
4.40215	0	0	0
4.40342	0	0	0
4.40469	0	0	0
4.40596	0	0	0
4.40723	0	0	0
4.4085	0	0	0
4.40977	0	0	0
4.41103	0	0	0
4.4123	0	0	0
4.41357	0	0	0
4.41484	0	0	0
4.4161	0	0	0
4.41737	0	0	0
4.41864	0	0	0
4.41991	0	0	0
4.42117	0	0	0
4.42244	0	0	0
4.4237	0	0	0
4.42497	0	0	0
4.42624	0	0	0
4.4275	0	0	0
4.42877	0	0	0
4.43004	0	0	0
4.4313	0	0	0
4.43257	0	0	0
4.43383	0	0	0
4.4351	0	0	0
4.43636	0	0	0
4.43763	0	0	0
4.43889	0	0	0
4.44016	0	0	0
4.44142	0	0	0
4.44268	0	0	0
4.44395	0	0	0
4.44521	0	0	0
4.44648	0	0	0
4.44774	0	0	0
4.449	0	0	0
4.45027	0	0	0
4.45153	0	0	0
4.45279	0	0	0
4.45405	0	0	0
4.45532	0	0	0
4.45658	0	0	0
4.45784	0	0	0
4.45911	0	0	0
4.46037	0	0	0
4.46163	0	0	0
4.46289	0	0	0
4.46415	0	0	0
4.46542	0	0	0
4.46668	0	0	0
4.46794	0	0	0
4.4692	0	0	0
4.47046	0	0	0
4.47172	0	0	0
4.47298	0	0	0
4.47425	0	0	0
4.47551	0	0	0
4.47677	0	0	0
4.47803	0	0	0
4.47929	0	0	0
4.48055	0	0	0
4.48181	0	0	0
4.48307	0	0	0
4.48433	0	0	0
4.48559	0	0	0
4.48685	0	0	0
4.48811	0	0	0
4.48937	0	0	0
4.49063	0	0	0
4.49189	0	0	0
4.49315	0	0	0
4.49441	0	0	0
4.49567	0	0	0
4.49693	0	0	0
4.49819	0	0	0
4.49944	0	0	0
4.5007	0	0	0
4.50196	0	0	0
4.50322	0	0	0
4.50448	0	0	0
4.50574	0	0	0
4.507	0	0	0
4.50826	0	0	0
4.50952	0	0	0
4.51077	0	0	0
4.51203	0	0	0
4.51329	0	0	0
4.51455	0	0	0
4.51581	0	0	0
4.51706	0	0	0
4.51832	0	0	0
4.51958	0	0	0
4.52084	0	0	0
4.52209	0	0	0
4.52335	0	0	0
4.52461	0	0	0
4.52587	0	0	0
4.52713	0	0	0
4.52838	0	0	0
4.52964	0	0	0
4.5309	0	0	0
4.53216	0	0	0
4.53341	0	0	0
4.53467	0	0	0
4.53593	0	0	0
4.53718	0	0	0
4.53844	0	0	0
4.5397	0	0	0
4.54095	0	0	0
4.54221	0	0	0
4.54347	0	0	0
4.54472	0	0	0
4.54598	0	0	0
4.54724	0	0	0
4.54849	0	0	0
4.54975	0	0	0
4.55101	0	0	0
4.55226	0	0	0
4.55352	0	0	0
4.55478	0	0	0
4.55603	0	0	0
4.55729	0	0	0
4.55855	0	0	0
4.5598	0	0	0
4.56106	0	0	0
4.56232	0	0	0
4.56357	0	0	0
4.56483	0	0	0
4.56609	0	0	0
4.56734	0	0	0
4.5686	0	0	0
4.56985	0	0	0
4.57111	0	0	0
4.57237	0	0	0
4.57362	0	0	0
4.57488	0	0	0
4.57613	0	0	0
4.57739	0	0	0
4.57864	0	0	0
4.5799	0	0	0
4.58116	0	0	0
4.58241	0	0	0
4.58367	0	0	0
4.58492	0	0	0
4.58618	0	0	0
4.58743	0	0	0
4.58869	0	0	0
4.58994	0	0	0
4.5912	0	0	0
4.59246	0	0	0
4.59371	0	0	0
4.59497	0	0	0
4.59622	0	0	0
4.59748	0	0	0
4.59873	0	0	0
4.59999	0	0	0
4.60125	0	0	0
4.6025	0	0	0
4.60376	0	0	0
4.60501	0	0	0
4.60627	0	0	0
4.60752	0	0	0
4.60878	0	0	0
4.61003	0	0	0
4.61129	0	0	0
4.61255	0	0	0
4.6138	0	0	0
4.61506	0	0	0
4.61632	0	0	0
4.61757	0	0	0
4.61883	0	0	0
4.62009	0	0	0
4.62134	0	0	0
4.6226	0	0	0
4.62386	0	0	0
4.62511	0	0	0
4.62637	0	0	0
4.62763	0	0	0
4.62888	0	0	0
4.63014	0	0	0
4.6314	0	0	0
4.63265	0	0	0
4.63391	0	0	0
4.63517	0	0	0
4.63642	0	0	0
4.63768	0	0	0
4.63894	0	0	0
4.64019	0	0	0
4.64145	0	0	0
4.64271	0	0	0
4.64396	0	0	0
4.64522	0	0	0
4.64648	0	0	0
4.64773	0	0	0
4.64899	0	0	0
4.65025	0	0	0
4.65151	0	0	0
4.65277	0	0	0
4.65402	0	0	0
4.65528	0	0	0
4.65654	0	0	0
4.6578	0	0	0
4.65906	0	0	0
4.66031	0	0	0
4.66157	0	0	0
4.66283	0	0	0
4.66409	0	0	0
4.66534	0	0	0
4.6666	0	0	0
4.66786	0	0	0
4.66912	0	0	0
4.67038	0	0	0
4.67163	0	0	0
4.67289	0	0	0
4.67415	0	0	0
4.67541	0	0	0
4.67667	0	0	0
4.67793	0	0	0
4.67919	0	0	0
4.68045	0	0	0
4.68171	0	0	0
4.68297	0	0	0
4.68423	0	0	0
4.68548	0	0	0
4.68674	0	0	0
4.688	0	0	0
4.68926	0	0	0
4.69052	0	0	0
4.69178	0	0	0
4.69304	0	0	0
4.6943	0	0	0
4.69556	0	0	0
4.69682	0	0	0
4.69808	0	0	0
4.69934	0	0	0
4.7006	0	0	0
4.70187	0	0	0
4.70313	0	0	0
4.70439	0	0	0
4.70565	0	0	0
4.70691	0	0	0
4.70817	0	0	0
4.70943	0	0	0
4.71069	0	0	0
4.71196	0	0	0
4.71322	0	0	0
4.71448	0	0	0
4.71574	0	0	0
4.717	0	0	0
4.71826	0	0	0
4.71952	0	0	0
4.72079	0	0	0
4.72205	0	0	0
4.72331	0	0	0
4.72458	0	0	0
4.72584	0	0	0
4.7271	0	0	0
4.72836	0	0	0
4.72963	0	0	0
4.73089	0	0	0
4.73215	0	0	0
4.73342	0	0	0
4.73468	0	0	0
4.73594	0	0	0
4.73721	0	0	0
4.73847	0	0	0
4.73974	0	0	0
4.741	0	0	0
4.74226	0	0	0
4.74353	0	0	0
4.74479	0	0	0
4.74606	0	0	0
4.74732	0	0	0
4.74859	0	0	0
4.74986	0	0	0
4.75112	0	0	0
4.75239	0	0	0
4.75365	0	0	0
4.75492	0	0	0
4.75618	0	0	0
4.75745	0	0	0
4.75872	0	0	0
4.75998	0	0	0
4.76125	0	0	0
4.76252	0	0	0
4.76378	0	0	0
4.76505	0	0	0
4.76632	0	0	0
4.76758	0	0	0
4.76885	0	0	0
4.77012	0	0	0
4.77139	0	0	0
4.77265	0	0	0
4.77392	0	0	0
4.77519	0	0	0
4.77646	0	0	0
4.77773	0	0	0
4.779	0	0	0
4.78026	0	0	0
4.78153	0	0	0
4.7828	0	0	0
4.78407	0	0	0
4.78534	0	0	0
4.78661	0	0	0
4.78788	0	0	0
4.78915	0	0	0
4.79042	0	0	0
4.79169	0	0	0
4.79296	0	0	0
4.79423	0	0	0
4.7955	0	0	0
4.79677	0	0	0
4.79805	0	0	0
4.79932	0	0	0
4.80059	0	0	0
4.80186	0	0	0
4.80313	0	0	0
4.80441	0	0	0
4.80568	0	0	0
4.80695	0	0	0
4.80822	0	0	0
4.8095	0	0	0
4.81077	0	0	0
4.81204	0	0	0
4.81332	0	0	0
4.81459	0	0	0
4.81586	0	0	0
4.81714	0	0	0
4.81841	0	0	0
4.81969	0	0	0
4.82096	0	0	0
4.82224	0	0	0
4.82351	0	0	0
4.82478	0	0	0
4.82606	0	0	0
4.82734	0	0	0
4.82861	0	0	0
4.82989	0	0	0
4.83116	0	0	0
4.83244	0	0	0
4.83372	0	0	0
4.83499	0	0	0
4.83627	0	0	0
4.83755	0	0	0
4.83882	0	0	0
4.8401	0	0	0
4.84138	0	0	0
4.84266	0	0	0
4.84393	0	0	0
4.84521	0	0	0
4.84649	0	0	0
4.84777	0	0	0
4.84905	0	0	0
4.85033	0	0	0
4.85161	0	0	0
4.85289	0	0	0
4.85417	0	0	0
4.85545	0	0	0
4.85673	0	0	0
4.85801	0	0	0
4.85929	0	0	0
4.86057	0	0	0
4.86185	0	0	0
4.86313	0	0	0
4.86441	0	0	0
4.86569	0	0	0
4.86697	0	0	0
4.86826	0	0	0
4.86954	0	0	0
4.87082	0	0	0
4.8721	0	0	0
4.87339	0	0	0
4.87467	0	0	0
4.87595	0	0	0
4.87723	0	0	0
4.87852	0	0	0
4.8798	0	0	0
4.88109	0	0	0
4.88237	0	0	0
4.88366	0	0	0
4.88494	0	0	0
4.88623	0	0	0
4.88751	0	0	0
4.8888	0	0	0
4.89008	0	0	0
4.89137	0	0	0
4.89265	0	0	0
4.89394	0	0	0
4.89523	0	0	0
4.89651	0	0	0
4.8978	0	0	0
4.89909	0	0	0
4.90038	0	0	0
4.90166	0	0	0
4.90295	0	0	0
4.90424	0	0	0
4.90553	0	0	0
4.90682	0	0	0
4.9081	0	0	0
4.90939	0	0	0
4.91068	0	0	0
4.91197	0	0	0
4.91326	0	0	0
4.91455	0	0	0
4.91584	0	0	0
4.91713	0	0	0
4.91842	0	0	0
4.91971	0	0	0
4.92101	0	0	0
4.9223	0	0	0
4.92359	0	0	0
4.92488	0	0	0
4.92617	0	0	0
4.92746	0	0	0
4.92876	0	0	0
4.93005	0	0	0
4.93134	0	0	0
4.93264	0	0	0
4.93393	0	0	0
4.93522	0	0	0
4.93652	0	0	0
4.93781	0	0	0
4.9391	0	0	0
4.9404	0	0	0
4.94169	0	0	0
4.94299	0	0	0
4.94428	0	0	0
4.94558	0	0	0
4.94687	0	0	0
4.94817	0	0	0
4.94947	0	0	0
4.95076	0	0	0
4.95206	0	0	0
4.95336	0	0	0
4.95465	0	0	0
4.95595	0	0	0
4.95725	0	0	0
4.95855	0	0	0
4.95985	0	0	0
4.96114	0	0	0
4.96244	0	0	0
4.96374	0	0	0
4.96504	0	0	0
4.96634	0	0	0
4.96764	0	0	0
4.96894	0	0	0
4.97024	0	0	0
4.97154	0	0	0
4.97284	0	0	0
4.97414	0	0	0
4.97544	0	0	0
4.97674	0	0	0
4.97804	0	0	0
4.97935	0	0	0
4.98065	0	0	0
4.98195	0	0	0
4.98325	0	0	0
4.98455	0	0	0
4.98586	0	0	0
4.98716	0	0	0
4.98847	0	0	0
4.98977	0	0	0
4.99107	0	0	0
4.99238	0	0	0
4.99368	0	0	0
4.99499	0	0	0
4.99629	0	0	0
4.9976	0	0	0
4.9989	0	0	0
5.00021	0	0	0
5.00151	0	0	0
5.00282	0	0	0
5.00413	0	0	0
5.00543	0	0	0
5.00674	0	0	0
5.00805	0	0	0
5.00935	0	0	0
5.01066	0	0	0
5.01197	0	0	0
5.01328	0	0	0
5.01459	0	0	0
5.0159	0	0	0
5.0172	0	0	0
5.01851	0	0	0
5.01982	0	0	0
5.02113	0	0	0
5.02244	0	0	0
5.02375	0	0	0
5.02506	0	0	0
5.02637	0	0	0
5.02768	0	0	0
5.02899	0	0	0
5.0303	0	0	0
5.03162	0	0	0
5.03293	0	0	0
5.03424	0	0	0
5.03555	0	0	0
5.03686	0	0	0
5.03818	0	0	0
5.03949	0	0	0
5.0408	0	0	0
5.04211	0	0	0
5.04343	0	0	0
5.04474	0	0	0
5.04606	0	0	0
5.04737	0	0	0
5.04868	0	0	0
5.05	0	0	0
5.05131	0	0	0
5.05263	0	0	0
5.05395	0	0	0
5.05526	0	0	0
5.05658	0	0	0
5.05789	0	0	0
5.05921	0	0	0
5.06052	0	0	0
5.06184	0	0	0
5.06316	0	0	0
5.06448	0	0	0
5.06579	0	0	0
5.06711	0	0	0
5.06843	0	0	0
5.06975	0	0	0
5.07107	0	0	0
5.07239	0	0	0
5.0737	0	0	0
5.07502	0	0	0
5.07634	0	0	0
5.07766	0	0	0
5.07898	0	0	0
5.0803	0	0	0
5.08162	0	0	0
5.08294	0	0	0
5.08426	0	0	0
5.08559	0	0	0
5.08691	0	0	0
5.08823	0	0	0
5.08955	0	0	0
5.09087	0	0	0
5.09219	0	0	0
5.09351	0	0	0
5.09484	0	0	0
5.09616	0	0	0
5.09748	0	0	0
5.09881	0	0	0
5.10013	0	0	0
5.10145	0	0	0
5.10278	0	0	0
5.1041	0	0	0
5.10542	0	0	0
5.10675	0	0	0
5.10807	0	0	0
5.1094	0	0	0
5.11073	0	0	0
5.11205	0	0	0
5.11338	0	0	0
5.1147	0	0	0
5.11603	0	0	0
5.11735	0	0	0
5.11868	0	0	0
5.12001	0	0	0
5.12133	0	0	0
5.12266	0	0	0
5.12399	0	0	0
5.12532	0	0	0
5.12664	0	0	0
5.12797	0	0	0
5.1293	0	0	0
5.13063	0	0	0
5.13196	0	0	0
5.13329	0	0	0
5.13461	0	0	0
5.13594	0	0	0
5.13727	0	0	0
5.1386	0	0	0
5.13993	0	0	0
5.14126	0	0	0
5.14259	0	0	0
5.14392	0	0	0
5.14525	0	0	0
5.14658	0	0	0
5.14792	0	0	0
5.14925	0	0	0
5.15058	0	0	0
5.15191	0	0	0
5.15324	0	0	0
5.15457	0	0	0
5.1559	0	0	0
5.15724	0	0	0
5.15857	0	0	0
5.1599	0	0	0
5.16124	0	0	0
5.16257	0	0	0
5.1639	0	0	0
5.16524	0	0	0
5.16657	0	0	0
5.1679	0	0	0
5.16924	0	0	0
5.17057	0	0	0
5.1719	0	0	0
5.17324	0	0	0
5.17458	0	0	0
5.17591	0	0	0
5.17725	0	0	0
5.17858	0	0	0
5.17992	0	0	0
5.18125	0	0	0
5.18259	0	0	0
5.18393	0	0	0
5.18526	0	0	0
5.1866	0	0	0
5.18793	0	0	0
5.18927	0	0	0
5.19061	0	0	0
5.19195	0	0	0
5.19328	0	0	0
5.19462	0	0	0
5.19596	0	0	0
5.1973	0	0	0
5.19863	0	0	0
5.19997	0	0	0
5.20131	0	0	0
5.20265	0	0	0
5.20399	0	0	0
5.20533	0	0	0
5.20667	0	0	0
5.20801	0	0	0
5.20935	0	0	0
5.21069	0	0	0
5.21203	0	0	0
5.21337	0	0	0
5.21471	0	0	0
5.21605	0	0	0
5.21739	0	0	0
5.21873	0	0	0
5.22007	0	0	0
5.22141	0	0	0
5.22275	0	0	0
5.22409	0	0	0
5.22543	0	0	0
5.22677	0	0	0
5.22812	0	0	0
5.22946	0	0	0
5.2308	0	0	0
5.23214	0	0	0
5.23349	0	0	0
5.23483	0	0	0
5.23617	0	0	0
5.23751	0	0	0
5.23886	0	0	0
5.2402	0	0	0
5.24154	0	0	0
5.24288	0	0	0
5.24423	0	0	0
5.24557	0	0	0
5.24692	0	0	0
5.24826	0	0	0
5.2496	0	0	0
5.25095	0	0	0
5.25229	0	0	0
5.25364	0	0	0
5.25498	0	0	0
5.25633	0	0	0
5.25767	0	0	0
5.25902	0	0	0
5.26036	0	0	0
5.26171	0	0	0
5.26305	0	0	0
5.2644	0	0	0
5.26574	0	0	0
5.26709	0	0	0
5.26843	0	0	0
5.26978	0	0	0
5.27113	0	0	0
5.27247	0	0	0
5.27382	0	0	0
5.27517	0	0	0
5.27652	0	0	0
5.27786	0	0	0
5.27921	0	0	0
5.28056	0	0	0
5.2819	0	0	0
5.28325	0	0	0
5.2846	0	0	0
5.28595	0	0	0
5.28729	0	0	0
5.28864	0	0	0
5.28999	0	0	0
5.29134	0	0	0
5.29268	0	0	0
5.29403	0	0	0
5.29538	0	0	0
5.29672	0	0	0
5.29807	0	0	0
5.29942	0	0	0
5.30077	0	0	0
5.30212	0	0	0
5.30347	0	0	0
5.30482	0	0	0
5.30617	0	0	0
5.30752	0	0	0
5.30887	0	0	0
5.31022	0	0	0
5.31157	0	0	0
5.31292	0	0	0
5.31427	0	0	0
5.31562	0	0	0
5.31697	0	0	0
5.31832	0	0	0
5.31967	0	0	0
5.32102	0	0	0
5.32237	0	0	0
5.32372	0	0	0
5.32507	0	0	0
5.32642	0	0	0
5.32777	0	0	0
5.32912	0	0	0
5.33047	0	0	0
5.33182	0	0	0
5.33317	0	0	0
5.33452	0	0	0
5.33587	0	0	0
5.33722	0	0	0
5.33857	0	0	0
5.33992	0	0	0
5.34127	0	0	0
5.34262	0	0	0
5.34397	0	0	0
5.34532	0	0	0
5.34667	0	0	0
5.34803	0	0	0
5.34938	0	0	0
5.35073	0	0	0
5.35208	0	0	0
5.35344	0	0	0
5.35479	0	0	0
5.35614	0	0	0
5.35749	0	0	0
5.35885	0	0	0
5.3602	0	0	0
5.36155	0	0	0
5.3629	0	0	0
5.36426	0	0	0
5.36561	0	0	0
5.36696	0	0	0
5.36832	0	0	0
5.36967	0	0	0
5.37102	0	0	0
5.37237	0	0	0
5.37373	0	0	0
5.37508	0	0	0
5.37643	0	0	0
5.37778	0	0	0
5.37914	0	0	0
5.38049	0	0	0
5.38184	0	0	0
5.38319	0	0	0
5.38455	0	0	0
5.3859	0	0	0
5.38725	0	0	0
5.3886	0	0	0
5.38996	0	0	0
5.39131	0	0	0
5.39266	0	0	0
5.39402	0	0	0
5.39537	0	0	0
5.39672	0	0	0
5.39807	0	0	0
5.39943	0	0	0
5.40078	0	0	0
5.40213	0	0	0
5.40348	0	0	0
5.40484	0	0	0
5.40619	0	0	0
5.40754	0	0	0
5.40889	0	0	0
5.41025	0	0	0
5.4116	0	0	0
5.41295	0	0	0
5.41431	0	0	0
5.41566	0	0	0
5.41701	0	0	0
5.41836	0	0	0
5.41972	0	0	0
5.42107	0	0	0
5.42242	0	0	0
5.42377	0	0	0
5.42513	0	0	0
5.42648	0	0	0
5.42783	0	0	0
5.42918	0	0	0
5.43054	0	0	0
5.43189	0	0	0
5.43324	0	0	0
5.43459	0	0	0
5.43595	0	0	0
5.4373	0	0	0
5.43865	0	0	0
5.44001	0	0	0
5.44136	0	0	0
5.44271	0	0	0
5.44406	0	0	0
5.44542	0	0	0
5.44677	0	0	0
5.44812	0	0	0
5.44947	0	0	0
5.45083	0	0	0
5.45218	0	0	0
5.45353	0	0	0
5.45488	0	0	0
5.45624	0	0	0
5.45759	0	0	0
5.45894	0	0	0
5.4603	0	0	0
5.46165	0	0	0
5.463	0	0	0
5.46435	0	0	0
5.46571	0	0	0
5.46706	0	0	0
5.46841	0	0	0
5.46976	0	0	0
5.47112	0	0	0
5.47247	0	0	0
5.47382	0	0	0
5.47517	0	0	0
5.47653	0	0	0
5.47788	0	0	0
5.47923	0	0	0
5.48058	0	0	0
5.48194	0	0	0
5.48329	0	0	0
5.48464	0	0	0
5.486	0	0	0
5.48735	0	0	0
5.4887	0	0	0
5.49005	0	0	0
5.49141	0	0	0
5.49276	0	0	0
5.49411	0	0	0
5.49546	0	0	0
5.49682	0	0	0
5.49817	0	0	0
5.49952	0	0	0
5.50087	0	0	0
5.50223	0	0	0
5.50358	0	0	0
5.50493	0	0	0
5.50628	0	0	0
5.50764	0	0	0
5.50899	0	0	0
5.51034	0	0	0
5.5117	0	0	0
5.51305	0	0	0
5.5144	0	0	0
5.51575	0	0	0
5.51711	0	0	0
5.51846	0	0	0
5.51981	0	0	0
5.52116	0	0	0
5.52252	0	0	0
5.52387	0	0	0
5.52522	0	0	0
5.52657	0	0	0
5.52793	0	0	0
5.52928	0	0	0
5.53063	0	0	0
5.53199	0	0	0
5.53334	0	0	0
5.53469	0	0	0
5.53604	0	0	0
5.5374	0	0	0
5.53875	0	0	0
5.5401	0	0	0
5.54145	0	0	0
5.54281	0	0	0
5.54416	0	0	0
5.54551	0	0	0
5.54686	0	0	0
5.54821	0	0	0
5.54956	0	0	0
5.55091	0	0	0
5.55225	0	0	0
5.5536	0	0	0
5.55495	0	0	0
5.5563	0	0	0
5.55765	0	0	0
5.559	0	0	0
5.56035	0	0	0
5.5617	0	0	0
5.56304	0	0	0
5.56439	0	0	0
5.56574	0	0	0
5.56709	0	0	0
5.56844	0	0	0
5.56979	0	0	0
5.57114	0	0	0
5.57248	0	0	0
5.57383	0	0	0
5.57518	0	0	0
5.57653	0	0	0
5.57788	0	0	0
5.57923	0	0	0
5.58058	0	0	0
5.58192	0	0	0
5.58327	0	0	0
5.58462	0	0	0
5.58597	0	0	0
5.58732	0	0	0
5.58867	0	0	0
5.59002	0	0	0
5.59137	0	0	0
5.59271	0	0	0
5.59406	0	0	0
5.59541	0	0	0
5.59676	0	0	0
5.59811	0	0	0
5.59946	0	0	0
5.60081	0	0	0
5.60215	0	0	0
5.6035	0	0	0
5.60485	0	0	0
5.6062	0	0	0
5.60755	0	0	0
5.6089	0	0	0
5.61025	0	0	0
5.61159	0	0	0
5.61294	0	0	0
5.61429	0	0	0
5.61564	0	0	0
5.61699	0	0	0
5.61834	0	0	0
5.61969	0	0	0
5.62103	0	0	0
5.62237	0	0	0
5.62372	0	0	0
5.62506	0	0	0
5.62641	0	0	0
5.62775	0	0	0
5.62909	0	0	0
5.63044	0	0	0
5.63178	0	0	0
5.63312	0	0	0
5.63447	0	0	0
5.63581	0	0	0
5.63716	0	0	0
5.6385	0	0	0
5.63984	0	0	0
5.64119	0	0	0
5.64253	0	0	0
5.64388	0	0	0
5.64522	0	0	0
5.64656	0	0	0
5.64791	0	0	0
5.64925	0	0	0
5.6506	0	0	0
5.65194	0	0	0
5.65328	0	0	0
5.65463	0	0	0
5.65597	0	0	0
5.65731	0	0	0
5.65866	0	0	0
5.66	0	0	0
5.66135	0	0	0
5.66269	0	0	0
5.66403	0	0	0
5.66538	0	0	0
5.66672	0	0	0
5.66807	0	0	0
5.66941	0	0	0
5.67075	0	0	0
5.6721	0	0	0
5.67344	0	0	0
5.67478	0	0	0
5.67613	0	0	0
5.67747	0	0	0
5.67882	0	0	0
5.68016	0	0	0
5.6815	0	0	0
5.68285	0	0	0
5.68419	0	0	0
5.68554	0	0	0
5.68687	0	0	0
5.68821	0	0	0
5.68955	0	0	0
5.69089	0	0	0
5.69223	0	0	0
5.69356	0	0	0
5.6949	0	0	0
5.69624	0	0	0
5.69758	0	0	0
5.69892	0	0	0
5.70026	0	0	0
5.70159	0	0	0
5.70293	0	0	0
5.70427	0	0	0
5.70561	0	0	0
5.70695	0	0	0
5.70828	0	0	0
5.70962	0	0	0
5.71096	0	0	0
5.7123	0	0	0
5.71364	0	0	0
5.71497	0	0	0
5.71631	0	0	0
5.71765	0	0	0
5.71899	0	0	0
5.72033	0	0	0
5.72167	0	0	0
5.723	0	0	0
5.72434	0	0	0
5.72568	0	0	0
5.72702	0	0	0
5.72836	0	0	0
5.72969	0	0	0
5.73103	0	0	0
5.73237	0	0	0
5.73371	0	0	0
5.73505	0	0	0
5.73639	0	0	0
5.73772	0	0	0
5.73906	0	0	0
5.7404	0	0	0
5.74174	0	0	0
5.74308	0	0	0
5.74441	0	0	0
5.74575	0	0	0
5.74709	0	0	0
5.74843	0	0	0
5.74977	0	0	0
5.7511	0	0	0
5.75244	0	0	0
5.75378	0	0	0
5.75512	0	0	0
5.75646	0	0	0
5.7578	0	0	0
5.75913	0	0	0
5.76046	0	0	0
5.76179	0	0	0
5.76312	0	0	0
5.76445	0	0	0
5.76578	0	0	0
5.76711	0	0	0
5.76844	0	0	0
5.76977	0	0	0
5.7711	0	0	0
5.77243	0	0	0
5.77377	0	0	0
5.7751	0	0	0
5.77643	0	0	0
5.77776	0	0	0
5.77909	0	0	0
5.78042	0	0	0
5.78175	0	0	0
5.78308	0	0	0
5.78441	0	0	0
5.78574	0	0	0
5.78707	0	0	0
5.7884	0	0	0
5.78973	0	0	0
5.79107	0	0	0
5.7924	0	0	0
5.79373	0	0	0
5.79506	0	0	0
5.79639	0	0	0
5.79772	0	0	0
5.79905	0	0	0
5.80038	0	0	0
5.80171	0	0	0
5.80304	0	0	0
5.80437	0	0	0
5.8057	0	0	0
5.80703	0	0	0
5.80837	0	0	0
5.8097	0	0	0
5.81103	0	0	0
5.81236	0	0	0
5.81369	0	0	0
5.81502	0	0	0
5.81635	0	0	0
5.81768	0	0	0
5.81901	0	0	0
5.82034	0	0	0
5.82167	0	0	0
5.823	0	0	0
5.82434	0	0	0
5.82567	0	0	0
5.827	0	0	0
5.82833	0	0	0
5.82966	0	0	0
5.83099	0	0	0
5.83232	0	0	0
5.83365	0	0	0
5.83498	0	0	0
5.83631	0	0	0
5.83764	0	0	0
5.83897	0	0	0
5.8403	0	0	0
5.84164	0	0	0
5.84297	0	0	0
5.8443	0	0	0
5.84563	0	0	0
5.84696	0	0	0
5.84829	0	0	0
5.84962	0	0	0
5.85095	0	0	0
5.85228	0	0	0
5.85361	0	0	0
5.85494	0	0	0
5.85627	0	0	0
5.85761	0	0	0
5.85894	0	0	0
5.86027	0	0	0
5.8616	0	0	0
5.86293	0	0	0
5.86426	0	0	0
5.86559	0	0	0
5.86691	0	0	0
5.86823	0	0	0
5.86954	0	0	0
5.87086	0	0	0
5.87218	0	0	0
5.8735	0	0	0
5.87481	0	0	0
5.87613	0	0	0
5.87745	0	0	0
5.87877	0	0	0
5.88009	0	0	0
5.8814	0	0	0
5.88272	0	0	0
5.88404	0	0	0
5.88536	0	0	0
5.88667	0	0	0
5.88799	0	0	0
5.88931	0	0	0
5.89063	0	0	0
5.89194	0	0	0
5.89326	0	0	0
5.89458	0	0	0
5.8959	0	0	0
5.89722	0	0	0
5.89853	0	0	0
5.89985	0	0	0
5.90117	0	0	0
5.90249	0	0	0
5.9038	0	0	0
5.90512	0	0	0
5.90644	0	0	0
5.90776	0	0	0
5.90908	0	0	0
5.91039	0	0	0
5.91171	0	0	0
5.91303	0	0	0
5.91435	0	0	0
5.91566	0	0	0
5.91698	0	0	0
5.9183	0	0	0
5.91962	0	0	0
5.92094	0	0	0
5.92225	0	0	0
5.92357	0	0	0
5.92489	0	0	0
5.92621	0	0	0
5.92752	0	0	0
5.92884	0	0	0
5.93016	0	0	0
5.93148	0	0	0
5.93279	0	0	0
5.93411	0	0	0
5.93543	0	0	0
5.93675	0	0	0
5.93807	0	0	0
5.93938	0	0	0
5.9407	0	0	0
5.94202	0	0	0
5.94334	0	0	0
5.94465	0	0	0
5.94597	0	0	0
5.94729	0	0	0
5.94861	0	0	0
5.94993	0	0	0
5.95124	0	0	0
5.95256	0	0	0
5.95388	0	0	0
5.9552	0	0	0
5.95651	0	0	0
5.95783	0	0	0
5.95915	0	0	0
5.96047	0	0	0
5.96179	0	0	0
5.9631	0	0	0
5.96442	0	0	0
5.96574	0	0	0
5.96706	0	0	0
5.96837	0	0	0
5.96969	0	0	0
5.97101	0	0	0
5.97233	0	0	0
5.97365	0	0	0
5.97496	0	0	0
5.97628	0	0	0
5.9776	0	0	0
5.97892	0	0	0
5.98023	0	0	0
5.98155	0	0	0
5.98287	0	0	0
5.98419	0	0	0
5.9855	0	0	0
5.98682	0	0	0
5.98814	0	0	0
5.98946	0	0	0
5.99078	0	0	0
5.99209	0	0	0
5.99341	0	0	0
5.99473	0	0	0
5.99605	0	0	0
5.99736	0	0	0
5.99868	0	0	0
6	0	0	0
6.00131	0	0	0
6.00263	0	0	0
6.00394	0	0	0
6.00526	0	0	0
6.00657	0	0	0
6.00789	0	0	0
6.0092	0	0	0
6.01051	0	0	0
6.01183	0	0	0
6.01314	0	0	0
6.01446	0	0	0
6.01577	0	0	0
6.01708	0	0	0
6.0184	0	0	0
6.01971	0	0	0
6.02103	0	0	0
6.02234	0	0	0
6.02365	0	0	0
6.02497	0	0	0
6.02628	0	0	0
6.02759	0	0	0
6.02891	0	0	0
6.03022	0	0	0
6.03153	0	0	0
6.03285	0	0	0
6.03416	0	0	0
6.03547	0	0	0
6.03679	0	0	0
6.0381	0	0	0
6.03941	0	0	0
6.04073	0	0	0
6.04204	0	0	0
6.04335	0	0	0
6.04466	0	0	0
6.04598	0	0	0
6.04729	0	0	0
6.0486	0	0	0
6.04992	0	0	0
6.05123	0	0	0
6.05254	0	0	0
6.05385	0	0	0
6.05517	0	0	0
6.05648	0	0	0
6.05779	0	0	0
6.0591	0	0	0
6.06042	0	0	0
6.06173	0	0	0
6.06304	0	0	0
6.06435	0	0	0
6.06567	0	0	0
6.06698	0	0	0
6.06829	0	0	0
6.0696	0	0	0
6.07091	0	0	0
6.07223	0	0	0
6.07354	0	0	0
6.07485	0	0	0
6.07616	0	0	0
6.07748	0	0	0
6.07879	0	0	0
6.0801	0	0	0
6.08141	0	0	0
6.08273	0	0	0
6.08404	0	0	0
6.08535	0	0	0
6.08666	0	0	0
6.08797	0	0	0
6.08929	0	0	0
6.0906	0	0	0
6.09191	0	0	0
6.09322	0	0	0
6.09454	0	0	0
6.09585	0	0	0
6.09716	0	0	0
6.09847	0	0	0
6.09979	0	0	0
6.1011	0	0	0
6.10241	0	0	0
6.10372	0	0	0
6.10503	0	0	0
6.10635	0	0	0
6.10766	0	0	0
6.10897	0	0	0
6.11028	0	0	0
6.1116	0	0	0
6.11291	0	0	0
6.11422	0	0	0
6.11553	0	0	0
6.11685	0	0	0
6.11816	0	0	0
6.11947	0	0	0
6.12078	0	0	0
6.12209	0	0	0
6.12341	0	0	0
6.12472	0	0	0
6.12603	0	0	0
6.12734	0	0	0
6.12866	0	0	0
6.12997	0	0	0
6.13128	0	0	0
6.13259	0	0	0
6.13391	0	0	0
6.13522	0	0	0
6.13653	0	0	0
6.13784	0	0	0
6.13915	0	0	0
6.14047	0	0	0
6.14178	0	0	0
6.14309	0	0	0
6.1444	0	0	0
6.14572	0	0	0
6.14703	0	0	0
6.14834	0	0	0
6.14965	0	0	0
6.15096	0	0	0
6.15228	0	0	0
6.15359	0	0	0
6.1549	0	0	0
6.15621	0	0	0
6.15753	0	0	0
6.15884	0	0	0
6.16015	0	0	0
6.16146	0	0	0
6.16278	0	0	0
6.16409	0	0	0
6.1654	0	0	0
6.16671	0	0	0
6.16802	0	0	0
6.16934	0	0	0
6.17065	0	0	0
6.17196	0	0	0
6.17328	0	0	0
6.17459	0	0	0
6.1759	0	0	0
6.17722	0	0	0
6.17853	0	0	0
6.17984	0	0	0
6.18116	0	0	0
6.18247	0	0	0
6.18378	0	0	0
6.1851	0	0	0
6.18641	0	0	0
6.18772	0	0	0
6.18903	0	0	0
6.19035	0	0	0
6.19166	0	0	0
6.19297	0	0	0
6.19429	0	0	0
6.1956	0	0	0
6.19691	0	0	0
6.19823	0	0	0
6.19954	0	0	0
6.20085	0	0	0
6.20217	0	0	0
6.20348	0	0	0
6.2048	0	0	0
6.20611	0	0	0
6.20743	0	0	0
6.20874	0	0	0
6.21005	0	0	0
6.21137	0	0	0
6.21268	0	0	0
6.214	0	0	0
6.21531	0	0	0
6.21662	0	0	0
6.21794	0	0	0
6.21925	0	0	0
6.22057	0	0	0
6.22188	0	0	0
6.2232	0	0	0
6.22451	0	0	0
6.22583	0	0	0
6.22714	0	0	0
6.22846	0	0	0
6.22977	0	0	0
6.23109	0	0	0
6.2324	0	0	0
6.23372	0	0	0
6.23503	0	0	0
6.23635	0	0	0
6.23766	0	0	0
6.23898	0	0	0
6.24029	0	0	0
6.24161	0	0	0
6.24292	0	0	0
6.24424	0	0	0
6.24555	0	0	0
6.24687	0	0	0
6.24819	0	0	0
6.2495	0	0	0
6.25082	0	0	0
6.25213	0	0	0
6.25345	0	0	0
6.25477	0	0	0
6.25608	0	0	0
6.2574	0	0	0
6.25871	0	0	0
6.26003	0	0	0
6.26135	0	0	0
6.26266	0	0	0
6.26398	0	0	0
6.2653	0	0	0
6.26661	0	0	0
6.26793	0	0	0
6.26925	0	0	0
6.27056	0	0	0
6.27188	0	0	0
6.2732	0	0	0
6.27452	0	0	0
6.27583	0	0	0
6.27715	0	0	0
6.27847	0	0	0
6.27978	0	0	0
6.2811	0	0	0
6.28242	0	0	0
6.28374	0	0	0
6.28506	0	0	0
6.28637	0	0	0
6.28769	0	0	0
6.28901	0	0	0
6.29033	0	0	0
6.29165	0	0	0
6.29297	0	0	0
6.29428	0	0	0
6.2956	0	0	0
6.29692	0	0	0
6.29824	0	0	0
6.29956	0	0	0
6.30088	0	0	0
6.3022	0	0	0
6.30352	0	0	0
6.30484	0	0	0
6.30615	0	0	0
6.30747	0	0	0
6.30879	0	0	0
6.31011	0	0	0
6.31143	0	0	0
6.31275	0	0	0
6.31407	0	0	0
6.31539	0	0	0
6.31671	0	0	0
6.31803	0	0	0
6.31935	0	0	0
6.32067	0	0	0
6.32199	0	0	0
6.32331	0	0	0
6.32463	0	0	0
6.32595	0	0	0
6.32727	0	0	0
6.32859	0	0	0
6.32991	0	0	0
6.33124	0	0	0
6.33256	0	0	0
6.33388	0	0	0
6.3352	0	0	0
6.33652	0	0	0
6.33784	0	0	0
6.33916	0	0	0
6.34048	0	0	0
6.34181	0	0	0
6.34313	0	0	0
6.34445	0	0	0
6.34577	0	0	0
6.34709	0	0	0
6.34842	0	0	0
6.34974	0	0	0
6.35106	0	0	0
6.35238	0	0	0
6.35371	0	0	0
6.35503	0	0	0
6.35635	0	0	0
6.35767	0	0	0
6.359	0	0	0
6.36032	0	0	0
6.36164	0	0	0
6.36297	0	0	0
6.36429	0	0	0
6.36561	0	0	0
6.36694	0	0	0
6.36826	0	0	0
6.36958	0	0	0
6.37091	0	0	0
6.37223	0	0	0
6.37355	0	0	0
6.37488	0	0	0
6.3762	0	0	0
6.37753	0	0	0
6.37885	0	0	0
6.38017	0	0	0
6.3815	0	0	0
6.38282	0	0	0
6.38415	0	0	0
6.38547	0	0	0
6.3868	0	0	0
6.38812	0	0	0
6.38945	0	0	0
6.39077	0	0	0
6.3921	0	0	0
6.39342	0	0	0
6.39475	0	0	0
6.39607	0	0	0
6.3974	0	0	0
6.39872	0	0	0
6.40005	0	0	0
6.40138	0	0	0
6.4027	0	0	0
6.40403	0	0	0
6.40535	0	0	0
6.40668	0	0	0
6.40801	0	0	0
6.40933	0	0	0
6.41066	0	0	0
6.41199	0	0	0
6.41331	0	0	0
6.41464	0	0	0
6.41597	0	0	0
6.41729	0	0	0
6.41862	0	0	0
6.41995	0	0	0
6.42127	0	0	0
6.4226	0	0	0
6.42393	0	0	0
6.42526	0	0	0
6.42659	0	0	0
6.42791	0	0	0
6.42924	0	0	0
6.43057	0	0	0
6.4319	0	0	0
6.43322	0	0	0
6.43455	0	0	0
6.43588	0	0	0
6.43721	0	0	0
6.43854	0	0	0
6.43987	0	0	0
6.4412	0	0	0
6.44252	0	0	0
6.44385	0	0	0
6.44518	0	0	0
6.44651	0	0	0
6.44784	0	0	0
6.44917	0	0	0
6.4505	0	0	0
6.45183	0	0	0
6.45316	0	0	0
6.45449	0	0	0
6.45582	0	0	0
6.45715	0	0	0
6.45848	0	0	0
6.45981	0	0	0
6.46114	0	0	0
6.46247	0	0	0
6.4638	0	0	0
6.46513	0	0	0
6.46646	0	0	0
6.46779	0	0	0
6.46912	0	0	0
6.47045	0	0	0
6.47178	0	0	0
6.47311	0	0	0
6.47444	0	0	0
6.47578	0	0	0
6.47711	0	0	0
6.47844	0	0	0
6.47977	0	0	0
6.4811	0	0	0
6.48243	0	0	0
6.48376	0	0	0
6.48509	0	0	0
6.48643	0	0	0
6.48776	0	0	0
6.48909	0	0	0
6.49042	0	0	0
6.49176	0	0	0
6.49309	0	0	0
6.49442	0	0	0
6.49575	0	0	0
6.49708	0	0	0
6.49842	0	0	0
6.49975	0	0	0
6.50108	0	0	0
6.50242	0	0	0
6.50375	0	0	0
6.50508	0	0	0
6.50642	0	0	0
6.50775	0	0	0
6.50908	0	0	0
6.51042	0	0	0
6.51175	0	0	0
6.51308	0	0	0
6.51442	0	0	0
6.51575	0	0	0
6.51708	0	0	0
6.51842	0	0	0
6.51975	0	0	0
6.52109	0	0	0
6.52242	0	0	0
6.52376	0	0	0
6.52509	0	0	0
6.52643	0	0	0
6.52776	0	0	0
6.5291	0	0	0
6.53043	0	0	0
6.53177	0	0	0
6.5331	0	0	0
6.53444	0	0	0
6.53577	0	0	0
6.5371	0	0	0
6.53844	0	0	0
6.53978	0	0	0
6.54111	0	0	0
6.54245	0	0	0
6.54378	0	0	0
6.54512	0	0	0
6.54646	0	0	0
6.54779	0	0	0
6.54913	0	0	0
6.55046	0	0	0
6.5518	0	0	0
6.55314	0	0	0
6.55447	0	0	0
6.55581	0	0	0
6.55715	0	0	0
6.55848	0	0	0
6.55982	0	0	0
6.56116	0	0	0
6.5625	0	0	0
6.56383	0	0	0
6.56517	0	0	0
6.56651	0	0	0
6.56784	0	0	0
6.56918	0	0	0
6.57052	0	0	0
6.57186	0	0	0
6.57319	0	0	0
6.57453	0	0	0
6.57587	0	0	0
6.57721	0	0	0
6.57855	0	0	0
6.57988	0	0	0
6.58122	0	0	0
6.58256	0	0	0
6.5839	0	0	0
6.58524	0	0	0
6.58658	0	0	0
6.58792	0	0	0
6.58925	0	0	0
6.59059	0	0	0
6.59193	0	0	0
6.59327	0	0	0
6.59461	0	0	0
6.59595	0	0	0
6.59729	0	0	0
6.59863	0	0	0
6.59997	0	0	0
6.60131	0	0	0
6.60265	0	0	0
6.60399	0	0	0
6.60533	0	0	0
6.60667	0	0	0
6.60801	0	0	0
6.60934	0	0	0
6.61068	0	0	0
6.61202	0	0	0
6.61336	0	0	0
6.6147	0	0	0
6.61604	0	0	0
6.61738	0	0	0
6.61872	0	0	0
6.62007	0	0	0
6.62141	0	0	0
6.62275	0	0	0
6.62409	0	0	0
6.62543	0	0	0
6.62677	0	0	0
6.62811	0	0	0
6.62945	0	0	0
6.63079	0	0	0
6.63213	0	0	0
6.63348	0	0	0
6.63482	0	0	0
6.63616	0	0	0
6.6375	0	0	0
6.63884	0	0	0
6.64018	0	0	0
6.64152	0	0	0
6.64286	0	0	0
6.64421	0	0	0
6.64555	0	0	0
6.64689	0	0	0
6.64823	0	0	0
6.64958	0	0	0
6.65092	0	0	0
6.65226	0	0	0
6.6536	0	0	0
6.65495	0	0	0
6.65629	0	0	0
6.65763	0	0	0
6.65897	0	0	0
6.66032	0	0	0
6.66166	0	0	0
6.663	0	0	0
6.66434	0	0	0
6.66568	0	0	0
6.66703	0	0	0
6.66837	0	0	0
6.66971	0	0	0
6.67106	0	0	0
6.6724	0	0	0
6.67374	0	0	0
6.67509	0	0	0
6.67643	0	0	0
6.67777	0	0	0
6.67912	0	0	0
6.68046	0	0	0
6.68181	0	0	0
6.68315	0	0	0
6.68449	0	0	0
6.68584	0	0	0
6.68718	0	0	0
6.68852	0	0	0
6.68987	0	0	0
6.69121	0	0	0
6.69256	0	0	0
6.6939	0	0	0
6.69524	0	0	0
6.69659	0	0	0
6.69793	0	0	0
6.69927	0	0	0
6.70062	0	0	0
6.70196	0	0	0
6.70331	0	0	0
6.70465	0	0	0
6.70599	0	0	0
6.70734	0	0	0
6.70868	0	0	0
6.71003	0	0	0
6.71137	0	0	0
6.71272	0	0	0
6.71406	0	0	0
6.71541	0	0	0
6.71675	0	0	0
6.7181	0	0	0
6.71944	0	0	0
6.72079	0	0	0
6.72213	0	0	0
6.72348	0	0	0
6.72482	0	0	0
6.72617	0	0	0
6.72751	0	0	0
6.72886	0	0	0
6.7302	0	0	0
6.73155	0	0	0
6.73289	0	0	0
6.73424	0	0	0
6.73559	0	0	0
6.73693	0	0	0
6.73828	0	0	0
6.73962	0	0	0
6.74097	0	0	0
6.74231	0	0	0
6.74366	0	0	0
6.745	0	0	0
6.74635	0	0	0
6.74769	0	0	0
6.74904	0	0	0
6.75038	0	0	0
6.75173	0	0	0
6.75307	0	0	0
6.75442	0	0	0
6.75576	0	0	0
6.75711	0	0	0
6.75845	0	0	0
6.7598	0	0	0
6.76114	0	0	0
6.76249	0	0	0
6.76384	0	0	0
6.76518	0	0	0
6.76653	0	0	0
6.76788	0	0	0
6.76922	0	0	0
6.77057	0	0	0
6.77192	0	0	0
6.77326	0	0	0
6.77461	0	0	0
6.77596	0	0	0
6.7773	0	0	0
6.77865	0	0	0
6.78	0	0	0
6.78134	0	0	0
6.78269	0	0	0
6.78404	0	0	0
6.78538	0	0	0
6.78673	0	0	0
6.78808	0	0	0
6.78942	0	0	0
6.79077	0	0	0
6.79212	0	0	0
6.79346	0	0	0
6.79481	0	0	0
6.79616	0	0	0
6.7975	0	0	0
6.79885	0	0	0
6.80019	0	0	0
6.80154	0	0	0
6.80289	0	0	0
6.80423	0	0	0
6.80558	0	0	0
6.80693	0	0	0
6.80827	0	0	0
6.80962	0	0	0
6.81097	0	0	0
6.81231	0	0	0
6.81366	0	0	0
6.81501	0	0	0
6.81635	0	0	0
6.8177	0	0	0
6.81905	0	0	0
6.82039	0	0	0
6.82174	0	0	0
6.82309	0	0	0
6.82443	0	0	0
6.82578	0	0	0
6.82713	0	0	0
6.82847	0	0	0
6.82982	0	0	0
6.83117	0	0	0
6.83251	0	0	0
6.83386	0	0	0
6.83521	0	0	0
6.83655	0	0	0
6.8379	0	0	0
6.83925	0	0	0
6.84059	0	0	0
6.84194	0	0	0
6.84329	0	0	0
6.84463	0	0	0
6.84598	0	0	0
6.84733	0	0	0
6.84867	0	0	0
6.85002	0	0	0
6.85136	0	0	0
6.85271	0	0	0
6.85406	0	0	0
6.8554	0	0	0
6.85675	0	0	0
6.8581	0	0	0
6.85944	0	0	0
6.86079	0	0	0
6.86214	0	0	0
6.86348	0	0	0
6.86483	0	0	0
6.86618	0	0	0
6.86752	0	0	0
6.86887	0	0	0
6.87022	0	0	0
6.87156	0	0	0
6.87291	0	0	0
6.87426	0	0	0
6.8756	0	0	0
6.87695	0	0	0
6.8783	0	0	0
6.87964	0	0	0
6.88099	0	0	0
6.88234	0	0	0
6.88368	0	0	0
6.88503	0	0	0
6.88638	0	0	0
6.88772	0	0	0
6.88907	0	0	0
6.89042	0	0	0
6.89176	0	0	0
6.89311	0	0	0
6.89446	0	0	0
6.8958	0	0	0
6.89715	0	0	0
6.8985	0	0	0
6.89984	0	0	0
6.90119	0	0	0
6.90254	0	0	0
6.90388	0	0	0
6.90523	0	0	0
6.90657	0	0	0
6.90792	0	0	0
6.90927	0	0	0
6.91061	0	0	0
6.91196	0	0	0
6.91331	0	0	0
6.91465	0	0	0
6.916	0	0	0
6.91735	0	0	0
6.91869	0	0	0
6.92004	0	0	0
6.92139	0	0	0
6.92274	0	0	0
6.92408	0	0	0
6.92543	0	0	0
6.92678	0	0	0
6.92813	0	0	0
6.92948	0	0	0
6.93083	0	0	0
6.93217	0	0	0
6.93352	0	0	0
6.93487	0	0	0
6.93622	0	0	0
6.93757	0	0	0
6.93891	0	0	0
6.94026	0	0	0
6.94161	0	0	0
6.94296	0	0	0
6.94431	0	0	0
6.94566	0	0	0
6.947	0	0	0
6.94835	0	0	0
6.9497	0	0	0
6.95105	0	0	0
6.9524	0	0	0
6.95375	0	0	0
6.95509	0	0	0
6.95644	0	0	0
6.95779	0	0	0
6.95914	0	0	0
6.96049	0	0	0
6.96184	0	0	0
6.96318	0	0	0
6.96453	0	0	0
6.96588	0	0	0
6.96723	0	0	0
6.96858	0	0	0
6.96992	0	0	0
6.97127	0	0	0
6.97262	0	0	0
6.97397	0	0	0
6.97532	0	0	0
6.97667	0	0	0
6.97801	0	0	0
6.97936	0	0	0
6.98071	0	0	0
6.98206	0	0	0
6.98341	0	0	0
6.98476	0	0	0
6.9861	0	0	0
6.98745	0	0	0
6.9888	0	0	0
6.99015	0	0	0
6.9915	0	0	0
6.99285	0	0	0
6.99419	0	0	0
6.99554	0	0	0
6.99689	0	0	0
6.99824	0	0	0
6.99959	0	0	0
7.00093	0	0	0
7.00228	0	0	0
7.00363	0	0	0
7.00498	0	0	0
7.00632	0	0	0
7.00767	0	0	0
7.00902	0	0	0
7.01036	0	0	0
7.01171	0	0	0
7.01306	0	0	0
7.0144	0	0	0
7.01575	0	0	0
7.0171	0	0	0
7.01844	0	0	0
7.01979	0	0	0
7.02114	0	0	0
7.02248	0	0	0
7.02383	0	0	0
7.02517	0	0	0
7.02652	0	0	0
7.02787	0	0	0
7.02921	0	0	0
7.03056	0	0	0
7.03191	0	0	0
7.03325	0	0	0
7.0346	0	0	0
7.03595	0	0	0
7.03729	0	0	0
7.03864	0	0	0
7.03999	0	0	0
7.04133	0	0	0
7.04268	0	0	0
7.04402	0	0	0
7.04537	0	0	0
7.04672	0	0	0
7.04806	0	0	0
7.04941	0	0	0
7.05076	0	0	0
7.0521	0	0	0
7.05345	0	0	0
7.0548	0	0	0
7.05614	0	0	0
7.05749	0	0	0
7.05884	0	0	0
7.06018	0	0	0
7.06153	0	0	0
7.06288	0	0	0
7.06422	0	0	0
7.06557	0	0	0
7.06691	0	0	0
7.06826	0	0	0
7.06961	0	0	0
7.07095	0	0	0
7.0723	0	0	0
7.07365	0	0	0
7.07499	0	0	0
7.07634	0	0	0
7.07768	0	0	0
7.07903	0	0	0
7.08037	0	0	0
7.08172	0	0	0
7.08306	0	0	0
7.0844	0	0	0
7.08575	0	0	0
7.08709	0	0	0
7.08844	0	0	0
7.08978	0	0	0
7.09113	0	0	0
7.09247	0	0	0
7.09382	0	0	0
7.09516	0	0	0
7.0965	0	0	0
7.09785	0	0	0
7.09919	0	0	0
7.10054	0	0	0
7.10188	0	0	0
7.10323	0	0	0
7.10457	0	0	0
7.10592	0	0	0
7.10726	0	0	0
7.10861	0	0	0
7.10995	0	0	0
7.11129	0	0	0
7.11264	0	0	0
7.11398	0	0	0
7.11533	0	0	0
7.11667	0	0	0
7.11802	0	0	0
7.11936	0	0	0
7.12071	0	0	0
7.12205	0	0	0
7.12339	0	0	0
7.12474	0	0	0
7.12608	0	0	0
7.12743	0	0	0
7.12877	0	0	0
7.13011	0	0	0
7.13146	0	0	0
7.1328	0	0	0
7.13414	0	0	0
7.13548	0	0	0
7.13683	0	0	0
7.13817	0	0	0
7.13951	0	0	0
7.14085	0	0	0
7.1422	0	0	0
7.14354	0	0	0
7.14488	0	0	0
7.14622	0	0	0
7.14757	0	0	0
7.14891	0	0	0
7.15025	0	0	0
7.15159	0	0	0
7.15294	0	0	0
7.15428	0	0	0
7.15562	0	0	0
7.15696	0	0	0
7.15831	0	0	0
7.15965	0	0	0
7.16099	0	0	0
7.16233	0	0	0
7.16368	0	0	0
7.16502	0	0	0
7.16636	0	0	0
7.1677	0	0	0
7.16904	0	0	0
7.17039	0	0	0
7.17173	0	0	0
7.17307	0	0	0
7.17441	0	0	0
7.17576	0	0	0
7.1771	0	0	0
7.17844	0	0	0
7.17978	0	0	0
7.18112	0	0	0
7.18246	0	0	0
7.1838	0	0	0
7.18514	0	0	0
7.18648	0	0	0
7.18782	0	0	0
7.18916	0	0	0
7.1905	0	0	0
7.19184	0	0	0
7.19318	0	0	0
7.19452	0	0	0
7.19586	0	0	0
7.19721	0	0	0
7.19855	0	0	0
7.19989	0	0	0
7.20123	0	0	0
7.20257	0	0	0
7.20391	0	0	0
7.20525	0	0	0
7.20659	0	0	0
7.20793	0	0	0
7.20927	0	0	0
7.21061	0	0	0
7.21195	0	0	0
7.21329	0	0	0
7.21463	0	0	0
7.21597	0	0	0
7.21731	0	0	0
7.21865	0	0	0
7.21999	0	0	0
7.22133	0	0	0
7.22267	0	0	0
7.22401	0	0	0
7.22535	0	0	0
7.22669	0	0	0
7.22803	0	0	0
7.22937	0	0	0
7.23071	0	0	0
7.23205	0	0	0
7.23338	0	0	0
7.23472	0	0	0
7.23606	0	0	0
7.2374	0	0	0
7.23874	0	0	0
7.24007	0	0	0
7.24141	0	0	0
7.24275	0	0	0
7.24409	0	0	0
7.24543	0	0	0
7.24676	0	0	0
7.2481	0	0	0
7.24944	0	0	0
7.25078	0	0	0
7.25211	0	0	0
7.25345	0	0	0
7.25479	0	0	0
7.25613	0	0	0
7.25747	0	0	0
7.2588	0	0	0
7.26014	0	0	0
7.26148	0	0	0
7.26282	0	0	0
7.26416	0	0	0
7.26549	0	0	0
7.26683	0	0	0
7.26817	0	0	0
7.26951	0	0	0
7.27085	0	0	0
7.27218	0	0	0
7.27352	0	0	0
7.27486	0	0	0
7.2762	0	0	0
7.27753	0	0	0
7.27887	0	0	0
7.28021	0	0	0
7.28155	0	0	0
7.28289	0	0	0
7.28422	0	0	0
7.28556	0	0	0
7.2869	0	0	0
7.28824	0	0	0
7.28958	0	0	0
7.29091	0	0	0
7.29225	0	0	0
7.29359	0	0	0
7.29492	0	0	0
7.29626	0	0	0
7.29759	0	0	0
7.29893	0	0	0
7.30026	0	0	0
7.3016	0	0	0
7.30293	0	0	0
7.30427	0	0	0
7.30561	0	0	0
7.30694	0	0	0
7.30828	0	0	0
7.30961	0	0	0
7.31095	0	0	0
7.31228	0	0	0
7.31362	0	0	0
7.31495	0	0	0
7.31629	0	0	0
7.31762	0	0	0
7.31896	0	0	0
7.32029	0	0	0
7.32163	0	0	0
7.32297	0	0	0
7.3243	0	0	0
7.32564	0	0	0
7.32697	0	0	0
7.32831	0	0	0
7.32964	0	0	0
7.33098	0	0	0
7.33231	0	0	0
7.33365	0	0	0
7.33498	0	0	0
7.33632	0	0	0
7.33765	0	0	0
7.33899	0	0	0
7.34033	0	0	0
7.34166	0	0	0
7.343	0	0	0
7.34433	0	0	0
7.34567	0	0	0
7.347	0	0	0
7.34834	0	0	0
7.34967	0	0	0
7.35101	0	0	0
7.35234	0	0	0
7.35368	0	0	0
7.35501	0	0	0
7.35634	0	0	0
7.35767	0	0	0
7.35901	0	0	0
7.36034	0	0	0
7.36167	0	0	0
7.363	0	0	0
7.36434	0	0	0
7.36567	0	0	0
7.367	0	0	0
7.36834	0	0	0
7.36967	0	0	0
7.371	0	0	0
7.37233	0	0	0
7.37367	0	0	0
7.375	0	0	0
7.37633	0	0	0
7.37766	0	0	0
7.379	0	0	0
7.38033	0	0	0
7.38166	0	0	0
7.38299	0	0	0
7.38433	0	0	0
7.38566	0	0	0
7.38699	0	0	0
7.38832	0	0	0
7.38966	0	0	0
7.39099	0	0	0
7.39232	0	0	0
7.39365	0	0	0
7.39499	0	0	0
7.39632	0	0	0
7.39765	0	0	0
7.39899	0	0	0
7.40032	0	0	0
7.40165	0	0	0
7.40298	0	0	0
7.40432	0	0	0
7.40565	0	0	0
7.40698	0	0	0
7.40831	0	0	0
7.40965	0	0	0
7.41098	0	0	0
7.41231	0	0	0
7.41364	0	0	0
7.41498	0	0	0
7.41631	0	0	0
7.41764	0	0	0
7.41897	0	0	0
7.42031	0	0	0
7.42164	0	0	0
7.42297	0	0	0
7.42431	0	0	0
7.42564	0	0	0
7.42697	0	0	0
7.4283	0	0	0
7.42964	0	0	0
7.43097	0	0	0
7.4323	0	0	0
7.43363	0	0	0
7.43496	0	0	0
7.43629	0	0	0
7.43762	0	0	0
7.43895	0	0	0
7.44028	0	0	0
7.44161	0	0	0
7.44294	0	0	0
7.44427	0	0	0
7.4456	0	0	0
7.44693	0	0	0
7.44826	0	0	0
7.44958	0	0	0
7.45091	0	0	0
7.45224	0	0	0
7.45357	0	0	0
7.4549	0	0	0
7.45623	0	0	0
7.45756	0	0	0
7.45889	0	0	0
7.46022	0	0	0
7.46155	0	0	0
7.46288	0	0	0
7.46421	0	0	0
7.46554	0	0	0
7.46687	0	0	0
7.4682	0	0	0
7.46953	0	0	0
7.47086	0	0	0
7.47219	0	0	0
7.47352	0	0	0
7.47485	0	0	0
7.47617	0	0	0
7.4775	0	0	0
7.47883	0	0	0
7.48016	0	0	0
7.48149	0	0	0
7.48282	0	0	0
7.48415	0	0	0
7.48548	0	0	0
7.48681	0	0	0
7.48814	0	0	0
7.48947	0	0	0
7.4908	0	0	0
7.49213	0	0	0
7.49346	0	0	0
7.49479	0	0	0
7.49612	0	0	0
7.49745	0	0	0
7.49878	0	0	0
7.50011	0	0	0
7.50144	0	0	0
7.50276	0	0	0
7.50409	0	0	0
7.50542	0	0	0
7.50675	0	0	0
7.50808	0	0	0
7.50941	0	0	0
7.51074	0	0	0
7.51207	0	0	0
7.5134	0	0	0
7.51473	0	0	0
7.51606	0	0	0
7.51739	0	0	0
7.51872	0	0	0
7.52005	0	0	0
7.52138	0	0	0
7.52271	0	0	0
7.52404	0	0	0
7.52537	0	0	0
7.5267	0	0	0
7.52803	0	0	0
7.52936	0	0	0
7.53068	0	0	0
7.53201	0	0	0
7.53334	0	0	0
7.53467	0	0	0
7.536	0	0	0
7.53733	0	0	0
7.53866	0	0	0
7.53999	0	0	0
7.54132	0	0	0
7.54265	0	0	0
7.54398	0	0	0
7.54531	0	0	0
7.54664	0	0	0
7.54797	0	0	0
7.5493	0	0	0
7.55063	0	0	0
7.55196	0	0	0
7.55329	0	0	0
7.55462	0	0	0
7.55595	0	0	0
7.55727	0	0	0
7.5586	0	0	0
7.55993	0	0	0
7.56126	0	0	0
7.56259	0	0	0
7.56392	0	0	0
7.56525	0	0	0
7.56658	0	0	0
7.56791	0	0	0
7.56924	0	0	0
7.57057	0	0	0
7.5719	0	0	0
7.57323	0	0	0
7.57456	0	0	0
7.57589	0	0	0
7.57722	0	0	0
7.57855	0	0	0
7.57988	0	0	0
7.58121	0	0	0
7.58254	0	0	0
7.58386	0	0	0
7.58519	0	0	0
7.58652	0	0	0
7.58785	0	0	0
7.58918	0	0	0
7.59051	0	0	0
7.59184	0	0	0
7.59317	0	0	0
7.5945	0	0	0
7.59583	0	0	0
7.59716	0	0	0
7.59849	0	0	0
7.59982	0	0	0
7.60115	0	0	0
7.60248	0	0	0
7.60381	0	0	0
7.60514	0	0	0
7.60647	0	0	0
7.6078	0	0	0
7.60913	0	0	0
7.61045	0	0	0
7.61178	0	0	0
7.61311	0	0	0
7.61444	0	0	0
7.61576	0	0	0
7.61709	0	0	0
7.61841	0	0	0
7.61974	0	0	0
7.62106	0	0	0
7.62239	0	0	0
7.62371	0	0	0
7.62504	0	0	0
7.62636	0	0	0
7.62769	0	0	0
7.62901	0	0	0
7.63034	0	0	0
7.63166	0	0	0
7.63299	0	0	0
7.63431	0	0	0
7.63564	0	0	0
7.63696	0	0	0
7.63829	0	0	0
7.63961	0	0	0
7.64094	0	0	0
7.64226	0	0	0
7.64359	0	0	0
7.64491	0	0	0
7.64624	0	0	0
7.64756	0	0	0
7.64889	0	0	0
7.65021	0	0	0
7.65154	0	0	0
7.65286	0	0	0
7.65419	0	0	0
7.65551	0	0	0
7.65684	0	0	0
7.65816	0	0	0
7.65949	0	0	0
7.66081	0	0	0
7.66214	0	0	0
7.66346	0	0	0
7.66479	0	0	0
7.66611	0	0	0
7.66744	0	0	0
7.66876	0	0	0
7.67009	0	0	0
7.67141	0	0	0
7.67274	0	0	0
7.67406	0	0	0
7.67539	0	0	0
7.67671	0	0	0
7.67804	0	0	0
7.67936	0	0	0
7.68069	0	0	0
7.68201	0	0	0
7.68334	0	0	0
7.68466	0	0	0
7.68599	0	0	0
7.68731	0	0	0
7.68864	0	0	0
7.68996	0	0	0
7.69129	0	0	0
7.69261	0	0	0
7.69393	0	0	0
7.69525	0	0	0
7.69657	0	0	0
7.69789	0	0	0
7.69921	0	0	0
7.70053	0	0	0
7.70185	0	0	0
7.70317	0	0	0
7.70448	0	0	0
7.7058	0	0	0
7.70712	0	0	0
7.70844	0	0	0
7.70976	0	0	0
7.71108	0	0	0
7.7124	0	0	0
7.71372	0	0	0
7.71504	0	0	0
7.71636	0	0	0
7.71768	0	0	0
7.719	0	0	0
7.72032	0	0	0
7.72163	0	0	0
7.72295	0	0	0
7.72427	0	0	0
7.72559	0	0	0
7.72691	0	0	0
7.72823	0	0	0
7.72955	0	0	0
7.73087	0	0	0
7.73219	0	0	0
7.73351	0	0	0
7.73483	0	0	0
7.73615	0	0	0
7.73747	0	0	0
7.73879	0	0	0
7.7401	0	0	0
7.74142	0	0	0
7.74274	0	0	0
7.74406	0	0	0
7.74538	0	0	0
7.7467	0	0	0
7.74802	0	0	0
7.74934	0	0	0
7.75066	0	0	0
7.75198	0	0	0
7.7533	0	0	0
7.75462	0	0	0
7.75594	0	0	0
7.75726	0	0	0
7.75857	0	0	0
7.75989	0	0	0
7.76121	0	0	0
7.76253	0	0	0
7.76385	0	0	0
7.76517	0	0	0
7.76649	0	0	0
7.76781	0	0	0
7.76913	0	0	0
7.77045	0	0	0
7.77177	0	0	0
7.77309	0	0	0
7.77441	0	0	0
7.77572	0	0	0
7.77704	0	0	0
7.77836	0	0	0
7.77968	0	0	0
7.781	0	0	0
7.78232	0	0	0
7.78363	0	0	0
7.78494	0	0	0
7.78626	0	0	0
7.78757	0	0	0
7.78888	0	0	0
7.79019	0	0	0
7.7915	0	0	0
7.79281	0	0	0
7.79412	0	0	0
7.79543	0	0	0
7.79675	0	0	0
7.79806	0	0	0
7.79937	0	0	0
7.80068	0	0	0
7.80199	0	0	0
7.8033	0	0	0
7.80461	0	0	0
7.80592	0	0	0
7.80724	0	0	0
7.80855	0	0	0
7.80986	0	0	0
7.81117	0	0	0
7.81248	0	0	0
7.81379	0	0	0
7.8151	0	0	0
7.81642	0	0	0
7.81773	0	0	0
7.81904	0	0	0
7.82035	0	0	0
7.82166	0	0	0
7.82297	0	0	0
7.82428	0	0	0
7.82559	0	0	0
7.82691	0	0	0
7.82822	0	0	0
7.82953	0	0	0
7.83084	0	0	0
7.83215	0	0	0
7.83346	0	0	0
7.83477	0	0	0
7.83609	0	0	0
7.8374	0	0	0
7.83871	0	0	0
7.84002	0	0	0
7.84133	0	0	0
7.84264	0	0	0
7.84395	0	0	0
7.84526	0	0	0
7.84658	0	0	0
7.84789	0	0	0
7.8492	0	0	0
7.85051	0	0	0
7.85182	0	0	0
7.85313	0	0	0
7.85444	0	0	0
7.85575	0	0	0
7.85707	0	0	0
7.85838	0	0	0
7.85969	0	0	0
7.861	0	0	0
7.86231	0	0	0
7.86362	0	0	0
7.86493	0	0	0
7.86625	0	0	0
7.86756	0	0	0
7.86887	0	0	0
7.87018	0	0	0
7.87149	0	0	0
7.8728	0	0	0
7.87411	0	0	0
7.87542	0	0	0
7.87674	0	0	0
7.87805	0	0	0
7.87936	0	0	0
7.88067	0	0	0
7.88198	0	0	0
7.88329	0	0	0
7.8846	0	0	0
7.88592	0	0	0
7.88723	0	0	0
7.88854	0	0	0
7.88985	0	0	0
7.89116	0	0	0
7.89247	0	0	0
7.89378	0	0	0
7.89509	0	0	0
7.89641	0	0	0
7.89772	0	0	0
7.89903	0	0	0
7.90034	0	0	0
7.90165	0	0	0
7.90296	0	0	0
7.90427	0	0	0
7.90559	0	0	0
7.9069	0	0	0
7.90821	0	0	0
7.90952	0	0	0
7.91083	0	0	0
7.91214	0	0	0
7.91345	0	0	0
7.91476	0	0	0
7.91608	0	0	0
7.91739	0	0	0
7.9187	0	0	0
7.92001	0	0	0
7.92132	0	0	0
7.92263	0	0	0
7.92394	0	0	0
7.92525	0	0	0
7.92657	0	0	0
7.92788	0	0	0
7.92919	0	0	0
7.9305	0	0	0
7.93181	0	0	0
7.93312	0	0	0
7.93443	0	0	0
7.93575	0	0	0
7.93706	0	0	0
7.93837	0	0	0
7.93968	0	0	0
7.94099	0	0	0
7.9423	0	0	0
7.94361	0	0	0
7.94492	0	0	0
7.94624	0	0	0
7.94755	0	0	0
7.94886	0	0	0
7.95017	0	0	0
7.95148	0	0	0
7.95279	0	0	0
7.9541	0	0	0
7.95542	0	0	0
7.95673	0	0	0
7.95804	0	0	0
7.95935	0	0	0
7.96066	0	0	0
7.96197	0	0	0
7.96328	0	0	0
7.96459	0	0	0
7.96591	0	0	0
7.96722	0	0	0
7.96853	0	0	0
7.96984	0	0	0
7.97115	0	0	0
7.97246	0	0	0
7.97377	0	0	0
7.97508	0	0	0
7.9764	0	0	0
7.97771	0	0	0
7.97902	0	0	0
7.98033	0	0	0
7.98164	0	0	0
7.98295	0	0	0
7.98426	0	0	0
7.98558	0	0	0
7.98689	0	0	0
7.9882	0	0	0
7.98951	0	0	0
7.99082	0	0	0
7.99213	0	0	0
7.99344	0	0	0
7.99475	0	0	0
7.99607	0	0	0
7.99738	0	0	0
7.99869	0	0	0
8	0	0	0
8.00131	0	0	0
8.00262	0	0	0
8.00393	0	0	0
8.00524	0	0	0
8.00654	0	0	0
8.00785	0	0	0
8.00916	0	0	0
8.01047	0	0	0
8.01178	0	0	0
8.01309	0	0	0
8.0144	0	0	0
8.01571	0	0	0
8.01702	0	0	0
8.01832	0	0	0
8.01963	0	0	0
8.02094	0	0	0
8.02225	0	0	0
8.02356	0	0	0
8.02487	0	0	0
8.02618	0	0	0
8.02749	0	0	0
8.0288	0	0	0
8.03011	0	0	0
8.03142	0	0	0
8.03273	0	0	0
8.03404	0	0	0
8.03535	0	0	0
8.03666	0	0	0
8.03797	0	0	0
8.03928	0	0	0
8.04059	0	0	0
8.0419	0	0	0
8.04321	0	0	0
8.04452	0	0	0
8.04583	0	0	0
8.04714	0	0	0
8.04845	0	0	0
8.04976	0	0	0
8.05107	0	0	0
8.05238	0	0	0
8.0537	0	0	0
8.05501	0	0	0
8.05632	0	0	0
8.05763	0	0	0
8.05894	0	0	0
8.06025	0	0	0
8.06156	0	0	0
8.06288	0	0	0
8.06419	0	0	0
8.0655	0	0	0
8.06681	0	0	0
8.06812	0	0	0
8.06943	0	0	0
8.07075	0	0	0
8.07206	0	0	0
8.07337	0	0	0
8.07468	0	0	0
8.07599	0	0	0
8.07731	0	0	0
8.07862	0	0	0
8.07993	0	0	0
8.08124	0	0	0
8.08256	0	0	0
8.08387	0	0	0
8.08518	0	0	0
8.0865	0	0	0
8.08781	0	0	0
8.08912	0	0	0
8.09044	0	0	0
8.09175	0	0	0
8.09306	0	0	0
8.09438	0	0	0
8.09569	0	0	0
8.097	0	0	0
8.09832	0	0	0
8.09963	0	0	0
8.10095	0	0	0
8.10226	0	0	0
8.10358	0	0	0
8.10489	0	0	0
8.1062	0	0	0
8.10752	0	0	0
8.10883	0	0	0
8.11015	0	0	0
8.11146	0	0	0
8.11278	0	0	0
8.11409	0	0	0
8.11541	0	0	0
8.11672	0	0	0
8.11804	0	0	0
8.11936	0	0	0
8.12067	0	0	0
8.12199	0	0	0
8.1233	0	0	0
8.12462	0	0	0
8.12594	0	0	0
8.12725	0	0	0
8.12857	0	0	0
8.12989	0	0	0
8.1312	0	0	0
8.13252	0	0	0
8.13384	0	0	0
8.13515	0	0	0
8.13647	0	0	0
8.13779	0	0	0
8.13911	0	0	0
8.14042	0	0	0
8.14174	0	0	0
8.14306	0	0	0
8.14438	0	0	0
8.1457	0	0	0
8.14701	0	0	0
8.14833	0	0	0
8.14965	0	0	0
8.15097	0	0	0
8.15229	0	0	0
8.15361	0	0	0
8.15493	0	0	0
8.15625	0	0	0
8.15757	0	0	0
8.15889	0	0	0
8.16021	0	0	0
8.16153	0	0	0
8.16285	0	0	0
8.16417	0	0	0
8.16549	0	0	0
8.16681	0	0	0
8.16813	0	0	0
8.16945	0	0	0
8.17078	0	0	0
8.1721	0	0	0
8.17342	0	0	0
8.17474	0	0	0
8.17606	0	0	0
8.17739	0	0	0
8.17871	0	0	0
8.18003	0	0	0
8.18135	0	0	0
8.18268	0	0	0
8.184	0	0	0
8.18532	0	0	0
8.18665	0	0	0
8.18797	0	0	0
8.18929	0	0	0
8.19062	0	0	0
8.19194	0	0	0
8.19327	0	0	0
8.19459	0	0	0
8.19592	0	0	0
8.19724	0	0	0
8.19857	0	0	0
8.19989	0	0	0
8.20122	0	0	0
8.20254	0	0	0
8.20387	0	0	0
8.2052	0	0	0
8.20652	0	0	0
8.20785	0	0	0
8.20918	0	0	0
8.2105	0	0	0
8.21183	0	0	0
8.21316	0	0	0
8.21448	0	0	0
8.21581	0	0	0
8.21714	0	0	0
8.21847	0	0	0
8.2198	0	0	0
8.22113	0	0	0
8.22245	0	0	0
8.22378	0	0	0
8.22511	0	0	0
8.22644	0	0	0
8.22777	0	0	0
8.2291	0	0	0
8.23043	0	0	0
8.23176	0	0	0
8.23309	0	0	0
8.23442	0	0	0
8.23575	0	0	0
8.23708	0	0	0
8.23841	0	0	0
8.23974	0	0	0
8.24107	0	0	0
8.24241	0	0	0
8.24374	0	0	0
8.24507	0	0	0
8.2464	0	0	0
8.24773	0	0	0
8.24907	0	0	0
8.2504	0	0	0
8.25173	0	0	0
8.25307	0	0	0
8.2544	0	0	0
8.25573	0	0	0
8.25707	0	0	0
8.2584	0	0	0
8.25973	0	0	0
8.26107	0	0	0
8.2624	0	0	0
8.26374	0	0	0
8.26507	0	0	0
8.26641	0	0	0
8.26774	0	0	0
8.26908	0	0	0
8.27041	0	0	0
8.27175	0	0	0
8.27308	0	0	0
8.27442	0	0	0
8.27576	0	0	0
8.27709	0	0	0
8.27843	0	0	0
8.27977	0	0	0
8.2811	0	0	0
8.28244	0	0	0
8.28378	0	0	0
8.28512	0	0	0
8.28646	0	0	0
8.28779	0	0	0
8.28913	0	0	0
8.29047	0	0	0
8.29181	0	0	0
8.29315	0	0	0
8.29449	0	0	0
8.29582	0	0	0
8.29716	0	0	0
8.2985	0	0	0
8.29984	0	0	0
8.30118	0	0	0
8.30252	0	0	0
8.30386	0	0	0
8.3052	0	0	0
8.30654	0	0	0
8.30788	0	0	0
8.30922	0	0	0
8.31056	0	0	0
8.3119	0	0	0
8.31324	0	0	0
8.31458	0	0	0
8.31592	0	0	0
8.31727	0	0	0
8.31861	0	0	0
8.31995	0	0	0
8.32129	0	0	0
8.32263	0	0	0
8.32397	0	0	0
8.32532	0	0	0
8.32666	0	0	0
8.328	0	0	0
8.32934	0	0	0
8.33069	0	0	0
8.33203	0	0	0
8.33337	0	0	0
8.33471	0	0	0
8.33606	0	0	0
8.3374	0	0	0
8.33874	0	0	0
8.34009	0	0	0
8.34143	0	0	0
8.34277	0	0	0
8.34412	0	0	0
8.34546	0	0	0
8.34681	0	0	0
8.34815	0	0	0
8.34949	0	0	0
8.35084	0	0	0
8.35218	0	0	0
8.35353	0	0	0
8.35487	0	0	0
8.35621	0	0	0
8.35756	0	0	0
8.3589	0	0	0
8.36025	0	0	0
8.36159	0	0	0
8.36294	0	0	0
8.36428	0	0	0
8.36563	0	0	0
8.36697	0	0	0
8.36832	0	0	0
8.36966	0	0	0
8.37101	0	0	0
8.37235	0	0	0
8.3737	0	0	0
8.37504	0	0	0
8.37639	0	0	0
8.37773	0	0	0
8.37908	0	0	0
8.38042	0	0	0
8.38177	0	0	0
8.38311	0	0	0
8.38446	0	0	0
8.3858	0	0	0
8.38715	0	0	0
8.38849	0	0	0
8.38984	0	0	0
8.39118	0	0	0
8.39253	0	0	0
8.39388	0	0	0
8.39522	0	0	0
8.39657	0	0	0
8.39791	0	0	0
8.39926	0	0	0
8.4006	0	0	0
8.40195	0	0	0
8.40329	0	0	0
8.40464	0	0	0
8.40598	0	0	0
8.40733	0	0	0
8.40867	0	0	0
8.41002	0	0	0
8.41136	0	0	0
8.41271	0	0	0
8.41405	0	0	0
8.4154	0	0	0
8.41674	0	0	0
8.41809	0	0	0
8.41943	0	0	0
8.42078	0	0	0
8.42212	0	0	0
8.42347	0	0	0
8.42481	0	0	0
8.42615	0	0	0
8.4275	0	0	0
8.42884	0	0	0
8.43019	0	0	0
8.43153	0	0	0
8.43287	0	0	0
8.43422	0	0	0
8.43556	0	0	0
8.43691	0	0	0
8.43825	0	0	0
8.43959	0	0	0
8.44094	0	0	0
8.44228	0	0	0
8.44362	0	0	0
8.44497	0	0	0
8.44631	0	0	0
8.44765	0	0	0
8.44899	0	0	0
8.45034	0	0	0
8.45168	0	0	0
8.45302	0	0	0
8.45437	0	0	0
8.45571	0	0	0
8.45705	0	0	0
8.45839	0	0	0
8.45973	0	0	0
8.46107	0	0	0
8.46242	0	0	0
8.46376	0	0	0
8.4651	0	0	0
8.46644	0	0	0
8.46778	0	0	0
8.46912	0	0	0
8.47046	0	0	0
8.4718	0	0	0
8.47315	0	0	0
8.47449	0	0	0
8.47583	0	0	0
8.47717	0	0	0
8.47851	0	0	0
8.47985	0	0	0
8.48119	0	0	0
8.48253	0	0	0
8.48387	0	0	0
8.48521	0	0	0
8.48654	0	0	0
8.48788	0	0	0
8.48922	0	0	0
8.49056	0	0	0
8.4919	0	0	0
8.49324	0	0	0
8.49458	0	0	0
8.49592	0	0	0
8.49725	0	0	0
8.49859	0	0	0
8.49993	0	0	0
8.50127	0	0	0
8.50261	0	0	0
8.50394	0	0	0
8.50528	0	0	0
8.50662	0	0	0
8.50796	0	0	0
8.50929	0	0	0
8.51063	0	0	0
8.51197	0	0	0
8.5133	0	0	0
8.51464	0	0	0
8.51597	0	0	0
8.51731	0	0	0
8.51865	0	0	0
8.51998	0	0	0
8.52132	0	0	0
8.52265	0	0	0
8.52399	0	0	0
8.52532	0	0	0
8.52666	0	0	0
8.52799	0	0	0
8.52933	0	0	0
8.53066	0	0	0
8.532	0	0	0
8.53333	0	0	0
8.53466	0	0	0
8.536	0	0	0
8.53733	0	0	0
8.53866	0	0	0
8.54	0	0	0
8.54133	0	0	0
8.54266	0	0	0
8.544	0	0	0
8.54533	0	0	0
8.54666	0	0	0
8.54799	0	0	0
8.54932	0	0	0
8.55066	0	0	0
8.55199	0	0	0
8.55332	0	0	0
8.55465	0	0	0
8.55598	0	0	0
8.55731	0	0	0
8.55864	0	0	0
8.55997	0	0	0
8.56131	0	0	0
8.56263	0	0	0
8.56396	0	0	0
8.56529	0	0	0
8.56662	0	0	0
8.56795	0	0	0
8.56928	0	0	0
8.57061	0	0	0
8.57194	0	0	0
8.57327	0	0	0
8.5746	0	0	0
8.57593	0	0	0
8.57725	0	0	0
8.57858	0	0	0
8.57991	0	0	0
8.58124	0	0	0
8.58257	0	0	0
8.58389	0	0	0
8.58522	0	0	0
8.58655	0	0	0
8.58787	0	0	0
8.5892	0	0	0
8.59053	0	0	0
8.59186	0	0	0
8.59318	0	0	0
8.59451	0	0	0
8.59583	0	0	0
8.59716	0	0	0
8.59848	0	0	0
8.59981	0	0	0
8.60114	0	0	0
8.60246	0	0	0
8.60378	0	0	0
8.60511	0	0	0
8.60643	0	0	0
8.60776	0	0	0
8.60908	0	0	0
8.61041	0	0	0
8.61173	0	0	0
8.61306	0	0	0
8.61438	0	0	0
8.6157	0	0	0
8.61703	0	0	0
8.61835	0	0	0
8.61967	0	0	0
8.621	0	0	0
8.62232	0	0	0
8.62364	0	0	0
8.62496	0	0	0
8.62628	0	0	0
8.62761	0	0	0
8.62893	0	0	0
8.63025	0	0	0
8.63157	0	0	0
8.63289	0	0	0
8.63421	0	0	0
8.63554	0	0	0
8.63686	0	0	0
8.63818	0	0	0
8.6395	0	0	0
8.64082	0	0	0
8.64214	0	0	0
8.64346	0	0	0
8.64478	0	0	0
8.6461	0	0	0
8.64742	0	0	0
8.64874	0	0	0
8.65006	0	0	0
8.65138	0	0	0
8.6527	0	0	0
8.65402	0	0	0
8.65534	0	0	0
8.65666	0	0	0
8.65797	0	0	0
8.65929	0	0	0
8.66061	0	0	0
8.66193	0	0	0
8.66325	0	0	0
8.66457	0	0	0
8.66588	0	0	0
8.6672	0	0	0
8.66852	0	0	0
8.66984	0	0	0
8.67115	0	0	0
8.67247	0	0	0
8.67379	0	0	0
8.6751	0	0	0
8.67642	0	0	0
8.67774	0	0	0
8.67905	0	0	0
8.68037	0	0	0
8.68169	0	0	0
8.683	0	0	0
8.68432	0	0	0
8.68563	0	0	0
8.68695	0	0	0
8.68827	0	0	0
8.68958	0	0	0
8.6909	0	0	0
8.69221	0	0	0
8.69353	0	0	0
8.69484	0	0	0
8.69616	0	0	0
8.69747	0	0	0
8.69879	0	0	0
8.7001	0	0	0
8.70142	0	0	0
8.70273	0	0	0
8.70404	0	0	0
8.70536	0	0	0
8.70667	0	0	0
8.70799	0	0	0
8.7093	0	0	0
8.71062	0	0	0
8.71193	0	0	0
8.71324	0	0	0
8.71456	0	0	0
8.71587	0	0	0
8.71718	0	0	0
8.71849	0	0	0
8.71981	0	0	0
8.72112	0	0	0
8.72243	0	0	0
8.72375	0	0	0
8.72506	0	0	0
8.72637	0	0	0
8.72769	0	0	0
8.729	0	0	0
8.73031	0	0	0
8.73162	0	0	0
8.73294	0	0	0
8.73425	0	0	0
8.73556	0	0	0
8.73687	0	0	0
8.73818	0	0	0
8.7395	0	0	0
8.74081	0	0	0
8.74212	0	0	0
8.74343	0	0	0
8.74474	0	0	0
8.74605	0	0	0
8.74737	0	0	0
8.74868	0	0	0
8.74999	0	0	0
8.7513	0	0	0
8.75261	0	0	0
8.75392	0	0	0
8.75524	0	0	0
8.75655	0	0	0
8.75786	0	0	0
8.75917	0	0	0
8.76048	0	0	0
8.76179	0	0	0
8.76311	0	0	0
8.76442	0	0	0
8.76573	0	0	0
8.76704	0	0	0
8.76835	0	0	0
8.76966	0	0	0
8.77098	0	0	0
8.77229	0	0	0
8.7736	0	0	0
8.77491	0	0	0
8.77622	0	0	0
8.77753	0	0	0
8.77884	0	0	0
8.78015	0	0	0
8.78146	0	0	0
8.78278	0	0	0
8.78409	0	0	0
8.7854	0	0	0
8.78671	0	0	0
8.78802	0	0	0
8.78933	0	0	0
8.79064	0	0	0
8.79195	0	0	0
8.79326	0	0	0
8.79457	0	0	0
8.79588	0	0	0
8.79719	0	0	0
8.7985	0	0	0
8.79981	0	0	0
8.80112	0	0	0
8.80243	0	0	0
8.80374	0	0	0
8.80505	0	0	0
8.80636	0	0	0
8.80767	0	0	0
8.80898	0	0	0
8.8103	0	0	0
8.81161	0	0	0
8.81292	0	0	0
8.81423	0	0	0
8.81554	0	0	0
8.81685	0	0	0
8.81817	0	0	0
8.81948	0	0	0
8.82079	0	0	0
8.8221	0	0	0
8.82341	0	0	0
8.82472	0	0	0
8.82604	0	0	0
8.82735	0	0	0
8.82866	0	0	0
8.82997	0	0	0
8.83128	0	0	0
8.83259	0	0	0
8.83391	0	0	0
8.83522	0	0	0
8.83653	0	0	0
8.83784	0	0	0
8.83915	0	0	0
8.84047	0	0	0
8.84178	0	0	0
8.84309	0	0	0
8.8444	0	0	0
8.84572	0	0	0
8.84703	0	0	0
8.84834	0	0	0
8.84966	0	0	0
8.85097	0	0	0
8.85228	0	0	0
8.8536	0	0	0
8.85491	0	0	0
8.85622	0	0	0
8.85754	0	0	0
8.85885	0	0	0
8.86016	0	0	0
8.86148	0	0	0
8.86279	0	0	0
8.86411	0	0	0
8.86542	0	0	0
8.86673	0	0	0
8.86805	0	0	0
8.86936	0	0	0
8.87068	0	0	0
8.87199	0	0	0
8.87331	0	0	0
8.87462	0	0	0
8.87594	0	0	0
8.87725	0	0	0
8.87857	0	0	0
8.87988	0	0	0
8.8812	0	0	0
8.88251	0	0	0
8.88383	0	0	0
8.88515	0	0	0
8.88646	0	0	0
8.88778	0	0	0
8.8891	0	0	0
8.89041	0	0	0
8.89173	0	0	0
8.89304	0	0	0
8.89436	0	0	0
8.89568	0	0	0
8.89699	0	0	0
8.89831	0	0	0
8.89963	0	0	0
8.90095	0	0	0
8.90227	0	0	0
8.90358	0	0	0
8.9049	0	0	0
8.90622	0	0	0
8.90754	0	0	0
8.90885	0	0	0
8.91017	0	0	0
8.91149	0	0	0
8.91281	0	0	0
8.91413	0	0	0
8.91545	0	0	0
8.91677	0	0	0
8.91809	0	0	0
8.91941	0	0	0
8.92073	0	0	0
8.92205	0	0	0
8.92337	0	0	0
8.92469	0	0	0
8.92601	0	0	0
8.92733	0	0	0
8.92866	0	0	0
8.92998	0	0	0
8.9313	0	0	0
8.93262	0	0	0
8.93394	0	0	0
8.93526	0	0	0
8.93659	0	0	0
8.93791	0	0	0
8.93923	0	0	0
8.94055	0	0	0
8.94188	0	0	0
8.9432	0	0	0
8.94452	0	0	0
8.94585	0	0	0
8.94717	0	0	0
8.9485	0	0	0
8.94982	0	0	0
8.95115	0	0	0
8.95247	0	0	0
8.95379	0	0	0
8.95512	0	0	0
8.95644	0	0	0
8.95777	0	0	0
8.95909	0	0	0
8.96042	0	0	0
8.96174	0	0	0
8.96307	0	0	0
8.9644	0	0	0
8.96572	0	0	0
8.96705	0	0	0
8.96837	0	0	0
8.9697	0	0	0
8.97103	0	0	0
8.97235	0	0	0
8.97368	0	0	0
8.975	0	0	0
8.97633	0	0	0
8.97766	0	0	0
8.97899	0	0	0
8.98032	0	0	0
8.98164	0	0	0
8.98297	0	0	0
8.9843	0	0	0
8.98563	0	0	0
8.98695	0	0	0
8.98828	0	0	0
8.98961	0	0	0
8.99094	0	0	0
8.99227	0	0	0
8.9936	0	0	0
8.99493	0	0	0
8.99626	0	0	0
8.99759	0	0	0
8.99892	0	0	0
9.00025	0	0	0
9.00157	0	0	0
9.0029	0	0	0
9.00423	0	0	0
9.00557	0	0	0
9.0069	0	0	0
9.00823	0	0	0
9.00956	0	0	0
9.01089	0	0	0
9.01222	0	0	0
9.01355	0	0	0
9.01488	0	0	0
9.01622	0	0	0
9.01755	0	0	0
9.01888	0	0	0
9.02021	0	0	0
9.02155	0	0	0
9.02288	0	0	0
9.02421	0	0	0
9.02554	0	0	0
9.02688	0	0	0
9.02821	0	0	0
9.02954	0	0	0
9.03088	0	0	0
9.03221	0	0	0
9.03355	0	0	0
9.03488	0	0	0
9.03622	0	0	0
9.03755	0	0	0
9.03889	0	0	0
9.04022	0	0	0
9.04156	0	0	0
9.04289	0	0	0
9.04423	0	0	0
9.04556	0	0	0
9.0469	0	0	0
9.04824	0	0	0
9.04957	0	0	0
9.05091	0	0	0
9.05225	0	0	0
9.05358	0	0	0
9.05492	0	0	0
9.05626	0	0	0
9.05759	0	0	0
9.05893	0	0	0
9.06027	0	0	0
9.06161	0	0	0
9.06295	0	0	0
9.06429	0	0	0
9.06562	0	0	0
9.06696	0	0	0
9.0683	0	0	0
9.06964	0	0	0
9.07098	0	0	0
9.07232	0	0	0
9.07366	0	0	0
9.075	0	0	0
9.07634	0	0	0
9.07768	0	0	0
9.07902	0	0	0
9.08036	0	0	0
9.0817	0	0	0
9.08304	0	0	0
9.08438	0	0	0
9.08572	0	0	0
9.08706	0	0	0
9.08841	0	0	0
9.08975	0	0	0
9.09109	0	0	0
9.09243	0	0	0
9.09378	0	0	0
9.09512	0	0	0
9.09646	0	0	0
9.0978	0	0	0
9.09915	0	0	0
9.10049	0	0	0
9.10183	0	0	0
9.10318	0	0	0
9.10452	0	0	0
9.10586	0	0	0
9.10721	0	0	0
9.10855	0	0	0
9.1099	0	0	0
9.11124	0	0	0
9.11259	0	0	0
9.11393	0	0	0
9.11528	0	0	0
9.11662	0	0	0
9.11797	0	0	0
9.11931	0	0	0
9.12065	0	0	0
9.122	0	0	0
9.12335	0	0	0
9.12469	0	0	0
9.12604	0	0	0
9.12739	0	0	0
9.12873	0	0	0
9.13008	0	0	0
9.13143	0	0	0
9.13277	0	0	0
9.13412	0	0	0
9.13547	0	0	0
9.13681	0	0	0
9.13816	0	0	0
9.13951	0	0	0
9.14085	0	0	0
9.1422	0	0	0
9.14355	0	0	0
9.1449	0	0	0
9.14625	0	0	0
9.1476	0	0	0
9.14894	0	0	0
9.15029	0	0	0
9.15164	0	0	0
9.15299	0	0	0
9.15434	0	0	0
9.15569	0	0	0
9.15704	0	0	0
9.15839	0	0	0
9.15973	0	0	0
9.16108	0	0	0
9.16243	0	0	0
9.16378	0	0	0
9.16514	0	0	0
9.16649	0	0	0
9.16784	0	0	0
9.16919	0	0	0
9.17054	0	0	0
9.17189	0	0	0
9.17324	0	0	0
9.17459	0	0	0
9.17594	0	0	0
9.17729	0	0	0
9.17864	0	0	0
9.18	0	0	0
9.18135	0	0	0
9.1827	0	0	0
9.18405	0	0	0
9.1854	0	0	0
9.18675	0	0	0
9.1881	0	0	0
9.18945	0	0	0
9.19081	0	0	0
9.19216	0	0	0
9.19351	0	0	0
9.19487	0	0	0
9.19622	0	0	0
9.19757	0	0	0
9.19893	0	0	0
9.20028	0	0	0
9.20163	0	0	0
9.20299	0	0	0
9.20434	0	0	0
9.20569	0	0	0
9.20705	0	0	0
9.2084	0	0	0
9.20975	0	0	0
9.2111	0	0	0
9.21246	0	0	0
9.21381	0	0	0
9.21516	0	0	0
9.21652	0	0	0
9.21787	0	0	0
9.21922	0	0	0
9.22058	0	0	0
9.22193	0	0	0
9.22328	0	0	0
9.22464	0	0	0
9.22599	0	0	0
9.22734	0	0	0
9.2287	0	0	0
9.23005	0	0	0
9.23141	0	0	0
9.23277	0	0	0
9.23412	0	0	0
9.23548	0	0	0
9.23683	0	0	0
9.23819	0	0	0
9.23954	0	0	0
9.2409	0	0	0
9.24225	0	0	0
9.24361	0	0	0
9.24496	0	0	0
9.24632	0	0	0
9.24768	0	0	0
9.24903	0	0	0
9.25039	0	0	0
9.25174	0	0	0
9.2531	0	0	0
9.25445	0	0	0
9.25581	0	0	0
9.25716	0	0	0
9.25852	0	0	0
9.25988	0	0	0
9.26123	0	0	0
9.26259	0	0	0
9.26394	0	0	0
9.2653	0	0	0
9.26665	0	0	0
9.26801	0	0	0
9.26936	0	0	0
9.27072	0	0	0
9.27208	0	0	0
9.27343	0	0	0
9.27479	0	0	0
9.27614	0	0	0
9.2775	0	0	0
9.27885	0	0	0
9.28021	0	0	0
9.28156	0	0	0
9.28292	0	0	0
9.28428	0	0	0
9.28563	0	0	0
9.28699	0	0	0
9.28834	0	0	0
9.2897	0	0	0
9.29105	0	0	0
9.29241	0	0	0
9.29376	0	0	0
9.29512	0	0	0
9.29648	0	0	0
9.29783	0	0	0
9.29919	0	0	0
9.30054	0	0	0
9.3019	0	0	0
9.30325	0	0	0
9.30461	0	0	0
9.30596	0	0	0
9.30732	0	0	0
9.30868	0	0	0
9.31003	0	0	0
9.31139	0	0	0
9.31274	0	0	0
9.3141	0	0	0
9.31545	0	0	0
9.31681	0	0	0
9.31816	0	0	0
9.31952	0	0	0
9.32088	0	0	0
9.32223	0	0	0
9.32359	0	0	0
9.32494	0	0	0
9.3263	0	0	0
9.32765	0	0	0
9.32901	0	0	0
9.33036	0	0	0
9.33172	0	0	0
9.33307	0	0	0
9.33442	0	0	0
9.33578	0	0	0
9.33713	0	0	0
9.33848	0	0	0
9.33983	0	0	0
9.34119	0	0	0
9.34254	0	0	0
9.34389	0	0	0
9.34524	0	0	0
9.3466	0	0	0
9.34795	0	0	0
9.3493	0	0	0
9.35066	0	0	0
9.35201	0	0	0
9.35336	0	0	0
9.35471	0	0	0
9.35607	0	0	0
9.35742	0	0	0
9.35877	0	0	0
9.36013	0	0	0
9.36148	0	0	0
9.36283	0	0	0
9.36418	0	0	0
9.36554	0	0	0
9.36689	0	0	0
9.36824	0	0	0
9.36959	0	0	0
9.37094	0	0	0
9.37229	0	0	0
9.37364	0	0	0
9.37499	0	0	0
9.37634	0	0	0
9.37769	0	0	0
9.37904	0	0	0
9.38039	0	0	0
9.38174	0	0	0
9.38309	0	0	0
9.38444	0	0	0
9.38579	0	0	0
9.38714	0	0	0
9.38849	0	0	0
9.38984	0	0	0
9.39119	0	0	0
9.39253	0	0	0
9.39388	0	0	0
9.39523	0	0	0
9.39658	0	0	0
9.39792	0	0	0
9.39927	0	0	0
9.40062	0	0	0
9.40196	0	0	0
9.40331	0	0	0
9.40466	0	0	0
9.406	0	0	0
9.40735	0	0	0
9.4087	0	0	0
9.41004	0	0	0
9.41139	0	0	0
9.41274	0	0	0
9.41408	0	0	0
9.41543	0	0	0
9.41677	0	0	0
9.41811	0	0	0
9.41946	0	0	0
9.4208	0	0	0
9.42215	0	0	0
9.42349	0	0	0
9.42483	0	0	0
9.42618	0	0	0
9.42752	0	0	0
9.42887	0	0	0
9.43021	0	0	0
9.43155	0	0	0
9.4329	0	0	0
9.43424	0	0	0
9.43558	0	0	0
9.43692	0	0	0
9.43826	0	0	0
9.4396	0	0	0
9.44094	0	0	0
9.44228	0	0	0
9.44363	0	0	0
9.44497	0	0	0
9.44631	0	0	0
9.44765	0	0	0
9.44899	0	0	0
9.45033	0	0	0
9.45167	0	0	0
9.45301	0	0	0
9.45435	0	0	0
9.45569	0	0	0
9.45703	0	0	0
9.45836	0	0	0
9.4597	0	0	0
9.46104	0	0	0
9.46237	0	0	0
9.46371	0	0	0
9.46505	0	0	0
9.46639	0	0	0
9.46772	0	0	0
9.46906	0	0	0
9.4704	0	0	0
9.47174	0	0	0
9.47307	0	0	0
9.47441	0	0	0
9.47574	0	0	0
9.47708	0	0	0
9.47841	0	0	0
9.47975	0	0	0
9.48108	0	0	0
9.48241	0	0	0
9.48375	0	0	0
9.48508	0	0	0
9.48642	0	0	0
9.48775	0	0	0
9.48908	0	0	0
9.49042	0	0	0
9.49175	0	0	0
9.49308	0	0	0
9.49441	0	0	0
9.49574	0	0	0
9.49707	0	0	0
9.49841	0	0	0
9.49974	0	0	0
9.50107	0	0	0
9.5024	0	0	0
9.50373	0	0	0
9.50506	0	0	0
9.50639	0	0	0
9.50772	0	0	0
9.50905	0	0	0
9.51038	0	0	0
9.51171	0	0	0
9.51303	0	0	0
9.51436	0	0	0
9.51569	0	0	0
9.51701	0	0	0
9.51834	0	0	0
9.51967	0	0	0
9.52099	0	0	0
9.52232	0	0	0
9.52365	0	0	0
9.52498	0	0	0
9.5263	0	0	0
9.52763	0	0	0
9.52895	0	0	0
9.53027	0	0	0
9.53159	0	0	0
9.53292	0	0	0
9.53424	0	0	0
9.53556	0	0	0
9.53689	0	0	0
9.53821	0	0	0
9.53953	0	0	0
9.54086	0	0	0
9.54218	0	0	0
9.5435	0	0	0
9.54482	0	0	0
9.54614	0	0	0
9.54746	0	0	0
9.54878	0	0	0
9.5501	0	0	0
9.55142	0	0	0
9.55274	0	0	0
9.55405	0	0	0
9.55537	0	0	0
9.55669	0	0	0
9.55801	0	0	0
9.55933	0	0	0
9.56065	0	0	0
9.56197	0	0	0
9.56328	0	0	0
9.5646	0	0	0
9.56591	0	0	0
9.56723	0	0	0
9.56854	0	0	0
9.56986	0	0	0
9.57117	0	0	0
9.57249	0	0	0
9.57381	0	0	0
9.57512	0	0	0
9.57644	0	0	0
9.57775	0	0	0
9.57907	0	0	0
9.58038	0	0	0
9.58169	0	0	0
9.58301	0	0	0
9.58432	0	0	0
9.58563	0	0	0
9.58694	0	0	0
9.58825	0	0	0
9.58956	0	0	0
9.59087	0	0	0
9.59218	0	0	0
9.5935	0	0	0
9.59481	0	0	0
9.59612	0	0	0
9.59743	0	0	0
9.59874	0	0	0
9.60005	0	0	0
9.60136	0	0	0
9.60267	0	0	0
9.60398	0	0	0
9.60528	0	0	0
9.60659	0	0	0
9.6079	0	0	0
9.60921	0	0	0
9.61051	0	0	0
9.61182	0	0	0
9.61313	0	0	0
9.61443	0	0	0
9.61574	0	0	0
9.61705	0	0	0
9.61835	0	0	0
9.61966	0	0	0
9.62097	0	0	0
9.62228	0	0	0
9.62358	0	0	0
9.62489	0	0	0
9.62619	0	0	0
9.62749	0	0	0
9.6288	0	0	0
9.6301	0	0	0
9.6314	0	0	0
9.6327	0	0	0
9.63401	0	0	0
9.63531	0	0	0
9.63661	0	0	0
9.63791	0	0	0
9.63922	0	0	0
9.64052	0	0	0
9.64182	0	0	0
9.64312	0	0	0
9.64443	0	0	0
9.64573	0	0	0
9.64703	0	0	0
9.64833	0	0	0
9.64963	0	0	0
9.65093	0	0	0
9.65223	0	0	0
9.65352	0	0	0
9.65482	0	0	0
9.65612	0	0	0
9.65742	0	0	0
9.65872	0	0	0
9.66001	0	0	0
9.66131	0	0	0
9.66261	0	0	0
9.66391	0	0	0
9.6652	0	0	0
9.6665	0	0	0
9.6678	0	0	0
9.6691	0	0	0
9.67039	0	0	0
9.67169	0	0	0
9.67299	0	0	0
9.67429	0	0	0
9.67558	0	0	0
9.67688	0	0	0
9.67817	0	0	0
9.67946	0	0	0
9.68075	0	0	0
9.68205	0	0	0
9.68334	0	0	0
9.68463	0	0	0
9.68592	0	0	0
9.68722	0	0	0
9.68851	0	0	0
9.6898	0	0	0
9.69109	0	0	0
9.69239	0	0	0
9.69368	0	0	0
9.69497	0	0	0
9.69626	0	0	0
9.69756	0	0	0
9.69885	0	0	0
9.70014	0	0	0
9.70143	0	0	0
9.70273	0	0	0
9.70402	0	0	0
9.70531	0	0	0
9.7066	0	0	0
9.7079	0	0	0
9.70919	0	0	0
9.71048	0	0	0
9.71176	0	0	0
9.71305	0	0	0
9.71434	0	0	0
9.71562	0	0	0
9.71691	0	0	0
9.7182	0	0	0
9.71948	0	0	0
9.72077	0	0	0
9.72206	0	0	0
9.72334	0	0	0
9.72463	0	0	0
9.72592	0	0	0
9.7272	0	0	0
9.72849	0	0	0
9.72978	0	0	0
9.73106	0	0	0
9.73235	0	0	0
9.73364	0	0	0
9.73493	0	0	0
9.73621	0	0	0
9.7375	0	0	0
9.73879	0	0	0
9.74007	0	0	0
9.74136	0	0	0
9.74265	0	0	0
9.74393	0	0	0
9.74522	0	0	0
9.74651	0	0	0
9.74779	0	0	0
9.74908	0	0	0
9.75037	0	0	0
9.75165	0	0	0
9.75294	0	0	0
9.75423	0	0	0
9.75551	0	0	0
9.7568	0	0	0
9.75809	0	0	0
9.75937	0	0	0
9.76066	0	0	0
9.76195	0	0	0
9.76323	0	0	0
9.76451	0	0	0
9.76579	0	0	0
9.76707	0	0	0
9.76835	0	0	0
9.76963	0	0	0
9.77091	0	0	0
9.77219	0	0	0
9.77347	0	0	0
9.77475	0	0	0
9.77603	0	0	0
9.77731	0	0	0
9.77859	0	0	0
9.77987	0	0	0
9.78115	0	0	0
9.78243	0	0	0
9.78371	0	0	0
9.78499	0	0	0
9.78627	0	0	0
9.78755	0	0	0
9.78883	0	0	0
9.79011	0	0	0
9.79139	0	0	0
9.79267	0	0	0
9.79395	0	0	0
9.79523	0	0	0
9.79651	0	0	0
9.79779	0	0	0
9.79907	0	0	0
9.80035	0	0	0
9.80163	0	0	0
9.80291	0	0	0
9.80419	0	0	0
9.80547	0	0	0
9.80675	0	0	0
9.80803	0	0	0
9.80931	0	0	0
9.81059	0	0	0
9.81187	0	0	0
9.81315	0	0	0
9.81443	0	0	0
9.81571	0	0	0
9.81699	0	0	0
9.81827	0	0	0
9.81955	0	0	0
9.82083	0	0	0
9.82211	0	0	0
9.82339	0	0	0
9.82467	0	0	0
9.82595	0	0	0
9.82722	0	0	0
9.8285	0	0	0
9.82978	0	0	0
9.83106	0	0	0
9.83234	0	0	0
9.83362	0	0	0
9.8349	0	0	0
9.83618	0	0	0
9.83746	0	0	0
9.83874	0	0	0
9.84002	0	0	0
9.8413	0	0	0
9.84258	0	0	0
9.84386	0	0	0
9.84514	0	0	0
9.84642	0	0	0
9.8477	0	0	0
9.84898	0	0	0
9.85026	0	0	0
9.85154	0	0	0
9.85282	0	0	0
9.8541	0	0	0
9.85538	0	0	0
9.85666	0	0	0
9.85794	0	0	0
9.85922	0	0	0
9.8605	0	0	0
9.86178	0	0	0
9.86306	0	0	0
9.86434	0	0	0
9.86562	0	0	0
9.8669	0	0	0
9.86818	0	0	0
9.86946	0	0	0
9.87074	0	0	0
9.87202	0	0	0
9.8733	0	0	0
9.87458	0	0	0
9.87586	0	0	0
9.87714	0	0	0
9.87842	0	0	0
9.8797	0	0	0
9.88098	0	0	0
9.88226	0	0	0
9.88354	0	0	0
9.88482	0	0	0
9.8861	0	0	0
9.88738	0	0	0
9.88866	0	0	0
9.88994	0	0	0
9.89122	0	0	0
9.8925	0	0	0
9.89378	0	0	0
9.89506	0	0	0
9.89633	0	0	0
9.89761	0	0	0
9.89889	0	0	0
9.90017	0	0	0
9.90145	0	0	0
9.90273	0	0	0
9.90401	0	0	0
9.90529	0	0	0
9.90657	0	0	0
9.90785	0	0	0
9.90913	0	0	0
9.91041	0	0	0
9.91169	0	0	0
9.91297	0	0	0
9.91425	0	0	0
9.91553	0	0	0
9.91681	0	0	0
9.91809	0	0	0
9.91937	0	0	0
9.92065	0	0	0
9.92193	0	0	0
9.92321	0	0	0
9.92449	0	0	0
9.92577	0	0	0
9.92705	0	0	0
9.92833	0	0	0
9.92961	0	0	0
9.93089	0	0	0
9.93217	0	0	0
9.93345	0	0	0
9.93473	0	0	0
9.93601	0	0	0
9.93729	0	0	0
9.93857	0	0	0
9.93985	0	0	0
9.94113	0	0	0
9.94241	0	0	0
9.94369	0	0	0
9.94497	0	0	0
9.94625	0	0	0
9.94753	0	0	0
9.94881	0	0	0
9.95009	0	0	0
9.95137	0	0	0
9.95265	0	0	0
9.95393	0	0	0
9.95521	0	0	0
9.95649	0	0	0
9.95777	0	0	0
9.95905	0	0	0
9.96033	0	0	0
9.96161	0	0	0
9.96289	0	0	0
9.96417	0	0	0
9.96544	0	0	0
9.96672	0	0	0
9.968	0	0	0
9.96928	0	0	0
9.97056	0	0	0
9.97184	0	0	0
9.97312	0	0	0
9.9744	0	0	0
9.97568	0	0	0
9.97696	0	0	0
9.97824	0	0	0
9.97952	0	0	0
9.9808	0	0	0
9.98208	0	0	0
9.98336	0	0	0
9.98464	0	0	0
9.98592	0	0	0
9.9872	0	0	0
9.98848	0	0	0
9.98976	0	0	0
9.99104	0	0	0
9.99232	0	0	0
9.9936	0	0	0
9.99488	0	0	0
9.99616	0	0	0
9.99744	0	0	0
9.99872	0	0	0
10	0	0	0
10.0013	0	0	0
10.0025	0	0	0
10.0038	0	0	0
10.0051	0	0	0
10.0064	0	0	0
10.0076	0	0	0
10.0089	0	0	0
10.0102	0	0	0
10.0115	0	0	0
10.0127	0	0	0
10.014	0	0	0
10.0153	0	0	0
10.0165	0	0	0
10.0178	0	0	0
10.0191	0	0	0
10.0204	0	0	0
10.0216	0	0	0
10.0229	0	0	0
10.0242	0	0	0
10.0254	0	0	0
10.0267	0	0	0
10.028	0	0	0
10.0293	0	0	0
10.0305	0	0	0
10.0318	0	0	0
10.0331	0	0	0
10.0344	0	0	0
10.0356	0	0	0
10.0369	0	0	0
10.0382	0	0	0
10.0394	0	0	0
10.0407	0	0	0
10.042	0	0	0
10.0433	0	0	0
10.0445	0	0	0
10.0458	0	0	0
10.0471	0	0	0
10.0483	0	0	0
10.0496	0	0	0
10.0509	0	0	0
10.0522	0	0	0
10.0534	0	0	0
10.0547	0	0	0
10.056	0	0	0
10.0573	0	0	0
10.0585	0	0	0
10.0598	0	0	0
10.0611	0	0	0
10.0623	0	0	0
10.0636	0	0	0
10.0649	0	0	0
10.0662	0	0	0
10.0674	0	0	0
10.0687	0	0	0
10.07	0	0	0
10.0712	0	0	0
10.0725	0	0	0
10.0738	0	0	0
10.0751	0	0	0
10.0763	0	0	0
10.0776	0	0	0
10.0789	0	0	0
10.0802	0	0	0
10.0814	0	0	0
10.0827	0	0	0
10.084	0	0	0
10.0853	0	0	0
10.0865	0	0	0
10.0878	0	0	0
10.0891	0	0	0
10.0903	0	0	0
10.0916	0	0	0
10.0929	0	0	0
10.0942	0	0	0
10.0954	0	0	0
10.0967	0	0	0
10.098	0	0	0
10.0993	0	0	0
10.1005	0	0	0
10.1018	0	0	0
10.1031	0	0	0
10.1043	0	0	0
10.1056	0	0	0
10.1069	0	0	0
10.1082	0	0	0
10.1094	0	0	0
10.1107	0	0	0
10.112	0	0	0
10.1133	0	0	0
10.1145	0	0	0
10.1158	0	0	0
10.1171	0	0	0
10.1184	0	0	0
10.1196	0	0	0
10.1209	0	0	0
10.1222	0	0	0
10.1234	0	0	0
10.1247	0	0	0
10.126	0	0	0
10.1273	0	0	0
10.1285	0	0	0
10.1298	0	0	0
10.1311	0	0	0
10.1324	0	0	0
10.1336	0	0	0
10.1349	0	0	0
10.1362	0	0	0
10.1374	0	0	0
10.1387	0	0	0
10.14	0	0	0
10.1413	0	0	0
10.1425	0	0	0
10.1438	0	0	0
10.1451	0	0	0
10.1464	0	0	0
10.1476	0	0	0
10.1489	0	0	0
10.1502	0	0	0
10.1514	0	0	0
10.1527	0	0	0
10.154	0	0	0
10.1553	0	0	0
10.1565	0	0	0
10.1578	0	0	0
10.1591	0	0	0
10.1604	0	0	0
10.1616	0	0	0
10.1629	0	0	0
10.1642	0	0	0
10.1654	0	0	0
10.1667	0	0	0
10.168	0	0	0
10.1693	0	0	0
10.1705	0	0	0
10.1718	0	0	0
10.1731	0	0	0
10.1743	0	0	0
10.1756	0	0	0
10.1769	0	0	0
10.1782	0	0	0
10.1794	0	0	0
10.1807	0	0	0
10.182	0	0	0
10.1833	0	0	0
10.1845	0	0	0
10.1858	0	0	0
10.1871	0	0	0
10.1883	0	0	0
10.1896	0	0	0
10.1909	0	0	0
10.1922	0	0	0
10.1934	0	0	0
10.1947	0	0	0
10.196	0	0	0
10.1972	0	0	0
10.1985	0	0	0
10.1998	0	0	0
10.2011	0	0	0
10.2023	0	0	0
10.2036	0	0	0
10.2049	0	0	0
10.2061	0	0	0
10.2074	0	0	0
10.2087	0	0	0
10.2099	0	0	0
10.2112	0	0	0
10.2125	0	0	0
10.2138	0	0	0
10.215	0	0	0
10.2163	0	0	0
10.2176	0	0	0
10.2188	0	0	0
10.2201	0	0	0
10.2214	0	0	0
10.2226	0	0	0
10.2239	0	0	0
10.2252	0	0	0
10.2265	0	0	0
10.2277	0	0	0
10.229	0	0	0
10.2303	0	0	0
10.2315	0	0	0
10.2328	0	0	0
10.2341	0	0	0
10.2353	0	0	0
10.2366	0	0	0
10.2379	0	0	0
10.2391	0	0	0
10.2404	0	0	0
10.2417	0	0	0
10.243	0	0	0
10.2442	0	0	0
10.2455	0	0	0
10.2468	0	0	0
10.248	0	0	0
10.2493	0	0	0
10.2506	0	0	0
10.2518	0	0	0
10.2531	0	0	0
10.2544	0	0	0
10.2556	0	0	0
10.2569	0	0	0
10.2582	0	0	0
10.2594	0	0	0
10.2607	0	0	0
10.262	0	0	0
10.2632	0	0	0
10.2645	0	0	0
10.2658	0	0	0
10.267	0	0	0
10.2683	0	0	0
10.2696	0	0	0
10.2708	0	0	0
10.2721	0	0	0
10.2734	0	0	0
10.2746	0	0	0
10.2759	0	0	0
10.2772	0	0	0
10.2784	0	0	0
10.2797	0	0	0
10.281	0	0	0
10.2822	0	0	0
10.2835	0	0	0
10.2848	0	0	0
10.286	0	0	0
10.2873	0	0	0
10.2886	0	0	0
10.2898	0	0	0
10.2911	0	0	0
10.2924	0	0	0
10.2936	0	0	0
10.2949	0	0	0
10.2962	0	0	0
10.2974	0	0	0
10.2987	0	0	0
10.3	0	0	0
10.3012	0	0	0
10.3025	0	0	0
10.3037	0	0	0
10.305	0	0	0
10.3063	0	0	0
10.3075	0	0	0
10.3088	0	0	0
10.3101	0	0	0
10.3113	0	0	0
10.3126	0	0	0
10.3139	0	0	0
10.3151	0	0	0
10.3164	0	0	0
10.3177	0	0	0
10.3189	0	0	0
10.3202	0	0	0
10.3214	0	0	0
10.3227	0	0	0
10.324	0	0	0
10.3252	0	0	0
10.3265	0	0	0
10.3278	0	0	0
10.329	0	0	0
10.3303	0	0	0
10.3315	0	0	0
10.3328	0	0	0
10.3341	0	0	0
10.3353	0	0	0
10.3366	0	0	0
10.3379	0	0	0
10.3391	0	0	0
10.3404	0	0	0
10.3417	0	0	0
10.3429	0	0	0
10.3442	0	0	0
10.3454	0	0	0
10.3467	0	0	0
10.348	0	0	0
10.3492	0	0	0
10.3505	0	0	0
10.3517	0	0	0
10.353	0	0	0
10.3543	0	0	0
10.3555	0	0	0
10.3568	0	0	0
10.3581	0	0	0
10.3593	0	0	0
10.3606	0	0	0
10.3618	0	0	0
10.3631	0	0	0
10.3644	0	0	0
10.3656	0	0	0
10.3669	0	0	0
10.3681	0	0	0
10.3694	0	0	0
10.3707	0	0	0
10.3719	0	0	0
10.3732	0	0	0
10.3745	0	0	0
10.3757	0	0	0
10.377	0	0	0
10.3782	0	0	0
10.3795	0	0	0
10.3808	0	0	0
10.382	0	0	0
10.3833	0	0	0
10.3845	0	0	0
10.3858	0	0	0
10.3871	0	0	0
10.3883	0	0	0
10.3896	0	0	0
10.3908	0	0	0
10.3921	0	0	0
10.3934	0	0	0
10.3946	0	0	0
10.3959	0	0	0
10.3971	0	0	0
10.3984	0	0	0
10.3996	0	0	0
10.4009	0	0	0
10.4022	0	0	0
10.4034	0	0	0
10.4047	0	0	0
10.4059	0	0	0
10.4072	0	0	0
10.4085	0	0	0
10.4097	0	0	0
10.411	0	0	0
10.4122	0	0	0
10.4135	0	0	0
10.4148	0	0	0
10.416	0	0	0
10.4173	0	0	0
10.4185	0	0	0
10.4198	0	0	0
10.421	0	0	0
10.4223	0	0	0
10.4236	0	0	0
10.4248	0	0	0
10.4261	0	0	0
10.4273	0	0	0
10.4286	0	0	0
10.4298	0	0	0
10.4311	0	0	0
10.4324	0	0	0
10.4336	0	0	0
10.4349	0	0	0
10.4361	0	0	0
10.4374	0	0	0
10.4386	0	0	0
10.4399	0	0	0
10.4412	0	0	0
10.4424	0	0	0
10.4437	0	0	0
10.4449	0	0	0
10.4462	0	0	0
10.4474	0	0	0
10.4487	0	0	0
10.45	0	0	0
10.4512	0	0	0
10.4525	0	0	0
10.4537	0	0	0
10.455	0	0	0
10.4562	0	0	0
10.4575	0	0	0
10.4587	0	0	0
10.46	0	0	0
10.4613	0	0	0
10.4625	0	0	0
10.4638	0	0	0
10.465	0	0	0
10.4663	0	0	0
10.4675	0	0	0
10.4688	0	0	0
10.47	0	0	0
10.4713	0	0	0
10.4726	0	0	0
10.4738	0	0	0
10.4751	0	0	0
10.4763	0	0	0
10.4776	0	0	0
10.4788	0	0	0
10.4801	0	0	0
10.4813	0	0	0
10.4826	0	0	0
10.4839	0	0	0
10.4851	0	0	0
10.4864	0	0	0
10.4876	0	0	0
10.4889	0	0	0
10.4901	0	0	0
10.4914	0	0	0
10.4926	0	0	0
10.4939	0	0	0
10.4951	0	0	0
10.4964	0	0	0
10.4976	0	0	0
10.4989	0	0	0
10.5002	0	0	0
10.5014	0	0	0
10.5027	0	0	0
10.5039	0	0	0
10.5052	0	0	0
10.5064	0	0	0
10.5077	0	0	0
10.5089	0	0	0
10.5102	0	0	0
10.5114	0	0	0
10.5127	0	0	0
10.5139	0	0	0
10.5152	0	0	0
10.5164	0	0	0
10.5177	0	0	0
10.519	0	0	0
10.5202	0	0	0
10.5215	0	0	0
10.5227	0	0	0
10.524	0	0	0
10.5252	0	0	0
10.5265	0	0	0
10.5277	0	0	0
10.529	0	0	0
10.5302	0	0	0
10.5315	0	0	0
10.5327	0	0	0
10.534	0	0	0
10.5352	0	0	0
10.5365	0	0	0
10.5377	0	0	0
10.539	0	0	0
10.5402	0	0	0
10.5415	0	0	0
10.5427	0	0	0
10.544	0	0	0
10.5452	0	0	0
10.5465	0	0	0
10.5477	0	0	0
10.549	0	0	0
10.5502	0	0	0
10.5515	0	0	0
10.5528	0	0	0
10.554	0	0	0
10.5553	0	0	0
10.5565	0	0	0
10.5578	0	0	0
10.559	0	0	0
10.5603	0	0	0
10.5615	0	0	0
10.5628	0	0	0
10.564	0	0	0
10.5653	0	0	0
10.5665	0	0	0
10.5678	0	0	0
10.569	0	0	0
10.5703	0	0	0
10.5715	0	0	0
10.5728	0	0	0
10.574	0	0	0
10.5753	0	0	0
10.5765	0	0	0
10.5778	0	0	0
10.579	0	0	0
10.5803	0	0	0
10.5815	0	0	0
10.5828	0	0	0
10.584	0	0	0
10.5853	0	0	0
10.5865	0	0	0
10.5878	0	0	0
10.589	0	0	0
10.5902	0	0	0
10.5915	0	0	0
10.5927	0	0	0
10.594	0	0	0
10.5952	0	0	0
10.5965	0	0	0
10.5977	0	0	0
10.599	0	0	0
10.6002	0	0	0
10.6015	0	0	0
10.6027	0	0	0
10.604	0	0	0
10.6052	0	0	0
10.6065	0	0	0
10.6077	0	0	0
10.609	0	0	0
10.6102	0	0	0
10.6115	0	0	0
10.6127	0	0	0
10.614	0	0	0
10.6152	0	0	0
10.6165	0	0	0
10.6177	0	0	0
10.619	0	0	0
10.6202	0	0	0
10.6215	0	0	0
10.6227	0	0	0
10.6239	0	0	0
10.6252	0	0	0
10.6264	0	0	0
10.6277	0	0	0
10.6289	0	0	0
10.6302	0	0	0
10.6314	0	0	0
10.6327	0	0	0
10.6339	0	0	0
10.6352	0	0	0
10.6364	0	0	0
10.6377	0	0	0
10.6389	0	0	0
10.6402	0	0	0
10.6414	0	0	0
10.6426	0	0	0
10.6439	0	0	0
10.6451	0	0	0
10.6464	0	0	0
10.6476	0	0	0
10.6489	0	0	0
10.6501	0	0	0
10.6514	0	0	0
10.6526	0	0	0
10.6539	0	0	0
10.6551	0	0	0
10.6563	0	0	0
10.6576	0	0	0
10.6588	0	0	0
10.6601	0	0	0
10.6613	0	0	0
10.6626	0	0	0
10.6638	0	0	0
10.6651	0	0	0
10.6663	0	0	0
10.6676	0	0	0
10.6688	0	0	0
10.67	0	0	0
10.6713	0	0	0
10.6725	0	0	0
10.6738	0	0	0
10.675	0	0	0
10.6763	0	0	0
10.6775	0	0	0
10.6788	0	0	0
10.68	0	0	0
10.6812	0	0	0
10.6825	0	0	0
10.6837	0	0	0
10.685	0	0	0
10.6862	0	0	0
10.6875	0	0	0
10.6887	0	0	0
10.69	0	0	0
10.6912	0	0	0
10.6924	0	0	0
10.6937	0	0	0
10.6949	0	0	0
10.6962	0	0	0
10.6974	0	0	0
10.6987	0	0	0
10.6999	0	0	0
10.7011	0	0	0
10.7024	0	0	0
10.7036	0	0	0
10.7049	0	0	0
10.7061	0	0	0
10.7074	0	0	0
10.7086	0	0	0
10.7098	0	0	0
10.7111	0	0	0
10.7123	0	0	0
10.7136	0	0	0
10.7148	0	0	0
10.7161	0	0	0
10.7173	0	0	0
10.7185	0	0	0
10.7198	0	0	0
10.721	0	0	0
10.7223	0	0	0
10.7235	0	0	0
10.7248	0	0	0
10.726	0	0	0
10.7272	0	0	0
10.7285	0	0	0
10.7297	0	0	0
10.731	0	0	0
10.7322	0	0	0
10.7334	0	0	0
10.7347	0	0	0
10.7359	0	0	0
10.7372	0	0	0
10.7384	0	0	0
10.7396	0	0	0
10.7409	0	0	0
10.7421	0	0	0
10.7434	0	0	0
10.7446	0	0	0
10.7458	0	0	0
10.7471	0	0	0
10.7483	0	0	0
10.7496	0	0	0
10.7508	0	0	0
10.7521	0	0	0
10.7533	0	0	0
10.7545	0	0	0
10.7558	0	0	0
10.757	0	0	0
10.7583	0	0	0
10.7595	0	0	0
10.7607	0	0	0
10.762	0	0	0
10.7632	0	0	0
10.7644	0	0	0
10.7657	0	0	0
10.7669	0	0	0
10.7682	0	0	0
10.7694	0	0	0
10.7706	0	0	0
10.7719	0	0	0
10.7731	0	0	0
10.7744	0	0	0
10.7756	0	0	0
10.7768	0	0	0
10.7781	0	0	0
10.7793	0	0	0
10.7806	0	0	0
10.7818	0	0	0
10.783	0	0	0
10.7843	0	0	0
10.7855	0	0	0
10.7868	0	0	0
10.788	0	0	0
10.7892	0	0	0
10.7905	0	0	0
10.7917	0	0	0
10.7929	0	0	0
10.7942	0	0	0
10.7954	0	0	0
10.7967	0	0	0
10.7979	0	0	0
10.7991	0	0	0
10.8004	0	0	0
10.8016	0	0	0
10.8028	0	0	0
10.8041	0	0	0
10.8053	0	0	0
10.8066	0	0	0
10.8078	0	0	0
10.809	0	0	0
10.8103	0	0	0
10.8115	0	0	0
10.8127	0	0	0
10.814	0	0	0
10.8152	0	0	0
10.8165	0	0	0
10.8177	0	0	0
10.8189	0	0	0
10.8202	0	0	0
10.8214	0	0	0
10.8226	0	0	0
10.8239	0	0	0
10.8251	0	0	0
10.8264	0	0	0
10.8276	0	0	0
10.8288	0	0	0
10.8301	0	0	0
10.8313	0	0	0
10.8325	0	0	0
10.8338	0	0	0
10.835	0	0	0
10.8362	0	0	0
10.8375	0	0	0
10.8387	0	0	0
10.84	0	0	0
10.8412	0	0	0
10.8424	0	0	0
10.8437	0	0	0
10.8449	0	0	0
10.8461	0	0	0
10.8474	0	0	0
10.8486	0	0	0
10.8498	0	0	0
10.8511	0	0	0
10.8523	0	0	0
10.8535	0	0	0
10.8548	0	0	0
10.856	0	0	0
10.8572	0	0	0
10.8585	0	0	0
10.8597	0	0	0
10.8609	0	0	0
10.8622	0	0	0
10.8634	0	0	0
10.8647	0	0	0
10.8659	0	0	0
10.8671	0	0	0
10.8684	0	0	0
10.8696	0	0	0
10.8708	0	0	0
10.8721	0	0	0
10.8733	0	0	0
10.8745	0	0	0
10.8758	0	0	0
10.877	0	0	0
10.8782	0	0	0
10.8795	0	0	0
10.8807	0	0	0
10.8819	0	0	0
10.8832	0	0	0
10.8844	0	0	0
10.8856	0	0	0
10.8869	0	0	0
10.8881	0	0	0
10.8893	0	0	0
10.8906	0	0	0
10.8918	0	0	0
10.893	0	0	0
10.8943	0	0	0
10.8955	0	0	0
10.8967	0	0	0
10.8979	0	0	0
10.8992	0	0	0
10.9004	0	0	0
10.9016	0	0	0
10.9029	0	0	0
10.9041	0	0	0
10.9053	0	0	0
10.9066	0	0	0
10.9078	0	0	0
10.909	0	0	0
10.9103	0	0	0
10.9115	0	0	0
10.9127	0	0	0
10.914	0	0	0
10.9152	0	0	0
10.9164	0	0	0
10.9177	0	0	0
10.9189	0	0	0
10.9201	0	0	0
10.9213	0	0	0
10.9226	0	0	0
10.9238	0	0	0
10.925	0	0	0
10.9263	0	0	0
10.9275	0	0	0
10.9287	0	0	0
10.93	0	0	0
10.9312	0	0	0
10.9324	0	0	0
10.9337	0	0	0
10.9349	0	0	0
10.9361	0	0	0
10.9373	0	0	0
10.9386	0	0	0
10.9398	0	0	0
10.941	0	0	0
10.9423	0	0	0
10.9435	0	0	0
10.9447	0	0	0
10.946	0	0	0
10.9472	0	0	0
10.9484	0	0	0
10.9496	0	0	0
10.9509	0	0	0
10.9521	0	0	0
10.9533	0	0	0
10.9546	0	0	0
10.9558	0	0	0
10.957	0	0	0
10.9583	0	0	0
10.9595	0	0	0
10.9607	0	0	0
10.9619	0	0	0
10.9632	0	0	0
10.9644	0	0	0
10.9656	0	0	0
10.9669	0	0	0
10.9681	0	0	0
10.9693	0	0	0
10.9705	0	0	0
10.9718	0	0	0
10.973	0	0	0
10.9742	0	0	0
10.9754	0	0	0
10.9767	0	0	0
10.9779	0	0	0
10.9791	0	0	0
10.9804	0	0	0
10.9816	0	0	0
10.9828	0	0	0
10.984	0	0	0
10.9853	0	0	0
10.9865	0	0	0
10.9877	0	0	0
10.9889	0	0	0
10.9902	0	0	0
10.9914	0	0	0
10.9926	0	0	0
10.9939	0	0	0
10.9951	0	0	0
10.9963	0	0	0
10.9975	0	0	0
10.9988	0	0	0
11	0	0	0
11.0012	0	0	0
11.0024	0	0	0
11.0037	0	0	0
11.0049	0	0	0
11.0061	0	0	0
11.0073	0	0	0
11.0086	0	0	0
11.0098	0	0	0
11.011	0	0	0
11.0122	0	0	0
11.0135	0	0	0
11.0147	0	0	0
11.0159	0	0	0
11.0171	0	0	0
11.0184	0	0	0
11.0196	0	0	0
11.0208	0	0	0
11.0221	0	0	0
11.0233	0	0	0
11.0245	0	0	0
11.0257	0	0	0
11.0269	0	0	0
11.0282	0	0	0
11.0294	0	0	0
11.0306	0	0	0
11.0318	0	0	0
11.0331	0	0	0
11.0343	0	0	0
11.0355	0	0	0
11.0367	0	0	0
11.038	0	0	0
11.0392	0	0	0
11.0404	0	0	0
11.0416	0	0	0
11.0429	0	0	0
11.0441	0	0	0
11.0453	0	0	0
11.0465	0	0	0
11.0478	0	0	0
11.049	0	0	0
11.0502	0	0	0
11.0514	0	0	0
11.0526	0	0	0
11.0539	0	0	0
11.0551	0	0	0
11.0563	0	0	0
11.0575	0	0	0
11.0588	0	0	0
11.06	0	0	0
11.0612	0	0	0
11.0624	0	0	0
11.0637	0	0	0
11.0649	0	0	0
11.0661	0	0	0
11.0673	0	0	0
11.0685	0	0	0
11.0698	0	0	0
11.071	0	0	0
11.0722	0	0	0
11.0734	0	0	0
11.0747	0	0	0
11.0759	0	0	0
11.0771	0	0	0
11.0783	0	0	0
11.0795	0	0	0
11.0808	0	0	0
11.082	0	0	0
11.0832	0	0	0
11.0844	0	0	0
11.0856	0	0	0
11.0869	0	0	0
11.0881	0	0	0
11.0893	0	0	0
11.0905	0	0	0
11.0917	0	0	0
11.093	0	0	0
11.0942	0	0	0
11.0954	0	0	0
11.0966	0	0	0
11.0978	0	0	0
11.0991	0	0	0
11.1003	0	0	0
11.1015	0	0	0
11.1027	0	0	0
11.1039	0	0	0
11.1052	0	0	0
11.1064	0	0	0
11.1076	0	0	0
11.1088	0	0	0
11.11	0	0	0
11.1113	0	0	0
11.1125	0	0	0
11.1137	0	0	0
11.1149	0	0	0
11.1161	0	0	0
11.1174	0	0	0
11.1186	0	0	0
11.1198	0	0	0
11.121	0	0	0
11.1222	0	0	0
11.1235	0	0	0
11.1247	0	0	0
11.1259	0	0	0
11.1271	0	0	0
11.1283	0	0	0
11.1295	0	0	0
11.1308	0	0	0
11.132	0	0	0
11.1332	0	0	0
11.1344	0	0	0
11.1356	0	0	0
11.1368	0	0	0
11.1381	0	0	0
11.1393	0	0	0
11.1405	0	0	0
11.1417	0	0	0
11.1429	0	0	0
11.1442	0	0	0
11.1454	0	0	0
11.1466	0	0	0
11.1478	0	0	0
11.149	0	0	0
11.1502	0	0	0
11.1515	0	0	0
11.1527	0	0	0
11.1539	0	0	0
11.1551	0	0	0
11.1563	0	0	0
11.1575	0	0	0
11.1588	0	0	0
11.16	0	0	0
11.1612	0	0	0
11.1624	0	0	0
11.1636	0	0	0
11.1648	0	0	0
11.166	0	0	0
11.1673	0	0	0
11.1685	0	0	0
11.1697	0	0	0
11.1709	0	0	0
11.1721	0	0	0
11.1733	0	0	0
11.1746	0	0	0
11.1758	0	0	0
11.177	0	0	0
11.1782	0	0	0
11.1794	0	0	0
11.1806	0	0	0
11.1819	0	0	0
11.1831	0	0	0
11.1843	0	0	0
11.1855	0	0	0
11.1867	0	0	0
11.1879	0	0	0
11.1891	0	0	0
11.1904	0	0	0
11.1916	0	0	0
11.1928	0	0	0
11.194	0	0	0
11.1952	0	0	0
11.1964	0	0	0
11.1976	0	0	0
11.1988	0	0	0
11.2001	0	0	0
11.2013	0	0	0
11.2025	0	0	0
11.2037	0	0	0
11.2049	0	0	0
11.2061	0	0	0
11.2073	0	0	0
11.2086	0	0	0
11.2098	0	0	0
11.211	0	0	0
11.2122	0	0	0
11.2134	0	0	0
11.2146	0	0	0
11.2158	0	0	0
11.2171	0	0	0
11.2183	0	0	0
11.2195	0	0	0
11.2207	0	0	0
11.2219	0	0	0
11.2231	0	0	0
11.2243	0	0	0
11.2256	0	0	0
11.2268	0	0	0
11.228	0	0	0
11.2292	0	0	0
11.2304	0	0	0
11.2316	0	0	0
11.2328	0	0	0
11.234	0	0	0
11.2353	0	0	0
11.2365	0	0	0
11.2377	0	0	0
11.2389	0	0	0
11.2401	0	0	0
11.2413	0	0	0
11.2425	0	0	0
11.2437	0	0	0
11.2449	0	0	0
11.2462	0	0	0
11.2474	0	0	0
11.2486	0	0	0
11.2498	0	0	0
11.251	0	0	0
11.2522	0	0	0
11.2534	0	0	0
11.2546	0	0	0
11.2559	0	0	0
11.2571	0	0	0
11.2583	0	0	0
11.2595	0	0	0
11.2607	0	0	0
11.2619	0	0	0
11.2631	0	0	0
11.2643	0	0	0
11.2656	0	0	0
11.2668	0	0	0
11.268	0	0	0
11.2692	0	0	0
11.2704	0	0	0
11.2716	0	0	0
11.2728	0	0	0
11.274	0	0	0
11.2752	0	0	0
11.2765	0	0	0
11.2777	0	0	0
11.2789	0	0	0
11.2801	0	0	0
11.2813	0	0	0
11.2825	0	0	0
11.2837	0	0	0
11.2849	0	0	0
11.2862	0	0	0
11.2874	0	0	0
11.2886	0	0	0
11.2898	0	0	0
11.291	0	0	0
11.2922	0	0	0
11.2934	0	0	0
11.2946	0	0	0
11.2958	0	0	0
11.297	0	0	0
11.2983	0	0	0
11.2995	0	0	0
11.3007	0	0	0
11.3019	0	0	0
11.3031	0	0	0
11.3043	0	0	0
11.3055	0	0	0
11.3067	0	0	0
11.3079	0	0	0
11.3091	0	0	0
11.3104	0	0	0
11.3116	0	0	0
11.3128	0	0	0
11.314	0	0	0
11.3152	0	0	0
11.3164	0	0	0
11.3176	0	0	0
11.3188	0	0	0
11.32	0	0	0
11.3212	0	0	0
11.3225	0	0	0
11.3237	0	0	0
11.3249	0	0	0
11.3261	0	0	0
11.3273	0	0	0
11.3285	0	0	0
11.3297	0	0	0
11.3309	0	0	0
11.3321	0	0	0
11.3333	0	0	0
11.3346	0	0	0
11.3358	0	0	0
11.337	0	0	0
11.3382	0	0	0
11.3394	0	0	0
11.3406	0	0	0
11.3418	0	0	0
11.343	0	0	0
11.3442	0	0	0
11.3454	0	0	0
11.3467	0	0	0
11.3479	0	0	0
11.3491	0	0	0
11.3503	0	0	0
11.3515	0	0	0
11.3527	0	0	0
11.3539	0	0	0
11.3551	0	0	0
11.3563	0	0	0
11.3575	0	0	0
11.3587	0	0	0
11.36	0	0	0
11.3612	0	0	0
11.3624	0	0	0
11.3636	0	0	0
11.3648	0	0	0
11.366	0	0	0
11.3672	0	0	0
11.3684	0	0	0
11.3696	0	0	0
11.3708	0	0	0
11.3721	0	0	0
11.3733	0	0	0
11.3745	0	0	0
11.3757	0	0	0
11.3769	0	0	0
11.3781	0	0	0
11.3793	0	0	0
11.3805	0	0	0
11.3817	0	0	0
11.3829	0	0	0
11.3842	0	0	0
11.3854	0	0	0
11.3866	0	0	0
11.3878	0	0	0
11.389	0	0	0
11.3902	0	0	0
11.3914	0	0	0
11.3926	0	0	0
11.3938	0	0	0
11.395	0	0	0
11.3963	0	0	0
11.3975	0	0	0
11.3987	0	0	0
11.3999	0	0	0
11.4011	0	0	0
11.4023	0	0	0
11.4035	0	0	0
11.4047	0	0	0
11.4059	0	0	0
11.4071	0	0	0
11.4084	0	0	0
11.4096	0	0	0
11.4108	0	0	0
11.412	0	0	0
11.4132	0	0	0
11.4144	0	0	0
11.4156	0	0	0
11.4168	0	0	0
11.418	0	0	0
11.4193	0	0	0
11.4205	0	0	0
11.4217	0	0	0
11.4229	0	0	0
11.4241	0	0	0
11.4253	0	0	0
11.4265	0	0	0
11.4277	0	0	0
11.4289	0	0	0
11.4302	0	0	0
11.4314	0	0	0
11.4326	0	0	0
11.4338	0	0	0
11.435	0	0	0
11.4362	0	0	0
11.4374	0	0	0
11.4386	0	0	0
11.4399	0	0	0
11.4411	0	0	0
11.4423	0	0	0
11.4435	0	0	0
11.4447	0	0	0
11.4459	0	0	0
11.4471	0	0	0
11.4483	0	0	0
11.4496	0	0	0
11.4508	0	0	0
11.452	0	0	0
11.4532	0	0	0
11.4544	0	0	0
11.4556	0	0	0
11.4568	0	0	0
11.458	0	0	0
11.4593	0	0	0
11.4605	0	0	0
11.4617	0	0	0
11.4629	0	0	0
11.4641	0	0	0
11.4653	0	0	0
11.4665	0	0	0
11.4677	0	0	0
11.469	0	0	0
11.4702	0	0	0
11.4714	0	0	0
11.4726	0	0	0
11.4738	0	0	0
11.475	0	0	0
11.4762	0	0	0
11.4774	0	0	0
11.4787	0	0	0
11.4799	0	0	0
11.4811	0	0	0
11.4823	0	0	0
11.4835	0	0	0
11.4847	0	0	0
11.4859	0	0	0
11.4871	0	0	0
11.4884	0	0	0
11.4896	0	0	0
11.4908	0	0	0
11.492	0	0	0
11.4932	0	0	0
11.4944	0	0	0
11.4956	0	0	0
11.4968	0	0	0
11.4981	0	0	0
11.4993	0	0	0
11.5005	0	0	0
11.5017	0	0	0
11.5029	0	0	0
11.5041	0	0	0
11.5053	0	0	0
11.5065	0	0	0
11.5078	0	0	0
11.509	0	0	0
11.5102	0	0	0
11.5114	0	0	0
11.5126	0	0	0
11.5138	0	0	0
11.515	0	0	0
11.5162	0	0	0
11.5175	0	0	0
11.5187	0	0	0
11.5199	0	0	0
11.5211	0	0	0
11.5223	0	0	0
11.5235	0	0	0
11.5247	0	0	0
11.5259	0	0	0
11.5272	0	0	0
11.5284	0	0	0
11.5296	0	0	0
11.5308	0	0	0
11.532	0	0	0
11.5332	0	0	0
11.5344	0	0	0
11.5356	0	0	0
11.5369	0	0	0
11.5381	0	0	0
11.5393	0	0	0
11.5405	0	0	0
11.5417	0	0	0
11.5429	0	0	0
11.5441	0	0	0
11.5453	0	0	0
11.5466	0	0	0
11.5478	0	0	0
11.549	0	0	0
11.5502	0	0	0
11.5514	0	0	0
11.5526	0	0	0
11.5538	0	0	0
11.555	0	0	0
11.5563	0	0	0
11.5575	0	0	0
11.5587	0	0	0
11.5599	0	0	0
11.5611	0	0	0
11.5623	0	0	0
11.5635	0	0	0
11.5647	0	0	0
11.566	0	0	0
11.5672	0	0	0
11.5684	0	0	0
11.5696	0	0	0
11.5708	0	0	0
11.572	0	0	0
11.5732	0	0	0
11.5744	0	0	0
11.5757	0	0	0
11.5769	0	0	0
11.5781	0	0	0
11.5793	0	0	0
11.5805	0	0	0
11.5817	0	0	0
11.5829	0	0	0
11.5841	0	0	0
11.5854	0	0	0
11.5866	0	0	0
11.5878	0	0	0
11.589	0	0	0
11.5902	0	0	0
11.5914	0	0	0
11.5926	0	0	0
11.5938	0	0	0
11.5951	0	0	0
11.5963	0	0	0
11.5975	0	0	0
11.5987	0	0	0
11.5999	0	0	0
11.6011	0	0	0
11.6023	0	0	0
11.6035	0	0	0
11.6048	0	0	0
11.606	0	0	0
11.6072	0	0	0
11.6084	0	0	0
11.6096	0	0	0
11.6108	0	0	0
11.612	0	0	0
11.6132	0	0	0
11.6145	0	0	0
11.6157	0	0	0
11.6169	0	0	0
11.6181	0	0	0
11.6193	0	0	0
11.6205	0	0	0
11.6217	0	0	0
11.6229	0	0	0
11.6241	0	0	0
11.6254	0	0	0
11.6266	0	0	0
11.6278	0	0	0
11.629	0	0	0
11.6302	0	0	0
11.6314	0	0	0
11.6326	0	0	0
11.6338	0	0	0
11.6351	0	0	0
11.6363	0	0	0
11.6375	0	0	0
11.6387	0	0	0
11.6399	0	0	0
11.6411	0	0	0
11.6423	0	0	0
11.6435	0	0	0
11.6448	0	0	0
11.646	0	0	0
11.6472	0	0	0
11.6484	0	0	0
11.6496	0	0	0
11.6508	0	0	0
11.652	0	0	0
11.6532	0	0	0
11.6545	0	0	0
11.6557	0	0	0
11.6569	0	0	0
11.6581	0	0	0
11.6593	0	0	0
11.6605	0	0	0
11.6617	0	0	0
11.6629	0	0	0
11.6642	0	0	0
11.6654	0	0	0
11.6666	0	0	0
11.6678	0	0	0
11.669	0	0	0
11.6702	0	0	0
11.6714	0	0	0
11.6726	0	0	0
11.6739	0	0	0
11.6751	0	0	0
11.6763	0	0	0
11.6775	0	0	0
11.6787	0	0	0
11.6799	0	0	0
11.6811	0	0	0
11.6823	0	0	0
11.6836	0	0	0
11.6848	0	0	0
11.686	0	0	0
11.6872	0	0	0
11.6884	0	0	0
11.6896	0	0	0
11.6908	0	0	0
11.692	0	0	0
11.6933	0	0	0
11.6945	0	0	0
11.6957	0	0	0
11.6969	0	0	0
11.6981	0	0	0
11.6993	0	0	0
11.7005	0	0	0
11.7017	0	0	0
11.703	0	0	0
11.7042	0	0	0
11.7054	0	0	0
11.7066	0	0	0
11.7078	0	0	0
11.709	0	0	0
11.7102	0	0	0
11.7114	0	0	0
11.7127	0	0	0
11.7139	0	0	0
11.7151	0	0	0
11.7163	0	0	0
11.7175	0	0	0
11.7187	0	0	0
11.7199	0	0	0
11.7211	0	0	0
11.7224	0	0	0
11.7236	0	0	0
11.7248	0	0	0
11.726	0	0	0
11.7272	0	0	0
11.7284	0	0	0
11.7296	0	0	0
11.7308	0	0	0
11.7321	0	0	0
11.7333	0	0	0
11.7345	0	0	0
11.7357	0	0	0
11.7369	0	0	0
11.7382	0	0	0
11.7394	0	0	0
11.7406	0	0	0
11.7418	0	0	0
11.743	0	0	0
11.7442	0	0	0
11.7455	0	0	0
11.7467	0	0	0
11.7479	0	0	0
11.7491	0	0	0
11.7503	0	0	0
11.7516	0	0	0
11.7528	0	0	0
11.754	0	0	0
11.7552	0	0	0
11.7564	0	0	0
11.7576	0	0	0
11.7589	0	0	0
11.7601	0	0	0
11.7613	0	0	0
11.7625	0	0	0
11.7637	0	0	0
11.7649	0	0	0
11.7662	0	0	0
11.7674	0	0	0
11.7686	0	0	0
11.7698	0	0	0
11.771	0	0	0
11.7723	0	0	0
11.7735	0	0	0
11.7747	0	0	0
11.7759	0	0	0
11.7771	0	0	0
11.7783	0	0	0
11.7796	0	0	0
11.7808	0	0	0
11.782	0	0	0
11.7832	0	0	0
11.7844	0	0	0
11.7857	0	0	0
11.7869	0	0	0
11.7881	0	0	0
11.7893	0	0	0
11.7905	0	0	0
11.7917	0	0	0
11.793	0	0	0
11.7942	0	0	0
11.7954	0	0	0
11.7966	0	0	0
11.7978	0	0	0
11.799	0	0	0
11.8003	0	0	0
11.8015	0	0	0
11.8027	0	0	0
11.8039	0	0	0
11.8051	0	0	0
11.8064	0	0	0
11.8076	0	0	0
11.8088	0	0	0
11.81	0	0	0
11.8112	0	0	0
11.8124	0	0	0
11.8137	0	0	0
11.8149	0	0	0
11.8161	0	0	0
11.8173	0	0	0
11.8185	0	0	0
11.8198	0	0	0
11.821	0	0	0
11.8222	0	0	0
11.8234	0	0	0
11.8246	0	0	0
11.8258	0	0	0
11.8271	0	0	0
11.8283	0	0	0
11.8295	0	0	0
11.8307	0	0	0
11.8319	0	0	0
11.8332	0	0	0
11.8344	0	0	0
11.8356	0	0	0
11.8368	0	0	0
11.838	0	0	0
11.8392	0	0	0
11.8405	0	0	0
11.8417	0	0	0
11.8429	0	0	0
11.8441	0	0	0
11.8453	0	0	0
11.8465	0	0	0
11.8478	0	0	0
11.849	0	0	0
11.8502	0	0	0
11.8514	0	0	0
11.8526	0	0	0
11.8539	0	0	0
11.8551	0	0	0
11.8563	0	0	0
11.8575	0	0	0
11.8587	0	0	0
11.8599	0	0	0
11.8612	0	0	0
11.8624	0	0	0
11.8636	0	0	0
11.8648	0	0	0
11.866	0	0	0
11.8673	0	0	0
11.8685	0	0	0
11.8697	0	0	0
11.8709	0	0	0
11.8721	0	0	0
11.8733	0	0	0
11.8746	0	0	0
11.8758	0	0	0
11.877	0	0	0
11.8782	0	0	0
11.8794	0	0	0
11.8806	0	0	0
11.8819	0	0	0
11.8831	0	0	0
11.8843	0	0	0
11.8855	0	0	0
11.8867	0	0	0
11.888	0	0	0
11.8892	0	0	0
11.8904	0	0	0
11.8916	0	0	0
11.8928	0	0	0
11.894	0	0	0
11.8953	0	0	0
11.8965	0	0	0
11.8977	0	0	0
11.8989	0	0	0
11.9001	0	0	0
11.9014	0	0	0
11.9026	0	0	0
11.9038	0	0	0
11.905	0	0	0
11.9062	0	0	0
11.9074	0	0	0
11.9087	0	0	0
11.9099	0	0	0
11.9111	0	0	0
11.9123	0	0	0
11.9135	0	0	0
11.9147	0	0	0
11.916	0	0	0
11.9172	0	0	0
11.9184	0	0	0
11.9196	0	0	0
11.9208	0	0	0
11.9221	0	0	0
11.9233	0	0	0
11.9245	0	0	0
11.9257	0	0	0
11.9269	0	0	0
11.9281	0	0	0
11.9294	0	0	0
11.9306	0	0	0
11.9318	0	0	0
11.933	0	0	0
11.9342	0	0	0
11.9355	0	0	0
11.9367	0	0	0
11.9379	0	0	0
11.9391	0	0	0
11.9403	0	0	0
11.9415	0	0	0
11.9428	0	0	0
11.944	0	0	0
11.9452	0	0	0
11.9464	0	0	0
11.9476	0	0	0
11.9488	0	0	0
11.9501	0	0	0
11.9513	0	0	0
11.9525	0	0	0
11.9537	0	0	0
11.9549	0	0	0
11.9562	0	0	0
11.9574	0	0	0
11.9586	0	0	0
11.9598	0	0	0
11.961	0	0	0
11.9622	0	0	0
11.9635	0	0	0
11.9647	0	0	0
11.9659	0	0	0
11.9671	0	0	0
11.9683	0	0	0
11.9696	0	0	0
11.9708	0	0	0
11.972	0	0	0
11.9732	0	0	0
11.9744	0	0	0
11.9756	0	0	0
11.9769	0	0	0
11.9781	0	0	0
11.9793	0	0	0
11.9805	0	0	0
11.9817	0	0	0
11.9829	0	0	0
11.9842	0	0	0
11.9854	0	0	0
11.9866	0	0	0
11.9878	0	0	0
11.989	0	0	0
11.9903	0	0	0
11.9915	0	0	0
11.9927	0	0	0
11.9939	0	0	0
11.9951	0	0	0
11.9963	0	0	0
11.9976	0	0	0
11.9988	0	0	0
12	0	0	0
12.0012	0	0	0
12.0025	0	0	0
12.0037	0	0	0
12.0049	0	0	0
12.0061	0	0	0
12.0074	0	0	0
12.0086	0	0	0
12.0098	0	0	0
12.0111	0	0	0
12.0123	0	0	0
12.0135	0	0	0
12.0148	0	0	0
12.016	0	0	0
12.0172	0	0	0
12.0185	0	0	0
12.0197	0	0	0
12.0209	0	0	0
12.0221	0	0	0
12.0234	0	0	0
12.0246	0	0	0
12.0258	0	0	0
12.0271	0	0	0
12.0283	0	0	0
12.0295	0	0	0
12.0308	0	0	0
12.032	0	0	0
12.0332	0	0	0
12.0345	0	0	0
12.0357	0	0	0
12.0369	0	0	0
12.0382	0	0	0
12.0394	0	0	0
12.0406	0	0	0
12.0418	0	0	0
12.0431	0	0	0
12.0443	0	0	0
12.0455	0	0	0
12.0468	0	0	0
12.048	0	0	0
12.0492	0	0	0
12.0505	0	0	0
12.0517	0	0	0
12.0529	0	0	0
12.0542	0	0	0
12.0554	0	0	0
12.0566	0	0	0
12.0579	0	0	0
12.0591	0	0	0
12.0603	0	0	0
12.0616	0	0	0
12.0628	0	0	0
12.064	0	0	0
12.0653	0	0	0
12.0665	0	0	0
12.0677	0	0	0
12.069	0	0	0
12.0702	0	0	0
12.0714	0	0	0
12.0727	0	0	0
12.0739	0	0	0
12.0751	0	0	0
12.0764	0	0	0
12.0776	0	0	0
12.0788	0	0	0
12.0801	0	0	0
12.0813	0	0	0
12.0826	0	0	0
12.0838	0	0	0
12.085	0	0	0
12.0863	0	0	0
12.0875	0	0	0
12.0887	0	0	0
12.09	0	0	0
12.0912	0	0	0
12.0924	0	0	0
12.0937	0	0	0
12.0949	0	0	0
12.0961	0	0	0
12.0974	0	0	0
12.0986	0	0	0
12.0998	0	0	0
12.1011	0	0	0
12.1023	0	0	0
12.1036	0	0	0
12.1048	0	0	0
12.106	0	0	0
12.1073	0	0	0
12.1085	0	0	0
12.1097	0	0	0
12.111	0	0	0
12.1122	0	0	0
12.1134	0	0	0
12.1147	0	0	0
12.1159	0	0	0
12.1171	0	0	0
12.1184	0	0	0
12.1196	0	0	0
12.1209	0	0	0
12.1221	0	0	0
12.1233	0	0	0
12.1246	0	0	0
12.1258	0	0	0
12.127	0	0	0
12.1283	0	0	0
12.1295	0	0	0
12.1308	0	0	0
12.132	0	0	0
12.1332	0	0	0
12.1345	0	0	0
12.1357	0	0	0
12.1369	0	0	0
12.1382	0	0	0
12.1394	0	0	0
12.1407	0	0	0
12.1419	0	0	0
12.1431	0	0	0
12.1444	0	0	0
12.1456	0	0	0
12.1468	0	0	0
12.1481	0	0	0
12.1493	0	0	0
12.1506	0	0	0
12.1518	0	0	0
12.153	0	0	0
12.1543	0	0	0
12.1555	0	0	0
12.1567	0	0	0
12.158	0	0	0
12.1592	0	0	0
12.1605	0	0	0
12.1617	0	0	0
12.1629	0	0	0
12.1642	0	0	0
12.1654	0	0	0
12.1667	0	0	0
12.1679	0	0	0
12.1691	0	0	0
12.1704	0	0	0
12.1716	0	0	0
12.1729	0	0	0
12.1741	0	0	0
12.1753	0	0	0
12.1766	0	0	0
12.1778	0	0	0
12.179	0	0	0
12.1803	0	0	0
12.1815	0	0	0
12.1828	0	0	0
12.184	0	0	0
12.1852	0	0	0
12.1865	0	0	0
12.1877	0	0	0
12.189	0	0	0
12.1902	0	0	0
12.1914	0	0	0
12.1927	0	0	0
12.1939	0	0	0
12.1952	0	0	0
12.1964	0	0	0
12.1977	0	0	0
12.1989	0	0	0
12.2001	0	0	0
12.2014	0	0	0
12.2026	0	0	0
12.2039	0	0	0
12.2051	0	0	0
12.2063	0	0	0
12.2076	0	0	0
12.2088	0	0	0
12.2101	0	0	0
12.2113	0	0	0
12.2125	0	0	0
12.2138	0	0	0
12.215	0	0	0
12.2163	0	0	0
12.2175	0	0	0
12.2187	0	0	0
12.22	0	0	0
12.2212	0	0	0
12.2225	0	0	0
12.2237	0	0	0
12.225	0	0	0
12.2262	0	0	0
12.2274	0	0	0
12.2287	0	0	0
12.2299	0	0	0
12.2312	0	0	0
12.2324	0	0	0
12.2337	0	0	0
12.2349	0	0	0
12.2361	0	0	0
12.2374	0	0	0
12.2386	0	0	0
12.2399	0	0	0
12.2411	0	0	0
12.2423	0	0	0
12.2436	0	0	0
12.2448	0	0	0
12.2461	0	0	0
12.2473	0	0	0
12.2486	0	0	0
12.2498	0	0	0
12.251	0	0	0
12.2523	0	0	0
12.2535	0	0	0
12.2548	0	0	0
12.256	0	0	0
12.2573	0	0	0
12.2585	0	0	0
12.2598	0	0	0
12.261	0	0	0
12.2622	0	0	0
12.2635	0	0	0
12.2647	0	0	0
12.266	0	0	0
12.2672	0	0	0
12.2685	0	0	0
12.2697	0	0	0
12.2709	0	0	0
12.2722	0	0	0
12.2734	0	0	0
12.2747	0	0	0
12.2759	0	0	0
12.2772	0	0	0
12.2784	0	0	0
12.2796	0	0	0
12.2809	0	0	0
12.2821	0	0	0
12.2834	0	0	0
12.2846	0	0	0
12.2859	0	0	0
12.2871	0	0	0
12.2884	0	0	0
12.2896	0	0	0
12.2908	0	0	0
12.2921	0	0	0
12.2933	0	0	0
12.2946	0	0	0
12.2958	0	0	0
12.2971	0	0	0
12.2983	0	0	0
12.2995	0	0	0
12.3008	0	0	0
12.302	0	0	0
12.3033	0	0	0
12.3045	0	0	0
12.3058	0	0	0
12.307	0	0	0
12.3083	0	0	0
12.3095	0	0	0
12.3107	0	0	0
12.312	0	0	0
12.3132	0	0	0
12.3145	0	0	0
12.3157	0	0	0
12.317	0	0	0
12.3182	0	0	0
12.3194	0	0	0
12.3207	0	0	0
12.3219	0	0	0
12.3232	0	0	0
12.3244	0	0	0
12.3257	0	0	0
12.3269	0	0	0
12.3282	0	0	0
12.3294	0	0	0
12.3307	0	0	0
12.3319	0	0	0
12.3331	0	0	0
12.3344	0	0	0
12.3356	0	0	0
12.3369	0	0	0
12.3381	0	0	0
12.3394	0	0	0
12.3406	0	0	0
12.3419	0	0	0
12.3431	0	0	0
12.3443	0	0	0
12.3456	0	0	0
12.3468	0	0	0
12.3481	0	0	0
12.3493	0	0	0
12.3506	0	0	0
12.3518	0	0	0
12.3531	0	0	0
12.3543	0	0	0
12.3555	0	0	0
12.3568	0	0	0
12.358	0	0	0
12.3593	0	0	0
12.3605	0	0	0
12.3618	0	0	0
12.363	0	0	0
12.3643	0	0	0
12.3655	0	0	0
12.3668	0	0	0
12.368	0	0	0
12.3692	0	0	0
12.3705	0	0	0
12.3717	0	0	0
12.373	0	0	0
12.3742	0	0	0
12.3755	0	0	0
12.3767	0	0	0
12.378	0	0	0
12.3792	0	0	0
12.3805	0	0	0
12.3817	0	0	0
12.3829	0	0	0
12.3842	0	0	0
12.3854	0	0	0
12.3867	0	0	0
12.3879	0	0	0
12.3892	0	0	0
12.3904	0	0	0
12.3917	0	0	0
12.3929	0	0	0
12.3942	0	0	0
12.3954	0	0	0
12.3967	0	0	0
12.3979	0	0	0
12.3991	0	0	0
12.4004	0	0	0
12.4016	0	0	0
12.4029	0	0	0
12.4041	0	0	0
12.4054	0	0	0
12.4066	0	0	0
12.4079	0	0	0
12.4091	0	0	0
12.4104	0	0	0
12.4116	0	0	0
12.4128	0	0	0
12.4141	0	0	0
12.4153	0	0	0
12.4166	0	0	0
12.4178	0	0	0
12.4191	0	0	0
12.4203	0	0	0
12.4216	0	0	0
12.4228	0	0	0
12.4241	0	0	0
12.4253	0	0	0
12.4266	0	0	0
12.4278	0	0	0
12.429	0	0	0
12.4303	0	0	0
12.4315	0	0	0
12.4328	0	0	0
12.434	0	0	0
12.4353	0	0	0
12.4365	0	0	0
12.4378	0	0	0
12.439	0	0	0
12.4403	0	0	0
12.4415	0	0	0
12.4428	0	0	0
12.444	0	0	0
12.4452	0	0	0
12.4465	0	0	0
12.4477	0	0	0
12.449	0	0	0
12.4502	0	0	0
12.4515	0	0	0
12.4527	0	0	0
12.454	0	0	0
12.4552	0	0	0
12.4565	0	0	0
12.4577	0	0	0
12.459	0	0	0
12.4602	0	0	0
12.4615	0	0	0
12.4627	0	0	0
12.4639	0	0	0
12.4652	0	0	0
12.4664	0	0	0
12.4677	0	0	0
12.4689	0	0	0
12.4702	0	0	0
12.4714	0	0	0
12.4727	0	0	0
12.4739	0	0	0
12.4752	0	0	0
12.4764	0	0	0
12.4777	0	0	0
12.4789	0	0	0
12.4802	0	0	0
12.4814	0	0	0
12.4826	0	0	0
12.4839	0	0	0
12.4851	0	0	0
12.4864	0	0	0
12.4876	0	0	0
12.4889	0	0	0
12.4901	0	0	0
12.4914	0	0	0
12.4926	0	0	0
12.4939	0	0	0
12.4951	0	0	0
12.4964	0	0	0
12.4976	0	0	0
12.4989	0	0	0
12.5001	0	0	0
12.5014	0	0	0
12.5026	0	0	0
12.5038	0	0	0
12.5051	0	0	0
12.5063	0	0	0
12.5076	0	0	0
12.5088	0	0	0
12.5101	0	0	0
12.5113	0	0	0
12.5126	0	0	0
12.5138	0	0	0
12.5151	0	0	0
12.5163	0	0	0
12.5176	0	0	0
12.5188	0	0	0
12.5201	0	0	0
12.5213	0	0	0
12.5225	0	0	0
12.5238	0	0	0
12.525	0	0	0
12.5263	0	0	0
12.5275	0	0	0
12.5288	0	0	0
12.53	0	0	0
12.5313	0	0	0
12.5325	0	0	0
12.5338	0	0	0
12.535	0	0	0
12.5363	0	0	0
12.5375	0	0	0
12.5388	0	0	0
12.54	0	0	0
12.5412	0	0	0
12.5425	0	0	0
12.5437	0	0	0
12.545	0	0	0
12.5462	0	0	0
12.5475	0	0	0
12.5487	0	0	0
12.55	0	0	0
12.5512	0	0	0
12.5525	0	0	0
12.5537	0	0	0
12.555	0	0	0
12.5562	0	0	0
12.5575	0	0	0
12.5587	0	0	0
12.56	0	0	0
12.5612	0	0	0
12.5624	0	0	0
12.5637	0	0	0
12.5649	0	0	0
12.5662	0	0	0
12.5674	0	0	0
12.5687	0	0	0
12.5699	0	0	0
12.5712	0	0	0
12.5724	0	0	0
12.5737	0	0	0
12.5749	0	0	0
12.5762	0	0	0
12.5774	0	0	0
12.5787	0	0	0
12.5799	0	0	0
12.5812	0	0	0
12.5824	0	0	0
12.5837	0	0	0
12.5849	0	0	0
12.5862	0	0	0
12.5874	0	0	0
12.5887	0	0	0
12.5899	0	0	0
12.5912	0	0	0
12.5924	0	0	0
12.5936	0	0	0
12.5949	0	0	0
12.5961	0	0	0
12.5974	0	0	0
12.5986	0	0	0
12.5999	0	0	0
12.6011	0	0	0
12.6024	0	0	0
12.6036	0	0	0
12.6049	0	0	0
12.6061	0	0	0
12.6074	0	0	0
12.6086	0	0	0
12.6099	0	0	0
12.6111	0	0	0
12.6124	0	0	0
12.6136	0	0	0
12.6149	0	0	0
12.6161	0	0	0
12.6174	0	0	0
12.6186	0	0	0
12.6199	0	0	0
12.6211	0	0	0
12.6223	0	0	0
12.6236	0	0	0
12.6248	0	0	0
12.6261	0	0	0
12.6273	0	0	0
12.6286	0	0	0
12.6298	0	0	0
12.6311	0	0	0
12.6323	0	0	0
12.6336	0	0	0
12.6348	0	0	0
12.6361	0	0	0
12.6373	0	0	0
12.6386	0	0	0
12.6398	0	0	0
12.6411	0	0	0
12.6423	0	0	0
12.6436	0	0	0
12.6448	0	0	0
12.6461	0	0	0
12.6473	0	0	0
12.6486	0	0	0
12.6498	0	0	0
12.6511	0	0	0
12.6523	0	0	0
12.6536	0	0	0
12.6548	0	0	0
12.6561	0	0	0
12.6573	0	0	0
12.6586	0	0	0
12.6598	0	0	0
12.6611	0	0	0
12.6623	0	0	0
12.6636	0	0	0
12.6648	0	0	0
12.6661	0	0	0
12.6673	0	0	0
12.6686	0	0	0
12.6698	0	0	0
12.6711	0	0	0
12.6723	0	0	0
12.6736	0	0	0
12.6748	0	0	0
12.6761	0	0	0
12.6773	0	0	0
12.6786	0	0	0
12.6798	0	0	0
12.6811	0	0	0
12.6823	0	0	0
12.6836	0	0	0
12.6848	0	0	0
12.6861	0	0	0
12.6873	0	0	0
12.6886	0	0	0
12.6898	0	0	0
12.6911	0	0	0
12.6923	0	0	0
12.6936	0	0	0
12.6948	0	0	0
12.6961	0	0	0
12.6973	0	0	0
12.6986	0	0	0
12.6998	0	0	0
12.7011	0	0	0
12.7023	0	0	0
12.7036	0	0	0
12.7048	0	0	0
12.7061	0	0	0
12.7073	0	0	0
12.7086	0	0	0
12.7098	0	0	0
12.7111	0	0	0
12.7123	0	0	0
12.7136	0	0	0
12.7148	0	0	0
12.7161	0	0	0
12.7173	0	0	0
12.7186	0	0	0
12.7198	0	0	0
12.7211	0	0	0
12.7223	0	0	0
12.7236	0	0	0
12.7248	0	0	0
12.7261	0	0	0
12.7273	0	0	0
12.7286	0	0	0
12.7298	0	0	0
12.7311	0	0	0
12.7323	0	0	0
12.7336	0	0	0
12.7348	0	0	0
12.7361	0	0	0
12.7373	0	0	0
12.7386	0	0	0
12.7398	0	0	0
12.7411	0	0	0
12.7424	0	0	0
12.7436	0	0	0
12.7449	0	0	0
12.7461	0	0	0
12.7474	0	0	0
12.7486	0	0	0
12.7499	0	0	0
12.7511	0	0	0
12.7524	0	0	0
12.7536	0	0	0
12.7549	0	0	0
12.7561	0	0	0
12.7574	0	0	0
12.7586	0	0	0
12.7599	0	0	0
12.7611	0	0	0
12.7624	0	0	0
12.7636	0	0	0
12.7649	0	0	0
12.7661	0	0	0
12.7674	0	0	0
12.7686	0	0	0
12.7699	0	0	0
12.7711	0	0	0
12.7724	0	0	0
12.7737	0	0	0
12.7749	0	0	0
12.7762	0	0	0
12.7774	0	0	0
12.7787	0	0	0
12.7799	0	0	0
12.7812	0	0	0
12.7824	0	0	0
12.7837	0	0	0
12.7849	0	0	0
12.7862	0	0	0
12.7874	0	0	0
12.7887	0	0	0
12.7899	0	0	0
12.7912	0	0	0
12.7924	0	0	0
12.7937	0	0	0
12.7949	0	0	0
12.7962	0	0	0
12.7975	0	0	0
12.7987	0	0	0
12.8	0	0	0
12.8012	0	0	0
12.8025	0	0	0
12.8037	0	0	0
12.805	0	0	0
12.8062	0	0	0
12.8075	0	0	0
12.8087	0	0	0
12.81	0	0	0
12.8112	0	0	0
12.8125	0	0	0
12.8137	0	0	0
12.815	0	0	0
12.8162	0	0	0
12.8175	0	0	0
12.8187	0	0	0
12.82	0	0	0
12.8213	0	0	0
12.8225	0	0	0
12.8238	0	0	0
12.825	0	0	0
12.8263	0	0	0
12.8275	0	0	0
12.8288	0	0	0
12.83	0	0	0
12.8313	0	0	0
12.8325	0	0	0
12.8338	0	0	0
12.835	0	0	0
12.8363	0	0	0
12.8376	0	0	0
12.8388	0	0	0
12.8401	0	0	0
12.8413	0	0	0
12.8426	0	0	0
12.8438	0	0	0
12.8451	0	0	0
12.8463	0	0	0
12.8476	0	0	0
12.8488	0	0	0
12.8501	0	0	0
12.8513	0	0	0
12.8526	0	0	0
12.8539	0	0	0
12.8551	0	0	0
12.8564	0	0	0
12.8576	0	0	0
12.8589	0	0	0
12.8601	0	0	0
12.8614	0	0	0
12.8626	0	0	0
12.8639	0	0	0
12.8651	0	0	0
12.8664	0	0	0
12.8676	0	0	0
12.8689	0	0	0
12.8702	0	0	0
12.8714	0	0	0
12.8727	0	0	0
12.8739	0	0	0
12.8752	0	0	0
12.8764	0	0	0
12.8777	0	0	0
12.8789	0	0	0
12.8802	0	0	0
12.8814	0	0	0
12.8827	0	0	0
12.8839	0	0	0
12.8852	0	0	0
12.8865	0	0	0
12.8877	0	0	0
12.889	0	0	0
12.8902	0	0	0
12.8915	0	0	0
12.8927	0	0	0
12.894	0	0	0
12.8952	0	0	0
12.8965	0	0	0
12.8977	0	0	0
12.899	0	0	0
12.9003	0	0	0
12.9015	0	0	0
12.9028	0	0	0
12.904	0	0	0
12.9053	0	0	0
12.9065	0	0	0
12.9078	0	0	0
12.909	0	0	0
12.9103	0	0	0
12.9115	0	0	0
12.9128	0	0	0
12.914	0	0	0
12.9153	0	0	0
12.9166	0	0	0
12.9178	0	0	0
12.9191	0	0	0
12.9203	0	0	0
12.9216	0	0	0
12.9228	0	0	0
12.9241	0	0	0
12.9253	0	0	0
12.9266	0	0	0
12.9278	0	0	0
12.9291	0	0	0
12.9304	0	0	0
12.9316	0	0	0
12.9329	0	0	0
12.9341	0	0	0
12.9354	0	0	0
12.9366	0	0	0
12.9379	0	0	0
12.9391	0	0	0
12.9404	0	0	0
12.9417	0	0	0
12.9429	0	0	0
12.9442	0	0	0
12.9454	0	0	0
12.9467	0	0	0
12.9479	0	0	0
12.9492	0	0	0
12.9504	0	0	0
12.9517	0	0	0
12.953	0	0	0
12.9542	0	0	0
12.9555	0	0	0
12.9567	0	0	0
12.958	0	0	0
12.9592	0	0	0
12.9605	0	0	0
12.9617	0	0	0
12.963	0	0	0
12.9643	0	0	0
12.9655	0	0	0
12.9668	0	0	0
12.968	0	0	0
12.9693	0	0	0
12.9705	0	0	0
12.9718	0	0	0
12.973	0	0	0
12.9743	0	0	0
12.9755	0	0	0
12.9768	0	0	0
12.9781	0	0	0
12.9793	0	0	0
12.9806	0	0	0
12.9818	0	0	0
12.9831	0	0	0
12.9843	0	0	0
12.9856	0	0	0
12.9868	0	0	0
12.9881	0	0	0
12.9893	0	0	0
12.9906	0	0	0
12.9918	0	0	0
12.9931	0	0	0
12.9944	0	0	0
12.9956	0	0	0
12.9969	0	0	0
12.9981	0	0	0
12.9994	0	0	0
13.0006	0	0	0
13.0019	0	0	0
13.0031	0	0	0
13.0044	0	0	0
13.0056	0	0	0
13.0069	0	0	0
13.0081	0	0	0
13.0094	0	0	0
13.0107	0	0	0
13.0119	0	0	0
13.0132	0	0	0
13.0144	0	0	0
13.0157	0	0	0
13.0169	0	0	0
13.0182	0	0	0
13.0194	0	0	0
13.0207	0	0	0
13.0219	0	0	0
13.0232	0	0	0
13.0244	0	0	0
13.0257	0	0	0
13.027	0	0	0
13.0282	0	0	0
13.0295	0	0	0
13.0307	0	0	0
13.032	0	0	0
13.0332	0	0	0
13.0345	0	0	0
13.0357	0	0	0
13.037	0	0	0
13.0382	0	0	0
13.0395	0	0	0
13.0407	0	0	0
13.042	0	0	0
13.0433	0	0	0
13.0445	0	0	0
13.0458	0	0	0
13.047	0	0	0
13.0483	0	0	0
13.0495	0	0	0
13.0508	0	0	0
13.052	0	0	0
13.0533	0	0	0
13.0545	0	0	0
13.0558	0	0	0
13.057	0	0	0
13.0583	0	0	0
13.0595	0	0	0
13.0608	0	0	0
13.062	0	0	0
13.0633	0	0	0
13.0645	0	0	0
13.0658	0	0	0
13.067	0	0	0
13.0683	0	0	0
13.0696	0	0	0
13.0708	0	0	0
13.0721	0	0	0
13.0733	0	0	0
13.0746	0	0	0
13.0758	0	0	0
13.0771	0	0	0
13.0783	0	0	0
13.0796	0	0	0
13.0808	0	0	0
13.0821	0	0	0
13.0833	0	0	0
13.0846	0	0	0
13.0858	0	0	0
13.0871	0	0	0
13.0883	0	0	0
13.0896	0	0	0
13.0908	0	0	0
13.0921	0	0	0
13.0933	0	0	0
13.0946	0	0	0
13.0958	0	0	0
13.0971	0	0	0
13.0983	0	0	0
13.0996	0	0	0
13.1008	0	0	0
13.1021	0	0	0
13.1033	0	0	0
13.1046	0	0	0
13.1058	0	0	0
13.1071	0	0	0
13.1083	0	0	0
13.1096	0	0	0
13.1108	0	0	0
13.1121	0	0	0
13.1133	0	0	0
13.1146	0	0	0
13.1158	0	0	0
13.1171	0	0	0
13.1184	0	0	0
13.1196	0	0	0
13.1209	0	0	0
13.1221	0	0	0
13.1234	0	0	0
13.1246	0	0	0
13.1258	0	0	0
13.1271	0	0	0
13.1283	0	0	0
13.1296	0	0	0
13.1308	0	0	0
13.1321	0	0	0
13.1333	0	0	0
13.1346	0	0	0
13.1358	0	0	0
13.1371	0	0	0
13.1383	0	0	0
13.1396	0	0	0
13.1408	0	0	0
13.1421	0	0	0
13.1433	0	0	0
13.1446	0	0	0
13.1458	0	0	0
13.1471	0	0	0
13.1483	0	0	0
13.1496	0	0	0
13.1508	0	0	0
13.1521	0	0	0
13.1533	0	0	0
13.1546	0	0	0
13.1558	0	0	0
13.1571	0	0	0
13.1583	0	0	0
13.1596	0	0	0
13.1608	0	0	0
13.162	0	0	0
13.1633	0	0	0
13.1645	0	0	0
13.1658	0	0	0
13.167	0	0	0
13.1683	0	0	0
13.1695	0	0	0
13.1708	0	0	0
13.172	0	0	0
13.1733	0	0	0
13.1745	0	0	0
13.1758	0	0	0
13.177	0	0	0
13.1783	0	0	0
13.1795	0	0	0
13.1808	0	0	0
13.182	0	0	0
13.1832	0	0	0
13.1845	0	0	0
13.1857	0	0	0
13.187	0	0	0
13.1882	0	0	0
13.1895	0	0	0
13.1907	0	0	0
13.192	0	0	0
13.1932	0	0	0
13.1944	0	0	0
13.1957	0	0	0
13.1969	0	0	0
13.1982	0	0	0
13.1994	0	0	0
13.2007	0	0	0
13.2019	0	0	0
13.2032	0	0	0
13.2044	0	0	0
13.2057	0	0	0
13.2069	0	0	0
13.2081	0	0	0
13.2094	0	0	0
13.2106	0	0	0
13.2119	0	0	0
13.2131	0	0	0
13.2144	0	0	0
13.2156	0	0	0
13.2168	0	0	0
13.2181	0	0	0
13.2193	0	0	0
13.2206	0	0	0
13.2218	0	0	0
13.2231	0	0	0
13.2243	0	0	0
13.2255	0	0	0
13.2268	0	0	0
13.228	0	0	0
13.2293	0	0	0
13.2305	0	0	0
13.2318	0	0	0
13.233	0	0	0
13.2342	0	0	0
13.2355	0	0	0
13.2367	0	0	0
13.238	0	0	0
13.2392	0	0	0
13.2404	0	0	0
13.2417	0	0	0
13.2429	0	0	0
13.2442	0	0	0
13.2454	0	0	0
13.2466	0	0	0
13.2479	0	0	0
13.2491	0	0	0
13.2504	0	0	0
13.2516	0	0	0
13.2529	0	0	0
13.2541	0	0	0
13.2553	0	0	0
13.2566	0	0	0
13.2578	0	0	0
13.259	0	0	0
13.2603	0	0	0
13.2615	0	0	0
13.2628	0	0	0
13.264	0	0	0
13.2652	0	0	0
13.2665	0	0	0
13.2677	0	0	0
13.269	0	0	0
13.2702	0	0	0
13.2714	0	0	0
13.2727	0	0	0
13.2739	0	0	0
13.2752	0	0	0
13.2764	0	0	0
13.2776	0	0	0
13.2789	0	0	0
13.2801	0	0	0
13.2813	0	0	0
13.2826	0	0	0
13.2838	0	0	0
13.2851	0	0	0
13.2863	0	0	0
13.2875	0	0	0
13.2888	0	0	0
13.29	0	0	0
13.2912	0	0	0
13.2925	0	0	0
13.2937	0	0	0
13.295	0	0	0
13.2962	0	0	0
13.2974	0	0	0
13.2987	0	0	0
13.2999	0	0	0
13.3011	0	0	0
13.3024	0	0	0
13.3036	0	0	0
13.3048	0	0	0
13.3061	0	0	0
13.3073	0	0	0
13.3086	0	0	0
13.3098	0	0	0
13.311	0	0	0
13.3123	0	0	0
13.3135	0	0	0
13.3147	0	0	0
13.316	0	0	0
13.3172	0	0	0
13.3184	0	0	0
13.3197	0	0	0
13.3209	0	0	0
13.3221	0	0	0
13.3234	0	0	0
13.3246	0	0	0
13.3258	0	0	0
13.3271	0	0	0
13.3283	0	0	0
13.3295	0	0	0
13.3308	0	0	0
13.332	0	0	0
13.3332	0	0	0
13.3345	0	0	0
13.3357	0	0	0
13.3369	0	0	0
13.3382	0	0	0
13.3394	0	0	0
13.3406	0	0	0
13.3419	0	0	0
13.3431	0	0	0
13.3443	0	0	0
13.3456	0	0	0
13.3468	0	0	0
13.348	0	0	0
13.3493	0	0	0
13.3505	0	0	0
13.3517	0	0	0
13.353	0	0	0
13.3542	0	0	0
13.3554	0	0	0
13.3567	0	0	0
13.3579	0	0	0
13.3591	0	0	0
13.3604	0	0	0
13.3616	0	0	0
13.3628	0	0	0
13.364	0	0	0
13.3653	0	0	0
13.3665	0	0	0
13.3677	0	0	0
13.369	0	0	0
13.3702	0	0	0
13.3714	0	0	0
13.3727	0	0	0
13.3739	0	0	0
13.3751	0	0	0
13.3763	0	0	0
13.3776	0	0	0
13.3788	0	0	0
13.38	0	0	0
13.3813	0	0	0
13.3825	0	0	0
13.3837	0	0	0
13.385	0	0	0
13.3862	0	0	0
13.3874	0	0	0
13.3886	0	0	0
13.3899	0	0	0
13.3911	0	0	0
13.3923	0	0	0
13.3936	0	0	0
13.3948	0	0	0
13.396	0	0	0
13.3972	0	0	0
13.3985	0	0	0
13.3997	0	0	0
13.4009	0	0	0
13.4022	0	0	0
13.4034	0	0	0
13.4046	0	0	0
13.4058	0	0	0
13.4071	0	0	0
13.4083	0	0	0
13.4095	0	0	0
13.4108	0	0	0
13.412	0	0	0
13.4132	0	0	0
13.4144	0	0	0
13.4157	0	0	0
13.4169	0	0	0
13.4181	0	0	0
13.4193	0	0	0
13.4206	0	0	0
13.4218	0	0	0
13.423	0	0	0
13.4243	0	0	0
13.4255	0	0	0
13.4267	0	0	0
13.4279	0	0	0
13.4292	0	0	0
13.4304	0	0	0
13.4316	0	0	0
13.4328	0	0	0
13.4341	0	0	0
13.4353	0	0	0
13.4365	0	0	0
13.4378	0	0	0
13.439	0	0	0
13.4402	0	0	0
13.4414	0	0	0
13.4427	0	0	0
13.4439	0	0	0
13.4451	0	0	0
13.4463	0	0	0
13.4476	0	0	0
13.4488	0	0	0
13.45	0	0	0
13.4512	0	0	0
13.4525	0	0	0
13.4537	0	0	0
13.4549	0	0	0
13.4561	0	0	0
13.4574	0	0	0
13.4586	0	0	0
13.4598	0	0	0
13.461	0	0	0
13.4623	0	0	0
13.4635	0	0	0
13.4647	0	0	0
13.4659	0	0	0
13.4672	0	0	0
13.4684	0	0	0
13.4696	0	0	0
13.4708	0	0	0
13.4721	0	0	0
13.4733	0	0	0
13.4745	0	0	0
13.4757	0	0	0
13.477	0	0	0
13.4782	0	0	0
13.4794	0	0	0
13.4806	0	0	0
13.4819	0	0	0
13.4831	0	0	0
13.4843	0	0	0
13.4855	0	0	0
13.4868	0	0	0
13.488	0	0	0
13.4892	0	0	0
13.4904	0	0	0
13.4916	0	0	0
13.4929	0	0	0
13.4941	0	0	0
13.4953	0	0	0
13.4965	0	0	0
13.4978	0	0	0
13.499	0	0	0
13.5002	0	0	0
13.5014	0	0	0
13.5026	0	0	0
13.5039	0	0	0
13.5051	0	0	0
13.5063	0	0	0
13.5075	0	0	0
13.5088	0	0	0
13.51	0	0	0
13.5112	0	0	0
13.5124	0	0	0
13.5136	0	0	0
13.5149	0	0	0
13.5161	0	0	0
13.5173	0	0	0
13.5185	0	0	0
13.5198	0	0	0
13.521	0	0	0
13.5222	0	0	0
13.5234	0	0	0
13.5246	0	0	0
13.5259	0	0	0
13.5271	0	0	0
13.5283	0	0	0
13.5295	0	0	0
13.5308	0	0	0
13.532	0	0	0
13.5332	0	0	0
13.5344	0	0	0
13.5356	0	0	0
13.5369	0	0	0
13.5381	0	0	0
13.5393	0	0	0
13.5405	0	0	0
13.5418	0	0	0
13.543	0	0	0
13.5442	0	0	0
13.5454	0	0	0
13.5466	0	0	0
13.5479	0	0	0
13.5491	0	0	0
13.5503	0	0	0
13.5515	0	0	0
13.5527	0	0	0
13.554	0	0	0
13.5552	0	0	0
13.5564	0	0	0
13.5576	0	0	0
13.5589	0	0	0
13.5601	0	0	0
13.5613	0	0	0
13.5625	0	0	0
13.5637	0	0	0
13.565	0	0	0
13.5662	0	0	0
13.5674	0	0	0
13.5686	0	0	0
13.5699	0	0	0
13.5711	0	0	0
13.5723	0	0	0
13.5735	0	0	0
13.5747	0	0	0
13.576	0	0	0
13.5772	0	0	0
13.5784	0	0	0
13.5796	0	0	0
13.5808	0	0	0
13.5821	0	0	0
13.5833	0	0	0
13.5845	0	0	0
13.5857	0	0	0
13.5869	0	0	0
13.5882	0	0	0
13.5894	0	0	0
13.5906	0	0	0
13.5918	0	0	0
13.593	0	0	0
13.5943	0	0	0
13.5955	0	0	0
13.5967	0	0	0
13.5979	0	0	0
13.5991	0	0	0
13.6003	0	0	0
13.6016	0	0	0
13.6028	0	0	0
13.604	0	0	0
13.6052	0	0	0
13.6064	0	0	0
13.6077	0	0	0
13.6089	0	0	0
13.6101	0	0	0
13.6113	0	0	0
13.6125	0	0	0
13.6137	0	0	0
13.615	0	0	0
13.6162	0	0	0
13.6174	0	0	0
13.6186	0	0	0
13.6198	0	0	0
13.6211	0	0	0
13.6223	0	0	0
13.6235	0	0	0
13.6247	0	0	0
13.6259	0	0	0
13.6271	0	0	0
13.6284	0	0	0
13.6296	0	0	0
13.6308	0	0	0
13.632	0	0	0
13.6332	0	0	0
13.6345	0	0	0
13.6357	0	0	0
13.6369	0	0	0
13.6381	0	0	0
13.6393	0	0	0
13.6406	0	0	0
13.6418	0	0	0
13.643	0	0	0
13.6442	0	0	0
13.6454	0	0	0
13.6466	0	0	0
13.6479	0	0	0
13.6491	0	0	0
13.6503	0	0	0
13.6515	0	0	0
13.6527	0	0	0
13.654	0	0	0
13.6552	0	0	0
13.6564	0	0	0
13.6576	0	0	0
13.6588	0	0	0
13.66	0	0	0
13.6613	0	0	0
13.6625	0	0	0
13.6637	0	0	0
13.6649	0	0	0
13.6661	0	0	0
13.6674	0	0	0
13.6686	0	0	0
13.6698	0	0	0
13.671	0	0	0
13.6722	0	0	0
13.6735	0	0	0
13.6747	0	0	0
13.6759	0	0	0
13.6771	0	0	0
13.6783	0	0	0
13.6795	0	0	0
13.6808	0	0	0
13.682	0	0	0
13.6832	0	0	0
13.6844	0	0	0
13.6856	0	0	0
13.6869	0	0	0
13.6881	0	0	0
13.6893	0	0	0
13.6905	0	0	0
13.6917	0	0	0
13.6929	0	0	0
13.6942	0	0	0
13.6954	0	0	0
13.6966	0	0	0
13.6978	0	0	0
13.699	0	0	0
13.7003	0	0	0
13.7015	0	0	0
13.7027	0	0	0
13.7039	0	0	0
13.7051	0	0	0
13.7063	0	0	0
13.7076	0	0	0
13.7088	0	0	0
13.71	0	0	0
13.7112	0	0	0
13.7124	0	0	0
13.7137	0	0	0
13.7149	0	0	0
13.7161	0	0	0
13.7173	0	0	0
13.7185	0	0	0
13.7198	0	0	0
13.721	0	0	0
13.7222	0	0	0
13.7234	0	0	0
13.7246	0	0	0
13.7258	0	0	0
13.7271	0	0	0
13.7283	0	0	0
13.7295	0	0	0
13.7307	0	0	0
13.7319	0	0	0
13.7332	0	0	0
13.7344	0	0	0
13.7356	0	0	0
13.7368	0	0	0
13.738	0	0	0
13.7392	0	0	0
13.7405	0	0	0
13.7417	0	0	0
13.7429	0	0	0
13.7441	0	0	0
13.7453	0	0	0
13.7466	0	0	0
13.7478	0	0	0
13.749	0	0	0
13.7502	0	0	0
13.7514	0	0	0
13.7527	0	0	0
13.7539	0	0	0
13.7551	0	0	0
13.7563	0	0	0
13.7575	0	0	0
13.7587	0	0	0
13.76	0	0	0
13.7612	0	0	0
13.7624	0	0	0
13.7636	0	0	0
13.7648	0	0	0
13.7661	0	0	0
13.7673	0	0	0
13.7685	0	0	0
13.7697	0	0	0
13.7709	0	0	0
13.7721	0	0	0
13.7734	0	0	0
13.7746	0	0	0
13.7758	0	0	0
13.777	0	0	0
13.7782	0	0	0
13.7795	0	0	0
13.7807	0	0	0
13.7819	0	0	0
13.7831	0	0	0
13.7843	0	0	0
13.7856	0	0	0
13.7868	0	0	0
13.788	0	0	0
13.7892	0	0	0
13.7904	0	0	0
13.7916	0	0	0
13.7929	0	0	0
13.7941	0	0	0
13.7953	0	0	0
13.7965	0	0	0
13.7977	0	0	0
13.799	0	0	0
13.8002	0	0	0
13.8014	0	0	0
13.8026	0	0	0
13.8038	0	0	0
13.805	0	0	0
13.8063	0	0	0
13.8075	0	0	0
13.8087	0	0	0
13.8099	0	0	0
13.8111	0	0	0
13.8124	0	0	0
13.8136	0	0	0
13.8148	0	0	0
13.816	0	0	0
13.8172	0	0	0
13.8184	0	0	0
13.8197	0	0	0
13.8209	0	0	0
13.8221	0	0	0
13.8233	0	0	0
13.8245	0	0	0
13.8258	0	0	0
13.827	0	0	0
13.8282	0	0	0
13.8294	0	0	0
13.8306	0	0	0
13.8319	0	0	0
13.8331	0	0	0
13.8343	0	0	0
13.8355	0	0	0
13.8367	0	0	0
13.8379	0	0	0
13.8392	0	0	0
13.8404	0	0	0
13.8416	0	0	0
13.8428	0	0	0
13.844	0	0	0
13.8453	0	0	0
13.8465	0	0	0
13.8477	0	0	0
13.8489	0	0	0
13.8501	0	0	0
13.8513	0	0	0
13.8526	0	0	0
13.8538	0	0	0
13.855	0	0	0
13.8562	0	0	0
13.8574	0	0	0
13.8587	0	0	0
13.8599	0	0	0
13.8611	0	0	0
13.8623	0	0	0
13.8635	0	0	0
13.8648	0	0	0
13.866	0	0	0
13.8672	0	0	0
13.8684	0	0	0
13.8696	0	0	0
13.8708	0	0	0
13.8721	0	0	0
13.8733	0	0	0
13.8745	0	0	0
13.8757	0	0	0
13.8769	0	0	0
13.8782	0	0	0
13.8794	0	0	0
13.8806	0	0	0
13.8818	0	0	0
13.883	0	0	0
13.8842	0	0	0
13.8855	0	0	0
13.8867	0	0	0
13.8879	0	0	0
13.8891	0	0	0
13.8903	0	0	0
13.8916	0	0	0
13.8928	0	0	0
13.894	0	0	0
13.8952	0	0	0
13.8964	0	0	0
13.8976	0	0	0
13.8989	0	0	0
13.9001	0	0	0
13.9013	0	0	0
13.9025	0	0	0
13.9037	0	0	0
13.905	0	0	0
13.9062	0	0	0
13.9074	0	0	0
13.9086	0	0	0
13.9098	0	0	0
13.9111	0	0	0
13.9123	0	0	0
13.9135	0	0	0
13.9147	0	0	0
13.9159	0	0	0
13.9171	0	0	0
13.9184	0	0	0
13.9196	0	0	0
13.9208	0	0	0
13.922	0	0	0
13.9232	0	0	0
13.9245	0	0	0
13.9257	0	0	0
13.9269	0	0	0
13.9281	0	0	0
13.9293	0	0	0
13.9305	0	0	0
13.9318	0	0	0
13.933	0	0	0
13.9342	0	0	0
13.9354	0	0	0
13.9366	0	0	0
13.9379	0	0	0
13.9391	0	0	0
13.9403	0	0	0
13.9415	0	0	0
13.9427	0	0	0
13.944	0	0	0
13.9452	0	0	0
13.9464	0	0	0
13.9476	0	0	0
13.9488	0	0	0
13.95	0	0	0
13.9513	0	0	0
13.9525	0	0	0
13.9537	0	0	0
13.9549	0	0	0
13.9561	0	0	0
13.9574	0	0	0
13.9586	0	0	0
13.9598	0	0	0
13.961	0	0	0
13.9622	0	0	0
13.9634	0	0	0
13.9647	0	0	0
13.9659	0	0	0
13.9671	0	0	0
13.9683	0	0	0
13.9695	0	0	0
13.9708	0	0	0
13.972	0	0	0
13.9732	0	0	0
13.9744	0	0	0
13.9756	0	0	0
13.9768	0	0	0
13.9781	0	0	0
13.9793	0	0	0
13.9805	0	0	0
13.9817	0	0	0
13.9829	0	0	0
13.9842	0	0	0
13.9854	0	0	0
13.9866	0	0	0
13.9878	0	0	0
13.989	0	0	0
13.9903	0	0	0
13.9915	0	0	0
13.9927	0	0	0
13.9939	0	0	0
13.9951	0	0	0
13.9963	0	0	0
13.9976	0	0	0
13.9988	0	0	0
14	0	0	0
14.0012	0	0	0
14.0024	0	0	0
14.0036	0	0	0
14.0049	0	0	0
14.0061	0	0	0
14.0073	0	0	0
14.0085	0	0	0
14.0097	0	0	0
14.0109	0	0	0
14.0122	0	0	0
14.0134	0	0	0
14.0146	0	0	0
14.0158	0	0	0
14.017	0	0	0
14.0182	0	0	0
14.0194	0	0	0
14.0207	0	0	0
14.0219	0	0	0
14.0231	0	0	0
14.0243	0	0	0
14.0255	0	0	0
14.0267	0	0	0
14.0279	0	0	0
14.0292	0	0	0
14.0304	0	0	0
14.0316	0	0	0
14.0328	0	0	0
14.034	0	0	0
14.0352	0	0	0
14.0365	0	0	0
14.0377	0	0	0
14.0389	0	0	0
14.0401	0	0	0
14.0413	0	0	0
14.0425	0	0	0
14.0437	0	0	0
14.045	0	0	0
14.0462	0	0	0
14.0474	0	0	0
14.0486	0	0	0
14.0498	0	0	0
14.051	0	0	0
14.0522	0	0	0
14.0535	0	0	0
14.0547	0	0	0
14.0559	0	0	0
14.0571	0	0	0
14.0583	0	0	0
14.0595	0	0	0
14.0608	0	0	0
14.062	0	0	0
14.0632	0	0	0
14.0644	0	0	0
14.0656	0	0	0
14.0668	0	0	0
14.068	0	0	0
14.0693	0	0	0
14.0705	0	0	0
14.0717	0	0	0
14.0729	0	0	0
14.0741	0	0	0
14.0753	0	0	0
14.0765	0	0	0
14.0778	0	0	0
14.079	0	0	0
14.0802	0	0	0
14.0814	0	0	0
14.0826	0	0	0
14.0838	0	0	0
14.0851	0	0	0
14.0863	0	0	0
14.0875	0	0	0
14.0887	0	0	0
14.0899	0	0	0
14.0911	0	0	0
14.0924	0	0	0
14.0936	0	0	0
14.0948	0	0	0
14.096	0	0	0
14.0972	0	0	0
14.0984	0	0	0
14.0996	0	0	0
14.1009	0	0	0
14.1021	0	0	0
14.1033	0	0	0
14.1045	0	0	0
14.1057	0	0	0
14.1069	0	0	0
14.1082	0	0	0
14.1094	0	0	0
14.1106	0	0	0
14.1118	0	0	0
14.113	0	0	0
14.1142	0	0	0
14.1155	0	0	0
14.1167	0	0	0
14.1179	0	0	0
14.1191	0	0	0
14.1203	0	0	0
14.1215	0	0	0
14.1228	0	0	0
14.124	0	0	0
14.1252	0	0	0
14.1264	0	0	0
14.1276	0	0	0
14.1288	0	0	0
14.13	0	0	0
14.1313	0	0	0
14.1325	0	0	0
14.1337	0	0	0
14.1349	0	0	0
14.1361	0	0	0
14.1373	0	0	0
14.1386	0	0	0
14.1398	0	0	0
14.141	0	0	0
14.1422	0	0	0
14.1434	0	0	0
14.1446	0	0	0
14.1459	0	0	0
14.1471	0	0	0
14.1483	0	0	0
14.1495	0	0	0
14.1507	0	0	0
14.1519	0	0	0
14.1532	0	0	0
14.1544	0	0	0
14.1556	0	0	0
14.1568	0	0	0
14.158	0	0	0
14.1592	0	0	0
14.1605	0	0	0
14.1617	0	0	0
14.1629	0	0	0
14.1641	0	0	0
14.1653	0	0	0
14.1665	0	0	0
14.1678	0	0	0
14.169	0	0	0
14.1702	0	0	0
14.1714	0	0	0
14.1726	0	0	0
14.1738	0	0	0
14.1751	0	0	0
14.1763	0	0	0
14.1775	0	0	0
14.1787	0	0	0
14.1799	0	0	0
14.1811	0	0	0
14.1824	0	0	0
14.1836	0	0	0
14.1848	0	0	0
14.186	0	0	0
14.1872	0	0	0
14.1884	0	0	0
14.1897	0	0	0
14.1909	0	0	0
14.1921	0	0	0
14.1933	0	0	0
14.1945	0	0	0
14.1957	0	0	0
14.197	0	0	0
14.1982	0	0	0
14.1994	0	0	0
14.2006	0	0	0
14.2018	0	0	0
14.203	0	0	0
14.2043	0	0	0
14.2055	0	0	0
14.2067	0	0	0
14.2079	0	0	0
14.2091	0	0	0
14.2103	0	0	0
14.2116	0	0	0
14.2128	0	0	0
14.214	0	0	0
14.2152	0	0	0
14.2164	0	0	0
14.2176	0	0	0
14.2189	0	0	0
14.2201	0	0	0
14.2213	0	0	0
14.2225	0	0	0
14.2237	0	0	0
14.225	0	0	0
14.2262	0	0	0
14.2274	0	0	0
14.2286	0	0	0
14.2298	0	0	0
14.231	0	0	0
14.2323	0	0	0
14.2335	0	0	0
14.2347	0	0	0
14.2359	0	0	0
14.2371	0	0	0
14.2383	0	0	0
14.2396	0	0	0
14.2408	0	0	0
14.242	0	0	0
14.2432	0	0	0
14.2444	0	0	0
14.2456	0	0	0
14.2469	0	0	0
14.2481	0	0	0
14.2493	0	0	0
14.2505	0	0	0
14.2517	0	0	0
14.253	0	0	0
14.2542	0	0	0
14.2554	0	0	0
14.2566	0	0	0
14.2578	0	0	0
14.259	0	0	0
14.2603	0	0	0
14.2615	0	0	0
14.2627	0	0	0
14.2639	0	0	0
14.2651	0	0	0
14.2664	0	0	0
14.2676	0	0	0
14.2688	0	0	0
14.27	0	0	0
14.2712	0	0	0
14.2725	0	0	0
14.2737	0	0	0
14.2749	0	0	0
14.2761	0	0	0
14.2773	0	0	0
14.2785	0	0	0
14.2798	0	0	0
14.281	0	0	0
14.2822	0	0	0
14.2834	0	0	0
14.2846	0	0	0
14.2859	0	0	0
14.2871	0	0	0
14.2883	0	0	0
14.2895	0	0	0
14.2907	0	0	0
14.292	0	0	0
14.2932	0	0	0
14.2944	0	0	0
14.2956	0	0	0
14.2968	0	0	0
14.298	0	0	0
14.2993	0	0	0
14.3005	0	0	0
14.3017	0	0	0
14.3029	0	0	0
14.3041	0	0	0
14.3054	0	0	0
14.3066	0	0	0
14.3078	0	0	0
14.309	0	0	0
14.3102	0	0	0
14.3115	0	0	0
14.3127	0	0	0
14.3139	0	0	0
14.3151	0	0	0
14.3163	0	0	0
14.3176	0	0	0
14.3188	0	0	0
14.32	0	0	0
14.3212	0	0	0
14.3224	0	0	0
14.3237	0	0	0
14.3249	0	0	0
14.3261	0	0	0
14.3273	0	0	0
14.3285	0	0	0
14.3298	0	0	0
14.331	0	0	0
14.3322	0	0	0
14.3334	0	0	0
14.3346	0	0	0
14.3359	0	0	0
14.3371	0	0	0
14.3383	0	0	0
14.3395	0	0	0
14.3407	0	0	0
14.342	0	0	0
14.3432	0	0	0
14.3444	0	0	0
14.3456	0	0	0
14.3468	0	0	0
14.3481	0	0	0
14.3493	0	0	0
14.3505	0	0	0
14.3517	0	0	0
14.3529	0	0	0
14.3542	0	0	0
14.3554	0	0	0
14.3566	0	0	0
14.3578	0	0	0
14.359	0	0	0
14.3603	0	0	0
14.3615	0	0	0
14.3627	0	0	0
14.3639	0	0	0
14.3652	0	0	0
14.3664	0	0	0
14.3676	0	0	0
14.3688	0	0	0
14.37	0	0	0
14.3713	0	0	0
14.3725	0	0	0
14.3737	0	0	0
14.3749	0	0	0
14.3761	0	0	0
14.3774	0	0	0
14.3786	0	0	0
14.3798	0	0	0
14.381	0	0	0
14.3822	0	0	0
14.3835	0	0	0
14.3847	0	0	0
14.3859	0	0	0
14.3871	0	0	0
14.3883	0	0	0
14.3896	0	0	0
14.3908	0	0	0
14.392	0	0	0
14.3932	0	0	0
14.3945	0	0	0
14.3957	0	0	0
14.3969	0	0	0
14.3981	0	0	0
14.3993	0	0	0
14.4006	0	0	0
14.4018	0	0	0
14.403	0	0	0
14.4042	0	0	0
14.4055	0	0	0
14.4067	0	0	0
14.4079	0	0	0
14.4091	0	0	0
14.4103	0	0	0
14.4116	0	0	0
14.4128	0	0	0
14.414	0	0	0
14.4152	0	0	0
14.4164	0	0	0
14.4177	0	0	0
14.4189	0	0	0
14.4201	0	0	0
14.4213	0	0	0
14.4226	0	0	0
14.4238	0	0	0
14.425	0	0	0
14.4262	0	0	0
14.4274	0	0	0
14.4287	0	0	0
14.4299	0	0	0
14.4311	0	0	0
14.4323	0	0	0
14.4336	0	0	0
14.4348	0	0	0
14.436	0	0	0
14.4372	0	0	0
14.4384	0	0	0
14.4397	0	0	0
14.4409	0	0	0
14.4421	0	0	0
14.4433	0	0	0
14.4446	0	0	0
14.4458	0	0	0
14.447	0	0	0
14.4482	0	0	0
14.4494	0	0	0
14.4507	0	0	0
14.4519	0	0	0
14.4531	0	0	0
14.4543	0	0	0
14.4556	0	0	0
14.4568	0	0	0
14.458	0	0	0
14.4592	0	0	0
14.4605	0	0	0
14.4617	0	0	0
14.4629	0	0	0
14.4641	0	0	0
14.4653	0	0	0
14.4666	0	0	0
14.4678	0	0	0
14.469	0	0	0
14.4702	0	0	0
14.4715	0	0	0
14.4727	0	0	0
14.4739	0	0	0
14.4751	0	0	0
14.4764	0	0	0
14.4776	0	0	0
14.4788	0	0	0
14.48	0	0	0
14.4812	0	0	0
14.4825	0	0	0
14.4837	0	0	0
14.4849	0	0	0
14.4861	0	0	0
14.4874	0	0	0
14.4886	0	0	0
14.4898	0	0	0
14.491	0	0	0
14.4923	0	0	0
14.4935	0	0	0
14.4947	0	0	0
14.4959	0	0	0
14.4972	0	0	0
14.4984	0	0	0
14.4996	0	0	0
14.5008	0	0	0
14.502	0	0	0
14.5033	0	0	0
14.5045	0	0	0
14.5057	0	0	0
14.5069	0	0	0
14.5082	0	0	0
14.5094	0	0	0
14.5106	0	0	0
14.5118	0	0	0
14.5131	0	0	0
14.5143	0	0	0
14.5155	0	0	0
14.5167	0	0	0
14.518	0	0	0
14.5192	0	0	0
14.5204	0	0	0
14.5216	0	0	0
14.5229	0	0	0
14.5241	0	0	0
14.5253	0	0	0
14.5265	0	0	0
14.5278	0	0	0
14.529	0	0	0
14.5302	0	0	0
14.5314	0	0	0
14.5327	0	0	0
14.5339	0	0	0
14.5351	0	0	0
14.5363	0	0	0
14.5376	0	0	0
14.5388	0	0	0
14.54	0	0	0
14.5412	0	0	0
14.5425	0	0	0
14.5437	0	0	0
14.5449	0	0	0
14.5461	0	0	0
14.5474	0	0	0
14.5486	0	0	0
14.5498	0	0	0
14.551	0	0	0
14.5523	0	0	0
14.5535	0	0	0
14.5547	0	0	0
14.5559	0	0	0
14.5572	0	0	0
14.5584	0	0	0
14.5596	0	0	0
14.5608	0	0	0
14.5621	0	0	0
14.5633	0	0	0
14.5645	0	0	0
14.5657	0	0	0
14.567	0	0	0
14.5682	0	0	0
14.5694	0	0	0
14.5706	0	0	0
14.5719	0	0	0
14.5731	0	0	0
14.5743	0	0	0
14.5755	0	0	0
14.5768	0	0	0
14.578	0	0	0
14.5792	0	0	0
14.5804	0	0	0
14.5817	0	0	0
14.5829	0	0	0
14.5841	0	0	0
14.5853	0	0	0
14.5866	0	0	0
14.5878	0	0	0
14.589	0	0	0
14.5902	0	0	0
14.5915	0	0	0
14.5927	0	0	0
14.5939	0	0	0
14.5952	0	0	0
14.5964	0	0	0
14.5976	0	0	0
14.5988	0	0	0
14.6001	0	0	0
14.6013	0	0	0
14.6025	0	0	0
14.6037	0	0	0
14.605	0	0	0
14.6062	0	0	0
14.6074	0	0	0
14.6086	0	0	0
14.6099	0	0	0
14.6111	0	0	0
14.6123	0	0	0
14.6135	0	0	0
14.6148	0	0	0
14.616	0	0	0
14.6172	0	0	0
14.6185	0	0	0
14.6197	0	0	0
14.6209	0	0	0
14.6221	0	0	0
14.6234	0	0	0
14.6246	0	0	0
14.6258	0	0	0
14.627	0	0	0
14.6283	0	0	0
14.6295	0	0	0
14.6307	0	0	0
14.632	0	0	0
14.6332	0	0	0
14.6344	0	0	0
14.6356	0	0	0
14.6369	0	0	0
14.6381	0	0	0
14.6393	0	0	0
14.6405	0	0	0
14.6418	0	0	0
14.643	0	0	0
14.6442	0	0	0
14.6454	0	0	0
14.6467	0	0	0
14.6479	0	0	0
14.6491	0	0	0
14.6504	0	0	0
14.6516	0	0	0
14.6528	0	0	0
14.654	0	0	0
14.6553	0	0	0
14.6565	0	0	0
14.6577	0	0	0
14.6589	0	0	0
14.6602	0	0	0
14.6614	0	0	0
14.6626	0	0	0
14.6639	0	0	0
14.6651	0	0	0
14.6663	0	0	0
14.6675	0	0	0
14.6688	0	0	0
14.67	0	0	0
14.6712	0	0	0
14.6725	0	0	0
14.6737	0	0	0
14.6749	0	0	0
14.6761	0	0	0
14.6774	0	0	0
14.6786	0	0	0
14.6798	0	0	0
14.6811	0	0	0
14.6823	0	0	0
14.6835	0	0	0
14.6847	0	0	0
14.686	0	0	0
14.6872	0	0	0
14.6884	0	0	0
14.6897	0	0	0
14.6909	0	0	0
14.6921	0	0	0
14.6933	0	0	0
14.6946	0	0	0
14.6958	0	0	0
14.697	0	0	0
14.6982	0	0	0
14.6995	0	0	0
14.7007	0	0	0
14.7019	0	0	0
14.7032	0	0	0
14.7044	0	0	0
14.7056	0	0	0
14.7068	0	0	0
14.7081	0	0	0
14.7093	0	0	0
14.7105	0	0	0
14.7118	0	0	0
14.713	0	0	0
14.7142	0	0	0
14.7155	0	0	0
14.7167	0	0	0
14.7179	0	0	0
14.7191	0	0	0
14.7204	0	0	0
14.7216	0	0	0
14.7228	0	0	0
14.7241	0	0	0
14.7253	0	0	0
14.7265	0	0	0
14.7277	0	0	0
14.729	0	0	0
14.7302	0	0	0
14.7314	0	0	0
14.7327	0	0	0
14.7339	0	0	0
14.7351	0	0	0
14.7363	0	0	0
14.7376	0	0	0
14.7388	0	0	0
14.74	0	0	0
14.7413	0	0	0
14.7425	0	0	0
14.7437	0	0	0
14.745	0	0	0
14.7462	0	0	0
14.7474	0	0	0
14.7486	0	0	0
14.7499	0	0	0
14.7511	0	0	0
14.7523	0	0	0
14.7536	0	0	0
14.7548	0	0	0
14.756	0	0	0
14.7573	0	0	0
14.7585	0	0	0
14.7597	0	0	0
14.7609	0	0	0
14.7622	0	0	0
14.7634	0	0	0
14.7646	0	0	0
14.7659	0	0	0
14.7671	0	0	0
14.7683	0	0	0
14.7696	0	0	0
14.7708	0	0	0
14.772	0	0	0
14.7733	0	0	0
14.7745	0	0	0
14.7757	0	0	0
14.7769	0	0	0
14.7782	0	0	0
14.7794	0	0	0
14.7806	0	0	0
14.7819	0	0	0
14.7831	0	0	0
14.7843	0	0	0
14.7856	0	0	0
14.7868	0	0	0
14.788	0	0	0
14.7892	0	0	0
14.7905	0	0	0
14.7917	0	0	0
14.7929	0	0	0
14.7942	0	0	0
14.7954	0	0	0
14.7966	0	0	0
14.7979	0	0	0
14.7991	0	0	0
14.8003	0	0	0
14.8016	0	0	0
14.8028	0	0	0
14.804	0	0	0
14.8053	0	0	0
14.8065	0	0	0
14.8077	0	0	0
14.8089	0	0	0
14.8102	0	0	0
14.8114	0	0	0
14.8126	0	0	0
14.8139	0	0	0
14.8151	0	0	0
14.8163	0	0	0
14.8176	0	0	0
14.8188	0	0	0
14.82	0	0	0
14.8213	0	0	0
14.8225	0	0	0
14.8237	0	0	0
14.825	0	0	0
14.8262	0	0	0
14.8274	0	0	0
14.8287	0	0	0
14.8299	0	0	0
14.8311	0	0	0
14.8324	0	0	0
14.8336	0	0	0
14.8348	0	0	0
14.836	0	0	0
14.8373	0	0	0
14.8385	0	0	0
14.8397	0	0	0
14.841	0	0	0
14.8422	0	0	0
14.8434	0	0	0
14.8447	0	0	0
14.8459	0	0	0
14.8471	0	0	0
14.8484	0	0	0
14.8496	0	0	0
14.8508	0	0	0
14.8521	0	0	0
14.8533	0	0	0
14.8545	0	0	0
14.8558	0	0	0
14.857	0	0	0
14.8582	0	0	0
14.8595	0	0	0
14.8607	0	0	0
14.8619	0	0	0
14.8632	0	0	0
14.8644	0	0	0
14.8656	0	0	0
14.8669	0	0	0
14.8681	0	0	0
14.8693	0	0	0
14.8706	0	0	0
14.8718	0	0	0
14.873	0	0	0
14.8743	0	0	0
14.8755	0	0	0
14.8767	0	0	0
14.878	0	0	0
14.8792	0	0	0
14.8804	0	0	0
14.8817	0	0	0
14.8829	0	0	0
14.8841	0	0	0
14.8854	0	0	0
14.8866	0	0	0
14.8878	0	0	0
14.8891	0	0	0
14.8903	0	0	0
14.8915	0	0	0
14.8928	0	0	0
14.894	0	0	0
14.8952	0	0	0
14.8965	0	0	0
14.8977	0	0	0
14.8989	0	0	0
14.9002	0	0	0
14.9014	0	0	0
14.9026	0	0	0
14.9039	0	0	0
14.9051	0	0	0
14.9063	0	0	0
14.9076	0	0	0
14.9088	0	0	0
14.91	0	0	0
14.9113	0	0	0
14.9125	0	0	0
14.9137	0	0	0
14.915	0	0	0
14.9162	0	0	0
14.9174	0	0	0
14.9187	0	0	0
14.9199	0	0	0
14.9212	0	0	0
14.9224	0	0	0
14.9236	0	0	0
14.9249	0	0	0
14.9261	0	0	0
14.9273	0	0	0
14.9286	0	0	0
14.9298	0	0	0
14.931	0	0	0
14.9323	0	0	0
14.9335	0	0	0
14.9347	0	0	0
14.936	0	0	0
14.9372	0	0	0
14.9384	0	0	0
14.9397	0	0	0
14.9409	0	0	0
14.9421	0	0	0
14.9434	0	0	0
14.9446	0	0	0
14.9459	0	0	0
14.9471	0	0	0
14.9483	0	0	0
14.9496	0	0	0
14.9508	0	0	0
14.952	0	0	0
14.9533	0	0	0
14.9545	0	0	0
14.9557	0	0	0
14.957	0	0	0
14.9582	0	0	0
14.9594	0	0	0
14.9607	0	0	0
14.9619	0	0	0
14.9632	0	0	0
14.9644	0	0	0
14.9656	0	0	0
14.9669	0	0	0
14.9681	0	0	0
14.9693	0	0	0
14.9706	0	0	0
14.9718	0	0	0
14.973	0	0	0
14.9743	0	0	0
14.9755	0	0	0
14.9767	0	0	0
14.978	0	0	0
14.9792	0	0	0
14.9805	0	0	0
14.9817	0	0	0
14.9829	0	0	0
14.9842	0	0	0
14.9854	0	0	0
14.9866	0	0	0
14.9879	0	0	0
14.9891	0	0	0
14.9904	0	0	0
14.9916	0	0	0
14.9928	0	0	0
14.9941	0	0	0
14.9953	0	0	0
14.9965	0	0	0
14.9978	0	0	0
14.999	0	0	0
15.0003	0	0	0
15.0015	0	0	0
15.0027	0	0	0
15.004	0	0	0
15.0052	0	0	0
15.0064	0	0	0
15.0077	0	0	0
15.0089	0	0	0
15.0101	0	0	0
15.0114	0	0	0
15.0126	0	0	0
15.0139	0	0	0
15.0151	0	0	0
15.0163	0	0	0
15.0176	0	0	0
15.0188	0	0	0
15.02	0	0	0
15.0213	0	0	0
15.0225	0	0	0
15.0238	0	0	0
15.025	0	0	0
15.0262	0	0	0
15.0275	0	0	0
15.0287	0	0	0
15.03	0	0	0
15.0312	0	0	0
15.0324	0	0	0
15.0337	0	0	0
15.0349	0	0	0
15.0362	0	0	0
15.0374	0	0	0
15.0386	0	0	0
15.0399	0	0	0
15.0411	0	0	0
15.0423	0	0	0
15.0436	0	0	0
15.0448	0	0	0
15.0461	0	0	0
15.0473	0	0	0
15.0485	0	0	0
15.0498	0	0	0
15.051	0	0	0
15.0523	0	0	0
15.0535	0	0	0
15.0547	0	0	0
15.056	0	0	0
15.0572	0	0	0
15.0585	0	0	0
15.0597	0	0	0
15.0609	0	0	0
15.0622	0	0	0
15.0634	0	0	0
15.0647	0	0	0
15.0659	0	0	0
15.0671	0	0	0
15.0684	0	0	0
15.0696	0	0	0
15.0709	0	0	0
15.0721	0	0	0
15.0733	0	0	0
15.0746	0	0	0
15.0758	0	0	0
15.0771	0	0	0
15.0783	0	0	0
15.0795	0	0	0
15.0808	0	0	0
15.082	0	0	0
15.0833	0	0	0
15.0845	0	0	0
15.0857	0	0	0
15.087	0	0	0
15.0882	0	0	0
15.0895	0	0	0
15.0907	0	0	0
15.0919	0	0	0
15.0932	0	0	0
15.0944	0	0	0
15.0957	0	0	0
15.0969	0	0	0
15.0981	0	0	0
15.0994	0	0	0
15.1006	0	0	0
15.1019	0	0	0
15.1031	0	0	0
15.1043	0	0	0
15.1056	0	0	0
15.1068	0	0	0
15.1081	0	0	0
15.1093	0	0	0
15.1106	0	0	0
15.1118	0	0	0
15.113	0	0	0
15.1143	0	0	0
15.1155	0	0	0
15.1168	0	0	0
15.118	0	0	0
15.1193	0	0	0
15.1205	0	0	0
15.1217	0	0	0
15.123	0	0	0
15.1242	0	0	0
15.1255	0	0	0
15.1267	0	0	0
15.128	0	0	0
15.1292	0	0	0
15.1304	0	0	0
15.1317	0	0	0
15.1329	0	0	0
15.1342	0	0	0
15.1354	0	0	0
15.1366	0	0	0
15.1379	0	0	0
15.1391	0	0	0
15.1404	0	0	0
15.1416	0	0	0
15.1429	0	0	0
15.1441	0	0	0
15.1453	0	0	0
15.1466	0	0	0
15.1478	0	0	0
15.1491	0	0	0
15.1503	0	0	0
15.1516	0	0	0
15.1528	0	0	0
15.154	0	0	0
15.1553	0	0	0
15.1565	0	0	0
15.1578	0	0	0
15.159	0	0	0
15.1603	0	0	0
15.1615	0	0	0
15.1627	0	0	0
15.164	0	0	0
15.1652	0	0	0
15.1665	0	0	0
15.1677	0	0	0
15.169	0	0	0
15.1702	0	0	0
15.1715	0	0	0
15.1727	0	0	0
15.1739	0	0	0
15.1752	0	0	0
15.1764	0	0	0
15.1777	0	0	0
15.1789	0	0	0
15.1802	0	0	0
15.1814	0	0	0
15.1827	0	0	0
15.1839	0	0	0
15.1851	0	0	0
15.1864	0	0	0
15.1876	0	0	0
15.1889	0	0	0
15.1901	0	0	0
15.1914	0	0	0
15.1926	0	0	0
15.1939	0	0	0
15.1951	0	0	0
15.1963	0	0	0
15.1976	0	0	0
15.1988	0	0	0
15.2001	0	0	0
15.2013	0	0	0
15.2026	0	0	0
15.2038	0	0	0
15.2051	0	0	0
15.2063	0	0	0
15.2076	0	0	0
15.2088	0	0	0
15.21	0	0	0
15.2113	0	0	0
15.2125	0	0	0
15.2138	0	0	0
15.215	0	0	0
15.2163	0	0	0
15.2175	0	0	0
15.2188	0	0	0
15.22	0	0	0
15.2213	0	0	0
15.2225	0	0	0
15.2238	0	0	0
15.225	0	0	0
15.2262	0	0	0
15.2275	0	0	0
15.2287	0	0	0
15.23	0	0	0
15.2312	0	0	0
15.2325	0	0	0
15.2337	0	0	0
15.235	0	0	0
15.2362	0	0	0
15.2375	0	0	0
15.2387	0	0	0
15.24	0	0	0
15.2412	0	0	0
15.2424	0	0	0
15.2437	0	0	0
15.2449	0	0	0
15.2462	0	0	0
15.2474	0	0	0
15.2487	0	0	0
15.2499	0	0	0
15.2512	0	0	0
15.2524	0	0	0
15.2537	0	0	0
15.2549	0	0	0
15.2562	0	0	0
15.2574	0	0	0
15.2587	0	0	0
15.2599	0	0	0
15.2612	0	0	0
15.2624	0	0	0
15.2637	0	0	0
15.2649	0	0	0
15.2662	0	0	0
15.2674	0	0	0
15.2687	0	0	0
15.2699	0	0	0
15.2712	0	0	0
15.2724	0	0	0
15.2736	0	0	0
15.2749	0	0	0
15.2761	0	0	0
15.2774	0	0	0
15.2786	0	0	0
15.2799	0	0	0
15.2811	0	0	0
15.2824	0	0	0
15.2836	0	0	0
15.2849	0	0	0
15.2861	0	0	0
15.2874	0	0	0
15.2886	0	0	0
15.2899	0	0	0
15.2911	0	0	0
15.2924	0	0	0
15.2936	0	0	0
15.2949	0	0	0
15.2961	0	0	0
15.2974	0	0	0
15.2986	0	0	0
15.2999	0	0	0
15.3011	0	0	0
15.3024	0	0	0
15.3036	0	0	0
15.3049	0	0	0
15.3061	0	0	0
15.3074	0	0	0
15.3086	0	0	0
15.3099	0	0	0
15.3111	0	0	0
15.3124	0	0	0
15.3136	0	0	0
15.3149	0	0	0
15.3161	0	0	0
15.3174	0	0	0
15.3186	0	0	0
15.3199	0	0	0
15.3211	0	0	0
15.3224	0	0	0
15.3236	0	0	0
15.3249	0	0	0
15.3261	0	0	0
15.3274	0	0	0
15.3287	0	0	0
15.3299	0	0	0
15.3312	0	0	0
15.3324	0	0	0
15.3337	0	0	0
15.3349	0	0	0
15.3362	0	0	0
15.3374	0	0	0
15.3387	0	0	0
15.3399	0	0	0
15.3412	0	0	0
15.3424	0	0	0
15.3437	0	0	0
15.3449	0	0	0
15.3462	0	0	0
15.3474	0	0	0
15.3487	0	0	0
15.3499	0	0	0
15.3512	0	0	0
15.3525	0	0	0
15.3537	0	0	0
15.355	0	0	0
15.3562	0	0	0
15.3575	0	0	0
15.3587	0	0	0
15.36	0	0	0
15.3612	0	0	0
15.3625	0	0	0
15.3637	0	0	0
15.365	0	0	0
15.3662	0	0	0
15.3675	0	0	0
15.3687	0	0	0
15.37	0	0	0
15.3712	0	0	0
15.3725	0	0	0
15.3737	0	0	0
15.375	0	0	0
15.3762	0	0	0
15.3775	0	0	0
15.3788	0	0	0
15.38	0	0	0
15.3813	0	0	0
15.3825	0	0	0
15.3838	0	0	0
15.385	0	0	0
15.3863	0	0	0
15.3875	0	0	0
15.3888	0	0	0
15.3901	0	0	0
15.3913	0	0	0
15.3926	0	0	0
15.3938	0	0	0
15.3951	0	0	0
15.3963	0	0	0
15.3976	0	0	0
15.3988	0	0	0
15.4001	0	0	0
15.4014	0	0	0
15.4026	0	0	0
15.4039	0	0	0
15.4051	0	0	0
15.4064	0	0	0
15.4076	0	0	0
15.4089	0	0	0
15.4101	0	0	0
15.4114	0	0	0
15.4126	0	0	0
15.4139	0	0	0
15.4152	0	0	0
15.4164	0	0	0
15.4177	0	0	0
15.4189	0	0	0
15.4202	0	0	0
15.4214	0	0	0
15.4227	0	0	0
15.4239	0	0	0
15.4252	0	0	0
15.4265	0	0	0
15.4277	0	0	0
15.429	0	0	0
15.4302	0	0	0
15.4315	0	0	0
15.4327	0	0	0
15.434	0	0	0
15.4352	0	0	0
15.4365	0	0	0
15.4377	0	0	0
15.439	0	0	0
15.4403	0	0	0
15.4415	0	0	0
15.4428	0	0	0
15.444	0	0	0
15.4453	0	0	0
15.4465	0	0	0
15.4478	0	0	0
15.4491	0	0	0
15.4503	0	0	0
15.4516	0	0	0
15.4528	0	0	0
15.4541	0	0	0
15.4553	0	0	0
15.4566	0	0	0
15.4579	0	0	0
15.4591	0	0	0
15.4604	0	0	0
15.4616	0	0	0
15.4629	0	0	0
15.4641	0	0	0
15.4654	0	0	0
15.4667	0	0	0
15.4679	0	0	0
15.4692	0	0	0
15.4704	0	0	0
15.4717	0	0	0
15.473	0	0	0
15.4742	0	0	0
15.4755	0	0	0
15.4767	0	0	0
15.478	0	0	0
15.4792	0	0	0
15.4805	0	0	0
15.4818	0	0	0
15.483	0	0	0
15.4843	0	0	0
15.4855	0	0	0
15.4868	0	0	0
15.488	0	0	0
15.4893	0	0	0
15.4906	0	0	0
15.4918	0	0	0
15.4931	0	0	0
15.4943	0	0	0
15.4956	0	0	0
15.4969	0	0	0
15.4981	0	0	0
15.4994	0	0	0
15.5006	0	0	0
15.5019	0	0	0
15.5031	0	0	0
15.5044	0	0	0
15.5057	0	0	0
15.5069	0	0	0
15.5082	0	0	0
15.5094	0	0	0
15.5107	0	0	0
15.5119	0	0	0
15.5132	0	0	0
15.5145	0	0	0
15.5157	0	0	0
15.517	0	0	0
15.5182	0	0	0
15.5195	0	0	0
15.5208	0	0	0
15.522	0	0	0
15.5233	0	0	0
15.5245	0	0	0
15.5258	0	0	0
15.5271	0	0	0
15.5283	0	0	0
15.5296	0	0	0
15.5308	0	0	0
15.5321	0	0	0
15.5334	0	0	0
15.5346	0	0	0
15.5359	0	0	0
15.5371	0	0	0
15.5384	0	0	0
15.5397	0	0	0
15.5409	0	0	0
15.5422	0	0	0
15.5435	0	0	0
15.5447	0	0	0
15.546	0	0	0
15.5472	0	0	0
15.5485	0	0	0
15.5498	0	0	0
15.551	0	0	0
15.5523	0	0	0
15.5535	0	0	0
15.5548	0	0	0
15.5561	0	0	0
15.5573	0	0	0
15.5586	0	0	0
15.5599	0	0	0
15.5611	0	0	0
15.5624	0	0	0
15.5636	0	0	0
15.5649	0	0	0
15.5662	0	0	0
15.5674	0	0	0
15.5687	0	0	0
15.5699	0	0	0
15.5712	0	0	0
15.5725	0	0	0
15.5737	0	0	0
15.575	0	0	0
15.5762	0	0	0
15.5775	0	0	0
15.5788	0	0	0
15.58	0	0	0
15.5813	0	0	0
15.5826	0	0	0
15.5838	0	0	0
15.5851	0	0	0
15.5863	0	0	0
15.5876	0	0	0
15.5889	0	0	0
15.5901	0	0	0
15.5914	0	0	0
15.5926	0	0	0
15.5939	0	0	0
15.5952	0	0	0
15.5964	0	0	0
15.5977	0	0	0
15.5989	0	0	0
15.6002	0	0	0
15.6015	0	0	0
15.6027	0	0	0
15.604	0	0	0
15.6053	0	0	0
15.6065	0	0	0
15.6078	0	0	0
15.609	0	0	0
15.6103	0	0	0
15.6116	0	0	0
15.6128	0	0	0
15.6141	0	0	0
15.6153	0	0	0
15.6166	0	0	0
15.6179	0	0	0
15.6191	0	0	0
15.6204	0	0	0
15.6217	0	0	0
15.6229	0	0	0
15.6242	0	0	0
15.6255	0	0	0
15.6267	0	0	0
15.628	0	0	0
15.6292	0	0	0
15.6305	0	0	0
15.6318	0	0	0
15.633	0	0	0
15.6343	0	0	0
15.6356	0	0	0
15.6368	0	0	0
15.6381	0	0	0
15.6394	0	0	0
15.6406	0	0	0
15.6419	0	0	0
15.6432	0	0	0
15.6444	0	0	0
15.6457	0	0	0
15.647	0	0	0
15.6482	0	0	0
15.6495	0	0	0
15.6508	0	0	0
15.652	0	0	0
15.6533	0	0	0
15.6546	0	0	0
15.6558	0	0	0
15.6571	0	0	0
15.6584	0	0	0
15.6596	0	0	0
15.6609	0	0	0
15.6621	0	0	0
15.6634	0	0	0
15.6647	0	0	0
15.6659	0	0	0
15.6672	0	0	0
15.6685	0	0	0
15.6697	0	0	0
15.671	0	0	0
15.6723	0	0	0
15.6735	0	0	0
15.6748	0	0	0
15.6761	0	0	0
15.6773	0	0	0
15.6786	0	0	0
15.6799	0	0	0
15.6811	0	0	0
15.6824	0	0	0
15.6837	0	0	0
15.6849	0	0	0
15.6862	0	0	0
15.6875	0	0	0
15.6887	0	0	0
15.69	0	0	0
15.6913	0	0	0
15.6925	0	0	0
15.6938	0	0	0
15.695	0	0	0
15.6963	0	0	0
15.6976	0	0	0
15.6988	0	0	0
15.7001	0	0	0
15.7014	0	0	0
15.7026	0	0	0
15.7039	0	0	0
15.7052	0	0	0
15.7064	0	0	0
15.7077	0	0	0
15.709	0	0	0
15.7102	0	0	0
15.7115	0	0	0
15.7128	0	0	0
15.714	0	0	0
15.7153	0	0	0
15.7166	0	0	0
15.7178	0	0	0
15.7191	0	0	0
15.7204	0	0	0
15.7216	0	0	0
15.7229	0	0	0
15.7242	0	0	0
15.7254	0	0	0
15.7267	0	0	0
15.7279	0	0	0
15.7292	0	0	0
15.7305	0	0	0
15.7317	0	0	0
15.733	0	0	0
15.7343	0	0	0
15.7355	0	0	0
15.7368	0	0	0
15.7381	0	0	0
15.7393	0	0	0
15.7406	0	0	0
15.7419	0	0	0
15.7431	0	0	0
15.7444	0	0	0
15.7457	0	0	0
15.7469	0	0	0
15.7482	0	0	0
15.7495	0	0	0
15.7507	0	0	0
15.752	0	0	0
15.7533	0	0	0
15.7545	0	0	0
15.7558	0	0	0
15.7571	0	0	0
15.7583	0	0	0
15.7596	0	0	0
15.7608	0	0	0
15.7621	0	0	0
15.7634	0	0	0
15.7646	0	0	0
15.7659	0	0	0
15.7672	0	0	0
15.7684	0	0	0
15.7697	0	0	0
15.771	0	0	0
15.7722	0	0	0
15.7735	0	0	0
15.7748	0	0	0
15.776	0	0	0
15.7773	0	0	0
15.7786	0	0	0
15.7798	0	0	0
15.7811	0	0	0
15.7824	0	0	0
15.7836	0	0	0
15.7849	0	0	0
15.7862	0	0	0
15.7874	0	0	0
15.7887	0	0	0
15.7899	0	0	0
15.7912	0	0	0
15.7925	0	0	0
15.7937	0	0	0
15.795	0	0	0
15.7963	0	0	0
15.7975	0	0	0
15.7988	0	0	0
15.8001	0	0	0
15.8013	0	0	0
15.8026	0	0	0
15.8039	0	0	0
15.8051	0	0	0
15.8064	0	0	0
15.8077	0	0	0
15.8089	0	0	0
15.8102	0	0	0
15.8115	0	0	0
15.8127	0	0	0
15.814	0	0	0
15.8153	0	0	0
15.8165	0	0	0
15.8178	0	0	0
15.8191	0	0	0
15.8203	0	0	0
15.8216	0	0	0
15.8228	0	0	0
15.8241	0	0	0
15.8254	0	0	0
15.8266	0	0	0
15.8279	0	0	0
15.8292	0	0	0
15.8304	0	0	0
15.8317	0	0	0
15.833	0	0	0
15.8342	0	0	0
15.8355	0	0	0
15.8368	0	0	0
15.838	0	0	0
15.8393	0	0	0
15.8406	0	0	0
15.8418	0	0	0
15.8431	0	0	0
15.8444	0	0	0
15.8456	0	0	0
15.8469	0	0	0
15.8482	0	0	0
15.8494	0	0	0
15.8507	0	0	0
15.852	0	0	0
15.8532	0	0	0
15.8545	0	0	0
15.8557	0	0	0
15.857	0	0	0
15.8583	0	0	0
15.8595	0	0	0
15.8608	0	0	0
15.8621	0	0	0
15.8633	0	0	0
15.8646	0	0	0
15.8659	0	0	0
15.8671	0	0	0
15.8684	0	0	0
15.8697	0	0	0
15.8709	0	0	0
15.8722	0	0	0
15.8735	0	0	0
15.8747	0	0	0
15.876	0	0	0
15.8773	0	0	0
15.8785	0	0	0
15.8798	0	0	0
15.8811	0	0	0
15.8823	0	0	0
15.8836	0	0	0
15.8849	0	0	0
15.8861	0	0	0
15.8874	0	0	0
15.8886	0	0	0
15.8899	0	0	0
15.8912	0	0	0
15.8924	0	0	0
15.8937	0	0	0
15.895	0	0	0
15.8962	0	0	0
15.8975	0	0	0
15.8988	0	0	0
15.9	0	0	0
15.9013	0	0	0
15.9026	0	0	0
15.9038	0	0	0
15.9051	0	0	0
15.9064	0	0	0
15.9076	0	0	0
15.9089	0	0	0
15.9102	0	0	0
15.9114	0	0	0
15.9127	0	0	0
15.914	0	0	0
15.9152	0	0	0
15.9165	0	0	0
15.9178	0	0	0
15.919	0	0	0
15.9203	0	0	0
15.9215	0	0	0
15.9228	0	0	0
15.9241	0	0	0
15.9253	0	0	0
15.9266	0	0	0
15.9279	0	0	0
15.9291	0	0	0
15.9304	0	0	0
15.9317	0	0	0
15.9329	0	0	0
15.9342	0	0	0
15.9355	0	0	0
15.9367	0	0	0
15.938	0	0	0
15.9393	0	0	0
15.9405	0	0	0
15.9418	0	0	0
15.9431	0	0	0
15.9443	0	0	0
15.9456	0	0	0
15.9469	0	0	0
15.9481	0	0	0
15.9494	0	0	0
15.9507	0	0	0
15.9519	0	0	0
15.9532	0	0	0
15.9544	0	0	0
15.9557	0	0	0
15.957	0	0	0
15.9582	0	0	0
15.9595	0	0	0
15.9608	0	0	0
15.962	0	0	0
15.9633	0	0	0
15.9646	0	0	0
15.9658	0	0	0
15.9671	0	0	0
15.9684	0	0	0
15.9696	0	0	0
15.9709	0	0	0
15.9722	0	0	0
15.9734	0	0	0
15.9747	0	0	0
15.976	0	0	0
15.9772	0	0	0
15.9785	0	0	0
15.9798	0	0	0
15.981	0	0	0
15.9823	0	0	0
15.9836	0	0	0
15.9848	0	0	0
15.9861	0	0	0
15.9873	0	0	0
15.9886	0	0	0
15.9899	0	0	0
15.9911	0	0	0
15.9924	0	0	0
15.9937	0	0	0
15.9949	0	0	0
15.9962	0	0	0
15.9975	0	0	0
15.9987	0	0	0
16	0	0	0
16.0013	0	0	0
16.0025	0	0	0
16.0038	0	0	0
16.0051	0	0	0
16.0063	0	0	0
16.0076	0	0	0
16.0089	0	0	0
16.0101	0	0	0
16.0114	0	0	0
16.0127	0	0	0
16.014	0	0	0
16.0152	0	0	0
16.0165	0	0	0
16.0178	0	0	0
16.019	0	0	0
16.0203	0	0	0
16.0216	0	0	0
16.0228	0	0	0
16.0241	0	0	0
16.0254	0	0	0
16.0266	0	0	0
16.0279	0	0	0
16.0292	0	0	0
16.0304	0	0	0
16.0317	0	0	0
16.033	0	0	0
16.0342	0	0	0
16.0355	0	0	0
16.0368	0	0	0
16.038	0	0	0
16.0393	0	0	0
16.0406	0	0	0
16.0418	0	0	0
16.0431	0	0	0
16.0444	0	0	0
16.0456	0	0	0
16.0469	0	0	0
16.0482	0	0	0
16.0494	0	0	0
16.0507	0	0	0
16.052	0	0	0
16.0532	0	0	0
16.0545	0	0	0
16.0558	0	0	0
16.057	0	0	0
16.0583	0	0	0
16.0596	0	0	0
16.0608	0	0	0
16.0621	0	0	0
16.0634	0	0	0
16.0646	0	0	0
16.0659	0	0	0
16.0672	0	0	0
16.0685	0	0	0
16.0697	0	0	0
16.071	0	0	0
16.0723	0	0	0
16.0735	0	0	0
16.0748	0	0	0
16.0761	0	0	0
16.0773	0	0	0
16.0786	0	0	0
16.0799	0	0	0
16.0811	0	0	0
16.0824	0	0	0
16.0837	0	0	0
16.0849	0	0	0
16.0862	0	0	0
16.0875	0	0	0
16.0887	0	0	0
16.09	0	0	0
16.0913	0	0	0
16.0925	0	0	0
16.0938	0	0	0
16.0951	0	0	0
16.0963	0	0	0
16.0976	0	0	0
16.0989	0	0	0
16.1001	0	0	0
16.1014	0	0	0
16.1027	0	0	0
16.1039	0	0	0
16.1052	0	0	0
16.1065	0	0	0
16.1077	0	0	0
16.109	0	0	0
16.1103	0	0	0
16.1115	0	0	0
16.1128	0	0	0
16.1141	0	0	0
16.1153	0	0	0
16.1166	0	0	0
16.1178	0	0	0
16.1191	0	0	0
16.1204	0	0	0
16.1216	0	0	0
16.1229	0	0	0
16.1242	0	0	0
16.1254	0	0	0
16.1267	0	0	0
16.128	0	0	0
16.1292	0	0	0
16.1305	0	0	0
16.1318	0	0	0
16.133	0	0	0
16.1343	0	0	0
16.1356	0	0	0
16.1368	0	0	0
16.1381	0	0	0
16.1394	0	0	0
16.1406	0	0	0
16.1419	0	0	0
16.1432	0	0	0
16.1444	0	0	0
16.1457	0	0	0
16.147	0	0	0
16.1482	0	0	0
16.1495	0	0	0
16.1508	0	0	0
16.152	0	0	0
16.1533	0	0	0
16.1546	0	0	0
16.1558	0	0	0
16.1571	0	0	0
16.1584	0	0	0
16.1596	0	0	0
16.1609	0	0	0
16.1622	0	0	0
16.1634	0	0	0
16.1647	0	0	0
16.166	0	0	0
16.1672	0	0	0
16.1685	0	0	0
16.1697	0	0	0
16.171	0	0	0
16.1723	0	0	0
16.1735	0	0	0
16.1748	0	0	0
16.1761	0	0	0
16.1773	0	0	0
16.1786	0	0	0
16.1799	0	0	0
16.1811	0	0	0
16.1824	0	0	0
16.1837	0	0	0
16.1849	0	0	0
16.1862	0	0	0
16.1875	0	0	0
16.1887	0	0	0
16.19	0	0	0
16.1913	0	0	0
16.1925	0	0	0
16.1938	0	0	0
16.195	0	0	0
16.1963	0	0	0
16.1976	0	0	0
16.1988	0	0	0
16.2001	0	0	0
16.2014	0	0	0
16.2026	0	0	0
16.2039	0	0	0
16.2052	0	0	0
16.2064	0	0	0
16.2077	0	0	0
16.209	0	0	0
16.2102	0	0	0
16.2115	0	0	0
16.2128	0	0	0
16.214	0	0	0
16.2153	0	0	0
16.2166	0	0	0
16.2178	0	0	0
16.2191	0	0	0
16.2203	0	0	0
16.2216	0	0	0
16.2229	0	0	0
16.2241	0	0	0
16.2254	0	0	0
16.2267	0	0	0
16.2279	0	0	0
16.2292	0	0	0
16.2305	0	0	0
16.2317	0	0	0
16.233	0	0	0
16.2343	0	0	0
16.2355	0	0	0
16.2368	0	0	0
16.238	0	0	0
16.2393	0	0	0
16.2406	0	0	0
16.2418	0	0	0
16.2431	0	0	0
16.2444	0	0	0
16.2456	0	0	0
16.2469	0	0	0
16.2482	0	0	0
16.2494	0	0	0
16.2507	0	0	0
16.2519	0	0	0
16.2532	0	0	0
16.2545	0	0	0
16.2557	0	0	0
16.257	0	0	0
16.2583	0	0	0
16.2595	0	0	0
16.2608	0	0	0
16.2621	0	0	0
16.2633	0	0	0
16.2646	0	0	0
16.2659	0	0	0
16.2671	0	0	0
16.2684	0	0	0
16.2696	0	0	0
16.2709	0	0	0
16.2722	0	0	0
16.2734	0	0	0
16.2747	0	0	0
16.276	0	0	0
16.2772	0	0	0
16.2785	0	0	0
16.2797	0	0	0
16.281	0	0	0
16.2823	0	0	0
16.2835	0	0	0
16.2848	0	0	0
16.2861	0	0	0
16.2873	0	0	0
16.2886	0	0	0
16.2898	0	0	0
16.2911	0	0	0
16.2924	0	0	0
16.2936	0	0	0
16.2949	0	0	0
16.2962	0	0	0
16.2974	0	0	0
16.2987	0	0	0
16.3	0	0	0
16.3012	0	0	0
16.3025	0	0	0
16.3037	0	0	0
16.305	0	0	0
16.3063	0	0	0
16.3075	0	0	0
16.3088	0	0	0
16.3101	0	0	0
16.3113	0	0	0
16.3126	0	0	0
16.3138	0	0	0
16.3151	0	0	0
16.3164	0	0	0
16.3176	0	0	0
16.3189	0	0	0
16.3202	0	0	0
16.3214	0	0	0
16.3227	0	0	0
16.3239	0	0	0
16.3252	0	0	0
16.3265	0	0	0
16.3277	0	0	0
16.329	0	0	0
16.3302	0	0	0
16.3315	0	0	0
16.3328	0	0	0
16.334	0	0	0
16.3353	0	0	0
16.3366	0	0	0
16.3378	0	0	0
16.3391	0	0	0
16.3403	0	0	0
16.3416	0	0	0
16.3429	0	0	0
16.3441	0	0	0
16.3454	0	0	0
16.3467	0	0	0
16.3479	0	0	0
16.3492	0	0	0
16.3504	0	0	0
16.3517	0	0	0
16.353	0	0	0
16.3542	0	0	0
16.3555	0	0	0
16.3567	0	0	0
16.358	0	0	0
16.3593	0	0	0
16.3605	0	0	0
16.3618	0	0	0
16.3631	0	0	0
16.3643	0	0	0
16.3656	0	0	0
16.3668	0	0	0
16.3681	0	0	0
16.3694	0	0	0
16.3706	0	0	0
16.3719	0	0	0
16.3731	0	0	0
16.3744	0	0	0
16.3757	0	0	0
16.3769	0	0	0
16.3782	0	0	0
16.3794	0	0	0
16.3807	0	0	0
16.382	0	0	0
16.3832	0	0	0
16.3845	0	0	0
16.3858	0	0	0
16.387	0	0	0
16.3883	0	0	0
16.3895	0	0	0
16.3908	0	0	0
16.3921	0	0	0
16.3933	0	0	0
16.3946	0	0	0
16.3958	0	0	0
16.3971	0	0	0
16.3984	0	0	0
16.3996	0	0	0
16.4009	0	0	0
16.4021	0	0	0
16.4034	0	0	0
16.4047	0	0	0
16.4059	0	0	0
16.4072	0	0	0
16.4084	0	0	0
16.4097	0	0	0
16.411	0	0	0
16.4122	0	0	0
16.4135	0	0	0
16.4147	0	0	0
16.416	0	0	0
16.4173	0	0	0
16.4185	0	0	0
16.4198	0	0	0
16.421	0	0	0
16.4223	0	0	0
16.4236	0	0	0
16.4248	0	0	0
16.4261	0	0	0
16.4273	0	0	0
16.4286	0	0	0
16.4299	0	0	0
16.4311	0	0	0
16.4324	0	0	0
16.4336	0	0	0
16.4349	0	0	0
16.4362	0	0	0
16.4374	0	0	0
16.4387	0	0	0
16.4399	0	0	0
16.4412	0	0	0
16.4425	0	0	0
16.4437	0	0	0
16.445	0	0	0
16.4462	0	0	0
16.4475	0	0	0
16.4488	0	0	0
16.45	0	0	0
16.4513	0	0	0
16.4525	0	0	0
16.4538	0	0	0
16.4551	0	0	0
16.4563	0	0	0
16.4576	0	0	0
16.4588	0	0	0
16.4601	0	0	0
16.4613	0	0	0
16.4626	0	0	0
16.4639	0	0	0
16.4651	0	0	0
16.4664	0	0	0
16.4676	0	0	0
16.4689	0	0	0
16.4702	0	0	0
16.4714	0	0	0
16.4727	0	0	0
16.4739	0	0	0
16.4752	0	0	0
16.4765	0	0	0
16.4777	0	0	0
16.479	0	0	0
16.4802	0	0	0
16.4815	0	0	0
16.4828	0	0	0
16.484	0	0	0
16.4853	0	0	0
16.4865	0	0	0
16.4878	0	0	0
16.489	0	0	0
16.4903	0	0	0
16.4916	0	0	0
16.4928	0	0	0
16.4941	0	0	0
16.4953	0	0	0
16.4966	0	0	0
16.4979	0	0	0
16.4991	0	0	0
16.5004	0	0	0
16.5016	0	0	0
16.5029	0	0	0
16.5041	0	0	0
16.5054	0	0	0
16.5067	0	0	0
16.5079	0	0	0
16.5092	0	0	0
16.5104	0	0	0
16.5117	0	0	0
16.513	0	0	0
16.5142	0	0	0
16.5155	0	0	0
16.5167	0	0	0
16.518	0	0	0
16.5192	0	0	0
16.5205	0	0	0
16.5218	0	0	0
16.523	0	0	0
16.5243	0	0	0
16.5255	0	0	0
16.5268	0	0	0
16.5281	0	0	0
16.5293	0	0	0
16.5306	0	0	0
16.5318	0	0	0
16.5331	0	0	0
16.5343	0	0	0
16.5356	0	0	0
16.5369	0	0	0
16.5381	0	0	0
16.5394	0	0	0
16.5406	0	0	0
16.5419	0	0	0
16.5431	0	0	0
16.5444	0	0	0
16.5457	0	0	0
16.5469	0	0	0
16.5482	0	0	0
16.5494	0	0	0
16.5507	0	0	0
16.552	0	0	0
16.5532	0	0	0
16.5545	0	0	0
16.5557	0	0	0
16.557	0	0	0
16.5582	0	0	0
16.5595	0	0	0
16.5608	0	0	0
16.562	0	0	0
16.5633	0	0	0
16.5645	0	0	0
16.5658	0	0	0
16.5671	0	0	0
16.5683	0	0	0
16.5696	0	0	0
16.5708	0	0	0
16.5721	0	0	0
16.5733	0	0	0
16.5746	0	0	0
16.5759	0	0	0
16.5771	0	0	0
16.5784	0	0	0
16.5796	0	0	0
16.5809	0	0	0
16.5821	0	0	0
16.5834	0	0	0
16.5846	0	0	0
16.5859	0	0	0
16.5872	0	0	0
16.5884	0	0	0
16.5897	0	0	0
16.5909	0	0	0
16.5922	0	0	0
16.5934	0	0	0
16.5947	0	0	0
16.596	0	0	0
16.5972	0	0	0
16.5985	0	0	0
16.5997	0	0	0
16.601	0	0	0
16.6022	0	0	0
16.6035	0	0	0
16.6048	0	0	0
16.606	0	0	0
16.6073	0	0	0
16.6085	0	0	0
16.6098	0	0	0
16.611	0	0	0
16.6123	0	0	0
16.6136	0	0	0
16.6148	0	0	0
16.6161	0	0	0
16.6173	0	0	0
16.6186	0	0	0
16.6198	0	0	0
16.6211	0	0	0
16.6224	0	0	0
16.6236	0	0	0
16.6249	0	0	0
16.6261	0	0	0
16.6274	0	0	0
16.6286	0	0	0
16.6299	0	0	0
16.6312	0	0	0
16.6324	0	0	0
16.6337	0	0	0
16.6349	0	0	0
16.6362	0	0	0
16.6374	0	0	0
16.6387	0	0	0
16.64	0	0	0
16.6412	0	0	0
16.6425	0	0	0
16.6437	0	0	0
16.645	0	0	0
16.6462	0	0	0
16.6475	0	0	0
16.6488	0	0	0
16.65	0	0	0
16.6513	0	0	0
16.6525	0	0	0
16.6538	0	0	0
16.655	0	0	0
16.6563	0	0	0
16.6576	0	0	0
16.6588	0	0	0
16.6601	0	0	0
16.6613	0	0	0
16.6626	0	0	0
16.6638	0	0	0
16.6651	0	0	0
16.6664	0	0	0
16.6676	0	0	0
16.6689	0	0	0
16.6701	0	0	0
16.6714	0	0	0
16.6726	0	0	0
16.6739	0	0	0
16.6752	0	0	0
16.6764	0	0	0
16.6777	0	0	0
16.6789	0	0	0
16.6802	0	0	0
16.6814	0	0	0
16.6827	0	0	0
16.6839	0	0	0
16.6852	0	0	0
16.6865	0	0	0
16.6877	0	0	0
16.689	0	0	0
16.6902	0	0	0
16.6915	0	0	0
16.6927	0	0	0
16.694	0	0	0
16.6953	0	0	0
16.6965	0	0	0
16.6978	0	0	0
16.699	0	0	0
16.7003	0	0	0
16.7015	0	0	0
16.7028	0	0	0
16.7041	0	0	0
16.7053	0	0	0
16.7066	0	0	0
16.7078	0	0	0
16.7091	0	0	0
16.7103	0	0	0
16.7116	0	0	0
16.7129	0	0	0
16.7141	0	0	0
16.7154	0	0	0
16.7166	0	0	0
16.7179	0	0	0
16.7191	0	0	0
16.7204	0	0	0
16.7217	0	0	0
16.7229	0	0	0
16.7242	0	0	0
16.7254	0	0	0
16.7267	0	0	0
16.7279	0	0	0
16.7292	0	0	0
16.7305	0	0	0
16.7317	0	0	0
16.733	0	0	0
16.7342	0	0	0
16.7355	0	0	0
16.7367	0	0	0
16.738	0	0	0
16.7393	0	0	0
16.7405	0	0	0
16.7418	0	0	0
16.743	0	0	0
16.7443	0	0	0
16.7455	0	0	0
16.7468	0	0	0
16.7481	0	0	0
16.7493	0	0	0
16.7506	0	0	0
16.7518	0	0	0
16.7531	0	0	0
16.7543	0	0	0
16.7556	0	0	0
16.7569	0	0	0
16.7581	0	0	0
16.7594	0	0	0
16.7606	0	0	0
16.7619	0	0	0
16.7631	0	0	0
16.7644	0	0	0
16.7657	0	0	0
16.7669	0	0	0
16.7682	0	0	0
16.7694	0	0	0
16.7707	0	0	0
16.7719	0	0	0
16.7732	0	0	0
16.7745	0	0	0
16.7757	0	0	0
16.777	0	0	0
16.7782	0	0	0
16.7795	0	0	0
16.7807	0	0	0
16.782	0	0	0
16.7833	0	0	0
16.7845	0	0	0
16.7858	0	0	0
16.787	0	0	0
16.7883	0	0	0
16.7895	0	0	0
16.7908	0	0	0
16.792	0	0	0
16.7933	0	0	0
16.7946	0	0	0
16.7958	0	0	0
16.7971	0	0	0
16.7983	0	0	0
16.7996	0	0	0
16.8008	0	0	0
16.8021	0	0	0
16.8034	0	0	0
16.8046	0	0	0
16.8059	0	0	0
16.8071	0	0	0
16.8084	0	0	0
16.8096	0	0	0
16.8109	0	0	0
16.8122	0	0	0
16.8134	0	0	0
16.8147	0	0	0
16.8159	0	0	0
16.8172	0	0	0
16.8184	0	0	0
16.8197	0	0	0
16.821	0	0	0
16.8222	0	0	0
16.8235	0	0	0
16.8247	0	0	0
16.826	0	0	0
16.8272	0	0	0
16.8285	0	0	0
16.8298	0	0	0
16.831	0	0	0
16.8323	0	0	0
16.8335	0	0	0
16.8348	0	0	0
16.836	0	0	0
16.8373	0	0	0
16.8386	0	0	0
16.8398	0	0	0
16.8411	0	0	0
16.8423	0	0	0
16.8436	0	0	0
16.8448	0	0	0
16.8461	0	0	0
16.8474	0	0	0
16.8486	0	0	0
16.8499	0	0	0
16.8511	0	0	0
16.8524	0	0	0
16.8536	0	0	0
16.8549	0	0	0
16.8562	0	0	0
16.8574	0	0	0
16.8587	0	0	0
16.8599	0	0	0
16.8612	0	0	0
16.8624	0	0	0
16.8637	0	0	0
16.865	0	0	0
16.8662	0	0	0
16.8675	0	0	0
16.8687	0	0	0
16.87	0	0	0
16.8712	0	0	0
16.8725	0	0	0
16.8738	0	0	0
16.875	0	0	0
16.8763	0	0	0
16.8775	0	0	0
16.8788	0	0	0
16.88	0	0	0
16.8813	0	0	0
16.8826	0	0	0
16.8838	0	0	0
16.8851	0	0	0
16.8863	0	0	0
16.8876	0	0	0
16.8888	0	0	0
16.8901	0	0	0
16.8914	0	0	0
16.8926	0	0	0
16.8939	0	0	0
16.8951	0	0	0
16.8964	0	0	0
16.8976	0	0	0
16.8989	0	0	0
16.9001	0	0	0
16.9014	0	0	0
16.9027	0	0	0
16.9039	0	0	0
16.9052	0	0	0
16.9064	0	0	0
16.9077	0	0	0
16.9089	0	0	0
16.9102	0	0	0
16.9115	0	0	0
16.9127	0	0	0
16.914	0	0	0
16.9152	0	0	0
16.9165	0	0	0
16.9178	0	0	0
16.919	0	0	0
16.9203	0	0	0
16.9215	0	0	0
16.9228	0	0	0
16.924	0	0	0
16.9253	0	0	0
16.9266	0	0	0
16.9278	0	0	0
16.9291	0	0	0
16.9303	0	0	0
16.9316	0	0	0
16.9329	0	0	0
16.9341	0	0	0
16.9354	0	0	0
16.9366	0	0	0
16.9379	0	0	0
16.9391	0	0	0
16.9404	0	0	0
16.9417	0	0	0
16.9429	0	0	0
16.9442	0	0	0
16.9454	0	0	0
16.9467	0	0	0
16.948	0	0	0
16.9492	0	0	0
16.9505	0	0	0
16.9517	0	0	0
16.953	0	0	0
16.9542	0	0	0
16.9555	0	0	0
16.9568	0	0	0
16.958	0	0	0
16.9593	0	0	0
16.9605	0	0	0
16.9618	0	0	0
16.9631	0	0	0
16.9643	0	0	0
16.9656	0	0	0
16.9668	0	0	0
16.9681	0	0	0
16.9693	0	0	0
16.9706	0	0	0
16.9719	0	0	0
16.9731	0	0	0
16.9744	0	0	0
16.9756	0	0	0
16.9769	0	0	0
16.9782	0	0	0
16.9794	0	0	0
16.9807	0	0	0
16.9819	0	0	0
16.9832	0	0	0
16.9844	0	0	0
16.9857	0	0	0
16.987	0	0	0
16.9882	0	0	0
16.9895	0	0	0
16.9907	0	0	0
16.992	0	0	0
16.9933	0	0	0
16.9945	0	0	0
16.9958	0	0	0
16.997	0	0	0
16.9983	0	0	0
16.9996	0	0	0
17.0008	0	0	0
17.0021	0	0	0
17.0033	0	0	0
17.0046	0	0	0
17.0058	0	0	0
17.0071	0	0	0
17.0084	0	0	0
17.0096	0	0	0
17.0109	0	0	0
17.0121	0	0	0
17.0134	0	0	0
17.0147	0	0	0
17.0159	0	0	0
17.0172	0	0	0
17.0184	0	0	0
17.0197	0	0	0
17.0209	0	0	0
17.0222	0	0	0
17.0235	0	0	0
17.0247	0	0	0
17.026	0	0	0
17.0272	0	0	0
17.0285	0	0	0
17.0298	0	0	0
17.031	0	0	0
17.0323	0	0	0
17.0335	0	0	0
17.0348	0	0	0
17.036	0	0	0
17.0373	0	0	0
17.0386	0	0	0
17.0398	0	0	0
17.0411	0	0	0
17.0423	0	0	0
17.0436	0	0	0
17.0449	0	0	0
17.0461	0	0	0
17.0474	0	0	0
17.0486	0	0	0
17.0499	0	0	0
17.0511	0	0	0
17.0524	0	0	0
17.0537	0	0	0
17.0549	0	0	0
17.0562	0	0	0
17.0574	0	0	0
17.0587	0	0	0
17.06	0	0	0
17.0612	0	0	0
17.0625	0	0	0
17.0637	0	0	0
17.065	0	0	0
17.0662	0	0	0
17.0675	0	0	0
17.0688	0	0	0
17.07	0	0	0
17.0713	0	0	0
17.0725	0	0	0
17.0738	0	0	0
17.0751	0	0	0
17.0763	0	0	0
17.0776	0	0	0
17.0788	0	0	0
17.0801	0	0	0
17.0813	0	0	0
17.0826	0	0	0
17.0839	0	0	0
17.0851	0	0	0
17.0864	0	0	0
17.0876	0	0	0
17.0889	0	0	0
17.0902	0	0	0
17.0914	0	0	0
17.0927	0	0	0
17.0939	0	0	0
17.0952	0	0	0
17.0964	0	0	0
17.0977	0	0	0
17.099	0	0	0
17.1002	0	0	0
17.1015	0	0	0
17.1027	0	0	0
17.104	0	0	0
17.1053	0	0	0
17.1065	0	0	0
17.1078	0	0	0
17.109	0	0	0
17.1103	0	0	0
17.1116	0	0	0
17.1128	0	0	0
17.1141	0	0	0
17.1153	0	0	0
17.1166	0	0	0
17.1178	0	0	0
17.1191	0	0	0
17.1204	0	0	0
17.1216	0	0	0
17.1229	0	0	0
17.1241	0	0	0
17.1254	0	0	0
17.1267	0	0	0
17.1279	0	0	0
17.1292	0	0	0
17.1304	0	0	0
17.1317	0	0	0
17.1329	0	0	0
17.1342	0	0	0
17.1355	0	0	0
17.1367	0	0	0
17.138	0	0	0
17.1392	0	0	0
17.1405	0	0	0
17.1418	0	0	0
17.143	0	0	0
17.1443	0	0	0
17.1455	0	0	0
17.1468	0	0	0
17.148	0	0	0
17.1493	0	0	0
17.1506	0	0	0
17.1518	0	0	0
17.1531	0	0	0
17.1543	0	0	0
17.1556	0	0	0
17.1569	0	0	0
17.1581	0	0	0
17.1594	0	0	0
17.1606	0	0	0
17.1619	0	0	0
17.1631	0	0	0
17.1644	0	0	0
17.1657	0	0	0
17.1669	0	0	0
17.1682	0	0	0
17.1694	0	0	0
17.1707	0	0	0
17.172	0	0	0
17.1732	0	0	0
17.1745	0	0	0
17.1757	0	0	0
17.177	0	0	0
17.1782	0	0	0
17.1795	0	0	0
17.1808	0	0	0
17.182	0	0	0
17.1833	0	0	0
17.1845	0	0	0
17.1858	0	0	0
17.1871	0	0	0
17.1883	0	0	0
17.1896	0	0	0
17.1908	0	0	0
17.1921	0	0	0
17.1933	0	0	0
17.1946	0	0	0
17.1959	0	0	0
17.1971	0	0	0
17.1984	0	0	0
17.1996	0	0	0
17.2009	0	0	0
17.2022	0	0	0
17.2034	0	0	0
17.2047	0	0	0
17.2059	0	0	0
17.2072	0	0	0
17.2084	0	0	0
17.2097	0	0	0
17.211	0	0	0
17.2122	0	0	0
17.2135	0	0	0
17.2147	0	0	0
17.216	0	0	0
17.2173	0	0	0
17.2185	0	0	0
17.2198	0	0	0
17.221	0	0	0
17.2223	0	0	0
17.2236	0	0	0
17.2248	0	0	0
17.2261	0	0	0
17.2273	0	0	0
17.2286	0	0	0
17.2298	0	0	0
17.2311	0	0	0
17.2324	0	0	0
17.2336	0	0	0
17.2349	0	0	0
17.2361	0	0	0
17.2374	0	0	0
17.2387	0	0	0
17.2399	0	0	0
17.2412	0	0	0
17.2424	0	0	0
17.2437	0	0	0
17.2449	0	0	0
17.2462	0	0	0
17.2475	0	0	0
17.2487	0	0	0
17.25	0	0	0
17.2512	0	0	0
17.2525	0	0	0
17.2538	0	0	0
17.255	0	0	0
17.2563	0	0	0
17.2575	0	0	0
17.2588	0	0	0
17.26	0	0	0
17.2613	0	0	0
17.2626	0	0	0
17.2638	0	0	0
17.2651	0	0	0
17.2663	0	0	0
17.2676	0	0	0
17.2688	0	0	0
17.2701	0	0	0
17.2714	0	0	0
17.2726	0	0	0
17.2739	0	0	0
17.2751	0	0	0
17.2764	0	0	0
17.2776	0	0	0
17.2789	0	0	0
17.2801	0	0	0
17.2814	0	0	0
17.2827	0	0	0
17.2839	0	0	0
17.2852	0	0	0
17.2864	0	0	0
17.2877	0	0	0
17.2889	0	0	0
17.2902	0	0	0
17.2915	0	0	0
17.2927	0	0	0
17.294	0	0	0
17.2952	0	0	0
17.2965	0	0	0
17.2977	0	0	0
17.299	0	0	0
17.3002	0	0	0
17.3015	0	0	0
17.3028	0	0	0
17.304	0	0	0
17.3053	0	0	0
17.3065	0	0	0
17.3078	0	0	0
17.309	0	0	0
17.3103	0	0	0
17.3116	0	0	0
17.3128	0	0	0
17.3141	0	0	0
17.3153	0	0	0
17.3166	0	0	0
17.3178	0	0	0
17.3191	0	0	0
17.3203	0	0	0
17.3216	0	0	0
17.3229	0	0	0
17.3241	0	0	0
17.3254	0	0	0
17.3266	0	0	0
17.3279	0	0	0
17.3291	0	0	0
17.3304	0	0	0
17.3317	0	0	0
17.3329	0	0	0
17.3342	0	0	0
17.3354	0	0	0
17.3367	0	0	0
17.3379	0	0	0
17.3392	0	0	0
17.3404	0	0	0
17.3417	0	0	0
17.343	0	0	0
17.3442	0	0	0
17.3455	0	0	0
17.3467	0	0	0
17.348	0	0	0
17.3492	0	0	0
17.3505	0	0	0
17.3518	0	0	0
17.353	0	0	0
17.3543	0	0	0
17.3555	0	0	0
17.3568	0	0	0
17.358	0	0	0
17.3593	0	0	0
17.3605	0	0	0
17.3618	0	0	0
17.3631	0	0	0
17.3643	0	0	0
17.3656	0	0	0
17.3668	0	0	0
17.3681	0	0	0
17.3693	0	0	0
17.3706	0	0	0
17.3719	0	0	0
17.3731	0	0	0
17.3744	0	0	0
17.3756	0	0	0
17.3769	0	0	0
17.3781	0	0	0
17.3794	0	0	0
17.3807	0	0	0
17.3819	0	0	0
17.3832	0	0	0
17.3844	0	0	0
17.3857	0	0	0
17.3869	0	0	0
17.3882	0	0	0
17.3894	0	0	0
17.3907	0	0	0
17.392	0	0	0
17.3932	0	0	0
17.3945	0	0	0
17.3957	0	0	0
17.397	0	0	0
17.3982	0	0	0
17.3995	0	0	0
17.4008	0	0	0
17.402	0	0	0
17.4033	0	0	0
17.4045	0	0	0
17.4058	0	0	0
17.407	0	0	0
17.4083	0	0	0
17.4095	0	0	0
17.4108	0	0	0
17.4121	0	0	0
17.4133	0	0	0
17.4146	0	0	0
17.4158	0	0	0
17.4171	0	0	0
17.4183	0	0	0
17.4196	0	0	0
17.4209	0	0	0
17.4221	0	0	0
17.4234	0	0	0
17.4246	0	0	0
17.4259	0	0	0
17.4271	0	0	0
17.4284	0	0	0
17.4296	0	0	0
17.4309	0	0	0
17.4322	0	0	0
17.4334	0	0	0
17.4347	0	0	0
17.4359	0	0	0
17.4372	0	0	0
17.4384	0	0	0
17.4397	0	0	0
17.441	0	0	0
17.4422	0	0	0
17.4435	0	0	0
17.4447	0	0	0
17.446	0	0	0
17.4472	0	0	0
17.4485	0	0	0
17.4497	0	0	0
17.451	0	0	0
17.4523	0	0	0
17.4535	0	0	0
17.4548	0	0	0
17.456	0	0	0
17.4573	0	0	0
17.4585	0	0	0
17.4598	0	0	0
17.4611	0	0	0
17.4623	0	0	0
17.4636	0	0	0
17.4648	0	0	0
17.4661	0	0	0
17.4673	0	0	0
17.4686	0	0	0
17.4698	0	0	0
17.4711	0	0	0
17.4724	0	0	0
17.4736	0	0	0
17.4749	0	0	0
17.4761	0	0	0
17.4774	0	0	0
17.4786	0	0	0
17.4799	0	0	0
17.4812	0	0	0
17.4824	0	0	0
17.4837	0	0	0
17.4849	0	0	0
17.4862	0	0	0
17.4874	0	0	0
17.4887	0	0	0
17.4899	0	0	0
17.4912	0	0	0
17.4925	0	0	0
17.4937	0	0	0
17.495	0	0	0
17.4962	0	0	0
17.4975	0	0	0
17.4987	0	0	0
17.5	0	0	0
17.5013	0	0	0
17.5025	0	0	0
17.5038	0	0	0
17.505	0	0	0
17.5063	0	0	0
17.5075	0	0	0
17.5088	0	0	0
17.51	0	0	0
17.5113	0	0	0
17.5126	0	0	0
17.5138	0	0	0
17.5151	0	0	0
17.5163	0	0	0
17.5176	0	0	0
17.5188	0	0	0
17.5201	0	0	0
17.5214	0	0	0
17.5226	0	0	0
17.5239	0	0	0
17.5251	0	0	0
17.5264	0	0	0
17.5276	0	0	0
17.5289	0	0	0
17.5301	0	0	0
17.5314	0	0	0
17.5327	0	0	0
17.5339	0	0	0
17.5352	0	0	0
17.5364	0	0	0
17.5377	0	0	0
17.5389	0	0	0
17.5402	0	0	0
17.5414	0	0	0
17.5427	0	0	0
17.5439	0	0	0
17.5452	0	0	0
17.5464	0	0	0
17.5477	0	0	0
17.5489	0	0	0
17.5502	0	0	0
17.5514	0	0	0
17.5527	0	0	0
17.554	0	0	0
17.5552	0	0	0
17.5565	0	0	0
17.5577	0	0	0
17.559	0	0	0
17.5602	0	0	0
17.5615	0	0	0
17.5627	0	0	0
17.564	0	0	0
17.5652	0	0	0
17.5665	0	0	0
17.5677	0	0	0
17.569	0	0	0
17.5702	0	0	0
17.5715	0	0	0
17.5727	0	0	0
17.574	0	0	0
17.5753	0	0	0
17.5765	0	0	0
17.5778	0	0	0
17.579	0	0	0
17.5803	0	0	0
17.5815	0	0	0
17.5828	0	0	0
17.584	0	0	0
17.5853	0	0	0
17.5865	0	0	0
17.5878	0	0	0
17.589	0	0	0
17.5903	0	0	0
17.5915	0	0	0
17.5928	0	0	0
17.594	0	0	0
17.5953	0	0	0
17.5966	0	0	0
17.5978	0	0	0
17.5991	0	0	0
17.6003	0	0	0
17.6016	0	0	0
17.6028	0	0	0
17.6041	0	0	0
17.6053	0	0	0
17.6066	0	0	0
17.6078	0	0	0
17.6091	0	0	0
17.6103	0	0	0
17.6116	0	0	0
17.6128	0	0	0
17.6141	0	0	0
17.6153	0	0	0
17.6166	0	0	0
17.6179	0	0	0
17.6191	0	0	0
17.6204	0	0	0
17.6216	0	0	0
17.6229	0	0	0
17.6241	0	0	0
17.6254	0	0	0
17.6266	0	0	0
17.6279	0	0	0
17.6291	0	0	0
17.6304	0	0	0
17.6316	0	0	0
17.6329	0	0	0
17.6341	0	0	0
17.6354	0	0	0
17.6366	0	0	0
17.6379	0	0	0
17.6392	0	0	0
17.6404	0	0	0
17.6417	0	0	0
17.6429	0	0	0
17.6442	0	0	0
17.6454	0	0	0
17.6467	0	0	0
17.6479	0	0	0
17.6492	0	0	0
17.6504	0	0	0
17.6517	0	0	0
17.6529	0	0	0
17.6542	0	0	0
17.6554	0	0	0
17.6567	0	0	0
17.6579	0	0	0
17.6592	0	0	0
17.6605	0	0	0
17.6617	0	0	0
17.663	0	0	0
17.6642	0	0	0
17.6655	0	0	0
17.6667	0	0	0
17.668	0	0	0
17.6692	0	0	0
17.6705	0	0	0
17.6717	0	0	0
17.673	0	0	0
17.6742	0	0	0
17.6755	0	0	0
17.6767	0	0	0
17.678	0	0	0
17.6792	0	0	0
17.6805	0	0	0
17.6818	0	0	0
17.683	0	0	0
17.6843	0	0	0
17.6855	0	0	0
17.6868	0	0	0
17.688	0	0	0
17.6893	0	0	0
17.6905	0	0	0
17.6918	0	0	0
17.693	0	0	0
17.6943	0	0	0
17.6955	0	0	0
17.6968	0	0	0
17.698	0	0	0
17.6993	0	0	0
17.7005	0	0	0
17.7018	0	0	0
17.7031	0	0	0
17.7043	0	0	0
17.7056	0	0	0
17.7068	0	0	0
17.7081	0	0	0
17.7093	0	0	0
17.7106	0	0	0
17.7118	0	0	0
17.7131	0	0	0
17.7143	0	0	0
17.7156	0	0	0
17.7168	0	0	0
17.7181	0	0	0
17.7193	0	0	0
17.7206	0	0	0
17.7218	0	0	0
17.7231	0	0	0
17.7244	0	0	0
17.7256	0	0	0
17.7269	0	0	0
17.7281	0	0	0
17.7294	0	0	0
17.7306	0	0	0
17.7319	0	0	0
17.7331	0	0	0
17.7344	0	0	0
17.7356	0	0	0
17.7369	0	0	0
17.7381	0	0	0
17.7394	0	0	0
17.7406	0	0	0
17.7419	0	0	0
17.7431	0	0	0
17.7444	0	0	0
17.7457	0	0	0
17.7469	0	0	0
17.7482	0	0	0
17.7494	0	0	0
17.7507	0	0	0
17.7519	0	0	0
17.7532	0	0	0
17.7544	0	0	0
17.7557	0	0	0
17.7569	0	0	0
17.7582	0	0	0
17.7594	0	0	0
17.7607	0	0	0
17.7619	0	0	0
17.7632	0	0	0
17.7644	0	0	0
17.7657	0	0	0
17.767	0	0	0
17.7682	0	0	0
17.7695	0	0	0
17.7707	0	0	0
17.772	0	0	0
17.7732	0	0	0
17.7745	0	0	0
17.7757	0	0	0
17.777	0	0	0
17.7782	0	0	0
17.7795	0	0	0
17.7807	0	0	0
17.782	0	0	0
17.7832	0	0	0
17.7845	0	0	0
17.7857	0	0	0
17.787	0	0	0
17.7883	0	0	0
17.7895	0	0	0
17.7908	0	0	0
17.792	0	0	0
17.7933	0	0	0
17.7945	0	0	0
17.7958	0	0	0
17.797	0	0	0
17.7983	0	0	0
17.7995	0	0	0
17.8008	0	0	0
17.802	0	0	0
17.8033	0	0	0
17.8045	0	0	0
17.8058	0	0	0
17.807	0	0	0
17.8083	0	0	0
17.8096	0	0	0
17.8108	0	0	0
17.8121	0	0	0
17.8133	0	0	0
17.8146	0	0	0
17.8158	0	0	0
17.8171	0	0	0
17.8183	0	0	0
17.8196	0	0	0
17.8208	0	0	0
17.8221	0	0	0
17.8233	0	0	0
17.8246	0	0	0
17.8258	0	0	0
17.8271	0	0	0
17.8283	0	0	0
17.8296	0	0	0
17.8309	0	0	0
17.8321	0	0	0
17.8334	0	0	0
17.8346	0	0	0
17.8359	0	0	0
17.8371	0	0	0
17.8384	0	0	0
17.8396	0	0	0
17.8409	0	0	0
17.8421	0	0	0
17.8434	0	0	0
17.8446	0	0	0
17.8459	0	0	0
17.8471	0	0	0
17.8484	0	0	0
17.8496	0	0	0
17.8509	0	0	0
17.8522	0	0	0
17.8534	0	0	0
17.8547	0	0	0
17.8559	0	0	0
17.8572	0	0	0
17.8584	0	0	0
17.8597	0	0	0
17.8609	0	0	0
17.8622	0	0	0
17.8634	0	0	0
17.8647	0	0	0
17.8659	0	0	0
17.8672	0	0	0
17.8684	0	0	0
17.8697	0	0	0
17.8709	0	0	0
17.8722	0	0	0
17.8735	0	0	0
17.8747	0	0	0
17.876	0	0	0
17.8772	0	0	0
17.8785	0	0	0
17.8797	0	0	0
17.881	0	0	0
17.8822	0	0	0
17.8835	0	0	0
17.8847	0	0	0
17.886	0	0	0
17.8872	0	0	0
17.8885	0	0	0
17.8897	0	0	0
17.891	0	0	0
17.8922	0	0	0
17.8935	0	0	0
17.8948	0	0	0
17.896	0	0	0
17.8973	0	0	0
17.8985	0	0	0
17.8998	0	0	0
17.901	0	0	0
17.9023	0	0	0
17.9035	0	0	0
17.9048	0	0	0
17.906	0	0	0
17.9073	0	0	0
17.9085	0	0	0
17.9098	0	0	0
17.911	0	0	0
17.9123	0	0	0
17.9135	0	0	0
17.9148	0	0	0
17.9161	0	0	0
17.9173	0	0	0
17.9186	0	0	0
17.9198	0	0	0
17.9211	0	0	0
17.9223	0	0	0
17.9236	0	0	0
17.9248	0	0	0
17.9261	0	0	0
17.9273	0	0	0
17.9286	0	0	0
17.9298	0	0	0
17.9311	0	0	0
17.9323	0	0	0
17.9336	0	0	0
17.9348	0	0	0
17.9361	0	0	0
17.9374	0	0	0
17.9386	0	0	0
17.9399	0	0	0
17.9411	0	0	0
17.9424	0	0	0
17.9436	0	0	0
17.9449	0	0	0
17.9461	0	0	0
17.9474	0	0	0
17.9486	0	0	0
17.9499	0	0	0
17.9511	0	0	0
17.9524	0	0	0
17.9536	0	0	0
17.9549	0	0	0
17.9561	0	0	0
17.9574	0	0	0
17.9587	0	0	0
17.9599	0	0	0
17.9612	0	0	0
17.9624	0	0	0
17.9637	0	0	0
17.9649	0	0	0
17.9662	0	0	0
17.9674	0	0	0
17.9687	0	0	0
17.9699	0	0	0
17.9712	0	0	0
17.9724	0	0	0
17.9737	0	0	0
17.9749	0	0	0
17.9762	0	0	0
17.9774	0	0	0
17.9787	0	0	0
17.98	0	0	0
17.9812	0	0	0
17.9825	0	0	0
17.9837	0	0	0
17.985	0	0	0
17.9862	0	0	0
17.9875	0	0	0
17.9887	0	0	0
17.99	0	0	0
17.9912	0	0	0
17.9925	0	0	0
17.9937	0	0	0
17.995	0	0	0
17.9962	0	0	0
17.9975	0	0	0
17.9987	0	0	0
18	0	0	0
18.0013	0	0	0
18.0025	0	0	0
18.0038	0	0	0
18.005	0	0	0
18.0063	0	0	0
18.0076	0	0	0
18.0088	0	0	0
18.0101	0	0	0
18.0113	0	0	0
18.0126	0	0	0
18.0138	0	0	0
18.0151	0	0	0
18.0164	0	0	0
18.0176	0	0	0
18.0189	0	0	0
18.0201	0	0	0
18.0214	0	0	0
18.0227	0	0	0
18.0239	0	0	0
18.0252	0	0	0
18.0264	0	0	0
18.0277	0	0	0
18.0289	0	0	0
18.0302	0	0	0
18.0315	0	0	0
18.0327	0	0	0
18.034	0	0	0
18.0352	0	0	0
18.0365	0	0	0
18.0378	0	0	0
18.039	0	0	0
18.0403	0	0	0
18.0415	0	0	0
18.0428	0	0	0
18.0441	0	0	0
18.0453	0	0	0
18.0466	0	0	0
18.0478	0	0	0
18.0491	0	0	0
18.0504	0	0	0
18.0516	0	0	0
18.0529	0	0	0
18.0541	0	0	0
18.0554	0	0	0
18.0567	0	0	0
18.0579	0	0	0
18.0592	0	0	0
18.0604	0	0	0
18.0617	0	0	0
18.063	0	0	0
18.0642	0	0	0
18.0655	0	0	0
18.0667	0	0	0
18.068	0	0	0
18.0693	0	0	0
18.0705	0	0	0
18.0718	0	0	0
18.073	0	0	0
18.0743	0	0	0
18.0756	0	0	0
18.0768	0	0	0
18.0781	0	0	0
18.0793	0	0	0
18.0806	0	0	0
18.0819	0	0	0
18.0831	0	0	0
18.0844	0	0	0
18.0856	0	0	0
18.0869	0	0	0
18.0882	0	0	0
18.0894	0	0	0
18.0907	0	0	0
18.0919	0	0	0
18.0932	0	0	0
18.0945	0	0	0
18.0957	0	0	0
18.097	0	0	0
18.0982	0	0	0
18.0995	0	0	0
18.1008	0	0	0
18.102	0	0	0
18.1033	0	0	0
18.1046	0	0	0
18.1058	0	0	0
18.1071	0	0	0
18.1083	0	0	0
18.1096	0	0	0
18.1109	0	0	0
18.1121	0	0	0
18.1134	0	0	0
18.1146	0	0	0
18.1159	0	0	0
18.1172	0	0	0
18.1184	0	0	0
18.1197	0	0	0
18.1209	0	0	0
18.1222	0	0	0
18.1235	0	0	0
18.1247	0	0	0
18.126	0	0	0
18.1273	0	0	0
18.1285	0	0	0
18.1298	0	0	0
18.131	0	0	0
18.1323	0	0	0
18.1336	0	0	0
18.1348	0	0	0
18.1361	0	0	0
18.1373	0	0	0
18.1386	0	0	0
18.1399	0	0	0
18.1411	0	0	0
18.1424	0	0	0
18.1437	0	0	0
18.1449	0	0	0
18.1462	0	0	0
18.1474	0	0	0
18.1487	0	0	0
18.15	0	0	0
18.1512	0	0	0
18.1525	0	0	0
18.1538	0	0	0
18.155	0	0	0
18.1563	0	0	0
18.1575	0	0	0
18.1588	0	0	0
18.1601	0	0	0
18.1613	0	0	0
18.1626	0	0	0
18.1639	0	0	0
18.1651	0	0	0
18.1664	0	0	0
18.1676	0	0	0
18.1689	0	0	0
18.1702	0	0	0
18.1714	0	0	0
18.1727	0	0	0
18.174	0	0	0
18.1752	0	0	0
18.1765	0	0	0
18.1777	0	0	0
18.179	0	0	0
18.1803	0	0	0
18.1815	0	0	0
18.1828	0	0	0
18.1841	0	0	0
18.1853	0	0	0
18.1866	0	0	0
18.1878	0	0	0
18.1891	0	0	0
18.1904	0	0	0
18.1916	0	0	0
18.1929	0	0	0
18.1942	0	0	0
18.1954	0	0	0
18.1967	0	0	0
18.1979	0	0	0
18.1992	0	0	0
18.2005	0	0	0
18.2017	0	0	0
18.203	0	0	0
18.2043	0	0	0
18.2055	0	0	0
18.2068	0	0	0
18.2081	0	0	0
18.2093	0	0	0
18.2106	0	0	0
18.2118	0	0	0
18.2131	0	0	0
18.2144	0	0	0
18.2156	0	0	0
18.2169	0	0	0
18.2182	0	0	0
18.2194	0	0	0
18.2207	0	0	0
18.222	0	0	0
18.2232	0	0	0
18.2245	0	0	0
18.2257	0	0	0
18.227	0	0	0
18.2283	0	0	0
18.2295	0	0	0
18.2308	0	0	0
18.2321	0	0	0
18.2333	0	0	0
18.2346	0	0	0
18.2359	0	0	0
18.2371	0	0	0
18.2384	0	0	0
18.2396	0	0	0
18.2409	0	0	0
18.2422	0	0	0
18.2434	0	0	0
18.2447	0	0	0
18.246	0	0	0
18.2472	0	0	0
18.2485	0	0	0
18.2498	0	0	0
18.251	0	0	0
18.2523	0	0	0
18.2535	0	0	0
18.2548	0	0	0
18.2561	0	0	0
18.2573	0	0	0
18.2586	0	0	0
18.2599	0	0	0
18.2611	0	0	0
18.2624	0	0	0
18.2637	0	0	0
18.2649	0	0	0
18.2662	0	0	0
18.2675	0	0	0
18.2687	0	0	0
18.27	0	0	0
18.2712	0	0	0
18.2725	0	0	0
18.2738	0	0	0
18.275	0	0	0
18.2763	0	0	0
18.2776	0	0	0
18.2788	0	0	0
18.2801	0	0	0
18.2814	0	0	0
18.2826	0	0	0
18.2839	0	0	0
18.2852	0	0	0
18.2864	0	0	0
18.2877	0	0	0
18.289	0	0	0
18.2902	0	0	0
18.2915	0	0	0
18.2927	0	0	0
18.294	0	0	0
18.2953	0	0	0
18.2965	0	0	0
18.2978	0	0	0
18.2991	0	0	0
18.3003	0	0	0
18.3016	0	0	0
18.3029	0	0	0
18.3041	0	0	0
18.3054	0	0	0
18.3067	0	0	0
18.3079	0	0	0
18.3092	0	0	0
18.3105	0	0	0
18.3117	0	0	0
18.313	0	0	0
18.3143	0	0	0
18.3155	0	0	0
18.3168	0	0	0
18.3181	0	0	0
18.3193	0	0	0
18.3206	0	0	0
18.3219	0	0	0
18.3231	0	0	0
18.3244	0	0	0
18.3256	0	0	0
18.3269	0	0	0
18.3282	0	0	0
18.3294	0	0	0
18.3307	0	0	0
18.332	0	0	0
18.3332	0	0	0
18.3345	0	0	0
18.3358	0	0	0
18.337	0	0	0
18.3383	0	0	0
18.3396	0	0	0
18.3408	0	0	0
18.3421	0	0	0
18.3434	0	0	0
18.3446	0	0	0
18.3459	0	0	0
18.3472	0	0	0
18.3484	0	0	0
18.3497	0	0	0
18.351	0	0	0
18.3522	0	0	0
18.3535	0	0	0
18.3548	0	0	0
18.356	0	0	0
18.3573	0	0	0
18.3586	0	0	0
18.3598	0	0	0
18.3611	0	0	0
18.3624	0	0	0
18.3636	0	0	0
18.3649	0	0	0
18.3662	0	0	0
18.3674	0	0	0
18.3687	0	0	0
18.37	0	0	0
18.3712	0	0	0
18.3725	0	0	0
18.3738	0	0	0
18.375	0	0	0
18.3763	0	0	0
18.3776	0	0	0
18.3788	0	0	0
18.3801	0	0	0
18.3814	0	0	0
18.3826	0	0	0
18.3839	0	0	0
18.3852	0	0	0
18.3864	0	0	0
18.3877	0	0	0
18.389	0	0	0
18.3902	0	0	0
18.3915	0	0	0
18.3928	0	0	0
18.394	0	0	0
18.3953	0	0	0
18.3966	0	0	0
18.3978	0	0	0
18.3991	0	0	0
18.4004	0	0	0
18.4016	0	0	0
18.4029	0	0	0
18.4042	0	0	0
18.4054	0	0	0
18.4067	0	0	0
18.408	0	0	0
18.4092	0	0	0
18.4105	0	0	0
18.4118	0	0	0
18.413	0	0	0
18.4143	0	0	0
18.4156	0	0	0
18.4168	0	0	0
18.4181	0	0	0
18.4194	0	0	0
18.4207	0	0	0
18.4219	0	0	0
18.4232	0	0	0
18.4245	0	0	0
18.4257	0	0	0
18.427	0	0	0
18.4283	0	0	0
18.4295	0	0	0
18.4308	0	0	0
18.4321	0	0	0
18.4333	0	0	0
18.4346	0	0	0
18.4359	0	0	0
18.4371	0	0	0
18.4384	0	0	0
18.4397	0	0	0
18.4409	0	0	0
18.4422	0	0	0
18.4435	0	0	0
18.4447	0	0	0
18.446	0	0	0
18.4473	0	0	0
18.4486	0	0	0
18.4498	0	0	0
18.4511	0	0	0
18.4524	0	0	0
18.4536	0	0	0
18.4549	0	0	0
18.4562	0	0	0
18.4574	0	0	0
18.4587	0	0	0
18.46	0	0	0
18.4612	0	0	0
18.4625	0	0	0
18.4638	0	0	0
18.465	0	0	0
18.4663	0	0	0
18.4676	0	0	0
18.4688	0	0	0
18.4701	0	0	0
18.4714	0	0	0
18.4727	0	0	0
18.4739	0	0	0
18.4752	0	0	0
18.4765	0	0	0
18.4777	0	0	0
18.479	0	0	0
18.4803	0	0	0
18.4815	0	0	0
18.4828	0	0	0
18.4841	0	0	0
18.4853	0	0	0
18.4866	0	0	0
18.4879	0	0	0
18.4892	0	0	0
18.4904	0	0	0
18.4917	0	0	0
18.493	0	0	0
18.4942	0	0	0
18.4955	0	0	0
18.4968	0	0	0
18.498	0	0	0
18.4993	0	0	0
18.5006	0	0	0
18.5018	0	0	0
18.5031	0	0	0
18.5044	0	0	0
18.5057	0	0	0
18.5069	0	0	0
18.5082	0	0	0
18.5095	0	0	0
18.5107	0	0	0
18.512	0	0	0
18.5133	0	0	0
18.5145	0	0	0
18.5158	0	0	0
18.5171	0	0	0
18.5184	0	0	0
18.5196	0	0	0
18.5209	0	0	0
18.5222	0	0	0
18.5234	0	0	0
18.5247	0	0	0
18.526	0	0	0
18.5272	0	0	0
18.5285	0	0	0
18.5298	0	0	0
18.5311	0	0	0
18.5323	0	0	0
18.5336	0	0	0
18.5349	0	0	0
18.5361	0	0	0
18.5374	0	0	0
18.5387	0	0	0
18.5399	0	0	0
18.5412	0	0	0
18.5425	0	0	0
18.5438	0	0	0
18.545	0	0	0
18.5463	0	0	0
18.5476	0	0	0
18.5488	0	0	0
18.5501	0	0	0
18.5514	0	0	0
18.5526	0	0	0
18.5539	0	0	0
18.5552	0	0	0
18.5565	0	0	0
18.5577	0	0	0
18.559	0	0	0
18.5603	0	0	0
18.5615	0	0	0
18.5628	0	0	0
18.5641	0	0	0
18.5654	0	0	0
18.5666	0	0	0
18.5679	0	0	0
18.5692	0	0	0
18.5704	0	0	0
18.5717	0	0	0
18.573	0	0	0
18.5742	0	0	0
18.5755	0	0	0
18.5768	0	0	0
18.5781	0	0	0
18.5793	0	0	0
18.5806	0	0	0
18.5819	0	0	0
18.5831	0	0	0
18.5844	0	0	0
18.5857	0	0	0
18.587	0	0	0
18.5882	0	0	0
18.5895	0	0	0
18.5908	0	0	0
18.592	0	0	0
18.5933	0	0	0
18.5946	0	0	0
18.5959	0	0	0
18.5971	0	0	0
18.5984	0	0	0
18.5997	0	0	0
18.6009	0	0	0
18.6022	0	0	0
18.6035	0	0	0
18.6047	0	0	0
18.606	0	0	0
18.6073	0	0	0
18.6086	0	0	0
18.6098	0	0	0
18.6111	0	0	0
18.6124	0	0	0
18.6136	0	0	0
18.6149	0	0	0
18.6162	0	0	0
18.6175	0	0	0
18.6187	0	0	0
18.62	0	0	0
18.6213	0	0	0
18.6226	0	0	0
18.6238	0	0	0
18.6251	0	0	0
18.6264	0	0	0
18.6276	0	0	0
18.6289	0	0	0
18.6302	0	0	0
18.6315	0	0	0
18.6327	0	0	0
18.634	0	0	0
18.6353	0	0	0
18.6365	0	0	0
18.6378	0	0	0
18.6391	0	0	0
18.6404	0	0	0
18.6416	0	0	0
18.6429	0	0	0
18.6442	0	0	0
18.6454	0	0	0
18.6467	0	0	0
18.648	0	0	0
18.6493	0	0	0
18.6505	0	0	0
18.6518	0	0	0
18.6531	0	0	0
18.6543	0	0	0
18.6556	0	0	0
18.6569	0	0	0
18.6582	0	0	0
18.6594	0	0	0
18.6607	0	0	0
18.662	0	0	0
18.6633	0	0	0
18.6645	0	0	0
18.6658	0	0	0
18.6671	0	0	0
18.6683	0	0	0
18.6696	0	0	0
18.6709	0	0	0
18.6722	0	0	0
18.6734	0	0	0
18.6747	0	0	0
18.676	0	0	0
18.6772	0	0	0
18.6785	0	0	0
18.6798	0	0	0
18.6811	0	0	0
18.6823	0	0	0
18.6836	0	0	0
18.6849	0	0	0
18.6862	0	0	0
18.6874	0	0	0
18.6887	0	0	0
18.69	0	0	0
18.6913	0	0	0
18.6925	0	0	0
18.6938	0	0	0
18.6951	0	0	0
18.6963	0	0	0
18.6976	0	0	0
18.6989	0	0	0
18.7002	0	0	0
18.7014	0	0	0
18.7027	0	0	0
18.704	0	0	0
18.7053	0	0	0
18.7065	0	0	0
18.7078	0	0	0
18.7091	0	0	0
18.7103	0	0	0
18.7116	0	0	0
18.7129	0	0	0
18.7142	0	0	0
18.7154	0	0	0
18.7167	0	0	0
18.718	0	0	0
18.7193	0	0	0
18.7205	0	0	0
18.7218	0	0	0
18.7231	0	0	0
18.7244	0	0	0
18.7256	0	0	0
18.7269	0	0	0
18.7282	0	0	0
18.7294	0	0	0
18.7307	0	0	0
18.732	0	0	0
18.7333	0	0	0
18.7345	0	0	0
18.7358	0	0	0
18.7371	0	0	0
18.7384	0	0	0
18.7396	0	0	0
18.7409	0	0	0
18.7422	0	0	0
18.7434	0	0	0
18.7447	0	0	0
18.746	0	0	0
18.7473	0	0	0
18.7485	0	0	0
18.7498	0	0	0
18.7511	0	0	0
18.7524	0	0	0
18.7536	0	0	0
18.7549	0	0	0
18.7562	0	0	0
18.7575	0	0	0
18.7587	0	0	0
18.76	0	0	0
18.7613	0	0	0
18.7626	0	0	0
18.7638	0	0	0
18.7651	0	0	0
18.7664	0	0	0
18.7677	0	0	0
18.7689	0	0	0
18.7702	0	0	0
18.7715	0	0	0
18.7728	0	0	0
18.774	0	0	0
18.7753	0	0	0
18.7766	0	0	0
18.7779	0	0	0
18.7791	0	0	0
18.7804	0	0	0
18.7817	0	0	0
18.7829	0	0	0
18.7842	0	0	0
18.7855	0	0	0
18.7868	0	0	0
18.788	0	0	0
18.7893	0	0	0
18.7906	0	0	0
18.7919	0	0	0
18.7931	0	0	0
18.7944	0	0	0
18.7957	0	0	0
18.797	0	0	0
18.7982	0	0	0
18.7995	0	0	0
18.8008	0	0	0
18.8021	0	0	0
18.8033	0	0	0
18.8046	0	0	0
18.8059	0	0	0
18.8072	0	0	0
18.8084	0	0	0
18.8097	0	0	0
18.811	0	0	0
18.8123	0	0	0
18.8135	0	0	0
18.8148	0	0	0
18.8161	0	0	0
18.8174	0	0	0
18.8186	0	0	0
18.8199	0	0	0
18.8212	0	0	0
18.8225	0	0	0
18.8237	0	0	0
18.825	0	0	0
18.8263	0	0	0
18.8276	0	0	0
18.8288	0	0	0
18.8301	0	0	0
18.8314	0	0	0
18.8327	0	0	0
18.8339	0	0	0
18.8352	0	0	0
18.8365	0	0	0
18.8377	0	0	0
18.839	0	0	0
18.8403	0	0	0
18.8416	0	0	0
18.8428	0	0	0
18.8441	0	0	0
18.8454	0	0	0
18.8467	0	0	0
18.8479	0	0	0
18.8492	0	0	0
18.8505	0	0	0
18.8518	0	0	0
18.853	0	0	0
18.8543	0	0	0
18.8556	0	0	0
18.8569	0	0	0
18.8581	0	0	0
18.8594	0	0	0
18.8607	0	0	0
18.862	0	0	0
18.8632	0	0	0
18.8645	0	0	0
18.8658	0	0	0
18.8671	0	0	0
18.8683	0	0	0
18.8696	0	0	0
18.8709	0	0	0
18.8722	0	0	0
18.8734	0	0	0
18.8747	0	0	0
18.876	0	0	0
18.8773	0	0	0
18.8785	0	0	0
18.8798	0	0	0
18.8811	0	0	0
18.8824	0	0	0
18.8836	0	0	0
18.8849	0	0	0
18.8862	0	0	0
18.8874	0	0	0
18.8887	0	0	0
18.89	0	0	0
18.8913	0	0	0
18.8925	0	0	0
18.8938	0	0	0
18.8951	0	0	0
18.8964	0	0	0
18.8976	0	0	0
18.8989	0	0	0
18.9002	0	0	0
18.9015	0	0	0
18.9027	0	0	0
18.904	0	0	0
18.9053	0	0	0
18.9066	0	0	0
18.9078	0	0	0
18.9091	0	0	0
18.9104	0	0	0
18.9117	0	0	0
18.9129	0	0	0
18.9142	0	0	0
18.9155	0	0	0
18.9168	0	0	0
18.918	0	0	0
18.9193	0	0	0
18.9206	0	0	0
18.9219	0	0	0
18.9231	0	0	0
18.9244	0	0	0
18.9257	0	0	0
18.927	0	0	0
18.9282	0	0	0
18.9295	0	0	0
18.9308	0	0	0
18.9321	0	0	0
18.9333	0	0	0
18.9346	0	0	0
18.9359	0	0	0
18.9372	0	0	0
18.9384	0	0	0
18.9397	0	0	0
18.941	0	0	0
18.9422	0	0	0
18.9435	0	0	0
18.9448	0	0	0
18.9461	0	0	0
18.9473	0	0	0
18.9486	0	0	0
18.9499	0	0	0
18.9512	0	0	0
18.9524	0	0	0
18.9537	0	0	0
18.955	0	0	0
18.9563	0	0	0
18.9576	0	0	0
18.9588	0	0	0
18.9601	0	0	0
18.9614	0	0	0
18.9627	0	0	0
18.9639	0	0	0
18.9652	0	0	0
18.9665	0	0	0
18.9678	0	0	0
18.969	0	0	0
18.9703	0	0	0
18.9716	0	0	0
18.9729	0	0	0
18.9741	0	0	0
18.9754	0	0	0
18.9767	0	0	0
18.978	0	0	0
18.9792	0	0	0
18.9805	0	0	0
18.9818	0	0	0
18.9831	0	0	0
18.9843	0	0	0
18.9856	0	0	0
18.9869	0	0	0
18.9882	0	0	0
18.9895	0	0	0
18.9907	0	0	0
18.992	0	0	0
18.9933	0	0	0
18.9946	0	0	0
18.9958	0	0	0
18.9971	0	0	0
18.9984	0	0	0
18.9997	0	0	0
19.0009	0	0	0
19.0022	0	0	0
19.0035	0	0	0
19.0048	0	0	0
19.006	0	0	0
19.0073	0	0	0
19.0086	0	0	0
19.0099	0	0	0
19.0111	0	0	0
19.0124	0	0	0
19.0137	0	0	0
19.015	0	0	0
19.0162	0	0	0
19.0175	0	0	0
19.0188	0	0	0
19.0201	0	0	0
19.0213	0	0	0
19.0226	0	0	0
19.0239	0	0	0
19.0252	0	0	0
19.0265	0	0	0
19.0277	0	0	0
19.029	0	0	0
19.0303	0	0	0
19.0316	0	0	0
19.0328	0	0	0
19.0341	0	0	0
19.0354	0	0	0
19.0367	0	0	0
19.0379	0	0	0
19.0392	0	0	0
19.0405	0	0	0
19.0418	0	0	0
19.043	0	0	0
19.0443	0	0	0
19.0456	0	0	0
19.0469	0	0	0
19.0481	0	0	0
19.0494	0	0	0
19.0507	0	0	0
19.052	0	0	0
19.0532	0	0	0
19.0545	0	0	0
19.0558	0	0	0
19.0571	0	0	0
19.0584	0	0	0
19.0596	0	0	0
19.0609	0	0	0
19.0622	0	0	0
19.0635	0	0	0
19.0647	0	0	0
19.066	0	0	0
19.0673	0	0	0
19.0686	0	0	0
19.0698	0	0	0
19.0711	0	0	0
19.0724	0	0	0
19.0737	0	0	0
19.0749	0	0	0
19.0762	0	0	0
19.0775	0	0	0
19.0788	0	0	0
19.08	0	0	0
19.0813	0	0	0
19.0826	0	0	0
19.0839	0	0	0
19.0851	0	0	0
19.0864	0	0	0
19.0877	0	0	0
19.089	0	0	0
19.0903	0	0	0
19.0915	0	0	0
19.0928	0	0	0
19.0941	0	0	0
19.0954	0	0	0
19.0966	0	0	0
19.0979	0	0	0
19.0992	0	0	0
19.1005	0	0	0
19.1017	0	0	0
19.103	0	0	0
19.1043	0	0	0
19.1056	0	0	0
19.1068	0	0	0
19.1081	0	0	0
19.1094	0	0	0
19.1107	0	0	0
19.1119	0	0	0
19.1132	0	0	0
19.1145	0	0	0
19.1158	0	0	0
19.117	0	0	0
19.1183	0	0	0
19.1196	0	0	0
19.1209	0	0	0
19.1222	0	0	0
19.1234	0	0	0
19.1247	0	0	0
19.126	0	0	0
19.1273	0	0	0
19.1285	0	0	0
19.1298	0	0	0
19.1311	0	0	0
19.1324	0	0	0
19.1337	0	0	0
19.1349	0	0	0
19.1362	0	0	0
19.1375	0	0	0
19.1388	0	0	0
19.14	0	0	0
19.1413	0	0	0
19.1426	0	0	0
19.1439	0	0	0
19.1452	0	0	0
19.1464	0	0	0
19.1477	0	0	0
19.149	0	0	0
19.1503	0	0	0
19.1515	0	0	0
19.1528	0	0	0
19.1541	0	0	0
19.1554	0	0	0
19.1567	0	0	0
19.1579	0	0	0
19.1592	0	0	0
19.1605	0	0	0
19.1618	0	0	0
19.163	0	0	0
19.1643	0	0	0
19.1656	0	0	0
19.1669	0	0	0
19.1682	0	0	0
19.1694	0	0	0
19.1707	0	0	0
19.172	0	0	0
19.1733	0	0	0
19.1745	0	0	0
19.1758	0	0	0
19.1771	0	0	0
19.1784	0	0	0
19.1797	0	0	0
19.1809	0	0	0
19.1822	0	0	0
19.1835	0	0	0
19.1848	0	0	0
19.186	0	0	0
19.1873	0	0	0
19.1886	0	0	0
19.1899	0	0	0
19.1912	0	0	0
19.1924	0	0	0
19.1937	0	0	0
19.195	0	0	0
19.1963	0	0	0
19.1975	0	0	0
19.1988	0	0	0
19.2001	0	0	0
19.2014	0	0	0
19.2027	0	0	0
19.2039	0	0	0
19.2052	0	0	0
19.2065	0	0	0
19.2078	0	0	0
19.209	0	0	0
19.2103	0	0	0
19.2116	0	0	0
19.2129	0	0	0
19.2142	0	0	0
19.2154	0	0	0
19.2167	0	0	0
19.218	0	0	0
19.2193	0	0	0
19.2205	0	0	0
19.2218	0	0	0
19.2231	0	0	0
19.2244	0	0	0
19.2257	0	0	0
19.2269	0	0	0
19.2282	0	0	0
19.2295	0	0	0
19.2308	0	0	0
19.232	0	0	0
19.2333	0	0	0
19.2346	0	0	0
19.2359	0	0	0
19.2372	0	0	0
19.2384	0	0	0
19.2397	0	0	0
19.241	0	0	0
19.2423	0	0	0
19.2435	0	0	0
19.2448	0	0	0
19.2461	0	0	0
19.2474	0	0	0
19.2487	0	0	0
19.2499	0	0	0
19.2512	0	0	0
19.2525	0	0	0
19.2538	0	0	0
19.255	0	0	0
19.2563	0	0	0
19.2576	0	0	0
19.2589	0	0	0
19.2602	0	0	0
19.2614	0	0	0
19.2627	0	0	0
19.264	0	0	0
19.2653	0	0	0
19.2665	0	0	0
19.2678	0	0	0
19.2691	0	0	0
19.2704	0	0	0
19.2717	0	0	0
19.2729	0	0	0
19.2742	0	0	0
19.2755	0	0	0
19.2768	0	0	0
19.278	0	0	0
19.2793	0	0	0
19.2806	0	0	0
19.2819	0	0	0
19.2832	0	0	0
19.2844	0	0	0
19.2857	0	0	0
19.287	0	0	0
19.2883	0	0	0
19.2895	0	0	0
19.2908	0	0	0
19.2921	0	0	0
19.2934	0	0	0
19.2947	0	0	0
19.2959	0	0	0
19.2972	0	0	0
19.2985	0	0	0
19.2998	0	0	0
19.301	0	0	0
19.3023	0	0	0
19.3036	0	0	0
19.3049	0	0	0
19.3062	0	0	0
19.3074	0	0	0
19.3087	0	0	0
19.31	0	0	0
19.3113	0	0	0
19.3125	0	0	0
19.3138	0	0	0
19.3151	0	0	0
19.3164	0	0	0
19.3177	0	0	0
19.3189	0	0	0
19.3202	0	0	0
19.3215	0	0	0
19.3228	0	0	0
19.324	0	0	0
19.3253	0	0	0
19.3266	0	0	0
19.3279	0	0	0
19.3292	0	0	0
19.3304	0	0	0
19.3317	0	0	0
19.333	0	0	0
19.3343	0	0	0
19.3355	0	0	0
19.3368	0	0	0
19.3381	0	0	0
19.3394	0	0	0
19.3407	0	0	0
19.3419	0	0	0
19.3432	0	0	0
19.3445	0	0	0
19.3458	0	0	0
19.347	0	0	0
19.3483	0	0	0
19.3496	0	0	0
19.3509	0	0	0
19.3522	0	0	0
19.3534	0	0	0
19.3547	0	0	0
19.356	0	0	0
19.3573	0	0	0
19.3585	0	0	0
19.3598	0	0	0
19.3611	0	0	0
19.3624	0	0	0
19.3637	0	0	0
19.3649	0	0	0
19.3662	0	0	0
19.3675	0	0	0
19.3688	0	0	0
19.37	0	0	0
19.3713	0	0	0
19.3726	0	0	0
19.3739	0	0	0
19.3752	0	0	0
19.3764	0	0	0
19.3777	0	0	0
19.379	0	0	0
19.3803	0	0	0
19.3815	0	0	0
19.3828	0	0	0
19.3841	0	0	0
19.3854	0	0	0
19.3867	0	0	0
19.3879	0	0	0
19.3892	0	0	0
19.3905	0	0	0
19.3918	0	0	0
19.393	0	0	0
19.3943	0	0	0
19.3956	0	0	0
19.3969	0	0	0
19.3982	0	0	0
19.3994	0	0	0
19.4007	0	0	0
19.402	0	0	0
19.4033	0	0	0
19.4045	0	0	0
19.4058	0	0	0
19.4071	0	0	0
19.4084	0	0	0
19.4097	0	0	0
19.4109	0	0	0
19.4122	0	0	0
19.4135	0	0	0
19.4148	0	0	0
19.416	0	0	0
19.4173	0	0	0
19.4186	0	0	0
19.4199	0	0	0
19.4212	0	0	0
19.4224	0	0	0
19.4237	0	0	0
19.425	0	0	0
19.4263	0	0	0
19.4275	0	0	0
19.4288	0	0	0
19.4301	0	0	0
19.4314	0	0	0
19.4327	0	0	0
19.4339	0	0	0
19.4352	0	0	0
19.4365	0	0	0
19.4378	0	0	0
19.439	0	0	0
19.4403	0	0	0
19.4416	0	0	0
19.4429	0	0	0
19.4442	0	0	0
19.4454	0	0	0
19.4467	0	0	0
19.448	0	0	0
19.4493	0	0	0
19.4505	0	0	0
19.4518	0	0	0
19.4531	0	0	0
19.4544	0	0	0
19.4557	0	0	0
19.4569	0	0	0
19.4582	0	0	0
19.4595	0	0	0
19.4608	0	0	0
19.462	0	0	0
19.4633	0	0	0
19.4646	0	0	0
19.4659	0	0	0
19.4672	0	0	0
19.4684	0	0	0
19.4697	0	0	0
19.471	0	0	0
19.4723	0	0	0
19.4735	0	0	0
19.4748	0	0	0
19.4761	0	0	0
19.4774	0	0	0
19.4787	0	0	0
19.4799	0	0	0
19.4812	0	0	0
19.4825	0	0	0
19.4838	0	0	0
19.485	0	0	0
19.4863	0	0	0
19.4876	0	0	0
19.4889	0	0	0
19.4902	0	0	0
19.4914	0	0	0
19.4927	0	0	0
19.494	0	0	0
19.4953	0	0	0
19.4965	0	0	0
19.4978	0	0	0
19.4991	0	0	0
19.5004	0	0	0
19.5017	0	0	0
19.5029	0	0	0
19.5042	0	0	0
19.5055	0	0	0
19.5068	0	0	0
19.508	0	0	0
19.5093	0	0	0
19.5106	0	0	0
19.5119	0	0	0
19.5132	0	0	0
19.5144	0	0	0
19.5157	0	0	0
19.517	0	0	0
19.5183	0	0	0
19.5195	0	0	0
19.5208	0	0	0
19.5221	0	0	0
19.5234	0	0	0
19.5247	0	0	0
19.5259	0	0	0
19.5272	0	0	0
19.5285	0	0	0
19.5298	0	0	0
19.531	0	0	0
19.5323	0	0	0
19.5336	0	0	0
19.5349	0	0	0
19.5362	0	0	0
19.5374	0	0	0
19.5387	0	0	0
19.54	0	0	0
19.5413	0	0	0
19.5425	0	0	0
19.5438	0	0	0
19.5451	0	0	0
19.5464	0	0	0
19.5477	0	0	0
19.5489	0	0	0
19.5502	0	0	0
19.5515	0	0	0
19.5528	0	0	0
19.554	0	0	0
19.5553	0	0	0
19.5566	0	0	0
19.5579	0	0	0
19.5592	0	0	0
19.5604	0	0	0
19.5617	0	0	0
19.563	0	0	0
19.5643	0	0	0
19.5655	0	0	0
19.5668	0	0	0
19.5681	0	0	0
19.5694	0	0	0
19.5707	0	0	0
19.5719	0	0	0
19.5732	0	0	0
19.5745	0	0	0
19.5758	0	0	0
19.577	0	0	0
19.5783	0	0	0
19.5796	0	0	0
19.5809	0	0	0
19.5822	0	0	0
19.5834	0	0	0
19.5847	0	0	0
19.586	0	0	0
19.5873	0	0	0
19.5885	0	0	0
19.5898	0	0	0
19.5911	0	0	0
19.5924	0	0	0
19.5937	0	0	0
19.5949	0	0	0
19.5962	0	0	0
19.5975	0	0	0
19.5988	0	0	0
19.6	0	0	0
19.6013	0	0	0
19.6026	0	0	0
19.6039	0	0	0
19.6052	0	0	0
19.6064	0	0	0
19.6077	0	0	0
19.609	0	0	0
19.6103	0	0	0
19.6115	0	0	0
19.6128	0	0	0
19.6141	0	0	0
19.6154	0	0	0
19.6167	0	0	0
19.6179	0	0	0
19.6192	0	0	0
19.6205	0	0	0
19.6218	0	0	0
19.623	0	0	0
19.6243	0	0	0
19.6256	0	0	0
19.6269	0	0	0
19.6282	0	0	0
19.6294	0	0	0
19.6307	0	0	0
19.632	0	0	0
19.6333	0	0	0
19.6345	0	0	0
19.6358	0	0	0
19.6371	0	0	0
19.6384	0	0	0
19.6397	0	0	0
19.6409	0	0	0
19.6422	0	0	0
19.6435	0	0	0
19.6448	0	0	0
19.646	0	0	0
19.6473	0	0	0
19.6486	0	0	0
19.6499	0	0	0
19.6512	0	0	0
19.6524	0	0	0
19.6537	0	0	0
19.655	0	0	0
19.6563	0	0	0
19.6575	0	0	0
19.6588	0	0	0
19.6601	0	0	0
19.6614	0	0	0
19.6627	0	0	0
19.6639	0	0	0
19.6652	0	0	0
19.6665	0	0	0
19.6678	0	0	0
19.669	0	0	0
19.6703	0	0	0
19.6716	0	0	0
19.6729	0	0	0
19.6742	0	0	0
19.6754	0	0	0
19.6767	0	0	0
19.678	0	0	0
19.6793	0	0	0
19.6806	0	0	0
19.6818	0	0	0
19.6831	0	0	0
19.6844	0	0	0
19.6857	0	0	0
19.6869	0	0	0
19.6882	0	0	0
19.6895	0	0	0
19.6908	0	0	0
19.6921	0	0	0
19.6933	0	0	0
19.6946	0	0	0
19.6959	0	0	0
19.6972	0	0	0
19.6984	0	0	0
19.6997	0	0	0
19.701	0	0	0
19.7023	0	0	0
19.7036	0	0	0
19.7048	0	0	0
19.7061	0	0	0
19.7074	0	0	0
19.7087	0	0	0
19.7099	0	0	0
19.7112	0	0	0
19.7125	0	0	0
19.7138	0	0	0
19.7151	0	0	0
19.7163	0	0	0
19.7176	0	0	0
19.7189	0	0	0
19.7202	0	0	0
19.7214	0	0	0
19.7227	0	0	0
19.724	0	0	0
19.7253	0	0	0
19.7266	0	0	0
19.7278	0	0	0
19.7291	0	0	0
19.7304	0	0	0
19.7317	0	0	0
19.7329	0	0	0
19.7342	0	0	0
19.7355	0	0	0
19.7368	0	0	0
19.7381	0	0	0
19.7393	0	0	0
19.7406	0	0	0
19.7419	0	0	0
19.7432	0	0	0
19.7444	0	0	0
19.7457	0	0	0
19.747	0	0	0
19.7483	0	0	0
19.7496	0	0	0
19.7508	0	0	0
19.7521	0	0	0
19.7534	0	0	0
19.7547	0	0	0
19.7559	0	0	0
19.7572	0	0	0
19.7585	0	0	0
19.7598	0	0	0
19.7611	0	0	0
19.7623	0	0	0
19.7636	0	0	0
19.7649	0	0	0
19.7662	0	0	0
19.7674	0	0	0
19.7687	0	0	0
19.77	0	0	0
19.7713	0	0	0
19.7726	0	0	0
19.7738	0	0	0
19.7751	0	0	0
19.7764	0	0	0
19.7777	0	0	0
19.7789	0	0	0
19.7802	0	0	0
19.7815	0	0	0
19.7828	0	0	0
19.7841	0	0	0
19.7853	0	0	0
19.7866	0	0	0
19.7879	0	0	0
19.7892	0	0	0
19.7904	0	0	0
19.7917	0	0	0
19.793	0	0	0
19.7943	0	0	0
19.7956	0	0	0
19.7968	0	0	0
19.7981	0	0	0
19.7994	0	0	0
19.8007	0	0	0
19.8019	0	0	0
19.8032	0	0	0
19.8045	0	0	0
19.8058	0	0	0
19.8071	0	0	0
19.8083	0	0	0
19.8096	0	0	0
19.8109	0	0	0
19.8122	0	0	0
19.8134	0	0	0
19.8147	0	0	0
19.816	0	0	0
19.8173	0	0	0
19.8186	0	0	0
19.8198	0	0	0
19.8211	0	0	0
19.8224	0	0	0
19.8237	0	0	0
19.8249	0	0	0
19.8262	0	0	0
19.8275	0	0	0
19.8288	0	0	0
19.8301	0	0	0
19.8313	0	0	0
19.8326	0	0	0
19.8339	0	0	0
19.8352	0	0	0
19.8364	0	0	0
19.8377	0	0	0
19.839	0	0	0
19.8403	0	0	0
19.8416	0	0	0
19.8428	0	0	0
19.8441	0	0	0
19.8454	0	0	0
19.8467	0	0	0
19.8479	0	0	0
19.8492	0	0	0
19.8505	0	0	0
19.8518	0	0	0
19.8531	0	0	0
19.8543	0	0	0
19.8556	0	0	0
19.8569	0	0	0
19.8582	0	0	0
19.8594	0	0	0
19.8607	0	0	0
19.862	0	0	0
19.8633	0	0	0
19.8646	0	0	0
19.8658	0	0	0
19.8671	0	0	0
19.8684	0	0	0
19.8697	0	0	0
19.8709	0	0	0
19.8722	0	0	0
19.8735	0	0	0
19.8748	0	0	0
19.8761	0	0	0
19.8773	0	0	0
19.8786	0	0	0
19.8799	0	0	0
19.8812	0	0	0
19.8824	0	0	0
19.8837	0	0	0
19.885	0	0	0
19.8863	0	0	0
19.8876	0	0	0
19.8888	0	0	0
19.8901	0	0	0
19.8914	0	0	0
19.8927	0	0	0
19.8939	0	0	0
19.8952	0	0	0
19.8965	0	0	0
19.8978	0	0	0
19.8991	0	0	0
19.9003	0	0	0
19.9016	0	0	0
19.9029	0	0	0
19.9042	0	0	0
19.9054	0	0	0
19.9067	0	0	0
19.908	0	0	0
19.9093	0	0	0
19.9106	0	0	0
19.9118	0	0	0
19.9131	0	0	0
19.9144	0	0	0
19.9157	0	0	0
19.9169	0	0	0
19.9182	0	0	0
19.9195	0	0	0
19.9208	0	0	0
19.9221	0	0	0
19.9233	0	0	0
19.9246	0	0	0
19.9259	0	0	0
19.9272	0	0	0
19.9284	0	0	0
19.9297	0	0	0
19.931	0	0	0
19.9323	0	0	0
19.9336	0	0	0
19.9348	0	0	0
19.9361	0	0	0
19.9374	0	0	0
19.9387	0	0	0
19.9399	0	0	0
19.9412	0	0	0
19.9425	0	0	0
19.9438	0	0	0
19.9451	0	0	0
19.9463	0	0	0
19.9476	0	0	0
19.9489	0	0	0
19.9502	0	0	0
19.9514	0	0	0
19.9527	0	0	0
19.954	0	0	0
19.9553	0	0	0
19.9566	0	0	0
19.9578	0	0	0
19.9591	0	0	0
19.9604	0	0	0
19.9617	0	0	0
19.9629	0	0	0
19.9642	0	0	0
19.9655	0	0	0
19.9668	0	0	0
19.9681	0	0	0
19.9693	0	0	0
19.9706	0	0	0
19.9719	0	0	0
19.9732	0	0	0
19.9744	0	0	0
19.9757	0	0	0
19.977	0	0	0
19.9783	0	0	0
19.9796	0	0	0
19.9808	0	0	0
19.9821	0	0	0
19.9834	0	0	0
19.9847	0	0	0
19.9859	0	0	0
19.9872	0	0	0
19.9885	0	0	0
19.9898	0	0	0
19.9911	0	0	0
19.9923	0	0	0
19.9936	0	0	0
19.9949	0	0	0
19.9962	0	0	0
19.9974	0	0	0
19.9987	0	0	0
20	0	0	0
20.0013	0	0	0
20.0025	0	0	0
20.0038	0	0	0
20.0051	0	0	0
20.0064	0	0	0
20.0076	0	0	0
20.0089	0	0	0
20.0102	0	0	0
20.0114	0	0	0
20.0127	0	0	0
20.014	0	0	0
20.0153	0	0	0
20.0165	0	0	0
20.0178	0	0	0
20.0191	0	0	0
20.0203	0	0	0
20.0216	0	0	0
20.0229	0	0	0
20.0242	0	0	0
20.0254	0	0	0
20.0267	0	0	0
20.028	0	0	0
20.0292	0	0	0
20.0305	0	0	0
20.0318	0	0	0
20.0331	0	0	0
20.0343	0	0	0
20.0356	0	0	0
20.0369	0	0	0
20.0381	0	0	0
20.0394	0	0	0
20.0407	0	0	0
20.042	0	0	0
20.0432	0	0	0
20.0445	0	0	0
20.0458	0	0	0
20.047	0	0	0
20.0483	0	0	0
20.0496	0	0	0
20.0509	0	0	0
20.0521	0	0	0
20.0534	0	0	0
20.0547	0	0	0
20.0559	0	0	0
20.0572	0	0	0
20.0585	0	0	0
20.0598	0	0	0
20.061	0	0	0
20.0623	0	0	0
20.0636	0	0	0
20.0648	0	0	0
20.0661	0	0	0
20.0674	0	0	0
20.0687	0	0	0
20.0699	0	0	0
20.0712	0	0	0
20.0725	0	0	0
20.0737	0	0	0
20.075	0	0	0
20.0763	0	0	0
20.0776	0	0	0
20.0788	0	0	0
20.0801	0	0	0
20.0814	0	0	0
20.0826	0	0	0
20.0839	0	0	0
20.0852	0	0	0
20.0864	0	0	0
20.0877	0	0	0
20.089	0	0	0
20.0903	0	0	0
20.0915	0	0	0
20.0928	0	0	0
20.0941	0	0	0
20.0953	0	0	0
20.0966	0	0	0
20.0979	0	0	0
20.0992	0	0	0
20.1004	0	0	0
20.1017	0	0	0
20.103	0	0	0
20.1042	0	0	0
20.1055	0	0	0
20.1068	0	0	0
20.108	0	0	0
20.1093	0	0	0
20.1106	0	0	0
20.1119	0	0	0
20.1131	0	0	0
20.1144	0	0	0
20.1157	0	0	0
20.1169	0	0	0
20.1182	0	0	0
20.1195	0	0	0
20.1208	0	0	0
20.122	0	0	0
20.1233	0	0	0
20.1246	0	0	0
20.1258	0	0	0
20.1271	0	0	0
20.1284	0	0	0
20.1296	0	0	0
20.1309	0	0	0
20.1322	0	0	0
20.1335	0	0	0
20.1347	0	0	0
20.136	0	0	0
20.1373	0	0	0
20.1385	0	0	0
20.1398	0	0	0
20.1411	0	0	0
20.1424	0	0	0
20.1436	0	0	0
20.1449	0	0	0
20.1462	0	0	0
20.1474	0	0	0
20.1487	0	0	0
20.15	0	0	0
20.1512	0	0	0
20.1525	0	0	0
20.1538	0	0	0
20.1551	0	0	0
20.1563	0	0	0
20.1576	0	0	0
20.1589	0	0	0
20.1601	0	0	0
20.1614	0	0	0
20.1627	0	0	0
20.164	0	0	0
20.1652	0	0	0
20.1665	0	0	0
20.1678	0	0	0
20.169	0	0	0
20.1703	0	0	0
20.1716	0	0	0
20.1728	0	0	0
20.1741	0	0	0
20.1754	0	0	0
20.1767	0	0	0
20.1779	0	0	0
20.1792	0	0	0
20.1805	0	0	0
20.1817	0	0	0
20.183	0	0	0
20.1843	0	0	0
20.1856	0	0	0
20.1868	0	0	0
20.1881	0	0	0
20.1894	0	0	0
20.1906	0	0	0
20.1919	0	0	0
20.1932	0	0	0
20.1944	0	0	0
20.1957	0	0	0
20.197	0	0	0
20.1983	0	0	0
20.1995	0	0	0
20.2008	0	0	0
20.2021	0	0	0
20.2033	0	0	0
20.2046	0	0	0
20.2059	0	0	0
20.2072	0	0	0
20.2084	0	0	0
20.2097	0	0	0
20.211	0	0	0
20.2122	0	0	0
20.2135	0	0	0
20.2148	0	0	0
20.216	0	0	0
20.2173	0	0	0
20.2186	0	0	0
20.2199	0	0	0
20.2211	0	0	0
20.2224	0	0	0
20.2237	0	0	0
20.2249	0	0	0
20.2262	0	0	0
20.2275	0	0	0
20.2288	0	0	0
20.23	0	0	0
20.2313	0	0	0
20.2326	0	0	0
20.2338	0	0	0
20.2351	0	0	0
20.2364	0	0	0
20.2376	0	0	0
20.2389	0	0	0
20.2402	0	0	0
20.2415	0	0	0
20.2427	0	0	0
20.244	0	0	0
20.2453	0	0	0
20.2465	0	0	0
20.2478	0	0	0
20.2491	0	0	0
20.2504	0	0	0
20.2516	0	0	0
20.2529	0	0	0
20.2542	0	0	0
20.2554	0	0	0
20.2567	0	0	0
20.258	0	0	0
20.2592	0	0	0
20.2605	0	0	0
20.2618	0	0	0
20.2631	0	0	0
20.2643	0	0	0
20.2656	0	0	0
20.2669	0	0	0
20.2681	0	0	0
20.2694	0	0	0
20.2707	0	0	0
20.272	0	0	0
20.2732	0	0	0
20.2745	0	0	0
20.2758	0	0	0
20.277	0	0	0
20.2783	0	0	0
20.2796	0	0	0
20.2809	0	0	0
20.2821	0	0	0
20.2834	0	0	0
20.2847	0	0	0
20.2859	0	0	0
20.2872	0	0	0
20.2885	0	0	0
20.2898	0	0	0
20.291	0	0	0
20.2923	0	0	0
20.2936	0	0	0
20.2948	0	0	0
20.2961	0	0	0
20.2974	0	0	0
20.2987	0	0	0
20.2999	0	0	0
20.3012	0	0	0
20.3025	0	0	0
20.3037	0	0	0
20.305	0	0	0
20.3063	0	0	0
20.3076	0	0	0
20.3088	0	0	0
20.3101	0	0	0
20.3114	0	0	0
20.3126	0	0	0
20.3139	0	0	0
20.3152	0	0	0
20.3165	0	0	0
20.3177	0	0	0
20.319	0	0	0
20.3203	0	0	0
20.3215	0	0	0
20.3228	0	0	0
20.3241	0	0	0
20.3254	0	0	0
20.3266	0	0	0
20.3279	0	0	0
20.3292	0	0	0
20.3304	0	0	0
20.3317	0	0	0
20.333	0	0	0
20.3343	0	0	0
20.3355	0	0	0
20.3368	0	0	0
20.3381	0	0	0
20.3393	0	0	0
20.3406	0	0	0
20.3419	0	0	0
20.3432	0	0	0
20.3444	0	0	0
20.3457	0	0	0
20.347	0	0	0
20.3482	0	0	0
20.3495	0	0	0
20.3508	0	0	0
20.3521	0	0	0
20.3533	0	0	0
20.3546	0	0	0
20.3559	0	0	0
20.3572	0	0	0
20.3584	0	0	0
20.3597	0	0	0
20.361	0	0	0
20.3622	0	0	0
20.3635	0	0	0
20.3648	0	0	0
20.3661	0	0	0
20.3673	0	0	0
20.3686	0	0	0
20.3699	0	0	0
20.3712	0	0	0
20.3724	0	0	0
20.3737	0	0	0
20.375	0	0	0
20.3762	0	0	0
20.3775	0	0	0
20.3788	0	0	0
20.3801	0	0	0
20.3813	0	0	0
20.3826	0	0	0
20.3839	0	0	0
20.3852	0	0	0
20.3864	0	0	0
20.3877	0	0	0
20.389	0	0	0
20.3902	0	0	0
20.3915	0	0	0
20.3928	0	0	0
20.3941	0	0	0
20.3953	0	0	0
20.3966	0	0	0
20.3979	0	0	0
20.3992	0	0	0
20.4004	0	0	0
20.4017	0	0	0
20.403	0	0	0
20.4042	0	0	0
20.4055	0	0	0
20.4068	0	0	0
20.4081	0	0	0
20.4093	0	0	0
20.4106	0	0	0
20.4119	0	0	0
20.4132	0	0	0
20.4144	0	0	0
20.4157	0	0	0
20.417	0	0	0
20.4183	0	0	0
20.4195	0	0	0
20.4208	0	0	0
20.4221	0	0	0
20.4234	0	0	0
20.4246	0	0	0
20.4259	0	0	0
20.4272	0	0	0
20.4284	0	0	0
20.4297	0	0	0
20.431	0	0	0
20.4323	0	0	0
20.4335	0	0	0
20.4348	0	0	0
20.4361	0	0	0
20.4374	0	0	0
20.4386	0	0	0
20.4399	0	0	0
20.4412	0	0	0
20.4425	0	0	0
20.4437	0	0	0
20.445	0	0	0
20.4463	0	0	0
20.4475	0	0	0
20.4488	0	0	0
20.4501	0	0	0
20.4514	0	0	0
20.4526	0	0	0
20.4539	0	0	0
20.4552	0	0	0
20.4565	0	0	0
20.4577	0	0	0
20.459	0	0	0
20.4603	0	0	0
20.4616	0	0	0
20.4628	0	0	0
20.4641	0	0	0
20.4654	0	0	0
20.4667	0	0	0
20.4679	0	0	0
20.4692	0	0	0
20.4705	0	0	0
20.4718	0	0	0
20.473	0	0	0
20.4743	0	0	0
20.4756	0	0	0
20.4769	0	0	0
20.4781	0	0	0
20.4794	0	0	0
20.4807	0	0	0
20.482	0	0	0
20.4832	0	0	0
20.4845	0	0	0
20.4858	0	0	0
20.4871	0	0	0
20.4883	0	0	0
20.4896	0	0	0
20.4909	0	0	0
20.4922	0	0	0
20.4934	0	0	0
20.4947	0	0	0
20.496	0	0	0
20.4973	0	0	0
20.4985	0	0	0
20.4998	0	0	0
20.5011	0	0	0
20.5024	0	0	0
20.5036	0	0	0
20.5049	0	0	0
20.5062	0	0	0
20.5075	0	0	0
20.5087	0	0	0
20.51	0	0	0
20.5113	0	0	0
20.5126	0	0	0
20.5138	0	0	0
20.5151	0	0	0
20.5164	0	0	0
20.5177	0	0	0
20.5189	0	0	0
20.5202	0	0	0
20.5215	0	0	0
20.5228	0	0	0
20.524	0	0	0
20.5253	0	0	0
20.5266	0	0	0
20.5279	0	0	0
20.5292	0	0	0
20.5304	0	0	0
20.5317	0	0	0
20.533	0	0	0
20.5343	0	0	0
20.5355	0	0	0
20.5368	0	0	0
20.5381	0	0	0
20.5394	0	0	0
20.5406	0	0	0
20.5419	0	0	0
20.5432	0	0	0
20.5445	0	0	0
20.5457	0	0	0
20.547	0	0	0
20.5483	0	0	0
20.5496	0	0	0
20.5508	0	0	0
20.5521	0	0	0
20.5534	0	0	0
20.5547	0	0	0
20.556	0	0	0
20.5572	0	0	0
20.5585	0	0	0
20.5598	0	0	0
20.5611	0	0	0
20.5623	0	0	0
20.5636	0	0	0
20.5649	0	0	0
20.5662	0	0	0
20.5674	0	0	0
20.5687	0	0	0
20.57	0	0	0
20.5713	0	0	0
20.5725	0	0	0
20.5738	0	0	0
20.5751	0	0	0
20.5764	0	0	0
20.5777	0	0	0
20.5789	0	0	0
20.5802	0	0	0
20.5815	0	0	0
20.5828	0	0	0
20.584	0	0	0
20.5853	0	0	0
20.5866	0	0	0
20.5879	0	0	0
20.5892	0	0	0
20.5904	0	0	0
20.5917	0	0	0
20.593	0	0	0
20.5943	0	0	0
20.5955	0	0	0
20.5968	0	0	0
20.5981	0	0	0
20.5994	0	0	0
20.6007	0	0	0
20.6019	0	0	0
20.6032	0	0	0
20.6045	0	0	0
20.6058	0	0	0
20.607	0	0	0
20.6083	0	0	0
20.6096	0	0	0
20.6109	0	0	0
20.6122	0	0	0
20.6134	0	0	0
20.6147	0	0	0
20.616	0	0	0
20.6173	0	0	0
20.6185	0	0	0
20.6198	0	0	0
20.6211	0	0	0
20.6224	0	0	0
20.6237	0	0	0
20.6249	0	0	0
20.6262	0	0	0
20.6275	0	0	0
20.6288	0	0	0
20.63	0	0	0
20.6313	0	0	0
20.6326	0	0	0
20.6339	0	0	0
20.6352	0	0	0
20.6364	0	0	0
20.6377	0	0	0
20.639	0	0	0
20.6403	0	0	0
20.6416	0	0	0
20.6428	0	0	0
20.6441	0	0	0
20.6454	0	0	0
20.6467	0	0	0
20.648	0	0	0
20.6492	0	0	0
20.6505	0	0	0
20.6518	0	0	0
20.6531	0	0	0
20.6544	0	0	0
20.6556	0	0	0
20.6569	0	0	0
20.6582	0	0	0
20.6595	0	0	0
20.6607	0	0	0
20.662	0	0	0
20.6633	0	0	0
20.6646	0	0	0
20.6659	0	0	0
20.6671	0	0	0
20.6684	0	0	0
20.6697	0	0	0
20.671	0	0	0
20.6723	0	0	0
20.6735	0	0	0
20.6748	0	0	0
20.6761	0	0	0
20.6774	0	0	0
20.6787	0	0	0
20.6799	0	0	0
20.6812	0	0	0
20.6825	0	0	0
20.6838	0	0	0
20.6851	0	0	0
20.6863	0	0	0
20.6876	0	0	0
20.6889	0	0	0
20.6902	0	0	0
20.6915	0	0	0
20.6928	0	0	0
20.694	0	0	0
20.6953	0	0	0
20.6966	0	0	0
20.6979	0	0	0
20.6992	0	0	0
20.7004	0	0	0
20.7017	0	0	0
20.703	0	0	0
20.7043	0	0	0
20.7056	0	0	0
20.7068	0	0	0
20.7081	0	0	0
20.7094	0	0	0
20.7107	0	0	0
20.712	0	0	0
20.7132	0	0	0
20.7145	0	0	0
20.7158	0	0	0
20.7171	0	0	0
20.7184	0	0	0
20.7196	0	0	0
20.7209	0	0	0
20.7222	0	0	0
20.7235	0	0	0
20.7248	0	0	0
20.7261	0	0	0
20.7273	0	0	0
20.7286	0	0	0
20.7299	0	0	0
20.7312	0	0	0
20.7325	0	0	0
20.7337	0	0	0
20.735	0	0	0
20.7363	0	0	0
20.7376	0	0	0
20.7389	0	0	0
20.7402	0	0	0
20.7414	0	0	0
20.7427	0	0	0
20.744	0	0	0
20.7453	0	0	0
20.7466	0	0	0
20.7478	0	0	0
20.7491	0	0	0
20.7504	0	0	0
20.7517	0	0	0
20.753	0	0	0
20.7543	0	0	0
20.7555	0	0	0
20.7568	0	0	0
20.7581	0	0	0
20.7594	0	0	0
20.7607	0	0	0
20.7619	0	0	0
20.7632	0	0	0
20.7645	0	0	0
20.7658	0	0	0
20.7671	0	0	0
20.7684	0	0	0
20.7696	0	0	0
20.7709	0	0	0
20.7722	0	0	0
20.7735	0	0	0
20.7748	0	0	0
20.7761	0	0	0
20.7773	0	0	0
20.7786	0	0	0
20.7799	0	0	0
20.7812	0	0	0
20.7825	0	0	0
20.7838	0	0	0
20.785	0	0	0
20.7863	0	0	0
20.7876	0	0	0
20.7889	0	0	0
20.7902	0	0	0
20.7915	0	0	0
20.7927	0	0	0
20.794	0	0	0
20.7953	0	0	0
20.7966	0	0	0
20.7979	0	0	0
20.7992	0	0	0
20.8004	0	0	0
20.8017	0	0	0
20.803	0	0	0
20.8043	0	0	0
20.8056	0	0	0
20.8068	0	0	0
20.8081	0	0	0
20.8094	0	0	0
20.8107	0	0	0
20.812	0	0	0
20.8133	0	0	0
20.8146	0	0	0
20.8158	0	0	0
20.8171	0	0	0
20.8184	0	0	0
20.8197	0	0	0
20.821	0	0	0
20.8223	0	0	0
20.8235	0	0	0
20.8248	0	0	0
20.8261	0	0	0
20.8274	0	0	0
20.8287	0	0	0
20.83	0	0	0
20.8313	0	0	0
20.8325	0	0	0
20.8338	0	0	0
20.8351	0	0	0
20.8364	0	0	0
20.8377	0	0	0
20.839	0	0	0
20.8402	0	0	0
20.8415	0	0	0
20.8428	0	0	0
20.8441	0	0	0
20.8454	0	0	0
20.8467	0	0	0
20.8479	0	0	0
20.8492	0	0	0
20.8505	0	0	0
20.8518	0	0	0
20.8531	0	0	0
20.8544	0	0	0
20.8557	0	0	0
20.8569	0	0	0
20.8582	0	0	0
20.8595	0	0	0
20.8608	0	0	0
20.8621	0	0	0
20.8634	0	0	0
20.8646	0	0	0
20.8659	0	0	0
20.8672	0	0	0
20.8685	0	0	0
20.8698	0	0	0
20.8711	0	0	0
20.8724	0	0	0
20.8736	0	0	0
20.8749	0	0	0
20.8762	0	0	0
20.8775	0	0	0
20.8788	0	0	0
20.8801	0	0	0
20.8814	0	0	0
20.8826	0	0	0
20.8839	0	0	0
20.8852	0	0	0
20.8865	0	0	0
20.8878	0	0	0
20.8891	0	0	0
20.8904	0	0	0
20.8916	0	0	0
20.8929	0	0	0
20.8942	0	0	0
20.8955	0	0	0
20.8968	0	0	0
20.8981	0	0	0
20.8994	0	0	0
20.9006	0	0	0
20.9019	0	0	0
20.9032	0	0	0
20.9045	0	0	0
20.9058	0	0	0
20.9071	0	0	0
20.9084	0	0	0
20.9096	0	0	0
20.9109	0	0	0
20.9122	0	0	0
20.9135	0	0	0
20.9148	0	0	0
20.9161	0	0	0
20.9174	0	0	0
20.9186	0	0	0
20.9199	0	0	0
20.9212	0	0	0
20.9225	0	0	0
20.9238	0	0	0
20.9251	0	0	0
20.9264	0	0	0
20.9276	0	0	0
20.9289	0	0	0
20.9302	0	0	0
20.9315	0	0	0
20.9328	0	0	0
20.9341	0	0	0
20.9354	0	0	0
20.9366	0	0	0
20.9379	0	0	0
20.9392	0	0	0
20.9405	0	0	0
20.9418	0	0	0
20.9431	0	0	0
20.9444	0	0	0
20.9457	0	0	0
20.9469	0	0	0
20.9482	0	0	0
20.9495	0	0	0
20.9508	0	0	0
20.9521	0	0	0
20.9534	0	0	0
20.9547	0	0	0
20.956	0	0	0
20.9572	0	0	0
20.9585	0	0	0
20.9598	0	0	0
20.9611	0	0	0
20.9624	0	0	0
20.9637	0	0	0
20.965	0	0	0
20.9663	0	0	0
20.9675	0	0	0
20.9688	0	0	0
20.9701	0	0	0
20.9714	0	0	0
20.9727	0	0	0
20.974	0	0	0
20.9753	0	0	0
20.9766	0	0	0
20.9778	0	0	0
20.9791	0	0	0
20.9804	0	0	0
20.9817	0	0	0
20.983	0	0	0
20.9843	0	0	0
20.9856	0	0	0
20.9869	0	0	0
20.9881	0	0	0
20.9894	0	0	0
20.9907	0	0	0
20.992	0	0	0
20.9933	0	0	0
20.9946	0	0	0
20.9959	0	0	0
20.9972	0	0	0
20.9984	0	0	0
20.9997	0	0	0
21.001	0	0	0
21.0023	0	0	0
21.0036	0	0	0
21.0049	0	0	0
21.0062	0	0	0
21.0075	0	0	0
21.0087	0	0	0
21.01	0	0	0
21.0113	0	0	0
21.0126	0	0	0
21.0139	0	0	0
21.0152	0	0	0
21.0165	0	0	0
21.0177	0	0	0
21.019	0	0	0
21.0203	0	0	0
21.0216	0	0	0
21.0229	0	0	0
21.0242	0	0	0
21.0255	0	0	0
21.0268	0	0	0
21.0281	0	0	0
21.0294	0	0	0
21.0306	0	0	0
21.0319	0	0	0
21.0332	0	0	0
21.0345	0	0	0
21.0358	0	0	0
21.0371	0	0	0
21.0384	0	0	0
21.0397	0	0	0
21.041	0	0	0
21.0422	0	0	0
21.0435	0	0	0
21.0448	0	0	0
21.0461	0	0	0
21.0474	0	0	0
21.0487	0	0	0
21.05	0	0	0
21.0513	0	0	0
21.0526	0	0	0
21.0538	0	0	0
21.0551	0	0	0
21.0564	0	0	0
21.0577	0	0	0
21.059	0	0	0
21.0603	0	0	0
21.0616	0	0	0
21.0629	0	0	0
21.0642	0	0	0
21.0654	0	0	0
21.0667	0	0	0
21.068	0	0	0
21.0693	0	0	0
21.0706	0	0	0
21.0719	0	0	0
21.0732	0	0	0
21.0745	0	0	0
21.0758	0	0	0
21.077	0	0	0
21.0783	0	0	0
21.0796	0	0	0
21.0809	0	0	0
21.0822	0	0	0
21.0835	0	0	0
21.0848	0	0	0
21.0861	0	0	0
21.0874	0	0	0
21.0886	0	0	0
21.0899	0	0	0
21.0912	0	0	0
21.0925	0	0	0
21.0938	0	0	0
21.0951	0	0	0
21.0964	0	0	0
21.0977	0	0	0
21.099	0	0	0
21.1002	0	0	0
21.1015	0	0	0
21.1028	0	0	0
21.1041	0	0	0
21.1054	0	0	0
21.1067	0	0	0
21.108	0	0	0
21.1093	0	0	0
21.1106	0	0	0
21.1119	0	0	0
21.1131	0	0	0
21.1144	0	0	0
21.1157	0	0	0
21.117	0	0	0
21.1183	0	0	0
21.1196	0	0	0
21.1209	0	0	0
21.1222	0	0	0
21.1235	0	0	0
21.1248	0	0	0
21.1261	0	0	0
21.1273	0	0	0
21.1286	0	0	0
21.1299	0	0	0
21.1312	0	0	0
21.1325	0	0	0
21.1338	0	0	0
21.1351	0	0	0
21.1364	0	0	0
21.1377	0	0	0
21.139	0	0	0
21.1403	0	0	0
21.1415	0	0	0
21.1428	0	0	0
21.1441	0	0	0
21.1454	0	0	0
21.1467	0	0	0
21.148	0	0	0
21.1493	0	0	0
21.1506	0	0	0
21.1519	0	0	0
21.1532	0	0	0
21.1545	0	0	0
21.1557	0	0	0
21.157	0	0	0
21.1583	0	0	0
21.1596	0	0	0
21.1609	0	0	0
21.1622	0	0	0
21.1635	0	0	0
21.1648	0	0	0
21.1661	0	0	0
21.1674	0	0	0
21.1687	0	0	0
21.1699	0	0	0
21.1712	0	0	0
21.1725	0	0	0
21.1738	0	0	0
21.1751	0	0	0
21.1764	0	0	0
21.1777	0	0	0
21.179	0	0	0
21.1803	0	0	0
21.1816	0	0	0
21.1829	0	0	0
21.1841	0	0	0
21.1854	0	0	0
21.1867	0	0	0
21.188	0	0	0
21.1893	0	0	0
21.1906	0	0	0
21.1919	0	0	0
21.1932	0	0	0
21.1945	0	0	0
21.1958	0	0	0
21.1971	0	0	0
21.1983	0	0	0
21.1996	0	0	0
21.2009	0	0	0
21.2022	0	0	0
21.2035	0	0	0
21.2048	0	0	0
21.2061	0	0	0
21.2074	0	0	0
21.2087	0	0	0
21.21	0	0	0
21.2113	0	0	0
21.2125	0	0	0
21.2138	0	0	0
21.2151	0	0	0
21.2164	0	0	0
21.2177	0	0	0
21.219	0	0	0
21.2203	0	0	0
21.2216	0	0	0
21.2229	0	0	0
21.2242	0	0	0
21.2255	0	0	0
21.2267	0	0	0
21.228	0	0	0
21.2293	0	0	0
21.2306	0	0	0
21.2319	0	0	0
21.2332	0	0	0
21.2345	0	0	0
21.2358	0	0	0
21.2371	0	0	0
21.2384	0	0	0
21.2397	0	0	0
21.2409	0	0	0
21.2422	0	0	0
21.2435	0	0	0
21.2448	0	0	0
21.2461	0	0	0
21.2474	0	0	0
21.2487	0	0	0
21.25	0	0	0
21.2513	0	0	0
21.2526	0	0	0
21.2539	0	0	0
21.2551	0	0	0
21.2564	0	0	0
21.2577	0	0	0
21.259	0	0	0
21.2603	0	0	0
21.2616	0	0	0
21.2629	0	0	0
21.2642	0	0	0
21.2655	0	0	0
21.2668	0	0	0
21.2681	0	0	0
21.2693	0	0	0
21.2706	0	0	0
21.2719	0	0	0
21.2732	0	0	0
21.2745	0	0	0
21.2758	0	0	0
21.2771	0	0	0
21.2784	0	0	0
21.2797	0	0	0
21.281	0	0	0
21.2823	0	0	0
21.2835	0	0	0
21.2848	0	0	0
21.2861	0	0	0
21.2874	0	0	0
21.2887	0	0	0
21.29	0	0	0
21.2913	0	0	0
21.2926	0	0	0
21.2939	0	0	0
21.2952	0	0	0
21.2965	0	0	0
21.2977	0	0	0
21.299	0	0	0
21.3003	0	0	0
21.3016	0	0	0
21.3029	0	0	0
21.3042	0	0	0
21.3055	0	0	0
21.3068	0	0	0
21.3081	0	0	0
21.3094	0	0	0
21.3107	0	0	0
21.3119	0	0	0
21.3132	0	0	0
21.3145	0	0	0
21.3158	0	0	0
21.3171	0	0	0
21.3184	0	0	0
21.3197	0	0	0
21.321	0	0	0
21.3223	0	0	0
21.3236	0	0	0
21.3249	0	0	0
21.3262	0	0	0
21.3275	0	0	0
21.3288	0	0	0
21.3301	0	0	0
21.3313	0	0	0
21.3326	0	0	0
21.3339	0	0	0
21.3352	0	0	0
21.3365	0	0	0
21.3378	0	0	0
21.3391	0	0	0
21.3404	0	0	0
21.3417	0	0	0
21.343	0	0	0
21.3443	0	0	0
21.3456	0	0	0
21.3469	0	0	0
21.3482	0	0	0
21.3495	0	0	0
21.3507	0	0	0
21.352	0	0	0
21.3533	0	0	0
21.3546	0	0	0
21.3559	0	0	0
21.3572	0	0	0
21.3585	0	0	0
21.3598	0	0	0
21.3611	0	0	0
21.3624	0	0	0
21.3637	0	0	0
21.365	0	0	0
21.3663	0	0	0
21.3676	0	0	0
21.3689	0	0	0
21.3701	0	0	0
21.3714	0	0	0
21.3727	0	0	0
21.374	0	0	0
21.3753	0	0	0
21.3766	0	0	0
21.3779	0	0	0
21.3792	0	0	0
21.3805	0	0	0
21.3818	0	0	0
21.3831	0	0	0
21.3844	0	0	0
21.3857	0	0	0
21.387	0	0	0
21.3883	0	0	0
21.3895	0	0	0
21.3908	0	0	0
21.3921	0	0	0
21.3934	0	0	0
21.3947	0	0	0
21.396	0	0	0
21.3973	0	0	0
21.3986	0	0	0
21.3999	0	0	0
21.4012	0	0	0
21.4025	0	0	0
21.4038	0	0	0
21.4051	0	0	0
21.4064	0	0	0
21.4077	0	0	0
21.4089	0	0	0
21.4102	0	0	0
21.4115	0	0	0
21.4128	0	0	0
21.4141	0	0	0
21.4154	0	0	0
21.4167	0	0	0
21.418	0	0	0
21.4193	0	0	0
21.4206	0	0	0
21.4219	0	0	0
21.4232	0	0	0
21.4245	0	0	0
21.4258	0	0	0
21.4271	0	0	0
21.4283	0	0	0
21.4296	0	0	0
21.4309	0	0	0
21.4322	0	0	0
21.4335	0	0	0
21.4348	0	0	0
21.4361	0	0	0
21.4374	0	0	0
21.4387	0	0	0
21.44	0	0	0
21.4413	0	0	0
21.4426	0	0	0
21.4439	0	0	0
21.4452	0	0	0
21.4465	0	0	0
21.4477	0	0	0
21.449	0	0	0
21.4503	0	0	0
21.4516	0	0	0
21.4529	0	0	0
21.4542	0	0	0
21.4555	0	0	0
21.4568	0	0	0
21.4581	0	0	0
21.4594	0	0	0
21.4607	0	0	0
21.462	0	0	0
21.4633	0	0	0
21.4646	0	0	0
21.4659	0	0	0
21.4671	0	0	0
21.4684	0	0	0
21.4697	0	0	0
21.471	0	0	0
21.4723	0	0	0
21.4736	0	0	0
21.4749	0	0	0
21.4762	0	0	0
21.4775	0	0	0
21.4788	0	0	0
21.4801	0	0	0
21.4814	0	0	0
21.4827	0	0	0
21.484	0	0	0
21.4853	0	0	0
21.4865	0	0	0
21.4878	0	0	0
21.4891	0	0	0
21.4904	0	0	0
21.4917	0	0	0
21.493	0	0	0
21.4943	0	0	0
21.4956	0	0	0
21.4969	0	0	0
21.4982	0	0	0
21.4995	0	0	0
21.5008	0	0	0
21.5021	0	0	0
21.5034	0	0	0
21.5047	0	0	0
21.5059	0	0	0
21.5072	0	0	0
21.5085	0	0	0
21.5098	0	0	0
21.5111	0	0	0
21.5124	0	0	0
21.5137	0	0	0
21.515	0	0	0
21.5163	0	0	0
21.5176	0	0	0
21.5189	0	0	0
21.5202	0	0	0
21.5215	0	0	0
21.5228	0	0	0
21.5241	0	0	0
21.5253	0	0	0
21.5266	0	0	0
21.5279	0	0	0
21.5292	0	0	0
21.5305	0	0	0
21.5318	0	0	0
21.5331	0	0	0
21.5344	0	0	0
21.5357	0	0	0
21.537	0	0	0
21.5383	0	0	0
21.5396	0	0	0
21.5409	0	0	0
21.5422	0	0	0
21.5435	0	0	0
21.5447	0	0	0
21.546	0	0	0
21.5473	0	0	0
21.5486	0	0	0
21.5499	0	0	0
21.5512	0	0	0
21.5525	0	0	0
21.5538	0	0	0
21.5551	0	0	0
21.5564	0	0	0
21.5577	0	0	0
21.559	0	0	0
21.5603	0	0	0
21.5616	0	0	0
21.5629	0	0	0
21.5641	0	0	0
21.5654	0	0	0
21.5667	0	0	0
21.568	0	0	0
21.5693	0	0	0
21.5706	0	0	0
21.5719	0	0	0
21.5732	0	0	0
21.5745	0	0	0
21.5758	0	0	0
21.5771	0	0	0
21.5784	0	0	0
21.5797	0	0	0
21.581	0	0	0
21.5823	0	0	0
21.5835	0	0	0
21.5848	0	0	0
21.5861	0	0	0
21.5874	0	0	0
21.5887	0	0	0
21.59	0	0	0
21.5913	0	0	0
21.5926	0	0	0
21.5939	0	0	0
21.5952	0	0	0
21.5965	0	0	0
21.5978	0	0	0
21.5991	0	0	0
21.6004	0	0	0
21.6017	0	0	0
21.6029	0	0	0
21.6042	0	0	0
21.6055	0	0	0
21.6068	0	0	0
21.6081	0	0	0
21.6094	0	0	0
21.6107	0	0	0
21.612	0	0	0
21.6133	0	0	0
21.6146	0	0	0
21.6159	0	0	0
21.6172	0	0	0
21.6185	0	0	0
21.6198	0	0	0
21.6211	0	0	0
21.6223	0	0	0
21.6236	0	0	0
21.6249	0	0	0
21.6262	0	0	0
21.6275	0	0	0
21.6288	0	0	0
21.6301	0	0	0
21.6314	0	0	0
21.6327	0	0	0
21.634	0	0	0
21.6353	0	0	0
21.6366	0	0	0
21.6379	0	0	0
21.6392	0	0	0
21.6405	0	0	0
21.6417	0	0	0
21.643	0	0	0
21.6443	0	0	0
21.6456	0	0	0
21.6469	0	0	0
21.6482	0	0	0
21.6495	0	0	0
21.6508	0	0	0
21.6521	0	0	0
21.6534	0	0	0
21.6547	0	0	0
21.656	0	0	0
21.6573	0	0	0
21.6586	0	0	0
21.6599	0	0	0
21.6611	0	0	0
21.6624	0	0	0
21.6637	0	0	0
21.665	0	0	0
21.6663	0	0	0
21.6676	0	0	0
21.6689	0	0	0
21.6702	0	0	0
21.6715	0	0	0
21.6728	0	0	0
21.6741	0	0	0
21.6754	0	0	0
21.6767	0	0	0
21.678	0	0	0
21.6793	0	0	0
21.6806	0	0	0
21.6819	0	0	0
21.6832	0	0	0
21.6845	0	0	0
21.6858	0	0	0
21.6871	0	0	0
21.6884	0	0	0
21.6897	0	0	0
21.691	0	0	0
21.6923	0	0	0
21.6936	0	0	0
21.6949	0	0	0
21.6962	0	0	0
21.6975	0	0	0
21.6988	0	0	0
21.7	0	0	0
21.7013	0	0	0
21.7026	0	0	0
21.7039	0	0	0
21.7052	0	0	0
21.7065	0	0	0
21.7078	0	0	0
21.7091	0	0	0
21.7104	0	0	0
21.7117	0	0	0
21.713	0	0	0
21.7143	0	0	0
21.7156	0	0	0
21.7169	0	0	0
21.7182	0	0	0
21.7195	0	0	0
21.7208	0	0	0
21.7221	0	0	0
21.7234	0	0	0
21.7247	0	0	0
21.726	0	0	0
21.7273	0	0	0
21.7286	0	0	0
21.7299	0	0	0
21.7312	0	0	0
21.7325	0	0	0
21.7338	0	0	0
21.7351	0	0	0
21.7364	0	0	0
21.7377	0	0	0
21.739	0	0	0
21.7403	0	0	0
21.7416	0	0	0
21.7429	0	0	0
21.7442	0	0	0
21.7455	0	0	0
21.7468	0	0	0
21.7481	0	0	0
21.7494	0	0	0
21.7507	0	0	0
21.752	0	0	0
21.7533	0	0	0
21.7546	0	0	0
21.7559	0	0	0
21.7572	0	0	0
21.7585	0	0	0
21.7598	0	0	0
21.7611	0	0	0
21.7624	0	0	0
21.7637	0	0	0
21.765	0	0	0
21.7663	0	0	0
21.7676	0	0	0
21.7689	0	0	0
21.7702	0	0	0
21.7715	0	0	0
21.7728	0	0	0
21.7741	0	0	0
21.7754	0	0	0
21.7767	0	0	0
21.778	0	0	0
21.7793	0	0	0
21.7806	0	0	0
21.7819	0	0	0
21.7832	0	0	0
21.7845	0	0	0
21.7857	0	0	0
21.787	0	0	0
21.7883	0	0	0
21.7896	0	0	0
21.7909	0	0	0
21.7922	0	0	0
21.7935	0	0	0
21.7948	0	0	0
21.7961	0	0	0
21.7974	0	0	0
21.7987	0	0	0
21.8	0	0	0
21.8013	0	0	0
21.8026	0	0	0
21.8039	0	0	0
21.8052	0	0	0
21.8065	0	0	0
21.8078	0	0	0
21.8091	0	0	0
21.8104	0	0	0
21.8117	0	0	0
21.813	0	0	0
21.8143	0	0	0
21.8156	0	0	0
21.8169	0	0	0
21.8182	0	0	0
21.8195	0	0	0
21.8208	0	0	0
21.8221	0	0	0
21.8234	0	0	0
21.8247	0	0	0
21.826	0	0	0
21.8273	0	0	0
21.8286	0	0	0
21.8299	0	0	0
21.8312	0	0	0
21.8325	0	0	0
21.8338	0	0	0
21.8351	0	0	0
21.8364	0	0	0
21.8377	0	0	0
21.839	0	0	0
21.8403	0	0	0
21.8416	0	0	0
21.8429	0	0	0
21.8442	0	0	0
21.8455	0	0	0
21.8468	0	0	0
21.8481	0	0	0
21.8494	0	0	0
21.8507	0	0	0
21.852	0	0	0
21.8533	0	0	0
21.8546	0	0	0
21.8559	0	0	0
21.8572	0	0	0
21.8585	0	0	0
21.8598	0	0	0
21.8611	0	0	0
21.8624	0	0	0
21.8637	0	0	0
21.865	0	0	0
21.8663	0	0	0
21.8676	0	0	0
21.8689	0	0	0
21.8702	0	0	0
21.8714	0	0	0
21.8727	0	0	0
21.874	0	0	0
21.8753	0	0	0
21.8766	0	0	0
21.8779	0	0	0
21.8792	0	0	0
21.8805	0	0	0
21.8818	0	0	0
21.8831	0	0	0
21.8844	0	0	0
21.8857	0	0	0
21.887	0	0	0
21.8883	0	0	0
21.8896	0	0	0
21.8909	0	0	0
21.8922	0	0	0
21.8935	0	0	0
21.8948	0	0	0
21.8961	0	0	0
21.8974	0	0	0
21.8987	0	0	0
21.9	0	0	0
21.9013	0	0	0
21.9026	0	0	0
21.9039	0	0	0
21.9052	0	0	0
21.9065	0	0	0
21.9078	0	0	0
21.9091	0	0	0
21.9104	0	0	0
21.9117	0	0	0
21.913	0	0	0
21.9143	0	0	0
21.9156	0	0	0
21.9169	0	0	0
21.9182	0	0	0
21.9195	0	0	0
21.9208	0	0	0
21.9221	0	0	0
21.9234	0	0	0
21.9247	0	0	0
21.926	0	0	0
21.9273	0	0	0
21.9286	0	0	0
21.9299	0	0	0
21.9312	0	0	0
21.9325	0	0	0
21.9338	0	0	0
21.9351	0	0	0
21.9364	0	0	0
21.9377	0	0	0
21.939	0	0	0
21.9403	0	0	0
21.9416	0	0	0
21.9429	0	0	0
21.9442	0	0	0
21.9455	0	0	0
21.9468	0	0	0
21.9481	0	0	0
21.9494	0	0	0
21.9507	0	0	0
21.952	0	0	0
21.9533	0	0	0
21.9546	0	0	0
21.9559	0	0	0
21.9571	0	0	0
21.9584	0	0	0
21.9597	0	0	0
21.961	0	0	0
21.9623	0	0	0
21.9636	0	0	0
21.9649	0	0	0
21.9662	0	0	0
21.9675	0	0	0
21.9688	0	0	0
21.9701	0	0	0
21.9714	0	0	0
21.9727	0	0	0
21.974	0	0	0
21.9753	0	0	0
21.9766	0	0	0
21.9779	0	0	0
21.9792	0	0	0
21.9805	0	0	0
21.9818	0	0	0
21.9831	0	0	0
21.9844	0	0	0
21.9857	0	0	0
21.987	0	0	0
21.9883	0	0	0
21.9896	0	0	0
21.9909	0	0	0
21.9922	0	0	0
21.9935	0	0	0
21.9948	0	0	0
21.9961	0	0	0
21.9974	0	0	0
21.9987	0	0	0
22	0	0	0
22.0013	0	0	0
22.0026	0	0	0
22.0039	0	0	0
22.0052	0	0	0
22.0065	0	0	0
22.0078	0	0	0
22.0091	0	0	0
22.0104	0	0	0
22.0117	0	0	0
22.013	0	0	0
22.0143	0	0	0
22.0156	0	0	0
22.0169	0	0	0
22.0182	0	0	0
22.0195	0	0	0
22.0208	0	0	0
22.0221	0	0	0
22.0234	0	0	0
22.0247	0	0	0
22.026	0	0	0
22.0273	0	0	0
22.0286	0	0	0
22.0299	0	0	0
22.0312	0	0	0
22.0325	0	0	0
22.0338	0	0	0
22.0351	0	0	0
22.0364	0	0	0
22.0377	0	0	0
22.039	0	0	0
22.0403	0	0	0
22.0416	0	0	0
22.0429	0	0	0
22.0442	0	0	0
22.0455	0	0	0
22.0468	0	0	0
22.0481	0	0	0
22.0494	0	0	0
22.0508	0	0	0
22.0521	0	0	0
22.0534	0	0	0
22.0547	0	0	0
22.056	0	0	0
22.0573	0	0	0
22.0586	0	0	0
22.0599	0	0	0
22.0612	0	0	0
22.0625	0	0	0
22.0638	0	0	0
22.0651	0	0	0
22.0664	0	0	0
22.0677	0	0	0
22.069	0	0	0
22.0703	0	0	0
22.0716	0	0	0
22.0729	0	0	0
22.0742	0	0	0
22.0755	0	0	0
22.0768	0	0	0
22.0781	0	0	0
22.0794	0	0	0
22.0807	0	0	0
22.082	0	0	0
22.0833	0	0	0
22.0846	0	0	0
22.0859	0	0	0
22.0872	0	0	0
22.0885	0	0	0
22.0898	0	0	0
22.0911	0	0	0
22.0924	0	0	0
22.0937	0	0	0
22.095	0	0	0
22.0963	0	0	0
22.0976	0	0	0
22.0989	0	0	0
22.1002	0	0	0
22.1015	0	0	0
22.1028	0	0	0
22.1041	0	0	0
22.1054	0	0	0
22.1067	0	0	0
22.108	0	0	0
22.1093	0	0	0
22.1106	0	0	0
22.1119	0	0	0
22.1133	0	0	0
22.1146	0	0	0
22.1159	0	0	0
22.1172	0	0	0
22.1185	0	0	0
22.1198	0	0	0
22.1211	0	0	0
22.1224	0	0	0
22.1237	0	0	0
22.125	0	0	0
22.1263	0	0	0
22.1276	0	0	0
22.1289	0	0	0
22.1302	0	0	0
22.1315	0	0	0
22.1328	0	0	0
22.1341	0	0	0
22.1354	0	0	0
22.1367	0	0	0
22.138	0	0	0
22.1393	0	0	0
22.1406	0	0	0
22.1419	0	0	0
22.1432	0	0	0
22.1445	0	0	0
22.1458	0	0	0
22.1471	0	0	0
22.1484	0	0	0
22.1497	0	0	0
22.151	0	0	0
22.1523	0	0	0
22.1536	0	0	0
22.1549	0	0	0
22.1563	0	0	0
22.1576	0	0	0
22.1589	0	0	0
22.1602	0	0	0
22.1615	0	0	0
22.1628	0	0	0
22.1641	0	0	0
22.1654	0	0	0
22.1667	0	0	0
22.168	0	0	0
22.1693	0	0	0
22.1706	0	0	0
22.1719	0	0	0
22.1732	0	0	0
22.1745	0	0	0
22.1758	0	0	0
22.1771	0	0	0
22.1784	0	0	0
22.1797	0	0	0
22.181	0	0	0
22.1823	0	0	0
22.1836	0	0	0
22.1849	0	0	0
22.1862	0	0	0
22.1875	0	0	0
22.1888	0	0	0
22.1901	0	0	0
22.1914	0	0	0
22.1927	0	0	0
22.194	0	0	0
22.1953	0	0	0
22.1967	0	0	0
22.198	0	0	0
22.1993	0	0	0
22.2006	0	0	0
22.2019	0	0	0
22.2032	0	0	0
22.2045	0	0	0
22.2058	0	0	0
22.2071	0	0	0
22.2084	0	0	0
22.2097	0	0	0
22.211	0	0	0
22.2123	0	0	0
22.2136	0	0	0
22.2149	0	0	0
22.2162	0	0	0
22.2175	0	0	0
22.2188	0	0	0
22.2201	0	0	0
22.2214	0	0	0
22.2227	0	0	0
22.224	0	0	0
22.2253	0	0	0
22.2266	0	0	0
22.2279	0	0	0
22.2292	0	0	0
22.2306	0	0	0
22.2319	0	0	0
22.2332	0	0	0
22.2345	0	0	0
22.2358	0	0	0
22.2371	0	0	0
22.2384	0	0	0
22.2397	0	0	0
22.241	0	0	0
22.2423	0	0	0
22.2436	0	0	0
22.2449	0	0	0
22.2462	0	0	0
22.2475	0	0	0
22.2488	0	0	0
22.2501	0	0	0
22.2514	0	0	0
22.2527	0	0	0
22.254	0	0	0
22.2553	0	0	0
22.2566	0	0	0
22.2579	0	0	0
22.2592	0	0	0
22.2605	0	0	0
22.2618	0	0	0
22.2632	0	0	0
22.2645	0	0	0
22.2658	0	0	0
22.2671	0	0	0
22.2684	0	0	0
22.2697	0	0	0
22.271	0	0	0
22.2723	0	0	0
22.2736	0	0	0
22.2749	0	0	0
22.2762	0	0	0
22.2775	0	0	0
22.2788	0	0	0
22.2801	0	0	0
22.2814	0	0	0
22.2827	0	0	0
22.284	0	0	0
22.2853	0	0	0
22.2866	0	0	0
22.2879	0	0	0
22.2893	0	0	0
22.2906	0	0	0
22.2919	0	0	0
22.2932	0	0	0
22.2945	0	0	0
22.2958	0	0	0
22.2971	0	0	0
22.2984	0	0	0
22.2997	0	0	0
22.301	0	0	0
22.3023	0	0	0
22.3036	0	0	0
22.3049	0	0	0
22.3062	0	0	0
22.3075	0	0	0
22.3088	0	0	0
22.3101	0	0	0
22.3114	0	0	0
22.3127	0	0	0
22.314	0	0	0
22.3154	0	0	0
22.3167	0	0	0
22.318	0	0	0
22.3193	0	0	0
22.3206	0	0	0
22.3219	0	0	0
22.3232	0	0	0
22.3245	0	0	0
22.3258	0	0	0
22.3271	0	0	0
22.3284	0	0	0
22.3297	0	0	0
22.331	0	0	0
22.3323	0	0	0
22.3336	0	0	0
22.3349	0	0	0
22.3362	0	0	0
22.3375	0	0	0
22.3388	0	0	0
22.3402	0	0	0
22.3415	0	0	0
22.3428	0	0	0
22.3441	0	0	0
22.3454	0	0	0
22.3467	0	0	0
22.348	0	0	0
22.3493	0	0	0
22.3506	0	0	0
22.3519	0	0	0
22.3532	0	0	0
22.3545	0	0	0
22.3558	0	0	0
22.3571	0	0	0
22.3584	0	0	0
22.3597	0	0	0
22.361	0	0	0
22.3624	0	0	0
22.3637	0	0	0
22.365	0	0	0
22.3663	0	0	0
22.3676	0	0	0
22.3689	0	0	0
22.3702	0	0	0
22.3715	0	0	0
22.3728	0	0	0
22.3741	0	0	0
22.3754	0	0	0
22.3767	0	0	0
22.378	0	0	0
22.3793	0	0	0
22.3806	0	0	0
22.3819	0	0	0
22.3832	0	0	0
22.3846	0	0	0
22.3859	0	0	0
22.3872	0	0	0
22.3885	0	0	0
22.3898	0	0	0
22.3911	0	0	0
22.3924	0	0	0
22.3937	0	0	0
22.395	0	0	0
22.3963	0	0	0
22.3976	0	0	0
22.3989	0	0	0
22.4002	0	0	0
22.4015	0	0	0
22.4028	0	0	0
22.4041	0	0	0
22.4054	0	0	0
22.4068	0	0	0
22.4081	0	0	0
22.4094	0	0	0
22.4107	0	0	0
22.412	0	0	0
22.4133	0	0	0
22.4146	0	0	0
22.4159	0	0	0
22.4172	0	0	0
22.4185	0	0	0
22.4198	0	0	0
22.4211	0	0	0
22.4224	0	0	0
22.4237	0	0	0
22.425	0	0	0
22.4264	0	0	0
22.4277	0	0	0
22.429	0	0	0
22.4303	0	0	0
22.4316	0	0	0
22.4329	0	0	0
22.4342	0	0	0
22.4355	0	0	0
22.4368	0	0	0
22.4381	0	0	0
22.4394	0	0	0
22.4407	0	0	0
22.442	0	0	0
22.4433	0	0	0
22.4447	0	0	0
22.446	0	0	0
22.4473	0	0	0
22.4486	0	0	0
22.4499	0	0	0
22.4512	0	0	0
22.4525	0	0	0
22.4538	0	0	0
22.4551	0	0	0
22.4564	0	0	0
22.4577	0	0	0
22.459	0	0	0
22.4603	0	0	0
22.4616	0	0	0
22.4629	0	0	0
22.4643	0	0	0
22.4656	0	0	0
22.4669	0	0	0
22.4682	0	0	0
22.4695	0	0	0
22.4708	0	0	0
22.4721	0	0	0
22.4734	0	0	0
22.4747	0	0	0
22.476	0	0	0
22.4773	0	0	0
22.4786	0	0	0
22.4799	0	0	0
22.4812	0	0	0
22.4826	0	0	0
22.4839	0	0	0
22.4852	0	0	0
22.4865	0	0	0
22.4878	0	0	0
22.4891	0	0	0
22.4904	0	0	0
22.4917	0	0	0
22.493	0	0	0
22.4943	0	0	0
22.4956	0	0	0
22.4969	0	0	0
22.4982	0	0	0
22.4995	0	0	0
22.5009	0	0	0
22.5022	0	0	0
22.5035	0	0	0
22.5048	0	0	0
22.5061	0	0	0
22.5074	0	0	0
22.5087	0	0	0
22.51	0	0	0
22.5113	0	0	0
22.5126	0	0	0
22.5139	0	0	0
22.5152	0	0	0
22.5165	0	0	0
22.5178	0	0	0
22.5192	0	0	0
22.5205	0	0	0
22.5218	0	0	0
22.5231	0	0	0
22.5244	0	0	0
22.5257	0	0	0
22.527	0	0	0
22.5283	0	0	0
22.5296	0	0	0
22.5309	0	0	0
22.5322	0	0	0
22.5335	0	0	0
22.5348	0	0	0
22.5361	0	0	0
22.5374	0	0	0
22.5388	0	0	0
22.5401	0	0	0
22.5414	0	0	0
22.5427	0	0	0
22.544	0	0	0
22.5453	0	0	0
22.5466	0	0	0
22.5479	0	0	0
22.5492	0	0	0
22.5505	0	0	0
22.5518	0	0	0
22.5531	0	0	0
22.5544	0	0	0
22.5557	0	0	0
22.5571	0	0	0
22.5584	0	0	0
22.5597	0	0	0
22.561	0	0	0
22.5623	0	0	0
22.5636	0	0	0
22.5649	0	0	0
22.5662	0	0	0
22.5675	0	0	0
22.5688	0	0	0
22.5701	0	0	0
22.5714	0	0	0
22.5727	0	0	0
22.5741	0	0	0
22.5754	0	0	0
22.5767	0	0	0
22.578	0	0	0
22.5793	0	0	0
22.5806	0	0	0
22.5819	0	0	0
22.5832	0	0	0
22.5845	0	0	0
22.5858	0	0	0
22.5871	0	0	0
22.5884	0	0	0
22.5898	0	0	0
22.5911	0	0	0
22.5924	0	0	0
22.5937	0	0	0
22.595	0	0	0
22.5963	0	0	0
22.5976	0	0	0
22.5989	0	0	0
22.6002	0	0	0
22.6015	0	0	0
22.6028	0	0	0
22.6041	0	0	0
22.6055	0	0	0
22.6068	0	0	0
22.6081	0	0	0
22.6094	0	0	0
22.6107	0	0	0
22.612	0	0	0
22.6133	0	0	0
22.6146	0	0	0
22.6159	0	0	0
22.6172	0	0	0
22.6185	0	0	0
22.6198	0	0	0
22.6211	0	0	0
22.6225	0	0	0
22.6238	0	0	0
22.6251	0	0	0
22.6264	0	0	0
22.6277	0	0	0
22.629	0	0	0
22.6303	0	0	0
22.6316	0	0	0
22.6329	0	0	0
22.6342	0	0	0
22.6355	0	0	0
22.6368	0	0	0
22.6382	0	0	0
22.6395	0	0	0
22.6408	0	0	0
22.6421	0	0	0
22.6434	0	0	0
22.6447	0	0	0
22.646	0	0	0
22.6473	0	0	0
22.6486	0	0	0
22.6499	0	0	0
22.6512	0	0	0
22.6525	0	0	0
22.6539	0	0	0
22.6552	0	0	0
22.6565	0	0	0
22.6578	0	0	0
22.6591	0	0	0
22.6604	0	0	0
22.6617	0	0	0
22.663	0	0	0
22.6643	0	0	0
22.6656	0	0	0
22.6669	0	0	0
22.6682	0	0	0
22.6696	0	0	0
22.6709	0	0	0
22.6722	0	0	0
22.6735	0	0	0
22.6748	0	0	0
22.6761	0	0	0
22.6774	0	0	0
22.6787	0	0	0
22.68	0	0	0
22.6813	0	0	0
22.6826	0	0	0
22.6839	0	0	0
22.6853	0	0	0
22.6866	0	0	0
22.6879	0	0	0
22.6892	0	0	0
22.6905	0	0	0
22.6918	0	0	0
22.6931	0	0	0
22.6944	0	0	0
22.6957	0	0	0
22.697	0	0	0
22.6983	0	0	0
22.6996	0	0	0
22.701	0	0	0
22.7023	0	0	0
22.7036	0	0	0
22.7049	0	0	0
22.7062	0	0	0
22.7075	0	0	0
22.7088	0	0	0
22.7101	0	0	0
22.7114	0	0	0
22.7127	0	0	0
22.714	0	0	0
22.7153	0	0	0
22.7166	0	0	0
22.718	0	0	0
22.7193	0	0	0
22.7206	0	0	0
22.7219	0	0	0
22.7232	0	0	0
22.7245	0	0	0
22.7258	0	0	0
22.7271	0	0	0
22.7284	0	0	0
22.7297	0	0	0
22.731	0	0	0
22.7323	0	0	0
22.7337	0	0	0
22.735	0	0	0
22.7363	0	0	0
22.7376	0	0	0
22.7389	0	0	0
22.7402	0	0	0
22.7415	0	0	0
22.7428	0	0	0
22.7441	0	0	0
22.7454	0	0	0
22.7467	0	0	0
22.748	0	0	0
22.7494	0	0	0
22.7507	0	0	0
22.752	0	0	0
22.7533	0	0	0
22.7546	0	0	0
22.7559	0	0	0
22.7572	0	0	0
22.7585	0	0	0
22.7598	0	0	0
22.7611	0	0	0
22.7624	0	0	0
22.7637	0	0	0
22.7651	0	0	0
22.7664	0	0	0
22.7677	0	0	0
22.769	0	0	0
22.7703	0	0	0
22.7716	0	0	0
22.7729	0	0	0
22.7742	0	0	0
22.7755	0	0	0
22.7768	0	0	0
22.7781	0	0	0
22.7794	0	0	0
22.7808	0	0	0
22.7821	0	0	0
22.7834	0	0	0
22.7847	0	0	0
22.786	0	0	0
22.7873	0	0	0
22.7886	0	0	0
22.7899	0	0	0
22.7912	0	0	0
22.7925	0	0	0
22.7938	0	0	0
22.7951	0	0	0
22.7964	0	0	0
22.7978	0	0	0
22.7991	0	0	0
22.8004	0	0	0
22.8017	0	0	0
22.803	0	0	0
22.8043	0	0	0
22.8056	0	0	0
22.8069	0	0	0
22.8082	0	0	0
22.8095	0	0	0
22.8108	0	0	0
22.8121	0	0	0
22.8135	0	0	0
22.8148	0	0	0
22.8161	0	0	0
22.8174	0	0	0
22.8187	0	0	0
22.82	0	0	0
22.8213	0	0	0
22.8226	0	0	0
22.8239	0	0	0
22.8252	0	0	0
22.8265	0	0	0
22.8278	0	0	0
22.8292	0	0	0
22.8305	0	0	0
22.8318	0	0	0
22.8331	0	0	0
22.8344	0	0	0
22.8357	0	0	0
22.837	0	0	0
22.8383	0	0	0
22.8396	0	0	0
22.8409	0	0	0
22.8422	0	0	0
22.8435	0	0	0
22.8449	0	0	0
22.8462	0	0	0
22.8475	0	0	0
22.8488	0	0	0
22.8501	0	0	0
22.8514	0	0	0
22.8527	0	0	0
22.854	0	0	0
22.8553	0	0	0
22.8566	0	0	0
22.8579	0	0	0
22.8592	0	0	0
22.8606	0	0	0
22.8619	0	0	0
22.8632	0	0	0
22.8645	0	0	0
22.8658	0	0	0
22.8671	0	0	0
22.8684	0	0	0
22.8697	0	0	0
22.871	0	0	0
22.8723	0	0	0
22.8736	0	0	0
22.8749	0	0	0
22.8763	0	0	0
22.8776	0	0	0
22.8789	0	0	0
22.8802	0	0	0
22.8815	0	0	0
22.8828	0	0	0
22.8841	0	0	0
22.8854	0	0	0
22.8867	0	0	0
22.888	0	0	0
22.8893	0	0	0
22.8907	0	0	0
22.892	0	0	0
22.8933	0	0	0
22.8946	0	0	0
22.8959	0	0	0
22.8972	0	0	0
22.8985	0	0	0
22.8998	0	0	0
22.9011	0	0	0
22.9024	0	0	0
22.9038	0	0	0
22.9051	0	0	0
22.9064	0	0	0
22.9077	0	0	0
22.909	0	0	0
22.9103	0	0	0
22.9116	0	0	0
22.9129	0	0	0
22.9142	0	0	0
22.9155	0	0	0
22.9169	0	0	0
22.9182	0	0	0
22.9195	0	0	0
22.9208	0	0	0
22.9221	0	0	0
22.9234	0	0	0
22.9247	0	0	0
22.926	0	0	0
22.9273	0	0	0
22.9286	0	0	0
22.93	0	0	0
22.9313	0	0	0
22.9326	0	0	0
22.9339	0	0	0
22.9352	0	0	0
22.9365	0	0	0
22.9378	0	0	0
22.9391	0	0	0
22.9404	0	0	0
22.9417	0	0	0
22.943	0	0	0
22.9444	0	0	0
22.9457	0	0	0
22.947	0	0	0
22.9483	0	0	0
22.9496	0	0	0
22.9509	0	0	0
22.9522	0	0	0
22.9535	0	0	0
22.9548	0	0	0
22.9561	0	0	0
22.9575	0	0	0
22.9588	0	0	0
22.9601	0	0	0
22.9614	0	0	0
22.9627	0	0	0
22.964	0	0	0
22.9653	0	0	0
22.9666	0	0	0
22.9679	0	0	0
22.9692	0	0	0
22.9706	0	0	0
22.9719	0	0	0
22.9732	0	0	0
22.9745	0	0	0
22.9758	0	0	0
22.9771	0	0	0
22.9784	0	0	0
22.9797	0	0	0
22.981	0	0	0
22.9823	0	0	0
22.9836	0	0	0
22.985	0	0	0
22.9863	0	0	0
22.9876	0	0	0
22.9889	0	0	0
22.9902	0	0	0
22.9915	0	0	0
22.9928	0	0	0
22.9941	0	0	0
22.9954	0	0	0
22.9967	0	0	0
22.9981	0	0	0
22.9994	0	0	0
23.0007	0	0	0
23.002	0	0	0
23.0033	0	0	0
23.0046	0	0	0
23.0059	0	0	0
23.0072	0	0	0
23.0085	0	0	0
23.0098	0	0	0
23.0112	0	0	0
23.0125	0	0	0
23.0138	0	0	0
23.0151	0	0	0
23.0164	0	0	0
23.0177	0	0	0
23.019	0	0	0
23.0203	0	0	0
23.0216	0	0	0
23.0229	0	0	0
23.0243	0	0	0
23.0256	0	0	0
23.0269	0	0	0
23.0282	0	0	0
23.0295	0	0	0
23.0308	0	0	0
23.0321	0	0	0
23.0334	0	0	0
23.0347	0	0	0
23.036	0	0	0
23.0373	0	0	0
23.0387	0	0	0
23.04	0	0	0
23.0413	0	0	0
23.0426	0	0	0
23.0439	0	0	0
23.0452	0	0	0
23.0465	0	0	0
23.0478	0	0	0
23.0491	0	0	0
23.0504	0	0	0
23.0518	0	0	0
23.0531	0	0	0
23.0544	0	0	0
23.0557	0	0	0
23.057	0	0	0
23.0583	0	0	0
23.0596	0	0	0
23.0609	0	0	0
23.0622	0	0	0
23.0635	0	0	0
23.0649	0	0	0
23.0662	0	0	0
23.0675	0	0	0
23.0688	0	0	0
23.0701	0	0	0
23.0714	0	0	0
23.0727	0	0	0
23.074	0	0	0
23.0753	0	0	0
23.0766	0	0	0
23.078	0	0	0
23.0793	0	0	0
23.0806	0	0	0
23.0819	0	0	0
23.0832	0	0	0
23.0845	0	0	0
23.0858	0	0	0
23.0871	0	0	0
23.0884	0	0	0
23.0897	0	0	0
23.091	0	0	0
23.0924	0	0	0
23.0937	0	0	0
23.095	0	0	0
23.0963	0	0	0
23.0976	0	0	0
23.0989	0	0	0
23.1002	0	0	0
23.1015	0	0	0
23.1028	0	0	0
23.1041	0	0	0
23.1055	0	0	0
23.1068	0	0	0
23.1081	0	0	0
23.1094	0	0	0
23.1107	0	0	0
23.112	0	0	0
23.1133	0	0	0
23.1146	0	0	0
23.1159	0	0	0
23.1172	0	0	0
23.1186	0	0	0
23.1199	0	0	0
23.1212	0	0	0
23.1225	0	0	0
23.1238	0	0	0
23.1251	0	0	0
23.1264	0	0	0
23.1277	0	0	0
23.129	0	0	0
23.1303	0	0	0
23.1316	0	0	0
23.133	0	0	0
23.1343	0	0	0
23.1356	0	0	0
23.1369	0	0	0
23.1382	0	0	0
23.1395	0	0	0
23.1408	0	0	0
23.1421	0	0	0
23.1434	0	0	0
23.1447	0	0	0
23.1461	0	0	0
23.1474	0	0	0
23.1487	0	0	0
23.15	0	0	0
23.1513	0	0	0
23.1526	0	0	0
23.1539	0	0	0
23.1552	0	0	0
23.1565	0	0	0
23.1578	0	0	0
23.1592	0	0	0
23.1605	0	0	0
23.1618	0	0	0
23.1631	0	0	0
23.1644	0	0	0
23.1657	0	0	0
23.167	0	0	0
23.1683	0	0	0
23.1696	0	0	0
23.1709	0	0	0
23.1723	0	0	0
23.1736	0	0	0
23.1749	0	0	0
23.1762	0	0	0
23.1775	0	0	0
23.1788	0	0	0
23.1801	0	0	0
23.1814	0	0	0
23.1827	0	0	0
23.1841	0	0	0
23.1854	0	0	0
23.1867	0	0	0
23.188	0	0	0
23.1893	0	0	0
23.1906	0	0	0
23.1919	0	0	0
23.1932	0	0	0
23.1946	0	0	0
23.1959	0	0	0
23.1972	0	0	0
23.1985	0	0	0
23.1998	0	0	0
23.2011	0	0	0
23.2024	0	0	0
23.2037	0	0	0
23.205	0	0	0
23.2064	0	0	0
23.2077	0	0	0
23.209	0	0	0
23.2103	0	0	0
23.2116	0	0	0
23.2129	0	0	0
23.2142	0	0	0
23.2155	0	0	0
23.2169	0	0	0
23.2182	0	0	0
23.2195	0	0	0
23.2208	0	0	0
23.2221	0	0	0
23.2234	0	0	0
23.2247	0	0	0
23.226	0	0	0
23.2273	0	0	0
23.2287	0	0	0
23.23	0	0	0
23.2313	0	0	0
23.2326	0	0	0
23.2339	0	0	0
23.2352	0	0	0
23.2365	0	0	0
23.2378	0	0	0
23.2392	0	0	0
23.2405	0	0	0
23.2418	0	0	0
23.2431	0	0	0
23.2444	0	0	0
23.2457	0	0	0
23.247	0	0	0
23.2483	0	0	0
23.2496	0	0	0
23.251	0	0	0
23.2523	0	0	0
23.2536	0	0	0
23.2549	0	0	0
23.2562	0	0	0
23.2575	0	0	0
23.2588	0	0	0
23.2601	0	0	0
23.2615	0	0	0
23.2628	0	0	0
23.2641	0	0	0
23.2654	0	0	0
23.2667	0	0	0
23.268	0	0	0
23.2693	0	0	0
23.2706	0	0	0
23.2719	0	0	0
23.2733	0	0	0
23.2746	0	0	0
23.2759	0	0	0
23.2772	0	0	0
23.2785	0	0	0
23.2798	0	0	0
23.2811	0	0	0
23.2824	0	0	0
23.2838	0	0	0
23.2851	0	0	0
23.2864	0	0	0
23.2877	0	0	0
23.289	0	0	0
23.2903	0	0	0
23.2916	0	0	0
23.2929	0	0	0
23.2942	0	0	0
23.2956	0	0	0
23.2969	0	0	0
23.2982	0	0	0
23.2995	0	0	0
23.3008	0	0	0
23.3021	0	0	0
23.3034	0	0	0
23.3047	0	0	0
23.3061	0	0	0
23.3074	0	0	0
23.3087	0	0	0
23.31	0	0	0
23.3113	0	0	0
23.3126	0	0	0
23.3139	0	0	0
23.3152	0	0	0
23.3165	0	0	0
23.3179	0	0	0
23.3192	0	0	0
23.3205	0	0	0
23.3218	0	0	0
23.3231	0	0	0
23.3244	0	0	0
23.3257	0	0	0
23.327	0	0	0
23.3284	0	0	0
23.3297	0	0	0
23.331	0	0	0
23.3323	0	0	0
23.3336	0	0	0
23.3349	0	0	0
23.3362	0	0	0
23.3375	0	0	0
23.3388	0	0	0
23.3402	0	0	0
23.3415	0	0	0
23.3428	0	0	0
23.3441	0	0	0
23.3454	0	0	0
23.3467	0	0	0
23.348	0	0	0
23.3493	0	0	0
23.3507	0	0	0
23.352	0	0	0
23.3533	0	0	0
23.3546	0	0	0
23.3559	0	0	0
23.3572	0	0	0
23.3585	0	0	0
23.3598	0	0	0
23.3612	0	0	0
23.3625	0	0	0
23.3638	0	0	0
23.3651	0	0	0
23.3664	0	0	0
23.3677	0	0	0
23.369	0	0	0
23.3703	0	0	0
23.3716	0	0	0
23.373	0	0	0
23.3743	0	0	0
23.3756	0	0	0
23.3769	0	0	0
23.3782	0	0	0
23.3795	0	0	0
23.3808	0	0	0
23.3821	0	0	0
23.3835	0	0	0
23.3848	0	0	0
23.3861	0	0	0
23.3874	0	0	0
23.3887	0	0	0
23.39	0	0	0
23.3913	0	0	0
23.3926	0	0	0
23.3939	0	0	0
23.3953	0	0	0
23.3966	0	0	0
23.3979	0	0	0
23.3992	0	0	0
23.4005	0	0	0
23.4018	0	0	0
23.4031	0	0	0
23.4044	0	0	0
23.4058	0	0	0
23.4071	0	0	0
23.4084	0	0	0
23.4097	0	0	0
23.411	0	0	0
23.4123	0	0	0
23.4137	0	0	0
23.415	0	0	0
23.4163	0	0	0
23.4176	0	0	0
23.4189	0	0	0
23.4202	0	0	0
23.4215	0	0	0
23.4229	0	0	0
23.4242	0	0	0
23.4255	0	0	0
23.4268	0	0	0
23.4281	0	0	0
23.4294	0	0	0
23.4307	0	0	0
23.4321	0	0	0
23.4334	0	0	0
23.4347	0	0	0
23.436	0	0	0
23.4373	0	0	0
23.4386	0	0	0
23.4399	0	0	0
23.4413	0	0	0
23.4426	0	0	0
23.4439	0	0	0
23.4452	0	0	0
23.4465	0	0	0
23.4478	0	0	0
23.4491	0	0	0
23.4505	0	0	0
23.4518	0	0	0
23.4531	0	0	0
23.4544	0	0	0
23.4557	0	0	0
23.457	0	0	0
23.4584	0	0	0
23.4597	0	0	0
23.461	0	0	0
23.4623	0	0	0
23.4636	0	0	0
23.4649	0	0	0
23.4662	0	0	0
23.4676	0	0	0
23.4689	0	0	0
23.4702	0	0	0
23.4715	0	0	0
23.4728	0	0	0
23.4741	0	0	0
23.4754	0	0	0
23.4768	0	0	0
23.4781	0	0	0
23.4794	0	0	0
23.4807	0	0	0
23.482	0	0	0
23.4833	0	0	0
23.4846	0	0	0
23.486	0	0	0
23.4873	0	0	0
23.4886	0	0	0
23.4899	0	0	0
23.4912	0	0	0
23.4925	0	0	0
23.4938	0	0	0
23.4952	0	0	0
23.4965	0	0	0
23.4978	0	0	0
23.4991	0	0	0
23.5004	0	0	0
23.5017	0	0	0
23.5031	0	0	0
23.5044	0	0	0
23.5057	0	0	0
23.507	0	0	0
23.5083	0	0	0
23.5096	0	0	0
23.5109	0	0	0
23.5123	0	0	0
23.5136	0	0	0
23.5149	0	0	0
23.5162	0	0	0
23.5175	0	0	0
23.5188	0	0	0
23.5201	0	0	0
23.5215	0	0	0
23.5228	0	0	0
23.5241	0	0	0
23.5254	0	0	0
23.5267	0	0	0
23.528	0	0	0
23.5293	0	0	0
23.5307	0	0	0
23.532	0	0	0
23.5333	0	0	0
23.5346	0	0	0
23.5359	0	0	0
23.5372	0	0	0
23.5385	0	0	0
23.5399	0	0	0
23.5412	0	0	0
23.5425	0	0	0
23.5438	0	0	0
23.5451	0	0	0
23.5464	0	0	0
23.5477	0	0	0
23.5491	0	0	0
23.5504	0	0	0
23.5517	0	0	0
23.553	0	0	0
23.5543	0	0	0
23.5556	0	0	0
23.557	0	0	0
23.5583	0	0	0
23.5596	0	0	0
23.5609	0	0	0
23.5622	0	0	0
23.5635	0	0	0
23.5648	0	0	0
23.5662	0	0	0
23.5675	0	0	0
23.5688	0	0	0
23.5701	0	0	0
23.5714	0	0	0
23.5727	0	0	0
23.574	0	0	0
23.5754	0	0	0
23.5767	0	0	0
23.578	0	0	0
23.5793	0	0	0
23.5806	0	0	0
23.5819	0	0	0
23.5832	0	0	0
23.5846	0	0	0
23.5859	0	0	0
23.5872	0	0	0
23.5885	0	0	0
23.5898	0	0	0
23.5911	0	0	0
23.5924	0	0	0
23.5938	0	0	0
23.5951	0	0	0
23.5964	0	0	0
23.5977	0	0	0
23.599	0	0	0
23.6003	0	0	0
23.6017	0	0	0
23.603	0	0	0
23.6043	0	0	0
23.6056	0	0	0
23.6069	0	0	0
23.6082	0	0	0
23.6095	0	0	0
23.6109	0	0	0
23.6122	0	0	0
23.6135	0	0	0
23.6148	0	0	0
23.6161	0	0	0
23.6174	0	0	0
23.6187	0	0	0
23.6201	0	0	0
23.6214	0	0	0
23.6227	0	0	0
23.624	0	0	0
23.6253	0	0	0
23.6266	0	0	0
23.6279	0	0	0
23.6293	0	0	0
23.6306	0	0	0
23.6319	0	0	0
23.6332	0	0	0
23.6345	0	0	0
23.6358	0	0	0
23.6371	0	0	0
23.6385	0	0	0
23.6398	0	0	0
23.6411	0	0	0
23.6424	0	0	0
23.6437	0	0	0
23.645	0	0	0
23.6464	0	0	0
23.6477	0	0	0
23.649	0	0	0
23.6503	0	0	0
23.6516	0	0	0
23.6529	0	0	0
23.6542	0	0	0
23.6556	0	0	0
23.6569	0	0	0
23.6582	0	0	0
23.6595	0	0	0
23.6608	0	0	0
23.6621	0	0	0
23.6634	0	0	0
23.6648	0	0	0
23.6661	0	0	0
23.6674	0	0	0
23.6687	0	0	0
23.67	0	0	0
23.6713	0	0	0
23.6726	0	0	0
23.674	0	0	0
23.6753	0	0	0
23.6766	0	0	0
23.6779	0	0	0
23.6792	0	0	0
23.6805	0	0	0
23.6818	0	0	0
23.6832	0	0	0
23.6845	0	0	0
23.6858	0	0	0
23.6871	0	0	0
23.6884	0	0	0
23.6897	0	0	0
23.691	0	0	0
23.6924	0	0	0
23.6937	0	0	0
23.695	0	0	0
23.6963	0	0	0
23.6976	0	0	0
23.6989	0	0	0
23.7003	0	0	0
23.7016	0	0	0
23.7029	0	0	0
23.7042	0	0	0
23.7055	0	0	0
23.7068	0	0	0
23.7081	0	0	0
23.7095	0	0	0
23.7108	0	0	0
23.7121	0	0	0
23.7134	0	0	0
23.7147	0	0	0
23.716	0	0	0
23.7173	0	0	0
23.7187	0	0	0
23.72	0	0	0
23.7213	0	0	0
23.7226	0	0	0
23.7239	0	0	0
23.7252	0	0	0
23.7265	0	0	0
23.7279	0	0	0
23.7292	0	0	0
23.7305	0	0	0
23.7318	0	0	0
23.7331	0	0	0
23.7344	0	0	0
23.7357	0	0	0
23.7371	0	0	0
23.7384	0	0	0
23.7397	0	0	0
23.741	0	0	0
23.7423	0	0	0
23.7436	0	0	0
23.745	0	0	0
23.7463	0	0	0
23.7476	0	0	0
23.7489	0	0	0
23.7502	0	0	0
23.7515	0	0	0
23.7528	0	0	0
23.7542	0	0	0
23.7555	0	0	0
23.7568	0	0	0
23.7581	0	0	0
23.7594	0	0	0
23.7607	0	0	0
23.762	0	0	0
23.7634	0	0	0
23.7647	0	0	0
23.766	0	0	0
23.7673	0	0	0
23.7686	0	0	0
23.7699	0	0	0
23.7712	0	0	0
23.7726	0	0	0
23.7739	0	0	0
23.7752	0	0	0
23.7765	0	0	0
23.7778	0	0	0
23.7791	0	0	0
23.7804	0	0	0
23.7818	0	0	0
23.7831	0	0	0
23.7844	0	0	0
23.7857	0	0	0
23.787	0	0	0
23.7883	0	0	0
23.7897	0	0	0
23.791	0	0	0
23.7923	0	0	0
23.7936	0	0	0
23.7949	0	0	0
23.7962	0	0	0
23.7975	0	0	0
23.7989	0	0	0
23.8002	0	0	0
23.8015	0	0	0
23.8028	0	0	0
23.8041	0	0	0
23.8054	0	0	0
23.8067	0	0	0
23.8081	0	0	0
23.8094	0	0	0
23.8107	0	0	0
23.812	0	0	0
23.8133	0	0	0
23.8146	0	0	0
23.8159	0	0	0
23.8173	0	0	0
23.8186	0	0	0
23.8199	0	0	0
23.8212	0	0	0
23.8225	0	0	0
23.8238	0	0	0
23.8251	0	0	0
23.8265	0	0	0
23.8278	0	0	0
23.8291	0	0	0
23.8304	0	0	0
23.8317	0	0	0
23.833	0	0	0
23.8344	0	0	0
23.8357	0	0	0
23.837	0	0	0
23.8383	0	0	0
23.8396	0	0	0
23.8409	0	0	0
23.8422	0	0	0
23.8436	0	0	0
23.8449	0	0	0
23.8462	0	0	0
23.8475	0	0	0
23.8488	0	0	0
23.8501	0	0	0
23.8514	0	0	0
23.8528	0	0	0
23.8541	0	0	0
23.8554	0	0	0
23.8567	0	0	0
23.858	0	0	0
23.8593	0	0	0
23.8606	0	0	0
23.862	0	0	0
23.8633	0	0	0
23.8646	0	0	0
23.8659	0	0	0
23.8672	0	0	0
23.8685	0	0	0
23.8698	0	0	0
23.8712	0	0	0
23.8725	0	0	0
23.8738	0	0	0
23.8751	0	0	0
23.8764	0	0	0
23.8777	0	0	0
23.879	0	0	0
23.8804	0	0	0
23.8817	0	0	0
23.883	0	0	0
23.8843	0	0	0
23.8856	0	0	0
23.8869	0	0	0
23.8883	0	0	0
23.8896	0	0	0
23.8909	0	0	0
23.8922	0	0	0
23.8935	0	0	0
23.8948	0	0	0
23.8961	0	0	0
23.8975	0	0	0
23.8988	0	0	0
23.9001	0	0	0
23.9014	0	0	0
23.9027	0	0	0
23.904	0	0	0
23.9053	0	0	0
23.9067	0	0	0
23.908	0	0	0
23.9093	0	0	0
23.9106	0	0	0
23.9119	0	0	0
23.9132	0	0	0
23.9145	0	0	0
23.9159	0	0	0
23.9172	0	0	0
23.9185	0	0	0
23.9198	0	0	0
23.9211	0	0	0
23.9224	0	0	0
23.9237	0	0	0
23.9251	0	0	0
23.9264	0	0	0
23.9277	0	0	0
23.929	0	0	0
23.9303	0	0	0
23.9316	0	0	0
23.933	0	0	0
23.9343	0	0	0
23.9356	0	0	0
23.9369	0	0	0
23.9382	0	0	0
23.9395	0	0	0
23.9408	0	0	0
23.9422	0	0	0
23.9435	0	0	0
23.9448	0	0	0
23.9461	0	0	0
23.9474	0	0	0
23.9487	0	0	0
23.95	0	0	0
23.9514	0	0	0
23.9527	0	0	0
23.954	0	0	0
23.9553	0	0	0
23.9566	0	0	0
23.9579	0	0	0
23.9592	0	0	0
23.9606	0	0	0
23.9619	0	0	0
23.9632	0	0	0
23.9645	0	0	0
23.9658	0	0	0
23.9671	0	0	0
23.9684	0	0	0
23.9698	0	0	0
23.9711	0	0	0
23.9724	0	0	0
23.9737	0	0	0
23.975	0	0	0
23.9763	0	0	0
23.9777	0	0	0
23.979	0	0	0
23.9803	0	0	0
23.9816	0	0	0
23.9829	0	0	0
23.9842	0	0	0
23.9855	0	0	0
23.9869	0	0	0
23.9882	0	0	0
23.9895	0	0	0
23.9908	0	0	0
23.9921	0	0	0
23.9934	0	0	0
23.9947	0	0	0
23.9961	0	0	0
23.9974	0	0	0
23.9987	0	0	0
24	0	0	0
24.0013	0	0	0
24.0026	0	0	0
24.004	0	0	0
24.0053	0	0	0
24.0066	0	0	0
24.0079	0	0	0
24.0092	0	0	0
24.0105	0	0	0
24.0119	0	0	0
24.0132	0	0	0
24.0145	0	0	0
24.0158	0	0	0
24.0171	0	0	0
24.0185	0	0	0
24.0198	0	0	0
24.0211	0	0	0
24.0224	0	0	0
24.0237	0	0	0
24.025	0	0	0
24.0264	0	0	0
24.0277	0	0	0
24.029	0	0	0
24.0303	0	0	0
24.0316	0	0	0
24.033	0	0	0
24.0343	0	0	0
24.0356	0	0	0
24.0369	0	0	0
24.0382	0	0	0
24.0396	0	0	0
24.0409	0	0	0
24.0422	0	0	0
24.0435	0	0	0
24.0448	0	0	0
24.0461	0	0	0
24.0475	0	0	0
24.0488	0	0	0
24.0501	0	0	0
24.0514	0	0	0
24.0527	0	0	0
24.0541	0	0	0
24.0554	0	0	0
24.0567	0	0	0
24.058	0	0	0
24.0593	0	0	0
24.0606	0	0	0
24.062	0	0	0
24.0633	0	0	0
24.0646	0	0	0
24.0659	0	0	0
24.0672	0	0	0
24.0686	0	0	0
24.0699	0	0	0
24.0712	0	0	0
24.0725	0	0	0
24.0738	0	0	0
24.0752	0	0	0
24.0765	0	0	0
24.0778	0	0	0
24.0791	0	0	0
24.0804	0	0	0
24.0818	0	0	0
24.0831	0	0	0
24.0844	0	0	0
24.0857	0	0	0
24.087	0	0	0
24.0884	0	0	0
24.0897	0	0	0
24.091	0	0	0
24.0923	0	0	0
24.0936	0	0	0
24.095	0	0	0
24.0963	0	0	0
24.0976	0	0	0
24.0989	0	0	0
24.1002	0	0	0
24.1015	0	0	0
24.1029	0	0	0
24.1042	0	0	0
24.1055	0	0	0
24.1068	0	0	0
24.1081	0	0	0
24.1095	0	0	0
24.1108	0	0	0
24.1121	0	0	0
24.1134	0	0	0
24.1147	0	0	0
24.1161	0	0	0
24.1174	0	0	0
24.1187	0	0	0
24.12	0	0	0
24.1213	0	0	0
24.1227	0	0	0
24.124	0	0	0
24.1253	0	0	0
24.1266	0	0	0
24.1279	0	0	0
24.1293	0	0	0
24.1306	0	0	0
24.1319	0	0	0
24.1332	0	0	0
24.1345	0	0	0
24.1359	0	0	0
24.1372	0	0	0
24.1385	0	0	0
24.1398	0	0	0
24.1412	0	0	0
24.1425	0	0	0
24.1438	0	0	0
24.1451	0	0	0
24.1464	0	0	0
24.1478	0	0	0
24.1491	0	0	0
24.1504	0	0	0
24.1517	0	0	0
24.153	0	0	0
24.1544	0	0	0
24.1557	0	0	0
24.157	0	0	0
24.1583	0	0	0
24.1596	0	0	0
24.161	0	0	0
24.1623	0	0	0
24.1636	0	0	0
24.1649	0	0	0
24.1662	0	0	0
24.1676	0	0	0
24.1689	0	0	0
24.1702	0	0	0
24.1715	0	0	0
24.1729	0	0	0
24.1742	0	0	0
24.1755	0	0	0
24.1768	0	0	0
24.1781	0	0	0
24.1795	0	0	0
24.1808	0	0	0
24.1821	0	0	0
24.1834	0	0	0
24.1847	0	0	0
24.1861	0	0	0
24.1874	0	0	0
24.1887	0	0	0
24.19	0	0	0
24.1913	0	0	0
24.1927	0	0	0
24.194	0	0	0
24.1953	0	0	0
24.1966	0	0	0
24.198	0	0	0
24.1993	0	0	0
24.2006	0	0	0
24.2019	0	0	0
24.2032	0	0	0
24.2046	0	0	0
24.2059	0	0	0
24.2072	0	0	0
24.2085	0	0	0
24.2099	0	0	0
24.2112	0	0	0
24.2125	0	0	0
24.2138	0	0	0
24.2151	0	0	0
24.2165	0	0	0
24.2178	0	0	0
24.2191	0	0	0
24.2204	0	0	0
24.2218	0	0	0
24.2231	0	0	0
24.2244	0	0	0
24.2257	0	0	0
24.227	0	0	0
24.2284	0	0	0
24.2297	0	0	0
24.231	0	0	0
24.2323	0	0	0
24.2337	0	0	0
24.235	0	0	0
24.2363	0	0	0
24.2376	0	0	0
24.2389	0	0	0
24.2403	0	0	0
24.2416	0	0	0
24.2429	0	0	0
24.2442	0	0	0
24.2456	0	0	0
24.2469	0	0	0
24.2482	0	0	0
24.2495	0	0	0
24.2509	0	0	0
24.2522	0	0	0
24.2535	0	0	0
24.2548	0	0	0
24.2561	0	0	0
24.2575	0	0	0
24.2588	0	0	0
24.2601	0	0	0
24.2614	0	0	0
24.2628	0	0	0
24.2641	0	0	0
24.2654	0	0	0
24.2667	0	0	0
24.2681	0	0	0
24.2694	0	0	0
24.2707	0	0	0
24.272	0	0	0
24.2733	0	0	0
24.2747	0	0	0
24.276	0	0	0
24.2773	0	0	0
24.2786	0	0	0
24.28	0	0	0
24.2813	0	0	0
24.2826	0	0	0
24.2839	0	0	0
24.2853	0	0	0
24.2866	0	0	0
24.2879	0	0	0
24.2892	0	0	0
24.2906	0	0	0
24.2919	0	0	0
24.2932	0	0	0
24.2945	0	0	0
24.2959	0	0	0
24.2972	0	0	0
24.2985	0	0	0
24.2998	0	0	0
24.3012	0	0	0
24.3025	0	0	0
24.3038	0	0	0
24.3051	0	0	0
24.3064	0	0	0
24.3078	0	0	0
24.3091	0	0	0
24.3104	0	0	0
24.3117	0	0	0
24.3131	0	0	0
24.3144	0	0	0
24.3157	0	0	0
24.317	0	0	0
24.3184	0	0	0
24.3197	0	0	0
24.321	0	0	0
24.3223	0	0	0
24.3237	0	0	0
24.325	0	0	0
24.3263	0	0	0
24.3276	0	0	0
24.329	0	0	0
24.3303	0	0	0
24.3316	0	0	0
24.3329	0	0	0
24.3343	0	0	0
24.3356	0	0	0
24.3369	0	0	0
24.3382	0	0	0
24.3396	0	0	0
24.3409	0	0	0
24.3422	0	0	0
24.3435	0	0	0
24.3449	0	0	0
24.3462	0	0	0
24.3475	0	0	0
24.3488	0	0	0
24.3502	0	0	0
24.3515	0	0	0
24.3528	0	0	0
24.3541	0	0	0
24.3555	0	0	0
24.3568	0	0	0
24.3581	0	0	0
24.3594	0	0	0
24.3608	0	0	0
24.3621	0	0	0
24.3634	0	0	0
24.3648	0	0	0
24.3661	0	0	0
24.3674	0	0	0
24.3687	0	0	0
24.3701	0	0	0
24.3714	0	0	0
24.3727	0	0	0
24.374	0	0	0
24.3754	0	0	0
24.3767	0	0	0
24.378	0	0	0
24.3793	0	0	0
24.3807	0	0	0
24.382	0	0	0
24.3833	0	0	0
24.3846	0	0	0
24.386	0	0	0
24.3873	0	0	0
24.3886	0	0	0
24.3899	0	0	0
24.3913	0	0	0
24.3926	0	0	0
24.3939	0	0	0
24.3953	0	0	0
24.3966	0	0	0
24.3979	0	0	0
24.3992	0	0	0
24.4006	0	0	0
24.4019	0	0	0
24.4032	0	0	0
24.4045	0	0	0
24.4059	0	0	0
24.4072	0	0	0
24.4085	0	0	0
24.4098	0	0	0
24.4112	0	0	0
24.4125	0	0	0
24.4138	0	0	0
24.4152	0	0	0
24.4165	0	0	0
24.4178	0	0	0
24.4191	0	0	0
24.4205	0	0	0
24.4218	0	0	0
24.4231	0	0	0
24.4245	0	0	0
24.4258	0	0	0
24.4271	0	0	0
24.4284	0	0	0
24.4298	0	0	0
24.4311	0	0	0
24.4324	0	0	0
24.4337	0	0	0
24.4351	0	0	0
24.4364	0	0	0
24.4377	0	0	0
24.4391	0	0	0
24.4404	0	0	0
24.4417	0	0	0
24.443	0	0	0
24.4444	0	0	0
24.4457	0	0	0
24.447	0	0	0
24.4483	0	0	0
24.4497	0	0	0
24.451	0	0	0
24.4523	0	0	0
24.4537	0	0	0
24.455	0	0	0
24.4563	0	0	0
24.4576	0	0	0
24.459	0	0	0
24.4603	0	0	0
24.4616	0	0	0
24.463	0	0	0
24.4643	0	0	0
24.4656	0	0	0
24.4669	0	0	0
24.4683	0	0	0
24.4696	0	0	0
24.4709	0	0	0
24.4723	0	0	0
24.4736	0	0	0
24.4749	0	0	0
24.4762	0	0	0
24.4776	0	0	0
24.4789	0	0	0
24.4802	0	0	0
24.4816	0	0	0
24.4829	0	0	0
24.4842	0	0	0
24.4855	0	0	0
24.4869	0	0	0
24.4882	0	0	0
24.4895	0	0	0
24.4909	0	0	0
24.4922	0	0	0
24.4935	0	0	0
24.4948	0	0	0
24.4962	0	0	0
24.4975	0	0	0
24.4988	0	0	0
24.5002	0	0	0
24.5015	0	0	0
24.5028	0	0	0
24.5041	0	0	0
24.5055	0	0	0
24.5068	0	0	0
24.5081	0	0	0
24.5095	0	0	0
24.5108	0	0	0
24.5121	0	0	0
24.5134	0	0	0
24.5148	0	0	0
24.5161	0	0	0
24.5174	0	0	0
24.5188	0	0	0
24.5201	0	0	0
24.5214	0	0	0
24.5228	0	0	0
24.5241	0	0	0
24.5254	0	0	0
24.5267	0	0	0
24.5281	0	0	0
24.5294	0	0	0
24.5307	0	0	0
24.5321	0	0	0
24.5334	0	0	0
24.5347	0	0	0
24.5361	0	0	0
24.5374	0	0	0
24.5387	0	0	0
24.54	0	0	0
24.5414	0	0	0
24.5427	0	0	0
24.544	0	0	0
24.5454	0	0	0
24.5467	0	0	0
24.548	0	0	0
24.5493	0	0	0
24.5507	0	0	0
24.552	0	0	0
24.5533	0	0	0
24.5547	0	0	0
24.556	0	0	0
24.5573	0	0	0
24.5587	0	0	0
24.56	0	0	0
24.5613	0	0	0
24.5626	0	0	0
24.564	0	0	0
24.5653	0	0	0
24.5666	0	0	0
24.568	0	0	0
24.5693	0	0	0
24.5706	0	0	0
24.572	0	0	0
24.5733	0	0	0
24.5746	0	0	0
24.5759	0	0	0
24.5773	0	0	0
24.5786	0	0	0
24.5799	0	0	0
24.5813	0	0	0
24.5826	0	0	0
24.5839	0	0	0
24.5853	0	0	0
24.5866	0	0	0
24.5879	0	0	0
24.5892	0	0	0
24.5906	0	0	0
24.5919	0	0	0
24.5932	0	0	0
24.5946	0	0	0
24.5959	0	0	0
24.5972	0	0	0
24.5986	0	0	0
24.5999	0	0	0
24.6012	0	0	0
24.6026	0	0	0
24.6039	0	0	0
24.6052	0	0	0
24.6066	0	0	0
24.6079	0	0	0
24.6092	0	0	0
24.6105	0	0	0
24.6119	0	0	0
24.6132	0	0	0
24.6145	0	0	0
24.6159	0	0	0
24.6172	0	0	0
24.6185	0	0	0
24.6199	0	0	0
24.6212	0	0	0
24.6225	0	0	0
24.6239	0	0	0
24.6252	0	0	0
24.6265	0	0	0
24.6278	0	0	0
24.6292	0	0	0
24.6305	0	0	0
24.6318	0	0	0
24.6332	0	0	0
24.6345	0	0	0
24.6358	0	0	0
24.6372	0	0	0
24.6385	0	0	0
24.6398	0	0	0
24.6412	0	0	0
24.6425	0	0	0
24.6438	0	0	0
24.6451	0	0	0
24.6465	0	0	0
24.6478	0	0	0
24.6491	0	0	0
24.6505	0	0	0
24.6518	0	0	0
24.6531	0	0	0
24.6545	0	0	0
24.6558	0	0	0
24.6571	0	0	0
24.6585	0	0	0
24.6598	0	0	0
24.6611	0	0	0
24.6624	0	0	0
24.6638	0	0	0
24.6651	0	0	0
24.6664	0	0	0
24.6678	0	0	0
24.6691	0	0	0
24.6704	0	0	0
24.6718	0	0	0
24.6731	0	0	0
24.6744	0	0	0
24.6758	0	0	0
24.6771	0	0	0
24.6784	0	0	0
24.6797	0	0	0
24.6811	0	0	0
24.6824	0	0	0
24.6837	0	0	0
24.6851	0	0	0
24.6864	0	0	0
24.6877	0	0	0
24.6891	0	0	0
24.6904	0	0	0
24.6917	0	0	0
24.6931	0	0	0
24.6944	0	0	0
24.6957	0	0	0
24.6971	0	0	0
24.6984	0	0	0
24.6997	0	0	0
24.701	0	0	0
24.7024	0	0	0
24.7037	0	0	0
24.705	0	0	0
24.7064	0	0	0
24.7077	0	0	0
24.709	0	0	0
24.7104	0	0	0
24.7117	0	0	0
24.713	0	0	0
24.7144	0	0	0
24.7157	0	0	0
24.717	0	0	0
24.7183	0	0	0
24.7197	0	0	0
24.721	0	0	0
24.7223	0	0	0
24.7237	0	0	0
24.725	0	0	0
24.7263	0	0	0
24.7277	0	0	0
24.729	0	0	0
24.7303	0	0	0
24.7317	0	0	0
24.733	0	0	0
24.7343	0	0	0
24.7356	0	0	0
24.737	0	0	0
24.7383	0	0	0
24.7396	0	0	0
24.741	0	0	0
24.7423	0	0	0
24.7436	0	0	0
24.745	0	0	0
24.7463	0	0	0
24.7476	0	0	0
24.749	0	0	0
24.7503	0	0	0
24.7516	0	0	0
24.7529	0	0	0
24.7543	0	0	0
24.7556	0	0	0
24.7569	0	0	0
24.7583	0	0	0
24.7596	0	0	0
24.7609	0	0	0
24.7623	0	0	0
24.7636	0	0	0
24.7649	0	0	0
24.7663	0	0	0
24.7676	0	0	0
24.7689	0	0	0
24.7703	0	0	0
24.7716	0	0	0
24.7729	0	0	0
24.7742	0	0	0
24.7756	0	0	0
24.7769	0	0	0
24.7782	0	0	0
24.7796	0	0	0
24.7809	0	0	0
24.7822	0	0	0
24.7836	0	0	0
24.7849	0	0	0
24.7862	0	0	0
24.7876	0	0	0
24.7889	0	0	0
24.7902	0	0	0
24.7915	0	0	0
24.7929	0	0	0
24.7942	0	0	0
24.7955	0	0	0
24.7969	0	0	0
24.7982	0	0	0
24.7995	0	0	0
24.8009	0	0	0
24.8022	0	0	0
24.8035	0	0	0
24.8049	0	0	0
24.8062	0	0	0
24.8075	0	0	0
24.8088	0	0	0
24.8102	0	0	0
24.8115	0	0	0
24.8128	0	0	0
24.8142	0	0	0
24.8155	0	0	0
24.8168	0	0	0
24.8182	0	0	0
24.8195	0	0	0
24.8208	0	0	0
24.8222	0	0	0
24.8235	0	0	0
24.8248	0	0	0
24.8261	0	0	0
24.8275	0	0	0
24.8288	0	0	0
24.8301	0	0	0
24.8315	0	0	0
24.8328	0	0	0
24.8341	0	0	0
24.8355	0	0	0
24.8368	0	0	0
24.8381	0	0	0
24.8395	0	0	0
24.8408	0	0	0
24.8421	0	0	0
24.8435	0	0	0
24.8448	0	0	0
24.8461	0	0	0
24.8474	0	0	0
24.8488	0	0	0
24.8501	0	0	0
24.8514	0	0	0
24.8528	0	0	0
24.8541	0	0	0
24.8554	0	0	0
24.8568	0	0	0
24.8581	0	0	0
24.8594	0	0	0
24.8608	0	0	0
24.8621	0	0	0
24.8634	0	0	0
24.8647	0	0	0
24.8661	0	0	0
24.8674	0	0	0
24.8687	0	0	0
24.8701	0	0	0
24.8714	0	0	0
24.8727	0	0	0
24.8741	0	0	0
24.8754	0	0	0
24.8767	0	0	0
24.8781	0	0	0
24.8794	0	0	0
24.8807	0	0	0
24.882	0	0	0
24.8834	0	0	0
24.8847	0	0	0
24.886	0	0	0
24.8874	0	0	0
24.8887	0	0	0
24.89	0	0	0
24.8914	0	0	0
24.8927	0	0	0
24.894	0	0	0
24.8954	0	0	0
24.8967	0	0	0
24.898	0	0	0
24.8993	0	0	0
24.9007	0	0	0
24.902	0	0	0
24.9033	0	0	0
24.9047	0	0	0
24.906	0	0	0
24.9073	0	0	0
24.9087	0	0	0
24.91	0	0	0
24.9113	0	0	0
24.9127	0	0	0
24.914	0	0	0
24.9153	0	0	0
24.9166	0	0	0
24.918	0	0	0
24.9193	0	0	0
24.9206	0	0	0
24.922	0	0	0
24.9233	0	0	0
24.9246	0	0	0
24.9259	0	0	0
24.9273	0	0	0
24.9286	0	0	0
24.9299	0	0	0
24.9313	0	0	0
24.9326	0	0	0
24.9339	0	0	0
24.9353	0	0	0
24.9366	0	0	0
24.9379	0	0	0
24.9392	0	0	0
24.9406	0	0	0
24.9419	0	0	0
24.9432	0	0	0
24.9446	0	0	0
24.9459	0	0	0
24.9472	0	0	0
24.9485	0	0	0
24.9499	0	0	0
24.9512	0	0	0
24.9525	0	0	0
24.9539	0	0	0
24.9552	0	0	0
24.9565	0	0	0
24.9579	0	0	0
24.9592	0	0	0
24.9605	0	0	0
24.9618	0	0	0
24.9632	0	0	0
24.9645	0	0	0
24.9658	0	0	0
24.9672	0	0	0
24.9685	0	0	0
24.9698	0	0	0
24.9711	0	0	0
24.9725	0	0	0
24.9738	0	0	0
24.9751	0	0	0
24.9765	0	0	0
24.9778	0	0	0
24.9791	0	0	0
24.9804	0	0	0
24.9818	0	0	0
24.9831	0	0	0
24.9844	0	0	0
24.9858	0	0	0
24.9871	0	0	0
24.9884	0	0	0
24.9898	0	0	0
24.9911	0	0	0
24.9924	0	0	0
24.9937	0	0	0
24.9951	0	0	0
24.9964	0	0	0
24.9977	0	0	0
24.9991	0	0	0
25.0004	0	0	0
25.0017	0	0	0
25.003	0	0	0
25.0044	0	0	0
25.0057	0	0	0
25.007	0	0	0
25.0084	0	0	0
25.0097	0	0	0
25.011	0	0	0
25.0124	0	0	0
25.0137	0	0	0
25.015	0	0	0
25.0163	0	0	0
25.0177	0	0	0
25.019	0	0	0
25.0203	0	0	0
25.0217	0	0	0
25.023	0	0	0
25.0243	0	0	0
25.0256	0	0	0
25.027	0	0	0
25.0283	0	0	0
25.0296	0	0	0
25.031	0	0	0
25.0323	0	0	0
25.0336	0	0	0
25.0349	0	0	0
25.0363	0	0	0
25.0376	0	0	0
25.0389	0	0	0
25.0403	0	0	0
25.0416	0	0	0
25.0429	0	0	0
25.0443	0	0	0
25.0456	0	0	0
25.0469	0	0	0
25.0482	0	0	0
25.0496	0	0	0
25.0509	0	0	0
25.0522	0	0	0
25.0535	0	0	0
25.0549	0	0	0
25.0562	0	0	0
25.0575	0	0	0
25.0589	0	0	0
25.0602	0	0	0
25.0615	0	0	0
25.0628	0	0	0
25.0642	0	0	0
25.0655	0	0	0
25.0668	0	0	0
25.0681	0	0	0
25.0695	0	0	0
25.0708	0	0	0
25.0721	0	0	0
25.0735	0	0	0
25.0748	0	0	0
25.0761	0	0	0
25.0774	0	0	0
25.0788	0	0	0
25.0801	0	0	0
25.0814	0	0	0
25.0827	0	0	0
25.0841	0	0	0
25.0854	0	0	0
25.0867	0	0	0
25.0881	0	0	0
25.0894	0	0	0
25.0907	0	0	0
25.092	0	0	0
25.0934	0	0	0
25.0947	0	0	0
25.096	0	0	0
25.0973	0	0	0
25.0987	0	0	0
25.1	0	0	0
25.1013	0	0	0
25.1027	0	0	0
25.104	0	0	0
25.1053	0	0	0
25.1066	0	0	0
25.108	0	0	0
25.1093	0	0	0
25.1106	0	0	0
25.112	0	0	0
25.1133	0	0	0
25.1146	0	0	0
25.1159	0	0	0
25.1173	0	0	0
25.1186	0	0	0
25.1199	0	0	0
25.1212	0	0	0
25.1226	0	0	0
25.1239	0	0	0
25.1252	0	0	0
25.1266	0	0	0
25.1279	0	0	0
25.1292	0	0	0
25.1305	0	0	0
25.1319	0	0	0
25.1332	0	0	0
25.1345	0	0	0
25.1358	0	0	0
25.1372	0	0	0
25.1385	0	0	0
25.1398	0	0	0
25.1412	0	0	0
25.1425	0	0	0
25.1438	0	0	0
25.1451	0	0	0
25.1465	0	0	0
25.1478	0	0	0
25.1491	0	0	0
25.1504	0	0	0
25.1518	0	0	0
25.1531	0	0	0
25.1544	0	0	0
25.1558	0	0	0
25.1571	0	0	0
25.1584	0	0	0
25.1597	0	0	0
25.1611	0	0	0
25.1624	0	0	0
25.1637	0	0	0
25.165	0	0	0
25.1664	0	0	0
25.1677	0	0	0
25.169	0	0	0
25.1704	0	0	0
25.1717	0	0	0
25.173	0	0	0
25.1743	0	0	0
25.1757	0	0	0
25.177	0	0	0
25.1783	0	0	0
25.1796	0	0	0
25.181	0	0	0
25.1823	0	0	0
25.1836	0	0	0
25.185	0	0	0
25.1863	0	0	0
25.1876	0	0	0
25.1889	0	0	0
25.1903	0	0	0
25.1916	0	0	0
25.1929	0	0	0
25.1943	0	0	0
25.1956	0	0	0
25.1969	0	0	0
25.1982	0	0	0
25.1996	0	0	0
25.2009	0	0	0
25.2022	0	0	0
25.2035	0	0	0
25.2049	0	0	0
25.2062	0	0	0
25.2075	0	0	0
25.2089	0	0	0
25.2102	0	0	0
25.2115	0	0	0
25.2128	0	0	0
25.2142	0	0	0
25.2155	0	0	0
25.2168	0	0	0
25.2181	0	0	0
25.2195	0	0	0
25.2208	0	0	0
25.2221	0	0	0
25.2235	0	0	0
25.2248	0	0	0
25.2261	0	0	0
25.2274	0	0	0
25.2288	0	0	0
25.2301	0	0	0
25.2314	0	0	0
25.2327	0	0	0
25.2341	0	0	0
25.2354	0	0	0
25.2367	0	0	0
25.2381	0	0	0
25.2394	0	0	0
25.2407	0	0	0
25.242	0	0	0
25.2434	0	0	0
25.2447	0	0	0
25.246	0	0	0
25.2473	0	0	0
25.2487	0	0	0
25.25	0	0	0
25.2513	0	0	0
25.2527	0	0	0
25.254	0	0	0
25.2553	0	0	0
25.2566	0	0	0
25.258	0	0	0
25.2593	0	0	0
25.2606	0	0	0
25.2619	0	0	0
25.2633	0	0	0
25.2646	0	0	0
25.2659	0	0	0
25.2673	0	0	0
25.2686	0	0	0
25.2699	0	0	0
25.2712	0	0	0
25.2726	0	0	0
25.2739	0	0	0
25.2752	0	0	0
25.2766	0	0	0
25.2779	0	0	0
25.2792	0	0	0
25.2805	0	0	0
25.2819	0	0	0
25.2832	0	0	0
25.2845	0	0	0
25.2858	0	0	0
25.2872	0	0	0
25.2885	0	0	0
25.2898	0	0	0
25.2912	0	0	0
25.2925	0	0	0
25.2938	0	0	0
25.2951	0	0	0
25.2965	0	0	0
25.2978	0	0	0
25.2991	0	0	0
25.3004	0	0	0
25.3018	0	0	0
25.3031	0	0	0
25.3044	0	0	0
25.3058	0	0	0
25.3071	0	0	0
25.3084	0	0	0
25.3097	0	0	0
25.3111	0	0	0
25.3124	0	0	0
25.3137	0	0	0
25.315	0	0	0
25.3164	0	0	0
25.3177	0	0	0
25.319	0	0	0
25.3204	0	0	0
25.3217	0	0	0
25.323	0	0	0
25.3243	0	0	0
25.3257	0	0	0
25.327	0	0	0
25.3283	0	0	0
25.3296	0	0	0
25.331	0	0	0
25.3323	0	0	0
25.3336	0	0	0
25.335	0	0	0
25.3363	0	0	0
25.3376	0	0	0
25.3389	0	0	0
25.3403	0	0	0
25.3416	0	0	0
25.3429	0	0	0
25.3443	0	0	0
25.3456	0	0	0
25.3469	0	0	0
25.3482	0	0	0
25.3496	0	0	0
25.3509	0	0	0
25.3522	0	0	0
25.3535	0	0	0
25.3549	0	0	0
25.3562	0	0	0
25.3575	0	0	0
25.3589	0	0	0
25.3602	0	0	0
25.3615	0	0	0
25.3628	0	0	0
25.3642	0	0	0
25.3655	0	0	0
25.3668	0	0	0
25.3681	0	0	0
25.3695	0	0	0
25.3708	0	0	0
25.3721	0	0	0
25.3735	0	0	0
25.3748	0	0	0
25.3761	0	0	0
25.3774	0	0	0
25.3788	0	0	0
25.3801	0	0	0
25.3814	0	0	0
25.3827	0	0	0
25.3841	0	0	0
25.3854	0	0	0
25.3867	0	0	0
25.3881	0	0	0
25.3894	0	0	0
25.3907	0	0	0
25.392	0	0	0
25.3934	0	0	0
25.3947	0	0	0
25.396	0	0	0
25.3973	0	0	0
25.3987	0	0	0
25.4	0	0	0
25.4013	0	0	0
25.4027	0	0	0
25.404	0	0	0
25.4053	0	0	0
25.4066	0	0	0
25.408	0	0	0
25.4093	0	0	0
25.4106	0	0	0
25.4119	0	0	0
25.4133	0	0	0
25.4146	0	0	0
25.4159	0	0	0
25.4173	0	0	0
25.4186	0	0	0
25.4199	0	0	0
25.4212	0	0	0
25.4226	0	0	0
25.4239	0	0	0
25.4252	0	0	0
25.4266	0	0	0
25.4279	0	0	0
25.4292	0	0	0
25.4305	0	0	0
25.4319	0	0	0
25.4332	0	0	0
25.4345	0	0	0
25.4358	0	0	0
25.4372	0	0	0
25.4385	0	0	0
25.4398	0	0	0
25.4412	0	0	0
25.4425	0	0	0
25.4438	0	0	0
25.4451	0	0	0
25.4465	0	0	0
25.4478	0	0	0
25.4491	0	0	0
25.4504	0	0	0
25.4518	0	0	0
25.4531	0	0	0
25.4544	0	0	0
25.4558	0	0	0
25.4571	0	0	0
25.4584	0	0	0
25.4597	0	0	0
25.4611	0	0	0
25.4624	0	0	0
25.4637	0	0	0
25.465	0	0	0
25.4664	0	0	0
25.4677	0	0	0
25.469	0	0	0
25.4704	0	0	0
25.4717	0	0	0
25.473	0	0	0
25.4743	0	0	0
25.4757	0	0	0
25.477	0	0	0
25.4783	0	0	0
25.4796	0	0	0
25.481	0	0	0
25.4823	0	0	0
25.4836	0	0	0
25.485	0	0	0
25.4863	0	0	0
25.4876	0	0	0
25.4889	0	0	0
25.4903	0	0	0
25.4916	0	0	0
25.4929	0	0	0
25.4942	0	0	0
25.4956	0	0	0
25.4969	0	0	0
25.4982	0	0	0
25.4996	0	0	0
25.5009	0	0	0
25.5022	0	0	0
25.5035	0	0	0
25.5049	0	0	0
25.5062	0	0	0
25.5075	0	0	0
25.5089	0	0	0
25.5102	0	0	0
25.5115	0	0	0
25.5128	0	0	0
25.5142	0	0	0
25.5155	0	0	0
25.5168	0	0	0
25.5181	0	0	0
25.5195	0	0	0
25.5208	0	0	0
25.5221	0	0	0
25.5235	0	0	0
25.5248	0	0	0
25.5261	0	0	0
25.5274	0	0	0
25.5288	0	0	0
25.5301	0	0	0
25.5314	0	0	0
25.5327	0	0	0
25.5341	0	0	0
25.5354	0	0	0
25.5367	0	0	0
25.5381	0	0	0
25.5394	0	0	0
25.5407	0	0	0
25.542	0	0	0
25.5434	0	0	0
25.5447	0	0	0
25.546	0	0	0
25.5473	0	0	0
25.5487	0	0	0
25.55	0	0	0
25.5513	0	0	0
25.5527	0	0	0
25.554	0	0	0
25.5553	0	0	0
25.5566	0	0	0
25.558	0	0	0
25.5593	0	0	0
25.5606	0	0	0
25.5619	0	0	0
25.5633	0	0	0
25.5646	0	0	0
25.5659	0	0	0
25.5673	0	0	0
25.5686	0	0	0
25.5699	0	0	0
25.5712	0	0	0
25.5726	0	0	0
25.5739	0	0	0
25.5752	0	0	0
25.5766	0	0	0
25.5779	0	0	0
25.5792	0	0	0
25.5805	0	0	0
25.5819	0	0	0
25.5832	0	0	0
25.5845	0	0	0
25.5858	0	0	0
25.5872	0	0	0
25.5885	0	0	0
25.5898	0	0	0
25.5912	0	0	0
25.5925	0	0	0
25.5938	0	0	0
25.5951	0	0	0
25.5965	0	0	0
25.5978	0	0	0
25.5991	0	0	0
25.6005	0	0	0
25.6018	0	0	0
25.6031	0	0	0
25.6044	0	0	0
25.6058	0	0	0
25.6071	0	0	0
25.6084	0	0	0
25.6098	0	0	0
25.6111	0	0	0
25.6124	0	0	0
25.6138	0	0	0
25.6151	0	0	0
25.6164	0	0	0
25.6178	0	0	0
25.6191	0	0	0
25.6204	0	0	0
25.6218	0	0	0
25.6231	0	0	0
25.6244	0	0	0
25.6258	0	0	0
25.6271	0	0	0
25.6284	0	0	0
25.6298	0	0	0
25.6311	0	0	0
25.6324	0	0	0
25.6337	0	0	0
25.6351	0	0	0
25.6364	0	0	0
25.6377	0	0	0
25.6391	0	0	0
25.6404	0	0	0
25.6417	0	0	0
25.6431	0	0	0
25.6444	0	0	0
25.6457	0	0	0
25.6471	0	0	0
25.6484	0	0	0
25.6497	0	0	0
25.6511	0	0	0
25.6524	0	0	0
25.6537	0	0	0
25.6551	0	0	0
25.6564	0	0	0
25.6577	0	0	0
25.6591	0	0	0
25.6604	0	0	0
25.6617	0	0	0
25.663	0	0	0
25.6644	0	0	0
25.6657	0	0	0
25.667	0	0	0
25.6684	0	0	0
25.6697	0	0	0
25.671	0	0	0
25.6724	0	0	0
25.6737	0	0	0
25.675	0	0	0
25.6764	0	0	0
25.6777	0	0	0
25.679	0	0	0
25.6804	0	0	0
25.6817	0	0	0
25.683	0	0	0
25.6844	0	0	0
25.6857	0	0	0
25.687	0	0	0
25.6884	0	0	0
25.6897	0	0	0
25.691	0	0	0
25.6923	0	0	0
25.6937	0	0	0
25.695	0	0	0
25.6963	0	0	0
25.6977	0	0	0
25.699	0	0	0
25.7003	0	0	0
25.7017	0	0	0
25.703	0	0	0
25.7043	0	0	0
25.7057	0	0	0
25.707	0	0	0
25.7083	0	0	0
25.7097	0	0	0
25.711	0	0	0
25.7123	0	0	0
25.7137	0	0	0
25.715	0	0	0
25.7163	0	0	0
25.7177	0	0	0
25.719	0	0	0
25.7203	0	0	0
25.7216	0	0	0
25.723	0	0	0
25.7243	0	0	0
25.7256	0	0	0
25.727	0	0	0
25.7283	0	0	0
25.7296	0	0	0
25.731	0	0	0
25.7323	0	0	0
25.7336	0	0	0
25.735	0	0	0
25.7363	0	0	0
25.7376	0	0	0
25.739	0	0	0
25.7403	0	0	0
25.7416	0	0	0
25.743	0	0	0
25.7443	0	0	0
25.7456	0	0	0
25.747	0	0	0
25.7483	0	0	0
25.7496	0	0	0
25.7509	0	0	0
25.7523	0	0	0
25.7536	0	0	0
25.7549	0	0	0
25.7563	0	0	0
25.7576	0	0	0
25.7589	0	0	0
25.7603	0	0	0
25.7616	0	0	0
25.7629	0	0	0
25.7643	0	0	0
25.7656	0	0	0
25.7669	0	0	0
25.7683	0	0	0
25.7696	0	0	0
25.7709	0	0	0
25.7723	0	0	0
25.7736	0	0	0
25.7749	0	0	0
25.7763	0	0	0
25.7776	0	0	0
25.7789	0	0	0
25.7802	0	0	0
25.7816	0	0	0
25.7829	0	0	0
25.7842	0	0	0
25.7856	0	0	0
25.7869	0	0	0
25.7882	0	0	0
25.7896	0	0	0
25.7909	0	0	0
25.7922	0	0	0
25.7936	0	0	0
25.7949	0	0	0
25.7962	0	0	0
25.7976	0	0	0
25.7989	0	0	0
25.8002	0	0	0
25.8016	0	0	0
25.8029	0	0	0
25.8042	0	0	0
25.8056	0	0	0
25.8069	0	0	0
25.8082	0	0	0
25.8095	0	0	0
25.8109	0	0	0
25.8122	0	0	0
25.8135	0	0	0
25.8149	0	0	0
25.8162	0	0	0
25.8175	0	0	0
25.8189	0	0	0
25.8202	0	0	0
25.8215	0	0	0
25.8229	0	0	0
25.8242	0	0	0
25.8255	0	0	0
25.8269	0	0	0
25.8282	0	0	0
25.8295	0	0	0
25.8309	0	0	0
25.8322	0	0	0
25.8335	0	0	0
25.8349	0	0	0
25.8362	0	0	0
25.8375	0	0	0
25.8388	0	0	0
25.8402	0	0	0
25.8415	0	0	0
25.8428	0	0	0
25.8442	0	0	0
25.8455	0	0	0
25.8468	0	0	0
25.8482	0	0	0
25.8495	0	0	0
25.8508	0	0	0
25.8522	0	0	0
25.8535	0	0	0
25.8548	0	0	0
25.8562	0	0	0
25.8575	0	0	0
25.8588	0	0	0
25.8602	0	0	0
25.8615	0	0	0
25.8628	0	0	0
25.8642	0	0	0
25.8655	0	0	0
25.8668	0	0	0
25.8681	0	0	0
25.8695	0	0	0
25.8708	0	0	0
25.8721	0	0	0
25.8735	0	0	0
25.8748	0	0	0
25.8761	0	0	0
25.8775	0	0	0
25.8788	0	0	0
25.8801	0	0	0
25.8815	0	0	0
25.8828	0	0	0
25.8841	0	0	0
25.8855	0	0	0
25.8868	0	0	0
25.8881	0	0	0
25.8895	0	0	0
25.8908	0	0	0
25.8921	0	0	0
25.8935	0	0	0
25.8948	0	0	0
25.8961	0	0	0
25.8974	0	0	0
25.8988	0	0	0
25.9001	0	0	0
25.9014	0	0	0
25.9028	0	0	0
25.9041	0	0	0
25.9054	0	0	0
25.9068	0	0	0
25.9081	0	0	0
25.9094	0	0	0
25.9108	0	0	0
25.9121	0	0	0
25.9134	0	0	0
25.9148	0	0	0
25.9161	0	0	0
25.9174	0	0	0
25.9188	0	0	0
25.9201	0	0	0
25.9214	0	0	0
25.9228	0	0	0
25.9241	0	0	0
25.9254	0	0	0
25.9267	0	0	0
25.9281	0	0	0
25.9294	0	0	0
25.9307	0	0	0
25.9321	0	0	0
25.9334	0	0	0
25.9347	0	0	0
25.9361	0	0	0
25.9374	0	0	0
25.9387	0	0	0
25.9401	0	0	0
25.9414	0	0	0
25.9427	0	0	0
25.9441	0	0	0
25.9454	0	0	0
25.9467	0	0	0
25.9481	0	0	0
25.9494	0	0	0
25.9507	0	0	0
25.9521	0	0	0
25.9534	0	0	0
25.9547	0	0	0
25.956	0	0	0
25.9574	0	0	0
25.9587	0	0	0
25.96	0	0	0
25.9614	0	0	0
25.9627	0	0	0
25.964	0	0	0
25.9654	0	0	0
25.9667	0	0	0
25.968	0	0	0
25.9694	0	0	0
25.9707	0	0	0
25.972	0	0	0
25.9734	0	0	0
25.9747	0	0	0
25.976	0	0	0
25.9774	0	0	0
25.9787	0	0	0
25.98	0	0	0
25.9814	0	0	0
25.9827	0	0	0
25.984	0	0	0
25.9853	0	0	0
25.9867	0	0	0
25.988	0	0	0
25.9893	0	0	0
25.9907	0	0	0
25.992	0	0	0
25.9933	0	0	0
25.9947	0	0	0
25.996	0	0	0
25.9973	0	0	0
25.9987	0	0	0
26	0	0	0
26.0013	0	0	0
26.0027	0	0	0
26.004	0	0	0
26.0053	0	0	0
26.0067	0	0	0
26.008	0	0	0
26.0093	0	0	0
26.0107	0	0	0
26.012	0	0	0
26.0133	0	0	0
26.0147	0	0	0
26.016	0	0	0
26.0173	0	0	0
26.0187	0	0	0
26.02	0	0	0
26.0213	0	0	0
26.0227	0	0	0
26.024	0	0	0
26.0253	0	0	0
26.0266	0	0	0
26.028	0	0	0
26.0293	0	0	0
26.0306	0	0	0
26.032	0	0	0
26.0333	0	0	0
26.0346	0	0	0
26.036	0	0	0
26.0373	0	0	0
26.0386	0	0	0
26.04	0	0	0
26.0413	0	0	0
26.0426	0	0	0
26.044	0	0	0
26.0453	0	0	0
26.0466	0	0	0
26.048	0	0	0
26.0493	0	0	0
26.0506	0	0	0
26.052	0	0	0
26.0533	0	0	0
26.0546	0	0	0
26.056	0	0	0
26.0573	0	0	0
26.0586	0	0	0
26.06	0	0	0
26.0613	0	0	0
26.0626	0	0	0
26.064	0	0	0
26.0653	0	0	0
26.0666	0	0	0
26.068	0	0	0
26.0693	0	0	0
26.0706	0	0	0
26.072	0	0	0
26.0733	0	0	0
26.0746	0	0	0
26.0759	0	0	0
26.0773	0	0	0
26.0786	0	0	0
26.0799	0	0	0
26.0813	0	0	0
26.0826	0	0	0
26.0839	0	0	0
26.0853	0	0	0
26.0866	0	0	0
26.0879	0	0	0
26.0893	0	0	0
26.0906	0	0	0
26.0919	0	0	0
26.0933	0	0	0
26.0946	0	0	0
26.0959	0	0	0
26.0973	0	0	0
26.0986	0	0	0
26.0999	0	0	0
26.1013	0	0	0
26.1026	0	0	0
26.1039	0	0	0
26.1053	0	0	0
26.1066	0	0	0
26.1079	0	0	0
26.1093	0	0	0
26.1106	0	0	0
26.1119	0	0	0
26.1133	0	0	0
26.1146	0	0	0
26.1159	0	0	0
26.1173	0	0	0
26.1186	0	0	0
26.1199	0	0	0
26.1213	0	0	0
26.1226	0	0	0
26.1239	0	0	0
26.1253	0	0	0
26.1266	0	0	0
26.1279	0	0	0
26.1293	0	0	0
26.1306	0	0	0
26.1319	0	0	0
26.1333	0	0	0
26.1346	0	0	0
26.1359	0	0	0
26.1373	0	0	0
26.1386	0	0	0
26.1399	0	0	0
26.1413	0	0	0
26.1426	0	0	0
26.1439	0	0	0
26.1453	0	0	0
26.1466	0	0	0
26.1479	0	0	0
26.1493	0	0	0
26.1506	0	0	0
26.1519	0	0	0
26.1533	0	0	0
26.1546	0	0	0
26.1559	0	0	0
26.1573	0	0	0
26.1586	0	0	0
26.1599	0	0	0
26.1613	0	0	0
26.1626	0	0	0
26.1639	0	0	0
26.1653	0	0	0
26.1666	0	0	0
26.1679	0	0	0
26.1693	0	0	0
26.1706	0	0	0
26.1719	0	0	0
26.1733	0	0	0
26.1746	0	0	0
26.1759	0	0	0
26.1773	0	0	0
26.1786	0	0	0
26.1799	0	0	0
26.1813	0	0	0
26.1826	0	0	0
26.1839	0	0	0
26.1853	0	0	0
26.1866	0	0	0
26.1879	0	0	0
26.1893	0	0	0
26.1906	0	0	0
26.1919	0	0	0
26.1933	0	0	0
26.1946	0	0	0
26.1959	0	0	0
26.1973	0	0	0
26.1986	0	0	0
26.1999	0	0	0
26.2013	0	0	0
26.2026	0	0	0
26.2039	0	0	0
26.2053	0	0	0
26.2066	0	0	0
26.2079	0	0	0
26.2093	0	0	0
26.2106	0	0	0
26.2119	0	0	0
26.2133	0	0	0
26.2146	0	0	0
26.2159	0	0	0
26.2173	0	0	0
26.2186	0	0	0
26.2199	0	0	0
26.2213	0	0	0
26.2226	0	0	0
26.2239	0	0	0
26.2253	0	0	0
26.2266	0	0	0
26.2279	0	0	0
26.2293	0	0	0
26.2306	0	0	0
26.2319	0	0	0
26.2333	0	0	0
26.2346	0	0	0
26.2359	0	0	0
26.2373	0	0	0
26.2386	0	0	0
26.2399	0	0	0
26.2413	0	0	0
26.2426	0	0	0
26.2439	0	0	0
26.2453	0	0	0
26.2466	0	0	0
26.2479	0	0	0
26.2493	0	0	0
26.2506	0	0	0
26.2519	0	0	0
26.2533	0	0	0
26.2546	0	0	0
26.2559	0	0	0
26.2573	0	0	0
26.2586	0	0	0
26.26	0	0	0
26.2613	0	0	0
26.2626	0	0	0
26.264	0	0	0
26.2653	0	0	0
26.2666	0	0	0
26.268	0	0	0
26.2693	0	0	0
26.2706	0	0	0
26.272	0	0	0
26.2733	0	0	0
26.2746	0	0	0
26.276	0	0	0
26.2773	0	0	0
26.2786	0	0	0
26.28	0	0	0
26.2813	0	0	0
26.2826	0	0	0
26.284	0	0	0
26.2853	0	0	0
26.2866	0	0	0
26.288	0	0	0
26.2893	0	0	0
26.2906	0	0	0
26.292	0	0	0
26.2933	0	0	0
26.2946	0	0	0
26.296	0	0	0
26.2973	0	0	0
26.2986	0	0	0
26.3	0	0	0
26.3013	0	0	0
26.3026	0	0	0
26.304	0	0	0
26.3053	0	0	0
26.3066	0	0	0
26.308	0	0	0
26.3093	0	0	0
26.3106	0	0	0
26.312	0	0	0
26.3133	0	0	0
26.3146	0	0	0
26.316	0	0	0
26.3173	0	0	0
26.3186	0	0	0
26.32	0	0	0
26.3213	0	0	0
26.3226	0	0	0
26.324	0	0	0
26.3253	0	0	0
26.3266	0	0	0
26.328	0	0	0
26.3293	0	0	0
26.3306	0	0	0
26.332	0	0	0
26.3333	0	0	0
26.3346	0	0	0
26.336	0	0	0
26.3373	0	0	0
26.3386	0	0	0
26.34	0	0	0
26.3413	0	0	0
26.3426	0	0	0
26.344	0	0	0
26.3453	0	0	0
26.3466	0	0	0
26.348	0	0	0
26.3493	0	0	0
26.3506	0	0	0
26.352	0	0	0
26.3533	0	0	0
26.3546	0	0	0
26.356	0	0	0
26.3573	0	0	0
26.3586	0	0	0
26.36	0	0	0
26.3613	0	0	0
26.3626	0	0	0
26.364	0	0	0
26.3653	0	0	0
26.3666	0	0	0
26.3679	0	0	0
26.3693	0	0	0
26.3706	0	0	0
26.3719	0	0	0
26.3733	0	0	0
26.3746	0	0	0
26.3759	0	0	0
26.3773	0	0	0
26.3786	0	0	0
26.3799	0	0	0
26.3813	0	0	0
26.3826	0	0	0
26.3839	0	0	0
26.3853	0	0	0
26.3866	0	0	0
26.3879	0	0	0
26.3893	0	0	0
26.3906	0	0	0
26.3919	0	0	0
26.3933	0	0	0
26.3946	0	0	0
26.3959	0	0	0
26.3973	0	0	0
26.3986	0	0	0
26.3999	0	0	0
26.4013	0	0	0
26.4026	0	0	0
26.4039	0	0	0
26.4053	0	0	0
26.4066	0	0	0
26.4079	0	0	0
26.4093	0	0	0
26.4106	0	0	0
26.4119	0	0	0
26.4132	0	0	0
26.4146	0	0	0
26.4159	0	0	0
26.4172	0	0	0
26.4186	0	0	0
26.4199	0	0	0
26.4212	0	0	0
26.4226	0	0	0
26.4239	0	0	0
26.4252	0	0	0
26.4266	0	0	0
26.4279	0	0	0
26.4292	0	0	0
26.4306	0	0	0
26.4319	0	0	0
26.4332	0	0	0
26.4346	0	0	0
26.4359	0	0	0
26.4372	0	0	0
26.4386	0	0	0
26.4399	0	0	0
26.4412	0	0	0
26.4426	0	0	0
26.4439	0	0	0
26.4452	0	0	0
26.4465	0	0	0
26.4479	0	0	0
26.4492	0	0	0
26.4505	0	0	0
26.4519	0	0	0
26.4532	0	0	0
26.4545	0	0	0
26.4559	0	0	0
26.4572	0	0	0
26.4585	0	0	0
26.4599	0	0	0
26.4612	0	0	0
26.4625	0	0	0
26.4639	0	0	0
26.4652	0	0	0
26.4665	0	0	0
26.4678	0	0	0
26.4692	0	0	0
26.4705	0	0	0
26.4718	0	0	0
26.4732	0	0	0
26.4745	0	0	0
26.4758	0	0	0
26.4772	0	0	0
26.4785	0	0	0
26.4798	0	0	0
26.4812	0	0	0
26.4825	0	0	0
26.4838	0	0	0
26.4852	0	0	0
26.4865	0	0	0
26.4878	0	0	0
26.4891	0	0	0
26.4905	0	0	0
26.4918	0	0	0
26.4931	0	0	0
26.4945	0	0	0
26.4958	0	0	0
26.4971	0	0	0
26.4985	0	0	0
26.4998	0	0	0
26.5011	0	0	0
26.5025	0	0	0
26.5038	0	0	0
26.5051	0	0	0
26.5064	0	0	0
26.5078	0	0	0
26.5091	0	0	0
26.5104	0	0	0
26.5118	0	0	0
26.5131	0	0	0
26.5144	0	0	0
26.5158	0	0	0
26.5171	0	0	0
26.5184	0	0	0
26.5197	0	0	0
26.5211	0	0	0
26.5224	0	0	0
26.5237	0	0	0
26.5251	0	0	0
26.5264	0	0	0
26.5277	0	0	0
26.5291	0	0	0
26.5304	0	0	0
26.5317	0	0	0
26.533	0	0	0
26.5344	0	0	0
26.5357	0	0	0
26.537	0	0	0
26.5384	0	0	0
26.5397	0	0	0
26.541	0	0	0
26.5424	0	0	0
26.5437	0	0	0
26.545	0	0	0
26.5463	0	0	0
26.5477	0	0	0
26.549	0	0	0
26.5503	0	0	0
26.5517	0	0	0
26.553	0	0	0
26.5543	0	0	0
26.5557	0	0	0
26.557	0	0	0
26.5583	0	0	0
26.5596	0	0	0
26.561	0	0	0
26.5623	0	0	0
26.5636	0	0	0
26.565	0	0	0
26.5663	0	0	0
26.5676	0	0	0
26.569	0	0	0
26.5703	0	0	0
26.5716	0	0	0
26.5729	0	0	0
26.5743	0	0	0
26.5756	0	0	0
26.5769	0	0	0
26.5783	0	0	0
26.5796	0	0	0
26.5809	0	0	0
26.5823	0	0	0
26.5836	0	0	0
26.5849	0	0	0
26.5862	0	0	0
26.5876	0	0	0
26.5889	0	0	0
26.5902	0	0	0
26.5916	0	0	0
26.5929	0	0	0
26.5942	0	0	0
26.5956	0	0	0
26.5969	0	0	0
26.5982	0	0	0
26.5995	0	0	0
26.6009	0	0	0
26.6022	0	0	0
26.6035	0	0	0
26.6049	0	0	0
26.6062	0	0	0
26.6075	0	0	0
26.6088	0	0	0
26.6102	0	0	0
26.6115	0	0	0
26.6128	0	0	0
26.6142	0	0	0
26.6155	0	0	0
26.6168	0	0	0
26.6181	0	0	0
26.6195	0	0	0
26.6208	0	0	0
26.6221	0	0	0
26.6235	0	0	0
26.6248	0	0	0
26.6261	0	0	0
26.6275	0	0	0
26.6288	0	0	0
26.6301	0	0	0
26.6314	0	0	0
26.6328	0	0	0
26.6341	0	0	0
26.6354	0	0	0
26.6368	0	0	0
26.6381	0	0	0
26.6394	0	0	0
26.6407	0	0	0
26.6421	0	0	0
26.6434	0	0	0
26.6447	0	0	0
26.6461	0	0	0
26.6474	0	0	0
26.6487	0	0	0
26.65	0	0	0
26.6514	0	0	0
26.6527	0	0	0
26.654	0	0	0
26.6554	0	0	0
26.6567	0	0	0
26.658	0	0	0
26.6593	0	0	0
26.6607	0	0	0
26.662	0	0	0
26.6633	0	0	0
26.6647	0	0	0
26.666	0	0	0
26.6673	0	0	0
26.6686	0	0	0
26.67	0	0	0
26.6713	0	0	0
26.6726	0	0	0
26.674	0	0	0
26.6753	0	0	0
26.6766	0	0	0
26.6779	0	0	0
26.6793	0	0	0
26.6806	0	0	0
26.6819	0	0	0
26.6833	0	0	0
26.6846	0	0	0
26.6859	0	0	0
26.6872	0	0	0
26.6886	0	0	0
26.6899	0	0	0
26.6912	0	0	0
26.6926	0	0	0
26.6939	0	0	0
26.6952	0	0	0
26.6965	0	0	0
26.6979	0	0	0
26.6992	0	0	0
26.7005	0	0	0
26.7019	0	0	0
26.7032	0	0	0
26.7045	0	0	0
26.7058	0	0	0
26.7072	0	0	0
26.7085	0	0	0
26.7098	0	0	0
26.7112	0	0	0
26.7125	0	0	0
26.7138	0	0	0
26.7151	0	0	0
26.7165	0	0	0
26.7178	0	0	0
26.7191	0	0	0
26.7205	0	0	0
26.7218	0	0	0
26.7231	0	0	0
26.7244	0	0	0
26.7258	0	0	0
26.7271	0	0	0
26.7284	0	0	0
26.7298	0	0	0
26.7311	0	0	0
26.7324	0	0	0
26.7337	0	0	0
26.7351	0	0	0
26.7364	0	0	0
26.7377	0	0	0
26.7391	0	0	0
26.7404	0	0	0
26.7417	0	0	0
26.743	0	0	0
26.7444	0	0	0
26.7457	0	0	0
26.747	0	0	0
26.7484	0	0	0
26.7497	0	0	0
26.751	0	0	0
26.7523	0	0	0
26.7537	0	0	0
26.755	0	0	0
26.7563	0	0	0
26.7577	0	0	0
26.759	0	0	0
26.7603	0	0	0
26.7616	0	0	0
26.763	0	0	0
26.7643	0	0	0
26.7656	0	0	0
26.7669	0	0	0
26.7683	0	0	0
26.7696	0	0	0
26.7709	0	0	0
26.7723	0	0	0
26.7736	0	0	0
26.7749	0	0	0
26.7762	0	0	0
26.7776	0	0	0
26.7789	0	0	0
26.7802	0	0	0
26.7815	0	0	0
26.7829	0	0	0
26.7842	0	0	0
26.7855	0	0	0
26.7869	0	0	0
26.7882	0	0	0
26.7895	0	0	0
26.7908	0	0	0
26.7922	0	0	0
26.7935	0	0	0
26.7948	0	0	0
26.7961	0	0	0
26.7975	0	0	0
26.7988	0	0	0
26.8001	0	0	0
26.8015	0	0	0
26.8028	0	0	0
26.8041	0	0	0
26.8054	0	0	0
26.8068	0	0	0
26.8081	0	0	0
26.8094	0	0	0
26.8107	0	0	0
26.8121	0	0	0
26.8134	0	0	0
26.8147	0	0	0
26.8161	0	0	0
26.8174	0	0	0
26.8187	0	0	0
26.82	0	0	0
26.8214	0	0	0
26.8227	0	0	0
26.824	0	0	0
26.8253	0	0	0
26.8267	0	0	0
26.828	0	0	0
26.8293	0	0	0
26.8307	0	0	0
26.832	0	0	0
26.8333	0	0	0
26.8346	0	0	0
26.836	0	0	0
26.8373	0	0	0
26.8386	0	0	0
26.8399	0	0	0
26.8413	0	0	0
26.8426	0	0	0
26.8439	0	0	0
26.8453	0	0	0
26.8466	0	0	0
26.8479	0	0	0
26.8492	0	0	0
26.8506	0	0	0
26.8519	0	0	0
26.8532	0	0	0
26.8545	0	0	0
26.8559	0	0	0
26.8572	0	0	0
26.8585	0	0	0
26.8599	0	0	0
26.8612	0	0	0
26.8625	0	0	0
26.8638	0	0	0
26.8652	0	0	0
26.8665	0	0	0
26.8678	0	0	0
26.8691	0	0	0
26.8705	0	0	0
26.8718	0	0	0
26.8731	0	0	0
26.8745	0	0	0
26.8758	0	0	0
26.8771	0	0	0
26.8784	0	0	0
26.8798	0	0	0
26.8811	0	0	0
26.8824	0	0	0
26.8837	0	0	0
26.8851	0	0	0
26.8864	0	0	0
26.8877	0	0	0
26.8891	0	0	0
26.8904	0	0	0
26.8917	0	0	0
26.893	0	0	0
26.8944	0	0	0
26.8957	0	0	0
26.897	0	0	0
26.8983	0	0	0
26.8997	0	0	0
26.901	0	0	0
26.9023	0	0	0
26.9037	0	0	0
26.905	0	0	0
26.9063	0	0	0
26.9076	0	0	0
26.909	0	0	0
26.9103	0	0	0
26.9116	0	0	0
26.9129	0	0	0
26.9143	0	0	0
26.9156	0	0	0
26.9169	0	0	0
26.9183	0	0	0
26.9196	0	0	0
26.9209	0	0	0
26.9222	0	0	0
26.9236	0	0	0
26.9249	0	0	0
26.9262	0	0	0
26.9275	0	0	0
26.9289	0	0	0
26.9302	0	0	0
26.9315	0	0	0
26.9329	0	0	0
26.9342	0	0	0
26.9355	0	0	0
26.9368	0	0	0
26.9382	0	0	0
26.9395	0	0	0
26.9408	0	0	0
26.9421	0	0	0
26.9435	0	0	0
26.9448	0	0	0
26.9461	0	0	0
26.9475	0	0	0
26.9488	0	0	0
26.9501	0	0	0
26.9514	0	0	0
26.9528	0	0	0
26.9541	0	0	0
26.9554	0	0	0
26.9567	0	0	0
26.9581	0	0	0
26.9594	0	0	0
26.9607	0	0	0
26.9621	0	0	0
26.9634	0	0	0
26.9647	0	0	0
26.966	0	0	0
26.9674	0	0	0
26.9687	0	0	0
26.97	0	0	0
26.9713	0	0	0
26.9727	0	0	0
26.974	0	0	0
26.9753	0	0	0
26.9767	0	0	0
26.978	0	0	0
26.9793	0	0	0
26.9806	0	0	0
26.982	0	0	0
26.9833	0	0	0
26.9846	0	0	0
26.9859	0	0	0
26.9873	0	0	0
26.9886	0	0	0
26.9899	0	0	0
26.9913	0	0	0
26.9926	0	0	0
26.9939	0	0	0
26.9952	0	0	0
26.9966	0	0	0
26.9979	0	0	0
26.9992	0	0	0
27.0005	0	0	0
27.0019	0	0	0
27.0032	0	0	0
27.0045	0	0	0
27.0059	0	0	0
27.0072	0	0	0
27.0085	0	0	0
27.0098	0	0	0
27.0112	0	0	0
27.0125	0	0	0
27.0138	0	0	0
27.0151	0	0	0
27.0165	0	0	0
27.0178	0	0	0
27.0191	0	0	0
27.0205	0	0	0
27.0218	0	0	0
27.0231	0	0	0
27.0244	0	0	0
27.0258	0	0	0
27.0271	0	0	0
27.0284	0	0	0
27.0297	0	0	0
27.0311	0	0	0
27.0324	0	0	0
27.0337	0	0	0
27.0351	0	0	0
27.0364	0	0	0
27.0377	0	0	0
27.039	0	0	0
27.0404	0	0	0
27.0417	0	0	0
27.043	0	0	0
27.0443	0	0	0
27.0457	0	0	0
27.047	0	0	0
27.0483	0	0	0
27.0497	0	0	0
27.051	0	0	0
27.0523	0	0	0
27.0536	0	0	0
27.055	0	0	0
27.0563	0	0	0
27.0576	0	0	0
27.0589	0	0	0
27.0603	0	0	0
27.0616	0	0	0
27.0629	0	0	0
27.0643	0	0	0
27.0656	0	0	0
27.0669	0	0	0
27.0682	0	0	0
27.0696	0	0	0
27.0709	0	0	0
27.0722	0	0	0
27.0735	0	0	0
27.0749	0	0	0
27.0762	0	0	0
27.0775	0	0	0
27.0789	0	0	0
27.0802	0	0	0
27.0815	0	0	0
27.0828	0	0	0
27.0842	0	0	0
27.0855	0	0	0
27.0868	0	0	0
27.0881	0	0	0
27.0895	0	0	0
27.0908	0	0	0
27.0921	0	0	0
27.0935	0	0	0
27.0948	0	0	0
27.0961	0	0	0
27.0974	0	0	0
27.0988	0	0	0
27.1001	0	0	0
27.1014	0	0	0
27.1027	0	0	0
27.1041	0	0	0
27.1054	0	0	0
27.1067	0	0	0
27.1081	0	0	0
27.1094	0	0	0
27.1107	0	0	0
27.112	0	0	0
27.1134	0	0	0
27.1147	0	0	0
27.116	0	0	0
27.1173	0	0	0
27.1187	0	0	0
27.12	0	0	0
27.1213	0	0	0
27.1227	0	0	0
27.124	0	0	0
27.1253	0	0	0
27.1266	0	0	0
27.128	0	0	0
27.1293	0	0	0
27.1306	0	0	0
27.1319	0	0	0
27.1333	0	0	0
27.1346	0	0	0
27.1359	0	0	0
27.1373	0	0	0
27.1386	0	0	0
27.1399	0	0	0
27.1412	0	0	0
27.1426	0	0	0
27.1439	0	0	0
27.1452	0	0	0
27.1465	0	0	0
27.1479	0	0	0
27.1492	0	0	0
27.1505	0	0	0
27.1519	0	0	0
27.1532	0	0	0
27.1545	0	0	0
27.1558	0	0	0
27.1572	0	0	0
27.1585	0	0	0
27.1598	0	0	0
27.1611	0	0	0
27.1625	0	0	0
27.1638	0	0	0
27.1651	0	0	0
27.1665	0	0	0
27.1678	0	0	0
27.1691	0	0	0
27.1704	0	0	0
27.1718	0	0	0
27.1731	0	0	0
27.1744	0	0	0
27.1757	0	0	0
27.1771	0	0	0
27.1784	0	0	0
27.1797	0	0	0
27.1811	0	0	0
27.1824	0	0	0
27.1837	0	0	0
27.185	0	0	0
27.1864	0	0	0
27.1877	0	0	0
27.189	0	0	0
27.1903	0	0	0
27.1917	0	0	0
27.193	0	0	0
27.1943	0	0	0
27.1957	0	0	0
27.197	0	0	0
27.1983	0	0	0
27.1996	0	0	0
27.201	0	0	0
27.2023	0	0	0
27.2036	0	0	0
27.205	0	0	0
27.2063	0	0	0
27.2076	0	0	0
27.2089	0	0	0
27.2103	0	0	0
27.2116	0	0	0
27.2129	0	0	0
27.2142	0	0	0
27.2156	0	0	0
27.2169	0	0	0
27.2182	0	0	0
27.2196	0	0	0
27.2209	0	0	0
27.2222	0	0	0
27.2235	0	0	0
27.2249	0	0	0
27.2262	0	0	0
27.2275	0	0	0
27.2288	0	0	0
27.2302	0	0	0
27.2315	0	0	0
27.2328	0	0	0
27.2342	0	0	0
27.2355	0	0	0
27.2368	0	0	0
27.2381	0	0	0
27.2395	0	0	0
27.2408	0	0	0
27.2421	0	0	0
27.2434	0	0	0
27.2448	0	0	0
27.2461	0	0	0
27.2474	0	0	0
27.2488	0	0	0
27.2501	0	0	0
27.2514	0	0	0
27.2527	0	0	0
27.2541	0	0	0
27.2554	0	0	0
27.2567	0	0	0
27.258	0	0	0
27.2594	0	0	0
27.2607	0	0	0
27.262	0	0	0
27.2634	0	0	0
27.2647	0	0	0
27.266	0	0	0
27.2673	0	0	0
27.2687	0	0	0
27.27	0	0	0
27.2713	0	0	0
27.2726	0	0	0
27.274	0	0	0
27.2753	0	0	0
27.2766	0	0	0
27.278	0	0	0
27.2793	0	0	0
27.2806	0	0	0
27.2819	0	0	0
27.2833	0	0	0
27.2846	0	0	0
27.2859	0	0	0
27.2872	0	0	0
27.2886	0	0	0
27.2899	0	0	0
27.2912	0	0	0
27.2926	0	0	0
27.2939	0	0	0
27.2952	0	0	0
27.2965	0	0	0
27.2979	0	0	0
27.2992	0	0	0
27.3005	0	0	0
27.3018	0	0	0
27.3032	0	0	0
27.3045	0	0	0
27.3058	0	0	0
27.3072	0	0	0
27.3085	0	0	0
27.3098	0	0	0
27.3111	0	0	0
27.3125	0	0	0
27.3138	0	0	0
27.3151	0	0	0
27.3164	0	0	0
27.3178	0	0	0
27.3191	0	0	0
27.3204	0	0	0
27.3218	0	0	0
27.3231	0	0	0
27.3244	0	0	0
27.3257	0	0	0
27.3271	0	0	0
27.3284	0	0	0
27.3297	0	0	0
27.331	0	0	0
27.3324	0	0	0
27.3337	0	0	0
27.335	0	0	0
27.3364	0	0	0
27.3377	0	0	0
27.339	0	0	0
27.3403	0	0	0
27.3417	0	0	0
27.343	0	0	0
27.3443	0	0	0
27.3456	0	0	0
27.347	0	0	0
27.3483	0	0	0
27.3496	0	0	0
27.351	0	0	0
27.3523	0	0	0
27.3536	0	0	0
27.3549	0	0	0
27.3563	0	0	0
27.3576	0	0	0
27.3589	0	0	0
27.3602	0	0	0
27.3616	0	0	0
27.3629	0	0	0
27.3642	0	0	0
27.3656	0	0	0
27.3669	0	0	0
27.3682	0	0	0
27.3695	0	0	0
27.3709	0	0	0
27.3722	0	0	0
27.3735	0	0	0
27.3748	0	0	0
27.3762	0	0	0
27.3775	0	0	0
27.3788	0	0	0
27.3802	0	0	0
27.3815	0	0	0
27.3828	0	0	0
27.3841	0	0	0
27.3855	0	0	0
27.3868	0	0	0
27.3881	0	0	0
27.3894	0	0	0
27.3908	0	0	0
27.3921	0	0	0
27.3934	0	0	0
27.3948	0	0	0
27.3961	0	0	0
27.3974	0	0	0
27.3987	0	0	0
27.4001	0	0	0
27.4014	0	0	0
27.4027	0	0	0
27.404	0	0	0
27.4054	0	0	0
27.4067	0	0	0
27.408	0	0	0
27.4094	0	0	0
27.4107	0	0	0
27.412	0	0	0
27.4133	0	0	0
27.4147	0	0	0
27.416	0	0	0
27.4173	0	0	0
27.4186	0	0	0
27.42	0	0	0
27.4213	0	0	0
27.4226	0	0	0
27.424	0	0	0
27.4253	0	0	0
27.4266	0	0	0
27.428	0	0	0
27.4293	0	0	0
27.4306	0	0	0
27.4319	0	0	0
27.4333	0	0	0
27.4346	0	0	0
27.4359	0	0	0
27.4373	0	0	0
27.4386	0	0	0
27.4399	0	0	0
27.4413	0	0	0
27.4426	0	0	0
27.4439	0	0	0
27.4452	0	0	0
27.4466	0	0	0
27.4479	0	0	0
27.4492	0	0	0
27.4506	0	0	0
27.4519	0	0	0
27.4532	0	0	0
27.4546	0	0	0
27.4559	0	0	0
27.4572	0	0	0
27.4585	0	0	0
27.4599	0	0	0
27.4612	0	0	0
27.4625	0	0	0
27.4639	0	0	0
27.4652	0	0	0
27.4665	0	0	0
27.4679	0	0	0
27.4692	0	0	0
27.4705	0	0	0
27.4719	0	0	0
27.4732	0	0	0
27.4745	0	0	0
27.4758	0	0	0
27.4772	0	0	0
27.4785	0	0	0
27.4798	0	0	0
27.4812	0	0	0
27.4825	0	0	0
27.4838	0	0	0
27.4852	0	0	0
27.4865	0	0	0
27.4878	0	0	0
27.4891	0	0	0
27.4905	0	0	0
27.4918	0	0	0
27.4931	0	0	0
27.4945	0	0	0
27.4958	0	0	0
27.4971	0	0	0
27.4985	0	0	0
27.4998	0	0	0
27.5011	0	0	0
27.5025	0	0	0
27.5038	0	0	0
27.5051	0	0	0
27.5064	0	0	0
27.5078	0	0	0
27.5091	0	0	0
27.5104	0	0	0
27.5118	0	0	0
27.5131	0	0	0
27.5144	0	0	0
27.5158	0	0	0
27.5171	0	0	0
27.5184	0	0	0
27.5197	0	0	0
27.5211	0	0	0
27.5224	0	0	0
27.5237	0	0	0
27.5251	0	0	0
27.5264	0	0	0
27.5277	0	0	0
27.5291	0	0	0
27.5304	0	0	0
27.5317	0	0	0
27.533	0	0	0
27.5344	0	0	0
27.5357	0	0	0
27.537	0	0	0
27.5384	0	0	0
27.5397	0	0	0
27.541	0	0	0
27.5424	0	0	0
27.5437	0	0	0
27.545	0	0	0
27.5464	0	0	0
27.5477	0	0	0
27.549	0	0	0
27.5503	0	0	0
27.5517	0	0	0
27.553	0	0	0
27.5543	0	0	0
27.5557	0	0	0
27.557	0	0	0
27.5583	0	0	0
27.5597	0	0	0
27.561	0	0	0
27.5623	0	0	0
27.5636	0	0	0
27.565	0	0	0
27.5663	0	0	0
27.5676	0	0	0
27.569	0	0	0
27.5703	0	0	0
27.5716	0	0	0
27.573	0	0	0
27.5743	0	0	0
27.5756	0	0	0
27.5769	0	0	0
27.5783	0	0	0
27.5796	0	0	0
27.5809	0	0	0
27.5823	0	0	0
27.5836	0	0	0
27.5849	0	0	0
27.5863	0	0	0
27.5876	0	0	0
27.5889	0	0	0
27.5903	0	0	0
27.5916	0	0	0
27.5929	0	0	0
27.5942	0	0	0
27.5956	0	0	0
27.5969	0	0	0
27.5982	0	0	0
27.5996	0	0	0
27.6009	0	0	0
27.6022	0	0	0
27.6036	0	0	0
27.6049	0	0	0
27.6062	0	0	0
27.6075	0	0	0
27.6089	0	0	0
27.6102	0	0	0
27.6115	0	0	0
27.6129	0	0	0
27.6142	0	0	0
27.6155	0	0	0
27.6169	0	0	0
27.6182	0	0	0
27.6195	0	0	0
27.6209	0	0	0
27.6222	0	0	0
27.6235	0	0	0
27.6248	0	0	0
27.6262	0	0	0
27.6275	0	0	0
27.6288	0	0	0
27.6302	0	0	0
27.6315	0	0	0
27.6328	0	0	0
27.6342	0	0	0
27.6355	0	0	0
27.6368	0	0	0
27.6381	0	0	0
27.6395	0	0	0
27.6408	0	0	0
27.6421	0	0	0
27.6435	0	0	0
27.6448	0	0	0
27.6461	0	0	0
27.6475	0	0	0
27.6488	0	0	0
27.6501	0	0	0
27.6514	0	0	0
27.6528	0	0	0
27.6541	0	0	0
27.6554	0	0	0
27.6568	0	0	0
27.6581	0	0	0
27.6594	0	0	0
27.6608	0	0	0
27.6621	0	0	0
27.6634	0	0	0
27.6648	0	0	0
27.6661	0	0	0
27.6674	0	0	0
27.6687	0	0	0
27.6701	0	0	0
27.6714	0	0	0
27.6727	0	0	0
27.6741	0	0	0
27.6754	0	0	0
27.6767	0	0	0
27.6781	0	0	0
27.6794	0	0	0
27.6807	0	0	0
27.682	0	0	0
27.6834	0	0	0
27.6847	0	0	0
27.6861	0	0	0
27.6874	0	0	0
27.6887	0	0	0
27.6901	0	0	0
27.6914	0	0	0
27.6927	0	0	0
27.6941	0	0	0
27.6954	0	0	0
27.6967	0	0	0
27.6981	0	0	0
27.6994	0	0	0
27.7008	0	0	0
27.7021	0	0	0
27.7034	0	0	0
27.7048	0	0	0
27.7061	0	0	0
27.7074	0	0	0
27.7088	0	0	0
27.7101	0	0	0
27.7114	0	0	0
27.7128	0	0	0
27.7141	0	0	0
27.7154	0	0	0
27.7168	0	0	0
27.7181	0	0	0
27.7195	0	0	0
27.7208	0	0	0
27.7221	0	0	0
27.7235	0	0	0
27.7248	0	0	0
27.7261	0	0	0
27.7275	0	0	0
27.7288	0	0	0
27.7301	0	0	0
27.7315	0	0	0
27.7328	0	0	0
27.7341	0	0	0
27.7355	0	0	0
27.7368	0	0	0
27.7382	0	0	0
27.7395	0	0	0
27.7408	0	0	0
27.7422	0	0	0
27.7435	0	0	0
27.7448	0	0	0
27.7462	0	0	0
27.7475	0	0	0
27.7488	0	0	0
27.7502	0	0	0
27.7515	0	0	0
27.7529	0	0	0
27.7542	0	0	0
27.7555	0	0	0
27.7569	0	0	0
27.7582	0	0	0
27.7595	0	0	0
27.7609	0	0	0
27.7622	0	0	0
27.7635	0	0	0
27.7649	0	0	0
27.7662	0	0	0
27.7675	0	0	0
27.7689	0	0	0
27.7702	0	0	0
27.7716	0	0	0
27.7729	0	0	0
27.7742	0	0	0
27.7756	0	0	0
27.7769	0	0	0
27.7782	0	0	0
27.7796	0	0	0
27.7809	0	0	0
27.7822	0	0	0
27.7836	0	0	0
27.7849	0	0	0
27.7863	0	0	0
27.7876	0	0	0
27.7889	0	0	0
27.7903	0	0	0
27.7916	0	0	0
27.7929	0	0	0
27.7943	0	0	0
27.7956	0	0	0
27.7969	0	0	0
27.7983	0	0	0
27.7996	0	0	0
27.8009	0	0	0
27.8023	0	0	0
27.8036	0	0	0
27.805	0	0	0
27.8063	0	0	0
27.8076	0	0	0
27.809	0	0	0
27.8103	0	0	0
27.8116	0	0	0
27.813	0	0	0
27.8143	0	0	0
27.8156	0	0	0
27.817	0	0	0
27.8183	0	0	0
27.8196	0	0	0
27.821	0	0	0
27.8223	0	0	0
27.8237	0	0	0
27.825	0	0	0
27.8263	0	0	0
27.8277	0	0	0
27.829	0	0	0
27.8303	0	0	0
27.8317	0	0	0
27.833	0	0	0
27.8343	0	0	0
27.8357	0	0	0
27.837	0	0	0
27.8384	0	0	0
27.8397	0	0	0
27.841	0	0	0
27.8424	0	0	0
27.8437	0	0	0
27.845	0	0	0
27.8464	0	0	0
27.8477	0	0	0
27.849	0	0	0
27.8504	0	0	0
27.8517	0	0	0
27.853	0	0	0
27.8544	0	0	0
27.8557	0	0	0
27.8571	0	0	0
27.8584	0	0	0
27.8597	0	0	0
27.8611	0	0	0
27.8624	0	0	0
27.8637	0	0	0
27.8651	0	0	0
27.8664	0	0	0
27.8677	0	0	0
27.8691	0	0	0
27.8704	0	0	0
27.8718	0	0	0
27.8731	0	0	0
27.8744	0	0	0
27.8758	0	0	0
27.8771	0	0	0
27.8784	0	0	0
27.8798	0	0	0
27.8811	0	0	0
27.8824	0	0	0
27.8838	0	0	0
27.8851	0	0	0
27.8864	0	0	0
27.8878	0	0	0
27.8891	0	0	0
27.8905	0	0	0
27.8918	0	0	0
27.8931	0	0	0
27.8945	0	0	0
27.8958	0	0	0
27.8971	0	0	0
27.8985	0	0	0
27.8998	0	0	0
27.9011	0	0	0
27.9025	0	0	0
27.9038	0	0	0
27.9051	0	0	0
27.9065	0	0	0
27.9078	0	0	0
27.9092	0	0	0
27.9105	0	0	0
27.9118	0	0	0
27.9132	0	0	0
27.9145	0	0	0
27.9158	0	0	0
27.9172	0	0	0
27.9185	0	0	0
27.9198	0	0	0
27.9212	0	0	0
27.9225	0	0	0
27.9239	0	0	0
27.9252	0	0	0
27.9265	0	0	0
27.9279	0	0	0
27.9292	0	0	0
27.9305	0	0	0
27.9319	0	0	0
27.9332	0	0	0
27.9345	0	0	0
27.9359	0	0	0
27.9372	0	0	0
27.9385	0	0	0
27.9399	0	0	0
27.9412	0	0	0
27.9426	0	0	0
27.9439	0	0	0
27.9452	0	0	0
27.9466	0	0	0
27.9479	0	0	0
27.9492	0	0	0
27.9506	0	0	0
27.9519	0	0	0
27.9532	0	0	0
27.9546	0	0	0
27.9559	0	0	0
27.9573	0	0	0
27.9586	0	0	0
27.9599	0	0	0
27.9613	0	0	0
27.9626	0	0	0
27.9639	0	0	0
27.9653	0	0	0
27.9666	0	0	0
27.9679	0	0	0
27.9693	0	0	0
27.9706	0	0	0
27.9719	0	0	0
27.9733	0	0	0
27.9746	0	0	0
27.976	0	0	0
27.9773	0	0	0
27.9786	0	0	0
27.98	0	0	0
27.9813	0	0	0
27.9826	0	0	0
27.984	0	0	0
27.9853	0	0	0
27.9866	0	0	0
27.988	0	0	0
27.9893	0	0	0
27.9906	0	0	0
27.992	0	0	0
27.9933	0	0	0
27.9947	0	0	0
27.996	0	0	0
27.9973	0	0	0
27.9987	0	0	0
28	0	0	0
28.0013	0	0	0
28.0027	0	0	0
28.004	0	0	0
28.0053	0	0	0
28.0067	0	0	0
28.008	0	0	0
28.0094	0	0	0
28.0107	0	0	0
28.012	0	0	0
28.0134	0	0	0
28.0147	0	0	0
28.016	0	0	0
28.0174	0	0	0
28.0187	0	0	0
28.0201	0	0	0
28.0214	0	0	0
28.0227	0	0	0
28.0241	0	0	0
28.0254	0	0	0
28.0267	0	0	0
28.0281	0	0	0
28.0294	0	0	0
28.0308	0	0	0
28.0321	0	0	0
28.0334	0	0	0
28.0348	0	0	0
28.0361	0	0	0
28.0374	0	0	0
28.0388	0	0	0
28.0401	0	0	0
28.0415	0	0	0
28.0428	0	0	0
28.0441	0	0	0
28.0455	0	0	0
28.0468	0	0	0
28.0482	0	0	0
28.0495	0	0	0
28.0508	0	0	0
28.0522	0	0	0
28.0535	0	0	0
28.0548	0	0	0
28.0562	0	0	0
28.0575	0	0	0
28.0589	0	0	0
28.0602	0	0	0
28.0615	0	0	0
28.0629	0	0	0
28.0642	0	0	0
28.0655	0	0	0
28.0669	0	0	0
28.0682	0	0	0
28.0696	0	0	0
28.0709	0	0	0
28.0722	0	0	0
28.0736	0	0	0
28.0749	0	0	0
28.0762	0	0	0
28.0776	0	0	0
28.0789	0	0	0
28.0803	0	0	0
28.0816	0	0	0
28.0829	0	0	0
28.0843	0	0	0
28.0856	0	0	0
28.0869	0	0	0
28.0883	0	0	0
28.0896	0	0	0
28.091	0	0	0
28.0923	0	0	0
28.0936	0	0	0
28.095	0	0	0
28.0963	0	0	0
28.0977	0	0	0
28.099	0	0	0
28.1003	0	0	0
28.1017	0	0	0
28.103	0	0	0
28.1043	0	0	0
28.1057	0	0	0
28.107	0	0	0
28.1084	0	0	0
28.1097	0	0	0
28.111	0	0	0
28.1124	0	0	0
28.1137	0	0	0
28.1151	0	0	0
28.1164	0	0	0
28.1177	0	0	0
28.1191	0	0	0
28.1204	0	0	0
28.1218	0	0	0
28.1231	0	0	0
28.1244	0	0	0
28.1258	0	0	0
28.1271	0	0	0
28.1284	0	0	0
28.1298	0	0	0
28.1311	0	0	0
28.1325	0	0	0
28.1338	0	0	0
28.1351	0	0	0
28.1365	0	0	0
28.1378	0	0	0
28.1392	0	0	0
28.1405	0	0	0
28.1418	0	0	0
28.1432	0	0	0
28.1445	0	0	0
28.1458	0	0	0
28.1472	0	0	0
28.1485	0	0	0
28.1499	0	0	0
28.1512	0	0	0
28.1525	0	0	0
28.1539	0	0	0
28.1552	0	0	0
28.1566	0	0	0
28.1579	0	0	0
28.1592	0	0	0
28.1606	0	0	0
28.1619	0	0	0
28.1633	0	0	0
28.1646	0	0	0
28.1659	0	0	0
28.1673	0	0	0
28.1686	0	0	0
28.17	0	0	0
28.1713	0	0	0
28.1726	0	0	0
28.174	0	0	0
28.1753	0	0	0
28.1767	0	0	0
28.178	0	0	0
28.1793	0	0	0
28.1807	0	0	0
28.182	0	0	0
28.1834	0	0	0
28.1847	0	0	0
28.186	0	0	0
28.1874	0	0	0
28.1887	0	0	0
28.19	0	0	0
28.1914	0	0	0
28.1927	0	0	0
28.1941	0	0	0
28.1954	0	0	0
28.1967	0	0	0
28.1981	0	0	0
28.1994	0	0	0
28.2008	0	0	0
28.2021	0	0	0
28.2034	0	0	0
28.2048	0	0	0
28.2061	0	0	0
28.2075	0	0	0
28.2088	0	0	0
28.2101	0	0	0
28.2115	0	0	0
28.2128	0	0	0
28.2142	0	0	0
28.2155	0	0	0
28.2168	0	0	0
28.2182	0	0	0
28.2195	0	0	0
28.2209	0	0	0
28.2222	0	0	0
28.2235	0	0	0
28.2249	0	0	0
28.2262	0	0	0
28.2276	0	0	0
28.2289	0	0	0
28.2302	0	0	0
28.2316	0	0	0
28.2329	0	0	0
28.2343	0	0	0
28.2356	0	0	0
28.2369	0	0	0
28.2383	0	0	0
28.2396	0	0	0
28.241	0	0	0
28.2423	0	0	0
28.2437	0	0	0
28.245	0	0	0
28.2463	0	0	0
28.2477	0	0	0
28.249	0	0	0
28.2504	0	0	0
28.2517	0	0	0
28.253	0	0	0
28.2544	0	0	0
28.2557	0	0	0
28.2571	0	0	0
28.2584	0	0	0
28.2597	0	0	0
28.2611	0	0	0
28.2624	0	0	0
28.2638	0	0	0
28.2651	0	0	0
28.2664	0	0	0
28.2678	0	0	0
28.2691	0	0	0
28.2705	0	0	0
28.2718	0	0	0
28.2731	0	0	0
28.2745	0	0	0
28.2758	0	0	0
28.2772	0	0	0
28.2785	0	0	0
28.2799	0	0	0
28.2812	0	0	0
28.2825	0	0	0
28.2839	0	0	0
28.2852	0	0	0
28.2866	0	0	0
28.2879	0	0	0
28.2892	0	0	0
28.2906	0	0	0
28.2919	0	0	0
28.2933	0	0	0
28.2946	0	0	0
28.2959	0	0	0
28.2973	0	0	0
28.2986	0	0	0
28.3	0	0	0
28.3013	0	0	0
28.3026	0	0	0
28.304	0	0	0
28.3053	0	0	0
28.3067	0	0	0
28.308	0	0	0
28.3094	0	0	0
28.3107	0	0	0
28.312	0	0	0
28.3134	0	0	0
28.3147	0	0	0
28.3161	0	0	0
28.3174	0	0	0
28.3187	0	0	0
28.3201	0	0	0
28.3214	0	0	0
28.3228	0	0	0
28.3241	0	0	0
28.3255	0	0	0
28.3268	0	0	0
28.3281	0	0	0
28.3295	0	0	0
28.3308	0	0	0
28.3322	0	0	0
28.3335	0	0	0
28.3348	0	0	0
28.3362	0	0	0
28.3375	0	0	0
28.3389	0	0	0
28.3402	0	0	0
28.3416	0	0	0
28.3429	0	0	0
28.3442	0	0	0
28.3456	0	0	0
28.3469	0	0	0
28.3483	0	0	0
28.3496	0	0	0
28.3509	0	0	0
28.3523	0	0	0
28.3536	0	0	0
28.355	0	0	0
28.3563	0	0	0
28.3577	0	0	0
28.359	0	0	0
28.3603	0	0	0
28.3617	0	0	0
28.363	0	0	0
28.3644	0	0	0
28.3657	0	0	0
28.367	0	0	0
28.3684	0	0	0
28.3697	0	0	0
28.3711	0	0	0
28.3724	0	0	0
28.3738	0	0	0
28.3751	0	0	0
28.3764	0	0	0
28.3778	0	0	0
28.3791	0	0	0
28.3805	0	0	0
28.3818	0	0	0
28.3832	0	0	0
28.3845	0	0	0
28.3858	0	0	0
28.3872	0	0	0
28.3885	0	0	0
28.3899	0	0	0
28.3912	0	0	0
28.3926	0	0	0
28.3939	0	0	0
28.3952	0	0	0
28.3966	0	0	0
28.3979	0	0	0
28.3993	0	0	0
28.4006	0	0	0
28.402	0	0	0
28.4033	0	0	0
28.4046	0	0	0
28.406	0	0	0
28.4073	0	0	0
28.4087	0	0	0
28.41	0	0	0
28.4114	0	0	0
28.4127	0	0	0
28.414	0	0	0
28.4154	0	0	0
28.4167	0	0	0
28.4181	0	0	0
28.4194	0	0	0
28.4208	0	0	0
28.4221	0	0	0
28.4234	0	0	0
28.4248	0	0	0
28.4261	0	0	0
28.4275	0	0	0
28.4288	0	0	0
28.4302	0	0	0
28.4315	0	0	0
28.4328	0	0	0
28.4342	0	0	0
28.4355	0	0	0
28.4369	0	0	0
28.4382	0	0	0
28.4396	0	0	0
28.4409	0	0	0
28.4422	0	0	0
28.4436	0	0	0
28.4449	0	0	0
28.4463	0	0	0
28.4476	0	0	0
28.449	0	0	0
28.4503	0	0	0
28.4516	0	0	0
28.453	0	0	0
28.4543	0	0	0
28.4557	0	0	0
28.457	0	0	0
28.4584	0	0	0
28.4597	0	0	0
28.461	0	0	0
28.4624	0	0	0
28.4637	0	0	0
28.4651	0	0	0
28.4664	0	0	0
28.4678	0	0	0
28.4691	0	0	0
28.4704	0	0	0
28.4718	0	0	0
28.4731	0	0	0
28.4745	0	0	0
28.4758	0	0	0
28.4772	0	0	0
28.4785	0	0	0
28.4799	0	0	0
28.4812	0	0	0
28.4825	0	0	0
28.4839	0	0	0
28.4852	0	0	0
28.4866	0	0	0
28.4879	0	0	0
28.4893	0	0	0
28.4906	0	0	0
28.492	0	0	0
28.4933	0	0	0
28.4946	0	0	0
28.496	0	0	0
28.4973	0	0	0
28.4987	0	0	0
28.5	0	0	0
28.5014	0	0	0
28.5027	0	0	0
28.5041	0	0	0
28.5054	0	0	0
28.5067	0	0	0
28.5081	0	0	0
28.5094	0	0	0
28.5108	0	0	0
28.5121	0	0	0
28.5135	0	0	0
28.5148	0	0	0
28.5161	0	0	0
28.5175	0	0	0
28.5188	0	0	0
28.5202	0	0	0
28.5215	0	0	0
28.5229	0	0	0
28.5242	0	0	0
28.5256	0	0	0
28.5269	0	0	0
28.5282	0	0	0
28.5296	0	0	0
28.5309	0	0	0
28.5323	0	0	0
28.5336	0	0	0
28.535	0	0	0
28.5363	0	0	0
28.5377	0	0	0
28.539	0	0	0
28.5403	0	0	0
28.5417	0	0	0
28.543	0	0	0
28.5444	0	0	0
28.5457	0	0	0
28.5471	0	0	0
28.5484	0	0	0
28.5497	0	0	0
28.5511	0	0	0
28.5524	0	0	0
28.5538	0	0	0
28.5551	0	0	0
28.5565	0	0	0
28.5578	0	0	0
28.5592	0	0	0
28.5605	0	0	0
28.5618	0	0	0
28.5632	0	0	0
28.5645	0	0	0
28.5659	0	0	0
28.5672	0	0	0
28.5686	0	0	0
28.5699	0	0	0
28.5713	0	0	0
28.5726	0	0	0
28.5739	0	0	0
28.5753	0	0	0
28.5766	0	0	0
28.578	0	0	0
28.5793	0	0	0
28.5807	0	0	0
28.582	0	0	0
28.5834	0	0	0
28.5847	0	0	0
28.586	0	0	0
28.5874	0	0	0
28.5887	0	0	0
28.5901	0	0	0
28.5914	0	0	0
28.5928	0	0	0
28.5941	0	0	0
28.5954	0	0	0
28.5968	0	0	0
28.5981	0	0	0
28.5995	0	0	0
28.6008	0	0	0
28.6022	0	0	0
28.6035	0	0	0
28.6048	0	0	0
28.6062	0	0	0
28.6075	0	0	0
28.6089	0	0	0
28.6102	0	0	0
28.6116	0	0	0
28.6129	0	0	0
28.6142	0	0	0
28.6156	0	0	0
28.6169	0	0	0
28.6183	0	0	0
28.6196	0	0	0
28.621	0	0	0
28.6223	0	0	0
28.6236	0	0	0
28.625	0	0	0
28.6263	0	0	0
28.6277	0	0	0
28.629	0	0	0
28.6304	0	0	0
28.6317	0	0	0
28.633	0	0	0
28.6344	0	0	0
28.6357	0	0	0
28.6371	0	0	0
28.6384	0	0	0
28.6398	0	0	0
28.6411	0	0	0
28.6424	0	0	0
28.6438	0	0	0
28.6451	0	0	0
28.6465	0	0	0
28.6478	0	0	0
28.6492	0	0	0
28.6505	0	0	0
28.6518	0	0	0
28.6532	0	0	0
28.6545	0	0	0
28.6559	0	0	0
28.6572	0	0	0
28.6586	0	0	0
28.6599	0	0	0
28.6612	0	0	0
28.6626	0	0	0
28.6639	0	0	0
28.6653	0	0	0
28.6666	0	0	0
28.668	0	0	0
28.6693	0	0	0
28.6706	0	0	0
28.672	0	0	0
28.6733	0	0	0
28.6747	0	0	0
28.676	0	0	0
28.6774	0	0	0
28.6787	0	0	0
28.68	0	0	0
28.6814	0	0	0
28.6827	0	0	0
28.6841	0	0	0
28.6854	0	0	0
28.6868	0	0	0
28.6881	0	0	0
28.6894	0	0	0
28.6908	0	0	0
28.6921	0	0	0
28.6935	0	0	0
28.6948	0	0	0
28.6962	0	0	0
28.6975	0	0	0
28.6988	0	0	0
28.7002	0	0	0
28.7015	0	0	0
28.7029	0	0	0
28.7042	0	0	0
28.7056	0	0	0
28.7069	0	0	0
28.7082	0	0	0
28.7096	0	0	0
28.7109	0	0	0
28.7123	0	0	0
28.7136	0	0	0
28.7149	0	0	0
28.7163	0	0	0
28.7176	0	0	0
28.719	0	0	0
28.7203	0	0	0
28.7217	0	0	0
28.723	0	0	0
28.7243	0	0	0
28.7257	0	0	0
28.727	0	0	0
28.7284	0	0	0
28.7297	0	0	0
28.731	0	0	0
28.7324	0	0	0
28.7337	0	0	0
28.7351	0	0	0
28.7364	0	0	0
28.7377	0	0	0
28.7391	0	0	0
28.7404	0	0	0
28.7418	0	0	0
28.7431	0	0	0
28.7445	0	0	0
28.7458	0	0	0
28.7471	0	0	0
28.7485	0	0	0
28.7498	0	0	0
28.7512	0	0	0
28.7525	0	0	0
28.7538	0	0	0
28.7552	0	0	0
28.7565	0	0	0
28.7579	0	0	0
28.7592	0	0	0
28.7606	0	0	0
28.7619	0	0	0
28.7632	0	0	0
28.7646	0	0	0
28.7659	0	0	0
28.7673	0	0	0
28.7686	0	0	0
28.7699	0	0	0
28.7713	0	0	0
28.7726	0	0	0
28.774	0	0	0
28.7753	0	0	0
28.7767	0	0	0
28.778	0	0	0
28.7793	0	0	0
28.7807	0	0	0
28.782	0	0	0
28.7834	0	0	0
28.7847	0	0	0
28.786	0	0	0
28.7874	0	0	0
28.7887	0	0	0
28.7901	0	0	0
28.7914	0	0	0
28.7927	0	0	0
28.7941	0	0	0
28.7954	0	0	0
28.7968	0	0	0
28.7981	0	0	0
28.7995	0	0	0
28.8008	0	0	0
28.8021	0	0	0
28.8035	0	0	0
28.8048	0	0	0
28.8062	0	0	0
28.8075	0	0	0
28.8088	0	0	0
28.8102	0	0	0
28.8115	0	0	0
28.8129	0	0	0
28.8142	0	0	0
28.8155	0	0	0
28.8169	0	0	0
28.8182	0	0	0
28.8196	0	0	0
28.8209	0	0	0
28.8222	0	0	0
28.8236	0	0	0
28.8249	0	0	0
28.8263	0	0	0
28.8276	0	0	0
28.8289	0	0	0
28.8303	0	0	0
28.8316	0	0	0
28.833	0	0	0
28.8343	0	0	0
28.8356	0	0	0
28.837	0	0	0
28.8383	0	0	0
28.8397	0	0	0
28.841	0	0	0
28.8423	0	0	0
28.8437	0	0	0
28.845	0	0	0
28.8464	0	0	0
28.8477	0	0	0
28.849	0	0	0
28.8504	0	0	0
28.8517	0	0	0
28.853	0	0	0
28.8544	0	0	0
28.8557	0	0	0
28.8571	0	0	0
28.8584	0	0	0
28.8597	0	0	0
28.8611	0	0	0
28.8624	0	0	0
28.8638	0	0	0
28.8651	0	0	0
28.8664	0	0	0
28.8678	0	0	0
28.8691	0	0	0
28.8705	0	0	0
28.8718	0	0	0
28.8731	0	0	0
28.8745	0	0	0
28.8758	0	0	0
28.8772	0	0	0
28.8785	0	0	0
28.8798	0	0	0
28.8812	0	0	0
28.8825	0	0	0
28.8839	0	0	0
28.8852	0	0	0
28.8865	0	0	0
28.8879	0	0	0
28.8892	0	0	0
28.8906	0	0	0
28.8919	0	0	0
28.8932	0	0	0
28.8946	0	0	0
28.8959	0	0	0
28.8973	0	0	0
28.8986	0	0	0
28.8999	0	0	0
28.9013	0	0	0
28.9026	0	0	0
28.904	0	0	0
28.9053	0	0	0
28.9066	0	0	0
28.908	0	0	0
28.9093	0	0	0
28.9107	0	0	0
28.912	0	0	0
28.9133	0	0	0
28.9147	0	0	0
28.916	0	0	0
28.9173	0	0	0
28.9187	0	0	0
28.92	0	0	0
28.9214	0	0	0
28.9227	0	0	0
28.924	0	0	0
28.9254	0	0	0
28.9267	0	0	0
28.928	0	0	0
28.9294	0	0	0
28.9307	0	0	0
28.9321	0	0	0
28.9334	0	0	0
28.9347	0	0	0
28.9361	0	0	0
28.9374	0	0	0
28.9388	0	0	0
28.9401	0	0	0
28.9414	0	0	0
28.9428	0	0	0
28.9441	0	0	0
28.9454	0	0	0
28.9468	0	0	0
28.9481	0	0	0
28.9495	0	0	0
28.9508	0	0	0
28.9521	0	0	0
28.9535	0	0	0
28.9548	0	0	0
28.9562	0	0	0
28.9575	0	0	0
28.9588	0	0	0
28.9602	0	0	0
28.9615	0	0	0
28.9628	0	0	0
28.9642	0	0	0
28.9655	0	0	0
28.9669	0	0	0
28.9682	0	0	0
28.9695	0	0	0
28.9709	0	0	0
28.9722	0	0	0
28.9736	0	0	0
28.9749	0	0	0
28.9762	0	0	0
28.9776	0	0	0
28.9789	0	0	0
28.9802	0	0	0
28.9816	0	0	0
28.9829	0	0	0
28.9843	0	0	0
28.9856	0	0	0
28.9869	0	0	0
28.9883	0	0	0
28.9896	0	0	0
28.9909	0	0	0
28.9923	0	0	0
28.9936	0	0	0
28.995	0	0	0
28.9963	0	0	0
28.9976	0	0	0
28.999	0	0	0
29.0003	0	0	0
29.0017	0	0	0
29.003	0	0	0
29.0043	0	0	0
29.0057	0	0	0
29.007	0	0	0
29.0083	0	0	0
29.0097	0	0	0
29.011	0	0	0
29.0124	0	0	0
29.0137	0	0	0
29.015	0	0	0
29.0164	0	0	0
29.0177	0	0	0
29.0191	0	0	0
29.0204	0	0	0
29.0217	0	0	0
29.0231	0	0	0
29.0244	0	0	0
29.0257	0	0	0
29.0271	0	0	0
29.0284	0	0	0
29.0298	0	0	0
29.0311	0	0	0
29.0324	0	0	0
29.0338	0	0	0
29.0351	0	0	0
29.0364	0	0	0
29.0378	0	0	0
29.0391	0	0	0
29.0405	0	0	0
29.0418	0	0	0
29.0431	0	0	0
29.0445	0	0	0
29.0458	0	0	0
29.0472	0	0	0
29.0485	0	0	0
29.0498	0	0	0
29.0512	0	0	0
29.0525	0	0	0
29.0538	0	0	0
29.0552	0	0	0
29.0565	0	0	0
29.0579	0	0	0
29.0592	0	0	0
29.0605	0	0	0
29.0619	0	0	0
29.0632	0	0	0
29.0646	0	0	0
29.0659	0	0	0
29.0672	0	0	0
29.0686	0	0	0
29.0699	0	0	0
29.0712	0	0	0
29.0726	0	0	0
29.0739	0	0	0
29.0753	0	0	0
29.0766	0	0	0
29.0779	0	0	0
29.0793	0	0	0
29.0806	0	0	0
29.0819	0	0	0
29.0833	0	0	0
29.0846	0	0	0
29.086	0	0	0
29.0873	0	0	0
29.0886	0	0	0
29.09	0	0	0
29.0913	0	0	0
29.0927	0	0	0
29.094	0	0	0
29.0953	0	0	0
29.0967	0	0	0
29.098	0	0	0
29.0993	0	0	0
29.1007	0	0	0
29.102	0	0	0
29.1034	0	0	0
29.1047	0	0	0
29.106	0	0	0
29.1074	0	0	0
29.1087	0	0	0
29.1101	0	0	0
29.1114	0	0	0
29.1127	0	0	0
29.1141	0	0	0
29.1154	0	0	0
29.1167	0	0	0
29.1181	0	0	0
29.1194	0	0	0
29.1208	0	0	0
29.1221	0	0	0
29.1234	0	0	0
29.1248	0	0	0
29.1261	0	0	0
29.1274	0	0	0
29.1288	0	0	0
29.1301	0	0	0
29.1314	0	0	0
29.1328	0	0	0
29.1341	0	0	0
29.1355	0	0	0
29.1368	0	0	0
29.1381	0	0	0
29.1395	0	0	0
29.1408	0	0	0
29.1421	0	0	0
29.1435	0	0	0
29.1448	0	0	0
29.1461	0	0	0
29.1475	0	0	0
29.1488	0	0	0
29.1502	0	0	0
29.1515	0	0	0
29.1528	0	0	0
29.1542	0	0	0
29.1555	0	0	0
29.1568	0	0	0
29.1582	0	0	0
29.1595	0	0	0
29.1608	0	0	0
29.1622	0	0	0
29.1635	0	0	0
29.1648	0	0	0
29.1662	0	0	0
29.1675	0	0	0
29.1689	0	0	0
29.1702	0	0	0
29.1715	0	0	0
29.1729	0	0	0
29.1742	0	0	0
29.1755	0	0	0
29.1769	0	0	0
29.1782	0	0	0
29.1795	0	0	0
29.1809	0	0	0
29.1822	0	0	0
29.1836	0	0	0
29.1849	0	0	0
29.1862	0	0	0
29.1876	0	0	0
29.1889	0	0	0
29.1902	0	0	0
29.1916	0	0	0
29.1929	0	0	0
29.1942	0	0	0
29.1956	0	0	0
29.1969	0	0	0
29.1983	0	0	0
29.1996	0	0	0
29.2009	0	0	0
29.2023	0	0	0
29.2036	0	0	0
29.2049	0	0	0
29.2063	0	0	0
29.2076	0	0	0
29.2089	0	0	0
29.2103	0	0	0
29.2116	0	0	0
29.213	0	0	0
29.2143	0	0	0
29.2156	0	0	0
29.217	0	0	0
29.2183	0	0	0
29.2196	0	0	0
29.221	0	0	0
29.2223	0	0	0
29.2236	0	0	0
29.225	0	0	0
29.2263	0	0	0
29.2277	0	0	0
29.229	0	0	0
29.2303	0	0	0
29.2317	0	0	0
29.233	0	0	0
29.2343	0	0	0
29.2357	0	0	0
29.237	0	0	0
29.2383	0	0	0
29.2397	0	0	0
29.241	0	0	0
29.2424	0	0	0
29.2437	0	0	0
29.245	0	0	0
29.2464	0	0	0
29.2477	0	0	0
29.249	0	0	0
29.2504	0	0	0
29.2517	0	0	0
29.253	0	0	0
29.2544	0	0	0
29.2557	0	0	0
29.2571	0	0	0
29.2584	0	0	0
29.2597	0	0	0
29.2611	0	0	0
29.2624	0	0	0
29.2637	0	0	0
29.2651	0	0	0
29.2664	0	0	0
29.2677	0	0	0
29.2691	0	0	0
29.2704	0	0	0
29.2717	0	0	0
29.2731	0	0	0
29.2744	0	0	0
29.2758	0	0	0
29.2771	0	0	0
29.2784	0	0	0
29.2798	0	0	0
29.2811	0	0	0
29.2824	0	0	0
29.2838	0	0	0
29.2851	0	0	0
29.2864	0	0	0
29.2878	0	0	0
29.2891	0	0	0
29.2905	0	0	0
29.2918	0	0	0
29.2931	0	0	0
29.2945	0	0	0
29.2958	0	0	0
29.2971	0	0	0
29.2985	0	0	0
29.2998	0	0	0
29.3011	0	0	0
29.3025	0	0	0
29.3038	0	0	0
29.3052	0	0	0
29.3065	0	0	0
29.3078	0	0	0
29.3092	0	0	0
29.3105	0	0	0
29.3118	0	0	0
29.3132	0	0	0
29.3145	0	0	0
29.3158	0	0	0
29.3172	0	0	0
29.3185	0	0	0
29.3199	0	0	0
29.3212	0	0	0
29.3225	0	0	0
29.3239	0	0	0
29.3252	0	0	0
29.3265	0	0	0
29.3279	0	0	0
29.3292	0	0	0
29.3305	0	0	0
29.3319	0	0	0
29.3332	0	0	0
29.3346	0	0	0
29.3359	0	0	0
29.3372	0	0	0
29.3386	0	0	0
29.3399	0	0	0
29.3412	0	0	0
29.3426	0	0	0
29.3439	0	0	0
29.3452	0	0	0
29.3466	0	0	0
29.3479	0	0	0
29.3493	0	0	0
29.3506	0	0	0
29.3519	0	0	0
29.3533	0	0	0
29.3546	0	0	0
29.3559	0	0	0
29.3573	0	0	0
29.3586	0	0	0
29.3599	0	0	0
29.3613	0	0	0
29.3626	0	0	0
29.3639	0	0	0
29.3653	0	0	0
29.3666	0	0	0
29.368	0	0	0
29.3693	0	0	0
29.3706	0	0	0
29.372	0	0	0
29.3733	0	0	0
29.3746	0	0	0
29.376	0	0	0
29.3773	0	0	0
29.3786	0	0	0
29.38	0	0	0
29.3813	0	0	0
29.3827	0	0	0
29.384	0	0	0
29.3853	0	0	0
29.3867	0	0	0
29.388	0	0	0
29.3893	0	0	0
29.3907	0	0	0
29.392	0	0	0
29.3933	0	0	0
29.3947	0	0	0
29.396	0	0	0
29.3974	0	0	0
29.3987	0	0	0
29.4	0	0	0
29.4014	0	0	0
29.4027	0	0	0
29.4041	0	0	0
29.4054	0	0	0
29.4067	0	0	0
29.4081	0	0	0
29.4094	0	0	0
29.4108	0	0	0
29.4121	0	0	0
29.4134	0	0	0
29.4148	0	0	0
29.4161	0	0	0
29.4174	0	0	0
29.4188	0	0	0
29.4201	0	0	0
29.4215	0	0	0
29.4228	0	0	0
29.4241	0	0	0
29.4255	0	0	0
29.4268	0	0	0
29.4282	0	0	0
29.4295	0	0	0
29.4308	0	0	0
29.4322	0	0	0
29.4335	0	0	0
29.4349	0	0	0
29.4362	0	0	0
29.4375	0	0	0
29.4389	0	0	0
29.4402	0	0	0
29.4416	0	0	0
29.4429	0	0	0
29.4442	0	0	0
29.4456	0	0	0
29.4469	0	0	0
29.4483	0	0	0
29.4496	0	0	0
29.4509	0	0	0
29.4523	0	0	0
29.4536	0	0	0
29.4549	0	0	0
29.4563	0	0	0
29.4576	0	0	0
29.459	0	0	0
29.4603	0	0	0
29.4616	0	0	0
29.463	0	0	0
29.4643	0	0	0
29.4657	0	0	0
29.467	0	0	0
29.4683	0	0	0
29.4697	0	0	0
29.471	0	0	0
29.4724	0	0	0
29.4737	0	0	0
29.475	0	0	0
29.4764	0	0	0
29.4777	0	0	0
29.4791	0	0	0
29.4804	0	0	0
29.4817	0	0	0
29.4831	0	0	0
29.4844	0	0	0
29.4857	0	0	0
29.4871	0	0	0
29.4884	0	0	0
29.4898	0	0	0
29.4911	0	0	0
29.4924	0	0	0
29.4938	0	0	0
29.4951	0	0	0
29.4965	0	0	0
29.4978	0	0	0
29.4991	0	0	0
29.5005	0	0	0
29.5018	0	0	0
29.5032	0	0	0
29.5045	0	0	0
29.5058	0	0	0
29.5072	0	0	0
29.5085	0	0	0
29.5099	0	0	0
29.5112	0	0	0
29.5125	0	0	0
29.5139	0	0	0
29.5152	0	0	0
29.5165	0	0	0
29.5179	0	0	0
29.5192	0	0	0
29.5206	0	0	0
29.5219	0	0	0
29.5232	0	0	0
29.5246	0	0	0
29.5259	0	0	0
29.5273	0	0	0
29.5286	0	0	0
29.5299	0	0	0
29.5313	0	0	0
29.5326	0	0	0
29.534	0	0	0
29.5353	0	0	0
29.5366	0	0	0
29.538	0	0	0
29.5393	0	0	0
29.5407	0	0	0
29.542	0	0	0
29.5433	0	0	0
29.5447	0	0	0
29.546	0	0	0
29.5474	0	0	0
29.5487	0	0	0
29.55	0	0	0
29.5514	0	0	0
29.5527	0	0	0
29.554	0	0	0
29.5554	0	0	0
29.5567	0	0	0
29.5581	0	0	0
29.5594	0	0	0
29.5607	0	0	0
29.5621	0	0	0
29.5634	0	0	0
29.5648	0	0	0
29.5661	0	0	0
29.5674	0	0	0
29.5688	0	0	0
29.5701	0	0	0
29.5715	0	0	0
29.5728	0	0	0
29.5741	0	0	0
29.5755	0	0	0
29.5768	0	0	0
29.5782	0	0	0
29.5795	0	0	0
29.5808	0	0	0
29.5822	0	0	0
29.5835	0	0	0
29.5848	0	0	0
29.5862	0	0	0
29.5875	0	0	0
29.5889	0	0	0
29.5902	0	0	0
29.5915	0	0	0
29.5929	0	0	0
29.5942	0	0	0
29.5956	0	0	0
29.5969	0	0	0
29.5982	0	0	0
29.5996	0	0	0
29.6009	0	0	0
29.6023	0	0	0
29.6036	0	0	0
29.6049	0	0	0
29.6063	0	0	0
29.6076	0	0	0
29.609	0	0	0
29.6103	0	0	0
29.6116	0	0	0
29.613	0	0	0
29.6143	0	0	0
29.6157	0	0	0
29.617	0	0	0
29.6183	0	0	0
29.6197	0	0	0
29.621	0	0	0
29.6223	0	0	0
29.6237	0	0	0
29.625	0	0	0
29.6264	0	0	0
29.6277	0	0	0
29.629	0	0	0
29.6304	0	0	0
29.6317	0	0	0
29.6331	0	0	0
29.6344	0	0	0
29.6357	0	0	0
29.6371	0	0	0
29.6384	0	0	0
29.6398	0	0	0
29.6411	0	0	0
29.6424	0	0	0
29.6438	0	0	0
29.6451	0	0	0
29.6465	0	0	0
29.6478	0	0	0
29.6491	0	0	0
29.6505	0	0	0
29.6518	0	0	0
29.6531	0	0	0
29.6545	0	0	0
29.6558	0	0	0
29.6572	0	0	0
29.6585	0	0	0
29.6598	0	0	0
29.6612	0	0	0
29.6625	0	0	0
29.6639	0	0	0
29.6652	0	0	0
29.6665	0	0	0
29.6679	0	0	0
29.6692	0	0	0
29.6706	0	0	0
29.6719	0	0	0
29.6732	0	0	0
29.6746	0	0	0
29.6759	0	0	0
29.6773	0	0	0
29.6786	0	0	0
29.6799	0	0	0
29.6813	0	0	0
29.6826	0	0	0
29.6839	0	0	0
29.6853	0	0	0
29.6866	0	0	0
29.688	0	0	0
29.6893	0	0	0
29.6906	0	0	0
29.692	0	0	0
29.6933	0	0	0
29.6947	0	0	0
29.696	0	0	0
29.6973	0	0	0
29.6987	0	0	0
29.7	0	0	0
29.7014	0	0	0
29.7027	0	0	0
29.704	0	0	0
29.7054	0	0	0
29.7067	0	0	0
29.7081	0	0	0
29.7094	0	0	0
29.7107	0	0	0
29.7121	0	0	0
29.7134	0	0	0
29.7148	0	0	0
29.7161	0	0	0
29.7174	0	0	0
29.7188	0	0	0
29.7201	0	0	0
29.7214	0	0	0
29.7228	0	0	0
29.7241	0	0	0
29.7255	0	0	0
29.7268	0	0	0
29.7281	0	0	0
29.7295	0	0	0
29.7308	0	0	0
29.7322	0	0	0
29.7335	0	0	0
29.7348	0	0	0
29.7362	0	0	0
29.7375	0	0	0
29.7389	0	0	0
29.7402	0	0	0
29.7415	0	0	0
29.7429	0	0	0
29.7442	0	0	0
29.7456	0	0	0
29.7469	0	0	0
29.7482	0	0	0
29.7496	0	0	0
29.7509	0	0	0
29.7522	0	0	0
29.7536	0	0	0
29.7549	0	0	0
29.7563	0	0	0
29.7576	0	0	0
29.7589	0	0	0
29.7603	0	0	0
29.7616	0	0	0
29.763	0	0	0
29.7643	0	0	0
29.7656	0	0	0
29.767	0	0	0
29.7683	0	0	0
29.7697	0	0	0
29.771	0	0	0
29.7723	0	0	0
29.7737	0	0	0
29.775	0	0	0
29.7764	0	0	0
29.7777	0	0	0
29.779	0	0	0
29.7804	0	0	0
29.7817	0	0	0
29.7831	0	0	0
29.7844	0	0	0
29.7857	0	0	0
29.7871	0	0	0
29.7884	0	0	0
29.7897	0	0	0
29.7911	0	0	0
29.7924	0	0	0
29.7938	0	0	0
29.7951	0	0	0
29.7964	0	0	0
29.7978	0	0	0
29.7991	0	0	0
29.8005	0	0	0
29.8018	0	0	0
29.8031	0	0	0
29.8045	0	0	0
29.8058	0	0	0
29.8072	0	0	0
29.8085	0	0	0
29.8098	0	0	0
29.8112	0	0	0
29.8125	0	0	0
29.8139	0	0	0
29.8152	0	0	0
29.8165	0	0	0
29.8179	0	0	0
29.8192	0	0	0
29.8205	0	0	0
29.8219	0	0	0
29.8232	0	0	0
29.8246	0	0	0
29.8259	0	0	0
29.8272	0	0	0
29.8286	0	0	0
29.8299	0	0	0
29.8313	0	0	0
29.8326	0	0	0
29.8339	0	0	0
29.8353	0	0	0
29.8366	0	0	0
29.838	0	0	0
29.8393	0	0	0
29.8406	0	0	0
29.842	0	0	0
29.8433	0	0	0
29.8447	0	0	0
29.846	0	0	0
29.8473	0	0	0
29.8487	0	0	0
29.85	0	0	0
29.8513	0	0	0
29.8527	0	0	0
29.854	0	0	0
29.8554	0	0	0
29.8567	0	0	0
29.858	0	0	0
29.8594	0	0	0
29.8607	0	0	0
29.8621	0	0	0
29.8634	0	0	0
29.8647	0	0	0
29.8661	0	0	0
29.8674	0	0	0
29.8688	0	0	0
29.8701	0	0	0
29.8714	0	0	0
29.8728	0	0	0
29.8741	0	0	0
29.8755	0	0	0
29.8768	0	0	0
29.8781	0	0	0
29.8795	0	0	0
29.8808	0	0	0
29.8822	0	0	0
29.8835	0	0	0
29.8848	0	0	0
29.8862	0	0	0
29.8875	0	0	0
29.8888	0	0	0
29.8902	0	0	0
29.8915	0	0	0
29.8929	0	0	0
29.8942	0	0	0
29.8955	0	0	0
29.8969	0	0	0
29.8982	0	0	0
29.8996	0	0	0
29.9009	0	0	0
29.9022	0	0	0
29.9036	0	0	0
29.9049	0	0	0
29.9063	0	0	0
29.9076	0	0	0
29.9089	0	0	0
29.9103	0	0	0
29.9116	0	0	0
29.913	0	0	0
29.9143	0	0	0
29.9156	0	0	0
29.917	0	0	0
29.9183	0	0	0
29.9196	0	0	0
29.921	0	0	0
29.9223	0	0	0
29.9237	0	0	0
29.925	0	0	0
29.9263	0	0	0
29.9277	0	0	0
29.929	0	0	0
29.9304	0	0	0
29.9317	0	0	0
29.933	0	0	0
29.9344	0	0	0
29.9357	0	0	0
29.9371	0	0	0
29.9384	0	0	0
29.9397	0	0	0
29.9411	0	0	0
29.9424	0	0	0
29.9438	0	0	0
29.9451	0	0	0
29.9464	0	0	0
29.9478	0	0	0
29.9491	0	0	0
29.9504	0	0	0
29.9518	0	0	0
29.9531	0	0	0
29.9545	0	0	0
29.9558	0	0	0
29.9571	0	0	0
29.9585	0	0	0
29.9598	0	0	0
29.9612	0	0	0
29.9625	0	0	0
29.9638	0	0	0
29.9652	0	0	0
29.9665	0	0	0
29.9679	0	0	0
29.9692	0	0	0
29.9705	0	0	0
29.9719	0	0	0
29.9732	0	0	0
29.9746	0	0	0
29.9759	0	0	0
29.9772	0	0	0
29.9786	0	0	0
29.9799	0	0	0
29.9813	0	0	0
29.9826	0	0	0
29.9839	0	0	0
29.9853	0	0	0
29.9866	0	0	0
29.9879	0	0	0
29.9893	0	0	0
29.9906	0	0	0
29.992	0	0	0
29.9933	0	0	0
29.9946	0	0	0
29.996	0	0	0
29.9973	0	0	0
29.9987	0	0	0
30	0	0	0
