/*--------------------------------*- C++ -*----------------------------------*\
| =========                 |                                                 |
| \\      /  F ield         | OpenFOAM: The Open Source CFD Toolbox           |
|  \\    /   O peration     | Version:  2412                                  |
|   \\  /    A nd           | Website:  www.openfoam.com                      |
|    \\/     M anipulation  |                                                 |
\*---------------------------------------------------------------------------*/
FoamFile
{
    version     2.0;
    format      ascii;
    arch        "LSB;label=32;scalar=64";
    class       volScalarField;
    location    "30";
    object      gamma;
}
// * * * * * * * * * * * * * * * * * * * * * * * * * * * * * * * * * * * * * //

dimensions      [ 0 0 0 0 0 0 0 ];

internalField   nonuniform List<scalar> 
55050
(
1
1
1
1
1
1
1
1
1
1
1
1
1
1
1
1
1
1
1
1
1
1
1
1
1
1
1
1
1
1
1
1
1
1
1
1
1
1
1
1
1
1
1
1
1
1
1
1
1
1
1
1
1
1
1
1
1
1
1
1
1
1
1
1
1
1
1
1
1
1
1
1
1
1
1
1
1
1
1
1
1
1
1
1
1
1
1
1
1
1
1
1
1
1
1
1
1
1
1
1
1
1
1
1
1
1
1
1
1
1
1
1
1
1
1
1
1
1
1
1
1
1
1
1
1
1
1
1
1
1
1
1
1
1
1
1
1
1
1
1
1
1
1
1
1
1
1
1
1
1
1
1
1
1
1
1
1
1
1
1
1
1
1
1
1
1
1
1
1
1
1
1
1
1
1
1
1
1
1
1
1
1
1
1
1
1
1
1
1
1
1
1
1
1
1
1
1
1
1
1
1
1
1
1
1
1
1
1
1
1
1
1
1
1
1
1
1
1
1
1
1
1
1
1
1
1
1
1
1
1
1
1
1
1
1
1
1
1
1
1
1
1
1
1
1
1
1
1
1
1
1
1
1
1
1
1
1
1
1
1
1
1
1
1
1
1
1
1
1
1
1
1
1
1
1
1
1
1
1
1
1
1
1
1
1
1
1
1
1
1
1
1
1
1
1
1
1
1
1
1
1
1
1
1
1
1
1
1
1
1
1
1
1
1
1
1
1
1
1
1
1
1
1
1
1
1
1
1
1
1
1
1
1
1
1
1
1
1
1
1
1
1
1
1
1
1
1
1
1
1
1
1
1
1
1
1
1
1
1
1
1
1
1
1
1
1
1
1
1
1
1
1
1
1
1
1
1
1
1
1
1
1
1
1
1
1
1
1
1
1
1
1
1
1
1
1
1
1
1
1
1
1
1
1
1
1
1
1
1
1
1
1
1
1
1
1
1
1
1
1
1
1
1
1
1
1
1
1
1
1
1
1
1
1
1
1
1
1
1
1
1
1
1
1
1
1
1
1
1
1
1
1
1
1
1
1
1
1
1
1
1
1
1
1
1
1
1
1
1
1
1
1
1
1
1
1
1
1
1
1
1
1
1
1
1
1
1
1
1
1
1
1
1
1
1
1
1
1
1
1
1
1
1
1
1
1
1
1
1
1
1
1
1
1
1
1
1
1
1
1
1
1
1
1
1
1
1
1
1
1
1
1
1
1
1
1
1
1
1
1
1
1
1
1
1
1
1
1
1
1
1
1
1
1
1
1
1
1
1
1
1
1
1
1
1
1
1
1
1
1
1
1
1
1
1
1
1
1
1
1
1
1
1
1
1
1
1
1
1
1
1
1
1
1
1
1
1
1
1
1
1
1
1
1
1
1
1
1
1
1
1
1
1
1
1
1
1
1
1
1
1
1
1
1
1
1
1
1
1
1
1
1
1
1
1
1
1
1
1
1
1
1
1
1
1
1
1
1
1
1
1
1
1
1
1
1
1
1
1
1
1
1
1
1
1
1
1
1
1
1
1
1
1
1
1
1
1
1
1
1
1
1
1
1
1
1
1
1
1
1
1
1
1
1
1
1
1
1
1
1
1
1
1
1
1
1
1
1
1
1
1
1
1
1
1
1
1
1
1
1
1
1
1
1
1
1
1
1
1
1
1
1
1
1
1
1
1
1
1
1
1
1
1
1
1
1
1
1
1
1
1
1
1
1
1
1
1
1
1
1
1
1
1
1
1
1
1
1
1
1
1
1
1
1
1
1
1
1
1
1
1
1
1
1
1
1
1
1
1
1
1
1
1
1
1
1
1
1
1
1
1
1
1
1
1
1
1
1
1
1
1
1
1
1
1
1
1
1
1
1
1
1
1
1
1
1
1
1
1
1
1
1
1
1
1
1
1
1
1
1
1
1
1
1
1
1
1
1
1
1
1
1
1
1
1
1
1
1
1
1
1
1
1
1
1
1
1
1
1
1
1
1
1
1
1
1
1
1
1
1
1
1
1
1
1
1
1
1
1
1
1
1
1
1
1
1
1
1
1
1
1
1
1
1
1
1
1
1
1
1
1
1
1
1
1
1
1
1
1
1
1
1
1
1
1
1
1
1
1
1
1
1
1
1
1
1
1
1
1
1
1
1
1
1
1
1
1
1
1
1
1
1
1
1
1
1
1
1
1
1
1
1
1
1
1
1
1
1
1
1
1
1
1
1
1
1
1
1
1
1
1
1
1
1
1
1
1
1
1
1
1
1
1
1
1
1
1
1
1
1
1
1
1
1
1
1
1
1
1
1
1
1
1
1
1
1
1
1
1
1
1
1
1
1
1
1
1
1
1
1
1
1
1
1
1
1
1
1
1
1
1
1
1
1
1
1
1
1
1
1
1
1
1
1
1
1
1
1
1
1
1
1
1
1
1
1
1
1
1
1
1
1
1
1
1
1
1
1
1
1
1
1
1
1
1
1
1
1
1
1
1
1
1
1
1
1
1
1
1
1
1
1
1
1
1
1
1
1
1
1
1
1
1
1
1
1
1
1
1
1
1
1
1
1
1
1
1
1
1
1
1
1
1
1
1
1
1
1
1
1
1
1
1
1
1
1
1
1
1
1
1
1
1
1
1
1
1
1
1
1
1
1
1
1
1
1
1
1
1
1
1
1
1
1
1
1
1
1
1
1
1
1
1
1
1
1
1
1
1
1
1
1
1
1
1
1
1
1
1
1
1
1
1
1
1
1
1
1
1
1
1
1
1
1
1
1
1
1
1
1
1
1
1
1
1
1
1
1
1
1
1
1
1
1
1
1
1
1
1
1
1
1
1
1
1
1
1
1
1
1
1
1
1
1
1
1
1
1
1
1
1
1
1
1
1
1
1
1
1
1
1
1
1
1
1
1
1
1
1
1
1
1
1
1
1
1
1
1
1
1
1
1
1
1
1
1
1
1
1
1
1
1
1
1
1
1
1
1
1
1
1
1
1
1
1
1
1
1
1
1
1
1
1
1
1
1
1
1
1
1
1
1
1
1
1
1
1
1
1
1
1
1
1
1
1
1
1
1
1
1
1
1
1
1
1
1
1
1
1
1
1
1
1
1
1
1
1
1
1
1
1
1
1
1
1
1
1
1
1
1
1
1
1
1
1
1
1
1
1
1
1
1
1
1
1
1
1
1
1
1
1
1
1
1
1
1
1
1
1
1
1
1
1
1
1
1
1
1
1
1
1
1
1
1
1
1
1
1
1
1
1
1
1
1
1
1
1
1
1
1
1
1
1
1
1
1
1
1
1
1
1
1
1
1
1
1
1
1
1
1
1
1
1
1
1
1
1
1
1
1
1
1
1
1
1
1
1
1
1
1
1
1
1
1
1
1
1
1
1
1
1
1
1
1
1
1
1
1
1
1
1
1
1
1
1
1
1
1
1
1
1
1
1
1
1
1
1
1
1
1
1
1
1
1
1
1
1
1
1
1
1
1
1
1
1
1
1
1
1
1
1
1
1
1
1
1
1
1
1
1
1
1
1
1
1
1
1
1
1
1
1
1
1
1
1
1
1
1
1
1
1
1
1
1
1
1
1
1
1
1
1
1
1
1
1
1
1
1
1
1
1
1
1
1
1
1
1
1
1
1
1
1
1
1
1
1
1
1
1
1
1
1
1
1
1
1
1
1
1
1
1
1
1
1
1
1
1
1
1
1
1
1
1
1
1
1
1
1
1
1
1
1
1
1
1
1
1
1
1
1
1
1
1
1
1
1
1
1
1
1
1
1
1
1
1
1
1
1
1
1
1
1
1
1
1
1
1
1
1
1
1
1
1
1
1
1
1
1
1
1
1
1
1
1
1
1
1
1
1
1
1
1
1
1
1
1
1
1
1
1
1
1
1
1
1
1
1
1
1
1
1
1
1
1
1
1
1
1
1
1
1
1
1
1
1
1
1
1
1
1
1
1
1
1
1
1
1
1
1
1
1
1
1
1
1
1
1
1
1
1
1
1
1
1
1
1
1
1
1
1
1
1
1
1
1
1
1
1
1
1
1
1
1
1
1
1
1
1
1
1
1
1
1
1
1
1
1
1
1
1
1
1
1
1
1
1
1
1
1
1
1
1
1
1
1
1
1
1
1
1
1
1
1
1
1
1
1
1
1
1
1
1
1
1
1
1
1
1
1
1
1
1
1
1
1
1
1
1
1
1
1
1
1
1
1
1
1
1
1
1
1
1
1
1
1
1
1
1
1
1
1
1
1
1
1
1
1
1
1
1
1
1
1
1
1
1
1
1
1
1
1
1
1
1
1
1
1
1
1
1
1
1
1
1
1
1
1
1
1
1
1
1
1
1
1
1
1
1
1
1
1
1
1
1
1
1
1
1
1
1
1
1
1
1
1
1
1
1
1
1
1
1
1
1
1
1
1
1
1
1
1
1
1
1
1
1
1
1
1
1
1
1
1
1
1
1
1
1
1
1
1
1
1
1
1
1
1
1
1
1
1
1
1
1
1
1
1
1
1
1
1
1
1
1
1
1
1
1
1
1
1
1
1
1
1
1
1
1
1
1
1
1
1
1
1
1
1
1
1
1
1
1
1
1
1
1
1
1
1
1
1
1
1
1
1
1
1
1
1
1
1
1
1
1
1
1
1
1
1
1
1
1
1
1
1
1
1
1
1
1
1
1
1
1
1
1
1
1
1
1
1
1
1
1
1
1
1
1
1
1
1
1
1
1
1
1
1
1
1
1
1
1
1
1
1
1
1
1
1
1
1
1
1
1
1
1
1
1
1
1
1
1
1
1
1
1
1
1
1
1
1
1
1
1
1
1
1
1
1
1
1
1
1
1
1
1
1
1
1
1
1
1
1
1
1
1
1
1
1
1
1
1
1
1
1
1
1
1
1
1
1
1
1
1
1
1
1
1
1
1
1
1
1
1
1
1
1
1
1
1
1
1
1
1
1
1
1
1
1
1
1
1
1
1
1
1
1
1
1
1
1
1
1
1
1
1
1
1
1
1
1
1
1
1
1
1
1
1
1
1
1
1
1
1
1
1
1
1
1
1
1
1
1
1
1
1
1
1
1
1
1
1
1
1
1
1
1
1
1
1
1
1
1
1
1
1
1
1
1
1
1
1
1
1
1
1
1
1
1
1
1
1
1
1
1
1
1
1
1
1
1
1
1
1
1
1
1
1
1
1
1
1
1
1
1
1
1
1
1
1
1
1
1
1
1
1
1
1
1
1
1
1
1
1
1
1
1
1
1
1
1
1
1
1
1
1
1
1
1
1
1
1
1
1
1
1
1
1
1
1
1
1
1
1
1
1
1
1
1
1
1
1
1
1
1
1
1
1
1
1
1
1
1
1
1
1
1
1
1
1
1
1
1
1
1
1
1
1
1
1
1
1
1
1
1
1
1
1
1
1
1
1
1
1
1
1
1
1
1
1
1
1
1
1
1
1
1
1
1
1
1
1
1
1
1
1
1
1
1
1
1
1
1
1
1
1
1
1
1
1
1
1
1
1
1
1
1
1
1
1
1
1
1
1
1
1
1
1
1
1
1
1
1
1
1
1
1
1
1
1
1
1
1
1
1
1
1
1
1
1
1
1
1
1
1
1
1
1
1
1
1
1
1
1
1
1
1
1
1
1
1
1
1
1
1
1
1
1
1
1
1
1
1
1
1
1
1
1
1
1
1
1
1
1
1
1
1
1
1
1
1
1
1
1
1
1
1
1
1
1
1
1
1
1
1
1
1
1
1
1
1
1
1
1
1
1
1
1
1
1
1
1
1
1
1
1
1
1
1
1
1
1
1
1
1
1
1
1
1
1
1
1
1
1
1
1
1
1
1
1
1
1
1
1
1
1
1
1
1
1
1
1
1
1
1
1
1
1
1
1
1
1
1
1
1
1
1
1
1
1
1
1
1
1
1
1
1
1
1
1
1
1
1
1
1
1
1
1
1
1
1
1
1
1
1
1
1
1
1
1
1
1
1
1
1
1
1
1
1
1
1
1
1
1
1
1
1
1
1
1
1
1
1
1
1
1
1
1
1
1
1
1
1
1
1
1
1
1
1
1
1
1
1
1
1
1
1
1
1
1
1
1
1
1
1
1
1
1
1
1
1
1
1
1
1
1
1
1
1
1
1
1
1
1
1
1
1
1
1
1
1
1
1
1
1
1
1
1
1
1
1
1
1
1
1
1
1
1
1
1
1
1
1
1
1
1
1
1
1
1
1
1
1
1
1
1
1
1
1
1
1
1
1
1
1
1
1
1
1
1
1
1
1
1
1
1
1
1
1
1
1
1
1
1
1
1
1
1
1
1
1
1
1
1
1
1
1
1
1
1
1
1
1
1
1
1
1
1
1
1
1
1
1
1
1
1
1
1
1
1
1
1
1
1
1
1
1
1
1
1
1
1
1
1
1
1
1
1
1
1
1
1
1
1
1
1
1
1
1
1
1
1
1
1
1
1
1
1
1
1
1
1
1
1
1
1
1
1
1
1
1
1
1
1
1
1
1
1
1
1
1
1
1
1
1
1
1
1
1
1
1
1
1
1
1
1
1
1
1
1
1
1
1
1
1
1
1
1
1
1
1
1
1
1
1
1
1
1
1
1
1
1
1
1
1
1
1
1
1
1
1
1
1
1
1
1
1
1
1
1
1
1
1
1
1
1
1
1
1
1
1
1
1
1
1
1
1
1
1
1
1
1
1
1
1
1
1
1
1
1
1
1
1
1
1
1
1
1
1
1
1
1
1
1
1
1
1
1
1
1
1
1
1
1
1
1
1
1
1
1
1
1
1
1
1
1
1
1
1
1
1
1
1
1
1
1
1
1
1
1
1
1
1
1
1
1
1
1
1
1
1
1
1
1
1
1
1
1
1
1
1
1
1
1
1
1
1
1
1
1
1
1
1
1
1
1
1
1
1
1
1
1
1
1
1
1
1
1
1
1
1
1
1
1
1
1
1
1
1
1
1
1
1
1
1
1
1
1
1
1
1
1
1
1
1
1
1
1
1
1
1
1
1
1
1
1
1
1
1
1
1
1
1
1
1
1
1
1
1
1
1
1
1
1
1
1
1
1
1
1
1
1
1
1
1
1
1
1
1
1
1
1
1
1
1
1
1
1
1
1
1
1
1
1
1
1
1
1
1
1
1
1
1
1
1
1
1
1
1
1
1
1
1
1
1
1
1
1
1
1
1
1
1
1
1
1
1
1
1
1
1
1
1
1
1
1
1
1
1
1
1
1
1
1
1
1
1
1
1
1
1
1
1
1
1
1
1
1
1
1
1
1
1
1
1
1
1
1
1
1
1
1
1
1
1
1
1
1
1
1
1
1
1
1
1
1
1
1
1
1
1
1
1
1
1
1
1
1
1
1
1
1
1
1
1
1
1
1
1
1
1
1
1
1
1
1
1
1
1
1
1
1
1
1
1
1
1
1
1
1
1
1
1
1
1
1
1
1
1
1
1
1
1
1
1
1
1
1
1
1
1
1
1
1
1
1
1
1
1
1
1
1
1
1
1
1
1
1
1
1
1
1
1
1
1
1
1
1
1
1
1
1
1
1
1
1
1
1
1
1
1
1
1
1
1
1
1
1
1
1
1
1
1
1
1
1
1
1
1
1
1
1
1
1
1
1
1
1
1
1
1
1
1
1
1
1
1
1
1
1
1
1
1
1
1
1
1
1
1
1
1
1
1
1
1
1
1
1
1
1
1
1
1
1
1
1
1
1
1
1
1
1
1
1
1
1
1
1
1
1
1
1
1
1
1
1
1
1
1
1
1
1
1
1
1
1
1
1
1
1
1
1
1
1
1
1
1
1
1
1
1
1
1
1
1
1
1
1
1
1
1
1
1
1
1
1
1
1
1
1
1
1
1
1
1
1
1
1
1
1
1
1
1
1
1
1
1
1
1
1
1
1
1
1
1
1
1
1
1
1
1
1
1
1
1
1
1
1
1
1
1
1
1
1
1
1
1
1
1
1
1
1
1
1
1
1
1
1
1
1
1
1
1
1
1
1
1
1
1
1
1
1
1
1
1
1
1
1
1
1
1
1
1
1
1
1
1
1
1
1
1
1
1
1
1
1
1
1
1
1
1
1
1
1
1
1
1
1
1
1
1
1
1
1
1
1
1
1
1
1
1
1
1
1
1
1
1
1
1
1
1
1
1
1
1
1
1
1
1
1
1
1
1
1
1
1
1
1
1
1
1
1
1
1
1
1
1
1
1
1
1
1
1
1
1
1
1
1
1
1
1
1
1
1
1
1
1
1
1
1
1
1
1
1
1
1
1
1
1
1
1
1
1
1
1
1
1
1
1
1
1
1
1
1
1
1
1
1
1
1
1
1
1
1
1
1
1
1
1
1
1
1
1
1
1
1
1
1
1
1
1
1
1
1
1
1
1
1
1
1
1
1
1
1
1
1
1
1
1
1
1
1
1
1
1
1
1
1
1
1
1
1
1
1
1
1
1
1
1
1
1
1
1
1
1
1
1
1
1
1
1
1
1
1
1
1
1
1
1
1
1
1
1
1
1
1
1
1
1
1
1
1
1
1
1
1
1
1
1
1
1
1
1
1
1
1
1
1
1
1
1
1
1
1
1
1
1
1
1
1
1
1
1
1
1
1
1
1
1
1
1
1
1
1
1
1
1
1
1
1
1
1
1
1
1
1
1
1
1
1
1
1
1
1
1
1
1
1
1
1
1
1
1
1
1
1
1
1
1
1
1
1
1
1
1
1
1
1
1
1
1
1
1
1
1
1
1
1
1
1
1
1
1
1
1
1
1
1
1
1
1
1
1
1
1
1
1
1
1
1
1
1
1
1
1
1
1
1
1
1
1
1
1
1
1
1
1
1
1
1
1
1
1
1
1
1
1
1
1
1
1
1
1
1
1
1
1
1
1
1
1
1
1
1
1
1
1
1
1
1
1
1
1
1
1
1
1
1
1
1
1
1
1
1
1
1
1
1
1
1
1
1
1
1
1
1
1
1
1
1
1
1
1
1
1
1
1
1
1
1
1
1
1
1
1
1
1
1
1
1
1
1
1
1
1
1
1
1
1
1
1
1
1
1
1
1
1
1
1
1
1
1
1
1
1
1
1
1
1
1
1
1
1
1
1
1
1
1
1
1
1
1
1
1
1
1
1
1
1
1
1
1
1
1
1
1
1
1
1
1
1
1
1
1
1
1
1
1
1
1
1
1
1
1
1
1
1
1
1
1
1
1
1
1
1
1
1
1
1
1
1
1
1
1
1
1
1
1
1
1
1
1
1
1
1
1
1
1
1
1
1
1
1
1
1
1
1
1
1
1
1
1
1
1
1
1
1
1
1
1
1
1
1
1
1
1
1
1
1
1
1
1
1
1
1
1
1
1
1
1
1
1
1
1
1
1
1
1
1
1
1
1
1
1
1
1
1
1
1
1
1
1
1
1
1
1
1
1
1
1
1
1
1
1
1
1
1
1
1
1
1
1
1
1
1
1
1
1
1
1
1
1
1
1
1
1
1
1
1
1
1
1
1
1
1
1
1
1
1
1
1
1
1
1
1
1
1
1
1
1
1
1
1
1
1
1
1
1
1
1
1
1
1
1
1
1
1
1
1
1
1
1
1
1
1
1
1
1
1
1
1
1
1
1
1
1
1
1
1
1
1
1
1
1
1
1
1
1
1
1
1
1
1
1
1
1
1
1
1
1
1
1
1
1
1
1
1
1
1
1
1
1
1
1
1
1
1
1
1
1
1
1
1
1
1
1
1
1
1
1
1
1
1
1
1
1
1
1
1
1
1
1
1
1
1
1
1
1
1
1
1
1
1
1
1
1
1
1
1
1
1
1
1
1
1
1
1
1
1
1
1
1
1
1
1
1
1
1
1
1
1
1
1
1
1
1
1
1
1
1
1
1
1
1
1
1
1
1
1
1
1
1
1
1
1
1
1
1
1
1
1
1
1
1
1
1
1
1
1
1
1
1
1
1
1
1
1
1
1
1
1
1
1
1
1
1
1
1
1
1
1
1
1
1
1
1
1
1
1
1
1
1
1
1
1
1
1
1
1
1
1
1
1
1
1
1
1
1
1
1
1
1
1
1
1
1
1
1
1
1
1
1
1
1
1
1
1
1
1
1
1
1
1
1
1
1
1
1
1
1
1
1
1
1
1
1
1
1
1
1
1
1
1
1
1
1
1
1
1
1
1
1
1
1
1
1
1
1
1
1
1
1
1
1
1
1
1
1
1
1
1
1
1
1
1
1
1
1
1
1
1
1
1
1
1
1
1
1
1
1
1
1
1
1
1
1
1
1
1
1
1
1
1
1
1
1
1
1
1
1
1
1
1
1
1
1
1
1
1
1
1
1
1
1
1
1
1
1
1
1
1
1
1
1
1
1
1
1
1
1
1
1
1
1
1
1
1
1
1
1
1
1
1
1
1
1
1
1
1
1
1
1
1
1
1
1
1
1
1
1
1
1
1
1
1
1
1
1
1
1
1
1
1
1
1
1
1
1
1
1
1
1
1
1
1
1
1
1
1
1
1
1
1
1
1
1
1
1
1
1
1
1
1
1
1
1
1
1
1
1
1
1
1
1
1
1
1
1
1
1
1
1
1
1
1
1
1
1
1
1
1
1
1
1
1
1
1
1
1
1
1
1
1
1
1
1
1
1
1
1
1
1
1
1
1
1
1
1
1
1
1
1
1
1
1
1
1
1
1
1
1
1
1
1
1
1
1
1
1
1
1
1
1
1
1
1
1
1
1
1
1
1
1
1
1
1
1
1
1
1
1
1
1
1
1
1
1
1
1
1
1
1
1
1
1
1
1
1
1
1
1
1
1
1
1
1
1
1
1
1
1
1
1
1
1
1
1
1
1
1
1
1
1
1
1
1
1
1
1
1
1
1
1
1
1
1
1
1
1
1
1
1
1
1
1
1
1
1
1
1
1
1
1
1
1
1
1
1
1
1
1
1
1
1
1
1
1
1
1
1
1
1
1
1
1
1
1
1
1
1
1
1
1
1
1
1
1
1
1
1
1
1
1
1
1
1
1
1
1
1
1
1
1
1
1
1
1
1
1
1
1
1
1
1
1
1
1
1
1
1
1
1
1
1
1
1
1
1
1
1
1
1
1
1
1
1
1
1
1
1
1
1
1
1
1
1
1
1
1
1
1
1
1
1
1
1
1
1
1
1
1
1
1
1
1
1
1
1
1
1
1
1
1
1
1
1
1
1
1
1
1
1
1
1
1
1
1
1
1
1
1
1
1
1
1
1
1
1
1
1
1
1
1
1
1
1
1
1
1
1
1
1
1
1
1
1
1
1
1
1
1
1
1
1
1
1
1
1
1
1
1
1
1
1
1
1
1
1
1
1
1
1
1
1
1
1
1
1
1
1
1
1
1
1
1
1
1
1
1
1
1
1
1
1
1
1
1
1
1
1
1
1
1
1
1
1
1
1
1
1
1
1
1
1
1
1
1
1
1
1
1
1
1
1
1
1
1
1
1
1
1
1
1
1
1
1
1
1
1
1
1
1
1
1
1
1
1
1
1
1
1
1
1
1
1
1
1
1
1
1
1
1
1
1
1
1
1
1
1
1
1
1
1
1
1
1
1
1
1
1
1
1
1
1
1
1
1
1
1
1
1
1
1
1
1
1
1
1
1
1
1
1
1
1
1
1
1
1
1
1
1
1
1
1
1
1
1
1
1
1
1
1
1
1
1
1
1
1
1
1
1
1
1
1
1
1
1
1
1
1
1
1
1
1
1
1
1
1
1
1
1
1
1
1
1
1
1
1
1
1
1
1
1
1
1
1
1
1
1
1
1
1
1
1
1
1
1
1
1
1
1
1
1
1
1
1
1
1
1
1
1
1
1
1
1
1
1
1
1
1
1
1
1
1
1
1
1
1
1
1
1
1
1
1
1
1
1
1
1
1
1
1
1
1
1
1
1
1
1
1
1
1
1
1
1
1
1
1
1
1
1
1
1
1
1
1
1
1
1
1
1
1
1
1
1
1
1
1
1
1
1
1
1
1
1
1
1
1
1
1
1
1
1
1
1
1
1
1
1
1
1
1
1
1
1
1
1
1
1
1
1
1
1
1
1
1
1
1
1
1
1
1
1
1
1
1
1
1
1
1
1
1
1
1
1
1
1
1
1
1
1
1
1
1
1
1
1
1
1
1
1
1
1
1
1
1
1
1
1
1
1
1
1
1
1
1
1
1
1
1
1
1
1
1
1
1
1
1
1
1
1
1
1
1
1
1
1
1
1
1
1
1
1
1
1
1
1
1
1
1
1
1
1
1
1
1
1
1
1
1
1
1
1
1
1
1
1
1
1
1
1
1
1
1
1
1
1
1
1
1
1
1
1
1
1
1
1
1
1
1
1
1
1
1
1
1
1
1
1
1
1
1
1
1
1
1
1
1
1
1
1
1
1
1
1
1
1
1
1
1
1
1
1
1
1
1
1
1
1
1
1
1
1
1
1
1
1
1
1
1
1
1
1
1
1
1
1
1
1
1
1
1
1
1
1
1
1
1
1
1
1
1
1
1
1
1
1
1
1
1
1
1
1
1
1
1
1
1
1
1
1
1
1
1
1
1
1
1
1
1
1
1
1
1
1
1
1
1
1
1
1
1
1
1
1
1
1
1
1
1
1
1
1
1
1
1
1
1
1
1
1
1
1
1
1
1
1
1
1
1
1
1
1
1
1
1
1
1
1
1
1
1
1
1
1
1
1
1
1
1
1
1
1
1
1
1
1
1
1
1
1
1
1
1
1
1
1
1
1
1
1
1
1
1
1
1
1
1
1
1
1
1
1
1
1
1
1
1
1
1
1
1
1
1
1
1
1
1
1
1
1
1
1
1
1
1
1
1
1
1
1
1
1
1
1
1
1
1
1
1
1
1
1
1
1
1
1
1
1
1
1
1
1
1
1
1
1
1
1
1
1
1
1
1
1
1
1
1
1
1
1
1
1
1
1
1
1
1
1
1
1
1
1
1
1
1
1
1
1
1
1
1
1
1
1
1
1
1
1
1
1
1
1
1
1
1
1
1
1
1
1
1
1
1
1
1
1
1
1
1
1
1
1
1
1
1
1
1
1
1
1
1
1
1
1
1
1
1
1
1
1
1
1
1
1
1
1
1
1
1
1
1
1
1
1
1
1
1
1
1
1
1
1
1
1
1
1
1
1
1
1
1
1
1
1
1
1
1
1
1
1
1
1
1
1
1
1
1
1
1
1
1
1
1
1
1
1
1
1
1
1
1
1
1
1
1
1
1
1
1
1
1
1
1
1
1
1
1
1
1
1
1
1
1
1
1
1
1
1
1
1
1
1
1
1
1
1
1
1
1
1
1
1
1
1
1
1
1
1
1
1
1
1
1
1
1
1
1
1
1
1
1
1
1
1
1
1
1
1
1
1
1
1
1
1
1
1
1
1
1
1
1
1
1
1
1
1
1
1
1
1
1
1
1
1
1
1
1
1
1
1
1
1
1
1
1
1
1
1
1
1
1
1
1
1
1
1
1
1
1
1
1
1
1
1
1
1
1
1
1
1
1
1
1
1
1
1
1
1
1
1
1
1
1
1
1
1
1
1
1
1
1
1
1
1
1
1
1
1
1
1
1
1
1
1
1
1
1
1
1
1
1
1
1
1
1
1
1
1
1
1
1
1
1
1
1
1
1
1
1
1
1
1
1
1
1
1
1
1
1
1
1
1
1
1
1
1
1
1
1
1
1
1
1
1
1
1
1
1
1
1
1
1
1
1
1
1
1
1
1
1
1
1
1
1
1
1
1
1
1
1
1
1
1
1
1
1
1
1
1
1
1
1
1
1
1
1
1
1
1
1
1
1
1
1
1
1
1
1
1
1
1
1
1
1
1
1
1
1
1
1
1
1
1
1
1
1
1
1
1
1
1
1
1
1
1
1
1
1
1
1
1
1
1
1
1
1
1
1
1
1
1
1
1
1
1
1
1
1
1
1
1
1
1
1
1
1
1
1
1
1
1
1
1
1
1
1
1
1
1
1
1
1
1
1
1
1
1
1
1
1
1
1
1
1
1
1
1
1
1
1
1
1
1
1
1
1
1
1
1
1
1
1
1
1
1
1
1
1
1
1
1
1
1
1
1
1
1
1
1
1
1
1
1
1
1
1
1
1
1
1
1
1
1
1
1
1
1
1
1
1
1
1
1
1
1
1
1
1
1
1
1
1
1
1
1
1
1
1
1
1
1
1
1
1
1
1
1
1
1
1
1
1
1
1
1
1
1
1
1
1
1
1
1
1
1
1
1
1
1
1
1
1
1
1
1
1
1
1
1
1
1
1
1
1
1
1
1
1
1
1
1
1
1
1
1
1
1
1
1
1
1
1
1
1
1
1
1
1
1
1
1
1
1
1
1
1
1
1
1
1
1
1
1
1
1
1
1
1
1
1
1
1
1
1
1
1
1
1
1
1
1
1
1
1
1
1
1
1
1
1
1
1
1
1
1
1
1
1
1
1
1
1
1
1
1
1
1
1
1
1
1
1
1
1
1
1
1
1
1
1
1
1
1
1
1
1
1
1
1
1
1
1
1
1
1
1
1
1
1
1
1
1
1
1
1
1
1
1
1
1
1
1
1
1
1
1
1
1
1
1
1
1
1
1
1
1
1
1
1
1
1
1
1
1
1
1
1
1
1
1
1
1
1
1
1
1
1
1
1
1
1
1
1
1
1
1
1
1
1
1
1
1
1
1
1
1
1
1
1
1
1
1
1
1
1
1
1
1
1
1
1
1
1
1
1
1
1
1
1
1
1
1
1
1
1
1
1
1
1
1
1
1
1
1
1
1
1
1
1
1
1
1
1
1
1
1
1
1
1
1
1
1
1
1
1
1
1
1
1
1
1
1
1
1
1
1
1
1
1
1
1
1
1
1
1
1
1
1
1
1
1
1
1
1
1
1
1
1
1
1
1
1
1
1
1
1
1
1
1
1
1
1
1
1
1
1
1
1
1
1
1
1
1
1
1
1
1
1
1
1
1
1
1
1
1
1
1
1
1
1
1
1
1
1
1
1
1
1
1
1
1
1
1
1
1
1
1
1
1
1
1
1
1
1
1
1
1
1
1
1
1
1
1
1
1
1
1
1
1
1
1
1
1
1
1
1
1
1
1
1
1
1
1
1
1
1
1
1
1
1
1
1
1
1
1
1
1
1
1
1
1
1
1
1
1
1
1
1
1
1
1
1
1
1
1
1
1
1
1
1
1
1
1
1
1
1
1
1
1
1
1
1
1
1
1
1
1
1
1
1
1
1
1
1
1
1
1
1
1
1
1
1
1
1
1
1
1
1
1
1
1
1
1
1
1
1
1
1
1
1
1
1
1
1
1
1
1
1
1
1
1
1
1
1
1
1
1
1
1
1
1
1
1
1
1
1
1
1
1
1
1
1
1
1
1
1
1
1
1
1
1
1
1
1
1
1
1
1
1
1
1
1
1
1
1
1
1
1
1
1
1
1
1
1
1
1
1
1
1
1
1
1
1
1
1
1
1
1
1
1
1
1
1
1
1
1
1
1
1
1
1
1
1
1
1
1
1
1
1
1
1
1
1
1
1
1
1
1
1
1
1
1
1
1
1
1
1
1
1
1
1
1
1
1
1
1
1
1
1
1
1
1
1
1
1
1
1
1
1
1
1
1
1
1
1
1
1
1
1
1
1
1
1
1
1
1
1
1
1
1
1
1
1
1
1
1
1
1
1
1
1
1
1
1
1
1
1
1
1
1
1
1
1
1
1
1
1
1
1
1
1
1
1
1
1
1
1
1
1
1
1
1
1
1
1
1
1
1
1
1
1
1
1
1
1
1
1
1
1
1
1
1
1
1
1
1
1
1
1
1
1
1
1
1
1
1
1
1
1
1
1
1
1
1
1
1
1
1
1
1
1
1
1
1
1
1
1
1
1
1
1
1
1
1
1
1
1
1
1
1
1
1
1
1
1
1
1
1
1
1
1
1
1
1
1
1
1
1
1
1
1
1
1
1
1
1
1
1
1
1
1
1
1
1
1
1
1
1
1
1
1
1
1
1
1
1
1
1
1
1
1
1
1
1
1
1
1
1
1
1
1
1
1
1
1
1
1
1
1
1
1
1
1
1
1
1
1
1
1
1
1
1
1
1
1
1
1
1
1
1
1
1
1
1
1
1
1
1
1
1
1
1
1
1
1
1
1
1
1
1
1
1
1
1
1
1
1
1
1
1
1
1
1
1
1
1
1
1
1
1
1
1
1
1
1
1
1
1
1
1
1
1
1
1
1
1
1
1
1
1
1
1
1
1
1
1
1
1
1
1
1
1
1
1
1
1
1
1
1
1
1
1
1
1
1
1
1
1
1
1
1
1
1
1
1
1
1
1
1
1
1
1
1
1
1
1
1
1
1
1
1
1
1
1
1
1
1
1
1
1
1
1
1
1
1
1
1
1
1
1
1
1
1
1
1
1
1
1
1
1
1
1
1
1
1
1
1
1
1
1
1
1
1
1
1
1
1
1
1
1
1
1
1
1
1
1
1
1
1
1
1
1
1
1
1
1
1
1
1
1
1
1
1
1
1
1
1
1
1
1
1
1
1
1
1
1
1
1
1
1
1
1
1
1
1
1
1
1
1
1
1
1
1
1
1
1
1
1
1
1
1
1
1
1
1
1
1
1
1
1
1
1
1
1
1
1
1
1
1
1
1
1
1
1
1
1
1
1
1
1
1
1
1
1
1
1
1
1
1
1
1
1
1
1
1
1
1
1
1
1
1
1
1
1
1
1
1
1
1
1
1
1
1
1
1
1
1
1
1
1
1
1
1
1
1
1
1
1
1
1
1
1
1
1
1
1
1
1
1
1
1
1
1
1
1
1
1
1
1
1
1
1
1
1
1
1
1
1
1
1
1
1
1
1
1
1
1
1
1
1
1
1
1
1
1
1
1
1
1
1
1
1
1
1
1
1
1
1
1
1
1
1
1
1
1
1
1
1
1
1
1
1
1
1
1
1
1
1
1
1
1
1
1
1
1
1
1
1
1
1
1
1
1
1
1
1
1
1
1
1
1
1
1
1
1
1
1
1
1
1
1
1
1
1
1
1
1
1
1
1
1
1
1
1
1
1
1
1
1
1
1
1
1
1
1
1
1
1
1
1
1
1
1
1
1
1
1
1
1
1
1
1
1
1
1
1
1
1
1
1
1
1
1
1
1
1
1
1
1
1
1
1
1
1
1
1
1
1
1
1
1
1
1
1
1
1
1
1
1
1
1
1
1
1
1
1
1
1
1
1
1
1
1
1
1
1
1
1
1
1
1
1
1
1
1
1
1
1
1
1
1
1
1
1
1
1
1
1
1
1
1
1
1
1
1
1
1
1
1
1
1
1
1
1
1
1
1
1
1
1
1
1
1
1
1
1
1
1
1
1
1
1
1
1
1
1
1
1
1
1
1
1
1
1
1
1
1
1
1
1
1
1
1
1
1
1
1
1
1
1
1
1
1
1
1
1
1
1
1
1
1
1
1
1
1
1
1
1
1
1
1
1
1
1
1
1
1
1
1
1
1
1
1
1
1
1
1
1
1
1
1
1
1
1
1
1
1
1
1
1
1
1
1
1
1
1
1
1
1
1
1
1
1
1
1
1
1
1
1
1
1
1
1
1
1
1
1
1
1
1
1
1
1
1
1
1
1
1
1
1
1
1
1
1
1
1
1
1
1
1
1
1
1
1
1
1
1
1
1
1
1
1
1
1
1
1
1
1
1
1
1
1
1
1
1
1
1
1
1
1
1
1
1
1
1
1
1
1
1
1
1
1
1
1
1
1
1
1
1
1
1
1
1
1
1
1
1
1
1
1
1
1
1
1
1
1
1
1
1
1
1
1
1
1
1
1
1
1
1
1
1
1
1
1
1
1
1
1
1
1
1
1
1
1
1
1
1
1
1
1
1
1
1
1
1
1
1
1
1
1
1
1
1
1
1
1
1
1
1
1
1
1
1
1
1
1
1
1
1
1
1
1
1
1
1
1
1
1
1
1
1
1
1
1
1
1
1
1
1
1
1
1
1
1
1
1
1
1
1
1
1
1
1
1
1
1
1
1
1
1
1
1
1
1
1
1
1
1
1
1
1
1
1
1
1
1
1
1
1
1
1
1
1
1
1
1
1
1
1
1
1
1
1
1
1
1
1
1
1
1
1
1
1
1
1
1
1
1
1
1
1
1
1
1
1
1
1
1
1
1
1
1
1
1
1
1
1
1
1
1
1
1
1
1
1
1
1
1
1
1
1
1
1
1
1
1
1
1
1
1
1
1
1
1
1
1
1
1
1
1
1
1
1
1
1
1
1
1
1
1
1
1
1
1
1
1
1
1
1
1
1
1
1
1
1
1
1
1
1
1
1
1
1
1
1
1
1
1
1
1
1
1
1
1
1
1
1
1
1
1
1
1
1
1
1
1
1
1
1
1
1
1
1
1
1
1
1
1
1
1
1
1
1
1
1
1
1
1
1
1
1
1
1
1
1
1
1
1
1
1
1
1
1
1
1
1
1
1
1
1
1
1
1
1
1
1
1
1
1
1
1
1
1
1
1
1
1
1
1
1
1
1
1
1
1
1
1
1
1
1
1
1
1
1
1
1
1
1
1
1
1
1
1
1
1
1
1
1
1
1
1
1
1
1
1
1
1
1
1
1
1
1
1
1
1
1
1
1
1
1
1
1
1
1
1
1
1
1
1
1
1
1
1
1
1
1
1
1
1
1
1
1
1
1
1
1
1
1
1
1
1
1
1
1
1
1
1
1
1
1
1
1
1
1
1
1
1
1
1
1
1
1
1
1
1
1
1
1
1
1
1
1
1
1
1
1
1
1
1
1
1
1
1
1
1
1
1
1
1
1
1
1
1
1
1
1
1
1
1
1
1
1
1
1
1
1
1
1
1
1
1
1
1
1
1
1
1
1
1
1
1
1
1
1
1
1
1
1
1
1
1
1
1
1
1
1
1
1
1
1
1
1
1
1
1
1
1
1
1
1
1
1
1
1
1
1
1
1
1
1
1
1
1
1
1
1
1
1
1
1
1
1
1
1
1
1
1
1
1
1
1
1
1
1
1
1
1
1
1
1
1
1
1
1
1
1
1
1
1
1
1
1
1
1
1
1
1
1
1
1
1
1
1
1
1
1
1
1
1
1
1
1
1
1
1
1
1
1
1
1
1
1
1
1
1
1
1
1
1
1
1
1
1
1
1
1
1
1
1
1
1
1
1
1
1
1
1
1
1
1
1
1
1
1
1
1
1
1
1
1
1
1
1
1
1
1
1
1
1
1
1
1
1
1
1
1
1
1
1
1
1
1
1
1
1
1
1
1
1
1
1
1
1
1
1
1
1
1
1
1
1
1
1
1
1
1
1
1
1
1
1
1
1
1
1
1
1
1
1
1
1
1
1
1
1
1
1
1
1
1
1
1
1
1
1
1
1
1
1
1
1
1
1
1
1
1
1
1
1
1
1
1
1
1
1
1
1
1
1
1
1
1
1
1
1
1
1
1
1
1
1
1
1
1
1
1
1
1
1
1
1
1
1
1
1
1
1
1
1
1
1
1
1
1
1
1
1
1
1
1
1
1
1
1
1
1
1
1
1
1
1
1
1
1
1
1
1
1
1
1
1
1
1
1
1
1
1
1
1
1
1
1
1
1
1
1
1
1
1
1
1
1
1
1
1
1
1
1
1
1
1
1
1
1
1
1
1
1
1
1
1
1
1
1
1
1
1
1
1
1
1
1
1
1
1
1
1
1
1
1
1
1
1
1
1
1
1
1
1
1
1
1
1
1
1
1
1
1
1
1
1
1
1
1
1
1
1
1
1
1
1
1
1
1
1
1
1
1
1
1
1
1
1
1
1
1
1
1
1
1
1
1
1
1
1
1
1
1
1
1
1
1
1
1
1
1
1
1
1
1
1
1
1
1
1
1
1
1
1
1
1
1
1
1
1
1
1
1
1
1
1
1
1
1
1
1
1
1
1
1
1
1
1
1
1
1
1
1
1
1
1
1
1
1
1
1
1
1
1
1
1
1
1
1
1
1
1
1
1
1
1
1
1
1
1
1
1
1
1
1
1
1
1
1
1
1
1
1
1
1
1
1
1
1
1
1
1
1
1
1
1
1
1
1
1
1
1
1
1
1
1
1
1
1
1
1
1
1
1
1
1
1
1
1
1
1
1
1
1
1
1
1
1
1
1
1
1
1
1
1
1
1
1
1
1
1
1
1
1
1
1
1
1
1
1
1
1
1
1
1
1
1
1
1
1
1
1
1
1
1
1
1
1
1
1
1
1
1
1
1
1
1
1
1
1
1
1
1
1
1
1
1
1
1
1
1
1
1
1
1
1
1
1
1
1
1
1
1
1
1
1
1
1
1
1
1
1
1
1
1
1
1
1
1
1
1
1
1
1
1
1
1
1
1
1
1
1
1
1
1
1
1
1
1
1
1
1
1
1
1
1
1
1
1
1
1
1
1
1
1
1
1
1
1
1
1
1
1
1
1
1
1
1
1
1
1
1
1
1
1
1
1
1
1
1
1
1
1
1
1
1
1
1
1
1
1
1
1
1
1
1
1
1
1
1
1
1
1
1
1
1
1
1
1
1
1
1
1
1
1
1
1
1
1
1
1
1
1
1
1
1
1
1
1
1
1
1
1
1
1
1
1
1
1
1
1
1
1
1
1
1
1
1
1
1
1
1
1
1
1
1
1
1
1
1
1
1
1
1
1
1
1
1
1
1
1
1
1
1
1
1
1
1
1
1
1
1
1
1
1
1
1
1
1
1
1
1
1
1
1
1
1
1
1
1
1
1
1
1
1
1
1
1
1
1
1
1
1
1
1
1
1
1
1
1
1
1
1
1
1
1
1
1
1
1
1
1
1
1
1
1
1
1
1
1
1
1
1
1
1
1
1
1
1
1
1
1
1
1
1
1
1
1
1
1
1
1
1
1
1
1
1
1
1
1
1
1
1
1
1
1
1
1
1
1
1
1
1
1
1
1
1
1
1
1
1
1
1
1
1
1
1
1
1
1
1
1
1
1
1
1
1
1
1
1
1
1
1
1
1
1
1
1
1
1
1
1
1
1
1
1
1
1
1
1
1
1
1
1
1
1
1
1
1
1
1
1
1
1
1
1
1
1
1
1
1
1
1
1
1
1
1
1
1
1
1
1
1
1
1
1
1
1
1
1
1
1
1
1
1
1
1
1
1
1
1
1
1
1
1
1
1
1
1
1
1
1
1
1
1
1
1
1
1
1
1
1
1
1
1
1
1
1
1
1
1
1
1
1
1
1
1
1
1
1
1
1
1
1
1
1
1
1
1
1
1
1
1
1
1
1
1
1
1
1
1
1
1
1
1
1
1
1
1
1
1
1
1
1
1
1
1
1
1
1
1
1
1
1
1
1
1
1
1
1
1
1
1
1
1
1
1
1
1
1
1
1
1
1
1
1
1
1
1
1
1
1
1
1
1
1
1
1
1
1
1
1
1
1
1
1
1
1
1
1
1
1
1
1
1
1
1
1
1
1
1
1
1
1
1
1
1
1
1
1
1
1
1
1
1
1
1
1
1
1
1
1
1
1
1
1
1
1
1
1
1
1
1
1
1
1
1
1
1
1
1
1
1
1
1
1
1
1
1
1
1
1
1
1
1
1
1
1
1
1
1
1
1
1
1
1
1
1
1
1
1
1
1
1
1
1
1
1
1
1
1
1
1
1
1
1
1
1
1
1
1
1
1
1
1
1
1
1
1
1
1
1
1
1
1
1
1
1
1
1
1
1
1
1
1
1
1
1
1
1
1
1
1
1
1
1
1
1
1
1
1
1
1
1
1
1
1
1
1
1
1
1
1
1
1
1
1
1
1
1
1
1
1
1
1
1
1
1
1
1
1
1
1
1
1
1
1
1
1
1
1
1
1
1
1
1
1
1
1
1
1
1
1
1
1
1
1
1
1
1
1
1
1
1
1
1
1
1
1
1
1
1
1
1
1
1
1
1
1
1
1
1
1
1
1
1
1
1
1
1
1
1
1
1
1
1
1
1
1
1
1
1
1
1
1
1
1
1
1
1
1
1
1
1
1
1
1
1
1
1
1
1
1
1
1
1
1
1
1
1
1
1
1
1
1
1
1
1
1
1
1
1
1
1
1
1
1
1
1
1
1
1
1
1
1
1
1
1
1
1
1
1
1
1
1
1
1
1
1
1
1
1
1
1
1
1
1
1
1
1
1
1
1
1
1
1
1
1
1
1
1
1
1
1
1
1
1
1
1
1
1
1
1
1
1
1
1
1
1
1
1
1
1
1
1
1
1
1
1
1
1
1
1
1
1
1
1
1
1
1
1
1
1
1
1
1
1
1
1
1
1
1
1
1
1
1
1
1
1
1
1
1
1
1
1
1
1
1
1
1
1
1
1
1
1
1
1
1
1
1
1
1
1
1
1
1
1
1
1
1
1
1
1
1
1
1
1
1
1
1
1
1
1
1
1
1
1
1
1
1
1
1
1
1
1
1
1
1
1
1
1
1
1
1
1
1
1
1
1
1
1
1
1
1
1
1
1
1
1
1
1
1
1
1
1
1
1
1
1
1
1
1
1
1
1
1
1
1
1
1
1
1
1
1
1
1
1
1
1
1
1
1
1
1
1
1
1
1
1
1
1
1
1
1
1
1
1
1
1
1
1
1
1
1
1
1
1
1
1
1
1
1
1
1
1
1
1
1
1
1
1
1
1
1
1
1
1
1
1
1
1
1
1
1
1
1
1
1
1
1
1
1
1
1
1
1
1
1
1
1
1
1
1
1
1
1
1
1
1
1
1
1
1
1
1
1
1
1
1
1
1
1
1
1
1
1
1
1
1
1
1
1
1
1
1
1
1
1
1
1
1
1
1
1
1
1
1
1
1
1
1
1
1
1
1
1
1
1
1
1
1
1
1
1
1
1
1
1
1
1
1
1
1
1
1
1
1
1
1
1
1
1
1
1
1
1
1
1
1
1
1
1
1
1
1
1
1
1
1
1
1
1
1
1
1
1
1
1
1
1
1
1
1
1
1
1
1
1
1
1
1
1
1
1
1
1
1
1
1
1
1
1
1
1
1
1
1
1
1
1
1
1
1
1
1
1
1
1
1
1
1
1
1
1
1
1
1
1
1
1
1
1
1
1
1
1
1
1
1
1
1
1
1
1
1
1
1
1
1
1
1
1
1
1
1
1
1
1
1
1
1
1
1
1
1
1
1
1
1
1
1
1
1
1
1
1
1
1
1
1
1
1
1
1
1
1
1
1
1
1
1
1
1
1
1
1
1
1
1
1
1
1
1
1
1
1
1
1
1
1
1
1
1
1
1
1
1
1
1
1
1
1
1
1
1
1
1
1
1
1
1
1
1
1
1
1
1
1
1
1
1
1
1
1
1
1
1
1
1
1
1
1
1
1
1
1
1
1
1
1
1
1
1
1
1
1
1
1
1
1
1
1
1
1
1
1
1
1
1
1
1
1
1
1
1
1
1
1
1
1
1
1
1
1
1
1
1
1
1
1
1
1
1
1
1
1
1
1
1
1
1
1
1
1
1
1
1
1
1
1
1
1
1
1
1
1
1
1
1
1
1
1
1
1
1
1
1
1
1
1
1
1
1
1
1
1
1
1
1
1
1
1
1
1
1
1
1
1
1
1
1
1
1
1
1
1
1
1
1
1
1
1
1
1
1
1
1
1
1
1
1
1
1
1
1
1
1
1
1
1
1
1
1
1
1
1
1
1
1
1
1
1
1
1
1
1
1
1
1
1
1
1
1
1
1
1
1
1
1
1
1
1
1
1
1
1
1
1
1
1
1
1
1
1
1
1
1
1
1
1
1
1
1
1
1
1
1
1
1
1
1
1
1
1
1
1
1
1
1
1
1
1
1
1
1
1
1
1
1
1
1
1
1
1
1
1
1
1
1
1
1
1
1
1
1
1
1
1
1
1
1
1
1
1
1
1
1
1
1
1
1
1
1
1
1
1
1
1
1
1
1
1
1
1
1
1
1
1
1
1
1
1
1
1
1
1
1
1
1
1
1
1
1
1
1
1
1
1
1
1
1
1
1
1
1
1
1
1
1
1
1
1
1
1
1
1
1
1
1
1
1
1
1
1
1
1
1
1
1
1
1
1
1
1
1
1
1
1
1
1
1
1
1
1
1
1
1
1
1
1
1
1
1
1
1
1
1
1
1
1
1
1
1
1
1
1
1
1
1
1
1
1
1
1
1
1
1
1
1
1
1
1
1
1
1
1
1
1
1
1
1
1
1
1
1
1
1
1
1
1
1
1
1
1
1
1
1
1
1
1
1
1
1
1
1
1
1
1
1
1
1
1
1
1
1
1
1
1
1
1
1
1
1
1
1
1
1
1
1
1
1
1
1
1
1
1
1
1
1
1
1
1
1
1
1
1
1
1
1
1
1
1
1
1
1
1
1
1
1
1
1
1
1
1
1
1
1
1
1
1
1
1
1
1
1
1
1
1
1
1
1
1
1
1
1
1
1
1
1
1
1
1
1
1
1
1
1
1
1
1
1
1
1
1
1
1
1
1
1
1
1
1
1
1
1
1
1
1
1
1
1
1
1
1
1
1
1
1
1
1
1
1
1
1
1
1
1
1
1
1
1
1
1
1
1
1
1
1
1
1
1
1
1
1
1
1
1
1
1
1
1
1
1
1
1
1
1
1
1
1
1
1
1
1
1
1
1
1
1
1
1
1
1
1
1
1
1
1
1
1
1
1
1
1
1
1
1
1
1
1
1
1
1
1
1
1
1
1
1
1
1
1
1
1
1
1
1
1
1
1
1
1
1
1
1
1
1
1
1
1
1
1
1
1
1
1
1
1
1
1
1
1
1
1
1
1
1
1
1
1
1
1
1
1
1
1
1
1
1
1
1
1
1
1
1
1
1
1
1
1
1
1
1
1
1
1
1
1
1
1
1
1
1
1
1
1
1
1
1
1
1
1
1
1
1
1
1
1
1
1
1
1
1
1
1
1
1
1
1
1
1
1
1
1
1
1
1
1
1
1
1
1
1
1
1
1
1
1
1
1
1
1
1
1
1
1
1
1
1
1
1
1
1
1
1
1
1
1
1
1
1
1
1
1
1
1
1
1
1
1
1
1
1
1
1
1
1
1
1
1
1
1
1
1
1
1
1
1
1
1
1
1
1
1
1
1
1
1
1
1
1
1
1
1
1
1
1
1
1
1
1
1
1
1
1
1
1
1
1
1
1
1
1
1
1
1
1
1
1
1
1
1
1
1
1
1
1
1
1
1
1
1
1
1
1
1
1
1
1
1
1
1
1
1
1
1
1
1
1
1
1
1
1
1
1
1
1
1
1
1
1
1
1
1
1
1
1
1
1
1
1
1
1
1
1
1
1
1
1
1
1
1
1
1
1
1
1
1
1
1
1
1
1
1
1
1
1
1
1
1
1
1
1
1
1
1
1
1
1
1
1
1
1
1
1
1
1
1
1
1
1
1
1
1
1
1
1
1
1
1
1
1
1
1
1
1
1
1
1
1
1
1
1
1
1
1
1
1
1
1
1
1
1
1
1
1
1
1
1
1
1
1
1
1
1
1
1
1
1
1
1
1
1
1
1
1
1
1
1
1
1
1
1
1
1
1
1
1
1
1
1
1
1
1
1
1
1
1
1
1
1
1
1
1
1
1
1
1
1
1
1
1
1
1
1
1
1
1
1
1
1
1
1
1
1
1
1
1
1
1
1
1
1
1
1
1
1
1
1
1
1
1
1
1
1
1
1
1
1
1
1
1
1
1
1
1
1
1
1
1
1
1
1
1
1
1
1
1
1
1
1
1
1
1
1
1
1
1
1
1
1
1
1
1
1
1
1
1
1
1
1
1
1
1
1
1
1
1
1
1
1
1
1
1
1
1
1
1
1
1
1
1
1
1
1
1
1
1
1
1
1
1
1
1
1
1
1
1
1
1
1
1
1
1
1
1
1
1
1
1
1
1
1
1
1
1
1
1
1
1
1
1
1
1
1
1
1
1
1
1
1
1
1
1
1
1
1
1
1
1
1
1
1
1
1
1
1
1
1
1
1
1
1
1
1
1
1
1
1
1
1
1
1
1
1
1
1
1
1
1
1
1
1
1
1
1
1
1
1
1
1
1
1
1
1
1
1
1
1
1
1
1
1
1
1
1
1
1
1
1
1
1
1
1
1
1
1
1
1
1
1
1
1
1
1
1
1
1
1
1
1
1
1
1
1
1
1
1
1
1
1
1
1
1
1
1
1
1
1
1
1
1
1
1
1
1
1
1
1
1
1
1
1
1
1
1
1
1
1
1
1
1
1
1
1
1
1
1
1
1
1
1
1
1
1
1
1
1
1
1
1
1
1
1
1
1
1
1
1
1
1
1
1
1
1
1
1
1
1
1
1
1
1
1
1
1
1
1
1
1
1
1
1
1
1
1
1
1
1
1
1
1
1
1
1
1
1
1
1
1
1
1
1
1
1
1
1
1
1
1
1
1
1
1
1
1
1
1
1
1
1
1
1
1
1
1
1
1
1
1
1
1
1
1
1
1
1
1
1
1
1
1
1
1
1
1
1
1
1
1
1
1
1
1
1
1
1
1
1
1
1
1
1
1
1
1
1
1
1
1
1
1
1
1
1
1
1
1
1
1
1
1
1
1
1
1
1
1
1
1
1
1
1
1
1
1
1
1
1
1
1
1
1
1
1
1
1
1
1
1
1
1
1
1
1
1
1
1
1
1
1
1
1
1
1
1
1
1
1
1
1
1
1
1
1
1
1
1
1
1
1
1
1
1
1
1
1
1
1
1
1
1
1
1
1
1
1
1
1
1
1
1
1
1
1
1
1
1
1
1
1
1
1
1
1
1
1
1
1
1
1
1
1
1
1
1
1
1
1
1
1
1
1
1
1
1
1
1
1
1
1
1
1
1
1
1
1
1
1
1
1
1
1
1
1
1
1
1
1
1
1
1
1
1
1
1
1
1
1
1
1
1
1
1
1
1
1
1
1
1
1
1
1
1
1
1
1
1
1
1
1
1
1
1
1
1
1
1
1
1
1
1
1
1
1
1
1
1
1
1
1
1
1
1
1
1
1
1
1
1
1
1
1
1
1
1
1
1
1
1
1
1
1
1
1
1
1
1
1
1
1
1
1
1
1
1
1
1
1
1
1
1
1
1
1
1
1
1
1
1
1
1
1
1
1
1
1
1
1
1
1
1
1
1
1
1
1
1
1
1
1
1
1
1
1
1
1
1
1
1
1
1
1
1
1
1
1
1
1
1
1
1
1
1
1
1
1
1
1
1
1
1
1
1
1
1
1
1
1
1
1
1
1
1
1
1
1
1
1
1
1
1
1
1
1
1
1
1
1
1
1
1
1
1
1
1
1
1
1
1
1
1
1
1
1
1
1
1
1
1
1
1
1
1
1
1
1
1
1
1
1
1
1
1
1
1
1
1
1
1
1
1
1
1
1
1
1
1
1
1
1
1
1
1
1
1
1
1
1
1
1
1
1
1
1
1
1
1
1
1
1
1
1
1
1
1
1
1
1
1
1
1
1
1
1
1
1
1
1
1
1
1
1
1
1
1
1
1
1
1
1
1
1
1
1
1
1
1
1
1
1
1
1
1
1
1
1
1
1
1
1
1
1
1
1
1
1
1
1
1
1
1
1
1
1
1
1
1
1
1
1
1
1
1
1
1
1
1
1
1
1
1
1
1
1
1
1
1
1
1
1
1
1
1
1
1
1
1
1
1
1
1
1
1
1
1
1
1
1
1
1
1
1
1
1
1
1
1
1
1
1
1
1
1
1
1
1
1
1
1
1
1
1
1
1
1
1
1
1
1
1
1
1
1
1
1
1
1
1
1
1
1
1
1
1
1
1
1
1
1
1
1
1
1
1
1
1
1
1
1
1
1
1
1
1
1
1
1
1
1
1
1
1
1
1
1
1
1
1
1
1
1
1
1
1
1
1
1
1
1
1
1
1
1
1
1
1
1
1
1
1
1
1
1
1
1
1
1
1
1
1
1
1
1
1
1
1
1
1
1
1
1
1
1
1
1
1
1
1
1
1
1
1
1
1
1
1
1
1
1
1
1
1
1
1
1
1
1
1
1
1
1
1
1
1
1
1
1
1
1
1
1
1
1
1
1
1
1
1
1
1
1
1
1
1
1
1
1
1
1
1
1
1
1
1
1
1
1
1
1
1
1
1
1
1
1
1
1
1
1
1
1
1
1
1
1
1
1
1
1
1
1
1
1
1
1
1
1
1
1
1
1
1
1
1
1
1
1
1
1
1
1
1
1
1
1
1
1
1
1
1
1
1
1
1
1
1
1
1
1
1
1
1
1
1
1
1
1
1
1
1
1
1
1
1
1
1
1
1
1
1
1
1
1
1
1
1
1
1
1
1
1
1
1
1
1
1
1
1
1
1
1
1
1
1
1
1
1
1
1
1
1
1
1
1
1
1
1
1
1
1
1
1
1
1
1
1
1
1
1
1
1
1
1
1
1
1
1
1
1
1
1
1
1
1
1
1
1
1
1
1
1
1
1
1
1
1
1
1
1
1
1
1
1
1
1
1
1
1
1
1
1
1
1
1
1
1
1
1
1
1
1
1
1
1
1
1
1
1
1
1
1
1
1
1
1
1
1
1
1
1
1
1
1
1
1
1
1
1
1
1
1
1
1
1
1
1
1
1
1
1
1
1
1
1
1
1
1
1
1
1
1
1
1
1
1
1
1
1
1
1
1
1
1
1
1
1
1
1
1
1
1
1
1
1
1
1
1
1
1
1
1
1
1
1
1
1
1
1
1
1
1
1
1
1
1
1
1
1
1
1
1
1
1
1
1
1
1
1
1
1
1
1
1
1
1
1
1
1
1
1
1
1
1
1
1
1
1
1
1
1
1
1
1
1
1
1
1
1
1
1
1
1
1
1
1
1
1
1
1
1
1
1
1
1
1
1
1
1
1
1
1
1
1
1
1
1
1
1
1
1
1
1
1
1
1
1
1
1
1
1
1
1
1
1
1
1
1
1
1
1
1
1
1
1
1
1
1
1
1
1
1
1
1
1
1
1
1
1
1
1
1
1
1
1
1
1
1
1
1
1
1
1
1
1
1
1
1
1
1
1
1
1
1
1
1
1
1
1
1
1
1
1
1
1
1
1
1
1
1
1
1
1
1
1
1
1
1
1
1
1
1
1
1
1
1
1
1
1
1
1
1
1
1
1
1
1
1
1
1
1
1
1
1
1
1
1
1
1
1
1
1
1
1
1
1
1
1
1
1
1
1
1
1
1
1
1
1
1
1
1
1
1
1
1
1
1
1
1
1
1
1
1
1
1
1
1
1
1
1
1
1
1
1
1
1
1
1
1
1
1
1
1
1
1
1
1
1
1
1
1
1
1
1
1
1
1
1
1
1
1
1
1
1
1
1
1
1
1
1
1
1
1
1
1
1
1
1
1
1
1
1
1
1
1
1
1
1
1
1
1
1
1
1
1
1
1
1
1
1
1
1
1
1
1
1
1
1
1
1
1
1
1
1
1
1
1
1
1
1
1
1
1
1
1
1
1
1
1
1
1
1
1
1
1
1
1
1
1
1
1
1
1
1
1
1
1
1
1
1
1
1
1
1
1
1
1
1
1
1
1
1
1
1
1
1
1
1
1
1
1
1
1
1
1
1
1
1
1
1
1
1
1
1
1
1
1
1
1
1
1
1
1
1
1
1
1
1
1
1
1
1
1
1
1
1
1
1
1
1
1
1
1
1
1
1
1
1
1
1
1
1
1
1
1
1
1
1
1
1
1
1
1
1
1
1
1
1
1
1
1
1
1
1
1
1
1
1
1
1
1
1
1
1
1
1
1
1
1
1
1
1
1
1
1
1
1
1
1
1
1
1
1
1
1
1
1
1
1
1
1
1
1
1
1
1
1
1
1
1
1
1
1
1
1
1
1
1
1
1
1
1
1
1
1
1
1
1
1
1
1
1
1
1
1
1
1
1
1
1
1
1
1
1
1
1
1
1
1
1
1
1
1
1
1
1
1
1
1
1
1
1
1
1
1
1
1
1
1
1
1
1
1
1
1
1
1
1
1
1
1
1
1
1
1
1
1
1
1
1
1
1
1
1
1
1
1
1
1
1
1
1
1
1
1
1
1
1
1
1
1
1
1
1
1
1
1
1
1
1
1
1
1
1
1
1
1
1
1
1
1
1
1
1
1
1
1
1
1
1
1
1
1
1
1
1
1
1
1
1
1
1
1
1
1
1
1
1
1
1
1
1
1
1
1
1
1
1
1
1
1
1
1
1
1
1
1
1
1
1
1
1
1
1
1
1
1
1
1
1
1
1
1
1
1
1
1
1
1
1
1
1
1
1
1
1
1
1
1
1
1
1
1
1
1
1
1
1
1
1
1
1
1
1
1
1
1
1
1
1
1
1
1
1
1
1
1
1
1
1
1
1
1
1
1
1
1
1
1
1
1
1
1
1
1
1
1
1
1
1
1
1
1
1
1
1
1
1
1
1
1
1
1
1
1
1
1
1
1
1
1
1
1
1
1
1
1
1
1
1
1
1
1
1
1
1
1
1
1
1
1
1
1
1
1
1
1
1
1
1
1
1
1
1
1
1
1
1
1
1
1
1
1
1
1
1
1
1
1
1
1
1
1
1
1
1
1
1
1
1
1
1
1
1
1
1
1
1
1
1
1
1
1
1
1
1
1
1
1
1
1
1
1
1
1
1
1
1
1
1
1
1
1
1
1
1
1
1
1
1
1
1
1
1
1
1
1
1
1
1
1
1
1
1
1
1
1
1
1
1
1
1
1
1
1
1
1
1
1
1
1
1
1
1
1
1
1
1
1
1
1
1
1
1
1
1
1
1
1
1
1
1
1
1
1
1
1
1
1
1
1
1
1
1
1
1
1
1
1
1
1
1
1
1
1
1
1
1
1
1
1
1
1
1
1
1
1
1
1
1
1
1
1
1
1
1
1
1
1
1
1
1
1
1
1
1
1
1
1
1
1
1
1
1
1
1
1
1
1
1
1
1
1
1
1
1
1
1
1
1
1
1
1
1
1
1
1
1
1
1
1
1
1
1
1
1
1
1
1
1
1
1
1
1
1
1
1
1
1
1
1
1
1
1
1
1
1
1
1
1
1
1
1
1
1
1
1
1
1
1
1
1
1
1
1
1
1
1
1
1
1
1
1
1
1
1
1
1
1
1
1
1
1
1
1
1
1
1
1
1
1
1
1
1
1
1
1
1
1
1
1
1
1
1
1
1
1
1
1
1
1
1
1
1
1
1
1
1
1
1
1
1
1
1
1
1
1
1
1
1
1
1
1
1
1
1
1
1
1
1
1
1
1
1
1
1
1
1
1
1
1
1
1
1
1
1
1
1
1
1
1
1
1
1
1
1
1
1
1
1
1
1
1
1
1
1
1
1
1
1
1
1
1
1
1
1
1
1
1
1
1
1
1
1
1
1
1
1
1
1
1
1
1
1
1
1
1
1
1
1
1
1
1
1
1
1
1
1
1
1
1
1
1
1
1
1
1
1
1
1
1
1
1
1
1
1
1
1
1
1
1
1
1
1
1
1
1
1
1
1
1
1
1
1
1
1
1
1
1
1
1
1
1
1
1
1
1
1
1
1
1
1
1
1
1
1
1
1
1
1
1
1
1
1
1
1
1
1
1
1
1
1
1
1
1
1
1
1
1
1
1
1
1
1
1
1
1
1
1
1
1
1
1
1
1
1
1
1
1
1
1
1
1
1
1
1
1
1
1
1
1
1
1
1
1
1
1
1
1
1
1
1
1
1
1
1
1
1
1
1
1
1
1
1
1
1
1
1
1
1
1
1
1
1
1
1
1
1
1
1
1
1
1
1
1
1
1
1
1
1
1
1
1
1
1
1
1
1
1
1
1
1
1
1
1
1
1
1
1
1
1
1
1
1
1
1
1
1
1
1
1
1
1
1
1
1
1
1
1
1
1
1
1
1
1
1
1
1
1
1
1
1
1
1
1
1
1
1
1
1
1
1
1
1
1
1
1
1
1
1
1
1
1
1
1
1
1
1
1
1
1
1
1
1
1
1
1
1
1
1
1
1
1
1
1
1
1
1
1
1
1
1
1
1
1
1
1
1
1
1
1
1
1
1
1
1
1
1
1
1
1
1
1
1
1
1
1
1
1
1
1
1
1
1
1
1
1
1
1
1
1
1
1
1
1
1
1
1
1
1
1
1
1
1
1
1
1
1
1
1
1
1
1
1
1
1
1
1
1
1
1
1
1
1
1
1
1
1
1
1
1
1
1
1
1
1
1
1
1
1
1
1
1
1
1
1
1
1
1
1
1
1
1
1
1
1
1
1
1
1
1
1
1
1
1
1
1
1
1
1
1
1
1
1
1
1
1
1
1
1
1
1
1
1
1
1
1
1
1
1
1
1
1
1
1
1
1
1
1
1
1
1
1
1
1
1
1
1
1
1
1
1
1
1
1
1
1
1
1
1
1
1
1
1
1
1
1
1
1
1
1
1
1
1
1
1
1
1
1
1
1
1
1
1
1
1
1
1
1
1
1
1
1
1
1
1
1
1
1
1
1
1
1
1
1
1
1
1
1
1
1
1
1
1
1
1
1
1
1
1
1
1
1
1
1
1
1
1
1
1
1
1
1
1
1
1
1
1
1
1
1
1
1
1
1
1
1
1
1
1
1
1
1
1
1
1
1
1
1
1
1
1
1
1
1
1
1
1
1
1
1
1
1
1
1
1
1
1
1
1
1
1
1
1
1
1
1
1
1
1
1
1
1
1
1
1
1
1
1
1
1
1
1
1
1
1
1
1
1
1
1
1
1
1
1
1
1
1
1
1
1
1
1
1
1
1
1
1
1
1
1
1
1
1
1
1
1
1
1
1
1
1
1
1
1
1
1
1
1
1
1
1
1
1
1
1
1
1
1
1
1
1
1
1
1
1
1
1
1
1
1
1
1
1
1
1
1
1
1
1
1
1
1
1
1
1
1
1
1
1
1
1
1
1
1
1
1
1
1
1
1
1
1
1
1
1
1
1
1
1
1
1
1
1
1
1
1
1
1
1
1
1
1
1
1
1
1
1
1
1
1
1
1
1
1
1
1
1
1
1
1
1
1
1
1
1
1
1
1
1
1
1
1
1
1
1
1
1
1
1
1
1
1
1
1
1
1
1
1
1
1
1
1
1
1
1
1
1
1
1
1
1
1
1
1
1
1
1
1
1
1
1
1
1
1
1
1
1
1
1
1
1
1
1
1
1
1
1
1
1
1
1
1
1
1
1
1
1
1
1
1
1
1
1
1
1
1
1
1
1
1
1
1
1
1
1
1
1
1
1
1
1
1
1
1
1
1
1
1
1
1
1
1
1
1
1
1
1
1
1
1
1
1
1
1
1
1
1
1
1
1
1
1
1
1
1
1
1
1
1
1
1
1
1
1
1
1
1
1
1
1
1
1
1
1
1
1
1
1
1
1
1
1
1
1
1
1
1
1
1
1
1
1
1
1
1
1
1
1
1
1
1
1
1
1
1
1
1
1
1
1
1
1
1
1
1
1
1
1
1
1
1
1
1
1
1
1
1
1
1
1
1
1
1
1
1
1
1
1
1
1
1
1
1
1
1
1
1
1
1
1
1
1
1
1
1
1
1
1
1
1
1
1
1
1
1
1
1
1
1
1
1
1
1
1
1
1
1
1
1
1
1
1
1
1
1
1
1
1
1
1
1
1
1
1
1
1
1
1
1
1
1
1
1
1
1
1
1
1
1
1
1
1
1
1
1
1
1
1
1
1
1
1
1
1
1
1
1
1
1
1
1
1
1
1
1
1
1
1
1
1
1
1
1
1
1
1
1
1
1
1
1
1
1
1
1
1
1
1
1
1
1
1
1
1
1
1
1
1
1
1
1
1
1
1
1
1
1
1
1
1
1
1
1
1
1
1
1
1
1
1
1
1
1
1
1
1
1
1
1
1
1
1
1
1
1
1
1
1
1
1
1
1
1
1
1
1
1
1
1
1
1
1
1
1
1
1
1
1
1
1
1
1
1
1
1
1
1
1
1
1
1
1
1
1
1
1
1
1
1
1
1
1
1
1
1
1
1
1
1
1
1
1
1
1
1
1
1
1
1
1
1
1
1
1
1
1
1
1
1
1
1
1
1
1
1
1
1
1
1
1
1
1
1
1
1
1
1
1
1
1
1
1
1
1
1
1
1
1
1
1
1
1
1
1
1
1
1
1
1
1
1
1
1
1
1
1
1
1
1
1
1
1
1
1
1
1
1
1
1
1
1
1
1
1
1
1
1
1
1
1
1
1
1
1
1
1
1
1
1
1
1
1
1
1
1
1
1
1
1
1
1
1
1
1
1
1
1
1
1
1
1
1
1
1
1
1
1
1
1
1
1
1
1
1
1
1
1
1
1
1
1
1
1
1
1
1
1
1
1
1
1
1
1
1
1
1
1
1
1
1
1
1
1
1
1
1
1
1
1
1
1
1
1
1
1
1
1
1
1
1
1
1
1
1
1
1
1
1
1
1
1
1
1
1
1
1
1
1
1
1
1
1
1
1
1
1
1
1
1
1
1
1
1
1
1
1
1
1
1
1
1
1
1
1
1
1
1
1
1
1
1
1
1
1
1
1
1
1
1
1
1
1
1
1
1
1
1
1
1
1
1
1
1
1
1
1
1
1
1
1
1
1
1
1
1
1
1
1
1
1
1
1
1
1
1
1
1
1
1
1
1
1
1
1
1
1
1
1
1
1
1
1
1
1
1
1
1
1
1
1
1
1
1
1
1
1
1
1
1
1
1
1
1
1
1
1
1
1
1
1
1
1
1
1
1
1
1
1
1
1
1
1
1
1
1
1
1
1
1
1
1
1
1
1
1
1
1
1
1
1
1
1
1
1
1
1
1
1
1
1
1
1
1
1
1
1
1
1
1
1
1
1
1
1
1
1
1
1
1
1
1
1
1
1
1
1
1
1
1
1
1
1
1
1
1
1
1
1
1
1
1
1
1
1
1
1
1
1
1
1
1
1
1
1
1
1
1
1
1
1
1
1
1
1
1
1
1
1
1
1
1
1
1
1
1
1
1
1
1
1
1
1
1
1
1
1
1
1
1
1
1
1
1
1
1
1
1
1
1
1
1
1
1
1
1
1
1
1
1
1
1
1
1
1
1
1
1
1
1
1
1
1
1
1
1
1
1
1
1
1
1
1
1
1
1
1
1
1
1
1
1
1
1
1
1
1
1
1
1
1
1
1
1
1
1
1
1
1
1
1
1
1
1
1
1
1
1
1
1
1
1
1
1
1
1
1
1
1
1
1
1
1
1
1
1
1
1
1
1
1
1
1
1
1
1
1
1
1
1
1
1
1
1
1
1
1
1
1
1
1
1
1
1
1
1
1
1
1
1
1
1
1
1
1
1
1
1
1
1
1
1
1
1
1
1
1
1
1
1
1
1
1
1
1
1
1
1
1
1
1
1
1
1
1
1
1
1
1
1
1
1
1
1
1
1
1
1
1
1
1
1
1
1
1
1
1
1
1
1
1
1
1
1
1
1
1
1
1
1
1
1
1
1
1
1
1
1
1
1
1
1
1
1
1
1
1
1
1
1
1
1
1
1
1
1
1
1
1
1
1
1
1
1
1
1
1
1
1
1
1
1
1
1
1
1
1
1
1
1
1
1
1
1
1
1
1
1
1
1
1
1
1
1
1
1
1
1
1
1
1
1
1
1
1
1
1
1
1
1
1
1
1
1
1
1
1
1
1
1
1
1
1
1
1
1
1
1
1
1
1
1
1
1
1
1
1
1
1
1
1
1
1
1
1
1
1
1
1
1
1
1
1
1
1
1
1
1
1
1
1
1
1
1
1
1
1
1
1
1
1
1
1
1
1
1
1
1
1
1
1
1
1
1
1
1
1
1
1
1
1
1
1
1
1
1
1
1
1
1
1
1
1
1
1
1
1
1
1
1
1
1
1
1
1
1
1
1
1
1
1
1
1
1
1
1
1
1
1
1
1
1
1
1
1
1
1
1
1
1
1
1
1
1
1
1
1
1
1
1
1
1
1
1
1
1
1
1
1
1
1
1
1
1
1
1
1
1
1
1
1
1
1
1
1
1
1
1
1
1
1
1
1
1
1
1
1
1
1
1
1
1
1
1
1
1
1
1
1
1
1
1
1
1
1
1
1
1
1
1
1
1
1
1
1
1
1
1
1
1
1
1
1
1
1
1
1
1
1
1
1
1
1
1
1
1
1
1
1
1
1
1
1
1
1
1
1
1
1
1
1
1
1
1
1
1
1
1
1
1
1
1
1
1
1
1
1
1
1
1
1
1
1
1
1
1
1
1
1
1
1
1
1
1
1
1
1
1
1
1
1
1
1
1
1
1
1
1
1
1
1
1
1
1
1
1
1
1
1
1
1
1
1
1
1
1
1
1
1
1
1
1
1
1
1
1
1
1
1
1
1
1
1
1
1
1
1
1
1
1
1
1
1
1
1
1
1
1
1
1
1
1
1
1
1
1
1
1
1
1
1
1
1
1
1
1
1
1
1
1
1
1
1
1
1
1
1
1
1
1
1
1
1
1
1
1
1
1
1
1
1
1
1
1
1
1
1
1
1
1
1
1
1
1
1
1
1
1
1
1
1
1
1
1
1
1
1
1
1
1
1
1
1
1
1
1
1
1
1
1
1
1
1
1
1
1
1
1
1
1
1
1
1
1
1
1
1
1
1
1
1
1
1
1
1
1
1
1
1
1
1
1
1
1
1
1
1
1
1
1
1
1
1
1
1
1
1
1
1
1
1
1
1
1
1
1
1
1
1
1
1
1
1
1
1
1
1
1
1
1
1
1
1
1
1
1
1
1
1
1
1
1
1
1
1
1
1
1
1
1
1
1
1
1
1
1
1
1
1
1
1
1
1
1
1
1
1
1
1
1
1
1
1
1
1
1
1
1
1
1
1
1
1
1
1
1
1
1
1
1
1
1
1
1
1
1
1
1
1
1
1
1
1
1
1
1
1
1
1
1
1
1
1
1
1
1
1
1
1
1
1
1
1
1
1
1
1
1
1
1
1
1
1
1
1
1
1
1
1
1
1
1
1
1
1
1
1
1
1
1
1
1
1
1
1
1
1
1
1
1
1
1
1
1
1
1
1
1
1
1
1
1
1
1
1
1
1
1
1
1
1
1
1
1
1
1
1
1
1
1
1
1
1
1
1
1
1
1
1
1
1
1
1
1
1
1
1
1
1
1
1
1
1
1
1
1
1
1
1
1
1
1
1
1
1
1
1
1
1
1
1
1
1
1
1
1
1
1
1
1
1
1
1
1
1
1
1
1
1
1
1
1
1
1
1
1
1
1
1
1
1
1
1
1
1
1
1
1
1
1
1
1
1
1
1
1
1
1
1
1
1
1
1
1
1
1
1
1
1
1
1
1
1
1
1
1
1
1
1
1
1
1
1
1
1
1
1
1
1
1
1
1
1
1
1
1
1
1
1
1
1
1
1
1
1
1
1
1
1
1
1
1
1
1
1
1
1
1
1
1
1
1
1
1
1
1
1
1
1
1
1
1
1
1
1
1
1
1
1
1
1
1
1
1
1
1
1
1
1
1
1
1
1
1
1
1
1
1
1
1
1
1
1
1
1
1
1
1
1
1
1
1
1
1
1
1
1
1
1
1
1
1
1
1
1
1
1
1
1
1
1
1
1
1
1
1
1
1
1
1
1
1
1
1
1
1
1
1
1
1
1
1
1
1
1
1
1
1
1
1
1
1
1
1
1
1
1
1
1
1
1
1
1
1
1
1
1
1
1
1
1
1
1
1
1
1
1
1
1
1
1
1
1
1
1
1
1
1
1
1
1
1
1
1
1
1
1
1
1
1
1
1
1
1
1
1
1
1
1
1
1
1
1
1
1
1
1
1
1
1
1
1
1
1
1
1
1
1
1
1
1
1
1
1
1
1
1
1
1
1
1
1
1
1
1
1
1
1
1
1
1
1
1
1
1
1
1
1
1
1
1
1
1
1
1
1
1
1
1
1
1
1
1
1
1
1
1
1
1
1
1
1
1
1
1
1
1
1
1
1
1
1
1
1
1
1
1
1
1
1
1
1
1
1
1
1
1
1
1
1
1
1
1
1
1
1
1
1
1
1
1
1
1
1
1
1
1
1
1
1
1
1
1
1
1
1
1
1
1
1
1
1
1
1
1
1
1
1
1
1
1
1
1
1
1
1
1
1
1
1
1
1
1
1
1
1
1
1
1
1
1
1
1
1
1
1
1
1
1
1
1
1
1
1
1
1
1
1
1
1
1
1
1
1
1
1
1
1
1
1
1
1
1
1
1
1
1
1
1
1
1
1
1
1
1
1
1
1
1
1
1
1
1
1
1
1
1
1
1
1
1
1
1
1
1
1
1
1
1
1
1
1
1
1
1
1
1
1
1
1
1
1
1
1
1
1
1
1
1
1
1
1
1
1
1
1
1
1
1
1
1
1
1
1
1
1
1
1
1
1
1
1
1
1
1
1
1
1
1
1
1
1
1
1
1
1
1
1
1
1
1
1
1
1
1
1
1
1
1
1
1
1
1
1
1
1
1
1
1
1
1
1
1
1
1
1
1
1
1
1
1
1
1
1
1
1
1
1
1
1
1
1
1
1
1
1
1
1
1
1
1
1
1
1
1
1
1
1
1
1
1
1
1
1
1
1
1
1
1
1
1
1
1
1
1
1
1
1
1
1
1
1
1
1
1
1
1
1
1
1
1
1
1
1
1
1
1
1
1
1
1
1
1
1
1
1
1
1
1
1
1
1
1
1
1
1
1
1
1
1
1
1
1
1
1
1
1
1
1
1
1
1
1
1
1
1
1
1
1
1
1
1
1
1
1
1
1
1
1
1
1
1
1
1
1
1
1
1
1
1
1
1
1
1
1
1
1
1
1
1
1
1
1
1
1
1
1
1
1
1
1
1
1
1
1
1
1
1
1
1
1
1
1
1
1
1
1
1
1
1
1
1
1
1
1
1
1
1
1
1
1
1
1
1
1
1
1
1
1
1
1
1
1
1
1
1
1
1
1
1
1
1
1
1
1
1
1
1
1
1
1
1
1
1
1
1
1
1
1
1
1
1
1
1
1
1
1
1
1
1
1
1
1
1
1
1
1
1
1
1
1
1
1
1
1
1
1
1
1
1
1
1
1
1
1
1
1
1
1
1
1
1
1
1
1
1
1
1
1
1
1
1
1
1
1
1
1
1
1
1
1
1
1
1
1
1
1
1
1
1
1
1
1
1
1
1
1
1
1
1
1
1
1
1
1
1
1
1
1
1
1
1
1
1
1
1
1
1
1
1
1
1
1
1
1
1
1
1
1
1
1
1
1
1
1
1
1
1
1
1
1
1
1
1
1
1
1
1
1
1
1
1
1
1
1
1
1
1
1
1
1
1
1
1
1
1
1
1
1
1
1
1
1
1
1
1
1
1
1
1
1
1
1
1
1
1
1
1
1
1
1
1
1
1
1
1
1
1
1
1
1
1
1
1
1
1
1
1
1
1
1
1
1
1
1
1
1
1
1
1
1
1
1
1
1
1
1
1
1
1
1
1
1
1
1
1
1
1
1
1
1
1
1
1
1
1
1
1
1
1
1
1
1
1
1
1
1
1
1
1
1
1
1
1
1
1
1
1
1
1
1
1
1
1
1
1
1
1
1
1
1
1
1
1
1
1
1
1
1
1
1
1
1
1
1
1
1
1
1
1
1
1
1
1
1
1
1
1
1
1
1
1
1
1
1
1
1
1
1
1
1
1
1
1
1
1
1
1
1
1
1
1
1
1
1
1
1
1
1
1
1
1
1
1
1
1
1
1
1
1
1
1
1
1
1
1
1
1
1
1
1
1
1
1
1
1
1
1
1
1
1
1
1
1
1
1
1
1
1
1
1
1
1
1
1
1
1
1
1
1
1
1
1
1
1
1
1
1
1
1
1
1
1
1
1
1
1
1
1
1
1
1
1
1
1
1
1
1
1
1
1
1
1
1
1
1
1
1
1
1
1
1
1
1
1
1
1
1
1
1
1
1
1
1
1
1
1
1
1
1
1
1
1
1
1
1
1
1
1
1
1
1
1
1
1
1
1
1
1
1
1
1
1
1
1
1
1
1
1
1
1
1
1
1
1
1
1
1
1
1
1
1
1
1
1
1
1
1
1
1
1
1
1
1
1
1
1
1
1
1
1
1
1
1
1
1
1
1
1
1
1
1
1
1
1
1
1
1
1
1
1
1
1
1
1
1
1
1
1
1
1
1
1
1
1
1
1
1
1
1
1
1
1
1
1
1
1
1
1
1
1
1
1
1
1
1
1
1
1
1
1
1
1
1
1
1
1
1
1
1
1
1
1
1
1
1
1
1
1
1
1
1
1
1
1
1
1
1
1
1
1
1
1
1
1
1
1
1
1
1
1
1
1
1
1
1
1
1
1
1
1
1
1
1
1
1
1
1
1
1
1
1
1
1
1
1
1
1
1
1
1
1
1
1
1
1
1
1
1
1
1
1
1
1
1
1
1
1
1
1
1
1
1
1
1
1
1
1
1
1
1
1
1
1
1
1
1
1
1
1
1
1
1
1
1
1
1
1
1
1
1
1
1
1
1
1
1
1
1
1
1
1
1
1
1
1
1
1
1
1
1
1
1
1
1
1
1
1
1
1
1
1
1
1
1
1
1
1
1
1
1
1
1
1
1
1
1
1
0.999999
1
1
1
1
1
1
1
1
1
1
1
1
1
1
1
1
1
1
1
1
1
1
1
1
1
1
1
1
1
1
1
1
1
1
1
1
1
1
1
1
1
1
1
1
1
1
1
1
0.999999
0.999999
0.999999
0.999999
1
1
1
1
1
1
1
1
1
1
1
1
1
1
1
1
1
1
1
1
1
1
1
1
1
1
1
1
1
1
1
1
1
1
1
1
1
1
1
1
1
1
1
1
1
1
1
1
0.999999
0.999999
0.999999
1
1
1
1
1
1
1
1
1
1
1
1
1
1
1
1
1
1
1
1
1
1
1
1
1
1
1
1
1
1
1
1
1
1
1
1
1
1
1
1
1
1
1
1
1
1
1
1
0.999999
0.999999
0.999999
1
1
1
1
1
1
1
1
1
1
1
1
1
1
1
1
1
1
1
1
1
1
1
1
1
1
1
1
1
1
1
1
1
1
1
1
1
1
1
1
1
1
1
1
1
1
1
1
1
1
1
1
1
1
1
1
1
1
1
1
1
1
1
1
1
1
1
1
1
1
1
1
1
1
1
1
1
1
1
1
1
1
1
1
1
1
1
1
1
1
1
1
1
1
1
1
1
1
1
1
1
1
1
1
1
1
1
1
1
1
1
1
1
1
1
1
1
1
1
1
1
1
1
1
1
1
1
1
1
1
1
1
1
1
1
1
1
1
1
1
1
1
1
1
1
1
0.999995
0.999987
0.999987
0.999993
0.999999
1
1
1
1
1
1
1
1
1
1
1
1
1
1
1
1
1
1
1
1
1
1
1
1
1
1
1
1
1
1
1
1
1
1
1
1
1
1
1
1
1
1
1
1
1
0.99999
0.999986
0.999986
0.999986
0.999993
0.999999
1
1
1
1
1
1
1
1
1
1
1
1
1
1
1
1
1
1
1
1
1
1
1
1
1
1
1
1
1
1
1
1
1
1
1
1
1
1
1
1
1
1
1
1
1
0.999998
0.999988
0.999986
0.999987
0.999993
0.999999
1
1
1
1
1
1
1
1
1
1
1
1
1
1
1
1
1
1
1
1
1
1
1
1
1
1
1
1
1
1
1
1
1
1
1
1
1
1
1
1
1
1
1
1
1
0.999998
0.999989
0.999987
0.999987
0.999995
1
1
1
1
1
1
1
1
1
1
1
1
1
1
1
1
1
1
1
1
1
1
1
1
1
1
1
1
1
1
1
1
1
1
1
1
1
1
0.999993
1
1
1
1
1
1
1
0.999998
0.999991
0.999989
0.999994
1
1
1
1
1
1
1
1
1
1
1
1
1
1
1
1
1
1
1
1
1
1
1
1
1
1
1
1
1
1
1
1
1
1
1
1
1
1
0.999974
0.999995
1
1
1
1
1
1
1
1
0.999999
0.999998
0.999998
0.999999
1
1
1
1
1
1
1
1
1
1
1
1
1
1
1
1
1
1
1
1
1
1
1
1
1
1
1
1
1
1
1
1
1
1
1
1
0.999974
0.999983
0.999999
1
1
1
1
1
1
1
1
0.999999
0.999998
0.999998
0.999999
1
1
1
1
1
1
1
1
1
1
1
1
1
1
1
1
1
1
1
1
1
1
1
1
1
1
1
1
1
1
1
1
1
1
1
0.999972
0.999972
0.999992
0.999996
0.999998
1
1
1
1
1
1
0.999999
0.999999
0.999999
0.999999
1
1
1
1
1
1
1
1
1
0.999999
0.999994
0.999985
0.999983
0.999986
0.999992
0.999998
1
1
1
1
1
1
1
1
1
1
1
1
1
1
1
1
1
1
1
1
1
1
1
1
1
1
1
1
1
1
1
1
1
1
1
1
1
1
1
1
1
1
1
1
1
1
1
1
1
1
1
1
1
1
1
1
1
1
1
1
1
1
1
1
1
1
1
1
1
1
1
1
1
1
1
1
1
1
1
1
1
1
1
1
1
1
1
1
1
1
1
1
1
1
1
1
1
1
1
1
1
1
1
1
1
1
1
1
1
1
1
1
1
1
1
1
1
1
1
1
1
1
1
1
1
1
1
1
1
1
1
1
1
1
1
1
1
1
1
1
1
1
1
1
1
1
1
1
1
1
1
1
1
1
1
1
1
1
1
1
1
1
1
1
1
1
1
1
1
1
1
1
1
1
1
1
1
1
1
1
1
1
1
1
1
1
1
1
1
1
1
1
1
1
1
1
1
1
1
1
1
1
1
1
1
1
1
1
1
1
1
1
1
1
1
1
1
1
1
1
1
1
1
1
1
1
1
1
1
1
1
1
1
1
1
1
1
1
1
1
1
1
1
1
1
1
1
1
1
1
1
1
1
1
1
1
1
1
1
1
1
1
1
1
1
1
1
1
1
1
1
1
1
1
1
1
1
1
1
1
1
1
1
1
1
1
1
1
1
1
1
1
1
1
1
1
1
1
1
1
1
1
1
1
1
1
1
1
1
1
1
1
1
1
1
1
1
1
1
1
1
1
1
1
1
1
1
1
1
1
1
1
1
1
1
1
1
1
1
1
1
1
1
1
1
1
1
1
1
1
1
1
1
1
1
1
1
1
1
1
1
1
1
1
1
1
1
1
1
1
1
1
1
1
1
1
1
1
1
1
1
1
1
1
1
1
1
1
1
1
1
1
1
1
1
1
1
1
1
1
1
1
1
1
1
1
1
1
1
1
1
1
1
1
1
1
1
1
1
1
1
1
1
1
1
1
1
1
1
1
1
1
1
1
1
1
1
1
1
1
1
1
1
1
1
1
1
1
1
1
1
1
1
1
1
1
1
1
1
1
1
1
1
1
1
1
1
1
1
1
1
1
1
1
1
1
1
1
1
1
1
1
1
1
1
1
1
1
1
1
1
1
1
1
1
1
1
1
1
1
1
1
1
1
1
1
1
1
1
1
1
1
1
1
1
1
1
1
1
1
1
1
1
1
1
1
1
1
1
1
1
1
1
1
1
1
1
1
1
1
1
1
1
1
1
1
1
1
1
1
1
1
1
1
1
1
1
1
1
1
1
1
1
1
1
1
1
1
1
1
1
1
1
1
1
1
1
1
1
1
1
1
1
1
1
1
1
1
1
1
1
1
1
1
1
1
1
1
1
1
1
1
1
1
1
1
1
1
1
1
1
1
1
1
1
1
1
1
1
1
1
1
1
1
1
1
1
1
1
1
1
1
1
1
1
1
1
1
1
1
1
1
1
1
1
1
1
1
1
1
1
1
1
1
1
1
1
1
1
1
1
1
1
1
1
1
1
1
1
1
1
1
1
1
1
1
1
1
1
1
1
1
1
1
1
1
1
1
1
1
1
1
1
1
1
1
1
1
1
1
1
1
1
1
1
1
1
1
1
1
1
1
1
1
1
1
1
1
1
1
1
1
1
1
1
1
1
1
1
1
1
1
1
1
1
1
1
1
1
1
1
1
1
1
1
1
1
1
1
1
1
1
1
1
1
1
1
1
1
1
1
1
1
1
1
1
1
1
0.999997
1
1
1
1
1
1
1
1
1
1
1
1
1
1
1
1
1
1
1
1
1
1
1
1
1
1
1
1
1
1
1
1
1
1
1
1
1
1
1
1
1
1
1
1
1
1
1
1
0.999999
0.999989
1
1
1
1
1
1
1
1
1
1
1
1
1
1
1
1
1
1
1
1
1
1
1
1
1
1
1
1
1
1
1
1
1
1
1
1
1
1
1
1
1
1
1
1
1
1
1
1
0.999997
0.99999
1
1
1
1
1
1
1
1
1
1
1
1
1
1
1
1
1
1
1
1
1
1
1
1
1
1
1
1
1
1
1
1
1
1
1
1
1
1
1
1
1
1
1
1
1
1
1
1
1
1
1
1
1
1
1
1
1
1
1
1
1
1
1
1
1
1
1
1
1
1
1
1
1
1
1
1
1
1
1
1
1
1
1
1
1
1
1
1
1
1
0.999997
0.999991
0.999993
0.999999
1
1
1
1
1
0.999999
1
1
1
1
1
1
1
1
1
1
1
1
1
1
1
1
1
1
1
1
1
1
1
1
1
1
1
1
1
1
1
1
1
1
1
1
1
1
1
0.999992
0.999984
0.999985
0.999985
0.999997
1
1
0.999999
0.999999
0.99995
0.99972
1
1
1
1
1
1
1
1
1
1
1
1
1
1
1
1
1
1
1
1
1
1
1
1
1
1
1
1
1
1
1
1
1
1
1
1
1
0.999999
0.999983
0.999983
0.999983
0.999984
0.999991
0.999996
0.999998
0.999874
0.999756
0.99961
0.999111
0.999086
1
1
1
1
1
1
1
1
1
1
1
1
1
1
1
1
1
1
1
1
1
1
1
1
1
1
1
1
1
1
1
1
1
1
1
1
0.999994
0.999982
0.999983
0.999983
0.999994
0.999994
0.999993
0.999935
0.999628
0.999235
0.999224
0.99921
0.999172
0.999556
1
1
1
1
1
1
1
1
1
1
1
1
1
1
1
1
1
1
1
1
1
1
1
1
1
1
1
1
1
1
1
1
1
1
1
0.999988
0.999982
0.999982
0.999982
0.999993
0.999999
0.999998
0.999797
0.999474
0.999483
0.999478
0.999363
0.999502
0.999973
1
1
1
1
1
1
1
1
1
1
1
1
1
1
1
1
1
1
1
1
1
1
1
1
1
1
1
1
1
1
1
1
1
1
0.999999
0.999984
0.999982
0.999982
0.999982
0.999992
0.999999
0.999999
0.999973
0.999534
0.999497
0.999681
1
1
1
1
1
1
1
1
1
1
1
1
1
1
1
1
1
1
1
1
1
1
1
1
1
1
1
1
1
1
1
1
1
1
1
1
1
0.999998
0.999981
0.999982
0.999982
0.999982
0.999995
0.999999
0.999999
0.999999
0.99997
1
1
1
1
1
1
1
1
1
1
1
1
1
1
1
1
1
1
1
1
1
1
1
1
1
1
1
1
1
1
1
1
1
1
1
1
1
1
1
0.999995
0.999981
0.999981
0.999981
0.999983
0.999997
0.999996
0.999997
0.999997
1
1
1
1
1
1
1
1
1
0.999999
1
1
1
1
1
1
1
1
1
1
1
1
1
1
1
1
1
1
1
1
1
1
1
1
1
1
1
1
1
1
0.999993
0.999981
0.999981
0.999981
0.999985
0.999998
0.999997
0.999997
0.999996
0.999996
0.999999
1
1
1
1
1
1
0.999999
0.999999
0.999996
1
0.999999
0.999999
0.999999
0.999999
0.999999
1
1
1
1
1
1
1
1
1
1
1
1
1
1
1
1
1
1
1
1
1
1
1
0.999989
0.999981
0.999981
0.999981
0.999988
0.999998
0.999998
0.999998
0.999994
0.999989
0.99999
0.999996
0.999998
0.999999
1
1
1
0.999999
0.999996
0.999955
0.998699
1
1
0.999999
0.999999
0.999999
0.999999
0.999999
0.999999
0.999999
0.999999
0.999999
0.999999
0.999999
0.999999
1
1
1
1
1
1
1
1
1
1
1
1
1
0.999997
0.999984
0.999982
0.999982
0.999981
0.999992
0.999999
0.999999
0.999998
0.999993
0.999472
0.998653
0.99882
0.999671
0.999942
0.999999
1
1
0.999999
0.999993
0.999068
0.998596
0.998588
1
1
1
1
0.999999
0.999999
0.999999
0.999999
0.999999
0.999999
0.999999
0.999999
0.999999
0.999999
0.999999
1
1
1
1
1
1
1
1
1
1
1
0.999994
0.999982
0.999982
0.999982
0.999985
0.999998
0.999999
0.999999
0.999999
0.999995
0.999054
0.998078
0.998088
0.998091
0.998097
0.999904
0.999998
0.999999
0.999998
0.999936
0.998736
0.998709
0.998649
0.998625
1
1
1
1
1
1
1
0.999999
0.999999
0.999999
0.999999
0.999999
1
1
1
1
1
1
1
1
1
1
1
1
1
0.999988
0.999982
0.999982
0.999982
0.999992
0.999999
0.999999
0.999999
0.999999
0.999998
0.998904
0.998064
0.998078
0.998078
0.998088
0.998735
0.99999
0.999997
0.999998
0.999696
0.998892
0.998836
0.998833
0.999668
1
1
1
1
1
1
1
1
1
1
1
1
1
1
1
1
1
1
1
1
1
1
1
1
1
0.999984
0.999983
0.999983
0.999987
0.999999
0.999999
0.999999
0.999999
0.999999
0.999999
0.999157
0.998051
0.998061
0.998064
0.998078
0.99918
0.999999
0.999999
0.999997
0.999997
0.999374
0.999159
0.999535
1
1
1
1
1
1
1
1
1
1
1
1
1
1
1
1
1
1
1
1
1
1
1
1
1
0.999998
0.99998
0.99998
0.999982
0.999994
0.999999
0.999999
0.999999
0.999999
0.999999
0.999999
0.999712
0.998042
0.998047
0.998051
0.998146
0.999906
1
1
0.999999
0.999997
0.999919
1
1
1
1
1
1
1
1
1
1
1
1
1
1
1
1
1
1
1
1
1
1
1
1
1
1
0.999997
0.999988
0.999978
0.999979
0.999983
0.999999
0.999999
0.999999
0.999999
0.999999
0.999999
0.999999
0.999998
0.998043
0.998037
0.998042
0.998054
0.999995
1
1
1
0.999999
0.999992
0.999998
1
1
1
1
1
1
1
0.999999
0.999999
0.999999
0.999999
1
1
1
1
1
1
1
1
1
1
1
1
1
0.999995
0.999986
0.999978
0.999978
0.999978
0.999985
0.999999
0.999999
0.999999
0.999999
0.999999
0.999999
0.999999
0.999999
0.998885
0.998028
0.998036
0.998037
0.999792
0.999999
1
1
1
0.999999
0.999998
1
1
1
1
1
1
1
0.999999
0.999998
0.999998
0.999998
0.999999
1
1
0.999999
0.999998
0.999997
0.999997
0.999996
0.999995
0.999992
0.99999
0.999988
0.999985
0.999978
0.999978
0.999978
0.999978
0.99998
0.999991
0.999999
0.999999
0.999999
0.999999
0.999999
0.999999
0.999999
0.999999
0.99988
0.998022
0.998024
0.998028
0.998824
0.999997
1
1
1
1
1
1
1
1
1
1
1
1
1
0.999999
0.999999
0.999999
1
1
0.99999
0.999979
0.999978
0.999978
0.999977
0.999977
0.999977
0.999977
0.999977
0.999977
0.999977
0.999977
0.999977
0.999977
0.999978
0.999987
1
0.999999
0.999999
0.999999
0.999999
0.999999
0.999999
0.999999
0.999999
0.999999
0.998035
0.998018
0.998022
0.998021
0.999981
1
1
1
1
1
0.999987
1
1
1
1
1
1
1
1
1
1
1
1
0.999999
0.999998
0.999995
0.999992
0.999988
0.999983
0.99998
0.999978
0.999977
0.999977
0.999979
0.999981
0.999983
0.999985
0.999989
1
1
1
1
0.999983
0.999959
0.999987
0.999999
0.999999
0.999999
0.999999
0.99953
0.998012
0.998015
0.998018
0.99936
0.999999
1
1
1
1
0.999981
0.999957
0.999971
0.999998
1
1
1
1
1
1
1
1
1
1
1
1
1
1
1
1
1
0.999999
0.999999
1
1
1
1
1
1
1
1
1
0.999977
0.999942
0.999942
0.999942
0.999987
0.999999
0.999999
0.999998
0.998015
0.998008
0.998012
0.998185
0.999997
1
1
1
1
1
0.999957
0.999957
0.999957
0.999988
1
1
1
1
1
1
1
1
1
1
1
1
1
1
1
1
1
1
1
1
1
1
1
1
0.999999
0.999996
0.999989
0.999956
0.999941
0.999942
0.999942
0.999942
0.999986
0.999999
0.999998
0.999256
0.99799
0.998006
0.998008
0.999973
1
1
1
1
1
0.999982
0.999957
0.999957
0.999957
0.999985
1
1
1
1
1
1
1
1
1
1
1
1
1
1
1
1
1
1
1
1
1
1
1
1
1
1
1
1
1
1
1
1
1
1
1
1
1
1
1
1
1
1
1
1
1
1
1
1
1
1
1
1
1
1
1
1
1
1
1
1
1
1
1
1
1
1
1
1
1
1
1
1
1
1
1
1
1
1
1
1
1
1
1
1
1
1
1
1
1
1
1
1
1
1
1
1
1
1
1
1
1
1
1
1
1
1
1
1
1
1
1
1
1
1
1
1
1
1
1
1
1
1
1
1
1
1
1
1
1
1
1
1
1
1
1
1
1
1
1
1
1
1
1
1
1
1
1
1
1
1
1
1
1
1
1
1
1
1
1
1
1
1
1
1
1
1
1
1
1
1
1
1
1
1
1
1
1
1
1
1
1
1
1
1
1
1
1
1
1
1
1
1
1
1
1
1
1
1
1
1
1
1
1
1
1
1
1
1
1
1
1
1
1
1
1
1
1
1
1
1
1
1
1
1
1
1
1
1
1
1
1
1
1
1
1
1
1
1
1
1
1
1
1
1
1
1
1
1
1
1
1
1
1
1
1
1
1
1
1
1
1
1
1
1
1
1
1
1
1
1
1
1
1
1
1
1
1
1
1
1
1
1
1
1
1
1
1
1
1
1
1
1
1
1
1
1
1
1
1
1
1
1
1
1
1
1
1
1
1
1
1
1
1
1
1
1
1
1
1
1
1
1
1
1
1
1
1
1
1
1
1
1
1
1
1
1
1
1
1
1
1
1
1
1
1
1
1
1
1
1
1
1
1
1
1
1
1
1
1
1
1
1
1
1
1
1
1
1
1
1
1
1
1
1
1
1
1
1
1
1
1
1
1
1
1
1
1
1
1
1
1
1
1
1
1
1
1
1
1
1
1
1
1
1
1
1
1
1
1
1
1
1
1
1
1
1
1
1
1
1
1
1
1
1
1
1
1
1
1
1
1
1
1
1
1
1
1
1
1
1
1
1
1
1
1
1
1
1
1
1
1
1
1
1
1
1
1
1
1
1
1
1
1
1
1
1
1
1
1
1
1
1
1
1
1
1
1
1
1
1
1
1
1
1
1
1
1
1
1
1
1
1
1
1
1
1
1
1
1
1
1
1
1
1
1
1
1
1
1
1
1
1
1
1
1
1
1
1
1
1
1
1
1
1
1
1
1
1
1
1
1
1
1
1
1
1
1
1
1
1
1
1
1
1
1
1
1
1
1
1
1
1
1
1
1
1
1
1
1
0.999996
0.999995
0.999999
1
1
1
1
1
1
1
1
1
1
1
1
1
1
1
1
1
1
1
1
1
1
1
1
1
1
1
1
1
1
1
1
1
1
1
1
1
1
1
1
1
1
1
1
1
1
0.999991
0.999988
0.999988
0.999991
1
1
1
1
1
1
1
1
1
1
1
1
1
1
1
1
1
1
1
1
1
1
1
1
1
1
1
1
1
1
1
1
1
1
1
1
1
1
1
1
1
1
1
1
1
0.999988
0.999988
0.999988
0.999988
0.999988
0.999998
1
1
1
1
1
1
1
1
1
1
1
1
1
1
0.999999
0.999869
0.999696
0.999489
0.999152
0.999236
0.999562
0.999527
0.998646
0.998345
0.99839
0.998347
0.998345
0.998798
0.999878
0.99983
0.998677
0.998349
0.998442
0.999734
1
1
1
1
0.999832
0.999786
0.999943
1
1
0.999988
0.999988
0.999988
0.999988
0.999988
0.999994
1
1
1
1
1
1
1
1
1
1
0.999999
0.999889
0.999288
0.999095
0.999389
0.998824
0.99834
0.998338
0.998337
0.998337
0.998337
0.998337
0.998337
0.99834
0.99834
0.99834
0.99834
0.99834
0.99834
0.99834
0.99834
0.99834
0.99834
0.99834
0.998341
0.998393
0.999933
0.999999
0.999267
0.998345
0.99834
0.998339
0.998348
0.999651
0.999988
0.999988
0.999988
0.999988
0.999998
0.999999
0.999999
1
1
1
1
1
1
0.999963
0.999632
0.999697
0.998704
0.998352
0.998349
0.998344
0.998341
0.99834
0.99834
0.99834
0.998338
0.998337
0.998337
0.998337
0.998337
0.998396
0.999086
0.998541
0.99834
0.99834
0.99834
0.99834
0.99834
0.99834
0.99834
0.99834
0.99834
0.998341
0.998343
0.99843
0.998344
0.998339
0.998338
0.998338
0.998338
0.998339
0.999992
0.999996
0.999996
0.999997
0.999997
0.999999
0.999999
0.999999
0.999998
0.999999
0.999901
0.999702
0.999783
0.998497
0.998384
0.99838
0.99838
0.99838
0.998352
0.998802
0.998612
0.998341
0.99834
0.99834
0.999372
0.999665
0.99903
0.998826
0.999365
0.999918
1
0.999983
0.999885
0.999977
0.999425
0.99834
0.998468
0.99958
0.999638
0.999578
0.999741
0.999937
0.998594
0.998344
0.998339
0.998338
0.998338
0.998338
0.998338
0.998338
0.999998
0.999996
0.999996
0.999996
0.999997
0.999997
0.999926
0.999565
0.998927
0.999399
0.99856
0.998526
0.998522
0.998522
0.998652
0.998531
0.998386
0.998682
0.99994
0.999994
0.999993
0.999828
0.99975
0.999914
0.999999
1
1
1
1
1
1
1
1
1
1
0.999946
0.999978
1
1
1
1
1
1
0.999995
0.998896
0.998339
0.998338
0.998338
0.998338
0.99835
0.999996
0.999995
0.999935
0.999684
0.999869
0.998955
0.998789
0.998788
0.998788
0.998788
0.999383
0.999597
0.998661
0.998548
0.999835
0.999996
0.999995
0.999994
0.999994
0.999994
0.999995
0.999998
1
1
1
1
1
1
1
1
1
1
1
1
1
1
1
1
1
1
1
1
1
1
1
0.999856
0.998751
0.998802
0.999514
0.999973
0.99969
0.999604
0.998921
0.998904
0.998871
0.998842
0.998814
0.998789
0.998833
0.999876
0.999997
0.999997
0.999996
0.999996
0.999996
0.999996
0.999996
0.999995
0.999994
0.999994
0.999778
0.999415
0.999556
0.999917
1
1
1
1
1
1
1
1
1
1
1
1
1
1
1
1
1
1
1
1
1
1
1
0.999999
1
1
0.999055
0.999035
0.999006
0.9991
0.999881
0.999718
0.999699
0.999949
0.999998
0.999997
0.999997
0.999997
0.999997
0.999996
0.999996
0.999996
0.999965
0.99985
0.999986
0.999118
0.998433
0.998433
0.998434
0.999504
0.999998
1
1
1
1
1
1
0.999999
0.999999
1
1
0.999998
0.999996
0.999996
0.999996
0.999996
0.999999
1
1
1
1
1
1
1
1
1
0.999801
0.999431
0.999746
0.999999
0.999999
0.999999
0.999998
0.999998
0.999998
0.999998
0.999997
0.999997
0.999996
0.999842
0.999592
0.999719
0.998642
0.998433
0.998433
0.998433
0.998433
0.998433
0.998433
0.999154
0.999998
1
1
1
1
1
0.999999
0.999999
0.999999
0.999999
0.999999
0.999999
0.999998
0.999998
0.999999
1
1
0.999999
0.999616
0.99965
0.999924
1
1
1
1
1
1
1
0.999999
0.999999
0.999999
0.999999
0.999999
0.999998
0.999998
0.999997
0.99972
0.999758
0.99917
0.998434
0.998433
0.998433
0.998433
0.998433
0.998433
0.998433
0.998433
0.998433
0.998671
0.999914
1
1
1
1
1
1
0.999999
0.999999
0.999999
1
1
1
1
1
1
1
0.99987
0.997551
0.99735
0.997349
0.997349
0.997629
0.999831
1
1
1
1
1
1
0.999999
0.999999
0.999999
0.999998
0.999761
0.999852
0.998902
0.998436
0.998434
0.998434
0.998434
0.998433
0.998433
0.998433
0.998433
0.998433
0.998433
0.998433
0.998972
0.999967
1
1
1
1
1
1
0.999988
0.999986
0.999986
0.999997
1
1
1
1
0.998784
0.997551
0.998567
0.997362
0.99735
0.997349
0.997349
0.997349
0.997349
0.997354
0.99812
0.999959
1
1
1
0.999999
0.999999
0.999818
0.999782
0.999102
0.998443
0.998437
0.998436
0.998435
0.998435
0.998434
0.998434
0.998499
0.998433
0.998433
0.998433
0.998433
0.998877
0.999917
1
1
1
1
1
1
1
0.999991
0.999986
0.999986
0.999986
0.999997
1
1
1
0.998977
0.997539
0.997539
0.997539
0.998552
0.99962
0.999243
0.999119
0.99965
0.999316
0.997369
0.997378
0.997369
0.997478
0.999999
0.999998
0.999873
0.999549
0.998462
0.998452
0.998451
0.998444
0.998438
0.998437
0.998436
0.998435
0.998444
0.9998
1
0.999129
0.998919
0.999771
0.999997
1
1
1
1
1
1
1
1
1
1
0.999999
0.999998
0.999998
0.999999
1
1
1
0.999892
0.999406
0.999227
0.999457
0.999933
1
1
1
1
1
0.999944
0.999984
0.997868
0.997122
0.999941
0.998974
0.998475
0.998468
0.998465
0.998462
0.998452
0.998771
0.998664
0.998452
0.999167
0.999988
1
1
1
1
1
1
1
1
1
1
1
1
1
1
1
1
1
1
1
1
1
1
1
1
1
0.999999
0.999996
0.999999
1
1
1
1
1
1
1
1
0.999999
0.998988
0.998536
0.998531
0.998527
0.998476
0.998489
0.998561
0.999533
1
1
1
1
1
1
1
1
1
1
1
1
1
1
1
1
1
1
1
1
1
1
1
1
1
1
1
1
1
1
0.999998
0.999993
0.999997
1
1
1
1
1
1
1
1
1
1
0.998566
0.998536
0.998606
0.999972
1
1
1
1
1
1
1
1
1
1
1
1
1
1
1
1
1
1
1
1
1
1
1
1
1
1
1
1
1
1
1
1
0.99999
0.999988
0.999988
0.999988
0.999988
0.999997
1
1
1
1
1
1
1
1
0.999007
0.999975
1
1
1
1
1
1
1
1
1
1
1
1
1
1
1
1
1
1
1
1
1
1
1
1
1
1
1
1
1
1
1
0.999994
0.999988
0.999988
0.999988
0.999988
0.999988
0.999994
0.999999
1
1
1
1
1
1
1
1
1
1
1
1
1
1
1
1
1
1
1
1
1
1
1
1
1
1
1
1
1
1
1
1
1
1
1
1
1
1
1
1
1
1
0.999997
0.999995
0.999995
0.999996
0.999998
0.999999
1
1
1
1
1
1
1
1
1
1
1
1
1
1
1
1
1
1
1
1
1
1
1
1
1
1
1
1
1
1
1
1
1
1
1
1
1
1
1
1
1
1
1
1
1
1
1
1
1
1
1
1
1
1
1
1
1
1
1
1
1
1
1
1
1
1
1
1
1
1
1
1
1
1
1
1
1
1
1
1
1
1
1
1
1
1
1
1
1
1
1
1
1
1
1
1
1
1
1
1
1
1
1
1
1
1
1
1
1
1
1
1
1
1
1
1
1
1
1
1
1
1
1
1
1
1
1
1
1
1
1
1
1
1
1
1
1
1
1
1
1
1
1
1
1
1
1
0.999998
0.999997
0.999997
0.999997
0.999997
0.999999
1
1
1
1
1
1
1
1
1
1
1
1
1
1
1
1
1
1
1
1
1
1
1
1
1
1
1
1
1
1
1
1
1
1
1
0.999997
0.999998
0.999988
0.999925
0.999913
0.999913
0.999913
0.999923
0.999999
1
1
0.999999
1
1
1
1
1
1
1
1
1
1
1
1
1
1
1
1
1
1
1
1
1
1
1
1
1
1
1
0.999999
0.999998
0.999999
1
1
1
1
1
0.999943
0.999434
0.998952
0.998952
0.999093
0.999736
0.999996
0.999997
0.999997
0.999997
0.999998
1
1
1
1
1
0.998843
0.997568
0.99757
0.997609
0.997608
0.997609
0.998094
0.999999
1
1
1
1
1
1
1
1
1
1
1
1
1
0.999999
0.999999
1
0.999999
0.999998
0.999998
0.999998
0.999992
0.999772
0.999741
0.999809
0.999153
0.996187
0.995914
0.99762
0.999518
0.999676
0.999468
0.997115
0.996711
0.997111
0.998466
0.999946
1
1
1
1
1
0.999837
0.999342
0.99934
0.999181
0.998758
0.998916
0.999402
0.99988
1
1
1
1
1
1
0.999999
0.999999
1
1
1
0.999994
1
1
1
0.999999
1
0.999999
0.999999
0.999922
0.999634
0.996113
0.990985
0.990622
0.992162
0.993104
0.992137
0.98861
0.9876
0.990418
0.995736
0.99905
0.993654
0.948533
0.935348
0.935347
0.935369
0.935383
0.937247
0.942023
0.940377
0.94
0.940012
0.940039
0.945733
0.986407
0.996853
0.995821
0.994364
0.99589
0.99979
1
1
0.999998
0.99998
0.999984
0.999991
0.999949
0.999895
0.999757
0.999878
0.999672
0.999187
0.998425
0.996375
0.994011
0.995367
0.999645
0.991101
0.942534
0.950736
0.986416
0.991004
0.989348
0.933393
0.933255
0.933255
0.933255
0.981849
0.958954
0.935446
0.935442
0.935441
0.935439
0.935347
0.935348
0.939173
0.966247
0.971621
0.94395
0.939246
0.939808
0.955067
0.945614
0.941694
0.941694
0.941694
0.941704
0.941721
0.94175
0.941806
0.942018
0.948639
0.99995
0.999948
0.999962
0.999984
0.999984
0.996574
0.996251
0.998882
0.999672
0.971064
0.963721
0.983746
0.980519
0.934148
0.932544
0.932544
0.932544
0.932544
0.932544
0.973602
0.983556
0.975983
0.970048
0.9814
0.995624
0.997236
0.997236
0.99677
0.996807
0.996827
0.99659
0.996404
0.996714
0.996827
0.996691
0.996523
0.996021
0.994858
0.995097
0.995097
0.995096
0.994844
0.994271
0.993884
0.993443
0.992602
0.992035
0.990963
0.98491
0.948974
1
1
1
1
1
1
1
1
1
1
1
1
1
1
1
1
1
1
1
1
1
1
1
1
1
1
1
1
1
1
1
1
1
1
1
1
1
1
1
1
1
1
1
1
1
1
1
1
1
1
1
1
1
1
1
1
1
1
1
1
1
1
1
1
1
1
1
1
1
1
1
1
1
1
1
1
1
1
1
1
1
1
1
1
1
1
1
1
1
1
1
1
1
1
1
1
1
1
1
1
1
1
1
1
1
1
1
1
1
1
1
1
1
1
1
1
1
1
1
1
1
1
1
1
1
1
1
1
1
1
1
1
1
1
1
1
1
1
1
1
1
1
1
1
1
1
1
1
1
1
1
1
1
1
1
1
1
1
1
1
1
1
1
1
1
1
1
1
1
1
1
1
1
1
1
1
1
1
1
1
1
1
1
1
1
1
1
1
1
1
1
1
1
1
1
1
1
1
1
1
1
1
1
1
1
1
1
1
1
1
1
1
1
1
1
1
1
1
1
1
1
1
1
1
1
1
1
1
1
1
1
1
1
1
1
1
1
1
1
1
1
1
1
1
1
1
1
1
1
1
1
1
1
1
1
1
1
1
1
1
1
1
1
1
1
1
1
1
1
1
1
1
1
1
1
1
1
1
1
1
1
1
1
1
1
1
1
1
1
1
1
1
1
1
1
1
1
1
1
1
1
1
1
1
1
1
1
1
1
1
1
1
1
1
1
1
1
1
1
1
1
1
1
1
1
1
1
1
1
1
1
1
1
1
1
1
1
1
1
1
1
1
1
1
1
1
1
1
1
1
1
1
1
1
1
1
1
1
1
1
1
1
1
1
1
1
1
1
1
1
1
1
1
1
1
1
1
1
1
1
1
1
1
1
1
1
1
1
1
1
1
1
1
1
1
1
1
1
1
1
1
1
1
1
1
1
1
1
1
1
1
1
1
1
1
1
1
1
1
1
1
1
1
1
1
1
1
1
1
1
1
1
1
1
1
1
1
1
1
1
1
1
1
1
1
1
1
1
1
1
1
1
1
1
1
1
1
1
1
1
1
1
1
1
1
1
1
1
1
1
1
1
1
1
1
1
1
1
1
1
1
1
1
1
1
1
1
1
1
1
1
1
1
1
1
1
1
1
1
1
1
1
1
1
1
1
1
1
1
1
1
1
1
1
1
1
1
1
1
1
1
1
1
1
1
1
1
1
1
1
1
1
1
1
1
1
1
1
1
1
1
1
1
1
1
1
1
1
1
1
1
1
1
1
1
1
1
1
1
1
1
1
1
1
1
1
1
1
1
1
1
1
1
1
1
1
1
1
1
1
1
1
1
1
1
1
1
1
1
1
1
1
1
1
1
1
1
1
1
1
1
1
1
1
1
1
1
1
1
1
1
1
1
1
1
1
1
1
1
1
1
1
1
1
1
1
1
1
1
1
1
1
1
1
1
1
1
1
1
1
1
1
1
1
1
1
1
1
1
1
1
1
1
1
1
1
1
1
1
1
1
1
1
1
1
1
1
1
1
1
1
1
1
1
1
1
1
1
1
1
1
1
1
1
1
1
1
1
1
1
1
1
1
1
1
1
1
1
1
1
1
1
1
1
1
1
1
1
1
1
1
1
1
1
1
1
1
1
1
1
1
1
1
1
1
1
1
1
1
1
1
1
1
1
1
1
1
1
1
1
1
1
1
1
1
1
1
1
1
1
1
1
1
1
1
1
1
1
1
1
1
1
1
1
1
1
1
1
1
1
1
1
1
1
1
1
1
1
1
1
1
1
1
1
1
1
1
1
1
1
1
1
1
1
1
1
1
1
1
1
1
1
1
1
1
1
1
1
1
1
1
1
1
1
1
1
1
1
1
1
1
1
1
1
1
1
1
1
1
1
1
1
1
1
1
1
1
1
1
1
1
1
1
1
1
1
1
1
1
1
1
1
1
1
1
1
1
1
1
1
1
1
1
1
1
1
1
1
1
1
1
1
1
1
1
1
1
1
1
1
1
1
1
1
1
1
1
1
1
1
1
1
1
1
1
1
1
1
1
1
1
1
1
1
1
1
1
1
1
1
1
1
1
1
1
1
1
1
1
1
1
1
1
1
1
1
1
1
1
1
1
1
1
1
1
1
1
1
1
1
1
1
1
1
1
1
1
1
1
1
1
1
1
1
1
1
1
1
1
1
1
1
1
1
1
1
1
1
1
1
1
1
1
1
1
1
1
1
1
1
1
1
1
1
1
1
1
1
1
1
1
1
1
1
1
1
1
1
1
1
1
1
1
1
1
1
1
1
1
1
1
1
1
1
1
1
1
1
1
1
1
1
1
1
1
1
1
1
1
1
1
1
1
1
1
1
1
1
1
1
1
1
1
1
1
1
1
1
1
1
1
1
1
1
1
1
1
1
1
1
1
1
1
1
1
1
1
1
1
1
1
1
1
1
1
1
1
1
1
1
1
1
1
1
1
1
1
1
1
1
1
1
1
1
1
1
1
1
1
1
1
1
1
1
1
1
1
1
1
1
1
1
1
1
1
1
1
1
1
1
1
1
1
1
1
1
1
1
1
1
1
1
1
1
1
1
1
1
1
1
1
1
1
1
1
1
1
1
1
1
1
1
1
1
1
1
1
1
1
1
1
1
1
1
1
1
1
1
1
1
1
1
1
1
1
1
1
1
1
1
1
1
1
1
1
1
1
1
1
1
1
1
1
1
1
1
1
1
1
1
1
1
1
1
1
1
1
1
1
1
1
1
1
1
1
1
1
1
1
1
1
1
1
1
1
1
1
1
1
1
1
1
1
1
1
1
1
1
1
1
1
1
1
1
1
1
1
1
1
1
1
1
1
1
1
1
1
1
1
1
1
1
1
1
1
1
1
1
1
1
1
1
1
1
1
1
1
1
1
1
1
1
1
1
1
1
1
1
1
1
1
1
1
1
1
1
1
1
1
1
1
1
1
1
1
1
1
1
1
1
1
1
1
1
1
1
1
1
1
1
1
1
1
1
1
1
1
1
1
1
1
1
1
1
1
1
1
1
1
1
1
1
1
1
1
1
1
1
1
1
1
1
1
1
1
1
1
1
1
1
1
1
1
1
1
1
1
1
1
1
1
1
1
1
1
1
1
1
1
1
1
1
1
1
1
1
1
1
1
1
1
1
1
1
1
1
1
1
1
1
1
1
1
1
1
1
1
1
1
1
1
1
1
1
1
1
1
1
1
1
1
1
1
1
1
1
1
1
1
1
1
1
1
1
1
1
1
1
1
1
1
1
1
1
1
1
1
1
1
1
1
1
1
1
1
1
1
1
1
1
1
1
1
1
1
1
1
1
1
1
1
1
1
1
1
1
1
1
1
1
1
1
1
1
1
1
1
1
1
1
1
1
1
1
1
1
1
1
1
1
1
1
1
1
1
1
1
1
1
1
1
1
1
1
1
1
1
1
1
1
1
1
1
1
1
1
1
1
1
1
1
1
1
1
1
1
1
1
1
1
1
1
1
1
1
1
1
1
1
1
1
1
1
1
1
1
1
1
1
1
1
1
1
1
1
1
1
1
1
1
1
1
1
1
1
1
1
1
1
1
1
1
1
1
1
1
1
1
1
1
1
1
1
1
1
1
1
1
1
1
1
1
1
1
1
1
1
1
1
1
1
1
1
1
1
1
1
1
1
1
1
1
1
1
1
1
1
1
1
1
1
1
1
1
1
1
1
1
1
1
1
1
1
1
1
1
1
1
1
1
1
1
1
1
1
1
1
1
1
1
1
1
1
1
1
1
1
1
1
1
1
1
1
1
1
1
1
1
1
1
1
1
1
1
1
1
1
1
1
1
1
1
1
1
1
1
1
1
1
1
1
1
1
1
1
1
1
1
1
1
1
1
1
1
1
1
1
1
1
1
1
1
1
1
1
1
1
1
1
1
1
1
1
1
1
1
1
1
1
1
1
1
1
1
1
1
1
1
1
1
1
1
1
1
1
1
1
1
1
1
1
1
1
1
1
1
1
1
1
1
1
1
1
1
1
1
1
1
1
1
1
1
1
1
1
1
1
1
1
1
1
1
1
1
1
1
1
1
1
1
1
1
1
1
1
1
1
1
1
1
1
1
1
1
1
1
1
1
1
1
1
1
1
1
1
1
1
1
1
1
1
1
1
1
1
1
1
1
1
1
1
1
1
1
1
1
1
1
1
1
1
1
1
1
1
1
1
1
1
1
1
1
1
1
1
1
1
1
1
1
1
1
1
1
1
1
1
1
1
1
1
1
1
1
1
1
1
1
1
1
1
1
1
1
1
1
1
1
1
1
1
1
1
1
1
1
1
1
1
1
1
1
1
1
1
1
1
1
1
1
1
1
1
1
1
1
1
1
1
1
1
1
1
1
1
1
1
1
1
1
1
1
1
1
1
1
1
1
1
1
1
1
1
1
1
1
1
1
1
1
1
1
1
1
1
1
1
1
1
1
1
1
1
1
1
1
1
1
1
1
1
1
1
1
1
1
1
1
1
1
1
1
1
1
1
1
1
1
1
1
1
1
1
1
1
1
1
1
1
1
1
1
1
1
1
1
1
1
1
1
1
1
1
1
1
1
1
1
1
1
1
1
1
1
1
1
1
1
1
1
1
1
1
1
1
1
1
1
1
1
1
1
1
1
1
1
1
1
1
1
1
1
1
1
1
1
1
1
1
1
1
1
1
1
1
1
1
1
1
1
1
1
1
1
1
1
1
1
1
1
1
1
1
1
1
1
1
1
1
1
0.999986
1
1
1
1
1
1
1
1
1
1
1
1
1
1
1
1
1
1
1
1
1
1
1
1
1
1
1
1
1
1
1
1
1
1
1
1
1
1
1
1
1
1
1
1
1
1
1
1
1
1
1
1
1
1
1
1
1
1
1
1
1
1
1
1
1
1
1
1
1
1
1
1
1
1
1
1
1
1
1
1
1
1
1
1
1
1
1
1
1
1
1
1
1
1
1
1
1
1
1
1
1
1
1
1
1
1
1
1
1
1
1
1
1
1
1
1
1
1
1
1
1
1
1
1
1
1
1
1
1
1
1
1
1
1
1
1
1
1
1
1
1
1
1
1
1
1
1
1
1
0.998369
0.999513
0.999999
1
1
1
0.998922
0.999209
0.999971
1
1
1
1
1
1
1
1
1
1
1
1
1
1
1
1
1
1
1
1
1
1
1
1
1
1
1
1
1
1
1
1
1
1
1
1
1
1
1
1
1
1
1
1
1
1
1
1
1
1
1
1
1
1
1
1
1
1
1
1
1
1
1
1
1
1
1
1
1
1
1
1
1
1
1
1
1
1
1
1
1
1
1
1
1
1
1
1
1
1
1
1
1
1
1
1
1
1
1
1
1
1
1
1
1
1
1
1
1
1
1
1
1
1
1
1
1
1
1
1
1
1
1
1
1
1
1
1
1
1
1
1
1
1
1
1
1
1
1
1
1
0.998497
0.99996
0.999889
0.99877
0.998497
0.998428
0.998385
0.998383
0.998382
0.998943
0.999998
1
1
1
1
1
1
1
1
1
1
1
1
1
1
1
1
1
1
1
1
1
1
1
1
1
1
1
1
1
1
1
1
1
1
1
1
1
1
1
1
1
1
1
1
1
1
1
1
1
1
1
1
1
1
1
1
1
1
1
1
1
1
1
1
1
1
1
1
1
1
1
1
1
1
1
1
1
1
1
1
1
1
1
1
1
1
1
1
1
1
1
1
1
1
1
1
1
1
1
1
1
1
1
1
1
1
1
1
1
1
1
1
1
1
1
1
1
1
1
1
1
1
1
1
1
1
1
1
1
1
1
1
1
1
1
1
1
1
1
0.999917
0.999996
0.999999
0.999187
0.998394
0.998385
0.998383
0.998382
0.99838
0.99838
0.998485
0.999979
0.999998
1
0.999459
0.999048
0.999868
1
1
1
1
1
1
1
1
1
1
1
1
1
1
1
1
1
1
1
1
1
1
1
1
1
1
1
1
1
1
1
1
1
1
1
1
1
1
1
1
1
1
1
1
1
1
1
1
1
1
1
1
1
1
1
1
1
1
1
1
1
1
1
1
1
1
1
1
1
1
1
1
1
1
1
1
1
1
1
1
1
1
1
1
1
1
1
1
1
1
1
1
1
1
1
1
1
1
1
1
1
1
1
1
1
1
1
1
1
1
1
1
1
1
1
1
1
1
1
1
1
1
1
1
1
1
1
1
1
1
1
1
1
0.999999
1
1
0.999999
0.999773
0.998398
0.998383
0.99838
0.99838
0.99838
0.99838
0.999756
0.999979
0.999
0.998591
0.998566
0.998556
0.998972
0.999977
1
1
1
1
1
1
1
1
1
1
1
1
1
1
1
1
1
1
1
1
1
1
1
1
1
1
1
1
1
1
1
1
1
1
1
1
1
1
1
1
1
1
1
1
1
1
1
1
1
1
1
1
1
1
1
1
1
1
1
1
1
1
1
1
1
1
1
1
1
1
1
1
1
1
1
1
1
1
1
1
1
1
1
1
1
1
1
1
1
1
1
1
1
1
1
1
1
1
1
1
1
1
1
1
1
1
1
1
1
1
1
1
1
1
1
1
1
1
1
1
1
1
1
1
1
1
1
1
1
1
1
1
1
1
1
1
0.999981
0.998448
0.998383
0.99838
0.99838
0.998816
0.999981
0.999996
0.999441
0.998566
0.998556
0.998556
0.998548
0.998547
0.999792
0.999998
1
1
1
1
1
1
1
1
1
1
1
1
1
1
1
1
1
1
1
1
1
1
1
1
1
1
1
1
1
1
1
1
1
1
1
1
1
1
1
1
1
1
1
1
1
1
1
1
1
1
1
1
1
1
1
1
1
1
1
1
1
1
1
1
1
1
1
1
1
1
1
1
1
1
1
1
1
1
1
1
1
1
1
1
1
1
1
1
1
1
1
1
1
1
1
1
1
1
1
1
1
1
1
1
1
1
1
1
1
1
1
1
1
1
1
1
1
1
1
1
1
1
1
1
1
1
1
1
1
1
1
1
1
1
1
0.999995
0.998648
0.998383
0.999256
0.999991
0.999997
0.999998
0.999998
0.999366
0.998556
0.998548
0.998547
0.998547
0.998556
0.999982
0.999998
1
1
1
1
1
1
1
1
1
1
1
1
1
1
1
1
1
1
1
1
1
1
1
1
1
1
1
1
1
1
1
1
1
1
1
1
1
1
1
1
1
1
1
1
1
1
1
1
1
1
1
1
1
1
1
1
1
1
1
1
1
1
1
1
1
1
1
1
1
1
1
1
1
1
1
1
1
1
1
1
1
1
1
1
1
1
1
1
1
1
1
1
1
1
1
1
1
1
1
1
1
1
1
1
1
1
1
1
1
1
1
1
1
1
1
1
1
1
1
1
1
1
1
1
1
1
1
1
1
1
1
1
0.999921
0.999995
0.99998
0.999937
0.999878
0.999986
0.999998
0.999998
0.999999
0.999999
0.999998
0.99901
0.998551
0.998547
0.998547
0.998854
0.999971
0.999983
0.998472
0.997744
0.999832
1
1
1
1
1
1
1
1
1
1
1
1
1
1
1
1
1
1
1
1
1
1
1
1
1
1
1
1
1
1
1
1
1
1
1
1
1
1
1
1
1
1
1
1
1
1
1
1
1
1
1
1
1
1
1
1
1
1
1
1
1
1
1
1
1
1
1
1
1
1
1
1
1
1
1
1
1
1
1
1
1
1
1
1
1
1
1
1
1
1
1
1
1
1
1
1
1
1
1
1
1
1
1
1
1
1
1
1
1
1
1
1
1
1
1
1
1
1
1
1
1
1
1
1
1
1
1
1
0.998787
0.997123
0.997122
0.999007
0.99998
0.999995
0.999998
0.999998
0.999999
0.999999
0.999999
0.999999
0.999935
0.998562
0.998551
0.998728
0.999905
0.999923
0.999372
0.996986
0.997055
0.998283
0.999982
0.999998
1
1
0.999996
1
1
1
1
1
1
1
1
1
1
1
1
1
1
1
1
1
1
1
1
1
1
1
1
1
1
1
1
1
1
1
1
1
1
1
1
1
1
1
1
1
1
1
1
1
1
1
1
1
1
1
1
1
1
1
1
1
1
1
1
1
1
1
1
1
1
1
1
1
1
1
1
1
1
1
1
1
1
1
1
1
1
1
1
1
1
1
1
1
1
1
1
1
1
1
1
1
1
1
1
1
1
1
1
1
1
1
1
1
1
1
1
1
1
1
1
1
1
1
1
1
0.997758
0.997145
0.997113
0.997112
0.997111
0.997113
0.997781
0.999943
0.999996
0.999998
0.999999
0.999999
0.999999
0.999999
0.999999
0.999733
0.99951
0.999914
0.999966
0.999933
0.997262
0.996936
0.996985
0.999477
0.999992
0.999998
0.999999
0.999527
0.998206
0.998841
1
1
1
1
1
1
1
1
1
1
1
1
1
1
1
1
1
1
1
1
1
1
1
1
1
1
1
1
1
1
1
1
1
1
1
1
1
1
1
1
1
1
1
1
1
1
1
1
1
1
1
1
1
1
1
1
1
1
1
1
1
1
1
1
1
1
1
1
1
1
1
1
1
1
1
1
1
1
1
1
1
1
1
1
1
1
1
1
1
1
1
1
1
1
1
1
1
1
1
1
1
1
1
1
1
1
1
1
1
1
1
1
1
1
1
1
1
1
1
0.997126
0.997113
0.997111
0.997111
0.997111
0.997111
0.997111
0.997112
0.997111
0.99937
0.999996
0.999998
0.999999
0.999999
0.999999
0.999999
0.999998
0.999997
0.999979
0.999977
0.997735
0.996937
0.996926
0.998885
0.999983
0.999997
0.999999
0.999999
0.998602
0.998154
0.998115
0.998707
0.999991
0.999999
1
1
1
1
1
1
1
1
1
1
1
1
1
1
1
1
1
1
1
1
1
1
1
1
1
1
1
1
1
1
1
1
1
1
1
1
1
1
1
1
1
1
1
1
1
1
1
1
1
1
1
1
1
1
1
1
1
1
1
1
1
1
1
1
1
1
1
1
1
1
1
1
1
1
1
1
1
1
1
1
1
1
1
1
1
1
1
1
1
1
1
1
1
1
1
1
1
1
1
1
1
1
1
1
1
1
1
1
1
1
1
1
1
1
1
1
0.997113
0.997111
0.997111
0.997111
0.997111
0.997111
0.997111
0.997111
0.997112
0.997111
0.998579
0.999992
0.999998
0.999999
0.999999
0.999998
0.999998
0.999998
0.999889
0.997361
0.996933
0.996927
0.996926
0.998159
0.999983
0.999998
0.999999
0.999999
0.999203
0.998115
0.998105
0.99809
0.999306
0.999994
0.999999
1
1
1
1
1
1
1
1
1
1
1
1
1
1
1
1
1
1
1
1
1
1
1
1
1
1
1
1
1
1
1
1
1
1
1
1
1
1
1
1
1
1
1
1
1
1
1
1
1
1
1
1
1
1
1
1
1
1
1
1
1
1
1
1
1
1
1
1
1
1
1
1
1
1
1
1
1
1
1
1
1
1
1
1
1
1
1
1
1
1
1
1
1
1
1
1
1
1
1
1
1
1
1
1
1
1
1
1
1
1
1
1
1
1
1
0.997122
0.997113
0.997111
0.997111
0.997578
0.997787
0.99711
0.997112
0.997115
0.997115
0.997709
0.99998
0.999997
0.999998
0.999998
0.999998
0.999998
0.997963
0.996914
0.996929
0.996926
0.996926
0.996926
0.996926
0.999264
0.999994
0.999999
0.999999
0.999999
0.998167
0.99809
0.998089
0.998363
0.999988
0.999999
1
1
1
1
1
1
1
1
1
1
1
1
1
1
1
1
1
1
1
1
1
1
1
1
1
1
1
1
1
1
1
1
1
1
1
1
1
1
1
1
1
1
1
1
1
1
1
1
1
1
1
1
1
1
1
1
1
1
1
1
1
1
1
1
1
1
1
1
1
1
1
1
1
1
1
1
1
1
1
1
1
1
1
1
1
1
1
1
1
1
1
1
1
1
1
1
1
1
1
1
1
1
1
1
1
1
1
1
1
1
1
1
1
1
1
0.99999
0.997218
0.997113
0.997609
0.999918
0.999996
0.999983
0.99757
0.997115
0.998099
0.999961
0.999994
0.999997
0.999998
0.999998
0.998642
0.996876
0.996927
0.996927
0.996926
0.996926
0.996926
0.996926
0.996926
0.999257
0.999995
0.999999
1
1
0.999004
0.998089
0.998086
0.998071
0.999719
0.999998
1
1
1
1
1
1
1
1
1
1
1
1
1
1
1
1
1
1
1
1
1
1
1
1
1
1
1
1
1
1
1
1
1
1
1
1
1
1
1
1
1
1
1
1
1
1
1
1
1
1
1
1
1
1
1
1
1
1
1
1
1
1
1
1
1
1
1
1
1
1
1
1
1
1
1
1
1
1
1
1
1
1
1
1
1
1
1
1
1
1
1
1
1
1
1
1
1
1
1
1
1
1
1
1
1
1
1
1
1
1
1
1
1
1
1
1
0.999843
0.999556
0.999911
0.999999
1
1
0.999984
0.999845
0.998996
0.999357
0.999992
0.999996
0.999997
0.998507
0.996911
0.99693
0.996927
0.996926
0.996926
0.996926
0.996926
0.996926
0.99798
0.999962
0.999998
1
1
1
1
0.998236
0.998071
0.99807
0.999323
0.999995
1
1
0.998954
0.999208
1
1
1
1
1
1
1
1
1
1
1
1
1
1
1
1
1
1
1
1
1
1
1
1
1
1
1
1
1
1
1
1
1
1
1
1
1
1
1
1
1
1
1
1
1
1
1
1
1
1
1
1
1
1
1
1
1
1
1
1
1
1
1
1
1
1
1
1
1
1
1
1
1
1
1
1
1
1
1
1
1
1
1
1
1
1
1
1
1
1
1
1
1
1
1
1
1
1
1
1
1
1
1
1
1
1
1
1
1
1
1
1
1
1
1
1
1
1
1
0.999997
0.99794
0.995582
0.997623
0.999992
0.999996
0.999529
0.996941
0.996927
0.996926
0.996926
0.996926
0.996926
0.996926
0.998327
0.999981
0.999997
1
1
1
1
1
0.999807
0.99807
0.99806
0.997993
0.999363
0.999734
0.998429
0.997857
0.997939
0.998028
0.999826
1
1
1
1
1
1
1
1
1
1
1
1
1
1
1
1
1
1
1
1
1
1
1
1
1
1
1
1
1
1
1
1
1
1
1
1
1
1
1
1
1
1
1
1
1
1
1
1
1
1
1
1
1
1
1
1
1
1
1
1
1
1
1
1
1
1
1
1
1
1
1
1
1
1
1
1
1
1
1
1
1
1
1
1
1
1
1
1
1
1
1
1
1
1
1
1
1
1
1
1
1
1
1
1
1
1
1
1
1
1
1
1
1
1
1
1
1
0.999571
0.995582
0.995547
0.995538
0.997132
0.999984
0.999799
0.998633
0.996934
0.996927
0.996926
0.996926
0.997474
0.999439
0.999991
0.999998
1
1
1
1
1
1
1
0.999333
0.997993
0.997992
0.997944
0.997925
0.997909
0.997933
0.997923
0.997937
0.997927
0.999196
0.999998
1
1
1
1
1
1
1
1
1
1
1
1
1
1
1
1
1
1
1
1
1
1
1
1
1
1
1
1
1
1
1
1
1
1
1
1
1
1
1
1
1
1
1
1
1
1
1
1
1
1
1
1
1
1
1
1
1
1
1
1
1
1
1
1
1
1
1
1
1
1
1
1
1
1
1
1
1
1
1
1
1
1
1
1
1
1
1
1
1
1
1
1
1
1
1
1
1
1
1
1
1
1
1
1
1
1
1
1
1
1
1
1
1
1
1
0.997353
0.995547
0.995538
0.995535
0.995537
0.997193
0.999893
0.999964
0.999141
0.9972
0.99769
0.999068
0.999978
0.999997
0.999999
1
1
1
1
1
1
1
1
0.999999
0.998611
0.997943
0.99793
0.997899
0.997933
0.997925
0.997936
0.997933
0.997933
0.997936
0.99957
0.999998
1
1
1
1
1
1
1
1
1
1
1
1
1
1
1
1
1
1
1
1
1
1
1
1
1
1
1
1
1
1
1
1
1
1
1
1
1
1
1
1
1
1
1
1
1
1
1
1
1
1
1
1
1
1
1
1
1
1
1
1
1
1
1
1
1
1
1
1
1
1
1
1
1
1
1
1
1
1
1
1
1
1
1
1
1
1
1
1
1
1
1
1
1
1
1
1
1
1
1
1
1
1
1
1
1
1
1
1
1
1
1
1
1
1
0.99946
0.995548
0.995535
0.995535
0.995535
0.995537
0.999626
0.999989
0.999997
0.999989
0.999991
0.999996
0.999999
1
1
1
1
1
1
1
1
1
1
1
0.999998
0.998046
0.997898
0.997933
0.997936
0.997936
0.997933
0.997933
0.997933
0.998147
0.999891
0.999999
1
1
1
1
1
1
1
1
1
1
1
1
1
1
1
1
1
1
1
1
1
1
1
1
1
1
1
1
1
1
1
1
1
1
1
1
1
1
1
1
1
1
1
1
1
1
1
1
1
1
1
1
1
1
1
1
1
1
1
1
1
1
1
1
1
1
1
1
1
1
1
1
1
1
1
1
1
1
1
1
1
1
1
1
1
1
1
1
1
1
1
1
1
1
1
1
1
1
1
1
1
1
1
1
1
1
1
1
1
1
1
1
1
1
1
0.997071
0.995538
0.995535
0.995537
0.997657
0.999986
0.999998
0.999999
0.999999
0.999996
0.999999
1
1
1
1
1
1
1
1
1
1
1
1
1
0.999559
0.997926
0.997911
0.997936
0.997936
0.997936
0.997933
0.998119
0.99985
0.999997
1
1
1
1
1
1
1
1
1
1
1
1
1
1
1
1
1
1
1
1
1
1
1
1
1
1
1
1
1
1
1
1
1
1
1
1
1
1
1
1
1
1
1
1
1
1
1
1
1
1
1
1
1
1
1
1
1
1
1
1
1
1
1
1
1
1
1
1
1
1
1
1
1
1
1
1
1
1
1
1
1
1
1
1
1
1
1
1
1
1
1
1
1
1
1
1
1
1
1
1
1
1
1
1
1
1
1
1
1
1
1
1
1
1
1
1
0.999999
0.997229
0.996063
0.998169
0.999987
0.999998
0.999999
1
0.999999
0.993756
0.975471
0.993864
1
1
1
1
1
1
1
1
1
1
1
1
1
0.998777
0.997931
0.997936
0.997936
0.997936
0.998535
0.999936
0.999997
1
1
1
1
1
1
1
1
1
1
1
1
1
1
1
1
1
1
1
1
1
1
1
1
1
1
1
1
1
1
1
1
1
1
1
1
1
1
1
1
1
1
1
1
1
1
1
1
1
1
1
1
1
1
1
1
1
1
1
1
1
1
1
1
1
1
1
1
1
1
1
1
1
1
1
1
1
1
1
1
1
1
1
1
1
1
1
1
1
1
1
1
1
1
1
1
1
1
1
1
1
1
1
1
1
1
1
1
1
1
1
1
1
1
1
1
1
1
0.999995
0.999986
0.999996
0.999999
1
1
1
0.989659
0.966652
0.966762
0.966679
0.981221
0.999976
0.999999
1
1
1
1
1
1
1
1
1
1
0.999998
0.999016
0.997936
0.998045
0.999258
0.999989
0.999998
1
1
1
1
1
1
1
1
1
1
1
1
1
1
1
1
1
1
1
1
1
1
1
1
1
1
1
1
1
1
1
1
1
1
1
1
1
1
1
1
1
1
1
1
1
1
1
1
1
1
1
1
1
1
1
1
1
1
1
1
1
1
1
1
1
1
1
1
1
1
1
1
1
1
1
1
1
1
1
1
1
1
1
1
1
1
1
1
1
1
1
1
1
1
1
1
1
1
1
1
1
1
1
1
1
1
1
1
1
1
1
1
1
1
1
1
1
1
1
1
1
1
1
1
0.99919
0.979234
0.966756
0.96674
0.966721
0.966721
0.966738
0.970289
0.999209
0.999996
1
1
1
1
1
1
1
1
1
1
0.999996
0.999804
0.999967
0.999996
0.999999
1
1
1
1
1
1
1
1
1
1
1
1
1
1
1
1
1
1
1
1
1
1
1
1
1
1
1
1
1
1
1
1
1
1
1
1
1
1
1
1
1
1
1
1
1
1
1
1
1
1
1
1
1
1
1
1
1
1
1
1
1
1
1
1
1
1
1
1
1
1
1
1
1
1
1
1
1
1
1
1
1
1
1
1
1
1
1
1
1
1
1
1
1
1
1
1
1
1
1
0.999999
0.999999
1
1
1
1
1
1
1
1
1
1
1
1
1
1
1
1
1
1
1
1
1
1
1
1
0.994776
0.966838
0.96674
0.966721
0.966718
0.966717
0.966719
0.966728
0.974245
0.999928
0.999996
1
1
1
1
1
1
1
1
1
1
0.999999
0.999999
1
1
0.999999
1
1
1
1
1
1
1
0.999978
0.999983
1
1
1
1
1
1
1
1
1
1
1
1
1
1
1
1
1
1
1
1
1
1
1
1
1
1
1
1
1
1
1
1
1
1
1
1
1
1
1
1
1
1
1
1
1
1
1
1
1
1
1
1
1
1
1
1
1
1
1
1
1
1
1
1
1
1
1
1
1
1
1
1
1
1
1
1
1
1
1
1
1
1
1
1
1
1
1
1
0.999999
0.999999
0.999999
0.999999
1
1
1
1
1
1
1
1
0.993732
1
1
1
1
1
1
1
1
1
1
1
1
1
1
1
0.976002
0.966732
0.966718
0.966717
0.966717
0.966717
0.966718
0.980006
0.99994
0.999996
1
1
1
1
1
1
1
1
1
1
1
1
1
1
1
1
1
1
1
1
0.999995
0.999961
0.999958
0.999958
0.99996
0.999989
1
1
1
1
1
1
1
1
1
1
1
1
1
1
1
1
1
1
1
1
1
1
1
1
1
1
1
1
1
1
1
1
1
1
1
1
1
1
1
1
1
1
1
1
1
1
1
1
1
1
1
1
1
1
1
1
1
1
1
1
1
1
1
1
1
1
1
1
1
1
1
1
1
1
1
1
1
1
1
1
1
1
1
1
1
1
1
1
1
1
1
1
1
1
1
1
1
1
0.976144
0.999993
1
1
1
1
1
1
1
1
1
1
1
1
1
1
0.999987
0.967053
0.966721
0.966717
0.966717
0.966717
0.976962
0.999133
0.999987
0.999999
1
1
1
1
1
1
1
1
1
1
1
1
1
1
1
1
1
1
1
0.999979
0.999958
0.999958
0.999958
0.999958
0.999958
0.999958
0.99999
1
1
1
1
1
1
1
1
1
1
1
1
1
1
1
1
1
1
1
1
1
1
1
1
1
1
1
1
1
1
1
1
1
1
1
1
1
1
1
1
1
1
1
1
1
1
1
1
1
1
1
1
1
1
1
1
1
1
1
1
1
1
1
1
1
1
1
1
1
1
1
1
1
1
1
1
1
1
1
1
0.999999
0.999998
0.999999
1
1
1
1
1
1
1
1
1
1
1
1
1
1
1
1
1
1
1
1
1
1
1
1
1
1
1
1
1
1
1
1
1
1
1
1
1
1
1
1
1
1
1
1
1
1
1
1
1
1
1
1
1
1
1
1
1
1
1
1
1
1
1
1
1
1
1
1
1
1
1
1
1
1
1
1
1
1
1
1
1
1
1
1
1
1
1
1
1
1
1
1
1
1
1
1
1
1
1
1
1
1
1
1
1
1
1
1
1
1
1
1
1
1
1
1
1
1
1
1
1
1
1
1
1
1
1
1
1
1
1
1
1
1
1
1
1
1
1
1
1
1
1
1
1
1
1
1
1
1
1
1
1
1
1
1
1
1
1
1
1
1
1
1
1
1
1
1
1
1
1
1
1
1
1
1
1
1
1
1
1
1
1
1
1
1
1
1
1
1
1
1
1
1
1
1
1
1
1
1
1
1
1
1
1
1
1
1
1
1
1
1
1
1
1
1
1
1
1
1
1
1
1
1
1
1
1
1
1
1
1
1
1
1
1
1
1
1
1
1
1
1
1
1
1
1
1
1
1
1
1
1
1
1
1
1
1
1
1
1
1
1
1
1
1
1
1
1
1
1
1
1
1
1
1
1
1
1
1
1
1
1
1
1
1
1
1
1
1
1
1
1
1
1
1
1
1
1
1
1
1
1
1
1
1
1
1
1
1
1
1
1
1
1
1
1
1
1
1
1
1
1
1
1
1
1
1
1
1
1
1
1
1
1
1
1
1
1
1
1
1
1
1
1
1
1
1
1
1
1
1
1
1
1
1
1
1
1
1
1
1
1
1
1
1
1
1
1
1
1
1
1
1
1
1
1
1
1
1
1
1
1
1
1
1
1
1
1
1
1
1
1
1
1
1
1
1
1
1
1
1
1
1
1
1
1
1
1
1
1
1
1
1
1
1
1
1
1
1
1
1
1
1
1
1
1
1
1
1
1
1
1
1
1
1
1
1
1
1
1
1
1
1
1
1
1
1
1
1
1
1
1
1
1
1
1
1
1
1
1
1
1
1
1
1
1
1
1
1
1
1
1
1
1
1
1
1
1
1
1
1
1
1
1
1
1
1
1
1
1
1
1
1
1
1
1
1
1
1
1
1
1
1
1
1
1
1
1
1
1
1
1
1
1
1
1
1
1
1
1
1
1
1
1
1
1
1
1
1
1
1
1
1
1
1
1
1
1
1
1
1
1
1
1
1
1
1
1
1
1
1
1
1
1
1
1
1
1
1
1
1
1
1
1
1
1
1
1
1
1
1
1
1
1
1
1
1
1
1
1
1
1
1
1
1
1
1
1
1
1
1
1
1
1
1
1
1
1
1
1
1
1
1
1
1
1
1
1
1
1
1
1
1
1
1
1
1
1
1
1
1
1
1
1
1
1
1
1
1
1
1
1
1
1
1
1
1
1
1
1
1
1
1
1
1
1
1
1
1
1
1
1
1
1
1
1
1
1
1
1
1
1
1
1
1
1
1
1
1
1
1
1
1
1
1
1
1
1
1
1
1
1
1
1
1
1
1
1
1
1
1
1
1
1
1
1
1
1
1
1
1
1
1
1
1
1
1
1
1
1
1
1
1
1
1
1
1
1
1
1
1
1
1
1
1
1
1
1
1
1
1
1
1
1
1
1
1
1
1
1
1
1
1
1
1
1
1
1
1
1
1
1
1
1
1
1
1
1
1
1
1
1
1
1
1
1
1
1
1
1
1
1
1
1
1
1
1
1
1
1
1
1
1
1
1
1
1
1
1
1
1
1
1
1
1
1
1
1
1
1
1
1
1
1
1
1
1
1
1
1
1
1
1
1
1
1
1
1
1
1
1
1
1
1
1
1
1
1
1
1
1
1
1
1
1
1
1
1
1
1
1
1
1
1
1
1
1
1
1
1
1
1
1
1
1
1
1
1
1
1
1
1
1
1
1
1
1
1
1
1
1
1
1
1
1
1
1
1
1
1
1
1
1
1
1
1
1
1
1
1
1
1
1
1
1
1
1
1
1
1
1
1
1
1
1
1
1
1
1
1
1
1
1
1
1
1
1
1
1
1
1
1
1
1
1
1
1
1
1
1
1
1
1
1
1
1
1
1
1
1
1
1
1
1
1
1
1
1
1
1
1
1
1
1
1
1
1
1
1
1
1
1
1
1
1
1
1
1
1
1
1
1
1
1
1
1
1
1
1
1
1
1
1
1
1
1
1
1
1
1
1
1
1
1
1
1
1
1
1
1
1
1
1
1
1
1
1
1
1
1
1
1
1
1
1
1
1
1
1
1
1
1
1
1
1
1
1
1
1
1
1
1
1
1
1
1
1
1
1
1
1
1
1
1
1
1
1
1
1
1
1
1
1
1
1
1
1
1
1
1
1
1
1
1
1
1
1
1
1
1
1
1
1
1
1
1
1
1
1
1
1
1
1
1
1
1
1
1
1
1
1
1
1
1
1
1
1
1
1
1
1
1
1
1
1
1
1
1
1
1
1
1
1
1
1
1
1
1
1
1
1
1
1
1
1
1
1
1
1
1
1
1
1
1
1
1
1
1
1
1
1
1
1
1
1
1
1
1
1
1
1
1
1
1
1
1
1
1
1
1
1
1
1
1
1
1
1
1
1
1
1
1
1
1
1
1
1
1
1
1
1
1
1
1
1
1
1
1
1
1
1
1
1
1
1
1
1
1
1
1
1
1
1
1
1
1
1
1
1
1
1
1
1
1
1
1
1
1
1
1
1
1
1
1
1
1
1
1
1
1
1
1
1
1
1
1
1
1
1
1
1
1
1
1
1
1
1
1
1
1
1
1
1
1
1
1
1
1
1
1
1
1
1
1
1
1
1
1
1
1
1
1
1
1
1
1
1
1
1
1
1
1
1
1
1
1
1
1
1
1
1
1
1
1
1
1
1
1
1
1
1
1
1
1
1
1
1
1
1
1
1
1
1
1
1
1
1
1
1
1
1
1
1
1
1
1
1
1
1
1
1
1
1
1
1
1
1
1
1
1
1
1
1
1
1
1
1
1
1
1
1
1
1
1
1
1
1
1
1
1
1
1
1
1
1
1
1
1
1
1
1
1
1
1
1
1
1
1
1
1
1
1
1
1
1
1
1
1
1
1
1
1
1
1
1
1
1
1
1
1
1
1
1
1
1
1
1
1
1
1
1
1
1
1
1
1
1
1
1
1
1
1
1
1
1
1
1
1
1
1
1
1
1
1
1
1
1
1
1
1
1
1
1
1
1
1
1
1
1
1
1
1
1
1
1
1
1
1
1
1
1
1
1
1
1
1
1
1
1
1
1
1
1
1
1
1
1
1
1
1
1
1
1
1
1
1
1
1
1
1
1
1
1
1
1
1
1
1
1
1
1
1
1
1
1
1
1
1
1
1
1
1
1
1
1
1
1
1
1
1
1
1
1
1
1
1
1
1
1
1
1
1
1
1
1
1
1
1
1
1
1
1
1
1
1
1
1
1
1
1
1
1
1
1
1
1
1
1
1
1
1
1
1
1
1
1
1
1
1
1
1
1
1
1
1
1
1
1
1
1
1
1
1
1
1
1
1
1
1
1
1
1
1
1
1
1
1
1
1
1
1
1
1
1
1
1
1
1
1
1
1
1
1
1
1
1
1
1
1
1
1
1
1
1
1
1
1
1
1
1
1
1
1
1
1
1
1
1
1
1
1
1
1
1
1
1
1
1
1
1
1
1
1
1
1
1
1
1
1
1
1
1
1
1
1
1
1
1
1
1
1
1
1
1
1
1
1
1
1
1
1
1
1
1
1
1
1
1
1
1
1
1
1
1
1
1
1
1
1
1
1
1
1
1
1
1
1
1
1
1
1
1
1
1
1
1
1
1
1
1
1
1
1
1
1
1
1
1
1
1
1
1
1
1
1
1
1
1
1
1
1
1
1
1
1
1
1
1
1
1
1
1
1
1
1
1
1
1
1
1
1
1
1
1
1
1
1
1
1
1
1
1
1
1
1
1
1
1
1
1
1
1
1
1
1
1
1
1
1
1
1
1
1
1
1
1
1
1
1
1
1
1
1
1
1
1
1
1
1
1
1
1
1
1
1
1
1
1
1
1
1
1
1
1
1
1
1
1
1
1
1
1
1
1
1
1
1
1
1
1
1
1
1
1
1
1
1
1
1
1
1
1
1
1
1
1
1
1
1
1
1
1
1
1
1
1
1
1
1
1
1
1
1
1
1
1
1
1
1
1
1
1
1
1
1
1
1
1
1
1
1
1
1
1
1
1
1
1
1
1
1
1
1
1
1
1
1
1
1
1
1
1
1
1
1
1
1
1
1
1
1
1
1
1
1
1
1
1
1
1
1
1
1
1
1
1
1
1
1
1
1
1
1
1
1
1
1
1
1
1
1
1
1
1
1
1
1
1
1
1
1
1
1
1
1
1
1
1
1
1
1
1
1
1
1
1
1
1
1
1
1
1
1
1
1
1
1
1
1
1
1
1
1
1
1
1
1
1
1
1
1
1
1
1
1
1
1
1
1
1
1
1
1
1
1
1
1
1
1
1
1
1
1
1
1
1
1
1
1
1
1
1
1
1
1
1
1
1
1
1
1
1
1
1
1
1
1
1
1
1
1
1
1
1
1
1
1
1
1
1
1
1
1
1
1
1
1
1
1
1
1
1
1
1
1
1
1
1
1
1
1
1
1
1
1
1
1
1
1
1
1
1
1
1
1
1
1
1
1
1
1
1
1
1
1
1
1
1
1
1
1
1
1
1
1
1
1
1
1
1
1
1
1
1
1
1
1
1
1
1
1
1
1
1
1
1
1
1
1
1
1
1
1
1
1
1
1
1
1
1
1
1
1
1
1
1
1
1
1
1
1
1
1
1
1
1
1
1
1
1
1
1
1
1
1
1
1
1
1
1
1
1
1
1
1
1
1
1
1
1
1
1
1
1
1
1
1
1
1
1
1
1
1
1
1
1
1
1
1
1
1
1
1
1
1
1
1
1
1
1
1
1
1
1
1
1
1
1
1
1
1
1
1
1
1
1
1
1
1
1
1
1
1
1
1
1
1
1
1
1
1
1
1
1
1
1
1
1
1
1
1
1
1
1
1
1
1
1
1
1
1
1
1
1
1
1
1
1
1
1
1
1
1
1
1
1
1
1
1
1
1
1
1
1
1
1
1
1
1
1
1
1
1
1
1
1
1
1
1
1
1
1
1
1
1
1
1
1
1
1
1
1
1
1
1
1
1
1
1
1
1
1
1
1
1
1
1
1
1
1
1
1
1
1
1
1
1
1
1
1
1
1
1
1
1
1
1
1
1
1
1
1
1
1
1
1
1
1
1
1
1
1
1
1
1
1
1
1
1
1
1
1
1
1
1
1
1
1
1
1
1
1
1
1
1
1
1
1
1
1
1
1
1
1
1
1
1
1
1
1
1
1
1
1
1
1
1
1
1
1
1
1
1
1
1
1
1
1
1
1
1
1
1
1
1
1
1
1
1
1
1
1
1
1
1
1
1
1
1
1
1
1
1
1
1
1
1
1
1
1
1
1
1
1
1
1
1
1
1
1
1
1
1
1
1
1
1
1
1
1
1
1
1
1
1
1
1
1
1
1
1
1
1
1
1
1
1
1
1
1
1
1
1
1
1
1
1
1
1
1
1
1
1
1
1
1
1
1
1
1
1
1
1
1
1
1
1
1
1
1
1
1
1
1
1
1
1
1
1
1
1
1
1
1
1
1
1
1
1
1
1
1
1
1
1
1
1
1
1
1
1
1
1
1
1
1
1
1
1
1
1
1
1
1
1
1
1
1
1
1
1
1
1
1
1
1
1
1
1
1
1
1
1
1
1
1
1
1
1
1
1
1
1
1
1
1
1
1
1
1
1
1
1
1
1
1
1
1
1
1
1
1
1
1
1
1
1
1
1
1
1
1
1
1
1
1
1
1
1
1
1
1
1
1
1
1
1
1
1
1
1
1
1
1
1
1
1
1
1
1
1
1
1
1
1
1
1
1
1
1
1
1
1
1
1
1
1
1
1
1
1
1
1
1
1
1
1
1
1
1
1
1
1
1
1
1
1
1
1
1
1
1
1
1
1
1
1
1
1
1
1
1
1
1
1
1
1
1
1
1
1
1
1
1
1
1
1
1
1
1
1
1
1
1
1
1
1
1
1
1
1
1
1
1
1
1
1
1
1
1
1
1
1
1
1
1
1
1
1
1
1
1
1
1
1
1
1
1
1
1
1
1
1
1
1
1
1
1
1
1
1
1
1
1
1
1
1
1
1
1
1
1
1
1
1
1
1
1
1
1
1
1
1
1
1
1
1
1
1
1
1
1
1
1
1
1
1
1
1
1
1
1
1
1
1
1
1
1
1
1
1
1
1
1
1
1
1
1
1
1
1
1
1
1
1
1
1
1
1
1
1
1
1
1
1
1
1
1
1
1
1
1
1
1
1
1
1
1
1
1
1
1
1
1
1
1
1
1
1
1
1
1
1
1
1
1
1
1
1
1
1
1
1
1
1
1
1
1
1
1
1
1
1
1
1
1
1
1
1
1
1
1
1
1
1
1
1
1
1
1
1
1
1
1
1
1
1
1
1
1
1
1
1
1
1
1
1
1
0.999999
1
1
1
1
1
1
1
1
1
1
1
1
1
1
1
1
1
1
1
1
1
1
1
1
1
1
1
1
1
1
1
1
1
1
1
1
1
1
1
1
1
1
1
1
1
1
1
1
1
1
1
1
1
1
1
1
1
1
1
1
1
1
1
1
1
1
1
1
1
1
1
1
1
1
1
1
1
1
1
1
1
1
1
1
1
1
1
1
1
1
0.999999
0.999999
0.999999
0.999999
1
1
1
0.999999
0.999999
0.999999
0.999999
0.999999
1
1
1
1
1
1
1
1
1
1
1
1
1
1
1
1
1
1
1
1
1
1
1
1
1
1
1
1
1
1
1
1
1
1
1
1
1
1
1
1
1
1
1
1
1
1
1
1
1
1
1
1
1
1
1
1
1
1
1
1
1
1
1
1
1
1
1
1
1
1
1
1
1
1
1
1
1
1
1
1
1
1
0.999999
1
1
0.999999
0.999999
0.999999
0.999999
0.999999
0.999999
0.999999
0.999999
0.999999
0.999999
0.999999
0.999999
0.999999
0.999999
0.999999
0.999999
0.999999
1
1
1
1
1
1
1
1
1
1
1
1
1
1
1
1
1
1
1
1
1
1
1
1
1
1
1
1
1
1
1
1
1
1
1
1
1
1
1
1
1
1
1
1
1
1
1
1
1
1
1
1
1
1
1
1
1
1
1
1
1
1
1
1
1
1
1
1
1
1
1
1
1
1
1
1
1
1
1
1
1
0.999999
0.999999
0.999999
0.999999
0.999999
1
1
1
0.999999
0.999999
0.999999
1
1
0.999999
0.999999
0.999999
0.999999
0.999999
0.999999
1
1
1
1
1
1
1
1
1
1
1
1
1
1
1
1
1
1
1
1
1
1
1
1
1
1
1
1
1
1
1
1
1
1
1
1
1
1
1
1
1
1
1
1
1
1
1
1
1
1
1
1
1
1
1
1
1
1
1
1
1
1
1
1
1
1
1
1
1
1
1
1
1
1
1
1
1
1
1
1
1
1
0.999999
0.999999
1
1
1
1
1
1
1
1
1
1
1
1
1
0.999999
0.999999
0.999999
0.999999
0.999999
1
1
1
1
1
1
1
1
1
1
1
1
1
1
1
1
1
1
1
1
1
1
1
1
1
1
1
1
1
1
1
1
1
1
1
1
1
1
1
1
1
1
1
1
1
1
1
1
1
1
1
1
1
1
1
1
1
1
1
1
1
1
1
1
1
1
1
1
1
1
1
1
1
1
1
1
1
1
1
1
1
1
1
1
1
1
1
1
1
1
1
1
1
1
1
1
1
1
0.999999
0.999999
0.999999
0.999999
0.999999
0.999999
1
1
1
1
1
1
1
1
1
1
1
1
1
1
1
1
1
1
1
1
1
1
1
1
1
1
1
1
1
1
1
1
1
1
1
1
1
1
1
1
1
1
1
1
1
1
1
1
1
1
1
1
1
1
1
1
1
1
1
1
1
1
1
1
1
1
1
1
1
1
1
1
1
1
1
1
1
1
1
1
1
1
1
1
1
1
1
1
1
1
1
1
1
1
0.999999
0.999999
0.999999
0.999999
0.999999
0.999999
1
1
1
1
1
1
1
1
1
1
1
1
1
1
1
1
1
1
1
1
1
1
1
1
1
1
1
1
1
1
1
1
1
1
1
1
1
1
1
1
1
1
1
1
1
1
1
1
1
1
1
1
1
1
1
1
1
1
0.999998
0.999996
0.999996
0.999998
1
1
1
1
1
1
1
1
1
1
1
1
1
1
1
1
1
1
1
1
1
1
1
1
1
1
1
1
1
1
1
1
1
0.999999
0.999999
0.999999
0.999999
1
1
1
1
1
1
1
1
1
1
1
1
1
1
1
1
1
1
1
1
1
1
1
1
1
1
1
1
1
1
1
1
1
1
1
1
1
1
1
1
1
1
1
1
1
1
1
1
1
1
1
1
1
1
1
1
1
1
0.999998
0.999996
0.999995
0.999996
0.999998
1
1
1
1
1
1
1
1
1
1
1
1
1
1
1
1
1
1
1
1
1
1
1
1
1
1
1
1
1
1
1
1
1
1
1
1
1
1
0.999999
0.999999
0.999999
1
1
1
1
1
1
1
1
1
1
1
1
1
1
1
1
1
1
1
1
1
1
1
1
1
1
1
1
1
1
1
1
1
1
1
1
1
1
1
1
1
1
1
1
1
1
1
1
1
1
1
1
1
0.999999
0.999996
0.999995
0.999995
0.999998
1
1
1
1
1
1
1
1
1
1
1
1
1
1
1
1
1
1
1
1
1
1
1
1
1
1
1
1
1
1
1
1
1
1
1
1
1
1
0.999999
0.999989
0.999984
0.999987
0.999995
0.999999
1
1
1
1
1
1
1
1
0.999999
0.999999
0.999999
1
1
1
1
1
1
1
1
1
1
1
1
1
1
1
1
1
1
1
1
1
1
1
1
1
1
1
1
1
1
1
1
1
1
1
1
1
1
1
1
0.999997
0.999995
0.999995
0.999995
0.999997
1
1
1
1
1
1
1
1
1
1
1
1
1
1
1
1
1
1
1
1
1
1
1
1
1
1
1
1
1
1
1
1
1
1
1
1
1
1
1
0.999984
0.999984
0.999984
0.999984
0.999992
0.999999
0.999999
0.999999
0.999999
0.999999
1
1
0.999993
0.999975
0.999969
0.999975
0.99999
0.999999
1
1
1
1
1
1
1
1
1
1
1
1
1
1
1
1
1
1
1
1
1
1
1
1
1
1
1
1
1
1
1
1
1
1
1
1
1
0.999999
0.999995
0.999995
0.999995
0.999995
0.999996
1
1
1
1
0.999995
0.999972
0.999987
0.999993
0.999973
0.99992
0.999884
0.999897
0.999942
0.99998
0.999991
0.999997
1
1
1
1
1
1
1
1
1
1
1
1
1
0.999983
0.999963
0.999963
0.999963
0.999969
0.999989
1
1
1
1
1
1
1
1
1
1
1
1
1
1
1
1
1
1
1
1
0.999978
0.999979
0.999994
0.999978
0.999812
0.999794
0.999794
0.999794
0.999829
0.999943
0.999998
1
1
1
1
1
1
1
1
1
1
1
1
1
0.999998
0.999983
0.999964
0.999963
0.999963
0.999979
0.999999
1
1
1
1
1
1
1
1
1
1
1
1
1
1
1
1
1
1
0.9999
0.999977
0.999982
0.999995
0.999998
0.999998
0.999962
0.99984
0.999794
0.999796
0.999871
0.999959
0.999999
1
1
1
1
1
1
1
1
1
1
1
1
1
0.999999
0.999985
0.999964
0.999963
0.999971
0.999998
1
1
1
1
1
1
1
1
1
1
1
1
1
1
1
1
1
1
0.999749
0.999926
0.99999
0.999997
0.999998
0.999998
0.999997
0.999997
0.999997
0.99998
0.99965
0.999617
0.999567
0.999503
0.999516
0.999642
0.999864
0.999987
1
1
1
1
1
1
1
1
1
0.999999
0.999992
0.999978
0.999978
0.999992
1
1
1
1
1
1
1
1
1
1
1
1
1
1
1
1
1
1
0.999751
0.999833
0.99988
0.999886
0.999791
0.999623
0.99967
0.999847
0.999982
0.999993
0.999755
0.999181
0.999176
0.999176
0.999176
0.999176
0.999404
0.999866
0.999999
1
1
1
1
1
1
1
1
1
1
1
1
1
1
1
1
1
1
1
1
1
0.999999
0.999996
0.999993
0.999993
0.999996
1
1
1
1
1
0.999981
0.99961
0.999659
0.999379
0.99858
0.998529
0.998529
0.998628
0.999399
0.999958
0.999597
0.999176
0.999176
0.999176
0.999176
0.999176
0.999176
0.999472
0.999927
1
1
1
1
1
1
1
1
1
1
1
1
1
1
0.999998
0.999969
0.999857
0.999402
0.998386
0.997956
0.99806
0.998193
0.998176
0.998134
0.998177
0.998389
0.998599
0.998597
0.998436
0.998092
0.997951
0.999987
0.998956
0.999476
0.998567
0.998529
0.998529
0.998529
0.998529
0.998529
0.998863
0.999551
0.999597
0.999596
0.999218
0.999176
0.999176
0.999176
0.999196
0.999682
0.99999
1
1
1
1
1
1
1
1
1
1
1
1
1
0.998685
0.99795
0.99795
0.99795
0.99795
0.99795
0.99795
0.99795
0.99795
0.99795
0.99795
0.99795
0.99795
0.99795
0.99795
0.99795
0.99795
0.999343
0.998923
0.999096
0.999283
0.999285
0.998723
0.998529
0.998529
0.998529
0.998529
0.998981
0.999565
0.999283
0.999176
0.999176
0.999176
0.999176
0.999176
0.999279
0.999982
1
1
1
1
1
1
0.999998
0.999996
0.999996
0.999998
1
1
0.999925
0.999768
0.99963
0.999429
0.998731
0.99797
0.99795
0.997967
0.998296
0.998574
0.998541
0.998448
0.998467
0.998593
0.998611
0.998391
0.997976
0.99795
0.999407
0.998938
0.998863
0.999086
0.999685
0.99971
0.999635
0.999217
0.998553
0.998529
0.998529
0.998774
0.999649
0.999652
0.9993
0.999176
0.999176
0.999176
0.999517
0.999981
1
0.999999
0.999993
0.999965
0.999941
0.999942
0.999962
0.999998
0.999996
0.99999
0.99999
0.99999
0.999989
0.999989
0.999989
0.999989
0.999986
0.999975
0.999967
0.999977
0.999992
0.999999
0.999999
0.999999
0.999999
0.999999
0.999998
0.99999
0.999953
0.999835
0.999989
0.999861
0.999468
0.999554
0.999774
0.99988
0.999867
0.999836
0.999755
0.999543
0.999335
0.999353
0.999591
0.999805
0.999787
0.999698
0.999648
0.999697
0.999862
0.999994
0.999999
0.99998
0.999875
0.999865
0.999865
0.999865
0.999961
1
1
0.999996
0.999983
0.999955
0.999942
0.999946
0.999963
0.999981
0.999984
0.999976
0.999972
0.999972
0.999973
0.999973
0.999973
0.999982
0.999999
0.999999
0.999999
0.999999
0.999999
0.999999
0.995434
0.999992
1
1
1
1
1
1
1
1
1
0.999999
0.999998
1
1
1
1
0.999997
0.999972
0.99993
0.999929
0.999929
0.999932
0.999948
0.99997
0.999989
0.999998
1
1
1
0.999839
0.999641
0.999641
0.999641
0.999641
0.999936
1
0.999999
0.999998
0.999994
0.999984
0.99998
0.999983
0.999992
0.999999
0.999999
0.999999
0.999999
0.999999
0.999999
0.994087
0.999866
0.999997
1
1
1
1
1
1
1
1
1
1
1
1
1
1
0.999999
0.999995
0.999988
0.999985
0.999989
0.999996
1
1
1
1
1
1
0.999998
0.999967
0.999872
0.9998
0.999812
0.999882
0.999975
1
1
1
1
1
1
1
1
0.999999
0.999999
0.999999
0.999999
0.999999
0.999999
0.999054
0.78691
0.956665
0.999997
1
1
1
1
1
1
1
1
1
1
1
1
1
1
1
1
1
1
1
1
1
1
1
1
1
1
1
1
1
1
1
1
1
1
0.999999
0.999999
0.999999
0.999999
0.999999
1
1
0.999999
0.999999
0.999999
0.999999
0.999999
1
0.517797
0.768719
0.992623
0.999996
1
1
1
1
1
1
1
1
1
1
1
1
1
1
1
1
1
1
1
1
1
1
1
1
1
1
1
1
1
1
1
1
1
1
1
1
1
1
1
1
1
1
1
1
1
0.947697
0.380341
0.560925
0.910047
0.999845
0.999553
0.998588
0.999706
0.999953
1
1
1
1
1
1
1
1
1
1
1
1
1
1
1
1
1
1
1
1
1
1
1
1
0.99994
0.999867
0.999854
0.999918
1
1
1
1
1
1
1
0.999847
0.999451
0.999256
0.999218
0.999262
0.999449
0.510573
0.0759536
0.193927
0.623847
0.555079
0.461741
0.460671
0.474503
0.477351
0.477301
0.4771
0.478272
0.478804
0.480318
0.482106
0.483512
0.485203
0.487626
0.490798
0.493734
0.495375
0.494373
0.490949
0.486354
0.48252
0.479323
0.47649
0.473311
0.468793
0.463287
0.457018
0.450641
0.444898
0.44034
0.436779
0.434898
0.434388
0.434298
0.434162
0.433473
0.431778
0.428941
0.425028
0.420588
0.416762
0.413928
0.411725
0.410465
0.409942
0.409676
0.621419
0.0102148
0.00383928
0.067616
0.0162965
3.55088e-05
2.5597e-05
1.88993e-06
4.10004e-08
1.20446e-08
4.10004e-08
2.00795e-05
6.8615e-05
0.000132005
0.000122049
0.000231308
0.000347181
0.000451998
0.000338157
0.000240263
0.000155062
8.18734e-05
2.74467e-05
4.14673e-07
1.5636e-08
9.80775e-09
9.80793e-09
9.80775e-09
1.07167e-08
5.15273e-08
7.75263e-08
6.38537e-08
4.61487e-08
2.85787e-08
1.03156e-08
4.83343e-09
4.84505e-09
4.83343e-09
1.75238e-09
1.02551e-09
1.51564e-09
6.6432e-06
2.94384e-05
3.7197e-05
1.9131e-05
6.50017e-06
9.12372e-08
3.56273e-09
2.3274e-08
2.25102e-08
0.999999
0.0987165
0.000438949
3.95516e-05
1.73047e-05
3.55191e-05
2.558e-05
5.85371e-06
1.90476e-07
7.54248e-09
0.000317682
0.000370241
0.000370097
0.00020171
0.000120139
0.00032277
0.000467074
0.000458447
0.000447803
0.000441944
0.00044966
0.000458127
0.000458119
0.000458127
4.52411e-05
1.5636e-08
9.80775e-09
5.35094e-06
0.000341937
0.000347425
0.000347433
0.000347425
0.000346979
0.000346963
0.000346905
0.000179891
4.83343e-09
1.75238e-09
1.02551e-09
3.28541e-10
3.10194e-10
6.52329e-06
2.94269e-05
3.73297e-05
3.72563e-05
1.70444e-05
7.12877e-08
2.81381e-10
3.05901e-05
7.0144e-05
0.539984
0.013083
3.61401e-05
2.0696e-06
1.67537e-05
2.24106e-05
2.22616e-05
7.37953e-06
7.54248e-09
5.11051e-09
4.77014e-10
1.21076e-06
4.74542e-06
6.90297e-06
5.97004e-06
2.43794e-06
2.1248e-06
4.98012e-06
6.98906e-06
7.22733e-06
7.51168e-06
8.0694e-06
9.20322e-06
9.19588e-06
8.76149e-06
1.72376e-06
7.05227e-10
4.26866e-10
4.24136e-10
1.81251e-07
1.28447e-07
1.75642e-09
4.10939e-10
1.10022e-07
4.10833e-10
3.33571e-07
3.41749e-07
1.26303e-07
3.28541e-10
3.10194e-10
3.09828e-10
3.06726e-10
3.06313e-10
3.06334e-10
4.16181e-08
2.08898e-08
2.0526e-09
2.60021e-10
2.45703e-10
2.45702e-10
0.0249339
3.61401e-05
1.59998e-05
7.31822e-08
2.23568e-09
8.19444e-10
4.29215e-07
3.86005e-07
1.07968e-07
4.77014e-10
4.60461e-10
4.60254e-10
4.60251e-10
4.60254e-10
4.62186e-10
4.59544e-10
4.59511e-10
4.59503e-10
4.59504e-10
4.59499e-10
4.59496e-10
4.59491e-10
4.59491e-10
4.59491e-10
8.27927e-08
1.49574e-07
7.93872e-08
5.9382e-10
4.11156e-10
4.10938e-10
4.10915e-10
4.10915e-10
4.10915e-10
4.10833e-10
4.10833e-10
4.10833e-10
4.30129e-10
1.10284e-09
6.61642e-10
3.65524e-10
3.13054e-10
3.07576e-10
3.06477e-10
3.06252e-10
3.02645e-10
2.97986e-10
2.9754e-10
2.61163e-10
2.45702e-10
2.45703e-10
0.21825
4.46636e-07
7.31822e-08
2.23568e-09
8.19444e-10
4.70277e-10
4.63062e-10
4.62e-10
1.05863e-09
5.28062e-10
4.60333e-10
4.60251e-10
4.60251e-10
4.60251e-10
4.59544e-10
4.59513e-10
4.59509e-10
4.59504e-10
4.59499e-10
4.59496e-10
4.59493e-10
4.59492e-10
4.59491e-10
4.59491e-10
4.59491e-10
8.60567e-10
2.05818e-09
1.32322e-09
6.82645e-10
6.63117e-10
7.99415e-10
9.81775e-10
9.95072e-10
9.08141e-10
6.58692e-10
4.50383e-10
4.29845e-10
4.29625e-10
4.29588e-10
3.96662e-10
3.18057e-10
3.08127e-10
3.07697e-10
3.06477e-10
3.02672e-10
3.02645e-10
3.47421e-10
4.18747e-10
3.20806e-10
2.45702e-10
0.269711
1.87216e-05
6.14563e-08
1.15573e-09
4.70277e-10
4.6074e-10
4.60404e-10
4.60394e-10
4.60318e-10
4.60294e-10
4.60285e-10
4.60258e-10
4.60251e-10
4.60253e-10
4.60253e-10
4.61041e-10
4.66631e-10
4.74956e-10
4.76743e-10
4.75743e-10
4.72248e-10
4.66383e-10
4.61395e-10
4.60176e-10
4.6019e-10
4.6024e-10
4.72402e-10
5.44152e-10
7.45234e-10
1.26596e-09
2.07446e-09
2.31748e-09
2.31863e-09
2.17016e-09
1.74247e-09
1.43574e-09
1.3889e-09
1.31186e-09
8.90282e-10
4.11908e-10
3.18584e-10
5.08398e-07
2.84383e-06
2.06286e-06
4.66553e-07
3.89369e-08
1.01922e-08
5.52457e-09
9.11237e-10
2.465e-10
0.0088246
6.14563e-08
4.83257e-11
3.55167e-09
4.6074e-10
4.60404e-10
4.60394e-10
4.60391e-10
4.60391e-10
4.61653e-10
4.74112e-10
4.88797e-10
4.79834e-10
4.67865e-10
4.79277e-10
5.37048e-10
6.26129e-10
6.80463e-10
6.83491e-10
6.75499e-10
6.4573e-10
5.90666e-10
5.39754e-10
5.22525e-10
5.22258e-10
5.22784e-10
5.2624e-10
5.37435e-10
6.08156e-10
8.98519e-10
1.53272e-09
1.98673e-09
1.99298e-09
1.87773e-09
1.68565e-09
1.44196e-09
1.02612e-09
6.28968e-10
5.94935e-10
4.14587e-10
2.68026e-06
2.10226e-05
2.78054e-05
2.78055e-05
1.34928e-05
2.88475e-07
3.22679e-09
3.2277e-09
3.53365e-09
2.12353e-09
9.23205e-08
4.83257e-11
2.81284e-12
3.9694e-09
3.51162e-09
1.98416e-09
1.09203e-09
7.11439e-10
7.24853e-10
8.05753e-10
9.5451e-10
1.02339e-09
9.82909e-10
8.83498e-10
8.79629e-10
8.793e-10
8.76217e-10
8.75374e-10
8.75206e-10
8.75068e-10
8.74477e-10
8.5821e-10
7.9333e-10
6.67003e-10
5.10977e-10
3.66284e-10
2.87991e-10
2.79349e-10
3.05924e-10
4.09145e-10
5.65356e-10
6.59495e-10
6.45833e-10
5.92828e-10
5.64135e-10
5.63909e-10
5.6375e-10
5.63813e-10
5.6375e-10
1.57674e-05
2.78015e-05
2.78054e-05
2.78055e-05
2.78055e-05
1.81722e-05
2.81443e-07
8.52626e-10
8.71094e-09
1.85652e-08
1.87204e-08
0.000282447
2.81284e-12
7.09841e-15
1.27989e-09
2.02521e-09
1.93474e-09
1.67219e-09
1.43894e-09
1.44309e-09
1.4441e-09
1.4441e-09
1.436e-09
1.41455e-09
1.34426e-09
1.13245e-09
7.97053e-10
6.04125e-10
5.97008e-10
6.11926e-10
6.25376e-10
6.17877e-10
5.69855e-10
4.57146e-10
3.02762e-10
1.65189e-10
1.13635e-10
1.10073e-10
1.19507e-10
1.19697e-10
1.92339e-10
5.6882e-09
9.20879e-09
7.4334e-09
1.00251e-09
5.64278e-10
6.99163e-09
4.9111e-09
6.5151e-10
2.03061e-06
1.92137e-05
2.18851e-05
2.51778e-05
2.78054e-05
2.78055e-05
4.90442e-06
8.52626e-10
4.76815e-10
4.72606e-10
2.06465e-10
1.93307e-11
2.37231e-05
7.09841e-15
8.38243e-20
1.26783e-12
1.12013e-10
7.39283e-10
9.37122e-10
1.08846e-09
1.06685e-09
9.92001e-10
8.33949e-10
6.32419e-10
5.10587e-10
4.08111e-10
2.47886e-10
1.06615e-10
5.05401e-11
4.32489e-11
4.24508e-11
4.07861e-11
3.31243e-11
2.91455e-11
3.07979e-11
3.19877e-11
4.66883e-11
1.85581e-10
5.12994e-10
5.77846e-10
1.9069e-10
1.76153e-10
1.76427e-10
2.00539e-10
2.03677e-10
2.45134e-06
1.30496e-05
1.3679e-05
1.36797e-05
1.36795e-05
9.38624e-06
1.07526e-06
7.6132e-11
7.08407e-13
6.00196e-06
1.77968e-05
1.67245e-05
2.06034e-06
1.49805e-10
1.26545e-12
1.10593e-14
2.19258e-16
8.80012e-10
8.38212e-20
8.38243e-20
8.38243e-20
7.26425e-20
7.05399e-11
9.91615e-11
1.2518e-10
1.00186e-10
6.59218e-11
3.53445e-11
1.57748e-11
3.95595e-12
3.0849e-24
1.93196e-20
5.48738e-18
7.83209e-18
8.03245e-18
8.38203e-18
1.60141e-13
2.40077e-12
1.45359e-11
5.13323e-11
8.12997e-11
7.49349e-11
5.90105e-11
1.87894e-09
4.07677e-08
7.43656e-08
6.47728e-08
2.78487e-08
2.08029e-09
2.06317e-10
1.2481e-06
9.68199e-06
1.36753e-05
1.30448e-05
7.06097e-06
1.05065e-06
3.50249e-09
1.11859e-14
8.41502e-17
6.58684e-19
1.24024e-06
5.20079e-06
4.42422e-06
1.98125e-07
1.42301e-11
3.44637e-13
2.27707e-13
4.37383e-07
9.0683e-20
8.38243e-20
1.44937e-18
7.1742e-20
2.17566e-13
1.57982e-14
7.25602e-15
9.53354e-26
9.50561e-26
1.07365e-25
2.38573e-24
3.0849e-24
3.0849e-24
1.67911e-20
5.44227e-18
9.27678e-17
2.35425e-16
1.27535e-14
6.36103e-13
1.22355e-11
1.14192e-10
3.78131e-10
4.49487e-10
4.01156e-10
1.30689e-10
1.14287e-10
3.35181e-08
1.42253e-07
1.44163e-07
1.44163e-07
1.44153e-07
1.04196e-07
3.26187e-08
8.0166e-08
3.81785e-07
1.87469e-07
2.93916e-12
3.99603e-14
2.89625e-16
3.11918e-18
5.88621e-20
2.73417e-20
2.70877e-20
3.29845e-08
1.09224e-07
8.69458e-08
1.34561e-08
1.01537e-11
9.35285e-12
8.7232e-08
2.79146e-19
9.0683e-20
1.48669e-18
7.17639e-20
6.91143e-25
9.87565e-26
9.53354e-26
9.50561e-26
9.48037e-26
9.50561e-26
2.36601e-24
2.59477e-23
2.18009e-22
2.54473e-21
5.85201e-20
1.30434e-18
2.65378e-17
4.634e-16
2.31728e-15
1.28906e-13
3.85886e-12
3.38449e-11
8.0282e-11
7.16617e-11
4.9252e-11
1.09765e-10
4.76405e-09
4.25458e-08
1.27057e-07
1.3902e-07
9.64512e-08
2.35163e-08
4.40953e-10
2.2217e-12
4.07806e-13
3.21764e-13
3.99603e-14
2.89625e-16
3.11918e-18
1.0557e-18
3.71509e-20
2.70877e-20
2.68252e-20
2.68252e-20
2.68252e-20
3.70505e-15
1.32077e-11
6.61119e-11
5.4497e-11
3.4164e-12
8.80545e-18
2.79146e-19
1.62914e-18
6.49718e-21
3.26185e-23
3.13029e-24
3.89988e-25
9.89436e-26
9.47741e-26
9.55261e-26
1.40217e-25
7.88697e-25
1.48951e-23
5.59631e-22
2.61705e-20
6.95152e-19
1.2312e-17
2.07298e-16
3.64393e-15
4.69975e-14
4.34986e-13
2.97545e-12
1.43977e-11
4.77195e-11
1.09475e-10
1.60752e-10
1.60556e-10
4.0786e-10
2.78174e-09
2.98335e-09
4.56315e-10
1.43721e-12
2.13569e-12
2.21499e-12
3.21764e-13
2.62907e-13
2.61752e-13
6.51524e-14
2.22681e-15
1.31259e-17
7.92119e-20
7.92369e-20
2.97243e-19
3.29457e-19
3.29491e-19
3.16578e-16
5.71617e-20
3.44891e-20
3.44893e-20
5.61206e-10
3.84012e-16
3.82262e-16
1.76434e-18
1.63641e-21
8.40052e-24
1.54273e-25
7.34017e-27
6.57841e-28
5.89713e-29
4.94962e-30
1.69021e-29
2.15401e-27
2.62966e-25
3.22908e-23
2.53382e-21
1.45038e-19
6.02486e-18
1.244e-16
2.03372e-15
2.94666e-14
3.3339e-13
2.62539e-12
1.48968e-11
6.44528e-11
1.80277e-10
2.30848e-10
2.32223e-10
1.5278e-10
3.79265e-12
1.84975e-12
1.43721e-12
1.4181e-12
1.54846e-12
1.47369e-12
1.05728e-12
4.30977e-13
6.85757e-14
2.917e-15
3.30043e-17
2.32127e-19
3.02986e-20
1.43612e-19
1.98908e-18
1.03694e-17
1.5753e-17
1.42773e-17
7.51831e-18
1.45628e-18
5.13372e-20
4.73586e-10
3.14798e-13
1.64435e-16
8.77752e-19
8.45634e-22
3.60763e-24
5.07381e-26
1.43037e-27
7.07919e-29
4.74599e-30
2.48447e-31
4.5992e-32
9.91693e-30
2.56787e-27
9.02381e-25
1.24078e-22
1.04387e-20
5.98133e-19
2.32201e-17
5.77451e-16
9.74211e-15
1.1916e-13
1.08674e-12
7.08441e-12
3.17275e-11
9.55597e-11
1.83049e-10
2.08749e-10
1.90384e-10
1.25102e-10
4.61396e-11
7.33955e-12
6.1774e-13
1.79279e-13
1.25196e-13
8.94219e-14
2.92248e-14
2.14971e-15
3.31009e-17
2.3245e-19
1.88401e-20
2.16185e-20
4.97603e-20
2.17683e-19
5.37665e-19
5.77523e-19
4.42354e-19
1.97389e-19
4.25491e-20
3.57486e-21
9.80621e-11
6.19572e-13
1.47211e-17
4.95571e-22
1.46141e-22
1.4932e-24
1.90107e-26
3.65648e-28
1.11493e-29
4.32391e-31
2.19898e-32
1.16953e-33
8.20871e-35
7.94608e-35
2.88489e-27
1.35279e-24
2.30915e-22
1.90419e-20
8.91327e-19
2.59348e-17
5.26516e-16
8.80821e-15
1.1446e-13
9.68245e-13
5.23262e-12
2.03425e-11
5.44955e-11
8.64798e-11
8.87902e-11
7.33665e-11
3.56195e-11
7.07537e-12
4.22898e-13
8.20487e-15
5.70677e-16
2.30697e-16
5.00152e-17
2.88399e-18
6.4725e-20
1.60151e-20
8.11507e-21
3.15001e-21
8.25212e-22
4.26905e-22
4.18748e-22
3.49238e-22
1.77939e-22
4.13302e-23
3.33352e-24
7.72238e-26
2.05156e-11
1.74384e-13
3.81965e-19
3.81889e-22
5.78357e-24
6.42481e-25
7.79229e-27
1.13443e-28
2.47725e-30
6.59152e-32
2.35104e-33
1.05195e-34
6.10611e-36
6.56273e-36
8.12853e-34
9.19741e-31
9.09434e-29
2.37116e-25
5.56778e-23
9.06606e-21
7.58268e-19
4.24375e-17
1.39229e-15
2.12229e-14
1.79251e-13
1.02935e-12
3.90908e-12
9.16856e-12
1.33954e-11
1.33338e-11
9.28195e-12
2.79074e-12
2.29932e-13
4.25238e-15
2.89871e-17
1.18184e-19
1.64145e-21
7.82957e-21
4.96115e-21
3.05884e-21
1.66834e-21
8.14113e-22
3.2822e-22
7.78225e-23
7.10717e-24
1.8852e-25
1.94375e-27
1.72303e-29
2.01941e-31
4.52643e-32
4.69716e-12
5.83879e-14
2.51873e-18
3.10905e-22
7.73533e-24
2.60103e-25
3.24967e-27
3.9903e-29
7.12024e-31
1.49839e-32
4.27667e-34
1.57723e-35
9.2062e-37
9.51436e-37
3.02757e-34
5.23801e-31
9.37444e-29
3.35069e-27
9.57014e-26
1.46685e-24
1.6721e-23
6.40349e-23
7.25026e-23
7.32728e-23
1.12202e-16
3.35413e-15
2.92873e-14
1.30369e-13
3.34755e-13
5.0674e-13
4.79055e-13
2.39788e-13
3.49982e-14
1.02496e-15
7.33705e-18
4.19251e-20
1.00891e-21
5.7894e-22
4.47827e-22
3.34865e-22
2.26619e-22
1.43879e-22
8.29094e-23
3.31764e-23
5.85574e-24
2.9054e-25
3.69666e-27
2.44288e-29
1.84621e-31
6.57042e-33
1
1
1
1
1
1
1
1
1
1
0.999999
0.999998
0.999999
1
1
1
0.999998
0.999983
0.999961
0.999948
0.999941
0.999941
0.999941
0.999942
0.999943
0.999979
0.999985
0.999997
0.999768
0.997975
0.997987
0.99799
0.998332
0.999937
1
1
1
1
1
0.999958
0.999957
0.999957
0.999957
0.999993
1
1
1
1
1
0.99998
1
1
1
1
1
1
1
1
1
1
0.999992
0.99998
0.99998
0.99998
0.999978
0.999971
0.999945
0.99994
0.99994
0.99994
0.99994
0.99995
0.999975
0.999974
0.999974
0.999977
0.999985
0.99945
0.997963
0.997973
0.997975
0.998343
0.999997
1
1
1
1
1
0.999983
0.999957
0.999957
0.999957
0.999985
1
1
1
1
1
1
0.999976
1
1
1
1
1
1
1
1
1
1
1
1
0.999999
0.999958
0.999942
0.999942
0.999941
0.99994
0.999956
0.999985
0.999985
0.999984
0.999983
0.999975
0.999925
0.999479
0.998364
0.997951
0.997963
0.997963
0.998236
0.999997
1
1
1
1
1
1
0.999957
0.999957
0.999957
0.999963
1
1
1
1
1
1
1
0.999976
1
1
1
1
1
1
1
1
1
1
1
1
0.999999
0.999998
0.999996
0.999994
0.999992
0.999991
0.99999
0.999989
0.999986
0.999889
0.999408
0.998823
0.99795
0.99795
0.99795
0.99795
0.997951
0.998219
0.999998
1
1
1
1
1
1
0.999971
0.999957
0.999957
0.999957
1
1
1
1
1
1
1
1
0.999976
1
1
1
1
1
1
0.999987
0.999937
0.999808
0.999625
0.99944
0.99929
0.999182
0.999135
0.999157
0.999329
0.999748
0.999934
0.999792
0.999503
0.999112
0.99795
0.99795
0.99795
0.99795
0.99795
0.99795
0.99795
0.998331
0.999998
1
1
1
0.999999
0.999999
1
1
0.999964
0.999958
0.999957
0.999996
1
1
1
1
1
1
1
1
0.999989
0.998038
0.998471
0.999136
0.999426
0.999416
0.999265
0.99861
0.997961
0.99795
0.99795
0.99795
0.99795
0.99795
0.99795
0.99795
0.99795
0.99795
0.997995
0.99795
0.99795
0.99795
0.99795
0.99795
0.99795
0.99795
0.99795
0.99795
0.998576
0.999999
1
1
1
0.999998
0.999998
0.999998
0.999999
1
0.999998
0.999969
0.999994
1
1
1
1
1
1
1
1
1
1
0.99795
0.99795
0.99795
0.99795
0.99795
0.99795
0.99795
0.99795
0.99795
0.99795
0.99795
0.99795
0.99795
0.99795
0.99795
0.99795
0.99795
0.99795
0.99795
0.99795
0.99795
0.99795
0.99795
0.99795
0.99795
0.99795
0.999069
1
1
1
1
0.999998
0.999998
0.999998
0.999998
0.999999
1
1
1
1
1
1
1
1
1
1
1
1
1
1
0.99795
0.99795
0.99795
0.99795
0.99795
0.99795
0.99795
0.99795
0.99795
0.99795
0.99795
0.99795
0.99795
0.99795
0.99795
0.99795
0.99795
0.99795
0.99795
0.99795
0.99795
0.99795
0.99795
0.997958
0.998427
0.999887
1
1
1
1
0.999998
0.999998
0.999998
0.999998
0.999999
1
1
1
1
1
1
1
1
1
1
1
1
1
1
1
0.99955
0.999223
0.999117
0.999129
0.999175
0.999259
0.999363
0.999446
0.999456
0.99929
0.998552
0.997963
0.997961
0.998057
0.998204
0.99836
0.998476
0.998442
0.998233
0.998308
0.998887
0.999513
0.999747
1
1
1
1
1
1
0.999998
0.999998
0.999998
0.999998
1
1
1
1
1
1
1
1
1
1
1
1
1
1
1
1
0.999999
0.999999
0.999999
0.999999
1
1
1
1
1
1
1
1
1
1
1
1
1
1
1
1
1
1
1
1
1
1
1
1
1
0.999998
0.999998
0.999998
1
1
1
1
1
1
1
1
1
1
1
1
1
1
1
1
1
1
0.999999
0.999999
0.999999
0.999999
0.999999
0.999999
0.999999
0.999999
0.999999
0.999999
1
1
1
1
1
1
1
1
1
1
1
1
1
1
1
1
1
1
0.999998
0.999998
0.999999
1
1
1
1
1
1
1
1
1
1
1
1
1
1
1
1
1
1
1
1
0.999999
0.999999
0.999999
0.999999
0.999999
0.999999
0.999999
0.999999
0.999999
0.999999
0.999999
0.999999
0.999999
0.999999
0.999999
0.999999
0.999999
0.999999
0.999999
0.999999
0.999999
0.999999
0.999999
1
1
1
0.999999
1
1
1
1
1
1
1
1
1
1
1
1
1
1
1
1
1
1
1
1
1
1
1
0.999999
0.999999
0.999999
0.999999
0.999999
0.999999
0.999999
0.999999
0.999999
0.999999
0.999999
0.999999
0.999999
0.999999
0.999999
0.999999
0.999999
0.999999
0.999999
0.999999
0.999999
0.999999
0.999999
0.999999
1
1
1
1
1
1
1
1
0.999999
0.999999
1
1
1
0.999999
0.999999
0.999999
0.999998
0.999999
0.999513
0.994705
0.995358
0.999889
1
1
1
1
1
1
1
1
1
1
1
1
0.999999
0.999999
0.999999
0.999999
0.999999
0.999999
1
1
0.999999
0.999999
0.999999
0.999999
0.999999
0.999999
0.999999
0.999999
1
1
1
0.999999
0.999999
0.999994
0.999982
0.99998
0.991234
0.972238
0.977854
0.989731
0.98372
0.957556
0.93629
0.91289
0.852777
0.709773
0.639724
0.678191
0.7153
0.761052
0.806113
0.810766
0.787262
0.768712
0.999851
1
1
1
1
1
1
1
1
1
1
1
1
1
1
1
1
1
1
1
1
1
1
0.999999
0.999999
0.999997
0.999991
0.99998
0.998819
0.954247
0.81048
0.634999
0.470029
0.388238
0.297026
0.258098
0.291835
0.337102
0.297674
0.361332
0.5741
0.472437
0.373683
0.373234
0.372887
0.350304
0.350159
0.350025
0.350003
0.350017
0.409545
0.409858
0.410805
0.412416
0.414304
0.417011
0.420218
0.423915
0.427512
0.431766
0.436789
0.442693
0.449524
0.457491
0.466584
0.476996
0.488825
0.502098
0.51674
0.53241
0.54864
0.564613
0.580319
0.596566
0.617035
0.642157
0.653861
0.625396
0.500263
0.230674
0.234271
0.234698
0.235101
0.235145
0.235339
0.235509
0.235601
0.235762
0.236032
0.236227
0.236511
0.263387
0.59786
0.597874
0.597874
0.597874
0.597866
0.597408
0.597528
0.434977
1.00012e-07
6.72958e-06
3.42692e-06
1.09421e-07
1.11993e-07
1.18051e-07
1.28277e-07
5.38221e-06
3.75787e-05
8.38684e-05
9.24638e-05
8.27083e-05
5.06425e-05
1.0554e-05
3.72631e-07
2.17113e-07
2.91937e-07
3.92393e-07
5.11286e-07
6.44591e-07
7.8871e-07
0.000153176
0.000633762
0.00169163
0.00391497
0.00829963
0.0147713
0.0340539
0.168714
0.201216
0.464414
0.509649
0.509649
0.503274
0.514585
0.52062
0.522527
0.524145
0.525818
0.527505
0.528654
0.529278
0.59784
0.59786
0.597874
0.597866
0.597226
0.597529
0.597535
0.584286
7.01447e-05
5.13868e-05
3.11789e-06
6.46235e-08
1.09421e-07
1.11993e-07
1.18051e-07
5.20805e-06
3.72103e-05
8.41142e-05
9.26929e-05
8.28335e-05
5.06199e-05
1.00424e-05
1.43481e-09
1.7044e-09
2.13176e-09
2.50075e-09
2.22666e-09
2.70734e-09
3.42368e-09
5.31495e-09
1.18589e-08
3.39137e-08
6.70051e-06
1.20137e-05
1.05895e-05
3.0652e-05
0.0572346
0.151591
0.127216
0.152603
0.209555
0.258333
0.306078
0.336532
0.359153
0.369952
0.370304
0.374064
0.375309
0.353875
0.308616
0.293209
0.292817
0.292948
0.292778
0.290053
0.281121
0.281126
1.66451e-09
1.65819e-09
1.69038e-09
6.35612e-08
3.80614e-07
9.43341e-07
1.29065e-06
1.51621e-06
1.47737e-06
1.2628e-06
8.48307e-07
2.81822e-10
1.39556e-10
1.50033e-10
8.48341e-10
1.43481e-09
1.7044e-09
1.83598e-09
1.17929e-09
1.18229e-09
1.18954e-09
1.26277e-09
1.35811e-09
8.61833e-10
4.96954e-05
1.05895e-05
6.47101e-06
3.16361e-06
2.08208e-06
0.00454812
0.000295039
0.000244522
0.0002446
0.000244522
0.0002446
0.00127167
0.00562317
0.0091629
0.0105467
0.00975795
0.00665869
0.00404621
0.000337842
2.13212e-07
7.93691e-08
3.4627e-08
1.63694e-08
1.68379e-08
3.20622e-08
3.03159e-08
5.13329e-08
2.7928e-07
1.19885e-06
6.08146e-06
1.36707e-05
1.40687e-05
1.4069e-05
1.40686e-05
1.32778e-05
3.16856e-07
2.81822e-10
9.95732e-11
1.04775e-10
1.39556e-10
8.36256e-10
1.97261e-09
2.16242e-09
1.83467e-09
1.1638e-09
1.17929e-09
1.18229e-09
1.18954e-09
1.18573e-09
5.97388e-10
0.000181234
0.00018864
3.56028e-06
1.99704e-06
4.37483e-07
3.92531e-07
0.000997521
0.00109277
0.00109286
0.000911994
0.000363482
1.23681e-07
1.23606e-07
1.23681e-07
1.32374e-08
5.32407e-10
5.05097e-10
5.05178e-10
5.05097e-10
4.65712e-10
1.34888e-10
4.43853e-11
1.92674e-11
1.76382e-11
2.56394e-11
1.6062e-11
2.465e-10
6.44763e-06
1.40604e-05
1.40628e-05
1.40636e-05
1.4069e-05
1.40687e-05
9.88408e-06
2.65796e-06
4.81132e-08
6.70577e-11
7.81603e-11
1.04502e-10
1.5448e-10
4.34333e-10
1.17176e-09
1.35418e-09
7.77865e-10
1.55587e-10
1.28732e-08
3.02603e-08
2.56426e-08
4.85069e-09
5.11681e-10
0.000126581
0.000189039
9.56393e-05
4.37483e-07
3.41718e-07
2.34079e-07
0.000362831
0.00109286
0.000616152
2.56202e-08
7.64485e-08
2.01683e-05
2.01741e-06
2.54834e-05
7.28856e-05
5.41207e-06
5.11479e-10
5.05097e-10
4.65712e-10
7.64435e-12
6.46044e-12
6.21235e-12
6.15039e-12
6.13302e-12
6.13547e-12
6.13872e-12
1.96349e-07
6.87364e-07
1.19975e-06
9.1951e-07
1.59361e-07
3.04679e-09
1.23774e-10
6.40412e-12
1.75044e-11
8.62621e-11
6.54953e-11
7.80122e-11
1.18036e-10
1.86596e-10
2.90762e-10
4.77911e-10
5.27746e-10
4.06427e-10
1.51239e-10
1.11709e-08
3.07332e-08
3.07332e-08
1.59368e-08
2.09453e-10
1.0246e-06
0.000189039
0.00018724
1.11437e-06
2.34079e-07
2.34079e-07
4.28061e-08
2.64812e-06
2.56202e-08
2.57093e-08
7.6067e-08
2.43352e-06
1.56321e-08
0.000159199
0.000159204
0.000139564
9.58292e-07
5.11479e-10
5.36495e-10
6.46044e-12
6.21235e-12
6.15039e-12
6.13302e-12
6.12112e-12
6.12114e-12
6.13547e-12
8.12236e-13
1.92208e-13
1.81826e-13
1.81717e-13
1.81723e-13
1.81717e-13
1.24525e-12
6.35941e-12
1.73461e-11
3.24716e-11
4.38254e-11
5.31393e-11
6.74053e-11
8.92667e-11
1.03849e-10
1.2074e-10
1.73781e-10
2.68857e-10
1.4985e-10
6.30504e-10
1.00526e-08
2.04732e-08
9.63957e-09
1.97463e-11
2.09453e-10
0.000151842
0.00018724
0.000186855
2.80345e-05
4.28061e-08
1.13385e-08
2.36436e-09
5.27524e-08
6.76277e-08
4.6335e-08
1.56321e-08
1.5674e-08
0.000103042
0.000159204
0.000158845
4.23591e-05
7.37047e-10
1.17849e-09
3.05851e-10
1.2493e-11
6.34874e-12
6.16203e-12
6.1211e-12
6.12112e-12
7.20387e-12
9.48552e-09
8.0874e-10
2.89009e-12
1.42156e-13
2.00937e-13
2.47756e-13
3.5697e-13
4.75957e-13
5.81188e-13
9.96844e-13
2.17804e-12
3.74035e-12
5.41903e-12
7.09939e-12
8.10903e-12
1.04824e-11
3.31107e-11
1.17058e-10
1.12942e-10
1.56815e-11
2.1456e-12
2.00588e-10
6.98261e-10
9.00676e-13
1.97463e-11
9.80156e-07
0.00018724
0.000185991
3.8969e-05
1.70542e-08
2.36436e-09
2.09243e-09
3.50828e-08
6.77121e-08
4.34118e-08
2.81734e-08
6.97275e-07
1.34045e-08
6.21693e-05
0.00015885
9.31733e-05
4.2533e-10
4.24579e-10
3.92284e-10
1.75114e-11
8.15578e-12
6.56323e-12
6.1211e-12
6.12557e-12
8.87339e-12
2.19258e-16
3.53552e-17
5.8031e-15
7.88277e-15
6.44153e-15
3.69512e-15
1.60876e-15
4.76842e-16
8.3967e-17
4.33282e-17
6.08832e-16
4.71463e-15
1.46709e-14
2.83661e-14
4.59914e-14
1.34828e-13
2.14861e-12
1.42199e-11
2.87794e-11
1.53354e-11
7.62518e-13
2.80461e-13
4.30718e-13
2.27488e-13
9.00676e-13
3.68431e-11
3.10558e-05
3.41736e-05
1.61248e-05
2.37385e-06
2.09243e-09
1.16363e-09
9.07108e-10
5.35315e-08
4.53159e-08
1.2124e-08
1.61846e-08
1.33842e-08
1.33873e-08
0.000105934
9.34205e-05
1.04406e-07
3.63118e-10
3.6302e-10
9.0467e-11
1.51521e-11
9.93938e-12
6.71775e-12
6.14193e-12
9.25535e-12
7.60876e-17
2.6633e-17
2.60557e-18
5.26659e-19
4.72474e-19
6.48518e-19
1.61674e-18
5.05696e-18
1.54401e-17
4.31313e-17
1.10769e-16
2.65837e-16
6.09781e-16
1.33181e-15
2.82413e-15
4.44818e-15
1.82596e-14
2.2686e-13
1.37949e-12
2.2327e-12
7.56849e-13
1.79291e-13
1.53525e-13
2.10812e-13
1.97971e-13
1.2201e-12
5.02742e-09
6.72951e-08
3.12408e-08
1.86996e-06
2.91869e-07
9.07108e-10
8.27752e-10
1.78204e-09
3.11133e-09
4.48845e-10
3.89407e-07
3.45018e-07
1.33842e-08
5.66716e-06
8.60943e-05
9.39304e-06
3.81937e-10
9.09252e-10
2.72627e-10
1.90485e-11
2.5812e-11
1.10618e-11
6.49021e-12
9.40478e-12
6.11323e-14
8.29975e-15
3.59573e-16
3.10757e-18
3.52627e-19
3.50131e-19
5.62446e-19
1.42248e-18
3.96473e-18
1.09212e-17
2.99842e-17
8.45746e-17
2.43141e-16
6.7894e-16
1.75771e-15
4.05964e-15
9.00146e-15
1.73891e-14
3.84289e-14
1.03561e-13
1.30655e-13
1.32993e-13
1.47319e-13
1.64879e-13
1.66421e-13
1.97971e-13
1.75711e-10
3.19323e-09
1.488e-09
4.22171e-08
2.8358e-07
1.49388e-08
4.9253e-10
4.66887e-10
4.48404e-10
4.47837e-10
1.05614e-06
1.15672e-06
4.13504e-07
2.44085e-07
1.58249e-05
1.63041e-05
7.38793e-07
4.92213e-10
4.90513e-10
2.68397e-11
5.1145e-11
3.30614e-11
9.501e-12
9.86599e-12
2.78067e-12
2.53552e-13
4.16915e-15
3.21727e-18
1.22158e-19
1.18466e-19
1.61617e-19
3.68954e-19
1.01621e-18
2.77455e-18
7.4509e-18
2.11002e-17
6.81313e-17
2.43884e-16
8.45396e-16
2.62441e-15
6.61752e-15
1.50486e-14
3.10928e-14
5.8884e-14
9.97354e-14
1.33051e-13
1.55914e-13
1.67705e-13
1.67611e-13
1.68728e-13
6.64839e-12
1.59693e-10
7.72217e-11
2.01748e-10
1.48471e-07
5.4246e-08
4.66887e-10
4.48404e-10
4.47837e-10
4.47892e-10
7.14264e-07
1.16113e-06
1.16394e-06
2.41301e-07
1.63835e-08
6.00878e-06
1.86774e-06
1.24377e-09
1.73305e-09
2.70598e-10
5.30475e-11
6.35181e-11
2.34458e-11
1.07151e-11
1.6405e-11
9.37213e-13
5.63996e-15
7.74275e-19
3.37081e-20
2.72238e-20
3.71716e-20
7.76659e-20
2.23684e-19
6.48949e-19
1.82518e-18
5.03923e-18
1.47534e-17
5.43542e-17
2.4845e-16
1.11486e-15
3.9811e-15
1.14452e-14
2.69163e-14
5.60807e-14
1.05569e-13
1.5535e-13
1.73198e-13
1.77252e-13
1.82328e-13
1.95808e-13
4.53766e-13
1.1321e-11
7.4208e-12
1.27831e-11
5.42389e-08
6.93681e-08
3.12773e-08
4.57176e-10
4.47892e-10
4.47837e-10
4.47892e-10
1.14183e-06
1.16394e-06
4.88183e-07
1.2695e-08
9.32938e-09
1.5259e-06
1.96373e-07
1.09383e-09
1.09152e-09
2.34494e-10
7.18976e-11
3.89364e-11
1.23572e-11
1.45038e-15
1.91326e-15
9.23169e-16
1.14668e-16
2.04956e-18
2.72656e-21
6.5969e-21
1.16618e-20
3.58219e-20
1.17641e-19
3.80857e-19
1.22207e-18
3.80849e-18
1.22662e-17
5.31806e-17
3.15724e-16
1.73226e-15
7.10419e-15
2.1384e-14
5.14996e-14
1.15767e-13
2.00571e-13
2.14674e-13
2.06454e-13
2.07017e-13
3.05871e-13
6.03629e-13
3.39933e-12
3.88441e-12
4.10245e-12
3.90107e-09
6.93681e-08
3.61827e-08
4.60107e-10
4.48018e-10
4.47892e-10
4.48018e-10
2.17129e-07
1.16394e-06
3.78e-07
9.32938e-09
8.83867e-09
1.17529e-07
1.98622e-07
3.50941e-08
3.74207e-10
3.73103e-10
8.68225e-11
4.09452e-11
1.50462e-11
4.62651e-24
2.64892e-24
5.83715e-24
3.46689e-23
4.68534e-23
8.06735e-23
2.41223e-22
8.73619e-22
3.11047e-21
1.0848e-20
3.90607e-20
1.61119e-19
7.06454e-19
2.79699e-18
1.14965e-17
7.15596e-17
5.63069e-16
3.4474e-15
1.43864e-14
4.32004e-14
1.11525e-13
2.45315e-13
2.81834e-13
2.64827e-13
2.4389e-13
3.25254e-13
8.22217e-13
2.16785e-12
3.5236e-12
3.70043e-12
4.10245e-12
1.49304e-08
9.97425e-09
2.82833e-09
4.70667e-10
4.48018e-10
4.46777e-10
4.48081e-10
9.15373e-08
2.63212e-07
6.90413e-08
8.02323e-09
8.34537e-09
1.07084e-07
4.90225e-08
4.61657e-10
8.2048e-10
2.59216e-10
4.11761e-11
1.50474e-11
1.94881e-22
1.4719e-24
6.89984e-26
1.29744e-25
5.08119e-25
2.35151e-24
9.87847e-24
3.8241e-23
1.40919e-22
5.22272e-22
1.9919e-21
9.43497e-21
6.48841e-20
4.34905e-19
2.33135e-18
1.53945e-17
1.53997e-16
1.37516e-15
8.17925e-15
3.20835e-14
9.88776e-14
2.59564e-13
3.65801e-13
3.47237e-13
2.99195e-13
3.69592e-13
8.77107e-13
2.04527e-12
3.53121e-12
4.69742e-12
4.73925e-12
1.66935e-11
2.0716e-10
1.89316e-09
9.96091e-10
4.70731e-10
4.46512e-10
4.42135e-10
4.64159e-10
1.48198e-07
4.91662e-08
7.30139e-09
8.02323e-09
9.05222e-09
1.89053e-08
4.31494e-09
1.32333e-09
4.91406e-10
5.50925e-11
1.50514e-11
2.44263e-27
1.5389e-28
3.64073e-28
2.06115e-27
1.15227e-26
5.56035e-26
2.39168e-25
9.52838e-25
3.63953e-24
1.41466e-23
5.91288e-23
2.68009e-22
2.48118e-21
3.61674e-20
3.50273e-19
3.16544e-18
4.07985e-17
5.03196e-16
4.16195e-15
2.1442e-14
8.03208e-14
2.47408e-13
4.4203e-13
4.43488e-13
3.84904e-13
4.74029e-13
9.70399e-13
2.14834e-12
3.82255e-12
7.19875e-12
2.66229e-11
2.7105e-11
1.82515e-10
1.07564e-09
9.84129e-10
5.80543e-10
4.44318e-10
4.41122e-10
4.40751e-10
5.33038e-10
5.21098e-09
5.75065e-09
4.79082e-07
9.73296e-08
4.76911e-10
2.11094e-09
1.45002e-09
5.89762e-10
8.98409e-11
1.62622e-11
6.93668e-32
3.4095e-31
2.36471e-30
1.54219e-29
8.74811e-29
4.30613e-28
1.89393e-27
7.75658e-27
3.08229e-26
1.24956e-25
6.05275e-25
2.31382e-24
2.09631e-23
1.2897e-21
3.33549e-20
5.87862e-19
1.16214e-17
1.92251e-16
2.07635e-15
1.35758e-14
6.13186e-14
2.24039e-13
4.33721e-13
5.76295e-13
5.25234e-13
6.58995e-13
1.27715e-12
2.8327e-12
5.90657e-12
1.41404e-11
3.71863e-11
6.71042e-11
2.19868e-10
7.35227e-10
8.85495e-10
6.65767e-10
4.60562e-10
4.40751e-10
4.40266e-10
4.40751e-10
4.8817e-10
2.4938e-05
2.09956e-06
4.76911e-10
2.3356e-10
2.14342e-10
6.18805e-10
3.43062e-10
7.70622e-11
1.72667e-11
7.9537e-33
1.86628e-32
6.86402e-32
2.66752e-31
1.03155e-30
3.87475e-30
1.39393e-29
4.87164e-29
1.75352e-28
5.6332e-28
3.58406e-27
2.19009e-26
8.81801e-27
5.35583e-24
1.52967e-21
8.55008e-20
3.3816e-18
7.85311e-17
1.06344e-15
8.50431e-15
4.53503e-14
1.9342e-13
4.12788e-13
7.79154e-13
7.55876e-13
9.16646e-13
2.14326e-12
5.54102e-12
1.46269e-11
3.39785e-11
6.10613e-11
1.0021e-10
2.4364e-10
6.16894e-10
7.78506e-10
6.5116e-10
4.72721e-10
4.40266e-10
4.40245e-10
4.40262e-10
8.26979e-06
3.93088e-05
3.92802e-05
4.82795e-09
1.00043e-10
5.36408e-11
4.84234e-11
1.69517e-11
1.65441e-11
1.65451e-11
0.960706
0.999402
1
1
1
1
1
0.999684
0.999537
0.999923
1
1
1
1
1
1
1
0.999979
0.98848
0.978153
0.982759
0.99334
0.999968
0.999995
0.99999
0.999989
0.991771
0.975842
0.97946
0.993507
1
1
1
1
1
1
1
1
1
1
1
1
0.999995
0.99997
0.999959
0.999958
0.999958
0.999958
0.999958
0.999958
0.999959
0.999986
0.999999
1
1
1
1
0.999999
0.999985
0.999981
0.999981
0.999984
0.999996
1
1
1
1
1
1
1
1
1
1
1
1
1
1
1
1
1
1
1
1
1
1
1
1
1
1
1
1
1
1
1
1
1
1
1
1
1
1
1
1
1
1
1
1
1
1
1
1
1
1
1
1
1
1
1
1
1
1
1
1
1
1
1
1
1
1
1
1
1
1
0.999997
0.999996
0.999996
0.999997
0.999999
1
1
1
1
1
1
0.999996
0.999984
0.99998
0.999987
0.999996
1
0.941601
0.941222
0.95929
0.999751
1
1
0.999894
0.999493
0.999493
0.999493
0.999963
1
1
1
1
1
1
0.999999
0.999994
0.999988
0.999989
0.999995
0.999999
1
0.989802
0.96857
0.965876
0.96584
0.965836
0.96585
0.966223
0.993258
0.999999
1
1
1
1
1
1
1
1
1
0.999977
0.999958
0.999958
0.999958
0.999958
0.999958
0.99997
0.99999
0.999999
1
1
1
1
1
1
0.999984
0.999978
0.999978
0.999978
0.999978
0.999977
0.999978
0.999978
0.999986
0.999999
1
1
1
1
1
1
1
1
1
1
1
1
1
1
1
1
1
1
1
1
1
1
1
1
1
1
1
1
1
1
1
1
1
1
1
1
1
1
1
1
1
1
1
0.999999
0.999999
0.999999
1
1
1
1
1
1
1
1
1
1
0.999999
0.999992
0.999992
0.999997
1
1
0.999997
0.999975
0.999964
0.999974
0.999993
0.999996
0.999996
0.999996
0.999872
0.999799
0.99986
0.999963
0.999999
1
1
0.999918
0.99973
0.999725
0.999775
0.999943
0.999998
0.996549
0.941188
0.94108
0.941017
0.96191
1
0.99981
0.999749
0.999624
0.999787
0.999999
1
1
0.999924
0.999953
1
0.999999
1
1
1
1
1
1
1
0.974211
0.965876
0.96584
0.965836
0.96583
0.965836
0.96585
0.987
0.999967
0.999998
1
1
1
1
1
1
1
1
1
0.999991
0.999969
0.999968
0.999981
0.999995
1
1
1
1
1
1
1
1
1
0.999998
0.999995
0.999992
0.999978
0.999977
0.999977
0.999977
0.999977
0.999977
0.999977
0.999982
1
1
1
0.999983
0.999984
0.999998
1
1
1
1
1
1
1
1
1
1
1
1
1
1
1
1
1
1
1
1
1
1
1
1
1
1
1
1
1
0.999999
0.999999
0.999999
1
1
1
1
0.999999
0.999999
0.999999
0.999999
0.999999
1
1
1
1
1
1
1
1
0.999997
0.999986
0.999986
0.999989
1
1
0.999982
0.999894
0.999893
0.999893
0.999966
0.999996
0.999996
0.999996
0.999771
0.999752
0.999752
0.999785
0.999905
0.999844
0.999725
0.999725
0.999725
0.999725
0.999725
0.999725
0.999774
1
0.995093
0.941017
0.941017
0.941017
0.947569
0.996394
0.999995
1
1
1
0.999986
0.999887
0.999872
0.999873
0.999952
1
1
1
1
1
1
1
1
1
0.975112
0.965841
0.96583
0.965835
0.973237
0.992769
0.99957
0.999693
0.999967
0.972967
0.961865
0.973933
0.999797
1
1
1
1
1
1
1
1
1
1
1
1
1
1
1
1
1
1
1
1
1
1
0.999999
1
0.999983
0.999977
0.999977
0.999977
0.999977
0.999977
0.999978
0.999983
0.999978
0.999977
0.999977
0.999977
0.999983
1
1
1
1
1
1
1
1
1
1
1
1
1
0.999971
0.999949
0.999957
0.999997
1
1
1
1
1
1
1
1
1
1
1
1
1
0.999999
0.999999
0.999999
0.999999
0.999999
0.999999
0.999999
0.999999
0.999999
0.999999
1
1
1
1
1
1
1
1
1
0.999989
0.999986
0.999986
0.999998
1
0.99997
0.999893
0.999893
0.999893
0.999893
0.999969
0.999996
0.999996
0.999929
0.999757
0.999752
0.999752
0.999752
0.999764
0.999876
0.999855
0.999737
0.999725
0.999725
0.999725
0.999725
1
1
0.99509
0.961065
0.941164
0.941218
0.995343
1
1
1
1
0.99997
0.999872
0.999872
0.999885
0.999994
1
1
1
1
1
1
1
1
1
0.999991
0.99024
0.986262
0.992623
0.999781
0.999995
0.9998
0.979512
0.96158
0.961385
0.961379
0.961382
0.961667
0.997455
0.999997
1
1
1
1
1
1
1
1
1
1
1
1
1
1
1
1
1
1
1
1
1
1
1
0.999999
0.999978
0.999977
0.999977
0.999977
0.999977
0.999977
0.999977
0.999977
0.999977
0.999977
0.999982
1
1
1
1
0.999987
0.999975
0.999989
1
1
1
1
1
0.999964
0.999949
0.999949
0.999949
0.999981
1
1
1
1
1
1
1
1
1
1
1
1
1
0.999999
0.999999
0.999999
0.999999
0.999999
0.999999
0.999999
0.999999
1
1
1
1
1
1
1
1
1
1
1
0.999996
0.999986
0.999986
0.999997
1
1
0.999908
0.999895
0.999945
0.999954
0.999945
0.999945
0.999948
0.999989
1
0.999982
0.999826
0.999823
0.999939
0.999997
0.999997
0.999997
0.999978
0.999778
0.999725
0.999725
1
1
1
1
0.986068
0.949286
0.988527
0.999999
1
1
1
0.999998
0.999967
0.999961
0.999995
0.999998
0.999981
0.999541
0.999924
1
1
1
1
1
1
1
0.999997
0.999996
0.999997
1
1
0.975958
0.961451
0.961385
0.961379
0.961382
0.961379
0.972648
0.999926
0.99999
0.999992
0.98241
0.969677
0.995972
1
1
1
1
1
1
1
1
1
1
1
1
1
1
1
1
1
1
1
1
1
0.999997
0.999978
0.999977
0.999977
0.999977
0.999977
0.999977
0.999978
0.999995
1
1
1
1
0.999994
0.999954
0.999954
0.999954
0.999954
0.999997
1
1
1
0.999983
0.999964
0.999982
0.999998
1
1
1
1
1
1
1
1
1
1
1
1
1
1
1
0.999999
0.999999
0.999999
0.999999
0.999999
1
1
1
1
1
1
1
0.999998
0.999995
0.999994
0.999997
0.999999
0.999999
1
1
1
1
0.999987
0.999971
0.999972
0.999988
0.999999
1
1
1
1
1
1
1
1
1
1
1
0.999985
0.999978
0.999979
0.99999
0.999995
0.999973
1
1
1
1
1
0.972707
0.949659
0.965135
0.999999
1
1
1
1
1
1
0.999781
0.999163
0.999161
0.999175
0.999977
1
1
1
1
1
1
1
1
1
1
1
1
0.963739
0.961384
0.961385
0.967625
0.991477
0.999183
0.999167
0.996324
0.96316
0.956921
0.956914
0.957186
0.99244
0.999987
0.999999
1
1
1
1
1
1
1
1
1
1
1
1
1
1
1
1
1
1
1
1
0.999994
0.999977
0.999979
0.999993
0.999998
1
1
1
1
1
1
0.99999
0.999954
0.999954
0.999954
0.999954
0.999991
1
1
1
1
1
1
1
1
1
1
1
1
1
1
1
1
1
1
1
1
1
0.999999
0.999999
1
1
1
1
1
1
0.999993
0.999984
0.999985
0.999993
1
0.999999
0.999927
0.999887
0.999898
0.999974
0.999995
0.999999
1
1
1
1
1
1
1
1
1
1
1
1
1
1
1
1
1
1
1
0.999994
0.999982
0.999988
0.999995
0.999995
0.999992
1
1
1
1
1
0.993096
0.949565
0.949503
0.966114
0.999999
1
1
1
1
0.999993
0.999162
0.999161
0.999161
0.999447
0.999999
0.999999
0.999999
0.999966
0.999981
1
1
1
1
1
1
1
1
0.997146
0.987588
0.990888
0.999376
0.999997
0.996725
0.964184
0.957014
0.956921
0.956914
0.956921
0.963602
0.999316
0.999995
0.999978
0.982761
0.955175
0.959049
0.995559
1
1
1
1
1
1
1
1
1
1
1
1
1
1
1
1
1
0.999999
1
1
1
1
1
1
1
1
1
1
0.999994
0.999973
0.999979
0.999995
1
1
0.998813
0.982524
0.986509
0.997693
0.999996
0.999995
1
1
1
0.999999
0.999999
0.999999
1
1
1
1
1
1
1
1
1
1
1
1
1
1
1
1
0.999947
0.999916
0.999916
0.999916
0.999997
0.999999
0.999999
0.999938
0.99985
0.99985
0.99985
0.9999
1
1
1
1
1
1
1
1
1
1
1
1
1
1
1
0.999999
1
1
1
0.999995
0.999952
0.999846
0.999837
0.999896
0.999981
0.99764
1
1
1
1
1
0.968403
0.949461
0.9494
0.9783
0.999999
1
1
1
0.999999
0.99977
0.99956
0.999733
0.999991
0.999998
0.999974
0.999963
0.999963
0.999963
0.999986
1
1
1
1
1
1
1
1
0.999998
0.999999
1
1
0.97114
0.957014
0.956993
0.957014
0.967582
0.992062
0.999858
0.999999
1
0.96712
0.954824
0.954752
0.954696
0.954697
0.954713
0.983898
0.999999
1
1
1
1
1
0.979887
0.9857
0.999516
1
1
1
1
1
1
1
0.995432
0.96296
0.973662
0.998332
0.999939
1
1
1
1
1
1
1
1
1
1
1
0.987134
0.972928
0.97292
0.972992
0.978435
0.999986
0.999999
1
1
1
0.999999
0.999999
1
1
1
0.999993
0.999984
0.999984
0.999996
1
1
1
1
1
1
1
1
0.999975
0.999916
0.999916
0.999916
0.999951
0.999999
0.999999
0.999948
0.99985
0.99985
0.99985
0.999896
0.999996
1
1
1
1
1
0.999999
0.999999
0.999999
1
1
1
1
1
1
1
1
0.99989
0.999741
0.999631
0.999267
0.998267
0.998018
0.998021
0.998496
0.999984
0.995042
1
1
1
1
1
1
0.954389
0.94939
0.949339
0.974775
1
1
1
1
1
1
1
1
0.999998
0.999963
0.999963
0.999963
0.999979
1
1
1
1
0.999997
0.999999
1
1
1
1
1
1
1
0.996763
0.979285
0.980071
0.992207
0.999887
0.999998
1
1
1
0.979519
0.954751
0.954696
0.954696
0.954696
0.954697
0.954699
0.988956
0.999964
0.999998
1
1
0.985515
0.959693
0.959373
0.959029
0.958997
0.966186
0.997607
0.999919
1
1
0.996937
0.962567
0.962408
0.962346
0.962216
0.962206
0.973909
0.999916
1
1
1
1
1
1
1
0.984925
0.973007
0.972928
0.97292
0.972928
0.986049
0.99989
0.999997
0.999999
1
1
1
1
1
1
1
1
1
0.999993
0.999981
0.99998
0.99998
0.99998
0.999992
1
1
1
0.999938
0.999907
0.999907
0.99996
0.999998
0.999998
0.999998
0.999998
0.999944
0.999852
0.99985
0.99985
0.999957
0.999995
0.999995
0.999995
0.999995
0.999998
1
1
0.999967
0.999964
0.999978
0.999999
1
0.999983
0.999932
0.999871
0.999872
0.999925
0.999987
0.999985
0.997009
0.989069
0.989062
0.989869
0.999609
0.999981
0.999982
0.999984
0.995985
1
1
1
1
1
1
0.999035
0.949339
0.949339
0.949339
0.954114
0.999569
1
1
1
1
1
1
1
0.999994
0.999989
0.999994
1
1
1
0.999998
0.999996
0.999997
0.999997
0.999999
1
1
1
1
1
1
1
0.999999
0.999999
0.999999
1
1
1
1
1
1
0.991666
0.954752
0.954696
0.954697
0.958434
0.995022
0.999988
0.999715
0.99982
0.999985
1
0.999998
0.971364
0.959042
0.958986
0.958986
0.958986
0.959028
0.959202
0.979971
0.999999
0.999979
0.997031
0.963136
0.962216
0.962206
0.962206
0.962206
0.99262
0.999968
0.999998
1
1
0.993736
0.973972
0.97386
0.97363
0.973728
0.991725
0.999068
0.999294
0.99975
0.999964
1
0.999999
0.999995
0.999995
0.999995
0.999999
1
1
1
1
0.999987
0.999981
0.999981
0.999988
1
1
1
1
1
0.999983
0.999907
0.999907
0.999907
0.999977
0.999999
0.999954
0.999947
0.999947
0.999947
0.999975
0.999996
1
1
0.999981
0.999899
0.999899
0.999899
0.999912
0.999999
1
0.999984
0.999964
0.999964
0.999977
0.999996
0.999995
0.997831
0.996782
0.996782
0.997554
0.999791
0.999985
0.994299
0.989062
0.989062
0.989769
0.999326
0.999998
0.999987
0.997977
1
1
1
1
1
1
1
1
0.992013
0.955857
0.949414
0.949422
0.949433
0.956951
0.966372
0.990214
1
1
1
1
1
1
1
1
1
0.999999
0.999996
0.999996
0.999996
0.999999
1
1
1
1
1
1
1
1
1
1
1
1
1
1
1
1
1
1
0.995534
0.98575
0.988839
0.997989
0.999998
0.999999
0.999976
0.999813
0.999868
0.999998
0.999997
0.999945
0.999996
0.971727
0.958986
0.959028
0.959072
0.963707
0.998741
0.999985
0.999992
0.999992
0.99942
0.992617
0.986199
0.98935
0.996124
0.999756
0.999998
1
1
1
0.996742
0.988931
0.991592
0.996821
0.999445
0.999979
0.999999
1
1
1
1
1
1
1
0.999991
0.999987
0.999987
0.999987
0.999987
0.999996
1
0.999999
0.999999
0.999999
1
1
1
1
1
0.999959
0.999907
0.999907
0.999907
0.999972
1
1
0.999999
0.999998
0.999998
0.999998
0.999999
1
1
0.99999
0.9999
0.999899
0.999911
0.999992
1
0.999985
0.999964
0.999964
0.999987
0.999999
0.999951
0.997995
0.997698
0.998946
0.999951
0.999963
0.994823
0.991737
0.991737
0.994748
0.999376
0.999994
0.999999
0.999998
0.997897
0.990906
1
1
1
1
1
1
1
1
1
0.997292
0.981982
0.97451
0.975757
0.956692
0.956702
0.961145
0.988206
0.992941
0.997345
1
1
1
1
1
1
1
0.999999
0.999999
1
1
1
1
1
1
1
1
1
1
1
1
1
1
1
1
1
1
0.999999
1
1
1
1
0.999998
0.999999
0.999999
0.999999
0.999994
0.999995
0.999997
0.999997
0.999997
0.999997
0.999528
0.992323
0.989504
0.993375
0.9987
0.999978
0.999992
0.999992
0.999992
0.999992
0.99999
0.999981
0.999976
0.999975
0.999975
0.99999
1
1
1
0.999996
0.999982
0.999985
0.99999
0.999991
0.999991
0.999995
0.999999
1
1
1
1
1
1
1
1
1
1
1
1
1
1
1
1
1
1
1
1
1
1
1
1
1
1
1
1
1
1
1
1
1
1
1
1
1
1
1
1
1
1
1
1
1
0.999999
0.999996
0.999991
0.999992
0.999998
1
0.999964
0.999882
0.99981
0.999823
0.9999
0.999973
0.999999
1
0.999969
0.999921
0.999917
0.933911
0.942753
0.944982
0.952801
0.962602
0.976806
0.992203
1
1
1
0.999998
0.999983
0.999957
0.999929
0.999918
0.99997
0.999986
0.999996
1
1
1
1
1
1
1
1
1
1
1
1
1
1
1
1
1
1
1
1
1
1
1
1
1
1
1
1
1
1
1
1
1
1
0.999998
0.999999
0.999999
0.999999
0.999999
0.999999
0.999997
0.999997
0.999996
0.999973
0.999971
0.999937
0.999913
0.999007
0.99989
0.999939
0.999992
0.999992
0.999992
0.997856
0.999976
0.999971
0.999104
0.999988
0.999998
1
1
0.994472
0.992626
0.992726
0.998518
0.999985
0.99999
0.994606
0.979373
0.976235
0.982854
0.996208
0.997205
0.990406
0.975656
0.972791
0.977113
0.985455
0.986495
0.984208
0.978462
0.976091
0.977077
0.980706
0.983235
0.982688
0.979549
0.976749
0.977261
0.980629
0.986196
0.98788
0.987167
0.984765
0.983697
0.984242
0.986518
0.990329
0.993328
0.994167
0.994129
0.994135
0.994554
0.995929
0.999594
1
1
1
1
1
1
1
1
1
1
1
1
1
1
1
1
1
1
1
1
1
1
1
1
1
1
1
0.166021
0.165103
0.163712
0.162296
0.160324
0.159041
0.1596
0.169557
0.185809
0.204208
0.220585
0.233681
0.245759
0.251031
0.258209
0.26617
0.274824
0.282002
0.290196
0.300145
0.311289
0.323397
0.336255
0.349643
0.363361
0.37718
0.390752
0.403946
0.417667
0.433056
0.447423
0.454367
0.457565
0.468594
0.496415
0.522501
0.525246
0.516488
0.495017
0.490668
0.514266
0.566125
0.572229
0.56329
0.56754
0.59692
0.609563
0.55207
0.399347
0.355498
0.461962
0.730121
0.849855
0.76969
0.362283
0.114623
0.15848
0.52914
0.880857
0.88976
0.633273
0.169956
0.0774451
0.137155
0.545613
0.846787
0.823747
0.555925
0.195071
0.0943763
0.0456165
0.0966811
0.525595
0.702087
0.513353
0.20145
0.112389
0.0774152
0.0688995
0.18314
0.390549
0.352415
0.19333
0.114703
0.116676
0.144183
0.219027
0.225688
0.183103
0.120078
0.112982
0.125563
0.152796
0.15621
0.14485
0.126283
0.124623
0.12921
0.140705
0.146236
0.144443
0.137948
0.133747
0.134994
0.141772
0.150035
0.150213
0.146645
0.140693
0.140035
0.142328
0.14896
0.15357
0.153423
0.151895
0.149759
0.149533
0.150136
0.152287
0.155624
0.157427
0.157302
0.156586
0.157455
0.159241
0.161476
0.163905
0.166225
0.168299
0.170259
0.172256
0.174288
0.176282
0.178387
0.181046
0.184328
0.187331
0.18928
0.191007
0.193591
0.19812
0.204812
0.210799
0.21133
0.210619
0.208542
0.20792
0.209333
0.214554
0.223644
1.18421e-08
1.3684e-08
1.89995e-08
2.42418e-08
3.05406e-08
3.57678e-08
3.54925e-08
1.66367e-11
1.66453e-11
1.66367e-11
1.66465e-11
1.66815e-11
1.66773e-11
1.66179e-11
1.65165e-11
1.63233e-11
1.59657e-11
1.54761e-11
1.48956e-11
1.42599e-11
1.36088e-11
1.29843e-11
1.24029e-11
1.18758e-11
1.12786e-11
1.07521e-11
1.03192e-11
9.94231e-12
9.59311e-12
9.25424e-12
8.90834e-12
8.53864e-12
8.14438e-12
7.74689e-12
7.35875e-12
6.95176e-12
6.47893e-12
5.90923e-12
5.27886e-12
4.67965e-12
4.19051e-12
3.79825e-12
3.43187e-12
3.0555e-12
2.60071e-12
2.03817e-12
1.31052e-12
3.70507e-13
1.95719e-13
1.69473e-13
1.52273e-13
1.38444e-13
1.27361e-13
1.18113e-13
1.12073e-13
2.26831e-07
1.11916e-08
5.69929e-10
2.90842e-11
1.62419e-12
1.49207e-13
7.25645e-14
6.0287e-07
3.33987e-08
1.88967e-09
1.06201e-10
5.89976e-12
3.3005e-13
2.01098e-14
3.33092e-07
5.69798e-07
1.19036e-07
7.10081e-09
4.16682e-10
2.41033e-11
1.38637e-12
1.88565e-08
2.90092e-07
2.71306e-07
1.68751e-08
9.99904e-10
5.85627e-11
3.40506e-12
2.77378e-09
4.36693e-08
2.59738e-06
2.46877e-10
1.43358e-11
8.25989e-13
3.02687e-09
3.68336e-08
1.31711e-08
7.4302e-10
4.15808e-11
2.30825e-12
1.52589e-08
1.96184e-08
1.28161e-08
1.89625e-09
4.0977e-10
2.13347e-09
1.17184e-08
2.13234e-08
2.17751e-08
1.17176e-08
4.12826e-09
5.31346e-09
1.25659e-08
2.51677e-08
2.91238e-08
2.59599e-08
1.54736e-08
1.14693e-08
1.45976e-08
2.04471e-08
2.61614e-08
2.77754e-08
2.84765e-08
2.5994e-08
2.15536e-08
2.10321e-08
2.40941e-08
2.74215e-08
2.89187e-08
2.85122e-08
2.71045e-08
2.53742e-08
2.4182e-08
2.38147e-08
2.37614e-08
2.35389e-08
2.32109e-08
2.31125e-08
2.2806e-08
2.13334e-08
1.88411e-08
1.79431e-08
1.93059e-08
2.21022e-08
2.26234e-08
1.99811e-08
1.09856e-08
7.91882e-09
1.01731e-08
1.52283e-08
2.32379e-08
2.73039e-08
2.89044e-08
2.19774e-08
1.01825e-08
2.55269e-12
5.99262e-12
1.10212e-11
1.79646e-11
3.64768e-11
6.23856e-11
8.20303e-11
6.08974e-11
6.08848e-11
6.08758e-11
6.94236e-11
7.35309e-11
7.08347e-11
7.3657e-11
1.02229e-10
1.71974e-10
2.93712e-10
3.85518e-10
4.33374e-10
4.46252e-10
4.2911e-10
3.86753e-10
3.3899e-10
2.8952e-10
2.40728e-10
1.95755e-10
1.56844e-10
1.24773e-10
9.91442e-11
7.8899e-11
6.3003e-11
5.07334e-11
4.13588e-11
3.42585e-11
2.87279e-11
2.4375e-11
2.09677e-11
1.85098e-11
1.68241e-11
1.56265e-11
1.46927e-11
1.3897e-11
1.29432e-11
1.12314e-11
8.2292e-12
4.36243e-12
1.43406e-12
3.34526e-13
1.69473e-13
1.52273e-13
1.38444e-13
1.27361e-13
1.18113e-13
1.12073e-13
1.14919e-13
6.26371e-14
3.39447e-14
3.24719e-14
3.23162e-14
1.49207e-13
7.25644e-14
7.30796e-14
8.95591e-15
4.32722e-15
4.05705e-15
4.01374e-15
3.99304e-15
4.57967e-15
2.02168e-15
5.56152e-16
1.18036e-10
1.19284e-07
3.36503e-13
1.90652e-14
1.0731e-15
6.59704e-17
1.14695e-17
1.23285e-10
1.12764e-10
5.38132e-09
3.34576e-13
1.84354e-14
1.04071e-15
6.67076e-17
1.16956e-17
1.76762e-09
7.48369e-18
6.98385e-18
6.66231e-18
8.25989e-13
1.0773e-11
4.40895e-10
1.05534e-13
5.5365e-15
2.90581e-16
2.30825e-12
6.57257e-12
3.23788e-12
4.18308e-13
3.80459e-14
2.70295e-13
3.40651e-12
8.47164e-12
8.72665e-12
3.67624e-12
1.00631e-12
1.28238e-12
4.57337e-12
1.25496e-11
1.59716e-11
1.32442e-11
6.61209e-12
4.30723e-12
5.81074e-12
9.66151e-12
1.42539e-11
1.60883e-11
1.63983e-11
1.4201e-11
1.10058e-11
1.0543e-11
1.28488e-11
1.5982e-11
1.74648e-11
1.69713e-11
1.56868e-11
1.42926e-11
1.33447e-11
1.29928e-11
1.28703e-11
1.26541e-11
1.23916e-11
1.22617e-11
1.18475e-11
1.05127e-11
8.6675e-12
8.04302e-12
9.01609e-12
1.08811e-11
1.07357e-11
8.19892e-12
3.31429e-12
1.9293e-12
2.82774e-12
5.66252e-12
1.12484e-11
1.49665e-11
1.53172e-11
9.02496e-12
2.42676e-12
4.22864e-16
2.15263e-15
7.26525e-15
1.35914e-12
1.36794e-11
3.64768e-11
6.23856e-11
7.44674e-11
7.44664e-11
9.02234e-11
1.0491e-10
1.06013e-10
1.13328e-10
1.54836e-10
2.91735e-10
4.57071e-10
5.99484e-10
6.08824e-10
6.08824e-10
5.7812e-10
4.89521e-10
3.72071e-10
2.5548e-10
1.64004e-10
1.02271e-10
6.37245e-11
4.07727e-11
2.74062e-11
1.96873e-11
1.5178e-11
1.25673e-11
1.11836e-11
1.03791e-11
1.03789e-11
1.04784e-11
1.07197e-11
1.10727e-11
1.14346e-11
1.16872e-11
1.19181e-11
1.1897e-11
1.17772e-11
1.15284e-11
1.10556e-11
1.0053e-11
8.53991e-12
6.92812e-12
5.62409e-12
5.08376e-12
4.91447e-12
4.67196e-12
4.13756e-12
3.43154e-12
2.38406e-12
6.85979e-13
3.39447e-14
3.24719e-14
3.23162e-14
3.23164e-14
4.55975e-13
4.47682e-13
1.01481e-13
4.32722e-15
4.05705e-15
4.01374e-15
3.99304e-15
3.98083e-15
4.40037e-15
1.96101e-15
5.60543e-16
7.58422e-17
4.77326e-18
5.91295e-16
1.0731e-15
6.59704e-17
1.14695e-17
1.00265e-17
6.52391e-19
1.63139e-19
1.61585e-19
5.83001e-17
3.69447e-16
6.67076e-17
1.16956e-17
8.13168e-18
7.48369e-18
6.98385e-18
6.66231e-18
6.66231e-18
3.9461e-18
2.13908e-19
7.52355e-13
2.54623e-17
2.52696e-17
4.65032e-18
1.16187e-16
7.02937e-16
3.52322e-16
9.86333e-14
3.92545e-18
1.90824e-17
6.49961e-16
2.31488e-15
2.52435e-15
9.55854e-16
2.48154e-16
3.25656e-16
1.60618e-15
5.71585e-15
8.01952e-15
6.44775e-15
2.97812e-15
1.81645e-15
2.56318e-15
4.88212e-15
8.1204e-15
9.75509e-15
9.99399e-15
8.43019e-15
6.34077e-15
6.05281e-15
7.74184e-15
1.03587e-14
1.17717e-14
1.14222e-14
1.03846e-14
9.29364e-15
8.55736e-15
8.26849e-15
8.14748e-15
7.96129e-15
7.74176e-15
7.58052e-15
7.13849e-15
6.04396e-15
4.7423e-15
4.31142e-15
4.9341e-15
6.08445e-15
5.69677e-15
3.79911e-15
1.25579e-15
6.29715e-16
1.00967e-15
2.5493e-15
6.21865e-15
9.07078e-15
8.72374e-15
4.03175e-15
7.20012e-16
4.1514e-20
4.93376e-19
2.15263e-15
1.34662e-12
1.36512e-11
4.22407e-11
1.00006e-10
1.20206e-10
1.20206e-10
1.15156e-10
1.005e-10
1.02347e-10
1.4382e-10
3.13033e-10
5.29424e-10
5.99282e-10
5.99139e-10
5.87676e-10
4.67995e-10
2.7274e-10
1.2346e-10
4.98802e-11
2.15147e-11
1.20798e-11
9.30562e-12
8.30685e-12
8.26104e-12
8.26104e-12
8.26104e-12
8.31753e-12
8.51232e-12
8.85251e-12
9.34286e-12
9.82256e-12
1.02009e-11
1.05844e-11
1.10395e-11
1.09243e-11
1.04359e-11
9.48138e-12
8.17127e-12
6.68807e-12
5.23675e-12
3.98646e-12
2.99261e-12
2.23086e-12
1.65741e-12
1.22027e-12
8.78587e-13
6.14281e-13
4.21289e-13
2.89334e-13
2.02705e-13
1.47228e-13
1.15736e-13
9.35489e-14
7.54947e-14
5.39534e-14
3.48867e-14
2.04451e-14
1.22563e-14
9.22072e-15
8.7865e-15
8.28566e-15
6.76997e-15
4.85574e-15
3.95442e-15
3.92553e-15
3.85673e-15
1.59501e-15
1.81616e-18
1.24084e-18
3.56616e-16
1.0867e-15
6.0897e-16
1.17353e-16
5.41354e-18
1.84627e-19
1.61586e-19
1.61586e-19
2.91133e-17
3.66275e-16
4.86793e-16
4.88634e-16
4.54885e-16
3.92072e-16
3.36838e-16
2.48445e-16
7.70983e-17
2.51628e-20
2.16276e-20
1.86493e-20
2.4542e-17
2.52652e-17
4.63954e-18
1.1969e-20
1.06972e-20
1.23999e-16
4.03252e-17
1.63552e-18
7.98725e-21
2.27208e-20
2.43841e-19
3.48315e-19
2.34705e-19
6.25193e-20
6.68289e-20
4.59135e-19
2.11151e-18
3.33603e-18
3.72597e-18
2.38143e-18
8.60649e-19
1.14244e-18
2.445e-18
4.53025e-18
5.8085e-18
6.09137e-18
5.1491e-18
3.87086e-18
3.73453e-18
4.98495e-18
7.0894e-18
8.40593e-18
8.24949e-18
7.46312e-18
6.62336e-18
6.05576e-18
5.83067e-18
5.7303e-18
5.5746e-18
5.38263e-18
5.20261e-18
4.7782e-18
3.89935e-18
2.95167e-18
2.62964e-18
3.01771e-18
3.7101e-18
4.42087e-18
5.02323e-18
3.50409e-18
8.31128e-19
4.60812e-19
1.32779e-18
3.75609e-18
5.79507e-18
9.98064e-18
1.03143e-17
6.85307e-18
1.46065e-24
4.1514e-20
6.20999e-12
4.06664e-11
1.09141e-10
1.25414e-10
1.25414e-10
1.14792e-10
9.59852e-11
7.7701e-11
8.20087e-11
1.40407e-10
3.36929e-10
5.6809e-10
5.99509e-10
5.99509e-10
5.52511e-10
3.59357e-10
1.61291e-10
5.64106e-11
1.9997e-11
1.07263e-11
8.55399e-12
8.274e-12
8.274e-12
8.274e-12
8.28729e-12
8.35434e-12
8.55438e-12
8.8595e-12
9.31471e-12
9.63282e-12
1.01463e-11
1.01478e-11
1.0161e-11
9.71383e-12
8.54349e-12
6.8553e-12
5.0277e-12
3.40373e-12
2.15667e-12
1.29758e-12
7.52431e-13
4.27261e-13
2.41271e-13
1.36857e-13
7.82287e-14
4.5069e-14
2.61443e-14
1.51991e-14
8.80872e-15
5.09758e-15
2.97625e-15
1.77894e-15
1.09192e-15
6.7457e-16
4.11772e-16
2.49029e-16
1.52139e-16
9.63203e-17
6.39396e-17
4.35436e-17
2.93802e-17
1.9465e-17
1.29679e-17
8.96334e-18
6.51075e-18
4.89406e-18
3.66266e-18
2.62575e-18
1.80238e-18
1.23094e-18
8.97163e-19
6.91685e-19
5.82526e-19
5.21749e-19
4.71057e-19
4.02969e-19
2.97858e-19
1.93301e-19
1.26192e-19
1.00617e-19
8.67952e-20
6.9955e-20
5.37267e-20
4.31542e-20
3.67026e-20
3.2408e-20
2.87938e-20
2.5136e-20
2.16043e-20
1.86294e-20
1.63561e-20
1.47374e-20
1.33809e-20
1.19614e-20
1.06677e-20
9.83105e-21
9.22418e-21
8.7483e-21
7.97022e-21
7.37824e-26
6.54046e-26
6.00556e-26
1.08363e-19
2.18387e-20
6.01739e-24
7.88592e-23
5.22217e-22
9.95912e-22
9.79669e-19
1.20359e-18
7.13594e-20
4.68352e-22
1.12329e-21
2.3282e-21
3.22826e-21
3.53965e-21
3.07657e-21
2.37139e-21
2.34784e-21
3.27519e-21
4.9289e-21
6.11686e-21
6.14086e-21
5.59499e-21
4.97508e-21
4.55343e-21
4.38845e-21
4.31424e-21
4.18827e-21
4.02018e-21
3.83685e-21
3.44894e-21
2.73732e-21
2.01814e-21
1.76057e-21
2.00017e-21
2.41733e-21
1.08755e-18
3.08126e-18
2.99807e-18
5.54172e-19
4.31279e-22
7.77707e-22
2.41924e-21
3.83719e-21
4.77395e-18
8.44946e-18
6.69712e-18
1.40265e-25
5.26088e-14
4.65519e-11
1.16112e-10
1.19995e-10
1.14174e-10
8.89309e-11
5.7478e-11
5.79228e-11
7.15318e-11
1.432e-10
3.19723e-10
5.37746e-10
5.91178e-10
5.91678e-10
5.01781e-10
2.98487e-10
1.29148e-10
4.65791e-11
1.80373e-11
1.03695e-11
8.97993e-12
8.47878e-12
8.40525e-12
8.44216e-12
8.5962e-12
8.81954e-12
8.95006e-12
9.11813e-12
9.24128e-12
9.56564e-12
9.63203e-12
9.401e-12
8.86475e-12
7.43094e-12
5.46276e-12
3.50345e-12
1.97863e-12
1.00717e-12
4.74712e-13
2.11692e-13
9.07172e-14
3.7918e-14
1.57303e-14
6.58826e-15
2.81491e-15
1.22809e-15
5.44274e-16
2.43467e-16
1.09388e-16
4.92923e-17
2.23534e-17
1.02745e-17
4.82171e-18
2.31394e-18
1.12779e-18
5.55079e-19
2.7673e-19
1.41037e-19
7.41824e-20
4.03689e-20
2.25077e-20
1.26852e-20
7.21176e-21
4.17892e-21
2.49465e-21
1.53562e-21
9.63319e-22
6.03099e-22
3.70791e-22
2.24437e-22
1.3697e-22
8.68982e-23
5.80444e-23
4.03167e-23
2.83171e-23
1.96225e-23
1.33382e-23
9.05531e-24
6.32984e-24
4.63281e-24
3.50981e-24
2.68255e-24
2.03172e-24
1.53124e-24
1.17207e-24
9.25606e-25
7.51475e-25
6.16775e-25
5.0427e-25
4.10053e-25
3.3502e-25
2.77628e-25
2.3311e-25
1.96706e-25
1.65767e-25
1.39886e-25
1.20129e-25
1.05671e-25
9.34473e-26
8.29441e-26
7.37424e-26
6.53387e-26
6.00801e-26
4.67406e-26
6.0096e-34
3.00891e-34
1.18752e-27
4.77837e-26
1.49933e-25
2.32312e-25
2.85166e-22
1.07475e-22
1.5508e-25
4.3149e-25
1.02636e-24
1.57824e-24
1.85909e-24
1.7086e-24
1.38504e-24
1.43289e-24
2.10565e-24
3.36217e-24
4.39173e-24
4.56154e-24
4.23688e-24
3.81358e-24
3.52324e-24
3.41849e-24
3.37605e-24
3.28227e-24
3.14019e-24
2.96697e-24
2.62288e-24
2.03996e-24
1.47526e-24
1.26038e-24
1.40693e-24
1.66021e-24
1.76676e-24
4.5645e-22
2.15426e-21
1.94026e-21
1.60235e-22
5.15244e-25
1.63902e-24
2.62097e-24
3.73646e-24
3.94239e-21
7.35899e-21
1.40265e-25
8.10983e-12
8.31763e-11
1.14447e-10
9.94529e-11
6.23454e-11
4.11618e-11
4.43756e-11
6.25991e-11
1.54875e-10
3.12197e-10
4.55867e-10
5.37368e-10
5.35682e-10
4.39097e-10
2.76526e-10
1.36752e-10
5.60808e-11
2.2328e-11
1.19631e-11
9.35858e-12
8.98664e-12
9.09372e-12
9.42246e-12
9.77576e-12
9.88221e-12
9.63234e-12
9.35029e-12
9.28909e-12
9.26651e-12
9.04934e-12
8.5194e-12
7.25432e-12
5.29997e-12
3.24353e-12
1.66193e-12
7.25741e-13
2.77828e-13
9.62027e-14
3.10022e-14
9.49877e-15
2.80647e-15
8.0909e-16
2.30928e-16
6.6359e-17
1.94473e-17
5.82958e-18
1.77488e-18
5.4248e-19
1.64871e-19
4.97352e-20
1.50174e-20
4.61308e-21
1.46614e-21
4.86276e-22
1.67721e-22
5.95667e-23
2.16059e-23
7.98637e-24
3.02282e-24
1.18205e-24
4.8132e-25
2.05133e-25
9.18577e-26
4.32677e-26
2.13383e-26
1.09009e-26
5.68339e-27
2.97622e-27
1.54871e-27
8.00614e-28
4.15354e-28
2.19234e-28
1.18648e-28
6.57707e-29
3.71268e-29
2.12937e-29
1.24894e-29
7.58912e-30
4.82866e-30
3.21118e-30
2.19514e-30
1.50699e-30
1.01971e-30
6.7527e-31
4.39028e-31
2.82108e-31
1.8004e-31
1.1471e-31
7.38496e-32
4.90466e-32
3.42791e-32
2.53691e-32
1.96748e-32
1.5694e-32
1.26411e-32
1.01536e-32
8.18997e-33
6.65243e-33
5.27207e-33
4.04708e-33
2.98699e-33
2.10977e-33
1.42451e-33
9.20562e-34
5.98939e-34
2.93539e-34
0
-7.87109e-42
0
7.65433e-30
2.21758e-29
2.06059e-26
3.32044e-29
1.19758e-28
3.49047e-28
6.24786e-28
8.23988e-28
8.30284e-28
7.2988e-28
8.08144e-28
1.27024e-27
2.17285e-27
3.01642e-27
3.28152e-27
3.14721e-27
2.89994e-27
2.72888e-27
2.6846e-27
2.67884e-27
2.62085e-27
2.50923e-27
2.35717e-27
2.06093e-27
1.58157e-27
1.1283e-27
9.45496e-28
1.03379e-27
1.18939e-27
1.21179e-27
1.28465e-27
1.85418e-25
1.30466e-24
7.07217e-25
3.96949e-28
1.15865e-27
1.84526e-27
2.4159e-27
2.69867e-27
1.23695e-24
1.40265e-25
4.19773e-11
9.16078e-11
7.65989e-11
4.57932e-11
3.10626e-11
3.48124e-11
5.38083e-11
1.13053e-10
2.64664e-10
4.21155e-10
4.57709e-10
4.5787e-10
3.97542e-10
2.86172e-10
1.65917e-10
7.62259e-11
3.03624e-11
1.47276e-11
1.07052e-11
9.82269e-12
1.03509e-11
1.15496e-11
1.25277e-11
1.2323e-11
1.12205e-11
9.96967e-12
9.42734e-12
9.10477e-12
8.67974e-12
7.77512e-12
6.14313e-12
4.06579e-12
2.17857e-12
9.32977e-13
3.22035e-13
9.16492e-14
2.21663e-14
4.71731e-15
9.14863e-16
1.66069e-16
2.85465e-17
4.64821e-18
7.17885e-19
1.06459e-19
1.54791e-20
2.24206e-21
3.23109e-22
4.55613e-23
6.17284e-24
8.01045e-25
1.01831e-25
1.33007e-26
1.89536e-27
3.09602e-28
5.89981e-29
1.28799e-29
3.09859e-30
7.89775e-31
2.07817e-31
5.60298e-32
1.5608e-32
4.57206e-33
1.43324e-33
4.84535e-34
1.75469e-34
6.68325e-35
2.61531e-35
1.02845e-35
4.00282e-36
1.5351e-36
5.84002e-37
2.23543e-37
8.73976e-38
3.52733e-38
1.47528e-38
6.38298e-39
2.84192e-39
1.29175e-39
5.93037e-40
2.70759e-40
1.20554e-40
5.13684e-41
2.07464e-41
7.9934e-42
3.01351e-42
1.15517e-42
4.71555e-43
2.10922e-43
1.04886e-43
5.7206e-44
3.32486e-44
2.02512e-44
1.2351e-44
7.51846e-45
4.37851e-45
2.39561e-45
1.2676e-45
6.38155e-46
3.46158e-46
2.53008e-46
2.51069e-46
2.50923e-46
2.68691e-46
3.34485e-46
4.57648e-46
1.32748e-45
7.41069e-50
1.44884e-49
7.8566e-49
0
0
0
2.21742e-33
1.70195e-32
7.43635e-32
1.73639e-31
2.77172e-31
3.24628e-31
3.23829e-31
3.97642e-31
6.85686e-31
1.27937e-30
1.91663e-30
2.2173e-30
2.22828e-30
2.12921e-30
2.06246e-30
2.07538e-30
2.10786e-30
2.08834e-30
2.01213e-30
1.88989e-30
1.64456e-30
1.2537e-30
8.87005e-31
7.31198e-31
7.83353e-31
8.80579e-31
8.67115e-31
8.80772e-31
9.702e-31
1.49664e-28
6.8752e-28
2.66474e-29
8.51648e-31
1.33876e-30
1.62789e-30
1.64539e-30
1.4288e-30
3.37802e-24
6.50047e-11
8.0887e-11
4.6494e-11
2.47148e-11
2.55602e-11
3.75589e-11
7.6994e-11
1.62505e-10
3.11006e-10
4.24988e-10
4.31635e-10
3.91397e-10
3.12302e-10
2.05783e-10
1.05226e-10
4.37109e-11
1.98619e-11
1.30368e-11
1.22332e-11
1.40513e-11
1.67507e-11
1.83598e-11
1.7798e-11
1.51311e-11
1.17684e-11
9.93946e-12
9.0403e-12
8.29372e-12
7.20914e-12
5.5626e-12
3.54838e-12
1.75303e-12
6.43713e-13
1.74508e-13
3.57059e-14
5.70326e-15
7.32979e-16
7.76349e-17
6.93309e-18
5.3477e-19
3.6418e-20
2.2271e-21
1.24282e-22
6.47584e-24
3.25544e-25
1.63844e-26
8.53305e-28
4.71237e-29
2.80449e-30
1.81754e-31
1.29191e-32
1.01239e-33
8.77627e-35
8.42518e-36
8.94063e-37
1.04411e-37
1.33309e-38
1.84573e-39
2.74646e-40
4.35347e-41
7.29579e-42
1.28629e-42
2.38238e-43
4.6412e-44
9.5295e-45
2.06378e-45
4.70826e-46
1.12815e-46
2.83079e-47
7.42353e-48
2.03484e-48
5.79924e-49
1.72081e-49
5.2983e-50
1.68141e-50
5.46109e-51
1.80557e-51
6.19653e-52
2.18233e-52
7.9895e-53
2.98086e-53
1.09981e-53
3.75253e-54
1.31532e-54
8.03412e-55
7.86301e-55
8.25795e-55
9.34163e-55
1.17697e-54
1.63216e-54
2.45577e-54
3.9508e-54
6.71061e-54
1.19392e-53
2.20231e-53
4.26812e-53
7.85315e-53
1.39478e-52
2.55034e-52
4.77596e-52
9.15277e-52
1.79445e-51
3.59934e-51
7.37365e-51
1.54753e-50
3.26728e-50
7.3489e-50
1.43242e-49
7.88285e-49
2.08261e-54
3.2529e-54
4.23837e-54
-4.69154e-49
0
4.57148e-36
2.36794e-35
5.71388e-35
8.84055e-35
1.08939e-34
1.57689e-34
3.11465e-34
6.53637e-34
1.0823e-33
1.35928e-33
1.45796e-33
1.46774e-33
1.48284e-33
1.54314e-33
1.61014e-33
1.62846e-33
1.59054e-33
1.50411e-33
1.31193e-33
1.00045e-33
7.0601e-34
5.7498e-34
6.05265e-34
6.67676e-34
6.41628e-34
6.32491e-34
6.81526e-34
8.24248e-34
2.51178e-31
8.54925e-32
6.48444e-34
1.00076e-33
1.14492e-33
1.07422e-33
8.61962e-34
1.2603e-16
7.09226e-11
4.92665e-11
2.31363e-11
1.7678e-11
2.34862e-11
4.5652e-11
9.47551e-11
1.91568e-10
3.20725e-10
3.78271e-10
3.67259e-10
3.25034e-10
2.43594e-10
1.43605e-10
6.54194e-11
2.96155e-11
1.75944e-11
1.65957e-11
1.98102e-11
2.51685e-11
2.81196e-11
2.75122e-11
2.32425e-11
1.62606e-11
1.14514e-11
9.25757e-12
8.12029e-12
6.98963e-12
5.43062e-12
3.47441e-12
1.66737e-12
5.56322e-13
1.23827e-13
1.83844e-14
1.88034e-15
1.38172e-16
7.49288e-18
3.02732e-19
9.29965e-21
2.31492e-22
5.19975e-24
1.17385e-25
2.83568e-27
7.45625e-29
2.12856e-30
6.56641e-32
2.18453e-33
7.84052e-35
3.04262e-36
1.28163e-37
5.89359e-39
2.98083e-40
1.67196e-41
1.04752e-42
7.35681e-44
5.77893e-45
5.03307e-46
4.7923e-47
4.90869e-48
5.32879e-49
6.06331e-50
7.18618e-51
8.85552e-52
1.13588e-52
1.51956e-53
2.12335e-54
3.10039e-55
4.72912e-56
7.53516e-57
1.25583e-57
2.19422e-58
4.02825e-59
7.74783e-60
1.52834e-60
2.95383e-61
6.3021e-62
3.24812e-62
3.20134e-62
3.30487e-62
3.67151e-62
4.45997e-62
5.86906e-62
8.25523e-62
1.22898e-61
1.92411e-61
3.1527e-61
5.38351e-61
9.54604e-61
1.75341e-60
3.33184e-60
6.54413e-60
1.32708e-59
2.77122e-59
5.95065e-59
1.30109e-58
2.95134e-58
6.09393e-58
1.1841e-57
2.33215e-57
4.6145e-57
9.13533e-57
1.8026e-56
3.53134e-56
6.8395e-56
1.30361e-55
2.43221e-55
4.41518e-55
7.74143e-55
1.30544e-54
2.07583e-54
3.24916e-54
4.22981e-54
7.09376e-54
2.51788e-53
0
0
3.12909e-39
1.16712e-38
2.25922e-38
4.40792e-38
1.08418e-37
2.70437e-37
5.1486e-37
7.23886e-37
8.49911e-37
9.20433e-37
9.86629e-37
1.07708e-36
1.16842e-36
1.21877e-36
1.21783e-36
1.16943e-36
1.03075e-36
7.92266e-37
5.613e-37
4.54167e-37
4.71996e-37
5.13939e-37
4.86488e-37
4.70602e-37
5.01033e-37
6.10209e-37
6.51961e-37
7.31044e-35
5.09271e-37
7.70688e-37
8.40357e-37
7.46926e-37
5.68221e-37
3.78139e-14
6.68825e-11
3.23199e-11
1.34897e-11
1.40907e-11
2.35599e-11
4.98354e-11
1.04344e-10
2.06806e-10
3.20317e-10
3.27459e-10
3.13463e-10
2.66626e-10
1.84671e-10
9.85795e-11
4.62753e-11
2.60834e-11
2.26544e-11
2.71387e-11
3.55776e-11
4.18377e-11
4.1724e-11
3.71203e-11
2.60184e-11
1.58124e-11
1.03644e-11
8.24811e-12
6.92898e-12
5.44057e-12
3.58738e-12
1.77451e-12
5.90552e-13
1.21296e-13
1.46559e-14
1.03322e-15
4.32769e-17
1.10407e-18
1.754e-20
1.77319e-22
1.17655e-24
5.47795e-27
3.35036e-29
7.88441e-31
2.34796e-32
6.17899e-34
1.52725e-35
3.73907e-37
9.35322e-39
2.4354e-40
6.68056e-42
1.94765e-43
6.08102e-45
2.04987e-46
7.53441e-48
3.05784e-49
1.39155e-50
7.2167e-52
4.31721e-53
2.98337e-54
2.34956e-55
2.05493e-56
1.9361e-57
1.9149e-58
1.95667e-59
2.05385e-60
2.21764e-61
2.47395e-62
2.86414e-63
3.45235e-64
4.34262e-65
5.71164e-66
7.87099e-67
1.13871e-67
1.73208e-68
2.77281e-69
4.67591e-70
8.31792e-71
1.56379e-71
3.12446e-72
6.66699e-73
1.45381e-73
2.86936e-74
2.35432e-75
1.18539e-83
2.77575e-84
6.85287e-85
1.78286e-85
2.17719e-83
1.33851e-86
9.49055e-86
6.03512e-87
1.34381e-88
1.2184e-88
1.20227e-88
1.20181e-88
3.87644e-90
3.1894e-90
2.91887e-90
2.8062e-90
2.77026e-90
2.77026e-90
1.60349e-90
1.60349e-90
1.1081e-90
1.10796e-90
1.044e-90
1.03256e-90
8.47075e-91
9.12384e-91
8.91849e-91
9.61061e-91
1.08261e-90
8.02886e-91
3.43091e-91
3.43091e-91
3.43091e-91
3.21723e-90
0
1.78968e-54
1.3435e-42
6.29874e-42
2.4157e-41
8.07026e-41
1.90216e-40
3.15121e-40
4.20818e-40
5.05092e-40
5.88197e-40
6.86612e-40
7.86663e-40
8.57591e-40
8.86899e-40
8.73881e-40
7.85823e-40
6.1408e-40
4.40107e-40
3.56285e-40
3.67886e-40
3.98169e-40
3.74608e-40
3.59131e-40
3.80919e-40
4.68497e-40
5.13774e-40
4.03241e-38
4.11067e-40
6.11026e-40
6.42759e-40
5.50083e-40
4.04455e-40
2.51431e-12
4.51143e-11
1.76862e-11
9.04579e-12
1.13678e-11
2.33325e-11
5.21518e-11
1.11633e-10
2.1581e-10
2.93015e-10
2.94253e-10
2.74851e-10
2.20042e-10
1.39282e-10
7.07313e-11
4.07051e-11
3.0403e-11
3.45578e-11
4.53004e-11
5.64918e-11
5.93612e-11
5.59332e-11
4.32868e-11
2.641e-11
1.40937e-11
9.09029e-12
7.086e-12
5.55829e-12
3.83947e-12
2.05443e-12
7.43462e-13
1.59517e-13
1.82375e-14
1.03753e-15
2.82402e-17
3.46161e-19
1.11356e-21
1.05958e-24
1.1628e-26
1.30571e-28
1.4998e-30
1.76173e-32
2.11569e-34
2.59698e-36
3.25756e-38
4.17252e-40
5.45319e-42
7.2714e-44
9.89184e-46
2.51676e-47
1.99991e-48
7.59982e-50
2.32593e-51
6.69698e-53
1.94148e-54
5.88522e-56
1.91436e-57
6.82825e-59
2.7269e-60
1.2358e-61
6.52173e-63
4.01774e-64
2.86768e-65
2.32163e-66
2.07023e-67
1.9745e-68
1.96863e-69
2.02396e-70
2.13498e-71
2.3137e-72
2.58869e-73
3.00893e-74
3.6546e-75
4.65941e-76
6.25447e-77
8.8556e-78
1.3243e-78
2.09433e-79
3.50724e-80
6.22602e-81
1.17204e-81
2.33843e-82
4.93885e-83
1.10246e-83
2.5966e-84
6.44509e-85
1.68534e-85
4.58864e-86
1.27294e-86
3.82752e-87
1.84806e-87
1.40736e-87
1.09125e-87
7.93829e-88
5.28808e-88
3.2002e-88
1.76696e-88
9.18481e-89
4.8274e-89
2.49492e-89
1.34453e-89
7.85074e-90
4.9305e-90
3.19283e-90
2.02141e-90
1.2643e-90
9.00955e-91
8.45198e-91
8.5178e-91
8.90957e-91
9.98103e-91
1.20377e-90
1.53092e-90
1.9954e-90
2.58201e-90
3.09997e-90
3.21567e-90
6.98423e-101
4.54231e-101
0
0
1.9316e-45
1.33994e-44
4.69638e-44
1.01578e-43
1.64935e-43
2.30014e-43
3.0142e-43
3.86592e-43
4.77983e-43
5.54282e-43
6.02208e-43
6.1685e-43
5.7246e-43
4.5945e-43
3.36118e-43
2.74553e-43
2.83886e-43
3.0784e-43
2.90444e-43
2.78482e-43
2.96459e-43
3.69391e-43
4.15273e-43
2.01179e-41
3.39902e-43
4.98116e-43
5.11173e-43
4.26835e-43
3.0781e-43
2.01507e-11
2.77278e-11
8.98019e-12
6.25609e-12
9.51191e-12
2.27313e-11
5.44056e-11
1.19284e-10
2.19154e-10
2.68182e-10
2.6432e-10
2.38022e-10
1.7932e-10
1.05813e-10
5.74141e-11
4.07661e-11
4.28862e-11
5.21572e-11
6.81057e-11
7.72055e-11
7.615e-11
6.64373e-11
4.53925e-11
2.40929e-11
1.21274e-11
7.79554e-12
5.80483e-12
4.13834e-12
2.43347e-12
1.01365e-12
2.54295e-13
3.28118e-14
1.90176e-15
4.37317e-17
3.05127e-19
9.88243e-23
1.05958e-24
1.1628e-26
1.30571e-28
1.4998e-30
1.76173e-32
2.11569e-34
2.59698e-36
3.25756e-38
4.17252e-40
5.21968e-42
6.32016e-44
7.80738e-46
9.83926e-48
1.265e-49
1.65914e-51
2.21904e-53
3.02366e-55
4.19742e-57
5.93607e-59
8.5516e-61
3.84577e-62
2.2189e-63
8.57863e-65
1.52583e-67
3.90776e-68
1.64826e-69
6.38823e-71
2.67142e-72
1.2728e-73
7.07438e-75
4.61434e-76
3.50409e-77
3.04269e-78
2.95263e-79
3.1304e-80
3.55817e-81
4.27612e-82
5.38208e-83
7.05054e-84
9.57659e-85
1.34672e-85
1.96303e-86
2.97746e-87
4.72695e-88
7.90539e-89
1.40024e-89
2.63503e-90
5.27148e-91
1.11936e-91
2.51543e-92
5.96118e-93
1.48467e-93
3.87483e-94
1.0575e-94
3.01388e-95
8.96232e-96
2.77927e-96
8.98406e-97
3.03042e-97
1.06286e-97
3.99917e-98
1.59699e-98
7.55976e-99
3.75538e-99
1.95185e-99
1.05948e-99
6.00598e-100
3.55408e-100
2.19845e-100
1.43831e-100
1.0039e-100
7.41078e-101
6.135e-101
5.97879e-101
6.03811e-101
6.24397e-101
6.64745e-101
7.19648e-101
7.66923e-101
7.77887e-101
7.64335e-101
6.99483e-101
4.52338e-101
0
-8.56994e-72
0
2.43299e-49
5.12291e-48
1.97712e-47
4.52573e-47
8.00535e-47
1.25143e-46
1.83858e-46
2.53102e-46
3.19928e-46
3.72504e-46
4.03355e-46
3.9188e-46
3.27027e-46
2.46866e-46
2.05539e-46
2.14823e-46
2.35487e-46
2.24851e-46
2.1754e-46
2.34104e-46
2.96643e-46
3.42043e-46
8.27279e-45
2.87048e-46
4.16828e-46
4.21586e-46
3.47269e-46
2.48462e-46
4.42754e-11
1.82535e-11
4.61452e-12
4.35167e-12
8.21421e-12
2.24657e-11
5.80335e-11
1.27589e-10
2.17565e-10
2.44711e-10
2.37503e-10
2.05925e-10
1.45626e-10
8.46546e-11
5.43527e-11
4.84596e-11
5.53129e-11
7.29029e-11
9.08901e-11
9.45723e-11
8.98952e-11
7.19595e-11
4.49255e-11
2.12554e-11
1.02222e-11
6.43938e-12
4.50214e-12
2.85912e-12
1.39218e-12
4.34755e-13
7.19666e-14
5.23744e-15
1.39006e-16
9.34277e-19
2.36827e-22
2.33197e-24
2.34659e-26
2.41208e-28
2.53222e-30
2.71433e-32
2.9702e-34
3.31741e-36
3.78133e-38
4.39818e-40
5.21968e-42
6.32016e-44
7.80738e-46
9.83926e-48
1.265e-49
1.65914e-51
2.21904e-53
2.94317e-55
3.70583e-57
4.75586e-59
6.22061e-61
8.29225e-63
1.12643e-64
1.55768e-66
2.1918e-68
3.09032e-70
4.49987e-72
6.66606e-74
5.35305e-75
2.8181e-76
1.05927e-77
3.65752e-79
1.29614e-80
5.0192e-82
2.21558e-83
1.14927e-84
7.1331e-86
5.30495e-87
4.64755e-88
4.65025e-89
5.13207e-90
6.06934e-91
7.56031e-92
9.86516e-93
1.35164e-93
1.95433e-94
2.99317e-95
4.86104e-96
8.36358e-97
1.52223e-97
2.9275e-98
5.94382e-99
1.27257e-99
2.86738e-100
6.78015e-101
1.67708e-101
4.32688e-102
1.16204e-102
3.24597e-103
9.43364e-104
2.85989e-104
9.02066e-105
3.07655e-105
1.10647e-105
4.82809e-106
2.22463e-106
1.07672e-106
5.45737e-107
2.89439e-107
1.60471e-107
9.28142e-108
5.58293e-108
3.47943e-108
2.23809e-108
1.48063e-108
1.00442e-108
6.96847e-109
4.93093e-109
3.54618e-109
2.57892e-109
1.88297e-109
1.36647e-109
9.73945e-110
6.65733e-110
4.44778e-110
2.04495e-110
0
0
-5.20865e-65
8.33384e-64
1.06049e-51
6.49627e-51
1.82256e-50
3.82003e-50
6.91169e-50
1.11303e-49
1.58988e-49
2.03971e-49
2.38746e-49
2.47327e-49
2.17925e-49
1.72015e-49
1.47768e-49
1.57849e-49
1.76691e-49
1.72388e-49
1.69813e-49
1.86092e-49
2.40907e-49
2.85473e-49
1.3267e-48
2.46904e-49
3.57339e-49
3.59547e-49
2.94946e-49
2.11318e-49
5.0032e-11
1.04166e-11
2.63898e-12
3.13433e-12
7.63062e-12
2.3758e-11
6.34348e-11
1.36095e-10
2.12021e-10
2.2406e-10
2.13748e-10
1.77255e-10
1.18054e-10
7.39736e-11
5.59028e-11
5.92979e-11
7.17899e-11
9.47742e-11
1.09043e-10
1.08514e-10
9.86573e-11
7.35659e-11
4.08619e-11
1.76304e-11
8.32557e-12
5.11846e-12
3.32103e-12
1.844e-12
7.2392e-13
1.63749e-13
1.7172e-14
6.67684e-16
6.91205e-18
1.05805e-21
9.6428e-24
8.96527e-26
8.50129e-28
8.21839e-30
8.09741e-32
8.13067e-34
8.31946e-36
8.67417e-38
9.21529e-40
9.97543e-42
1.10026e-43
1.23656e-45
1.41612e-47
1.65265e-49
1.96552e-51
2.3824e-53
2.94317e-55
3.70583e-57
4.75586e-59
6.22061e-61
8.29225e-63
1.12643e-64
1.55768e-66
2.04968e-68
2.66594e-70
3.45203e-72
4.65657e-74
6.39671e-76
8.93733e-78
1.27017e-79
1.83635e-81
2.70109e-83
4.04253e-85
5.73439e-86
2.63401e-87
9.61884e-89
3.43805e-90
1.3164e-91
5.6941e-93
2.88983e-94
1.76869e-95
1.32381e-96
1.206e-97
1.30588e-98
1.62238e-99
2.2315e-100
3.30526e-101
5.1813e-102
8.51658e-103
1.46072e-103
2.60678e-104
4.83459e-105
9.32843e-106
1.87932e-106
3.97302e-107
8.8548e-108
2.08558e-108
5.18808e-109
1.35881e-109
3.73008e-110
1.06977e-110
3.17741e-111
1.01556e-111
3.35525e-112
1.35095e-112
5.70652e-113
2.51407e-113
1.15253e-113
5.50467e-114
2.74356e-114
1.42721e-114
7.73197e-115
4.34046e-115
2.5056e-115
1.47303e-115
8.72232e-116
5.14051e-116
2.97841e-116
1.67552e-116
9.03906e-117
4.62122e-117
2.21527e-117
9.87432e-118
4.07475e-118
1.55437e-118
5.60687e-119
1.52132e-119
7.98972e-128
-1.29654e-124
2.61996e-74
0
6.97476e-57
1.73687e-54
7.01169e-54
1.83047e-53
3.77331e-53
6.4583e-53
9.51691e-53
1.24246e-52
1.40654e-52
1.33472e-52
1.12005e-52
1.00751e-52
1.1145e-52
1.28869e-52
1.29819e-52
1.31446e-52
1.47836e-52
1.96599e-52
2.40222e-52
1.6597e-52
2.15763e-52
3.13169e-52
3.16157e-52
2.60482e-52
1.88341e-52
4.2227e-11
5.01334e-12
1.57749e-12
2.52973e-12
7.55251e-12
2.68882e-11
7.13723e-11
1.4509e-10
2.03301e-10
2.0626e-10
1.91891e-10
1.50986e-10
9.68292e-11
7.00389e-11
6.49885e-11
7.00565e-11
8.86788e-11
1.13925e-10
1.21863e-10
1.18697e-10
1.02728e-10
7.15105e-11
3.58193e-11
1.42239e-11
6.61105e-12
3.93156e-12
2.33908e-12
1.11466e-12
3.44261e-13
5.4883e-14
3.54484e-15
6.96882e-17
1.62454e-19
6.83465e-23
5.91521e-25
5.21075e-27
4.6711e-29
4.26057e-31
3.95344e-33
3.73175e-35
3.58324e-37
3.50007e-39
3.47808e-41
3.51636e-43
3.61725e-45
3.78655e-47
4.03405e-49
4.37451e-51
4.8291e-53
5.42762e-55
6.21172e-57
7.23968e-59
8.59344e-61
1.03892e-62
1.2793e-64
1.60452e-66
2.04968e-68
2.66594e-70
3.45203e-72
4.65657e-74
6.39671e-76
8.92448e-78
1.15497e-79
1.52235e-81
2.0439e-83
2.79536e-85
3.891e-87
5.51212e-89
7.94859e-91
1.16693e-92
3.00983e-94
2.88529e-95
1.24548e-96
4.51064e-98
1.63699e-99
6.46324e-101
2.92222e-102
1.57368e-103
1.04158e-104
8.6349e-106
8.95612e-107
1.13515e-107
1.69095e-108
2.83644e-109
5.1602e-110
9.89201e-111
1.95831e-111
3.9546e-112
8.10604e-113
1.69015e-113
3.61301e-114
8.00369e-115
1.85533e-115
4.52552e-116
1.16354e-116
3.12342e-117
9.13025e-118
2.72382e-118
1.01215e-118
3.96197e-119
1.61997e-119
6.89024e-120
3.04736e-120
1.4008e-120
6.67699e-121
3.28413e-121
1.6544e-121
8.45247e-122
4.32879e-122
2.19324e-122
1.08396e-122
5.15034e-123
2.31934e-123
9.77229e-124
3.81349e-124
1.37036e-124
4.53428e-125
1.38994e-125
3.9909e-126
1.08955e-126
2.83838e-127
7.64946e-128
1.19346e-128
2.63907e-136
-4.94591e-130
-7.7615e-73
3.97389e-70
3.59834e-58
2.61899e-57
8.60065e-57
1.97347e-56
3.57966e-56
5.46574e-56
7.00058e-56
7.34735e-56
6.6966e-56
6.42395e-56
7.47563e-56
9.04963e-56
9.52282e-56
1.0014e-55
1.16583e-55
1.60295e-55
2.02882e-55
1.46073e-55
1.91078e-55
2.79958e-55
2.85822e-55
2.38349e-55
1.75103e-55
1.40739e-11
1.87623e-12
1.00431e-12
2.32298e-12
9.1936e-12
3.31276e-11
8.30455e-11
1.5394e-10
1.92814e-10
1.90886e-10
1.70792e-10
1.26951e-10
8.24163e-11
6.98199e-11
7.0184e-11
7.98547e-11
1.04653e-10
1.27726e-10
1.30416e-10
1.24473e-10
1.03742e-10
6.61622e-11
2.96518e-11
1.10322e-11
5.12116e-12
2.93073e-12
1.57896e-12
6.34138e-13
1.50991e-13
1.66791e-14
6.54131e-16
5.93083e-18
7.35378e-22
5.97115e-24
4.92466e-26
4.12472e-28
3.50808e-30
3.02962e-32
2.65667e-34
2.36551e-36
2.13885e-38
1.96403e-40
1.83184e-42
1.73565e-44
1.6709e-46
1.6347e-48
1.62559e-50
1.64347e-52
1.6896e-54
1.76672e-56
1.87932e-58
2.03406e-60
2.2404e-62
2.5116e-64
2.86607e-66
3.3295e-68
3.93779e-70
4.73995e-72
5.62801e-74
7.02297e-76
8.92448e-78
1.15497e-79
1.52235e-81
2.0439e-83
2.79536e-85
3.891e-87
5.11447e-89
6.74238e-91
9.06046e-93
1.24125e-94
1.73176e-96
2.46084e-98
3.56191e-100
5.25167e-102
5.11685e-103
2.5459e-104
9.58194e-106
3.47847e-107
1.35348e-108
5.9968e-110
3.15909e-111
2.04759e-112
1.67279e-113
1.73558e-114
2.25422e-115
3.54091e-116
6.42818e-117
1.28813e-117
2.73815e-118
5.98789e-119
1.32004e-119
2.90671e-120
6.40616e-121
1.42932e-121
3.28611e-122
7.85057e-123
2.07542e-123
5.55326e-124
1.91612e-124
7.01586e-125
2.67928e-125
1.05631e-125
4.28398e-126
1.78437e-126
7.61461e-127
3.31353e-127
1.45951e-127
6.44431e-128
2.82021e-128
1.2085e-128
5.00893e-129
1.98441e-129
7.43361e-130
2.60891e-130
8.52058e-131
2.58051e-131
7.25012e-132
1.89826e-132
4.66957e-133
1.09074e-133
2.44787e-134
5.34023e-135
1.14578e-135
2.47801e-136
3.70667e-137
0
-8.10704e-87
0
3.09948e-62
9.21922e-61
3.85977e-60
9.90587e-60
1.91767e-59
2.93044e-59
3.53259e-59
3.59868e-59
3.76818e-59
4.70303e-59
6.05574e-59
6.74566e-59
7.45245e-59
9.06749e-59
1.29874e-58
1.71246e-58
1.29031e-58
1.71061e-58
2.54715e-58
2.64954e-58
2.25227e-58
1.69156e-58
2.29924e-12
6.47638e-13
7.20032e-13
2.41678e-12
1.2576e-11
4.34915e-11
9.83745e-11
1.60676e-10
1.81839e-10
1.76227e-10
1.49914e-10
1.06029e-10
7.50201e-11
6.98199e-11
7.32346e-11
8.85165e-11
1.17116e-10
1.35397e-10
1.35275e-10
1.26827e-10
1.0104e-10
5.89942e-11
2.3682e-11
8.38882e-12
3.90004e-12
2.12681e-12
1.02371e-12
3.41078e-13
6.18039e-14
4.71345e-15
1.12268e-16
3.70313e-19
8.4229e-23
6.55388e-25
5.16767e-27
4.12881e-29
3.3426e-31
2.74225e-33
2.27999e-35
1.92134e-37
1.6413e-39
1.42153e-41
1.24854e-43
1.11232e-45
1.00542e-47
9.22311e-50
8.58895e-52
8.12199e-54
7.80138e-56
7.61362e-58
7.55166e-60
7.61448e-62
7.80711e-64
8.14125e-66
8.63636e-68
9.32157e-70
1.02384e-71
1.14402e-73
1.24788e-75
1.44475e-77
1.70321e-79
2.04487e-81
2.50063e-83
3.11522e-85
3.95411e-87
5.11447e-89
6.74238e-91
9.06046e-93
1.24125e-94
1.73037e-96
2.25225e-98
2.99033e-100
4.05013e-102
5.59592e-104
7.8872e-106
1.13357e-107
1.65983e-109
1.51264e-110
7.5262e-112
2.8363e-113
1.03679e-114
4.09217e-116
1.85378e-117
1.00659e-118
6.78684e-120
5.83926e-121
6.48843e-122
9.19745e-123
1.60154e-123
3.24756e-124
7.25487e-125
1.70191e-125
4.0448e-126
9.52584e-127
2.20906e-127
5.04096e-128
1.22151e-128
2.84111e-129
8.69061e-130
2.84377e-130
9.76777e-131
3.4643e-131
1.25614e-131
4.6308e-132
1.73109e-132
6.55114e-133
2.50309e-133
9.60422e-134
3.66806e-134
1.37774e-134
5.01706e-135
1.74453e-135
5.70816e-136
1.7356e-136
4.86057e-137
1.24896e-137
2.95096e-138
6.46261e-139
1.32858e-139
2.60332e-140
4.93877e-141
9.20214e-142
1.7051e-142
3.17989e-143
5.95793e-144
1.34348e-144
5.12506e-146
0
0
0
2.97051e-64
1.67248e-63
4.86428e-63
9.72139e-63
1.42643e-62
1.69132e-62
1.99347e-62
2.73403e-62
3.81729e-62
4.57192e-62
5.37666e-62
6.91152e-62
1.04028e-61
1.43877e-61
1.14053e-61
1.54433e-61
2.3535e-61
2.51223e-61
2.19185e-61
1.69355e-61
4.71934e-13
3.40853e-13
6.14378e-13
3.98986e-12
1.93363e-11
5.88288e-11
1.14919e-10
1.63564e-10
1.70799e-10
1.61013e-10
1.29166e-10
8.92407e-11
7.01079e-11
7.01144e-11
7.60388e-11
9.5927e-11
1.25842e-10
1.38269e-10
1.3729e-10
1.27224e-10
9.58239e-11
5.0496e-11
1.81979e-11
6.28314e-12
2.92766e-12
1.50564e-12
6.39337e-13
1.74702e-13
2.40092e-14
1.27943e-15
1.8818e-17
7.22922e-21
1.14864e-23
8.59674e-26
6.50475e-28
4.97616e-30
3.84904e-32
3.01082e-34
2.38237e-36
1.90715e-38
1.5449e-40
1.26668e-42
1.05149e-44
8.84009e-47
7.52949e-49
6.49957e-51
5.68815e-53
5.04876e-55
4.5466e-57
4.15561e-59
3.85642e-61
3.63483e-63
3.48076e-65
3.38759e-67
3.35163e-69
3.37202e-71
3.45061e-73
3.59011e-75
3.56878e-77
3.8445e-79
4.21663e-81
4.70964e-83
5.358e-85
6.21023e-87
7.33491e-89
8.82989e-91
1.08363e-92
1.35597e-94
1.73037e-96
2.25225e-98
2.99033e-100
4.05013e-102
5.59592e-104
7.8872e-106
1.13357e-107
1.61795e-109
2.21528e-111
3.09202e-113
4.4007e-115
6.39068e-117
6.98732e-118
3.15875e-119
1.18021e-120
4.47679e-122
1.89208e-123
9.41837e-125
5.7518e-126
4.45552e-127
4.47832e-128
5.84904e-129
9.6565e-130
1.91378e-130
4.28357e-131
1.02263e-131
2.4891e-132
5.93419e-133
1.44804e-133
3.18698e-134
8.75489e-135
2.49598e-135
7.40597e-136
2.28794e-136
7.34089e-137
2.42808e-137
8.19397e-138
2.79177e-138
9.51527e-139
3.21804e-139
1.07089e-139
3.47115e-140
1.08204e-140
3.19561e-141
8.80212e-142
2.23002e-142
5.15098e-143
1.08439e-143
2.09298e-144
3.66465e-145
5.67927e-146
1.34952e-146
8.29262e-147
6.09478e-147
4.76432e-147
3.83983e-147
3.15541e-147
2.64149e-147
2.18718e-147
0
-2.99052e-96
0
-4.62621e-80
8.89484e-68
7.23523e-67
2.3091e-66
4.56323e-66
6.70162e-66
9.28472e-66
1.44523e-65
2.24284e-65
2.94793e-65
3.76027e-65
5.19394e-65
8.31359e-65
1.21646e-64
1.03093e-64
1.44072e-64
2.27288e-64
2.59342e-64
2.63858e-64
3.0307e-64
1.55114e-13
2.51847e-13
8.81505e-13
7.59307e-12
3.10165e-11
7.8547e-11
1.28351e-10
1.60605e-10
1.59688e-10
1.44323e-10
1.09198e-10
7.71116e-11
6.78277e-11
6.9157e-11
7.79518e-11
1.02008e-10
1.31601e-10
1.38675e-10
1.37645e-10
1.24932e-10
8.82044e-11
4.17479e-11
1.3675e-11
4.69163e-12
2.17549e-12
1.04432e-12
3.87901e-13
8.67367e-14
9.14914e-15
3.52492e-16
3.34976e-18
3.03675e-22
2.17014e-24
1.56428e-26
1.13738e-28
8.34333e-31
6.1769e-33
4.61611e-35
3.4826e-37
2.65329e-39
2.04198e-41
1.58801e-43
1.24839e-45
9.92463e-48
7.9822e-50
6.49774e-52
5.35578e-54
4.47195e-56
3.78423e-58
3.2468e-60
2.82565e-62
2.49545e-64
2.23728e-66
2.03705e-68
1.88432e-70
1.77145e-72
1.69304e-74
1.6446e-76
1.52795e-78
1.53589e-80
1.57161e-82
1.63751e-84
1.7378e-86
1.87896e-88
2.0704e-90
2.32555e-92
2.66344e-94
3.11102e-96
3.7068e-98
4.50629e-100
5.59013e-102
7.07691e-104
9.14331e-106
1.20465e-107
1.51766e-109
1.88788e-111
2.39653e-113
3.10445e-115
4.2481e-117
6.45134e-119
1.78675e-120
1.54895e-121
6.51835e-123
2.43665e-124
9.75242e-126
4.59453e-127
2.71187e-128
2.08701e-129
2.11176e-130
2.72298e-131
4.20689e-132
7.26076e-133
1.31869e-133
2.41861e-134
4.3884e-135
7.7746e-136
1.46742e-136
2.328e-137
5.25331e-138
1.28121e-138
3.32232e-139
9.00616e-140
2.52117e-140
7.20869e-141
2.08313e-141
6.02305e-142
1.72594e-142
4.85307e-143
1.32348e-143
3.4677e-144
8.67315e-145
1.97132e-145
3.66945e-146
1.23763e-146
7.67707e-147
5.4283e-147
4.0617e-147
3.14237e-147
2.49105e-147
2.01271e-147
1.65063e-147
1.3698e-147
1.14733e-147
9.6774e-148
8.20297e-148
6.9751e-148
5.94666e-148
5.05109e-148
-1.64416e-95
2.08386e-86
2.08606e-86
0
4.57409e-71
6.4083e-70
2.6085e-69
6.64198e-69
1.50409e-68
3.39312e-68
7.21094e-68
1.49865e-67
3.23696e-67
6.79516e-67
1.24756e-66
1.90157e-66
2.61148e-66
3.95941e-66
7.15734e-66
1.65027e-65
4.49228e-65
1.27919e-64
1
1
1
1
1
1
1
1
1
1
1
1
1
1
1
1
1
1
1
1
1
1
1
1
1
1
1
1
1
1
1
1
1
1
1
0.999984
0.999984
0.999984
0.999984
0.999991
0.999997
0.999997
0.999997
1
1
1
1
0.999983
0.999969
0.999969
0.999969
0.999971
0.999991
1
1
1
1
1
1
1
1
1
1
1
1
1
1
1
1
1
0.999999
0.999999
0.999999
0.999999
1
1
1
1
1
1
0.999999
0.999999
1
1
1
1
1
1
1
1
1
0.999998
0.999996
0.999995
0.999995
0.999998
1
1
1
1
1
1
1
1
1
1
1
1
1
1
1
1
1
1
1
1
1
1
1
1
1
1
1
1
1
1
1
1
1
1
1
1
1
1
1
0.999988
0.99999
0.999999
1
0.999981
0.999962
0.999974
0.999995
1
1
1
0.999988
0.999969
0.999969
0.999969
0.999969
0.999969
0.999983
1
1
1
1
1
0.999999
0.999999
0.999999
0.999999
1
1
1
1
1
1
1
0.999998
0.999995
0.999995
0.999996
0.999999
1
1
1
1
1
1
0.999999
0.999999
0.999999
1
1
1
1
1
1
1
1
1
0.999999
0.999999
0.999999
0.999999
1
1
1
1
0.999934
0.999996
1
1
1
1
1
0.999976
0.999973
0.999975
0.999981
0.999988
0.999996
1
1
1
1
1
1
1
1
1
1
1
1
1
1
0.999999
0.999999
1
1
1
1
1
0.999993
0.999987
0.999993
1
1
0.999989
0.999961
0.999961
0.999961
0.999991
1
1
1
0.999988
0.999969
0.999969
0.999969
0.999977
0.999996
1
1
1
1
1
0.999999
0.999999
0.999999
0.999999
1
1
1
1
1
1
1
0.999996
0.999995
0.999995
0.999995
0.999998
1
1
1
1
1
0.999999
0.999999
0.999999
1
1
1
1
1
1
1
1
1
1
1
1
1
1
1
1
1
1
0.999725
0.999764
0.999957
1
1
1
1
1
0.999834
0.999691
0.999691
0.999774
0.999966
0.999997
0.999999
1
1
1
1
1
1
1
0.999995
0.999991
0.999994
1
1
0.999993
0.999913
0.999912
0.999963
0.999997
1
0.999999
0.999997
0.999997
0.999999
1
1
0.999965
0.999961
0.999963
0.99999
1
1
1
1
0.99999
0.999972
0.999979
0.999994
1
1
1
1
1
1
1
1
1
1
1
1
1
1
1
1
1
0.999999
0.999995
0.999995
0.999995
0.999998
1
1
1
1
1
1
1
1
1
1
1
1
1
1
1
1
1
1
1
1
1
1
1
1
1
1
1
0.999725
0.999725
0.999725
0.999897
1
1
1
1
1
0.999711
0.999691
0.999691
0.999691
0.999691
0.999784
1
1
1
1
1
1
0.999998
0.999989
0.999989
0.999989
0.999994
1
1
0.999917
0.999877
0.999877
0.9999
0.999991
0.999999
0.999999
0.999999
1
1
1
0.999984
0.999961
0.999967
1
1
1
1
1
0.999998
0.999997
0.999997
0.999998
1
1
1
1
1
1
1
1
1
0.999998
0.99998
0.999966
0.999968
0.999978
0.999994
1
0.999999
0.999999
0.999999
0.999999
1
1
1
1
1
1
1
1
1
1
0.999814
0.998646
0.998151
0.998557
0.999544
0.999993
1
0.999983
0.999939
0.999932
0.999937
0.999982
1
1
1
1
1
1
1
0.999767
0.999725
0.999725
0.999725
0.999937
1
1
1
0.999878
0.999691
0.999691
0.999719
0.99993
0.999998
1
1
0.997074
0.992941
0.994941
0.998691
0.999944
0.999998
0.999998
0.999997
0.999998
1
1
0.999999
0.999888
0.999877
0.999877
0.999877
0.999987
0.999999
0.999999
0.999998
0.999998
0.999999
1
1
0.999997
0.999983
0.999979
0.999979
0.999984
0.999996
1
1
1
1
1
1
1
1
1
0.999998
0.999997
0.999997
0.999997
1
1
0.999959
0.999892
0.999892
0.999892
0.999979
1
1
1
1
1
1
1
1
1
1
1
1
1
1
1
1
0.997738
0.997336
0.997337
0.998736
1
1
0.999953
0.999895
0.999944
0.99998
0.99997
0.999976
0.999982
0.999903
0.999761
0.999778
0.999995
1
0.999979
0.999968
0.999968
0.999941
0.999816
0.999808
0.999968
1
0.999999
0.999995
0.999991
0.999993
0.999997
1
1
1
0.991674
0.989954
0.989953
0.989954
0.99687
0.999996
1
1
1
1
1
0.999939
0.999878
0.999878
0.999898
0.999981
0.999999
0.999999
0.999999
0.999985
0.999985
0.999995
1
1
0.999992
0.999901
0.999769
0.999779
0.999899
0.999999
1
1
1
1
0.999915
0.999707
0.999569
0.999579
0.999722
0.999976
1
1
1
1
1
0.999966
0.9999
0.999907
0.999972
0.999999
1
1
1
0.999993
0.999962
0.999944
0.99995
0.999977
0.999996
0.999961
0.999743
0.99955
0.999665
0.999925
1
1
0.998869
0.997341
0.998145
0.999654
1
1
0.999925
0.999872
0.999898
0.999999
1
0.9996
0.997383
0.996827
0.998337
0.999971
1
1
0.999985
0.999985
0.994914
0.990554
0.996403
0.999993
0.999999
1
1
1
1
1
1
1
1
1
0.993668
0.98996
0.989954
0.989953
0.998047
1
1
1
1
1
0.999915
0.999897
0.999911
0.999966
0.99999
0.999999
0.999999
0.999999
0.999996
0.999983
0.999982
0.999984
0.999995
1
1
0.999376
0.999309
0.99931
0.999798
0.999999
1
1
1
1
1
0.997472
0.996953
0.997483
0.999371
0.999982
0.999996
0.99999
0.999981
0.999982
0.999978
0.99987
0.999699
0.999771
0.999865
0.999823
0.999726
0.999708
0.999624
0.999642
0.999919
0.999483
0.998014
0.998012
0.998012
0.9981
0.99866
0.999483
0.999543
0.998533
0.996312
0.995719
0.996656
0.999041
1
1
1
0.999981
0.999872
0.999872
0.999905
1
1
0.99819
0.99644
0.99644
0.997999
0.999921
0.999999
0.999991
0.999985
0.995279
0.985417
0.985399
0.992313
0.999736
0.999967
0.999994
1
1
1
1
0.981574
0.975197
0.976529
0.993971
0.99999
0.999998
0.999999
1
1
1
1
1
1
0.999992
0.999953
0.999958
0.999983
0.999998
0.999999
0.999999
0.999969
0.999954
0.999954
0.99998
0.999998
0.999995
0.999847
0.999531
0.999502
0.999747
0.999931
0.999931
0.999677
0.996686
0.996552
0.997543
0.999204
0.999945
1
0.999798
0.997403
0.996781
0.996783
0.997998
0.999726
0.999989
0.999827
0.999422
0.999422
0.99944
0.999527
0.999637
0.999772
0.99981
0.999809
0.999001
0.993774
0.993484
0.996921
0.999773
0.999944
0.999944
0.997326
0.995746
0.995766
0.997379
0.999535
0.997334
0.991173
0.99077
0.990778
0.99388
0.999997
1
1
0.999991
0.999901
0.999872
0.999909
0.999995
1
0.998178
0.99644
0.99644
0.99644
0.999525
0.999999
0.99996
0.999984
0.992448
0.985388
0.985386
0.985386
0.985386
0.989546
0.999994
1
1
1
0.983776
0.975194
0.975182
0.975181
0.975182
0.993192
0.999999
1
1
1
1
1
1
0.999998
0.999998
0.999999
0.999994
0.999985
0.999985
0.999994
0.999999
0.999976
0.999954
0.999954
0.999972
0.999998
0.999998
0.999166
0.997656
0.997636
0.998973
0.999897
0.999931
0.99993
0.997702
0.987675
0.987516
0.987513
0.987513
0.991442
0.999079
0.999915
0.998476
0.996747
0.996745
0.996745
0.997643
0.999764
0.999979
0.999979
0.999762
0.99607
0.995411
0.995415
0.998134
0.999499
0.996375
0.992104
0.992124
0.992125
0.996978
0.999997
0.99617
0.995746
0.995749
0.99802
0.999228
0.99922
0.990853
0.99077
0.99077
0.991368
0.997268
0.999995
1
1
0.999999
0.999996
0.999995
0.999997
1
1
0.998547
0.996467
0.997087
0.999003
0.999957
1
0.999979
0.985588
0.985388
0.985387
0.985388
0.985704
0.996835
1
1
1
1
0.990113
0.975438
0.975446
0.975943
0.994073
0.999962
0.999998
1
1
1
1
1
1
0.999996
0.999996
0.999997
1
0.999996
0.999985
0.999985
0.999994
0.999998
0.999998
0.999957
0.999972
0.999998
0.999998
0.999992
0.999992
0.999042
0.996974
0.996973
0.996973
0.999315
0.99993
0.994498
0.987517
0.987513
0.987513
0.987513
0.987513
0.997264
0.999998
0.999999
1
0.999303
0.996849
0.996796
0.998835
0.999974
0.997496
0.996328
0.996305
0.998572
0.999571
0.994351
0.992105
0.992104
0.992105
0.993208
0.998055
0.99996
0.999998
0.999658
0.996685
0.995746
0.99576
0.998495
0.999145
0.995729
0.992581
0.994129
0.997978
0.999878
1
1
1
1
1
1
1
1
0.999846
0.999555
0.999505
0.99957
0.999764
0.999969
1
0.999995
0.990746
0.994497
0.998584
0.999676
0.999945
0.999997
1
1
1
1
0.997246
0.98365
0.987331
0.99743
0.999995
1
1
1
1
1
1
1
1
1
1
0.999999
1
1
1
1
1
0.999998
0.999968
0.999965
0.999986
1
1
1
0.99914
0.998272
0.998401
0.999164
0.99878
0.997682
0.997682
0.997697
0.997755
0.997745
0.997692
0.997708
0.998056
0.999115
0.999988
1
1
0.999799
0.999171
0.998987
0.999288
0.999966
1
0.99874
0.99693
0.997459
0.999606
0.999538
0.999
0.998252
0.998253
0.99876
0.999631
0.999992
0.999999
0.999941
0.999623
0.999004
0.998897
0.999208
0.999832
0.999997
0.999999
1
1
1
1
1
1
1
1
1
1
0.999999
0.999999
1
1
1
1
1
1
1
0.999963
1
1
1
1
1
1
1
1
1
1
1
1
1
1
1
1
1
1
1
1
1
1
1
1
1
1
1
1
1
1
1
1
1
1
1
1
0.999998
0.999984
0.999975
0.999987
0.999998
0.999993
0.999966
0.999957
0.999989
1
1
1
1
1
1
0.999999
1
1
1
1
1
1
0.999999
1
1
0.999982
0.99998
0.999991
1
1
1
1
1
1
1
1
1
1
1
1
1
1
1
1
1
1
1
1
1
1
1
1
1
1
1
1
1
1
1
1
1
1
1
1
1
1
1
1
1
1
1
1
1
1
1
1
1
1
1
1
1
1
1
1
1
1
1
1
1
1
1
1
1
1
1
1
1
1
1
1
1
1
1
1
1
1
1
1
1
1
1
1
1
1
1
1
1
1
1
1
1
1
1
1
1
1
1
1
1
1
1
1
1
1
1
1
1
1
1
1
1
1
1
1
1
1
1
1
1
1
1
1
1
0.99998
0.999621
0.99965
0.999923
0.99966
0.9981
0.995158
0.9916
0.989439
0.987263
0.231976
0.235532
0.235588
0.234727
0.231602
0.226245
0.223307
0.223445
0.224696
0.230423
0.24576
0.261097
0.261795
0.257564
0.248749
0.240428
0.235814
0.233795
0.232335
0.230552
0.228723
0.227892
0.227875
0.227987
0.228269
0.228662
0.229081
0.229474
0.229828
0.230168
0.230528
0.230942
0.231428
0.231984
0.232622
0.233362
0.234292
0.235748
0.238213
0.240991
0.242146
0.242497
0.242915
0.243586
0.246074
0.252244
0.2562
0.256166
0.255989
0.255269
0.251965
0.246627
0.244427
0.24399
0.243451
0.24348
0.243384
0.242625
0.240824
0.240646
0.242034
0.246087
0.248003
0.246983
0.246282
0.247108
0.249347
0.253788
0.254836
0.25244
0.246275
0.240705
0.24038
0.242037
0.245087
0.245167
0.242594
0.238616
0.239653
0.245094
0.247232
0.245776
0.240837
0.232355
0.225809
0.222047
0.219639
0.217563
0.215366
0.212949
0.210342
0.20764
0.206062
0.205619
0.204589
0.201685
0.197667
0.193884
0.191865
0.188125
2.82959e-09
1.21927e-09
2.64995e-09
5.02706e-09
1.21393e-08
2.6061e-08
3.57889e-08
3.8214e-08
4.01025e-08
2.48101e-08
1.23428e-09
4.74727e-11
1.80745e-12
6.81057e-14
6.07339e-09
1.92719e-08
2.45741e-08
2.26168e-08
2.09553e-08
2.16185e-08
2.26359e-08
2.14543e-08
1.89803e-08
1.7023e-08
1.53258e-08
1.38493e-08
1.26979e-08
1.19194e-08
1.14646e-08
1.12567e-08
1.12495e-08
1.14335e-08
1.18235e-08
1.24129e-08
1.31954e-08
1.41602e-08
1.50445e-08
1.46467e-08
1.29134e-08
1.15912e-08
1.21973e-08
1.33245e-08
1.54452e-08
1.6363e-08
1.24157e-08
6.18502e-09
5.24398e-09
6.44414e-09
7.74424e-09
8.94159e-09
1.36362e-08
1.79054e-08
1.86388e-08
1.66279e-08
1.49559e-08
1.373e-08
1.29476e-08
1.33491e-08
1.41918e-08
1.449e-08
1.3275e-08
1.01479e-08
1.06872e-08
1.2816e-08
1.37999e-08
1.52431e-08
1.22181e-08
8.4848e-09
9.15878e-09
9.91183e-09
1.41191e-08
1.7024e-08
1.51338e-08
1.25429e-08
1.06224e-08
1.07499e-08
1.26831e-08
1.36281e-08
1.14905e-08
1.00951e-08
9.31481e-09
8.38289e-09
1.0458e-08
1.19328e-08
1.31558e-08
1.23952e-08
1.11808e-08
1.01514e-08
9.47066e-09
8.71696e-09
8.33348e-09
7.91037e-09
6.66134e-09
5.87128e-09
5.36311e-09
4.76679e-09
5.16645e-09
4.81351e-09
5.2522e-09
4.39342e-09
3.12675e-13
4.85713e-14
2.28029e-13
9.09611e-13
3.97668e-12
1.31315e-11
2.19165e-11
2.38723e-11
2.23648e-11
8.69894e-12
8.13661e-10
1.65462e-14
6.16522e-16
2.27117e-17
6.81057e-14
7.6753e-12
1.17844e-11
1.08258e-11
9.8017e-12
1.03219e-11
1.10179e-11
1.00401e-11
8.22509e-12
6.83036e-12
5.71635e-12
4.82477e-12
4.17148e-12
3.74461e-12
3.49716e-12
3.37789e-12
3.35256e-12
3.4038e-12
3.53618e-12
3.75584e-12
4.07283e-12
4.49108e-12
4.85206e-12
4.53452e-12
3.58483e-12
2.95206e-12
3.23622e-12
3.85454e-12
4.8798e-12
5.227e-12
3.12184e-12
8.96675e-13
5.73288e-13
9.45653e-13
1.39568e-12
1.90332e-12
3.9991e-12
6.57848e-12
6.87248e-12
5.58847e-12
4.68147e-12
4.04233e-12
3.65629e-12
3.92391e-12
4.4929e-12
4.61204e-12
3.75246e-12
2.33642e-12
2.4676e-12
3.46803e-12
4.05889e-12
4.49813e-12
3.02691e-12
1.60937e-12
1.71728e-12
2.19956e-12
4.25348e-12
5.90154e-12
4.8365e-12
3.38739e-12
2.4741e-12
2.51504e-12
3.45262e-12
4.07502e-12
2.99411e-12
2.11803e-12
1.76277e-12
1.58218e-12
2.40448e-12
3.27881e-12
3.95554e-12
3.56953e-12
2.98526e-12
2.52567e-12
2.23213e-12
1.94705e-12
1.80378e-12
1.65486e-12
1.24289e-12
9.66421e-13
8.21231e-13
7.33662e-13
8.9614e-13
8.40943e-13
9.54344e-13
7.25167e-13
7.10709e-17
7.93492e-18
3.4615e-17
2.33564e-16
1.61097e-15
7.37322e-15
1.43114e-14
1.55167e-14
1.21625e-14
3.07589e-15
1.91383e-13
1.05167e-16
8.61461e-18
3.9588e-19
2.27117e-17
3.48223e-15
6.48694e-15
6.18527e-15
5.60115e-15
5.98023e-15
6.41595e-15
5.61997e-15
4.30304e-15
3.32593e-15
2.59502e-15
2.05037e-15
1.67312e-15
1.43561e-15
1.29924e-15
1.23014e-15
1.2069e-15
1.21725e-15
1.26129e-15
1.34265e-15
1.46909e-15
1.64444e-15
1.77756e-15
1.58407e-15
1.1432e-15
8.81366e-16
9.95207e-16
1.27156e-15
1.71661e-15
1.79197e-15
8.3766e-16
1.55673e-16
7.58585e-17
1.59879e-16
2.93216e-16
4.89035e-16
1.37438e-15
2.75226e-15
2.87851e-15
2.15569e-15
1.67967e-15
1.36467e-15
1.18875e-15
1.31678e-15
1.60172e-15
1.62752e-15
1.16322e-15
6.01413e-16
6.31189e-16
1.02359e-15
1.29519e-15
1.40831e-15
7.8928e-16
3.27187e-16
3.43799e-16
5.38662e-16
1.40836e-15
2.22902e-15
1.68718e-15
9.9743e-16
6.3101e-16
6.45616e-16
1.02775e-15
1.31909e-15
8.38186e-16
4.67907e-16
3.47704e-16
3.18658e-16
5.98953e-16
9.87064e-16
1.30069e-15
1.11954e-15
8.61108e-16
6.71569e-16
5.5495e-16
4.53455e-16
4.01646e-16
3.51125e-16
2.3251e-16
1.57424e-16
1.24955e-16
1.16068e-16
1.63407e-16
1.5638e-16
1.83551e-16
1.26487e-16
3.31949e-18
5.01547e-19
3.77861e-20
8.01034e-20
7.58881e-19
4.40065e-18
9.45713e-18
1.72167e-17
2.49348e-17
2.08058e-17
7.15301e-16
8.90559e-17
5.79432e-18
1.21813e-19
1.11717e-19
1.7816e-18
3.98279e-18
4.03822e-18
3.71953e-18
4.00891e-18
4.28516e-18
3.62659e-18
2.62558e-18
1.90317e-18
1.3926e-18
1.03527e-18
8.00103e-19
6.56939e-19
5.75311e-19
5.3228e-19
5.14028e-19
5.12413e-19
5.26262e-19
5.57065e-19
6.08695e-19
6.82236e-19
7.28114e-19
6.19491e-19
4.16523e-19
3.05572e-19
3.50513e-19
4.69746e-19
6.56696e-19
7.05374e-19
6.84974e-19
2.76962e-19
2.97508e-20
3.32467e-20
7.38731e-20
1.508e-19
5.41826e-19
1.27283e-18
1.33332e-18
9.34338e-19
6.7956e-19
5.21064e-19
4.38271e-19
4.94703e-19
6.25333e-19
6.19533e-19
3.90111e-19
1.71751e-19
1.77043e-19
3.22309e-19
4.33501e-19
4.5477e-19
2.73451e-19
7.34322e-20
7.43263e-20
1.43314e-19
4.95552e-19
8.82302e-19
6.21205e-19
3.14002e-19
1.745e-19
1.79788e-19
3.26683e-19
4.47749e-19
2.46559e-19
1.09111e-19
7.24908e-20
6.88743e-20
1.59911e-19
3.16818e-19
4.52579e-19
3.70971e-19
2.6117e-19
1.86005e-19
1.4193e-19
1.07267e-19
8.97629e-20
7.41381e-20
4.31982e-20
2.54643e-20
1.91006e-20
1.89366e-20
3.11019e-20
3.05917e-20
3.70087e-20
2.31826e-20
2.50614e-18
4.40168e-19
1.43736e-20
6.03563e-23
3.99849e-22
2.72839e-21
6.24308e-21
7.04985e-18
1.87988e-17
2.00705e-17
1.05076e-17
2.4948e-18
2.55468e-19
7.80029e-21
4.87183e-23
1.02468e-21
2.69879e-21
2.94194e-21
2.78311e-21
3.0226e-21
3.20805e-21
2.63915e-21
1.82552e-21
1.25116e-21
8.64453e-22
6.0815e-22
4.46985e-22
3.5178e-22
2.97928e-22
2.6873e-22
2.54524e-22
2.49662e-22
2.52755e-22
2.64213e-22
2.8571e-22
3.16951e-22
3.30983e-22
2.69798e-22
1.71739e-22
1.21083e-22
1.393e-22
1.91776e-22
2.70885e-22
4.26309e-20
4.45324e-19
2.49994e-19
1.34152e-20
9.36276e-24
2.22822e-23
5.46998e-23
2.4048e-22
6.41617e-22
6.73965e-22
4.48316e-22
3.06116e-22
2.22299e-22
1.80579e-22
2.04851e-22
2.63273e-22
2.51011e-22
1.44589e-22
5.38453e-23
5.37187e-23
1.06432e-22
1.49143e-22
1.48933e-22
6.16182e-20
1.41261e-21
1.72817e-23
4.06661e-23
1.81076e-22
3.57806e-22
2.36459e-22
1.04061e-22
5.16728e-23
5.35893e-23
1.08998e-22
1.56496e-22
8.06059e-23
2.6872e-23
1.60013e-23
1.58996e-23
4.51701e-23
1.06226e-22
1.62919e-22
1.26948e-22
8.14741e-23
5.24937e-23
3.65137e-23
2.52859e-23
1.98891e-23
1.54595e-23
7.94228e-24
4.10186e-24
2.95291e-24
3.18806e-24
6.14663e-24
6.24937e-24
7.77368e-24
4.44519e-24
7.07982e-21
3.36159e-21
5.38204e-22
7.81055e-24
2.41175e-25
1.74509e-24
4.12823e-24
6.49958e-24
1.03059e-20
2.12913e-20
1.95822e-20
7.49267e-21
1.11243e-21
4.95064e-23
3.41086e-26
6.6012e-25
2.00642e-24
2.35764e-24
2.30225e-24
2.51868e-24
2.65336e-24
2.13431e-24
1.42301e-24
9.29422e-25
6.1043e-25
4.0868e-25
2.86818e-25
2.16775e-25
1.77528e-25
1.55845e-25
1.44338e-25
1.38782e-25
1.37848e-25
1.41464e-25
1.50259e-25
1.63528e-25
1.66124e-25
1.30192e-25
7.93305e-26
5.4033e-26
6.16699e-26
8.57454e-26
1.20193e-25
1.12804e-25
8.42622e-23
1.65079e-22
4.38525e-23
6.89245e-27
8.00053e-27
2.28697e-26
1.18478e-25
3.49795e-25
3.68902e-25
2.35651e-25
1.51987e-25
1.04853e-25
8.21384e-26
9.23945e-26
1.18391e-25
1.07461e-25
4.35245e-24
1.83373e-26
1.73938e-26
3.63868e-26
5.20389e-26
4.89013e-26
2.18058e-23
4.70999e-24
4.2858e-27
1.2084e-26
6.75759e-26
1.46522e-25
9.17645e-26
3.58617e-26
1.6177e-26
1.68674e-26
3.76922e-26
5.56899e-26
5.62571e-24
7.19744e-27
3.72715e-27
3.88302e-27
1.33164e-26
3.66031e-26
5.96326e-26
4.40455e-26
2.56495e-26
1.48068e-26
9.30133e-27
5.88772e-27
4.34667e-27
3.16877e-27
1.44182e-27
6.5942e-28
4.63445e-28
5.53465e-28
1.25646e-27
1.32668e-27
1.69435e-27
8.89134e-28
3.44436e-24
4.37533e-24
2.48259e-24
2.90568e-25
2.36225e-28
1.15547e-27
2.76437e-27
4.03279e-27
5.78648e-27
8.14216e-24
1.29736e-23
8.96801e-24
2.4778e-24
2.31385e-25
7.22953e-28
4.75346e-28
1.62913e-27
2.05917e-27
2.07995e-27
2.29322e-27
2.4007e-27
1.89814e-27
1.2289e-27
7.7034e-28
4.83917e-28
3.09896e-28
2.08442e-28
1.51577e-28
1.20054e-28
1.02437e-28
9.25465e-29
8.69438e-29
8.43931e-29
8.46116e-29
8.7754e-29
9.30855e-29
9.16499e-29
6.92458e-29
4.06757e-29
2.6826e-29
3.01068e-29
4.17317e-29
5.73767e-29
5.04246e-29
4.02359e-29
4.87809e-26
4.7194e-26
3.40639e-27
3.46688e-30
1.08334e-29
6.41184e-29
2.05249e-28
2.1754e-28
1.34644e-28
8.24923e-29
5.41891e-29
4.08337e-29
4.49893e-29
5.651e-29
4.83958e-29
3.47477e-27
6.75019e-30
5.93972e-30
1.27493e-29
1.82358e-29
1.59675e-29
4.8907e-27
3.0083e-27
1.11899e-30
3.69857e-30
2.54313e-29
5.99632e-29
3.60506e-29
1.27438e-29
5.29308e-30
5.53669e-30
1.33709e-29
2.00269e-29
3.91129e-27
2.5147e-28
9.13999e-31
9.91859e-31
4.04342e-30
1.27832e-29
2.18731e-29
1.52481e-29
8.01441e-30
4.11875e-30
2.33007e-30
1.34888e-30
9.32941e-31
6.36214e-31
2.5807e-31
1.05948e-31
7.39778e-32
9.8964e-32
2.649e-31
2.91694e-31
3.82271e-31
1.85187e-31
1.44055e-30
9.96479e-28
2.33205e-27
1.41411e-27
5.12361e-29
8.06756e-31
1.89919e-30
2.59165e-30
3.24004e-30
3.19587e-30
2.31339e-27
4.15621e-27
3.25607e-27
9.57185e-28
3.90792e-29
3.89111e-31
1.43874e-30
1.94735e-30
2.03546e-30
2.26351e-30
2.35904e-30
1.8418e-30
1.16507e-30
7.05318e-31
4.26096e-31
2.62186e-31
1.69571e-31
1.18854e-31
9.10671e-32
7.54512e-32
6.63604e-32
6.07493e-32
5.74355e-32
5.60364e-32
5.64877e-32
5.81298e-32
5.53348e-32
4.03815e-32
2.29637e-32
1.46732e-32
1.60807e-32
2.20131e-32
2.94869e-32
2.44305e-32
1.74617e-32
1.49679e-32
1.81026e-29
7.67155e-30
1.85822e-33
5.73516e-33
3.78143e-32
1.29182e-31
1.37683e-31
8.31241e-32
4.86119e-32
3.04532e-32
2.20068e-32
2.34893e-32
2.85056e-32
2.28605e-32
1.75314e-30
5.89005e-32
2.11893e-33
4.54146e-33
6.36905e-33
5.15128e-33
6.78924e-31
1.08196e-30
3.01939e-34
1.14913e-33
9.55187e-33
2.43345e-32
1.44179e-32
1.90511e-32
1.79548e-33
1.87569e-33
4.82546e-33
7.23661e-33
1.88394e-30
4.3388e-31
2.35744e-34
2.61871e-34
1.24862e-33
4.46803e-33
7.93615e-33
5.1928e-33
2.45639e-33
1.12312e-33
5.72215e-34
3.02987e-34
1.95945e-34
1.24787e-34
4.55005e-35
1.70234e-35
1.2019e-35
1.82039e-35
5.74795e-35
6.62662e-35
8.91415e-35
4.01168e-35
8.41296e-34
1.10296e-33
5.05853e-31
1.4071e-30
3.84597e-31
6.0619e-34
1.35536e-33
1.7539e-33
1.98348e-33
1.73534e-33
1.35312e-33
1.17007e-33
9.05797e-31
1.50112e-30
3.58682e-31
3.65292e-34
1.37656e-33
1.9842e-33
2.14506e-33
2.40819e-33
2.50367e-33
1.93775e-33
1.20381e-33
7.0763e-34
4.13074e-34
2.45183e-34
1.52916e-34
1.0347e-34
7.67202e-35
6.16731e-35
5.27187e-35
4.69222e-35
4.3094e-35
4.07855e-35
3.98207e-35
3.96202e-35
3.64031e-35
2.56886e-35
1.41752e-35
8.77332e-36
9.33907e-36
1.25431e-35
1.63167e-35
1.2849e-35
8.4457e-36
6.71625e-36
1.11095e-33
5.04294e-33
1.11057e-34
3.35805e-36
2.41519e-35
8.69773e-35
9.32415e-35
5.51809e-35
3.09249e-35
1.84915e-35
1.27729e-35
1.30796e-35
1.51472e-35
1.13025e-35
7.65113e-34
1.13246e-34
7.84229e-37
1.63374e-36
2.20336e-36
1.63256e-36
7.35228e-37
2.54089e-34
8.24426e-38
3.57833e-37
3.54925e-36
9.73243e-36
2.11568e-34
2.90723e-34
6.26798e-37
6.50266e-37
1.75949e-36
2.61498e-36
5.69619e-34
2.68915e-34
6.3767e-38
7.06182e-38
3.87382e-37
1.54445e-36
2.81386e-36
1.72164e-36
7.34526e-37
2.99371e-37
1.37358e-37
6.65144e-38
4.01476e-38
2.38617e-38
7.89666e-39
2.7359e-39
1.98766e-39
3.44037e-39
1.28159e-38
1.55293e-38
2.14663e-38
9.03225e-39
5.43951e-37
7.19819e-37
1.10091e-36
4.53794e-34
5.92441e-34
4.90442e-37
1.01474e-36
1.26284e-36
1.3325e-36
1.0839e-36
8.0465e-37
7.05369e-37
9.73295e-37
3.92336e-34
6.13492e-34
6.69569e-37
1.42152e-36
2.16957e-36
2.42356e-36
2.7494e-36
2.85705e-36
2.1993e-36
1.34762e-36
7.72747e-37
4.37666e-37
2.5144e-37
1.51599e-37
9.91683e-38
7.11791e-38
5.54818e-38
4.60315e-38
3.976e-38
3.5394e-38
3.24141e-38
3.05696e-38
2.93351e-38
2.5984e-38
1.7741e-38
9.5103e-39
5.69775e-39
5.8679e-39
7.69825e-39
9.71633e-39
7.33246e-39
4.52504e-39
3.41088e-39
3.73526e-39
1.57559e-36
2.82341e-37
2.15511e-39
1.66219e-38
6.24995e-38
6.7387e-38
3.92306e-38
2.11354e-38
1.20671e-38
7.94119e-39
7.73462e-39
8.45782e-39
5.83905e-39
3.01052e-37
1.01697e-37
2.99675e-40
5.90198e-40
7.51102e-40
5.05531e-40
1.99427e-40
3.59348e-38
2.23356e-41
1.10427e-40
1.29478e-39
3.8157e-39
2.18099e-39
1.8295e-37
2.23367e-40
2.29003e-40
6.4444e-40
9.41106e-40
1.31482e-37
1.13233e-37
1.79483e-41
1.92221e-41
1.19318e-40
5.21741e-40
9.65747e-40
5.52955e-40
2.13742e-40
7.78022e-41
3.2143e-41
1.42297e-41
8.00361e-42
4.44119e-42
1.34832e-42
4.39864e-43
3.34485e-43
6.67112e-43
2.9328e-42
3.74994e-42
5.33612e-42
2.11267e-42
3.83173e-40
5.11493e-40
8.07357e-40
1.1444e-39
4.04357e-37
7.41995e-39
8.02822e-40
9.72749e-40
9.81604e-40
7.67191e-40
5.58898e-40
5.01636e-40
7.44999e-40
1.17506e-39
3.34459e-37
2.4008e-38
1.57835e-39
2.53707e-39
2.92528e-39
3.35631e-39
3.49247e-39
2.68136e-39
1.62634e-39
9.13332e-40
5.03682e-40
2.80894e-40
1.64072e-40
1.03887e-40
7.22035e-41
5.45444e-41
4.38738e-41
3.67207e-41
3.16273e-41
2.79717e-41
2.54291e-41
2.34922e-41
2.00417e-41
1.32421e-41
6.89892e-42
3.99808e-42
3.97205e-42
5.0758e-42
6.21873e-42
4.53167e-42
2.66817e-42
1.93574e-42
2.13576e-42
1.21155e-40
2.21556e-40
1.5038e-42
1.22751e-41
4.78283e-41
5.18505e-41
2.97682e-41
1.54546e-41
8.4251e-42
5.26538e-42
4.84077e-42
4.9527e-42
3.14782e-42
1.13113e-40
6.99158e-41
1.17838e-43
2.13089e-43
2.5115e-43
1.57703e-43
5.4606e-44
1.81616e-44
5.9341e-45
3.34272e-44
4.60541e-43
1.45953e-42
8.31234e-43
6.51353e-41
8.05762e-44
8.13942e-44
2.35905e-43
3.36061e-43
2.59659e-41
3.62766e-41
8.64489e-44
5.21985e-45
3.60461e-44
1.70532e-43
3.1922e-43
1.71672e-43
6.03849e-44
1.96671e-44
7.31458e-45
2.95896e-45
1.54889e-45
8.03558e-46
2.26408e-46
7.07456e-47
5.72432e-47
1.32557e-46
6.88286e-46
9.32381e-46
1.36911e-45
5.13248e-46
2.90528e-43
3.91172e-43
6.33881e-43
9.30679e-43
1.64281e-40
3.21016e-41
6.73849e-43
8.03143e-43
7.90131e-43
6.07066e-43
4.42263e-43
4.08493e-43
6.45902e-43
1.11794e-42
4.57993e-41
3.87907e-41
1.87702e-42
3.16342e-42
3.76083e-42
4.36759e-42
4.55855e-42
3.49883e-42
2.10696e-42
1.16277e-42
6.26276e-43
3.39887e-43
1.92692e-43
1.18223e-43
7.95869e-44
5.82439e-44
4.53788e-44
3.67559e-44
3.05852e-44
2.60815e-44
2.28193e-44
2.02668e-44
1.66401e-44
1.06388e-44
5.38675e-45
3.01763e-45
2.88612e-45
3.58624e-45
4.27034e-45
3.02498e-45
1.72038e-45
1.21455e-45
1.35206e-45
1.43744e-45
1.11048e-43
1.13337e-45
9.69223e-45
3.8901e-44
4.23838e-44
2.40377e-44
1.20482e-44
6.26962e-45
3.70977e-45
3.19753e-45
3.03654e-45
1.769e-45
4.12776e-44
4.26028e-44
4.75924e-47
7.65802e-47
8.2025e-47
4.69449e-45
1.87467e-45
4.35158e-48
1.52844e-48
9.82959e-48
1.58687e-46
5.42272e-46
3.10939e-46
1.60692e-44
2.91963e-47
2.903e-47
8.592e-47
1.18637e-46
5.44265e-45
9.4286e-45
1.81115e-46
1.3972e-48
1.05618e-47
5.359e-47
1.01397e-46
5.14213e-47
1.65265e-47
4.82512e-48
1.61502e-48
5.96642e-49
2.90401e-49
1.41193e-49
3.73752e-50
1.13802e-50
9.95613e-51
2.69645e-50
1.6557e-49
2.38596e-49
3.62613e-49
1.29492e-49
2.34893e-46
3.19149e-46
5.29249e-46
8.0107e-46
7.68646e-45
3.73575e-44
6.00694e-46
7.10457e-46
6.91562e-46
5.30716e-46
3.9136e-46
3.7296e-46
6.23018e-46
1.16711e-45
1.43345e-45
2.99804e-44
2.38241e-45
4.1945e-45
5.13667e-45
6.04267e-45
6.33544e-45
4.87087e-45
2.91953e-45
1.58792e-45
8.37511e-46
4.43283e-46
2.4431e-46
1.45379e-46
9.48179e-47
6.72004e-47
5.06743e-47
3.96804e-47
3.18621e-47
2.61639e-47
2.20028e-47
1.87663e-47
1.48191e-47
9.1657e-48
4.5093e-48
2.44045e-48
2.24375e-48
2.70842e-48
3.13949e-48
2.17411e-48
1.20572e-48
8.34949e-49
9.38527e-49
1.04501e-48
5.07574e-47
9.17606e-49
8.15704e-48
3.35646e-47
3.67324e-47
2.0603e-47
9.98356e-48
4.95694e-48
2.76907e-48
2.22407e-48
1.94681e-48
1.03538e-48
1.54231e-47
2.48424e-47
1.97394e-50
2.7301e-50
2.60593e-50
2.74015e-48
1.79816e-48
1.01077e-51
3.77296e-52
2.78126e-51
5.26346e-50
1.94862e-49
1.13701e-49
2.57402e-48
1.05555e-50
1.03356e-50
3.1005e-50
4.12512e-50
1.77442e-48
2.03483e-48
9.36345e-50
3.64056e-52
2.97644e-51
1.61434e-50
3.09058e-50
1.51597e-50
4.37633e-51
1.14665e-51
3.45252e-52
1.16407e-52
5.26553e-53
2.40725e-53
6.06351e-54
1.83029e-54
1.75871e-54
5.61087e-54
4.08133e-53
6.28275e-53
9.91623e-53
3.39289e-53
2.01012e-49
2.75901e-49
4.67437e-49
7.27438e-49
7.90848e-49
2.70862e-47
5.68431e-49
6.72104e-49
6.5466e-49
5.07472e-49
3.818e-49
3.75914e-49
6.59683e-49
1.32415e-48
1.75524e-48
1.77477e-47
3.21723e-48
5.89988e-48
7.43643e-48
8.8676e-48
9.35187e-48
7.21426e-48
4.31315e-48
2.31777e-48
1.19981e-48
6.20495e-49
3.32914e-49
1.92295e-49
1.21537e-49
8.33952e-50
6.0826e-50
4.60057e-50
3.56119e-50
2.81306e-50
2.2715e-50
1.85886e-50
1.41091e-50
8.43912e-51
4.03278e-51
2.1076e-51
1.86089e-51
2.1811e-51
2.46536e-51
1.67692e-51
9.13471e-52
6.24139e-52
7.0864e-52
8.22477e-52
2.0571e-50
7.94481e-52
7.29737e-51
3.06669e-50
3.369e-50
1.87016e-50
8.7702e-51
4.15256e-51
2.18424e-51
1.62594e-51
1.30393e-51
6.3062e-52
6.94277e-51
1.45334e-50
8.42802e-54
9.62756e-54
8.02066e-54
5.95852e-52
8.34381e-52
1.03951e-54
8.83324e-56
7.49911e-55
1.6699e-53
6.74375e-53
4.04865e-53
1.4594e-53
3.78801e-54
3.65583e-54
1.1041e-53
1.40733e-53
9.43344e-52
3.96563e-52
2.79291e-53
9.13235e-56
8.02749e-55
4.65413e-54
9.02643e-54
2.765e-52
1.11981e-54
2.6346e-55
7.13221e-56
2.19315e-56
9.21837e-57
3.97955e-57
9.66435e-58
2.942e-58
3.15345e-58
1.19361e-57
1.03083e-56
1.70241e-56
2.80089e-56
9.2325e-57
1.80989e-52
2.51357e-52
4.34836e-52
6.94949e-52
7.77823e-52
1.85732e-50
5.70159e-52
6.78198e-52
6.66752e-52
5.26244e-52
4.06089e-52
4.13373e-52
7.58916e-52
1.62011e-51
2.29897e-51
7.63337e-51
4.60952e-51
8.78382e-51
1.13876e-50
1.3774e-50
1.46291e-50
1.13397e-50
6.7746e-51
3.60458e-51
1.83499e-51
9.28759e-52
4.85687e-52
2.72508e-52
1.6694e-52
1.10878e-52
7.81784e-53
5.70722e-53
4.25534e-53
3.23068e-53
2.50275e-53
1.96364e-53
1.4318e-53
8.27855e-54
3.84111e-54
1.93782e-54
1.64206e-54
1.86848e-54
2.06291e-54
1.38359e-54
7.44446e-55
5.04072e-55
5.78149e-55
6.96754e-55
4.56837e-54
7.32889e-55
6.92272e-54
2.96207e-53
3.26451e-53
1.79421e-53
8.1491e-54
3.67747e-54
1.81694e-54
1.24744e-54
9.11673e-55
3.99415e-55
5.1469e-54
9.17929e-54
3.79799e-57
3.35195e-57
2.38184e-57
1.75302e-55
3.53517e-55
1.29681e-56
1.95142e-59
1.9073e-58
5.03419e-57
2.23792e-56
1.39849e-56
5.08705e-57
1.34307e-57
1.27892e-57
3.86457e-57
4.69257e-57
4.26998e-55
8.0837e-56
5.61292e-57
2.18963e-59
2.06634e-58
1.28192e-57
2.52258e-57
1.35e-55
2.84955e-58
5.85103e-59
1.42126e-59
3.98264e-60
1.55593e-60
6.37491e-61
1.51277e-61
4.72449e-62
5.7371e-62
2.59482e-61
2.66789e-60
4.74775e-60
8.17456e-60
2.60921e-60
1.70639e-55
2.40258e-55
4.2452e-55
6.96681e-55
8.02928e-55
1.17706e-53
6.04944e-55
7.27793e-55
7.26981e-55
5.87576e-55
4.66753e-55
4.91403e-55
9.40927e-55
2.12428e-54
3.20684e-54
2.05172e-54
6.98968e-54
1.38141e-53
1.84108e-53
2.26029e-53
2.42025e-53
1.88742e-53
1.1285e-53
5.95629e-54
2.98707e-54
1.48175e-54
7.56048e-55
4.12321e-55
2.44869e-55
1.57393e-55
1.07231e-55
7.55093e-56
5.41916e-56
3.95138e-56
2.9346e-56
2.20606e-56
1.54444e-56
8.62844e-57
3.88556e-57
1.8918e-57
1.53782e-57
1.69887e-57
1.83492e-57
1.21735e-57
6.49766e-58
4.3745e-58
5.06834e-58
6.32205e-58
3.73014e-58
7.18092e-58
6.94916e-57
3.01979e-56
3.33672e-56
1.8161e-56
7.99332e-57
3.43603e-57
1.59107e-57
1.00312e-57
6.64999e-58
2.64125e-58
5.41989e-57
7.16394e-57
9.125e-59
1.1584e-60
6.79758e-61
1.36788e-58
1.76717e-58
1.66132e-59
4.27308e-63
4.52599e-62
1.43191e-60
7.08877e-60
4.66819e-60
1.73378e-60
4.68415e-61
4.40595e-61
1.32424e-60
2.5125e-60
2.66689e-58
5.58112e-59
1.96217e-60
8.89097e-63
5.0687e-62
3.36734e-61
6.73629e-61
4.26139e-59
8.86991e-60
1.2619e-62
2.72825e-63
6.95867e-64
2.52838e-64
9.89098e-65
2.32704e-65
7.60626e-66
1.06131e-65
5.76319e-65
7.07666e-64
1.36319e-63
2.46627e-63
7.65893e-64
1.67805e-58
2.4005e-58
4.33603e-58
7.31181e-58
8.68434e-58
5.4264e-57
6.77393e-58
8.28063e-58
8.44742e-58
7.02114e-58
5.7562e-58
6.26932e-58
1.24915e-57
2.96973e-57
4.74635e-57
3.24448e-57
1.11923e-56
2.29065e-56
3.13719e-56
3.91169e-56
4.22697e-56
3.31997e-56
1.98928e-56
1.04321e-56
5.1617e-57
2.51263e-57
1.25207e-57
6.64083e-58
3.82397e-58
2.37824e-58
1.56497e-58
1.06242e-58
7.33482e-59
5.1332e-59
3.65246e-59
2.62921e-59
1.7664e-59
9.5311e-60
4.164e-60
1.95623e-60
1.52507e-60
1.63588e-60
1.73096e-60
1.13886e-60
6.05049e-61
4.06055e-61
4.75197e-61
6.11883e-61
3.79526e-61
7.45357e-61
7.36716e-60
3.24473e-59
3.59238e-59
1.93638e-59
8.26253e-60
3.38151e-60
1.46459e-60
8.44645e-61
5.05831e-61
9.42745e-61
4.34051e-60
6.76229e-60
6.83284e-61
4.47907e-64
2.10973e-64
1.42001e-61
1.36689e-61
2.62582e-62
1.07198e-65
1.37694e-65
3.82266e-64
2.13303e-63
1.49994e-63
5.75474e-64
1.6002e-64
1.48846e-64
4.4238e-64
9.63748e-61
2.0838e-60
1.39206e-60
2.308e-61
1.86316e-63
1.2471e-65
8.42067e-65
1.71645e-64
3.04793e-62
1.05304e-62
2.73107e-66
5.0473e-67
1.16828e-67
3.95449e-68
2.80166e-68
2.79037e-68
2.95625e-68
2.70035e-68
1.34374e-68
1.92445e-67
4.03128e-67
7.69529e-67
2.3352e-67
1.71823e-61
2.50368e-61
4.62846e-61
8.02907e-61
9.84588e-61
6.29403e-61
8.02779e-61
1.00096e-60
1.04813e-60
9.00979e-61
7.66131e-61
8.63315e-61
1.77758e-60
4.42177e-60
7.45145e-60
5.43155e-60
1.89164e-59
4.00099e-59
5.6279e-59
7.13013e-59
7.78198e-59
6.16163e-59
3.7042e-59
1.93292e-59
9.44949e-60
4.51951e-60
2.20168e-60
1.13646e-60
6.34719e-61
3.81958e-61
2.42707e-61
1.588e-61
1.05439e-61
7.08168e-62
4.82605e-62
3.32418e-62
2.14206e-62
1.11671e-62
4.74535e-63
2.16137e-63
1.61681e-63
1.68003e-63
1.74113e-63
1.14178e-63
6.10339e-64
4.12901e-64
4.86387e-64
6.41791e-64
4.21973e-64
8.31245e-64
8.24909e-63
3.67102e-62
4.06975e-62
2.17282e-62
8.99676e-63
3.50979e-63
1.42526e-63
7.54679e-64
4.13476e-64
2.88526e-63
1.90578e-63
6.1962e-63
2.27129e-63
2.80349e-65
2.50349e-65
1.48613e-64
1.57491e-64
5.58416e-65
9.52035e-66
3.85976e-66
1.03501e-66
8.79289e-67
4.83431e-67
2.27756e-67
5.38277e-68
4.9119e-68
1.43445e-67
2.36565e-67
1.89034e-67
4.75348e-64
4.69726e-64
6.68812e-65
3.56566e-69
2.00151e-68
4.16739e-68
1.90813e-68
3.90894e-66
9.02912e-68
9.10944e-71
4.60745e-71
4.80084e-71
1.30145e-68
2.44336e-68
2.83495e-68
2.49991e-68
1.56908e-70
5.49249e-71
1.22854e-70
2.48436e-70
7.39619e-71
4.55392e-64
7.25318e-64
1.24048e-63
2.1667e-63
3.33534e-63
4.1002e-63
5.07142e-63
6.32792e-63
7.68154e-63
8.92195e-63
9.97899e-63
1.12094e-62
1.38653e-62
2.08501e-62
3.33013e-62
3.86885e-62
6.28339e-62
1.01125e-61
1.30337e-61
1.56517e-61
1.66049e-61
1.31442e-61
8.02511e-62
4.28402e-62
2.16121e-62
1.07874e-62
5.53629e-63
3.01405e-63
1.75979e-63
1.09321e-63
7.12852e-64
4.84076e-64
3.44809e-64
2.59351e-64
1.86421e-64
1.19723e-64
7.54186e-65
4.80203e-65
3.42129e-65
2.59446e-65
2.03781e-65
1.69713e-65
1.50283e-65
1.31733e-65
1.19642e-65
1.18051e-65
1.23106e-65
1.30151e-65
1.35988e-65
1.4542e-65
2.42739e-65
5.82073e-65
6.10709e-65
3.63676e-65
2.01481e-65
1.3532e-65
1.13081e-65
1.12711e-65
1.27368e-65
1.86747e-65
1.65428e-65
2.35305e-65
2.78423e-65
2.6375e-65
2.49863e-65
2.24894e-65
1.84174e-65
1.37615e-65
8.9886e-66
3.85059e-66
9.19702e-67
2.72975e-67
1.94956e-68
4.13998e-68
8.4579e-71
2.86882e-71
5.37531e-71
7.37423e-71
4.97207e-71
3.85969e-71
4.02523e-68
3.69592e-68
4.35547e-70
5.28455e-72
1.03284e-71
4.99974e-72
3.68011e-70
9.7328e-71
5.3107e-73
2.7182e-71
4.20715e-71
7.12722e-71
2.00587e-70
3.16108e-70
2.87268e-70
1.54065e-70
1.60755e-74
3.86677e-74
8.31143e-74
2.4481e-74
2.73434e-64
4.55392e-64
7.25318e-64
1.24048e-63
2.1667e-63
3.33534e-63
4.1002e-63
5.07142e-63
6.32792e-63
7.70122e-63
8.92195e-63
9.97899e-63
1.12094e-62
1.38653e-62
2.08501e-62
2.94342e-62
2.94005e-62
2.79803e-62
2.46109e-62
2.02722e-62
1.56978e-62
1.13233e-62
7.7266e-63
5.13732e-63
3.38049e-63
2.2124e-63
1.44999e-63
9.60656e-64
6.47494e-64
4.45729e-64
3.15738e-64
2.33812e-64
1.85156e-64
1.5662e-64
1.19723e-64
7.54186e-65
4.80203e-65
3.42129e-65
2.85431e-65
2.34576e-65
1.8572e-65
1.5138e-65
1.31733e-65
1.19734e-65
1.13295e-65
1.13837e-65
1.18051e-65
1.23137e-65
1.31277e-65
1.35988e-65
1.4542e-65
1.46642e-65
1.27381e-65
1.08136e-65
9.88661e-66
9.73112e-66
9.87443e-66
1.05825e-65
1.23937e-65
1.46734e-65
1.65197e-65
1.90308e-65
2.32733e-65
2.71039e-65
2.769e-65
2.71391e-65
2.48713e-65
2.01385e-65
1.33631e-65
6.42675e-66
1.86493e-66
2.62658e-67
1.72637e-68
1.13183e-69
5.56777e-71
1.24301e-71
8.83099e-72
5.64941e-72
3.23987e-72
2.10122e-72
1.64257e-72
4.20886e-72
1.29605e-72
7.71142e-73
7.03812e-73
7.54581e-73
6.69169e-73
5.45517e-73
5.15271e-73
4.96764e-73
4.64908e-73
3.79156e-73
1.75665e-73
1.10977e-74
6.8474e-76
1.45831e-76
6.88785e-77
7.93669e-77
1.2131e-76
1.54573e-76
9.20977e-13
1.72716e-14
1.92029e-17
2.30048e-22
4.53083e-25
6.93993e-27
1.16476e-27
1.33136e-29
2.00067e-31
3.38251e-33
7.84992e-35
2.50418e-36
1.24569e-37
1.32584e-37
2.86709e-35
6.98073e-32
1.80207e-29
1.43962e-27
5.70474e-26
1.16613e-24
2.64117e-23
7.47653e-22
1.94721e-20
3.31724e-19
4.62018e-18
6.68942e-17
5.42598e-16
2.47691e-15
7.37727e-15
1.22197e-14
1.18394e-14
6.69182e-15
1.21242e-15
4.50637e-17
3.76866e-19
2.18776e-21
6.43562e-23
4.40781e-23
3.78486e-23
3.13368e-23
2.35767e-23
1.64215e-23
1.0126e-23
4.2654e-24
7.91468e-25
4.11227e-26
5.15997e-28
2.98271e-30
1.97039e-32
8.71303e-34
1.27334e-13
3.0764e-15
8.3366e-18
9.56554e-23
2.1638e-25
1.37226e-27
3.21843e-28
3.15488e-30
3.82098e-32
4.74898e-34
7.98506e-36
2.00482e-37
7.28849e-39
5.32476e-39
9.24832e-39
8.69194e-36
7.87358e-33
1.21127e-30
1.18978e-28
4.54182e-27
1.07506e-25
3.90469e-24
2.19573e-22
3.1636e-21
2.71311e-20
2.35632e-19
1.75123e-18
8.88939e-18
3.17261e-17
5.81253e-17
5.77537e-17
3.64841e-17
7.91539e-18
3.53934e-19
3.2262e-21
1.848e-23
8.53871e-25
7.40071e-25
6.94027e-25
6.23083e-25
5.07653e-25
3.76188e-25
2.3914e-25
9.95079e-26
1.73606e-26
8.09336e-28
8.8843e-30
4.6508e-32
2.83042e-34
2.1864e-36
1.66814e-14
5.30525e-16
2.80233e-18
3.43475e-23
8.87038e-26
3.19801e-28
5.64253e-29
5.92898e-31
6.64665e-33
6.48103e-35
8.4451e-37
1.73907e-38
4.81019e-40
3.35959e-40
5.03725e-40
1.74167e-38
7.38799e-36
1.31566e-33
1.30732e-31
7.5178e-30
2.13759e-28
4.81873e-27
4.27253e-25
1.01238e-23
9.50587e-23
6.71617e-22
4.34677e-21
2.25517e-20
8.7296e-20
1.76092e-19
1.80446e-19
1.23171e-19
3.03793e-20
1.54548e-21
1.4712e-23
7.89039e-26
4.9669e-27
4.54591e-27
4.2526e-27
3.75993e-27
2.96259e-27
2.01469e-27
1.05329e-27
3.10437e-28
3.32174e-29
8.88437e-31
6.55645e-33
3.33778e-35
2.08052e-37
1.69303e-39
2.03772e-15
8.20439e-17
6.68924e-19
9.44261e-24
2.75287e-26
9.21688e-29
3.64735e-30
7.44306e-32
8.79219e-34
6.58855e-36
6.74018e-38
1.19794e-39
2.63975e-41
1.61458e-41
2.35126e-41
6.50887e-40
6.53189e-38
5.12854e-36
3.33867e-34
1.68871e-32
5.64622e-31
1.34927e-29
4.98023e-28
1.73231e-26
2.54481e-25
2.19435e-24
1.41835e-23
7.15124e-23
2.76261e-22
5.69496e-22
5.85846e-22
4.04911e-22
1.03806e-22
5.54087e-24
5.31641e-26
2.70947e-28
2.12705e-29
1.65002e-29
1.38517e-29
1.09108e-29
7.45453e-30
4.01978e-30
1.40001e-30
2.21301e-31
1.07097e-32
1.33575e-34
7.18809e-37
3.96907e-39
2.54637e-41
3.71939e-43
2.27031e-16
1.0933e-17
1.13785e-19
1.9307e-24
6.27313e-27
2.18874e-29
8.19248e-32
4.81244e-34
4.97047e-35
3.27554e-37
3.30147e-39
5.94082e-41
1.12635e-42
5.85435e-43
7.79875e-43
1.52908e-41
1.88946e-39
1.18209e-37
4.56228e-36
1.17814e-34
2.64832e-33
5.59235e-32
1.44053e-30
4.34546e-29
8.016e-28
8.2911e-27
5.53141e-26
2.67903e-25
9.84455e-25
1.93963e-24
1.95185e-24
1.30873e-24
3.26047e-25
1.70417e-26
1.57877e-28
7.8877e-31
6.87252e-32
4.63645e-32
3.41899e-32
2.28644e-32
1.2299e-32
4.47644e-33
8.34423e-34
5.58443e-35
1.04742e-36
6.92125e-39
3.61912e-41
2.16062e-43
1.43015e-45
5.70193e-47
2.03576e-17
9.44223e-19
9.03793e-21
-4.03e-38
-1.88906e-40
-4.91943e-43
-4.80413e-46
0
0
-5.72697e-53
1.11855e-55
8.00248e-43
2.30191e-44
1.16548e-44
1.50291e-44
1.26618e-43
2.08513e-41
1.64059e-39
7.10423e-38
1.68513e-36
2.70361e-35
3.85256e-34
7.33352e-33
1.78905e-31
3.35643e-30
3.70381e-29
2.47515e-28
1.12925e-27
3.80161e-27
6.7903e-27
6.59111e-27
4.1293e-27
9.50492e-28
4.58609e-29
3.93406e-31
1.92274e-33
1.76858e-34
1.02876e-34
6.31493e-35
3.16482e-35
1.06263e-35
1.83799e-36
1.20157e-37
2.37654e-39
1.71474e-41
9.21035e-44
5.41688e-46
3.34424e-48
2.56333e-50
3.36102e-51
-1.28537e-242
-1.16278e-167
5.39134e-152
0
1.18305e-121
1.66675e-111
3.84718e-103
1.92787e-99
2.05121e-93
2.11865e-92
1.82321e-88
4.79366e-88
6.4527e-88
4.98105e-56
7.66695e-50
1.48983e-46
7.42717e-44
8.70756e-42
4.79559e-40
1.40006e-38
2.52796e-37
3.44069e-36
5.27923e-35
1.04265e-33
1.79764e-32
1.93698e-31
1.2429e-30
5.21668e-30
1.55736e-29
2.42661e-29
2.24098e-29
1.27251e-29
2.58873e-30
1.09552e-31
8.40568e-34
3.96797e-36
3.5321e-37
1.62607e-37
7.09642e-38
1.97931e-38
2.60474e-39
1.22e-40
1.78083e-42
1.11038e-44
6.0819e-47
3.68729e-49
2.25981e-51
1.34926e-53
9.99517e-56
1.4846e-55
-3.52763e-321
3.59155e-150
3.81486e-150
9.38576e-120
1.84011e-109
4.43923e-101
2.79505e-97
3.03003e-91
2.99304e-90
1.49371e-86
3.06239e-86
2.25571e-86
8.94207e-85
9.15159e-85
2.50277e-53
1.96628e-49
1.99213e-46
3.16239e-44
2.18145e-42
8.11652e-41
1.88369e-39
3.16968e-38
4.7566e-37
7.80272e-36
1.16643e-34
1.15449e-33
6.84777e-33
2.58591e-32
6.64389e-32
8.8244e-32
7.64356e-32
3.82086e-32
6.59655e-33
2.34686e-34
1.57312e-36
6.9878e-39
4.72558e-40
1.34197e-40
2.92733e-41
2.74285e-42
7.86151e-44
6.84237e-46
3.21988e-48
1.65434e-50
9.85608e-53
5.70974e-55
1.25372e-56
1.81519e-56
4.81319e-56
7.60513e-56
-4.89125e-321
4.63086e-150
5.18905e-138
1.1699e-119
1.49283e-109
4.84642e-101
4.46512e-97
4.89555e-91
7.89605e-90
1.7451e-84
2.00735e-84
8.20755e-85
4.52006e-84
4.60407e-84
1.47146e-56
3.46149e-52
6.18192e-49
1.21763e-46
1.01229e-44
4.54451e-43
1.35847e-41
3.0436e-40
5.02232e-39
7.14344e-38
8.87929e-37
7.6698e-36
4.06046e-35
1.35041e-34
2.89712e-34
3.26832e-34
2.60627e-34
1.11046e-34
1.56992e-35
4.55119e-37
2.63492e-39
1.02295e-41
3.02728e-43
3.42725e-44
2.49101e-45
6.1222e-47
4.46177e-49
1.81463e-51
8.28298e-54
4.41529e-56
1.26849e-58
2.18576e-58
6.21077e-57
4.08615e-55
1.52672e-53
1.03893e-52
-4.15015e-321
6.04216e-150
1.6351e-138
1.46803e-119
1.28497e-109
5.33431e-101
5.73133e-97
7.28422e-91
3.97347e-88
2.79057e-83
2.67777e-83
9.6704e-84
1.35579e-83
1.1288e-76
1.65339e-59
8.52967e-55
2.46056e-51
5.84332e-49
5.74861e-47
2.97209e-45
1.12583e-43
3.19843e-42
5.9668e-41
7.73008e-40
7.82732e-39
5.62352e-38
2.56028e-37
7.31368e-37
1.26674e-36
1.24552e-36
8.80341e-37
3.09219e-37
3.48643e-38
8.07917e-40
4.03294e-42
1.28996e-44
1.03156e-46
2.98252e-48
6.74781e-50
6.94141e-52
3.523e-54
1.53883e-56
7.38147e-59
4.23984e-61
1.91773e-60
4.59098e-58
9.89811e-56
8.84012e-54
4.83707e-52
6.77427e-51
0
8.11988e-150
9.89652e-150
2.21679e-119
1.09503e-109
6.2896e-101
7.69194e-97
1.21805e-90
7.43326e-87
1.49162e-82
1.70598e-82
4.21097e-83
1.95489e-83
1.18232e-81
3.5941e-62
3.05974e-57
1.30435e-53
3.77217e-51
4.26142e-49
2.48282e-47
1.12365e-45
3.73446e-44
7.72467e-43
9.48608e-42
7.8883e-41
4.54122e-40
1.70817e-39
4.04912e-39
5.51551e-39
4.90778e-39
2.90584e-39
8.21099e-40
7.23506e-41
1.32766e-42
5.75523e-45
1.55529e-47
4.69356e-50
1.99363e-52
1.04502e-54
5.51437e-57
2.71016e-59
1.21636e-61
4.32691e-63
6.1104e-62
6.53542e-60
2.21969e-57
5.69602e-55
7.41397e-53
5.40124e-51
1.18157e-49
0
1.16698e-149
1.55595e-148
3.83036e-119
9.43981e-110
7.73665e-101
1.05024e-96
1.9511e-90
5.70674e-86
4.55746e-82
1.02784e-81
1.17874e-82
1.18232e-81
1.49939e-78
1.42739e-64
1.6211e-59
9.55795e-56
3.37723e-53
4.30276e-51
2.74365e-49
1.36191e-47
4.88086e-46
1.06676e-44
1.26207e-43
8.85352e-43
4.02018e-42
1.20278e-41
2.25714e-41
2.44807e-41
1.94203e-41
9.36987e-42
2.07308e-42
1.40771e-43
2.04844e-45
7.8186e-48
1.88368e-50
4.6386e-53
1.30348e-55
3.84e-58
1.16068e-60
3.48602e-63
5.60806e-65
1.34899e-63
1.53401e-61
1.60453e-59
6.66122e-57
2.04926e-54
3.3497e-52
2.96679e-50
8.65873e-49
0
1.88769e-149
8.04403e-135
7.32447e-119
8.48448e-110
1.0055e-100
1.49501e-96
3.10263e-90
2.56831e-85
1.54366e-81
2.57197e-80
1.28752e-78
1.08345e-77
1.00525e-77
9.52033e-67
1.24518e-61
1.02796e-57
4.12868e-55
5.65322e-53
3.79342e-51
1.96725e-49
7.13354e-48
1.55159e-46
1.75231e-45
1.06539e-44
3.83922e-44
8.85861e-44
1.24703e-43
1.14498e-43
7.57331e-44
2.8991e-44
4.95942e-45
2.58637e-46
3.01567e-48
1.03062e-50
2.25533e-53
5.02585e-56
1.27701e-58
3.37305e-61
9.12169e-64
2.11461e-66
2.38045e-65
2.27947e-63
2.62648e-61
3.02118e-59
1.46099e-56
5.14821e-54
9.77452e-52
9.90157e-50
3.49803e-48
0
3.99725e-149
9.08206e-135
1.42473e-118
8.11362e-110
1.39408e-100
2.24918e-96
5.05854e-90
8.64365e-85
6.88792e-81
7.72149e-79
1.39075e-76
7.19174e-75
2.02304e-75
9.65631e-69
1.35746e-63
1.4142e-59
6.27803e-57
9.14769e-55
6.34105e-53
3.31898e-51
1.15379e-49
2.35676e-48
2.47483e-47
1.32249e-46
3.84335e-46
6.66002e-46
7.0352e-46
5.56377e-46
2.88754e-46
8.55499e-47
1.12363e-47
4.52514e-49
4.30465e-51
1.33936e-53
2.67636e-56
5.4116e-59
1.24692e-61
2.97536e-64
6.59503e-67
4.11746e-67
2.60618e-65
2.89386e-63
3.59291e-61
4.41735e-59
2.44859e-56
9.55896e-54
2.03616e-51
2.2732e-49
9.2132e-48
0
8.44794e-149
3.18181e-148
2.70249e-118
9.7749e-110
2.14823e-100
3.64898e-96
8.61033e-90
2.50956e-84
2.60643e-80
9.47132e-78
3.58071e-75
3.26733e-73
1.76826e-73
1.36779e-70
1.89316e-65
2.29074e-61
1.12389e-58
1.76078e-56
1.25018e-54
6.37871e-53
2.02843e-51
3.70885e-50
3.50646e-49
1.64458e-48
3.88068e-48
4.94119e-48
4.3195e-48
2.6946e-48
1.06397e-48
2.40112e-49
2.42038e-50
7.61822e-52
6.04734e-54
1.7388e-56
3.18971e-59
5.82807e-62
1.21063e-64
2.58084e-67
4.56513e-69
2.75568e-67
2.61724e-65
3.10504e-63
4.0119e-61
5.17585e-59
3.22113e-56
1.36159e-53
3.18124e-51
3.85461e-49
1.72978e-47
0
2.02835e-148
2.08056e-133
5.07481e-118
4.02389e-108
4.05827e-100
6.54352e-96
1.55564e-89
6.80501e-84
8.2063e-80
5.82671e-77
3.47423e-74
3.26942e-72
1.16825e-71
1.38235e-71
3.04742e-67
4.1779e-63
2.30359e-60
3.9306e-58
2.82478e-56
1.35451e-54
3.79151e-53
5.99229e-52
4.95248e-51
2.01089e-50
3.77459e-50
3.7651e-50
2.77886e-50
1.29935e-50
3.77558e-51
6.40782e-52
4.98543e-53
1.24797e-54
8.47236e-57
2.28035e-59
3.87136e-62
6.3528e-65
1.18108e-67
1.44231e-70
2.18594e-69
2.36203e-67
2.09354e-65
2.39176e-63
3.28828e-61
5.24118e-59
3.48022e-56
1.55751e-53
3.84973e-51
5.0637e-49
2.44218e-47
0
1.3369e-147
3.37407e-133
1.03673e-117
9.24235e-107
1.1458e-99
1.32932e-95
3.02411e-89
1.79419e-83
2.28323e-79
2.24539e-76
1.63801e-73
1.52549e-71
2.92646e-70
1.28434e-70
5.5152e-69
8.32057e-65
5.27756e-62
9.88037e-60
7.06286e-58
3.07242e-56
7.36047e-55
9.83637e-54
6.94926e-53
2.38222e-52
3.46945e-52
3.04493e-52
1.79731e-52
6.19168e-53
1.29035e-53
1.63216e-54
9.89696e-56
2.01144e-57
1.197e-59
3.05041e-62
4.84836e-65
7.09588e-68
1.15697e-70
6.05361e-72
1.40783e-69
1.64454e-67
1.51908e-65
1.78303e-63
2.33286e-61
3.34541e-59
2.49677e-56
1.41195e-53
3.90246e-51
5.45852e-49
2.75713e-47
0
6.64861e-146
3.20207e-133
2.86197e-117
8.82569e-106
6.09477e-99
3.11601e-95
6.44259e-89
4.73062e-83
5.7705e-79
6.2115e-76
4.56696e-73
4.83924e-71
1.8338e-69
1.40767e-69
1.04522e-69
1.75573e-66
1.31048e-63
2.69359e-61
1.87632e-59
7.18477e-58
1.44985e-56
1.62232e-55
9.65226e-55
2.69779e-54
3.14015e-54
2.4836e-54
1.1654e-54
2.90559e-55
4.25719e-56
3.99646e-57
1.9115e-58
3.22343e-60
1.72111e-62
4.198e-65
6.33957e-68
8.22125e-71
7.86717e-74
2.34664e-72
8.08638e-70
9.28692e-68
8.59923e-66
1.05361e-63
1.46706e-61
2.16615e-59
1.50898e-56
7.73823e-54
2.2484e-51
3.78509e-49
2.37723e-47
0
3.97923e-145
4.04215e-145
1.44234e-116
5.96499e-105
5.77e-98
8.5169e-95
1.51486e-88
1.25743e-82
1.32381e-78
1.31215e-75
8.61964e-73
1.04006e-70
4.18169e-69
1.08357e-68
3.44967e-69
3.984e-68
3.38602e-65
7.62695e-63
5.07856e-61
1.6748e-59
2.83735e-58
2.6607e-57
1.31988e-56
2.89652e-56
2.87715e-56
2.00283e-56
7.42753e-57
1.33715e-57
1.36515e-58
9.50626e-60
3.63119e-61
5.18967e-63
2.5395e-65
5.9935e-68
8.74808e-71
9.9978e-74
5.61358e-76
1.09974e-72
3.85539e-70
4.35337e-68
4.00726e-66
4.94024e-64
7.06425e-62
1.10042e-59
8.30707e-57
4.28013e-54
1.15724e-51
1.8136e-49
1.11714e-47
0
2.00786e-144
9.05981e-131
1.14182e-115
4.81774e-104
6.46659e-97
2.82459e-94
3.92058e-88
3.34922e-82
2.71086e-78
2.15013e-75
1.19435e-72
1.54703e-70
5.86741e-69
4.23036e-68
2.16181e-68
8.77312e-69
8.68047e-67
2.13689e-64
1.34121e-62
3.77423e-61
5.41841e-60
4.30378e-59
1.76382e-58
2.97618e-58
2.6876e-58
1.58342e-58
4.66642e-59
6.3088e-60
4.9884e-61
2.9775e-62
9.59073e-64
1.07904e-65
4.37854e-68
9.75248e-71
1.43809e-73
1.38519e-76
1.40603e-76
4.27587e-73
1.47929e-70
1.64135e-68
1.50208e-66
1.8588e-64
2.68391e-62
4.27181e-60
3.42293e-57
1.88197e-54
5.34059e-52
8.42532e-50
4.98657e-48
0
3.51906e-144
1.2108e-128
8.79259e-115
6.51831e-103
5.95944e-96
1.30302e-93
1.10213e-87
8.77101e-82
4.79454e-78
2.74018e-75
1.30469e-72
1.74416e-70
6.68177e-69
7.68328e-68
1.09561e-67
2.59284e-68
2.86844e-68
5.56313e-66
3.31734e-64
8.02851e-63
9.93963e-62
6.73622e-61
2.25873e-60
3.07028e-60
2.63865e-60
1.55379e-60
6.55356e-61
2.59996e-61
7.13989e-62
6.99903e-63
1.40765e-64
5.04919e-67
7.90656e-70
1.35062e-72
2.20708e-75
2.24488e-78
3.68081e-77
1.29985e-73
4.40616e-71
4.78402e-69
4.34051e-67
5.39849e-65
7.86341e-63
1.27184e-60
1.04605e-57
5.98579e-55
1.81321e-52
2.9862e-50
1.82651e-48
0
9.49811e-144
1.21324e-127
5.78641e-114
9.93017e-102
3.81974e-95
1.23937e-92
3.45191e-87
2.17738e-81
6.90383e-78
2.84915e-75
7.4856e-73
1.24016e-70
6.22848e-69
8.56e-68
3.36191e-67
1.59056e-67
3.61271e-68
1.96211e-67
7.86204e-66
1.61744e-64
1.76098e-63
1.05497e-62
3.60365e-62
9.96369e-62
2.4635e-61
3.31332e-61
3.03825e-61
1.7979e-61
4.42374e-62
2.75435e-63
2.78418e-65
5.45334e-68
7.66864e-71
1.23559e-73
1.83896e-76
1.76749e-79
8.33123e-78
2.93294e-74
9.62728e-72
1.01446e-69
9.08373e-68
1.13528e-65
1.66967e-63
2.74309e-61
2.29235e-58
1.34437e-55
4.24789e-53
7.21781e-51
4.60127e-49
0
3.96203e-149
4.47903e-127
3.16228e-113
1.10081e-100
1.58655e-94
1.99834e-91
1.35338e-86
5.76223e-81
5.24333e-78
9.01961e-76
1.65052e-73
3.02562e-71
2.30909e-69
7.18484e-68
4.94362e-67
7.52649e-67
1.88703e-67
2.20322e-67
2.29509e-66
2.64635e-65
2.79079e-64
2.51894e-63
1.75641e-62
8.69822e-62
2.48924e-61
3.10462e-61
2.64013e-61
1.24955e-61
1.92778e-62
5.63414e-64
2.43104e-66
3.5545e-69
5.57411e-72
8.63741e-75
1.1689e-77
1.02545e-80
1.3018e-78
4.42607e-75
1.38323e-72
1.39911e-70
1.22965e-68
1.5388e-66
2.28355e-64
3.80605e-62
3.24545e-59
1.93425e-56
6.21184e-54
1.07877e-51
7.10763e-50
0
1.28374e-142
1.73215e-126
1.23481e-112
8.32624e-100
4.12076e-94
1.39279e-90
2.9353e-86
7.62732e-81
1.75264e-78
1.46797e-76
1.85686e-74
3.29996e-72
3.18603e-70
2.17428e-68
4.5154e-67
1.56699e-66
1.7397e-66
6.51387e-67
2.65442e-66
2.76394e-65
2.94112e-64
2.80682e-63
2.15119e-62
1.17593e-61
2.85364e-61
3.05018e-61
2.26011e-61
7.25561e-62
5.55827e-63
6.23626e-65
1.23917e-67
1.7889e-70
2.95998e-73
4.49831e-76
5.90214e-79
5.07329e-82
1.0706e-79
3.40125e-76
9.872e-74
9.47497e-72
8.13285e-70
1.01081e-67
1.50544e-65
2.53899e-63
2.246e-60
1.35348e-57
4.28968e-55
7.55998e-53
5.11282e-51
0
2.23318e-321
4.28309e-126
2.8241e-112
3.57244e-99
6.31374e-94
2.6303e-90
3.03544e-86
5.17462e-81
1.02285e-79
6.28972e-79
3.31936e-77
9.20563e-75
2.1944e-72
6.6979e-70
8.35939e-68
1.38014e-66
5.38335e-66
1.42634e-65
4.20467e-65
2.27228e-64
1.76243e-63
1.33083e-62
7.69632e-62
2.39006e-61
3.06932e-61
2.80894e-61
1.43462e-61
2.33452e-62
6.99368e-64
2.94516e-66
4.08169e-69
6.52526e-72
1.07862e-74
1.60777e-77
2.05895e-80
2.02464e-82
1.82947e-82
5.74582e-84
3.6082e-87
4.16877e-85
1.49617e-82
9.39434e-80
6.38979e-77
3.3765e-74
1.65941e-70
4.80093e-67
6.451e-64
3.88734e-61
7.45299e-59
1.0982e-33
2.71357e-33
1.00807e-32
3.87509e-32
1.46123e-31
5.28449e-31
1.82772e-30
6.11126e-30
2.01485e-29
6.97687e-29
2.44071e-28
1.39427e-27
8.65295e-27
9.52678e-25
1.38424e-22
1.39138e-20
1.02128e-18
3.33209e-17
5.51453e-16
5.26372e-15
3.22802e-14
1.57247e-13
3.84277e-13
8.29399e-13
1.03668e-12
1.27654e-12
5.42212e-12
2.12194e-11
5.16107e-11
7.91058e-11
9.04904e-11
1.19914e-10
2.67774e-10
6.00674e-10
6.85371e-10
5.86068e-10
4.55516e-10
4.40245e-10
4.40239e-10
4.40239e-10
3.85877e-05
3.93353e-05
3.93413e-05
3.81137e-05
1.17933e-07
1.00043e-10
5.36408e-11
2.38479e-09
3.97202e-09
2.27213e-10
6.28029e-37
8.34389e-37
2.75377e-36
1.40551e-35
7.40529e-35
3.55362e-34
1.53866e-33
6.14858e-33
2.33476e-32
9.43805e-32
3.49557e-31
5.26083e-30
2.43225e-28
4.41944e-26
6.09185e-24
1.44255e-21
2.36004e-19
1.22026e-17
2.63187e-16
3.10287e-15
2.18663e-14
1.214e-13
3.51595e-13
7.92204e-13
1.49537e-12
1.90484e-12
1.287e-11
6.40383e-11
8.98669e-11
8.93783e-11
8.92196e-11
8.99622e-11
2.89949e-10
5.92552e-10
5.79499e-10
4.73112e-10
4.40269e-10
4.40239e-10
4.40239e-10
4.40238e-10
3.14908e-05
3.93413e-05
3.93413e-05
3.93512e-05
3.3008e-05
1.30658e-07
1.33755e-10
6.92059e-09
1.25443e-08
1.25621e-08
5.48887e-40
6.60269e-40
2.16256e-39
1.36298e-38
8.48507e-38
4.49949e-37
2.06744e-36
8.63155e-36
3.37315e-35
1.39021e-34
5.53978e-34
2.18295e-33
2.18413e-30
1.23973e-27
2.00008e-25
1.28791e-22
4.68904e-20
4.06885e-18
1.21122e-16
1.80116e-15
1.46166e-14
9.24415e-14
3.16467e-13
7.3334e-13
2.1718e-12
2.85499e-12
1.35644e-11
6.65657e-11
9.14396e-11
8.92196e-11
9.7815e-11
1.7933e-10
5.24044e-10
5.70375e-10
4.69148e-10
4.40306e-10
4.40241e-10
4.40239e-10
4.40238e-10
4.40238e-10
4.40238e-10
3.90626e-05
3.93512e-05
3.93512e-05
3.93512e-05
1.99106e-05
8.47159e-09
7.09831e-09
1.03375e-08
1.25443e-08
2.46401e-43
3.9267e-43
2.51976e-42
2.11472e-41
1.4145e-40
7.61978e-40
3.49411e-39
1.44889e-38
5.6892e-38
2.24225e-37
1.00584e-36
3.32309e-36
7.32191e-33
2.43152e-29
7.20582e-27
1.12404e-23
8.87016e-21
1.23021e-18
5.25009e-17
9.99268e-16
9.55062e-15
6.91448e-14
2.76564e-13
6.85726e-13
2.21877e-12
4.18837e-12
1.1293e-11
2.80595e-11
2.81403e-10
8.41982e-10
3.50212e-09
3.12807e-09
1.23087e-09
4.69107e-10
4.41809e-10
4.41947e-10
9.73249e-08
3.19099e-07
4.40239e-10
4.40238e-10
6.88064e-10
5.57283e-06
3.9339e-05
3.93512e-05
3.9339e-05
2.34514e-05
1.05803e-08
1.719e-09
1.33737e-09
3.63172e-09
5.76653e-47
2.76396e-46
3.56148e-45
3.27854e-44
2.20573e-43
1.17752e-42
5.32843e-42
2.17198e-41
8.47016e-41
3.24846e-40
1.48572e-39
5.99787e-39
3.0335e-36
3.40083e-31
5.16497e-28
8.41923e-25
1.80815e-21
3.54616e-19
2.12729e-17
5.20817e-16
6.06415e-15
5.00118e-14
2.33014e-13
6.38915e-13
2.1178e-12
6.68401e-12
1.06121e-11
1.06117e-11
5.87694e-10
4.21366e-09
4.57375e-09
4.57375e-09
1.84471e-09
4.43979e-10
4.43557e-10
2.69998e-08
5.4121e-07
5.47924e-07
4.79528e-07
1.66235e-08
3.92378e-09
2.50583e-09
1.28148e-05
3.9339e-05
3.65559e-05
3.47227e-06
2.31809e-09
2.25663e-10
1.64753e-10
1.34055e-10
8.89651e-51
3.13868e-49
4.87436e-48
4.58742e-47
3.11215e-46
1.66766e-45
7.52084e-45
3.00094e-44
1.12627e-43
4.0529e-43
1.73033e-42
7.2187e-42
8.14448e-42
2.75096e-33
6.5827e-29
4.16691e-26
3.73521e-22
1.06822e-19
8.21749e-18
2.55406e-16
3.7193e-15
3.44318e-14
1.8915e-13
5.81208e-13
1.92691e-12
7.15097e-12
1.14004e-11
1.13154e-11
5.0493e-10
3.68528e-09
4.57375e-09
3.49067e-09
1.07438e-09
4.76576e-10
6.26386e-08
5.35104e-07
5.48049e-07
5.48128e-07
5.47924e-07
1.26144e-07
1.12195e-09
2.71314e-10
2.50583e-09
6.99527e-06
2.22215e-06
5.7026e-09
1.80487e-08
1.94191e-08
2.26479e-09
1.64753e-10
4.42583e-53
1.88399e-50
4.69981e-49
6.11006e-48
5.35421e-47
3.52277e-46
1.8421e-45
7.68398e-45
2.74981e-44
7.19661e-44
1.72834e-43
2.50692e-43
2.51693e-43
1.18038e-35
7.84561e-30
1.30397e-27
6.06157e-23
3.50717e-20
3.18802e-18
1.20144e-16
2.18333e-15
2.25041e-14
1.47526e-13
5.16377e-13
1.66382e-12
6.51415e-12
1.3528e-11
1.6905e-11
2.20189e-10
1.25769e-09
1.57899e-09
5.66414e-10
5.36529e-11
2.00109e-07
5.46548e-07
5.48049e-07
5.48129e-07
5.48131e-07
4.99214e-07
2.30017e-08
2.71314e-10
2.04421e-10
2.71314e-10
2.2897e-09
2.87654e-09
2.46118e-09
2.79529e-09
3.49015e-09
2.6171e-09
9.70518e-07
3.02568e-55
1.34022e-49
4.36559e-48
6.6288e-47
6.54825e-46
4.78016e-45
2.73958e-44
1.25252e-43
4.73079e-43
1.37411e-42
3.22412e-42
5.96006e-42
7.25909e-42
3.96646e-38
4.8987e-31
5.30762e-29
5.6701e-24
1.15254e-20
1.31716e-18
5.61941e-17
1.2223e-15
1.41589e-14
1.09899e-13
4.53673e-13
1.39037e-12
5.27141e-12
1.36373e-11
2.8962e-11
6.94844e-11
1.36153e-10
1.24703e-10
6.70735e-11
5.15137e-11
3.94708e-07
5.47963e-07
5.48129e-07
5.48131e-07
5.48129e-07
1.29392e-07
3.3128e-10
2.04421e-10
2.00165e-10
2.04421e-10
2.79517e-10
2.2897e-09
2.40513e-09
2.40513e-09
2.40513e-09
5.62068e-07
1.11516e-06
2.3736e-50
2.58418e-48
5.85474e-47
7.57521e-46
6.92482e-45
4.86589e-44
2.72711e-43
1.23315e-42
4.45828e-42
1.31432e-41
2.79863e-41
6.08826e-41
7.40114e-41
1.92748e-40
1.05665e-32
5.94355e-30
2.40678e-25
3.14357e-21
5.8387e-19
2.73144e-17
6.63961e-16
8.75302e-15
7.80055e-14
3.89815e-13
1.21329e-12
4.05322e-12
1.27854e-11
3.11044e-11
5.95997e-11
7.9605e-11
7.87722e-11
6.80403e-11
5.15259e-11
4.94792e-09
4.68243e-07
5.48069e-07
5.48129e-07
2.88609e-07
5.93217e-10
2.1297e-10
2.00165e-10
1.9963e-10
5.65568e-07
1.80301e-05
6.86195e-06
2.46118e-09
2.40513e-09
2.50239e-09
2.84254e-07
7.74829e-07
2.68352e-48
1.24678e-46
1.89177e-45
1.81158e-44
1.30399e-43
7.53748e-43
3.57647e-42
1.39158e-41
4.35829e-41
1.10249e-40
2.23805e-40
3.77004e-40
4.89933e-40
6.01612e-40
7.53228e-35
9.42969e-31
4.66264e-27
5.58372e-22
2.58182e-19
1.41037e-17
3.63977e-16
5.39694e-15
5.2981e-14
3.19488e-13
1.10981e-12
3.2092e-12
1.04562e-11
2.83538e-11
5.56465e-11
7.93598e-11
8.10117e-11
7.3406e-11
5.15137e-11
4.70044e-11
1.55389e-09
2.54717e-07
2.17326e-07
1.3166e-08
2.34445e-10
2.00964e-10
1.9963e-10
2.00165e-10
1.37184e-05
2.00122e-05
2.00273e-05
8.08583e-06
8.24727e-09
2.87742e-09
1.00106e-09
1.74572e-10
5.33269e-47
2.19279e-45
2.96443e-44
2.49436e-43
1.5572e-42
7.76707e-42
3.1826e-41
1.07678e-40
2.98412e-40
6.88022e-40
1.35128e-39
1.98642e-39
2.85838e-39
2.71716e-39
3.31932e-37
1.05436e-31
6.09912e-29
5.05186e-23
9.89599e-20
7.51903e-18
2.08295e-16
3.3487e-15
3.49031e-14
2.45438e-13
1.00086e-12
2.86527e-12
7.6023e-12
2.09148e-11
4.65156e-11
7.40046e-11
8.09452e-11
7.63673e-11
5.15714e-11
2.84322e-11
4.27202e-11
5.20467e-10
7.85352e-09
1.12611e-08
4.65664e-09
2.04061e-10
2.00964e-10
7.44954e-06
2.00122e-05
2.00305e-05
2.00313e-05
1.69431e-05
5.52685e-08
8.36293e-10
1.74572e-10
3.01248e-11
3.72179e-46
1.45696e-44
1.86408e-43
1.46692e-42
8.44191e-42
3.83053e-41
1.41675e-40
4.33851e-40
1.11267e-39
2.4886e-39
4.66892e-39
7.12844e-39
1.03436e-38
1.02872e-38
1.26424e-38
5.14983e-33
8.70093e-31
2.03547e-24
2.69903e-20
3.85185e-18
1.23926e-16
2.10994e-15
2.28457e-14
1.7688e-13
8.53125e-13
2.66534e-12
6.36062e-12
1.3787e-11
3.18384e-11
6.04469e-11
7.65076e-11
7.31991e-11
4.98521e-11
2.75001e-11
2.7288e-11
4.27202e-11
1.87083e-08
2.9587e-08
8.71177e-09
3.33187e-10
1.15261e-06
1.9996e-05
2.00305e-05
2.00313e-05
2.00305e-05
1.07204e-05
1.2754e-08
4.76243e-10
3.01248e-11
1.17949e-11
1.33589e-45
5.00238e-44
6.12172e-43
4.57938e-42
2.47421e-41
1.04015e-40
3.54218e-40
1.00355e-39
2.44272e-39
5.26187e-39
9.46641e-39
1.54159e-38
2.15407e-38
2.82962e-38
2.7286e-38
9.037e-35
1.76825e-32
4.2474e-26
4.15499e-21
1.71052e-18
7.34165e-17
1.35617e-15
1.52398e-14
1.22577e-13
6.75505e-13
2.41047e-12
6.04664e-12
1.16974e-11
2.08559e-11
4.1697e-11
6.08957e-11
5.94378e-11
3.90719e-11
2.68297e-11
2.68165e-11
2.38431e-08
2.9587e-08
2.95037e-08
8.94155e-09
8.02748e-11
3.35545e-10
1.58218e-05
2.0027e-05
2.00305e-05
1.43843e-05
1.48011e-07
1.36129e-09
7.53176e-11
2.10842e-11
1.89007e-11
3.0802e-45
1.09904e-43
1.28942e-42
9.20075e-42
4.68061e-41
1.83739e-40
5.82564e-40
1.5478e-39
3.61296e-39
7.28793e-39
1.34204e-38
2.27476e-38
3.43864e-38
5.11773e-38
5.46682e-38
8.20143e-37
6.33192e-34
7.00618e-28
3.02146e-22
5.73438e-19
4.06262e-17
8.76237e-16
1.04563e-14
8.51365e-14
5.05015e-13
2.05811e-12
5.73066e-12
1.16315e-11
1.93358e-11
2.93849e-11
3.97289e-11
3.9008e-11
2.95684e-11
2.67706e-11
2.68297e-11
1.90137e-08
2.92416e-08
2.14354e-08
1.51677e-09
1.77828e-11
2.82988e-11
7.53199e-07
1.39327e-05
1.04889e-05
4.81973e-07
1.80357e-09
1.18103e-10
1.86022e-11
1.74465e-11
2.12004e-11
5.127e-45
1.7434e-43
1.96323e-42
1.33412e-41
6.42869e-41
2.38753e-40
7.11867e-40
1.79502e-39
4.0808e-39
7.77296e-39
1.79698e-38
3.08459e-38
3.14035e-38
1.01849e-37
9.48399e-38
1.15053e-37
3.18268e-35
1.23077e-29
1.10155e-23
1.23294e-19
1.94225e-17
5.46628e-16
7.24776e-15
6.08526e-14
3.71466e-13
1.65878e-12
5.20623e-12
1.1759e-11
1.98395e-11
2.79389e-11
3.07148e-11
3.00898e-11
2.74621e-11
2.67706e-11
7.95168e-11
1.40081e-09
6.02466e-09
1.47923e-09
1.4435e-10
1.01114e-11
7.32033e-12
2.82988e-11
6.23781e-09
4.72584e-09
6.91479e-10
6.89362e-11
1.55983e-11
1.32477e-11
9.57241e-12
1.18969e-11
6.59852e-45
2.14321e-43
2.31441e-42
1.51486e-41
7.08656e-41
2.54719e-40
7.27481e-40
1.76495e-39
3.71339e-39
6.26671e-39
6.98764e-38
3.14035e-38
1.11411e-37
1.42603e-34
4.91586e-35
5.62088e-36
5.84349e-36
2.48711e-31
3.15177e-25
1.51034e-20
7.27543e-18
3.09392e-16
4.85927e-15
4.39798e-14
2.76267e-13
1.29447e-12
4.49119e-12
1.14434e-11
2.2244e-11
2.93331e-11
3.09583e-11
3.03027e-11
2.82404e-11
2.78978e-11
3.56337e-11
3.20972e-11
2.98562e-11
2.27102e-11
2.37227e-11
9.55286e-12
6.75058e-12
7.32033e-12
1.4105e-10
1.08432e-10
2.69711e-11
1.16176e-11
1.20344e-11
6.70849e-12
4.83065e-12
3.91229e-12
7.04235e-45
2.21059e-43
2.31669e-42
1.43947e-41
6.09237e-41
1.8902e-40
4.52744e-40
9.5551e-40
1.65593e-39
3.59495e-39
6.33715e-37
1.40924e-34
2.2323e-34
2.62169e-31
9.05093e-32
1.39884e-32
5.20308e-34
3.19796e-33
1.13333e-26
1.12684e-21
1.91109e-18
1.46667e-16
2.9577e-15
3.04763e-14
2.0404e-13
9.97787e-13
3.72069e-12
1.05762e-11
2.29658e-11
3.30248e-11
3.42937e-11
3.36876e-11
3.23229e-11
3.17591e-11
3.25547e-11
3.06784e-11
2.48737e-11
2.13497e-11
1.39217e-11
8.81059e-12
6.70522e-12
6.18772e-12
7.71817e-12
7.12807e-12
8.32726e-12
1.02123e-11
6.28148e-12
4.34985e-12
3.31011e-12
2.97465e-12
4.92546e-45
1.37507e-43
1.30554e-42
7.2405e-42
2.71901e-41
7.52139e-41
1.66037e-40
3.2565e-40
5.39976e-40
2.72052e-39
3.26625e-36
8.01879e-32
5.00446e-28
3.53824e-28
1.22182e-28
1.81299e-29
8.86339e-31
7.38194e-33
4.63039e-28
6.98184e-23
3.24773e-19
5.34103e-17
1.51528e-15
1.89245e-14
1.42191e-13
7.48057e-13
2.97732e-12
9.19e-12
2.18124e-11
3.88662e-11
4.42773e-11
4.35331e-11
4.20372e-11
3.9983e-11
3.70366e-11
3.36571e-11
2.86993e-11
2.1435e-11
1.38571e-11
9.06471e-12
6.66452e-12
5.88825e-12
4.79458e-12
4.81039e-12
5.44667e-12
4.49406e-12
3.87733e-12
3.39775e-12
3.04857e-12
2.97088e-12
2.20916e-45
5.89293e-44
5.38699e-43
2.82729e-42
9.89374e-42
2.53238e-41
5.25388e-41
9.76238e-41
1.6695e-40
2.88557e-39
7.66076e-36
2.29311e-30
3.80693e-26
4.38805e-26
2.98117e-26
1.01539e-26
1.40535e-27
4.01579e-29
4.80747e-29
4.42255e-24
3.6313e-20
1.40501e-17
6.1166e-16
9.88951e-15
8.82413e-14
5.22647e-13
2.26192e-12
7.49805e-12
1.93457e-11
3.84234e-11
5.87157e-11
5.82253e-11
5.70934e-11
5.39302e-11
4.81516e-11
4.05933e-11
3.21631e-11
2.34377e-11
1.54254e-11
1.02297e-11
7.30822e-12
5.8691e-12
4.72332e-12
3.99488e-12
3.6442e-12
3.47477e-12
3.36686e-12
3.2433e-12
3.06619e-12
2.97352e-12
9.49807e-46
2.4075e-44
2.08458e-43
1.01202e-42
3.20259e-42
7.37174e-42
1.40748e-41
2.47798e-41
4.67164e-41
2.80801e-39
1.03707e-35
1.44916e-29
4.19606e-25
1.21855e-24
1.00507e-24
4.75533e-25
1.14305e-25
1.23385e-26
3.13772e-28
2.35436e-25
2.99399e-21
2.64538e-18
1.91058e-16
4.21926e-15
4.68365e-14
3.25405e-13
1.57886e-12
5.69554e-12
1.59704e-11
3.54953e-11
5.87095e-11
8.0657e-11
7.85998e-11
7.44238e-11
6.70229e-11
5.64903e-11
4.42881e-11
3.23215e-11
2.20053e-11
1.44401e-11
9.52333e-12
6.57219e-12
4.89603e-12
4.00053e-12
3.62424e-12
3.484e-12
3.41761e-12
3.35319e-12
3.26926e-12
3.07854e-12
3.20561e-46
7.76287e-45
6.30759e-44
2.79768e-43
7.87554e-43
1.61177e-42
2.83918e-42
4.88964e-42
1.12465e-41
1.30406e-39
1.01217e-35
3.50029e-29
3.21445e-24
4.68141e-23
3.14654e-23
1.21248e-23
2.68144e-24
3.38057e-25
1.22073e-26
1.7766e-26
1.97146e-22
3.56069e-19
4.7596e-17
1.48824e-15
2.1077e-14
1.75697e-13
9.81706e-13
3.94799e-12
1.21672e-11
2.9618e-11
5.56904e-11
8.46891e-11
1.06333e-10
1.02356e-10
9.4688e-11
8.31398e-11
6.85064e-11
5.26308e-11
3.7657e-11
2.51195e-11
1.57929e-11
9.55432e-12
5.95232e-12
4.34893e-12
3.90799e-12
3.85144e-12
3.87653e-12
3.98188e-12
4.24383e-12
4.21912e-12
7.36022e-47
1.71891e-45
1.30944e-44
5.25732e-44
1.30131e-43
2.37702e-43
3.98744e-43
7.18792e-43
2.2762e-42
4.32033e-40
2.96857e-36
4.6749e-29
1.80814e-23
9.33347e-22
7.78651e-22
3.38396e-22
6.95007e-23
6.93276e-24
2.94966e-25
2.00866e-26
9.93385e-24
3.18353e-20
9.23943e-18
4.33401e-16
8.01247e-15
8.11585e-14
5.32187e-13
2.44085e-12
8.40012e-12
2.24369e-11
4.80992e-11
8.07597e-11
1.14246e-10
1.38416e-10
1.33083e-10
1.22883e-10
1.07201e-10
8.71861e-11
6.5874e-11
4.61907e-11
3.0003e-11
1.79934e-11
1.01547e-11
6.31281e-12
5.47153e-12
5.49566e-12
5.63733e-12
6.06829e-12
6.90087e-12
7.74678e-12
1.03249e-47
2.32105e-46
1.65761e-45
5.94502e-45
1.28142e-44
2.14405e-44
3.63688e-44
7.37474e-44
3.41538e-43
1.13438e-40
4.66794e-37
3.5625e-29
4.57105e-23
2.91292e-21
5.13687e-21
3.14056e-21
9.8219e-22
1.55307e-22
1.10465e-23
1.50839e-25
3.86553e-25
1.70438e-21
1.19614e-18
9.47284e-17
2.42816e-15
3.08923e-14
2.43338e-13
1.30107e-12
5.09275e-12
1.5249e-11
3.6737e-11
6.99856e-11
1.09133e-10
1.4871e-10
1.81304e-10
1.7646e-10
1.58885e-10
1.3521e-10
1.08095e-10
8.09828e-11
5.66114e-11
3.64842e-11
2.16807e-11
1.29751e-11
1.02476e-11
1.02837e-11
1.05601e-11
1.13948e-11
1.28859e-11
1.44143e-11
6.72614e-49
1.44075e-47
9.65478e-47
3.08215e-46
5.81181e-46
9.30846e-46
1.69836e-45
4.04682e-45
2.69804e-44
1.35601e-41
4.50625e-38
4.60296e-30
5.98945e-23
3.60353e-21
1.7504e-20
1.56746e-20
7.83663e-21
2.11937e-21
2.96324e-22
1.95588e-23
5.72674e-25
3.38719e-23
8.40893e-20
1.31065e-17
5.22955e-16
9.05902e-15
9.01272e-14
5.83414e-13
2.6746e-12
9.2198e-12
2.49216e-11
5.40619e-11
9.57196e-11
1.43091e-10
1.86288e-10
2.17043e-10
2.17074e-10
2.2381e-10
2.15786e-10
1.79054e-10
1.25585e-10
8.0569e-11
4.89291e-11
2.97799e-11
2.1555e-11
1.92227e-11
1.93131e-11
1.97576e-11
2.06955e-11
2.10208e-11
8.88835e-57
2.26044e-55
1.14053e-54
2.35686e-54
3.37425e-54
5.70537e-54
1.13876e-53
5.5791e-53
1.60142e-51
1.03284e-47
3.36132e-42
6.08193e-33
1.81565e-23
1.99466e-21
1.90619e-20
2.64014e-20
2.39175e-20
1.62057e-20
8.10533e-21
3.1816e-21
1.1003e-21
2.30968e-22
2.11214e-21
6.28474e-19
4.36949e-17
1.14087e-15
1.55485e-14
1.31386e-13
7.5644e-13
3.20722e-12
1.03716e-11
2.71812e-11
5.87237e-11
1.0549e-10
1.57813e-10
2.05348e-10
2.67674e-10
2.7314e-10
2.7314e-10
2.7314e-10
2.59983e-10
2.24074e-10
1.77879e-10
1.36358e-10
1.07151e-10
8.92542e-11
7.81904e-11
6.98674e-11
6.22684e-11
5.42441e-11
1.23693e-09
1.55288e-09
6.01862e-10
3.93859e-10
3.93343e-10
3.14254e-10
1.10165e-10
4.64487e-11
4.52645e-11
5.11006e-11
5.89256e-11
8.42987e-11
1.03863e-10
1.03872e-10
6.55641e-11
1.46239e-11
1.46742e-12
1.34505e-12
1.74269e-12
1.81356e-12
9.35932e-13
3.57182e-13
3.21944e-13
6.49262e-13
1.32615e-12
1.32792e-12
3.39296e-12
1.88732e-12
3.58743e-14
2.51797e-14
2.5089e-14
2.56937e-15
4.26143e-18
3.12279e-24
1.87379e-27
1.00866e-30
5.06582e-34
1.30183e-35
1.27944e-35
1.27943e-35
1.27942e-35
1.27942e-35
1.67274e-20
3.79221e-18
1.00169e-16
1.11746e-15
6.38847e-15
2.08763e-14
4.57434e-14
6.81425e-14
2.59693e-09
7.22537e-09
1.22974e-08
1.23035e-08
4.63483e-09
2.83767e-10
2.79918e-10
3.73169e-10
3.49505e-10
2.13083e-10
7.38283e-11
4.99469e-11
4.98998e-11
7.7468e-11
9.82105e-11
7.58831e-11
5.42413e-11
5.4495e-11
5.0759e-11
3.33502e-11
1.89833e-11
1.82081e-11
2.40507e-11
1.86041e-11
2.71974e-12
3.39296e-12
1.30134e-11
1.22813e-11
1.88732e-12
3.58743e-14
1.09762e-12
2.40676e-12
7.94388e-13
3.5626e-14
2.27302e-20
1.87379e-27
1.00866e-30
5.06582e-34
1.30183e-35
1.27944e-35
1.26652e-21
6.69127e-20
1.28921e-18
1.39769e-17
9.63231e-17
4.54663e-16
1.56465e-15
4.14641e-15
1.02077e-14
5.57417e-14
3.50064e-09
1.0454e-08
1.23035e-08
1.23035e-08
1.23035e-08
1.22957e-08
3.95117e-09
3.73211e-10
3.82622e-10
4.07908e-10
3.91492e-10
2.7138e-10
9.97807e-11
6.5462e-11
6.54567e-11
8.12121e-11
1.34381e-10
1.42668e-10
1.05102e-10
8.54608e-11
1.02156e-10
1.28573e-10
1.09537e-10
1.86221e-11
1.52508e-08
1.34716e-05
3.4025e-05
3.32018e-05
7.44645e-06
5.13104e-11
1.28374e-12
2.4465e-11
2.96534e-11
1.67371e-11
2.72329e-12
5.42431e-14
1.37254e-22
1.8587e-25
2.40438e-28
5.0477e-20
1.17699e-18
3.12665e-18
1.20007e-17
6.16767e-17
3.43989e-16
2.22732e-15
1.55335e-14
1.00297e-13
5.53829e-13
2.52798e-12
1.89255e-09
1.90578e-09
6.25397e-09
8.74497e-09
1.12377e-08
1.22869e-08
1.22752e-08
6.1573e-09
3.92315e-10
4.07864e-10
4.17529e-10
4.17531e-10
3.70927e-10
2.0379e-10
7.97224e-11
7.22e-11
1.01082e-10
1.74609e-10
2.50599e-10
2.62652e-10
3.3492e-10
2.43354e-10
9.23805e-11
7.29938e-11
2.12846e-05
0.00013054
0.00013054
0.00013054
0.00013054
5.15533e-05
2.37018e-10
2.51356e-11
3.73698e-11
9.71459e-11
7.99537e-11
3.15976e-11
5.34411e-12
6.49156e-13
6.89237e-14
8.15182e-15
1.22987e-14
2.26287e-14
4.57395e-14
1.06655e-13
2.83105e-13
7.81442e-13
2.10445e-12
5.27971e-12
1.21046e-11
2.46874e-11
1.20941e-10
1.10138e-10
3.969e-10
6.66359e-10
8.63433e-10
4.08392e-10
7.58296e-09
8.84789e-09
5.33289e-09
4.55188e-10
3.85972e-10
4.10857e-10
4.18425e-10
3.9705e-10
2.51377e-10
9.7924e-11
8.58989e-11
1.24992e-10
2.34682e-10
3.8231e-10
4.00464e-10
3.06217e-10
8.13274e-11
1.14216e-06
0.000108242
0.00013054
0.00013054
0.00013054
0.00013054
0.00013054
5.64298e-05
3.83577e-10
3.92019e-11
1.06251e-10
2.00414e-10
1.76279e-10
9.15524e-11
3.53187e-11
2.11453e-11
1.58003e-11
1.08545e-11
7.35347e-12
7.84524e-12
9.82857e-12
1.36908e-11
1.98818e-11
2.89589e-11
4.118e-11
5.64801e-11
7.32622e-11
1.07351e-09
8.93057e-11
8.76686e-11
8.54125e-11
8.279e-11
8.21362e-11
1.8816e-10
3.90262e-09
4.6865e-09
2.13762e-09
4.00611e-10
3.52796e-10
3.96152e-10
4.12295e-10
3.98761e-10
2.60338e-10
1.09349e-10
1.00324e-10
1.57233e-10
3.37738e-10
4.00464e-10
3.15654e-10
8.13106e-11
2.65865e-11
0.00011296
0.000130539
0.00013054
0.000123458
0.00013054
0.00013054
0.000130539
1.66016e-05
1.95373e-10
1.07843e-10
2.49063e-10
3.9413e-10
3.45731e-10
1.94924e-10
8.45518e-11
6.16138e-11
6.12437e-11
6.20823e-11
6.41317e-11
6.70837e-11
7.11797e-11
7.65745e-11
8.28373e-11
8.95789e-11
9.66683e-11
1.0313e-10
1.13464e-06
8.11425e-07
1.28908e-07
8.76686e-11
8.21362e-11
8.16682e-11
8.16682e-11
1.45319e-10
1.01899e-09
1.1241e-09
6.95577e-10
3.3871e-10
3.23169e-10
3.74746e-10
3.97118e-10
3.80658e-10
2.49282e-10
1.15966e-10
1.1279e-10
1.87718e-10
3.37092e-10
2.89871e-10
8.11321e-11
2.58232e-11
5.23901e-06
5.47958e-05
1.48418e-05
1.1116e-11
5.80016e-05
0.000130539
0.000130538
2.25839e-05
1.91054e-10
1.10042e-10
1.78903e-10
6.01994e-10
8.26964e-10
7.23718e-10
4.30993e-10
1.73254e-10
1.00725e-10
9.7905e-11
9.855e-11
9.97501e-11
1.0117e-10
1.02112e-10
1.02472e-10
1.03204e-10
1.05113e-10
1.06848e-10
7.63323e-07
5.58936e-07
1.37186e-05
1.18761e-05
9.06011e-07
8.21362e-11
8.16682e-11
1.57566e-10
1.65025e-10
2.35454e-10
3.37494e-10
2.93645e-10
2.55179e-10
2.73913e-10
3.48116e-10
3.76585e-10
3.55077e-10
2.29583e-10
1.20692e-10
1.20887e-10
1.82509e-10
1.79886e-10
9.10896e-11
2.57122e-11
2.37813e-11
2.37813e-11
1.1116e-11
8.17197e-12
8.19098e-12
2.08926e-05
1.25249e-05
6.10575e-07
1.10042e-10
1.08015e-10
1.07921e-10
4.21387e-10
1.29365e-09
1.85345e-09
1.79274e-09
1.31705e-09
6.82214e-10
2.57445e-10
1.34166e-10
1.10289e-10
1.0155e-10
1.02266e-10
1.03489e-10
1.04052e-10
1.05853e-10
1.06846e-10
1.18724e-07
1.5877e-10
5.92141e-07
5.27765e-05
5.39875e-05
2.1145e-05
4.5682e-10
1.64219e-10
1.46558e-10
1.44266e-10
1.43681e-10
1.55337e-10
1.70944e-10
1.89638e-10
2.42215e-10
3.32275e-10
3.50639e-10
3.25039e-10
2.16665e-10
1.34135e-10
9.23659e-11
7.82286e-11
4.70858e-11
2.18385e-11
2.19125e-11
1.88691e-08
1.66092e-08
1.74818e-09
5.43124e-12
5.30446e-12
5.30026e-12
5.30059e-12
4.9127e-10
2.03763e-10
3.689e-11
6.91435e-11
3.61364e-10
1.74063e-09
3.13944e-09
3.25418e-09
3.25404e-09
2.91019e-09
2.17098e-09
1.74124e-09
1.10775e-09
9.57631e-10
1.28585e-09
1.44176e-09
1.0376e-09
3.53251e-10
3.90884e-11
1.32733e-11
1.5877e-10
2.32145e-05
5.47119e-05
5.49103e-05
4.91625e-05
1.10226e-06
2.78033e-10
1.20347e-10
1.10726e-10
1.10726e-10
1.1149e-10
1.29324e-10
1.64412e-10
2.3042e-10
3.12559e-10
3.20232e-10
2.99822e-10
2.15472e-10
1.25698e-10
5.53611e-11
2.18206e-11
2.18345e-11
6.95151e-08
1.02562e-07
8.90146e-08
1.42433e-09
9.30362e-12
5.43124e-12
5.30059e-12
5.28776e-12
5.28587e-12
5.28584e-12
5.28585e-12
5.95256e-12
9.04968e-12
3.61577e-11
2.28126e-10
1.07318e-09
2.76932e-09
4.59863e-09
5.35438e-09
5.35438e-09
5.32072e-09
4.76256e-09
5.53823e-09
6.19183e-09
5.06319e-09
3.37292e-09
1.17949e-11
1.0825e-11
1.24006e-11
1.63058e-10
2.10876e-05
5.57175e-05
5.57643e-05
5.60623e-05
8.41273e-06
7.22564e-10
1.20347e-10
1.05296e-10
1.04659e-10
1.04566e-10
1.23564e-10
1.60277e-10
2.19764e-10
2.8583e-10
2.92696e-10
2.76488e-10
2.13313e-10
1.05594e-10
2.50705e-11
2.18206e-11
2.37112e-08
2.69031e-08
4.35509e-09
8.36036e-09
5.88592e-08
4.25365e-08
1.49995e-09
5.30059e-12
5.28776e-12
5.28585e-12
5.28545e-12
5.28545e-12
5.28545e-12
5.28545e-12
5.28545e-12
5.28545e-12
5.28545e-12
5.28545e-12
2.19202e-10
3.09198e-09
5.44024e-09
5.43926e-09
5.43311e-09
6.19085e-09
7.3227e-09
7.32773e-09
1.0825e-11
1.0825e-11
1.0825e-11
1.24006e-11
1.84309e-09
2.0588e-05
5.60623e-05
5.60623e-05
5.6335e-05
4.59201e-06
1.65204e-09
1.20333e-10
9.59206e-11
9.56415e-11
1.031e-10
1.26826e-10
1.59088e-10
2.0652e-10
2.58955e-10
2.66739e-10
2.55755e-10
2.02175e-10
9.26981e-11
2.55751e-10
4.47254e-11
3.23908e-11
3.2365e-11
4.97535e-08
1.19381e-07
1.19349e-07
3.05121e-08
1.11584e-11
6.91888e-12
5.31945e-12
5.28585e-12
5.28545e-12
5.28545e-12
5.28545e-12
5.28545e-12
5.28545e-12
5.28545e-12
5.28545e-12
5.28546e-12
5.28546e-12
5.28546e-12
5.28589e-12
3.701e-10
1.05936e-09
1.87303e-09
4.71841e-09
1.4456e-11
1.08999e-11
1.09496e-11
1.09496e-11
3.12766e-11
1.75128e-09
3.21489e-05
5.6335e-05
5.6335e-05
4.32353e-05
1.52283e-08
3.48243e-10
9.56415e-11
9.16976e-11
9.15948e-11
1.05127e-10
1.31477e-10
1.57579e-10
1.94427e-10
2.34785e-10
2.43594e-10
2.34359e-10
1.90576e-10
1.71759e-10
8.63842e-11
3.2365e-11
3.23908e-11
1.57153e-08
1.18923e-07
7.39597e-08
7.19464e-08
1.09073e-06
9.41682e-07
3.00947e-11
5.56051e-12
5.28794e-12
5.28547e-12
5.29848e-12
5.30097e-12
5.30097e-12
5.29914e-12
5.29295e-12
5.28546e-12
5.28546e-12
5.28546e-12
5.28559e-12
5.28558e-12
5.28558e-12
5.28558e-12
5.28558e-12
6.78184e-11
4.64202e-11
1.09496e-11
1.21326e-11
1.23228e-11
3.12766e-11
1.75128e-09
5.02992e-05
5.6335e-05
5.63386e-05
2.02698e-05
6.90297e-09
1.86075e-10
7.48636e-11
7.3258e-11
8.75535e-11
1.1115e-10
1.37802e-10
1.58229e-10
1.84703e-10
2.12801e-10
2.20794e-10
2.13594e-10
1.89915e-10
1.4332e-10
7.93433e-11
6.43098e-11
1.44516e-10
2.68055e-11
2.68032e-11
2.68032e-11
2.16143e-05
3.08291e-05
8.42221e-06
1.54156e-10
6.49533e-12
5.29472e-12
5.28739e-12
5.28726e-12
5.29392e-12
5.30591e-12
5.31913e-12
5.3304e-12
5.3417e-12
5.34534e-12
5.32766e-12
5.29027e-12
5.28558e-12
5.28558e-12
5.28558e-12
1.14066e-11
3.13456e-12
2.29295e-09
2.42548e-09
3.80667e-10
3.33364e-10
3.33283e-10
3.14328e-05
5.63386e-05
5.63312e-05
2.83037e-05
1.04999e-08
2.50574e-10
7.3258e-11
7.0559e-11
7.57501e-11
9.19903e-11
1.20247e-10
1.48465e-10
1.65564e-10
1.80476e-10
1.9443e-10
2.0059e-10
1.9505e-10
1.82723e-10
1.47541e-10
1.16272e-10
9.49958e-11
4.05627e-11
2.68035e-11
2.68032e-11
2.35271e-05
3.0864e-05
3.08626e-05
1.76471e-05
4.42273e-10
8.26967e-12
5.22893e-12
5.20395e-12
5.20374e-12
5.21073e-12
5.24239e-12
5.30201e-12
5.36966e-12
5.44381e-12
5.53526e-12
5.60633e-12
5.64726e-12
5.65756e-12
5.64494e-12
2.97465e-12
3.13957e-12
6.7714e-09
1.16346e-08
4.24251e-09
3.33283e-10
3.38023e-10
2.9825e-05
5.63312e-05
5.63386e-05
1.68498e-05
6.91876e-09
1.9255e-10
7.0559e-11
6.85286e-11
7.00315e-11
7.80338e-11
1.02837e-10
1.41163e-10
1.67643e-10
1.74921e-10
1.7683e-10
1.80034e-10
1.83293e-10
1.7994e-10
1.69694e-10
1.54643e-10
1.43738e-10
1.18192e-10
3.86635e-11
2.68035e-11
2.68663e-11
2.75813e-05
3.08781e-05
3.08772e-05
1.44364e-05
4.20764e-10
7.46789e-12
5.13991e-12
5.12646e-12
5.12646e-12
5.13292e-12
5.16883e-12
5.25641e-12
5.40715e-12
5.61681e-12
5.87244e-12
6.14155e-12
6.41018e-12
6.76447e-12
2.97088e-12
6.04969e-10
1.12209e-08
1.16446e-08
1.09066e-08
9.66465e-10
3.27104e-10
2.68781e-05
5.56824e-05
4.37854e-05
2.60184e-07
7.40541e-10
8.18462e-11
6.85286e-11
6.82967e-11
6.82967e-11
7.11888e-11
9.09149e-11
1.39965e-10
1.82797e-10
1.88299e-10
1.8309e-10
1.70713e-10
1.69321e-10
1.69984e-10
1.66272e-10
1.61939e-10
1.66311e-10
1.66761e-10
1.34506e-10
3.73889e-11
2.68646e-11
1.6581e-06
3.0721e-05
3.08781e-05
2.84912e-05
4.56042e-07
2.28131e-11
5.22823e-12
5.12744e-12
5.12646e-12
5.12744e-12
5.13333e-12
5.18419e-12
5.33363e-12
5.61333e-12
5.99544e-12
6.42439e-12
6.93233e-12
7.69365e-12
2.97087e-12
7.51919e-10
1.14273e-08
1.16504e-08
1.16481e-08
2.74752e-09
2.56347e-10
4.34982e-06
3.63389e-05
9.07789e-06
5.68752e-09
1.9501e-10
7.47065e-11
7.22509e-11
7.21982e-11
6.84671e-11
6.83412e-11
8.22748e-11
1.49866e-10
2.41307e-10
2.55493e-10
2.33434e-10
1.84368e-10
1.60521e-10
1.59962e-10
1.59253e-10
1.58771e-10
1.65012e-10
1.84842e-10
1.8668e-10
1.27698e-10
3.13045e-11
3.13136e-11
1.61151e-05
3.08772e-05
2.66636e-05
3.34046e-07
1.93769e-11
5.31342e-12
5.22823e-12
5.43283e-12
5.77359e-12
5.57782e-12
5.30117e-12
5.35134e-12
5.63631e-12
6.13708e-12
6.73121e-12
7.47192e-12
8.55869e-12
2.97087e-12
2.97087e-12
9.48492e-09
1.16446e-08
1.05778e-08
9.82068e-10
2.28848e-10
2.56347e-10
4.81637e-09
1.50043e-09
1.5965e-08
9.07022e-11
7.90488e-11
7.98757e-11
7.81788e-11
7.14142e-11
6.49304e-11
7.30018e-11
1.44718e-10
3.71423e-10
4.63193e-10
4.09842e-10
2.57161e-10
1.64511e-10
1.52699e-10
1.52007e-10
1.52182e-10
1.58349e-10
1.84177e-10
1.94933e-10
1.71955e-10
5.29727e-11
3.12614e-11
1.06455e-05
3.07953e-05
8.55373e-06
2.82597e-10
1.47665e-11
1.32777e-11
1.30349e-11
2.3383e-11
1.71075e-11
7.8315e-12
5.45414e-12
5.47368e-12
5.79752e-12
6.45735e-12
7.24057e-12
8.13748e-12
9.34631e-12
2.97087e-12
2.97543e-12
3.34535e-09
9.31019e-09
3.37933e-09
2.28848e-10
2.28848e-10
1.74788e-10
1.45491e-10
8.98737e-11
7.33789e-11
8.62336e-11
7.85879e-11
7.96208e-11
7.90085e-11
7.21277e-11
6.48578e-11
6.54028e-11
1.16414e-10
4.06205e-10
8.34726e-10
7.83757e-10
4.66298e-10
1.98112e-10
1.52662e-10
1.4791e-10
1.46352e-10
1.4915e-10
1.69638e-10
1.94933e-10
1.8054e-10
6.47068e-11
3.13136e-11
1.1153e-05
1.24178e-05
9.16345e-07
5.16204e-11
1.89914e-11
1.47665e-11
2.28921e-10
1.39873e-10
3.83451e-11
7.4572e-12
5.46559e-12
5.58714e-12
6.12275e-12
6.98085e-12
7.86292e-12
8.59935e-12
9.70781e-12
4.1267e-12
3.22195e-12
2.87105e-10
3.43409e-10
2.49309e-09
2.04455e-09
7.59001e-10
1.45491e-10
8.42871e-11
7.05656e-11
6.99233e-11
7.14079e-11
7.31061e-11
7.67916e-11
7.73164e-11
7.34218e-11
6.48207e-11
6.09519e-11
8.52301e-11
3.46147e-10
9.55462e-10
1.13082e-09
8.18549e-10
3.29007e-10
1.62093e-10
1.4813e-10
1.43253e-10
1.42933e-10
1.54196e-10
1.78199e-10
1.45822e-10
3.14004e-11
3.14866e-11
5.46923e-07
3.86138e-06
1.40748e-06
2.45179e-09
2.35235e-09
5.08903e-09
2.58971e-09
2.16475e-10
5.53703e-12
5.53058e-12
5.53046e-12
5.79269e-12
6.58447e-12
7.40666e-12
8.25245e-12
8.61653e-12
8.6181e-12
8.46462e-12
9.25615e-12
9.32052e-12
1.39573e-11
2.03244e-11
1.98477e-08
1.33342e-08
1.40135e-10
7.05656e-11
6.99233e-11
6.98632e-11
6.98394e-11
7.04931e-11
7.31642e-11
7.50653e-11
7.34471e-11
6.54059e-11
6.09519e-11
6.81717e-11
2.42669e-10
8.99523e-10
1.19854e-09
1.10091e-09
5.96493e-10
2.16405e-10
1.50719e-10
1.4229e-10
1.41934e-10
1.44129e-10
1.20567e-10
1.05552e-10
2.75711e-09
4.30854e-09
1.54898e-09
4.65241e-10
2.27505e-08
6.64851e-08
6.90553e-08
6.38704e-08
2.39227e-09
5.86834e-12
5.7816e-12
5.71819e-12
5.73686e-12
6.02532e-12
6.94243e-12
7.50111e-12
7.50267e-12
7.19252e-12
6.14206e-12
1.51769e-11
1.45129e-11
1.39371e-11
1.38617e-11
3.93598e-09
2.20748e-08
2.22181e-08
1.08447e-08
7.89257e-11
7.00599e-11
6.98252e-11
6.98245e-11
6.98644e-11
7.11045e-11
7.36478e-11
7.35388e-11
6.82306e-11
6.09192e-11
6.03404e-11
1.43681e-10
7.03035e-10
1.20337e-09
1.22664e-09
9.05083e-10
3.55942e-10
1.64025e-10
1.44645e-10
1.43086e-10
1.33941e-10
1.05582e-10
1.0562e-10
4.76196e-09
7.08838e-09
4.52742e-09
4.39743e-10
2.10499e-08
6.63433e-08
4.58425e-08
3.19029e-10
1.49247e-11
1.49084e-11
1.16519e-11
7.08575e-12
5.915e-12
6.03755e-12
6.03829e-12
5.82792e-12
4.9909e-12
3.7446e-12
2.49044e-12
2.02213e-11
1.59776e-11
1.38617e-11
1.38693e-11
1.04894e-08
2.22181e-08
2.22191e-08
2.17094e-08
1.7601e-09
7.13678e-11
6.98245e-11
6.97864e-11
6.97864e-11
7.00397e-11
7.17818e-11
7.30433e-11
7.08122e-11
6.27619e-11
5.8709e-11
8.44091e-11
4.24109e-10
1.12577e-09
1.22664e-09
1.12571e-09
5.6972e-10
2.00131e-10
1.49502e-10
1.46208e-10
1.34752e-10
1.06346e-10
1.05552e-10
2.07157e-09
6.94616e-09
3.37039e-09
4.22363e-10
7.62297e-09
3.09468e-08
1.2256e-08
7.11366e-11
7.05692e-11
5.63381e-11
1.97474e-11
4.98432e-12
3.86701e-12
3.50758e-12
2.77183e-12
1.93743e-12
1.22638e-12
6.77492e-13
3.091e-13
4.39456e-11
2.56919e-11
1.38693e-11
1.38617e-11
9.09568e-09
2.22191e-08
2.22191e-08
1.35884e-08
1.87045e-10
7.73743e-11
7.69272e-11
7.69077e-11
7.71624e-11
7.82768e-11
7.93583e-11
7.94106e-11
7.71362e-11
6.5318e-11
5.8709e-11
6.02809e-11
1.5972e-10
6.38849e-10
1.15508e-09
1.10743e-09
7.06676e-10
2.79e-10
1.71268e-10
1.63715e-10
1.52537e-10
1.28323e-10
1.328e-10
4.61615e-10
1.16885e-09
7.20079e-10
4.22363e-10
4.22363e-10
4.24665e-10
4.14239e-10
4.14277e-10
3.08487e-10
9.69881e-11
8.02729e-12
1.15128e-12
5.95802e-13
3.26791e-13
1.59478e-13
7.07043e-14
2.50277e-14
6.15982e-15
1.1631e-15
9.68745e-14
3.88143e-13
4.06647e-12
1.9649e-11
5.32964e-11
1.02935e-10
1.35896e-10
1.50523e-10
1.44956e-10
1.22151e-10
8.92932e-11
6.88369e-11
6.60301e-11
6.85168e-11
7.98709e-11
1.07409e-10
1.34853e-10
1.38682e-10
1.37262e-10
1.19284e-10
7.65403e-11
3.1864e-11
9.5729e-12
3.3231e-12
1.5148e-12
6.63362e-13
2.09393e-13
3.72054e-14
2.94315e-15
8.07892e-17
4.73111e-19
5.33154e-23
3.68233e-25
2.559e-27
1.7898e-29
1.26021e-31
8.93402e-34
6.37862e-36
4.58803e-38
3.32591e-40
2.43084e-42
1.79207e-44
1.33322e-46
1.0014e-48
7.59775e-51
5.82585e-53
4.51704e-55
3.5432e-57
2.81329e-59
2.26221e-61
1.84321e-63
1.5225e-65
1.27554e-67
1.08438e-69
9.35885e-72
8.20357e-74
7.3064e-76
6.61326e-78
5.95363e-80
5.57402e-82
5.31083e-84
5.15123e-86
5.08437e-88
4.72251e-90
4.35126e-92
4.08197e-94
3.90033e-96
3.79752e-98
3.76916e-100
3.81474e-102
3.93815e-104
4.14838e-106
4.45996e-108
4.89467e-110
5.48403e-112
6.2738e-114
7.32873e-116
8.74164e-118
1.59865e-118
7.59248e-120
2.46124e-121
7.52977e-123
2.45488e-124
9.10583e-126
4.02229e-127
2.19586e-128
1.52389e-129
1.35744e-130
1.52208e-131
2.04701e-132
3.09889e-133
4.96453e-134
8.01853e-135
1.26788e-135
1.94784e-136
2.9151e-137
4.76143e-138
6.16505e-139
1.2566e-139
2.84672e-140
6.9321e-141
1.75509e-141
4.51939e-142
1.16639e-142
2.98601e-143
7.52074e-144
1.85544e-144
4.43496e-145
9.30941e-146
1.62347e-146
6.9927e-147
4.36546e-147
3.039e-147
2.22852e-147
1.68826e-147
1.30995e-147
1.03587e-147
8.31985e-148
6.76906e-148
5.56586e-148
4.61515e-148
3.8512e-148
3.22795e-148
2.71281e-148
2.28253e-148
1.92037e-148
1.61432e-148
1.35334e-148
0
1.6496e-86
3.12028e-84
5.79088e-82
2.73187e-71
4.25226e-70
1.90669e-69
5.23674e-69
1.25964e-68
2.94063e-68
6.40696e-68
1.37911e-67
3.06573e-67
6.5392e-67
1.20549e-66
1.83799e-66
2.55391e-66
3.86981e-66
6.99938e-66
1.62711e-65
4.45415e-65
1.27218e-64
5.76072e-13
4.11785e-12
1.75647e-11
4.73134e-11
8.57949e-11
1.24008e-10
1.36838e-10
1.36806e-10
1.22323e-10
9.5658e-11
7.28881e-11
6.44571e-11
6.46179e-11
6.81505e-11
8.1795e-11
1.11677e-10
1.3614e-10
1.38682e-10
1.3426e-10
1.08563e-10
6.11374e-11
2.17384e-11
6.05443e-12
2.15984e-12
9.46358e-13
3.61759e-13
9.07237e-14
1.16447e-14
6.03313e-16
9.45727e-18
1.36125e-20
4.48662e-24
2.97977e-26
1.9854e-28
1.32734e-30
8.90569e-33
5.99864e-35
4.0582e-37
2.75873e-39
1.88536e-41
1.29602e-43
8.96592e-46
6.2458e-48
4.38372e-50
3.10184e-52
2.21401e-54
1.59513e-56
1.16074e-58
8.53626e-61
6.34841e-63
4.77741e-65
3.64007e-67
2.80978e-69
2.19851e-71
1.7447e-73
1.40501e-75
1.14877e-77
9.53923e-80
7.84559e-82
6.73192e-84
5.87636e-86
5.22072e-88
4.72251e-90
4.35126e-92
4.08197e-94
3.52355e-96
3.07376e-98
2.73262e-100
2.4769e-102
2.29012e-104
2.16059e-106
2.08064e-108
2.04585e-110
2.05455e-112
2.10755e-114
2.20858e-116
2.36484e-118
2.5873e-120
2.89251e-122
3.30423e-124
1.12866e-124
4.25948e-126
1.26367e-127
3.73304e-129
1.20654e-130
4.50122e-132
2.01482e-133
1.11593e-134
7.80328e-136
6.89655e-137
7.52003e-138
9.66268e-139
1.3835e-139
2.09286e-140
3.21126e-141
4.82967e-142
7.75831e-143
9.07037e-144
1.61098e-144
3.11753e-145
5.32142e-146
1.05913e-146
5.69687e-147
3.59178e-147
2.45381e-147
1.76335e-147
1.31304e-147
1.00416e-147
7.84043e-148
6.22153e-148
4.99734e-148
4.05009e-148
3.30385e-148
2.70786e-148
2.22696e-148
1.83594e-148
1.51611e-148
1.25328e-148
1.03647e-148
8.57073e-149
7.08297e-149
5.84722e-149
4.82002e-149
3.96621e-149
3.25712e-149
2.6691e-149
2.18253e-149
1.78096e-149
1.4504e-149
1.15847e-150
2.09186e-97
1.33224e-87
4.62248e-84
4.50251e-83
0
3.02702e-77
3.0619e-76
1.46281e-75
5.14805e-75
8.85368e-72
8.86684e-71
4.32646e-70
1.31071e-69
3.3064e-69
1.01843e-68
4.55808e-68
2.46346e-67
1.27784e-66
5.79929e-66
2.40031e-65
9.00698e-12
2.44842e-11
5.26729e-11
8.58944e-11
1.12396e-10
1.27474e-10
1.33665e-10
1.21114e-10
9.64214e-11
7.49254e-11
6.51528e-11
6.35778e-11
6.39783e-11
6.82381e-11
8.35183e-11
1.1422e-10
1.36175e-10
1.38682e-10
1.28292e-10
9.30303e-11
4.44989e-11
1.34981e-11
3.65376e-12
1.34538e-12
5.51065e-13
1.78063e-13
3.44024e-14
3.12116e-15
1.05e-16
9.03203e-19
6.85414e-23
4.37887e-25
2.79613e-27
1.78517e-29
1.14e-31
7.28482e-34
4.66034e-36
2.98622e-38
1.91765e-40
1.23484e-42
7.9783e-45
5.17543e-47
3.37292e-49
2.20995e-51
1.45673e-53
9.66725e-56
6.4635e-58
4.35699e-60
2.96329e-62
2.03491e-64
1.41192e-66
9.90545e-69
7.03134e-71
5.05354e-73
3.67989e-75
2.71665e-77
2.03453e-79
1.54638e-81
1.16564e-83
9.14433e-86
7.29429e-88
5.91984e-90
4.89075e-92
4.11428e-94
3.44243e-96
2.68274e-98
2.12968e-100
1.72314e-102
1.42176e-104
1.1969e-106
1.02847e-108
9.02392e-111
8.0876e-113
7.40624e-115
6.932e-117
6.63222e-119
6.48761e-121
6.48864e-123
6.63552e-125
6.93882e-127
7.41932e-129
1.46023e-129
7.08992e-131
2.13209e-132
5.91811e-134
1.73246e-135
5.71374e-137
2.21252e-138
1.03632e-139
5.99439e-141
4.31478e-142
3.82392e-143
4.04336e-144
5.00471e-145
5.89073e-146
8.86512e-147
4.47168e-147
2.87013e-147
1.9558e-147
1.37631e-147
9.95675e-148
7.36988e-148
5.55334e-148
4.24262e-148
3.27669e-148
2.55342e-148
2.00504e-148
1.58489e-148
1.25997e-148
1.00652e-148
8.07266e-149
6.49499e-149
5.238e-149
4.23106e-149
3.42073e-149
2.76618e-149
2.23595e-149
1.80557e-149
1.45586e-149
1.17162e-149
9.40721e-150
7.53404e-150
6.01735e-150
4.79234e-150
3.80583e-150
3.014e-150
2.38068e-150
1.87601e-150
1.47537e-150
1.15847e-150
6.1279e-152
6.43651e-152
-8.82603e-100
-1.15693e-98
-6.8069e-98
0
2.44248e-81
1.13044e-79
7.34633e-79
3.6972e-78
1.97519e-77
9.18538e-77
1.86615e-74
1.33078e-72
2.3244e-71
3.04888e-70
3.0799e-69
2.42939e-68
1.50761e-67
8.29953e-67
4.42365e-11
6.74723e-11
9.36058e-11
1.09054e-10
1.2078e-10
1.2094e-10
1.13959e-10
9.89226e-11
8.16955e-11
6.4611e-11
6.35851e-11
6.35778e-11
6.39067e-11
6.84849e-11
8.50016e-11
1.16096e-10
1.36097e-10
1.35267e-10
1.17676e-10
7.44124e-11
2.94132e-11
7.67987e-12
2.11193e-12
7.90469e-13
2.92643e-13
7.68988e-14
1.09944e-14
6.78062e-16
1.41171e-17
5.26627e-20
6.39734e-24
3.94229e-26
2.42021e-28
1.48079e-30
9.03399e-33
5.49841e-35
3.34049e-37
2.02701e-39
1.22927e-41
7.45553e-44
4.52532e-46
2.75092e-48
1.67607e-50
1.0243e-52
6.28394e-55
3.87307e-57
2.40024e-59
1.49689e-61
9.40199e-64
5.95255e-66
3.80187e-68
2.45163e-70
1.59744e-72
1.05255e-74
7.01851e-77
4.73977e-79
3.24412e-81
2.25173e-83
1.55375e-85
1.11158e-87
8.08235e-90
5.97646e-92
4.49687e-94
3.41336e-96
2.37424e-98
1.68084e-100
1.21197e-102
8.90648e-105
6.67473e-107
5.1042e-109
3.98478e-111
3.17729e-113
2.58858e-115
2.15567e-117
1.83556e-119
1.5985e-121
1.42397e-123
1.29786e-125
1.21038e-127
1.15508e-129
1.12793e-131
1.12697e-133
1.15214e-135
6.84066e-136
2.36983e-137
6.37429e-139
1.70415e-140
4.97686e-142
1.671e-143
6.86419e-145
2.38727e-146
7.88106e-147
3.97136e-147
2.31143e-147
1.43992e-147
9.35482e-148
6.24977e-148
4.5258e-148
3.31593e-148
2.45081e-148
1.82554e-148
1.36915e-148
1.03311e-148
7.83733e-149
5.97351e-149
4.57158e-149
3.51103e-149
2.70467e-149
2.0888e-149
1.61653e-149
1.25308e-149
9.72485e-150
7.5525e-150
5.8667e-150
4.55597e-150
3.53546e-150
2.7403e-150
2.1206e-150
1.63785e-150
1.26217e-150
9.70259e-151
7.43908e-151
5.6882e-151
4.33761e-151
3.29896e-151
2.50277e-151
1.89444e-151
1.4312e-151
1.07958e-151
8.13525e-152
6.1279e-152
4.61732e-152
3.48303e-152
2.63273e-152
1.99593e-152
5.61251e-154
0
0
4.16795e-83
4.54216e-82
3.6608e-81
2.24615e-80
9.63474e-80
5.08899e-79
5.53703e-78
7.62536e-77
4.56105e-73
1.6875e-71
2.15073e-70
1.99068e-69
8.95889e-11
1.00009e-10
1.1031e-10
1.11605e-10
1.10177e-10
1.04792e-10
9.8e-11
9.13321e-11
9.21075e-11
1.58667e-10
8.32522e-11
6.36476e-11
6.42282e-11
6.87581e-11
8.61824e-11
1.17401e-10
1.34358e-10
1.29258e-10
1.01794e-10
5.3944e-11
1.72423e-11
4.02803e-12
1.1714e-12
4.32119e-13
1.38887e-13
2.84581e-14
2.89506e-15
1.1724e-16
1.42829e-18
7.30022e-22
5.12883e-25
3.05e-27
1.80086e-29
1.05629e-31
6.15808e-34
3.57054e-36
2.06028e-38
1.18391e-40
6.77976e-43
3.87208e-45
2.20723e-47
1.25684e-49
7.15499e-52
4.0758e-54
2.32529e-56
1.32984e-58
7.63092e-61
4.39761e-63
2.54756e-65
1.48492e-67
8.7169e-70
5.15818e-72
3.07966e-74
1.85682e-76
1.13156e-78
6.97586e-81
4.35408e-83
2.75335e-85
1.72788e-87
1.12449e-89
7.43306e-92
4.99425e-94
3.41336e-96
2.37424e-98
1.63766e-100
1.04867e-102
6.83902e-105
4.5457e-107
3.08147e-109
2.13179e-111
1.50593e-113
1.08683e-115
8.01705e-118
6.04719e-120
4.66602e-122
3.684e-124
2.97702e-126
2.46287e-128
2.08619e-130
1.80948e-132
1.60731e-134
1.46208e-136
1.36197e-138
1.29906e-140
3.87336e-141
1.75006e-142
4.76789e-144
1.12831e-145
1.08023e-146
5.39094e-147
2.80304e-147
1.59995e-147
9.54515e-148
5.85383e-148
3.66353e-148
2.33095e-148
1.50434e-148
1.04824e-148
7.35546e-149
5.19408e-149
3.69018e-149
2.63675e-149
1.89404e-149
1.36711e-149
9.91021e-150
7.21115e-150
5.26431e-150
3.85368e-150
2.82747e-150
2.07831e-150
1.52976e-150
1.12706e-150
8.30819e-151
6.12517e-151
4.51452e-151
3.32524e-151
2.44679e-151
1.79803e-151
1.31918e-151
9.66086e-152
7.06092e-152
5.14978e-152
3.74781e-152
2.72167e-152
1.97242e-152
1.42673e-152
1.03031e-152
7.43074e-153
5.35455e-153
3.85731e-153
2.77979e-153
2.00564e-153
1.45017e-153
1.05186e-153
7.66259e-154
5.61251e-154
-1.15064e-104
-4.00001e-104
5.01575e-99
1.86661e-86
3.94804e-85
3.84455e-84
2.22836e-83
1.46512e-82
1.88867e-81
2.98656e-80
4.86999e-79
8.27831e-78
9.62141e-77
9.15922e-76
1.06699e-10
1.06868e-10
1.03935e-10
1.01651e-10
9.87491e-11
9.47284e-11
9.42655e-11
9.13321e-11
1.52837e-09
3.57764e-09
1.91933e-09
1.93744e-10
6.42529e-11
6.92229e-11
8.67782e-11
1.18697e-10
1.26685e-10
1.16367e-10
8.03248e-11
3.44908e-11
8.90182e-12
1.9917e-12
6.19142e-13
2.15285e-13
5.73343e-14
8.76079e-15
6.09992e-16
1.56424e-17
9.97299e-20
7.44212e-24
4.31587e-26
2.47547e-28
1.40507e-30
7.8967e-33
4.39712e-35
2.42749e-37
1.3296e-39
7.23072e-42
3.90736e-44
2.09983e-46
1.12321e-48
5.9855e-51
3.18061e-53
1.68697e-55
8.93959e-58
4.73782e-60
2.51383e-62
1.3367e-64
7.13069e-67
3.82012e-69
2.05742e-71
1.11511e-73
6.08843e-76
3.35213e-78
1.86292e-80
1.04602e-82
5.93974e-85
3.41376e-87
1.95217e-89
1.15268e-91
6.90805e-94
4.2056e-96
2.60258e-98
1.58287e-100
8.98503e-103
5.18918e-105
3.05183e-107
1.82917e-109
1.11815e-111
6.976e-114
4.4448e-116
2.89391e-118
1.92636e-120
1.31166e-122
9.13964e-125
6.5195e-127
4.76226e-129
3.56328e-131
2.73154e-133
2.14559e-135
1.72716e-137
1.42488e-139
1.20472e-141
1.04649e-143
1.13006e-145
1.72952e-146
1.12505e-146
6.1054e-147
2.78312e-147
1.42733e-147
7.70842e-148
4.29304e-148
2.44396e-148
1.41605e-148
8.33108e-149
4.97006e-149
3.00376e-149
1.97368e-149
1.30504e-149
8.68119e-150
5.80821e-150
3.90732e-150
2.642e-150
1.79484e-150
1.22451e-150
8.38571e-151
5.7617e-151
3.96999e-151
2.74194e-151
1.89744e-151
1.31506e-151
9.12481e-152
6.33651e-152
4.40229e-152
3.05896e-152
2.12524e-152
1.47591e-152
1.02428e-152
7.10212e-153
4.9191e-153
3.40288e-153
2.35084e-153
1.6218e-153
1.11732e-153
7.68769e-154
5.28364e-154
3.62833e-154
2.49048e-154
1.70957e-154
1.17438e-154
8.0799e-155
5.57333e-155
3.85873e-155
2.68517e-155
1.88069e-155
1.32774e-155
0
4.8182e-118
2.15005e-117
2.4491e-102
1.18879e-89
3.74336e-88
3.59407e-87
3.24946e-86
5.26757e-85
9.95174e-84
1.8752e-82
3.60047e-81
4.65545e-80
4.87549e-79
1.06623e-10
1.06622e-10
1.04003e-10
9.76007e-11
9.51955e-11
9.47466e-11
9.42655e-11
7.23066e-10
6.09779e-09
7.48135e-09
6.81726e-09
1.79809e-09
9.82325e-11
7.0813e-11
8.67685e-11
1.14207e-10
1.15413e-10
9.7852e-11
5.60765e-11
1.8797e-11
4.04209e-12
9.45613e-13
3.06551e-13
9.51531e-14
1.99268e-14
2.16887e-15
9.96212e-17
1.55269e-18
3.78467e-21
5.43345e-25
3.04718e-27
1.68461e-29
9.18613e-32
4.94389e-34
2.62784e-36
1.38049e-38
7.17307e-41
3.68944e-43
1.88004e-45
9.49982e-48
4.7644e-50
2.37393e-52
1.17634e-54
5.80309e-57
2.85305e-59
1.39946e-61
6.85647e-64
3.35909e-66
1.64748e-68
8.09842e-71
3.99447e-73
1.97922e-75
9.86284e-78
4.94841e-80
2.50243e-82
1.27689e-84
6.58099e-87
3.42914e-89
1.78063e-91
9.51321e-94
5.15423e-96
2.83445e-98
1.55258e-100
7.80736e-103
3.98873e-105
2.07244e-107
1.09613e-109
5.9071e-112
3.24632e-114
1.82079e-116
1.04302e-118
6.10622e-121
3.65561e-123
2.23921e-125
1.4041e-127
9.01676e-130
5.9322e-132
3.99981e-134
2.76458e-136
1.95917e-138
1.42379e-140
1.06144e-142
8.33849e-145
2.41606e-146
1.20971e-146
8.25179e-147
3.17251e-147
1.42243e-147
6.84683e-148
3.42178e-148
1.75301e-148
9.15486e-149
4.85969e-149
2.6182e-149
1.43033e-149
7.91814e-150
4.43934e-150
2.72826e-150
1.68636e-150
1.0481e-150
6.54834e-151
4.11171e-151
2.59396e-151
1.64375e-151
1.04598e-151
6.68185e-152
4.28374e-152
2.75524e-152
1.77728e-152
1.14938e-152
7.44957e-153
4.83742e-153
3.14612e-153
2.04872e-153
1.33542e-153
8.711e-154
5.68496e-154
3.71109e-154
2.42273e-154
1.58148e-154
1.03209e-154
6.73326e-155
4.39105e-155
2.86258e-155
1.86569e-155
1.21593e-155
7.92693e-156
5.17185e-156
3.37925e-156
2.21314e-156
1.45441e-156
9.60366e-157
6.38161e-157
4.27477e-157
2.89171e-157
1.97875e-157
4.72909e-157
8.26963e-114
9.6294e-112
9.63062e-112
2.3917e-105
8.79744e-93
3.27314e-91
5.04542e-90
1.13832e-88
2.72646e-87
6.17383e-86
1.37679e-84
2.02177e-83
2.36643e-82
1.06622e-10
1.87508e-10
1.64414e-09
1.66696e-09
5.27449e-10
1.00927e-10
3.71268e-10
5.60727e-09
7.48138e-09
7.48148e-09
7.48148e-09
6.22468e-09
8.60459e-10
7.12951e-11
8.65555e-11
1.0436e-10
1.00248e-10
7.34072e-11
3.30946e-11
8.53339e-12
1.66506e-12
4.33857e-13
1.38482e-13
3.60167e-14
5.60736e-15
4.15797e-16
1.21895e-17
1.08765e-19
6.17855e-24
3.40751e-26
1.84563e-28
9.82295e-31
5.14032e-33
2.64648e-35
1.34146e-37
6.6995e-40
3.29918e-42
1.60338e-44
7.69701e-47
3.65319e-49
1.716e-51
7.98554e-54
3.68557e-56
1.6889e-58
7.69309e-61
3.48748e-63
1.5753e-65
7.09888e-68
3.19548e-70
1.43863e-72
6.48601e-75
2.93205e-77
1.33069e-79
6.07061e-82
2.78719e-84
1.28941e-86
6.01728e-89
2.83547e-91
1.33072e-93
6.41506e-96
3.13348e-98
1.55258e-100
7.80736e-103
3.54308e-105
1.62589e-107
7.58367e-110
3.59875e-112
1.73899e-114
8.56442e-117
4.3028e-119
2.20739e-121
1.15729e-123
6.20541e-126
3.40528e-128
1.91356e-130
1.10167e-132
6.50082e-135
3.93332e-137
2.44094e-139
1.5541e-141
1.01775e-143
8.66708e-146
1.50147e-146
9.72578e-147
3.99602e-147
1.53665e-147
6.52871e-148
2.90465e-148
1.32888e-148
6.20616e-149
2.94842e-149
1.42265e-149
6.96498e-150
3.45823e-150
1.7407e-150
8.87845e-151
4.58648e-151
2.61961e-151
1.50422e-151
8.6809e-152
5.0334e-152
2.93142e-152
1.71439e-152
1.00663e-152
5.93318e-153
3.51006e-153
2.08404e-153
1.24171e-153
7.42363e-154
4.45287e-154
2.67936e-154
1.61704e-154
9.78652e-155
5.9384e-155
3.61203e-155
2.2018e-155
1.34478e-155
8.22762e-156
5.04145e-156
3.0932e-156
1.90002e-156
1.16829e-156
7.19053e-157
4.42992e-157
2.73223e-157
1.68752e-157
1.04424e-157
6.47861e-158
4.03381e-158
2.52383e-158
1.58931e-158
1.00921e-158
6.47572e-159
4.2078e-159
2.77415e-159
1.8585e-159
4.29993e-159
1.52757e-112
9.91674e-111
2.90826e-110
0
1.16782e-108
6.85887e-96
4.47066e-94
1.74068e-92
5.8379e-91
1.68287e-89
4.52624e-88
7.75044e-87
1.03379e-85
3.88404e-10
1.72201e-09
7.29574e-09
7.40414e-09
3.01809e-09
2.39698e-09
6.09054e-09
7.48148e-09
7.48148e-09
7.48148e-09
7.48148e-09
7.48148e-09
1.73692e-09
7.77585e-11
8.687e-11
9.31101e-11
8.0886e-11
4.71317e-11
1.57238e-11
3.20244e-12
6.54043e-13
1.89108e-13
5.50028e-14
1.11701e-14
1.22113e-15
5.92883e-17
1.07916e-18
4.83848e-21
3.9281e-25
2.09377e-27
1.09273e-29
5.58688e-32
2.79995e-34
1.37637e-36
6.64089e-39
3.14739e-41
1.46643e-43
6.72258e-46
3.03511e-48
1.35084e-50
5.93292e-53
2.57421e-55
1.10465e-57
4.69374e-60
1.97726e-62
8.26808e-65
3.43644e-67
1.42151e-69
5.86026e-72
2.41103e-74
9.91302e-77
4.07878e-79
1.6818e-81
6.95888e-84
2.89346e-86
1.21058e-88
5.10316e-91
2.17011e-93
9.21625e-96
4.00301e-98
1.75988e-100
7.05344e-103
2.82138e-105
1.14424e-107
4.71024e-110
1.97018e-112
8.38193e-115
3.63043e-117
1.60212e-119
7.20736e-122
3.30749e-124
1.54996e-126
7.42382e-129
3.63746e-131
1.82487e-133
9.38115e-136
4.94462e-138
2.6735e-140
1.48365e-142
8.65956e-145
2.144e-146
1.0658e-146
6.63499e-147
2.06178e-147
7.48552e-148
2.90268e-148
1.16569e-148
4.79493e-149
2.01061e-149
8.57424e-150
3.71301e-150
1.63142e-150
7.26837e-151
3.28243e-151
1.50201e-151
6.96127e-152
3.26664e-152
1.71055e-152
9.00243e-153
4.76136e-153
2.53048e-153
1.35125e-153
7.24901e-154
3.90655e-154
2.11468e-154
1.14977e-154
6.2788e-155
3.44388e-155
1.89729e-155
1.0499e-155
5.83585e-156
3.25839e-156
1.8274e-156
1.02935e-156
5.82282e-157
3.30727e-157
1.8857e-157
1.07902e-157
6.19475e-158
3.56726e-158
2.05997e-158
1.19269e-158
6.92322e-159
4.02936e-159
2.35198e-159
1.37764e-159
8.10418e-160
4.79382e-160
2.85599e-160
1.71714e-160
1.04436e-160
6.44131e-161
4.03853e-161
2.57892e-161
1.67916e-161
1.11475e-161
7.53617e-162
5.17689e-162
3.60544e-162
-2.29343e-130
-1.99534e-117
-7.91221e-115
0
9.8858e-99
1.56007e-96
8.98592e-95
3.62363e-93
1.24132e-91
2.56769e-90
4.00035e-89
4.95392e-09
7.47256e-09
7.47377e-09
7.47374e-09
7.37553e-09
7.48147e-09
7.48148e-09
7.48148e-09
7.48148e-09
7.48148e-09
7.48148e-09
6.50699e-09
1.01711e-09
8.87951e-11
8.87081e-11
8.26947e-11
5.69293e-11
2.35844e-11
5.6792e-12
1.05181e-12
2.55616e-13
7.54993e-14
1.82467e-14
2.68649e-15
1.95699e-16
6.05022e-18
6.6996e-20
9.33016e-23
1.927e-26
9.89741e-29
4.96328e-31
2.4313e-33
1.16405e-35
5.45047e-38
2.49761e-40
1.1209e-42
4.93073e-45
2.12782e-47
9.0167e-50
3.75562e-52
1.53921e-54
6.21417e-57
2.4743e-59
9.72835e-62
3.78185e-64
1.45555e-66
5.55398e-69
2.10402e-71
7.92491e-74
2.97218e-76
1.11157e-78
4.15183e-81
1.55109e-83
5.80485e-86
2.17954e-88
8.22291e-91
3.12219e-93
1.19501e-95
4.5737e-98
1.78582e-100
6.27132e-103
2.20814e-105
7.86784e-108
2.84054e-110
1.0404e-112
3.87058e-115
1.46433e-117
5.64006e-120
2.21419e-122
8.87094e-125
3.62974e-127
1.51749e-129
6.48536e-132
2.83414e-134
1.26701e-136
5.79965e-139
2.72052e-141
1.31126e-143
8.19878e-146
1.35407e-146
8.7112e-147
2.86523e-147
8.88397e-148
3.01064e-148
1.06269e-148
3.84902e-149
1.42244e-149
5.34974e-150
2.04467e-150
7.93437e-151
3.12404e-151
1.24737e-151
5.04717e-152
2.06834e-152
8.58004e-153
3.60084e-153
1.52824e-153
7.2948e-154
3.49499e-154
1.68083e-154
8.11562e-155
3.93516e-155
1.91678e-155
9.38206e-156
4.61626e-156
2.28397e-156
1.13668e-156
5.69185e-157
2.86845e-157
1.45514e-157
7.43185e-158
3.82172e-158
1.97878e-158
1.03154e-158
5.4132e-159
2.85894e-159
1.51916e-159
8.11883e-160
4.36228e-160
2.35566e-160
1.2781e-160
6.96652e-161
3.81491e-161
2.09951e-161
1.16201e-161
6.47512e-162
3.6385e-162
2.06606e-162
1.18852e-162
6.94583e-163
4.13499e-163
2.51319e-163
1.56144e-163
9.9176e-164
6.43868e-164
4.31661e-164
3.29238e-164
4.26562e-164
1.16245e-163
3.87325e-163
-3.4453e-116
-1.69891e-115
-3.289e-115
1.11372e-114
4.14034e-101
8.41754e-99
5.71633e-97
2.72033e-95
7.14791e-94
1.34385e-92
7.33298e-09
7.34905e-09
7.24e-09
7.48081e-09
7.48145e-09
7.48148e-09
7.48148e-09
7.48148e-09
7.48148e-09
7.48148e-09
7.48137e-09
2.44194e-09
9.31977e-11
9.28962e-11
9.13213e-11
6.83267e-11
3.1422e-11
8.50975e-12
1.60642e-12
3.41485e-13
9.72189e-14
2.59938e-14
4.7321e-15
4.70642e-16
2.19726e-17
4.3029e-19
2.84435e-21
1.63883e-25
8.29901e-28
4.09093e-30
1.96372e-32
9.18319e-35
4.18582e-37
1.86077e-39
8.07251e-42
3.42012e-44
1.41623e-46
5.73665e-49
2.27521e-51
8.84418e-54
3.37314e-56
1.26371e-58
4.65611e-61
1.68933e-63
6.04372e-66
2.13499e-68
7.45788e-71
2.57996e-73
8.85223e-76
3.01728e-78
1.02328e-80
3.45854e-83
1.16685e-85
3.9362e-88
1.3298e-90
4.50664e-93
1.53448e-95
5.25704e-98
1.79214e-100
5.4757e-103
1.69589e-105
5.30159e-108
1.67552e-110
5.36128e-113
1.73929e-115
5.72855e-118
1.91799e-120
6.53601e-123
2.26966e-125
8.04018e-128
2.90862e-130
1.07552e-132
4.06861e-135
1.57616e-137
6.25588e-140
2.54448e-142
1.08014e-144
2.00769e-146
9.67245e-147
5.56767e-147
1.37738e-147
3.93631e-148
1.19155e-148
3.72273e-149
1.19043e-149
3.88189e-150
1.288e-150
4.3416e-151
1.48514e-151
5.15136e-152
1.81072e-152
6.44694e-153
2.32417e-153
8.48125e-154
3.13207e-154
1.17025e-154
4.42367e-155
1.89935e-155
8.1883e-156
3.54497e-156
1.54154e-156
6.73578e-157
2.9585e-157
1.3068e-157
5.8084e-158
2.59943e-158
1.17208e-158
5.32834e-159
2.44371e-159
1.13127e-159
5.28842e-160
2.49713e-160
1.19108e-160
5.73815e-161
2.7913e-161
1.37039e-161
6.78655e-162
3.38816e-162
1.70431e-162
8.6342e-163
4.40446e-163
2.26258e-163
1.17106e-163
6.11304e-164
3.22346e-164
1.72074e-164
9.32401e-165
5.1438e-165
2.89754e-165
1.67059e-165
9.87411e-166
6.00296e-166
3.88676e-166
3.66403e-166
1.14767e-165
7.38944e-165
4.80146e-164
2.73427e-163
1.33676e-162
5.59549e-162
1.94975e-161
5.10799e-161
8.49007e-161
8.49007e-161
8.70094e-117
2.83821e-103
5.72728e-101
4.45527e-99
1.60766e-97
3.81758e-96
4.83087e-09
2.30262e-09
1.45752e-09
3.70159e-09
7.43865e-09
7.48145e-09
7.48148e-09
7.48148e-09
7.48148e-09
7.48141e-09
3.68142e-09
1.17782e-10
1.00808e-10
1.00869e-10
8.35203e-11
4.25296e-11
1.19832e-11
2.18785e-12
4.22816e-13
1.16661e-13
3.34776e-14
7.0911e-15
8.85008e-16
5.62888e-17
1.66989e-18
2.14688e-20
8.10843e-23
6.39776e-27
3.10114e-29
1.4598e-31
6.67536e-34
2.96637e-36
1.28155e-38
5.38564e-41
2.20285e-43
8.77552e-46
3.40744e-48
1.29066e-50
4.77333e-53
1.72539e-55
6.10202e-58
2.11389e-60
7.182e-63
2.39623e-65
7.86188e-68
2.54018e-70
8.09462e-73
2.54799e-75
7.93539e-78
2.44921e-80
7.5042e-83
2.2864e-85
6.93945e-88
2.10178e-90
6.36365e-93
1.92933e-95
5.65731e-98
1.52749e-100
4.13571e-103
1.11988e-105
3.06722e-108
8.47129e-111
2.36312e-113
6.66873e-116
1.90671e-118
5.53156e-121
1.63058e-123
4.89044e-126
1.4942e-128
4.65621e-131
1.48154e-133
4.81852e-136
1.60342e-138
5.46387e-141
1.91046e-143
8.46126e-146
1.24863e-146
8.02251e-147
2.14814e-147
5.24965e-148
1.38137e-148
3.75597e-149
1.04402e-149
2.95619e-150
8.51241e-151
2.49008e-151
7.39407e-152
2.22736e-152
6.80239e-153
2.1047e-153
6.59237e-154
2.08873e-154
6.68975e-155
2.16464e-155
7.07423e-156
2.33478e-156
7.78353e-157
2.97086e-157
1.13737e-157
4.37127e-158
1.68792e-158
6.55575e-159
2.56353e-159
1.01029e-159
4.01732e-160
1.61342e-160
6.55105e-161
2.69172e-161
1.12005e-161
4.72268e-162
2.01861e-162
8.7474e-163
3.84236e-163
1.71018e-163
7.70806e-164
3.51558e-164
1.62133e-164
7.55578e-165
3.55651e-165
1.69064e-165
8.11903e-166
3.94248e-166
1.93871e-166
9.67582e-167
4.91462e-167
2.54832e-167
1.35293e-167
7.37666e-168
4.17745e-168
2.73821e-168
3.78768e-168
1.64951e-167
1.10789e-166
8.67516e-166
7.27447e-165
5.87142e-164
4.22575e-163
2.63123e-162
1.41038e-161
6.5269e-161
2.61513e-160
8.64635e-160
2.13286e-159
5.59537e-159
-3.42912e-130
0
2.46428e-105
4.83418e-103
2.75323e-101
8.85042e-100
5.28558e-12
5.28558e-12
5.28559e-12
5.2856e-12
1.18242e-09
6.9589e-09
7.48141e-09
7.48148e-09
7.48141e-09
4.83496e-09
2.92821e-10
1.00991e-10
1.02998e-10
9.13963e-11
5.16571e-11
1.60152e-11
2.90974e-12
4.90144e-13
1.26838e-13
3.8548e-14
9.26696e-15
1.37763e-15
1.09793e-16
4.38703e-18
8.68754e-20
8.05805e-22
1.41884e-24
1.96362e-28
9.05365e-31
4.04515e-33
1.7518e-35
7.35531e-38
2.99533e-40
1.18362e-42
4.54084e-45
1.69233e-47
6.13151e-50
2.16135e-52
7.4189e-55
2.48217e-57
8.10326e-60
2.58416e-62
8.0602e-65
2.46212e-67
7.37588e-70
2.17021e-72
6.2812e-75
1.79118e-77
5.04099e-80
1.40258e-82
3.86493e-85
1.05669e-87
2.87173e-90
7.77119e-93
2.01183e-95
4.81501e-98
1.14957e-100
2.74339e-103
6.5577e-106
1.56606e-108
3.77446e-111
9.16045e-114
2.24289e-116
5.55011e-119
1.39037e-121
3.53183e-124
9.11103e-127
2.39036e-129
6.38667e-132
1.74003e-134
4.83991e-137
1.37599e-139
4.00278e-142
1.21102e-144
1.83418e-146
8.83135e-147
4.83328e-147
9.49752e-148
2.10941e-148
4.88865e-149
1.15928e-149
2.79943e-150
6.87039e-151
1.7114e-151
4.32183e-152
1.10547e-152
2.86234e-153
7.49982e-154
1.98822e-154
5.33268e-155
1.44713e-155
3.97347e-156
1.10399e-156
3.10389e-157
8.83118e-158
2.54287e-158
7.41099e-159
2.49858e-159
8.4585e-160
2.87745e-160
9.84378e-161
3.39032e-161
1.17706e-161
4.12489e-162
1.46153e-162
5.24396e-163
1.90832e-163
7.05421e-164
2.65196e-164
1.01479e-164
3.95438e-165
1.5691e-165
6.33714e-166
2.60296e-166
1.0863e-166
4.60167e-167
1.97704e-167
8.61119e-168
3.80273e-168
1.70391e-168
7.75857e-169
3.5983e-169
1.70472e-169
8.27613e-170
4.13038e-170
2.14358e-170
1.39425e-170
3.18738e-170
2.08909e-169
1.47287e-168
1.01359e-167
7.21631e-167
5.63025e-166
4.93556e-165
4.5794e-164
4.03564e-163
3.14514e-162
2.1168e-161
1.2303e-160
6.21539e-160
2.74527e-159
1.06293e-158
3.32251e-158
2.40692e-157
-4.18331e-128
-5.16814e-128
0
2.59895e-107
3.24876e-105
5.26439e-103
5.28558e-12
5.28559e-12
5.2856e-12
5.28564e-12
5.29538e-12
7.87659e-10
7.10629e-09
7.48132e-09
5.57408e-09
4.87305e-10
9.10053e-11
1.01033e-10
9.41804e-11
5.62098e-11
1.85583e-11
3.49417e-12
5.41572e-13
1.28084e-13
3.97992e-14
1.04998e-14
1.79525e-15
1.70743e-16
8.47719e-18
2.25201e-19
3.40594e-21
2.55347e-23
1.13233e-27
4.94008e-30
2.1503e-32
9.05223e-35
3.68604e-37
1.45213e-39
5.53628e-42
2.04344e-44
7.30535e-47
2.53102e-49
8.50369e-52
2.77266e-54
8.78063e-57
2.70333e-59
8.09956e-62
2.36429e-64
6.73206e-67
1.87228e-69
5.0931e-72
1.35715e-74
3.5481e-77
9.11599e-80
2.3057e-82
5.75141e-85
1.41749e-87
3.45834e-90
8.36834e-93
1.97963e-95
4.19691e-98
8.84071e-101
1.85426e-103
3.88053e-106
8.11962e-109
1.69725e-111
3.57191e-114
7.56099e-117
1.61299e-119
3.47442e-122
7.57052e-125
1.67153e-127
3.74597e-130
8.53398e-133
1.97931e-135
4.68002e-138
1.1296e-140
2.78866e-143
8.5626e-146
1.14811e-146
7.41535e-147
1.5494e-147
2.92909e-148
5.83224e-149
1.18804e-149
2.46409e-150
5.19667e-151
1.11295e-151
2.41699e-152
5.31668e-153
1.18416e-153
2.66949e-154
6.08719e-155
1.40282e-155
3.26431e-156
7.66427e-157
1.81476e-157
4.33253e-158
1.04295e-158
2.53243e-159
6.20608e-160
1.53625e-160
3.84513e-161
1.12273e-161
3.29306e-162
9.71825e-163
2.89066e-163
8.68195e-164
2.63839e-164
8.12879e-165
2.5447e-165
8.11129e-166
2.63745e-166
8.76312e-167
2.97824e-167
1.03584e-167
3.68672e-168
1.34187e-168
4.98955e-169
1.89332e-169
7.3246e-170
2.88746e-170
1.16009e-170
4.75506e-171
1.99225e-171
8.55575e-172
3.77848e-172
1.72144e-172
8.10903e-173
4.07003e-173
5.89809e-173
6.99764e-172
8.5298e-171
8.30025e-170
6.85398e-169
5.14443e-168
3.79064e-167
2.94494e-166
2.535e-165
2.45359e-164
2.49063e-163
2.37329e-162
1.98618e-161
1.43371e-160
8.96363e-160
4.89956e-159
2.36027e-158
1.00679e-157
3.80555e-157
4.30727e-156
-1.30465e-126
-2.99315e-126
-5.89599e-137
5.02021e-121
4.78197e-108
3.65221e-103
5.67104e-12
5.91126e-12
6.33187e-12
7.55847e-12
5.57196e-12
5.64514e-12
3.26334e-09
4.7301e-09
9.83388e-10
8.21353e-11
9.10075e-11
8.29809e-11
5.2905e-11
1.92663e-11
3.75422e-12
5.34567e-13
1.17193e-13
3.72464e-14
1.05279e-14
1.98302e-15
2.1363e-16
1.24253e-17
4.07122e-19
8.51647e-21
1.16437e-22
6.89918e-25
2.90015e-29
1.22313e-31
4.98022e-34
1.95766e-36
7.42944e-39
2.72247e-41
9.63498e-44
3.2942e-46
1.08851e-48
3.47782e-51
1.07505e-53
3.21728e-56
9.32892e-59
2.62324e-61
7.16037e-64
1.89933e-66
4.90174e-69
1.2324e-71
3.02282e-74
7.24411e-77
1.69888e-79
3.90554e-82
8.81672e-85
1.95786e-87
4.00045e-90
7.70377e-93
1.46173e-95
2.73849e-98
5.07655e-101
9.33223e-104
1.70495e-106
3.10239e-109
5.63495e-112
1.02227e-114
1.86231e-117
3.40846e-120
6.28039e-123
1.16739e-125
2.19323e-128
4.17254e-131
8.05252e-134
1.57908e-136
3.15137e-139
6.41033e-142
1.34726e-144
1.66612e-146
8.0943e-147
4.12331e-147
6.19475e-148
1.02184e-148
1.73575e-149
3.00305e-150
5.28012e-151
9.41873e-152
1.70154e-152
3.1083e-153
5.73647e-154
1.06862e-154
2.00743e-155
3.80209e-156
7.26666e-157
1.403e-157
2.73883e-158
5.40858e-159
1.0808e-159
2.18593e-160
4.4753e-161
9.27612e-162
1.94695e-162
4.13938e-163
8.91941e-164
2.2623e-164
5.77089e-165
1.48287e-165
3.84562e-166
1.00881e-166
2.68387e-167
7.2622e-168
2.00443e-168
5.65975e-169
1.63884e-169
4.87612e-170
1.49254e-170
4.70116e-171
1.52348e-171
5.07587e-172
1.7376e-172
6.11125e-173
2.20983e-173
8.23e-174
3.16568e-174
1.26192e-174
5.22951e-175
2.25728e-175
1.0146e-175
4.73554e-176
2.88131e-176
3.08854e-174
1.03085e-172
1.85226e-171
2.34274e-170
2.34597e-169
2.00864e-168
1.58549e-167
1.25397e-166
1.06347e-165
1.00406e-164
1.06257e-163
1.16879e-162
1.19482e-161
1.0668e-160
8.21052e-160
5.4897e-159
3.22634e-158
1.68286e-157
7.83786e-157
3.26629e-156
1.21553e-155
3.25612e-155
2.62167e-154
7.04414e-117
2.25452e-110
4.53252e-108
4.49657e-106
7.35552e-12
9.05024e-12
1.26174e-11
2.50795e-11
2.43494e-11
2.21842e-10
2.10073e-10
8.60004e-11
8.23449e-11
8.21774e-11
6.84635e-11
4.30993e-11
1.64643e-11
3.41667e-12
4.77988e-13
9.67186e-14
3.09713e-14
9.25099e-15
1.8747e-15
2.19284e-16
1.40791e-17
5.303e-19
1.39462e-20
2.8281e-22
3.50157e-24
1.18251e-26
5.76882e-31
2.25455e-33
8.4932e-36
3.08372e-38
1.07909e-40
3.63947e-43
1.18326e-45
3.70919e-48
1.12144e-50
3.2715e-53
9.21334e-56
2.50642e-58
6.5913e-61
1.67698e-63
4.13173e-66
9.86826e-69
2.28749e-71
5.1518e-74
1.02973e-76
1.99256e-79
3.74833e-82
6.86601e-85
1.22676e-87
2.1419e-90
3.66151e-93
6.14072e-96
1.01248e-98
1.64475e-101
2.6383e-104
4.18829e-107
6.59516e-110
1.03248e-112
1.61064e-115
2.50707e-118
3.91089e-121
6.12239e-124
9.63947e-127
1.52964e-129
2.45139e-132
3.97541e-135
6.53598e-138
1.09138e-140
1.85588e-143
4.63407e-146
9.41505e-147
6.77708e-147
1.03706e-147
1.41973e-148
2.01315e-149
2.90996e-150
4.28415e-151
6.42281e-152
9.79498e-153
1.51695e-153
2.38117e-154
3.78086e-155
6.06088e-156
9.79294e-157
1.59289e-157
2.60475e-158
4.2762e-159
7.04524e-160
1.16597e-160
1.94123e-161
3.25591e-162
5.50841e-163
9.41221e-164
1.62651e-164
2.84671e-165
5.05353e-166
9.11405e-167
1.95509e-167
4.23273e-168
9.27003e-169
2.05914e-169
4.65273e-170
1.0729e-170
2.53361e-171
6.14801e-172
1.53787e-172
3.97569e-173
1.06402e-173
2.95111e-174
8.48485e-175
2.53009e-175
7.83286e-176
2.52277e-176
8.48241e-177
2.98961e-177
1.10844e-177
4.32994e-178
1.77886e-178
7.64487e-179
3.41053e-179
1.56769e-179
7.46134e-180
1.27208e-176
6.99505e-174
2.37857e-172
4.35208e-171
5.63117e-170
5.80413e-169
5.16289e-168
4.30064e-167
3.66384e-166
3.3887e-165
3.48416e-164
3.99292e-163
4.71934e-162
5.14244e-161
4.87341e-160
3.98129e-159
2.8348e-158
1.78352e-157
1.00238e-156
5.06818e-156
2.31166e-155
9.49485e-155
3.49456e-154
3.83502e-153
4.05637e-115
6.78891e-113
4.43762e-111
3.23984e-109
9.14551e-12
1.26982e-11
2.15831e-11
4.18149e-11
6.99535e-11
5.30851e-11
2.75135e-11
2.73047e-11
3.51452e-11
3.90037e-11
3.05159e-11
1.37297e-11
3.02962e-12
3.93087e-13
7.05014e-14
2.23799e-14
6.97318e-15
1.49377e-15
1.84251e-16
1.24739e-17
5.09036e-19
1.56914e-20
4.23206e-22
8.24473e-24
7.05917e-26
2.62378e-29
6.8057e-33
2.43176e-35
8.36306e-38
2.76777e-40
8.814e-43
2.70075e-45
7.96328e-48
2.25977e-50
6.17314e-53
1.62393e-55
4.1157e-58
1.0053e-60
2.18847e-63
4.54423e-66
9.08959e-69
1.7529e-71
3.26223e-74
5.8653e-77
1.02003e-79
1.71815e-82
2.80722e-85
4.45608e-88
6.88393e-91
1.03687e-93
1.52568e-96
2.19758e-99
3.10525e-102
4.31403e-105
5.9061e-108
7.98662e-111
1.0693e-113
1.42087e-116
1.87827e-119
2.47503e-122
3.26192e-125
4.30928e-128
5.71946e-131
7.64338e-134
1.03071e-136
1.40545e-139
1.94195e-142
2.86511e-145
1.21328e-146
7.26416e-147
2.37919e-147
2.60258e-148
2.99599e-149
3.50929e-150
4.17205e-151
5.03349e-152
6.15758e-153
7.62978e-154
9.56817e-155
1.21385e-155
1.55749e-156
2.02082e-157
2.65068e-158
3.51376e-159
4.70546e-160
6.36327e-161
8.68707e-162
1.19629e-162
1.65988e-163
2.31985e-164
3.26892e-165
4.65037e-166
6.68666e-167
9.72821e-168
1.4338e-168
2.14402e-169
3.25877e-170
5.93223e-171
1.09131e-171
2.03542e-172
3.86346e-173
7.49451e-174
1.49251e-174
3.0654e-175
6.52079e-176
1.442e-176
3.32527e-177
8.01837e-178
2.02835e-178
5.40654e-179
1.52746e-179
4.60499e-180
1.489e-180
5.16813e-181
1.91552e-181
7.50242e-182
3.06588e-182
1.29266e-182
5.64156e-183
2.93137e-183
3.8448e-183
1.54531e-182
2.35463e-176
1.38519e-173
4.77707e-172
8.89692e-171
1.17814e-169
1.25166e-168
1.1598e-167
1.0236e-166
9.4222e-166
9.48125e-165
1.05302e-163
1.29458e-162
1.63173e-161
1.8849e-160
1.8882e-159
1.63184e-158
1.23367e-157
8.28472e-157
5.00135e-156
2.73545e-155
1.35967e-154
6.12804e-154
2.48929e-153
2.48929e-153
4.2499e-120
1.55128e-116
1.76695e-114
1.58743e-112
1.06311e-11
1.51612e-11
2.67534e-11
3.95309e-11
4.02899e-11
3.31855e-11
2.82072e-11
2.73306e-11
2.27823e-11
1.5184e-11
7.32926e-12
2.11622e-12
3.30526e-13
4.97227e-14
1.38963e-14
4.31076e-15
9.62401e-16
1.23747e-16
8.59147e-18
3.62782e-19
1.24194e-20
4.14155e-22
1.10841e-23
1.53648e-25
5.01926e-28
1.57577e-32
5.26456e-35
1.59279e-37
4.49672e-40
1.21851e-42
3.16843e-45
7.90417e-48
1.89154e-50
4.34208e-53
9.56144e-56
2.01997e-58
4.09506e-61
7.96905e-64
1.48926e-66
2.67416e-69
4.61681e-72
7.66962e-75
1.22709e-77
1.89278e-80
2.81809e-83
4.05518e-86
5.64797e-89
7.62585e-92
9.99867e-95
1.27542e-97
1.58591e-100
1.92629e-103
2.2905e-106
2.67239e-109
3.06662e-112
3.46956e-115
3.88003e-118
4.29993e-121
4.73479e-124
5.19345e-127
5.68846e-130
6.23443e-133
6.85467e-136
7.57965e-139
8.44942e-142
9.65591e-145
1.37006e-146
7.2654e-147
4.87356e-147
4.40198e-148
4.15316e-149
3.98457e-150
3.8757e-151
3.82473e-152
3.8259e-153
3.87103e-154
3.95209e-155
4.06279e-156
4.1992e-157
4.36002e-158
4.54673e-159
4.76363e-160
5.01776e-161
5.31917e-162
5.68114e-163
6.12086e-164
6.66008e-165
7.32675e-166
8.15728e-167
9.19387e-168
1.04864e-168
1.21098e-169
1.41834e-170
1.68787e-171
2.04377e-172
2.52165e-173
3.17606e-174
4.8375e-175
7.47568e-176
1.17639e-176
1.89322e-177
3.13191e-178
5.35671e-179
9.5348e-180
1.77936e-180
3.51168e-181
7.40587e-182
1.68903e-182
4.21418e-183
1.158e-183
3.4951e-184
1.14417e-184
3.98843e-185
1.45308e-185
5.45261e-186
2.10569e-186
9.49492e-187
1.12514e-186
4.61061e-186
2.48746e-185
1.37554e-184
7.63017e-184
3.75932e-176
2.37083e-173
8.28566e-172
1.57055e-170
2.13025e-169
2.33751e-168
2.26402e-167
2.1263e-166
2.11977e-165
2.31197e-164
2.74943e-163
3.59198e-162
4.79379e-161
5.84228e-160
6.16564e-159
5.6228e-158
4.50419e-157
3.22271e-156
2.08585e-155
1.23166e-154
6.65617e-154
3.28169e-153
1.46444e-152
5.86718e-152
5.86718e-152
4.25154e-121
3.39068e-118
4.9137e-116
1.14127e-11
1.60892e-11
2.16529e-11
2.20079e-11
2.08632e-11
2.02002e-11
1.89518e-11
1.52671e-11
8.58161e-12
3.33294e-12
9.36902e-13
1.83839e-13
3.22315e-14
7.87542e-15
2.1799e-15
4.7128e-16
6.21087e-17
4.45763e-18
1.91551e-19
6.93113e-21
2.69353e-22
9.07676e-24
1.70193e-25
9.75993e-28
9.44027e-33
2.58341e-35
6.78551e-38
1.70985e-40
4.13187e-43
9.57179e-46
2.12505e-48
4.52035e-51
9.21142e-54
1.79801e-56
3.36173e-59
6.02098e-62
1.03318e-64
1.69906e-67
2.67869e-70
4.05068e-73
5.87878e-76
8.19442e-79
1.09798e-81
1.41561e-84
1.75818e-87
2.10625e-90
2.43722e-93
2.72836e-96
2.95986e-99
3.11749e-102
3.19421e-105
3.19052e-108
3.11363e-111
2.97572e-114
2.79185e-117
2.57785e-120
2.34859e-123
2.11683e-126
1.89252e-129
1.68264e-132
1.49188e-135
1.32246e-138
1.175e-141
1.06262e-144
1.33376e-146
7.10315e-147
5.82622e-147
4.71275e-148
3.66359e-149
2.88758e-150
2.30031e-151
1.85271e-152
1.50716e-153
1.23599e-154
1.01966e-155
8.44623e-157
7.01423e-158
5.83398e-159
4.85731e-160
4.04817e-161
3.37861e-162
2.82605e-163
2.37168e-164
1.99958e-165
1.69613e-166
1.44978e-167
1.25068e-168
1.09066e-169
9.62904e-171
8.61928e-172
7.83386e-173
7.23445e-174
6.7894e-175
6.48466e-176
6.32207e-177
6.30908e-178
6.46184e-179
8.09167e-180
1.03483e-180
1.35813e-181
1.84008e-182
2.59321e-183
3.83957e-184
6.05491e-185
1.03568e-185
1.96238e-186
4.18888e-187
1.01e-187
2.70905e-188
7.87475e-189
2.41644e-189
7.67166e-190
2.49501e-190
8.75585e-191
6.09289e-191
1.97796e-190
1.05374e-189
5.85811e-189
3.26567e-188
1.81763e-187
1.00733e-186
5.55429e-186
5.11237e-176
3.46828e-173
1.22742e-171
2.36819e-170
3.29455e-169
3.74432e-168
3.80675e-167
3.82174e-166
4.13227e-165
4.86096e-164
6.13193e-163
8.42934e-162
1.18249e-160
1.5135e-159
1.67789e-158
1.61161e-157
1.36621e-156
1.04045e-155
7.21364e-155
4.59486e-154
2.69759e-153
1.45321e-152
7.11003e-152
3.12725e-151
1.22898e-150
1.22898e-150
1.60673e-122
8.24736e-120
1.10116e-11
1.20031e-11
1.22902e-11
1.19452e-11
1.10209e-11
9.27371e-12
6.69406e-12
3.70734e-12
1.41711e-12
3.73709e-13
7.90384e-14
1.68207e-14
4.02725e-15
9.46347e-16
1.7581e-16
2.14738e-17
1.54745e-18
6.99474e-20
2.71385e-21
1.17211e-22
4.55534e-24
1.00759e-25
7.20495e-28
1.30807e-31
4.58613e-36
1.03837e-38
2.25368e-41
4.68677e-44
9.33509e-47
1.78019e-49
3.24924e-52
5.67478e-55
9.48158e-58
1.51537e-60
2.31656e-63
3.38738e-66
4.73843e-69
6.34234e-72
8.12553e-75
9.96852e-78
1.17174e-80
1.32053e-83
1.42804e-86
1.48328e-89
1.48141e-92
1.42443e-95
1.32046e-98
1.18198e-101
1.02335e-104
8.58575e-108
6.99416e-111
5.54398e-114
4.28565e-117
3.23856e-120
2.3983e-123
1.74496e-126
1.25066e-129
8.8539e-133
6.20795e-136
4.32275e-139
2.99798e-142
2.20962e-145
1.02939e-146
6.82963e-147
5.66999e-147
3.71315e-148
2.31784e-149
1.45532e-150
9.18405e-152
5.83102e-153
3.72201e-154
2.38443e-155
1.53017e-156
9.82058e-158
6.2962e-159
4.0299e-160
2.57478e-161
1.64278e-162
1.04749e-163
6.68247e-165
4.27101e-166
2.73908e-167
1.76553e-168
1.14576e-169
7.49913e-171
4.95883e-172
3.31838e-173
2.2509e-174
1.55003e-175
1.08523e-176
7.73587e-178
5.62217e-179
4.17175e-180
3.16233e-181
2.45172e-182
1.9506e-183
1.59951e-184
1.62024e-185
1.69091e-186
1.83865e-187
2.12314e-188
2.6853e-189
3.87674e-190
6.61029e-191
1.33174e-191
3.0579e-192
7.63763e-193
2.00112e-193
5.37949e-194
1.46607e-194
4.03821e-195
1.19254e-195
7.55873e-196
2.48241e-195
1.27906e-194
6.78286e-194
3.58935e-193
1.89063e-192
9.90446e-192
5.156e-191
2.66363e-190
1.36541e-189
5.81906e-176
4.26761e-173
1.52831e-171
3.00265e-170
4.29265e-169
5.0719e-168
5.43983e-167
5.86413e-166
6.87971e-165
8.67746e-164
1.14949e-162
1.64433e-161
2.40466e-160
3.21664e-159
3.73585e-158
3.77374e-157
3.38311e-156
2.7414e-155
2.03568e-154
1.39882e-153
8.92354e-153
5.25376e-152
2.81859e-151
1.36137e-150
5.86405e-150
2.27331e-149
2.27332e-149
4.76421e-124
8.32688e-12
7.77538e-12
6.96266e-12
5.75771e-12
4.13158e-12
2.3999e-12
1.08392e-12
3.8795e-13
1.16506e-13
3.10043e-14
7.60588e-15
1.70829e-15
3.26481e-16
4.81343e-17
4.98657e-18
3.40365e-19
1.60591e-20
6.84399e-22
3.27921e-23
1.37891e-24
3.10474e-26
2.05297e-28
2.76384e-32
1.94853e-37
3.60303e-40
6.38086e-43
1.0818e-45
1.75504e-48
2.72349e-51
4.04115e-54
5.73168e-57
7.76854e-60
1.00596e-62
1.24435e-65
1.47023e-68
1.65926e-71
1.78883e-74
1.84258e-77
1.81391e-80
1.70732e-83
1.53727e-86
1.32497e-89
1.09402e-92
8.6619e-96
6.58323e-99
4.8088e-102
3.38071e-105
2.291e-108
1.49908e-111
9.48892e-115
5.82198e-118
3.46995e-121
2.01357e-124
1.14039e-127
6.31933e-131
3.43529e-134
1.83695e-137
9.68881e-141
5.068e-144
1.54507e-146
6.97033e-147
6.60888e-147
3.46222e-147
1.62956e-148
7.66088e-150
3.57484e-151
1.66428e-152
7.75515e-154
3.61961e-155
1.69126e-156
7.90453e-158
3.69304e-159
1.72428e-160
8.0463e-162
3.75462e-163
1.75342e-164
8.20426e-166
3.85121e-167
1.81623e-168
8.61756e-170
4.11959e-171
1.98685e-172
9.67978e-174
4.7694e-175
2.37921e-176
1.20286e-177
6.16939e-179
3.21318e-180
1.7011e-181
9.16426e-183
5.02994e-184
2.8168e-185
1.61226e-186
9.45352e-188
5.68968e-189
3.52368e-190
2.26111e-191
1.825e-192
1.56569e-193
1.48804e-194
1.65729e-195
2.25286e-196
3.68985e-197
6.88794e-198
1.3862e-198
2.90191e-199
6.20124e-200
1.341e-200
2.95093e-201
8.05914e-202
1.01188e-201
4.61668e-201
2.42301e-200
1.28253e-199
6.80295e-199
3.61426e-198
1.9226e-197
1.02383e-196
5.45708e-196
2.91003e-195
1.55109e-194
8.25995e-194
5.40301e-176
4.31395e-173
1.56226e-171
3.12725e-170
4.60683e-169
5.68618e-168
6.47159e-167
7.52287e-166
9.5698e-165
1.28575e-163
1.7688e-162
2.59741e-161
3.91717e-160
5.44275e-159
6.60185e-158
7.00392e-157
6.63775e-156
5.7237e-155
4.55393e-154
3.37813e-153
2.34394e-152
1.51006e-151
8.89957e-151
4.73764e-150
2.24789e-149
9.46294e-149
4.03884e-148
4.03912e-148
4.91926e-12
3.75955e-12
2.62588e-12
1.5656e-12
7.58594e-13
3.04308e-13
1.07743e-13
3.46232e-14
9.90263e-15
2.43453e-15
4.8968e-16
7.61469e-17
8.78003e-18
7.28314e-19
4.2798e-20
1.99266e-21
9.98799e-23
5.62014e-24
2.3249e-25
4.00532e-27
1.40199e-29
4.03982e-37
5.82267e-40
8.0325e-43
1.06018e-45
1.33823e-48
1.61484e-51
1.86212e-54
2.05114e-57
2.15746e-60
2.16624e-63
2.07573e-66
1.89774e-69
1.65513e-72
1.37696e-75
1.09268e-78
8.27141e-82
5.97389e-85
4.11758e-88
2.70958e-91
1.70317e-94
1.02325e-97
5.88054e-101
3.23561e-104
1.70634e-107
8.63526e-111
4.19941e-114
1.96551e-117
8.86915e-121
3.86564e-124
1.63071e-127
6.6727e-131
2.65464e-134
1.02935e-137
3.90023e-141
1.46129e-144
1.23824e-146
6.81909e-147
6.6097e-147
6.17825e-147
3.01524e-148
1.10739e-149
4.0212e-151
1.45083e-152
5.21887e-154
1.87323e-155
6.70281e-157
2.38671e-158
8.44044e-160
2.95964e-161
1.02791e-162
3.53467e-164
1.20376e-165
4.06343e-167
1.36131e-168
4.53333e-170
1.50333e-171
4.97397e-173
1.64528e-174
5.452e-176
1.81368e-177
6.06979e-179
2.04796e-180
6.98156e-182
2.41007e-183
8.44402e-185
3.00978e-186
1.09408e-187
4.06612e-189
1.54901e-190
6.06475e-192
2.44704e-193
1.0205e-194
4.41494e-196
1.99328e-197
9.5036e-199
4.90205e-200
3.43534e-201
2.87232e-202
2.98445e-203
3.75261e-204
5.33869e-205
8.11574e-206
1.2759e-206
2.04233e-207
3.31741e-208
6.23105e-209
6.74927e-209
4.26527e-208
3.1597e-207
2.3919e-206
1.83417e-205
1.41712e-204
1.09761e-203
8.48322e-203
6.51568e-202
4.95556e-201
3.72123e-200
2.75241e-199
2.00122e-198
1.42771e-197
9.98338e-197
3.93268e-176
3.45394e-173
1.26399e-171
2.58043e-170
3.93154e-169
5.10107e-168
6.20243e-167
7.80377e-166
1.07456e-164
1.52696e-163
2.15377e-162
3.18714e-161
4.87575e-160
6.96949e-159
8.78741e-158
9.77221e-157
9.78684e-156
8.98319e-155
7.66331e-154
6.14372e-153
4.64331e-152
3.27952e-151
2.13012e-150
1.25863e-149
6.65545e-149
3.15058e-148
1.41011e-147
5.79412e-146
1.47283e-12
7.82444e-13
3.74252e-13
1.63753e-13
6.76273e-14
2.61171e-14
8.64885e-15
2.23771e-15
4.466e-16
7.25313e-17
9.49518e-18
8.83088e-19
5.16968e-20
2.19474e-21
1.17817e-22
8.9723e-24
5.44743e-25
1.38235e-26
7.5969e-29
5.25991e-33
1.28576e-41
1.15039e-44
9.83892e-48
8.04126e-51
6.2781e-54
4.68057e-57
3.33099e-60
2.26197e-63
1.46515e-66
9.04909e-70
5.32751e-73
2.98895e-76
1.59769e-79
8.1353e-83
3.94567e-86
1.82274e-89
8.02119e-93
3.36298e-96
1.34364e-99
5.11636e-103
1.85902e-106
6.44354e-110
2.13608e-113
6.76362e-117
2.04957e-120
5.94586e-124
1.65688e-127
4.39529e-131
1.12024e-134
2.76374e-138
6.46628e-142
1.64732e-145
8.49265e-147
6.7652e-147
6.67364e-147
6.60796e-147
5.18239e-147
1.4911e-148
3.9534e-150
1.01649e-151
2.5515e-153
6.28125e-155
1.51962e-156
3.61729e-158
8.47494e-160
1.95389e-161
4.43166e-163
9.88964e-165
2.17274e-166
4.70487e-168
1.00575e-169
2.1266e-171
4.45742e-173
9.2834e-175
1.92584e-176
3.98942e-178
8.27303e-180
1.72176e-181
3.60507e-183
7.61296e-185
1.62535e-186
3.51669e-188
7.72917e-190
1.72957e-191
3.94919e-193
9.22065e-195
2.20577e-196
5.41626e-198
1.36744e-199
3.55508e-201
9.53175e-203
2.64021e-204
7.57599e-206
2.26487e-207
7.14736e-209
2.45121e-210
9.65646e-212
5.6212e-213
4.09246e-214
3.58898e-215
4.05814e-216
4.42172e-216
3.0308e-215
2.25756e-214
1.67367e-213
1.22867e-212
8.90693e-212
6.36221e-211
4.47007e-210
3.08497e-209
2.08895e-208
1.38648e-207
9.01177e-207
5.73133e-206
3.56389e-205
2.16532e-204
1.28461e-203
7.43743e-203
4.20016e-202
2.31255e-201
1.24075e-200
6.48531e-200
2.10056e-176
2.06144e-173
7.61508e-172
1.58783e-170
2.51512e-169
3.45794e-168
4.52627e-167
6.18332e-166
9.19337e-165
1.37121e-163
1.95209e-162
2.82949e-161
4.26073e-160
6.14279e-159
7.96943e-158
9.2478e-157
9.77199e-156
9.54639e-155
8.73683e-154
7.57899e-153
6.24889e-152
4.84885e-151
3.48408e-150
2.3028e-149
1.38679e-148
8.01299e-148
8.63851e-147
2.76678e-145
1.21224e-13
4.71939e-14
1.93404e-14
8.01034e-15
3.05819e-15
9.63097e-16
2.2891e-16
4.00306e-17
4.99278e-18
3.77069e-19
1.44125e-20
5.28997e-22
5.69686e-23
6.9607e-24
3.9314e-25
5.13989e-27
6.61336e-30
1.87661e-48
1.83263e-51
0
0
0
0
0
0
0
-3.78979e-76
0
-1.80711e-82
-1.76476e-85
0
0
2.05445e-95
1.00315e-98
0
0
1.16782e-108
5.70225e-112
0
0
0
0
0
0
0
0
2.81142e-143
6.86383e-147
6.8588e-147
6.75711e-147
6.66914e-147
6.74736e-147
1.6763e-147
2.70849e-149
4.15389e-151
6.15806e-153
8.93692e-155
1.27854e-156
1.80588e-158
2.51226e-160
3.42658e-162
4.56324e-164
5.91991e-166
7.47689e-168
9.20256e-170
1.10649e-171
1.30422e-173
1.51318e-175
1.73566e-177
1.97694e-179
2.24572e-181
2.55454e-183
2.92052e-185
3.36651e-187
3.92298e-189
4.63098e-191
5.54658e-193
6.74762e-195
8.34389e-197
1.04926e-198
1.34224e-200
1.74704e-202
2.31411e-204
3.12013e-206
4.28339e-208
5.98934e-210
8.53359e-212
1.23957e-213
1.83691e-215
2.77955e-217
4.30088e-219
6.82336e-221
1.11625e-222
1.90739e-224
3.50694e-226
9.77471e-228
1.68621e-227
7.40604e-227
3.52348e-226
1.70109e-225
8.19846e-225
3.9231e-224
1.85926e-223
8.71167e-223
4.02816e-222
1.83515e-221
8.22698e-221
3.62547e-220
1.56928e-219
6.66701e-219
2.77774e-218
1.13398e-217
4.5322e-217
1.77203e-216
6.773e-216
2.529e-215
9.21932e-215
3.27933e-214
1.13758e-213
3.84667e-213
1.26735e-212
4.06694e-212
7.26711e-177
8.17409e-174
3.04315e-172
6.49431e-171
1.07742e-169
1.58622e-168
2.25393e-167
3.35089e-166
5.36354e-165
8.32926e-164
1.17224e-162
1.58254e-161
2.18506e-160
2.99848e-159
3.86576e-158
4.59566e-157
5.07789e-156
5.2581e-155
5.15374e-154
4.83515e-153
4.35052e-152
3.71294e-151
2.95536e-150
2.18731e-149
1.57344e-148
1.32231e-147
2.8016e-146
1.0327e-144
2.11674e-16
4.88752e-17
1.57525e-17
4.73766e-18
7.52764e-19
3.50008e-20
2.00046e-22
-1.57422e-41
0
7.50646e-48
4.98761e-29
9.68314e-30
1.09992e-31
5.32043e-36
0
0
8.54437e-47
7.24027e-50
5.08657e-68
0
0
1.48039e-78
7.45708e-64
1.01236e-67
0
0
6.57424e-94
0
3.56388e-83
0
0
-7.29888e-110
8.90976e-114
-1.08762e-117
0
0
3.47266e-111
-6.18239e-131
0
0
0
-1.37277e-146
0
1.28448e-136
1.44217e-138
2.43439e-149
1.38874e-144
1.78746e-148
2.99813e-150
2.78187e-152
2.31712e-154
1.71849e-156
1.139e-158
6.80692e-161
3.70901e-163
1.86542e-165
8.77352e-168
3.91095e-170
1.67419e-172
6.96489e-175
2.84898e-177
1.15533e-179
4.65496e-182
1.85845e-184
7.31778e-187
2.83306e-189
1.07698e-191
4.02103e-194
1.47649e-196
5.34273e-199
1.90972e-201
6.76014e-204
2.37599e-206
8.31271e-209
2.90212e-211
1.01339e-213
3.54717e-216
1.24721e-218
4.41357e-221
1.57481e-223
5.6754e-226
2.06913e-228
7.64293e-231
2.86441e-233
1.09073e-235
4.22572e-238
1.66804e-240
6.71935e-243
2.76797e-245
1.16978e-247
5.10253e-250
2.32733e-252
1.14311e-254
6.73974e-257
2.82178e-258
2.26067e-258
3.41096e-258
6.60367e-258
1.35306e-257
2.76313e-257
5.52878e-257
1.07938e-256
2.05281e-256
3.80237e-256
6.86686e-256
1.20991e-255
2.08072e-255
3.49255e-255
5.72049e-255
9.14239e-255
1.42583e-254
2.16983e-254
3.22102e-254
4.66223e-254
6.57714e-254
9.03936e-254
1.20977e-253
1.57593e-253
1.9974e-253
2.46217e-253
2.95078e-253
3.43712e-253
1.19741e-177
1.61509e-174
6.04324e-173
1.32383e-171
2.32536e-170
3.71727e-169
5.78685e-168
9.37652e-167
1.61051e-165
2.58145e-164
3.48591e-163
3.92543e-162
3.78638e-161
3.23682e-160
2.52772e-159
1.86619e-158
1.34832e-157
9.70792e-157
6.77e-156
4.34396e-155
2.50355e-154
1.31537e-153
6.53739e-153
3.136e-152
1.42894e-151
6.08301e-151
2.40766e-150
9.19714e-150
2.72812e-64
4.96985e-64
8.75657e-64
1.46831e-63
2.33045e-63
3.5016e-63
5.00611e-63
6.86338e-63
9.10193e-63
1.17636e-62
1.48651e-62
1.83478e-62
2.2061e-62
2.56661e-62
2.8382e-62
2.94496e-62
2.93828e-62
2.79374e-62
2.45225e-62
2.01273e-62
1.55214e-62
1.11751e-62
7.63247e-63
5.08598e-63
3.35462e-63
2.19958e-63
1.44343e-63
9.57136e-64
6.45516e-64
4.44562e-64
3.15013e-64
2.33343e-64
1.84868e-64
1.56474e-64
1.36006e-64
1.17051e-64
9.84242e-65
8.04344e-65
6.32523e-65
4.73571e-65
3.37828e-65
2.32116e-65
1.58238e-65
1.20738e-65
1.13205e-65
1.13831e-65
1.18096e-65
1.27464e-65
1.39605e-65
1.50184e-65
1.52818e-65
1.46431e-65
1.27122e-65
1.07937e-65
9.8754e-66
9.72824e-66
9.8727e-66
1.05762e-65
1.21322e-65
1.46213e-65
1.82418e-65
2.32979e-65
2.81519e-65
2.94516e-65
2.94876e-65
2.88505e-65
2.62413e-65
2.0721e-65
1.2918e-65
5.49282e-66
1.28899e-66
1.32891e-67
5.6472e-69
1.60171e-70
2.07761e-71
1.23597e-71
8.81433e-72
5.63525e-72
3.22774e-72
2.09282e-72
1.63838e-72
1.35012e-72
1.04985e-72
7.69782e-73
7.02049e-73
7.49539e-73
9.06525e-73
9.64365e-73
9.65095e-73
8.98301e-73
6.83006e-73
3.53717e-73
9.68408e-74
1.06448e-74
6.07439e-76
1.3644e-76
6.53146e-77
7.12232e-77
1.02678e-76
1.49489e-76
6.24165e-65
1.30495e-64
2.60571e-64
4.90941e-64
8.67794e-64
1.4254e-63
2.14765e-63
2.94987e-63
3.75123e-63
4.48319e-63
5.05049e-63
5.31514e-63
5.28411e-63
4.83028e-63
3.7709e-63
2.66782e-63
1.80485e-63
1.3112e-63
1.00221e-63
7.8508e-64
6.34563e-64
5.21133e-64
4.21289e-64
3.27821e-64
2.43666e-64
1.74415e-64
1.23436e-64
8.97542e-65
6.95549e-65
5.98244e-65
5.80181e-65
6.0235e-65
6.70647e-65
7.41142e-65
7.60058e-65
7.50716e-65
7.00971e-65
5.97339e-65
4.55587e-65
3.12142e-65
1.98673e-65
1.22341e-65
7.64763e-66
5.43033e-66
4.65639e-66
4.40257e-66
4.29897e-66
4.23698e-66
4.12815e-66
3.92334e-66
3.76946e-66
3.89176e-66
4.29486e-66
4.88725e-66
5.6604e-66
6.64716e-66
7.90801e-66
9.57573e-66
1.1859e-65
1.50695e-65
1.94689e-65
2.4321e-65
2.69843e-65
2.71251e-65
2.65153e-65
2.41656e-65
1.92161e-65
1.21002e-65
5.19749e-66
1.23679e-66
1.3237e-67
6.02453e-69
1.5079e-70
4.22425e-72
8.59803e-73
4.15773e-73
1.85907e-73
7.71368e-74
4.67568e-74
4.09599e-74
3.90499e-74
3.70613e-74
3.28494e-74
2.83435e-74
2.83861e-74
3.13507e-74
3.78368e-74
3.71774e-74
3.02287e-74
1.9799e-74
1.02497e-74
3.26466e-75
4.43676e-76
2.09398e-77
4.74546e-79
1.16333e-79
1.29505e-79
1.41246e-79
1.53446e-79
1.83466e-77
2.53307e-66
6.08345e-66
1.39283e-65
2.95846e-65
5.74308e-65
1.00001e-64
1.52275e-64
1.98617e-64
2.2259e-64
2.24172e-64
2.11405e-64
1.76155e-64
1.29029e-64
8.26459e-65
4.79256e-65
2.89888e-65
2.05505e-65
1.68942e-65
1.50719e-65
1.402e-65
1.3228e-65
1.22439e-65
1.06613e-65
8.38116e-66
5.82285e-66
3.71531e-66
2.65699e-66
2.54989e-66
2.9112e-66
4.39089e-66
7.53398e-66
1.20994e-65
1.66027e-65
1.90474e-65
1.93904e-65
1.9039e-65
1.7319e-65
1.37123e-65
9.12184e-66
5.16622e-66
2.68563e-66
1.41823e-66
8.37636e-67
6.20395e-67
5.82868e-67
5.96788e-67
6.68649e-67
8.1048e-67
9.90818e-67
1.19261e-66
1.43389e-66
1.75044e-66
2.18192e-66
2.76412e-66
3.53287e-66
4.53481e-66
5.83316e-66
7.52157e-66
9.7707e-66
1.27437e-65
1.57868e-65
1.69027e-65
1.67382e-65
1.57188e-65
1.31962e-65
9.1517e-66
4.64491e-66
1.43673e-66
2.17989e-67
1.43257e-68
4.76887e-70
1.24354e-71
5.07767e-73
7.94693e-74
2.25247e-74
5.41331e-75
1.09092e-75
5.32327e-76
4.7867e-76
4.56539e-76
4.21053e-76
3.51415e-76
2.49101e-76
1.47375e-76
7.79415e-77
4.48437e-77
3.01352e-77
1.98863e-77
1.10974e-77
4.95579e-78
1.79948e-78
4.70047e-79
6.9706e-80
4.82381e-81
1.81687e-82
5.90997e-83
8.51063e-83
1.54142e-82
2.71961e-82
5.19601e-79
7.61827e-69
2.19618e-68
5.99086e-68
1.48526e-67
3.2792e-67
6.27746e-67
9.96081e-67
1.23224e-66
1.23559e-66
1.16005e-66
9.75695e-67
7.13529e-67
4.6324e-67
2.86691e-67
1.85896e-67
1.38618e-67
1.21751e-67
1.19287e-67
1.22049e-67
1.27046e-67
1.29336e-67
1.27579e-67
1.15474e-67
8.88331e-68
5.51629e-68
3.45962e-68
3.49107e-68
5.02062e-68
1.13755e-67
2.83856e-67
6.23729e-67
1.07724e-66
1.35729e-66
1.37517e-66
1.30806e-66
1.12221e-66
8.39461e-67
5.2811e-67
2.72285e-67
1.18026e-67
4.84813e-68
2.40313e-68
1.89448e-68
1.99107e-68
2.65712e-68
4.4114e-68
7.62305e-68
1.24923e-67
1.91078e-67
2.78534e-67
3.98062e-67
5.68104e-67
8.1188e-67
1.153e-66
1.61208e-66
2.20534e-66
2.95402e-66
3.90943e-66
5.04363e-66
5.75514e-66
5.75486e-66
5.41469e-66
4.53267e-66
3.19034e-66
1.72193e-66
6.10868e-67
1.14626e-67
9.34779e-69
3.31461e-70
8.22279e-72
4.19427e-73
8.58095e-74
2.65561e-74
6.07852e-75
6.59021e-76
2.98101e-77
1.79774e-78
1.06588e-78
1.00279e-78
9.51023e-79
8.50483e-79
6.52046e-79
3.73758e-79
1.41435e-79
3.73124e-80
1.05518e-80
4.47401e-81
2.30392e-81
1.1298e-81
4.69637e-82
1.64595e-82
4.63333e-83
8.60904e-84
8.63903e-85
4.80726e-86
1.71299e-86
2.60666e-86
6.78203e-86
1.98364e-85
1.43602e-81
3.78805e-75
1.17898e-74
4.19008e-72
3.82255e-71
1.68807e-70
5.21261e-70
1.18399e-69
1.88752e-69
2.18877e-69
2.20839e-69
2.13481e-69
1.78725e-69
1.29289e-69
9.00374e-70
6.76754e-70
5.83227e-70
5.71779e-70
5.89425e-70
6.40322e-70
7.12926e-70
7.55418e-70
7.57078e-70
7.19554e-70
5.76657e-70
3.52239e-70
2.57058e-70
3.09363e-70
6.91248e-70
2.20851e-69
6.36722e-69
1.40457e-68
2.09518e-68
2.1686e-68
2.03917e-68
1.70373e-68
1.21448e-68
7.23608e-69
3.58209e-69
1.47899e-69
5.26408e-70
1.95694e-70
1.38754e-70
1.60175e-70
2.8226e-70
6.82595e-70
1.69594e-69
3.85052e-69
7.91743e-69
1.52109e-68
2.81622e-68
5.09188e-68
8.95853e-68
1.5173e-67
2.44868e-67
3.74075e-67
5.41804e-67
7.43141e-67
9.06031e-67
9.29278e-67
8.80048e-67
7.28744e-67
5.05613e-67
2.78234e-67
1.0956e-67
2.61544e-68
3.07914e-69
1.60552e-70
4.34157e-72
1.01739e-73
6.07991e-75
1.29013e-75
3.67715e-76
8.87991e-77
1.30884e-77
8.55061e-79
2.75376e-80
1.31586e-81
6.70824e-82
6.11154e-82
5.76103e-82
5.1939e-82
4.03974e-82
2.26184e-82
7.35879e-83
1.29351e-83
1.98222e-84
5.51875e-85
2.26159e-85
9.45807e-86
3.50045e-86
1.16965e-86
3.51911e-87
8.14157e-88
1.18075e-88
9.72609e-90
3.99304e-90
6.51686e-90
2.14335e-89
8.14739e-89
1.19631e-84
2.16697e-78
7.15889e-78
2.40179e-77
8.08505e-77
1.63388e-74
2.65718e-73
1.14945e-72
2.68841e-72
3.96098e-72
4.494e-72
4.59011e-72
4.43734e-72
3.62384e-72
2.74971e-72
2.29034e-72
2.18461e-72
2.22783e-72
2.38366e-72
2.70488e-72
3.14394e-72
3.47187e-72
3.53144e-72
3.46953e-72
2.9838e-72
1.88803e-72
1.26583e-72
1.4042e-72
2.99775e-72
1.02648e-71
3.14603e-71
7.06388e-71
9.82377e-71
9.83895e-71
9.16625e-71
7.42005e-71
5.05072e-71
2.83254e-71
1.30089e-71
4.92609e-72
1.59065e-72
6.29417e-73
5.88452e-73
8.3224e-73
2.17311e-72
7.08471e-72
2.20298e-71
6.29822e-71
1.69417e-70
4.36402e-70
1.07307e-69
2.48053e-69
5.31287e-69
1.04562e-68
1.88868e-68
3.1484e-68
4.71935e-68
5.59291e-68
5.48795e-68
4.76692e-68
3.46073e-68
2.01516e-68
8.88405e-69
2.74073e-69
5.30376e-70
5.64216e-71
3.04105e-72
9.20364e-74
2.08307e-75
4.48429e-77
1.08036e-78
6.06725e-80
3.13442e-80
1.71404e-80
4.98427e-81
5.33149e-82
2.03712e-83
6.29797e-85
2.06035e-85
1.77316e-85
1.65166e-85
1.50293e-85
1.20721e-85
7.00828e-86
2.2269e-86
3.16608e-87
2.81064e-88
4.67833e-89
1.47258e-89
5.23138e-90
1.73768e-90
5.71893e-91
1.93975e-91
5.88038e-92
1.27294e-92
1.58273e-93
7.78874e-94
1.41869e-93
6.01154e-93
3.04238e-92
9.81364e-88
1.14226e-81
4.03428e-81
1.43923e-80
5.13493e-80
1.73426e-79
6.49465e-77
8.92054e-76
3.31158e-75
6.43775e-75
8.60903e-75
9.51664e-75
9.69208e-75
9.10834e-75
7.66534e-75
7.01193e-75
7.13365e-75
7.58185e-75
8.52574e-75
1.00032e-74
1.20598e-74
1.39097e-74
1.44977e-74
1.44355e-74
1.31767e-74
8.97653e-75
4.883e-75
4.30278e-75
5.31255e-75
1.67571e-74
6.52925e-74
1.85885e-73
3.01673e-73
3.1571e-73
3.03881e-73
2.5501e-73
1.77861e-73
9.99239e-74
4.44298e-74
1.56832e-74
4.65669e-75
1.98859e-75
1.97663e-75
2.95442e-75
8.76636e-75
3.36666e-74
1.28344e-73
4.64854e-73
1.59057e-72
5.08326e-72
1.49236e-71
3.96934e-71
9.5029e-71
2.05402e-70
4.06871e-70
7.24334e-70
9.5593e-70
9.38861e-70
8.14591e-70
5.85108e-70
3.31896e-70
1.43601e-70
4.609e-71
1.06028e-71
1.63896e-72
1.54059e-73
8.30295e-75
2.75297e-76
6.6089e-78
1.37153e-79
2.70345e-81
5.10815e-83
1.44471e-84
8.61348e-85
5.49259e-85
1.42595e-85
9.65104e-87
2.45099e-88
3.31035e-89
2.47984e-89
2.24682e-89
2.06551e-89
1.73746e-89
1.09311e-89
3.70617e-90
4.95252e-91
2.97233e-92
2.73109e-93
6.19214e-94
1.8449e-94
5.60175e-95
1.90031e-95
7.75187e-96
3.27019e-96
1.10064e-96
2.1279e-97
1.30226e-97
2.77434e-97
1.55819e-96
1.14302e-95
8.09921e-91
5.48784e-85
2.08972e-84
7.9853e-84
3.03863e-83
1.09091e-82
4.29459e-82
4.49464e-79
3.25948e-78
8.84301e-78
1.45321e-77
1.83477e-77
1.98188e-77
2.01415e-77
1.92499e-77
1.91833e-77
2.03947e-77
2.32104e-77
2.72549e-77
3.30618e-77
4.12575e-77
4.96614e-77
5.34329e-77
5.3535e-77
5.08402e-77
3.77187e-77
1.92574e-77
1.32874e-77
1.29113e-77
2.88256e-77
1.3273e-76
4.68068e-76
8.85452e-76
9.64471e-76
9.41291e-76
8.08368e-76
5.74457e-76
3.23903e-76
1.40436e-76
4.65493e-77
1.29266e-77
5.87048e-78
5.90403e-78
8.76072e-78
2.72444e-77
1.16628e-76
5.01749e-76
2.02215e-75
7.50248e-75
2.53511e-74
7.74079e-74
2.12583e-73
5.25753e-73
1.19181e-72
2.54282e-72
4.61774e-72
5.40075e-72
5.19033e-72
4.3791e-72
3.02734e-72
1.65927e-72
7.1791e-73
2.48854e-73
6.77881e-74
1.28531e-74
1.38201e-75
7.165e-77
1.89003e-78
3.45992e-80
5.84414e-82
9.81103e-84
1.62796e-85
2.62772e-87
6.01703e-89
2.23573e-89
8.97617e-90
1.28329e-90
4.5956e-92
2.47313e-93
1.26365e-93
1.06738e-93
1.03383e-93
9.67801e-94
7.4248e-94
3.11835e-94
4.51762e-95
2.15574e-96
1.05633e-97
1.54976e-98
3.71533e-99
1.06255e-99
4.02806e-100
2.18779e-100
1.38905e-100
7.6535e-101
2.40825e-101
1.8707e-101
5.04641e-101
3.94073e-100
4.44901e-99
9.90717e-93
2.37183e-88
9.83722e-88
4.06112e-87
1.66026e-86
6.37577e-86
2.67317e-85
9.35819e-83
2.54489e-81
1.02869e-80
2.12827e-80
3.11032e-80
3.76643e-80
4.11879e-80
4.33972e-80
4.64561e-80
5.32208e-80
6.38786e-80
7.82893e-80
9.84512e-80
1.27175e-79
1.59518e-79
1.77988e-79
1.79828e-79
1.74555e-79
1.39181e-79
7.33319e-80
4.08214e-80
3.85676e-80
6.30306e-80
2.82444e-79
1.13401e-78
2.42528e-78
2.75228e-78
2.69868e-78
2.34094e-78
1.68071e-78
9.50092e-79
4.04345e-79
1.27353e-79
3.37664e-80
1.6239e-80
1.64059e-80
2.37659e-80
7.33312e-80
3.2434e-79
1.44354e-78
5.93913e-78
2.21907e-77
7.49245e-77
2.285e-76
6.29873e-76
1.57551e-75
3.63032e-75
8.0311e-75
1.58904e-74
2.04851e-74
2.04279e-74
1.84244e-74
1.40884e-74
8.96118e-75
4.77936e-75
2.08058e-75
6.48864e-76
1.14164e-76
8.79417e-78
2.76416e-79
4.79014e-81
7.17357e-83
1.08953e-84
1.65971e-86
2.49711e-88
3.69115e-90
5.33274e-92
9.76676e-94
1.33855e-94
1.98952e-95
1.08075e-96
2.61525e-98
3.29854e-99
3.50931e-99
5.27516e-99
8.84952e-99
1.08375e-98
7.90087e-99
2.1092e-99
1.04835e-100
2.47812e-102
1.88113e-103
3.28321e-104
9.43715e-105
4.66574e-105
4.15284e-105
4.39657e-105
4.21873e-105
2.37168e-105
2.25839e-105
8.81055e-105
1.02737e-103
1.95265e-102
1.86201e-92
9.07526e-92
4.15131e-91
1.87076e-90
8.28748e-90
3.42917e-89
1.54102e-88
8.47762e-88
1.59586e-84
1.0265e-83
2.73559e-83
4.70297e-83
6.38724e-83
7.68461e-83
8.84734e-83
1.03112e-82
1.25829e-82
1.58788e-82
2.03312e-82
2.65706e-82
3.55698e-82
4.64366e-82
5.38627e-82
5.51508e-82
5.41242e-82
4.54856e-82
2.54647e-82
1.22016e-82
1.10437e-82
1.5478e-82
6.17557e-82
2.64011e-81
6.18165e-81
7.28413e-81
7.1534e-81
6.21159e-81
4.46376e-81
2.51752e-81
1.05434e-81
3.18891e-82
8.2398e-83
4.23774e-83
4.32657e-83
6.29401e-83
1.92702e-82
8.53665e-82
3.82883e-81
1.58838e-80
5.98007e-80
2.03415e-79
6.26097e-79
1.75153e-78
4.47821e-78
1.05656e-77
2.36762e-77
5.02403e-77
8.47852e-77
9.3511e-77
9.15144e-77
8.01873e-77
6.0107e-77
3.67518e-77
1.6378e-77
4.30396e-78
5.04102e-79
2.17764e-80
4.11828e-82
5.72946e-84
8.02114e-86
1.14298e-87
1.61879e-89
2.25921e-91
3.09852e-93
4.17031e-95
5.5033e-97
7.1197e-99
9.03001e-101
1.12268e-102
1.3678e-104
1.63473e-106
1.16967e-108
3.22279e-107
2.71346e-106
1.4536e-105
9.0291e-105
1.02867e-104
2.17254e-105
3.65509e-107
6.40839e-109
5.44118e-110
1.58457e-110
1.96679e-110
4.27346e-110
1.05634e-109
1.90185e-109
1.86119e-109
2.43374e-109
1.51525e-108
2.79056e-107
7.55641e-104
2.66246e-92
3.013e-95
1.5444e-94
7.69445e-94
3.7322e-93
1.67839e-92
8.14457e-92
4.81348e-91
8.59052e-88
9.0259e-87
3.1167e-86
6.36599e-86
9.79241e-86
1.3039e-85
1.64324e-85
2.07616e-85
2.69986e-85
3.58313e-85
4.79698e-85
6.52908e-85
9.072e-85
1.23175e-84
1.48708e-84
1.54993e-84
1.53017e-84
1.33267e-84
7.92617e-85
3.50071e-85
2.94099e-85
3.92281e-85
1.38867e-84
5.97536e-84
1.47591e-83
1.78788e-83
1.75485e-83
1.51481e-83
1.07936e-83
6.02767e-84
2.48005e-84
7.25444e-85
1.86303e-85
1.04633e-85
1.09412e-85
1.70747e-85
5.44535e-85
2.39909e-84
1.06663e-83
4.41504e-83
1.67048e-82
5.75499e-82
1.81261e-81
5.26833e-81
1.42674e-80
3.62536e-80
8.74678e-80
2.03098e-79
4.12758e-79
5.53709e-79
5.57284e-79
5.13091e-79
3.96116e-79
2.30622e-79
8.54599e-80
1.56608e-80
1.08597e-81
2.71875e-83
3.8056e-85
4.92121e-87
6.57498e-89
8.81074e-91
1.1671e-92
1.52162e-94
1.9493e-96
2.45064e-98
3.02164e-100
3.65393e-102
4.3327e-104
5.0368e-106
5.73873e-108
6.40939e-110
7.01913e-112
7.54021e-114
8.04128e-116
5.25307e-117
5.04297e-117
2.34573e-111
2.22414e-111
7.15468e-113
6.19054e-115
3.95654e-115
9.30163e-115
2.91654e-114
9.80384e-114
3.46257e-113
1.21586e-112
4.15085e-112
1.4573e-111
5.22311e-111
2.55568e-110
4.89529e-106
1.76999e-92
8.45621e-99
4.95967e-98
2.7764e-97
1.49359e-96
7.37684e-96
3.89981e-95
2.49513e-94
4.70702e-91
7.32701e-90
3.20212e-89
7.76152e-89
1.35953e-88
2.01319e-88
2.78328e-88
3.80814e-88
5.27514e-88
7.36488e-88
1.03183e-87
1.46534e-87
2.11686e-87
2.98828e-87
3.75624e-87
3.99998e-87
3.96411e-87
3.5343e-87
2.20926e-87
9.41591e-88
7.36785e-88
9.74906e-88
3.17161e-87
1.32152e-86
3.31727e-86
4.07051e-86
3.9834e-86
3.39681e-86
2.37845e-86
1.30369e-86
5.24468e-87
1.4888e-87
3.88073e-88
2.44138e-88
2.67313e-88
4.7932e-88
1.65192e-87
7.21807e-87
3.15272e-86
1.29885e-85
4.98352e-85
1.78119e-84
5.97584e-84
1.90096e-83
5.75978e-83
1.65289e-82
4.45541e-82
1.12105e-81
2.4037e-81
3.31909e-81
3.32603e-81
2.97461e-81
2.12004e-81
1.04833e-81
2.92469e-82
3.49802e-83
1.44132e-84
2.37898e-86
2.87535e-88
3.55593e-90
4.48768e-92
5.62546e-94
6.95368e-96
8.45512e-98
1.0099e-99
1.18356e-101
1.3605e-103
1.53394e-105
1.69579e-107
1.83794e-109
1.95239e-111
2.03284e-113
2.08112e-115
1.0888e-116
1.03818e-116
1.40767e-116
3.46223e-116
9.91789e-116
2.87842e-115
8.59404e-115
2.67236e-114
8.68841e-114
2.95657e-113
1.05084e-112
3.87547e-112
1.46642e-111
5.62241e-111
2.15158e-110
8.2e-110
2.9653e-109
1.17532e-108
3.08943e-108
2.79319e-93
2.02504e-102
1.3383e-101
8.59598e-101
5.2134e-100
2.86522e-99
1.66837e-98
1.30628e-97
3.55314e-94
5.8486e-93
3.03903e-92
8.60942e-92
1.71651e-91
2.83487e-91
4.30647e-91
6.37766e-91
9.40561e-91
1.38164e-90
2.0273e-90
3.00883e-90
4.52702e-90
6.64569e-90
8.69585e-90
9.48802e-90
9.43107e-90
8.53489e-90
5.53289e-90
2.33663e-90
1.73722e-90
2.32727e-90
7.21239e-90
2.84748e-89
7.02675e-89
8.58912e-89
8.35403e-89
6.99237e-89
4.77013e-89
2.54297e-89
9.93607e-90
2.73863e-90
7.44687e-91
5.39881e-91
6.44873e-91
1.4233e-90
5.39535e-90
2.3685e-89
1.03652e-88
4.37772e-88
1.77354e-87
6.89241e-87
2.5693e-86
9.14213e-86
3.0669e-85
9.52748e-85
2.69582e-84
6.80624e-84
1.36971e-83
1.72488e-83
1.685e-83
1.41233e-83
8.89229e-84
3.56199e-84
7.14896e-85
5.42834e-86
1.37345e-87
1.69894e-89
1.90753e-91
2.24032e-93
2.64367e-95
3.08222e-97
3.53965e-99
3.99686e-101
4.43146e-103
4.81983e-105
5.14187e-107
5.37984e-109
5.51846e-111
5.54887e-113
5.45649e-115
2.02189e-116
1.88237e-116
2.53802e-116
6.54347e-116
2.00292e-115
6.24331e-115
1.99859e-114
6.58995e-114
2.23139e-113
7.73656e-113
2.74238e-112
9.93291e-112
3.67455e-111
1.38568e-110
5.30288e-110
2.05036e-109
7.92334e-109
3.07493e-108
1.14079e-107
4.65645e-107
1.35505e-106
5.76069e-95
8.68003e-104
8.08328e-105
2.43784e-104
1.55165e-103
1.10666e-102
1.01619e-101
1.3549e-98
3.95784e-97
4.85599e-96
2.73483e-95
8.79914e-95
1.98292e-94
3.65199e-94
6.09782e-94
9.7659e-94
1.53191e-93
2.36705e-93
3.63935e-93
5.6528e-93
8.87522e-93
1.35606e-92
1.84649e-92
2.06819e-92
2.06121e-92
1.88199e-92
1.24893e-92
5.29422e-93
3.84501e-93
5.29143e-93
1.60208e-92
5.9255e-92
1.39861e-91
1.67615e-91
1.61405e-91
1.3168e-91
8.67842e-92
4.45907e-92
1.679e-92
4.48739e-93
1.33316e-93
1.15748e-93
1.66522e-93
4.9333e-93
2.11331e-92
9.74305e-92
4.48704e-91
2.02633e-90
8.87955e-90
3.73435e-89
1.48768e-88
5.53019e-88
1.88747e-87
5.82315e-87
1.60224e-86
3.81343e-86
6.76908e-86
7.58898e-86
7.16829e-86
5.52026e-86
2.98849e-86
9.36503e-87
1.30266e-87
6.18199e-89
1.01648e-90
1.05405e-92
1.1239e-94
1.23839e-96
1.35545e-98
1.46159e-100
1.55157e-102
1.61874e-104
1.6574e-106
1.66426e-108
1.63901e-110
1.58266e-112
1.49282e-114
3.32858e-116
2.90789e-116
3.68029e-116
9.53528e-116
3.03501e-115
9.85881e-115
3.29011e-114
1.13143e-113
3.99058e-113
1.43588e-112
5.24711e-112
1.93709e-111
7.18683e-111
2.6695e-110
9.91477e-110
3.68373e-109
1.37132e-108
5.13331e-108
1.92687e-107
7.32032e-107
2.693e-106
1.09341e-105
3.29206e-105
3.87487e-97
2.44001e-105
5.14985e-105
2.19752e-105
1.61904e-106
1.40115e-103
3.85456e-102
4.65017e-101
4.7837e-100
4.23948e-99
2.38053e-98
8.39043e-98
2.11015e-97
4.3184e-97
7.91326e-97
1.36803e-96
2.27866e-96
3.69979e-96
5.96013e-96
9.70022e-96
1.59299e-95
2.53784e-95
3.59583e-95
4.13755e-95
4.13402e-95
3.7901e-95
2.54445e-95
1.08825e-95
7.9596e-96
1.14035e-95
3.41988e-95
1.17659e-94
2.59873e-94
3.01436e-94
2.8603e-94
2.25699e-94
1.42497e-94
6.99406e-95
2.51533e-95
6.50781e-96
2.38829e-96
2.66903e-96
6.03271e-96
2.53656e-95
1.23194e-94
6.05126e-94
2.92141e-93
1.36599e-92
6.09986e-92
2.56492e-91
1.00159e-90
3.58457e-90
1.16124e-89
3.36719e-89
8.637e-89
1.86943e-88
2.8367e-88
2.91176e-88
2.62109e-88
1.80854e-88
8.16218e-89
1.92432e-89
1.79253e-90
5.3305e-92
6.19597e-94
5.825e-96
5.87341e-98
6.0041e-100
6.05352e-102
6.00394e-104
5.86091e-106
5.61982e-108
5.28545e-110
4.87366e-112
4.39551e-114
5.29602e-116
3.99855e-116
4.23611e-116
1.03879e-115
3.35593e-115
1.10514e-114
3.72423e-114
1.29022e-113
4.58081e-113
1.66115e-112
6.12875e-112
2.29148e-111
8.64967e-111
3.27796e-110
1.23968e-109
4.65468e-109
1.73045e-108
6.36389e-108
2.31967e-107
8.43551e-107
3.07074e-106
1.13664e-105
4.12469e-105
1.67238e-104
5.12571e-104
1.89418e-97
1.90697e-108
7.44e-108
2.69978e-107
1.23092e-106
8.83288e-106
7.67758e-105
6.54716e-104
5.22235e-103
3.74836e-102
2.01564e-101
7.52999e-101
2.08023e-100
4.6993e-100
9.41728e-100
1.75214e-99
3.09017e-99
5.26031e-99
8.86996e-99
1.51433e-98
2.60956e-98
4.3486e-98
6.41443e-98
7.57758e-98
7.59203e-98
6.95595e-98
4.67408e-98
2.02149e-98
1.53453e-98
2.3183e-98
6.91384e-98
2.19849e-97
4.46551e-97
4.97055e-97
4.62083e-97
3.49701e-97
2.09738e-97
9.74455e-98
3.30479e-98
8.51525e-99
5.46144e-99
1.00416e-98
4.1631e-98
2.08487e-97
1.04418e-96
5.10352e-96
2.40941e-95
1.08609e-94
4.6158e-94
1.82707e-93
6.65954e-93
2.21133e-92
6.61803e-92
1.76656e-91
4.14283e-91
7.9283e-91
1.01706e-90
9.96204e-91
8.27686e-91
4.98912e-91
1.81286e-91
3.0907e-92
1.88425e-93
3.61826e-95
3.28333e-97
2.9008e-99
2.72974e-101
2.56459e-103
2.3665e-105
2.14654e-107
1.91615e-109
1.67907e-111
1.44085e-113
1.25186e-115
3.94278e-116
3.94233e-116
8.43006e-116
2.7254e-115
9.00314e-115
3.02541e-114
1.04161e-113
3.66326e-113
1.31159e-112
4.76623e-112
1.75329e-111
6.50634e-111
2.42889e-110
9.1066e-110
3.41938e-109
1.28202e-108
4.78653e-108
1.77635e-107
6.53967e-107
2.38745e-106
8.67831e-106
3.1505e-105
1.16275e-104
4.23157e-104
1.73926e-103
5.47998e-103
1.88053e-97
9.8121e-112
4.5326e-111
2.33022e-110
1.43722e-109
1.08426e-108
8.82578e-108
6.91915e-107
4.98737e-106
3.19011e-105
1.64316e-104
6.37039e-104
1.90409e-103
4.70862e-103
1.02679e-102
2.04755e-102
3.80674e-102
6.76449e-102
1.1911e-101
2.13601e-101
3.88182e-101
6.80142e-101
1.0457e-100
1.26586e-100
1.27102e-100
1.15869e-100
7.715e-101
3.38407e-101
2.74098e-101
4.41702e-101
1.30463e-100
3.80642e-100
7.01185e-100
7.46997e-100
6.74906e-100
4.85588e-100
2.74355e-100
1.19241e-100
3.75391e-101
1.43842e-101
2.1653e-101
8.26081e-101
4.10735e-100
2.00905e-99
9.53212e-99
4.38218e-98
1.93834e-97
8.15765e-97
3.22624e-96
1.18493e-95
3.99659e-95
1.22437e-94
3.36753e-94
8.21758e-94
1.73875e-93
2.86838e-93
3.19011e-93
2.99572e-93
2.25461e-93
1.1528e-93
3.25439e-94
3.88884e-95
1.54572e-96
2.0313e-98
1.57015e-100
1.30607e-102
1.13166e-104
9.69415e-107
8.13583e-109
6.70893e-111
5.44281e-113
4.27977e-115
2.84843e-116
2.77684e-116
5.01586e-116
1.58042e-115
5.22626e-115
1.73899e-114
5.90882e-114
2.04861e-113
7.21863e-113
2.57672e-112
9.29575e-112
3.37988e-111
1.23502e-110
4.51892e-110
1.65191e-109
6.03165e-109
2.19926e-108
8.01539e-108
2.92501e-107
1.07093e-106
3.93471e-106
1.45054e-105
5.3779e-105
2.00537e-104
7.63558e-104
2.87241e-103
1.22467e-102
3.99473e-102
1.54896e-97
3.43356e-115
1.92858e-114
1.36517e-113
1.10541e-112
9.40453e-112
7.80289e-111
6.00026e-110
4.14814e-109
2.51112e-108
1.26302e-107
5.04464e-107
1.61319e-106
4.33184e-106
1.02249e-105
2.17448e-105
4.23252e-105
7.79142e-105
1.42647e-104
2.69343e-104
5.20498e-104
9.66734e-104
1.55198e-103
1.91833e-103
1.92715e-103
1.74016e-103
1.13713e-103
5.09313e-104
4.50548e-104
7.81176e-104
2.26112e-103
6.00245e-103
9.92333e-103
1.01549e-102
8.81442e-103
5.98026e-103
3.15138e-103
1.25648e-103
4.47909e-104
5.37557e-104
1.71812e-103
8.18709e-103
3.80998e-102
1.71516e-101
7.53531e-101
3.22686e-100
1.33456e-99
5.25788e-99
1.94461e-98
6.66141e-98
2.08706e-97
5.90735e-97
1.49116e-96
3.31119e-96
6.23684e-96
8.73011e-96
8.84525e-96
7.8408e-96
5.2222e-96
2.20636e-96
4.70294e-97
3.86743e-98
1.0205e-99
9.90315e-102
6.88601e-104
5.32129e-106
4.19894e-108
3.25666e-110
2.46974e-112
1.83457e-114
1.86393e-116
1.51699e-116
2.12513e-116
6.37835e-116
2.11695e-115
6.99095e-115
2.3394e-114
7.95358e-114
2.74126e-113
9.54837e-113
3.35283e-112
1.185e-111
4.21162e-111
1.50268e-110
5.37179e-110
1.91899e-109
6.83982e-109
2.43252e-108
8.63466e-108
3.06631e-107
1.09368e-106
3.93779e-106
1.43644e-105
5.32369e-105
2.01164e-104
7.74408e-104
3.07345e-103
1.21149e-102
5.44316e-102
1.85387e-101
9.41831e-98
7.59406e-119
5.94196e-118
6.16113e-117
6.48544e-116
6.33385e-115
5.56372e-114
4.339e-113
2.97896e-112
1.77472e-111
8.92227e-111
3.68195e-110
1.25258e-109
3.63249e-109
9.24487e-109
2.08506e-108
4.2031e-108
7.91071e-108
1.49556e-107
2.98856e-107
6.22937e-107
1.24161e-106
2.08487e-106
2.61519e-106
2.62151e-106
2.33264e-106
1.48266e-106
6.87196e-107
6.74906e-107
1.26462e-106
3.533e-106
8.45348e-106
1.24703e-105
1.23486e-105
1.01553e-105
6.44829e-106
3.11985e-106
1.26268e-106
1.26422e-106
3.45514e-106
1.53134e-105
6.70227e-105
2.83875e-104
1.18148e-103
4.85514e-103
1.96033e-102
7.67114e-102
2.85754e-101
9.95541e-101
3.19463e-100
9.3118e-100
2.43316e-99
5.62008e-99
1.1291e-98
1.86841e-98
2.23412e-98
2.16063e-98
1.75382e-98
1.01534e-98
3.46933e-99
5.47185e-100
3.08658e-101
5.62108e-103
4.35299e-105
2.78105e-107
1.96497e-109
1.39897e-111
9.75249e-114
6.6114e-116
5.0555e-117
6.72097e-117
1.79507e-116
6.00135e-116
1.99141e-115
6.63846e-115
2.2348e-114
7.5879e-114
2.59021e-113
8.86397e-113
3.03351e-112
1.0371e-111
3.54322e-111
1.21083e-110
4.13987e-110
1.41661e-109
4.85065e-109
1.663e-108
5.7167e-108
1.9741e-107
6.86891e-107
2.41795e-106
8.65114e-106
3.15938e-105
1.18199e-104
4.54834e-104
1.79801e-103
7.38011e-103
3.02007e-102
1.40357e-101
4.85978e-101
4.2464e-98
9.27829e-123
1.29575e-121
2.10052e-120
2.8991e-119
3.30882e-118
3.17381e-117
2.59059e-116
1.81508e-115
1.09525e-114
5.62706e-114
2.41965e-113
8.75766e-113
2.742e-112
7.52219e-112
1.78813e-111
3.66663e-111
6.89787e-111
1.33294e-110
2.85191e-110
6.57288e-110
1.43076e-109
2.51243e-109
3.16602e-109
3.15483e-109
2.7501e-109
1.68748e-109
8.27711e-110
9.07634e-110
1.83727e-109
4.86427e-109
1.03986e-108
1.37223e-108
1.31403e-108
1.01851e-108
5.98763e-109
2.84645e-109
2.62678e-109
6.41295e-109
2.62324e-108
1.0762e-107
4.27394e-107
1.67562e-106
6.54648e-106
2.55282e-105
9.84326e-105
3.67982e-104
1.30385e-103
4.29051e-103
1.28967e-102
3.4896e-102
8.39011e-102
1.76674e-101
3.18663e-101
4.59039e-101
4.87972e-101
4.5115e-101
3.30976e-101
1.63852e-101
4.45745e-102
5.15359e-103
2.01618e-104
2.67395e-106
1.76925e-108
1.0392e-110
6.60249e-113
4.19927e-115
3.12276e-117
1.78771e-117
3.55032e-117
1.18339e-116
3.99285e-116
1.3351e-115
4.47693e-115
1.50649e-114
5.07745e-114
1.70958e-113
5.73412e-113
1.91335e-112
6.34906e-112
2.09645e-111
6.89512e-111
2.2608e-110
7.39485e-110
2.41472e-109
7.88286e-109
2.57798e-108
8.47276e-108
2.81202e-107
9.47661e-107
3.25984e-106
1.14899e-105
4.15994e-105
1.54744e-104
5.91214e-104
2.30757e-103
9.25466e-103
3.67613e-102
1.63134e-101
5.49402e-101
1.301e-98
5.46785e-127
1.7798e-125
4.77313e-124
9.03294e-123
1.26763e-121
1.38794e-120
1.23394e-119
9.12279e-119
5.71031e-118
3.05793e-117
1.38515e-116
5.36558e-116
1.8293e-115
5.44243e-115
1.35357e-114
2.73781e-114
4.94729e-114
9.63247e-114
2.26581e-113
6.02788e-113
1.46626e-112
2.67704e-112
3.33396e-112
3.28791e-112
2.79045e-112
1.64606e-112
8.794e-113
1.07581e-112
2.32909e-112
5.73393e-112
1.08639e-111
1.29574e-111
1.19741e-111
8.73724e-112
5.07223e-112
4.66876e-112
1.06738e-111
4.07051e-111
1.5653e-110
5.80353e-110
2.12702e-109
7.82192e-109
2.9074e-108
1.09025e-107
4.05878e-107
1.45962e-106
4.93319e-106
1.53258e-105
4.30307e-105
1.07642e-104
2.3718e-104
4.53626e-104
7.28852e-104
9.16007e-104
9.08339e-104
7.89069e-104
5.17043e-104
2.171e-104
4.66963e-105
3.96183e-106
1.09996e-107
1.1297e-109
6.75842e-112
3.62487e-114
2.0397e-116
4.01324e-118
5.68305e-118
1.59268e-117
5.52451e-117
1.87965e-116
6.33814e-116
2.12537e-115
7.08571e-115
2.34415e-114
7.67276e-114
2.47899e-113
7.9004e-113
2.48611e-112
7.74021e-112
2.3904e-111
7.34463e-111
2.25088e-110
6.89796e-110
2.11962e-109
6.54905e-109
2.03917e-108
6.41631e-108
2.05141e-107
6.69801e-107
2.24304e-106
7.72143e-106
2.73623e-105
9.96058e-105
3.70999e-104
1.3977e-103
5.34287e-103
1.99933e-102
8.16676e-102
2.63603e-101
2.39081e-99
1.53357e-132
1.13055e-129
6.12096e-128
1.69006e-126
3.12285e-125
4.25828e-124
4.4037e-123
3.58819e-122
2.40067e-121
1.36691e-120
6.57889e-120
2.76395e-119
1.05165e-118
3.44934e-118
8.88509e-118
1.68035e-117
2.70981e-117
5.21314e-117
1.43325e-116
4.73427e-116
1.3197e-115
2.45931e-115
2.94896e-115
2.86895e-115
2.35836e-115
1.34064e-115
7.99708e-116
1.09978e-115
2.47372e-115
5.57158e-115
9.31698e-115
1.02042e-114
9.16387e-115
6.80469e-115
6.8901e-115
1.54e-114
5.56677e-114
2.02009e-113
6.96834e-113
2.36298e-112
8.07978e-112
2.82704e-111
1.01671e-110
3.72322e-110
1.35288e-109
4.70406e-109
1.51715e-108
4.43736e-108
1.15873e-107
2.66758e-107
5.37055e-107
9.29086e-107
1.32445e-106
1.48251e-106
1.41188e-106
1.12778e-106
6.57905e-107
2.33898e-107
3.98214e-108
2.507e-109
5.1054e-111
4.32449e-113
2.45126e-115
1.22073e-117
9.2424e-119
1.63004e-118
5.1843e-118
1.78371e-117
6.08842e-117
2.05306e-116
6.81226e-116
2.22352e-115
7.14038e-115
2.25423e-114
6.98648e-114
2.12315e-113
6.33322e-113
1.85858e-112
5.3822e-112
1.54343e-111
4.40308e-111
1.25487e-110
3.58987e-110
1.03606e-109
3.0301e-109
9.00505e-109
2.72652e-108
8.45469e-108
2.68827e-107
8.75352e-107
2.90447e-106
9.78662e-106
3.33337e-105
1.14434e-104
3.92656e-104
1.36659e-103
4.68578e-103
1.75886e-102
5.33847e-102
2.61726e-100
1.3824e-144
1.71443e-134
4.72205e-132
1.76987e-130
4.2234e-129
7.55801e-128
1.04148e-126
1.00973e-125
7.46275e-125
4.6382e-124
2.3968e-123
1.1222e-122
5.03405e-122
1.88286e-121
4.93177e-121
8.01026e-121
9.88031e-121
1.82821e-120
6.82541e-120
3.13553e-119
1.01953e-118
1.84498e-118
2.07525e-118
1.97353e-118
1.57683e-118
8.74166e-119
5.94613e-119
9.20868e-119
2.08424e-118
4.23404e-118
6.28111e-118
6.58005e-118
6.34407e-118
7.7193e-118
1.81849e-117
6.37354e-117
2.21054e-116
7.15035e-116
2.22588e-115
6.96958e-115
2.26186e-114
7.7044e-114
2.74308e-113
9.97399e-113
3.56897e-112
1.20208e-111
3.69023e-111
1.01133e-110
2.44414e-110
5.15997e-110
9.48181e-110
1.4788e-109
1.87858e-109
1.93329e-109
1.75959e-109
1.28776e-109
6.69092e-110
2.02305e-110
2.75163e-111
1.31357e-112
2.05004e-114
1.52061e-116
9.17638e-119
1.89589e-119
3.64938e-119
1.13304e-118
3.74053e-118
1.25813e-117
4.21809e-117
1.37922e-116
4.36528e-116
1.34196e-115
4.0282e-115
1.1839e-114
3.40799e-114
9.6021e-114
2.65239e-113
7.20188e-113
1.93131e-112
5.13977e-112
1.36695e-111
3.6514e-111
9.83563e-111
2.68288e-110
7.42063e-110
2.08229e-109
5.94178e-109
1.73823e-108
5.23401e-108
1.62701e-107
5.19885e-107
1.69765e-106
5.60395e-106
1.85246e-105
6.04295e-105
1.97576e-104
6.24361e-104
2.07961e-103
5.59998e-103
1.54406e-101
6.28379e-144
2.432e-143
3.53464e-136
3.15218e-134
3.35017e-133
6.1713e-132
1.35337e-130
1.73487e-129
1.48512e-128
1.02183e-127
5.56993e-127
3.1715e-126
1.92087e-125
8.16297e-125
2.21964e-124
2.53395e-124
1.74465e-124
3.46747e-124
2.34022e-123
1.69082e-122
6.30793e-122
1.01814e-121
1.03454e-121
9.63356e-122
7.58523e-122
4.20829e-122
3.30445e-122
5.74314e-122
1.2794e-121
2.32757e-121
3.18899e-121
3.81638e-121
5.93978e-121
1.57899e-120
5.55747e-120
1.90148e-119
5.89138e-119
1.70184e-118
4.83168e-118
1.42723e-117
4.52719e-117
1.54829e-116
5.59593e-116
2.0448e-115
7.23093e-115
2.35283e-114
6.83844e-114
1.74572e-113
3.88909e-113
7.51781e-113
1.26233e-112
1.77181e-112
2.02583e-112
1.98556e-112
1.68868e-112
1.13169e-112
5.2857e-113
1.37591e-113
1.52317e-114
5.70482e-116
7.25228e-118
5.94671e-120
2.38151e-120
4.89833e-120
1.43705e-119
4.40715e-119
1.41193e-118
4.57593e-118
1.44649e-117
4.37599e-117
1.26489e-116
3.53557e-116
9.70195e-116
2.62285e-115
6.95321e-115
1.80041e-114
4.54753e-114
1.12347e-113
2.74233e-113
6.65347e-113
1.62742e-112
4.06536e-112
1.04707e-111
2.80935e-111
7.81653e-111
2.23705e-110
6.51926e-110
1.91936e-109
5.63171e-109
1.64173e-108
4.77974e-108
1.40645e-107
4.16911e-107
1.2244e-106
3.44325e-106
9.55367e-106
2.47788e-105
6.57517e-105
1.51671e-104
3.67344e-103
2.25285e-149
5.51341e-149
1.29709e-148
9.7688e-138
1.30733e-136
2.93969e-136
9.13022e-135
1.92163e-133
1.77327e-132
1.08271e-131
5.22919e-131
4.95674e-130
4.92544e-129
2.34364e-128
7.30092e-128
7.08037e-128
4.18598e-128
5.70812e-128
5.21249e-127
6.34992e-126
2.62239e-125
5.87161e-125
1.00156e-124
1.53581e-124
1.87746e-124
2.04013e-124
2.28372e-124
2.53373e-124
2.67681e-124
3.00124e-124
3.74058e-124
5.34406e-124
8.06428e-124
2.90149e-123
1.04391e-122
3.28252e-122
9.18606e-122
2.42099e-121
6.50755e-121
1.88023e-120
6.01079e-120
2.11354e-119
7.86752e-119
2.89187e-118
1.00843e-117
3.15619e-117
8.65473e-117
2.057e-116
4.25068e-116
7.71853e-116
1.23125e-115
1.79115e-115
2.29959e-115
1.77665e-115
1.15726e-115
6.94662e-116
2.99132e-116
6.96237e-117
6.54653e-118
2.01987e-119
2.56425e-121
6.63935e-122
6.63935e-122
9.53511e-122
2.01711e-121
3.89022e-121
6.9581e-121
1.49714e-120
5.3309e-120
2.18337e-119
6.91814e-119
1.78069e-118
4.65927e-118
1.19907e-117
2.88967e-117
6.78856e-117
1.5203e-116
3.23606e-116
7.32508e-116
1.56109e-115
3.45878e-115
8.28226e-115
2.03559e-114
5.85703e-114
1.72955e-113
5.29394e-113
1.64719e-112
5.39549e-112
1.78337e-111
5.8989e-111
1.8645e-110
5.77379e-110
1.72661e-109
5.0195e-109
1.26307e-108
3.52488e-108
7.80815e-108
2.49752e-107
6.1658e-107
3.3243e-105
)
;

boundaryField
{
    inlet
    {
        type            codedFixedValue;
        value           nonuniform List<scalar> 
100
(
1
1
1
1
1
1
1
1
1
1
1
1
1
1
1
1
1
1
1
1
1
1
1
1
1
1
1
1
1
1
1
1
1
1
1
1
1
1
1
1
1
1
1
1
1
1
1
1
1
1
1
1
1
1
1
1
1
0.999999
0.999983
0.999678
0.994484
0.921478
0.460047
0.0642765
0.00608698
0.000601016
6.47862e-05
7.63011e-06
9.78753e-07
1.36284e-07
2.05318e-08
3.33618e-09
5.82913e-10
1.09201e-10
2.18732e-11
3.58336e-12
4.50917e-13
5.34017e-14
5.93969e-15
6.10623e-16
5.55112e-17
0
0
0
0
0
0
0
0
0
0
0
0
0
0
0
0
0
0
0
)
;
        name            gammaInletSmooth;
        codeInclude     #{
            #include "fvCFD.H"
        #};
        code            #{
            // Smooth 3mm tanh transition centered at the equilibrium backwater height Y = 0.1620 m
            // Eliminates inlet step jump and water-air interface distortion at x = -1.5 m
            const fvPatch& boundaryPatch = patch();
            const vectorField& Cf = boundaryPatch.Cf();
            scalarField& field = *this;
            const scalar ySurf = 0.1620;

            forAll(Cf, faceI)
            {
                scalar yVal = Cf[faceI].y();
                if (yVal <= 0.0)
                {
                    field[faceI] = 1.0;
                }
                else
                {
                    field[faceI] = 0.5 * (1.0 - tanh((yVal - ySurf) / 0.003));
                }
            }
        #};
        codeOptions     #{
            -I$(LIB_SRC)/finiteVolume/lnInclude \
            -I$(LIB_SRC)/meshTools/lnInclude
        #};
        codeLibs        #{
            -lfiniteVolume \
            -lmeshTools
        #};
    }
    outlet
    {
        type            zeroGradient;
    }
    bottom
    {
        type            zeroGradient;
    }
    atmosphere
    {
        type            inletOutlet;
        inletValue      uniform 0;
        value           nonuniform List<scalar> 
400
(
0
0
0
0
3.57244e-99
0
0
3.03544e-86
5.17462e-81
1.02285e-79
6.28972e-79
0
0
0
0
0
0
0
0
4.20467e-65
2.27228e-64
1.76243e-63
1.33083e-62
7.69632e-62
2.39006e-61
3.06932e-61
2.80894e-61
1.43462e-61
2.33452e-62
6.99368e-64
2.94516e-66
4.08169e-69
6.52526e-72
1.07862e-74
1.60777e-77
2.05895e-80
2.02464e-82
1.82947e-82
5.74582e-84
0
0
0
0
0
0
0
0
0
0
0
0
0
0
0
0
0
0
0
0
0
0
0
0
0
0
0
2.39175e-20
1.62057e-20
8.10533e-21
3.1816e-21
1.1003e-21
2.30968e-22
2.11214e-21
6.28474e-19
4.36949e-17
1.14087e-15
1.55485e-14
1.31386e-13
7.5644e-13
3.20722e-12
1.03716e-11
2.71812e-11
5.87237e-11
1.0549e-10
1.57813e-10
2.05348e-10
2.67674e-10
2.7314e-10
2.7314e-10
2.7314e-10
2.59983e-10
2.24074e-10
1.77879e-10
1.36358e-10
1.07151e-10
8.92542e-11
7.81904e-11
6.98674e-11
6.22684e-11
5.42441e-11
4.39456e-11
2.56919e-11
1.38693e-11
1.38617e-11
9.09568e-09
2.22191e-08
2.22191e-08
1.35884e-08
1.87045e-10
7.73743e-11
7.69272e-11
7.69077e-11
7.71624e-11
7.82768e-11
7.93583e-11
7.94106e-11
7.71362e-11
6.5318e-11
5.8709e-11
6.02809e-11
1.5972e-10
6.38849e-10
1.15508e-09
1.10743e-09
7.06676e-10
2.79e-10
1.71268e-10
1.63715e-10
1.52537e-10
1.28323e-10
1.328e-10
4.61615e-10
1.16885e-09
7.20079e-10
4.22363e-10
4.22363e-10
4.24665e-10
4.14239e-10
4.14277e-10
3.08487e-10
9.69881e-11
8.02729e-12
1.15128e-12
0
0
0
0
0
0
0
0
0
0
0
0
0
0
0
0
0
0
0
0
0
0
0
0
0
0
0
0
0
0
0
0
0
0
0
0
0
0
0
0
0
0
0
0
0
0
0
0
0
0
0
0
0
0
0
0
0
0
0
0
0
0
0
0
0
0
0
0
0
0
0
0
0
0
0
0
0
0
0
0
0
0
0
0
0
0
0
0
0
0
0
0
0
0
0
0
0
0
0
0
0
0
0
0
0
0
0
0
0
0
0
0
0
0
0
0
0
0
0
0
0
0
0
0
0
0
0
0
0
0
0
0
0
0
0
0
0
0
0
0
0
0
0
0
0
0
0
0
0
0
0
0
0
0
0
0
0
0
0
0
0
0
0
0
0
0
0
0
0
0
0
7.30092e-128
7.08037e-128
0
5.70812e-128
0
0
0
0
0
1.53581e-124
1.87746e-124
2.04013e-124
2.28372e-124
2.53373e-124
2.67681e-124
3.00124e-124
3.74058e-124
5.34406e-124
0
0
1.04391e-122
3.28252e-122
9.18606e-122
2.42099e-121
6.50755e-121
1.88023e-120
6.01079e-120
0
7.86752e-119
2.89187e-118
1.00843e-117
3.15619e-117
8.65473e-117
2.057e-116
4.25068e-116
7.71853e-116
0
0
2.29959e-115
1.77665e-115
1.15726e-115
6.94662e-116
2.99132e-116
6.96237e-117
6.54653e-118
2.01987e-119
2.56425e-121
6.63935e-122
6.63935e-122
9.53511e-122
2.01711e-121
3.89022e-121
6.9581e-121
1.49714e-120
0
0
0
1.78069e-118
4.65927e-118
1.19907e-117
2.88967e-117
6.78856e-117
1.5203e-116
3.23606e-116
7.32508e-116
1.56109e-115
3.45878e-115
8.28226e-115
2.03559e-114
5.85703e-114
0
0
0
0
0
0
1.8645e-110
5.77379e-110
1.72661e-109
5.0195e-109
1.26307e-108
3.52488e-108
7.80815e-108
2.49752e-107
6.1658e-107
3.3243e-105
)
;
    }
    bridgeDeck
    {
        type            zeroGradient;
    }
    frontAndBack
    {
        type            empty;
    }
}


// ************************************************************************* //
