/*--------------------------------*- C++ -*----------------------------------*\
| =========                 |                                                 |
| \\      /  F ield         | OpenFOAM: The Open Source CFD Toolbox           |
|  \\    /   O peration     | Version:  2412                                  |
|   \\  /    A nd           | Website:  www.openfoam.com                      |
|    \\/     M anipulation  |                                                 |
\*---------------------------------------------------------------------------*/
FoamFile
{
    version     2.0;
    format      ascii;
    arch        "LSB;label=32;scalar=64";
    class       volScalarField;
    location    "30";
    object      K;
}
// * * * * * * * * * * * * * * * * * * * * * * * * * * * * * * * * * * * * * //

dimensions      [ 1 -3 -1 0 0 0 0 ];

internalField   nonuniform List<scalar> 
55050
(
1.35376e+07
1.35717e+07
1.35822e+07
1.359e+07
1.35963e+07
1.36019e+07
1.36073e+07
1.36126e+07
1.36179e+07
1.36231e+07
1.36283e+07
1.36334e+07
1.36385e+07
1.36436e+07
1.36486e+07
1.36535e+07
1.36584e+07
1.36632e+07
1.36679e+07
1.36725e+07
1.36771e+07
1.36815e+07
1.36858e+07
1.36901e+07
1.36942e+07
1.36982e+07
1.37021e+07
1.37059e+07
1.37096e+07
1.37133e+07
1.37169e+07
1.37204e+07
1.37239e+07
1.37274e+07
1.37308e+07
1.37343e+07
1.37377e+07
1.37412e+07
1.37447e+07
1.37482e+07
1.37517e+07
1.37551e+07
1.37585e+07
1.37619e+07
1.37653e+07
1.37686e+07
1.37719e+07
1.37752e+07
1.37784e+07
1.37999e+07
1.35621e+07
1.35844e+07
1.35952e+07
1.36057e+07
1.36156e+07
1.36249e+07
1.36338e+07
1.36421e+07
1.36499e+07
1.36573e+07
1.36643e+07
1.36709e+07
1.36772e+07
1.36832e+07
1.3689e+07
1.36946e+07
1.37001e+07
1.37054e+07
1.37105e+07
1.37155e+07
1.37203e+07
1.37249e+07
1.37294e+07
1.37337e+07
1.37379e+07
1.3742e+07
1.3746e+07
1.37498e+07
1.37536e+07
1.37572e+07
1.37608e+07
1.37643e+07
1.37678e+07
1.37711e+07
1.37745e+07
1.37778e+07
1.37812e+07
1.37845e+07
1.37878e+07
1.37912e+07
1.37945e+07
1.37977e+07
1.38009e+07
1.3804e+07
1.38071e+07
1.38102e+07
1.38132e+07
1.38161e+07
1.3819e+07
1.38342e+07
1.35581e+07
1.35732e+07
1.35818e+07
1.35903e+07
1.35986e+07
1.36065e+07
1.3614e+07
1.3621e+07
1.36275e+07
1.36336e+07
1.36392e+07
1.36445e+07
1.36495e+07
1.36542e+07
1.36587e+07
1.3663e+07
1.36672e+07
1.36712e+07
1.3675e+07
1.36788e+07
1.36823e+07
1.36857e+07
1.3689e+07
1.36921e+07
1.36951e+07
1.3698e+07
1.37008e+07
1.37035e+07
1.37062e+07
1.37087e+07
1.37112e+07
1.37136e+07
1.3716e+07
1.37183e+07
1.37205e+07
1.37228e+07
1.37251e+07
1.37273e+07
1.37295e+07
1.37318e+07
1.3734e+07
1.37361e+07
1.37382e+07
1.37402e+07
1.37422e+07
1.37441e+07
1.3746e+07
1.37479e+07
1.37497e+07
1.37597e+07
1.35524e+07
1.35623e+07
1.35692e+07
1.35763e+07
1.35834e+07
1.35903e+07
1.35969e+07
1.36031e+07
1.36087e+07
1.36139e+07
1.36187e+07
1.36231e+07
1.36273e+07
1.36311e+07
1.36347e+07
1.36382e+07
1.36415e+07
1.36446e+07
1.36477e+07
1.36506e+07
1.36534e+07
1.3656e+07
1.36584e+07
1.36607e+07
1.36629e+07
1.3665e+07
1.3667e+07
1.3669e+07
1.36708e+07
1.36726e+07
1.36744e+07
1.36761e+07
1.36777e+07
1.36793e+07
1.36808e+07
1.36823e+07
1.36839e+07
1.36854e+07
1.36869e+07
1.36884e+07
1.36899e+07
1.36913e+07
1.36926e+07
1.36939e+07
1.36951e+07
1.36962e+07
1.36974e+07
1.36985e+07
1.36996e+07
1.37059e+07
1.35463e+07
1.35523e+07
1.35578e+07
1.3564e+07
1.35704e+07
1.35767e+07
1.35828e+07
1.35884e+07
1.35936e+07
1.35982e+07
1.36025e+07
1.36063e+07
1.36099e+07
1.36132e+07
1.36162e+07
1.36191e+07
1.36218e+07
1.36245e+07
1.3627e+07
1.36294e+07
1.36316e+07
1.36337e+07
1.36356e+07
1.36374e+07
1.3639e+07
1.36406e+07
1.36421e+07
1.36435e+07
1.36449e+07
1.36462e+07
1.36475e+07
1.36486e+07
1.36498e+07
1.36509e+07
1.36519e+07
1.36529e+07
1.36539e+07
1.3655e+07
1.3656e+07
1.36571e+07
1.36581e+07
1.3659e+07
1.36598e+07
1.36605e+07
1.36612e+07
1.36618e+07
1.36624e+07
1.3663e+07
1.36636e+07
1.36675e+07
1.35398e+07
1.3543e+07
1.35475e+07
1.3553e+07
1.3559e+07
1.35652e+07
1.35713e+07
1.35767e+07
1.35815e+07
1.35858e+07
1.35896e+07
1.35931e+07
1.35964e+07
1.35993e+07
1.36019e+07
1.36044e+07
1.36068e+07
1.36091e+07
1.36114e+07
1.36135e+07
1.36154e+07
1.36171e+07
1.36186e+07
1.362e+07
1.36213e+07
1.36226e+07
1.36237e+07
1.36247e+07
1.36258e+07
1.36268e+07
1.36277e+07
1.36286e+07
1.36294e+07
1.36301e+07
1.36308e+07
1.36315e+07
1.36322e+07
1.36329e+07
1.36336e+07
1.36344e+07
1.3635e+07
1.36356e+07
1.36361e+07
1.36365e+07
1.36368e+07
1.36371e+07
1.36373e+07
1.36375e+07
1.36377e+07
1.364e+07
1.27616e+07
1.27501e+07
1.28059e+07
1.30115e+07
1.31671e+07
1.34588e+07
1.35604e+07
1.35655e+07
1.35701e+07
1.35743e+07
1.3578e+07
1.35814e+07
1.35846e+07
1.35875e+07
1.35901e+07
1.35925e+07
1.35948e+07
1.35972e+07
1.35996e+07
1.36016e+07
1.36033e+07
1.36047e+07
1.3606e+07
1.36071e+07
1.36082e+07
1.36092e+07
1.36101e+07
1.36109e+07
1.36117e+07
1.36125e+07
1.36132e+07
1.36139e+07
1.36144e+07
1.36149e+07
1.36154e+07
1.36158e+07
1.36163e+07
1.36167e+07
1.36173e+07
1.36179e+07
1.36184e+07
1.36188e+07
1.3619e+07
1.36191e+07
1.36192e+07
1.36192e+07
1.36192e+07
1.36191e+07
1.36191e+07
1.36202e+07
1.20144e+07
1.19531e+07
1.19052e+07
1.19569e+07
1.19441e+07
1.19752e+07
1.2025e+07
1.21296e+07
1.22451e+07
1.23713e+07
1.25027e+07
1.26371e+07
1.27732e+07
1.29122e+07
1.30502e+07
1.31898e+07
1.33315e+07
1.35206e+07
1.3588e+07
1.35899e+07
1.35916e+07
1.3593e+07
1.35942e+07
1.35953e+07
1.35964e+07
1.35974e+07
1.35983e+07
1.35991e+07
1.35999e+07
1.36007e+07
1.36014e+07
1.36021e+07
1.36026e+07
1.36031e+07
1.36035e+07
1.36039e+07
1.36043e+07
1.36047e+07
1.36052e+07
1.36061e+07
1.36065e+07
1.36067e+07
1.36068e+07
1.36067e+07
1.36066e+07
1.36064e+07
1.36061e+07
1.36059e+07
1.36056e+07
1.3606e+07
1.18405e+07
1.17718e+07
1.17128e+07
1.17617e+07
1.17457e+07
1.17768e+07
1.17804e+07
1.17981e+07
1.18112e+07
1.18272e+07
1.1844e+07
1.18615e+07
1.18796e+07
1.18997e+07
1.19184e+07
1.19381e+07
1.1958e+07
1.19766e+07
1.20257e+07
1.20964e+07
1.21757e+07
1.22581e+07
1.23422e+07
1.24268e+07
1.25115e+07
1.25954e+07
1.26778e+07
1.27585e+07
1.28363e+07
1.29122e+07
1.2985e+07
1.30559e+07
1.31244e+07
1.31911e+07
1.32564e+07
1.3321e+07
1.33855e+07
1.34512e+07
1.35326e+07
1.35946e+07
1.3595e+07
1.35952e+07
1.35951e+07
1.3595e+07
1.35948e+07
1.35946e+07
1.35944e+07
1.35941e+07
1.35939e+07
1.3594e+07
1.16896e+07
1.16155e+07
1.15462e+07
1.15918e+07
1.15734e+07
1.16045e+07
1.16076e+07
1.16253e+07
1.16382e+07
1.16536e+07
1.16697e+07
1.16858e+07
1.17022e+07
1.17201e+07
1.17366e+07
1.17538e+07
1.1771e+07
1.17867e+07
1.18025e+07
1.18165e+07
1.1831e+07
1.18457e+07
1.18611e+07
1.18768e+07
1.18928e+07
1.19092e+07
1.1925e+07
1.19403e+07
1.19544e+07
1.19679e+07
1.198e+07
1.19915e+07
1.2002e+07
1.20117e+07
1.20207e+07
1.20292e+07
1.20375e+07
1.20457e+07
1.20541e+07
1.20709e+07
1.2105e+07
1.21445e+07
1.21868e+07
1.22309e+07
1.22765e+07
1.23255e+07
1.23798e+07
1.24436e+07
1.25258e+07
1.26438e+07
1.15561e+07
1.1479e+07
1.14004e+07
1.14422e+07
1.14213e+07
1.14527e+07
1.14558e+07
1.14739e+07
1.14876e+07
1.15039e+07
1.15208e+07
1.15375e+07
1.15546e+07
1.15733e+07
1.15903e+07
1.16082e+07
1.1626e+07
1.16423e+07
1.16584e+07
1.16721e+07
1.1686e+07
1.16999e+07
1.17144e+07
1.17289e+07
1.17437e+07
1.17588e+07
1.17731e+07
1.17868e+07
1.17991e+07
1.18107e+07
1.18209e+07
1.18305e+07
1.18391e+07
1.18469e+07
1.1854e+07
1.18606e+07
1.1867e+07
1.18732e+07
1.18797e+07
1.18858e+07
1.18928e+07
1.18991e+07
1.19051e+07
1.19107e+07
1.19154e+07
1.192e+07
1.19242e+07
1.19282e+07
1.19326e+07
1.19358e+07
1.14363e+07
1.13577e+07
1.12717e+07
1.13078e+07
1.12837e+07
1.13148e+07
1.13182e+07
1.13369e+07
1.13517e+07
1.1369e+07
1.13869e+07
1.14045e+07
1.14225e+07
1.14421e+07
1.146e+07
1.14788e+07
1.14973e+07
1.15144e+07
1.15309e+07
1.1545e+07
1.15592e+07
1.15735e+07
1.15885e+07
1.16035e+07
1.16187e+07
1.16343e+07
1.16492e+07
1.16633e+07
1.1676e+07
1.16878e+07
1.16981e+07
1.17079e+07
1.17167e+07
1.17246e+07
1.17318e+07
1.17383e+07
1.17447e+07
1.1751e+07
1.17574e+07
1.17635e+07
1.17704e+07
1.17765e+07
1.17822e+07
1.17873e+07
1.17913e+07
1.17949e+07
1.1798e+07
1.18003e+07
1.18021e+07
1.18012e+07
1.38715e+07
1.38684e+07
1.38398e+07
1.38148e+07
1.37927e+07
1.3773e+07
1.37554e+07
1.37395e+07
1.37252e+07
1.37121e+07
1.37002e+07
1.36894e+07
1.36794e+07
1.36702e+07
1.36618e+07
1.3654e+07
1.36468e+07
1.36402e+07
1.3634e+07
1.36283e+07
1.36229e+07
1.36178e+07
1.36131e+07
1.36085e+07
1.36042e+07
1.36001e+07
1.35962e+07
1.35924e+07
1.35888e+07
1.35854e+07
1.35821e+07
1.35789e+07
1.35758e+07
1.35729e+07
1.357e+07
1.35671e+07
1.35644e+07
1.35617e+07
1.35527e+07
1.35557e+07
1.35621e+07
1.35592e+07
1.35564e+07
1.35538e+07
1.35514e+07
1.35492e+07
1.3547e+07
1.3545e+07
1.3543e+07
1.35412e+07
1.39167e+07
1.3905e+07
1.38776e+07
1.38536e+07
1.38324e+07
1.38135e+07
1.37965e+07
1.37811e+07
1.3767e+07
1.37541e+07
1.37422e+07
1.3731e+07
1.37206e+07
1.37108e+07
1.37015e+07
1.36927e+07
1.36844e+07
1.36764e+07
1.36688e+07
1.36616e+07
1.36547e+07
1.36481e+07
1.36418e+07
1.36357e+07
1.36299e+07
1.36243e+07
1.3619e+07
1.36138e+07
1.3609e+07
1.36044e+07
1.36e+07
1.35958e+07
1.35918e+07
1.3588e+07
1.35843e+07
1.35809e+07
1.35775e+07
1.35743e+07
1.35672e+07
1.35704e+07
1.35731e+07
1.35699e+07
1.35669e+07
1.35641e+07
1.35616e+07
1.35592e+07
1.3557e+07
1.35549e+07
1.35529e+07
1.3551e+07
1.38137e+07
1.38059e+07
1.37878e+07
1.37718e+07
1.37577e+07
1.37451e+07
1.37336e+07
1.37231e+07
1.37135e+07
1.37045e+07
1.36962e+07
1.36883e+07
1.36809e+07
1.36739e+07
1.36671e+07
1.36607e+07
1.36545e+07
1.36485e+07
1.36429e+07
1.36374e+07
1.36322e+07
1.36272e+07
1.36223e+07
1.36177e+07
1.36132e+07
1.36089e+07
1.36047e+07
1.36007e+07
1.35969e+07
1.35933e+07
1.35899e+07
1.35867e+07
1.35836e+07
1.35806e+07
1.35778e+07
1.35751e+07
1.35725e+07
1.357e+07
1.35653e+07
1.35669e+07
1.3568e+07
1.35655e+07
1.35632e+07
1.35611e+07
1.35592e+07
1.35573e+07
1.35556e+07
1.3554e+07
1.35525e+07
1.35511e+07
1.37406e+07
1.37355e+07
1.37236e+07
1.37132e+07
1.37038e+07
1.36954e+07
1.36877e+07
1.36806e+07
1.36739e+07
1.36676e+07
1.36617e+07
1.36561e+07
1.36507e+07
1.36455e+07
1.36404e+07
1.36355e+07
1.36307e+07
1.36261e+07
1.36217e+07
1.36174e+07
1.36133e+07
1.36093e+07
1.36055e+07
1.36017e+07
1.35981e+07
1.35946e+07
1.35912e+07
1.35879e+07
1.35848e+07
1.35819e+07
1.35791e+07
1.35765e+07
1.3574e+07
1.35716e+07
1.35693e+07
1.35671e+07
1.3565e+07
1.3563e+07
1.356e+07
1.35604e+07
1.35604e+07
1.35585e+07
1.35567e+07
1.35549e+07
1.35533e+07
1.35518e+07
1.35504e+07
1.35491e+07
1.35478e+07
1.35467e+07
1.36892e+07
1.36858e+07
1.36782e+07
1.36714e+07
1.36653e+07
1.36598e+07
1.36546e+07
1.36497e+07
1.3645e+07
1.36405e+07
1.36363e+07
1.36322e+07
1.36281e+07
1.36241e+07
1.36202e+07
1.36163e+07
1.36124e+07
1.36086e+07
1.3605e+07
1.36015e+07
1.35981e+07
1.35948e+07
1.35915e+07
1.35884e+07
1.35853e+07
1.35823e+07
1.35793e+07
1.35764e+07
1.35738e+07
1.35712e+07
1.35688e+07
1.35666e+07
1.35645e+07
1.35625e+07
1.35605e+07
1.35587e+07
1.35569e+07
1.35552e+07
1.3553e+07
1.35528e+07
1.35521e+07
1.35506e+07
1.3549e+07
1.35475e+07
1.3546e+07
1.35445e+07
1.35432e+07
1.35419e+07
1.35408e+07
1.35397e+07
1.36529e+07
1.36507e+07
1.36459e+07
1.36416e+07
1.36377e+07
1.36341e+07
1.36306e+07
1.36272e+07
1.36238e+07
1.36206e+07
1.36174e+07
1.36143e+07
1.36112e+07
1.3608e+07
1.36048e+07
1.36015e+07
1.35981e+07
1.3595e+07
1.35919e+07
1.35888e+07
1.35859e+07
1.3583e+07
1.35801e+07
1.35774e+07
1.35746e+07
1.35719e+07
1.35691e+07
1.35663e+07
1.35636e+07
1.35612e+07
1.3559e+07
1.35569e+07
1.35549e+07
1.35531e+07
1.35513e+07
1.35497e+07
1.35481e+07
1.35465e+07
1.33041e+07
1.35445e+07
1.35436e+07
1.35421e+07
1.35407e+07
1.35391e+07
1.33162e+07
1.31552e+07
1.30189e+07
1.28938e+07
1.27792e+07
1.26784e+07
1.36273e+07
1.36259e+07
1.3623e+07
1.36204e+07
1.3618e+07
1.36156e+07
1.36133e+07
1.36108e+07
1.36082e+07
1.36058e+07
1.36034e+07
1.36011e+07
1.35986e+07
1.35959e+07
1.35932e+07
1.35903e+07
1.35873e+07
1.35839e+07
1.35808e+07
1.35779e+07
1.35751e+07
1.35723e+07
1.35695e+07
1.35669e+07
1.35643e+07
1.35617e+07
1.3559e+07
1.33438e+07
1.31513e+07
1.29891e+07
1.2837e+07
1.26942e+07
1.25598e+07
1.24338e+07
1.23171e+07
1.2211e+07
1.21199e+07
1.20507e+07
1.20165e+07
1.23407e+07
1.22339e+07
1.21257e+07
1.20321e+07
1.19647e+07
1.19527e+07
1.19483e+07
1.19426e+07
1.19354e+07
1.19266e+07
1.1917e+07
1.36093e+07
1.36084e+07
1.36068e+07
1.36053e+07
1.36038e+07
1.36024e+07
1.36008e+07
1.35989e+07
1.35964e+07
1.3594e+07
1.35918e+07
1.35896e+07
1.35873e+07
1.35848e+07
1.35822e+07
1.35796e+07
1.35767e+07
1.32809e+07
1.3097e+07
1.29272e+07
1.27676e+07
1.26165e+07
1.24736e+07
1.23392e+07
1.22146e+07
1.21037e+07
1.20164e+07
1.1983e+07
1.19636e+07
1.19445e+07
1.19261e+07
1.19088e+07
1.18921e+07
1.18762e+07
1.18609e+07
1.18445e+07
1.18242e+07
1.17982e+07
1.17707e+07
1.17626e+07
1.17371e+07
1.17176e+07
1.17013e+07
1.1685e+07
1.16675e+07
1.16487e+07
1.1629e+07
1.16086e+07
1.15883e+07
1.15687e+07
1.35961e+07
1.35953e+07
1.35941e+07
1.3593e+07
1.35918e+07
1.35906e+07
1.35893e+07
1.35876e+07
1.33622e+07
1.30813e+07
1.28776e+07
1.26943e+07
1.25287e+07
1.23774e+07
1.22402e+07
1.21217e+07
1.20315e+07
1.2009e+07
1.19868e+07
1.19645e+07
1.19421e+07
1.19196e+07
1.18971e+07
1.1875e+07
1.18529e+07
1.18308e+07
1.18087e+07
1.17869e+07
1.17655e+07
1.17444e+07
1.17236e+07
1.17038e+07
1.16842e+07
1.16641e+07
1.16424e+07
1.16177e+07
1.15871e+07
1.1553e+07
1.15246e+07
1.1504e+07
1.14756e+07
1.14452e+07
1.14142e+07
1.13818e+07
1.13483e+07
1.13139e+07
1.12792e+07
1.12456e+07
1.12137e+07
1.11831e+07
1.31924e+07
1.30869e+07
1.29149e+07
1.27228e+07
1.25309e+07
1.2353e+07
1.21947e+07
1.20702e+07
1.20121e+07
1.19905e+07
1.19698e+07
1.19489e+07
1.19292e+07
1.19096e+07
1.18899e+07
1.18711e+07
1.18518e+07
1.18329e+07
1.18132e+07
1.1793e+07
1.17722e+07
1.17506e+07
1.17287e+07
1.17067e+07
1.16843e+07
1.16614e+07
1.16382e+07
1.16152e+07
1.15924e+07
1.15697e+07
1.15469e+07
1.15235e+07
1.14983e+07
1.14707e+07
1.1439e+07
1.14029e+07
1.13624e+07
1.13212e+07
1.12849e+07
1.12503e+07
1.12088e+07
1.11634e+07
1.11155e+07
1.10662e+07
1.10169e+07
1.09671e+07
1.09195e+07
1.08779e+07
1.08414e+07
1.08062e+07
1.19614e+07
1.19508e+07
1.19389e+07
1.19248e+07
1.19085e+07
1.18931e+07
1.18771e+07
1.18621e+07
1.18472e+07
1.18321e+07
1.18168e+07
1.18004e+07
1.17843e+07
1.17672e+07
1.17492e+07
1.17313e+07
1.1712e+07
1.16926e+07
1.16723e+07
1.16514e+07
1.16298e+07
1.16073e+07
1.15843e+07
1.15615e+07
1.15381e+07
1.15141e+07
1.14896e+07
1.14655e+07
1.14413e+07
1.14162e+07
1.13893e+07
1.13595e+07
1.13259e+07
1.12894e+07
1.12477e+07
1.12012e+07
1.11504e+07
1.10993e+07
1.10508e+07
1.10002e+07
1.0943e+07
1.08833e+07
1.08243e+07
1.0769e+07
1.07173e+07
1.06641e+07
1.06147e+07
1.05766e+07
1.0547e+07
1.05169e+07
1.18092e+07
1.18017e+07
1.17952e+07
1.17872e+07
1.17765e+07
1.17657e+07
1.17529e+07
1.17397e+07
1.17252e+07
1.17102e+07
1.1695e+07
1.16785e+07
1.16622e+07
1.16449e+07
1.16264e+07
1.16081e+07
1.15883e+07
1.15684e+07
1.15473e+07
1.15257e+07
1.15033e+07
1.14798e+07
1.14558e+07
1.1432e+07
1.14077e+07
1.13825e+07
1.13568e+07
1.13315e+07
1.13049e+07
1.12754e+07
1.12426e+07
1.12058e+07
1.11643e+07
1.1119e+07
1.1067e+07
1.10096e+07
1.09479e+07
1.08857e+07
1.08253e+07
1.07654e+07
1.07028e+07
1.06417e+07
1.0586e+07
1.05403e+07
1.05017e+07
1.04603e+07
1.04222e+07
1.03928e+07
1.03703e+07
1.03414e+07
1.35398e+07
1.3539e+07
1.35382e+07
1.35372e+07
1.35362e+07
1.35351e+07
1.35338e+07
1.35325e+07
1.35311e+07
1.35296e+07
1.3528e+07
1.35264e+07
1.35247e+07
1.3523e+07
1.35212e+07
1.35193e+07
1.35175e+07
1.35157e+07
1.35139e+07
1.35121e+07
1.35105e+07
1.3509e+07
1.35079e+07
1.35072e+07
1.35071e+07
1.35074e+07
1.35083e+07
1.35098e+07
1.35118e+07
1.35142e+07
1.35168e+07
1.35196e+07
1.35225e+07
1.35253e+07
1.35282e+07
1.35311e+07
1.35339e+07
1.35367e+07
1.35394e+07
1.3542e+07
1.35445e+07
1.3547e+07
1.35495e+07
1.35518e+07
1.35541e+07
1.35562e+07
1.35584e+07
1.35604e+07
1.35623e+07
1.3564e+07
1.35496e+07
1.35488e+07
1.3548e+07
1.35471e+07
1.35461e+07
1.35451e+07
1.35439e+07
1.35428e+07
1.35416e+07
1.35404e+07
1.35391e+07
1.35379e+07
1.35366e+07
1.35354e+07
1.35342e+07
1.35331e+07
1.3532e+07
1.35311e+07
1.35302e+07
1.35296e+07
1.35291e+07
1.35288e+07
1.35288e+07
1.35292e+07
1.35298e+07
1.35306e+07
1.35314e+07
1.35325e+07
1.35339e+07
1.35356e+07
1.35375e+07
1.35395e+07
1.35417e+07
1.35439e+07
1.35463e+07
1.35487e+07
1.35511e+07
1.35535e+07
1.3556e+07
1.35584e+07
1.35608e+07
1.35632e+07
1.35656e+07
1.35679e+07
1.35702e+07
1.35724e+07
1.35746e+07
1.35767e+07
1.35787e+07
1.35806e+07
1.35499e+07
1.35491e+07
1.35484e+07
1.35475e+07
1.35467e+07
1.35457e+07
1.35448e+07
1.35438e+07
1.35428e+07
1.35418e+07
1.35408e+07
1.35398e+07
1.35389e+07
1.35379e+07
1.3537e+07
1.35362e+07
1.35354e+07
1.35348e+07
1.35342e+07
1.35338e+07
1.35336e+07
1.35336e+07
1.35337e+07
1.35342e+07
1.35349e+07
1.35357e+07
1.35367e+07
1.35378e+07
1.35392e+07
1.35407e+07
1.35423e+07
1.35441e+07
1.3546e+07
1.35479e+07
1.35499e+07
1.35519e+07
1.35539e+07
1.3556e+07
1.3558e+07
1.356e+07
1.3562e+07
1.35639e+07
1.35659e+07
1.35678e+07
1.35696e+07
1.35715e+07
1.35733e+07
1.3575e+07
1.35767e+07
1.35782e+07
1.35457e+07
1.35449e+07
1.35441e+07
1.35432e+07
1.35424e+07
1.35415e+07
1.35406e+07
1.35397e+07
1.35388e+07
1.35379e+07
1.3537e+07
1.35361e+07
1.35352e+07
1.35344e+07
1.35336e+07
1.35328e+07
1.35322e+07
1.35316e+07
1.35312e+07
1.35309e+07
1.35308e+07
1.35309e+07
1.35311e+07
1.35316e+07
1.35323e+07
1.35332e+07
1.35343e+07
1.35355e+07
1.35368e+07
1.35383e+07
1.354e+07
1.35417e+07
1.35435e+07
1.35453e+07
1.35472e+07
1.3549e+07
1.35509e+07
1.35528e+07
1.35547e+07
1.35565e+07
1.35583e+07
1.35601e+07
1.35618e+07
1.35635e+07
1.35652e+07
1.35668e+07
1.35684e+07
1.357e+07
1.35715e+07
1.3573e+07
1.35388e+07
1.35379e+07
1.35371e+07
1.35362e+07
1.35354e+07
1.35345e+07
1.35336e+07
1.35327e+07
1.35318e+07
1.35309e+07
1.353e+07
1.35291e+07
1.35283e+07
1.35274e+07
1.35266e+07
1.35259e+07
1.35252e+07
1.35232e+07
1.35191e+07
1.35168e+07
1.35158e+07
1.35164e+07
1.35186e+07
1.35226e+07
1.35253e+07
1.35262e+07
1.35271e+07
1.35283e+07
1.35296e+07
1.35311e+07
1.35327e+07
1.35343e+07
1.35361e+07
1.35379e+07
1.35398e+07
1.35417e+07
1.35435e+07
1.35454e+07
1.35473e+07
1.35491e+07
1.35509e+07
1.35527e+07
1.35544e+07
1.35561e+07
1.35578e+07
1.35595e+07
1.35611e+07
1.35627e+07
1.35642e+07
1.35657e+07
1.26176e+07
1.26188e+07
1.2626e+07
1.26314e+07
1.26325e+07
1.26286e+07
1.26201e+07
1.26076e+07
1.25922e+07
1.25751e+07
1.25573e+07
1.254e+07
1.2524e+07
1.25106e+07
1.25008e+07
1.24962e+07
1.24983e+07
1.25091e+07
1.25303e+07
1.25628e+07
1.26086e+07
1.26692e+07
1.27462e+07
1.28395e+07
1.29524e+07
1.30168e+07
1.30257e+07
1.30522e+07
1.30936e+07
1.31692e+07
1.31927e+07
1.32245e+07
1.32583e+07
1.32959e+07
1.33302e+07
1.33646e+07
1.33985e+07
1.34329e+07
1.34658e+07
1.34854e+07
1.35014e+07
1.35164e+07
1.35298e+07
1.35406e+07
1.35465e+07
1.35484e+07
1.35502e+07
1.35519e+07
1.35536e+07
1.35553e+07
1.19075e+07
1.18975e+07
1.18843e+07
1.18689e+07
1.18525e+07
1.18357e+07
1.18186e+07
1.18018e+07
1.17855e+07
1.17701e+07
1.17556e+07
1.17417e+07
1.17282e+07
1.17147e+07
1.17013e+07
1.16885e+07
1.16766e+07
1.16659e+07
1.16565e+07
1.16485e+07
1.1642e+07
1.16368e+07
1.16328e+07
1.16302e+07
1.16321e+07
1.16387e+07
1.16497e+07
1.16649e+07
1.16811e+07
1.17013e+07
1.17378e+07
1.17841e+07
1.18369e+07
1.18945e+07
1.1957e+07
1.20233e+07
1.20928e+07
1.21654e+07
1.22413e+07
1.23222e+07
1.24055e+07
1.24894e+07
1.25732e+07
1.26567e+07
1.27398e+07
1.28214e+07
1.29004e+07
1.29762e+07
1.30493e+07
1.31226e+07
1.15496e+07
1.15301e+07
1.15093e+07
1.14877e+07
1.14651e+07
1.14416e+07
1.14174e+07
1.13938e+07
1.13717e+07
1.13516e+07
1.1333e+07
1.13153e+07
1.1298e+07
1.12811e+07
1.12653e+07
1.12518e+07
1.12411e+07
1.12336e+07
1.12295e+07
1.12287e+07
1.12313e+07
1.12371e+07
1.12461e+07
1.12583e+07
1.12741e+07
1.12923e+07
1.13121e+07
1.1334e+07
1.1357e+07
1.13807e+07
1.1404e+07
1.14283e+07
1.14533e+07
1.1478e+07
1.15025e+07
1.15267e+07
1.15508e+07
1.15755e+07
1.1601e+07
1.1627e+07
1.1653e+07
1.16788e+07
1.17048e+07
1.17309e+07
1.17573e+07
1.17837e+07
1.181e+07
1.18359e+07
1.18613e+07
1.18855e+07
1.1153e+07
1.11227e+07
1.10924e+07
1.1062e+07
1.10304e+07
1.09976e+07
1.09657e+07
1.09366e+07
1.09106e+07
1.08872e+07
1.08657e+07
1.08452e+07
1.08255e+07
1.08065e+07
1.07896e+07
1.07755e+07
1.07646e+07
1.07577e+07
1.07553e+07
1.0757e+07
1.07622e+07
1.07708e+07
1.07828e+07
1.07976e+07
1.08158e+07
1.08369e+07
1.08605e+07
1.0886e+07
1.09132e+07
1.09415e+07
1.09707e+07
1.10041e+07
1.10399e+07
1.10757e+07
1.11115e+07
1.11469e+07
1.11819e+07
1.12173e+07
1.12544e+07
1.12921e+07
1.13291e+07
1.13649e+07
1.14e+07
1.1435e+07
1.147e+07
1.15045e+07
1.15381e+07
1.15708e+07
1.16026e+07
1.16333e+07
1.07709e+07
1.07365e+07
1.07037e+07
1.06716e+07
1.06361e+07
1.05994e+07
1.05682e+07
1.0542e+07
1.05179e+07
1.0495e+07
1.04741e+07
1.04553e+07
1.04383e+07
1.0423e+07
1.04092e+07
1.03946e+07
1.03806e+07
1.03703e+07
1.03672e+07
1.03682e+07
1.0372e+07
1.03778e+07
1.03861e+07
1.03967e+07
1.04105e+07
1.04282e+07
1.0449e+07
1.04721e+07
1.04955e+07
1.05205e+07
1.05488e+07
1.05863e+07
1.06258e+07
1.06635e+07
1.07009e+07
1.07386e+07
1.07765e+07
1.08144e+07
1.08571e+07
1.09014e+07
1.09458e+07
1.09896e+07
1.10324e+07
1.10757e+07
1.112e+07
1.11639e+07
1.12063e+07
1.1247e+07
1.12869e+07
1.13259e+07
1.04867e+07
1.04584e+07
1.04325e+07
1.04089e+07
1.03793e+07
1.0349e+07
1.0323e+07
1.02961e+07
1.02642e+07
1.02277e+07
1.01933e+07
1.01725e+07
1.01721e+07
1.01661e+07
1.01458e+07
1.01286e+07
1.012e+07
1.01216e+07
1.01234e+07
1.01235e+07
1.01247e+07
1.0125e+07
1.0129e+07
1.01366e+07
1.01468e+07
1.01592e+07
1.01723e+07
1.01911e+07
1.02031e+07
1.02229e+07
1.02567e+07
1.03043e+07
1.03402e+07
1.03682e+07
1.03947e+07
1.04213e+07
1.04511e+07
1.04803e+07
1.05209e+07
1.05614e+07
1.0602e+07
1.06437e+07
1.06842e+07
1.07263e+07
1.07725e+07
1.08191e+07
1.08649e+07
1.09098e+07
1.09549e+07
1.10006e+07
1.03125e+07
1.02836e+07
1.02512e+07
1.02228e+07
1.02017e+07
1.01653e+07
1.01267e+07
1.00935e+07
1.00717e+07
1.00424e+07
1.00024e+07
9.93641e+06
9.57018e+06
9.43041e+06
9.33211e+06
9.21184e+06
9.06728e+06
8.97037e+06
8.93792e+06
8.91109e+06
8.88765e+06
8.87773e+06
8.87704e+06
8.88683e+06
8.9298e+06
8.98684e+06
9.06221e+06
9.18303e+06
9.29248e+06
9.75213e+06
1.00461e+07
1.01239e+07
1.01497e+07
1.0168e+07
1.01885e+07
1.02092e+07
1.02384e+07
1.02654e+07
1.03139e+07
1.03487e+07
1.03773e+07
1.04057e+07
1.04331e+07
1.04648e+07
1.05055e+07
1.05449e+07
1.05843e+07
1.06242e+07
1.06655e+07
1.07103e+07
1.35657e+07
1.35688e+07
1.35723e+07
1.35758e+07
1.35794e+07
1.35831e+07
1.35869e+07
1.35907e+07
1.35947e+07
1.35988e+07
1.36031e+07
1.36075e+07
1.3612e+07
1.36168e+07
1.36216e+07
1.36267e+07
1.36319e+07
1.36373e+07
1.36428e+07
1.36485e+07
1.36544e+07
1.36605e+07
1.36667e+07
1.36731e+07
1.36796e+07
1.36864e+07
1.36932e+07
1.37002e+07
1.37074e+07
1.37147e+07
1.37221e+07
1.37297e+07
1.37373e+07
1.37451e+07
1.3753e+07
1.3761e+07
1.37691e+07
1.37774e+07
1.37857e+07
1.37942e+07
1.38028e+07
1.38115e+07
1.38203e+07
1.38292e+07
1.38381e+07
1.38471e+07
1.3856e+07
1.3865e+07
1.3874e+07
1.3883e+07
1.38919e+07
1.3901e+07
1.39101e+07
1.39192e+07
1.37965e+07
1.37923e+07
1.39245e+07
1.3932e+07
1.39396e+07
1.39473e+07
1.39549e+07
1.39625e+07
1.397e+07
1.39775e+07
1.3985e+07
1.39924e+07
1.39998e+07
1.40072e+07
1.40146e+07
1.40219e+07
1.40293e+07
1.40367e+07
1.4044e+07
1.40514e+07
1.40588e+07
1.40661e+07
1.40735e+07
1.40807e+07
1.4088e+07
1.40951e+07
1.41023e+07
1.41092e+07
1.41162e+07
1.41229e+07
1.41297e+07
1.41363e+07
1.41428e+07
1.41491e+07
1.41555e+07
1.41617e+07
1.41679e+07
1.4174e+07
1.41801e+07
1.41863e+07
1.41926e+07
1.41991e+07
1.41639e+07
1.40313e+07
1.40027e+07
1.4008e+07
1.40128e+07
1.40172e+07
1.40213e+07
1.40252e+07
1.40288e+07
1.40322e+07
1.40354e+07
1.40385e+07
1.40413e+07
1.4044e+07
1.40466e+07
1.4049e+07
1.40513e+07
1.40536e+07
1.40556e+07
1.40577e+07
1.40596e+07
1.40615e+07
1.40633e+07
1.40652e+07
1.4067e+07
1.40689e+07
1.40707e+07
1.40726e+07
1.40746e+07
1.40767e+07
1.40789e+07
1.40813e+07
1.40838e+07
1.40866e+07
1.40896e+07
1.40929e+07
1.40964e+07
1.41004e+07
1.41047e+07
1.41096e+07
1.41148e+07
1.41207e+07
1.41271e+07
1.41343e+07
1.41422e+07
1.41509e+07
1.41605e+07
1.41712e+07
1.41829e+07
1.41959e+07
1.42102e+07
1.4226e+07
1.42436e+07
1.41845e+07
1.35823e+07
1.35856e+07
1.35892e+07
1.35928e+07
1.35965e+07
1.36003e+07
1.36041e+07
1.36081e+07
1.36123e+07
1.36166e+07
1.3621e+07
1.36255e+07
1.36303e+07
1.36352e+07
1.36402e+07
1.36455e+07
1.36509e+07
1.36565e+07
1.36622e+07
1.36682e+07
1.36743e+07
1.36806e+07
1.3687e+07
1.36936e+07
1.37004e+07
1.37074e+07
1.37145e+07
1.37217e+07
1.37291e+07
1.37367e+07
1.37444e+07
1.37521e+07
1.37601e+07
1.37681e+07
1.37763e+07
1.37845e+07
1.37929e+07
1.38014e+07
1.38101e+07
1.38188e+07
1.38277e+07
1.38367e+07
1.38458e+07
1.3855e+07
1.38642e+07
1.38735e+07
1.38828e+07
1.3892e+07
1.39013e+07
1.39106e+07
1.39198e+07
1.3929e+07
1.39383e+07
1.39479e+07
1.37983e+07
1.38633e+07
1.39552e+07
1.39631e+07
1.39711e+07
1.39791e+07
1.39871e+07
1.3995e+07
1.40028e+07
1.40107e+07
1.40184e+07
1.40262e+07
1.40339e+07
1.40416e+07
1.40492e+07
1.40568e+07
1.40644e+07
1.4072e+07
1.40796e+07
1.40872e+07
1.40947e+07
1.41023e+07
1.41097e+07
1.41172e+07
1.41245e+07
1.41318e+07
1.41389e+07
1.4146e+07
1.41529e+07
1.41597e+07
1.41664e+07
1.4173e+07
1.41794e+07
1.41857e+07
1.41919e+07
1.41981e+07
1.42041e+07
1.42101e+07
1.4216e+07
1.4222e+07
1.4228e+07
1.42343e+07
1.42124e+07
1.40623e+07
1.40446e+07
1.40495e+07
1.40541e+07
1.40583e+07
1.40621e+07
1.40658e+07
1.40692e+07
1.40724e+07
1.40753e+07
1.40781e+07
1.40808e+07
1.40832e+07
1.40856e+07
1.40877e+07
1.40898e+07
1.40917e+07
1.40936e+07
1.40953e+07
1.4097e+07
1.40986e+07
1.41003e+07
1.41018e+07
1.41034e+07
1.41049e+07
1.41065e+07
1.41081e+07
1.41099e+07
1.41116e+07
1.41136e+07
1.41156e+07
1.41179e+07
1.41204e+07
1.41231e+07
1.41261e+07
1.41295e+07
1.41331e+07
1.41372e+07
1.41417e+07
1.41468e+07
1.41523e+07
1.41585e+07
1.41654e+07
1.4173e+07
1.41814e+07
1.41908e+07
1.42011e+07
1.42125e+07
1.42251e+07
1.4239e+07
1.42543e+07
1.42714e+07
1.4237e+07
1.35797e+07
1.35821e+07
1.35847e+07
1.35874e+07
1.35901e+07
1.35929e+07
1.35957e+07
1.35986e+07
1.36017e+07
1.36048e+07
1.3608e+07
1.36113e+07
1.36147e+07
1.36183e+07
1.36219e+07
1.36257e+07
1.36295e+07
1.36335e+07
1.36376e+07
1.36419e+07
1.36462e+07
1.36507e+07
1.36553e+07
1.36599e+07
1.36647e+07
1.36696e+07
1.36746e+07
1.36798e+07
1.3685e+07
1.36903e+07
1.36957e+07
1.37011e+07
1.37067e+07
1.37123e+07
1.3718e+07
1.37237e+07
1.37296e+07
1.37355e+07
1.37415e+07
1.37476e+07
1.37538e+07
1.37601e+07
1.37664e+07
1.37728e+07
1.37792e+07
1.37857e+07
1.37921e+07
1.37985e+07
1.38049e+07
1.38113e+07
1.38177e+07
1.3824e+07
1.38301e+07
1.37795e+07
1.37094e+07
1.38357e+07
1.3842e+07
1.38479e+07
1.38535e+07
1.3859e+07
1.38645e+07
1.38699e+07
1.38754e+07
1.38807e+07
1.38861e+07
1.38914e+07
1.38967e+07
1.3902e+07
1.39072e+07
1.39125e+07
1.39177e+07
1.39229e+07
1.39282e+07
1.39334e+07
1.39386e+07
1.39438e+07
1.3949e+07
1.39541e+07
1.39592e+07
1.39642e+07
1.39691e+07
1.39739e+07
1.39787e+07
1.39833e+07
1.39879e+07
1.39924e+07
1.39968e+07
1.4001e+07
1.40053e+07
1.40094e+07
1.40135e+07
1.40175e+07
1.40215e+07
1.40254e+07
1.40294e+07
1.40335e+07
1.4019e+07
1.39197e+07
1.39079e+07
1.39111e+07
1.39141e+07
1.39168e+07
1.39194e+07
1.39218e+07
1.3924e+07
1.39261e+07
1.39281e+07
1.39299e+07
1.39317e+07
1.39333e+07
1.39348e+07
1.39362e+07
1.39375e+07
1.39388e+07
1.39399e+07
1.39411e+07
1.39421e+07
1.39431e+07
1.39441e+07
1.3945e+07
1.3946e+07
1.39469e+07
1.39478e+07
1.39489e+07
1.39499e+07
1.3951e+07
1.39521e+07
1.39534e+07
1.39548e+07
1.39563e+07
1.3958e+07
1.39599e+07
1.39619e+07
1.39642e+07
1.39668e+07
1.39697e+07
1.39729e+07
1.39765e+07
1.39805e+07
1.39849e+07
1.39898e+07
1.39954e+07
1.40014e+07
1.40082e+07
1.40156e+07
1.40238e+07
1.40329e+07
1.4043e+07
1.40541e+07
1.40316e+07
1.35743e+07
1.35762e+07
1.35782e+07
1.35802e+07
1.35823e+07
1.35844e+07
1.35866e+07
1.35888e+07
1.35911e+07
1.35934e+07
1.35959e+07
1.35983e+07
1.36009e+07
1.36035e+07
1.36062e+07
1.36089e+07
1.36118e+07
1.36147e+07
1.36177e+07
1.36208e+07
1.3624e+07
1.36272e+07
1.36305e+07
1.36338e+07
1.36373e+07
1.36408e+07
1.36444e+07
1.36481e+07
1.36518e+07
1.36556e+07
1.36594e+07
1.36633e+07
1.36673e+07
1.36712e+07
1.36753e+07
1.36793e+07
1.36835e+07
1.36877e+07
1.36919e+07
1.36962e+07
1.37006e+07
1.3705e+07
1.37096e+07
1.37141e+07
1.37186e+07
1.37232e+07
1.37278e+07
1.37323e+07
1.37368e+07
1.37413e+07
1.37457e+07
1.37501e+07
1.37543e+07
1.37213e+07
1.37195e+07
1.3759e+07
1.37632e+07
1.37672e+07
1.37712e+07
1.37751e+07
1.37789e+07
1.37827e+07
1.37865e+07
1.37903e+07
1.3794e+07
1.37977e+07
1.38014e+07
1.38051e+07
1.38087e+07
1.38124e+07
1.3816e+07
1.38197e+07
1.38233e+07
1.3827e+07
1.38307e+07
1.38344e+07
1.3838e+07
1.38416e+07
1.38452e+07
1.38487e+07
1.38521e+07
1.38555e+07
1.38588e+07
1.3862e+07
1.38652e+07
1.38683e+07
1.38713e+07
1.38742e+07
1.38771e+07
1.38799e+07
1.38827e+07
1.38854e+07
1.38881e+07
1.38907e+07
1.38933e+07
1.3896e+07
1.38863e+07
1.3821e+07
1.38131e+07
1.38151e+07
1.3817e+07
1.38188e+07
1.38205e+07
1.38221e+07
1.38235e+07
1.38249e+07
1.38262e+07
1.38274e+07
1.38285e+07
1.38296e+07
1.38305e+07
1.38314e+07
1.38322e+07
1.3833e+07
1.38337e+07
1.38344e+07
1.3835e+07
1.38356e+07
1.38362e+07
1.38367e+07
1.38372e+07
1.38377e+07
1.38383e+07
1.38388e+07
1.38394e+07
1.38399e+07
1.38406e+07
1.38413e+07
1.38421e+07
1.38429e+07
1.38439e+07
1.3845e+07
1.38462e+07
1.38476e+07
1.38492e+07
1.38509e+07
1.38529e+07
1.38551e+07
1.38577e+07
1.38604e+07
1.38636e+07
1.38671e+07
1.3871e+07
1.38753e+07
1.38801e+07
1.38854e+07
1.38913e+07
1.38978e+07
1.39051e+07
1.38904e+07
1.35671e+07
1.35688e+07
1.35705e+07
1.35722e+07
1.3574e+07
1.35758e+07
1.35776e+07
1.35794e+07
1.35813e+07
1.35832e+07
1.35852e+07
1.35872e+07
1.35892e+07
1.35912e+07
1.35933e+07
1.35954e+07
1.35976e+07
1.35998e+07
1.36021e+07
1.36044e+07
1.36067e+07
1.36091e+07
1.36116e+07
1.3614e+07
1.36165e+07
1.36191e+07
1.36218e+07
1.36245e+07
1.36272e+07
1.363e+07
1.36328e+07
1.36357e+07
1.36385e+07
1.36414e+07
1.36443e+07
1.36473e+07
1.36503e+07
1.36533e+07
1.36564e+07
1.36595e+07
1.36627e+07
1.36659e+07
1.36692e+07
1.36725e+07
1.36758e+07
1.36792e+07
1.36825e+07
1.36857e+07
1.3689e+07
1.36922e+07
1.36954e+07
1.36985e+07
1.37015e+07
1.36805e+07
1.36801e+07
1.37056e+07
1.37084e+07
1.37113e+07
1.37141e+07
1.37168e+07
1.37196e+07
1.37223e+07
1.3725e+07
1.37276e+07
1.37303e+07
1.37329e+07
1.37356e+07
1.37382e+07
1.37408e+07
1.37434e+07
1.3746e+07
1.37486e+07
1.37512e+07
1.37539e+07
1.37565e+07
1.37592e+07
1.37619e+07
1.37645e+07
1.37671e+07
1.37696e+07
1.3772e+07
1.37744e+07
1.37767e+07
1.3779e+07
1.37812e+07
1.37834e+07
1.37855e+07
1.37876e+07
1.37896e+07
1.37915e+07
1.37934e+07
1.37952e+07
1.3797e+07
1.37988e+07
1.38005e+07
1.38021e+07
1.37958e+07
1.37531e+07
1.37479e+07
1.37491e+07
1.37503e+07
1.37514e+07
1.37525e+07
1.37535e+07
1.37545e+07
1.37554e+07
1.37562e+07
1.3757e+07
1.37577e+07
1.37583e+07
1.37589e+07
1.37594e+07
1.37599e+07
1.37604e+07
1.37608e+07
1.37611e+07
1.37615e+07
1.37618e+07
1.3762e+07
1.37623e+07
1.37625e+07
1.37628e+07
1.3763e+07
1.37632e+07
1.37634e+07
1.37637e+07
1.3764e+07
1.37643e+07
1.37647e+07
1.37651e+07
1.37656e+07
1.37661e+07
1.37668e+07
1.37675e+07
1.37684e+07
1.37694e+07
1.37706e+07
1.37719e+07
1.37734e+07
1.37751e+07
1.37769e+07
1.37791e+07
1.37815e+07
1.37842e+07
1.37872e+07
1.37906e+07
1.37943e+07
1.37985e+07
1.38032e+07
1.37938e+07
1.3557e+07
1.35588e+07
1.35605e+07
1.35623e+07
1.3564e+07
1.35657e+07
1.35674e+07
1.35692e+07
1.3571e+07
1.35729e+07
1.35747e+07
1.35766e+07
1.35784e+07
1.35803e+07
1.35821e+07
1.35839e+07
1.35858e+07
1.35876e+07
1.35895e+07
1.35914e+07
1.35932e+07
1.35951e+07
1.3597e+07
1.35989e+07
1.36008e+07
1.36028e+07
1.36048e+07
1.36068e+07
1.36089e+07
1.36111e+07
1.36132e+07
1.36153e+07
1.36175e+07
1.36196e+07
1.36218e+07
1.3624e+07
1.36262e+07
1.36285e+07
1.36307e+07
1.36331e+07
1.36355e+07
1.36379e+07
1.36404e+07
1.36429e+07
1.36454e+07
1.36479e+07
1.36504e+07
1.36528e+07
1.36553e+07
1.36577e+07
1.366e+07
1.36623e+07
1.36645e+07
1.36517e+07
1.36519e+07
1.36681e+07
1.36701e+07
1.36721e+07
1.36741e+07
1.36762e+07
1.36782e+07
1.36801e+07
1.36821e+07
1.36841e+07
1.3686e+07
1.36879e+07
1.36898e+07
1.36917e+07
1.36936e+07
1.36955e+07
1.36974e+07
1.36994e+07
1.37013e+07
1.37033e+07
1.37053e+07
1.37073e+07
1.37093e+07
1.37113e+07
1.37132e+07
1.37151e+07
1.37169e+07
1.37186e+07
1.37203e+07
1.37219e+07
1.37235e+07
1.37251e+07
1.37266e+07
1.3728e+07
1.37294e+07
1.37308e+07
1.37321e+07
1.37334e+07
1.37346e+07
1.37357e+07
1.37368e+07
1.37378e+07
1.37337e+07
1.37062e+07
1.37027e+07
1.37034e+07
1.37041e+07
1.37048e+07
1.37055e+07
1.37062e+07
1.37068e+07
1.37073e+07
1.37078e+07
1.37083e+07
1.37087e+07
1.37091e+07
1.37095e+07
1.37098e+07
1.371e+07
1.37102e+07
1.37104e+07
1.37106e+07
1.37107e+07
1.37108e+07
1.37109e+07
1.37109e+07
1.3711e+07
1.3711e+07
1.3711e+07
1.3711e+07
1.37111e+07
1.37111e+07
1.37111e+07
1.37112e+07
1.37112e+07
1.37113e+07
1.37115e+07
1.37117e+07
1.3712e+07
1.37123e+07
1.37127e+07
1.37131e+07
1.37137e+07
1.37144e+07
1.37152e+07
1.37161e+07
1.37172e+07
1.37184e+07
1.37198e+07
1.37214e+07
1.37233e+07
1.37253e+07
1.37276e+07
1.37302e+07
1.37332e+07
1.37272e+07
1.31788e+07
1.34022e+07
1.34544e+07
1.34865e+07
1.35149e+07
1.35383e+07
1.35536e+07
1.35567e+07
1.35587e+07
1.35608e+07
1.35629e+07
1.3565e+07
1.35671e+07
1.35691e+07
1.3571e+07
1.35729e+07
1.35748e+07
1.35766e+07
1.35784e+07
1.35802e+07
1.3582e+07
1.35837e+07
1.35853e+07
1.3587e+07
1.35886e+07
1.35902e+07
1.35918e+07
1.35935e+07
1.35952e+07
1.35969e+07
1.35986e+07
1.36003e+07
1.36019e+07
1.36036e+07
1.36053e+07
1.3607e+07
1.36087e+07
1.36104e+07
1.36122e+07
1.3614e+07
1.36158e+07
1.36178e+07
1.36198e+07
1.36218e+07
1.36238e+07
1.36257e+07
1.36276e+07
1.36295e+07
1.36314e+07
1.36332e+07
1.36351e+07
1.36369e+07
1.36386e+07
1.36312e+07
1.36316e+07
1.36416e+07
1.36431e+07
1.36446e+07
1.36461e+07
1.36477e+07
1.36492e+07
1.36507e+07
1.36522e+07
1.36536e+07
1.36551e+07
1.36565e+07
1.3658e+07
1.36594e+07
1.36608e+07
1.36622e+07
1.36637e+07
1.36651e+07
1.36666e+07
1.36682e+07
1.36698e+07
1.36714e+07
1.3673e+07
1.36745e+07
1.3676e+07
1.36774e+07
1.36787e+07
1.368e+07
1.36813e+07
1.36825e+07
1.36837e+07
1.36848e+07
1.36859e+07
1.36869e+07
1.3688e+07
1.3689e+07
1.36899e+07
1.36908e+07
1.36916e+07
1.36923e+07
1.3693e+07
1.36936e+07
1.36909e+07
1.36736e+07
1.36713e+07
1.36717e+07
1.36721e+07
1.36725e+07
1.36729e+07
1.36733e+07
1.36736e+07
1.3674e+07
1.36743e+07
1.36746e+07
1.36748e+07
1.3675e+07
1.36752e+07
1.36753e+07
1.36754e+07
1.36755e+07
1.36756e+07
1.36756e+07
1.36756e+07
1.36755e+07
1.36755e+07
1.36754e+07
1.36753e+07
1.36752e+07
1.3675e+07
1.36749e+07
1.36748e+07
1.36746e+07
1.36745e+07
1.36744e+07
1.36742e+07
1.36741e+07
1.3674e+07
1.3674e+07
1.3674e+07
1.3674e+07
1.36741e+07
1.36742e+07
1.36744e+07
1.36746e+07
1.36749e+07
1.36754e+07
1.36759e+07
1.36765e+07
1.36772e+07
1.36781e+07
1.36791e+07
1.36802e+07
1.36816e+07
1.36831e+07
1.36849e+07
1.36811e+07
1.19057e+07
1.19396e+07
1.20107e+07
1.2105e+07
1.22112e+07
1.23258e+07
1.24477e+07
1.25767e+07
1.27101e+07
1.28469e+07
1.29871e+07
1.31314e+07
1.32811e+07
1.34966e+07
1.35433e+07
1.35599e+07
1.35628e+07
1.35649e+07
1.3567e+07
1.3569e+07
1.3571e+07
1.35729e+07
1.35747e+07
1.35765e+07
1.35782e+07
1.35799e+07
1.35816e+07
1.35833e+07
1.35849e+07
1.35864e+07
1.35878e+07
1.35892e+07
1.35906e+07
1.35919e+07
1.35933e+07
1.35946e+07
1.3596e+07
1.35974e+07
1.35988e+07
1.36002e+07
1.36017e+07
1.36033e+07
1.3605e+07
1.36067e+07
1.36084e+07
1.36099e+07
1.36115e+07
1.3613e+07
1.36145e+07
1.3616e+07
1.36174e+07
1.36189e+07
1.36204e+07
1.36168e+07
1.3617e+07
1.3623e+07
1.36241e+07
1.36253e+07
1.36265e+07
1.36277e+07
1.36289e+07
1.363e+07
1.36312e+07
1.36323e+07
1.36335e+07
1.36346e+07
1.36357e+07
1.36368e+07
1.36379e+07
1.3639e+07
1.36401e+07
1.36413e+07
1.36425e+07
1.36437e+07
1.36451e+07
1.36465e+07
1.36478e+07
1.3649e+07
1.36502e+07
1.36513e+07
1.36523e+07
1.36533e+07
1.36543e+07
1.36552e+07
1.36561e+07
1.36569e+07
1.36578e+07
1.36586e+07
1.36593e+07
1.36601e+07
1.36608e+07
1.36614e+07
1.3662e+07
1.36625e+07
1.36629e+07
1.36632e+07
1.36614e+07
1.3651e+07
1.36495e+07
1.36496e+07
1.36497e+07
1.36499e+07
1.36502e+07
1.36504e+07
1.36506e+07
1.36508e+07
1.3651e+07
1.36512e+07
1.36513e+07
1.36514e+07
1.36514e+07
1.36515e+07
1.36515e+07
1.36514e+07
1.36514e+07
1.36513e+07
1.36512e+07
1.3651e+07
1.36509e+07
1.36507e+07
1.36505e+07
1.36503e+07
1.36501e+07
1.36499e+07
1.36496e+07
1.36494e+07
1.36491e+07
1.36488e+07
1.36486e+07
1.36483e+07
1.36481e+07
1.36478e+07
1.36476e+07
1.36475e+07
1.36473e+07
1.36472e+07
1.36471e+07
1.3647e+07
1.3647e+07
1.36471e+07
1.36472e+07
1.36474e+07
1.36477e+07
1.3648e+07
1.36485e+07
1.36491e+07
1.36498e+07
1.36506e+07
1.36515e+07
1.36493e+07
1.16621e+07
1.16906e+07
1.17181e+07
1.17443e+07
1.17692e+07
1.17932e+07
1.18167e+07
1.18398e+07
1.18628e+07
1.18856e+07
1.1908e+07
1.19301e+07
1.19517e+07
1.19767e+07
1.20428e+07
1.21332e+07
1.22385e+07
1.23519e+07
1.24706e+07
1.25929e+07
1.27178e+07
1.28443e+07
1.29719e+07
1.31005e+07
1.32308e+07
1.33646e+07
1.3563e+07
1.35733e+07
1.35751e+07
1.35766e+07
1.35781e+07
1.35794e+07
1.35807e+07
1.3582e+07
1.35833e+07
1.35846e+07
1.35859e+07
1.35872e+07
1.35886e+07
1.35899e+07
1.35913e+07
1.35928e+07
1.35946e+07
1.35961e+07
1.35975e+07
1.35989e+07
1.36001e+07
1.36014e+07
1.36026e+07
1.36038e+07
1.3605e+07
1.36063e+07
1.36076e+07
1.36067e+07
1.36065e+07
1.36098e+07
1.36108e+07
1.36118e+07
1.36127e+07
1.36137e+07
1.36147e+07
1.36156e+07
1.36166e+07
1.36175e+07
1.36184e+07
1.36193e+07
1.36202e+07
1.36211e+07
1.3622e+07
1.36229e+07
1.36237e+07
1.36247e+07
1.36256e+07
1.36267e+07
1.3628e+07
1.36293e+07
1.36304e+07
1.36314e+07
1.36324e+07
1.36333e+07
1.36341e+07
1.36349e+07
1.36356e+07
1.36363e+07
1.3637e+07
1.36377e+07
1.36383e+07
1.36389e+07
1.36395e+07
1.36401e+07
1.36407e+07
1.36411e+07
1.36416e+07
1.36419e+07
1.36422e+07
1.36423e+07
1.36412e+07
1.36352e+07
1.36342e+07
1.36341e+07
1.36342e+07
1.36343e+07
1.36344e+07
1.36346e+07
1.36347e+07
1.36348e+07
1.36349e+07
1.3635e+07
1.3635e+07
1.3635e+07
1.3635e+07
1.36349e+07
1.36349e+07
1.36348e+07
1.36346e+07
1.36345e+07
1.36343e+07
1.36341e+07
1.36339e+07
1.36336e+07
1.36334e+07
1.36331e+07
1.36328e+07
1.36325e+07
1.36322e+07
1.36319e+07
1.36315e+07
1.36312e+07
1.36308e+07
1.36305e+07
1.36301e+07
1.36297e+07
1.36294e+07
1.36291e+07
1.36288e+07
1.36285e+07
1.36282e+07
1.3628e+07
1.36277e+07
1.36276e+07
1.36274e+07
1.36273e+07
1.36272e+07
1.36273e+07
1.36274e+07
1.36276e+07
1.36278e+07
1.36282e+07
1.36286e+07
1.36272e+07
1.1364e+07
1.14016e+07
1.14392e+07
1.14762e+07
1.15117e+07
1.15457e+07
1.15781e+07
1.16092e+07
1.16392e+07
1.16683e+07
1.16966e+07
1.17242e+07
1.1751e+07
1.1777e+07
1.18017e+07
1.18255e+07
1.18487e+07
1.1872e+07
1.18959e+07
1.19204e+07
1.19457e+07
1.19714e+07
1.19971e+07
1.20224e+07
1.2047e+07
1.20704e+07
1.20937e+07
1.21576e+07
1.22368e+07
1.23229e+07
1.24122e+07
1.25032e+07
1.25948e+07
1.26869e+07
1.278e+07
1.28745e+07
1.29703e+07
1.30675e+07
1.31663e+07
1.32673e+07
1.33715e+07
1.35073e+07
1.35849e+07
1.35865e+07
1.35878e+07
1.3589e+07
1.35902e+07
1.35914e+07
1.35926e+07
1.35938e+07
1.35949e+07
1.35961e+07
1.35972e+07
1.35966e+07
1.35972e+07
1.35989e+07
1.35998e+07
1.36007e+07
1.36017e+07
1.36026e+07
1.36035e+07
1.36044e+07
1.36053e+07
1.36062e+07
1.36071e+07
1.36079e+07
1.36088e+07
1.36096e+07
1.36104e+07
1.36112e+07
1.36121e+07
1.36129e+07
1.36137e+07
1.36148e+07
1.36163e+07
1.36176e+07
1.36186e+07
1.36194e+07
1.36202e+07
1.36209e+07
1.36215e+07
1.36222e+07
1.36228e+07
1.36233e+07
1.36239e+07
1.36244e+07
1.3625e+07
1.36255e+07
1.3626e+07
1.36264e+07
1.36269e+07
1.36273e+07
1.36276e+07
1.36279e+07
1.36281e+07
1.36282e+07
1.36275e+07
1.36244e+07
1.3623e+07
1.36226e+07
1.36226e+07
1.36227e+07
1.36228e+07
1.36229e+07
1.3623e+07
1.36231e+07
1.36232e+07
1.36232e+07
1.36232e+07
1.36232e+07
1.36232e+07
1.36231e+07
1.3623e+07
1.36228e+07
1.36227e+07
1.36225e+07
1.36223e+07
1.3622e+07
1.36218e+07
1.36215e+07
1.36212e+07
1.36209e+07
1.36205e+07
1.36202e+07
1.36198e+07
1.36194e+07
1.3619e+07
1.36185e+07
1.36181e+07
1.36177e+07
1.36172e+07
1.36168e+07
1.36164e+07
1.36159e+07
1.36155e+07
1.36151e+07
1.36147e+07
1.36144e+07
1.3614e+07
1.36137e+07
1.36134e+07
1.36131e+07
1.36129e+07
1.36127e+07
1.36127e+07
1.36126e+07
1.36127e+07
1.36127e+07
1.36128e+07
1.36118e+07
1.10458e+07
1.10903e+07
1.11352e+07
1.11807e+07
1.12264e+07
1.12711e+07
1.13142e+07
1.13557e+07
1.13957e+07
1.14345e+07
1.1472e+07
1.15083e+07
1.15434e+07
1.15774e+07
1.16097e+07
1.164e+07
1.16684e+07
1.16954e+07
1.17217e+07
1.17474e+07
1.17731e+07
1.17986e+07
1.18237e+07
1.18483e+07
1.18719e+07
1.18946e+07
1.19161e+07
1.19366e+07
1.19562e+07
1.19751e+07
1.19937e+07
1.20123e+07
1.2031e+07
1.20493e+07
1.20668e+07
1.20843e+07
1.21016e+07
1.21188e+07
1.21362e+07
1.21535e+07
1.21709e+07
1.21883e+07
1.2225e+07
1.22847e+07
1.23528e+07
1.24247e+07
1.24985e+07
1.25734e+07
1.26493e+07
1.27267e+07
1.28083e+07
1.29015e+07
1.30223e+07
1.23804e+07
1.26602e+07
1.27018e+07
1.27491e+07
1.28013e+07
1.2856e+07
1.29115e+07
1.29667e+07
1.3021e+07
1.30741e+07
1.31258e+07
1.3176e+07
1.32246e+07
1.32716e+07
1.3317e+07
1.3361e+07
1.34034e+07
1.34444e+07
1.34843e+07
1.35231e+07
1.35663e+07
1.36057e+07
1.3607e+07
1.36078e+07
1.36085e+07
1.36092e+07
1.36098e+07
1.36103e+07
1.36109e+07
1.36114e+07
1.36119e+07
1.36124e+07
1.36129e+07
1.36134e+07
1.36138e+07
1.36143e+07
1.36147e+07
1.36151e+07
1.36155e+07
1.36158e+07
1.36161e+07
1.36163e+07
1.36164e+07
1.36159e+07
1.3614e+07
1.33562e+07
1.33208e+07
1.33125e+07
1.33155e+07
1.33239e+07
1.33346e+07
1.33463e+07
1.33579e+07
1.3369e+07
1.33794e+07
1.33889e+07
1.33975e+07
1.34052e+07
1.3412e+07
1.34178e+07
1.34226e+07
1.34265e+07
1.34294e+07
1.34314e+07
1.34323e+07
1.34324e+07
1.34316e+07
1.343e+07
1.34278e+07
1.34249e+07
1.34215e+07
1.34175e+07
1.3413e+07
1.34083e+07
1.34032e+07
1.33983e+07
1.33937e+07
1.33898e+07
1.33867e+07
1.33847e+07
1.33837e+07
1.33837e+07
1.33853e+07
1.3388e+07
1.33935e+07
1.34005e+07
1.34106e+07
1.3423e+07
1.34382e+07
1.34561e+07
1.34761e+07
1.34984e+07
1.35197e+07
1.35386e+07
1.35467e+07
1.3531e+07
1.3465e+07
1.07554e+07
1.07999e+07
1.08456e+07
1.08941e+07
1.09453e+07
1.09968e+07
1.10473e+07
1.10969e+07
1.11456e+07
1.11934e+07
1.12398e+07
1.1285e+07
1.13289e+07
1.13714e+07
1.14121e+07
1.14506e+07
1.14867e+07
1.15207e+07
1.15531e+07
1.15842e+07
1.16146e+07
1.16444e+07
1.16734e+07
1.17016e+07
1.17286e+07
1.17545e+07
1.17791e+07
1.18022e+07
1.18236e+07
1.18436e+07
1.18624e+07
1.18807e+07
1.18984e+07
1.19158e+07
1.19325e+07
1.19485e+07
1.1964e+07
1.19791e+07
1.19939e+07
1.20085e+07
1.20228e+07
1.20369e+07
1.2051e+07
1.20653e+07
1.20797e+07
1.20941e+07
1.21086e+07
1.2123e+07
1.21375e+07
1.21521e+07
1.21668e+07
1.21821e+07
1.22013e+07
1.21909e+07
1.22031e+07
1.22165e+07
1.22285e+07
1.22399e+07
1.22509e+07
1.22615e+07
1.22718e+07
1.22816e+07
1.22911e+07
1.23001e+07
1.23087e+07
1.23169e+07
1.23246e+07
1.23318e+07
1.23386e+07
1.2345e+07
1.23508e+07
1.23563e+07
1.23613e+07
1.23659e+07
1.23735e+07
1.239e+07
1.24091e+07
1.24287e+07
1.24482e+07
1.24672e+07
1.24856e+07
1.25034e+07
1.25207e+07
1.25373e+07
1.25534e+07
1.2569e+07
1.2584e+07
1.25985e+07
1.26123e+07
1.26253e+07
1.2637e+07
1.26468e+07
1.26534e+07
1.26544e+07
1.26456e+07
1.26184e+07
1.25583e+07
1.23561e+07
1.23457e+07
1.23428e+07
1.23408e+07
1.23393e+07
1.2338e+07
1.23366e+07
1.23353e+07
1.23338e+07
1.23323e+07
1.23307e+07
1.23291e+07
1.23275e+07
1.23258e+07
1.23241e+07
1.23224e+07
1.23207e+07
1.23188e+07
1.23169e+07
1.23147e+07
1.23123e+07
1.23097e+07
1.23068e+07
1.23036e+07
1.23003e+07
1.22967e+07
1.22929e+07
1.22888e+07
1.22843e+07
1.22797e+07
1.22747e+07
1.22694e+07
1.2264e+07
1.22586e+07
1.22531e+07
1.22477e+07
1.22421e+07
1.22361e+07
1.22302e+07
1.22236e+07
1.22177e+07
1.2211e+07
1.2205e+07
1.21985e+07
1.21922e+07
1.21859e+07
1.21795e+07
1.21737e+07
1.21668e+07
1.21602e+07
1.21518e+07
1.21425e+07
1.21346e+07
1.38292e+07
1.36909e+07
1.37728e+07
1.37777e+07
1.37823e+07
1.37866e+07
1.37905e+07
1.37942e+07
1.37976e+07
1.38007e+07
1.38036e+07
1.38062e+07
1.38087e+07
1.38109e+07
1.38129e+07
1.38147e+07
1.38164e+07
1.38178e+07
1.38191e+07
1.38203e+07
1.38213e+07
1.38222e+07
1.3823e+07
1.38235e+07
1.38241e+07
1.38245e+07
1.38248e+07
1.3825e+07
1.38252e+07
1.38252e+07
1.38252e+07
1.3825e+07
1.38249e+07
1.38246e+07
1.38243e+07
1.38239e+07
1.38236e+07
1.38231e+07
1.38226e+07
1.3822e+07
1.38215e+07
1.38208e+07
1.38202e+07
1.38195e+07
1.38189e+07
1.38181e+07
1.38175e+07
1.38167e+07
1.3816e+07
1.38152e+07
1.38145e+07
1.38137e+07
1.3813e+07
1.38123e+07
1.38116e+07
1.38108e+07
1.38102e+07
1.38095e+07
1.38089e+07
1.38082e+07
1.38077e+07
1.38071e+07
1.38066e+07
1.38061e+07
1.38057e+07
1.38053e+07
1.3805e+07
1.38047e+07
1.38045e+07
1.38044e+07
1.38043e+07
1.38043e+07
1.38045e+07
1.38046e+07
1.38049e+07
1.38053e+07
1.38058e+07
1.38064e+07
1.38071e+07
1.38079e+07
1.3809e+07
1.38101e+07
1.38114e+07
1.38128e+07
1.38145e+07
1.38163e+07
1.38185e+07
1.38207e+07
1.38234e+07
1.38262e+07
1.38295e+07
1.3833e+07
1.3837e+07
1.38414e+07
1.38463e+07
1.38517e+07
1.38577e+07
1.38643e+07
1.38718e+07
1.37587e+07
1.38938e+07
1.37599e+07
1.38166e+07
1.38215e+07
1.3826e+07
1.38302e+07
1.38342e+07
1.38378e+07
1.38412e+07
1.38443e+07
1.38471e+07
1.38497e+07
1.3852e+07
1.38542e+07
1.38562e+07
1.3858e+07
1.38595e+07
1.38609e+07
1.38622e+07
1.38633e+07
1.38642e+07
1.38651e+07
1.38657e+07
1.38663e+07
1.38667e+07
1.38671e+07
1.38673e+07
1.38675e+07
1.38675e+07
1.38676e+07
1.38674e+07
1.38673e+07
1.3867e+07
1.38668e+07
1.38664e+07
1.3866e+07
1.38655e+07
1.3865e+07
1.38644e+07
1.38639e+07
1.38632e+07
1.38626e+07
1.38619e+07
1.38612e+07
1.38605e+07
1.38598e+07
1.3859e+07
1.38583e+07
1.38575e+07
1.38567e+07
1.38559e+07
1.38552e+07
1.38544e+07
1.38537e+07
1.38529e+07
1.38522e+07
1.38514e+07
1.38508e+07
1.38501e+07
1.38495e+07
1.38488e+07
1.38483e+07
1.38477e+07
1.38472e+07
1.38467e+07
1.38463e+07
1.38459e+07
1.38456e+07
1.38454e+07
1.38452e+07
1.38451e+07
1.38451e+07
1.38451e+07
1.38452e+07
1.38454e+07
1.38457e+07
1.38461e+07
1.38466e+07
1.38472e+07
1.3848e+07
1.38488e+07
1.38499e+07
1.3851e+07
1.38523e+07
1.38538e+07
1.38555e+07
1.38574e+07
1.38595e+07
1.38619e+07
1.38646e+07
1.38676e+07
1.3871e+07
1.38746e+07
1.38788e+07
1.38834e+07
1.38886e+07
1.38944e+07
1.39008e+07
1.3908e+07
1.38345e+07
1.38047e+07
1.37144e+07
1.37517e+07
1.3755e+07
1.37581e+07
1.37609e+07
1.37635e+07
1.37659e+07
1.37682e+07
1.37702e+07
1.37721e+07
1.37739e+07
1.37755e+07
1.37769e+07
1.37782e+07
1.37793e+07
1.37804e+07
1.37813e+07
1.37821e+07
1.37828e+07
1.37835e+07
1.37839e+07
1.37844e+07
1.37847e+07
1.3785e+07
1.37851e+07
1.37853e+07
1.37853e+07
1.37853e+07
1.37852e+07
1.37851e+07
1.37849e+07
1.37848e+07
1.37845e+07
1.37842e+07
1.37838e+07
1.37835e+07
1.37831e+07
1.37827e+07
1.37822e+07
1.37818e+07
1.37813e+07
1.37808e+07
1.37802e+07
1.37797e+07
1.37791e+07
1.37786e+07
1.3778e+07
1.37775e+07
1.37769e+07
1.37764e+07
1.37758e+07
1.37752e+07
1.37746e+07
1.37741e+07
1.37735e+07
1.3773e+07
1.37725e+07
1.3772e+07
1.37715e+07
1.3771e+07
1.37706e+07
1.37702e+07
1.37698e+07
1.37695e+07
1.37691e+07
1.37688e+07
1.37686e+07
1.37684e+07
1.37682e+07
1.37681e+07
1.37679e+07
1.37679e+07
1.37679e+07
1.3768e+07
1.37681e+07
1.37684e+07
1.37686e+07
1.3769e+07
1.37694e+07
1.37699e+07
1.37705e+07
1.37712e+07
1.3772e+07
1.37729e+07
1.37739e+07
1.37751e+07
1.37764e+07
1.3778e+07
1.37796e+07
1.37816e+07
1.37837e+07
1.37861e+07
1.37888e+07
1.37918e+07
1.37952e+07
1.3799e+07
1.38031e+07
1.38079e+07
1.37594e+07
1.37415e+07
1.36806e+07
1.37049e+07
1.37072e+07
1.37092e+07
1.37111e+07
1.37128e+07
1.37144e+07
1.37159e+07
1.37172e+07
1.37185e+07
1.37196e+07
1.37206e+07
1.37216e+07
1.37224e+07
1.37232e+07
1.37238e+07
1.37244e+07
1.37249e+07
1.37253e+07
1.37257e+07
1.3726e+07
1.37262e+07
1.37264e+07
1.37265e+07
1.37266e+07
1.37266e+07
1.37266e+07
1.37265e+07
1.37265e+07
1.37263e+07
1.37261e+07
1.37259e+07
1.37257e+07
1.37254e+07
1.37251e+07
1.37248e+07
1.37245e+07
1.37242e+07
1.37238e+07
1.37234e+07
1.37231e+07
1.37226e+07
1.37222e+07
1.37218e+07
1.37214e+07
1.3721e+07
1.37206e+07
1.37201e+07
1.37197e+07
1.37193e+07
1.37189e+07
1.37184e+07
1.3718e+07
1.37175e+07
1.37171e+07
1.37167e+07
1.37163e+07
1.37159e+07
1.37155e+07
1.37152e+07
1.37148e+07
1.37145e+07
1.37142e+07
1.37139e+07
1.37137e+07
1.37134e+07
1.37132e+07
1.3713e+07
1.37129e+07
1.37127e+07
1.37126e+07
1.37125e+07
1.37125e+07
1.37124e+07
1.37125e+07
1.37125e+07
1.37126e+07
1.37128e+07
1.3713e+07
1.37132e+07
1.37136e+07
1.37139e+07
1.37144e+07
1.37149e+07
1.37155e+07
1.37162e+07
1.3717e+07
1.37179e+07
1.37189e+07
1.37201e+07
1.37214e+07
1.37229e+07
1.37246e+07
1.37265e+07
1.37287e+07
1.37311e+07
1.37338e+07
1.37368e+07
1.37054e+07
1.36971e+07
1.36563e+07
1.36718e+07
1.36732e+07
1.36746e+07
1.36758e+07
1.36769e+07
1.36779e+07
1.36789e+07
1.36797e+07
1.36805e+07
1.36813e+07
1.36819e+07
1.36825e+07
1.3683e+07
1.36835e+07
1.36839e+07
1.36842e+07
1.36845e+07
1.36847e+07
1.36849e+07
1.36851e+07
1.36852e+07
1.36852e+07
1.36853e+07
1.36853e+07
1.36852e+07
1.36851e+07
1.3685e+07
1.36849e+07
1.36847e+07
1.36845e+07
1.36843e+07
1.36841e+07
1.36839e+07
1.36836e+07
1.36834e+07
1.36831e+07
1.36828e+07
1.36825e+07
1.36822e+07
1.36818e+07
1.36815e+07
1.36812e+07
1.36808e+07
1.36805e+07
1.36802e+07
1.36798e+07
1.36795e+07
1.36792e+07
1.36788e+07
1.36785e+07
1.36781e+07
1.36778e+07
1.36774e+07
1.36771e+07
1.36767e+07
1.36764e+07
1.36761e+07
1.36758e+07
1.36755e+07
1.36752e+07
1.3675e+07
1.36747e+07
1.36745e+07
1.36743e+07
1.36741e+07
1.36739e+07
1.36737e+07
1.36735e+07
1.36733e+07
1.36732e+07
1.36731e+07
1.3673e+07
1.36729e+07
1.36728e+07
1.36728e+07
1.36728e+07
1.36728e+07
1.36729e+07
1.3673e+07
1.36731e+07
1.36733e+07
1.36735e+07
1.36737e+07
1.3674e+07
1.36743e+07
1.36747e+07
1.36752e+07
1.36758e+07
1.36765e+07
1.36772e+07
1.36781e+07
1.36791e+07
1.36803e+07
1.36816e+07
1.36831e+07
1.36848e+07
1.36867e+07
1.36668e+07
1.36658e+07
1.36386e+07
1.36481e+07
1.36491e+07
1.36499e+07
1.36507e+07
1.36514e+07
1.3652e+07
1.36526e+07
1.36531e+07
1.36536e+07
1.3654e+07
1.36544e+07
1.36548e+07
1.36551e+07
1.36554e+07
1.36556e+07
1.36557e+07
1.36559e+07
1.3656e+07
1.3656e+07
1.36561e+07
1.36561e+07
1.36561e+07
1.3656e+07
1.3656e+07
1.36559e+07
1.36557e+07
1.36556e+07
1.36554e+07
1.36552e+07
1.3655e+07
1.36548e+07
1.36546e+07
1.36544e+07
1.36541e+07
1.36539e+07
1.36537e+07
1.36534e+07
1.36531e+07
1.36529e+07
1.36526e+07
1.36523e+07
1.3652e+07
1.36517e+07
1.36514e+07
1.36511e+07
1.36509e+07
1.36506e+07
1.36503e+07
1.365e+07
1.36498e+07
1.36494e+07
1.36492e+07
1.36488e+07
1.36485e+07
1.36482e+07
1.3648e+07
1.36477e+07
1.36474e+07
1.36472e+07
1.3647e+07
1.36467e+07
1.36466e+07
1.36464e+07
1.36462e+07
1.3646e+07
1.36458e+07
1.36456e+07
1.36454e+07
1.36452e+07
1.36451e+07
1.36449e+07
1.36448e+07
1.36447e+07
1.36445e+07
1.36444e+07
1.36443e+07
1.36443e+07
1.36442e+07
1.36442e+07
1.36442e+07
1.36442e+07
1.36442e+07
1.36443e+07
1.36444e+07
1.36445e+07
1.36446e+07
1.36448e+07
1.36451e+07
1.36454e+07
1.36458e+07
1.36462e+07
1.36468e+07
1.36474e+07
1.36482e+07
1.3649e+07
1.365e+07
1.36512e+07
1.36391e+07
1.36435e+07
1.36258e+07
1.36312e+07
1.36318e+07
1.36323e+07
1.36327e+07
1.36332e+07
1.36335e+07
1.36339e+07
1.36342e+07
1.36345e+07
1.36347e+07
1.36349e+07
1.36351e+07
1.36352e+07
1.36354e+07
1.36355e+07
1.36355e+07
1.36355e+07
1.36355e+07
1.36355e+07
1.36355e+07
1.36354e+07
1.36353e+07
1.36352e+07
1.36351e+07
1.3635e+07
1.36348e+07
1.36347e+07
1.36345e+07
1.36343e+07
1.3634e+07
1.36338e+07
1.36336e+07
1.36334e+07
1.36331e+07
1.36329e+07
1.36327e+07
1.36325e+07
1.36323e+07
1.3632e+07
1.36317e+07
1.36315e+07
1.36312e+07
1.36309e+07
1.36307e+07
1.36304e+07
1.36302e+07
1.363e+07
1.36298e+07
1.36295e+07
1.36293e+07
1.3629e+07
1.36287e+07
1.36284e+07
1.36282e+07
1.36279e+07
1.36276e+07
1.36274e+07
1.36271e+07
1.36269e+07
1.36267e+07
1.36266e+07
1.36264e+07
1.36262e+07
1.36261e+07
1.36259e+07
1.36257e+07
1.36255e+07
1.36253e+07
1.36251e+07
1.36249e+07
1.36248e+07
1.36246e+07
1.36244e+07
1.36243e+07
1.36241e+07
1.3624e+07
1.36238e+07
1.36237e+07
1.36236e+07
1.36235e+07
1.36234e+07
1.36233e+07
1.36233e+07
1.36232e+07
1.36232e+07
1.36231e+07
1.36231e+07
1.36231e+07
1.36232e+07
1.36233e+07
1.36235e+07
1.36237e+07
1.3624e+07
1.36244e+07
1.36249e+07
1.36254e+07
1.36261e+07
1.36192e+07
1.36275e+07
1.36165e+07
1.36192e+07
1.36195e+07
1.36197e+07
1.362e+07
1.36202e+07
1.36204e+07
1.36206e+07
1.36207e+07
1.36209e+07
1.3621e+07
1.3621e+07
1.36211e+07
1.36212e+07
1.36212e+07
1.36212e+07
1.36212e+07
1.36211e+07
1.36211e+07
1.3621e+07
1.36209e+07
1.36208e+07
1.36206e+07
1.36205e+07
1.36204e+07
1.36202e+07
1.362e+07
1.36198e+07
1.36196e+07
1.36194e+07
1.36192e+07
1.36189e+07
1.36187e+07
1.36185e+07
1.36183e+07
1.36181e+07
1.36179e+07
1.36177e+07
1.36174e+07
1.36172e+07
1.36169e+07
1.36167e+07
1.36164e+07
1.36162e+07
1.36159e+07
1.36157e+07
1.36156e+07
1.36154e+07
1.36152e+07
1.36149e+07
1.36147e+07
1.36144e+07
1.36142e+07
1.36139e+07
1.36137e+07
1.36134e+07
1.36132e+07
1.36129e+07
1.36127e+07
1.36125e+07
1.36123e+07
1.36122e+07
1.36121e+07
1.36119e+07
1.36117e+07
1.36115e+07
1.36114e+07
1.36112e+07
1.3611e+07
1.36108e+07
1.36106e+07
1.36104e+07
1.36102e+07
1.361e+07
1.36098e+07
1.36097e+07
1.36095e+07
1.36093e+07
1.36091e+07
1.36089e+07
1.36087e+07
1.36086e+07
1.36085e+07
1.36083e+07
1.36081e+07
1.36079e+07
1.36078e+07
1.36076e+07
1.36075e+07
1.36074e+07
1.36074e+07
1.36073e+07
1.36074e+07
1.36074e+07
1.36075e+07
1.36077e+07
1.36079e+07
1.36082e+07
1.36048e+07
1.3616e+07
1.36085e+07
1.36093e+07
1.36094e+07
1.36095e+07
1.36097e+07
1.36098e+07
1.36099e+07
1.361e+07
1.36101e+07
1.36101e+07
1.36102e+07
1.36102e+07
1.36102e+07
1.36102e+07
1.36101e+07
1.36101e+07
1.361e+07
1.36099e+07
1.36097e+07
1.36096e+07
1.36094e+07
1.36093e+07
1.36091e+07
1.36089e+07
1.36088e+07
1.36086e+07
1.36084e+07
1.36081e+07
1.36079e+07
1.36076e+07
1.36074e+07
1.36071e+07
1.36068e+07
1.36066e+07
1.36063e+07
1.36061e+07
1.36059e+07
1.36057e+07
1.36054e+07
1.36052e+07
1.36049e+07
1.36046e+07
1.36043e+07
1.36041e+07
1.36038e+07
1.36036e+07
1.36035e+07
1.36033e+07
1.3603e+07
1.36028e+07
1.36026e+07
1.36023e+07
1.3602e+07
1.36018e+07
1.36015e+07
1.36013e+07
1.3601e+07
1.36007e+07
1.36005e+07
1.36003e+07
1.36001e+07
1.36e+07
1.35999e+07
1.35997e+07
1.35995e+07
1.35993e+07
1.35991e+07
1.35989e+07
1.35987e+07
1.35985e+07
1.35983e+07
1.35981e+07
1.35979e+07
1.35977e+07
1.35975e+07
1.35973e+07
1.35971e+07
1.35969e+07
1.35967e+07
1.35965e+07
1.35963e+07
1.35962e+07
1.3596e+07
1.35958e+07
1.35956e+07
1.35954e+07
1.35952e+07
1.3595e+07
1.35949e+07
1.35947e+07
1.35946e+07
1.35945e+07
1.35945e+07
1.35944e+07
1.35944e+07
1.35945e+07
1.35946e+07
1.35948e+07
1.35936e+07
1.36058e+07
1.29538e+07
1.298e+07
1.2997e+07
1.30153e+07
1.30327e+07
1.30481e+07
1.3062e+07
1.30736e+07
1.30838e+07
1.30917e+07
1.30979e+07
1.31024e+07
1.3105e+07
1.31063e+07
1.31059e+07
1.31042e+07
1.31012e+07
1.3097e+07
1.30919e+07
1.30859e+07
1.30792e+07
1.30718e+07
1.30639e+07
1.30553e+07
1.30465e+07
1.30367e+07
1.30273e+07
1.30163e+07
1.30061e+07
1.29944e+07
1.29831e+07
1.29712e+07
1.29591e+07
1.29475e+07
1.29348e+07
1.29235e+07
1.29105e+07
1.28988e+07
1.28856e+07
1.2873e+07
1.28596e+07
1.28461e+07
1.28328e+07
1.28192e+07
1.28066e+07
1.27939e+07
1.27826e+07
1.27714e+07
1.27609e+07
1.27505e+07
1.27395e+07
1.2729e+07
1.2718e+07
1.2707e+07
1.26969e+07
1.26856e+07
1.26753e+07
1.26645e+07
1.26544e+07
1.26443e+07
1.26351e+07
1.26263e+07
1.26186e+07
1.26116e+07
1.26058e+07
1.25999e+07
1.25948e+07
1.25892e+07
1.25849e+07
1.25808e+07
1.25773e+07
1.25759e+07
1.25753e+07
1.25763e+07
1.25787e+07
1.2582e+07
1.25868e+07
1.25927e+07
1.26006e+07
1.26096e+07
1.26207e+07
1.26332e+07
1.26484e+07
1.26642e+07
1.26818e+07
1.26997e+07
1.27198e+07
1.27412e+07
1.27658e+07
1.27933e+07
1.28244e+07
1.28598e+07
1.28985e+07
1.29352e+07
1.29763e+07
1.30127e+07
1.30594e+07
1.30965e+07
1.3137e+07
1.26713e+07
1.22051e+07
1.22071e+07
1.22013e+07
1.2196e+07
1.21911e+07
1.21861e+07
1.21815e+07
1.21767e+07
1.21724e+07
1.21677e+07
1.21632e+07
1.21587e+07
1.2154e+07
1.21494e+07
1.21447e+07
1.214e+07
1.21352e+07
1.21305e+07
1.21258e+07
1.21213e+07
1.21168e+07
1.21126e+07
1.21086e+07
1.21045e+07
1.21009e+07
1.20969e+07
1.20936e+07
1.20895e+07
1.20864e+07
1.20824e+07
1.2079e+07
1.20754e+07
1.20718e+07
1.20689e+07
1.20653e+07
1.20629e+07
1.20593e+07
1.20569e+07
1.20532e+07
1.20503e+07
1.20468e+07
1.20432e+07
1.20398e+07
1.20361e+07
1.20333e+07
1.20302e+07
1.2028e+07
1.2026e+07
1.20244e+07
1.20228e+07
1.20205e+07
1.20186e+07
1.20163e+07
1.20138e+07
1.20122e+07
1.20093e+07
1.20072e+07
1.20045e+07
1.20021e+07
1.19994e+07
1.19971e+07
1.19946e+07
1.19927e+07
1.1991e+07
1.19899e+07
1.19884e+07
1.19872e+07
1.1985e+07
1.19837e+07
1.19819e+07
1.19801e+07
1.19794e+07
1.19785e+07
1.19781e+07
1.1978e+07
1.19778e+07
1.19779e+07
1.19777e+07
1.19782e+07
1.19784e+07
1.19792e+07
1.19799e+07
1.19817e+07
1.19827e+07
1.19839e+07
1.1984e+07
1.19845e+07
1.19842e+07
1.19845e+07
1.1985e+07
1.1986e+07
1.19884e+07
1.19912e+07
1.19902e+07
1.19913e+07
1.19867e+07
1.19901e+07
1.19849e+07
1.19865e+07
1.20921e+07
1.20696e+07
1.20688e+07
1.20628e+07
1.20567e+07
1.20508e+07
1.20449e+07
1.20394e+07
1.20339e+07
1.20289e+07
1.20237e+07
1.20188e+07
1.20139e+07
1.20089e+07
1.20041e+07
1.19992e+07
1.19944e+07
1.19896e+07
1.19849e+07
1.19803e+07
1.19759e+07
1.19717e+07
1.19677e+07
1.19639e+07
1.19602e+07
1.19568e+07
1.19532e+07
1.19503e+07
1.19466e+07
1.1944e+07
1.19405e+07
1.19376e+07
1.19344e+07
1.19314e+07
1.19289e+07
1.19258e+07
1.19238e+07
1.19206e+07
1.19185e+07
1.19152e+07
1.19127e+07
1.19095e+07
1.19063e+07
1.19033e+07
1.19e+07
1.18974e+07
1.18947e+07
1.18928e+07
1.18911e+07
1.18899e+07
1.18888e+07
1.18869e+07
1.18853e+07
1.18835e+07
1.18813e+07
1.18801e+07
1.18777e+07
1.1876e+07
1.18736e+07
1.18715e+07
1.18689e+07
1.18668e+07
1.18644e+07
1.18625e+07
1.18609e+07
1.186e+07
1.18585e+07
1.18575e+07
1.18554e+07
1.18542e+07
1.18526e+07
1.18509e+07
1.18504e+07
1.18495e+07
1.18493e+07
1.18492e+07
1.18489e+07
1.18489e+07
1.18486e+07
1.18488e+07
1.18487e+07
1.18491e+07
1.18494e+07
1.18509e+07
1.18515e+07
1.18522e+07
1.18518e+07
1.18518e+07
1.1851e+07
1.18507e+07
1.18504e+07
1.18503e+07
1.18516e+07
1.18533e+07
1.18512e+07
1.1851e+07
1.18453e+07
1.18477e+07
1.18414e+07
1.18422e+07
1.13193e+07
1.12421e+07
1.11524e+07
1.11808e+07
1.11527e+07
1.11824e+07
1.11858e+07
1.12053e+07
1.12213e+07
1.12399e+07
1.12589e+07
1.12775e+07
1.12965e+07
1.13171e+07
1.13362e+07
1.13559e+07
1.13754e+07
1.13933e+07
1.14105e+07
1.14251e+07
1.14397e+07
1.14545e+07
1.147e+07
1.14855e+07
1.15013e+07
1.15176e+07
1.15331e+07
1.15477e+07
1.1561e+07
1.1573e+07
1.15835e+07
1.15935e+07
1.16026e+07
1.16107e+07
1.16181e+07
1.16248e+07
1.16312e+07
1.16375e+07
1.1644e+07
1.16501e+07
1.1657e+07
1.16633e+07
1.16691e+07
1.16743e+07
1.16785e+07
1.16821e+07
1.1685e+07
1.16871e+07
1.16886e+07
1.16875e+07
1.12025e+07
1.11302e+07
1.10417e+07
1.10609e+07
1.10287e+07
1.10545e+07
1.10575e+07
1.1077e+07
1.10939e+07
1.11133e+07
1.11333e+07
1.11526e+07
1.11726e+07
1.11942e+07
1.12144e+07
1.12351e+07
1.12557e+07
1.12745e+07
1.12924e+07
1.13077e+07
1.13229e+07
1.13382e+07
1.13544e+07
1.13705e+07
1.1387e+07
1.14042e+07
1.14204e+07
1.14357e+07
1.14496e+07
1.1462e+07
1.14728e+07
1.1483e+07
1.14924e+07
1.15008e+07
1.15084e+07
1.15152e+07
1.15218e+07
1.15282e+07
1.15347e+07
1.15409e+07
1.15479e+07
1.15542e+07
1.15602e+07
1.15656e+07
1.15698e+07
1.15735e+07
1.15763e+07
1.15783e+07
1.15794e+07
1.15782e+07
1.10824e+07
1.10197e+07
1.09367e+07
1.09482e+07
1.09134e+07
1.09332e+07
1.09348e+07
1.0953e+07
1.09698e+07
1.09891e+07
1.10091e+07
1.10285e+07
1.10488e+07
1.1071e+07
1.10918e+07
1.11132e+07
1.11345e+07
1.11541e+07
1.11727e+07
1.11886e+07
1.12043e+07
1.12203e+07
1.12371e+07
1.12539e+07
1.12712e+07
1.12894e+07
1.13065e+07
1.13227e+07
1.13373e+07
1.13501e+07
1.13611e+07
1.13717e+07
1.13814e+07
1.13903e+07
1.13982e+07
1.14053e+07
1.14121e+07
1.14185e+07
1.14251e+07
1.14313e+07
1.14384e+07
1.14449e+07
1.1451e+07
1.14565e+07
1.14609e+07
1.14646e+07
1.14674e+07
1.14692e+07
1.147e+07
1.14686e+07
1.09595e+07
1.09112e+07
1.0838e+07
1.08455e+07
1.0811e+07
1.08244e+07
1.08244e+07
1.08399e+07
1.08554e+07
1.08734e+07
1.0892e+07
1.09103e+07
1.09301e+07
1.09516e+07
1.0972e+07
1.0993e+07
1.10143e+07
1.10341e+07
1.10528e+07
1.10689e+07
1.1085e+07
1.11012e+07
1.11184e+07
1.11357e+07
1.11537e+07
1.11728e+07
1.11907e+07
1.12077e+07
1.12231e+07
1.12363e+07
1.12476e+07
1.12585e+07
1.12687e+07
1.1278e+07
1.12864e+07
1.12937e+07
1.13008e+07
1.13074e+07
1.1314e+07
1.13203e+07
1.13275e+07
1.13341e+07
1.13405e+07
1.13462e+07
1.13506e+07
1.13544e+07
1.13572e+07
1.13589e+07
1.13594e+07
1.13578e+07
1.08368e+07
1.08063e+07
1.07466e+07
1.07535e+07
1.07228e+07
1.07311e+07
1.07302e+07
1.07425e+07
1.07559e+07
1.07718e+07
1.07882e+07
1.08044e+07
1.08224e+07
1.08419e+07
1.08609e+07
1.08804e+07
1.09005e+07
1.09195e+07
1.09374e+07
1.09529e+07
1.09686e+07
1.09844e+07
1.10014e+07
1.10187e+07
1.10368e+07
1.10563e+07
1.10745e+07
1.10918e+07
1.11078e+07
1.11212e+07
1.11327e+07
1.11438e+07
1.11544e+07
1.1164e+07
1.11728e+07
1.11804e+07
1.11877e+07
1.11944e+07
1.12012e+07
1.12076e+07
1.12148e+07
1.12215e+07
1.1228e+07
1.12339e+07
1.12385e+07
1.12423e+07
1.12451e+07
1.12466e+07
1.12469e+07
1.1245e+07
1.07229e+07
1.07086e+07
1.06671e+07
1.06741e+07
1.06503e+07
1.06554e+07
1.06544e+07
1.06639e+07
1.06752e+07
1.06886e+07
1.07021e+07
1.07154e+07
1.07303e+07
1.07468e+07
1.07636e+07
1.07807e+07
1.07988e+07
1.08158e+07
1.08318e+07
1.08461e+07
1.08607e+07
1.08754e+07
1.08913e+07
1.09077e+07
1.0925e+07
1.09439e+07
1.09615e+07
1.09785e+07
1.09943e+07
1.10076e+07
1.10189e+07
1.10299e+07
1.10405e+07
1.10502e+07
1.10591e+07
1.10668e+07
1.10742e+07
1.1081e+07
1.10876e+07
1.1094e+07
1.11012e+07
1.11078e+07
1.11144e+07
1.11203e+07
1.1125e+07
1.11288e+07
1.11315e+07
1.11329e+07
1.11329e+07
1.11307e+07
1.06332e+07
1.06271e+07
1.06014e+07
1.06076e+07
1.05897e+07
1.05932e+07
1.05925e+07
1.06005e+07
1.06106e+07
1.06221e+07
1.06334e+07
1.0644e+07
1.06564e+07
1.06699e+07
1.06841e+07
1.06983e+07
1.07135e+07
1.07274e+07
1.07406e+07
1.07531e+07
1.07661e+07
1.07792e+07
1.07934e+07
1.0808e+07
1.08236e+07
1.08409e+07
1.08571e+07
1.08728e+07
1.08876e+07
1.09001e+07
1.09108e+07
1.09211e+07
1.09312e+07
1.09406e+07
1.09492e+07
1.09566e+07
1.09638e+07
1.09703e+07
1.09767e+07
1.09829e+07
1.09897e+07
1.09961e+07
1.10024e+07
1.10082e+07
1.10127e+07
1.10164e+07
1.1019e+07
1.10202e+07
1.10198e+07
1.10172e+07
1.05694e+07
1.05627e+07
1.05407e+07
1.05458e+07
1.05298e+07
1.05324e+07
1.0532e+07
1.05398e+07
1.05502e+07
1.0562e+07
1.05732e+07
1.05836e+07
1.05957e+07
1.06081e+07
1.06203e+07
1.06323e+07
1.0645e+07
1.06564e+07
1.06669e+07
1.06774e+07
1.06885e+07
1.06995e+07
1.07113e+07
1.07235e+07
1.07363e+07
1.07514e+07
1.07656e+07
1.07795e+07
1.07927e+07
1.08039e+07
1.08133e+07
1.08225e+07
1.08316e+07
1.08402e+07
1.0848e+07
1.08548e+07
1.08614e+07
1.08674e+07
1.08733e+07
1.0879e+07
1.08852e+07
1.08911e+07
1.08969e+07
1.09021e+07
1.09064e+07
1.09097e+07
1.0912e+07
1.09128e+07
1.09121e+07
1.09091e+07
1.0511e+07
1.05006e+07
1.04745e+07
1.04788e+07
1.04628e+07
1.0465e+07
1.04654e+07
1.04735e+07
1.04849e+07
1.0498e+07
1.05107e+07
1.05223e+07
1.0536e+07
1.05494e+07
1.05618e+07
1.05737e+07
1.05864e+07
1.05975e+07
1.06074e+07
1.06164e+07
1.06258e+07
1.06352e+07
1.06451e+07
1.06552e+07
1.06656e+07
1.06784e+07
1.06905e+07
1.0702e+07
1.0713e+07
1.07224e+07
1.07302e+07
1.07377e+07
1.07453e+07
1.07528e+07
1.07597e+07
1.07655e+07
1.07714e+07
1.07767e+07
1.07819e+07
1.07869e+07
1.07923e+07
1.07974e+07
1.08024e+07
1.08069e+07
1.08106e+07
1.08135e+07
1.08153e+07
1.08157e+07
1.08146e+07
1.08112e+07
1.04444e+07
1.04294e+07
1.03981e+07
1.04011e+07
1.03856e+07
1.0388e+07
1.03902e+07
1.03995e+07
1.04121e+07
1.04265e+07
1.04405e+07
1.04537e+07
1.04694e+07
1.04847e+07
1.04989e+07
1.05124e+07
1.05269e+07
1.05393e+07
1.05501e+07
1.0559e+07
1.05683e+07
1.05776e+07
1.05874e+07
1.05973e+07
1.06074e+07
1.06192e+07
1.06297e+07
1.06395e+07
1.06488e+07
1.06566e+07
1.0663e+07
1.0669e+07
1.06751e+07
1.06814e+07
1.06871e+07
1.06919e+07
1.06968e+07
1.07013e+07
1.07056e+07
1.07098e+07
1.07142e+07
1.07183e+07
1.07223e+07
1.07259e+07
1.07287e+07
1.07309e+07
1.07321e+07
1.07322e+07
1.07307e+07
1.07272e+07
1.03666e+07
1.03449e+07
1.03067e+07
1.03078e+07
1.02936e+07
1.0297e+07
1.03024e+07
1.03145e+07
1.03299e+07
1.03463e+07
1.03615e+07
1.03758e+07
1.03939e+07
1.04115e+07
1.0428e+07
1.04438e+07
1.04605e+07
1.04747e+07
1.0487e+07
1.04968e+07
1.0507e+07
1.05173e+07
1.05283e+07
1.05393e+07
1.05508e+07
1.05634e+07
1.0574e+07
1.0584e+07
1.05931e+07
1.06008e+07
1.06069e+07
1.06125e+07
1.0618e+07
1.06234e+07
1.06282e+07
1.06321e+07
1.06363e+07
1.064e+07
1.06437e+07
1.06472e+07
1.06509e+07
1.06541e+07
1.06573e+07
1.066e+07
1.06621e+07
1.06637e+07
1.06644e+07
1.06641e+07
1.06624e+07
1.06589e+07
1.02727e+07
1.02386e+07
1.01906e+07
1.01897e+07
1.01785e+07
1.01845e+07
1.01953e+07
1.02128e+07
1.02334e+07
1.02543e+07
1.02717e+07
1.02878e+07
1.03079e+07
1.03279e+07
1.03471e+07
1.03656e+07
1.03851e+07
1.04016e+07
1.04159e+07
1.04269e+07
1.04381e+07
1.04498e+07
1.04624e+07
1.04751e+07
1.04884e+07
1.0503e+07
1.05151e+07
1.05264e+07
1.05367e+07
1.05453e+07
1.0552e+07
1.0558e+07
1.05635e+07
1.05688e+07
1.05735e+07
1.05772e+07
1.05813e+07
1.0585e+07
1.05886e+07
1.05922e+07
1.05958e+07
1.05989e+07
1.06018e+07
1.06043e+07
1.06062e+07
1.06075e+07
1.06081e+07
1.06076e+07
1.06057e+07
1.06021e+07
1.01514e+07
1.00899e+07
1.0028e+07
1.00273e+07
1.00219e+07
1.00341e+07
1.00551e+07
1.00835e+07
1.01138e+07
1.01438e+07
1.01663e+07
1.01867e+07
1.02098e+07
1.02322e+07
1.02542e+07
1.02759e+07
1.02986e+07
1.03179e+07
1.03346e+07
1.03471e+07
1.03597e+07
1.03729e+07
1.03875e+07
1.04025e+07
1.04182e+07
1.04352e+07
1.04494e+07
1.04627e+07
1.04744e+07
1.04842e+07
1.04918e+07
1.04985e+07
1.05045e+07
1.05101e+07
1.05151e+07
1.05192e+07
1.05237e+07
1.05277e+07
1.05318e+07
1.05358e+07
1.05399e+07
1.05434e+07
1.05465e+07
1.05491e+07
1.05511e+07
1.05524e+07
1.0553e+07
1.05525e+07
1.05505e+07
1.05466e+07
9.97055e+06
9.84452e+06
9.74994e+06
9.75968e+06
9.76908e+06
9.80018e+06
9.84472e+06
9.89847e+06
9.94983e+06
1.00017e+07
1.00337e+07
1.00637e+07
1.00946e+07
1.01211e+07
1.01468e+07
1.01728e+07
1.0199e+07
1.02212e+07
1.0241e+07
1.02556e+07
1.02696e+07
1.02847e+07
1.03017e+07
1.03197e+07
1.03382e+07
1.03583e+07
1.03751e+07
1.03909e+07
1.04045e+07
1.04157e+07
1.04245e+07
1.04321e+07
1.04386e+07
1.04448e+07
1.04503e+07
1.04547e+07
1.04596e+07
1.04642e+07
1.04688e+07
1.04735e+07
1.04782e+07
1.04823e+07
1.04858e+07
1.04886e+07
1.04907e+07
1.04922e+07
1.04928e+07
1.04922e+07
1.049e+07
1.04858e+07
9.59818e+06
9.25131e+06
8.92086e+06
9.01257e+06
9.11797e+06
9.27858e+06
9.43502e+06
9.56563e+06
9.6804e+06
9.78891e+06
9.84949e+06
9.89689e+06
9.94862e+06
9.9857e+06
1.00176e+07
1.00516e+07
1.00837e+07
1.01087e+07
1.01327e+07
1.01501e+07
1.0166e+07
1.01828e+07
1.02028e+07
1.02244e+07
1.02465e+07
1.02703e+07
1.02905e+07
1.03093e+07
1.03252e+07
1.03382e+07
1.03484e+07
1.03572e+07
1.03646e+07
1.03714e+07
1.03775e+07
1.03822e+07
1.03877e+07
1.03927e+07
1.03979e+07
1.04034e+07
1.0409e+07
1.04138e+07
1.04179e+07
1.04211e+07
1.04234e+07
1.04249e+07
1.04255e+07
1.04249e+07
1.04226e+07
1.04183e+07
5.66716e+06
1.28523e+06
573039
650056
764680
1.15068e+06
2.23739e+06
5.43969e+06
8.50269e+06
9.26801e+06
9.53112e+06
9.62326e+06
9.72222e+06
9.80365e+06
9.84609e+06
9.89633e+06
9.94517e+06
9.97355e+06
1.00037e+07
1.00275e+07
1.00466e+07
1.00649e+07
1.00883e+07
1.01147e+07
1.01412e+07
1.01693e+07
1.01935e+07
1.0216e+07
1.02349e+07
1.02499e+07
1.02619e+07
1.02723e+07
1.02807e+07
1.02884e+07
1.02952e+07
1.03004e+07
1.03064e+07
1.03119e+07
1.03178e+07
1.03241e+07
1.03306e+07
1.03365e+07
1.03413e+07
1.0345e+07
1.03477e+07
1.03494e+07
1.035e+07
1.03495e+07
1.03473e+07
1.03429e+07
438121
390954
422393
441045
461617
465855
460374
438757
447847
908885
3.64973e+06
7.48017e+06
9.00609e+06
9.44354e+06
9.56194e+06
9.65648e+06
9.75407e+06
9.7955e+06
9.83417e+06
9.87516e+06
9.90476e+06
9.92462e+06
9.9517e+06
9.98511e+06
1.00184e+07
1.0053e+07
1.00814e+07
1.01088e+07
1.01318e+07
1.01493e+07
1.0163e+07
1.01753e+07
1.01852e+07
1.01941e+07
1.02019e+07
1.02078e+07
1.02144e+07
1.02205e+07
1.02271e+07
1.02342e+07
1.02417e+07
1.02487e+07
1.02546e+07
1.02591e+07
1.02622e+07
1.02642e+07
1.02651e+07
1.02648e+07
1.02629e+07
1.02591e+07
420844
383500
407521
419668
432985
440515
453601
459176
468332
475236
450419
439098
569204
1.94844e+06
4.82277e+06
8.47003e+06
9.25845e+06
9.46509e+06
9.55222e+06
9.64186e+06
9.70872e+06
9.7397e+06
9.7712e+06
9.81779e+06
9.86496e+06
9.91507e+06
9.94816e+06
9.98198e+06
1.00123e+07
1.00341e+07
1.00492e+07
1.00636e+07
1.0076e+07
1.0087e+07
1.00964e+07
1.01034e+07
1.01108e+07
1.01176e+07
1.01248e+07
1.01327e+07
1.01411e+07
1.01492e+07
1.01563e+07
1.01618e+07
1.01657e+07
1.01683e+07
1.01697e+07
1.01699e+07
1.01687e+07
1.01658e+07
484593
479763
490765
496037
500587
501980
496114
487277
475273
464621
467518
467155
480495
466790
439328
452596
911373
2.46252e+06
5.02616e+06
8.35842e+06
9.06089e+06
9.27558e+06
9.41156e+06
9.53435e+06
9.6365e+06
9.7258e+06
9.77456e+06
9.81772e+06
9.86393e+06
9.89732e+06
9.91312e+06
9.92929e+06
9.94597e+06
9.96175e+06
9.97514e+06
9.98426e+06
9.99278e+06
1.00003e+07
1.00082e+07
1.0017e+07
1.00262e+07
1.00354e+07
1.00438e+07
1.00505e+07
1.00556e+07
1.00591e+07
1.00611e+07
1.00619e+07
1.00616e+07
1.00598e+07
519745
523546
525291
526102
526769
526968
525227
519517
508651
496314
496679
494696
471468
472358
472081
474662
478923
462291
433890
449594
638651
1.07933e+06
1.98927e+06
4.48885e+06
8.3805e+06
9.20734e+06
9.44372e+06
9.55383e+06
9.63768e+06
9.71141e+06
9.73289e+06
9.74809e+06
9.7682e+06
9.79416e+06
9.82057e+06
9.83767e+06
9.84941e+06
9.85877e+06
9.86819e+06
9.87833e+06
9.88871e+06
9.8989e+06
9.90825e+06
9.91618e+06
9.92243e+06
9.92674e+06
9.92939e+06
9.93067e+06
9.93086e+06
9.93014e+06
531557
531762
532144
532295
532388
532411
531995
530657
527873
524188
523046
518990
500677
501190
497270
486188
474299
474383
473369
473811
484805
482883
473159
443304
453695
833962
2.29725e+06
5.31474e+06
8.61156e+06
9.1894e+06
9.3191e+06
9.3893e+06
9.44201e+06
9.48921e+06
9.5453e+06
9.61146e+06
9.63921e+06
9.65617e+06
9.6711e+06
9.68644e+06
9.70116e+06
9.71447e+06
9.72529e+06
9.73325e+06
9.73923e+06
9.74298e+06
9.74516e+06
9.74597e+06
9.74603e+06
9.74582e+06
534166
533747
533818
533823
533762
533744
533621
533279
532452
531596
531440
530720
525276
524707
521766
512534
501374
501744
498284
489536
476080
476099
477826
477564
478244
485502
469193
438432
466492
832273
1.37455e+06
2.06562e+06
3.10536e+06
4.63212e+06
6.69539e+06
8.32191e+06
8.73814e+06
8.91676e+06
9.03768e+06
9.13653e+06
9.21681e+06
9.2797e+06
9.32638e+06
9.35792e+06
9.37811e+06
9.38909e+06
9.39445e+06
9.3964e+06
9.39681e+06
9.39669e+06
535161
534179
534224
534204
534098
534076
534027
533958
533675
533401
533387
533076
531743
531738
531071
528733
524983
524781
522347
515202
506862
507239
502929
497320
490190
480264
480355
478340
483599
489881
486833
480007
465141
440941
416207
447242
492074
565805
665302
805626
1.00017e+06
1.25279e+06
1.55107e+06
1.85932e+06
2.13453e+06
2.33944e+06
2.46896e+06
2.53823e+06
2.57958e+06
2.61106e+06
535719
534263
534306
534306
534182
534163
534131
534131
533976
533865
533919
533842
533415
533416
533244
532504
531646
531685
531117
529531
526734
526726
525292
521330
512586
499920
499887
496695
484004
482160
481465
481808
481116
478634
472291
477060
491370
499033
503800
504958
503933
500399
495052
489371
484023
480280
477894
476727
476277
476171
536147
534259
534297
534337
534201
534189
534159
534179
534058
533987
534053
534018
533849
533864
533885
533644
533357
533377
533255
532623
531996
532056
531696
530694
528510
523909
523309
519751
507863
503640
504626
502985
500423
498632
496115
486605
482030
484349
486017
487432
488084
488492
488223
487227
485880
484196
482490
481099
480050
479299
536573
534235
534275
534347
534202
534198
534166
534194
534081
534021
534089
534068
533965
533990
534042
533931
533814
533853
533872
533673
533434
533464
533396
533142
532329
531184
531130
530286
526741
525075
525414
525019
524074
523040
521116
514582
512022
512707
512383
511041
509144
507178
505762
504662
504000
503432
503002
502636
502145
501495
536873
534250
534243
534349
534198
534202
534169
534200
534089
534032
534099
534083
533997
534022
534087
534007
533945
533992
534026
533916
533823
533854
533886
533823
533595
533181
533193
532952
531818
531452
531596
531462
531183
530899
530543
529214
528068
527863
527625
527178
526566
525974
525534
525209
525023
524880
524779
524690
524563
524392
536972
534305
534209
534347
534193
534205
534170
534203
534093
534038
534102
534089
534008
534032
534099
534042
533969
534024
534073
533990
533931
533963
534012
534024
533901
533755
533799
533773
533408
533230
533303
533294
533221
533152
532987
532317
532039
532138
532116
531996
531848
531673
531536
531437
531379
531336
531308
531286
531252
531205
536392
534355
534173
534347
534189
534210
534171
534205
534097
534041
534104
534093
534012
534036
534103
534048
533980
534037
534087
534012
533962
533995
534051
534076
534000
533913
533966
534007
533835
533747
533805
533821
533806
533804
533747
533566
533489
533479
533484
533455
533402
533346
533304
533270
533250
533233
533221
533211
533200
533186
533136
534400
534146
534357
534195
534222
534179
534213
534105
534048
534109
534099
534017
534040
534106
534055
533985
534040
534095
534019
533974
534006
534062
534094
534029
533962
534028
534064
533949
533914
533951
533977
533977
533997
533965
533852
533835
533853
533870
533868
533855
533837
533822
533808
533798
533789
533782
533776
533772
533767
1.16936e+07
1.16864e+07
1.16803e+07
1.16727e+07
1.16625e+07
1.16519e+07
1.16394e+07
1.16263e+07
1.16119e+07
1.15968e+07
1.15814e+07
1.15648e+07
1.15483e+07
1.15306e+07
1.15117e+07
1.1493e+07
1.14725e+07
1.14519e+07
1.143e+07
1.14075e+07
1.13843e+07
1.13597e+07
1.13345e+07
1.13098e+07
1.12844e+07
1.1258e+07
1.12306e+07
1.1203e+07
1.11721e+07
1.1137e+07
1.1098e+07
1.10542e+07
1.10037e+07
1.09487e+07
1.0885e+07
1.08169e+07
1.07484e+07
1.0684e+07
1.06223e+07
1.05662e+07
1.05132e+07
1.04662e+07
1.04245e+07
1.03877e+07
1.03573e+07
1.03161e+07
1.0278e+07
1.02431e+07
1.02188e+07
1.0183e+07
1.1583e+07
1.1576e+07
1.157e+07
1.15626e+07
1.15527e+07
1.15423e+07
1.15298e+07
1.15168e+07
1.15024e+07
1.14872e+07
1.14716e+07
1.14547e+07
1.14378e+07
1.14196e+07
1.14002e+07
1.13809e+07
1.13596e+07
1.13382e+07
1.13153e+07
1.12918e+07
1.12676e+07
1.12417e+07
1.12152e+07
1.11894e+07
1.1163e+07
1.11351e+07
1.11053e+07
1.10739e+07
1.10382e+07
1.09972e+07
1.09516e+07
1.08997e+07
1.08385e+07
1.07742e+07
1.07043e+07
1.06353e+07
1.05718e+07
1.05198e+07
1.04717e+07
1.04243e+07
1.03764e+07
1.0334e+07
1.02942e+07
1.02506e+07
1.02192e+07
1.0146e+07
1.007e+07
1.0004e+07
9.92993e+06
9.66973e+06
1.14723e+07
1.14655e+07
1.14595e+07
1.14523e+07
1.14426e+07
1.14323e+07
1.142e+07
1.1407e+07
1.13925e+07
1.13771e+07
1.13612e+07
1.13439e+07
1.13264e+07
1.13076e+07
1.12875e+07
1.12675e+07
1.12453e+07
1.12229e+07
1.11989e+07
1.11744e+07
1.11491e+07
1.11221e+07
1.10943e+07
1.10677e+07
1.10403e+07
1.10106e+07
1.09773e+07
1.09421e+07
1.09015e+07
1.0854e+07
1.0801e+07
1.07419e+07
1.06749e+07
1.06104e+07
1.05461e+07
1.04911e+07
1.04393e+07
1.03958e+07
1.03524e+07
1.03e+07
1.02411e+07
1.01935e+07
1.01037e+07
1.00067e+07
9.89307e+06
9.61732e+06
9.44957e+06
9.30211e+06
9.04226e+06
2.31665e+06
1.13604e+07
1.13537e+07
1.13478e+07
1.13408e+07
1.13313e+07
1.13211e+07
1.13087e+07
1.12957e+07
1.12811e+07
1.12655e+07
1.12492e+07
1.12314e+07
1.12133e+07
1.11938e+07
1.11729e+07
1.11522e+07
1.11291e+07
1.11059e+07
1.1081e+07
1.10556e+07
1.10297e+07
1.1002e+07
1.09735e+07
1.09467e+07
1.09184e+07
1.08864e+07
1.08497e+07
1.08111e+07
1.07657e+07
1.07131e+07
1.06573e+07
1.05981e+07
1.05349e+07
1.04824e+07
1.0425e+07
1.03775e+07
1.03248e+07
1.02718e+07
1.02159e+07
1.01218e+07
9.99475e+06
9.7577e+06
9.57996e+06
9.3836e+06
9.15955e+06
1.73057e+06
843845
637425
538433
531065
1.12466e+07
1.124e+07
1.12342e+07
1.12273e+07
1.1218e+07
1.12079e+07
1.11956e+07
1.11825e+07
1.11679e+07
1.1152e+07
1.11355e+07
1.11172e+07
1.10986e+07
1.10784e+07
1.10571e+07
1.10361e+07
1.10126e+07
1.09891e+07
1.09639e+07
1.09384e+07
1.09127e+07
1.08853e+07
1.08571e+07
1.08306e+07
1.08016e+07
1.07677e+07
1.0728e+07
1.06885e+07
1.06418e+07
1.0589e+07
1.05382e+07
1.04861e+07
1.04246e+07
1.03779e+07
1.03133e+07
1.02549e+07
1.0183e+07
1.00812e+07
9.96871e+06
9.52139e+06
9.25438e+06
6.48455e+06
1.25722e+06
703895
569729
542625
534713
526860
510932
497093
1.11313e+07
1.11248e+07
1.11191e+07
1.11124e+07
1.11034e+07
1.10934e+07
1.10813e+07
1.10683e+07
1.10538e+07
1.1038e+07
1.10214e+07
1.10031e+07
1.09844e+07
1.09643e+07
1.09431e+07
1.09224e+07
1.08994e+07
1.08768e+07
1.08524e+07
1.08281e+07
1.08038e+07
1.07778e+07
1.07507e+07
1.07251e+07
1.06966e+07
1.06628e+07
1.06223e+07
1.05857e+07
1.05423e+07
1.04913e+07
1.04426e+07
1.03909e+07
1.03169e+07
1.02613e+07
1.01727e+07
1.00559e+07
9.92644e+06
9.47489e+06
9.16914e+06
1.0966e+06
615419
582629
555162
541169
522582
503055
503517
500201
495535
487985
1.10168e+07
1.10104e+07
1.10049e+07
1.09985e+07
1.099e+07
1.09804e+07
1.09688e+07
1.09562e+07
1.09422e+07
1.09269e+07
1.09109e+07
1.08933e+07
1.08754e+07
1.08561e+07
1.0836e+07
1.08166e+07
1.07952e+07
1.07748e+07
1.07525e+07
1.07304e+07
1.07089e+07
1.06859e+07
1.0661e+07
1.06377e+07
1.06111e+07
1.05793e+07
1.05392e+07
1.05043e+07
1.04601e+07
1.04031e+07
1.03461e+07
1.02827e+07
1.01791e+07
1.00681e+07
9.85526e+06
9.38461e+06
8.74842e+06
906195
591349
562981
531439
502865
505978
505120
499246
490347
476794
461885
447616
435611
1.09078e+07
1.09014e+07
1.08962e+07
1.08904e+07
1.08825e+07
1.08736e+07
1.08629e+07
1.08512e+07
1.08382e+07
1.08238e+07
1.0809e+07
1.07932e+07
1.0777e+07
1.07595e+07
1.07416e+07
1.07244e+07
1.07058e+07
1.06891e+07
1.06701e+07
1.06516e+07
1.06338e+07
1.06139e+07
1.05909e+07
1.05699e+07
1.0544e+07
1.05113e+07
1.04663e+07
1.04272e+07
1.03734e+07
1.02999e+07
1.02228e+07
1.01189e+07
9.91616e+06
9.3539e+06
6.58654e+06
752692
604579
557966
526148
510616
509840
502337
488385
471947
454305
439639
428664
418422
409539
402839
1.08091e+07
1.08029e+07
1.07982e+07
1.07931e+07
1.07862e+07
1.07784e+07
1.07689e+07
1.07585e+07
1.07469e+07
1.0734e+07
1.07212e+07
1.07081e+07
1.06946e+07
1.068e+07
1.06649e+07
1.06508e+07
1.06353e+07
1.06222e+07
1.06062e+07
1.05909e+07
1.05755e+07
1.05563e+07
1.0532e+07
1.05101e+07
1.04811e+07
1.04426e+07
1.03856e+07
1.0337e+07
1.02658e+07
1.01626e+07
9.99132e+06
9.37231e+06
8.20528e+06
727171
620059
548964
512454
512608
505368
493200
474334
455460
442976
431160
420366
412740
407002
402359
399621
398870
1.07245e+07
1.07188e+07
1.07148e+07
1.07107e+07
1.07052e+07
1.06988e+07
1.0691e+07
1.06824e+07
1.06726e+07
1.06616e+07
1.06512e+07
1.06407e+07
1.06297e+07
1.06176e+07
1.06051e+07
1.05932e+07
1.05792e+07
1.05672e+07
1.05518e+07
1.05373e+07
1.05217e+07
1.05007e+07
1.0472e+07
1.04462e+07
1.04106e+07
1.03629e+07
1.02874e+07
1.02204e+07
1.00889e+07
9.8162e+06
9.2222e+06
778938
637916
546319
504654
513225
502369
487219
466547
451854
440926
433135
426491
421099
417875
417711
419598
422669
426803
431660
1.06558e+07
1.06508e+07
1.06476e+07
1.06444e+07
1.06401e+07
1.06351e+07
1.06289e+07
1.06218e+07
1.06137e+07
1.06043e+07
1.05951e+07
1.05855e+07
1.05752e+07
1.05636e+07
1.05517e+07
1.05402e+07
1.05257e+07
1.05136e+07
1.04973e+07
1.04815e+07
1.04642e+07
1.04396e+07
1.04046e+07
1.03729e+07
1.03273e+07
1.02652e+07
1.01564e+07
9.99402e+06
9.32231e+06
4.96905e+06
664491
559320
505891
513400
501341
483390
463792
453315
444792
440498
437894
437579
439436
442812
447551
453498
459907
466347
472683
478747
1.05986e+07
1.05939e+07
1.0591e+07
1.05883e+07
1.05846e+07
1.05801e+07
1.05744e+07
1.05679e+07
1.05601e+07
1.0551e+07
1.05418e+07
1.05319e+07
1.05209e+07
1.05085e+07
1.04959e+07
1.04838e+07
1.04683e+07
1.04563e+07
1.04384e+07
1.04204e+07
1.04e+07
1.03705e+07
1.03266e+07
1.02855e+07
1.02216e+07
1.01172e+07
9.86873e+06
9.2139e+06
731150
605998
525671
511092
501925
482783
464587
457045
452392
451174
451725
455554
461108
467736
474570
481278
487779
494010
499709
504737
509136
512958
1.05426e+07
1.05378e+07
1.0535e+07
1.05324e+07
1.05288e+07
1.05244e+07
1.05186e+07
1.05118e+07
1.05036e+07
1.04939e+07
1.04842e+07
1.04737e+07
1.04618e+07
1.04484e+07
1.04351e+07
1.04225e+07
1.04062e+07
1.03938e+07
1.0373e+07
1.03516e+07
1.03265e+07
1.02899e+07
1.02321e+07
1.0169e+07
1.0023e+07
9.47502e+06
8.2822e+06
669886
548601
500411
505608
485991
467263
460266
458634
460013
464278
471142
478712
486691
494199
501080
507003
511944
516072
519564
522469
524824
526743
528319
1.04813e+07
1.04764e+07
1.04738e+07
1.04713e+07
1.04678e+07
1.04633e+07
1.04572e+07
1.045e+07
1.04413e+07
1.04309e+07
1.04206e+07
1.04094e+07
1.03965e+07
1.03822e+07
1.03685e+07
1.03558e+07
1.0338e+07
1.03239e+07
1.02985e+07
1.02718e+07
1.02394e+07
1.01898e+07
1.00989e+07
9.92217e+06
9.21349e+06
1.29752e+06
653334
521577
504123
493241
473290
463297
463181
466414
473811
482788
491940
500262
507259
513219
518017
521892
524868
527075
528752
530090
531166
532013
532696
533261
1.04133e+07
1.04084e+07
1.04058e+07
1.04034e+07
1.04e+07
1.03953e+07
1.03889e+07
1.03812e+07
1.03719e+07
1.03609e+07
1.03499e+07
1.0338e+07
1.03245e+07
1.03095e+07
1.02955e+07
1.02818e+07
1.02607e+07
1.02431e+07
1.02107e+07
1.01747e+07
1.01256e+07
1.00324e+07
9.78706e+06
9.09852e+06
646126
541005
495625
501114
480461
464657
464422
470126
479965
490392
500770
509050
515660
520641
524218
526950
528953
530496
531610
532375
532934
533392
533782
534105
534384
534633
1.03377e+07
1.03329e+07
1.03304e+07
1.03281e+07
1.03246e+07
1.03197e+07
1.03128e+07
1.03045e+07
1.02946e+07
1.02829e+07
1.02715e+07
1.0259e+07
1.0245e+07
1.02288e+07
1.02131e+07
1.01966e+07
1.01695e+07
1.01455e+07
1.01007e+07
1.00393e+07
9.91614e+06
9.52676e+06
8.52377e+06
626932
519853
495883
493050
473856
469017
474555
483736
495149
506254
514314
520721
524917
527846
529786
531027
531973
532659
533222
533635
533912
534125
534323
534515
534694
534865
535030
1.02542e+07
1.02496e+07
1.02473e+07
1.02451e+07
1.02415e+07
1.02361e+07
1.02287e+07
1.02196e+07
1.0209e+07
1.01965e+07
1.01845e+07
1.01712e+07
1.01556e+07
1.01359e+07
1.01161e+07
1.00941e+07
1.00559e+07
1.00179e+07
9.93934e+06
9.75978e+06
9.16769e+06
2.1073e+06
623489
501640
492409
479638
467852
472856
484220
497027
508276
516914
523421
527125
529838
531293
532251
532832
533165
533472
533725
533980
534187
534338
534468
534605
534750
534895
535041
535187
1.01617e+07
1.01579e+07
1.01559e+07
1.01536e+07
1.01497e+07
1.01437e+07
1.01353e+07
1.01253e+07
1.01136e+07
1.00995e+07
1.00858e+07
1.00702e+07
1.00505e+07
1.00227e+07
9.99572e+06
9.9626e+06
9.89718e+06
9.80531e+06
9.60953e+06
8.90392e+06
646791
515570
486075
490527
472604
470764
482742
496129
508869
518555
524450
528167
530851
531984
532935
533295
533552
533693
533760
533886
534021
534192
534347
534474
534594
534723
534861
535001
535143
535284
1.00569e+07
1.00538e+07
1.00517e+07
1.0049e+07
1.00442e+07
1.0037e+07
1.00273e+07
1.00162e+07
1.00027e+07
9.98517e+06
9.96772e+06
9.94703e+06
9.91802e+06
9.87153e+06
9.83477e+06
9.75654e+06
9.63246e+06
9.15946e+06
5.68666e+06
545424
490305
483657
485575
472596
480069
495132
508630
518516
525009
529145
531109
532238
533247
533450
533797
533830
533889
533913
533923
534006
534117
534266
534411
534541
534667
534801
534940
535082
535225
535366
9.92821e+06
9.92552e+06
9.92283e+06
9.91888e+06
9.91251e+06
9.9039e+06
9.89313e+06
9.88089e+06
9.86383e+06
9.83816e+06
9.81267e+06
9.77862e+06
9.71932e+06
9.63624e+06
9.56391e+06
9.1881e+06
8.41174e+06
698659
499647
483330
483151
475595
476265
491160
506953
518342
525491
529129
531294
532739
533176
533430
533883
533832
533996
533954
533965
533966
533975
534053
534163
534308
534454
534592
534727
534867
535010
535155
535299
535441
9.74445e+06
9.74147e+06
9.73743e+06
9.73203e+06
9.72498e+06
9.71676e+06
9.70623e+06
9.69044e+06
9.65646e+06
9.61167e+06
9.54012e+06
9.43572e+06
9.19732e+06
8.67411e+06
6.38161e+06
845197
478183
476548
481406
483056
474757
486251
504843
517045
524950
529362
531721
532591
533180
533723
533729
533746
534020
533916
534024
533972
533974
533977
533998
534082
534197
534343
534493
534638
534782
534928
535076
535224
535370
535512
9.39536e+06
9.39056e+06
9.38159e+06
9.36589e+06
9.34079e+06
9.30414e+06
9.25017e+06
9.15727e+06
8.92565e+06
8.37621e+06
6.15184e+06
3.17378e+06
996275
477529
438242
482075
485551
483596
479270
485606
501742
516461
524687
529088
531473
532784
533502
533539
533680
533951
533862
533826
534028
533924
534010
533963
533968
533980
534015
534106
534227
534376
534531
534684
534834
534986
535138
535289
535437
535581
2.63119e+06
2.59415e+06
2.47626e+06
2.2574e+06
1.94462e+06
1.59356e+06
1.24495e+06
907046
576412
451715
431235
459124
492144
496179
478813
479598
480647
487900
500865
516079
524481
529165
531640
532648
533272
533682
533939
533778
533804
533984
533886
533844
534005
533913
533988
533947
533959
533981
534030
534128
534256
534410
534569
534728
534885
535042
535198
535352
535502
535648
476431
477490
479730
483346
488428
493929
499780
504414
505768
489047
477791
477266
475591
480682
483081
492406
505964
518042
525588
529230
531445
532807
533441
533568
533731
533896
534025
533832
533831
533971
533883
533842
533976
533898
533963
533931
533950
533982
534043
534150
534285
534443
534607
534772
534934
535096
535256
535413
535566
535713
478678
478214
478020
477994
478356
478928
479766
479968
480774
487176
489039
492252
495633
507963
515691
521964
527083
529822
531654
532698
533279
533722
533896
533800
533844
533934
534023
533839
533833
533947
533872
533834
533948
533882
533939
533916
533942
533985
534058
534173
534314
534477
534646
534815
534983
535150
535313
535473
535628
535777
500507
499271
498142
497178
496583
496647
497489
499527
505495
514633
519159
521809
523346
527078
529326
530739
531972
532789
533443
533623
533759
533953
534000
533853
533866
533929
534002
533834
533828
533923
533859
533824
533923
533866
533918
533903
533938
533990
534074
534197
534345
534513
534686
534861
535034
535204
535372
535534
535692
535843
524138
523841
523562
523332
523193
523227
523471
524055
525817
529108
530114
530572
530969
532030
532616
533087
533477
533634
533895
533865
533884
534002
534013
533861
533866
533914
533978
533827
533823
533902
533847
533816
533903
533854
533903
533897
533940
534002
534097
534228
534383
534555
534733
534913
535090
535265
535435
535601
535761
535914
531134
531042
530951
530880
530841
530852
530929
531101
531608
532431
532820
533000
533132
533517
533636
533759
533871
533860
534015
533925
533915
534004
534005
533859
533863
533902
533959
533825
533823
533890
533844
533818
533895
533854
533902
533905
533958
534030
534136
534275
534436
534613
534796
534980
535162
535340
535514
535683
535845
535999
533164
533137
533114
533095
533088
533092
533121
533169
533323
533609
533702
533719
533750
533922
533913
533946
533983
533923
534045
533940
533925
534000
533999
533862
533868
533901
533955
533837
533839
533898
533861
533841
533913
533881
533932
533947
534009
534093
534210
534357
534525
534708
534896
535084
535270
535452
535629
535799
535963
536118
533762
533754
533747
533744
533742
533747
533762
533774
533823
533928
533950
533930
533936
534046
534000
534008
534023
533952
534063
533958
533946
534017
534019
533895
533906
533939
533997
533896
533907
533965
533943
533935
534009
533992
534052
534082
534159
534256
534385
534542
534718
534907
535100
535292
535481
535665
535843
536014
536177
536331
1.01295e+07
1.00773e+07
1.00288e+07
1.00002e+07
9.70217e+06
9.52148e+06
9.41396e+06
9.30864e+06
9.171e+06
8.96675e+06
8.68571e+06
3.52783e+06
1.39561e+06
855005
667397
596571
564430
555894
559215
562836
564558
567132
568267
569807
574273
579989
590697
617370
652527
735933
2.60927e+06
8.77315e+06
8.99826e+06
9.09344e+06
9.1636e+06
9.23348e+06
9.85695e+06
1.00979e+07
1.01529e+07
1.01823e+07
1.02065e+07
1.02337e+07
1.02565e+07
1.02874e+07
1.03315e+07
1.03629e+07
1.03918e+07
1.04196e+07
1.04473e+07
1.04841e+07
9.50791e+06
9.38095e+06
9.24204e+06
8.946e+06
2.55162e+06
1.20716e+06
800694
645777
581166
543456
504510
502962
521317
536108
539374
535927
529368
526135
527305
529205
530851
533149
534288
535557
537406
538783
543741
551345
562420
567107
589674
590954
602405
603764
611863
637883
749917
4.69449e+06
9.03574e+06
9.13306e+06
9.2106e+06
9.18059e+06
1.00153e+07
1.01378e+07
1.01808e+07
1.02102e+07
1.02394e+07
1.02662e+07
1.02856e+07
1.03276e+07
1.05823e+06
721311
604183
518749
516399
519649
525703
526181
521416
513378
501985
492621
491848
491406
486511
481409
474268
468047
465139
464283
464717
465963
468820
471226
475371
479871
486682
493907
504333
508483
519932
530255
539968
544955
551612
560161
568901
591036
611904
621684
629636
646632
1.01931e+06
8.52203e+06
9.13826e+06
9.1985e+06
9.20934e+06
9.98473e+06
1.01252e+07
1.01781e+07
528522
526622
519225
504476
491736
492105
492281
489102
484927
476943
467656
458254
449284
442068
434906
429157
424696
421342
419672
419453
420308
422164
425759
431142
436378
443669
452129
460270
467870
471103
472613
476544
484187
490077
497045
506490
512238
529478
545495
553070
562374
565166
586104
595953
625972
633417
649525
830954
8.0734e+06
9.1799e+06
497052
497001
493370
489333
481915
471599
460551
449227
438969
429798
421308
413213
407000
401866
397241
393551
391054
389376
388799
389360
390922
393503
398101
405357
414006
423720
433454
445334
452136
454447
454199
453917
457118
459542
463082
468606
472454
478060
489626
498614
508740
515217
526326
542682
556729
565982
571184
586068
603167
638026
477335
465364
453009
441448
431225
422929
414867
407131
399933
393994
388712
384281
380763
377825
375682
374411
374049
374013
374173
374670
375678
377268
380739
388406
399922
413010
426842
440328
450588
453165
454495
451836
450829
449251
448995
449716
451886
454360
460806
466731
472194
477257
482007
491610
502597
512967
521923
531166
548968
565261
426297
417530
409372
402151
396530
391412
386520
382578
379567
378102
377502
377927
379138
380802
383147
385911
388958
391746
393980
395630
396663
396863
395616
390713
387068
397298
417153
436042
450374
457271
460725
460228
458008
455272
452283
448950
447091
446237
448327
451410
453119
455538
458027
463443
471177
477835
484457
489873
499541
510870
397483
393078
389743
387613
387084
387320
388336
390432
393461
397541
402302
407717
413579
419552
425614
431556
437271
442486
446998
450759
453749
455880
456894
455670
449199
434284
413342
407614
430184
449883
461480
466002
466616
465748
463677
459285
455271
452109
450896
450801
449404
448353
447950
449312
453338
456970
461084
465181
471643
479348
399709
401837
404856
408773
413705
419327
425533
432286
439347
446635
453875
460966
467804
474200
480157
485616
490587
494992
498769
501933
504536
506605
508140
508933
507379
501871
490318
467554
433859
414315
432949
453739
465791
471116
471549
470295
467032
463764
461506
459832
457119
453994
450971
449150
449334
449814
450867
452491
455483
459983
437129
443285
449864
456712
463734
470711
477478
483968
490080
495806
501044
505786
510036
513745
516976
519760
522171
524216
525894
527235
528297
529122
529756
530176
529988
528559
525150
517497
503396
477743
441247
418012
435075
456623
468854
473471
474749
474042
472429
470926
468647
465499
461842
458582
456410
454444
452852
451895
451854
453157
484554
490264
495760
500945
505779
510193
514130
517604
520624
523252
525494
527394
529001
530317
531405
532301
533063
533698
534198
534570
534841
535034
535177
535266
535264
534990
534296
532323
528243
519726
504289
477641
441647
421126
438681
458987
470346
476603
478755
479268
478685
476687
473895
470918
468240
465470
462731
460283
458301
457136
516305
519320
522012
524378
526443
528216
529703
530940
531958
532812
533517
534101
534590
534980
535300
535566
535806
536013
536173
536279
536344
536376
536394
536398
536402
536365
536285
535805
534807
532471
527655
518211
500835
472651
437777
423647
442751
462304
474151
480178
483775
484436
483390
481719
479740
477377
474816
472224
469718
467517
529629
530746
531709
532532
533239
533839
534334
534741
535074
535359
535599
535805
535987
536134
536261
536371
536482
536582
536661
536706
536725
536724
536715
536700
536695
536702
536733
536585
536329
535707
534376
531616
525817
514385
494879
465623
433450
427509
448385
467058
478900
484698
488082
488696
488320
487164
485579
483703
481622
479484
533731
534126
534477
534789
535070
535319
535534
535717
535874
536016
536143
536260
536368
536460
536543
536619
536697
536769
536827
536857
536868
536861
536847
536828
536815
536831
536872
536797
536697
536489
536098
535372
533691
529993
522645
509171
487800
457635
430039
433514
455392
472630
483048
489499
492117
493276
493320
492744
491655
490212
534851
535039
535221
535395
535564
535724
535869
536001
536118
536229
536332
536429
536520
536600
536674
536742
536811
536872
536922
536948
536957
536950
536934
536914
536894
536912
536946
536889
536819
536706
536550
536354
535894
534803
532453
527600
518524
502880
479359
449101
429076
441102
462517
478351
488003
493260
496839
498232
498659
498386
535183
535317
535456
535597
535737
535875
536004
536124
536235
536340
536439
536531
536619
536697
536768
536833
536897
536953
536998
537021
537030
537022
537005
536985
536958
536977
537002
536951
536885
536795
536697
536624
536486
536165
535459
533921
530702
524417
513326
495324
469564
440792
431700
449808
469943
484037
492791
498535
501649
503224
535323
535443
535571
535703
535836
535967
536093
536211
536321
536426
536524
536616
536703
536780
536850
536913
536974
537024
537066
537085
537093
537085
537067
537046
537013
537033
537049
537001
536932
536848
536768
536721
536661
536550
536332
535864
534826
532613
528296
520334
506828
486328
459077
434914
437897
458802
477357
490220
498320
503064
535416
535531
535656
535785
535915
536045
536169
536287
536399
536504
536602
536694
536780
536856
536925
536986
537044
537089
537128
537144
537150
537141
537122
537099
537060
537080
537089
537042
536971
536899
536828
536786
536745
536689
536609
536460
536136
535404
533891
530837
525076
515078
499035
476223
449057
433943
446749
467998
484717
496073
535496
535609
535732
535860
535989
536117
536241
536360
536472
536577
536676
536768
536852
536928
536995
537053
537108
537149
537185
537196
537201
537190
537169
537144
537100
537122
537123
537081
537010
536936
536867
536824
536785
536745
536702
536645
536540
536302
535804
534730
532532
528367
520905
508615
490039
465359
441015
437937
456750
476903
535571
535683
535805
535932
536060
536188
536311
536430
536542
536648
536746
536838
536921
536995
537061
537116
537168
537205
537238
537244
537247
537233
537209
537183
537138
537156
537152
537110
537034
536960
536894
536849
536811
536775
536743
536711
536670
536587
536427
536067
535282
533697
530629
525077
515663
500873
479865
454504
437291
446015
535643
535753
535875
536002
536130
536256
536380
536498
536610
536716
536814
536905
536987
537060
537123
537176
537225
537256
537286
537287
537287
537269
537243
537224
537165
537185
537173
537131
537052
536978
536914
536869
536832
536798
536769
536745
536722
536686
536633
536515
536244
535672
534497
532221
528059
520845
509180
491802
468940
445602
535712
535822
535944
536070
536197
536324
536447
536565
536677
536782
536880
536970
537050
537121
537182
537231
537277
537304
537330
537325
537321
537298
537282
537251
537188
537208
537189
537148
537066
536991
536929
536884
536848
536815
536788
536766
536749
536729
536708
536669
536577
536377
535945
535064
533364
530208
524659
515485
501427
481702
535779
535889
536010
536137
536264
536390
536512
536630
536742
536847
536944
537033
537111
537180
537237
537283
537326
537348
537371
537358
537349
537335
537308
537274
537205
537226
537200
537160
537074
536998
536938
536894
536858
536827
536801
536781
536765
536750
536741
536727
536695
536627
536473
536143
535481
534186
531766
527479
520300
508966
535845
535954
536076
536202
536329
536455
536577
536695
536806
536911
537007
537094
537170
537236
537290
537332
537372
537388
537408
537385
537382
537368
537329
537293
537218
537240
537207
537168
537077
536999
536941
536898
536864
536834
536809
536790
536775
536763
536757
536751
536740
536718
536664
536544
536294
535783
534781
532913
529591
523942
535910
536020
536141
536268
536395
536520
536642
536760
536870
536974
537069
537154
537227
537291
537341
537379
537416
537425
537439
537413
537418
537386
537347
537309
537226
537250
537209
537171
537075
536995
536940
536898
536865
536836
536813
536794
536781
536770
536765
536763
536760
536754
536736
536693
536602
536405
536002
535221
533769
531169
535977
536086
536208
536335
536462
536587
536709
536825
536935
537037
537130
537213
537283
537345
537391
537424
537456
537458
537470
537450
537436
537401
537362
537320
537231
537256
537208
537171
537069
536986
536934
536894
536863
536835
536812
536795
536782
536773
536769
536769
536768
536769
536764
536751
536719
536645
536485
536165
535551
534408
536049
536158
536280
536407
536534
536658
536779
536894
537002
537103
537194
537274
537341
537399
537439
537467
537494
537486
537515
537468
537452
537416
537374
537328
537232
537258
537202
537167
537058
536972
536923
536887
536857
536830
536809
536792
536780
536772
536770
536770
536772
536775
536776
536774
536765
536738
536676
536545
536289
535798
536134
536243
536365
536491
536617
536741
536860
536973
537079
537177
537265
537340
537402
537456
537490
537509
537531
537526
537542
537484
537468
537428
537383
537333
537229
537258
537193
537161
537045
536955
536910
536876
536848
536822
536802
536786
536775
536768
536767
536768
536772
536777
536781
536784
536784
536776
536752
536699
536591
536381
536253
536360
536481
536605
536729
536850
536965
537074
537176
537269
537351
537420
537475
537522
537545
537552
537576
537576
537573
537502
537484
537440
537390
537337
537223
537256
537179
537152
537027
536933
536894
536863
536836
536811
536791
536776
536766
536760
536760
536763
536768
536774
536781
536786
536790
536790
536782
536760
536714
536622
536464
536567
536683
536802
536920
537033
537141
537241
537333
537415
537487
537544
537585
537619
537625
537618
537659
537622
537617
537530
537508
537457
537400
537341
537218
537256
537164
537143
537008
536911
536877
536848
536822
536797
536777
536761
536752
536747
536747
536751
536758
536766
536774
536782
536788
536792
536791
536782
536762
536720
1.05212e+07
1.05574e+07
1.05952e+07
1.0638e+07
1.06866e+07
1.07368e+07
1.07867e+07
1.08375e+07
1.0891e+07
1.09451e+07
1.09984e+07
1.10513e+07
1.11034e+07
1.11542e+07
1.12033e+07
1.12504e+07
1.1295e+07
1.13371e+07
1.13771e+07
1.14149e+07
1.14516e+07
1.14869e+07
1.15211e+07
1.15542e+07
1.15857e+07
1.16157e+07
1.16441e+07
1.16707e+07
1.16954e+07
1.17183e+07
1.17397e+07
1.17601e+07
1.17797e+07
1.17986e+07
1.18167e+07
1.18341e+07
1.1851e+07
1.18674e+07
1.18833e+07
1.18988e+07
1.1914e+07
1.19289e+07
1.19435e+07
1.19578e+07
1.19719e+07
1.19856e+07
1.1999e+07
1.20121e+07
1.2025e+07
1.20377e+07
1.20504e+07
1.20634e+07
1.20778e+07
1.20888e+07
1.20995e+07
1.21116e+07
1.21228e+07
1.2133e+07
1.21426e+07
1.21515e+07
1.21599e+07
1.21678e+07
1.21752e+07
1.21821e+07
1.21884e+07
1.21943e+07
1.21997e+07
1.22046e+07
1.2209e+07
1.22129e+07
1.22164e+07
1.22194e+07
1.2222e+07
1.22243e+07
1.22262e+07
1.22278e+07
1.22291e+07
1.22301e+07
1.2231e+07
1.22315e+07
1.22319e+07
1.2232e+07
1.22319e+07
1.22317e+07
1.22312e+07
1.22306e+07
1.22298e+07
1.22289e+07
1.22279e+07
1.22269e+07
1.22257e+07
1.22244e+07
1.22231e+07
1.22216e+07
1.22198e+07
1.22178e+07
1.22164e+07
1.22067e+07
1.22063e+07
1.22052e+07
1.22036e+07
1.22017e+07
1.21996e+07
1.21973e+07
1.21948e+07
1.21923e+07
1.21897e+07
1.21871e+07
1.21845e+07
1.21819e+07
1.21794e+07
1.21771e+07
1.21748e+07
1.21726e+07
1.21704e+07
1.21682e+07
1.21659e+07
1.21635e+07
1.21608e+07
1.2158e+07
1.2155e+07
1.21518e+07
1.21485e+07
1.21449e+07
1.21411e+07
1.21369e+07
1.21324e+07
1.21275e+07
1.21223e+07
1.21168e+07
1.21113e+07
1.21057e+07
1.21002e+07
1.20945e+07
1.20883e+07
1.20821e+07
1.2075e+07
1.20686e+07
1.20612e+07
1.20544e+07
1.2047e+07
1.20398e+07
1.20324e+07
1.20248e+07
1.20179e+07
1.20101e+07
1.2003e+07
1.19946e+07
1.1987e+07
1.19821e+07
1.0359e+07
1.03866e+07
1.04129e+07
1.04426e+07
1.0481e+07
1.05211e+07
1.05609e+07
1.06029e+07
1.06527e+07
1.07049e+07
1.07568e+07
1.08107e+07
1.08672e+07
1.09242e+07
1.09803e+07
1.10355e+07
1.10886e+07
1.11393e+07
1.11879e+07
1.12339e+07
1.12781e+07
1.13206e+07
1.13613e+07
1.14005e+07
1.14377e+07
1.14731e+07
1.15064e+07
1.15374e+07
1.1566e+07
1.15925e+07
1.16171e+07
1.16403e+07
1.16622e+07
1.16832e+07
1.17032e+07
1.17224e+07
1.17409e+07
1.17588e+07
1.17762e+07
1.17931e+07
1.18097e+07
1.18258e+07
1.18415e+07
1.18568e+07
1.18717e+07
1.18863e+07
1.19005e+07
1.19143e+07
1.19279e+07
1.19413e+07
1.19547e+07
1.19685e+07
1.19829e+07
1.19959e+07
1.20081e+07
1.20205e+07
1.20321e+07
1.20428e+07
1.20528e+07
1.20621e+07
1.20709e+07
1.2079e+07
1.20866e+07
1.20937e+07
1.21001e+07
1.2106e+07
1.21114e+07
1.21163e+07
1.21206e+07
1.21244e+07
1.21277e+07
1.21306e+07
1.21329e+07
1.21349e+07
1.21365e+07
1.21377e+07
1.21386e+07
1.21391e+07
1.21394e+07
1.21394e+07
1.21391e+07
1.21386e+07
1.21378e+07
1.21369e+07
1.21358e+07
1.21345e+07
1.2133e+07
1.21314e+07
1.21297e+07
1.2128e+07
1.21262e+07
1.21243e+07
1.21225e+07
1.21207e+07
1.21189e+07
1.21173e+07
1.21162e+07
1.21124e+07
1.21116e+07
1.21103e+07
1.21086e+07
1.21065e+07
1.21042e+07
1.21017e+07
1.2099e+07
1.20961e+07
1.20932e+07
1.20903e+07
1.20873e+07
1.20844e+07
1.20815e+07
1.20788e+07
1.20762e+07
1.20737e+07
1.20713e+07
1.20689e+07
1.20664e+07
1.20638e+07
1.2061e+07
1.2058e+07
1.20549e+07
1.20515e+07
1.2048e+07
1.20444e+07
1.20404e+07
1.20361e+07
1.20315e+07
1.20263e+07
1.20209e+07
1.20151e+07
1.20094e+07
1.20035e+07
1.19977e+07
1.19918e+07
1.19854e+07
1.19789e+07
1.19715e+07
1.19648e+07
1.19571e+07
1.19501e+07
1.19423e+07
1.19347e+07
1.1927e+07
1.19193e+07
1.19123e+07
1.19044e+07
1.18973e+07
1.18891e+07
1.18818e+07
1.1876e+07
1.0212e+07
1.02431e+07
1.02678e+07
1.02933e+07
1.03333e+07
1.03669e+07
1.03976e+07
1.04253e+07
1.04647e+07
1.05058e+07
1.05457e+07
1.05909e+07
1.06432e+07
1.06977e+07
1.07524e+07
1.08096e+07
1.08678e+07
1.09254e+07
1.09821e+07
1.10365e+07
1.10892e+07
1.11398e+07
1.11884e+07
1.1235e+07
1.12793e+07
1.13214e+07
1.13607e+07
1.13974e+07
1.14311e+07
1.14621e+07
1.14906e+07
1.15172e+07
1.15421e+07
1.15657e+07
1.15881e+07
1.16095e+07
1.163e+07
1.16498e+07
1.16689e+07
1.16875e+07
1.17056e+07
1.17232e+07
1.17403e+07
1.1757e+07
1.17731e+07
1.17888e+07
1.18041e+07
1.18189e+07
1.18334e+07
1.18477e+07
1.18621e+07
1.18767e+07
1.18916e+07
1.19056e+07
1.19187e+07
1.19314e+07
1.19434e+07
1.19545e+07
1.19649e+07
1.19746e+07
1.19838e+07
1.19923e+07
1.20002e+07
1.20074e+07
1.20141e+07
1.20202e+07
1.20257e+07
1.20306e+07
1.2035e+07
1.20388e+07
1.20421e+07
1.20449e+07
1.20472e+07
1.2049e+07
1.20505e+07
1.20515e+07
1.20521e+07
1.20523e+07
1.20523e+07
1.20519e+07
1.20512e+07
1.20503e+07
1.20491e+07
1.20478e+07
1.20462e+07
1.20446e+07
1.20427e+07
1.20408e+07
1.20388e+07
1.20368e+07
1.20347e+07
1.20326e+07
1.20305e+07
1.20285e+07
1.20265e+07
1.20247e+07
1.2023e+07
1.20201e+07
1.20189e+07
1.20174e+07
1.20156e+07
1.20134e+07
1.2011e+07
1.20083e+07
1.20053e+07
1.20023e+07
1.19991e+07
1.19958e+07
1.19924e+07
1.19891e+07
1.19859e+07
1.19828e+07
1.19799e+07
1.19771e+07
1.19743e+07
1.19717e+07
1.1969e+07
1.19661e+07
1.19631e+07
1.196e+07
1.19566e+07
1.19531e+07
1.19494e+07
1.19456e+07
1.19415e+07
1.19371e+07
1.19323e+07
1.19269e+07
1.19213e+07
1.19152e+07
1.19091e+07
1.19029e+07
1.18968e+07
1.18907e+07
1.18841e+07
1.18774e+07
1.18697e+07
1.18627e+07
1.18547e+07
1.18473e+07
1.18392e+07
1.18314e+07
1.18233e+07
1.18153e+07
1.18082e+07
1.18004e+07
1.17934e+07
1.17852e+07
1.17781e+07
1.17716e+07
9.21539e+06
9.20715e+06
1.00395e+07
1.01229e+07
1.0186e+07
1.02283e+07
1.02671e+07
1.02838e+07
1.03269e+07
1.03628e+07
1.03917e+07
1.04264e+07
1.04685e+07
1.05102e+07
1.0552e+07
1.06016e+07
1.06557e+07
1.07112e+07
1.07687e+07
1.08267e+07
1.0886e+07
1.09444e+07
1.10011e+07
1.10558e+07
1.11083e+07
1.11583e+07
1.12052e+07
1.12489e+07
1.1289e+07
1.13257e+07
1.13593e+07
1.13902e+07
1.14188e+07
1.14457e+07
1.1471e+07
1.1495e+07
1.1518e+07
1.154e+07
1.15613e+07
1.15819e+07
1.16019e+07
1.16213e+07
1.16402e+07
1.16586e+07
1.16763e+07
1.16935e+07
1.17101e+07
1.17263e+07
1.17421e+07
1.17576e+07
1.1773e+07
1.17885e+07
1.18038e+07
1.18183e+07
1.18319e+07
1.18448e+07
1.18568e+07
1.18681e+07
1.18789e+07
1.1889e+07
1.18985e+07
1.19073e+07
1.19155e+07
1.19231e+07
1.193e+07
1.19364e+07
1.19421e+07
1.19472e+07
1.19517e+07
1.19557e+07
1.19592e+07
1.19622e+07
1.19647e+07
1.19666e+07
1.19681e+07
1.1969e+07
1.19695e+07
1.19694e+07
1.1969e+07
1.19681e+07
1.19669e+07
1.19653e+07
1.19634e+07
1.19613e+07
1.1959e+07
1.19566e+07
1.19541e+07
1.19516e+07
1.19491e+07
1.19466e+07
1.19441e+07
1.19416e+07
1.19393e+07
1.1937e+07
1.19348e+07
1.19328e+07
1.19307e+07
1.19281e+07
1.19267e+07
1.1925e+07
1.19231e+07
1.19208e+07
1.19182e+07
1.19153e+07
1.19122e+07
1.19089e+07
1.19054e+07
1.19018e+07
1.18981e+07
1.18944e+07
1.18908e+07
1.18872e+07
1.18839e+07
1.18807e+07
1.18777e+07
1.18747e+07
1.18717e+07
1.18686e+07
1.18654e+07
1.1862e+07
1.18584e+07
1.18547e+07
1.18508e+07
1.18468e+07
1.18426e+07
1.1838e+07
1.1833e+07
1.18275e+07
1.18216e+07
1.18153e+07
1.18089e+07
1.18023e+07
1.17959e+07
1.17896e+07
1.17827e+07
1.17758e+07
1.17678e+07
1.17605e+07
1.17521e+07
1.17445e+07
1.1736e+07
1.17279e+07
1.17195e+07
1.17112e+07
1.1704e+07
1.16961e+07
1.16892e+07
1.16811e+07
1.16741e+07
1.16671e+07
647999
672214
1.10677e+06
8.72556e+06
9.22881e+06
9.23925e+06
9.87653e+06
1.00995e+07
1.0178e+07
1.02314e+07
1.02628e+07
1.02973e+07
1.03396e+07
1.03742e+07
1.04042e+07
1.04456e+07
1.04871e+07
1.05289e+07
1.05767e+07
1.06282e+07
1.06855e+07
1.07443e+07
1.08034e+07
1.0864e+07
1.0924e+07
1.09824e+07
1.10378e+07
1.10899e+07
1.11379e+07
1.11818e+07
1.12218e+07
1.12582e+07
1.12916e+07
1.13225e+07
1.13514e+07
1.13786e+07
1.14045e+07
1.14293e+07
1.14531e+07
1.1476e+07
1.14983e+07
1.152e+07
1.15409e+07
1.15612e+07
1.15809e+07
1.15999e+07
1.16183e+07
1.1636e+07
1.16533e+07
1.16703e+07
1.16869e+07
1.17032e+07
1.1719e+07
1.1734e+07
1.17482e+07
1.17614e+07
1.17736e+07
1.17852e+07
1.17962e+07
1.18065e+07
1.18163e+07
1.18254e+07
1.1834e+07
1.18419e+07
1.18493e+07
1.18562e+07
1.18624e+07
1.1868e+07
1.18731e+07
1.18777e+07
1.18817e+07
1.18852e+07
1.18881e+07
1.18904e+07
1.18921e+07
1.18931e+07
1.18935e+07
1.18933e+07
1.18925e+07
1.1891e+07
1.1889e+07
1.18866e+07
1.18837e+07
1.18804e+07
1.18769e+07
1.18732e+07
1.18695e+07
1.18659e+07
1.18621e+07
1.18585e+07
1.1855e+07
1.18519e+07
1.18489e+07
1.18463e+07
1.18437e+07
1.18414e+07
1.18389e+07
1.18364e+07
1.18349e+07
1.1833e+07
1.18309e+07
1.18284e+07
1.18257e+07
1.18227e+07
1.18194e+07
1.18159e+07
1.18122e+07
1.18083e+07
1.18043e+07
1.18001e+07
1.1796e+07
1.1792e+07
1.17882e+07
1.17846e+07
1.17812e+07
1.17779e+07
1.17746e+07
1.17712e+07
1.17676e+07
1.17639e+07
1.17601e+07
1.17561e+07
1.1752e+07
1.17478e+07
1.17435e+07
1.17387e+07
1.17336e+07
1.17279e+07
1.17218e+07
1.17152e+07
1.17084e+07
1.17014e+07
1.16947e+07
1.16881e+07
1.1681e+07
1.16738e+07
1.16655e+07
1.16579e+07
1.16491e+07
1.16411e+07
1.16323e+07
1.16238e+07
1.1615e+07
1.16065e+07
1.15991e+07
1.15912e+07
1.15843e+07
1.15763e+07
1.15693e+07
1.15619e+07
574846
582384
606533
619661
656071
670008
791147
8.37714e+06
9.24956e+06
9.21655e+06
1.0039e+07
1.01276e+07
1.02009e+07
1.02571e+07
1.02792e+07
1.03256e+07
1.03622e+07
1.0394e+07
1.04347e+07
1.04736e+07
1.05187e+07
1.05669e+07
1.0618e+07
1.06756e+07
1.07351e+07
1.07967e+07
1.08586e+07
1.09191e+07
1.0976e+07
1.10283e+07
1.10762e+07
1.11195e+07
1.11589e+07
1.1195e+07
1.12284e+07
1.12595e+07
1.1289e+07
1.13169e+07
1.13436e+07
1.13694e+07
1.13943e+07
1.14184e+07
1.14417e+07
1.14642e+07
1.1486e+07
1.1507e+07
1.15272e+07
1.15467e+07
1.15656e+07
1.1584e+07
1.16018e+07
1.16191e+07
1.16357e+07
1.16516e+07
1.16667e+07
1.16808e+07
1.1694e+07
1.17063e+07
1.17177e+07
1.17284e+07
1.17386e+07
1.17482e+07
1.17574e+07
1.1766e+07
1.17741e+07
1.17817e+07
1.17887e+07
1.17952e+07
1.18011e+07
1.18064e+07
1.18112e+07
1.18152e+07
1.18186e+07
1.18213e+07
1.18232e+07
1.18244e+07
1.18248e+07
1.18244e+07
1.18233e+07
1.18213e+07
1.18187e+07
1.18155e+07
1.18116e+07
1.18073e+07
1.18025e+07
1.17973e+07
1.1792e+07
1.17865e+07
1.1781e+07
1.17755e+07
1.17702e+07
1.17654e+07
1.1761e+07
1.1757e+07
1.17537e+07
1.17507e+07
1.17478e+07
1.17452e+07
1.17434e+07
1.17413e+07
1.1739e+07
1.17363e+07
1.17334e+07
1.17303e+07
1.17268e+07
1.17231e+07
1.17192e+07
1.17151e+07
1.17107e+07
1.17062e+07
1.17016e+07
1.16971e+07
1.16928e+07
1.16887e+07
1.16848e+07
1.16811e+07
1.16774e+07
1.16737e+07
1.16697e+07
1.16656e+07
1.16615e+07
1.16572e+07
1.16529e+07
1.16485e+07
1.16439e+07
1.1639e+07
1.16337e+07
1.16278e+07
1.16214e+07
1.16146e+07
1.16074e+07
1.15999e+07
1.15928e+07
1.15858e+07
1.15785e+07
1.1571e+07
1.15624e+07
1.15544e+07
1.15452e+07
1.15368e+07
1.15276e+07
1.15186e+07
1.15095e+07
1.15006e+07
1.1493e+07
1.1485e+07
1.14781e+07
1.14702e+07
1.14632e+07
1.14555e+07
522581
531830
545703
562622
579029
587134
602087
623201
666035
698177
1.72177e+06
9.08797e+06
9.27041e+06
9.82951e+06
1.00892e+07
1.01831e+07
1.02483e+07
1.02751e+07
1.0322e+07
1.03539e+07
1.03946e+07
1.04361e+07
1.04746e+07
1.05198e+07
1.0567e+07
1.06214e+07
1.0681e+07
1.07428e+07
1.08042e+07
1.08644e+07
1.09209e+07
1.09724e+07
1.10192e+07
1.10618e+07
1.11006e+07
1.11366e+07
1.11703e+07
1.1202e+07
1.12322e+07
1.12611e+07
1.12889e+07
1.13158e+07
1.13417e+07
1.13667e+07
1.13907e+07
1.14138e+07
1.1436e+07
1.14572e+07
1.14777e+07
1.14976e+07
1.15167e+07
1.15352e+07
1.15529e+07
1.15699e+07
1.15863e+07
1.16018e+07
1.16164e+07
1.163e+07
1.16424e+07
1.16541e+07
1.16652e+07
1.16757e+07
1.16857e+07
1.16952e+07
1.17042e+07
1.17126e+07
1.17205e+07
1.17278e+07
1.17345e+07
1.17406e+07
1.17459e+07
1.17504e+07
1.17542e+07
1.17572e+07
1.17593e+07
1.17605e+07
1.17608e+07
1.17603e+07
1.17589e+07
1.17566e+07
1.17536e+07
1.17498e+07
1.17453e+07
1.17402e+07
1.17345e+07
1.17282e+07
1.17215e+07
1.17145e+07
1.17073e+07
1.16999e+07
1.16925e+07
1.16853e+07
1.16784e+07
1.16721e+07
1.16667e+07
1.1662e+07
1.16579e+07
1.16548e+07
1.16525e+07
1.165e+07
1.16474e+07
1.16445e+07
1.16414e+07
1.1638e+07
1.16344e+07
1.16305e+07
1.16264e+07
1.1622e+07
1.16173e+07
1.16124e+07
1.16073e+07
1.16023e+07
1.15974e+07
1.15927e+07
1.15884e+07
1.15842e+07
1.15801e+07
1.15758e+07
1.15714e+07
1.15668e+07
1.15623e+07
1.15577e+07
1.1553e+07
1.15484e+07
1.15437e+07
1.15385e+07
1.15329e+07
1.15268e+07
1.15202e+07
1.1513e+07
1.15054e+07
1.14974e+07
1.14898e+07
1.14825e+07
1.14748e+07
1.1467e+07
1.14581e+07
1.14496e+07
1.144e+07
1.14311e+07
1.14214e+07
1.1412e+07
1.14024e+07
1.13932e+07
1.13853e+07
1.13773e+07
1.13703e+07
1.13624e+07
1.13553e+07
1.13475e+07
486925
493806
501130
511638
524213
536510
547002
566385
587286
598634
635652
658304
701057
927209
8.90144e+06
9.27598e+06
9.82152e+06
1.00877e+07
1.01863e+07
1.02352e+07
1.02837e+07
1.03309e+07
1.03626e+07
1.04038e+07
1.04403e+07
1.04848e+07
1.05315e+07
1.05832e+07
1.06393e+07
1.06994e+07
1.0759e+07
1.08169e+07
1.08715e+07
1.09216e+07
1.0967e+07
1.10088e+07
1.10476e+07
1.10838e+07
1.1118e+07
1.11505e+07
1.11816e+07
1.12115e+07
1.12402e+07
1.12678e+07
1.12943e+07
1.13196e+07
1.13438e+07
1.1367e+07
1.13892e+07
1.14106e+07
1.14312e+07
1.1451e+07
1.147e+07
1.14884e+07
1.15062e+07
1.15233e+07
1.15394e+07
1.15544e+07
1.15684e+07
1.15815e+07
1.15939e+07
1.16056e+07
1.16167e+07
1.16272e+07
1.16371e+07
1.16465e+07
1.16552e+07
1.16632e+07
1.16706e+07
1.16772e+07
1.1683e+07
1.16879e+07
1.1692e+07
1.16951e+07
1.16973e+07
1.16986e+07
1.16988e+07
1.16982e+07
1.16965e+07
1.1694e+07
1.16906e+07
1.16865e+07
1.16815e+07
1.16759e+07
1.16696e+07
1.16627e+07
1.16553e+07
1.16474e+07
1.16391e+07
1.16305e+07
1.16215e+07
1.16123e+07
1.16032e+07
1.15943e+07
1.15858e+07
1.1578e+07
1.15715e+07
1.15666e+07
1.15632e+07
1.15599e+07
1.15566e+07
1.15532e+07
1.15496e+07
1.15459e+07
1.1542e+07
1.15378e+07
1.15335e+07
1.15288e+07
1.15238e+07
1.15185e+07
1.1513e+07
1.15073e+07
1.15018e+07
1.14965e+07
1.14915e+07
1.14868e+07
1.14821e+07
1.14773e+07
1.14723e+07
1.14672e+07
1.14621e+07
1.14571e+07
1.14521e+07
1.14472e+07
1.14422e+07
1.14369e+07
1.1431e+07
1.14246e+07
1.14176e+07
1.14101e+07
1.14021e+07
1.13935e+07
1.13854e+07
1.13777e+07
1.13698e+07
1.13616e+07
1.13524e+07
1.13435e+07
1.13335e+07
1.13242e+07
1.13141e+07
1.13042e+07
1.12941e+07
1.12845e+07
1.12764e+07
1.12683e+07
1.12613e+07
1.12534e+07
1.12463e+07
1.12385e+07
464775
469918
475127
482180
490025
498280
505745
516875
533615
546337
565569
588265
603656
626906
652908
713142
1.10263e+06
9.03508e+06
9.21697e+06
9.9684e+06
1.01168e+07
1.02188e+07
1.02489e+07
1.03008e+07
1.0334e+07
1.03793e+07
1.04186e+07
1.04622e+07
1.05071e+07
1.05564e+07
1.06084e+07
1.06647e+07
1.07212e+07
1.07756e+07
1.08274e+07
1.08757e+07
1.09203e+07
1.09617e+07
1.10005e+07
1.10371e+07
1.10719e+07
1.11051e+07
1.11368e+07
1.11672e+07
1.11963e+07
1.1224e+07
1.12504e+07
1.12756e+07
1.12996e+07
1.13227e+07
1.13449e+07
1.13662e+07
1.13867e+07
1.14067e+07
1.1426e+07
1.14447e+07
1.14624e+07
1.1479e+07
1.14946e+07
1.15092e+07
1.1523e+07
1.1536e+07
1.15483e+07
1.156e+07
1.15709e+07
1.15812e+07
1.15907e+07
1.15995e+07
1.16075e+07
1.16147e+07
1.16209e+07
1.16262e+07
1.16305e+07
1.16338e+07
1.16361e+07
1.16373e+07
1.16375e+07
1.16367e+07
1.16349e+07
1.16321e+07
1.16284e+07
1.16239e+07
1.16186e+07
1.16126e+07
1.16059e+07
1.15986e+07
1.15907e+07
1.15823e+07
1.15734e+07
1.15642e+07
1.15544e+07
1.15442e+07
1.15337e+07
1.15231e+07
1.15121e+07
1.15015e+07
1.14915e+07
1.14837e+07
1.14781e+07
1.1473e+07
1.14683e+07
1.14636e+07
1.14592e+07
1.14547e+07
1.14502e+07
1.14455e+07
1.14407e+07
1.14356e+07
1.14302e+07
1.14244e+07
1.14184e+07
1.14121e+07
1.14059e+07
1.13999e+07
1.13942e+07
1.13887e+07
1.13835e+07
1.13781e+07
1.13724e+07
1.13666e+07
1.13609e+07
1.13554e+07
1.135e+07
1.13448e+07
1.13396e+07
1.1334e+07
1.13279e+07
1.13212e+07
1.1314e+07
1.13062e+07
1.12978e+07
1.12888e+07
1.12802e+07
1.12721e+07
1.12639e+07
1.12556e+07
1.12462e+07
1.1237e+07
1.12268e+07
1.12171e+07
1.12067e+07
1.11965e+07
1.11862e+07
1.11763e+07
1.1168e+07
1.11599e+07
1.11529e+07
1.11452e+07
1.11382e+07
1.11305e+07
455208
457834
460522
464236
468870
474101
479962
487454
498258
507380
517992
533295
549793
565053
589423
610806
640274
666639
721818
3.15268e+06
9.25415e+06
9.32549e+06
1.00487e+07
1.0168e+07
1.02179e+07
1.02769e+07
1.03178e+07
1.03646e+07
1.04054e+07
1.04483e+07
1.04912e+07
1.05381e+07
1.05865e+07
1.06373e+07
1.06895e+07
1.07403e+07
1.07894e+07
1.08363e+07
1.08801e+07
1.0921e+07
1.09599e+07
1.09966e+07
1.10315e+07
1.10648e+07
1.10966e+07
1.11268e+07
1.11555e+07
1.11827e+07
1.12088e+07
1.12337e+07
1.12576e+07
1.12806e+07
1.13029e+07
1.13245e+07
1.13456e+07
1.13659e+07
1.13852e+07
1.14035e+07
1.14207e+07
1.14368e+07
1.14521e+07
1.14665e+07
1.14801e+07
1.14929e+07
1.15049e+07
1.15161e+07
1.15265e+07
1.15361e+07
1.15447e+07
1.15524e+07
1.15591e+07
1.15647e+07
1.15693e+07
1.15727e+07
1.15751e+07
1.15763e+07
1.15764e+07
1.15754e+07
1.15734e+07
1.15704e+07
1.15664e+07
1.15616e+07
1.1556e+07
1.15496e+07
1.15425e+07
1.15348e+07
1.15266e+07
1.15178e+07
1.15086e+07
1.14989e+07
1.14887e+07
1.1478e+07
1.1467e+07
1.14556e+07
1.14436e+07
1.14314e+07
1.14189e+07
1.14085e+07
1.14002e+07
1.13927e+07
1.13857e+07
1.13791e+07
1.1373e+07
1.13672e+07
1.13614e+07
1.13556e+07
1.13497e+07
1.13437e+07
1.13376e+07
1.13312e+07
1.13244e+07
1.13175e+07
1.13105e+07
1.13037e+07
1.1297e+07
1.12907e+07
1.12847e+07
1.12786e+07
1.12722e+07
1.12657e+07
1.12594e+07
1.12533e+07
1.12476e+07
1.1242e+07
1.12366e+07
1.12309e+07
1.12245e+07
1.12177e+07
1.12103e+07
1.12025e+07
1.11939e+07
1.11846e+07
1.11757e+07
1.11674e+07
1.11591e+07
1.11508e+07
1.11415e+07
1.11323e+07
1.11222e+07
1.11125e+07
1.1102e+07
1.10918e+07
1.10814e+07
1.10716e+07
1.10633e+07
1.10553e+07
1.10484e+07
1.1041e+07
1.10344e+07
1.10271e+07
456792
457048
457324
458041
459537
461441
464360
468777
475499
482367
489779
499398
510368
520213
536973
555398
573558
599790
618680
672442
714714
923097
8.94172e+06
9.20776e+06
9.99283e+06
1.01279e+07
1.02041e+07
1.02636e+07
1.03082e+07
1.03566e+07
1.03979e+07
1.04415e+07
1.04833e+07
1.05269e+07
1.05713e+07
1.06167e+07
1.06645e+07
1.07125e+07
1.07588e+07
1.08037e+07
1.08466e+07
1.08869e+07
1.09251e+07
1.09613e+07
1.09958e+07
1.10285e+07
1.10594e+07
1.10888e+07
1.11168e+07
1.11436e+07
1.11693e+07
1.11942e+07
1.12183e+07
1.12417e+07
1.12646e+07
1.12866e+07
1.13077e+07
1.13277e+07
1.13465e+07
1.13643e+07
1.1381e+07
1.13969e+07
1.14118e+07
1.14258e+07
1.14389e+07
1.14512e+07
1.14625e+07
1.14728e+07
1.14821e+07
1.14903e+07
1.14975e+07
1.15035e+07
1.15083e+07
1.15119e+07
1.15143e+07
1.15155e+07
1.15155e+07
1.15144e+07
1.15121e+07
1.15089e+07
1.15046e+07
1.14995e+07
1.14935e+07
1.14867e+07
1.14793e+07
1.14712e+07
1.14626e+07
1.14535e+07
1.14439e+07
1.1434e+07
1.14234e+07
1.14125e+07
1.14012e+07
1.13895e+07
1.13772e+07
1.13645e+07
1.13512e+07
1.13395e+07
1.13294e+07
1.13199e+07
1.13109e+07
1.13024e+07
1.12943e+07
1.12865e+07
1.1279e+07
1.12715e+07
1.12641e+07
1.12567e+07
1.12493e+07
1.12419e+07
1.12342e+07
1.12263e+07
1.12184e+07
1.12105e+07
1.12027e+07
1.11953e+07
1.11881e+07
1.1181e+07
1.11737e+07
1.11665e+07
1.11595e+07
1.1153e+07
1.11468e+07
1.11411e+07
1.11355e+07
1.11298e+07
1.11234e+07
1.11165e+07
1.11092e+07
1.11016e+07
1.10932e+07
1.10839e+07
1.10749e+07
1.10666e+07
1.10585e+07
1.10504e+07
1.10414e+07
1.10326e+07
1.10229e+07
1.10135e+07
1.10033e+07
1.09934e+07
1.09833e+07
1.09738e+07
1.09657e+07
1.09581e+07
1.09515e+07
1.09445e+07
1.09384e+07
1.09318e+07
465887
464677
463270
461855
460799
459937
459813
460844
463510
467208
471803
477842
485304
492564
503260
515807
526566
547504
562786
590357
619562
645289
677914
740305
7.80141e+06
9.21648e+06
9.94856e+06
1.0106e+07
1.01955e+07
1.02576e+07
1.03032e+07
1.03546e+07
1.03982e+07
1.04411e+07
1.04811e+07
1.05204e+07
1.05618e+07
1.06039e+07
1.06468e+07
1.06913e+07
1.07352e+07
1.07779e+07
1.0819e+07
1.0858e+07
1.08951e+07
1.09301e+07
1.09631e+07
1.09944e+07
1.10243e+07
1.10528e+07
1.10804e+07
1.1107e+07
1.1133e+07
1.11583e+07
1.1183e+07
1.12068e+07
1.12297e+07
1.12514e+07
1.1272e+07
1.12914e+07
1.13098e+07
1.13271e+07
1.13434e+07
1.13587e+07
1.1373e+07
1.13862e+07
1.13985e+07
1.14096e+07
1.14196e+07
1.14284e+07
1.1436e+07
1.14424e+07
1.14475e+07
1.14512e+07
1.14537e+07
1.14549e+07
1.14549e+07
1.14536e+07
1.14511e+07
1.14476e+07
1.1443e+07
1.14375e+07
1.14312e+07
1.14241e+07
1.14163e+07
1.14078e+07
1.13988e+07
1.13893e+07
1.13794e+07
1.13691e+07
1.13583e+07
1.13472e+07
1.13356e+07
1.13238e+07
1.13114e+07
1.12987e+07
1.12853e+07
1.12732e+07
1.12625e+07
1.12519e+07
1.12418e+07
1.12319e+07
1.12223e+07
1.1213e+07
1.12039e+07
1.11949e+07
1.1186e+07
1.11772e+07
1.11685e+07
1.11598e+07
1.11509e+07
1.11419e+07
1.11328e+07
1.11237e+07
1.11148e+07
1.1106e+07
1.10976e+07
1.10892e+07
1.10808e+07
1.10725e+07
1.10647e+07
1.10576e+07
1.10511e+07
1.10452e+07
1.10396e+07
1.10339e+07
1.10276e+07
1.10209e+07
1.1014e+07
1.10067e+07
1.09987e+07
1.09898e+07
1.09811e+07
1.09731e+07
1.09653e+07
1.09575e+07
1.09491e+07
1.09408e+07
1.09317e+07
1.09229e+07
1.09134e+07
1.09039e+07
1.08944e+07
1.08854e+07
1.08778e+07
1.08706e+07
1.08644e+07
1.0858e+07
1.08524e+07
1.08466e+07
477678
476105
474134
471847
469456
466909
464573
462862
462198
462601
463806
466075
469835
474532
481250
490348
497672
511599
522856
539942
561911
581045
606530
628665
689948
750175
5.35873e+06
9.20793e+06
9.92505e+06
1.01021e+07
1.01904e+07
1.02579e+07
1.03084e+07
1.03592e+07
1.04034e+07
1.04429e+07
1.04827e+07
1.05209e+07
1.0558e+07
1.05963e+07
1.06357e+07
1.06765e+07
1.07171e+07
1.07571e+07
1.07962e+07
1.08332e+07
1.0868e+07
1.09011e+07
1.09324e+07
1.09625e+07
1.09916e+07
1.10198e+07
1.10474e+07
1.10746e+07
1.1101e+07
1.11266e+07
1.11512e+07
1.11747e+07
1.1197e+07
1.12181e+07
1.12381e+07
1.1257e+07
1.12748e+07
1.12914e+07
1.13069e+07
1.13212e+07
1.13344e+07
1.13464e+07
1.13571e+07
1.13666e+07
1.13747e+07
1.13814e+07
1.13868e+07
1.13908e+07
1.13934e+07
1.13946e+07
1.13945e+07
1.1393e+07
1.13904e+07
1.13866e+07
1.13817e+07
1.13759e+07
1.13692e+07
1.13617e+07
1.13535e+07
1.13446e+07
1.13353e+07
1.13254e+07
1.13151e+07
1.13045e+07
1.12933e+07
1.12819e+07
1.12701e+07
1.12581e+07
1.12456e+07
1.12329e+07
1.12196e+07
1.12075e+07
1.11965e+07
1.11855e+07
1.11747e+07
1.11641e+07
1.11537e+07
1.11434e+07
1.11333e+07
1.11233e+07
1.11133e+07
1.11034e+07
1.10936e+07
1.10839e+07
1.10741e+07
1.10642e+07
1.10541e+07
1.10442e+07
1.10342e+07
1.10245e+07
1.10152e+07
1.10058e+07
1.09964e+07
1.09871e+07
1.09784e+07
1.09705e+07
1.09636e+07
1.09575e+07
1.09519e+07
1.09464e+07
1.09402e+07
1.09339e+07
1.09274e+07
1.09206e+07
1.09131e+07
1.09047e+07
1.08966e+07
1.08889e+07
1.08815e+07
1.08741e+07
1.08662e+07
1.08585e+07
1.08502e+07
1.0842e+07
1.08332e+07
1.08245e+07
1.08156e+07
1.08074e+07
1.08004e+07
1.07938e+07
1.07879e+07
1.07821e+07
1.07771e+07
1.07721e+07
488921
487713
485982
483782
481199
478199
474972
471807
469016
466840
465168
464245
464383
465518
468061
473573
478656
487875
496611
507559
521640
535061
556060
573452
601167
632020
697630
753074
5.30161e+06
9.2019e+06
9.94087e+06
1.01151e+07
1.02003e+07
1.0266e+07
1.03193e+07
1.03644e+07
1.04106e+07
1.0452e+07
1.04883e+07
1.05237e+07
1.0559e+07
1.05939e+07
1.06289e+07
1.06657e+07
1.07035e+07
1.07404e+07
1.07762e+07
1.08105e+07
1.08429e+07
1.08741e+07
1.09042e+07
1.09337e+07
1.09627e+07
1.09913e+07
1.10192e+07
1.10464e+07
1.10726e+07
1.10977e+07
1.11217e+07
1.11445e+07
1.11661e+07
1.11866e+07
1.12058e+07
1.12238e+07
1.12406e+07
1.12561e+07
1.12703e+07
1.12831e+07
1.12947e+07
1.13048e+07
1.13134e+07
1.13206e+07
1.13263e+07
1.13305e+07
1.13332e+07
1.13345e+07
1.13343e+07
1.13328e+07
1.133e+07
1.13259e+07
1.13208e+07
1.13146e+07
1.13075e+07
1.12996e+07
1.1291e+07
1.12817e+07
1.12719e+07
1.12617e+07
1.1251e+07
1.124e+07
1.12284e+07
1.12166e+07
1.12045e+07
1.11921e+07
1.11795e+07
1.11666e+07
1.11532e+07
1.1141e+07
1.113e+07
1.11187e+07
1.11074e+07
1.10963e+07
1.10853e+07
1.10745e+07
1.10638e+07
1.10531e+07
1.10424e+07
1.10319e+07
1.10215e+07
1.10112e+07
1.10008e+07
1.09904e+07
1.098e+07
1.09695e+07
1.09592e+07
1.09492e+07
1.09395e+07
1.093e+07
1.09203e+07
1.09107e+07
1.09016e+07
1.08934e+07
1.08862e+07
1.08801e+07
1.08746e+07
1.0869e+07
1.08631e+07
1.08571e+07
1.08509e+07
1.08446e+07
1.08376e+07
1.08298e+07
1.08222e+07
1.0815e+07
1.0808e+07
1.08009e+07
1.07934e+07
1.07862e+07
1.07786e+07
1.07711e+07
1.0763e+07
1.0755e+07
1.07469e+07
1.07396e+07
1.07334e+07
1.07275e+07
1.07222e+07
1.07169e+07
1.07125e+07
1.07082e+07
498068
497664
496631
495045
492934
490270
487136
483701
480152
476697
473315
470158
467511
465557
464513
465641
467386
472121
478507
486161
496068
505243
519441
532457
554210
574315
604095
636375
705858
762655
7.52367e+06
9.245e+06
9.97804e+06
1.01449e+07
1.02189e+07
1.0272e+07
1.03307e+07
1.03805e+07
1.0421e+07
1.04605e+07
1.04973e+07
1.05305e+07
1.05617e+07
1.05934e+07
1.06258e+07
1.0659e+07
1.06928e+07
1.07256e+07
1.0758e+07
1.07895e+07
1.08201e+07
1.08502e+07
1.08802e+07
1.09098e+07
1.09388e+07
1.09671e+07
1.09947e+07
1.10211e+07
1.10465e+07
1.10707e+07
1.10939e+07
1.11158e+07
1.11365e+07
1.11559e+07
1.1174e+07
1.11907e+07
1.12059e+07
1.12198e+07
1.12321e+07
1.12429e+07
1.12522e+07
1.12599e+07
1.1266e+07
1.12705e+07
1.12733e+07
1.12746e+07
1.12744e+07
1.12728e+07
1.12698e+07
1.12655e+07
1.12601e+07
1.12536e+07
1.12461e+07
1.12378e+07
1.12287e+07
1.1219e+07
1.12087e+07
1.1198e+07
1.11869e+07
1.11754e+07
1.11633e+07
1.11511e+07
1.11385e+07
1.11257e+07
1.11127e+07
1.10995e+07
1.10859e+07
1.10735e+07
1.10621e+07
1.10505e+07
1.10389e+07
1.10274e+07
1.1016e+07
1.10048e+07
1.09938e+07
1.09828e+07
1.09718e+07
1.0961e+07
1.09504e+07
1.094e+07
1.09296e+07
1.09193e+07
1.09089e+07
1.08987e+07
1.08886e+07
1.08788e+07
1.08696e+07
1.08606e+07
1.08516e+07
1.08426e+07
1.0834e+07
1.08264e+07
1.08196e+07
1.08135e+07
1.08079e+07
1.08023e+07
1.07964e+07
1.07907e+07
1.07849e+07
1.07789e+07
1.07722e+07
1.07648e+07
1.07578e+07
1.07512e+07
1.07445e+07
1.07377e+07
1.07306e+07
1.07239e+07
1.07169e+07
1.071e+07
1.07026e+07
1.06952e+07
1.06878e+07
1.06814e+07
1.06759e+07
1.06705e+07
1.06655e+07
1.06606e+07
1.06565e+07
1.06527e+07
504333
505109
505095
504437
503149
501227
498705
495686
492281
488622
484704
480590
476445
472443
468791
466379
464878
465122
467574
471626
478381
485138
495356
505000
519702
534089
556477
577605
606989
640714
715575
857359
8.84384e+06
9.33594e+06
1.00363e+07
1.01556e+07
1.02359e+07
1.02978e+07
1.03447e+07
1.03927e+07
1.04361e+07
1.04732e+07
1.05057e+07
1.05368e+07
1.0567e+07
1.05965e+07
1.06253e+07
1.06538e+07
1.06831e+07
1.07122e+07
1.07415e+07
1.07715e+07
1.08017e+07
1.08317e+07
1.08611e+07
1.08901e+07
1.09185e+07
1.09457e+07
1.09722e+07
1.09976e+07
1.10219e+07
1.10452e+07
1.10672e+07
1.10878e+07
1.11071e+07
1.1125e+07
1.11413e+07
1.11561e+07
1.11694e+07
1.1181e+07
1.11909e+07
1.11991e+07
1.12057e+07
1.12105e+07
1.12135e+07
1.12149e+07
1.12147e+07
1.1213e+07
1.12099e+07
1.12054e+07
1.11996e+07
1.11927e+07
1.11848e+07
1.1176e+07
1.11665e+07
1.11562e+07
1.11454e+07
1.11341e+07
1.11224e+07
1.11104e+07
1.10977e+07
1.10849e+07
1.10717e+07
1.10584e+07
1.10449e+07
1.10314e+07
1.10174e+07
1.10047e+07
1.09931e+07
1.09813e+07
1.09694e+07
1.09577e+07
1.09462e+07
1.09351e+07
1.09241e+07
1.09132e+07
1.09025e+07
1.08919e+07
1.08816e+07
1.08716e+07
1.08619e+07
1.08523e+07
1.08427e+07
1.08332e+07
1.08239e+07
1.08151e+07
1.0807e+07
1.07991e+07
1.07913e+07
1.07836e+07
1.07762e+07
1.07695e+07
1.07633e+07
1.07575e+07
1.07518e+07
1.07461e+07
1.07403e+07
1.07348e+07
1.07292e+07
1.07234e+07
1.0717e+07
1.07099e+07
1.07034e+07
1.06972e+07
1.06909e+07
1.06842e+07
1.06772e+07
1.06706e+07
1.0664e+07
1.06574e+07
1.06503e+07
1.0643e+07
1.06356e+07
1.06294e+07
1.0624e+07
1.06185e+07
1.06132e+07
1.06081e+07
1.06038e+07
1.06e+07
507000
509494
510849
511415
511199
510257
508617
506360
503564
500312
496599
492446
487917
483100
478125
473523
469445
466271
464979
464973
467442
471199
478101
485702
496706
507161
521969
537189
559681
582226
610188
658222
736469
1.49432e+06
9.16578e+06
9.88154e+06
1.00934e+07
1.01981e+07
1.02532e+07
1.03141e+07
1.03673e+07
1.0411e+07
1.0448e+07
1.04831e+07
1.05164e+07
1.05467e+07
1.05742e+07
1.05999e+07
1.06246e+07
1.06488e+07
1.06742e+07
1.07013e+07
1.07297e+07
1.07588e+07
1.0788e+07
1.0817e+07
1.08454e+07
1.08729e+07
1.08999e+07
1.09259e+07
1.09511e+07
1.09752e+07
1.09981e+07
1.10198e+07
1.10402e+07
1.10591e+07
1.10764e+07
1.10922e+07
1.11064e+07
1.11188e+07
1.11294e+07
1.11382e+07
1.11453e+07
1.11504e+07
1.11537e+07
1.11552e+07
1.11551e+07
1.11533e+07
1.115e+07
1.11452e+07
1.11391e+07
1.11317e+07
1.11233e+07
1.1114e+07
1.11038e+07
1.10929e+07
1.10814e+07
1.10694e+07
1.10571e+07
1.10445e+07
1.10313e+07
1.10178e+07
1.1004e+07
1.09902e+07
1.09763e+07
1.09626e+07
1.09485e+07
1.09358e+07
1.09243e+07
1.09125e+07
1.09008e+07
1.08894e+07
1.08784e+07
1.08678e+07
1.08576e+07
1.08475e+07
1.08376e+07
1.08279e+07
1.08186e+07
1.08097e+07
1.08013e+07
1.0793e+07
1.07847e+07
1.07765e+07
1.07686e+07
1.07613e+07
1.07546e+07
1.07481e+07
1.07416e+07
1.07352e+07
1.07288e+07
1.07229e+07
1.07174e+07
1.07118e+07
1.07061e+07
1.07003e+07
1.06943e+07
1.06889e+07
1.06835e+07
1.06776e+07
1.0671e+07
1.06639e+07
1.06576e+07
1.06515e+07
1.06449e+07
1.06377e+07
1.06302e+07
1.0623e+07
1.06162e+07
1.06093e+07
1.06017e+07
1.0594e+07
1.0586e+07
1.05795e+07
1.05737e+07
1.05677e+07
1.05617e+07
1.0556e+07
1.05511e+07
1.05468e+07
504034
509378
513369
515586
516736
517002
516441
515151
513211
510679
507559
503862
499606
494817
489552
484089
478625
473335
469158
465869
464367
464312
466821
471629
479693
488155
499302
510111
525180
541935
564993
593802
625320
713747
811226
7.65989e+06
9.33709e+06
1.00037e+07
1.01364e+07
1.02206e+07
1.02874e+07
1.03402e+07
1.0383e+07
1.04243e+07
1.04631e+07
1.04977e+07
1.05284e+07
1.05554e+07
1.05793e+07
1.06014e+07
1.06229e+07
1.06453e+07
1.06696e+07
1.06952e+07
1.07219e+07
1.07498e+07
1.07774e+07
1.08043e+07
1.08312e+07
1.0857e+07
1.08824e+07
1.09069e+07
1.09303e+07
1.09526e+07
1.09736e+07
1.09933e+07
1.10114e+07
1.10281e+07
1.1043e+07
1.10562e+07
1.10675e+07
1.1077e+07
1.10846e+07
1.10901e+07
1.10936e+07
1.10953e+07
1.10951e+07
1.10933e+07
1.10898e+07
1.10847e+07
1.10781e+07
1.10702e+07
1.10612e+07
1.10512e+07
1.10404e+07
1.10287e+07
1.10165e+07
1.10039e+07
1.09911e+07
1.09779e+07
1.09642e+07
1.09503e+07
1.09362e+07
1.09222e+07
1.09084e+07
1.08949e+07
1.08813e+07
1.08693e+07
1.08584e+07
1.08475e+07
1.08367e+07
1.08263e+07
1.08165e+07
1.08072e+07
1.07983e+07
1.07897e+07
1.07814e+07
1.07732e+07
1.07654e+07
1.07581e+07
1.07512e+07
1.07446e+07
1.0738e+07
1.07313e+07
1.07248e+07
1.07189e+07
1.07136e+07
1.07083e+07
1.07027e+07
1.06968e+07
1.0691e+07
1.06855e+07
1.06802e+07
1.06748e+07
1.0669e+07
1.06628e+07
1.06564e+07
1.06507e+07
1.0645e+07
1.06387e+07
1.06316e+07
1.06239e+07
1.06172e+07
1.06107e+07
1.06037e+07
1.05957e+07
1.05872e+07
1.0579e+07
1.05714e+07
1.05638e+07
1.05556e+07
1.05469e+07
1.0538e+07
1.05308e+07
1.05244e+07
1.05179e+07
1.05113e+07
1.05049e+07
1.04992e+07
1.04942e+07
492396
503500
510859
516072
519407
521188
521951
521824
520918
519296
516978
513987
510334
506018
501058
495591
489753
483605
477809
472313
467794
464508
462859
463704
467722
473820
482443
491206
502548
514776
530088
551702
577890
614828
656651
777577
1.24079e+06
9.15026e+06
9.86232e+06
1.00861e+07
1.01917e+07
1.02572e+07
1.03077e+07
1.03576e+07
1.0404e+07
1.04442e+07
1.04796e+07
1.05102e+07
1.05368e+07
1.05604e+07
1.05819e+07
1.06029e+07
1.06244e+07
1.06455e+07
1.0668e+07
1.06925e+07
1.07168e+07
1.07423e+07
1.07678e+07
1.07928e+07
1.08176e+07
1.08417e+07
1.08648e+07
1.08871e+07
1.09084e+07
1.09284e+07
1.09469e+07
1.09641e+07
1.09796e+07
1.09934e+07
1.10053e+07
1.10154e+07
1.10234e+07
1.10293e+07
1.1033e+07
1.10348e+07
1.10346e+07
1.10327e+07
1.1029e+07
1.10235e+07
1.10164e+07
1.1008e+07
1.09984e+07
1.09877e+07
1.09761e+07
1.09639e+07
1.09511e+07
1.0938e+07
1.09248e+07
1.09115e+07
1.08979e+07
1.08841e+07
1.08703e+07
1.08569e+07
1.08439e+07
1.08315e+07
1.08194e+07
1.08089e+07
1.07994e+07
1.079e+07
1.07809e+07
1.07723e+07
1.07643e+07
1.07568e+07
1.07498e+07
1.07429e+07
1.07363e+07
1.07299e+07
1.07237e+07
1.0718e+07
1.07126e+07
1.07075e+07
1.07021e+07
1.06966e+07
1.0691e+07
1.06858e+07
1.06812e+07
1.06764e+07
1.06711e+07
1.06653e+07
1.06592e+07
1.06535e+07
1.06482e+07
1.06427e+07
1.06367e+07
1.06299e+07
1.06229e+07
1.06165e+07
1.06104e+07
1.06037e+07
1.05958e+07
1.05873e+07
1.05798e+07
1.05728e+07
1.05652e+07
1.05567e+07
1.05473e+07
1.0538e+07
1.05295e+07
1.05212e+07
1.05123e+07
1.05027e+07
1.04924e+07
1.04841e+07
1.04769e+07
1.04698e+07
1.04626e+07
1.04556e+07
1.04492e+07
1.04433e+07
467603
487231
501524
511384
517750
522281
524915
526208
526544
525998
524631
522497
519619
515996
511635
506609
500998
494814
488466
481944
475670
470015
465253
462538
462148
464584
469907
476753
485685
495816
507236
522525
539707
567186
595417
627658
714703
833597
8.19403e+06
9.38917e+06
1.00205e+07
1.01548e+07
1.02183e+07
1.02804e+07
1.03371e+07
1.03848e+07
1.04259e+07
1.0461e+07
1.04912e+07
1.05177e+07
1.05416e+07
1.05646e+07
1.05869e+07
1.06074e+07
1.06276e+07
1.06479e+07
1.06681e+07
1.06902e+07
1.07124e+07
1.07354e+07
1.07587e+07
1.07814e+07
1.08036e+07
1.08252e+07
1.0846e+07
1.08656e+07
1.08841e+07
1.09013e+07
1.0917e+07
1.0931e+07
1.09432e+07
1.09536e+07
1.0962e+07
1.09681e+07
1.09719e+07
1.09737e+07
1.09736e+07
1.09715e+07
1.09675e+07
1.09616e+07
1.0954e+07
1.09451e+07
1.09349e+07
1.09238e+07
1.09118e+07
1.08992e+07
1.08864e+07
1.08734e+07
1.08605e+07
1.08478e+07
1.0835e+07
1.08224e+07
1.08099e+07
1.07979e+07
1.07867e+07
1.07764e+07
1.07666e+07
1.07582e+07
1.07506e+07
1.07432e+07
1.07361e+07
1.07295e+07
1.07234e+07
1.07178e+07
1.07125e+07
1.07072e+07
1.07019e+07
1.06967e+07
1.06917e+07
1.0687e+07
1.06825e+07
1.0678e+07
1.06732e+07
1.0668e+07
1.06625e+07
1.06574e+07
1.06527e+07
1.06479e+07
1.06425e+07
1.06363e+07
1.06297e+07
1.06236e+07
1.06178e+07
1.0612e+07
1.06056e+07
1.05983e+07
1.05905e+07
1.05836e+07
1.05769e+07
1.05697e+07
1.05613e+07
1.05519e+07
1.05437e+07
1.0536e+07
1.05279e+07
1.05188e+07
1.05087e+07
1.04985e+07
1.04891e+07
1.048e+07
1.04703e+07
1.04599e+07
1.04483e+07
1.04389e+07
1.04305e+07
1.04224e+07
1.04147e+07
1.04073e+07
1.04002e+07
1.03936e+07
440191
458451
480821
498484
510775
519108
524323
528021
529943
530681
530430
529284
527300
524491
520876
516505
511428
505642
499392
492674
485723
478822
472117
466679
462823
461480
462701
466532
472736
481135
490376
502572
514551
532350
554011
580688
618692
662714
812984
1.79446e+06
9.2639e+06
9.94432e+06
1.01028e+07
1.01888e+07
1.02601e+07
1.03175e+07
1.0366e+07
1.04068e+07
1.04414e+07
1.04714e+07
1.04982e+07
1.05242e+07
1.05492e+07
1.05718e+07
1.05929e+07
1.06127e+07
1.06315e+07
1.065e+07
1.06683e+07
1.06881e+07
1.0708e+07
1.07284e+07
1.07488e+07
1.07688e+07
1.07883e+07
1.0807e+07
1.08246e+07
1.08412e+07
1.08565e+07
1.08702e+07
1.08823e+07
1.08928e+07
1.09011e+07
1.09071e+07
1.09109e+07
1.09126e+07
1.09124e+07
1.09102e+07
1.09059e+07
1.08996e+07
1.08917e+07
1.08825e+07
1.08722e+07
1.08611e+07
1.08493e+07
1.08372e+07
1.0825e+07
1.08131e+07
1.08015e+07
1.07904e+07
1.07795e+07
1.07689e+07
1.07586e+07
1.07489e+07
1.07401e+07
1.07323e+07
1.07251e+07
1.07189e+07
1.07133e+07
1.07076e+07
1.0702e+07
1.06969e+07
1.06923e+07
1.06879e+07
1.06836e+07
1.06791e+07
1.06744e+07
1.06695e+07
1.06648e+07
1.06602e+07
1.06558e+07
1.06514e+07
1.06465e+07
1.06411e+07
1.06352e+07
1.06297e+07
1.06246e+07
1.06195e+07
1.06137e+07
1.06071e+07
1.05999e+07
1.05933e+07
1.05871e+07
1.05808e+07
1.05739e+07
1.0566e+07
1.05575e+07
1.05499e+07
1.05427e+07
1.05349e+07
1.05259e+07
1.05156e+07
1.05068e+07
1.04982e+07
1.04894e+07
1.04797e+07
1.0469e+07
1.04578e+07
1.04476e+07
1.04376e+07
1.04272e+07
1.04161e+07
1.04034e+07
1.03929e+07
1.03833e+07
1.0374e+07
1.03655e+07
1.03576e+07
1.035e+07
1.03426e+07
458319
441533
450655
473912
494641
509625
519650
526194
530680
533187
534286
534297
533329
531434
528655
525052
520660
515482
509670
503224
496272
488992
481430
474380
468101
463726
461309
461448
464176
469917
477168
487252
496992
509467
525137
542579
572013
601655
637787
766877
1.04079e+06
9.0956e+06
9.83464e+06
1.00646e+07
1.01683e+07
1.02395e+07
1.0298e+07
1.03462e+07
1.03864e+07
1.04207e+07
1.04508e+07
1.04806e+07
1.0509e+07
1.0534e+07
1.05574e+07
1.05793e+07
1.05992e+07
1.06173e+07
1.06348e+07
1.06516e+07
1.0668e+07
1.06854e+07
1.07027e+07
1.072e+07
1.07376e+07
1.07545e+07
1.07705e+07
1.07859e+07
1.08002e+07
1.0813e+07
1.08244e+07
1.08344e+07
1.08424e+07
1.08479e+07
1.08513e+07
1.08529e+07
1.08526e+07
1.08503e+07
1.08459e+07
1.08395e+07
1.08317e+07
1.08228e+07
1.08131e+07
1.08028e+07
1.07923e+07
1.07816e+07
1.07711e+07
1.07611e+07
1.07517e+07
1.0743e+07
1.07346e+07
1.07266e+07
1.07188e+07
1.07115e+07
1.07049e+07
1.06991e+07
1.06938e+07
1.06893e+07
1.06848e+07
1.06801e+07
1.06753e+07
1.06707e+07
1.06664e+07
1.06624e+07
1.06583e+07
1.06539e+07
1.06491e+07
1.06441e+07
1.0639e+07
1.06341e+07
1.06295e+07
1.06247e+07
1.06195e+07
1.06136e+07
1.06073e+07
1.06013e+07
1.05958e+07
1.05902e+07
1.0584e+07
1.05769e+07
1.0569e+07
1.05618e+07
1.05551e+07
1.05482e+07
1.05408e+07
1.05323e+07
1.0523e+07
1.05147e+07
1.05067e+07
1.04982e+07
1.04886e+07
1.04773e+07
1.04677e+07
1.04583e+07
1.04485e+07
1.04381e+07
1.04266e+07
1.04146e+07
1.04034e+07
1.03924e+07
1.03811e+07
1.03693e+07
1.03554e+07
1.03441e+07
1.03332e+07
1.03227e+07
1.03132e+07
1.03045e+07
1.02964e+07
1.02881e+07
492542
470286
447853
445988
467430
490640
508130
520031
527779
532988
536047
537461
537675
536811
534958
532200
528581
524115
518911
512975
506384
499242
491549
483832
476256
469779
464603
461558
460702
462897
467518
475062
483379
492898
505268
517505
537060
560966
589140
633370
710166
876840
8.4417e+06
9.5276e+06
1.00241e+07
1.01448e+07
1.02188e+07
1.02773e+07
1.03249e+07
1.03647e+07
1.03988e+07
1.04332e+07
1.04657e+07
1.04935e+07
1.05195e+07
1.05439e+07
1.05657e+07
1.05857e+07
1.06047e+07
1.06211e+07
1.06371e+07
1.06525e+07
1.06667e+07
1.06812e+07
1.06963e+07
1.07103e+07
1.0724e+07
1.07378e+07
1.07505e+07
1.07617e+07
1.0772e+07
1.07811e+07
1.07882e+07
1.0793e+07
1.07959e+07
1.07972e+07
1.07969e+07
1.07947e+07
1.07905e+07
1.07847e+07
1.07776e+07
1.07697e+07
1.07615e+07
1.07531e+07
1.07445e+07
1.0736e+07
1.07278e+07
1.07204e+07
1.07135e+07
1.07071e+07
1.0701e+07
1.0695e+07
1.06892e+07
1.06834e+07
1.06781e+07
1.06733e+07
1.06687e+07
1.06646e+07
1.06605e+07
1.06559e+07
1.06511e+07
1.06464e+07
1.06419e+07
1.06377e+07
1.06334e+07
1.06287e+07
1.06236e+07
1.06181e+07
1.06126e+07
1.06073e+07
1.06023e+07
1.05971e+07
1.05914e+07
1.05851e+07
1.05782e+07
1.05717e+07
1.05657e+07
1.05596e+07
1.05529e+07
1.05452e+07
1.05367e+07
1.05289e+07
1.05215e+07
1.0514e+07
1.05059e+07
1.04967e+07
1.04866e+07
1.04775e+07
1.04687e+07
1.04593e+07
1.04489e+07
1.04366e+07
1.04262e+07
1.04158e+07
1.04049e+07
1.03935e+07
1.03811e+07
1.03681e+07
1.03559e+07
1.03437e+07
1.03313e+07
1.03185e+07
1.03033e+07
1.02912e+07
1.0279e+07
1.02669e+07
1.02561e+07
1.02465e+07
1.02375e+07
1.02282e+07
514921
500618
479904
455567
444775
462233
487098
506866
520439
529412
534940
538570
540269
540599
539791
537964
535190
531502
526994
521691
515641
508913
501492
493717
485684
478086
471137
465632
461901
460653
462002
466390
472736
480058
490120
499959
513696
531464
551272
584390
622673
671576
884124
3.59694e+06
9.36366e+06
9.97822e+06
1.01204e+07
1.01967e+07
1.02547e+07
1.03019e+07
1.03408e+07
1.03812e+07
1.04187e+07
1.04497e+07
1.04789e+07
1.05061e+07
1.05301e+07
1.05522e+07
1.05732e+07
1.05912e+07
1.06087e+07
1.06243e+07
1.06381e+07
1.06517e+07
1.06645e+07
1.06759e+07
1.06875e+07
1.06991e+07
1.07095e+07
1.07188e+07
1.07276e+07
1.07356e+07
1.07416e+07
1.07455e+07
1.0748e+07
1.07492e+07
1.07491e+07
1.07473e+07
1.07438e+07
1.07389e+07
1.07331e+07
1.0727e+07
1.07209e+07
1.07147e+07
1.07084e+07
1.0702e+07
1.06958e+07
1.06902e+07
1.06852e+07
1.06804e+07
1.06754e+07
1.06704e+07
1.0665e+07
1.06597e+07
1.06547e+07
1.065e+07
1.06453e+07
1.06412e+07
1.06368e+07
1.0632e+07
1.06268e+07
1.06218e+07
1.0617e+07
1.06124e+07
1.06077e+07
1.06028e+07
1.05973e+07
1.05913e+07
1.05853e+07
1.05795e+07
1.0574e+07
1.05684e+07
1.05623e+07
1.05554e+07
1.05478e+07
1.05409e+07
1.05343e+07
1.05276e+07
1.05203e+07
1.0512e+07
1.05026e+07
1.04942e+07
1.04862e+07
1.04778e+07
1.0469e+07
1.0459e+07
1.0448e+07
1.04381e+07
1.04283e+07
1.04179e+07
1.04065e+07
1.03929e+07
1.03818e+07
1.03702e+07
1.03579e+07
1.03453e+07
1.03318e+07
1.03177e+07
1.03043e+07
1.02907e+07
1.02768e+07
1.02628e+07
1.02459e+07
1.02328e+07
1.02191e+07
1.02052e+07
1.01926e+07
1.01817e+07
1.01716e+07
1.01611e+07
526749
519064
506443
487255
462683
445924
458638
484409
506023
521062
530814
536959
540885
542724
543141
542365
540522
537674
533928
529323
523909
517733
510789
503296
495312
487316
479476
472418
466530
462552
460874
461792
465383
470373
478014
486397
496848
510763
525266
546648
577788
609524
655911
877082
1.90812e+06
9.31867e+06
9.93608e+06
1.00938e+07
1.0172e+07
1.02299e+07
1.0275e+07
1.03237e+07
1.03674e+07
1.04019e+07
1.04351e+07
1.04656e+07
1.04922e+07
1.05167e+07
1.05399e+07
1.05596e+07
1.0579e+07
1.05961e+07
1.06111e+07
1.06257e+07
1.06383e+07
1.06492e+07
1.06598e+07
1.06697e+07
1.06782e+07
1.06858e+07
1.06934e+07
1.07001e+07
1.0705e+07
1.07082e+07
1.07103e+07
1.07117e+07
1.07119e+07
1.07108e+07
1.07082e+07
1.07045e+07
1.07001e+07
1.06956e+07
1.06912e+07
1.06867e+07
1.06819e+07
1.06767e+07
1.06714e+07
1.06665e+07
1.0662e+07
1.06577e+07
1.0653e+07
1.06479e+07
1.06424e+07
1.06367e+07
1.06315e+07
1.06266e+07
1.06216e+07
1.06172e+07
1.06125e+07
1.06074e+07
1.06018e+07
1.05964e+07
1.05912e+07
1.05862e+07
1.05812e+07
1.05758e+07
1.05698e+07
1.05634e+07
1.05568e+07
1.05506e+07
1.05446e+07
1.05384e+07
1.05318e+07
1.05243e+07
1.0516e+07
1.05085e+07
1.05014e+07
1.0494e+07
1.0486e+07
1.0477e+07
1.04667e+07
1.04577e+07
1.04489e+07
1.04396e+07
1.04298e+07
1.0419e+07
1.04068e+07
1.03961e+07
1.03852e+07
1.03735e+07
1.03609e+07
1.03459e+07
1.03339e+07
1.0321e+07
1.03069e+07
1.02927e+07
1.0278e+07
1.02624e+07
1.02477e+07
1.02322e+07
1.02164e+07
1.02008e+07
1.01817e+07
1.01673e+07
1.01517e+07
1.01354e+07
1.01206e+07
1.01078e+07
1.00962e+07
1.0084e+07
532380
528603
521936
510577
492665
468405
448231
456666
482785
505818
521896
532370
538918
543019
544949
545398
544614
542689
539768
535915
531191
525639
519271
512235
504575
496621
488502
480668
473452
467478
463358
461310
461805
464019
468929
475464
483726
494972
506862
521532
543294
569693
601435
658718
827911
1.46833e+06
9.28424e+06
9.89339e+06
1.0063e+07
1.01437e+07
1.01983e+07
1.02588e+07
1.03105e+07
1.03493e+07
1.03874e+07
1.04218e+07
1.04515e+07
1.04787e+07
1.05046e+07
1.05262e+07
1.05477e+07
1.05666e+07
1.05829e+07
1.05991e+07
1.06129e+07
1.06247e+07
1.06357e+07
1.06455e+07
1.06537e+07
1.0661e+07
1.06679e+07
1.06738e+07
1.0678e+07
1.06807e+07
1.06828e+07
1.06844e+07
1.06851e+07
1.06845e+07
1.06826e+07
1.06797e+07
1.06761e+07
1.06723e+07
1.06685e+07
1.06646e+07
1.06602e+07
1.06552e+07
1.06499e+07
1.06448e+07
1.06401e+07
1.06355e+07
1.06306e+07
1.06253e+07
1.06193e+07
1.06133e+07
1.06076e+07
1.06024e+07
1.05972e+07
1.05924e+07
1.05874e+07
1.05818e+07
1.05758e+07
1.057e+07
1.05645e+07
1.05591e+07
1.05536e+07
1.05477e+07
1.05413e+07
1.05343e+07
1.05272e+07
1.05205e+07
1.05139e+07
1.05072e+07
1.04999e+07
1.04917e+07
1.04827e+07
1.04746e+07
1.04669e+07
1.04587e+07
1.04499e+07
1.044e+07
1.04287e+07
1.04191e+07
1.04094e+07
1.0399e+07
1.0388e+07
1.03761e+07
1.03628e+07
1.03512e+07
1.03388e+07
1.03255e+07
1.03116e+07
1.02947e+07
1.02819e+07
1.02673e+07
1.0251e+07
1.02348e+07
1.02183e+07
1.02011e+07
1.01846e+07
1.01666e+07
1.01484e+07
1.01304e+07
1.01083e+07
1.00922e+07
1.00741e+07
1.00546e+07
1.00368e+07
1.00214e+07
1.00077e+07
9.99384e+06
534903
533125
529861
523894
513429
496429
472444
450472
456099
482413
506393
523205
534095
540865
545063
547080
547481
546595
544591
541546
537555
532670
526927
520436
513238
505571
497537
489458
481590
474399
468484
464104
461918
461307
463137
467251
473347
482232
492452
503850
519345
539447
562929
602159
655415
795177
1.28552e+06
9.25466e+06
9.84618e+06
1.00242e+07
1.01027e+07
1.01833e+07
1.02461e+07
1.02902e+07
1.03349e+07
1.03739e+07
1.04074e+07
1.04379e+07
1.04668e+07
1.04906e+07
1.05146e+07
1.05354e+07
1.05533e+07
1.05714e+07
1.05865e+07
1.05993e+07
1.06116e+07
1.06223e+07
1.06312e+07
1.0639e+07
1.06462e+07
1.06523e+07
1.06564e+07
1.06591e+07
1.06614e+07
1.06633e+07
1.06643e+07
1.0664e+07
1.06623e+07
1.06594e+07
1.06559e+07
1.06521e+07
1.06482e+07
1.06441e+07
1.06394e+07
1.06341e+07
1.06284e+07
1.06229e+07
1.06178e+07
1.06129e+07
1.06077e+07
1.0602e+07
1.05957e+07
1.05891e+07
1.05831e+07
1.05775e+07
1.05719e+07
1.05668e+07
1.05614e+07
1.05554e+07
1.05488e+07
1.05426e+07
1.05367e+07
1.05309e+07
1.05249e+07
1.05184e+07
1.05115e+07
1.0504e+07
1.04963e+07
1.04891e+07
1.0482e+07
1.04745e+07
1.04664e+07
1.04575e+07
1.04476e+07
1.0439e+07
1.04306e+07
1.04215e+07
1.04117e+07
1.04008e+07
1.03882e+07
1.0378e+07
1.03674e+07
1.03556e+07
1.03432e+07
1.03301e+07
1.03153e+07
1.03027e+07
1.02888e+07
1.02735e+07
1.02577e+07
1.02386e+07
1.02247e+07
1.02081e+07
1.01891e+07
1.01703e+07
1.01516e+07
1.01322e+07
1.01135e+07
1.00922e+07
1.00707e+07
1.00494e+07
1.00235e+07
1.00049e+07
9.98296e+06
9.95866e+06
9.93664e+06
9.91782e+06
9.90171e+06
9.88601e+06
535994
535161
533625
530691
525177
515267
498734
474835
452059
456669
483343
507874
525019
536087
542911
547240
549188
549498
548471
546304
543101
538915
533825
527923
521253
514001
506254
498248
490182
482388
475357
469320
464941
461961
460903
462110
465655
472076
480433
490066
501874
517562
535062
561421
602025
650985
772794
1.1763e+06
9.20883e+06
9.77593e+06
9.95707e+06
1.00858e+07
1.0169e+07
1.02217e+07
1.02758e+07
1.03205e+07
1.03591e+07
1.03933e+07
1.04261e+07
1.04523e+07
1.04792e+07
1.05023e+07
1.05219e+07
1.05421e+07
1.05587e+07
1.05726e+07
1.05864e+07
1.05982e+07
1.0608e+07
1.06166e+07
1.06247e+07
1.06314e+07
1.0636e+07
1.0639e+07
1.06416e+07
1.0644e+07
1.06453e+07
1.0645e+07
1.06432e+07
1.064e+07
1.06362e+07
1.06321e+07
1.06279e+07
1.06235e+07
1.06184e+07
1.06126e+07
1.06063e+07
1.06004e+07
1.0595e+07
1.05897e+07
1.05841e+07
1.0578e+07
1.05712e+07
1.05641e+07
1.05577e+07
1.05517e+07
1.05456e+07
1.05402e+07
1.05343e+07
1.05278e+07
1.05207e+07
1.05141e+07
1.05078e+07
1.05015e+07
1.04949e+07
1.04879e+07
1.04803e+07
1.04722e+07
1.04638e+07
1.04561e+07
1.04484e+07
1.04401e+07
1.04313e+07
1.04214e+07
1.04105e+07
1.04013e+07
1.03923e+07
1.03821e+07
1.0371e+07
1.0359e+07
1.03449e+07
1.0334e+07
1.03224e+07
1.0309e+07
1.02949e+07
1.02802e+07
1.02635e+07
1.02498e+07
1.0234e+07
1.02162e+07
1.01983e+07
1.01763e+07
1.01612e+07
1.01422e+07
1.01199e+07
1.00977e+07
1.00767e+07
1.00547e+07
1.00331e+07
1.00074e+07
9.98163e+06
9.95622e+06
9.92609e+06
9.90339e+06
9.87462e+06
9.84161e+06
9.81215e+06
9.78812e+06
9.76766e+06
9.74859e+06
536457
536051
535334
533939
531198
525925
516226
499737
475618
452739
458236
485565
510285
527495
538480
545575
549690
551452
551618
550409
547993
544535
540126
534832
528719
521945
514587
506832
498837
490845
483232
476171
470214
465276
461852
460288
460899
464479
470533
478381
487858
500474
514523
532787
560686
599677
646454
748324
1.05699e+06
9.0383e+06
9.60741e+06
9.9097e+06
1.00591e+07
1.01358e+07
1.02063e+07
1.02588e+07
1.03045e+07
1.03435e+07
1.0381e+07
1.04103e+07
1.04407e+07
1.04665e+07
1.04879e+07
1.05108e+07
1.0529e+07
1.05441e+07
1.05596e+07
1.05726e+07
1.05834e+07
1.0593e+07
1.06021e+07
1.06097e+07
1.06147e+07
1.0618e+07
1.06212e+07
1.06242e+07
1.06258e+07
1.06256e+07
1.06236e+07
1.06201e+07
1.06157e+07
1.06112e+07
1.06067e+07
1.0602e+07
1.05965e+07
1.05902e+07
1.05833e+07
1.05768e+07
1.0571e+07
1.05653e+07
1.05593e+07
1.05527e+07
1.05454e+07
1.05378e+07
1.05309e+07
1.05245e+07
1.05179e+07
1.0512e+07
1.05056e+07
1.04986e+07
1.04908e+07
1.04838e+07
1.04772e+07
1.04703e+07
1.0463e+07
1.04553e+07
1.0447e+07
1.04381e+07
1.04291e+07
1.04209e+07
1.04125e+07
1.04033e+07
1.03934e+07
1.03825e+07
1.03703e+07
1.03606e+07
1.03508e+07
1.03393e+07
1.03268e+07
1.03133e+07
1.02974e+07
1.02858e+07
1.0273e+07
1.02576e+07
1.02413e+07
1.02248e+07
1.02059e+07
1.01909e+07
1.01728e+07
1.0152e+07
1.01312e+07
1.01058e+07
1.00893e+07
1.0067e+07
1.00401e+07
1.00133e+07
9.98961e+06
9.96451e+06
9.9384e+06
9.90525e+06
9.87275e+06
9.84108e+06
9.80737e+06
9.7778e+06
9.73626e+06
9.68495e+06
9.6379e+06
9.60639e+06
9.57113e+06
9.52189e+06
536650
536433
536091
535436
534118
531470
526273
516551
499856
475421
453036
460549
489041
514199
531459
542460
549299
553010
554492
554348
552818
550085
546301
541619
536058
529776
522842
515419
507634
499672
491817
484191
477204
470816
465426
461476
459221
459561
462694
468331
475736
485964
497882
511810
531236
558319
595689
635803
703172
894609
7.94874e+06
9.34425e+06
9.8255e+06
1.00021e+07
1.01133e+07
1.01819e+07
1.02394e+07
1.02849e+07
1.03288e+07
1.03622e+07
1.03969e+07
1.04261e+07
1.04497e+07
1.04759e+07
1.04959e+07
1.05124e+07
1.05302e+07
1.05444e+07
1.05562e+07
1.05672e+07
1.05774e+07
1.05859e+07
1.05915e+07
1.05952e+07
1.05991e+07
1.06027e+07
1.06047e+07
1.06045e+07
1.06022e+07
1.05983e+07
1.05935e+07
1.05885e+07
1.05837e+07
1.05785e+07
1.05726e+07
1.05657e+07
1.05581e+07
1.0551e+07
1.05447e+07
1.05386e+07
1.05321e+07
1.05249e+07
1.0517e+07
1.05088e+07
1.05014e+07
1.04945e+07
1.04874e+07
1.04809e+07
1.04739e+07
1.04662e+07
1.04577e+07
1.04502e+07
1.04432e+07
1.04358e+07
1.04276e+07
1.0419e+07
1.04098e+07
1.04e+07
1.03902e+07
1.03814e+07
1.03722e+07
1.03618e+07
1.03506e+07
1.03385e+07
1.03246e+07
1.03142e+07
1.03036e+07
1.02905e+07
1.02761e+07
1.02607e+07
1.02426e+07
1.02301e+07
1.02159e+07
1.0198e+07
1.01791e+07
1.01604e+07
1.01388e+07
1.01221e+07
1.01009e+07
1.00762e+07
1.0052e+07
1.00231e+07
1.00045e+07
9.97678e+06
9.94205e+06
9.90617e+06
9.8758e+06
9.84212e+06
9.80454e+06
9.75357e+06
9.70394e+06
9.65416e+06
9.58402e+06
9.49314e+06
9.39005e+06
9.25696e+06
9.11169e+06
8.96356e+06
8.74506e+06
5.21978e+06
1.19704e+07
1.19622e+07
1.19595e+07
1.19539e+07
1.19478e+07
1.19419e+07
1.19358e+07
1.19302e+07
1.19246e+07
1.19195e+07
1.19143e+07
1.19093e+07
1.19043e+07
1.18992e+07
1.18943e+07
1.18892e+07
1.18844e+07
1.18794e+07
1.18746e+07
1.18699e+07
1.18655e+07
1.18611e+07
1.18571e+07
1.18532e+07
1.18494e+07
1.1846e+07
1.18424e+07
1.18394e+07
1.18358e+07
1.18331e+07
1.18296e+07
1.18266e+07
1.18235e+07
1.18204e+07
1.18179e+07
1.18148e+07
1.18127e+07
1.18095e+07
1.18073e+07
1.1804e+07
1.18013e+07
1.1798e+07
1.17947e+07
1.17916e+07
1.17881e+07
1.17855e+07
1.17826e+07
1.17806e+07
1.1779e+07
1.17778e+07
1.17769e+07
1.17749e+07
1.17734e+07
1.17715e+07
1.17694e+07
1.17684e+07
1.1766e+07
1.17644e+07
1.1762e+07
1.17598e+07
1.17573e+07
1.1755e+07
1.17525e+07
1.17504e+07
1.17487e+07
1.17477e+07
1.17462e+07
1.17451e+07
1.1743e+07
1.17419e+07
1.17403e+07
1.17386e+07
1.17382e+07
1.17374e+07
1.17372e+07
1.17372e+07
1.17369e+07
1.17369e+07
1.17366e+07
1.17367e+07
1.17364e+07
1.17367e+07
1.17368e+07
1.17383e+07
1.17388e+07
1.17395e+07
1.17391e+07
1.17391e+07
1.17384e+07
1.17381e+07
1.17376e+07
1.17373e+07
1.17386e+07
1.17401e+07
1.17379e+07
1.17377e+07
1.17321e+07
1.17347e+07
1.17286e+07
1.17299e+07
1.18663e+07
1.18592e+07
1.18554e+07
1.18499e+07
1.1844e+07
1.1838e+07
1.18318e+07
1.18261e+07
1.18204e+07
1.18153e+07
1.181e+07
1.1805e+07
1.17999e+07
1.17947e+07
1.17896e+07
1.17845e+07
1.17795e+07
1.17744e+07
1.17695e+07
1.17647e+07
1.17602e+07
1.17558e+07
1.17516e+07
1.17477e+07
1.17438e+07
1.17403e+07
1.17366e+07
1.17336e+07
1.173e+07
1.17272e+07
1.17237e+07
1.17207e+07
1.17175e+07
1.17144e+07
1.17118e+07
1.17087e+07
1.17065e+07
1.17032e+07
1.17009e+07
1.16975e+07
1.16947e+07
1.16913e+07
1.16878e+07
1.16845e+07
1.1681e+07
1.16782e+07
1.16752e+07
1.16731e+07
1.16714e+07
1.16703e+07
1.16694e+07
1.16674e+07
1.16659e+07
1.16641e+07
1.16621e+07
1.16611e+07
1.16588e+07
1.16573e+07
1.16549e+07
1.16527e+07
1.16501e+07
1.16477e+07
1.1645e+07
1.16427e+07
1.16409e+07
1.16398e+07
1.16382e+07
1.16372e+07
1.1635e+07
1.16339e+07
1.16323e+07
1.16308e+07
1.16305e+07
1.16297e+07
1.16296e+07
1.16296e+07
1.16294e+07
1.16293e+07
1.16289e+07
1.1629e+07
1.16285e+07
1.16286e+07
1.16287e+07
1.163e+07
1.16305e+07
1.16312e+07
1.16307e+07
1.16309e+07
1.16302e+07
1.16299e+07
1.16294e+07
1.16288e+07
1.163e+07
1.16314e+07
1.16291e+07
1.16289e+07
1.16235e+07
1.16264e+07
1.16205e+07
1.16222e+07
1.17628e+07
1.17563e+07
1.17518e+07
1.17464e+07
1.17405e+07
1.17345e+07
1.17282e+07
1.17224e+07
1.17166e+07
1.17114e+07
1.1706e+07
1.1701e+07
1.16958e+07
1.16905e+07
1.16853e+07
1.168e+07
1.16749e+07
1.16697e+07
1.16647e+07
1.16598e+07
1.16552e+07
1.16506e+07
1.16465e+07
1.16424e+07
1.16385e+07
1.16349e+07
1.16312e+07
1.16281e+07
1.16245e+07
1.16216e+07
1.16181e+07
1.1615e+07
1.16117e+07
1.16086e+07
1.16059e+07
1.16028e+07
1.16005e+07
1.15972e+07
1.15948e+07
1.15913e+07
1.15883e+07
1.15848e+07
1.15812e+07
1.15777e+07
1.1574e+07
1.1571e+07
1.15679e+07
1.15657e+07
1.15639e+07
1.15629e+07
1.1562e+07
1.156e+07
1.15585e+07
1.15568e+07
1.15548e+07
1.1554e+07
1.15518e+07
1.15503e+07
1.1548e+07
1.15458e+07
1.15431e+07
1.15406e+07
1.15377e+07
1.15352e+07
1.15331e+07
1.1532e+07
1.15303e+07
1.15292e+07
1.1527e+07
1.1526e+07
1.15245e+07
1.1523e+07
1.15228e+07
1.15222e+07
1.15221e+07
1.15222e+07
1.1522e+07
1.15219e+07
1.15215e+07
1.15214e+07
1.15208e+07
1.15207e+07
1.15206e+07
1.15218e+07
1.15222e+07
1.15228e+07
1.15224e+07
1.15227e+07
1.15221e+07
1.15219e+07
1.15213e+07
1.15204e+07
1.15215e+07
1.15228e+07
1.15203e+07
1.15201e+07
1.1515e+07
1.15182e+07
1.15125e+07
1.15145e+07
1.16589e+07
1.16528e+07
1.1648e+07
1.16425e+07
1.16366e+07
1.16306e+07
1.16243e+07
1.16183e+07
1.16123e+07
1.16071e+07
1.16017e+07
1.15965e+07
1.15912e+07
1.15858e+07
1.15804e+07
1.1575e+07
1.15698e+07
1.15644e+07
1.15593e+07
1.15543e+07
1.15496e+07
1.1545e+07
1.15407e+07
1.15366e+07
1.15326e+07
1.15289e+07
1.15252e+07
1.1522e+07
1.15183e+07
1.15154e+07
1.15119e+07
1.15087e+07
1.15054e+07
1.15023e+07
1.14994e+07
1.14963e+07
1.14938e+07
1.14905e+07
1.14879e+07
1.14844e+07
1.14812e+07
1.14775e+07
1.14737e+07
1.14701e+07
1.14662e+07
1.14631e+07
1.14599e+07
1.14574e+07
1.14556e+07
1.14546e+07
1.14538e+07
1.14517e+07
1.14503e+07
1.14486e+07
1.14468e+07
1.14461e+07
1.14441e+07
1.14427e+07
1.14404e+07
1.14381e+07
1.14353e+07
1.14327e+07
1.14295e+07
1.14268e+07
1.14245e+07
1.14232e+07
1.14215e+07
1.14203e+07
1.1418e+07
1.14172e+07
1.14157e+07
1.14144e+07
1.14143e+07
1.14138e+07
1.14138e+07
1.14139e+07
1.14138e+07
1.14138e+07
1.14133e+07
1.1413e+07
1.14123e+07
1.1412e+07
1.14116e+07
1.14128e+07
1.14131e+07
1.14137e+07
1.14133e+07
1.14137e+07
1.14133e+07
1.14131e+07
1.14124e+07
1.14113e+07
1.14122e+07
1.14133e+07
1.14107e+07
1.14105e+07
1.14057e+07
1.14091e+07
1.14037e+07
1.1406e+07
1.15542e+07
1.15484e+07
1.15434e+07
1.15378e+07
1.15319e+07
1.15258e+07
1.15194e+07
1.15133e+07
1.15072e+07
1.15018e+07
1.14963e+07
1.1491e+07
1.14855e+07
1.148e+07
1.14745e+07
1.14689e+07
1.14635e+07
1.1458e+07
1.14528e+07
1.14477e+07
1.14428e+07
1.14381e+07
1.14337e+07
1.14295e+07
1.14255e+07
1.14217e+07
1.14178e+07
1.14146e+07
1.14109e+07
1.14079e+07
1.14043e+07
1.14011e+07
1.13977e+07
1.13945e+07
1.13916e+07
1.13885e+07
1.13859e+07
1.13825e+07
1.13797e+07
1.1376e+07
1.13727e+07
1.13688e+07
1.13648e+07
1.1361e+07
1.13569e+07
1.13536e+07
1.13502e+07
1.13476e+07
1.13457e+07
1.13447e+07
1.13439e+07
1.13418e+07
1.13404e+07
1.13388e+07
1.13372e+07
1.13367e+07
1.13348e+07
1.13335e+07
1.13313e+07
1.13289e+07
1.1326e+07
1.13232e+07
1.13199e+07
1.13168e+07
1.13143e+07
1.13129e+07
1.1311e+07
1.13097e+07
1.13074e+07
1.13066e+07
1.13052e+07
1.13041e+07
1.13042e+07
1.13038e+07
1.13039e+07
1.13042e+07
1.13041e+07
1.13041e+07
1.13035e+07
1.13032e+07
1.13023e+07
1.13017e+07
1.13011e+07
1.13021e+07
1.13023e+07
1.13029e+07
1.13025e+07
1.13032e+07
1.13029e+07
1.13027e+07
1.1302e+07
1.13005e+07
1.13012e+07
1.13021e+07
1.12994e+07
1.12992e+07
1.12947e+07
1.12983e+07
1.12933e+07
1.12959e+07
1.14482e+07
1.14425e+07
1.14373e+07
1.14318e+07
1.14258e+07
1.14197e+07
1.14131e+07
1.14068e+07
1.14005e+07
1.1395e+07
1.13894e+07
1.13839e+07
1.13783e+07
1.13725e+07
1.13669e+07
1.13612e+07
1.13556e+07
1.135e+07
1.13447e+07
1.13394e+07
1.13344e+07
1.13296e+07
1.13251e+07
1.13208e+07
1.13166e+07
1.13128e+07
1.13088e+07
1.13055e+07
1.13018e+07
1.12987e+07
1.12951e+07
1.12918e+07
1.12883e+07
1.12851e+07
1.1282e+07
1.12789e+07
1.12761e+07
1.12727e+07
1.12698e+07
1.1266e+07
1.12625e+07
1.12584e+07
1.12542e+07
1.12501e+07
1.12458e+07
1.12423e+07
1.12389e+07
1.1236e+07
1.12339e+07
1.12329e+07
1.12321e+07
1.12299e+07
1.12286e+07
1.12271e+07
1.12256e+07
1.12254e+07
1.12237e+07
1.12225e+07
1.12204e+07
1.1218e+07
1.1215e+07
1.12121e+07
1.12085e+07
1.12052e+07
1.12024e+07
1.12007e+07
1.11986e+07
1.11973e+07
1.11949e+07
1.11942e+07
1.11929e+07
1.11919e+07
1.11922e+07
1.11919e+07
1.11922e+07
1.11926e+07
1.11926e+07
1.11926e+07
1.1192e+07
1.11916e+07
1.11905e+07
1.11897e+07
1.11889e+07
1.11896e+07
1.11896e+07
1.11902e+07
1.11899e+07
1.11907e+07
1.11906e+07
1.11906e+07
1.11898e+07
1.1188e+07
1.11884e+07
1.1189e+07
1.11861e+07
1.1186e+07
1.11818e+07
1.11857e+07
1.11811e+07
1.11839e+07
1.13404e+07
1.13349e+07
1.13297e+07
1.13241e+07
1.13181e+07
1.13119e+07
1.13053e+07
1.12987e+07
1.12923e+07
1.12866e+07
1.12808e+07
1.12752e+07
1.12694e+07
1.12635e+07
1.12577e+07
1.12519e+07
1.12462e+07
1.12405e+07
1.12351e+07
1.12297e+07
1.12247e+07
1.12197e+07
1.12152e+07
1.12108e+07
1.12066e+07
1.12026e+07
1.11987e+07
1.11952e+07
1.11915e+07
1.11883e+07
1.11847e+07
1.11814e+07
1.11778e+07
1.11745e+07
1.11714e+07
1.11682e+07
1.11654e+07
1.11619e+07
1.11589e+07
1.1155e+07
1.11513e+07
1.11471e+07
1.11427e+07
1.11384e+07
1.11339e+07
1.11303e+07
1.11268e+07
1.11237e+07
1.11215e+07
1.11203e+07
1.11195e+07
1.11172e+07
1.11159e+07
1.11145e+07
1.11133e+07
1.11132e+07
1.11118e+07
1.11108e+07
1.11087e+07
1.11063e+07
1.11033e+07
1.11003e+07
1.10966e+07
1.1093e+07
1.109e+07
1.1088e+07
1.10858e+07
1.10844e+07
1.1082e+07
1.10813e+07
1.10801e+07
1.10793e+07
1.10797e+07
1.10796e+07
1.108e+07
1.10805e+07
1.10806e+07
1.10806e+07
1.108e+07
1.10795e+07
1.10783e+07
1.10772e+07
1.10761e+07
1.10766e+07
1.10764e+07
1.10769e+07
1.10767e+07
1.10776e+07
1.10777e+07
1.10777e+07
1.10769e+07
1.10749e+07
1.1075e+07
1.10752e+07
1.10722e+07
1.10721e+07
1.10684e+07
1.10723e+07
1.10683e+07
1.10713e+07
1.12317e+07
1.12264e+07
1.12211e+07
1.12156e+07
1.12097e+07
1.12035e+07
1.11969e+07
1.11902e+07
1.11836e+07
1.11778e+07
1.11719e+07
1.11662e+07
1.11602e+07
1.11542e+07
1.11484e+07
1.11426e+07
1.1137e+07
1.11314e+07
1.1126e+07
1.11206e+07
1.11156e+07
1.11106e+07
1.11061e+07
1.11017e+07
1.10975e+07
1.10936e+07
1.10896e+07
1.10861e+07
1.10824e+07
1.10792e+07
1.10756e+07
1.10723e+07
1.10687e+07
1.10654e+07
1.10622e+07
1.10591e+07
1.10562e+07
1.10528e+07
1.10497e+07
1.10458e+07
1.1042e+07
1.10377e+07
1.10333e+07
1.10288e+07
1.10243e+07
1.10206e+07
1.10171e+07
1.10139e+07
1.10115e+07
1.10102e+07
1.10092e+07
1.10068e+07
1.10055e+07
1.10042e+07
1.10031e+07
1.10032e+07
1.10021e+07
1.10012e+07
1.09993e+07
1.0997e+07
1.09941e+07
1.09911e+07
1.09874e+07
1.09838e+07
1.09805e+07
1.09783e+07
1.0976e+07
1.09744e+07
1.09721e+07
1.09714e+07
1.09703e+07
1.09696e+07
1.09701e+07
1.09701e+07
1.09706e+07
1.09711e+07
1.09713e+07
1.09714e+07
1.09708e+07
1.09702e+07
1.09689e+07
1.09677e+07
1.09664e+07
1.09664e+07
1.0966e+07
1.09663e+07
1.09661e+07
1.09671e+07
1.09673e+07
1.09674e+07
1.09666e+07
1.09645e+07
1.09642e+07
1.0964e+07
1.0961e+07
1.09609e+07
1.09577e+07
1.09615e+07
1.09583e+07
1.09614e+07
1.11241e+07
1.11191e+07
1.11141e+07
1.11087e+07
1.1103e+07
1.10969e+07
1.10905e+07
1.10839e+07
1.10774e+07
1.10715e+07
1.10656e+07
1.10598e+07
1.10539e+07
1.1048e+07
1.10423e+07
1.10367e+07
1.10313e+07
1.10258e+07
1.10206e+07
1.10155e+07
1.10106e+07
1.10058e+07
1.10014e+07
1.09972e+07
1.09932e+07
1.09893e+07
1.09855e+07
1.0982e+07
1.09784e+07
1.09752e+07
1.09718e+07
1.09685e+07
1.0965e+07
1.09617e+07
1.09586e+07
1.09555e+07
1.09528e+07
1.09494e+07
1.09463e+07
1.09426e+07
1.09389e+07
1.09346e+07
1.09302e+07
1.09258e+07
1.09213e+07
1.09176e+07
1.09142e+07
1.09111e+07
1.09086e+07
1.0907e+07
1.09057e+07
1.09033e+07
1.09019e+07
1.09007e+07
1.08998e+07
1.09e+07
1.08991e+07
1.08984e+07
1.08968e+07
1.08946e+07
1.08919e+07
1.0889e+07
1.08855e+07
1.08819e+07
1.08786e+07
1.08762e+07
1.08737e+07
1.08721e+07
1.08699e+07
1.08692e+07
1.08682e+07
1.08676e+07
1.0868e+07
1.08681e+07
1.08686e+07
1.08692e+07
1.08695e+07
1.08695e+07
1.0869e+07
1.08684e+07
1.08671e+07
1.08657e+07
1.08643e+07
1.08639e+07
1.08631e+07
1.08632e+07
1.0863e+07
1.08639e+07
1.08642e+07
1.08643e+07
1.08635e+07
1.08615e+07
1.08608e+07
1.08602e+07
1.08574e+07
1.08572e+07
1.08546e+07
1.08581e+07
1.08558e+07
1.0859e+07
1.10213e+07
1.10167e+07
1.1012e+07
1.1007e+07
1.10016e+07
1.0996e+07
1.09899e+07
1.09836e+07
1.09773e+07
1.09716e+07
1.09657e+07
1.09601e+07
1.09543e+07
1.09486e+07
1.09432e+07
1.0938e+07
1.0933e+07
1.09279e+07
1.0923e+07
1.09182e+07
1.09136e+07
1.09091e+07
1.09051e+07
1.09012e+07
1.08974e+07
1.08938e+07
1.08902e+07
1.08869e+07
1.08835e+07
1.08804e+07
1.08771e+07
1.08739e+07
1.08706e+07
1.08675e+07
1.08645e+07
1.08616e+07
1.08589e+07
1.08559e+07
1.08529e+07
1.08493e+07
1.08457e+07
1.08417e+07
1.08375e+07
1.08332e+07
1.08289e+07
1.08253e+07
1.08221e+07
1.08192e+07
1.08166e+07
1.08148e+07
1.08133e+07
1.08109e+07
1.08095e+07
1.08083e+07
1.08076e+07
1.08077e+07
1.0807e+07
1.08066e+07
1.08051e+07
1.08032e+07
1.08007e+07
1.07981e+07
1.07949e+07
1.07915e+07
1.07882e+07
1.07857e+07
1.07832e+07
1.07815e+07
1.07795e+07
1.07788e+07
1.07778e+07
1.07774e+07
1.07777e+07
1.07778e+07
1.07783e+07
1.07788e+07
1.07792e+07
1.07793e+07
1.07789e+07
1.07781e+07
1.07769e+07
1.07755e+07
1.07739e+07
1.07731e+07
1.07721e+07
1.07719e+07
1.07717e+07
1.07725e+07
1.07727e+07
1.07728e+07
1.07721e+07
1.07702e+07
1.07691e+07
1.07681e+07
1.07656e+07
1.07653e+07
1.07634e+07
1.07664e+07
1.07651e+07
1.07682e+07
1.09267e+07
1.09226e+07
1.09184e+07
1.09139e+07
1.0909e+07
1.09039e+07
1.08984e+07
1.08925e+07
1.08866e+07
1.08812e+07
1.08756e+07
1.08701e+07
1.08645e+07
1.08592e+07
1.08542e+07
1.08495e+07
1.08449e+07
1.08403e+07
1.08359e+07
1.08315e+07
1.08273e+07
1.08232e+07
1.08196e+07
1.08161e+07
1.08127e+07
1.08095e+07
1.08061e+07
1.08031e+07
1.08e+07
1.07971e+07
1.07941e+07
1.07911e+07
1.0788e+07
1.0785e+07
1.07822e+07
1.07796e+07
1.07771e+07
1.07743e+07
1.07715e+07
1.07682e+07
1.07649e+07
1.07611e+07
1.07572e+07
1.07531e+07
1.07491e+07
1.07457e+07
1.07429e+07
1.07402e+07
1.07378e+07
1.07359e+07
1.07342e+07
1.07319e+07
1.07306e+07
1.07296e+07
1.07289e+07
1.0729e+07
1.07286e+07
1.07282e+07
1.0727e+07
1.07253e+07
1.07232e+07
1.07209e+07
1.07181e+07
1.0715e+07
1.07121e+07
1.07096e+07
1.07072e+07
1.07055e+07
1.07038e+07
1.0703e+07
1.07022e+07
1.07018e+07
1.0702e+07
1.07021e+07
1.07026e+07
1.07031e+07
1.07035e+07
1.07036e+07
1.07032e+07
1.07025e+07
1.07014e+07
1.07e+07
1.06984e+07
1.06973e+07
1.06962e+07
1.06957e+07
1.06955e+07
1.0696e+07
1.06962e+07
1.06962e+07
1.06956e+07
1.06939e+07
1.06925e+07
1.06912e+07
1.06891e+07
1.06888e+07
1.06874e+07
1.06898e+07
1.06894e+07
1.06923e+07
1.08423e+07
1.08389e+07
1.08353e+07
1.08313e+07
1.0827e+07
1.08224e+07
1.08175e+07
1.08122e+07
1.08068e+07
1.08018e+07
1.07964e+07
1.07912e+07
1.0786e+07
1.0781e+07
1.07766e+07
1.07723e+07
1.07682e+07
1.07641e+07
1.07601e+07
1.07561e+07
1.07524e+07
1.07488e+07
1.07456e+07
1.07427e+07
1.07398e+07
1.0737e+07
1.07342e+07
1.07315e+07
1.07288e+07
1.07262e+07
1.07235e+07
1.07208e+07
1.07181e+07
1.07153e+07
1.07128e+07
1.07105e+07
1.07083e+07
1.07059e+07
1.07034e+07
1.07004e+07
1.06974e+07
1.0694e+07
1.06904e+07
1.06866e+07
1.06828e+07
1.06797e+07
1.06772e+07
1.06748e+07
1.06725e+07
1.06705e+07
1.06687e+07
1.06667e+07
1.06654e+07
1.06645e+07
1.0664e+07
1.06642e+07
1.06639e+07
1.06637e+07
1.06628e+07
1.06613e+07
1.06594e+07
1.06574e+07
1.06549e+07
1.06521e+07
1.06494e+07
1.0647e+07
1.06447e+07
1.06431e+07
1.06416e+07
1.06409e+07
1.06401e+07
1.06398e+07
1.064e+07
1.06402e+07
1.06406e+07
1.06411e+07
1.06416e+07
1.06418e+07
1.06415e+07
1.06408e+07
1.06396e+07
1.06383e+07
1.06367e+07
1.06354e+07
1.06341e+07
1.06335e+07
1.06333e+07
1.06337e+07
1.06339e+07
1.06338e+07
1.06331e+07
1.06316e+07
1.063e+07
1.06285e+07
1.06266e+07
1.06263e+07
1.06254e+07
1.06274e+07
1.06277e+07
1.06304e+07
1.07686e+07
1.07657e+07
1.07627e+07
1.07593e+07
1.07556e+07
1.07516e+07
1.07473e+07
1.07427e+07
1.07381e+07
1.07335e+07
1.07287e+07
1.07238e+07
1.0719e+07
1.07146e+07
1.07106e+07
1.07069e+07
1.07032e+07
1.06995e+07
1.06959e+07
1.06924e+07
1.0689e+07
1.06859e+07
1.06831e+07
1.06807e+07
1.06782e+07
1.06758e+07
1.06734e+07
1.06711e+07
1.06687e+07
1.06665e+07
1.06641e+07
1.06617e+07
1.06592e+07
1.06567e+07
1.06544e+07
1.06524e+07
1.06505e+07
1.06483e+07
1.0646e+07
1.06434e+07
1.06406e+07
1.06374e+07
1.0634e+07
1.06304e+07
1.06267e+07
1.06235e+07
1.0621e+07
1.06185e+07
1.06161e+07
1.06138e+07
1.06118e+07
1.06097e+07
1.06085e+07
1.06077e+07
1.06074e+07
1.06077e+07
1.06078e+07
1.06078e+07
1.06071e+07
1.06056e+07
1.06038e+07
1.06018e+07
1.05992e+07
1.05963e+07
1.05934e+07
1.05908e+07
1.05884e+07
1.05867e+07
1.05851e+07
1.05844e+07
1.05838e+07
1.05836e+07
1.05838e+07
1.05841e+07
1.05848e+07
1.05855e+07
1.05861e+07
1.05865e+07
1.05863e+07
1.05855e+07
1.05843e+07
1.05828e+07
1.0581e+07
1.05794e+07
1.05779e+07
1.05772e+07
1.0577e+07
1.05775e+07
1.05778e+07
1.05777e+07
1.0577e+07
1.05753e+07
1.05734e+07
1.05716e+07
1.05696e+07
1.05693e+07
1.05687e+07
1.05707e+07
1.05715e+07
1.05744e+07
1.07054e+07
1.07031e+07
1.07006e+07
1.06978e+07
1.06945e+07
1.0691e+07
1.06872e+07
1.06833e+07
1.06793e+07
1.06752e+07
1.06706e+07
1.06661e+07
1.06617e+07
1.06576e+07
1.0654e+07
1.06506e+07
1.06473e+07
1.06439e+07
1.06405e+07
1.06372e+07
1.0634e+07
1.06309e+07
1.06283e+07
1.06259e+07
1.06236e+07
1.06213e+07
1.06189e+07
1.06167e+07
1.06144e+07
1.06122e+07
1.06099e+07
1.06076e+07
1.06051e+07
1.06026e+07
1.06003e+07
1.05983e+07
1.05964e+07
1.05942e+07
1.05919e+07
1.05892e+07
1.05863e+07
1.0583e+07
1.05794e+07
1.05756e+07
1.05716e+07
1.05681e+07
1.05652e+07
1.05624e+07
1.05595e+07
1.05568e+07
1.05544e+07
1.05521e+07
1.05508e+07
1.055e+07
1.055e+07
1.05506e+07
1.0551e+07
1.05514e+07
1.05508e+07
1.05493e+07
1.05474e+07
1.05451e+07
1.05421e+07
1.05388e+07
1.05354e+07
1.05323e+07
1.05295e+07
1.05276e+07
1.05259e+07
1.05252e+07
1.05245e+07
1.05245e+07
1.05249e+07
1.05254e+07
1.05264e+07
1.05274e+07
1.05284e+07
1.0529e+07
1.0529e+07
1.05282e+07
1.05267e+07
1.05249e+07
1.05226e+07
1.05206e+07
1.05189e+07
1.05181e+07
1.05181e+07
1.05188e+07
1.05192e+07
1.05192e+07
1.05184e+07
1.05163e+07
1.05139e+07
1.05116e+07
1.05094e+07
1.0509e+07
1.05087e+07
1.05109e+07
1.05123e+07
1.05156e+07
1.06504e+07
1.06484e+07
1.06462e+07
1.06436e+07
1.06406e+07
1.06372e+07
1.06336e+07
1.06298e+07
1.06259e+07
1.06217e+07
1.06171e+07
1.06125e+07
1.0608e+07
1.06038e+07
1.06002e+07
1.05968e+07
1.05934e+07
1.05899e+07
1.05864e+07
1.05829e+07
1.05796e+07
1.05763e+07
1.05735e+07
1.0571e+07
1.05685e+07
1.0566e+07
1.05635e+07
1.05611e+07
1.05587e+07
1.05564e+07
1.0554e+07
1.05515e+07
1.05489e+07
1.05462e+07
1.05437e+07
1.05415e+07
1.05394e+07
1.0537e+07
1.05344e+07
1.05314e+07
1.05281e+07
1.05245e+07
1.05205e+07
1.05162e+07
1.05117e+07
1.05077e+07
1.05044e+07
1.0501e+07
1.04976e+07
1.04944e+07
1.04914e+07
1.04888e+07
1.04874e+07
1.04866e+07
1.04867e+07
1.04876e+07
1.04883e+07
1.04889e+07
1.04885e+07
1.0487e+07
1.04849e+07
1.04822e+07
1.04788e+07
1.04749e+07
1.04709e+07
1.04673e+07
1.0464e+07
1.04618e+07
1.046e+07
1.04591e+07
1.04585e+07
1.04585e+07
1.04591e+07
1.04599e+07
1.04611e+07
1.04626e+07
1.0464e+07
1.04649e+07
1.04651e+07
1.04642e+07
1.04625e+07
1.04602e+07
1.04575e+07
1.04551e+07
1.0453e+07
1.04522e+07
1.04522e+07
1.04531e+07
1.04538e+07
1.04539e+07
1.04529e+07
1.04504e+07
1.04474e+07
1.04445e+07
1.0442e+07
1.04416e+07
1.04414e+07
1.0444e+07
1.04461e+07
1.04498e+07
1.05977e+07
1.05957e+07
1.05935e+07
1.05908e+07
1.05876e+07
1.0584e+07
1.05802e+07
1.05762e+07
1.0572e+07
1.05676e+07
1.05627e+07
1.05577e+07
1.05528e+07
1.05483e+07
1.05444e+07
1.05406e+07
1.05368e+07
1.05329e+07
1.05291e+07
1.05252e+07
1.05215e+07
1.05179e+07
1.05148e+07
1.0512e+07
1.05093e+07
1.05066e+07
1.05038e+07
1.05012e+07
1.04986e+07
1.04961e+07
1.04935e+07
1.04908e+07
1.04879e+07
1.0485e+07
1.04822e+07
1.04798e+07
1.04774e+07
1.04747e+07
1.04717e+07
1.04683e+07
1.04646e+07
1.04605e+07
1.04561e+07
1.04513e+07
1.04463e+07
1.04417e+07
1.04379e+07
1.04339e+07
1.04298e+07
1.04259e+07
1.04224e+07
1.04194e+07
1.04176e+07
1.04167e+07
1.04168e+07
1.04177e+07
1.04186e+07
1.04194e+07
1.0419e+07
1.04174e+07
1.0415e+07
1.04119e+07
1.04078e+07
1.04032e+07
1.03986e+07
1.03943e+07
1.03905e+07
1.03877e+07
1.03856e+07
1.03845e+07
1.03838e+07
1.03839e+07
1.03846e+07
1.03856e+07
1.03872e+07
1.03891e+07
1.03909e+07
1.03922e+07
1.03926e+07
1.03916e+07
1.03897e+07
1.0387e+07
1.03838e+07
1.03808e+07
1.03784e+07
1.03774e+07
1.03775e+07
1.03786e+07
1.03795e+07
1.03796e+07
1.03784e+07
1.03755e+07
1.03719e+07
1.03684e+07
1.03656e+07
1.0365e+07
1.03651e+07
1.0368e+07
1.03708e+07
1.0375e+07
1.05442e+07
1.0542e+07
1.05394e+07
1.05363e+07
1.05328e+07
1.05288e+07
1.05245e+07
1.05203e+07
1.05159e+07
1.05112e+07
1.0506e+07
1.05007e+07
1.04954e+07
1.04905e+07
1.04862e+07
1.04821e+07
1.04778e+07
1.04734e+07
1.0469e+07
1.04646e+07
1.04604e+07
1.04564e+07
1.04529e+07
1.04498e+07
1.04468e+07
1.04437e+07
1.04407e+07
1.04377e+07
1.04348e+07
1.0432e+07
1.04291e+07
1.04261e+07
1.0423e+07
1.04197e+07
1.04164e+07
1.04138e+07
1.0411e+07
1.04079e+07
1.04044e+07
1.04005e+07
1.03963e+07
1.03918e+07
1.03868e+07
1.03816e+07
1.03762e+07
1.03713e+07
1.03669e+07
1.0362e+07
1.0357e+07
1.03523e+07
1.03481e+07
1.03445e+07
1.03423e+07
1.0341e+07
1.03407e+07
1.03414e+07
1.03423e+07
1.03429e+07
1.03423e+07
1.03403e+07
1.03374e+07
1.03335e+07
1.03287e+07
1.03233e+07
1.03179e+07
1.03127e+07
1.03081e+07
1.03046e+07
1.03019e+07
1.03003e+07
1.02993e+07
1.02992e+07
1.02999e+07
1.03011e+07
1.0303e+07
1.03052e+07
1.03074e+07
1.0309e+07
1.03095e+07
1.03085e+07
1.03062e+07
1.03031e+07
1.02995e+07
1.0296e+07
1.02932e+07
1.0292e+07
1.0292e+07
1.02931e+07
1.02941e+07
1.02942e+07
1.02928e+07
1.02894e+07
1.02852e+07
1.02811e+07
1.02779e+07
1.02771e+07
1.02774e+07
1.02806e+07
1.02841e+07
1.02887e+07
1.04911e+07
1.04883e+07
1.04852e+07
1.04815e+07
1.04774e+07
1.04729e+07
1.04681e+07
1.04637e+07
1.0459e+07
1.0454e+07
1.04486e+07
1.0443e+07
1.04373e+07
1.04319e+07
1.04273e+07
1.04226e+07
1.04178e+07
1.04128e+07
1.04078e+07
1.04029e+07
1.03981e+07
1.03935e+07
1.03896e+07
1.03861e+07
1.03827e+07
1.03793e+07
1.03758e+07
1.03725e+07
1.03692e+07
1.0366e+07
1.03627e+07
1.03593e+07
1.03557e+07
1.03519e+07
1.03481e+07
1.03449e+07
1.03416e+07
1.0338e+07
1.03339e+07
1.03294e+07
1.03246e+07
1.03195e+07
1.03141e+07
1.03085e+07
1.03028e+07
1.02976e+07
1.02927e+07
1.02866e+07
1.02804e+07
1.02747e+07
1.02695e+07
1.02654e+07
1.02624e+07
1.02605e+07
1.02597e+07
1.02599e+07
1.02603e+07
1.02604e+07
1.02593e+07
1.02565e+07
1.02526e+07
1.02477e+07
1.02419e+07
1.02355e+07
1.02291e+07
1.02228e+07
1.0217e+07
1.02124e+07
1.02088e+07
1.02063e+07
1.02046e+07
1.02039e+07
1.02041e+07
1.02052e+07
1.0207e+07
1.02093e+07
1.02117e+07
1.02134e+07
1.02138e+07
1.02126e+07
1.021e+07
1.02064e+07
1.02024e+07
1.01984e+07
1.01953e+07
1.01937e+07
1.01934e+07
1.01941e+07
1.01949e+07
1.01947e+07
1.01929e+07
1.01892e+07
1.01844e+07
1.01797e+07
1.01762e+07
1.01751e+07
1.01755e+07
1.01788e+07
1.01828e+07
1.01876e+07
1.04397e+07
1.04362e+07
1.04323e+07
1.04279e+07
1.04231e+07
1.04179e+07
1.04124e+07
1.04076e+07
1.04026e+07
1.03972e+07
1.03915e+07
1.03855e+07
1.03795e+07
1.03735e+07
1.03684e+07
1.03632e+07
1.03578e+07
1.03522e+07
1.03467e+07
1.03413e+07
1.03359e+07
1.03306e+07
1.03261e+07
1.03221e+07
1.03182e+07
1.03143e+07
1.03105e+07
1.03067e+07
1.0303e+07
1.02993e+07
1.02955e+07
1.02916e+07
1.02874e+07
1.02831e+07
1.02786e+07
1.02746e+07
1.02705e+07
1.02661e+07
1.02613e+07
1.02561e+07
1.02506e+07
1.02448e+07
1.02387e+07
1.02327e+07
1.02267e+07
1.02213e+07
1.02158e+07
1.0208e+07
1.02003e+07
1.01933e+07
1.01871e+07
1.01822e+07
1.01786e+07
1.0176e+07
1.01746e+07
1.0174e+07
1.01738e+07
1.01732e+07
1.0171e+07
1.01669e+07
1.01615e+07
1.01552e+07
1.01481e+07
1.01407e+07
1.0133e+07
1.01253e+07
1.01181e+07
1.01121e+07
1.01072e+07
1.01034e+07
1.01005e+07
1.00987e+07
1.00979e+07
1.0098e+07
1.00991e+07
1.01009e+07
1.01028e+07
1.01041e+07
1.0104e+07
1.01021e+07
1.00989e+07
1.00948e+07
1.00902e+07
1.00857e+07
1.00818e+07
1.00793e+07
1.00781e+07
1.00778e+07
1.00777e+07
1.00766e+07
1.00741e+07
1.00699e+07
1.00647e+07
1.00597e+07
1.0056e+07
1.00544e+07
1.00546e+07
1.00574e+07
1.00614e+07
1.00659e+07
1.03893e+07
1.03851e+07
1.03806e+07
1.03755e+07
1.03699e+07
1.03638e+07
1.03574e+07
1.0352e+07
1.03464e+07
1.03404e+07
1.03342e+07
1.03277e+07
1.03211e+07
1.03145e+07
1.03088e+07
1.0303e+07
1.02968e+07
1.02906e+07
1.02846e+07
1.02787e+07
1.02727e+07
1.02668e+07
1.02615e+07
1.02567e+07
1.02522e+07
1.02477e+07
1.02433e+07
1.0239e+07
1.02348e+07
1.02306e+07
1.02263e+07
1.02218e+07
1.02172e+07
1.02123e+07
1.0207e+07
1.0202e+07
1.01967e+07
1.01912e+07
1.01854e+07
1.01792e+07
1.01727e+07
1.01659e+07
1.01589e+07
1.01523e+07
1.01459e+07
1.01399e+07
1.01338e+07
1.01238e+07
1.01142e+07
1.01055e+07
1.00982e+07
1.00924e+07
1.00881e+07
1.00849e+07
1.00829e+07
1.00818e+07
1.00809e+07
1.00794e+07
1.00759e+07
1.00699e+07
1.00625e+07
1.00544e+07
1.00458e+07
1.00369e+07
1.00277e+07
1.00184e+07
1.00096e+07
1.0002e+07
9.99595e+06
9.99068e+06
9.98634e+06
9.98314e+06
9.98091e+06
9.97956e+06
9.97914e+06
9.97957e+06
9.97998e+06
9.97964e+06
9.97787e+06
9.97445e+06
9.96966e+06
9.96407e+06
9.95795e+06
9.95147e+06
9.94547e+06
9.94072e+06
9.93723e+06
9.93461e+06
9.93223e+06
9.92932e+06
9.92543e+06
9.9204e+06
9.91493e+06
9.9097e+06
9.90571e+06
9.90351e+06
9.90308e+06
9.90468e+06
9.90764e+06
9.9106e+06
1.03377e+07
1.0333e+07
1.03278e+07
1.0322e+07
1.03156e+07
1.03086e+07
1.0301e+07
1.02947e+07
1.02883e+07
1.02815e+07
1.02744e+07
1.02673e+07
1.026e+07
1.02524e+07
1.0246e+07
1.02392e+07
1.02321e+07
1.02251e+07
1.02185e+07
1.0212e+07
1.02054e+07
1.01986e+07
1.01923e+07
1.01866e+07
1.01811e+07
1.01758e+07
1.01708e+07
1.01658e+07
1.01609e+07
1.01561e+07
1.01512e+07
1.01462e+07
1.0141e+07
1.01354e+07
1.01292e+07
1.0123e+07
1.01161e+07
1.01092e+07
1.0102e+07
1.00946e+07
1.00866e+07
1.00782e+07
1.00699e+07
1.00622e+07
1.00549e+07
1.00477e+07
1.00408e+07
1.00281e+07
1.00159e+07
1.00051e+07
9.99603e+06
9.98895e+06
9.98371e+06
9.97994e+06
9.97742e+06
9.9758e+06
9.97439e+06
9.97182e+06
9.96634e+06
9.9575e+06
9.94717e+06
9.93654e+06
9.9258e+06
9.91448e+06
9.9029e+06
9.89126e+06
9.88028e+06
9.87096e+06
9.86347e+06
9.85678e+06
9.85115e+06
9.84677e+06
9.84338e+06
9.84075e+06
9.83881e+06
9.83747e+06
9.83577e+06
9.83268e+06
9.82734e+06
9.81945e+06
9.80892e+06
9.79623e+06
9.78233e+06
9.76832e+06
9.75607e+06
9.74674e+06
9.73961e+06
9.73364e+06
9.72824e+06
9.72275e+06
9.71703e+06
9.71114e+06
9.70564e+06
9.70077e+06
9.69703e+06
9.69454e+06
9.69317e+06
9.69294e+06
9.69336e+06
9.69226e+06
1.02827e+07
1.02773e+07
1.02713e+07
1.02647e+07
1.02575e+07
1.02495e+07
1.02404e+07
1.02329e+07
1.02253e+07
1.02172e+07
1.02092e+07
1.02012e+07
1.01929e+07
1.01841e+07
1.01765e+07
1.01684e+07
1.016e+07
1.0152e+07
1.01445e+07
1.01372e+07
1.01297e+07
1.01219e+07
1.01143e+07
1.01073e+07
1.01006e+07
1.00943e+07
1.00882e+07
1.00823e+07
1.00766e+07
1.00708e+07
1.00651e+07
1.00592e+07
1.00532e+07
1.00468e+07
1.00395e+07
1.0032e+07
1.00233e+07
1.00143e+07
1.00052e+07
9.99577e+06
9.98555e+06
9.9747e+06
9.96396e+06
9.95438e+06
9.9455e+06
9.93635e+06
9.92807e+06
9.91072e+06
9.8944e+06
9.88009e+06
9.8682e+06
9.85891e+06
9.85201e+06
9.84701e+06
9.84358e+06
9.84118e+06
9.83879e+06
9.83414e+06
9.82448e+06
9.81048e+06
9.79516e+06
9.77947e+06
9.76338e+06
9.74585e+06
9.72858e+06
9.71141e+06
9.69525e+06
9.682e+06
9.67119e+06
9.6612e+06
9.65304e+06
9.64662e+06
9.6418e+06
9.63831e+06
9.63568e+06
9.63318e+06
9.62892e+06
9.62005e+06
9.60311e+06
9.57423e+06
9.53224e+06
9.48652e+06
9.45007e+06
9.42828e+06
9.42231e+06
9.41689e+06
9.4096e+06
9.40126e+06
9.39218e+06
9.38181e+06
9.37054e+06
9.35839e+06
9.34651e+06
9.33561e+06
9.32727e+06
9.32258e+06
9.32147e+06
9.32347e+06
9.32613e+06
9.31817e+06
1.02221e+07
1.02158e+07
1.02089e+07
1.02012e+07
1.0193e+07
1.01838e+07
1.01728e+07
1.01638e+07
1.01545e+07
1.01449e+07
1.01355e+07
1.01263e+07
1.01167e+07
1.01063e+07
1.00973e+07
1.00873e+07
1.00771e+07
1.00675e+07
1.00587e+07
1.00503e+07
1.00416e+07
1.00325e+07
1.00235e+07
1.00148e+07
1.00063e+07
9.99834e+06
9.99075e+06
9.98343e+06
9.97619e+06
9.96893e+06
9.96169e+06
9.95426e+06
9.94706e+06
9.9393e+06
9.93022e+06
9.92168e+06
9.90995e+06
9.89773e+06
9.88543e+06
9.87257e+06
9.85834e+06
9.84301e+06
9.82761e+06
9.81481e+06
9.80305e+06
9.78967e+06
9.77578e+06
9.74729e+06
9.72205e+06
9.70035e+06
9.68241e+06
9.6685e+06
9.65801e+06
9.65e+06
9.64427e+06
9.6398e+06
9.63439e+06
9.6231e+06
9.60309e+06
9.57824e+06
9.54355e+06
9.50314e+06
9.45821e+06
9.40928e+06
9.35576e+06
9.29548e+06
9.23198e+06
9.17056e+06
9.11338e+06
9.05631e+06
9.0057e+06
8.96434e+06
8.93369e+06
8.91363e+06
8.90135e+06
8.88917e+06
8.86233e+06
8.79998e+06
8.68223e+06
8.48825e+06
8.16833e+06
7.5791e+06
6.69389e+06
5.76197e+06
4.84065e+06
4.02708e+06
3.43623e+06
3.00335e+06
2.66993e+06
2.3893e+06
2.1512e+06
1.94805e+06
1.78178e+06
1.6544e+06
1.56645e+06
1.52106e+06
1.50729e+06
1.52405e+06
1.54281e+06
1.47049e+06
1.0154e+07
1.01465e+07
1.01381e+07
1.01291e+07
1.01195e+07
1.01089e+07
1.00956e+07
1.00847e+07
1.0073e+07
1.00611e+07
1.005e+07
1.00391e+07
1.00279e+07
1.00157e+07
1.00046e+07
9.99186e+06
9.97881e+06
9.96658e+06
9.95574e+06
9.94563e+06
9.93514e+06
9.92439e+06
9.91369e+06
9.90232e+06
9.89094e+06
9.88022e+06
9.87004e+06
9.86017e+06
9.8502e+06
9.84002e+06
9.82957e+06
9.81884e+06
9.80957e+06
9.79948e+06
9.78629e+06
9.77401e+06
9.75479e+06
9.73514e+06
9.71557e+06
9.69504e+06
9.67187e+06
9.64718e+06
9.62194e+06
9.60289e+06
9.58046e+06
9.54852e+06
9.49377e+06
9.40707e+06
9.327e+06
9.24923e+06
9.17516e+06
9.10905e+06
9.05271e+06
9.0073e+06
8.9732e+06
8.94475e+06
8.90502e+06
8.81529e+06
8.63002e+06
8.3051e+06
7.52041e+06
5.78808e+06
4.00672e+06
2.72767e+06
1.89397e+06
1.37159e+06
1.05593e+06
866615
749439
670574
619457
588235
569982
560199
555208
550640
540959
523200
502270
484924
474093
475146
488505
503226
517337
528859
537334
543692
548672
552760
556110
558808
561074
562810
564386
565673
567061
568226
569533
570563
1.00758e+07
1.00667e+07
1.00563e+07
1.00452e+07
1.00337e+07
1.00214e+07
1.00055e+07
9.99199e+06
9.97671e+06
9.96135e+06
9.94734e+06
9.93422e+06
9.92081e+06
9.90655e+06
9.89215e+06
9.87474e+06
9.85671e+06
9.83958e+06
9.8245e+06
9.81111e+06
9.79775e+06
9.78284e+06
9.76761e+06
9.74936e+06
9.73097e+06
9.71407e+06
9.69809e+06
9.68267e+06
9.66688e+06
9.65085e+06
9.6335e+06
9.6148e+06
9.59962e+06
9.58218e+06
9.55565e+06
9.50387e+06
9.44473e+06
9.38764e+06
9.32576e+06
9.25229e+06
9.1547e+06
9.02572e+06
8.86615e+06
8.67422e+06
8.40258e+06
7.69086e+06
4.85436e+06
2.39414e+06
1.49387e+06
1.07558e+06
854092
730203
658332
615859
590493
572573
550700
515438
479924
460350
450911
460696
478840
494866
506546
514829
520468
523633
525399
525986
525726
525183
524749
524660
524952
525291
524862
522370
516877
509323
502663
500325
500957
501809
503565
505181
506470
507443
508191
508688
508999
509098
509141
509039
509029
509060
509299
509512
509948
509698
9.98417e+06
9.97269e+06
9.95902e+06
9.94486e+06
9.93073e+06
9.91625e+06
9.89734e+06
9.87974e+06
9.85829e+06
9.83647e+06
9.81699e+06
9.8003e+06
9.78209e+06
9.76338e+06
9.74055e+06
9.71228e+06
9.68348e+06
9.65618e+06
9.63116e+06
9.60852e+06
9.58991e+06
9.5595e+06
9.50525e+06
9.44675e+06
9.3934e+06
9.34269e+06
9.29116e+06
9.23597e+06
9.17236e+06
9.09793e+06
9.00501e+06
8.89315e+06
8.75712e+06
8.57566e+06
8.20564e+06
5.22598e+06
3.1369e+06
2.08721e+06
1.47735e+06
1.07872e+06
802207
625987
533497
490714
470410
460975
474174
495709
507527
514410
518177
519824
520385
520148
519846
519523
518698
515602
507670
497921
492256
492418
493366
494536
495955
497107
497890
498278
498374
497842
496966
495903
494888
494090
493537
492988
491745
488724
483158
475833
468826
464300
462272
461210
460997
460666
460349
460081
459870
459622
459349
459018
458723
458402
458189
458016
457999
457942
458067
457615
9.87404e+06
9.8585e+06
9.83916e+06
9.81934e+06
9.801e+06
9.78273e+06
9.75815e+06
9.73101e+06
9.6962e+06
9.65987e+06
9.62661e+06
9.60278e+06
9.57027e+06
9.51743e+06
9.43968e+06
9.35334e+06
9.25862e+06
9.1557e+06
9.04295e+06
8.91533e+06
8.75871e+06
8.47951e+06
5.2368e+06
3.17811e+06
2.17759e+06
1.61841e+06
1.26371e+06
1.01857e+06
838960
706269
611090
548827
511013
487245
473460
483922
498723
509108
515905
520478
522961
522352
517316
509601
500938
494167
494730
495447
496807
497822
498277
498461
498368
498151
497820
497427
496783
495107
491810
489239
486652
484656
482807
481178
480328
479824
479432
479507
479548
478945
478104
476766
474916
472551
469773
466726
463441
459711
455164
450094
444985
439308
433535
429637
428911
428885
428169
427592
427108
426671
426241
425795
425403
425043
424786
424552
424450
424279
424271
423623
9.73133e+06
9.7069e+06
9.67525e+06
9.64157e+06
9.61535e+06
9.58555e+06
9.52502e+06
9.4308e+06
9.32274e+06
9.19795e+06
9.06309e+06
8.91318e+06
8.67468e+06
5.67617e+06
2.85301e+06
1.65002e+06
1.08349e+06
794429
642376
563003
519369
493554
501997
512666
520591
525555
528778
530575
531081
530352
527729
523022
516498
509096
500360
498691
499686
500794
501439
501670
500915
499226
495943
492503
490412
487781
486370
484723
484629
485079
485802
486857
487828
488664
489273
489767
490450
491646
493648
496533
498473
499599
499874
499519
499256
499109
498973
499188
499444
499256
498885
498045
496592
494369
491283
487380
482881
478202
473823
470129
466401
459703
447983
431497
413149
406203
407176
406858
406567
406375
406158
405830
405504
405226
405018
404790
404660
404409
404324
403464
9.46216e+06
9.38636e+06
9.28439e+06
9.16126e+06
9.01962e+06
8.80908e+06
5.40229e+06
2.42078e+06
1.31772e+06
854583
652950
561516
514328
514095
523647
530760
534792
535619
533364
527549
519867
508504
502882
504159
504997
505430
505497
505254
504368
503067
500698
497497
493730
490965
487562
486169
484736
484194
484081
484441
485038
486468
488180
490415
493481
495198
497220
498133
499092
500098
501194
502454
503684
504820
505757
506569
507530
509078
511509
514372
516057
516746
516985
516822
516637
516501
516384
516477
516638
516590
516443
516076
515404
514332
512789
510767
508342
505731
503239
501127
499003
495125
487515
474179
450988
418695
393546
392818
394029
394483
394856
394999
395007
395013
394977
394839
394743
394441
394312
393329
2.79679e+06
1.6129e+06
1.02177e+06
732498
595751
525440
524993
528330
533175
536080
534784
529031
516935
506686
508102
508234
507362
505462
502367
497887
493525
487122
484944
483393
482428
482086
482015
482313
482691
483501
484239
485163
486280
488485
490008
492413
493459
494329
495253
496487
498053
500356
503211
506438
509893
511923
513458
514192
514758
515308
515933
516682
517445
518166
518787
519351
519996
520922
522256
523787
524819
525359
525614
525588
525500
525415
525336
525357
525427
525416
525358
525211
524930
524464
523779
522863
521752
520542
519380
518387
517407
515679
512214
505772
493153
470372
436669
397301
382628
387285
388482
389555
390277
390870
391178
391237
391247
390942
390825
389850
532005
534279
534063
534325
534166
534210
534166
534205
534099
534046
534104
534096
534017
534039
534102
534054
533986
534038
534093
534033
533963
534006
534066
534095
534033
533981
534042
534086
533992
533959
533999
534024
534035
534061
534045
533967
533945
533974
533994
534003
534002
533998
533992
533988
533981
533976
533970
533965
533963
533961
534026
534470
534013
534306
534145
534205
534161
534201
534098
534047
534102
534096
534019
534039
534100
534055
533989
534037
534093
534030
533967
534018
534055
534095
534049
533976
534042
534090
533999
533974
534012
534044
534048
534069
534047
534002
533978
534005
534022
534033
534036
534036
534034
534030
534024
534021
534017
534012
534009
534008
534101
534467
533937
534308
534124
534200
534155
534199
534097
534049
534100
534096
534021
534040
534097
534055
533991
534036
534092
534031
533969
534017
534054
534095
534047
533974
534047
534093
534003
533976
534015
534045
534048
534078
534052
534014
533983
534005
534027
534037
534042
534043
534042
534039
534035
534030
534027
534022
534019
534018
534175
534472
533947
534246
534099
534193
534149
534195
534096
534052
534098
534095
534023
534041
534095
534055
533993
534035
534090
534031
533970
534018
534051
534093
534047
533977
534043
534094
533999
533981
534017
534046
534048
534079
534070
533982
533998
534007
534029
534035
534041
534044
534043
534041
534036
534033
534030
534026
534022
534020
534200
534491
533880
534252
534089
534188
534141
534191
534094
534055
534095
534094
534026
534042
534092
534054
533996
534035
534088
534030
533973
534018
534048
534092
534047
533978
534042
534094
534016
533966
534017
534047
534047
534079
534067
533990
533996
534006
534029
534035
534039
534043
534043
534041
534037
534034
534030
534027
534024
534021
534215
534492
533863
534242
534082
534188
534129
534186
534092
534057
534092
534093
534027
534043
534089
534054
533998
534034
534085
534029
533975
534018
534046
534089
534047
533980
534040
534093
534013
533971
534021
534041
534048
534079
534069
533988
533996
534007
534028
534035
534037
534042
534043
534041
534037
534034
534031
534028
534025
534022
534238
534575
533742
534277
534070
534194
534116
534180
534090
534059
534088
534091
534029
534043
534085
534053
534000
534034
534082
534027
533977
534018
534044
534087
534046
533983
534039
534091
534014
533972
534021
534041
534049
534079
534069
533992
533995
534008
534027
534035
534036
534040
534043
534041
534038
534035
534032
534029
534026
534023
534275
534574
533694
534286
534098
534201
534105
534174
534087
534060
534084
534089
534030
534044
534081
534052
534002
534033
534079
534026
533979
534018
534043
534083
534045
533985
534038
534088
534014
533976
534020
534040
534049
534079
534069
533991
533997
534009
534025
534036
534035
534039
534043
534041
534038
534035
534033
534030
534027
534024
534352
534561
533669
534300
534093
534201
534104
534170
534084
534063
534079
534086
534031
534045
534077
534051
534004
534033
534075
534024
533982
534017
534041
534080
534043
533987
534037
534086
534014
533978
534019
534042
534050
534077
534069
534008
533982
534011
534025
534035
534035
534038
534042
534041
534038
534036
534034
534030
534028
534025
534381
534596
533649
534311
534096
534205
534103
534168
534081
534065
534073
534084
534031
534046
534073
534049
534006
534032
534071
534022
533983
534016
534040
534076
534042
533989
534035
534082
534014
533980
534019
534042
534051
534076
534068
534008
533986
534012
534025
534035
534034
534037
534042
534041
534038
534036
534035
534031
534029
534026
534438
534616
533655
534303
534109
534199
534106
534167
534080
534067
534068
534081
534032
534047
534068
534047
534007
534031
534067
534020
533985
534015
534039
534072
534040
533991
534034
534079
534013
533983
534019
534042
534051
534074
534067
534011
533986
534012
534025
534035
534034
534037
534041
534041
534038
534036
534036
534031
534030
534027
534439
534693
533624
534343
534090
534214
534107
534169
534077
534074
534061
534078
534033
534048
534064
534045
534008
534031
534062
534018
533986
534014
534037
534067
534039
533993
534032
534075
534013
533985
534019
534042
534051
534072
534066
534013
533988
534013
534026
534034
534034
534037
534041
534040
534038
534037
534037
534032
534031
534028
534558
534673
533735
534265
534131
534148
534125
534172
534089
534064
534059
534075
534033
534049
534059
534043
534009
534030
534057
534015
533987
534013
534035
534062
534037
533995
534031
534072
534013
533988
534020
534042
534050
534070
534065
534016
533990
534014
534026
534034
534033
534037
534041
534040
534038
534037
534038
534032
534031
534029
534338
534915
533787
534289
534127
534151
534135
534174
534090
534067
534057
534073
534037
534047
534055
534040
534010
534029
534053
534013
533988
534012
534033
534058
534035
533996
534029
534068
534012
533990
534020
534042
534050
534069
534063
534018
533992
534015
534026
534034
534033
534037
534041
534040
534038
534038
534039
534033
534032
534030
534461
534951
533786
534288
534136
534139
534144
534176
534095
534068
534056
534072
534038
534047
534053
534038
534010
534029
534048
534010
533989
534012
534030
534053
534033
533998
534027
534064
534012
533992
534020
534041
534050
534067
534062
534020
533995
534015
534026
534034
534033
534037
534040
534041
534038
534038
534040
534033
534032
534031
534476
535073
533801
534297
534142
534131
534153
534179
534099
534070
534056
534071
534040
534046
534051
534036
534010
534028
534043
534007
533990
534011
534027
534048
534031
533999
534025
534060
534011
533994
534020
534041
534049
534065
534060
534022
533997
534016
534028
534032
534033
534037
534040
534041
534039
534039
534041
534034
534033
534032
534556
535180
533808
534303
534152
534123
534160
534181
534103
534072
534055
534070
534041
534046
534049
534035
534010
534028
534038
534006
533989
534009
534025
534043
534028
534000
534023
534056
534010
533996
534020
534040
534049
534064
534059
534023
534004
534013
534028
534032
534033
534037
534040
534041
534039
534040
534043
534035
534033
534033
534630
535315
533824
534311
534163
534119
534163
534183
534106
534075
534055
534071
534043
534046
534048
534034
534012
534025
534033
533998
533994
534007
534022
534038
534025
534000
534021
534052
534010
533997
534020
534039
534048
534062
534058
534025
534006
534015
534028
534031
534033
534037
534040
534041
534040
534040
534044
534036
534034
534034
534724
535469
533841
534319
534177
534114
534170
534184
534108
534076
534056
534070
534044
534046
534046
534030
534014
534024
534031
533996
533993
534005
534020
534033
534023
534000
534019
534048
534009
533999
534020
534039
534047
534060
534056
534026
534008
534016
534028
534031
534033
534037
534040
534041
534041
534041
534045
534038
534034
534035
534824
535648
533863
534326
534191
534110
534171
534187
534109
534078
534053
534071
534047
534043
534048
534030
534012
534024
534027
533995
533992
534002
534018
534029
534020
534000
534017
534043
534008
534000
534020
534038
534046
534058
534055
534027
534011
534017
534028
534031
534033
534037
534040
534041
534041
534042
534047
534039
534035
534036
534938
535855
533890
534332
534206
534103
534188
534180
534109
534076
534067
534064
534043
534043
534047
534031
534010
534022
534025
533992
533991
534000
534015
534024
534017
534000
534014
534039
534007
534001
534020
534037
534046
534057
534053
534028
534013
534018
534028
534031
534033
534036
534039
534041
534042
534042
534045
534045
534035
534037
535073
536087
533923
534338
534222
534099
534181
534193
534109
534080
534062
534061
534047
534045
534047
534032
534009
534021
534019
533996
533989
533994
534017
534020
534015
534000
534012
534036
534006
534002
534020
534036
534045
534055
534052
534029
534015
534019
534028
534031
534032
534036
534039
534042
534043
534043
534046
534046
534036
534038
535221
536340
533963
534342
534239
534102
534233
534145
534105
534065
534075
534064
534045
534046
534047
534032
534010
534015
534020
533995
533987
533992
534013
534017
534013
533999
534010
534033
534005
534003
534019
534036
534044
534054
534051
534030
534016
534021
534027
534033
534032
534036
534039
534042
534044
534044
534047
534048
534037
534039
535380
536613
534009
534345
534257
534080
534246
534150
534107
534068
534068
534067
534046
534047
534046
534032
534010
534014
534019
533992
533985
533990
534010
534014
534011
533999
534008
534030
534004
534003
534019
534035
534044
534054
534050
534030
534018
534022
534027
534032
534032
534036
534038
534042
534044
534044
534048
534050
534038
534040
535551
536908
534059
534345
534275
534154
534177
534142
534110
534066
534068
534070
534047
534047
534046
534032
534010
534012
534018
533991
533984
533988
534007
534012
534009
533998
534006
534028
534004
534004
534019
534035
534044
534053
534049
534031
534017
534025
534027
534032
534032
534035
534038
534041
534045
534045
534049
534051
534039
534041
535731
537223
534118
534344
534293
534136
534188
534152
534104
534065
534066
534072
534048
534047
534046
534032
534011
534011
534015
533990
533983
533986
534005
534009
534007
533998
534005
534026
534003
534004
534019
534034
534043
534053
534049
534031
534019
534025
534027
534032
534031
534035
534037
534041
534046
534046
534050
534053
534041
534042
535924
537562
534180
534342
534316
534141
534183
534114
534133
534069
534067
534073
534049
534047
534045
534032
534011
534010
534013
533989
533982
533984
534002
534007
534006
533997
534004
534023
534002
534004
534019
534034
534043
534052
534048
534032
534021
534026
534027
534030
534033
534035
534037
534041
534047
534047
534051
534055
534043
534043
536125
537920
534253
534341
534330
534138
534196
534118
534125
534071
534067
534074
534050
534048
534045
534032
534012
534009
534011
533988
533981
533982
533999
534005
534004
533997
534002
534021
534002
534005
534019
534034
534043
534052
534048
534032
534022
534026
534027
534030
534032
534034
534037
534040
534047
534047
534052
534056
534044
534043
536333
538291
534337
534332
534363
534126
534195
534116
534126
534073
534067
534074
534051
534048
534046
534033
534012
534009
534010
533987
533980
533981
533997
534003
534003
533996
534001
534020
534001
534005
534019
534033
534043
534052
534047
534032
534023
534027
534027
534030
534030
534035
534036
534039
534047
534048
534052
534057
534047
534043
536548
538681
534430
534324
534321
534145
534224
534118
534126
534074
534067
534075
534052
534049
534046
534033
534013
534008
534008
533986
533979
533979
533995
534001
534002
533996
534000
534018
534000
534005
534019
534033
534043
534052
534047
534032
534024
534027
534028
534029
534030
534035
534036
534039
534048
534049
534052
534058
534049
534044
536769
539089
534529
534314
534356
534074
534269
534112
534122
534074
534067
534076
534053
534049
534046
534034
534014
534008
534007
533985
533978
533978
533993
533999
534000
533995
533999
534016
533999
534005
534018
534033
534042
534052
534046
534033
534025
534027
534028
534029
534029
534034
534036
534038
534048
534049
534053
534053
534057
534044
536998
539513
534635
534301
534370
534071
534258
534098
534112
534073
534067
534076
534054
534050
534047
534034
534015
534008
534006
533984
533978
533977
533991
533998
534000
533995
533998
534015
533998
534005
534018
534032
534042
534052
534046
534031
534028
534027
534028
534028
534028
534033
534036
534038
534048
534050
534053
534054
534059
534045
537231
539951
534750
534283
534398
534075
534322
534151
534134
534072
534065
534077
534054
534051
534047
534035
534016
534008
534005
533983
533977
533976
533989
533996
533999
533993
533999
534014
533998
534004
534017
534032
534042
534051
534045
534032
534028
534027
534027
534027
534027
534033
534035
534038
534048
534051
534053
534054
534061
534046
537470
540403
534871
534261
534422
534107
534353
534169
534169
534095
534064
534076
534055
534052
534048
534035
534017
534008
534004
533983
533976
533975
533987
533994
533997
533993
533998
534012
533997
534004
534017
534031
534042
534051
534045
534032
534028
534027
534027
534027
534026
534032
534034
534039
534047
534052
534052
534054
534062
534049
537707
540866
534990
534238
534445
534056
534300
534171
534178
534129
534084
534077
534054
534052
534048
534036
534018
534009
534003
533982
533975
533973
533986
533992
533996
533991
533996
534010
533996
534004
534016
534031
534041
534051
534045
534032
534028
534027
534027
534026
534025
534031
534032
534041
534046
534054
534053
534055
534064
534051
537940
541339
535108
534214
534465
534039
534275
534126
534173
534143
534117
534094
534053
534052
534048
534036
534018
534009
534002
533981
533974
533972
533984
533991
533994
533990
533994
534007
533996
534001
534016
534030
534040
534049
534044
534034
534028
534027
534027
534025
534025
534030
534032
534037
534052
534053
534053
534054
534065
534053
538224
541815
535245
534184
534487
534029
534267
534108
534129
534134
534124
534107
534051
534051
534047
534037
534019
534009
534001
533980
533973
533971
533983
533989
533992
533990
533991
534000
533993
534004
534014
534029
534040
534050
534043
534033
534027
534027
534026
534025
534024
534029
534031
534037
534049
534057
534053
534052
534066
534056
538673
542330
535397
534146
534511
534013
534259
534098
534107
534093
534083
534095
534062
534057
534048
534037
534020
534009
534000
533979
533972
533969
533981
533987
533990
533986
533984
533999
533982
533997
534012
534028
534039
534049
534044
534032
534027
534027
534026
534024
534023
534028
534030
534036
534049
534058
534054
534052
534060
534065
539255
542885
535556
534097
534531
533988
534232
534073
534087
534076
534067
534089
534066
534064
534051
534038
534021
534009
534000
533978
533971
533968
533981
533987
533988
533974
533959
533970
533959
533979
534006
534026
534038
534049
534043
534032
534026
534026
534025
534023
534022
534027
534029
534036
534049
534058
534056
534051
534061
534066
540552
543571
535743
534139
534505
533872
534106
533959
534011
534037
534051
534083
534064
534061
534053
534039
534022
534010
534000
533979
533971
533968
533981
533987
533995
533992
534005
534023
534000
533990
534003
534025
534037
534048
534042
534031
534025
534025
534023
534021
534020
534026
534028
534035
534049
534059
534058
534052
534062
534063
533960
533958
533957
533958
533958
533962
533971
533970
533981
534028
534025
533993
533986
534069
534008
534004
534008
533930
534027
533920
533906
533959
533954
533835
533839
533856
533900
533804
533807
533843
533816
533800
533852
533830
533881
533911
533990
534092
534227
534389
534570
534763
534961
535159
535354
535544
535729
535906
536076
536236
534008
534007
534007
534008
534010
534010
534020
534016
534016
534048
534041
534007
533996
534069
534004
533996
533996
533917
534004
533900
533888
533928
533919
533810
533812
533820
533856
533771
533771
533795
533772
533755
533796
533781
533830
533871
533960
534074
534220
534391
534579
534779
534984
535188
535390
535586
535777
535960
536134
536299
534018
534017
534017
534018
534019
534020
534027
534024
534021
534049
534041
534008
533995
534062
533996
533986
533983
533905
533983
533882
533871
533900
533889
533789
533789
533790
533819
533745
533741
533756
533736
533719
533752
533744
533795
533847
533947
534073
534230
534410
534607
534814
535026
535237
535445
535649
535845
536034
536213
536382
534020
534019
534019
534019
534020
534019
534026
534027
534018
534046
534038
534006
533992
534053
533987
533976
533970
533893
533963
533865
533855
533873
533861
533768
533766
533760
533783
533717
533711
533718
533700
533683
533709
533708
533763
533828
533938
534075
534243
534433
534639
534854
535073
535292
535507
535718
535921
536116
536301
536474
534021
534019
534019
534019
534019
534021
534020
534024
534016
534043
534033
534003
533988
534043
533979
533965
533957
533882
533942
533848
533837
533846
533832
533746
533741
533730
533747
533687
533678
533678
533660
533643
533665
533671
533731
533808
533929
534078
534256
534456
534670
534894
535121
535348
535571
535790
536001
536202
536394
536573
534022
534020
534019
534019
534018
534020
534019
534021
534014
534039
534029
534000
533984
534033
533970
533955
533944
533870
533922
533831
533819
533819
533802
533722
533715
533698
533709
533653
533641
533635
533617
533600
533618
533632
533699
533787
533918
534079
534268
534477
534701
534933
535169
535405
535638
535865
536084
536294
536492
536677
534022
534020
534019
534018
534017
534019
534016
534017
534014
534036
534024
533997
533979
534023
533961
533944
533931
533858
533902
533813
533800
533792
533772
533696
533686
533665
533670
533617
533602
533590
533570
533553
533569
533592
533665
533764
533907
534078
534277
534496
534729
534971
535216
535463
535706
535943
536172
536390
536597
536788
534023
534021
534020
534018
534017
534018
534021
534007
534012
534033
534020
533993
533975
534014
533952
533934
533917
533845
533881
533795
533780
533764
533742
533669
533656
533630
533628
533577
533559
533541
533519
533502
533519
533549
533629
533740
533892
534074
534283
534512
534755
535007
535264
535521
535776
536025
536265
536493
536708
536907
534024
534022
534020
534018
534016
534018
534019
534005
534010
534030
534015
533989
533970
534004
533943
533923
533904
533833
533861
533776
533759
533735
533710
533640
533623
533593
533584
533534
533512
533489
533464
533448
533466
533504
533592
533713
533875
534067
534285
534524
534778
535041
535310
535580
535849
536110
536363
536602
536827
537034
534025
534022
534021
534018
534016
534017
534018
534003
534007
534028
534012
533985
533965
533994
533934
533912
533890
533819
533840
533757
533737
533706
533677
533610
533589
533554
533538
533488
533462
533432
533405
533390
533411
533457
533552
533683
533853
534055
534283
534532
534797
535072
535355
535640
535924
536201
536467
536719
536954
537168
534026
534023
534022
534019
534016
534017
534017
534001
534004
534026
534008
533981
533960
533984
533925
533901
533877
533806
533819
533737
533713
533675
533644
533577
533552
533512
533489
533438
533407
533371
533343
533330
533353
533407
533509
533648
533827
534036
534274
534533
534811
535100
535399
535701
536002
536297
536578
536843
537086
537300
534027
534024
534023
534019
534015
534017
534016
534000
533999
534025
534004
533977
533955
533974
533916
533890
533862
533791
533797
533716
533688
533644
533609
533542
533512
533467
533437
533385
533347
533307
533277
533266
533292
533353
533461
533608
533794
534011
534257
534528
534819
535124
535441
535763
536084
536397
536694
536965
537207
537402
534029
534025
534024
534020
534015
534017
534016
533997
533996
534025
534001
533973
533949
533964
533906
533878
533848
533776
533775
533694
533662
533612
533572
533505
533469
533419
533383
533327
533284
533239
533208
533199
533228
533295
533409
533561
533752
533977
534232
534514
534821
535143
535480
535824
536166
536494
536798
537059
537275
537559
534030
534026
534025
534020
534015
534016
534016
534008
533982
534023
533998
533968
533944
533954
533896
533867
533833
533761
533753
533671
533634
533579
533534
533466
533424
533368
533325
533266
533216
533168
533136
533129
533161
533231
533349
533506
533701
533931
534194
534489
534812
535153
535510
535873
536231
536561
536850
537154
537535
537941
534031
534027
534026
534021
534016
534016
534016
534007
533979
534021
533995
533964
533939
533945
533886
533855
533818
533745
533730
533647
533606
533544
533495
533424
533376
533315
533264
533200
533145
533093
533061
533055
533089
533162
533281
533438
533635
533868
534136
534441
534779
535137
535512
535883
536232
536573
537043
537624
537936
538093
534032
534028
534027
534022
534016
534016
534015
534007
533976
534019
533993
533961
533933
533936
533876
533843
533803
533728
533707
533623
533575
533508
533454
533380
533324
533258
533201
533131
533070
533016
532982
532977
533009
533080
533195
533348
533540
533771
534039
534350
534703
535060
535425
535810
536345
537085
537502
537739
538044
538345
534033
534029
534029
534023
534016
534017
534015
534006
533973
534017
533992
533957
533928
533927
533866
533831
533787
533710
533683
533597
533544
533471
533411
533333
533270
533198
533133
533059
532992
532935
532900
532893
532918
532978
533074
533210
533382
533592
533833
534118
534483
534952
535500
536323
536816
537127
537556
537922
538275
538645
534034
534030
534030
534023
534016
534017
534015
534006
533970
534014
533991
533953
533923
533918
533855
533819
533772
533693
533659
533570
533511
533432
533366
533284
533214
533136
533063
532983
532912
532851
532812
532797
532787
532793
532888
533039
533235
533482
533797
534197
534914
535401
535897
536238
536761
537247
537719
538157
538611
539224
534036
534032
534031
534024
534016
534017
534015
534006
533968
534012
533990
533949
533917
533910
533845
533807
533756
533674
533635
533543
533476
533392
533319
533232
533154
533070
532989
532903
532827
532762
532713
532647
532662
532767
533056
533226
533437
533703
534027
534401
534645
535183
535726
536251
536821
537382
537925
538481
539160
538889
534037
534033
534033
534025
534016
534018
534015
534006
533966
534009
533989
533945
533912
533901
533834
533794
533739
533654
533609
533513
533439
533348
533268
533174
533088
532996
532906
532814
532731
532658
532555
532568
532732
532802
532771
532902
533077
533309
533611
534026
534498
535041
535658
536245
536876
537456
538069
538952
538854
539780
534038
534034
534034
534026
534016
534018
534015
534006
533964
534007
533988
533941
533907
533894
533823
533782
533723
533635
533585
533483
533403
533306
533218
533118
533023
532924
532827
532729
532637
532527
532506
532583
532510
532543
532581
532675
532823
533041
533419
533824
534335
534938
535573
536219
536824
537955
539204
540731
542548
543285
534039
534036
534036
534027
534016
534018
534014
534002
533967
534005
533987
533937
533903
533887
533814
533771
533708
533618
533563
533457
533370
533268
533174
533067
532965
532860
532758
532654
532545
532474
532505
532409
532383
532393
532429
532502
532659
532921
533234
533666
534162
534795
535443
536336
538524
541203
542265
542309
543277
542263
534041
534037
534037
534028
534016
534019
534013
533999
533970
534004
533985
533934
533899
533881
533805
533761
533695
533602
533543
533432
533339
533232
533132
533019
532910
532800
532693
532584
532471
532466
532362
532305
532275
532268
532276
532379
532520
532720
533036
533434
533980
534605
536180
538490
539560
541137
541943
541712
540429
540744
534042
534038
534038
534029
534016
534019
534014
533997
533971
534003
533983
533930
533895
533876
533797
533752
533683
533588
533525
533408
533310
533199
533093
532974
532858
532745
532633
532505
532460
532350
532274
532216
532171
532139
532198
532235
532326
532513
532776
533198
533805
534590
537579
538906
539250
539127
539222
540037
540681
541030
534044
534040
534040
534029
534016
534019
534002
534002
533979
534002
533981
533928
533892
533872
533789
533744
533672
533575
533509
533387
533284
533169
533056
532931
532810
532692
532576
532463
532368
532276
532201
532131
532073
532098
532066
532066
532133
532231
532509
532972
533623
534629
535624
536822
538236
538672
539307
540371
541050
541375
534045
534041
534041
534030
534015
534019
534003
534020
533961
533999
533980
533925
533890
533868
533781
533736
533662
533563
533496
533368
533261
533142
533022
532891
532765
532644
532518
532431
532303
532213
532130
532066
532053
531990
531929
531894
531859
531979
532249
532725
533410
534339
535420
536677
538170
538636
539723
540804
541430
541608
534047
534042
534042
534030
534014
534011
534010
534019
533965
533993
533979
533922
533886
533866
533769
533727
533651
533551
533485
533352
533246
533122
532992
532854
532722
532598
532482
532364
532247
532150
532093
532059
531976
531889
531786
531651
531616
531651
531858
532361
533135
534123
535296
536835
537905
538811
540142
541109
541625
541218
534048
534046
534045
534033
534008
534018
534014
534020
533967
533986
533980
533919
533881
533866
533702
533711
533630
533533
533504
533355
533263
533114
532972
532823
532684
532555
532444
532309
532186
532140
532092
532004
531906
531767
531583
531431
531241
530942
530851
531468
532640
533860
535152
536783
537768
539034
540388
540925
541380
547233
534050
534046
534049
534037
534011
534021
534019
534025
533974
533977
533990
533919
533850
533904
533746
533732
533636
533534
533464
533163
533226
533184
532967
532807
532651
532517
532391
532265
532210
532133
532053
531960
531792
531614
531402
531050
530289
531947
535924
535758
533110
533783
534975
536619
537665
539110
539998
545269
548103
548817
534051
534047
534047
534034
534009
534022
534021
534009
533987
533977
533993
533890
533920
533868
533770
533719
533634
533529
533450
533278
533003
533048
533042
532838
532635
532475
532371
532295
532185
532106
532011
531836
531686
531483
531073
529982
533432
537925
538420
538969
540314
533726
534774
536268
537427
538980
546157
548030
549745
550285
534052
534048
534047
534033
534006
534018
534029
534003
533982
533974
533965
533929
533908
533856
533765
533712
533629
533523
533442
533299
533130
532829
532852
532928
532653
532503
532393
532273
532162
532036
531910
531777
531598
531253
530111
533958
537965
538675
539269
540309
538547
533227
534558
535951
538598
544232
547171
549201
546194
544646
534054
534050
534047
534034
534006
534017
534028
534006
533975
533984
533957
533920
533889
533853
533763
533709
533624
533518
533435
533292
533154
532969
532632
532709
532822
532527
532385
532232
532054
531967
531868
531723
531456
530596
532798
538083
538672
539183
540579
536168
532760
532997
534381
535749
540763
544463
544979
544572
544957
544374
534055
534051
534048
534025
534019
534012
534028
534007
533975
533982
533961
533915
533880
533850
533762
533706
533620
533514
533427
533283
533140
532987
532781
532444
532842
532602
532325
532147
532011
531933
531836
531642
531085
530343
538061
538715
539175
540307
532496
531935
531763
532806
534091
536127
538324
540880
543033
544531
545285
544820
534056
534052
534041
534039
534013
534008
534027
534006
533975
533978
533960
533913
533877
533846
533759
533701
533614
533506
533413
533262
533124
533020
532905
532444
532589
532668
532286
532111
531979
531907
531793
531444
529827
537860
538844
539047
540699
532041
531099
530820
531591
532477
533772
535606
537791
540348
542923
545085
546082
545598
534058
534053
534050
534043
534015
534007
534024
534001
533970
533970
533952
533906
533868
533834
533747
533685
533595
533483
533411
533312
533207
533069
532927
532645
532139
532705
532288
532090
531951
531879
531698
530824
533954
538942
539145
539960
533206
530903
530534
530650
531253
532100
533406
535179
537458
540221
543177
545830
547156
546851
534061
534059
534060
534045
534015
533999
534007
533988
533962
533962
533944
533902
533873
533851
533777
533728
533654
533579
533491
533362
533232
533086
532869
532618
532015
532585
532346
532078
531923
531831
531415
529506
538412
539011
539750
537849
531123
530457
530309
530484
530962
531777
533052
534817
537154
540088
543431
546688
548589
548953
534061
534058
534059
534037
534006
534060
534116
534094
534064
534061
534039
533994
533959
533928
533850
533792
533709
533611
533521
533391
533206
532988
532807
532544
532013
532274
532487
532069
531886
531714
530481
537855
538937
539631
541346
532030
530610
530229
530140
530289
530696
531512
532680
534418
536769
539842
543591
547605
550540
552472
534060
534056
534056
534036
534008
534043
534066
534063
534055
534076
534071
534036
534001
533968
533882
533812
533715
533596
533480
533288
533131
532949
532750
532555
532367
531875
532560
532050
531812
531365
530974
539237
539286
540524
535804
530919
530342
530052
529949
530048
530473
531294
532362
533918
536233
539398
543559
548537
553426
558184
534060
534056
534055
534035
534005
534028
534031
534017
533994
533997
533980
533946
533909
533870
533787
533721
533628
533514
533404
533241
533078
532873
532788
532730
532493
531918
532577
531997
531619
530208
538130
539228
539872
541565
531812
530534
530062
529758
529607
529626
530125
530773
531788
533217
535401
538593
543149
549409
558007
567007
534065
534059
534055
534035
534005
534025
534023
534007
533979
533976
533953
533911
533872
533834
533751
533680
533578
533447
533318
533169
533023
532986
532899
532689
532416
531857
532416
531835
531027
532357
539350
539389
540407
532894
530635
529871
529372
528983
528731
528717
529058
529566
530452
531707
533677
536712
541359
548729
561784
573799
536375
536483
536604
536730
536853
536973
537087
537193
537291
537380
537456
537517
537559
537595
537602
537631
537643
537601
537604
537507
537488
537435
537374
537315
537183
537227
537124
537109
536963
536864
536837
536813
536789
536766
536747
536734
536726
536724
536726
536733
536742
536752
536763
536774
536783
536790
536793
536792
536784
536767
536440
536549
536672
536799
536924
537044
537157
537262
537358
537445
537517
537569
537600
537634
537674
537656
537670
537617
537640
537491
537477
537421
537357
537317
537132
537196
537077
537071
536910
536807
536792
536773
536751
536729
536711
536699
536694
536694
536697
536706
536716
536729
536742
536754
536765
536774
536780
536783
536781
536774
536526
536636
536761
536888
537014
537133
537245
537347
537439
537522
537586
537624
537649
537728
537711
537687
537724
537628
537754
537407
537445
537399
537338
537414
536999
537192
536986
537019
536852
536742
536742
536730
536709
536688
536672
536662
536658
536660
536667
536677
536690
536706
536721
536737
536750
536762
536770
536775
536777
536774
536622
536732
536858
536987
537112
537231
537341
537438
537525
537600
537651
537687
537752
537780
537771
537718
537850
537569
537987
537158
537414
537373
537312
537585
536772
537331
536779
536946
536786
536651
536681
536678
536660
536640
536625
536618
536617
536621
536630
536644
536660
536678
536697
536715
536732
536746
536758
536765
536769
536770
536723
536835
536962
537091
537217
537335
537441
537531
537606
537669
537727
537805
537802
537862
537906
537699
538095
537303
537695
537393
537404
537341
537265
537287
536965
537527
536604
536891
536666
536490
536600
536617
536602
536584
536571
536566
536568
536576
536588
536604
536624
536646
536668
536690
536710
536727
536741
536752
536759
536762
536832
536944
537072
537203
537329
537444
537543
537617
537672
537761
537866
537882
537862
538020
538163
537469
537737
537553
537595
537457
537394
537302
537208
537121
536990
537441
536831
536897
536373
536299
536510
536548
536536
536520
536510
536507
536512
536524
536539
536559
536582
536608
536635
536660
536683
536704
536722
536736
536745
536751
536947
537059
537189
537320
537445
537553
537637
537683
537784
537916
537964
538043
537899
538288
537633
537630
537713
537631
537589
537444
537353
537247
537142
537040
536915
537026
536837
537168
536292
536137
536412
536471
536463
536448
536440
536440
536449
536465
536485
536508
536535
536566
536596
536626
536653
536678
536699
536716
536729
536737
537070
537183
537312
537441
537558
537651
537726
537839
537949
538021
538149
538392
537740
537815
537796
537756
537746
537637
537556
537406
537295
537178
537064
536956
536827
536823
536764
537156
536257
536028
536290
536381
536380
536368
536362
536366
536379
536399
536423
536450
536483
536518
536553
536587
536619
536648
536673
536694
536710
536722
537201
537311
537436
537554
537650
537767
537951
538029
538040
538203
538479
537938
537737
537905
537884
537807
537739
537609
537503
537351
537225
537096
536972
536856
536731
536713
536672
537031
536207
535944
536118
536276
536287
536278
536276
536284
536301
536326
536355
536387
536425
536465
536505
536545
536582
536615
536645
536670
536690
536704
537335
537436
537543
537633
537805
538009
538082
538204
538166
538516
537893
537971
537970
537994
537919
537806
537703
537563
537435
537278
537137
536997
536864
536740
536618
536592
536558
536817
536206
535843
535964
536163
536183
536179
536181
536194
536216
536246
536280
536318
536362
536407
536453
536498
536540
536579
536613
536643
536667
536685
537457
537531
537661
537862
538065
538150
538320
538669
538187
537898
538056
538119
538080
538026
537914
537780
537650
537497
537349
537184
537030
536879
536736
536606
536483
536447
536412
536412
536317
535714
535857
536040
536063
536064
536073
536092
536118
536153
536193
536240
536291
536344
536397
536447
536494
536538
536578
536613
536642
536664
537544
537715
537984
538149
538230
538395
538769
538337
537945
538137
538232
538212
538121
538019
537884
537731
537575
537404
537235
537060
536895
536731
536573
536433
536302
536255
536224
536151
536173
535496
535729
535856
535877
535888
535921
535959
535986
536013
536058
536123
536200
536270
536333
536389
536436
536480
536527
536572
536610
536640
537922
538046
538158
538317
538510
538878
538324
538140
538290
538349
538334
538251
538126
537988
537827
537651
537464
537265
537060
536871
536701
536503
536287
536096
535906
535789
535787
535814
535676
534851
535096
535182
535200
535230
535435
535668
535644
535463
535462
535613
535963
536140
536243
536302
536320
536302
536366
536466
536539
536597
538061
538219
538364
538577
538969
538425
538303
538453
538484
538456
538373
538250
538095
537916
537717
537510
537262
536987
536615
536383
536254
535875
536134
536730
537497
538967
538566
537237
536812
540312
541967
541804
542011
542060
540276
535426
535562
540761
542299
542126
536511
535604
536012
536076
535829
536437
536735
536148
536046
536395
538302
538424
538651
539056
538489
538484
538608
538638
538589
538498
538364
538197
537998
537728
537417
537167
536624
536730
539158
539844
538313
540504
542488
542376
542352
542401
542331
542423
541950
541997
542454
542378
542346
542347
542220
542051
542172
542476
542598
542611
542463
542469
535586
535316
538404
542805
542830
542868
543058
537388
538544
538729
539137
538557
538618
538762
538789
538715
538595
538466
538240
537979
537700
537250
538433
537809
541863
543180
543152
543093
542806
542719
542657
542602
542846
542885
542659
542757
542447
542388
539535
541966
542836
542846
542623
542406
542568
542932
543044
543114
543209
543143
542615
542149
542840
543036
543121
543183
543204
543083
538841
539145
538574
538750
538909
538904
538810
538550
538273
538177
538195
538782
537991
543442
543733
543438
543381
543385
543738
541568
542188
543192
543039
543077
538581
537215
539941
541012
538265
535786
535484
535748
536267
535865
538139
543004
542662
537840
537709
538090
537460
536460
542422
543447
543163
543105
543151
543231
543354
543673
538910
538626
538811
538929
538986
538675
538772
540139
542885
540510
544198
543996
543499
543484
543092
543452
543870
542462
536693
536268
536133
536703
536969
536159
535408
535349
535518
535597
535046
534963
535052
535109
535175
535216
535478
536015
535863
535606
535676
535777
535839
535977
536373
536426
541185
543621
543461
543596
543915
544440
538635
538810
539097
540273
539336
543300
543810
543703
543640
543595
540946
539641
543564
543822
537817
536959
536742
536378
535846
535551
535250
535063
535031
535054
535001
534986
534992
535049
534710
534803
534891
534939
534986
535040
535111
535202
535276
535358
535457
535562
535672
535788
535917
536075
536493
537169
542359
542299
539147
536955
540249
540726
543918
544069
544286
544418
544414
544395
544038
539027
538086
537739
537571
537217
536556
536169
535831
535545
535349
534756
535261
536738
536126
534997
534756
534772
534776
534830
534556
534682
534748
534796
534848
534908
534979
535059
535146
535243
535349
535461
535575
535689
535809
535946
536092
536331
536631
536680
536607
536568
543863
543942
544352
544111
540413
540942
540795
539384
538741
538073
537575
537149
536722
536250
535818
535511
534958
535136
534283
537774
540766
540723
540722
536534
534534
534580
534603
534621
534428
534560
534617
534671
534727
534790
534865
534953
535051
535148
535258
535373
535446
535472
535465
535649
535910
536102
536266
536385
536468
536523
541377
543025
541566
540225
539849
539574
539153
538605
538100
537552
536938
536486
535768
535762
536499
535578
540066
540755
540549
540794
540912
540914
541122
538227
534379
534419
534503
534376
534338
534449
534509
534563
534625
534695
534770
534854
534929
534978
535066
535165
534875
534184
535865
535891
534918
535074
535945
536273
536422
536484
540861
540771
540479
540117
539713
539264
538711
538035
537481
536493
536983
536290
538388
541370
541086
540820
541024
540972
540865
540828
540828
541188
540703
534859
534275
534280
534367
534229
534271
534351
534406
534466
534538
534607
534686
534755
534684
533971
533671
534102
533990
544507
545546
545630
545726
544963
535314
535397
536121
536210
541071
540774
540458
540028
539391
538784
537812
537927
536806
540405
542024
541540
541456
541493
541305
541031
540888
540821
540758
541046
541523
539396
534777
534192
534137
534156
534234
534136
534206
534323
534388
534449
534473
534538
534619
534658
533860
538362
543959
539671
546338
547530
547648
547794
548153
547606
546255
543050
534696
534510
541330
540846
540305
539550
539234
538588
540864
543179
542468
542301
542070
541751
541524
541986
541611
541192
541063
541468
541559
539739
535129
534450
534061
534013
534027
534067
534122
534069
534196
534284
534341
534403
534420
534482
534569
534617
538823
545834
546170
546221
542955
538412
540301
541083
538905
540211
548870
547968
546272
545274
541385
540347
540010
540689
544874
544021
543621
543393
542767
542182
542173
542282
542113
535933
534918
538537
539502
535750
534735
534417
533960
533892
533889
533910
533945
534019
534013
534026
534119
534183
534243
534302
534361
534436
534527
534652
535881
538680
539703
538828
536223
535761
536094
536315
536302
536837
538010
537833
546960
549357
540988
544623
546104
545506
545074
544319
544090
542269
542172
542649
539121
535179
534904
534104
533884
534341
534311
533856
533750
533740
533743
533766
533799
533837
533883
533964
533949
534003
534077
534133
534192
534252
534320
534398
534486
534592
534830
535215
535419
535409
535338
535461
535654
535856
536048
536264
536496
536775
537894
542311
547531
547128
546541
546551
545643
544344
539101
536205
535717
535317
534577
533919
533700
533565
533509
533526
533536
533539
533570
533609
533649
533692
533737
533785
533839
533915
533917
533987
534051
534106
534165
534224
534292
534370
534456
534551
534664
534811
534972
535095
535234
535422
535625
535835
536043
536245
536426
536583
536775
537578
548702
548334
546978
539574
538360
537232
535804
534754
534175
533803
533543
533378
533298
533269
533278
533314
533361
533416
533477
533537
533592
533643
533696
533750
533815
533880
533901
533976
534033
534089
534148
534203
534270
534345
534429
534524
534677
534815
534954
535106
535275
535429
535631
535854
536076
536285
536464
536595
536672
536730
547770
541900
540300
538104
536573
535389
534474
533826
533414
533174
533051
533006
533012
533052
533113
533183
533260
533342
533424
533496
533558
533611
533670
533729
533810
533853
533897
533969
534023
534080
534138
534185
534251
534360
534477
534573
534690
534817
534955
535076
535224
535425
535652
535890
536129
536355
536544
536670
536703
536639
543276
540756
538703
536860
535357
534235
533472
533006
532762
532668
532669
532723
532803
532899
533001
533100
533200
533303
533399
533478
533542
533593
533655
533717
533805
533843
533899
533965
534017
534074
534131
534166
534234
534346
534447
534540
534649
534768
534895
535031
535199
535431
535681
535940
536201
536452
536662
536789
536791
536643
542507
539895
537520
535519
534027
533050
532500
532256
532202
532259
532380
532523
532661
532800
532936
533055
533168
533287
533396
533476
533537
533580
533642
533703
533797
533839
533893
533956
534005
534062
534110
534124
534192
534306
534398
534489
534604
534733
534864
534993
535154
535421
535704
535988
536279
536569
536817
536961
536931
536681
542171
538831
536009
533890
532538
531836
531587
531605
531752
531956
532184
532398
532576
532746
532906
533031
533141
533275
533396
533471
533522
533542
533598
533646
533741
533790
533833
533897
533947
533999
533994
533962
534035
534181
534279
534373
534493
534628
534756
534860
534974
535286
535636
535960
536292
536647
536979
537193
537141
536755
541609
537249
533983
531920
530923
530655
530787
531091
531430
531751
532063
532330
532523
532700
532873
532979
533025
533175
533327
533384
533414
533353
533376
533337
533411
533499
533517
533587
533658
533658
533348
533193
533303
533533
533678
533835
533969
534107
534229
534296
534212
534527
535094
535517
535915
536384
536934
537424
537412
536863
540591
534838
531270
529605
529262
529583
530143
530726
531216
531577
531928
532234
532396
532509
532688
532686
532392
532586
532872
532856
532827
532419
532308
531842
531758
531920
531726
531853
532088
532111
530884
530376
530645
531139
531424
531250
531332
531401
531522
531584
530280
530003
531642
532436
532958
533639
535025
537249
537504
536817
538737
531042
527616
526953
527620
528619
529590
530415
530971
531109
531383
531759
531760
531503
531704
531245
529236
529659
530673
530309
530086
528006
527175
523905
523561
529738
533582
533861
533451
526625
516733
514577
516052
518047
519339
519873
519637
519289
519470
519914
524486
532271
539181
541180
542010
543140
542709
535555
536107
535400
535012
524491
522407
523739
525746
527312
528574
529639
530095
528922
528693
529481
528833
526705
527102
524917
515182
516511
519855
518703
518195
508217
511337
523948
522063
524303
515154
516015
520214
522340
462806
440521
434266
428123
436214
440904
439707
435142
435792
442431
445640
457452
509582
525041
524938
522361
522551
525888
527419
527131
526842
512135
514078
518543
521894
523310
524544
526196
526231
518979
516317
518574
514615
504400
507579
495367
420274
436685
507502
548951
549995
460526
453239
467250
487406
560834
516349
456614
442348
476520
660871
704515
702975
707346
748051
747883
688869
685331
689292
714368
701925
682412
521260
465578
470890
477258
472500
457715
458200
458410
512698
491081
499337
505642
509423
507315
508836
512614
513594
473226
463189
503528
507485
404540
373217
459982
635369
609311
472974
522974
549666
760787
747613
767804
794416
605073
696062
779246
775715
782907
826701
840176
841045
826347
720610
696422
801544
817907
817124
759449
796118
802294
763488
752664
753416
754701
753743
750272
742080
664373
480880
426845
437559
441377
442920
453549
455732
449556
449186
529010
528714
492765
514426
690065
694315
679089
674908
658088
685445
538180
507363
594518
611276
580499
537348
481875
506917
530749
530043
531694
538874
543256
542494
536619
510165
505465
533850
541974
540735
527594
536889
538583
534975
534849
536240
540078
542301
546935
571487
668157
536744
536622
536474
536214
535697
534628
532422
527968
519405
504257
480997
456071
457664
485436
511719
530032
541551
548664
552480
553979
553774
552180
549363
545491
540716
535167
528878
522023
514705
507084
499364
491643
484195
476990
470282
464452
459828
457140
456835
459347
464111
471563
481090
491900
505199
522312
546159
575530
604989
641737
777781
1.43999e+06
9.16149e+06
9.65776e+06
9.93445e+06
1.00637e+07
1.01499e+07
1.02076e+07
1.02615e+07
1.03014e+07
1.03418e+07
1.0376e+07
1.04026e+07
1.04332e+07
1.04557e+07
1.04739e+07
1.04947e+07
1.05104e+07
1.05236e+07
1.05363e+07
1.0548e+07
1.05575e+07
1.05637e+07
1.05681e+07
1.05729e+07
1.05773e+07
1.05797e+07
1.05795e+07
1.05769e+07
1.05725e+07
1.0567e+07
1.05615e+07
1.05562e+07
1.05505e+07
1.05441e+07
1.05364e+07
1.05279e+07
1.05202e+07
1.05133e+07
1.05065e+07
1.04993e+07
1.04915e+07
1.04828e+07
1.04737e+07
1.04657e+07
1.04583e+07
1.04505e+07
1.04432e+07
1.04354e+07
1.04268e+07
1.04172e+07
1.0409e+07
1.04015e+07
1.03934e+07
1.03842e+07
1.03742e+07
1.03638e+07
1.03528e+07
1.03417e+07
1.03321e+07
1.0322e+07
1.031e+07
1.02969e+07
1.02829e+07
1.02667e+07
1.02553e+07
1.02435e+07
1.02283e+07
1.02112e+07
1.01933e+07
1.01718e+07
1.01582e+07
1.01419e+07
1.01204e+07
1.00977e+07
1.00763e+07
1.00514e+07
1.00324e+07
1.00058e+07
9.97407e+06
9.94289e+06
9.90934e+06
9.88694e+06
9.84856e+06
9.79851e+06
9.74619e+06
9.70091e+06
9.58215e+06
9.46824e+06
9.31755e+06
9.14691e+06
8.94243e+06
7.37982e+06
3.18541e+06
1.60492e+06
947328
677417
568850
519163
523811
536769
536683
536609
536506
536318
535935
535129
533430
529924
523026
510483
490361
465398
455727
476053
502462
522376
535334
543468
548000
549937
550063
548720
546125
542431
537791
532411
526414
519845
512891
505704
498395
491141
483943
476950
470424
464647
460292
457734
457405
459373
463944
470895
479324
489157
500538
515109
532762
553700
579951
610721
694642
768465
6.59362e+06
9.26808e+06
9.78279e+06
9.97899e+06
1.00831e+07
1.01613e+07
1.02152e+07
1.02648e+07
1.03076e+07
1.03386e+07
1.03759e+07
1.04023e+07
1.04227e+07
1.04484e+07
1.04658e+07
1.04809e+07
1.04963e+07
1.05099e+07
1.05209e+07
1.0528e+07
1.05332e+07
1.05394e+07
1.0545e+07
1.05479e+07
1.05476e+07
1.05446e+07
1.05395e+07
1.05331e+07
1.05269e+07
1.0521e+07
1.05148e+07
1.05076e+07
1.04989e+07
1.04891e+07
1.04806e+07
1.0473e+07
1.04654e+07
1.04573e+07
1.04484e+07
1.04386e+07
1.04282e+07
1.04196e+07
1.04116e+07
1.04027e+07
1.03943e+07
1.03852e+07
1.03752e+07
1.03639e+07
1.0355e+07
1.0347e+07
1.03379e+07
1.03272e+07
1.03153e+07
1.03027e+07
1.02898e+07
1.0277e+07
1.02665e+07
1.02551e+07
1.02408e+07
1.02249e+07
1.02081e+07
1.01881e+07
1.01757e+07
1.01622e+07
1.01438e+07
1.01227e+07
1.01009e+07
1.00747e+07
1.00599e+07
1.00398e+07
1.00112e+07
9.98003e+06
9.95176e+06
9.9206e+06
9.89557e+06
9.85596e+06
9.80819e+06
9.75211e+06
9.66764e+06
9.56359e+06
9.43222e+06
9.25232e+06
9.0734e+06
8.83858e+06
3.74167e+06
1.66166e+06
906238
637110
545131
535734
529325
527329
526708
524008
517670
503413
490476
536776
536702
536653
536601
536522
536376
536078
535445
534087
531232
525503
514843
497174
473461
456950
469470
495545
517217
531852
541158
546471
548931
549400
548303
545918
542432
538005
532784
526992
520753
514120
507251
500252
493143
485995
478959
472204
466221
461443
458317
456985
457926
461593
467339
474531
482869
492866
504863
518740
535853
561673
596077
631059
723370
859679
8.92971e+06
9.36727e+06
9.82526e+06
9.99724e+06
1.00899e+07
1.01596e+07
1.0218e+07
1.02564e+07
1.03032e+07
1.03357e+07
1.03589e+07
1.03917e+07
1.04112e+07
1.04291e+07
1.04485e+07
1.04643e+07
1.04771e+07
1.04853e+07
1.04919e+07
1.05001e+07
1.05071e+07
1.05105e+07
1.051e+07
1.05064e+07
1.05004e+07
1.0493e+07
1.04859e+07
1.04793e+07
1.04723e+07
1.04641e+07
1.04541e+07
1.04426e+07
1.04329e+07
1.04246e+07
1.04159e+07
1.04064e+07
1.03959e+07
1.03845e+07
1.03724e+07
1.03629e+07
1.0354e+07
1.03439e+07
1.03338e+07
1.03229e+07
1.03109e+07
1.0297e+07
1.02871e+07
1.02784e+07
1.0268e+07
1.02553e+07
1.02406e+07
1.02251e+07
1.02095e+07
1.01943e+07
1.01827e+07
1.01694e+07
1.01519e+07
1.01321e+07
1.01116e+07
1.00869e+07
1.00733e+07
1.00569e+07
1.00325e+07
1.00038e+07
9.97423e+06
9.94074e+06
9.92332e+06
9.89481e+06
9.8514e+06
9.80481e+06
9.75242e+06
9.644e+06
9.54128e+06
9.40622e+06
9.23113e+06
9.02579e+06
7.24462e+06
2.78377e+06
1.27027e+06
738681
582154
530778
534631
530633
528723
523805
509331
490082
489562
488959
486769
484103
481916
477961
479874
536775
536705
536665
536631
536589
536523
536403
536162
535649
534540
532182
527384
518306
502926
480999
460610
464462
488821
512060
528552
538886
545164
548213
549059
548231
546061
542809
538636
533689
528111
522143
515870
509299
502511
495525
488434
481318
474479
468255
463038
459154
456897
456811
459063
463225
468716
475736
484302
494841
507289
522283
545242
569096
598210
645161
703651
1.10726e+06
9.11923e+06
9.51204e+06
9.84525e+06
9.99795e+06
1.00911e+07
1.01498e+07
1.02099e+07
1.02537e+07
1.02798e+07
1.03235e+07
1.03456e+07
1.03669e+07
1.03926e+07
1.04109e+07
1.0426e+07
1.04357e+07
1.04444e+07
1.04554e+07
1.04641e+07
1.0468e+07
1.04672e+07
1.04629e+07
1.04559e+07
1.04471e+07
1.04389e+07
1.04315e+07
1.04235e+07
1.04141e+07
1.04024e+07
1.03883e+07
1.03773e+07
1.0368e+07
1.0358e+07
1.03465e+07
1.03339e+07
1.03203e+07
1.03056e+07
1.02951e+07
1.02853e+07
1.02734e+07
1.02612e+07
1.02478e+07
1.02331e+07
1.02155e+07
1.02045e+07
1.01951e+07
1.01832e+07
1.01677e+07
1.01494e+07
1.01299e+07
1.01113e+07
1.00932e+07
1.008e+07
1.00637e+07
1.00403e+07
1.00135e+07
9.98586e+06
9.95393e+06
9.93858e+06
9.9162e+06
9.87991e+06
9.83694e+06
9.78324e+06
9.69432e+06
9.60652e+06
9.49927e+06
9.35109e+06
9.19251e+06
8.99159e+06
5.15996e+06
2.16423e+06
1.07943e+06
687543
563411
555375
541755
534310
528555
519878
502624
489456
489513
486927
483613
479218
480347
478896
477884
476657
476793
478266
479496
482929
536770
536703
536667
536639
536609
536570
536510
536407
536204
535780
534862
532902
528883
521201
507890
487902
465874
461415
482123
506424
524555
536278
543463
547146
548427
547921
546029
543026
539134
534505
529275
523553
517553
511291
504692
497870
490844
483804
476959
470592
464982
460459
457487
456273
456804
458946
462790
468328
476307
486174
497039
511110
526448
547396
574916
602843
658264
718151
2.04055e+06
9.19856e+06
9.57904e+06
9.8454e+06
9.98823e+06
1.00757e+07
1.01468e+07
1.01782e+07
1.02378e+07
1.02639e+07
1.029e+07
1.03251e+07
1.03465e+07
1.03645e+07
1.03764e+07
1.03883e+07
1.04033e+07
1.04141e+07
1.04184e+07
1.04172e+07
1.0412e+07
1.04038e+07
1.0393e+07
1.03836e+07
1.03752e+07
1.03659e+07
1.03546e+07
1.03405e+07
1.03228e+07
1.03102e+07
1.02998e+07
1.0288e+07
1.02739e+07
1.02582e+07
1.02416e+07
1.02234e+07
1.02117e+07
1.02009e+07
1.01868e+07
1.01718e+07
1.01553e+07
1.01372e+07
1.01145e+07
1.01028e+07
1.00925e+07
1.00779e+07
1.00576e+07
1.00329e+07
1.00054e+07
9.98204e+06
9.95993e+06
9.94414e+06
9.92188e+06
9.88702e+06
9.84677e+06
9.79487e+06
9.70198e+06
9.62458e+06
9.53374e+06
9.40772e+06
9.25592e+06
9.06621e+06
7.42488e+06
3.21813e+06
1.52546e+06
866557
637280
554822
553897
543115
536212
528929
512473
491678
490487
489499
486123
482856
477312
480043
478996
477608
477632
478811
481423
483936
485799
486935
488354
490391
492630
495814
536762
536697
536663
536639
536614
536584
536544
536487
536393
536218
535861
535095
533463
530109
523640
512182
494279
472189
460614
475670
500195
519933
533079
541257
545680
547447
547345
545788
543080
539482
535191
530322
524962
519166
513102
506777
500105
493262
486363
479601
473157
467282
462355
458654
456220
454900
455021
457067
461783
469051
477738
487883
498872
511093
529152
550173
579001
612557
678494
727957
2.9057e+06
9.225e+06
9.53418e+06
9.82741e+06
9.97221e+06
1.00396e+07
1.01204e+07
1.01589e+07
1.01918e+07
1.02414e+07
1.02662e+07
1.02883e+07
1.03033e+07
1.03205e+07
1.03413e+07
1.03544e+07
1.0359e+07
1.03571e+07
1.03508e+07
1.03409e+07
1.03274e+07
1.03165e+07
1.03069e+07
1.02958e+07
1.0282e+07
1.02646e+07
1.02413e+07
1.02269e+07
1.02156e+07
1.02016e+07
1.01842e+07
1.01643e+07
1.01442e+07
1.01214e+07
1.01087e+07
1.00962e+07
1.00784e+07
1.00585e+07
1.00362e+07
1.00123e+07
9.98164e+06
9.96951e+06
9.95743e+06
9.93764e+06
9.90802e+06
9.87078e+06
9.82068e+06
9.76993e+06
9.66907e+06
9.60083e+06
9.51312e+06
9.39391e+06
9.25641e+06
9.07565e+06
7.23712e+06
3.43641e+06
1.72153e+06
981962
681485
571547
569382
555473
545334
536939
528358
509668
491525
490959
489550
485938
481215
482541
480388
479415
478617
479249
479236
482629
485155
486418
487848
489938
492890
494966
496328
497232
498301
499748
501434
503648
536751
536689
536657
536635
536613
536586
536554
536512
536454
536366
536211
535905
535264
533907
531120
525690
515892
500083
479003
462504
470108
493488
514579
529319
538435
543769
546153
546500
545317
542973
539713
535739
531215
526204
520730
514825
508666
502283
495654
488974
482336
475916
469966
464697
460206
456461
453540
451851
452526
456218
462248
469738
478376
487203
499766
511776
530385
552284
583321
617476
675575
712365
1.89974e+06
9.21139e+06
9.38066e+06
9.80437e+06
9.90188e+06
1.00125e+07
1.00618e+07
1.01316e+07
1.01629e+07
1.01918e+07
1.02109e+07
1.02361e+07
1.02648e+07
1.02805e+07
1.02854e+07
1.02825e+07
1.02748e+07
1.02628e+07
1.02453e+07
1.02327e+07
1.02223e+07
1.02091e+07
1.0192e+07
1.01707e+07
1.01396e+07
1.01237e+07
1.01115e+07
1.00942e+07
1.00712e+07
1.0044e+07
1.00187e+07
9.98945e+06
9.97526e+06
9.95959e+06
9.93443e+06
9.90475e+06
9.8693e+06
9.82188e+06
9.72926e+06
9.66753e+06
9.61003e+06
9.53114e+06
9.42739e+06
9.298e+06
9.15494e+06
8.94198e+06
4.95317e+06
2.60453e+06
1.44497e+06
902280
667512
572969
574148
562070
552069
542626
533489
514609
494251
492318
490902
488705
485080
480235
482177
480517
479907
479161
479429
481420
483437
485305
486771
488420
489830
492505
494442
495414
496504
497956
499970
501711
502988
503912
504829
505938
507174
508806
536738
536678
536649
536629
536608
536584
536554
536517
536472
536412
536327
536186
535921
535381
534254
531939
527397
519076
505288
485711
466501
466182
486628
508667
524863
535240
541436
544523
545360
544628
542678
539790
536165
531943
527241
522090
516484
510476
504311
498018
491561
485125
478847
472866
467257
461973
457068
452851
450001
449444
451720
455968
462013
468682
478089
486732
499347
510655
530991
551385
580756
612825
656968
688941
956580
9.04532e+06
9.23328e+06
9.67364e+06
9.86145e+06
9.94344e+06
1.00227e+07
1.00684e+07
1.00905e+07
1.01285e+07
1.01678e+07
1.01876e+07
1.01929e+07
1.01893e+07
1.01801e+07
1.01661e+07
1.01429e+07
1.01291e+07
1.0118e+07
1.01018e+07
1.00796e+07
1.00528e+07
1.00101e+07
9.99285e+06
9.97838e+06
9.95417e+06
9.91918e+06
9.87206e+06
9.82023e+06
9.70402e+06
9.64096e+06
9.57389e+06
9.48364e+06
9.38537e+06
9.27678e+06
9.11201e+06
7.78258e+06
4.421e+06
2.5305e+06
1.50116e+06
965083
701793
599572
557535
568061
561776
554386
545112
534877
515207
495538
493316
491623
489606
486328
482087
483791
481937
480361
479839
479352
479249
481434
483484
485230
486513
487974
490415
492064
493321
494394
495587
496768
498637
500225
501199
502171
503236
504703
506088
507178
508045
508842
509739
510678
511913
536724
536666
536639
536621
536602
536579
536551
536516
536474
536423
536360
536275
536144
535912
535454
534515
532594
528807
521784
509839
492071
471920
464269
479914
502215
519829
531568
538607
542488
543949
543689
542176
539686
536414
532516
528080
523200
517920
512264
506277
500220
494104
487912
481794
475792
469820
463879
458150
453141
449531
447937
448180
450706
454520
460942
467472
476676
484223
497135
507651
527269
546289
572911
601233
628043
659709
708022
5.74473e+06
9.27594e+06
9.28989e+06
9.76557e+06
9.87986e+06
9.89587e+06
9.98416e+06
1.00442e+07
1.0072e+07
1.00775e+07
1.0073e+07
1.00617e+07
1.00464e+07
1.00154e+07
1.00005e+07
9.98786e+06
9.9643e+06
9.92835e+06
9.87923e+06
9.75579e+06
9.67713e+06
9.60668e+06
9.51202e+06
9.39064e+06
9.26743e+06
9.09607e+06
5.83141e+06
3.22352e+06
1.86557e+06
1.16096e+06
825560
662404
581297
587098
578010
569314
560217
550947
540217
525640
506842
494548
493061
491374
488970
485572
481725
483503
481857
480277
479594
478974
478969
480556
482260
483426
484915
485915
487073
489268
490791
491978
493002
494033
495718
497142
498284
499271
500257
501202
502581
503871
504739
505616
506462
507570
508697
509623
510432
511147
511916
512666
513633
536707
536652
536628
536612
536594
536573
536545
536511
536470
536422
536365
536298
536212
536087
535879
535488
534702
533109
529961
524052
513792
497963
478232
465074
473995
495300
514120
527215
535431
540024
542207
542496
541437
539346
536447
532867
528720
524100
519126
513828
508220
502336
496463
490543
484630
478534
472288
465945
459816
454405
450306
447467
446244
446399
449135
452935
458984
464534
473142
480150
492281
502735
519068
537984
556825
583424
600304
655258
679264
744312
8.49571e+06
9.29326e+06
9.27469e+06
9.6199e+06
9.86947e+06
9.90153e+06
9.9091e+06
9.90953e+06
9.89009e+06
9.85826e+06
9.73883e+06
9.67073e+06
9.6055e+06
9.51358e+06
9.39697e+06
9.23474e+06
7.81978e+06
3.9807e+06
2.14106e+06
1.24459e+06
820586
651849
581221
587677
578086
569395
559806
550705
538392
518014
499578
495889
493340
491392
489128
485998
482947
479517
481223
480069
478985
478263
477732
477698
479229
480774
481735
483016
483950
485075
487084
488503
489378
490409
491250
492136
493728
495003
496074
497048
497877
499144
500306
501275
502153
503009
503794
504878
505943
506717
507525
508242
509106
510101
510871
511620
512282
512973
513611
514411
536690
536638
536616
536601
536585
536565
536537
536503
536462
536414
536359
536297
536224
536135
536015
535826
535487
534828
533505
530890
525940
517204
503332
484707
468174
469613
488252
507866
522343
531714
537277
540080
540999
540420
538760
536207
532958
529134
524828
520122
515138
509903
504411
498767
492996
487098
481023
474646
468205
462017
456502
451750
448112
445455
444427
444737
447106
450086
455079
459944
467611
474774
484750
496398
506073
525014
537111
564044
589390
600331
644220
674396
704959
2.62051e+06
9.17262e+06
9.2812e+06
9.31394e+06
9.34716e+06
9.30672e+06
9.18808e+06
6.46947e+06
3.5764e+06
1.99096e+06
1.16938e+06
782439
613363
622580
602406
584758
569254
554928
539850
517411
499771
495935
492727
490061
487026
483746
480501
482138
480570
478993
477761
476738
476277
476317
476175
477624
478911
479736
480715
481547
482535
484410
485695
486501
487413
488217
489069
490535
491748
492668
493623
494437
495191
496405
497485
498383
499285
500019
501025
502005
502839
503635
504412
505102
505961
506935
507595
508357
509002
509737
510599
511287
511970
512599
513242
513817
514508
536671
536622
536603
536590
536575
536555
536527
536493
536452
536403
536348
536286
536216
536138
536045
535926
535752
535456
534899
533799
531630
527503
520126
508078
491012
472995
467309
481435
501158
516870
527490
534036
537655
539146
539092
537848
535685
532791
529291
525313
520939
516216
511277
506173
500794
495167
489273
483176
476931
470628
464594
458921
453877
449466
446104
443776
442669
442423
443659
445682
449540
454166
460193
468357
474791
487098
493217
508401
523507
534977
559312
583300
586345
624521
649176
668935
682639
706130
652641
589429
616193
605674
591612
576173
560093
534748
510994
503335
498035
494350
490059
486126
481052
481715
479319
477112
475312
473962
473366
473217
474511
475516
476071
476747
477326
478093
479038
479875
481310
482365
483078
483845
484627
485436
486840
487960
488845
489744
490546
491313
492447
493485
494335
495199
495991
496690
497690
498621
499406
500250
500932
501758
502674
503376
504116
504839
505488
506227
507086
507697
508417
509023
509684
510443
511105
511725
512323
512936
513489
514106
536644
536604
536589
536578
536562
536540
536512
536478
536437
536388
536332
536268
536198
536121
536036
535940
535822
535659
535397
534924
534007
532211
528786
522587
512239
496966
478942
467762
475562
494090
510816
522710
530333
534779
536933
537442
536624
534867
532324
529176
525522
521441
517066
512412
507517
502399
496962
491188
485140
479084
473102
467176
461578
456308
451608
447621
444406
441878
440091
438918
438924
440308
442773
447561
451551
459682
464573
473183
482573
487488
500903
515358
519314
538078
560632
569425
571971
565568
554770
538030
518243
511569
505858
501293
496937
491008
489541
485209
481158
478106
475877
474272
472772
473175
473573
473471
473492
473443
473954
474672
476184
477114
477742
478414
478968
479721
480567
481425
482612
483596
484398
485211
486014
486781
487893
488897
489731
490582
491391
492139
493102
494028
494805
495615
496390
497072
497912
498804
499488
500285
500954
501697
502524
503184
503868
504554
505176
505862
506633
507232
507907
508495
509122
509821
510430
511045
511618
512214
512747
513330
536559
536566
536566
536558
536539
536506
536467
536441
536410
536366
536310
536245
536173
536094
536010
535919
535819
535701
535547
535313
534908
534142
532658
529823
524647
515855
502448
485246
470599
471283
486980
504282
517380
526112
531454
534326
535375
535105
533697
531545
528744
525391
521675
517582
513208
508527
503567
498327
492771
487005
481116
475325
469728
464198
458941
454109
449723
445790
442224
439070
436448
434618
433498
434342
435577
439629
442889
447992
454108
457995
464848
472940
474377
481473
490975
494793
496740
495837
493864
491442
490956
487401
483791
480324
477869
474852
474489
473612
472502
472017
471693
471587
471571
472447
472865
473125
473342
473449
474075
474746
475919
476868
477626
478429
479135
479922
480761
481604
482635
483580
484379
485217
486027
486867
487785
488786
489543
490372
491168
491942
492783
493685
494398
495174
495929
496626
497404
498219
498888
499647
500295
501016
501771
502421
503078
503749
504353
505015
505732
506316
506972
507552
508166
508826
509416
510014
510578
511167
511695
512263
536130
536391
536493
536497
536457
536338
536060
536163
536290
536305
536273
536213
536140
536057
535969
535878
535783
535680
535564
535417
535207
534858
534217
532990
530653
526361
518966
507343
491518
475356
469463
480362
497315
511450
521324
527624
531252
532924
533120
532270
530413
527906
524999
521528
517751
513590
509130
504355
499282
494026
488568
482988
477417
471965
466647
461520
456651
452028
447541
443227
439137
435477
432178
429810
427949
427774
428459
430233
433461
435697
439406
444029
446000
449854
453691
453526
454632
457900
460357
462639
464727
466607
466920
467029
467213
467209
467896
468411
468114
468041
468176
468482
469011
469816
470810
471232
471821
472199
472900
473713
474636
475679
476407
477263
478082
478933
479810
480686
481652
482634
483409
484272
485118
485958
486856
487776
488564
489369
490178
490945
491779
492616
493347
494096
494851
495543
496310
497088
497749
498488
499141
499850
500574
501217
501865
502526
503137
503786
504474
505058
505703
506287
506897
507537
508121
508714
509277
509865
510401
510963
543311
538506
536198
536034
535888
535606
540310
539199
535787
535939
536146
536152
536089
536000
535897
535805
535720
535627
535525
535410
535272
535082
534780
534242
533229
531309
527773
521600
511665
497522
481223
470404
474974
490133
504988
515968
523256
527695
530015
530768
530297
528917
526930
524087
521067
517466
513571
509309
504718
499911
494890
489749
484564
479251
473883
468772
463815
458985
454125
449301
444529
439894
435382
431267
427577
424581
422393
420734
420630
420613
421677
423631
424648
426881
428712
428408
430862
436111
441560
445921
450362
453402
455244
456668
458022
458986
460449
461644
462289
463061
463741
464575
465363
466432
467535
468364
469146
469781
470700
471556
472547
473545
474408
475307
476189
477107
478040
478945
479920
480871
481722
482598
483481
484341
485251
486154
486956
487771
488590
489379
490211
491034
491774
492525
493282
493997
494758
495522
496195
496926
497594
498302
499015
499666
500317
500979
501604
502254
502929
503523
504167
504761
505377
506011
506598
507194
507765
508358
508907
509474
543612
536525
536431
541239
542250
542493
542859
542710
542579
540274
535660
535997
535991
535856
535528
535424
535532
535518
535449
535354
535243
535112
534940
534678
534226
533391
531821
528923
523815
515438
503054
487513
473794
471642
483175
498070
510014
518312
523604
526626
527942
527975
527047
525303
523077
519993
516818
513091
509020
504730
500145
495375
490544
485601
480588
475569
470613
465677
460757
455811
450849
445834
440769
435798
431031
426548
422630
418871
415982
413249
411357
410576
409841
410459
411308
411349
414199
419817
426650
431681
436734
440884
443954
446543
448851
450767
452785
454560
455896
457227
458444
459737
460952
462276
463609
464685
465770
466619
467652
468657
469716
470766
471712
472683
473644
474623
475617
476588
477588
478561
479462
480375
481292
482196
483124
484035
484870
485706
486544
487363
488207
489035
489799
490564
491334
492075
492844
493611
494306
495043
495731
496449
497165
497832
498498
499169
499813
500474
501150
501762
502411
503022
503649
504288
504886
505493
506077
506680
507249
507826
537136
536630
536589
540066
543454
543118
543004
542926
542858
542680
542462
535852
535763
535310
537280
539184
535470
535065
535263
535250
535168
535063
534940
534785
534559
534180
533493
532213
529851
525663
518680
508027
493824
479010
471202
477183
490815
503485
512765
518945
522706
524640
525196
524675
523337
521277
518833
515556
512087
508410
504255
499920
495504
490868
486099
481366
476680
471901
466998
462030
457035
451956
446752
441466
436228
431037
426062
421076
416558
412147
408060
404552
401360
399729
399234
399079
401719
407084
413896
419569
424631
429349
433204
436603
439675
442364
444960
447275
449201
451025
452711
454396
455976
457568
459119
460469
461781
462840
464022
465166
466322
467453
468504
469557
470599
471650
472708
473746
474789
475803
476762
477721
478681
479630
480588
481524
482401
483271
484137
484990
485854
486701
487497
488288
489079
489850
490637
491418
492143
492895
493610
494345
495074
495765
496452
497141
497810
498488
499174
499809
500472
501104
501748
502398
503014
503637
504239
504859
505449
506042
536665
536580
536595
536789
537562
543605
543142
542969
542894
542909
543304
536970
535658
539606
541314
541235
541001
539211
534729
535008
535042
534966
534865
534756
534622
534428
534110
533546
532506
530594
527189
521433
512434
499860
485167
473595
473099
483682
496472
506622
513695
518225
520801
521877
521803
520813
519118
516768
513986
510927
507076
503292
499377
495058
490599
486149
481696
477090
472393
467641
462761
457706
452461
447133
441787
436343
430856
425231
419774
414239
408761
403565
398398
394276
391798
390674
392506
397144
403401
409589
414677
419332
423599
427484
431044
434255
437281
440013
442402
444639
446723
448748
450652
452506
454277
455878
457404
458656
459981
461256
462520
463747
464908
466054
467182
468309
469435
470541
471639
472706
473727
474740
475748
476744
477739
478711
479635
480546
481449
482338
483232
484106
484940
485764
486583
487387
488199
489003
489762
490537
491282
492041
492791
493511
494224
494936
495633
496334
497039
497701
498383
499040
499705
500372
501011
501654
502279
502919
503535
504148
536591
536543
536527
536527
536636
536588
543442
543161
543081
543386
541742
536023
535887
538192
541778
541408
541209
540988
540867
535466
534832
534792
534683
534617
534558
534454
534290
534023
533559
532717
531179
528431
523740
516255
505380
491666
478346
472057
477459
489062
499819
507706
512996
516219
517840
518216
517617
516229
514228
511713
508703
505440
502059
497918
493857
489811
485670
481222
476713
472149
467514
462625
457538
452272
446983
441487
435785
429908
424036
417872
411467
405051
398667
392811
388288
385710
386296
389824
395163
400939
406321
410809
415021
419107
422934
426469
429791
432832
435573
438136
440534
442837
445012
447098
449078
450902
452626
454053
455512
456912
458285
459616
460887
462131
463350
464558
465756
466933
468093
469220
470308
471380
472441
473489
474529
475544
476520
477478
478423
479356
480284
481194
482070
482933
483788
484630
485473
486306
487104
487909
488690
489478
490256
491010
491755
492497
493226
493956
494685
495380
496087
496772
497463
498152
498819
499487
500140
500805
501450
502087
536564
536505
536449
536352
536288
536437
536609
542592
543828
539956
536198
535904
535777
535833
538406
541542
541215
541059
540973
541137
534651
534396
533625
533629
534241
534349
534283
534139
533903
533518
532835
531588
529354
525512
519282
509968
497593
483963
473978
473651
482361
492965
501418
507371
511203
513351
514179
513969
512933
511226
508968
506302
503293
499863
496251
492518
488794
484322
480143
475883
471482
466681
461759
456747
451639
446189
440432
434478
428474
421986
415116
407998
400606
393532
387447
383304
382473
384726
388961
394020
399164
403751
407712
411695
415566
419222
422684
425904
428870
431658
434282
436793
439177
441454
443614
445629
447525
449104
450684
452198
453675
455107
456483
457825
459135
460425
461697
462946
464172
465364
466521
467656
468775
469877
470967
472031
473061
474071
475065
476044
477014
477965
478887
479794
480690
481574
482453
483323
484164
485005
485826
486649
487460
488252
489035
489812
490578
491340
492100
492831
493569
494287
495008
495725
496423
497121
497806
498500
499178
499843
536492
536367
536125
535278
535201
534918
535819
536725
537054
536186
535889
535740
535620
535527
535586
539700
541237
541062
541245
540218
534543
533497
539202
542871
534259
534140
534201
534098
533866
533645
533395
532861
531824
529949
526706
521389
513278
502082
488831
477038
472319
477299
486983
495775
502232
506572
509184
510423
510567
509840
508418
506441
504018
501155
497992
494627
491056
487188
483269
479199
475140
470193
465572
460839
455906
450462
444817
438975
432979
426292
419242
411691
403655
395505
388129
382571
380271
381239
384397
388662
393312
397862
401848
405504
409291
412946
416439
419731
422813
425730
428496
431145
433670
436086
438383
440545
442579
444281
445960
447569
449134
450654
452121
453549
454941
456307
457648
458963
460251
461506
462726
463921
465096
466251
467389
468503
469585
470645
471686
472711
473723
474716
475684
476634
477572
478497
479415
480324
481206
482085
482946
483804
484652
485482
486303
487116
487919
488716
489508
490276
491046
491798
492549
493296
494026
494755
495473
496198
496908
497603
535813
534973
534488
539312
546932
546858
538742
534936
535653
535755
535694
535585
535467
535356
535280
535560
541679
541555
541039
535169
534257
535083
546534
546577
541795
534150
534138
533964
533272
532803
532982
533214
532841
531953
530322
527493
522822
515587
505338
492615
479956
472374
473888
482033
490841
497623
502355
505346
506916
507354
506892
505712
503966
501691
499010
496055
492830
489343
485697
481854
477810
473418
468987
464374
459753
454075
448638
442965
437095
430269
423316
415545
407196
398388
389929
383071
379348
379137
381288
384734
388814
393039
397091
400660
404132
407707
411166
414460
417580
420555
423394
426121
428733
431239
433631
435898
438036
439829
441585
443268
444905
446495
448037
449536
450998
452428
453830
455203
456547
457857
459132
460381
461606
462810
463993
465151
466280
467386
468472
469539
470591
471624
472633
473625
474603
475567
476522
477470
478391
479306
480203
481097
481980
482847
483703
484552
485390
486221
487045
487848
488649
489433
490215
490990
491751
492510
493260
494014
494758
495482
533873
543919
546765
547526
547798
547663
546819
543835
534167
535084
535403
535397
535301
535187
535087
535142
536552
537548
535240
534177
532657
544837
546912
548259
536949
534227
534095
533831
534767
540496
537554
532718
533133
532821
532024
530564
528037
523847
517287
507814
495636
482674
473183
471738
477988
486410
493312
498290
501536
503352
504019
503767
502798
501173
499033
496541
493719
490605
487256
483668
479841
475750
471519
467077
462389
457217
451941
446385
440721
433488
427028
418987
410637
401495
392279
384416
379524
378141
379332
382018
385473
389261
393101
396757
400025
403354
406706
409943
413043
416021
418881
421640
424296
426853
429305
431642
433854
435715
437527
439266
440958
442605
444205
445764
447283
448768
450222
451645
453036
454395
455719
457015
458286
459533
460757
461957
463128
464276
465403
466510
467600
468671
469719
470749
471764
472765
473755
474751
475707
476653
477585
478512
479428
480330
481222
482104
482976
483840
484695
485531
486363
487179
487989
488792
489583
490372
491153
491933
492708
493464
547221
547883
547998
547992
547947
547804
547548
546893
546258
536314
534476
535078
535103
535005
534880
534761
534711
534454
533654
532251
542049
546500
546896
539308
534194
534102
534034
533863
539588
541270
540991
538136
532926
533138
532800
532054
530717
528412
524583
518541
509684
498018
484991
474238
470419
474656
482438
489339
494404
497793
499772
500606
500536
499654
498129
496162
493792
491075
488058
484759
481196
477379
473362
469109
464575
459670
454562
449146
443350
436788
430346
421983
413913
404576
394995
386311
380317
377867
378189
380130
382995
386341
389857
393373
396679
399740
402935
406076
409117
412057
414901
417657
420323
422900
425382
427762
430023
431929
433780
435560
437293
438983
440628
442232
443798
445328
446825
448290
449724
451123
452490
453828
455138
456424
457686
458923
460132
461318
462482
463626
464751
465857
466941
468007
469057
470092
471116
472165
473135
474105
475069
476028
476977
477912
478837
479752
480656
481552
482438
483306
484167
485013
485852
486681
487501
488317
489129
489944
490758
491547
548558
548247
548136
548126
548563
548396
547789
547374
547002
546083
540375
534763
534900
534802
534604
534292
533616
532401
531871
543427
546293
546533
546544
540845
533598
533948
533970
533938
537556
541671
541365
540996
535714
533200
533137
532758
532040
530790
528656
525102
519451
511074
499830
486840
475267
469680
472029
478884
485619
490673
494126
496210
497182
497155
496337
494969
493108
490827
488180
485204
481932
478391
474607
470564
466232
461566
456639
451381
445704
439434
432809
425057
417132
407406
397761
388551
381588
378113
377607
378888
381189
384079
387273
390563
393788
396779
399716
402748
405709
408589
411390
414117
416768
419341
421831
424230
426520
428453
430328
432134
433896
435617
437296
438935
440536
442102
443635
445135
446603
448038
449441
450814
452159
453479
454775
456045
457289
458509
459707
460884
462042
463182
464299
465397
466479
467546
468600
469672
470673
471674
472669
473659
474639
475606
476562
477508
478444
479370
480286
481185
482075
482949
483815
484670
485516
486360
487199
488022
488881
489730
550379
548789
548489
549119
548151
547069
549680
547970
547396
548019
545696
534828
534741
534546
533957
532530
531323
540261
545532
546287
546491
546528
546553
546307
536933
533883
533914
533899
534129
541841
541546
541326
539918
533149
533260
533062
532623
531902
530758
528790
525450
520089
512066
501146
488227
476127
469162
469860
475722
482156
487106
490559
492714
493671
493667
492983
491699
489904
487672
485056
482104
478852
475323
471510
467398
462967
458240
453164
447662
441629
435100
427661
419620
410599
400469
390872
383211
378792
377457
378105
379894
382353
385195
388228
391307
394288
397048
399908
402757
405553
408291
410969
413586
416138
418618
421017
423319
425265
427152
428974
430753
432494
434197
435861
437489
439083
440644
442172
443668
445132
446565
447968
449344
450694
452019
453318
454592
455844
457072
458282
459470
460643
461789
462915
464027
465124
466205
467278
468329
469369
470398
471418
472427
473423
474410
475386
476351
477306
478251
479178
480096
480997
481889
482770
483641
484510
485378
486216
487100
487954
538053
550287
550417
548629
537465
537080
537259
547641
549198
544135
534881
534490
534493
534271
532476
537224
545576
546111
546387
546467
546505
546585
546869
548144
537497
533918
533877
533852
533983
538727
541815
541415
541177
534156
533196
533074
532553
531390
531066
530556
528826
525661
520504
512726
502036
489180
476687
468675
467987
472880
478925
483705
487124
489183
490107
490206
489577
488332
486565
484351
481750
478811
475558
471997
468123
463929
459419
454544
449240
443432
437078
429915
422014
413077
403448
393321
385008
379783
377634
377672
378980
381038
383548
386315
389198
392071
394814
397428
400172
402883
405547
408166
410736
413253
415709
418097
420397
422343
424232
426060
427848
429601
431318
433000
434647
436261
437842
439392
440911
442399
443856
445285
446686
448061
449412
450737
452038
453319
454575
455817
457030
458241
459409
460560
461698
462822
463930
465006
466095
467169
468228
469277
470314
471339
472353
473358
474351
475334
476306
477261
478206
479133
480050
480954
481849
482743
483637
484528
485427
486273
536954
538687
539966
537401
535868
535546
535440
536522
536814
537140
533697
532150
533796
534102
539865
546555
546477
546460
546454
546501
546655
547090
548563
544811
534333
533913
533839
533805
533832
534415
542148
541705
541204
534875
532409
532285
531226
535307
533991
530100
530275
528803
525767
520734
513105
502555
489716
476922
468110
466285
470277
475893
480485
483694
485643
486625
486739
486116
484873
483107
480896
478298
475349
472063
468446
464500
460219
455563
450475
444893
438744
431847
424167
415470
405889
396077
386897
380992
378090
377517
378367
380046
382238
384743
387417
390144
392825
395334
397928
400533
403114
405664
408179
410652
413075
415440
417729
419667
421550
423376
425166
426923
428647
430338
431997
433625
435221
436787
438324
439830
441307
442756
444178
445575
446948
448296
449621
450932
452210
453488
454719
455962
457131
458300
459462
460611
461744
462819
463960
465071
466160
467236
468299
469351
470393
471424
472444
473453
474451
475433
476404
477356
478297
479223
480141
481058
481977
482902
483827
484719
536493
536355
536127
535686
535338
535092
534886
534665
532979
539775
549642
540361
531301
533562
536915
548154
546908
546602
546588
546873
547967
549307
543654
534850
534016
533857
533802
533767
533756
533894
535455
542638
541497
540616
534016
532044
537988
541279
540365
539130
530585
529917
528779
525790
520804
513241
502743
489872
476831
467402
464657
467840
473047
477294
480288
482228
483171
483251
482596
481331
479553
477333
474717
471732
468395
464711
460676
456255
451400
446052
440131
433495
426062
417647
408292
398556
388973
382303
378820
377615
378003
379318
381204
383453
385916
388482
391054
393556
395939
398446
400945
403424
405878
408302
410686
413021
415291
417214
419085
420903
422688
424443
426168
427864
429529
431164
432770
434348
435897
437417
438909
440375
441815
443230
444621
445989
447334
448680
449974
451282
452506
453722
454942
456145
457334
458508
459666
460772
461939
463076
464190
465290
466379
467456
468523
469580
470626
471660
472684
473691
474687
475664
476627
477574
478513
479451
480395
481348
482301
483226
536345
535949
535584
535241
534951
534722
534523
534175
532864
551185
551597
550259
542341
531382
535123
541781
548735
547640
547916
548956
547526
538477
534739
534046
533874
533815
533775
533739
533713
533737
534078
537643
542438
541552
540813
540806
541515
541511
541388
540957
539673
533691
530346
528822
525739
520734
513162
502638
489686
476424
466515
463050
465551
470202
474133
477033
478864
479720
479720
479015
477722
475923
473677
471024
467991
464590
460820
456653
452044
446942
441266
434893
427724
419597
410511
400763
391233
383777
379662
377928
377848
378805
380398
382398
384653
387049
389493
391915
394212
396601
399010
401416
403807
406179
408520
410821
413066
414970
416823
418629
420404
422152
423874
425568
427234
428872
430484
432068
433625
435155
436659
438137
439590
441020
442426
443811
445172
446551
447832
449105
450381
451604
452878
454117
455331
456527
457709
458863
460028
461179
462314
463437
464549
465650
466741
467822
468893
469951
470999
472032
473052
474052
475038
476004
476963
477921
478887
479867
480848
481804
536188
535636
535176
534802
534519
534323
534200
534070
545423
552425
552023
551762
550590
543146
534002
535305
539788
548529
545923
539518
534754
534038
533880
533848
533826
533794
533756
533720
533687
533674
533738
534349
540885
542295
541825
541856
541698
541697
541561
541464
541275
540978
533636
530654
528762
525596
520534
512890
502272
489189
475719
465438
461433
463233
467381
471116
473822
475505
476202
476124
475379
474054
472220
469936
467237
464146
460663
456768
452422
447578
442159
436055
429161
421329
412524
402936
393299
385463
380555
378409
377878
378473
379776
381533
383580
385801
388109
390431
392709
394939
397256
399586
401914
404230
406525
408787
411002
412881
414714
416502
418263
420000
421714
423402
425065
426702
428315
429902
431464
433000
434512
436000
437464
438906
440325
441723
443097
444440
445776
447050
448382
449661
450936
452189
453422
454639
455841
457024
458204
459372
460527
461671
462805
463929
465044
466148
467241
468323
469394
470450
471494
472518
473525
474510
475487
476464
477452
478456
479465
480450
535934
535210
534654
534261
534008
533872
533837
533929
538122
553998
552488
552307
552615
554219
535631
533959
534255
534088
531303
529827
531168
532578
533386
533709
533790
533780
533744
533706
533672
533647
533649
533765
534757
543070
542372
541878
541773
541740
541767
541896
542569
542509
533105
531747
530566
528608
525374
520216
512444
501668
488410
474735
464168
459650
460932
464724
468186
470708
472149
472716
472586
471794
470424
468549
466222
463470
460300
456697
452630
448054
442900
437070
430456
422918
414399
405021
395402
387126
381618
378912
378053
378259
379274
380799
382647
384702
386871
389087
391299
393430
395668
397927
400192
402454
404702
406923
409106
410958
412767
414536
416280
418003
419704
421383
423040
424673
426283
427870
429434
430974
432491
433985
435458
436909
438339
439748
441134
442457
443846
445177
446504
447803
449089
450357
451607
452841
454062
455268
456465
457650
458824
459988
461143
462289
463426
464552
465667
466771
467864
468944
470012
471058
472085
473090
474083
475077
476085
477114
478151
479164
535483
534576
533951
533588
533419
533380
533434
533607
534748
549876
554762
554369
556252
547636
534175
533225
531681
527608
511294
499144
516762
527621
531699
533250
533689
533757
533732
533694
533660
533634
533621
533645
533863
536887
543159
542292
541954
541973
542231
543300
543486
534803
532921
532351
531627
530429
528412
525084
519790
511837
500849
487374
473488
462605
457753
458645
462091
465327
467528
468779
469302
469094
468239
466823
464909
462532
459705
456416
452642
448345
443465
437911
431578
424336
416108
406967
397434
388865
382793
379466
378307
378198
378909
380203
381857
383748
385780
387885
390020
392113
394253
396437
398643
400852
403055
405237
407387
409211
410996
412743
414468
416175
417863
419530
421177
422803
424408
425992
427555
429095
430615
432113
433591
435049
436487
437905
439303
440666
442039
443386
444720
446034
447332
448613
449879
451130
452368
453593
454807
456010
457202
458385
459560
460726
461884
463032
464168
465292
466407
467510
468601
469669
470717
471739
472748
473758
474785
475838
476902
477945
534572
533595
533000
532771
532766
532881
533050
533267
533745
536580
550170
555859
546386
535532
533777
531401
525523
505707
515377
590114
515882
502897
524865
531483
533331
533689
533709
533676
533644
533624
533612
533614
533680
534374
540619
543562
542629
542969
544026
541972
534788
533415
532998
532694
532254
531519
530274
528178
524729
519262
511082
499832
486100
471970
460924
455813
456358
459502
462318
464238
465438
465863
465578
464675
463225
461267
458816
455867
452404
448398
443798
438524
432477
425531
417598
408718
399323
390587
384046
380213
378565
378282
378686
379736
381195
382922
384813
386804
388852
390909
392948
395073
397224
399385
401542
403684
405799
407594
409353
411077
412782
414470
416142
417796
419432
421049
422646
424225
425784
427323
428843
430343
431824
433286
434730
436156
437563
438945
440323
441681
443025
444351
445660
446955
448234
449501
450755
451997
453228
454447
455656
456857
458051
459238
460416
461584
462740
463884
465019
466144
467258
468349
469418
470457
471480
472504
473550
474626
475718
476790
532383
531983
531720
531814
532087
532415
532733
533022
533340
534051
536413
536986
535419
534187
533151
524539
498584
533178
640945
650395
634522
569647
494327
524656
532217
533504
533647
533628
533603
533598
533602
533610
533620
533766
534917
539869
544714
544398
538796
534408
533536
533246
533085
532905
532630
532174
531402
530093
527900
524308
518636
510188
498630
484597
470264
459057
453746
454051
456738
459195
461043
462131
462473
462148
461224
459735
457699
455118
451984
448279
443965
438974
433211
426558
418921
410311
401087
392263
385337
381031
378881
378348
378580
379352
380617
382186
383942
385822
387784
389784
391753
393827
395928
398040
400152
402252
404333
406098
407831
409531
411214
412883
414538
416176
417799
419405
420993
422564
424118
425654
427172
428672
430155
431620
433068
434499
435914
437309
438692
440060
441413
442749
444071
445377
446670
447951
449220
450478
451724
452959
454184
455402
456614
457820
459018
460207
461382
462543
463698
464845
465983
467096
468186
469241
470278
471315
472377
473476
474596
475699
526257
529087
530001
530748
531438
532033
532514
532891
533200
533542
534005
534206
534141
534033
533368
526488
584333
644855
659050
661117
658564
645489
617938
512705
530446
533227
533470
533441
533435
533488
533557
533607
533612
533624
533807
534649
536310
535159
534063
533536
533344
533246
533156
533039
532860
532570
532083
531253
529853
527559
523820
517914
509152
497233
482870
468294
456933
451513
451475
453815
456170
457899
458909
459234
458906
457944
456366
454179
451391
447997
443972
439263
433782
427419
420074
411741
402712
393864
386621
381878
379350
378380
378511
379045
380108
381526
383154
384928
386807
388748
390690
392700
394745
396808
398874
400934
402977
404713
406419
408095
409755
411404
413040
414663
416271
417865
419443
421005
422552
424083
425598
427096
428579
430045
431496
432931
434351
435755
437146
438522
439883
441229
442561
443879
445185
446479
447762
449034
450295
451545
452784
454018
455248
456473
457690
458899
460092
461269
462443
463614
464776
465912
467019
468092
469140
470189
471266
472389
473536
474670
502138
522874
527503
529577
530869
531776
532413
532858
533189
533470
533723
533897
534021
534207
534562
562033
673273
664143
663828
663801
663507
662541
661700
635052
532593
533131
532787
532561
532627
532970
533334
533557
533615
533598
533597
533697
533796
533675
533503
533393
533333
533274
533210
533125
533002
532808
532478
531931
531159
529674
527172
523247
517067
507924
495562
480770
465871
454375
448786
448616
450952
453197
454879
455925
456277
455906
454828
453062
450634
447558
443826
439396
434195
428116
421059
413003
404187
395372
387877
382746
379853
378536
378370
378809
379656
380930
382441
384119
385919
387801
389723
391672
393663
395674
397694
399710
401715
403422
405102
406752
408390
410017
411634
413239
414831
416410
417976
419528
421066
422590
424100
425594
427075
428540
429992
431429
432853
434263
435659
437041
438410
439765
441106
442434
443750
445056
446352
447637
448912
450175
451427
452676
453922
455165
456401
457630
458841
460032
461223
462414
463601
464761
465888
466978
468036
469094
470185
471331
472507
473672
500985
514593
523705
528132
530307
531609
532395
532860
533198
533499
533723
533886
534031
534266
534984
544819
670452
675352
668445
667083
667811
671227
692829
643649
535230
532266
529917
528705
529085
530765
532358
533289
533578
533593
533544
533526
533512
533475
533428
533389
533353
533307
533251
533183
533086
532928
532730
532557
532033
531091
529500
526784
522558
515985
506310
493293
477810
462382
450638
445315
445644
448126
450407
452229
453342
453625
453091
451769
449714
446963
443523
439372
434447
428646
421871
414090
405501
396765
389098
383617
380364
378749
378160
378525
379189
380297
381685
383258
384986
386812
388698
390595
392528
394476
396438
398404
400366
402032
403682
405306
406919
408525
410122
411709
413286
414851
416405
417947
419477
420995
422500
423992
425471
426937
428390
429830
431258
432674
434077
435467
436844
438209
439561
440900
442228
443547
444857
446157
447448
448725
449991
451255
452520
453784
455040
456291
457524
458725
459934
461149
462365
463551
464701
465812
466884
467951
469058
470228
471437
472637
549544
507379
517166
526088
529559
531463
532391
532613
532869
533444
533757
533914
534035
534186
534626
537580
564481
702360
689867
683331
687270
697964
671496
554773
532980
527584
514085
503401
506614
519262
528392
532214
533392
533547
533488
533458
533452
533456
533444
533419
533386
533342
533281
533211
533133
533128
533103
532913
532568
531986
531017
529387
526570
522174
515403
505492
492189
476311
460183
447690
442096
442748
445797
448737
450747
451696
451711
450838
449158
446723
443553
439654
434976
429423
422897
415359
406967
398289
390434
384535
380836
378884
378110
378360
379091
380159
381541
383121
384862
386698
388598
390501
392475
394458
396447
398434
400411
402091
403750
405379
406995
408602
410198
411785
413361
414925
416478
418021
419551
421071
422578
424073
425556
427028
428487
429935
431372
432797
434211
435614
437004
438382
439749
441104
442447
443782
445111
446430
447740
449033
450314
451595
452880
454170
455451
456722
457976
459181
460406
461646
462893
464110
465285
466425
467520
468597
469725
470918
472160
473390
523880
524380
524971
524957
521874
511392
499428
501067
500779
498957
495445
492051
486087
484381
482472
480700
479703
479477
479894
480643
482457
483420
486580
487927
488720
489581
490527
491773
493234
495133
497256
499713
502354
505501
508033
510320
511475
512193
512835
513617
514597
515971
517649
519512
521452
522748
523779
524368
524704
524980
525277
525631
526011
526389
526734
527056
527396
527845
528460
529156
529654
529900
530048
530060
530010
529947
529883
529856
529856
529839
529798
529729
529617
529434
529166
528808
528371
527892
527432
527039
526667
526048
524814
522483
517785
508508
491281
461598
418524
379060
386284
385822
387136
388789
389773
390229
390479
390264
390258
389348
491232
490514
489111
486827
484848
482117
482461
480916
479955
479355
479364
480539
481143
483732
485801
486805
487799
489074
490831
493048
495989
498587
501865
503581
504528
505378
506198
507177
508297
509683
511217
512945
514767
516826
518557
520221
521248
521859
522348
522843
523409
524142
525034
526024
527073
527796
528409
528809
529015
529153
529286
529439
529613
529795
529969
530137
530306
530516
530793
531112
531351
531477
531556
531578
531544
531491
531431
531380
531342
531307
531257
531200
531134
531042
530918
530758
530567
530361
530165
530002
529859
529641
529219
528423
526824
523650
517615
506101
484821
447232
393728
380056
386186
387809
389933
391157
391887
391904
392139
391193
478710
477715
477287
477179
478393
480369
483303
486403
488548
490187
491756
493843
495927
498806
500786
501743
502622
503622
504923
506514
508555
510490
512716
514289
515212
516002
516684
517412
518197
519108
520102
521202
522346
523603
524674
525700
526460
526910
527250
527555
527872
528253
528708
529211
529753
530134
530475
530734
530893
530941
531001
531056
531124
531200
531278
531356
531432
531525
531645
531790
531899
531951
531991
532005
531977
531929
531870
531808
531750
531699
531637
531573
531514
531446
531368
531277
531176
531071
530976
530901
530846
530771
530636
530382
529872
528856
526924
523225
516122
501581
473098
418611
372542
389799
389798
392476
394132
394616
395239
394229
485069
486604
488158
489537
491399
493853
497026
499438
501036
502344
503613
505136
506719
508644
510344
511343
512193
513009
513948
515036
516399
517704
519192
520431
521191
521851
522395
522937
523489
524099
524746
525450
526171
526950
527610
528279
528827
529188
529427
529638
529835
530048
530291
530554
530844
531033
531228
531401
531510
531532
531549
531562
531580
531603
531630
531661
531688
531726
531776
531842
531890
531905
531923
531930
531903
531857
531797
531728
531658
531594
531520
531445
531378
531310
531241
531168
531094
531023
530964
530922
530900
530879
530845
530779
530639
530338
529760
528655
526544
522230
513112
491767
444726
380321
394381
391852
395200
396737
398063
397011
497527
498614
499717
500728
502010
503608
505628
507561
508957
510138
511191
512341
513487
514865
516144
517015
517757
518419
519120
519882
520813
521701
522714
523679
524294
524852
525300
525729
526143
526578
527026
527504
527982
528493
528918
529373
529786
530059
530266
530415
530554
530687
530831
530975
531138
531227
531341
531459
531534
531558
531548
531542
531538
531536
531537
531543
531545
531556
531573
531602
531620
531617
531623
531624
531596
531552
531491
531418
531338
531263
531178
531090
531011
530934
530859
530787
530718
530656
530608
530580
530574
530577
530588
530597
530592
530544
530422
530157
529623
528491
526080
520330
505809
466886
396778
397153
395707
397400
400063
399146
505073
506101
507088
507941
508908
509980
511376
512768
513871
514852
515703
516591
517444
518440
519433
520163
520810
521369
521928
522495
523169
523793
524518
525278
525774
526253
526633
526992
527325
527662
527997
528347
528688
529047
529341
529672
529996
530221
530392
530524
530633
530729
530826
530914
531014
531053
531123
531208
531267
531275
531279
531253
531241
531228
531218
531211
531201
531198
531200
531210
531213
531201
531199
531196
531167
531123
531062
530984
530898
530812
530716
530616
530523
530433
530349
530269
530198
530136
530093
530071
530075
530096
530135
530185
530245
530301
530350
530374
530347
530182
529709
528427
525063
515591
486142
416370
389454
399785
400496
400146
509911
510782
511623
512333
513097
513867
514827
515918
516746
517562
518261
518973
519632
520373
521185
521779
522342
522827
523296
523747
524268
524734
525281
525897
526304
526724
527057
527374
527661
527943
528216
528496
528761
529039
529258
529519
529788
529981
530139
530258
530356
530441
530519
530581
530653
530666
530714
530780
530829
530838
530839
530817
530800
530784
530769
530757
530741
530732
530725
530727
530720
530703
530698
530689
530659
530614
530552
530471
530379
530282
530176
530065
529958
529855
529760
529671
529594
529531
529489
529473
529488
529526
529591
529675
529780
529897
530030
530176
530334
530483
530580
530505
529967
528105
522247
503164
440445
374359
404985
398460
512791
513523
514249
514859
515496
516091
516810
517651
518308
518983
519567
520158
520693
521278
521939
522438
522931
523359
523770
524151
524579
524952
525390
525907
526253
526632
526931
527225
527487
527741
527981
528226
528450
528674
528878
529089
529327
529502
529654
529772
529870
529952
530026
530080
530133
530153
530183
530240
530282
530293
530299
530281
530264
530249
530235
530221
530203
530191
530180
530177
530166
530145
530135
530122
530090
530043
529979
529896
529798
529692
529577
529454
529335
529220
529114
529017
528935
528871
528832
528823
528851
528909
529002
529120
529269
529439
529633
529854
530106
530383
530674
530944
531123
531025
530110
526818
515210
466793
387646
406283
514372
514976
515610
516147
516703
517199
517770
518452
518987
519548
520049
520556
521008
521490
522047
522473
522910
523295
523666
524005
524378
524698
525070
525520
525825
526177
526455
526738
526989
527231
527457
527686
527892
528097
528285
528476
528698
528865
529018
529140
529244
529331
529409
529464
529518
529536
529561
529618
529657
529671
529677
529675
529657
529645
529633
529620
529603
529590
529578
529573
529559
529531
529524
529504
529467
529417
529351
529265
529163
529049
528926
528794
528664
528539
528423
528319
528234
528172
528140
528142
528186
528268
528393
528552
528749
528973
529228
529515
529838
530194
530577
530972
531354
531672
531816
531489
529712
522711
487247
411979
515027
515558
516117
516595
517092
517540
518020
518584
519048
519545
519963
520416
520814
521227
521710
522084
522479
522829
523175
523488
523828
524121
524453
524859
525142
525477
525742
526022
526271
526512
526736
526961
527162
527362
527548
527733
527949
528115
528273
528403
528517
528613
528700
528761
528824
528841
528871
528928
528967
528986
528998
529001
528990
528982
528974
528964
528949
528936
528925
528920
528903
528872
528860
528836
528796
528741
528672
528583
528477
528358
528228
528089
527951
527818
527697
527589
527505
527448
527426
527444
527511
527623
527785
527992
528244
528529
528850
529205
529596
530021
530471
530934
531393
531824
532194
532443
532409
531465
527219
507446
515046
515517
516018
516462
516921
517325
517760
518254
518665
519107
519486
519888
520255
520624
521051
521404
521753
522082
522411
522709
523031
523312
523622
524002
524272
524601
524860
525143
525396
525641
525871
526100
526307
526510
526703
526890
527107
527278
527444
527584
527710
527818
527915
527987
528058
528086
528121
528180
528221
528244
528261
528272
528268
528265
528261
528256
528243
528233
528223
528219
528201
528167
528151
528124
528077
528020
527946
527854
527746
527622
527488
527345
527204
527067
526943
526837
526758
526711
526706
526747
526843
526992
527200
527462
527776
528130
528524
528952
529415
529905
530414
530928
531430
531901
532324
532679
532939
533011
532507
530281
514594
515025
515486
515901
516333
516718
517125
517573
517952
518353
518712
519086
519426
519771
520159
520482
520828
521128
521446
521738
522051
522330
522630
522994
523271
523580
523849
524138
524400
524655
524896
525134
525350
525567
525768
525965
526187
526367
526544
526696
526836
526957
527067
527150
527232
527272
527315
527378
527422
527451
527473
527487
527497
527496
527498
527498
527489
527481
527475
527472
527449
527423
527398
527368
527316
527253
527179
527084
526974
526849
526713
526570
526429
526294
526173
526074
526006
525977
525996
526067
526200
526396
526660
526985
527371
527802
528275
528781
529316
529870
530432
530986
531515
532002
532434
532800
533098
533315
533406
533197
513785
514192
514625
515023
515436
515813
516204
516623
516986
517366
517708
518064
518391
518722
519085
519396
519725
520018
520327
520618
520928
521212
521509
521867
522149
522461
522736
523034
523308
523577
523831
524082
524312
524545
524757
524970
525201
525393
525582
525748
525902
526037
526161
526258
526351
526405
526457
526526
526574
526609
526637
526657
526674
526680
526687
526692
526688
526684
526682
526681
526659
526633
526603
526573
526517
526449
526373
526279
526170
526045
525912
525774
525639
525511
525401
525316
525267
525263
525315
525426
525609
525861
526191
526589
527055
527570
528127
528712
529317
529930
530535
531117
531658
532145
532568
532920
533207
533428
533586
533669
512699
513095
513511
513900
514302
514677
515060
515463
515820
516188
516525
516871
517193
517517
517865
518169
518491
518781
519084
519380
519692
519983
520285
520637
520939
521254
521538
521848
522136
522420
522690
522956
523205
523454
523682
523912
524155
524361
524565
524746
524915
525065
525203
525314
525420
525487
525551
525626
525680
525722
525755
525781
525805
525817
525831
525841
525842
525841
525850
525848
525829
525803
525773
525741
525683
525615
525539
525447
525341
525223
525098
524969
524847
524735
524643
524581
524561
524593
524689
524853
525096
525416
525824
526306
526860
527464
528105
528766
529434
530092
530726
531319
531856
532327
532727
533054
533315
533516
533666
533771
511391
511786
512193
512580
512978
513355
513738
514134
514492
514857
515194
515538
515861
516184
516523
516827
517143
517443
517743
518043
518360
518663
518973
519328
519636
519976
520267
520590
520894
521195
521483
521767
522035
522302
522549
522797
523053
523277
523496
523693
523877
524043
524196
524322
524441
524523
524599
524681
524742
524791
524830
524863
524892
524915
524932
524948
524953
524965
524976
524978
524964
524939
524913
524881
524824
524758
524686
524601
524503
524396
524285
524174
524073
523986
523924
523895
523916
523997
524148
524379
524696
525099
525595
526170
526817
527509
528230
528956
529671
530357
531000
531583
532098
532539
532905
533198
533428
533601
533730
533823
509902
510302
510709
511099
511498
511882
512269
512665
513029
513398
513741
514087
514416
514742
515080
515388
515705
516007
516318
516623
516946
517262
517586
517948
518271
518625
518932
519271
519590
519911
520219
520519
520808
521095
521363
521629
521902
522143
522379
522593
522794
522976
523144
523286
523418
523516
523605
523695
523764
523820
523867
523906
523942
523972
523997
524018
524033
524053
524070
524077
524069
524050
524031
524001
523950
523892
523829
523755
523672
523583
523494
523411
523342
523291
523271
523290
523366
523509
523733
524044
524450
524948
525543
526215
526955
527728
528514
529287
530027
530716
531343
531896
532371
532768
533091
533343
533538
533683
533789
533865
508261
508672
509083
509482
509886
510280
510676
511077
511453
511829
512183
512536
512874
513208
513548
513863
514186
514495
514813
515129
515463
515794
516131
516504
516844
517214
517545
517893
518230
518575
518899
519220
519530
519837
520127
520414
520703
520964
521218
521450
521668
521867
522050
522209
522355
522469
522571
522670
522748
522814
522868
522916
522959
522998
523030
523060
523083
523113
523139
523154
523155
523147
523137
523115
523074
523032
522984
522930
522871
522809
522754
522710
522686
522686
522723
522806
522953
523175
523487
523895
524403
525006
525705
526472
527294
528131
528959
529749
530484
531148
531734
532236
532657
533000
533273
533483
533642
533758
533842
533902
506490
506915
507337
507747
508162
508569
508977
509387
509777
510165
510533
510898
511248
511592
511938
512264
512594
512914
513243
513570
513917
514263
514617
515003
515362
515744
516106
516467
516828
517182
517533
517875
518206
518534
518847
519154
519462
519743
520015
520266
520503
520719
520919
521095
521256
521386
521503
521613
521701
521777
521841
521898
521951
521999
522041
522080
522116
522159
522195
522221
522236
522242
522247
522239
522217
522198
522176
522152
522128
522107
522100
522110
522147
522216
522328
522494
522730
523050
523466
523983
524603
525314
526111
526959
527839
528710
529545
530317
531013
531623
532146
532582
532938
533222
533443
533610
533735
533824
533889
533934
504613
505055
505491
505916
506345
506767
507190
507613
508020
508423
508808
509188
509553
509909
510265
510603
510944
511277
511617
511958
512319
512682
513055
513455
513835
514234
514615
515000
515381
515758
516127
516491
516844
517193
517528
517857
518183
518485
518778
519048
519304
519539
519757
519950
520127
520275
520407
520529
520630
520717
520793
520862
520926
520986
521040
521092
521145
521203
521251
521294
521328
521355
521381
521395
521403
521418
521433
521453
521479
521516
521573
521657
521775
521933
522141
522410
522755
523188
523721
524354
525084
525893
526768
527669
528571
529433
530233
530950
531575
532107
532550
532909
533196
533420
533593
533719
533814
533879
533927
533960
502573
503035
503488
503932
504377
504818
505258
505699
506125
506547
506952
507349
507731
508103
508471
508823
509176
509523
509877
510234
510610
510991
511384
511800
512202
512621
513024
513432
513833
514232
514623
515008
515383
515754
516112
516462
516808
517132
517445
517736
518012
518266
518503
518715
518909
519075
519223
519359
519473
519574
519663
519746
519824
519899
519967
520036
520109
520185
520252
520316
520375
520432
520486
520532
520583
520644
520713
520793
520889
521004
521148
521327
521551
521821
522149
522543
523016
523576
524233
524981
525810
526695
527617
528530
529410
530223
530951
531582
532116
532556
532913
533196
533417
533587
533716
533808
533876
533923
533957
533980
500352
500837
501309
501774
502239
502701
503163
503623
504073
504516
504944
505360
505762
506151
506533
506901
507268
507630
507999
508373
508765
509166
509580
510015
510440
510880
511307
511738
512162
512583
512995
513403
513800
514193
514574
514946
515313
515659
515993
516306
516602
516878
517135
517367
517581
517767
517932
518084
518214
518331
518437
518537
518633
518726
518814
518907
519005
519103
519196
519291
519385
519481
519574
519670
519779
519905
520047
520212
520402
520621
520880
521184
521540
521950
522421
522959
523573
524265
525039
525883
526780
527699
528618
529493
530304
531025
531650
532174
532604
532949
533222
533433
533596
533720
533812
533877
533924
533956
533980
533995
498137
498645
499139
499625
500112
500595
501079
501562
502036
502502
502953
503392
503813
504220
504618
505002
505384
505761
506146
506537
506946
507367
507802
508256
508706
509167
509618
510072
510518
510962
511397
511826
512247
512661
513065
513460
513848
514216
514573
514909
515228
515526
515806
516061
516297
516506
516693
516865
517016
517155
517284
517408
517529
517649
517765
517892
518023
518154
518286
518424
518568
518716
518867
519033
519220
519435
519677
519952
520265
520617
521020
521474
521985
522550
523173
523853
524593
525390
526238
527123
528023
528905
529752
530524
531213
531805
532301
532704
533027
533280
533475
533624
533737
533822
533886
533928
533960
533980
533996
534006
496041
496571
497086
497594
498101
498607
499113
499619
500117
500608
501082
501543
501985
502410
502824
503223
503621
504014
504414
504822
505248
505688
506144
506619
507091
507574
508049
508525
508994
509459
509916
510367
510810
511246
511672
512090
512500
512891
513271
513631
513974
514296
514601
514883
515145
515381
515594
515792
515970
516138
516296
516452
516608
516764
516920
517091
517265
517442
517627
517823
518031
518249
518477
518733
519021
519346
519711
520121
520579
521086
521647
522260
522925
523635
524388
525175
525993
526833
527686
528536
529362
530137
530852
531478
532019
532469
532836
533127
533355
533529
533662
533763
533838
533895
533937
533964
533985
533997
534007
534014
494046
494598
495133
495662
496190
496717
497246
497776
498299
498813
499312
499795
500257
500701
501130
501546
501958
502366
502782
503206
503650
504110
504586
505081
505576
506080
506578
507076
507567
508053
508531
509004
509468
509926
510374
510814
511246
511661
512064
512448
512816
513166
513497
513808
514099
514366
514611
514839
515050
515253
515450
515647
515845
516047
516255
516482
516710
516949
517199
517469
517758
518062
518387
518752
519157
519612
520116
520675
521290
521954
522669
523427
524221
525037
525868
526702
527529
528340
529127
529877
530576
531206
531768
532242
532642
532966
533225
533428
533583
533701
533789
533855
533905
533943
533971
533987
534000
534007
534015
534018
492151
492723
493278
493826
494374
494923
495474
496031
496578
497116
497639
498144
498627
499088
499534
499965
500392
500815
501246
501686
502146
502626
503122
503637
504154
504680
505200
505719
506231
506738
507237
507731
508216
508695
509165
509627
510081
510520
510947
511357
511752
512129
512490
512833
513157
513459
513740
514005
514256
514502
514745
514992
515244
515504
515777
516069
516362
516675
517007
517366
517751
518157
518597
519087
519625
520221
520874
521584
522348
523153
523995
524856
525726
526587
527430
528240
529009
529730
530401
531016
531568
532049
532466
532808
533091
533316
533495
533632
533736
533814
533872
533916
533949
533974
533992
534002
534010
534013
534019
534021
490353
490944
491517
492085
492652
493222
493796
494383
494951
495513
496060
496587
497090
497569
498031
498477
498919
499356
499801
500258
500735
501233
501750
502286
502825
503371
503912
504453
504985
505513
506032
506546
507052
507552
508044
508528
509005
509467
509919
510355
510778
511185
511578
511956
512317
512659
512981
513291
513589
513887
514185
514493
514812
515144
515494
515861
516241
516646
517075
517539
518036
518561
519131
519755
520433
521170
521961
522804
523688
524593
525507
526411
527290
528126
528913
529638
530300
530897
531432
531907
532320
532669
532967
533204
533400
533554
533675
533767
533837
533888
533927
533955
533977
533993
534005
534011
534016
534017
534022
534023
488614
489230
489824
490411
490996
491586
492183
492817
493397
493979
494550
495101
495625
496122
496600
497061
497517
497968
498426
498897
499389
499905
500441
500996
501556
502123
502685
503246
503800
504348
504888
505423
505950
506472
506987
507495
507996
508485
508964
509429
509883
510323
510754
511171
511576
511966
512338
512700
513055
513415
513781
514162
514560
514978
515420
515884
516369
516883
517428
518014
518635
519290
519995
520754
521562
522421
523322
524256
525208
526151
527070
527946
528767
529520
530201
530807
531341
531806
532211
532562
532859
533104
533312
533473
533606
533712
533795
533857
533903
533937
533962
533981
533995
534006
534013
534016
534020
534020
534024
534025
486963
487603
488216
488820
489423
490033
490651
491308
491916
492526
493123
493698
494243
494758
495251
495727
496197
496662
497134
497618
498125
498659
499214
499788
500368
500956
501539
502121
502695
503264
503825
504381
504930
505474
506013
506545
507071
507587
508095
508591
509078
509555
510026
510489
510943
511386
511816
512240
512663
513097
513544
514012
514504
515026
515577
516156
516759
517397
518070
518786
519538
520324
521157
522033
522945
523889
524850
525817
526770
527683
528542
529331
530047
530681
531237
531715
532123
532471
532768
533021
533230
533400
533543
533652
533743
533816
533873
533916
533947
533969
533986
533998
534007
534015
534018
534020
534022
534022
534025
534025
485421
486076
486705
487326
487945
488573
489211
489872
490521
491163
491788
492387
492953
493485
493994
494485
494969
495448
495933
496432
496956
497508
498082
498677
499278
499886
500490
501091
501686
502275
502856
503433
504003
504570
505132
505689
506242
506785
507323
507852
508374
508891
509405
509917
510425
510929
511425
511920
512422
512943
513485
514057
514662
515306
515981
516688
517424
518198
519006
519854
520729
521631
522567
523525
524493
525467
526427
527361
528253
529077
529827
530496
531084
531590
532022
532384
532687
532939
533153
533334
533481
533597
533697
533771
533833
533885
533925
533955
533976
533991
534001
534009
534016
534020
534021
534022
534023
534022
534026
534026
483948
484620
485265
485900
486535
487180
487839
488518
489197
489869
490523
491147
491733
492283
492807
493312
493812
494305
494803
495316
495854
496425
497019
497634
498257
498885
499508
500129
500744
501354
501956
502555
503148
503739
504326
504910
505491
506066
506637
507202
507764
508324
508888
509455
510026
510599
511172
511751
512346
512969
513622
514314
515048
515828
516642
517490
518368
519279
520216
521181
522157
523143
524136
525123
526091
527033
527931
528777
529560
530260
530879
531417
531880
532269
532594
532861
533081
533262
533416
533545
533648
533729
533799
533849
533895
533932
533961
533981
533996
534005
534012
534017
534021
534023
534024
534022
534023
534023
534026
534026
482546
483236
483897
484546
485195
485857
486536
487237
487944
488646
489328
489977
490585
491152
491692
492215
492730
493236
493747
494272
494826
495415
496031
496665
497308
497955
498601
499242
499876
500507
501132
501753
502371
502987
503602
504215
504827
505436
506044
506650
507256
507866
508485
509115
509757
510410
511072
511748
512451
513191
513971
514798
515677
516603
517563
518556
519572
520608
521653
522702
523738
524757
525753
526710
527619
528475
529267
529991
530641
531207
531697
532113
532467
532759
533000
533195
533353
533483
533595
533689
533762
533817
533867
533900
533937
533963
533985
534000
534010
534015
534019
534022
534025
534025
534025
534023
534023
534023
534027
534026
481214
481922
482598
483261
483923
484600
485298
486023
486760
487492
488204
488879
489510
490095
490650
491185
491715
492236
492761
493302
493872
494479
495112
495767
496429
497098
497764
498428
499085
499736
500384
501031
501675
502319
502963
503609
504256
504903
505552
506203
506859
507525
508207
508908
509631
510375
511138
511925
512750
513623
514545
515519
516551
517628
518732
519859
520992
522123
523236
524322
525364
526359
527300
528177
528982
529720
530382
530973
531492
531933
532308
532623
532890
533108
533285
533427
533541
533634
533717
533787
533838
533877
533913
533933
533964
533984
534002
534013
534019
534023
534025
534026
534028
534027
534025
534022
534022
534023
534027
534026
479950
480676
481368
482044
482718
483408
484126
484874
485638
486402
487146
487849
488501
489104
489673
490221
490767
491304
491845
492401
492988
493612
494265
494940
495625
496315
497002
497689
498370
499045
499718
500391
501064
501739
502417
503098
503784
504474
505170
505872
506585
507313
508067
508849
509662
510508
511385
512298
513260
514277
515351
516480
517664
518882
520113
521345
522558
523737
524865
525931
526925
527845
528687
529448
530128
530735
531268
531734
532137
532472
532755
532991
533192
533354
533486
533588
533672
533739
533802
533855
533892
533918
533944
533956
533982
533999
534013
534022
534026
534028
534028
534028
534030
534028
534025
534021
534021
534023
534027
534026
478753
479497
480204
480891
481576
482281
483017
483788
484580
485373
486149
486883
487559
488177
488762
489328
489892
490444
490999
491569
492173
492818
493492
494187
494893
495606
496318
497028
497734
498437
499138
499839
500544
501253
501968
502690
503420
504159
504908
505669
506445
507246
508080
508952
509867
510826
511831
512882
513990
515161
516388
517666
518988
520322
521645
522939
524178
525349
526435
527430
528331
529139
529859
530491
531043
531527
531945
532306
532614
532865
533077
533254
533407
533529
533627
533703
533764
533813
533863
533903
533929
533946
533965
533972
533994
534009
534021
534028
534031
534032
534031
534030
534031
534028
534024
534019
534019
534022
534027
534026
477620
478382
479104
479803
480499
481216
481969
482764
483585
484410
485217
485980
486681
487320
487922
488505
489087
489656
490227
490815
491436
492101
492797
493514
494241
494975
495710
496445
497180
497915
498647
499383
500124
500873
501629
502395
503176
503969
504780
505607
506457
507339
508264
509238
510267
511352
512491
513687
514947
516269
517640
519049
520476
521885
523249
524547
525756
526864
527861
528747
529528
530211
530803
531313
531750
532128
532451
532728
532962
533150
533310
533444
533562
533655
533729
533784
533829
533866
533906
533936
533955
533966
533980
533984
534003
534017
534027
534032
534034
534034
534034
534032
534032
534027
534019
534015
534018
534024
534027
534026
476551
477332
478069
478779
479484
480213
480983
481802
482651
483508
484350
485145
485873
486532
487151
487751
488353
488942
489531
490137
490776
491463
492182
492922
493673
494431
495191
495953
496716
497483
498252
499025
499807
500601
501407
502225
503063
503921
504801
505705
506639
507612
508638
509725
510882
512102
513376
514717
516123
517583
519073
520575
522061
523490
524837
526083
527209
528213
529089
529849
530503
531063
531539
531941
532282
532576
532824
533037
533216
533358
533478
533582
533674
533746
533802
533843
533877
533904
533938
533960
533973
533979
533989
533992
534009
534022
534032
534036
534037
534036
534035
534033
534032
534032
534033
534028
534024
534022
534027
534026
475545
476346
477099
477819
478532
479271
480058
480900
481778
482669
483546
484375
485132
485813
486449
487067
487689
488299
488909
489536
490196
490906
491648
492412
493187
493971
494758
495550
496346
497147
497956
498774
499603
500448
501308
502187
503094
504026
504987
505978
507007
508084
509222
510433
511721
513078
514490
515965
517499
519066
520635
522178
523666
525057
526330
527476
528484
529359
530104
530738
531273
531723
532100
532415
532680
532909
533101
533266
533403
533509
533600
533683
533757
533814
533857
533887
533912
533932
533962
533977
533986
533988
533995
533998
534013
534026
534036
534039
534039
534037
534036
534034
534037
534046
534039
534034
534025
534022
534026
534025
474572
475392
476161
476892
477612
478361
479165
480030
480937
481861
482774
483639
484427
485130
485785
486421
487065
487698
488331
488981
489664
490400
491168
491958
492761
493573
494391
495218
496051
496894
497748
498616
499502
500409
501340
502287
503272
504294
505354
506451
507591
508785
510049
511391
512809
514300
515844
517429
519052
520680
522272
523797
525226
526525
527681
528695
529566
530305
530923
531440
531872
532230
532527
532773
532979
533158
533308
533436
533543
533623
533691
533759
533820
533865
533897
533919
533938
533953
533980
533993
533996
533994
533998
534001
534015
534029
534039
534041
534040
534038
534037
534036
534049
534051
534040
534021
534015
534021
534026
534025
473555
474397
475185
475929
476658
477420
478243
479134
480073
481033
481986
482893
483719
484452
485132
485792
486465
487130
487797
488481
489198
489969
490773
491598
492437
493289
494151
495025
495912
496813
497732
498672
499635
500626
501655
502735
503851
504970
506112
507320
508592
509921
511317
512785
514321
515920
517557
519196
520830
522439
523980
525423
526739
527896
528899
529761
530487
531093
531592
532005
532348
532630
532862
533052
533212
533352
533468
533569
533652
533712
533764
533819
533867
533903
533928
533944
533957
533970
533992
534008
534003
533999
534002
534004
534018
534031
534040
534042
534041
534039
534038
534043
534054
534053
534042
534023
534014
534021
534026
534025
474336
475209
476030
476806
477564
478352
479199
480112
481075
482064
483052
484007
484897
485698
486444
487166
487907
488648
489398
490161
490946
491778
492636
493511
494400
495305
496225
497162
498117
499093
500091
501115
502165
503244
504353
505553
506740
507957
509209
510469
511772
513148
514573
516037
517537
519070
520611
522131
523674
525103
526378
527497
528535
529454
530232
530889
531436
531888
532255
532558
532809
533014
533183
533320
533434
533535
533619
533693
533757
533798
533835
533873
533907
533935
533955
533966
533975
533983
533997
534015
534009
534004
534010
534011
534019
534030
534038
534040
534039
534037
534038
534055
534053
534052
534046
534035
534018
534023
534026
534027
539837
544186
536035
533915
534767
534172
534543
534322
534142
534006
534042
534085
534052
534051
534042
534033
534019
534009
533998
533976
533967
533964
533976
533983
533988
534057
534130
534127
534108
534088
534035
534023
534035
534047
534040
534030
534026
534026
534023
534020
534019
534025
534026
534034
534048
534059
534058
534050
534062
534064
540309
545268
536450
534058
534665
534822
535180
534903
534836
534646
534179
534019
534012
534005
534000
533998
534003
534003
533992
533970
533961
533958
533971
533976
533982
534005
534082
534162
534132
534135
534075
534021
534033
534045
534039
534029
534025
534024
534020
534017
534016
534021
534023
534032
534047
534053
534062
534048
534061
534064
541361
546472
536983
533334
535025
534126
534543
534924
535133
535054
534319
533856
533599
533534
533536
533643
533845
533972
533982
533960
533951
533949
533963
533970
533979
533983
534001
534081
534150
534154
534120
534018
534031
534044
534036
534026
534019
534009
534001
533998
533997
534002
534004
534014
534031
534040
534049
534033
534044
534047
542948
548047
537382
533233
534693
533522
533893
534020
534224
534302
535365
534942
535058
535319
535250
534712
533997
533887
533960
533950
533942
533941
533956
533965
533976
533981
533982
534006
534039
534109
534116
534052
534031
534034
534019
534000
533962
533888
533855
533856
533862
533864
533861
533876
533909
533934
533943
533918
533905
533903
544334
549889
538739
532799
534183
534115
534198
533441
533542
534050
534891
537074
537076
537081
537048
536931
535817
534054
533878
533939
533937
533936
533952
533963
533977
533981
533981
533988
533983
534006
534020
534024
534032
533946
533871
533749
533312
532407
532049
532130
532242
532248
532231
532283
532479
532647
532655
532488
532191
532084
544601
552308
540642
534167
539484
538957
539185
538521
535189
533153
535479
537785
537728
537391
537353
537345
537125
535559
533959
533920
533934
533934
533949
533962
533976
533982
533983
533986
533975
533989
534004
534020
534028
532828
532376
532791
534604
538763
540553
540112
539575
539666
539851
539683
538827
537962
537981
538608
540015
540609
545488
557369
542521
538101
541202
540066
540192
539952
539227
537463
535315
535959
535728
537227
537381
537375
537360
536995
534748
533944
533933
533933
533947
533960
533976
533981
533980
533983
533973
533988
534004
534021
533963
539240
542254
542142
541913
542120
542395
542330
542516
542756
542768
542667
542525
542477
542501
542428
542369
542450
549932
560464
545999
535203
538348
540144
541144
540668
540088
539736
537364
535173
536990
537803
537522
537421
537408
537348
536854
533988
533931
533929
533934
533924
533921
533930
533964
534002
533992
533993
533998
534013
534336
536146
537223
538064
540964
544170
544232
544165
542810
541649
541797
542202
542134
541612
541542
542434
544151
544162
552066
563687
549591
535293
535854
535984
536712
538384
541064
540990
540365
539026
535737
536003
537447
537898
537850
537871
536456
534031
533931
533907
533866
533991
534110
534111
534117
533997
533997
534040
534030
534016
534090
534277
534408
534609
535228
535852
535896
535826
535477
535239
535275
535373
535381
535286
535289
535511
535993
536516
548828
560377
550557
533471
534980
534597
534982
535477
536285
537218
538041
537711
536082
535165
535537
536002
536208
535984
534918
533931
533872
533948
534413
534506
534567
534587
534181
533989
533985
534018
533939
533922
533984
533997
533919
534114
534159
534211
534216
534192
534154
534145
534160
534150
534095
534101
534113
534119
534163
534272
566525
543096
548153
530804
533294
533939
534256
534274
534288
534500
534641
534632
534396
534235
534240
534325
534354
534297
534205
534220
534215
534228
534318
534298
534222
534145
534020
533986
533978
533997
534651
535452
535418
535442
535478
534322
534070
534070
534059
534065
534098
534120
534121
534090
534062
534070
534078
534076
534080
534088
576280
469396
502008
527495
532333
533940
534050
534079
534005
534063
534045
534058
534030
534026
534024
534028
534022
534004
533996
534016
534006
533991
533981
533974
533976
533962
533948
533946
533940
533968
534260
534824
535148
535112
534817
534171
534017
534005
533986
533977
533979
533988
534001
534011
534020
534030
534039
534036
534039
534043
557696
1.29158e+06
670638
510882
529935
533358
533408
533460
533402
533473
533457
533476
533454
533462
533456
533455
533445
533421
533380
533345
533327
533319
533331
533351
533370
533367
533359
533353
533341
533360
533409
533517
533584
533584
533516
533427
533401
533390
533376
533363
533357
533361
533372
533387
533391
533392
533397
533392
533394
533402
545967
1.47716e+06
1.29446e+06
477284
519285
527116
527370
528516
528619
528808
528841
528928
528935
528990
529025
529048
529053
529026
528958
528883
528831
528794
528772
528736
528720
528681
528658
528657
528648
528684
528719
528755
528757
528721
528654
528626
528670
528746
528745
528743
528748
528767
528790
528801
528608
528304
528171
528143
528191
528359
874928
1.35667e+06
1.50495e+06
935788
564135
511119
516880
507676
505221
503760
505861
504287
504055
501648
501413
505938
509132
510410
509188
506736
505127
505092
506509
508130
505735
506826
508228
510691
516236
519462
522671
525629
527991
530009
531701
530142
528582
528010
527690
527757
528205
529383
531260
532699
533718
535309
536237
536469
536709
536302
1.48317e+06
544546
1.42605e+06
1.84131e+06
2.20133e+06
2.3042e+06
2.30596e+06
2.32666e+06
2.33029e+06
2.3326e+06
2.33054e+06
2.3341e+06
2.33515e+06
2.33955e+06
2.34197e+06
2.33766e+06
2.33466e+06
2.33454e+06
2.33822e+06
2.34178e+06
2.34424e+06
2.34346e+06
2.3394e+06
2.3335e+06
2.33379e+06
2.32958e+06
2.32559e+06
2.32047e+06
2.30945e+06
2.30056e+06
2.2901e+06
2.27905e+06
2.26881e+06
2.26048e+06
2.25374e+06
2.25299e+06
2.25435e+06
2.25489e+06
2.25547e+06
2.25454e+06
2.25154e+06
2.24579e+06
2.23715e+06
2.22765e+06
2.22003e+06
2.21469e+06
2.2103e+06
2.20774e+06
2.20633e+06
2.20552e+06
1.6355e+06
109360
62606
673997
202818
13289.7
13178.3
12857.4
12826.6
12837.8
12830.9
13095.5
13718.5
14541
14411.7
15776.3
17223.7
18536.6
17079.8
15826
14740.5
13810.9
13121.3
12780.7
12804
12807.8
12810.6
12811.7
12795.7
12799.7
12804
12808
12812
12815.5
12817.8
12832.8
12845.1
12849
12853.4
12855.9
12858.6
12945.2
13236.9
13337.7
13110.8
12954.1
12875.2
12875.9
12875.3
12874.4
629246
842608
19543.6
13701.8
13235.4
13533.5
13404.4
13127.6
13041.6
13048.7
17175.6
17873.1
17878.9
15701.1
14634.7
17247.3
19099.5
18975.1
18824.8
18734.7
18827.8
18934.2
18933.2
18934.3
13608.6
13021.5
13021.6
13090.8
17440.5
17515.6
17518.8
17521.2
17518.2
17520.8
17522.6
15369.4
13041.8
13044.4
13048.3
13050.4
13052.4
13138.4
13436.6
13539.9
13541.8
13281.9
13062.7
13062.7
13460.3
13974.6
1.72826e+06
156611
14085.7
13455.5
13308.3
13377.1
13363.4
13154.5
13048.9
13056.3
13061.8
13087.3
13142
13179.8
13162.3
13100.7
13084.7
13114.3
13132.3
13125.6
13124.7
13128.8
13141
13141.7
13143.9
13053.6
13029.7
13028.1
13025.3
13031
13034.1
13034.7
13036.2
13038.2
13038.2
13047.6
13051.8
13050.6
13051.8
13053.3
13054.9
13055.1
13055.8
13057.4
13062.4
13065.2
13065.9
13066.4
13066.8
13067.5
148878
12667.3
13402.5
13380.4
13110.2
13103.6
13085.4
13066.3
13049.4
13054.2
13060.8
13070.3
13079.3
13088.3
13082.6
13067.2
13055.2
13047.2
13039
13029.4
13024.9
13022.3
13021.1
13023
13029.4
13030.5
13027.9
13025.3
13023.7
13027
13030.5
13032.7
13034.2
13034.7
13036.5
13041.7
13045.5
13047.3
13050
13051.3
13052.4
13051.7
13051.9
13054.4
13060.4
13064.2
13064.6
13064.7
13064.8
13065.3
1.12355e+06
12038.9
13087.1
13337.1
13111.3
13111.2
13079.9
13061.2
13047.2
13052.6
13058.8
13068
13077.3
13087.3
13081
13065.2
13052.9
13044.8
13036.5
13026.9
13022.6
13020.1
13019.4
13021.8
13027.4
13027.6
13025.8
13023.6
13022.2
13025.2
13028.8
13031.1
13032.5
13032.9
13034.7
13040.2
13044.2
13046.1
13048.6
13049.4
13050
13048.3
13047.9
13051.2
13058.8
13063.4
13063.5
13063.2
13062.9
13063.4
1.64192e+06
12595.3
13064.4
13270.6
13104.9
13110.9
13080.1
13060.2
13045
13050.5
13057.1
13066.5
13075.9
13085
13078.5
13063.3
13051
13042.5
13034
13024.4
13020.3
13018.4
13018.4
13021
13025.7
13025.6
13023.8
13022
13021
13024
13027.4
13029.8
13031.2
13031.7
13033.4
13038.8
13042.7
13045
13047.5
13047.9
13047.9
13051.9
13081.4
13075
13063.3
13063.2
13062.6
13061.8
13061.3
13061.6
107750
12300
13094.2
13206.3
13095.7
13106.6
13076.9
13057.7
13042.4
13048.1
13055.3
13064.9
13074.1
13082.8
13076.1
13061.6
13049.3
13040.5
13031.8
13022.4
13018.5
13017
13017.4
13020.1
13024.1
13023.9
13022.4
13020.8
13020.1
13023
13026.3
13028.9
13030.4
13030.7
13032.3
13037.5
13041.4
13044
13046.4
13046.4
13081
13316.7
13403.7
13407.8
13231.5
13065.6
13061.5
13060.5
13059.8
13060
12093.8
12444.3
13049.9
13144.2
13084.8
13098.9
13072.9
13054.2
13039.2
13045.5
13053.4
13063.2
13072.3
13080.3
13073.7
13059.9
13047.7
13038.7
13029.8
13020.5
13016.9
13015.7
13016.4
13019.1
13022.5
13022.3
13021.1
13019.8
13019.5
13022.3
13025.5
13028.2
13029.7
13030.1
13031.4
13036.3
13040.2
13042.9
13045.4
13250.5
13406.6
13404.1
13403
13407.1
13291.6
13064.5
13060.5
13059.3
13058.7
13058.8
15493.8
12491
12993.7
13092.5
13071.5
13089.7
13067.7
13049.8
13035.8
13042.6
13051.2
13061.3
13070.3
13077.8
13071.3
13058.3
13046.3
13037
13028
13018.8
13015.4
13014.6
13015.4
13018
13021.1
13021
13020
13019.1
13019
13021.8
13025
13027.8
13029.3
13029.6
13030.6
13035.2
13039.1
13041.9
13070.8
13294.9
13329.4
13369.8
13402.9
13406.9
13118.2
13059.8
13059.4
13058
13057.2
13057.2
12545.2
12538.9
12963.9
13049.6
13057.2
13079.5
13061.8
13045
13032.1
13039.6
13048.9
13059.3
13068.1
13075.2
13069.1
13056.8
13044.9
13035.5
13026.4
13017.3
13014.1
13013.5
13014.6
13017
13019.8
13019.8
13019.2
13018.5
13018.7
13021.4
13024.5
13027.3
13028.9
13061
13199.7
13212.2
13216
13218.9
13165.6
13058.3
13044.1
13041.9
13119.2
13276.8
13271.1
13085.4
13058.3
13056.9
13056
13055.9
12265.8
12583
12941.3
13017.2
13043.1
13069.1
13055.4
13039.8
13028.2
13036.3
13046.4
13057.1
13065.8
13072.7
13067
13055.4
13043.7
13034.1
13024.9
13016
13012.9
13012.5
13013.6
13016
13018.6
13018.8
13018.5
13018.6
13019.5
13022
13024.6
13027
13028.5
13045.1
13155.9
13211.9
13207.4
13132.3
13056.3
13043.3
13042.9
13040.9
13040.6
13061.1
13120.6
13115.1
13059.8
13055.8
13054.9
13054.8
12315.7
12621.1
12926.6
12992
13030
13058.9
13048.8
13034.4
13024.2
13032.9
13043.7
13054.8
13063.5
13070.2
13065
13054.1
13042.5
13032.8
13023.6
13014.7
13011.8
13011.5
13012.8
13015.1
13017.6
13017.9
13017.9
13018.2
13020.3
13022.9
13025.9
13028.5
13029.5
13029
13031
13038.8
13039.7
13039.7
13041.7
13042.2
13041.8
13040
13040
13044.4
13052.5
13057.8
13057.2
13055
13053.9
13053.7
12336.9
12654.4
12918.3
12974.2
13018.1
13049.2
13042.3
13029
13020.2
13029.4
13041
13052.4
13061.2
13067.9
13063.2
13052.8
13041.4
13031.6
13022.4
13013.6
13010.7
13010.6
13011.9
13014.2
13016.7
13017.2
13017.4
13017.6
13019
13022.6
13025.7
13027.7
13028.1
13028.2
13029.6
13033.3
13036.5
13038.8
13040.7
13041.3
13040.9
13039.2
13039.5
13043.9
13051.1
13055.2
13055
13053.8
13052.9
13052.7
12360.7
12683.3
12914.3
12961.4
13008.6
13040.1
13036.1
13023.8
13016.3
13025.8
13038.2
13050
13058.9
13065.6
13061.5
13051.7
13040.4
13030.6
13021.3
13012.6
13009.8
13009.7
13011.2
13013.5
13015.9
13016.7
13017.1
13017.4
13018.5
13021
13023.8
13026.2
13027.5
13027.9
13029.3
13032.7
13035.7
13037.9
13039.7
13040.4
13040
13038.6
13039.1
13043.4
13050.2
13054.1
13054
13052.9
13052
13051.8
12381.7
12707.6
12913.4
12953.1
13000.6
13031.7
13030.5
13018.8
13012.4
13022.3
13035.3
13047.5
13056.7
13063.5
13059.9
13050.7
13039.5
13029.6
13020.3
13011.6
13008.9
13008.9
13010.5
13012.8
13015.2
13016.2
13016.9
13017.4
13018.6
13021
13023.7
13026
13027.3
13027.7
13028.9
13032.2
13035
13037.1
13038.9
13039.6
13039.3
13038.1
13038.8
13043
13049.4
13053.1
13053
13052
13051.1
13050.9
12399.6
12728.8
12914.3
12947.8
12994.4
13024.2
13025.5
13014.1
13008.6
13018.9
13032.5
13045
13054.5
13061.5
13058.5
13049.8
13038.7
13028.7
13019.4
13010.8
13008.1
13008.2
13009.8
13012.2
13014.7
13015.8
13016.7
13017.4
13018.7
13021.1
13023.6
13025.8
13027
13027.5
13028.7
13031.7
13034.3
13036.3
13038.1
13038.8
13038.6
13037.7
13038.5
13042.6
13048.6
13052.1
13052.1
13051.1
13050.3
13050.1
12415
12747.6
12916.3
12944.8
12989.6
13017.7
13021
13009.7
13004.9
13015.5
13029.7
13042.6
13052.4
13059.6
13057.2
13048.9
13038
13028
13018.6
13010
13007.4
13007.6
13009.3
13011.7
13014.2
13015.5
13016.6
13017.5
13018.8
13021.1
13023.6
13025.7
13026.8
13027.2
13028.4
13031.3
13033.7
13035.6
13037.3
13038.2
13038.1
13037.3
13038.3
13042.2
13047.8
13051.1
13051.2
13050.3
13049.5
13049.3
12428.3
12764.1
12918.4
12943.2
12986
13012.2
13017.3
13005.8
13001.4
13012.2
13026.9
13040.2
13050.5
13057.9
13056.1
13048.2
13037.4
13027.3
13017.9
13009.4
13006.7
13007
13008.8
13011.3
13013.8
13015.3
13016.6
13017.6
13019
13021.2
13023.6
13025.5
13026.6
13027.1
13028.2
13030.8
13033.1
13034.9
13036.7
13037.6
13037.5
13037
13038.1
13041.9
13047.1
13050.2
13050.3
13049.5
13048.8
13048.5
12439.7
12779.3
12921.4
12942.4
12983.1
13007.7
13014
13002.3
12998.2
13009.1
13024.3
13037.9
13048.6
13056.3
13055.1
13047.7
13036.9
13026.8
13017.3
13008.8
13006.2
13006.5
13008.3
13010.9
13013.5
13015.1
13016.6
13017.7
13019.1
13021.3
13023.6
13025.4
13026.5
13026.9
13027.9
13030.5
13032.6
13034.2
13036
13037
13037.1
13036.7
13037.9
13041.6
13046.5
13049.4
13049.5
13048.8
13048.1
13047.8
534066
534059
534053
534035
534005
534026
534021
534005
533978
533977
533950
533906
533864
533819
533739
533666
533562
533510
533499
533412
533292
533159
532992
532774
532475
531711
532074
531483
530790
538636
539613
540601
540364
531761
530931
530488
530116
529824
529644
529837
530096
530603
531452
532502
534201
536673
540345
546467
558338
553168
534065
534060
534053
534034
534006
534025
534019
534002
533974
533969
533982
533993
533950
533874
533800
533763
533789
533717
533641
533529
533375
533150
532789
532498
532110
531371
530113
532741
538684
539597
540658
540580
532857
531485
530991
530577
530209
529916
529799
529952
530170
530631
531255
532203
533594
535391
537589
540050
540718
514722
534050
534048
534043
534027
534000
534019
534006
533981
533943
533924
533898
533859
533812
533944
533942
533897
533865
533779
533597
533299
533103
532749
532104
531403
530635
532145
536431
539421
540008
540332
541211
533227
531871
531460
531086
530684
530320
530017
530069
530112
530335
530770
531250
532153
533325
534715
536175
537243
535506
514058
533912
533937
533972
533962
533956
533951
533884
533779
533633
533465
533283
533119
532994
532960
532936
533046
533330
533371
533134
532709
532204
531438
533224
535477
538936
538871
539171
540479
540578
541188
533552
532205
531875
531596
531231
530830
530476
530322
530297
530356
530616
530843
531425
532217
533166
534180
535071
535443
533565
514727
532167
532556
533128
533346
533336
533194
532641
532298
532782
533541
534293
534890
535308
535476
535327
534561
532730
531880
532314
533376
534856
539662
539768
539961
540338
540162
540086
540554
540612
533613
532452
532192
532053
531796
531418
531011
530674
530628
530578
530689
530769
531120
531659
532326
533063
533768
534284
534346
532604
514370
540254
538468
535676
534437
534476
535095
537823
540570
540688
540834
540963
541054
541103
541101
541015
540798
540390
539989
540154
540257
540446
541180
541038
540792
540546
540382
541137
538970
533269
532530
532397
532377
532304
532034
531634
531219
530901
530756
530862
530878
531075
531432
531895
532430
532979
533456
533756
533720
532199
514318
542360
541972
541388
541131
541134
541282
541864
542345
542348
542337
542279
542227
542193
542164
542113
542056
541957
541808
541757
541645
541553
541435
541239
540993
541061
541971
537183
532742
531903
532361
532524
532655
532597
532298
531862
531437
531138
531011
531050
531177
531414
531726
532100
532506
532899
533214
533392
533333
531974
514315
543909
543612
543469
543447
543482
543563
543692
543759
543744
543571
542895
542415
542370
542419
542487
542557
542567
542445
542188
542144
542486
542828
542802
542725
540417
533904
532406
531684
531815
532390
532737
532981
532925
532576
532083
531642
531370
531279
531339
531508
531734
531983
532258
532547
532817
533024
533129
533062
531789
514247
537695
539045
539445
539380
539169
538831
538425
538065
537999
538659
541679
544141
544108
543678
543018
542311
541744
541799
542585
542166
539612
536794
535577
534221
533495
531979
531536
531525
531852
532522
533010
533342
533271
532839
532278
531821
531578
531532
531627
531818
532021
532184
532353
532540
532725
532866
532933
532857
531614
514131
534515
534773
534838
534816
534756
534694
534609
534529
534505
534663
535276
535692
535673
535564
535402
535228
535076
535026
535088
534901
534282
533630
533201
532625
532168
531710
531410
531449
531917
532692
533303
533701
533595
533059
532409
531935
531731
531727
531850
532061
532221
532252
532300
532392
532538
532677
532742
532660
531416
513985
534097
534096
534081
534069
534049
534054
534051
534035
534017
534018
534020
534012
533986
533956
533911
533860
533796
533723
533641
533534
533385
533203
532960
532608
532144
531645
531294
531361
531977
532858
533489
533929
533750
533024
532278
531833
531676
531625
531679
531833
531726
531308
531148
531072
531322
531728
531921
531863
530597
513327
534048
534042
534028
534016
533999
534003
534003
533989
533972
533969
533961
533950
533928
533903
533865
533821
533765
533700
533622
533515
533396
533232
533001
532649
532151
531559
531105
531152
531904
532685
532616
532729
532197
530625
529859
529824
529594
528557
527594
526755
524311
521928
522037
518830
519879
523769
524634
524821
523650
507600
533417
533423
533412
533403
533389
533390
533391
533382
533369
533370
533364
533356
533341
533324
533298
533267
533225
533177
533118
533041
532945
532815
532615
532271
531711
530929
530180
529853
530228
528792
521500
518748
514910
498847
500225
508953
504258
479295
453637
419136
423627
563017
612826
612178
584129
529354
488154
482358
503017
504000
528684
528877
528880
528875
528858
528861
528861
528848
528822
528819
528801
528776
528740
528704
528658
528611
528556
528494
528426
528351
528273
528168
527929
527416
526369
524553
521823
517894
513627
476701
464123
607555
732224
844953
858550
824568
837585
921115
1.00844e+06
1.06226e+06
1.18261e+06
1.49888e+06
1.56951e+06
1.53836e+06
1.49661e+06
1.43584e+06
1.34207e+06
1.33004e+06
1.3815e+06
1.40308e+06
534840
534080
533334
532782
532139
531198
530040
528855
528291
527651
526119
523955
521001
517506
514128
510109
504665
497918
489586
479462
467448
455455
446474
443051
449047
459519
483862
560779
684711
974143
1.39339e+06
1.63301e+06
1.59371e+06
1.47816e+06
1.28396e+06
1.17678e+06
1.27037e+06
1.37145e+06
1.27292e+06
1.43033e+06
1.58976e+06
1.52503e+06
1.3225e+06
1.28383e+06
1.27022e+06
1.22246e+06
1.2353e+06
1.2383e+06
1.22975e+06
1.28288e+06
2.20539e+06
2.20646e+06
2.20928e+06
2.21306e+06
2.21736e+06
2.22347e+06
2.23057e+06
2.23837e+06
2.24495e+06
2.25238e+06
2.26176e+06
2.27271e+06
2.28526e+06
2.29909e+06
2.31282e+06
2.32705e+06
2.34148e+06
2.35601e+06
2.36978e+06
2.38187e+06
2.39143e+06
2.39561e+06
2.39157e+06
2.37586e+06
2.33493e+06
2.26078e+06
2.167e+06
1.98427e+06
1.57739e+06
1.08694e+06
1.00381e+06
963480
1.01949e+06
1.03921e+06
1.06248e+06
1.07163e+06
1.06503e+06
1.05627e+06
1.06543e+06
1.05166e+06
999885
1.18055e+06
1.62961e+06
1.55342e+06
1.55353e+06
1.5609e+06
1.56076e+06
1.56105e+06
1.59916e+06
1.51187e+06
12876.5
12963.4
12924.1
12881.7
12881.4
12881.3
12880.8
12946.4
13354
13940.1
14044.8
13914.4
13499
12979.6
12837.4
12820.5
12802.1
12783
12762.3
12739.9
12716.2
14608
20591.4
33643.9
60439.1
111336
182505
373540
1.05873e+06
1.0511e+06
1.69502e+06
1.69399e+06
1.65144e+06
1.6313e+06
1.63033e+06
1.62842e+06
1.61673e+06
1.60773e+06
1.6041e+06
1.60668e+06
1.6145e+06
1.61552e+06
1.52622e+06
1.52696e+06
1.52789e+06
1.52836e+06
1.5279e+06
1.51914e+06
1.46714e+06
1.40294e+06
13975.7
13733.4
13107.6
13068.7
13070.3
13071.5
13072.6
13139.6
13555.4
14164.2
14273.7
14142.7
13720.2
13187.8
13049.7
13040.5
13027.8
13015.1
13001.2
12986.4
12971.1
12955.4
12941.3
12929.7
12986.3
13040.5
13074.2
13311.8
589357
1.2021e+06
1.06033e+06
1.20508e+06
1.49818e+06
1.71628e+06
1.89876e+06
1.99177e+06
2.01801e+06
2.01198e+06
1.9982e+06
2.01328e+06
2.0449e+06
2.01442e+06
1.90255e+06
1.8552e+06
1.85556e+06
1.85698e+06
1.8557e+06
1.83296e+06
1.71639e+06
1.353e+06
13068.7
13069.5
13070.5
13072
13077
13085.6
13091.1
13095
13094.9
13092.1
13084.9
13071
13066.7
13061.1
13053.1
13043.5
13030.7
13017.8
13003.9
12989.4
12974.6
12959.9
12947.6
12938
13548
13070.8
13173.7
13254
12794.7
68969.7
16329.5
15646.9
15625.6
15654.2
15674.7
28486.4
81276.4
122470
138137
129052
93206
62306
16857.1
12653.2
12658.5
12662.8
12658.2
12585.2
12081.9
9629.6
13067.2
13071
13083.9
13148.4
13248.5
13255.2
13256.3
13257.5
13247.9
13079.3
13073.7
13071.2
13067.5
13062.3
13054.9
13046.1
13034.2
13022.4
13009.9
12997.2
12985.2
12974.5
12968
12963.4
15275.8
15390.4
13118
13170.1
12919.7
12822.8
25432.3
26530.2
26523.4
24291.9
17371.5
12775.6
12774.4
12760.1
12751.1
12749.1
12762
12787.4
12824.6
12832.7
12827.3
12825.3
12819.5
12757.1
12301.1
9939.56
13064.5
13149.4
13249.6
13250.9
13252.4
13254.1
13255.3
13202
13108.6
13074.7
13073
13070.9
13067.6
13062.9
13056.1
13048
13036.9
13026.1
13014.9
13004.2
12994.9
12987.6
12985.5
12986
14613.1
15436.9
14328.6
13158.8
13003.5
12905.9
17439.3
26603.3
20576
12789
12802.2
13062.9
12821.5
13090.3
13678.5
12821.2
12774.8
12799.5
12817.1
12825.1
12828
12830.3
12827.1
12772.2
12348.3
10027
13065.2
13072.7
13080.7
13078.2
13070
13069.5
13070.7
13071.9
13072.7
13073
13072.2
13070.5
13067.6
13063.4
13057.1
13049.7
13039.4
13029.7
13019.8
13010.7
13003.6
12999.3
13000.4
13004.7
13019.8
15471.6
15521.8
13155.3
13047
12950.8
12853.4
12831.5
12785.3
12797.7
12803.5
12834.5
12794.8
14793.1
14778
14524.5
12785.9
12798.5
12813.5
12822.3
12827.7
12831.5
12829.6
12782.4
12393.7
10124.6
13060.9
13062
13063.3
13064.5
13066.1
13067.8
13069.1
13070.4
13071.4
13071.9
13071.4
13070
13067.6
13063.8
13058.1
13051.4
13042
13033.3
13024.6
13016.8
13011.4
13009.4
13012.7
13020.5
13029
15018.2
15526
15570.4
13434.2
12982.4
12889.3
12829.2
12806.3
12807
12808.3
12805.7
12795.8
14087.2
14786.7
14773.1
13309.7
12795.7
12809.3
12818.3
12824.9
12829.7
12829.1
12789.5
12437.6
10232.4
13059.5
13060.4
13061.6
13062.9
13064.5
13066.1
13067.5
13068.9
13070.1
13070.7
13070.5
13069.6
13067.5
13064.2
13059.1
13053.1
13044.5
13036.7
13029.1
13022.6
13018.6
13018.1
13022.9
13032.6
13044.4
13076.1
15534.6
15555.4
13589.6
13005.8
12919
12858.4
12829
12820.7
12816.2
12810.4
12808.5
12785.1
13564.8
14783.9
13957.9
12794.4
12806.7
12815.1
12822
12827.3
12827.7
12795.2
12480.8
10352.3
13057.9
13058.8
13060
13061.3
13063
13064.6
13066.1
13067.5
13068.8
13069.6
13069.7
13069.1
13067.4
13064.6
13060
13054.6
13046.8
13039.9
13033.3
13027.9
13025
13025.8
13031.6
13042.1
13055.9
13073.6
13504.8
13569.6
13297.5
13053.3
12944.7
12885.9
12851.8
12836.5
12826.7
12817.4
12806.5
12794.1
12784.5
14124.9
13967.2
12795.5
12804.8
12812.6
12819.3
12824.7
12825.7
12799.6
12522.9
10485.3
13056.6
13057.4
13058.6
13059.9
13061.5
13063.2
13064.7
13066.2
13067.6
13068.6
13068.9
13068.6
13067.3
13064.9
13060.8
13056.1
13049
13042.9
13037.2
13032.8
13030.8
13032.5
13038.9
13049.8
13063.1
13081.1
13102.7
13119.8
13090.9
13059.5
12969.8
12910.3
12873.8
12852.6
12838.5
12826.8
12820
12808
12795
12861.1
13883.7
12915.5
12804.1
12810.9
12817.1
12822.3
12823.7
12803.2
12563.6
10632.2
13055.4
13056.1
13057.3
13058.5
13060.2
13061.8
13063.4
13065
13066.4
13067.5
13068
13068
13067.2
13065.1
13061.5
13057.4
13051
13045.6
13040.7
13037.1
13036
13038.4
13045.3
13055.4
13068.9
13086.5
13105.1
13117.1
13092.9
13045.9
12987.6
12931.8
12894.1
12869.5
12852
12837.9
12838.7
12828.7
12810.8
12803.1
12998.6
13007.7
12814.5
12810.5
12816
12820.7
12822.2
12806.3
12602.8
10793.5
13054.2
13054.9
13056
13057.3
13058.9
13060.5
13062.1
13063.8
13065.3
13066.5
13067.2
13067.5
13067
13065.4
13062.2
13058.7
13052.9
13048.2
13044
13041.1
13040.6
13043.6
13050.5
13060
13073.5
13090.5
13106.9
13115.6
13094.6
13053.6
13000.9
12950.8
12912.6
12885.8
12865.9
12850
12845.6
12839.8
12831.3
12813.8
12806.6
12882.1
12831.7
12811.6
12816.2
12820.3
12821.5
12809.3
12640.3
10969.6
13053.1
13053.8
13054.9
13056.1
13057.7
13059.3
13060.9
13062.6
13064.2
13065.5
13066.4
13066.9
13066.8
13065.6
13062.9
13059.8
13054.6
13050.6
13047
13044.7
13044.7
13048.1
13054.8
13063.9
13077.4
13093.5
13108.1
13114.6
13096.1
13060.4
13012.4
12967
12929.7
12901.3
12879.8
12862.6
12848.2
12851
12842.4
12827.5
12815.7
12812.2
12831.6
12816.8
12817.9
12821.3
12821.9
12812.4
12675.6
11160
13052.1
13052.8
13053.8
13055
13056.6
13058.2
13059.8
13061.5
13063.2
13064.6
13065.6
13066.3
13066.5
13065.8
13063.4
13060.8
13056.2
13052.7
13049.7
13048
13048.5
13052.2
13058.3
13067.4
13080.5
13095.7
13108.9
13113.7
13097.3
13066.1
13022.5
12981
12944.8
12915.9
12893.4
12875.1
12860.1
12850.7
12853.5
12836.5
12824.8
12819.3
12819
12820.9
12821.4
12823.7
12823.7
12815.9
12708.5
11364.1
13051.2
13051.8
13052.8
13054
13055.5
13057.1
13058.7
13060.5
13062.2
13063.7
13064.8
13065.8
13066.3
13065.9
13063.9
13061.8
13057.7
13054.7
13052.2
13050.9
13051.9
13055.6
13061.4
13070.5
13083.1
13097.4
13109.3
13112.9
13098.3
13070.9
13031.7
12992.5
12958
12929.5
12906.4
12887.5
12872
12859.4
12850.7
12845.3
12834.5
12826.6
12823.7
12824.8
12826
12827.6
12826.9
12820.1
12738.7
11580.9
13050.3
13050.9
13051.8
13053
13054.5
13056.1
13057.7
13059.4
13061.2
13062.8
13064.1
13065.2
13065.9
13066
13064.4
13062.7
13059
13056.6
13054.5
13053.6
13054.9
13058.5
13064.2
13073.1
13085.2
13098.6
13109.5
13112.2
13099.1
13074.9
13039.7
13003
12970
12942
12918.7
12899.4
12883.5
12870.5
12860.2
12853.7
12842.9
12833.9
12830
12829.3
12831.1
12833
12831.6
12825.3
12766.1
11809.1
13049.5
13050
13051
13052.1
13053.5
13055.1
13056.7
13058.5
13060.2
13061.9
13063.3
13064.6
13065.6
13066
13064.8
13063.4
13060.2
13058.2
13056.6
13056.1
13057.6
13061
13066.7
13075.5
13087
13099.6
13109.5
13111.5
13099.8
13078.3
13046.4
13012.4
12980.8
12953.4
12930.2
12910.7
12894.5
12881.2
12870.4
12861.4
12850.8
12841
12842.5
12836.6
12837.1
12839.3
12837.9
12831.7
12790.8
12047.5
13048.7
13049.2
13050.1
13051.2
13052.7
13054.2
13055.8
13057.5
13059.3
13061.1
13062.6
13064.1
13065.3
13066.1
13065.2
13064.1
13061.3
13059.8
13058.5
13058.3
13060
13063.2
13068.9
13077.5
13088.5
13100.2
13109.3
13110.9
13100.4
13081.1
13052.2
13020.6
12990.5
12963.8
12940.8
12921.3
12905
12891.5
12880.2
12870.6
12858.7
13167.6
12869.5
12841.5
12843.5
12846.3
12845.3
12839.8
12813.5
12295.8
13048
13048.5
13049.3
13050.4
13051.8
13053.3
13054.9
13056.7
13058.5
13060.3
13061.9
13063.5
13065
13066
13065.5
13064.8
13062.4
13061.2
13060.2
13060.4
13062
13065.2
13070.9
13079.3
13089.7
13100.7
13109
13110.4
13100.9
13083.4
13057.2
13027.8
12999.2
12973.3
12950.7
12931.3
12914.8
12901.1
12889.5
12879.3
12972.4
13359.5
13352.4
12847.2
12849.6
12853.2
12853.1
12849
12834.7
12554.5
645778
497619
486672
522695
528653
531791
532780
534227
535097
533733
533915
534062
534133
534188
534295
534872
538054
563686
614655
657103
639870
595602
549763
534508
516383
501104
527428
588904
576391
523874
501731
525160
532515
533397
533301
533299
533393
533539
533585
533571
533534
533485
533437
533494
533507
533473
533405
533295
533130
532856
532399
531503
530125
527971
524494
519034
510893
499577
485251
469057
453460
442349
438718
440302
442862
444520
445089
444669
443503
441626
439021
435697
431614
426680
420810
413981
406349
398422
391186
385632
382128
380366
379736
379804
380567
381495
382628
383978
385474
387096
388819
390604
392518
394484
396472
398464
400444
402131
403791
405415
407026
408626
410215
411793
413360
414916
416462
417997
419522
421037
422540
424033
425516
426989
428451
429903
431346
432779
434202
435615
437019
438411
439792
441164
442520
443873
445224
446564
447897
449209
450498
451798
453106
454437
455745
457043
458346
459509
460730
462017
463331
464591
465794
466975
468106
469190
470367
471556
472843
474097
778236
720353
672579
497375
494148
527949
533443
536328
536401
536307
534376
534223
534208
534129
534142
534216
534598
536423
544041
548813
545842
539192
535283
532615
551553
629609
647800
656254
653732
644243
642404
555586
531950
532450
531242
531300
531970
533040
533447
533512
533481
533422
533493
533569
533540
533508
533472
533424
533298
533086
532839
532503
531975
531116
529703
527405
523770
518328
510441
499893
486848
472115
457181
444542
436794
434256
434267
434412
433819
432551
430576
428056
424923
421027
416251
410576
404152
397435
391263
386515
383501
381922
381277
381265
381510
382379
383156
384101
385237
386545
387995
389580
391259
393049
394898
396776
398655
400258
401852
403414
404968
406514
408055
409586
411110
412627
414136
415639
417135
418625
420111
421587
423053
424510
425962
427408
428847
430280
431706
433124
434534
435934
437328
438716
440117
441488
442832
444187
445547
446897
448263
449648
450929
452228
453557
454885
456251
457903
459521
460578
461452
462664
463889
465052
466549
468491
469691
470737
471322
472397
583358
812231
748161
714820
660956
502075
528909
535551
536802
536002
534598
534447
534297
534549
534388
534224
534270
534470
534893
535155
535054
534791
534739
537606
653045
674750
667744
667339
668492
678125
691172
598092
531957
525025
502501
496974
507481
528571
532708
533433
533463
533297
533290
533437
533571
533560
533464
533357
533270
533196
533099
532956
532727
532354
531744
530745
529132
526607
522729
517097
509359
499187
486714
472546
457826
444084
433476
427682
425839
425352
424486
422922
420627
417470
413510
408798
403416
397665
392175
387694
384581
382737
381805
381540
381621
382254
383079
383869
384891
386120
387511
389073
390657
392352
394102
395882
397667
399199
400729
402226
403716
405202
406685
408167
409639
411106
412567
414027
415485
416940
418397
419846
421289
422728
424164
425594
427021
428448
429871
431289
432700
434106
435508
436917
438346
439732
441104
442448
443830
445246
446928
448298
449663
450708
451995
453358
454703
456981
458334
459678
460859
461697
463257
465074
466267
467445
468664
469963
471273
472444
525534
607345
814861
776793
743697
719586
560073
534768
535340
535190
534916
534764
534982
535006
534938
534596
534356
534343
534395
534433
534435
534437
534617
535836
556362
664212
690694
688173
694083
674848
591814
538405
509691
496907
605984
645772
606566
504676
528828
532841
533113
532227
532151
533012
533411
533469
533422
533358
533316
533285
533255
533197
533100
532938
532673
532246
531562
530480
528791
526259
522571
517356
510401
501400
490398
477688
463831
449710
436386
425592
418783
415578
413958
412347
409796
406132
401790
397027
392332
388455
385802
384148
383213
382805
382764
383008
383761
384298
385229
386424
387629
388926
390455
392053
393695
395371
397048
398491
399941
401354
402763
404170
405575
406978
408383
409788
411190
412594
414000
415407
416817
418227
419637
421046
422455
423864
425279
426695
428110
429522
430933
432343
433752
435161
436613
438020
439422
440783
442174
443680
445345
446727
448173
449547
450634
451911
453257
455015
457118
458543
459841
461190
462630
463546
464869
466609
467957
469199
470653
472135
519355
544886
603702
743769
796455
778889
567046
533137
534729
535073
535038
535080
535449
535349
535219
534574
534382
534034
534303
534398
534396
534378
534378
534582
536339
553782
602651
620758
593998
551895
538089
511442
583899
653907
674774
680410
672965
676039
545565
532187
530441
510462
505791
526923
532510
533392
533410
533252
533173
533195
533303
533331
533315
533251
533132
532941
532645
532190
531494
530473
528974
526780
523682
519433
513901
506753
497994
487698
476023
463317
450023
436660
424399
414504
407629
403119
399666
396317
392980
390118
387938
386359
385420
385048
384887
384718
384739
385752
386734
387994
389051
390142
391486
392865
394300
395791
397286
398584
399903
401189
402479
403774
405075
406380
407691
409011
410333
411662
412998
414343
415694
417052
418412
419775
421148
422530
423923
425324
426725
428123
429524
430936
432353
433770
435214
436675
438101
439483
440879
442283
444100
445594
446838
448257
449707
451151
452569
453857
455330
456854
458963
460467
461494
462624
463976
465382
466819
469112
470920
472512
517538
537415
544226
566973
642028
755586
561657
504118
530900
534428
535008
535060
535190
535142
534874
534421
533917
535703
534130
534389
534432
534404
534365
534344
534488
535437
541777
543298
538946
535395
536639
634724
677801
682510
684626
695037
710213
676623
534775
520813
498586
563259
614931
517378
526462
532672
533039
532185
531731
531958
532892
533232
533411
533448
533399
533300
533148
532924
532583
532146
531649
530883
529730
528105
525882
522913
519127
514234
508217
501026
492769
483584
473496
462700
451636
440610
430297
421232
413693
407818
403108
399414
396510
394042
392152
391414
391518
390804
390292
390566
391318
392414
393705
395139
396547
397965
399348
400527
401711
402840
403957
405072
406188
407310
408441
409585
410749
411930
413129
414348
415586
416838
418111
419393
420691
422018
423376
424751
426152
427472
428826
430242
431719
433156
434594
436042
437494
438946
440454
441970
443491
444922
446352
447862
449389
450921
452462
453991
455545
457111
458800
460420
461996
463564
465160
466715
468227
469926
471667
473519
516480
535814
537477
538613
552276
683357
698902
651471
515340
531618
534517
534997
535024
534951
534772
534918
537528
537788
537782
534623
534521
534460
534391
534363
534353
534420
534638
534696
534584
534640
535736
558091
708901
707942
711693
700077
601253
543636
503720
509877
643172
681169
687266
688077
569754
532678
529905
508027
491414
495974
524610
531050
532890
533504
533591
533539
533427
533234
532760
532127
532237
532293
532026
531570
530859
529832
528463
526684
524375
520993
517055
513601
509632
504598
498882
492461
485471
478089
470549
463151
455851
449084
442970
437430
432720
422263
398642
403782
415578
416066
413717
411492
409702
408413
407482
406907
406659
406699
406948
407321
407833
408469
409208
410030
410922
411874
412872
413907
414980
416087
417225
418394
419594
420756
422008
423265
424537
425912
427268
428924
430383
431692
432826
434185
435721
437289
438798
440320
441869
443446
445040
446645
448274
449929
451605
453300
455019
456756
458523
460325
462184
464054
465937
467834
469756
471677
473396
475210
477201
479362
513914
535052
536580
536814
538274
596424
755394
716045
652569
524290
532205
534498
534925
534922
534828
538369
538558
538704
537666
534721
534628
534574
534656
534535
534423
534394
534389
534376
534348
534354
534614
536941
573527
617634
604676
557708
539728
523477
643024
671351
695818
714007
729818
717999
543594
529920
501279
564633
664579
658664
515394
490672
519179
531785
533548
533750
533659
533200
529486
513087
520487
529976
531435
531923
532361
532235
531899
531249
529415
517300
495625
505509
521195
522492
521858
520373
517971
515049
511709
507996
503977
499719
495284
490463
484971
466104
516279
498936
451735
452813
467354
466466
463558
460363
457143
453948
450869
448418
446090
443881
441811
439914
438211
436714
435407
434302
433403
432709
432216
431921
431819
431897
432085
432639
433324
434019
434917
435573
436600
437684
439059
440713
442056
443598
445051
446235
447872
449552
451275
453040
454840
456670
458523
460397
462290
464206
466146
468112
470102
472130
474217
476202
478069
479998
481721
483117
485475
487305
489518
492160
521773
534461
536116
536274
536749
549205
708301
737228
720184
606403
515839
531229
534220
534655
534748
536343
537337
536597
535194
534762
534774
534784
534772
534745
534622
534533
534495
534452
534405
534362
534348
534570
537617
542724
540035
535440
538144
657994
715702
720451
731634
705034
603558
557458
536728
535395
649618
691767
704154
700353
671999
674574
574209
526238
533049
533922
533837
532365
512531
576913
555253
495161
493305
505353
527374
531245
532478
532200
521508
517884
643475
607167
502486
494935
511708
527802
529550
529183
528339
527160
525212
523200
520012
502288
493294
545426
611602
607191
614930
605436
513878
513635
512444
510822
508942
506849
504622
502704
500740
498743
496764
494807
492850
490898
489051
487302
485657
484105
482655
481314
480034
478934
478090
477667
477075
476600
476132
475698
475566
475778
476485
476940
477602
478159
478506
479355
480357
481447
482608
483824
485064
486367
487716
489078
490430
491771
493012
494337
495737
497238
498735
500562
497964
493583
496091
504126
514736
516588
515765
509864
535186
534298
535762
535891
536134
537677
569412
762560
729824
710543
619854
502370
529648
532501
533252
534313
534981
534955
534795
534769
534902
534872
534847
534754
534620
534581
534552
534524
534511
534478
534449
534439
534535
534631
534587
534630
535721
572101
652500
651361
602258
555418
541085
535670
534890
539428
645901
735623
711380
708641
708239
716893
723820
589485
534056
533999
534080
534496
592280
683271
666331
655154
654953
638140
507700
496518
519607
531473
542170
684899
679784
667182
649226
648549
616791
528015
532299
533008
532909
532050
521300
509096
506944
567261
617769
645553
657230
659643
611702
543297
532107
530760
530473
530230
529933
529570
529145
528751
528323
527861
527364
526868
526371
525787
525180
524548
523850
523155
522481
521764
521299
520769
520177
519466
518764
518226
517729
517299
517166
517371
517250
517155
516670
516460
516444
516587
516796
517073
517421
517758
518245
518630
518975
519305
519686
520034
518535
518585
518974
520118
521568
522038
527696
558017
558402
559547
526679
526533
526042
521317
535348
533951
535210
535321
535427
535877
538239
583678
778133
734276
706805
699811
515929
492401
502360
523307
533376
534409
534674
534772
534806
534798
534742
534672
534631
534604
534587
534574
534558
534540
534511
534486
534477
534485
534481
534488
534699
538846
549206
547866
539743
535364
534721
534526
534542
535469
554810
602225
745560
735837
739092
740618
590876
541390
536083
534882
534470
535433
551929
678988
724159
700997
693326
683170
661114
673169
620741
533240
543080
569494
710800
706007
702119
703557
700483
570186
534011
534378
534332
533655
552170
630033
632357
650996
660959
591331
558642
557335
543439
535119
533873
533653
533569
533528
533545
533548
533505
533432
533356
533313
533349
533370
533347
533267
533144
533082
533036
533016
532990
532959
533250
533186
533135
532808
532670
532824
532804
532751
532758
532636
532511
532458
532355
532347
532620
532586
532588
532586
532206
532194
532271
532363
532373
532317
531866
530566
539179
544796
545444
542406
527844
525061
551036
581256
584704
582076
535573
532318
529332
531787
514218
530563
532601
533522
534248
535080
536240
540167
614021
754501
755119
743055
709965
666878
643070
555155
524103
527786
531728
534070
534201
534170
534122
534083
534056
534043
534042
534037
534038
534033
534029
534015
534008
534042
534114
534147
534103
534129
534232
534248
534290
534374
534340
534235
534144
534164
534854
545414
584175
628542
617448
570791
540560
534948
534230
535531
535243
535842
538580
559989
565880
680629
723198
720218
723641
717177
552270
534805
536031
547631
568391
595587
622358
608457
576214
540673
537948
539900
538001
535455
554802
598663
590876
570250
557048
540566
535292
534467
535147
536354
536296
535069
534076
533996
534712
535367
535353
534909
534425
534242
534394
534710
534825
534656
534282
534073
534140
534457
534758
534986
535084
534825
534717
534442
534486
534722
534835
534834
534764
534669
534648
534723
534891
534980
535386
535330
535228
534793
534657
534665
534725
534693
534558
534439
534253
542707
545838
541288
536958
535883
554940
567733
573073
564801
545385
541451
534725
533842
541314
574182
441610
470936
484322
500947
514248
528530
541709
546528
550262
583255
649950
674992
669116
736438
726442
701711
588334
561085
542448
531007
530951
530927
530942
530979
530999
531040
531099
531167
531255
531371
531477
531511
531537
531691
532055
532420
532371
532080
531825
531876
532574
533846
534054
533821
533884
534275
533785
532386
536081
541733
542486
546684
547998
538960
537885
550258
536783
542439
553803
549703
540583
588584
635502
617999
603610
577500
547614
536681
558331
609578
636176
562744
554070
547799
537652
552952
583401
615356
589504
539668
531906
537606
558718
572042
567170
542188
520820
519927
540150
566777
567619
549605
530594
528825
539807
551692
551899
545234
536486
533860
536220
541871
544223
542037
535793
532005
532887
538225
544091
545143
542658
538234
536480
537105
540019
543768
546032
546194
545215
544197
544214
545563
548735
549056
548532
547715
546829
545984
545276
544633
543997
543364
542733
542081
541625
542010
541571
540136
538991
538480
542280
543197
542689
539470
536087
535663
535411
535124
537078
540079
1.02241e+06
879368
695613
803098
799636
753492
686667
624005
578974
531710
500784
474779
446718
454180
439471
409878
384128
412545
432597
447712
457425
464898
470312
473723
475229
474976
473190
470065
465316
458329
450622
446533
443940
433767
406640
385375
381728
389655
412469
414847
398898
440723
448218
443108
450553
472694
465864
375503
468501
478996
441818
620491
679675
591163
512691
750301
529872
551065
718355
704991
526775
791398
935588
584210
578347
696901
654431
489420
701579
988783
1.17548e+06
691610
562181
571321
467927
667197
872468
1.03099e+06
968578
569469
474733
479630
688142
820844
809527
690478
615569
639328
746749
834952
837249
800896
793406
804662
835849
848010
842414
826491
815888
816154
820969
826882
822967
816180
802507
795656
794809
796167
786542
778362
768957
757746
752311
750539
746853
735299
721671
714197
706020
696123
690037
684305
669616
664763
658897
651450
643477
636030
629335
622916
616397
609850
603403
596473
587923
578143
569793
563963
558247
549719
536122
518001
505319
503483
505148
509430
509549
503876
488880
468720
788160
1.1327e+06
1.25263e+06
1.28111e+06
1.27839e+06
1.27258e+06
1.27548e+06
1.33044e+06
1.41661e+06
1.50905e+06
1.58705e+06
1.64667e+06
1.69982e+06
1.72236e+06
1.75262e+06
1.78527e+06
1.81993e+06
1.84796e+06
1.87918e+06
1.91592e+06
1.95561e+06
1.99703e+06
2.0391e+06
2.08085e+06
2.12149e+06
2.16029e+06
2.19632e+06
2.22936e+06
2.26165e+06
2.29548e+06
2.32499e+06
2.33869e+06
2.34474e+06
2.36405e+06
2.40768e+06
2.44208e+06
2.44587e+06
2.43676e+06
2.40866e+06
2.40181e+06
2.43295e+06
2.48376e+06
2.48814e+06
2.48198e+06
2.48491e+06
2.50121e+06
2.50725e+06
2.48271e+06
2.23141e+06
2.09906e+06
2.34719e+06
2.46368e+06
2.24398e+06
2.40788e+06
2.17811e+06
1.00561e+06
1.24651e+06
2.44914e+06
2.17309e+06
2.12916e+06
2.54109e+06
1.38999e+06
746959
1.11012e+06
2.46805e+06
2.25904e+06
2.30325e+06
2.51274e+06
1.50811e+06
893494
492891
840617
2.44689e+06
2.48209e+06
2.46059e+06
1.53352e+06
1.00677e+06
759648
677054
1.3767e+06
2.20287e+06
2.10917e+06
1.49053e+06
1.01282e+06
1.0249e+06
1.18313e+06
1.58479e+06
1.62201e+06
1.42458e+06
1.05101e+06
999392
1.07614e+06
1.24282e+06
1.26498e+06
1.20235e+06
1.08653e+06
1.07426e+06
1.10087e+06
1.17108e+06
1.20588e+06
1.19584e+06
1.15733e+06
1.13014e+06
1.13682e+06
1.1763e+06
1.22623e+06
1.22757e+06
1.20757e+06
1.1713e+06
1.16661e+06
1.17921e+06
1.21771e+06
1.24517e+06
1.24424e+06
1.23559e+06
1.22268e+06
1.22096e+06
1.22402e+06
1.2359e+06
1.2548e+06
1.26517e+06
1.26425e+06
1.25991e+06
1.26461e+06
1.27443e+06
1.28665e+06
1.29985e+06
1.31238e+06
1.3235e+06
1.33391e+06
1.34444e+06
1.3551e+06
1.36548e+06
1.37635e+06
1.39e+06
1.40681e+06
1.42216e+06
1.43198e+06
1.44053e+06
1.45323e+06
1.47542e+06
1.50784e+06
1.53692e+06
1.53947e+06
1.53605e+06
1.52604e+06
1.52273e+06
1.52914e+06
1.55338e+06
1.59521e+06
8527.5
11518.4
12581.7
12879
12948.6
12964.4
12969.1
12966.6
12959.6
12954
12949.6
12947.1
12945.1
12946.6
12946.8
12946.3
12945.4
12945.6
12945.3
12944.2
12942.8
12941
12939
12936.9
12934.7
12932.4
12930.3
12928.3
12926.1
12923
12920.5
12921.4
12923.7
12921.6
12911.7
12904.5
12907.3
12915.3
12927.5
12930.8
12919.7
12899.5
12900
12906
12905.8
12896.9
12898.3
12931.6
12996.3
13004.7
12935.7
12824.1
12792.2
12853.9
13029
13147.8
13081.8
12880
12768.9
12785.8
12928
13122.6
13171.2
13074.6
12861.2
12772.5
12802.8
12944.3
13093.3
13147.9
13181.9
13077.8
12856.2
12827
12933
13067.5
13109.6
13133.8
13128.2
13015.5
12938.2
12971.7
13053.6
13088.1
13082.1
13086.9
13013
13012.7
13038.3
13069.7
13067.2
13053.9
13036.7
13034.8
13041.1
13048.8
13046.4
13040.7
13031.8
13028.4
13028.4
13031.1
13031.1
13028.2
13021.9
13016
13014.9
13015.9
13017.3
13015.6
13012.1
13006.3
13002.8
13001.6
13001.1
13000.5
12998.8
12996.8
12993.8
12990.4
12988.2
12986.9
12985.7
12983.8
12981.5
12978.9
12976.2
12973.6
12971.3
12969.1
12966.9
12964.6
12962.5
12960.3
12957.8
12955.1
12952.8
12951
12949.3
12947.2
12944.3
12940
12936.9
12936.2
12935.9
12936.3
12935.7
12934.4
12931.3
12926.5
8753.1
11734.1
12728.1
12994.4
13054
13067.1
13069.9
13067.8
13062.7
13057
13052.4
13049.9
13049.5
13051
13053.3
13056.2
13059.1
13061.4
13062.9
13063.7
13064.2
13064.4
13064.7
13065
13065.5
13066.1
13066.7
13067.6
13068.8
13070.1
13071
13071.5
13072.3
13074.4
13076.9
13078.8
13079.7
13079.2
13079.7
13082.4
13086.4
13088.1
13088.9
13089.5
13091.7
13094.5
13094.5
13088.9
13089.7
13098.6
13108.1
13111.5
13106.7
13088.4
13093
13129.5
13139.9
13122.7
13114.3
13097
13067.6
13111.4
13150.7
13149.6
13121.1
13104.4
13086.2
13072.8
13113.2
13157
13181.9
13164.9
13116
13093.6
13082
13112
13146.3
13171.6
13172.9
13141.7
13112.9
13103
13122.3
13142
13146.5
13138.3
13122.7
13118.5
13126.4
13139.7
13141.4
13134.5
13125
13122
13124.2
13127.4
13126
13122
13117.1
13114.3
13113.8
13114.7
13114.5
13112.5
13108.5
13105
13103.6
13103.8
13104.2
13102.9
13100.3
13096.8
13094.2
13093
13092.4
13091.7
13090.4
13088.6
13086.4
13084.1
13082.4
13081.3
13080.5
13079.1
13077.3
13075.6
13073.9
13072.3
13070.8
13069.4
13068
13066.6
13065.3
13064
13062.4
13060.8
13059.4
13058.7
13058
13056.8
13054.9
13052.2
13050.3
13050.1
13050.7
13051.6
13051.8
13051
13048.7
13045.4
8829.69
11832.5
12771.1
13007.2
13056.1
13065.6
13067.6
13067.6
13067
13066.3
13065.7
13065.3
13065.2
13065.8
13067.2
13069
13071.1
13073.1
13075
13076.6
13078
13079.2
13080.3
13081.4
13082.5
13083.6
13084.8
13086.2
13087.6
13089.1
13090.5
13091.8
13093.1
13094.8
13096.8
13098.7
13100.2
13101.1
13102.2
13104
13106.2
13107.7
13108.8
13109.8
13111.4
13113.1
13113.9
13113
13114.1
13117.9
13121.4
13122.5
13121
13117.6
13121.5
13132.2
13135.5
13130.8
13125.5
13119.1
13114.8
13128.1
13139.9
13138.8
13129.1
13120.3
13114.2
13114.7
13131.6
13148.9
13156.4
13146.1
13127.4
13116.4
13114.7
13128.5
13143.9
13154.6
13153.2
13138.9
13126.4
13122.6
13130
13137.9
13140.1
13136
13129.8
13127.7
13130.6
13134.9
13135.4
13132.1
13127.6
13125.5
13125.5
13125.7
13124.2
13121.7
13118.9
13116.9
13115.8
13115.2
13114.2
13112.4
13109.9
13107.7
13106.2
13105.4
13104.6
13103.2
13101.1
13098.7
13096.7
13095.3
13094.2
13093.1
13091.7
13090
13088.1
13086.2
13084.6
13083.3
13082.2
13080.8
13079.2
13077.6
13076
13074.5
13073.1
13071.7
13070.3
13069
13067.7
13066.3
13064.9
13063.5
13062.3
13061.3
13060.5
13059.3
13057.7
13055.8
13054.5
13054
13054
13054.1
13053.9
13053
13051.3
13049.3
8917.25
11929
12808.5
13016.2
13056.3
13063.4
13064.6
13064.2
13063.2
13062
13060.8
13059.8
13059.2
13059.1
13059.5
13060.3
13061.3
13062.3
13063.3
13064.2
13065.1
13065.8
13066.4
13067
13067.6
13068.3
13069
13069.8
13070.7
13071.7
13072.7
13073.8
13074.9
13076.1
13077.6
13079
13080.4
13081.6
13082.8
13084.3
13086
13087.6
13089
13090.2
13091.3
13092.5
13093.4
13094.1
13095.8
13098.7
13101.3
13102.9
13103.3
13102.9
13105.8
13111
13113.6
13112.3
13109.3
13105.7
13104.8
13111.1
13117.5
13118.1
13114
13109.2
13106.2
13108.6
13118.7
13129.5
13134.2
13129
13119.2
13112.5
13112.5
13121.1
13131.3
13138.4
13137.7
13129.5
13121.9
13119.6
13123.6
13128.5
13130.2
13128.2
13124.9
13124.1
13126.2
13129.1
13129.5
13127.3
13124.3
13122.6
13122.3
13122
13120.7
13118.6
13116.5
13114.8
13113.7
13112.9
13111.8
13110.2
13108.2
13106.3
13104.9
13104
13103.1
13101.7
13099.8
13097.7
13095.9
13094.6
13093.4
13092.2
13090.8
13089.2
13087.5
13085.8
13084.3
13083
13081.8
13080.5
13079
13077.4
13075.9
13074.4
13073
13071.6
13070.3
13068.9
13067.6
13066.2
13064.8
13063.4
13062.2
13061.2
13060.3
13059
13057.4
13055.6
13054.4
13053.9
13053.9
13053.9
13053.6
13052.6
13050.8
13048.8
9019.59
12024.9
12841.7
13022.2
13054.8
13060.2
13061.1
13061
13060.5
13059.8
13059
13058.3
13057.7
13057.4
13057.3
13057.6
13058
13058.5
13059
13059.5
13060.1
13060.5
13061
13061.5
13061.9
13062.5
13063
13063.6
13064.4
13065.2
13066
13066.9
13067.8
13068.9
13070
13071.2
13072.4
13073.5
13074.7
13076
13077.4
13078.8
13080
13081.1
13082.3
13083.4
13084.5
13085.6
13087.2
13089.3
13091.4
13092.9
13093.8
13094.6
13096.6
13099.5
13101.1
13100.9
13099.7
13098.5
13098.7
13101.9
13105.2
13105.9
13104.5
13102.6
13102.1
13104.6
13110.7
13116.8
13119.4
13117
13112.4
13109.4
13110.3
13115.8
13122
13126
13125.7
13121.5
13117.5
13116.3
13118.6
13121.4
13122.6
13121.8
13120.4
13120.3
13121.7
13123.3
13123.5
13122.2
13120.3
13119.1
13118.6
13118
13116.8
13115.2
13113.6
13112.2
13111.1
13110.1
13109
13107.6
13105.9
13104.4
13103.1
13102.1
13101
13099.6
13098
13096.2
13094.6
13093.3
13092.1
13090.9
13089.5
13088
13086.4
13084.8
13083.4
13082.1
13080.9
13079.6
13078.2
13076.7
13075.2
13073.8
13072.4
13071.1
13069.7
13068.4
13067.1
13065.7
13064.3
13063
13061.8
13060.7
13059.6
13058.3
13056.8
13055.2
13054.1
13053.6
13053.4
13053.3
13052.8
13051.7
13050.1
13048.3
9140.94
12120.8
12872.3
13027.3
13053.2
13057.2
13057.8
13057.6
13057.2
13056.5
13055.8
13055
13054.4
13053.9
13053.5
13053.4
13053.4
13053.5
13053.6
13053.9
13054.1
13054.4
13054.6
13054.9
13055.3
13055.6
13056.1
13056.6
13057.1
13057.8
13058.5
13059.2
13060
13060.9
13061.9
13063
13064
13065.1
13066.2
13067.4
13068.7
13069.9
13071.1
13072.2
13073.4
13074.5
13075.7
13077
13078.5
13080.3
13081.9
13083.4
13084.6
13085.9
13087.5
13089.3
13090.6
13091
13090.9
13090.8
13091.5
13093.4
13095.4
13096.3
13096.2
13096
13096.7
13099
13102.8
13106.5
13108.3
13107.5
13105.8
13104.9
13106.2
13109.8
13113.6
13116.2
13116.2
13114.3
13112.3
13112
13113.4
13115.1
13116.1
13116
13115.6
13115.9
13116.9
13117.9
13118
13117.3
13116.1
13115.3
13114.7
13114.1
13113
13111.7
13110.4
13109.2
13108.2
13107.2
13106.1
13104.9
13103.5
13102.2
13101
13099.9
13098.8
13097.5
13096
13094.5
13093.1
13091.8
13090.6
13089.3
13088
13086.6
13085.1
13083.7
13082.3
13081.1
13079.8
13078.6
13077.2
13075.8
13074.4
13073.1
13071.7
13070.4
13069.1
13067.7
13066.4
13065.1
13063.7
13062.4
13061.2
13060.1
13058.9
13057.6
13056.2
13054.8
13053.8
13053.2
13052.9
13052.6
13052
13050.8
13049.4
13047.9
9283.96
12215.7
12900.2
13031.5
13051.7
13054.4
13054.7
13054.5
13054
13053.4
13052.7
13051.9
13051.2
13050.6
13050.1
13049.8
13049.5
13049.3
13049.3
13049.3
13049.3
13049.4
13049.5
13049.7
13049.9
13050.2
13050.5
13050.9
13051.4
13051.9
13052.5
13053.1
13053.9
13054.6
13055.5
13056.4
13057.4
13058.4
13059.4
13060.5
13061.6
13062.8
13063.9
13065
13066.1
13067.3
13068.5
13069.8
13071.2
13072.7
13074.2
13075.6
13076.9
13078.2
13079.6
13081
13082.1
13082.8
13083.3
13083.8
13084.7
13086.1
13087.6
13088.6
13089.2
13089.8
13091
13093
13095.7
13098.2
13099.7
13099.8
13099.6
13099.8
13101.2
13103.7
13106.3
13108.1
13108.5
13107.8
13107.1
13107.2
13108.2
13109.5
13110.3
13110.7
13110.8
13111.3
13112.1
13112.8
13113
13112.5
13111.9
13111.3
13110.8
13110.1
13109.2
13108.2
13107.1
13106.2
13105.2
13104.3
13103.3
13102.2
13101
13099.8
13098.7
13097.7
13096.6
13095.4
13094
13092.7
13091.4
13090.1
13088.9
13087.7
13086.5
13085.1
13083.8
13082.4
13081.1
13079.9
13078.7
13077.5
13076.2
13074.8
13073.5
13072.2
13070.9
13069.6
13068.3
13067
13065.7
13064.4
13063
13061.8
13060.6
13059.4
13058.2
13057
13055.6
13054.4
13053.4
13052.8
13052.3
13051.9
13051.2
13050
13048.7
13047.4
9450.76
12308.8
12925.4
13034.8
13050.2
13051.9
13051.9
13051.5
13050.9
13050.2
13049.5
13048.7
13048
13047.3
13046.7
13046.1
13045.7
13045.4
13045.2
13045
13044.9
13044.9
13044.9
13045
13045.2
13045.4
13045.6
13045.9
13046.3
13046.8
13047.3
13047.9
13048.6
13049.3
13050
13050.8
13051.7
13052.7
13053.6
13054.6
13055.7
13056.7
13057.8
13058.9
13060
13061.1
13062.3
13063.6
13064.9
13066.3
13067.6
13069
13070.2
13071.5
13072.8
13074
13075.1
13076
13076.7
13077.5
13078.5
13079.8
13081
13082.1
13083.1
13084.1
13085.4
13087.2
13089.3
13091.2
13092.6
13093.3
13093.8
13094.6
13096
13097.9
13099.9
13101.3
13101.9
13101.9
13101.9
13102.3
13103.2
13104.3
13105.1
13105.7
13106.1
13106.7
13107.4
13108
13108.2
13108
13107.7
13107.3
13106.8
13106.3
13105.5
13104.7
13103.8
13103
13102.2
13101.3
13100.4
13099.4
13098.4
13097.4
13096.4
13095.4
13094.3
13093.2
13092
13090.8
13089.6
13088.4
13087.2
13086.1
13084.9
13083.6
13082.3
13081.1
13079.8
13078.7
13077.5
13076.3
13075
13073.8
13072.5
13071.2
13069.9
13068.7
13067.4
13066.1
13064.9
13063.6
13062.3
13061.1
13059.9
13058.7
13057.5
13056.3
13055.1
13053.9
13052.9
13052.3
13051.7
13051.2
13050.4
13049.3
13048.1
13047
9642.33
12399.1
12947.9
13037.4
13048.7
13049.7
13049.3
13048.7
13048
13047.2
13046.4
13045.5
13044.7
13044
13043.3
13042.7
13042.2
13041.8
13041.5
13041.2
13041
13040.9
13040.9
13040.9
13041
13041.2
13041.4
13041.7
13042
13042.4
13042.9
13043.4
13044
13044.7
13045.4
13046.1
13047
13047.8
13048.7
13049.7
13050.7
13051.7
13052.7
13053.7
13054.8
13055.9
13057.1
13058.3
13059.5
13060.8
13062
13063.3
13064.5
13065.7
13066.9
13068.1
13069.2
13070.2
13071.1
13072
13073.1
13074.2
13075.4
13076.6
13077.7
13078.9
13080.3
13081.9
13083.6
13085.3
13086.6
13087.6
13088.5
13089.5
13090.9
13092.5
13094.1
13095.3
13096.1
13096.5
13097
13097.6
13098.5
13099.4
13100.3
13101
13101.6
13102.3
13102.9
13103.4
13103.7
13103.7
13103.6
13103.3
13103
13102.5
13101.9
13101.3
13100.6
13099.9
13099.1
13098.4
13097.6
13096.7
13095.8
13094.9
13094
13093
13092.1
13091
13089.9
13088.8
13087.7
13086.6
13085.5
13084.4
13083.2
13082.1
13080.9
13079.7
13078.5
13077.3
13076.2
13075
13073.8
13072.6
13071.4
13070.2
13069
13067.7
13066.5
13065.3
13064
13062.8
13061.5
13060.3
13059.1
13058
13056.8
13055.6
13054.4
13053.4
13052.4
13051.7
13051.1
13050.5
13049.7
13048.6
13047.6
13046.6
9858.32
12485.9
12967.7
13039.4
13047.3
13047.5
13046.9
13046.1
13045.2
13044.3
13043.4
13042.5
13041.6
13040.8
13040.1
13039.4
13038.9
13038.4
13038
13037.7
13037.5
13037.4
13037.3
13037.3
13037.4
13037.5
13037.7
13037.9
13038.3
13038.6
13039.1
13039.6
13040.2
13040.8
13041.5
13042.2
13042.9
13043.7
13044.6
13045.5
13046.4
13047.4
13048.4
13049.4
13050.4
13051.5
13052.6
13053.7
13054.9
13056.1
13057.3
13058.5
13059.6
13060.8
13061.9
13063.1
13064.1
13065.2
13066.2
13067.2
13068.2
13069.4
13070.6
13071.8
13073
13074.2
13075.6
13077.1
13078.6
13080.1
13081.4
13082.5
13083.6
13084.8
13086.1
13087.5
13088.9
13090.1
13091
13091.7
13092.3
13093.1
13094
13094.9
13095.8
13096.6
13097.3
13098
13098.6
13099.2
13099.5
13099.6
13099.6
13099.5
13099.3
13098.9
13098.4
13097.9
13097.4
13096.8
13096.1
13095.5
13094.8
13094
13093.2
13092.4
13091.6
13090.7
13089.8
13088.8
13087.8
13086.8
13085.8
13084.8
13083.7
13082.7
13081.6
13080.5
13079.3
13078.2
13077.1
13076
13074.9
13073.8
13072.6
13071.5
13070.3
13069.1
13067.9
13066.7
13065.5
13064.3
13063.1
13061.9
13060.7
13059.5
13058.4
13057.2
13056.1
13055
13053.8
13052.8
13051.9
13051.2
13050.5
13049.8
13049
13048
13047
13046.1
10097.1
12568.5
12984.8
13040.8
13045.9
13045.5
13044.6
13043.5
13042.5
13041.4
13040.4
13039.5
13038.6
13037.8
13037
13036.3
13035.8
13035.3
13034.9
13034.6
13034.4
13034.2
13034.1
13034.1
13034.2
13034.3
13034.5
13034.7
13035
13035.4
13035.8
13036.3
13036.8
13037.4
13038.1
13038.8
13039.5
13040.3
13041.1
13041.9
13042.8
13043.7
13044.7
13045.6
13046.6
13047.7
13048.7
13049.8
13050.9
13052
13053.2
13054.3
13055.4
13056.6
13057.7
13058.8
13059.8
13060.9
13061.9
13062.9
13064
13065.1
13066.3
13067.5
13068.7
13070
13071.3
13072.7
13074.1
13075.5
13076.8
13078
13079.2
13080.4
13081.7
13083
13084.3
13085.4
13086.4
13087.2
13088
13088.8
13089.8
13090.7
13091.6
13092.4
13093.2
13093.9
13094.6
13095.1
13095.5
13095.7
13095.8
13095.8
13095.7
13095.5
13095.1
13094.7
13094.2
13093.7
13093.2
13092.6
13092
13091.4
13090.7
13089.9
13089.2
13088.4
13087.6
13086.7
13085.8
13084.8
13083.9
13082.9
13081.9
13080.9
13079.9
13078.9
13077.8
13076.7
13075.7
13074.6
13073.6
13072.5
13071.4
13070.3
13069.1
13068
13066.9
13065.7
13064.6
13063.4
13062.2
13061.1
13059.9
13058.8
13057.6
13056.5
13055.4
13054.3
13053.2
13052.2
13051.3
13050.6
13049.9
13049.1
13048.3
13047.4
13046.5
13045.7
10355.8
12646.3
12999.2
13041.5
13044.5
13043.6
13042.3
13041.1
13039.9
13038.7
13037.6
13036.6
13035.7
13034.8
13034.1
13033.4
13032.9
13032.4
13032
13031.7
13031.5
13031.4
13031.3
13031.3
13031.3
13031.5
13031.7
13031.9
13032.2
13032.6
13033
13033.5
13034
13034.6
13035.2
13035.9
13036.6
13037.3
13038.1
13038.9
13039.8
13040.6
13041.5
13042.5
13043.4
13044.4
13045.4
13046.5
13047.5
13048.6
13049.7
13050.8
13051.8
13052.9
13054
13055
13056.1
13057.1
13058.2
13059.2
13060.3
13061.4
13062.6
13063.7
13064.9
13066.2
13067.5
13068.8
13070.1
13071.5
13072.7
13073.9
13075.1
13076.3
13077.6
13078.8
13080
13081.2
13082.2
13083.1
13084
13084.9
13085.8
13086.8
13087.7
13088.5
13089.3
13090.1
13090.7
13091.3
13091.8
13092.1
13092.2
13092.3
13092.3
13092.1
13091.9
13091.6
13091.2
13090.8
13090.4
13089.9
13089.4
13088.8
13088.2
13087.5
13086.8
13086.1
13085.4
13084.6
13083.7
13082.9
13082
13081.1
13080.2
13079.2
13078.3
13077.3
13076.3
13075.3
13074.3
13073.2
13072.2
13071.2
13070.1
13069.1
13068
13066.9
13065.8
13064.7
13063.6
13062.5
13061.3
13060.2
13059.1
13058
13056.9
13055.8
13054.7
13053.6
13052.6
13051.6
13050.8
13050
13049.3
13048.5
13047.7
13046.8
13046
13045.3
10631.1
12718.9
13011
13041.8
13043
13041.6
13040.1
13038.7
13037.3
13036.1
13034.9
13033.9
13032.9
13032.1
13031.4
13030.7
13030.2
13029.8
13029.4
13029.1
13028.9
13028.8
13028.8
13028.8
13028.9
13029
13029.2
13029.5
13029.8
13030.2
13030.6
13031.1
13031.6
13032.1
13032.7
13033.4
13034.1
13034.8
13035.5
13036.3
13037.1
13038
13038.9
13039.8
13040.7
13041.6
13042.6
13043.6
13044.6
13045.6
13046.7
13047.7
13048.7
13049.8
13050.8
13051.8
13052.9
13053.9
13054.9
13056
13057
13058.1
13059.2
13060.4
13061.6
13062.8
13064
13065.3
13066.6
13067.8
13069.1
13070.3
13071.4
13072.6
13073.8
13075.1
13076.2
13077.3
13078.3
13079.3
13080.3
13081.2
13082.2
13083.1
13084
13084.9
13085.7
13086.5
13087.2
13087.7
13088.2
13088.6
13088.8
13089
13089
13089
13088.8
13088.6
13088.3
13088
13087.6
13087.2
13086.8
13086.3
13085.7
13085.2
13084.5
13083.9
13083.2
13082.5
13081.7
13080.9
13080.1
13079.3
13078.4
13077.5
13076.6
13075.7
13074.8
13073.8
13072.8
13071.9
13070.9
13069.9
13068.9
13067.9
13066.8
13065.8
13064.7
13063.7
13062.6
13061.5
13060.4
13059.3
13058.2
13057.2
13056.1
13055
13054
13053
13052
13051
13050.2
13049.4
13048.7
13047.9
13047.1
13046.3
13045.5
13044.9
10919.3
12785.5
13020.5
13041.6
13041.4
13039.6
13037.9
13036.3
13034.8
13033.5
13032.3
13031.3
13030.3
13029.5
13028.9
13028.3
13027.8
13027.4
13027.1
13026.8
13026.7
13026.6
13026.6
13026.6
13026.7
13026.9
13027.1
13027.4
13027.7
13028.1
13028.5
13029
13029.5
13030
13030.6
13031.3
13031.9
13032.6
13033.4
13034.1
13034.9
13035.7
13036.6
13037.5
13038.4
13039.3
13040.2
13041.1
13042.1
13043.1
13044.1
13045.1
13046.1
13047.1
13048.1
13049.1
13050.1
13051.1
13052.1
13053.1
13054.1
13055.2
13056.3
13057.4
13058.6
13059.7
13060.9
13062.1
13063.3
13064.6
13065.8
13066.9
13068.1
13069.3
13070.4
13071.6
13072.7
13073.8
13074.9
13075.9
13076.8
13077.8
13078.7
13079.7
13080.6
13081.5
13082.3
13083.1
13083.8
13084.4
13084.9
13085.3
13085.6
13085.8
13086
13086
13085.9
13085.7
13085.5
13085.3
13085
13084.6
13084.3
13083.8
13083.4
13082.9
13082.3
13081.7
13081.1
13080.4
13079.7
13079
13078.3
13077.5
13076.7
13075.9
13075
13074.1
13073.3
13072.4
13071.4
13070.5
13069.6
13068.6
13067.7
13066.7
13065.7
13064.7
13063.7
13062.7
13061.6
13060.6
13059.5
13058.5
13057.4
13056.4
13055.3
13054.3
13053.3
13052.3
13051.3
13050.4
13049.6
13048.8
13048.1
13047.3
13046.6
13045.8
13045.1
13044.5
11216.5
12845.7
13027.6
13040.9
13039.6
13037.5
13035.6
13033.8
13032.3
13031
13029.8
13028.8
13027.9
13027.2
13026.5
13026
13025.6
13025.2
13024.9
13024.8
13024.6
13024.6
13024.6
13024.7
13024.8
13025
13025.3
13025.5
13025.9
13026.3
13026.7
13027.2
13027.7
13028.2
13028.8
13029.5
13030.1
13030.8
13031.5
13032.3
13033
13033.8
13034.6
13035.5
13036.3
13037.2
13038.1
13039
13040
13040.9
13041.8
13042.8
13043.8
13044.7
13045.7
13046.7
13047.6
13048.6
13049.6
13050.6
13051.6
13052.6
13053.7
13054.8
13055.9
13057
13058.1
13059.3
13060.5
13061.6
13062.8
13063.9
13065.1
13066.2
13067.4
13068.5
13069.6
13070.6
13071.7
13072.7
13073.7
13074.6
13075.6
13076.5
13077.4
13078.3
13079.1
13079.9
13080.6
13081.3
13081.8
13082.3
13082.6
13082.9
13083
13083.1
13083.1
13083
13082.9
13082.7
13082.5
13082.2
13081.9
13081.5
13081.1
13080.6
13080.2
13079.6
13079.1
13078.5
13077.8
13077.2
13076.5
13075.7
13075
13074.2
13073.4
13072.6
13071.8
13070.9
13070.1
13069.2
13068.3
13067.4
13066.5
13065.5
13064.6
13063.6
13062.6
13061.7
13060.7
13059.6
13058.6
13057.6
13056.6
13055.6
13054.6
13053.6
13052.6
13051.6
13050.7
13049.8
13049
13048.3
13047.5
13046.8
13046
13045.3
13044.6
13044.1
11519.5
12898.9
13032.5
13039.6
13037.6
13035.3
13033.2
13031.4
13029.9
13028.6
13027.5
13026.5
13025.7
13025
13024.4
13024
13023.6
13023.3
13023.1
13022.9
13022.9
13022.9
13022.9
13023
13023.2
13023.4
13023.7
13024
13024.3
13024.7
13025.2
13025.6
13026.2
13026.7
13027.3
13027.9
13028.6
13029.2
13029.9
13030.7
13031.4
13032.2
13033
13033.8
13034.6
13035.5
13036.3
13037.2
13038.1
13039
13039.9
13040.8
13041.8
13042.7
13043.6
13044.6
13045.5
13046.4
13047.4
13048.4
13049.3
13050.3
13051.4
13052.4
13053.5
13054.6
13055.7
13056.8
13057.9
13059
13060.1
13061.2
13062.3
13063.4
13064.5
13065.6
13066.7
13067.7
13068.8
13069.8
13070.7
13071.7
13072.6
13073.6
13074.5
13075.4
13076.2
13077
13077.7
13078.3
13078.9
13079.4
13079.8
13080.1
13080.3
13080.4
13080.5
13080.4
13080.3
13080.2
13080
13079.8
13079.6
13079.3
13078.9
13078.5
13078.1
13077.6
13077.1
13076.6
13076
13075.4
13074.7
13074.1
13073.4
13072.6
13071.9
13071.1
13070.3
13069.5
13068.7
13067.9
13067
13066.2
13065.3
13064.4
13063.5
13062.6
13061.6
13060.7
13059.7
13058.7
13057.7
13056.8
13055.8
13054.8
13053.8
13052.9
13051.9
13051
13050.1
13049.3
13048.5
13047.7
13047
13046.3
13045.5
13044.8
13044.2
13043.7
11825
12944.2
13035.3
13037.9
13035.3
13032.9
13030.8
13029.1
13027.6
13026.3
13025.3
13024.4
13023.7
13023.1
13022.6
13022.2
13021.8
13021.6
13021.4
13021.4
13021.3
13021.4
13021.4
13021.6
13021.8
13022
13022.3
13022.6
13023
13023.4
13023.9
13024.3
13024.9
13025.4
13026
13026.6
13027.2
13027.9
13028.6
13029.3
13030
13030.8
13031.6
13032.3
13033.2
13034
13034.8
13035.7
13036.5
13037.4
13038.3
13039.1
13040
13040.9
13041.8
13042.7
13043.6
13044.5
13045.5
13046.4
13047.4
13048.3
13049.3
13050.3
13051.3
13052.4
13053.4
13054.5
13055.6
13056.6
13057.7
13058.8
13059.8
13060.9
13062
13063
13064.1
13065.1
13066.1
13067.1
13068
13069
13069.9
13070.9
13071.7
13072.6
13073.4
13074.2
13074.9
13075.6
13076.2
13076.7
13077.1
13077.4
13077.7
13077.9
13078
13078
13077.9
13077.9
13077.7
13077.6
13077.4
13077.1
13076.8
13076.5
13076.1
13075.7
13075.2
13074.7
13074.2
13073.6
13073
13072.4
13071.8
13071.1
13070.4
13069.7
13068.9
13068.2
13067.4
13066.6
13065.8
13065
13064.1
13063.3
13062.4
13061.5
13060.6
13059.7
13058.8
13057.8
13056.9
13055.9
13055
13054.1
13053.1
13052.2
13051.3
13050.4
13049.5
13048.7
13047.9
13047.2
13046.4
13045.7
13045.1
13044.4
13043.8
13043.3
12130.4
12981.1
13036.2
13035.6
13032.8
13030.4
13028.4
13026.8
13025.4
13024.3
13023.4
13022.6
13021.9
13021.4
13020.9
13020.6
13020.3
13020.2
13020
13020
13020
13020.1
13020.2
13020.4
13020.6
13020.8
13021.1
13021.5
13021.9
13022.3
13022.7
13023.2
13023.8
13024.3
13024.9
13025.5
13026.1
13026.8
13027.5
13028.1
13028.9
13029.6
13030.3
13031.1
13031.9
13032.7
13033.5
13034.3
13035.1
13036
13036.8
13037.7
13038.5
13039.4
13040.3
13041.1
13042
13042.9
13043.8
13044.7
13045.6
13046.5
13047.5
13048.4
13049.4
13050.4
13051.4
13052.4
13053.5
13054.5
13055.5
13056.6
13057.6
13058.6
13059.6
13060.7
13061.7
13062.7
13063.6
13064.6
13065.6
13066.5
13067.4
13068.3
13069.2
13070.1
13070.9
13071.6
13072.4
13073
13073.6
13074.1
13074.6
13075
13075.3
13075.5
13075.6
13075.7
13075.7
13075.6
13075.5
13075.4
13075.3
13075
13074.8
13074.5
13074.2
13073.8
13073.4
13073
13072.5
13072
13071.4
13070.8
13070.2
13069.6
13069
13068.3
13067.6
13066.9
13066.1
13065.4
13064.6
13063.8
13063
13062.2
13061.3
13060.5
13059.6
13058.8
13057.9
13057
13056.1
13055.1
13054.2
13053.3
13052.4
13051.5
13050.6
13049.8
13048.9
13048.1
13047.4
13046.6
13045.9
13045.3
13044.6
13044
13043.4
13042.9
12433.1
13008.4
13035.1
13032.9
13030.2
13028
13026.2
13024.7
13023.5
13022.5
13021.7
13021
13020.4
13019.9
13019.5
13019.3
13019
13018.9
13018.8
13018.8
13018.9
13019
13019.1
13019.3
13019.6
13019.8
13020.2
13020.5
13020.9
13021.3
13021.8
13022.3
13022.8
13023.4
13023.9
13024.5
13025.2
13025.8
13026.5
13027.2
13027.9
13028.6
13029.3
13030
13030.8
13031.6
13032.4
13033.1
13033.9
13034.8
13035.6
13036.4
13037.2
13038
13038.9
13039.7
13040.6
13041.4
13042.3
13043.1
13044
13044.9
13045.8
13046.8
13047.7
13048.7
13049.6
13050.6
13051.6
13052.6
13053.5
13054.5
13055.5
13056.5
13057.5
13058.5
13059.5
13060.4
13061.4
13062.3
13063.3
13064.2
13065.1
13066
13066.8
13067.7
13068.5
13069.3
13070
13070.6
13071.2
13071.8
13072.2
13072.6
13073
13073.2
13073.4
13073.5
13073.5
13073.5
13073.5
13073.4
13073.3
13073.1
13072.9
13072.6
13072.4
13072
13071.7
13071.3
13070.8
13070.3
13069.8
13069.3
13068.8
13068.2
13067.6
13066.9
13066.3
13065.6
13064.9
13064.2
13063.4
13062.7
13061.9
13061.1
13060.3
13059.5
13058.7
13057.8
13057
13056.1
13055.2
13054.4
13053.5
13052.6
13051.7
13050.9
13050
13049.2
13048.4
13047.6
13046.8
13046.1
13045.4
13044.8
13044.1
13043.5
13043
13042.5
12730.5
13025.1
13032.7
13030
13027.7
13025.8
13024.3
13023
13021.9
13021
13020.3
13019.6
13019.1
13018.7
13018.4
13018.1
13018
13017.9
13017.8
13017.9
13017.9
13018.1
13018.2
13018.4
13018.7
13019
13019.3
13019.7
13020.1
13020.6
13021
13021.5
13022
13022.6
13023.2
13023.7
13024.4
13025
13025.6
13026.3
13027
13027.7
13028.4
13029.1
13029.9
13030.6
13031.4
13032.1
13032.9
13033.7
13034.5
13035.3
13036.1
13036.9
13037.7
13038.5
13039.3
13040.1
13041
13041.8
13042.6
13043.5
13044.4
13045.3
13046.2
13047.1
13048
13048.9
13049.9
13050.8
13051.8
13052.7
13053.7
13054.6
13055.6
13056.5
13057.5
13058.4
13059.3
13060.2
13061.2
13062.1
13062.9
13063.8
13064.7
13065.5
13066.3
13067
13067.8
13068.4
13069
13069.6
13070
13070.5
13070.8
13071.1
13071.3
13071.4
13071.5
13071.5
13071.5
13071.4
13071.4
13071.2
13071.1
13070.9
13070.6
13070.3
13070
13069.6
13069.2
13068.8
13068.3
13067.9
13067.3
13066.8
13066.2
13065.6
13065
13064.4
13063.7
13063
13062.3
13061.6
13060.9
13060.1
13059.3
13058.6
13057.8
13057
13056.1
13055.3
13054.5
13053.6
13052.8
13051.9
13051.1
13050.2
13049.4
13048.6
13047.8
13047.1
13046.3
13045.6
13045
13044.3
13043.7
13043.1
13042.6
13042.2
475079
475984
476842
477653
478439
479252
480126
481065
482055
483076
484104
485115
486088
486970
487788
488567
489370
490187
491022
491867
492717
493604
494509
495427
496361
497314
498286
499281
500298
501342
502414
503513
504640
505796
506980
508261
509514
510799
512110
513394
514712
516101
517513
518918
520340
521766
523154
524543
525885
527075
528145
529074
529846
530541
531149
531656
532076
532420
532697
532925
533115
533270
533398
533500
533582
533658
533721
533779
533835
533864
533889
533913
533936
533959
533976
533985
533990
533994
533997
534017
534022
534017
534023
534022
534022
534030
534035
534037
534037
534035
534035
534043
534052
534052
534053
534039
534026
534026
534028
534029
473488
474442
475335
476176
476982
477820
478734
479710
480739
481813
482898
483991
485038
485995
486874
487681
488496
489352
490260
491183
492088
493019
493962
494918
495894
496899
497935
499001
500094
501228
502399
503603
504840
506109
507403
508793
510152
511513
512924
514417
515912
517295
518640
520063
521482
522880
524283
525624
526809
527907
528891
529751
530453
531016
531553
531998
532364
532663
532902
533098
533261
533393
533501
533585
533652
533716
533768
533818
533871
533901
533930
533947
533960
533969
533985
533994
533997
533997
533996
534013
534026
534019
534015
534008
534009
534025
534033
534035
534035
534033
534033
534033
534036
534037
534040
534035
534030
534027
534030
534029
472830
473548
474586
475501
476354
477235
478206
479388
480385
481444
482596
483805
485010
486038
487034
487920
488736
489652
490717
491817
492849
493866
494874
495900
496964
498072
499227
500426
501598
502886
504257
505653
507064
508498
509983
511498
512965
514430
515927
517436
519005
520399
521766
522952
524179
525409
526594
527709
528759
529646
530428
531046
531522
531966
532354
532669
532926
533132
533293
533424
533534
533619
533689
533741
533782
533825
533859
533891
533933
533963
533975
533983
533997
533999
534002
534008
534008
534005
534001
534018
534029
534003
533899
533862
533892
533988
534031
534035
534033
534028
534027
534026
534028
534027
534028
534025
534026
534026
534030
534030
473175
474005
474171
475123
476145
477115
478171
479307
481163
482785
484091
485088
485540
486563
487842
489095
489895
490857
492160
493549
494784
495898
497017
498174
499354
500599
501928
503336
505019
506482
507791
509224
510855
512436
514017
515571
517079
518554
519994
521510
522822
524038
525089
526079
527072
528023
528925
529759
530568
531167
531639
532038
532411
532722
532981
533185
533351
533482
533578
533657
533724
533757
533788
533819
533849
533895
533920
533939
533978
534007
534008
534006
534002
534004
534011
534015
534012
534008
534003
534018
534025
533812
532595
532177
532557
533562
534013
534034
534013
533970
533967
533976
534011
534018
534002
533991
533998
534012
534030
534030
473541
474563
475469
475880
476830
478025
479209
480364
481641
484065
485556
486966
488433
489849
491092
492009
490210
488688
491779
496073
498570
499876
501125
502423
503809
505252
506739
508285
510167
511930
513506
515015
516298
517811
519292
520702
522036
523293
524470
525647
526728
527576
528215
528931
529614
530256
530871
531385
531865
532261
532574
532783
533014
533213
533394
533531
533633
533711
533764
533809
533859
533916
533953
533960
533928
533959
533957
533968
534002
534010
534006
533993
533987
533995
534002
534003
533989
533980
533980
534001
533994
534711
537430
539188
537579
534922
534016
534032
534053
534186
534261
534278
534075
533952
533796
533691
533695
533834
534023
534030
475706
477080
478058
479159
479789
480918
482351
483552
485379
487715
489202
490630
491225
492515
494343
496195
501342
519197
512838
498942
502526
505925
507506
509039
510609
512182
513746
515221
517236
518780
520242
521675
522476
523646
524782
525818
526770
527636
528415
529130
529758
530227
530594
531016
531506
531873
532234
532513
532786
533021
533122
532902
532896
533062
533404
533722
533822
533870
533890
533899
533925
534077
534335
534350
534400
534060
533962
533952
533947
533946
533952
533907
533843
533865
533867
533833
533670
533574
533677
533823
533723
533855
543132
544215
544659
539438
534010
534031
534166
534399
534235
534160
534167
533563
531473
531377
533484
534893
534050
534029
481238
482688
478090
476831
484643
488795
489527
490478
491888
493490
495080
496675
497583
498925
500517
502147
533084
541610
541994
542219
523656
513647
515670
517352
518892
520307
521546
523002
524510
525626
526557
527119
527794
528539
529210
529861
530388
530803
531186
531533
531839
531990
532749
532933
532971
532672
532860
533040
533261
533425
533871
532540
532684
533244
534287
533819
533875
533921
533918
533908
533916
533993
534186
534234
534032
533824
533734
533612
533262
533315
533889
533636
532537
532327
532073
532232
533660
535287
534912
532696
530136
529654
537132
546234
543958
536426
534058
534012
534268
534532
534422
534049
534053
533787
541482
543876
539322
534175
534035
534020
493617
487728
501210
520370
507128
498786
500748
502029
503124
504410
505660
505435
489473
485864
489546
506320
544527
562919
564663
567170
530610
522395
523970
525276
526367
527278
528404
529241
529880
530221
530597
530944
531290
531625
531941
532295
532532
532692
532603
532412
532493
535595
536254
536353
533807
530310
529906
530837
532286
532953
533414
544084
544480
541860
533821
532216
533534
533874
533855
533574
533563
534016
534697
534463
534124
534430
534887
533815
529549
529378
531402
535707
542245
541963
539482
537942
535966
534372
535530
536904
540834
542885
540403
535308
535364
534336
534045
534095
534545
534559
534436
534030
534028
539956
547691
548040
540599
534036
534026
534031
509774
519136
560185
562660
533295
501128
507397
515199
516303
516776
515685
498450
567673
593093
591062
524609
524076
532173
533991
534819
529726
529327
530022
530637
531132
531569
532133
532405
532519
532626
532792
532944
533179
533345
533450
533457
533471
533526
533240
533511
533603
534283
534308
534470
534931
544057
536898
532289
525376
522337
526508
535772
546965
547738
545013
539513
532107
531976
534417
536394
536262
535888
532557
531634
531102
533094
534084
534212
552618
553859
539952
533126
535654
532536
542705
549184
550646
544740
535036
538049
564808
566872
567031
558123
533873
534036
534032
534084
534542
534668
534484
534057
534021
541649
548650
549213
549469
536102
534031
534184
512300
546360
581955
582530
578178
582979
570688
526329
526748
526340
513871
568710
617682
624886
638308
632194
559794
530617
531605
532146
532347
532616
532864
533057
533214
533344
533466
533556
533634
533678
533695
533719
533869
533971
534011
533956
533845
533849
537202
542842
541505
535750
531803
533581
534439
539578
576522
575477
574048
573509
558651
536102
536364
542802
550146
548135
544904
541073
534215
534479
532343
532115
547305
551779
552621
536759
529320
542658
564731
565842
567014
546920
533980
549485
550956
551310
542082
538037
536449
570172
572715
574431
575438
549954
534146
534035
534029
534043
534132
534160
534117
534040
533887
541182
551173
548739
540921
534506
534041
534148
583622
594138
601351
602671
602937
557087
538860
532798
532141
531837
566804
631312
639477
647494
576722
551401
537099
533455
533423
533554
533600
533671
533736
533803
533843
533864
533876
533911
533978
533989
533956
533934
533940
534135
534097
533979
533961
533975
534060
538023
547053
546449
545454
534916
532271
556685
592796
592858
592807
592811
589626
545911
534109
535475
536694
539192
548952
548125
538565
534053
544241
548205
550002
541573
539006
557943
565873
568006
571255
567570
548265
536336
534151
538425
550795
554228
552144
540327
538386
558649
572123
565875
549472
536739
534100
534022
534018
534021
534028
534031
534031
534031
534660
537222
539030
538245
535880
534204
534012
534044
582643
568342
551420
546908
544497
536457
533985
533610
533502
533422
553236
618842
605729
562148
538264
534287
533659
533615
533661
533693
533688
533700
533712
533727
533734
533736
533735
533737
533744
533744
533734
533731
533860
533905
533800
533712
533700
533673
537168
541757
542715
539545
540965
543702
543184
548325
552895
553111
553334
553274
551739
539142
533718
533663
533705
535219
539638
540508
537511
533842
535754
541641
549317
545501
535638
540363
544026
547246
547416
544281
536852
533814
533671
534307
538023
541317
541758
538160
535155
537491
539791
538502
535451
533954
533822
533838
533848
533877
533909
533937
533960
533987
534147
534418
534502
534411
534151
533867
533779
533747
539623
536259
533353
532520
532627
532916
533014
532918
532592
531709
534452
542996
539919
532752
530906
531262
531521
531727
531913
532113
532270
532344
532360
532356
532330
532289
532244
532201
532162
532123
532081
532040
532011
531958
531875
531785
531677
531513
532089
532663
532366
531670
532046
532783
532624
532233
532149
532103
532136
532153
532042
531228
530704
530738
530793
530998
531567
531768
531568
531036
530909
531806
533119
532665
530987
530984
531314
531657
531662
531340
530962
531010
531019
530934
531069
531595
531908
531859
531196
530746
530682
530768
531176
531991
532690
533072
533225
533591
533993
534330
534556
534715
535006
535317
535300
534518
532783
530521
529100
528038
457374
453605
453221
454540
459308
467479
471287
470673
466312
454528
450227
457534
457771
452978
447983
448626
451406
453388
455161
457516
459851
460745
460619
460205
459532
458699
457865
457088
456399
455749
455084
454366
453586
452751
451851
450855
449685
448094
446278
445264
445015
444946
444879
444997
445967
450076
452657
452917
452748
451734
448222
445285
444542
444308
444092
443911
443682
443419
443475
443361
443206
444053
444582
443942
443753
444177
445728
449185
449665
446955
443026
442624
442618
442296
442571
442380
441792
442702
442153
442266
442798
441921
441560
449155
460042
467440
472346
477704
483550
489611
496008
504809
508722
508748
512880
527876
551789
577572
592656
612518
1.63296e+06
1.64903e+06
1.64926e+06
1.64557e+06
1.63195e+06
1.60783e+06
1.59399e+06
1.59458e+06
1.59999e+06
1.62501e+06
1.69125e+06
1.75639e+06
1.75951e+06
1.74267e+06
1.70609e+06
1.67027e+06
1.64988e+06
1.64091e+06
1.63445e+06
1.62651e+06
1.61825e+06
1.61442e+06
1.61433e+06
1.61482e+06
1.61608e+06
1.61783e+06
1.6197e+06
1.62146e+06
1.62305e+06
1.62457e+06
1.62617e+06
1.62802e+06
1.6302e+06
1.63269e+06
1.63554e+06
1.63883e+06
1.64293e+06
1.64929e+06
1.66003e+06
1.67216e+06
1.6772e+06
1.67867e+06
1.68044e+06
1.68325e+06
1.69365e+06
1.71951e+06
1.73625e+06
1.73605e+06
1.73531e+06
1.73239e+06
1.71888e+06
1.69633e+06
1.68682e+06
1.68497e+06
1.68266e+06
1.68279e+06
1.68241e+06
1.67922e+06
1.67144e+06
1.67065e+06
1.67657e+06
1.69389e+06
1.70225e+06
1.69799e+06
1.69495e+06
1.69847e+06
1.70785e+06
1.72641e+06
1.73094e+06
1.72111e+06
1.69525e+06
1.67117e+06
1.66969e+06
1.67675e+06
1.68989e+06
1.69029e+06
1.67943e+06
1.66208e+06
1.66644e+06
1.6898e+06
1.69911e+06
1.69298e+06
1.67199e+06
1.63489e+06
1.60544e+06
1.58827e+06
1.57711e+06
1.56755e+06
1.55738e+06
1.54602e+06
1.53354e+06
1.52067e+06
1.51303e+06
1.51088e+06
1.50597e+06
1.49197e+06
1.47235e+06
1.45362e+06
1.44359e+06
1.42474e+06
12922.4
12920.9
12921
12921.1
12922.8
12925.2
12926.2
12925.9
12925.3
12922.1
12913.5
12907.8
12908.1
12910.2
12914.4
12918.1
12919.6
12920
12920.1
12920.5
12921
12921
12920.7
12920.5
12920.3
12919.9
12919.6
12919.4
12919.2
12919
12918.9
12918.7
12918.6
12918.5
12918.3
12918.1
12917.9
12917.3
12916.2
12915.2
12914.8
12914.6
12914.5
12914.1
12912.8
12909.9
12908.7
12908.7
12908.7
12909
12910.5
12912.5
12913.2
12913.3
12913.4
12913.3
12913.4
12913.8
12914.7
12914.9
12914.5
12912.9
12912.7
12913.4
12913.7
12913.7
12912.8
12911
12910.9
12911.8
12914.2
12916.2
12916
12915.1
12913.9
12913.9
12915.1
12916.4
12915.8
12913.7
12913.1
12913.5
12915.7
12918.9
12921.3
12922.6
12923.4
12924.1
12924.9
12925.8
12926.7
12927.7
12928.1
12928.2
12928.5
12929.4
12931
12932.2
12933.1
12934.4
13042.9
13041.9
13042.2
13043.2
13045
13047.5
13048.9
13048.9
13048.1
13045
13039.5
13034.4
13034.8
13038.3
13041.8
13044.4
13045.2
13044.9
13044.4
13044.2
13044.2
13043.8
13043.2
13042.7
13042.3
13041.9
13041.6
13041.3
13041.2
13041.1
13041
13041
13041
13041.1
13041.2
13041.3
13041.4
13041.3
13040.8
13040.3
13040.5
13040.8
13041.1
13041.2
13040.2
13038.4
13037.8
13038.3
13038.7
13038.9
13039.8
13041
13040.9
13040.4
13040.1
13039.9
13039.8
13040.1
13040.7
13041
13040.7
13040.1
13040.3
13041.1
13041.7
13041.8
13041.4
13040.7
13040.6
13041
13042.1
13042.6
13042.1
13041.4
13040.8
13040.8
13041.3
13041.8
13041.2
13040.5
13040.2
13040.2
13040.7
13041.4
13041.7
13041.6
13041.3
13041.1
13041
13040.8
13040.8
13040.7
13040.5
13040.1
13040
13039.9
13040.1
13040
13040.1
13039.9
13047.8
13047.2
13047.2
13047.7
13048.7
13049.8
13050.5
13050.3
13049.5
13047.5
13044.3
13042
13042.2
13043.8
13045.8
13047.2
13047.8
13047.6
13047.2
13047
13046.9
13046.5
13046.1
13045.7
13045.4
13045.1
13044.9
13044.7
13044.6
13044.5
13044.5
13044.4
13044.4
13044.5
13044.6
13044.7
13044.7
13044.6
13044.4
13044.2
13044.2
13044.4
13044.5
13044.4
13043.7
13042.7
13042.3
13042.6
13042.7
13042.9
13043.5
13044.1
13044
13043.7
13043.5
13043.3
13043.3
13043.6
13044
13044.2
13044.1
13043.8
13044.1
13044.7
13045.1
13045.3
13045
13044.7
13044.7
13044.9
13045.6
13045.9
13045.5
13045.1
13044.7
13044.7
13045.1
13045.3
13044.9
13044.5
13044.3
13044.3
13044.7
13045.1
13045.3
13045.2
13045
13044.8
13044.7
13044.6
13044.6
13044.5
13044.3
13044
13043.9
13043.8
13043.9
13043.8
13043.9
13043.6
13047.4
13046.8
13046.9
13047.5
13048.5
13049.6
13050.1
13049.8
13048.6
13046.4
13043.7
13041.6
13041.6
13043.2
13045.3
13046.8
13047.5
13047.5
13047.3
13047
13046.8
13046.5
13046
13045.7
13045.3
13045
13044.7
13044.5
13044.3
13044.2
13044.2
13044.1
13044.1
13044.1
13044.2
13044.2
13044.2
13044.1
13043.8
13043.7
13043.7
13043.9
13043.9
13043.7
13042.9
13042
13041.6
13041.8
13042.1
13042.4
13043
13043.5
13043.5
13043.2
13043
13042.8
13042.8
13043
13043.4
13043.6
13043.4
13043.2
13043.5
13044
13044.4
13044.6
13044.3
13044
13044
13044.3
13045
13045.3
13045
13044.5
13044.2
13044.2
13044.6
13044.8
13044.4
13043.9
13043.8
13043.8
13044.2
13044.6
13044.9
13044.7
13044.5
13044.4
13044.2
13044.1
13044
13044
13043.7
13043.5
13043.4
13043.3
13043.5
13043.3
13043.4
13043.2
13047.1
13046.6
13046.7
13047.2
13048
13048.7
13049
13048.6
13047.4
13045.4
13043.3
13041.8
13041.9
13043.2
13044.9
13046.2
13046.9
13047.1
13046.9
13046.7
13046.4
13046.1
13045.7
13045.3
13045
13044.6
13044.3
13044.1
13043.9
13043.8
13043.7
13043.6
13043.6
13043.6
13043.6
13043.6
13043.6
13043.5
13043.2
13043.1
13043.1
13043.2
13043.2
13042.9
13042.2
13041.3
13041
13041.2
13041.4
13041.8
13042.4
13042.9
13042.8
13042.5
13042.3
13042.2
13042.2
13042.4
13042.7
13042.9
13042.7
13042.5
13042.7
13043.2
13043.6
13043.7
13043.5
13043.2
13043.3
13043.6
13044.3
13044.6
13044.3
13043.8
13043.5
13043.6
13043.9
13044.1
13043.7
13043.3
13043.1
13043.2
13043.6
13044
13044.3
13044.1
13044
13043.8
13043.6
13043.5
13043.4
13043.3
13043.1
13042.9
13042.8
13042.8
13042.9
13042.8
13042.9
13042.7
13046.9
13046.5
13046.5
13046.9
13047.4
13047.9
13048
13047.4
13046.3
13044.7
13043.1
13042
13042.1
13043.2
13044.6
13045.7
13046.4
13046.6
13046.5
13046.2
13046
13045.7
13045.3
13044.9
13044.6
13044.3
13044
13043.7
13043.6
13043.4
13043.3
13043.2
13043.1
13043.1
13043.1
13043.1
13043
13042.9
13042.7
13042.6
13042.6
13042.6
13042.5
13042.2
13041.5
13040.8
13040.5
13040.7
13040.9
13041.3
13041.8
13042.2
13042.2
13041.9
13041.7
13041.6
13041.6
13041.7
13042
13042.1
13042
13041.8
13042
13042.5
13042.8
13042.9
13042.7
13042.5
13042.6
13042.9
13043.5
13043.8
13043.6
13043.2
13042.9
13043
13043.3
13043.4
13043.1
13042.7
13042.5
13042.6
13043
13043.4
13043.7
13043.5
13043.3
13043.1
13043
13042.9
13042.8
13042.7
13042.5
13042.3
13042.2
13042.2
13042.4
13042.3
13042.4
13042.2
13046.6
13046.2
13046.2
13046.5
13046.8
13047.1
13047
13046.5
13045.4
13044.2
13043
13042.2
13042.3
13043.2
13044.3
13045.3
13045.9
13046.2
13046.1
13045.8
13045.6
13045.3
13044.9
13044.6
13044.3
13044
13043.7
13043.4
13043.2
13043.1
13042.9
13042.8
13042.7
13042.7
13042.6
13042.6
13042.5
13042.4
13042.2
13042.1
13042
13042
13041.9
13041.5
13040.9
13040.4
13040.1
13040.3
13040.5
13040.9
13041.3
13041.6
13041.6
13041.4
13041.2
13041.1
13041
13041.2
13041.4
13041.5
13041.3
13041.2
13041.4
13041.8
13042
13042.1
13041.9
13041.8
13042
13042.3
13042.8
13043.1
13042.9
13042.5
13042.3
13042.4
13042.7
13042.8
13042.4
13042.1
13041.9
13042.1
13042.5
13042.8
13043
13042.9
13042.7
13042.5
13042.4
13042.3
13042.2
13042.1
13041.9
13041.7
13041.7
13041.7
13041.9
13041.8
13041.9
13041.7
13046.3
13046
13045.9
13046.1
13046.3
13046.3
13046.2
13045.6
13044.8
13043.8
13042.9
13042.4
13042.5
13043.2
13044.1
13044.9
13045.5
13045.8
13045.7
13045.4
13045.2
13044.9
13044.6
13044.3
13044
13043.7
13043.4
13043.1
13042.9
13042.8
13042.6
13042.5
13042.4
13042.3
13042.2
13042.1
13042
13041.9
13041.7
13041.6
13041.6
13041.5
13041.3
13041
13040.4
13040
13039.8
13039.9
13040.1
13040.5
13040.9
13041.1
13041.1
13040.9
13040.7
13040.6
13040.6
13040.6
13040.8
13040.8
13040.7
13040.6
13040.8
13041.1
13041.3
13041.4
13041.2
13041.2
13041.3
13041.7
13042.1
13042.4
13042.2
13041.9
13041.8
13041.8
13042.1
13042.1
13041.8
13041.5
13041.4
13041.5
13041.9
13042.2
13042.4
13042.3
13042.1
13041.9
13041.8
13041.7
13041.6
13041.5
13041.4
13041.2
13041.2
13041.2
13041.4
13041.3
13041.4
13041.2
13045.9
13045.7
13045.6
13045.6
13045.7
13045.7
13045.4
13044.9
13044.2
13043.5
13042.8
13042.5
13042.6
13043.1
13043.9
13044.6
13045.1
13045.4
13045.3
13045.1
13044.8
13044.6
13044.3
13044
13043.8
13043.4
13043.1
13042.9
13042.7
13042.5
13042.3
13042.2
13042
13041.9
13041.8
13041.7
13041.6
13041.5
13041.3
13041.2
13041.1
13041
13040.8
13040.5
13040
13039.6
13039.5
13039.6
13039.8
13040.1
13040.4
13040.7
13040.6
13040.4
13040.3
13040.1
13040.1
13040.2
13040.3
13040.3
13040.1
13040
13040.2
13040.5
13040.6
13040.7
13040.6
13040.6
13040.7
13041.1
13041.5
13041.7
13041.6
13041.3
13041.2
13041.3
13041.5
13041.5
13041.3
13041
13040.9
13041
13041.4
13041.7
13041.8
13041.7
13041.5
13041.3
13041.2
13041.1
13041.1
13041
13040.8
13040.7
13040.7
13040.7
13040.9
13040.8
13040.9
13040.7
13045.6
13045.3
13045.2
13045.1
13045.1
13045
13044.8
13044.4
13043.8
13043.2
13042.7
13042.5
13042.6
13043.1
13043.7
13044.3
13044.8
13045
13045
13044.7
13044.5
13044.3
13044
13043.7
13043.5
13043.2
13042.9
13042.7
13042.4
13042.3
13042.1
13041.9
13041.7
13041.6
13041.5
13041.4
13041.2
13041.1
13040.9
13040.8
13040.7
13040.6
13040.4
13040.1
13039.7
13039.3
13039.2
13039.3
13039.5
13039.8
13040.1
13040.2
13040.2
13040
13039.9
13039.8
13039.7
13039.7
13039.8
13039.8
13039.6
13039.5
13039.6
13039.9
13040
13040
13040
13040
13040.2
13040.5
13040.8
13041
13040.9
13040.8
13040.7
13040.8
13040.9
13041
13040.7
13040.5
13040.4
13040.5
13040.8
13041.1
13041.2
13041.1
13040.9
13040.8
13040.7
13040.6
13040.5
13040.5
13040.3
13040.2
13040.3
13040.3
13040.5
13040.4
13040.5
13040.3
13045.2
13044.9
13044.8
13044.7
13044.6
13044.5
13044.3
13043.9
13043.4
13043
13042.6
13042.5
13042.6
13043
13043.5
13044
13044.5
13044.7
13044.6
13044.4
13044.2
13044
13043.7
13043.5
13043.3
13043
13042.7
13042.5
13042.2
13042
13041.8
13041.6
13041.4
13041.3
13041.2
13041
13040.9
13040.7
13040.6
13040.4
13040.3
13040.2
13040
13039.7
13039.3
13039.1
13039
13039.1
13039.2
13039.5
13039.7
13039.8
13039.8
13039.7
13039.5
13039.4
13039.3
13039.3
13039.3
13039.3
13039.1
13039
13039.1
13039.3
13039.4
13039.4
13039.4
13039.4
13039.6
13039.9
13040.2
13040.4
13040.4
13040.2
13040.2
13040.3
13040.4
13040.4
13040.2
13040
13039.9
13040
13040.3
13040.5
13040.6
13040.5
13040.4
13040.3
13040.2
13040.1
13040
13040
13039.8
13039.8
13039.8
13039.8
13040
13040
13040.1
13039.9
13044.8
13044.6
13044.4
13044.3
13044.1
13044
13043.8
13043.4
13043.1
13042.7
13042.5
13042.4
13042.5
13042.9
13043.3
13043.8
13044.2
13044.4
13044.3
13044.1
13043.9
13043.7
13043.5
13043.3
13043.1
13042.8
13042.5
13042.3
13042
13041.8
13041.6
13041.4
13041.2
13041
13040.9
13040.7
13040.6
13040.4
13040.2
13040.1
13040
13039.8
13039.6
13039.3
13039
13038.8
13038.8
13038.9
13039
13039.2
13039.4
13039.5
13039.5
13039.3
13039.2
13039
13038.9
13038.9
13038.9
13038.8
13038.7
13038.5
13038.6
13038.7
13038.8
13038.8
13038.8
13038.9
13039.1
13039.3
13039.7
13039.8
13039.8
13039.7
13039.7
13039.8
13039.9
13039.9
13039.7
13039.5
13039.5
13039.6
13039.8
13040
13040.1
13040
13039.9
13039.8
13039.7
13039.6
13039.6
13039.5
13039.4
13039.3
13039.4
13039.4
13039.6
13039.5
13039.7
13039.5
13044.4
13044.2
13044
13043.8
13043.7
13043.5
13043.3
13043.1
13042.8
13042.5
13042.4
13042.4
13042.4
13042.7
13043.1
13043.5
13043.9
13044.2
13044.1
13043.8
13043.6
13043.5
13043.3
13043.1
13042.9
13042.6
13042.3
13042.1
13041.8
13041.6
13041.4
13041.2
13040.9
13040.8
13040.6
13040.4
13040.3
13040.1
13039.9
13039.8
13039.7
13039.5
13039.3
13039
13038.8
13038.6
13038.5
13038.6
13038.8
13038.9
13039.1
13039.2
13039.1
13039
13038.9
13038.7
13038.6
13038.5
13038.5
13038.4
13038.2
13038.1
13038.1
13038.2
13038.3
13038.3
13038.3
13038.4
13038.6
13038.8
13039.1
13039.3
13039.3
13039.2
13039.2
13039.3
13039.4
13039.4
13039.2
13039
13039
13039.1
13039.3
13039.5
13039.5
13039.5
13039.4
13039.3
13039.2
13039.1
13039.1
13039
13039
13038.9
13039
13039
13039.2
13039.2
13039.3
13039.1
13044.1
13043.8
13043.6
13043.4
13043.3
13043.1
13043
13042.7
13042.5
13042.3
13042.3
13042.3
13042.3
13042.6
13043
13043.3
13043.7
13043.9
13043.8
13043.5
13043.4
13043.3
13043.1
13042.9
13042.7
13042.4
13042.2
13041.9
13041.7
13041.5
13041.2
13041
13040.7
13040.5
13040.4
13040.2
13040
13039.9
13039.7
13039.5
13039.4
13039.2
13039
13038.8
13038.5
13038.4
13038.3
13038.4
13038.5
13038.7
13038.8
13038.9
13038.9
13038.7
13038.6
13038.4
13038.3
13038.2
13038.1
13038
13037.8
13037.7
13037.7
13037.7
13037.7
13037.7
13037.7
13037.9
13038.1
13038.3
13038.6
13038.8
13038.8
13038.8
13038.8
13038.8
13039
13038.9
13038.7
13038.6
13038.6
13038.6
13038.8
13039
13039
13039
13038.9
13038.8
13038.8
13038.7
13038.7
13038.6
13038.5
13038.5
13038.6
13038.7
13038.8
13038.8
13038.9
13038.8
13043.7
13043.4
13043.2
13043.1
13042.9
13042.8
13042.6
13042.4
13042.3
13042.1
13042.1
13042.1
13042.2
13042.4
13042.8
13043.1
13043.4
13043.7
13043.6
13043.3
13043.1
13043
13042.9
13042.7
13042.5
13042.3
13042
13041.8
13041.5
13041.3
13041
13040.8
13040.5
13040.3
13040.1
13039.9
13039.8
13039.6
13039.4
13039.2
13039.1
13038.9
13038.7
13038.5
13038.3
13038.2
13038.2
13038.2
13038.3
13038.5
13038.6
13038.6
13038.6
13038.5
13038.3
13038.2
13038
13037.9
13037.8
13037.7
13037.5
13037.3
13037.3
13037.3
13037.3
13037.3
13037.3
13037.4
13037.6
13037.8
13038.1
13038.3
13038.3
13038.3
13038.3
13038.4
13038.5
13038.5
13038.3
13038.2
13038.1
13038.2
13038.4
13038.5
13038.6
13038.5
13038.5
13038.4
13038.3
13038.3
13038.2
13038.2
13038.2
13038.1
13038.3
13038.3
13038.5
13038.4
13038.6
13038.4
13043.3
13043.1
13042.9
13042.7
13042.5
13042.4
13042.3
13042.1
13042
13041.9
13042
13042
13042.1
13042.3
13042.6
13042.9
13043.2
13043.4
13043.3
13043.1
13042.9
13042.8
13042.7
13042.5
13042.4
13042.1
13041.8
13041.6
13041.3
13041.1
13040.9
13040.6
13040.3
13040.1
13039.9
13039.7
13039.5
13039.4
13039.2
13039
13038.8
13038.7
13038.5
13038.3
13038.1
13038
13038
13038
13038.1
13038.3
13038.4
13038.4
13038.3
13038.2
13038.1
13037.9
13037.7
13037.6
13037.5
13037.3
13037.1
13036.9
13036.9
13036.8
13036.8
13036.8
13036.8
13037
13037.2
13037.3
13037.6
13037.8
13037.9
13037.9
13037.9
13038
13038.1
13038
13037.9
13037.8
13037.7
13037.8
13037.9
13038.1
13038.1
13038.1
13038.1
13038
13037.9
13037.9
13037.9
13037.8
13037.8
13037.8
13037.9
13038
13038.1
13038.1
13038.3
13038.1
13042.9
13042.7
13042.5
13042.3
13042.2
13042.1
13042
13041.9
13041.8
13041.8
13041.8
13041.9
13041.9
13042.1
13042.4
13042.6
13043
13043.2
13043.1
13042.9
13042.7
13042.7
13042.5
13042.3
13042.2
13042
13041.7
13041.5
13041.2
13041
13040.7
13040.4
13040.1
13039.9
13039.7
13039.5
13039.3
13039.1
13038.9
13038.8
13038.6
13038.4
13038.3
13038.1
13037.9
13037.8
13037.8
13037.9
13037.9
13038.1
13038.2
13038.2
13038.1
13038
13037.8
13037.7
13037.5
13037.3
13037.2
13037
13036.8
13036.6
13036.5
13036.4
13036.4
13036.4
13036.4
13036.5
13036.7
13036.9
13037.1
13037.3
13037.4
13037.5
13037.5
13037.6
13037.7
13037.6
13037.5
13037.4
13037.3
13037.4
13037.5
13037.6
13037.7
13037.7
13037.7
13037.6
13037.5
13037.5
13037.5
13037.5
13037.4
13037.4
13037.6
13037.6
13037.8
13037.8
13037.9
13037.8
13042.6
13042.4
13042.2
13042
13041.9
13041.8
13041.7
13041.6
13041.6
13041.6
13041.6
13041.7
13041.8
13041.9
13042.2
13042.4
13042.8
13043
13042.9
13042.7
13042.5
13042.5
13042.3
13042.2
13042
13041.8
13041.6
13041.3
13041.1
13040.8
13040.6
13040.3
13040
13039.7
13039.5
13039.3
13039.1
13038.9
13038.7
13038.5
13038.4
13038.2
13038
13037.9
13037.7
13037.6
13037.6
13037.7
13037.8
13037.9
13037.9
13038
13037.9
13037.8
13037.6
13037.4
13037.2
13037
13036.9
13036.7
13036.5
13036.2
13036.1
13036
13036
13035.9
13035.9
13036.1
13036.3
13036.5
13036.7
13036.9
13037
13037.1
13037.2
13037.2
13037.3
13037.2
13037.1
13037
13036.9
13037
13037.1
13037.3
13037.3
13037.3
13037.3
13037.2
13037.2
13037.1
13037.1
13037.1
13037.1
13037.1
13037.3
13037.3
13037.5
13037.5
13037.7
13037.5
13042.2
13042
13041.8
13041.7
13041.6
13041.5
13041.4
13041.4
13041.3
13041.4
13041.5
13041.6
13041.6
13041.8
13042
13042.2
13042.6
13042.8
13042.7
13042.5
13042.3
13042.3
13042.2
13042
13041.9
13041.7
13041.4
13041.2
13040.9
13040.7
13040.4
13040.1
13039.8
13039.5
13039.3
13039.1
13038.9
13038.7
13038.5
13038.3
13038.2
13038
13037.8
13037.7
13037.5
13037.5
13037.5
13037.5
13037.6
13037.7
13037.8
13037.8
13037.7
13037.6
13037.4
13037.2
13037
13036.8
13036.6
13036.5
13036.2
13035.9
13035.8
13035.7
13035.6
13035.5
13035.6
13035.7
13035.9
13036.1
13036.3
13036.5
13036.6
13036.7
13036.8
13036.9
13036.9
13036.9
13036.7
13036.6
13036.6
13036.6
13036.8
13036.9
13037
13037
13036.9
13036.9
13036.8
13036.8
13036.8
13036.8
13036.8
13036.8
13037
13037
13037.2
13037.2
13037.4
13037.3
13041.9
13041.7
13041.5
13041.4
13041.3
13041.2
13041.2
13041.1
13041.1
13041.2
13041.3
13041.4
13041.5
13041.6
13041.8
13042.1
13042.4
13042.6
13042.5
13042.3
13042.2
13042.2
13042
13041.9
13041.8
13041.6
13041.3
13041.1
13040.8
13040.6
13040.3
13040
13039.7
13039.4
13039.2
13038.9
13038.7
13038.5
13038.3
13038.1
13038
13037.8
13037.6
13037.5
13037.4
13037.3
13037.3
13037.4
13037.4
13037.5
13037.6
13037.6
13037.5
13037.4
13037.2
13037
13036.8
13036.5
13036.4
13036.2
13035.9
13035.6
13035.4
13035.3
13035.2
13035.2
13035.2
13035.3
13035.5
13035.7
13035.9
13036.1
13036.3
13036.4
13036.5
13036.5
13036.6
13036.5
13036.4
13036.3
13036.2
13036.3
13036.4
13036.5
13036.6
13036.6
13036.6
13036.6
13036.5
13036.5
13036.5
13036.5
13036.5
13036.5
13036.7
13036.8
13037
13036.9
13037.1
13037
12451.6
12794.1
12924.7
12942.6
12980.5
13003.4
13010.9
12998.8
12994.8
13005.8
13021.3
13035.2
13046.6
13054.6
13054.1
13047.1
13036.4
13026.3
13016.8
13008.3
13005.6
13006
13007.9
13010.5
13013.2
13015.1
13016.7
13017.8
13019.3
13021.4
13023.6
13025.3
13026.3
13026.7
13027.7
13030
13032
13033.5
13035.3
13036.4
13036.6
13036.4
13037.7
13041.1
13045.7
13048.4
13048.6
13048
13047.3
13047.1
12463.7
12809.8
12928.9
12943.6
12978.2
12999.4
13007.7
12995
12991.1
13002.1
13018
13032.5
13044.4
13052.9
13053.1
13046.7
13036.1
13026
13016.4
13007.8
13005.1
13005.5
13007.4
13010.2
13013
13015
13016.8
13018.1
13019.6
13021.6
13023.6
13025.2
13026.1
13026.5
13027.4
13029.6
13031.4
13032.8
13034.6
13035.8
13036.1
13036.1
13037.4
13040.7
13044.9
13047.4
13047.7
13047.1
13046.5
13046.2
12474.5
12825.3
12933.5
12945.1
12976.4
12996.1
13005.1
12991.6
12987.6
12998.5
13014.6
13029.5
13042.4
13051.3
13052.4
13046.4
13036
13025.8
13016.2
13007.4
13004.6
13005
13007.1
13010
13012.9
13015.1
13017
13018.3
13019.8
13021.7
13023.6
13025.1
13026
13026.4
13027.2
13029.1
13030.7
13032.1
13033.9
13035.1
13035.6
13035.8
13037.2
13040.2
13044.1
13046.4
13046.7
13046.2
13045.6
13045.3
12484.2
12836.8
12938.1
12946.9
12975.1
12993.3
13002.7
12988.5
12984.3
12995.1
13011.3
13026.8
13040.4
13049.9
13051.8
13046.4
13036.1
13026
13016.2
13007.3
13004.3
13004.7
13006.8
13009.8
13012.9
13015.3
13017.2
13018.6
13020.1
13021.9
13023.7
13025.1
13025.8
13026.2
13026.9
13028.7
13030.1
13031.3
13033.2
13034.6
13035.2
13035.5
13036.9
13039.7
13043.3
13045.4
13045.7
13045.3
13044.8
13044.5
12493.6
12850.8
12942.7
12948.9
12974.2
12991
13000.6
12985.6
12981.2
12991.8
13008.1
13024
13038.7
13048.7
13051.4
13046.6
13036.5
13026.4
13016.5
13007.3
13004.2
13004.5
13006.7
13009.8
13013
13015.5
13017.5
13019
13020.4
13022.1
13023.7
13025
13025.7
13026
13026.7
13028.2
13029.5
13030.6
13032.5
13034
13034.7
13035.2
13036.6
13039.3
13042.4
13044.4
13044.8
13044.4
13043.9
13043.6
12501.2
12861.2
12947.5
12951.1
12973.5
12989.1
12998.7
12982.9
12978.3
12988.7
13004.9
13021.6
13037
13047.6
13051.3
13047
13037.2
13027.3
13017.1
13007.6
13004.2
13004.4
13006.7
13009.9
13013.2
13015.8
13017.9
13019.3
13020.7
13022.3
13023.8
13025
13025.6
13025.9
13026.4
13027.8
13028.9
13029.9
13031.8
13033.4
13034.3
13034.9
13036.3
13038.8
13041.6
13043.4
13043.8
13043.5
13043.1
13042.8
12508.6
12872.2
12952.2
12953.4
12973
12987.6
12997.1
12980.5
12975.5
12985.7
13002
13019.1
13035.7
13046.6
13051
13047.5
13038.1
13028.5
13018.1
13008.1
13004.4
13004.5
13006.9
13010.2
13013.6
13016.2
13018.2
13019.7
13021
13022.5
13023.9
13024.9
13025.5
13025.8
13026.2
13027.4
13028.3
13029.3
13031.1
13032.9
13033.9
13034.6
13036
13038.2
13040.8
13042.5
13042.9
13042.6
13042.2
13042
12515
12881.3
12956.8
12955.8
12972.7
12986.4
12995.6
12978.3
12972.9
12982.8
12999.2
13017.2
13034.4
13045.7
13050.8
13048
13039.3
13029.9
13019.3
13009
13004.8
13004.8
13007.2
13010.6
13014
13016.6
13018.6
13020
13021.3
13022.7
13024
13024.9
13025.5
13025.6
13026
13027
13027.8
13028.6
13030.5
13032.4
13033.5
13034.3
13035.6
13037.7
13040.1
13041.5
13041.9
13041.7
13041.4
13041.1
12521
12890.2
12961.1
12958.3
12972.6
12985.3
12994.4
12976.3
12970.5
12980.2
12997
13015.2
13033.7
13044.8
13050.3
13048.6
13040.5
13031.6
13020.8
13010.1
13005.5
13005.4
13007.8
13011.2
13014.6
13017.1
13019.1
13020.4
13021.7
13022.9
13024.1
13024.9
13025.4
13025.5
13025.8
13026.6
13027.2
13028
13029.9
13031.9
13033.2
13033.9
13035.3
13037.2
13039.3
13040.6
13041
13040.9
13040.6
13040.3
12526.2
12897.9
12965.1
12960.7
12972.5
12984.5
12993.4
12974.5
12968.2
12978
12995.2
13014.5
13032.9
13044.1
13049.7
13048.8
13041.7
13033.4
13022.6
13011.4
13006.5
13006.2
13008.5
13011.9
13015.2
13017.7
13019.5
13020.8
13022
13023.1
13024.2
13025
13025.4
13025.4
13025.6
13026.2
13026.7
13027.4
13029.3
13031.4
13032.8
13033.7
13034.9
13036.7
13038.5
13039.8
13040.2
13040
13039.8
13039.5
12531
12905.1
12968.8
12963.2
12972.6
12983.8
12992.5
12973
12966.4
12976.2
12994.3
13013.5
13032.8
13043.4
13048.9
13048.8
13042.7
13035.1
13024.5
13013
13007.7
13007.2
13009.5
13012.8
13015.9
13018.2
13020
13021.2
13022.3
13023.4
13024.3
13025
13025.4
13025.4
13025.4
13025.9
13026.2
13026.8
13028.7
13031
13032.5
13033.4
13034.6
13036.1
13037.8
13038.9
13039.3
13039.2
13039
13038.7
12535.1
12911.4
12972.2
12965.6
12972.8
12983.2
12991.7
12971.7
12964.9
12975.2
12994.2
13014.2
13032.5
13042.6
13047.8
13048.5
13043.4
13036.8
13026.5
13014.8
13009.2
13008.5
13010.6
13013.8
13016.6
13018.8
13020.4
13021.6
13022.6
13023.6
13024.5
13025.1
13025.4
13025.4
13025.3
13025.6
13025.8
13026.3
13028.2
13030.6
13032.1
13033.1
13034.2
13035.6
13037.1
13038.1
13038.5
13038.4
13038.2
13038
12538.9
12917.3
12975.2
12968.1
12973
12982.7
12991.2
12970.8
12964.3
12975.1
12995.5
13015.2
13032.5
13041.7
13046.5
13047.9
13043.9
13038.1
13028.4
13016.7
13010.9
13010
13011.9
13014.8
13017.4
13019.4
13020.9
13022
13023
13023.9
13024.7
13025.2
13025.4
13025.4
13025.2
13025.4
13025.4
13025.8
13027.7
13030.2
13031.9
13032.8
13033.9
13035.1
13036.4
13037.4
13037.7
13037.7
13037.4
13037.2
12542.1
12922.3
12978.1
12970.1
12973.2
12982.2
12990.9
12970.2
12964.1
12976.6
12997.9
13016.9
13032.4
13040.8
13045
13046.7
13044.1
13039.2
13030.2
13018.7
13012.8
13011.7
13013.3
13015.9
13018.2
13020
13021.4
13022.4
13023.3
13024.2
13024.9
13025.4
13025.5
13025.4
13025.2
13025.2
13025.1
13025.4
13027.2
13029.8
13031.6
13032.5
13033.5
13034.6
13035.8
13036.6
13037
13036.9
13036.7
13036.5
12545.1
12927.2
12980.3
12972.5
12973.5
12981.9
12990.8
12970.4
12965.6
12979.8
13001.6
13018.7
13032.4
13039.7
13043.2
13045.4
13043.8
13039.9
13031.8
13020.7
13014.8
13013.5
13014.8
13017
13019.1
13020.7
13021.9
13022.8
13023.7
13024.5
13025.1
13025.5
13025.7
13025.5
13025.2
13025.1
13024.9
13025.1
13026.7
13029.4
13031.4
13032.3
13033.2
13034.2
13035.2
13035.9
13036.3
13036.2
13036
13035.8
12547.4
12931
12982.7
12973.8
12973.5
12981.1
12990.9
12971.5
12968.8
12984.8
13005.7
13020.8
13032.5
13038.5
13041.3
13043.5
13043.1
13040.5
13033.3
13022.8
13016.9
13015.4
13016.3
13018.1
13019.9
13021.3
13022.4
13023.3
13024.1
13024.8
13025.4
13025.7
13025.8
13025.7
13025.3
13025.1
13024.7
13024.8
13026.4
13029.2
13031.2
13032.1
13032.9
13033.8
13034.7
13035.3
13035.6
13035.6
13035.4
13035.2
12549.8
12935.5
12984.4
12976.1
12973.8
12980.8
12991.8
12974.6
12974.4
12991.2
13010.3
13023
13032.6
13037.2
13039.1
13041.4
13042
13040.4
13034.4
13024.7
13018.9
13017.3
13017.8
13019.2
13020.7
13022
13023
13023.8
13024.5
13025.1
13025.7
13026
13026.1
13025.9
13025.5
13025.2
13024.7
13024.7
13026.1
13028.9
13031
13031.9
13032.7
13033.4
13034.1
13034.7
13035
13035
13034.8
13034.6
12550.8
12938
12986.4
12976.2
12973.5
12980
12992.9
12979.4
12982.3
12998.3
13014.8
13025.2
13032.7
13035.8
13036.9
13039
13040.3
13040.3
13035.5
13026.6
13020.9
13019
13019.2
13020.3
13021.5
13022.6
13023.5
13024.2
13024.9
13025.5
13026
13026.3
13026.4
13026.2
13025.8
13025.4
13024.8
13024.6
13025.9
13028.7
13031
13031.8
13032.4
13033
13033.7
13034.2
13034.4
13034.4
13034.2
13034
12553.1
12942.5
12988.9
12978.9
12974.4
12980.8
12995.6
12987
12992.1
13005.7
13019.2
13027.4
13032.8
13034.4
13034.5
13036.2
13038.1
13039.3
13036.1
13028
13022.6
13020.6
13020.5
13021.3
13022.3
13023.3
13024.1
13024.7
13025.4
13025.9
13026.4
13026.7
13026.7
13026.5
13026.1
13025.7
13025.1
13024.8
13025.9
13028.7
13031
13031.7
13032.2
13032.7
13033.2
13033.7
13033.9
13033.9
13033.7
13033.5
12552.4
12941.8
12989
12979.4
12974.8
12980.9
13000.6
12996.8
13002
13012.4
13023.3
13029.5
13032.9
13033
13032.1
13033.3
13035.4
13038.1
13036.7
13029.6
13024.2
13022.1
13021.6
13022.3
13023.1
13023.9
13024.7
13025.3
13025.8
13026.4
13026.8
13027.1
13027.1
13027
13026.6
13026.2
13025.6
13025.2
13026
13028.7
13031
13031.7
13032.1
13032.4
13032.9
13033.3
13033.4
13033.4
13033.3
13033
12556.2
12948
12993.1
12983.3
12979.4
12987.4
13007.2
13006.6
13011.8
13019.2
13027.4
13031.5
13033.1
13031.7
13029.7
13030.1
13032
13035.7
13035.9
13029.9
13025.1
13023.2
13022.7
13023.1
13023.9
13024.6
13025.2
13025.8
13026.3
13026.8
13027.2
13027.5
13027.6
13027.5
13027.2
13026.8
13026.3
13025.8
13026.4
13028.9
13031.2
13031.7
13032
13032.2
13032.6
13032.9
13033.1
13033.1
13032.9
13032.6
12551.6
12942
12990.2
12984.5
12986
12993.2
13014.9
13016.5
13019.7
13024.3
13030.4
13033.3
13033.2
13030.6
13027.5
13027
13028.4
13032.8
13036.1
13031.6
13026.1
13024.1
13023.6
13023.9
13024.6
13025.2
13025.8
13026.4
13026.9
13027.3
13027.7
13028
13028.2
13028.2
13028
13027.7
13027.2
13026.8
13027.1
13029.3
13031.5
13031.8
13031.9
13032
13032.3
13032.6
13032.8
13032.7
13032.6
13032.3
12560.5
12954.9
12999.6
12995.3
13001.3
13008.3
13019.4
13022
13027.1
13030.6
13034.5
13035.3
13033.6
13029.8
13025.6
13023.9
13024.6
13028.4
13031.2
13028.8
13025.7
13024.5
13024.3
13024.8
13025.3
13025.9
13026.5
13027
13027.4
13027.9
13028.3
13028.6
13028.8
13028.9
13028.8
13028.7
13028.4
13028.1
13028.5
13030.2
13031.9
13031.9
13031.8
13031.9
13032.1
13032.4
13032.5
13032.5
13032.3
13032.1
12548.1
12940.3
12996.3
13002.9
13016.1
13014
13025.1
13027.6
13030.8
13033.3
13036
13036.6
13033.9
13029.2
13024.3
13021.5
13021.2
13024.4
13031.2
13031.1
13026.3
13025
13024.9
13025.3
13025.9
13026.4
13027
13027.4
13027.9
13028.4
13028.8
13029.1
13029.4
13029.6
13029.7
13029.7
13029.7
13029.5
13029.6
13031.2
13032.3
13032.1
13031.8
13031.8
13032
13032.2
13032.4
13032.3
13032.2
13031.9
12578.4
12974.1
13024.4
13019.8
13028.1
13033.6
13020.7
13022.5
13036.1
13042.3
13042.7
13038.2
13034.4
13029.1
13023.6
13020
13018.5
13019.6
13017.4
13018.2
13023.2
13024.4
13025.5
13026.3
13027
13027.5
13028
13028.4
13028.9
13029.3
13029.8
13030.2
13030.6
13031
13031.3
13031.8
13032.3
13032.6
13034.9
13035.1
13032.8
13032.3
13031.8
13031.8
13032
13032.2
13032.3
13032.3
13032.1
13031.8
13047.2
13047.6
13048.4
13049.5
13050.8
13052.3
13053.9
13055.6
13057.4
13059.3
13061.1
13062.8
13064.5
13065.9
13065.8
13065.4
13063.4
13062.7
13062.1
13062.5
13064.1
13067.4
13073
13081
13090.8
13101
13108.4
13109.7
13101.4
13085.6
13062.2
13035.2
13008.3
12983.4
12961.3
12942.1
12925.7
12911.8
12899.9
12889.1
13371
13368.9
13361.3
13342.4
12857.4
12860
12860.3
12857.1
12850.4
12827
13046.3
13046.7
13047.5
13048.5
13049.8
13051.2
13052.7
13054.5
13056.3
13058.2
13060.1
13062
13064
13065.7
13066.1
13066.1
13064.6
13064.3
13064
13064.7
13066.3
13069.7
13075.2
13082.8
13091.9
13101.1
13107.7
13109
13101.9
13087.8
13067.2
13042.7
13017.7
12994.1
12972.7
12953.8
12937.3
12923.2
12910.9
12899.5
13291.3
13379.6
13370.5
13366
13285
12867.1
12865.3
12861.1
12854
12843.5
13045.4
13045.8
13046.5
13047.5
13048.7
13050.1
13051.6
13053.3
13055.1
13057.1
13059.1
13061.2
13063.4
13065.5
13066.4
13066.8
13065.7
13065.8
13066
13066.6
13068.4
13071.8
13077.1
13084.3
13092.7
13101.1
13106.9
13108.2
13102.1
13089.5
13071.6
13049.5
13026.3
13004
12983.4
12964.8
12948.5
12934.2
12921.5
12909.8
12897.6
13386.9
13379.9
13373.8
13372.7
13125.7
12869.8
12865.1
12858.5
12850.6
13044.5
13044.9
13045.5
13046.4
13047.6
13048.9
13050.4
13052.1
13054
13056
13058.1
13060.4
13062.8
13065.3
13066.5
13067.5
13066.7
13067.3
13067.6
13068.5
13070.4
13073.8
13078.9
13085.6
13093.3
13100.9
13106.1
13107.4
13102.1
13091
13075.4
13055.5
13034.2
13013.2
12993.4
12975.3
12960.3
12948.7
12931.6
12919.6
12907.6
12967
13389.4
13381.8
13379.3
13176.6
12874
12869.2
12863
12856.3
13043.7
13043.9
13044.6
13045.4
13046.5
13047.8
13049.2
13050.9
13052.7
13054.8
13057
13059.4
13062.1
13064.9
13066.6
13068
13067.7
13068.6
13069.2
13070.2
13072.2
13075.5
13080.4
13086.6
13093.7
13100.5
13105.2
13106.4
13101.9
13092.2
13078.5
13060.8
13041.3
13021.6
13002.7
12985.5
12976
12961.5
12947.4
12929.2
12916.9
12904.7
13058.2
13390.3
13351.3
12925.9
12878.5
12873.7
12868
12862.1
13042.8
13043
13043.6
13044.4
13045.4
13046.6
13048
13049.6
13051.5
13053.6
13055.8
13058.4
13061.3
13064.5
13066.6
13068.5
13068.6
13069.8
13070.7
13071.8
13073.8
13077.1
13081.7
13087.4
13093.9
13100
13104.2
13105.3
13101.5
13093.2
13081
13065.3
13047.5
13029.2
13012.1
13001.1
12985.5
12970.9
12957.4
12939.5
12925.7
12913.3
12902.2
12983.7
12918.1
12887.4
12884
12879.2
12873.5
12868
13041.9
13042.1
13042.7
13043.4
13044.3
13045.5
13046.8
13048.4
13050.2
13052.3
13054.6
13057.4
13060.4
13063.9
13066.5
13068.9
13069.5
13070.9
13072
13073.3
13075.3
13078.4
13082.7
13088
13093.8
13099.3
13103.1
13104
13101
13093.7
13082.8
13069
13052.9
13038.6
13026.1
13009.7
12994.2
12979.8
12965.6
12946.8
12934.2
12921.5
12910.3
12901.9
12896.9
12893.8
12889.8
12884.9
12879.7
12886.9
13041.1
13041.2
13041.7
13042.3
13043.2
13044.3
13045.6
13047.1
13048.9
13051
13053.4
13056.2
13059.5
13063.3
13066.3
13069.2
13070.2
13071.9
13073.2
13074.5
13076.5
13079.5
13083.5
13088.4
13093.6
13098.5
13101.8
13102.7
13100.2
13093.8
13084.2
13072.1
13057.6
13047.1
13033.1
13017.5
13002.4
12988.2
12969.3
12954.9
12942.5
12929.6
12918.2
12909.3
12904.1
12900.8
12896.7
12891.7
12893.7
12895.7
13040.2
13040.4
13040.8
13041.3
13042.2
13043.2
13044.4
13045.8
13047.5
13049.6
13052.1
13055
13058.5
13062.6
13066
13069.4
13070.8
13072.7
13074.2
13075.6
13077.6
13080.4
13084.1
13088.5
13093.1
13097.4
13100.4
13101.2
13099.1
13093.6
13085.1
13074.4
13061.4
13047.1
13038.3
13024.5
13010
12992.8
12975.7
12963.1
12950.6
12937.4
12933
13148.9
12999.7
12908.1
12904.2
12899.2
12897.7
12898.9
13039.4
13039.5
13039.8
13040.3
13041.1
13042
13043.1
13044.5
13046.2
13048.2
13050.7
13053.7
13057.4
13061.8
13065.6
13069.5
13071.3
13073.5
13075
13076.5
13078.4
13081
13084.4
13088.3
13092.5
13096.2
13098.9
13099.6
13097.8
13093
13085.6
13076
13064.4
13051.4
13037.6
13026.9
13012.7
12996.6
12983.5
12970.9
12958.6
12945
13110
13182.6
13177.1
13019.8
12912.1
12907.1
12902
12896.9
13038.6
13038.6
13038.9
13039.3
13040
13040.8
13041.9
13043.2
13044.8
13046.8
13049.2
13052.3
13056.1
13060.8
13065
13069.4
13071.6
13074
13075.7
13077.2
13078.9
13081.3
13084.4
13087.9
13091.6
13094.8
13097.1
13097.7
13096.2
13092.1
13085.5
13077
13066.8
13054.9
13042.2
13029.1
13016.2
13003.4
12990.7
12978.4
12966.2
13048.5
13199.3
13191.4
13185.7
13142.1
12920.8
12915.2
12910
12905
13037.8
13037.8
13038
13038.4
13039
13039.7
13040.7
13041.9
13043.4
13045.3
13047.7
13050.9
13054.8
13059.7
13064.3
13069.2
13071.8
13074.4
13076.1
13077.6
13079.2
13081.4
13084.1
13087.2
13090.4
13093.2
13095.2
13095.7
13094.3
13090.8
13085
13077.4
13068.2
13057.6
13045.9
13033.8
13021.7
13009.7
12997.4
12985.4
12988.3
13218.4
13208
13200.3
13194.9
13070.8
12928.3
12923.2
12918.1
12913
13037
13037
13037.1
13037.4
13037.9
13038.6
13039.4
13040.5
13042
13043.8
13046.2
13049.3
13053.3
13058.5
13063.4
13068.8
13071.8
13074.5
13076.3
13077.7
13079.2
13081.1
13083.5
13086.2
13089
13091.4
13093
13093.4
13092.2
13089.1
13084.1
13077.2
13069
13059.5
13048.8
13037.9
13026.5
13014.9
13003.2
12991.8
12980.4
13172.9
13216.8
13209.4
13131.4
12943
12936.2
12931.1
12926
12921
13036.3
13036.2
13036.3
13036.5
13036.9
13037.5
13038.3
13039.2
13040.5
13042.3
13044.6
13047.6
13051.6
13057
13062.4
13068.3
13071.7
13074.5
13076.3
13077.6
13078.9
13080.6
13082.6
13084.9
13087.3
13089.3
13090.7
13091
13089.9
13087.1
13082.7
13076.6
13069.1
13060.6
13050.9
13040.8
13030.2
13019.3
13008.2
12997.5
12986.9
12986.2
13147.1
13095.5
12960.7
12949.2
12944
12938.8
12933.8
12929
13035.6
13035.5
13035.5
13035.6
13035.9
13036.4
13037.1
13038
13039.1
13040.7
13042.9
13045.9
13049.9
13055.4
13061.1
13067.6
13071.3
13074.2
13076
13077.1
13078.2
13079.6
13081.4
13083.3
13085.3
13087
13088.1
13088.3
13087.2
13084.8
13080.9
13075.5
13068.7
13061
13052.3
13042.8
13032.9
13022.8
13012.7
13002.7
12993
12983.7
12975.4
12968.4
12962.4
12956.8
12951.5
12946.4
12941.5
12936.9
13034.9
13034.7
13034.7
13034.8
13035
13035.4
13035.9
13036.7
13037.7
13039.2
13041.2
13044
13047.9
13053.6
13059.5
13066.6
13070.8
13073.6
13075.3
13076.2
13077.1
13078.3
13079.8
13081.4
13083
13084.4
13085.3
13085.3
13084.4
13082.2
13078.7
13073.8
13067.8
13060.8
13053
13044.3
13035.2
13026
13016.7
13007.5
12998.6
12990.3
12982.6
12975.8
12969.8
12964.1
12958.9
12953.9
12949.1
12944.7
13034.3
13034.1
13034
13034
13034.1
13034.4
13034.9
13035.5
13036.4
13037.7
13039.4
13042.1
13045.8
13051.5
13057.7
13065.4
13069.9
13072.7
13074.2
13074.9
13075.6
13076.6
13077.8
13079.1
13080.4
13081.5
13082.2
13082.2
13081.2
13079.3
13076.1
13071.8
13066.4
13060.1
13053.1
13045.3
13037.1
13028.6
13020.1
13011.8
13003.7
12996.1
12989
12982.5
12976.6
12971.1
12966
12961.1
12956.6
12952.4
13033.7
13033.4
13033.3
13033.2
13033.3
13033.5
13033.8
13034.3
13035.1
13036.1
13037.7
13040
13043.6
13049.2
13055.6
13063.9
13068.8
13071.4
13072.6
13073.1
13073.7
13074.4
13075.3
13076.4
13077.5
13078.4
13078.9
13078.8
13077.9
13076.1
13073.3
13069.4
13064.7
13059
13052.7
13045.8
13038.3
13030.7
13023.1
13015.5
13008.2
13001.2
12994.7
12988.6
12982.9
12977.7
12972.7
12968.1
12963.8
12959.8
13033.2
13032.9
13032.6
13032.5
13032.5
13032.6
13032.9
13033.2
13033.8
13034.7
13036
13038
13041.2
13046.5
13053
13062
13067.3
13069.5
13070.5
13070.8
13071.1
13071.7
13072.5
13073.4
13074.2
13074.9
13075.3
13075.1
13074.3
13072.6
13070.1
13066.8
13062.5
13057.5
13051.8
13045.8
13039.2
13032.4
13025.5
13018.7
13012.1
13005.8
12999.7
12994.1
12988.8
12983.8
12979.2
12974.9
12970.8
12967.1
13032.7
13032.4
13032.1
13031.9
13031.8
13031.9
13032
13032.2
13032.6
13033.3
13034.3
13035.9
13038.7
13043.6
13050
13059.7
13065.3
13067
13067.7
13067.8
13068
13068.5
13069.1
13069.9
13070.6
13071.2
13071.4
13071.2
13070.5
13069
13066.8
13063.8
13060.1
13055.7
13050.7
13045.3
13039.6
13033.5
13027.4
13021.4
13015.5
13009.7
13004.3
12999.1
12994.2
12989.7
12985.4
12981.4
12977.7
12974.3
13032.3
13031.9
13031.6
13031.4
13031.2
13031.2
13031.2
13031.3
13031.6
13032
13032.7
13033.9
13036.1
13040.4
13046.5
13056.8
13062.6
13063.7
13064.1
13064
13064.2
13064.6
13065.3
13066
13066.6
13067.1
13067.4
13067.2
13066.5
13065.2
13063.3
13060.7
13057.5
13053.7
13049.3
13044.6
13039.6
13034.3
13029
13023.7
13018.4
13013.3
13008.4
13003.8
12999.4
12995.3
12991.4
12987.9
12984.6
12981.5
13031.9
13031.5
13031.2
13030.9
13030.7
13030.6
13030.6
13030.6
13030.7
13030.9
13031.3
13032.1
13033.6
13037
13042.4
13053.2
13059.1
13059.3
13059.4
13059.4
13059.7
13060.2
13060.9
13061.6
13062.3
13062.8
13063
13062.9
13062.3
13061.3
13059.6
13057.4
13054.7
13051.4
13047.7
13043.6
13039.3
13034.8
13030.1
13025.5
13020.9
13016.5
13012.1
13008
13004.1
13000.5
12997.1
12993.9
12991
12988.3
13031.7
13031.3
13030.9
13030.6
13030.3
13030.2
13030.1
13030
13029.9
13030
13030.1
13030.4
13031.3
13033.6
13037.8
13048.5
13054.2
13053.5
13053.6
13053.9
13054.4
13055.2
13056
13056.9
13057.6
13058.2
13058.5
13058.4
13058
13057.2
13055.8
13054
13051.7
13049
13045.9
13042.5
13038.8
13035
13031.1
13027.2
13023.3
13019.5
13015.9
13012.4
13009.1
13006
13003.1
13000.5
12998
12995.8
13031.5
13031.1
13030.7
13030.3
13030.1
13029.9
13029.7
13029.6
13029.4
13029.3
13029.2
13029.2
13029.4
13030.4
13033.1
13042.6
13046.9
13046
13046.5
13047.4
13048.5
13049.6
13050.8
13051.9
13052.8
13053.5
13054
13054.1
13053.9
13053.3
13052.3
13050.9
13049
13046.8
13044.2
13041.4
13038.3
13035.1
13031.8
13028.4
13025.1
13021.8
13018.6
13015.6
13012.7
13010
13007.4
13005.1
13002.9
13001
13031.4
13031
13030.6
13030.2
13029.9
13029.7
13029.5
13029.3
13029.2
13029
13028.8
13028.5
13028.2
13027.8
13027.6
13027
13028.2
13031.4
13034
13036.6
13038.8
13040.8
13042.5
13044
13045.2
13046.2
13046.9
13047.3
13047.4
13047.2
13046.6
13045.8
13044.6
13043.2
13041.5
13039.6
13037.6
13035.2
13032.9
13030.6
13028.2
13025.9
13023.7
13021.5
13019.5
13017.6
13015.7
13014.1
13012.5
13011.1
12586.2
12562.7
12561
12562.1
12564
12566.3
12567.6
12569.3
12574.5
12583.3
12593
12600.5
12606.4
12611.9
12617.5
12623.3
12629.5
12636.1
12643
12650.2
12657.8
12665.8
12674.2
12682.5
12682
12681.7
12690
12698.7
12704.6
12711.5
12722.8
12737.3
12742.5
12745.2
12749.4
12755.7
12761.4
12765.2
12768.3
12771.3
12774.2
12777.1
12779.8
12782.2
12784.6
12786.9
12789.2
12791.4
12793.3
12800.2
12815.8
12808.3
12805.4
12804
12804.1
12805.1
12805.6
12806.7
12811.5
12820.2
12829.9
12837.4
12843.3
12848.8
12854.4
12860.3
12866.6
12873.2
12880.2
12887.5
12895.3
12903.4
12911.9
12919.7
12917.1
12914.8
12922.3
12930.7
12937
12944.7
12957.3
12973
12978.6
12981.4
12985.5
12991.7
12997.3
13000.9
13003.9
13006.7
13009.5
13012.2
13014.7
13017
13019
13020.9
13022.4
13023.5
13023.6
13022.7
12841.9
12835.9
12831.2
12827.8
12826.2
12826.1
12825.4
12825.6
12829.9
12838.4
12848.2
12855.7
12861.7
12867.2
12872.9
12878.9
12885.4
12892.2
12899.4
12907
12915
12923.3
12931.5
12938.4
12933.7
13102.4
13374.5
13372.4
13046
12958.6
12973.2
12991
12997.3
13000.4
13004.5
13010.7
13016.2
13019.6
13022.4
13025
13027.6
13030.1
13032.3
13034.3
13035.9
13037.2
13038
13038.3
13037.7
13036
12849.9
12844.4
12839.3
12834.7
12832
12830.7
12829.1
12828.3
12831.8
12840.1
12849.9
12857.4
12863.3
12868.8
12874.6
12880.7
12887.3
12894.2
12901.6
12909.4
12917.5
12925.9
12933.8
12939.9
13206.3
14609.1
14617.3
14626.5
14632
13620.6
12970.5
12990.8
12998.3
13001.8
13005.9
13012.1
13017.5
13020.8
13023.3
13025.7
13028
13030.2
13032.1
13033.7
13034.8
13035.6
13036
13035.8
13035
13033.6
12856.6
12851.6
12846.3
12841
12837.4
12835.3
12833
12831.4
12834.3
12842.2
12852.1
12859.5
12865.2
12870.7
12876.5
12882.7
12889.3
12896.3
12903.7
12911.4
12919.5
12927.6
12935
12954.8
14326.9
14611.5
14620
14628.9
14633.5
14638.6
13696.6
12989.4
12998.1
13001.9
13006.2
13012.5
13017.8
13021
13023.3
13025.4
13027.5
13029.5
13031.1
13032.3
13033
13033.5
13033.5
13033.2
13032.4
13031.2
12863
12858.3
12852.9
12847
12842.9
12840.4
12837.3
12835
12837.5
12845.2
12855.1
12862.4
12868.1
12873.4
12879.1
12885.2
12891.7
12898.6
12905.9
12913.4
12921.1
12928.7
12935.3
12939.5
14391.2
14616.4
14625.3
14542.6
14637.4
14640.5
14653.5
13202.2
12996.6
13000.9
13005.5
13012
13017.5
13020.6
13022.8
13024.8
13026.7
13028.4
13029.7
13030.7
13031.2
13031.4
13031.3
13030.9
13030.2
13029.2
12884.1
12875.3
12861
12852.8
12848.2
12845.4
12842
12839
12841.1
12848.9
12859
12866.2
12871.7
12876.9
12882.5
12888.4
12894.7
12901.3
12908.2
12915.4
12922.5
12929.2
12935
12938.6
13005.7
13645.4
13137.5
12953.1
13705.2
14644.9
14656.8
13277.4
12993.9
12998.7
13003.6
13010.6
13016.4
13019.5
13021.7
13023.6
13025.4
13027
13028.2
13028.9
13029.3
13029.4
13029.2
13028.8
13028.3
13027.5
12886.4
12879
13042.1
13010.9
12864.9
12850.2
12846.7
12843.2
12845.2
12853.1
12863.5
12870.7
12876
12881.1
12886.4
12892.1
12898.1
12904.3
12910.8
12917.3
12923.7
12929.7
12934.8
12938.2
12939.6
12942
12947.7
12953.8
12958.4
13233.1
13134.6
12991
12990.5
12995.5
13000.9
13008.3
13014.5
13017.8
13020.1
13022.1
13023.9
13025.4
13026.5
13027.2
13027.4
13027.5
13027.3
13027
13026.6
13026
12885.6
12879.1
12881.1
13542.6
13551.3
13126.4
12851.2
12847.5
12849.4
12857.6
12868.5
12875.8
12880.9
12885.8
12890.9
12896.2
12901.8
12907.6
12913.6
12919.5
12925.2
12930.6
12935.2
12938.7
12941.1
12944.5
12949.4
12954.5
12959.6
12965.5
12973.7
12981.1
12987.3
12992.1
12997.7
13005.5
13012.1
13015.6
13018.1
13020.2
13022.1
13023.6
13024.7
13025.4
13025.7
13025.7
13025.6
13025.4
13025.1
13024.7
12891.9
12886.8
12881.3
13172.5
13569.5
13565.9
13486.4
12865.5
12853.5
12862.2
12873.8
12881.2
12886.3
12891
12895.8
12900.9
12906
12911.3
12916.7
12922
12927.2
12932
12936.3
12939.9
12943.9
12947.9
12952.2
12956.1
12961.2
12967.1
12974.2
12979.8
12984.8
12989.1
12994.5
13002.5
13009.5
13013.2
13015.9
13018.1
13020.1
13021.7
13022.9
13023.6
13024
13024.1
13024.1
13024
13023.8
13023.6
12900
12894.9
12889.5
12883.7
13148.1
13585.5
13578.6
13574.3
12964.9
12866.5
12879.2
12886.9
12892
12896.6
12901.2
12905.8
12910.6
12915.4
12920.2
12924.9
12929.6
12934
12938.1
12941.8
12945.6
12949.4
12953.5
12958.3
12963.9
12969.3
12974.8
12978.9
12982.7
12986.3
12991.5
12999.7
13006.9
13010.8
13013.6
13016
13018.1
13019.8
13021.1
13021.9
13022.4
13022.6
13022.7
13022.8
13022.7
13022.6
12908.1
12903.1
12897.9
12892.5
12887
13145
13592.1
13581.7
13583.6
12929.3
12884.4
12892.7
12897.9
12902.5
12906.8
12911.1
12915.4
12919.7
12924
12928.3
12932.5
12936.6
12940.5
12944.3
12948
12951.9
12956.2
12961.3
12967
12971.9
12975.9
12978.3
12980.9
12983.9
12988.8
12997.1
13004.6
13008.6
13011.5
13014.1
13016.2
13018.1
13019.5
13020.4
13020.9
13021.2
13021.4
13021.6
13021.7
13021.7
12916.2
12911.3
12906.3
12901.2
12896
12890.6
13296.3
13594.5
13591
13429.6
12889.6
12898.5
12904
12908.5
12912.7
12916.7
12920.6
12924.4
12928.3
12932.1
12935.9
12939.7
12943.5
12947.3
12951.1
12955.1
12959.2
12963.7
12969.4
12973.3
12977.5
12992
12991.5
12981.7
12986.3
12994.9
13002.7
13006.7
13009.8
13012.4
13014.7
13016.6
13018.1
13019.1
13019.6
13020.1
13020.4
13020.6
13020.8
13021
12924.3
12919.6
12914.8
12909.9
12905
12899.9
12894.1
13528
13600.1
13605
13155.5
12904.6
12910.2
12914.7
12918.6
12922.3
12925.9
12929.4
12932.8
12936.3
12939.8
12943.4
12947
12950.7
12954.5
12958.5
12962.5
12966.6
12970.6
12974.5
12977.8
13257.9
13377.4
13088.9
12984.2
12993
13001.2
13005.3
13008.4
13011.1
13013.4
13015.4
13017
13018
13018.6
13019.1
13019.5
13019.9
13020.2
13020.5
12932.4
12928
12923.5
12918.8
12914.1
12909.2
12903.8
13297.2
13610.8
13614.8
13266.6
12911.3
12916.6
12920.9
12924.7
12928.1
12931.3
12934.5
12937.6
12940.8
12944
12947.4
12950.8
12954.4
12958.2
12962.1
12966
12969.8
12973.5
12976.8
12979.5
13284.7
13379.3
13378.7
13210.9
12991.4
13000.1
13004.2
13007.4
13010.1
13012.5
13014.5
13016.1
13017.2
13017.9
13018.4
13018.9
13019.4
13019.8
13020.1
12940.4
12936.3
12932.1
12927.8
12923.2
12918.5
12913.4
13288.2
13622.9
13626.9
13128.9
12918.8
12923.5
12927.4
12930.8
12933.9
12936.9
12939.7
12942.6
12945.5
12948.5
12951.7
12955
12958.5
12962.2
12965.9
12969.6
12973.2
12976.5
12979.4
12981.7
12983.1
13339.7
13380.3
13382
13177.2
12999.3
13003.6
13006.8
13009.5
13011.9
13013.9
13015.5
13016.6
13017.4
13018
13018.5
13019
13019.5
13020
12948.3
12944.4
12940.6
12936.5
12932.4
12928
12923.4
13262.8
13628.3
13479
12925.4
12926.8
12930.6
12934
12937
12939.8
12942.5
12945.2
12947.8
12950.5
12953.4
12956.3
12959.5
12962.8
12966.4
12969.9
12973.4
12976.7
12979.7
12982.3
12984.3
12985.7
13007.7
13381.1
13383.5
13359.6
13005
13003.3
13006.5
13009.2
13011.5
13013.6
13015.2
13016.3
13017.1
13017.7
13018.3
13018.9
13019.5
13020
12956
12952.4
12948.8
12945.1
12941.4
12937.5
12933.7
12985.6
13394.4
13045.4
12932
12935.1
12938.1
12940.8
12943.4
12945.9
12948.4
12950.8
12953.3
12955.8
12958.4
12961.3
12964.3
12967.5
12970.8
12974.2
12977.4
12980.4
12983.2
12985.5
12987.3
12988.6
12989.3
13195.9
13386.6
13338.4
13004
13003.5
13006.6
13009.1
13011.4
13013.5
13015.1
13016.2
13017
13017.7
13018.3
13019
13019.6
13020.2
12963.6
12960.2
12957
12953.7
12950.4
12947.1
12944.2
12941.6
12940
12940.4
12942.1
12943.8
12945.9
12948
12950.2
12952.4
12954.5
12956.7
12959
12961.4
12963.9
12966.5
12969.4
12972.4
12975.6
12978.7
12981.7
12984.5
12987
12989.1
12990.7
12991.9
12992.5
13129.2
13390.2
13107.5
13001.2
13004.4
13007.1
13009.5
13011.7
13013.7
13015.3
13016.4
13017.2
13017.9
13018.6
13019.3
13020
13020.7
12971.1
12968.1
12965.1
12962.3
12959.4
12956.8
12954.5
12952.6
12951.4
12951.2
12951.8
12952.8
12954.2
12955.7
12957.4
12959.2
12961.1
12963.1
12965.1
12967.3
12969.7
12972.1
12974.8
12977.7
12980.6
12983.6
12986.3
12988.9
12991.2
12993.1
12994.6
12995.7
12996.4
13140.6
13157.8
13012.3
13003.5
13006
13008.3
13010.4
13012.4
13014.3
13015.8
13016.9
13017.7
13018.5
13019.2
13020
13020.7
13021.4
12978.7
12976.1
12973.5
12971
12968.6
12966.4
12964.5
12963
12962
12961.5
12961.5
12962
12962.8
12963.9
12965.2
12966.6
12968.2
12969.9
12971.8
12973.7
12975.9
12978.2
12980.7
12983.4
12986.1
12988.9
12991.4
12993.8
12995.8
12997.6
12999
13000.1
13000.9
13008.5
13052.5
13022.7
13006.6
13008.5
13010.4
13012.1
13013.8
13015.4
13016.9
13018
13018.7
13019.5
13020.3
13021.1
13021.8
13022.6
12985.9
12983.6
12981.4
12979.2
12977.2
12975.7
12974
12972.5
12971.6
12971
12970.8
12971
12971.4
12972.1
12973.1
12974.2
12975.6
12977.1
12978.7
12980.5
12982.5
12984.6
12987
12989.5
12992.1
12994.6
12997
12999.1
13001.1
13002.7
13004
13005.1
13006
13006.8
13007.7
13009.2
13011.1
13012.5
13013.7
13014.3
13015.6
13017
13018.3
13019.3
13020
13020.8
13021.6
13022.5
13023.3
13024
12993.7
12991.8
12989.9
12988.2
12986.5
12985.2
12983.9
12982.6
12981.6
12980.9
12980.6
12980.5
12980.7
12981.2
12981.9
12982.8
12983.8
12985.1
12986.5
12988.1
12989.9
12991.9
12994
12996.4
12998.8
13001.1
13003.3
13005.4
13007.2
13008.7
13010
13011.1
13012.1
13012.8
13013.5
13014.6
13016.1
13016.7
13017
13017.9
13018.9
13019.9
13020.8
13021.6
13022.4
13023.2
13024
13024.8
13025.5
13026.2
12999.2
12997.6
12996
12994.5
12993.2
12992.1
12990.9
12990
12988.9
12988.3
12988
12987.9
12988.1
12988.4
12989
12989.8
12990.8
12991.9
12993.3
12994.8
12996.5
12998.4
13000.4
13002.7
13004.9
13007.2
13009.3
13011.2
13012.9
13014.3
13015.5
13016.5
13017.4
13018
13018.6
13019.2
13020
13020.2
13020.4
13020.9
13021.3
13021.8
13022.4
13023.1
13024.1
13025.1
13026.1
13026.9
13027.6
13028.1
13009.8
13008.7
13007.5
13006.5
13005.6
13004.8
13004
13003.1
13002.4
13001.9
13001.6
13001.6
13001.7
13001.9
13002.4
13003.1
13003.9
13004.8
13006
13007.3
13008.8
13010.4
13012.3
13014.3
13016.4
13018.4
13020.3
13022
13023.6
13024.9
13026.1
13027
13027.8
13028.4
13028.8
13029.3
13029.6
13030
13030.3
13030.7
13031
13031
13030.4
13030.2
13030.8
13031.2
13031.3
13031.3
13031.3
13031.2
13022.1
13032.4
13030.3
13027.8
13025.8
13024.1
13022.7
13021.5
13020.5
13019.7
13019
13018.4
13017.9
13017.6
13017.3
13017.1
13017
13016.9
13016.9
13016.9
13017
13017.2
13017.4
13017.6
13017.9
13018.2
13018.6
13018.9
13019.3
13019.8
13020.3
13020.8
13021.3
13021.8
13022.4
13023
13023.6
13024.2
13024.8
13025.5
13026.1
13026.8
13027.5
13028.2
13028.9
13029.7
13030.4
13031.1
13031.9
13032.6
13033.4
13034.1
13034.9
13035.7
13036.4
13037.2
13038
13038.8
13039.6
13040.3
13041.2
13042
13042.8
13043.7
13044.5
13045.4
13046.3
13047.1
13048
13048.9
13049.8
13050.7
13051.6
13052.5
13053.5
13054.4
13055.3
13056.2
13057.1
13058
13058.8
13059.7
13060.6
13061.4
13062.2
13063
13063.8
13064.6
13065.3
13065.9
13066.5
13067.1
13067.6
13068
13068.4
13068.7
13068.9
13069.1
13069.2
13069.2
13069.2
13069.2
13069.2
13069.1
13069
13068.8
13068.6
13068.3
13068.1
13067.7
13067.4
13067
13066.6
13066.1
13065.7
13065.2
13064.6
13064.1
13063.5
13062.9
13062.3
13061.6
13061
13060.3
13059.6
13058.9
13058.2
13057.4
13056.7
13055.9
13055.1
13054.3
13053.5
13052.7
13051.9
13051.1
13050.3
13049.5
13048.7
13047.9
13047.1
13046.4
13045.7
13045
13044.4
13043.8
13043.2
13042.7
13042.2
13041.8
13035.1
13032.5
13029.4
13026.8
13024.7
13023
13021.5
13020.4
13019.4
13018.6
13017.9
13017.4
13016.9
13016.6
13016.3
13016.2
13016
13016
13016
13016.1
13016.2
13016.4
13016.6
13016.8
13017.1
13017.5
13017.8
13018.2
13018.6
13019.1
13019.5
13020
13020.6
13021.1
13021.7
13022.2
13022.8
13023.4
13024
13024.7
13025.3
13026
13026.7
13027.3
13028
13028.7
13029.4
13030.1
13030.8
13031.5
13032.3
13033
13033.7
13034.4
13035.2
13035.9
13036.6
13037.4
13038.1
13038.9
13039.6
13040.4
13041.2
13042
13042.8
13043.6
13044.4
13045.3
13046.1
13046.9
13047.8
13048.6
13049.5
13050.4
13051.2
13052.1
13053
13053.8
13054.7
13055.5
13056.3
13057.2
13058
13058.8
13059.6
13060.4
13061.2
13061.9
13062.6
13063.2
13063.8
13064.4
13064.9
13065.3
13065.7
13066
13066.3
13066.5
13066.6
13066.7
13066.8
13066.8
13066.8
13066.7
13066.7
13066.5
13066.4
13066.2
13065.9
13065.7
13065.4
13065
13064.6
13064.2
13063.8
13063.4
13062.9
13062.4
13061.8
13061.3
13060.7
13060.1
13059.5
13058.9
13058.2
13057.6
13056.9
13056.2
13055.5
13054.7
13054
13053.2
13052.5
13051.7
13050.9
13050.2
13049.4
13048.6
13047.9
13047.1
13046.4
13045.7
13045
13044.4
13043.8
13043.2
13042.6
13042.1
13041.7
13041.3
13033.7
13031
13028.3
13026
13024
13022.3
13020.9
13019.7
13018.7
13017.9
13017.2
13016.7
13016.2
13015.9
13015.6
13015.5
13015.4
13015.4
13015.4
13015.5
13015.6
13015.8
13016
13016.3
13016.6
13016.9
13017.3
13017.6
13018.1
13018.5
13019
13019.5
13020
13020.5
13021.1
13021.6
13022.2
13022.8
13023.4
13024
13024.6
13025.3
13025.9
13026.6
13027.2
13027.9
13028.6
13029.2
13029.9
13030.6
13031.3
13031.9
13032.6
13033.3
13034
13034.7
13035.4
13036.1
13036.8
13037.5
13038.2
13039
13039.7
13040.5
13041.2
13042
13042.7
13043.5
13044.3
13045.1
13045.9
13046.7
13047.5
13048.3
13049.1
13049.9
13050.7
13051.5
13052.3
13053.1
13053.9
13054.7
13055.5
13056.3
13057.1
13057.8
13058.5
13059.2
13059.9
13060.6
13061.2
13061.7
13062.2
13062.7
13063.1
13063.4
13063.7
13063.9
13064.1
13064.2
13064.3
13064.3
13064.4
13064.4
13064.3
13064.2
13064.1
13064
13063.8
13063.5
13063.3
13063
13062.7
13062.3
13061.9
13061.5
13061.1
13060.6
13060.1
13059.6
13059.1
13058.6
13058
13057.4
13056.8
13056.2
13055.5
13054.9
13054.2
13053.5
13052.8
13052.1
13051.4
13050.7
13049.9
13049.2
13048.5
13047.7
13047
13046.3
13045.6
13045
13044.3
13043.7
13043.1
13042.6
13042.1
13041.6
13041.2
13040.8
13031.6
13029.5
13027.3
13025.3
13023.5
13021.9
13020.5
13019.3
13018.4
13017.5
13016.8
13016.3
13015.8
13015.5
13015.2
13015.1
13015
13014.9
13015
13015
13015.2
13015.4
13015.6
13015.9
13016.2
13016.5
13016.8
13017.2
13017.7
13018.1
13018.6
13019
13019.5
13020.1
13020.6
13021.1
13021.7
13022.3
13022.9
13023.5
13024.1
13024.7
13025.3
13025.9
13026.5
13027.2
13027.8
13028.5
13029.1
13029.7
13030.4
13031
13031.7
13032.3
13033
13033.6
13034.3
13035
13035.6
13036.3
13036.9
13037.6
13038.3
13039
13039.7
13040.4
13041.1
13041.9
13042.6
13043.3
13044
13044.8
13045.5
13046.3
13047.1
13047.8
13048.6
13049.3
13050.1
13050.9
13051.6
13052.4
13053.1
13053.9
13054.6
13055.3
13056
13056.7
13057.3
13057.9
13058.5
13059.1
13059.6
13060
13060.4
13060.8
13061.1
13061.3
13061.5
13061.7
13061.8
13061.9
13061.9
13062
13062
13061.9
13061.8
13061.7
13061.6
13061.4
13061.2
13060.9
13060.6
13060.3
13060
13059.6
13059.2
13058.8
13058.4
13057.9
13057.5
13056.9
13056.4
13055.9
13055.3
13054.7
13054.1
13053.5
13052.9
13052.3
13051.6
13050.9
13050.3
13049.6
13048.9
13048.2
13047.5
13046.8
13046.2
13045.5
13044.9
13044.2
13043.6
13043
13042.5
13041.9
13041.5
13041
13040.6
13040.3
13029.7
13028
13026.3
13024.6
13023.1
13021.6
13020.3
13019.2
13018.2
13017.4
13016.7
13016.2
13015.7
13015.3
13015.1
13014.9
13014.8
13014.7
13014.8
13014.8
13015
13015.2
13015.4
13015.6
13015.9
13016.2
13016.6
13017
13017.4
13017.8
13018.3
13018.8
13019.2
13019.8
13020.3
13020.8
13021.3
13021.9
13022.5
13023
13023.6
13024.2
13024.8
13025.4
13026
13026.6
13027.2
13027.8
13028.4
13029
13029.6
13030.2
13030.8
13031.5
13032.1
13032.7
13033.3
13033.9
13034.5
13035.1
13035.8
13036.4
13037
13037.7
13038.3
13039
13039.6
13040.3
13041
13041.6
13042.3
13043
13043.7
13044.4
13045.1
13045.8
13046.5
13047.2
13048
13048.7
13049.4
13050.1
13050.8
13051.5
13052.2
13052.9
13053.5
13054.2
13054.8
13055.4
13055.9
13056.5
13057
13057.4
13057.8
13058.2
13058.5
13058.8
13059
13059.2
13059.3
13059.4
13059.5
13059.6
13059.6
13059.6
13059.5
13059.4
13059.3
13059.2
13059
13058.8
13058.6
13058.3
13058
13057.7
13057.4
13057
13056.6
13056.2
13055.8
13055.3
13054.8
13054.3
13053.8
13053.3
13052.7
13052.2
13051.6
13051
13050.4
13049.8
13049.1
13048.5
13047.8
13047.2
13046.6
13045.9
13045.3
13044.6
13044
13043.4
13042.9
13042.3
13041.8
13041.3
13040.8
13040.4
13040.1
13039.8
13028
13026.7
13025.4
13024
13022.6
13021.4
13020.2
13019.2
13018.3
13017.5
13016.8
13016.2
13015.8
13015.4
13015.1
13014.9
13014.8
13014.8
13014.8
13014.8
13015
13015.1
13015.3
13015.6
13015.9
13016.2
13016.5
13016.9
13017.3
13017.7
13018.2
13018.6
13019.1
13019.6
13020.1
13020.6
13021.1
13021.6
13022.2
13022.7
13023.3
13023.8
13024.4
13025
13025.5
13026.1
13026.7
13027.3
13027.8
13028.4
13029
13029.5
13030.1
13030.7
13031.3
13031.8
13032.4
13033
13033.5
13034.1
13034.7
13035.3
13035.9
13036.5
13037
13037.6
13038.2
13038.9
13039.5
13040.1
13040.7
13041.4
13042
13042.6
13043.3
13043.9
13044.6
13045.2
13045.9
13046.6
13047.2
13047.9
13048.6
13049.2
13049.8
13050.5
13051.1
13051.7
13052.3
13052.9
13053.4
13054
13054.4
13054.9
13055.3
13055.7
13056
13056.3
13056.5
13056.7
13056.8
13057
13057.1
13057.2
13057.2
13057.2
13057.2
13057.2
13057.1
13057
13056.9
13056.7
13056.5
13056.3
13056
13055.8
13055.5
13055.1
13054.8
13054.4
13054
13053.6
13053.2
13052.7
13052.3
13051.8
13051.3
13050.8
13050.2
13049.7
13049.1
13048.5
13047.9
13047.3
13046.8
13046.1
13045.5
13044.9
13044.3
13043.8
13043.2
13042.6
13042.1
13041.6
13041.1
13040.6
13040.2
13039.8
13039.5
13039.2
13026.6
13025.6
13024.5
13023.4
13022.2
13021.2
13020.2
13019.2
13018.5
13017.8
13017.1
13016.5
13016
13015.7
13015.4
13015.2
13015
13015
13015
13015
13015.1
13015.3
13015.5
13015.7
13016
13016.3
13016.6
13017
13017.3
13017.7
13018.2
13018.6
13019.1
13019.5
13020
13020.5
13021
13021.5
13022
13022.5
13023.1
13023.6
13024.1
13024.7
13025.2
13025.7
13026.3
13026.8
13027.3
13027.9
13028.4
13029
13029.5
13030
13030.5
13031.1
13031.6
13032.1
13032.7
13033.2
13033.7
13034.2
13034.8
13035.3
13035.9
13036.4
13037
13037.5
13038.1
13038.6
13039.2
13039.8
13040.4
13041
13041.6
13042.1
13042.8
13043.4
13044
13044.6
13045.2
13045.8
13046.4
13047
13047.6
13048.2
13048.8
13049.4
13049.9
13050.5
13051
13051.5
13052
13052.4
13052.8
13053.2
13053.5
13053.8
13054
13054.2
13054.4
13054.5
13054.7
13054.8
13054.8
13054.9
13054.9
13054.9
13054.9
13054.8
13054.7
13054.6
13054.4
13054.2
13054
13053.8
13053.5
13053.2
13052.9
13052.6
13052.3
13051.9
13051.5
13051.1
13050.7
13050.2
13049.8
13049.3
13048.8
13048.3
13047.8
13047.3
13046.7
13046.2
13045.6
13045.1
13044.5
13044
13043.4
13042.9
13042.3
13041.8
13041.3
13040.8
13040.4
13039.9
13039.5
13039.2
13038.9
13038.7
13025.3
13024.5
13023.7
13022.8
13021.9
13021
13020.1
13019.4
13018.7
13018
13017.4
13016.9
13016.4
13016.1
13015.8
13015.6
13015.4
13015.4
13015.3
13015.4
13015.5
13015.6
13015.8
13016
13016.2
13016.5
13016.8
13017.2
13017.5
13017.9
13018.3
13018.7
13019.2
13019.6
13020.1
13020.5
13021
13021.5
13022
13022.5
13023
13023.5
13024
13024.5
13025
13025.5
13026
13026.5
13027
13027.5
13028
13028.5
13029
13029.4
13029.9
13030.4
13030.9
13031.4
13031.9
13032.4
13032.8
13033.3
13033.8
13034.3
13034.8
13035.3
13035.8
13036.3
13036.8
13037.3
13037.8
13038.3
13038.9
13039.4
13039.9
13040.5
13041
13041.6
13042.1
13042.7
13043.2
13043.8
13044.4
13044.9
13045.5
13046
13046.6
13047.1
13047.6
13048.1
13048.6
13049.1
13049.6
13050
13050.4
13050.7
13051.1
13051.4
13051.6
13051.8
13052
13052.1
13052.3
13052.4
13052.5
13052.6
13052.6
13052.6
13052.6
13052.6
13052.5
13052.4
13052.3
13052.2
13052
13051.8
13051.6
13051.3
13051.1
13050.8
13050.5
13050.2
13049.8
13049.5
13049.1
13048.7
13048.3
13047.9
13047.4
13046.9
13046.5
13046
13045.5
13045
13044.5
13044
13043.5
13042.9
13042.4
13041.9
13041.4
13041
13040.5
13040
13039.6
13039.2
13038.9
13038.6
13038.3
13038.1
13024.2
13023.6
13023
13022.3
13021.6
13020.9
13020.2
13019.6
13018.9
13018.3
13017.8
13017.4
13016.9
13016.6
13016.3
13016.1
13016
13015.9
13015.9
13015.9
13016
13016.1
13016.2
13016.4
13016.7
13016.9
13017.2
13017.5
13017.9
13018.2
13018.6
13019
13019.4
13019.8
13020.2
13020.7
13021.1
13021.6
13022
13022.5
13023
13023.4
13023.9
13024.4
13024.8
13025.3
13025.8
13026.2
13026.7
13027.1
13027.6
13028.1
13028.5
13029
13029.4
13029.9
13030.3
13030.8
13031.2
13031.6
13032.1
13032.5
13032.9
13033.4
13033.8
13034.3
13034.7
13035.2
13035.6
13036.1
13036.5
13037
13037.5
13037.9
13038.4
13038.9
13039.4
13039.9
13040.4
13040.9
13041.4
13041.9
13042.4
13042.9
13043.4
13043.9
13044.4
13044.9
13045.4
13045.9
13046.4
13046.8
13047.2
13047.6
13048
13048.4
13048.7
13049
13049.2
13049.4
13049.6
13049.8
13049.9
13050.1
13050.2
13050.3
13050.3
13050.4
13050.4
13050.4
13050.3
13050.3
13050.2
13050.1
13050
13049.8
13049.6
13049.4
13049.2
13049
13048.7
13048.4
13048.1
13047.8
13047.5
13047.1
13046.8
13046.4
13046
13045.6
13045.1
13044.7
13044.2
13043.8
13043.3
13042.9
13042.4
13041.9
13041.4
13041
13040.5
13040.1
13039.7
13039.2
13038.9
13038.5
13038.2
13037.9
13037.7
13037.5
13023.2
13022.9
13022.4
13021.9
13021.4
13020.8
13020.2
13019.7
13019.2
13018.7
13018.3
13017.9
13017.4
13017.1
13016.9
13016.7
13016.6
13016.5
13016.5
13016.5
13016.6
13016.7
13016.8
13017
13017.2
13017.5
13017.7
13018
13018.3
13018.7
13019
13019.4
13019.7
13020.1
13020.5
13020.9
13021.4
13021.8
13022.2
13022.6
13023.1
13023.5
13023.9
13024.4
13024.8
13025.2
13025.6
13026.1
13026.5
13026.9
13027.3
13027.7
13028.2
13028.6
13029
13029.4
13029.8
13030.2
13030.6
13031
13031.4
13031.7
13032.2
13032.6
13033
13033.4
13033.8
13034.2
13034.6
13035
13035.4
13035.8
13036.2
13036.6
13037
13037.4
13037.9
13038.3
13038.8
13039.2
13039.7
13040.1
13040.6
13041.1
13041.5
13042
13042.4
13042.9
13043.3
13043.8
13044.2
13044.6
13045
13045.4
13045.7
13046.1
13046.4
13046.7
13046.9
13047.1
13047.3
13047.5
13047.6
13047.8
13047.9
13048
13048.1
13048.2
13048.2
13048.2
13048.2
13048.2
13048.1
13048
13047.9
13047.8
13047.7
13047.5
13047.3
13047.1
13046.9
13046.7
13046.4
13046.1
13045.8
13045.5
13045.2
13044.9
13044.5
13044.1
13043.8
13043.4
13043
13042.6
13042.1
13041.7
13041.3
13040.9
13040.4
13040
13039.6
13039.2
13038.8
13038.4
13038.1
13037.8
13037.5
13037.2
13037
13036.9
13022.4
13022.2
13021.9
13021.5
13021.2
13020.7
13020.3
13019.9
13019.5
13019.1
13018.8
13018.4
13018.1
13017.8
13017.6
13017.5
13017.3
13017.3
13017.2
13017.3
13017.3
13017.4
13017.5
13017.7
13017.9
13018.1
13018.3
13018.6
13018.9
13019.2
13019.5
13019.9
13020.2
13020.6
13020.9
13021.3
13021.7
13022.1
13022.5
13022.8
13023.2
13023.6
13024
13024.4
13024.8
13025.2
13025.6
13026
13026.4
13026.8
13027.1
13027.5
13027.9
13028.2
13028.6
13029
13029.3
13029.7
13030
13030.4
13030.7
13031.1
13031.4
13031.8
13032.1
13032.5
13032.9
13033.2
13033.6
13033.9
13034.3
13034.7
13035
13035.4
13035.7
13036.1
13036.5
13036.9
13037.3
13037.7
13038.1
13038.5
13038.9
13039.3
13039.7
13040.1
13040.5
13040.9
13041.3
13041.7
13042.1
13042.5
13042.9
13043.2
13043.6
13043.9
13044.2
13044.4
13044.7
13044.9
13045.1
13045.3
13045.4
13045.6
13045.7
13045.8
13045.9
13046
13046
13046.1
13046.1
13046.1
13046.1
13046
13045.9
13045.8
13045.7
13045.6
13045.5
13045.3
13045.1
13044.9
13044.7
13044.5
13044.2
13043.9
13043.7
13043.4
13043.1
13042.7
13042.4
13042
13041.7
13041.3
13041
13040.6
13040.2
13039.8
13039.4
13039
13038.7
13038.3
13037.9
13037.6
13037.3
13037
13036.8
13036.5
13036.4
13036.2
13021.7
13021.6
13021.4
13021.2
13021
13020.7
13020.5
13020.2
13019.9
13019.6
13019.3
13019
13018.7
13018.5
13018.4
13018.2
13018.2
13018.1
13018.1
13018.1
13018.1
13018.2
13018.3
13018.5
13018.7
13018.9
13019.1
13019.3
13019.6
13019.8
13020.1
13020.4
13020.8
13021.1
13021.4
13021.7
13022.1
13022.4
13022.8
13023.2
13023.5
13023.9
13024.2
13024.6
13024.9
13025.3
13025.6
13026
13026.3
13026.7
13027
13027.3
13027.7
13028
13028.3
13028.6
13029
13029.3
13029.6
13029.9
13030.2
13030.5
13030.8
13031.1
13031.4
13031.7
13032
13032.4
13032.7
13033
13033.3
13033.6
13034
13034.3
13034.6
13034.9
13035.2
13035.6
13035.9
13036.2
13036.6
13036.9
13037.3
13037.6
13038
13038.4
13038.7
13039.1
13039.5
13039.8
13040.2
13040.5
13040.9
13041.2
13041.5
13041.8
13042.1
13042.3
13042.5
13042.7
13042.9
13043.1
13043.3
13043.4
13043.6
13043.7
13043.8
13043.9
13043.9
13044
13044
13044
13044
13044
13044
13043.9
13043.8
13043.7
13043.6
13043.5
13043.3
13043.2
13043
13042.8
13042.6
13042.4
13042.1
13041.9
13041.6
13041.3
13041
13040.7
13040.4
13040.1
13039.8
13039.4
13039.1
13038.7
13038.4
13038.1
13037.7
13037.4
13037.1
13036.8
13036.5
13036.2
13036
13035.8
13035.7
13035.6
13021.1
13021.1
13021.1
13021
13020.9
13020.8
13020.7
13020.5
13020.3
13020
13019.8
13019.6
13019.4
13019.3
13019.2
13019.1
13019
13019
13019
13019
13019.1
13019.1
13019.2
13019.4
13019.5
13019.7
13019.9
13020.1
13020.3
13020.6
13020.8
13021.1
13021.4
13021.7
13022
13022.3
13022.6
13022.9
13023.2
13023.5
13023.8
13024.2
13024.5
13024.8
13025.1
13025.4
13025.7
13026.1
13026.4
13026.7
13027
13027.3
13027.5
13027.8
13028.1
13028.4
13028.7
13028.9
13029.2
13029.5
13029.7
13030
13030.3
13030.5
13030.8
13031.1
13031.3
13031.6
13031.9
13032.1
13032.4
13032.7
13032.9
13033.2
13033.5
13033.8
13034.1
13034.4
13034.7
13034.9
13035.2
13035.5
13035.8
13036.1
13036.4
13036.7
13037.1
13037.4
13037.7
13038
13038.3
13038.6
13038.9
13039.2
13039.5
13039.8
13040.1
13040.3
13040.5
13040.7
13040.8
13041
13041.2
13041.3
13041.5
13041.6
13041.7
13041.8
13041.9
13042
13042
13042
13042
13042
13042
13042
13041.9
13041.9
13041.8
13041.7
13041.6
13041.4
13041.3
13041.1
13041
13040.8
13040.6
13040.4
13040.1
13039.9
13039.6
13039.4
13039.1
13038.8
13038.6
13038.3
13038
13037.7
13037.4
13037.1
13036.8
13036.5
13036.2
13035.9
13035.7
13035.5
13035.3
13035.1
13035
13034.9
13020.7
13020.8
13020.9
13020.9
13020.9
13020.9
13020.9
13020.8
13020.7
13020.5
13020.4
13020.3
13020.2
13020.1
13020
13020
13020
13019.9
13019.9
13020
13020
13020.1
13020.2
13020.3
13020.4
13020.6
13020.8
13020.9
13021.1
13021.4
13021.6
13021.8
13022.1
13022.3
13022.6
13022.9
13023.1
13023.4
13023.7
13024
13024.2
13024.5
13024.8
13025.1
13025.4
13025.6
13025.9
13026.2
13026.4
13026.7
13027
13027.2
13027.5
13027.7
13028
13028.2
13028.4
13028.7
13028.9
13029.1
13029.3
13029.5
13029.8
13030
13030.2
13030.5
13030.7
13030.9
13031.1
13031.3
13031.6
13031.8
13032
13032.3
13032.5
13032.7
13033
13033.2
13033.5
13033.8
13034
13034.2
13034.5
13034.7
13035
13035.2
13035.5
13035.8
13036.1
13036.3
13036.6
13036.9
13037.2
13037.4
13037.7
13037.9
13038.2
13038.4
13038.5
13038.7
13038.9
13039.1
13039.2
13039.4
13039.5
13039.6
13039.7
13039.8
13039.9
13040
13040.1
13040.1
13040.1
13040.1
13040.1
13040.1
13040.1
13040.1
13040
13039.9
13039.9
13039.8
13039.6
13039.5
13039.4
13039.2
13039.1
13038.9
13038.7
13038.5
13038.3
13038.1
13037.8
13037.6
13037.4
13037.1
13036.9
13036.6
13036.3
13036.1
13035.8
13035.6
13035.3
13035.1
13034.9
13034.7
13034.5
13034.4
13034.3
13034.2
13020.4
13020.6
13020.8
13021
13021.1
13021.2
13021.2
13021.3
13021.2
13021.2
13021.1
13021.1
13021
13021
13021
13020.9
13020.9
13020.9
13020.9
13021
13021
13021.1
13021.2
13021.3
13021.4
13021.5
13021.7
13021.8
13022
13022.2
13022.4
13022.6
13022.8
13023
13023.3
13023.5
13023.7
13024
13024.2
13024.5
13024.7
13024.9
13025.2
13025.4
13025.7
13025.9
13026.1
13026.3
13026.6
13026.8
13027
13027.2
13027.4
13027.6
13027.9
13028.1
13028.2
13028.4
13028.6
13028.8
13029
13029.2
13029.4
13029.6
13029.7
13029.9
13030.1
13030.3
13030.5
13030.7
13030.8
13031
13031.2
13031.4
13031.6
13031.8
13032
13032.2
13032.4
13032.6
13032.8
13033.1
13033.3
13033.5
13033.7
13033.9
13034.1
13034.3
13034.6
13034.8
13035
13035.3
13035.5
13035.7
13036
13036.2
13036.4
13036.6
13036.7
13036.9
13037.1
13037.2
13037.4
13037.5
13037.6
13037.8
13037.9
13038
13038.1
13038.1
13038.2
13038.3
13038.3
13038.3
13038.3
13038.3
13038.3
13038.3
13038.3
13038.2
13038.2
13038.1
13038
13037.9
13037.8
13037.7
13037.6
13037.4
13037.3
13037.1
13037
13036.8
13036.6
13036.4
13036.2
13036
13035.8
13035.5
13035.3
13035.1
13034.9
13034.7
13034.5
13034.3
13034.1
13033.9
13033.8
13033.7
13033.6
13033.6
13020.3
13020.7
13020.9
13021.2
13021.4
13021.5
13021.7
13021.7
13021.8
13021.8
13021.9
13021.9
13021.9
13021.9
13021.9
13021.9
13021.9
13021.9
13022
13022
13022.1
13022.1
13022.2
13022.3
13022.4
13022.5
13022.6
13022.8
13022.9
13023.1
13023.2
13023.4
13023.6
13023.8
13024
13024.2
13024.4
13024.6
13024.8
13025
13025.2
13025.4
13025.6
13025.8
13026
13026.2
13026.4
13026.6
13026.7
13026.9
13027.1
13027.3
13027.5
13027.6
13027.8
13028
13028.1
13028.3
13028.4
13028.6
13028.7
13028.9
13029
13029.2
13029.3
13029.5
13029.6
13029.8
13029.9
13030
13030.2
13030.3
13030.5
13030.6
13030.8
13030.9
13031.1
13031.3
13031.4
13031.6
13031.8
13032
13032.1
13032.3
13032.5
13032.7
13032.8
13033
13033.2
13033.4
13033.6
13033.8
13034
13034.2
13034.4
13034.6
13034.7
13034.9
13035.1
13035.2
13035.3
13035.5
13035.6
13035.8
13035.9
13036
13036.1
13036.2
13036.3
13036.4
13036.4
13036.5
13036.5
13036.6
13036.6
13036.6
13036.6
13036.6
13036.6
13036.6
13036.6
13036.5
13036.5
13036.4
13036.3
13036.2
13036.1
13036
13035.9
13035.8
13035.7
13035.5
13035.4
13035.2
13035
13034.9
13034.7
13034.5
13034.3
13034.1
13033.9
13033.8
13033.6
13033.4
13033.3
13033.1
13033
13033
13032.9
13032.9
13020.4
13020.8
13021.2
13021.5
13021.8
13022
13022.2
13022.4
13022.5
13022.6
13022.7
13022.8
13022.8
13022.8
13022.9
13022.9
13023
13023
13023
13023.1
13023.1
13023.2
13023.3
13023.3
13023.4
13023.5
13023.6
13023.7
13023.8
13024
13024.1
13024.2
13024.4
13024.5
13024.7
13024.9
13025
13025.2
13025.3
13025.5
13025.7
13025.8
13026
13026.2
13026.3
13026.5
13026.6
13026.8
13027
13027.1
13027.2
13027.4
13027.5
13027.7
13027.8
13027.9
13028
13028.2
13028.3
13028.4
13028.5
13028.6
13028.7
13028.8
13029
13029.1
13029.2
13029.3
13029.4
13029.5
13029.6
13029.7
13029.8
13030
13030.1
13030.2
13030.3
13030.4
13030.6
13030.7
13030.8
13031
13031.1
13031.2
13031.4
13031.6
13031.7
13031.8
13032
13032.1
13032.2
13032.4
13032.6
13032.7
13032.9
13033.1
13033.2
13033.4
13033.5
13033.6
13033.8
13033.9
13034
13034.1
13034.2
13034.3
13034.4
13034.5
13034.6
13034.7
13034.8
13034.8
13034.9
13034.9
13035
13035
13035
13035
13035.1
13035
13035
13035
13035
13034.9
13034.9
13034.8
13034.8
13034.7
13034.6
13034.5
13034.4
13034.3
13034.2
13034
13033.9
13033.8
13033.6
13033.5
13033.3
13033.2
13033
13032.9
13032.8
13032.6
13032.5
13032.4
13032.3
13032.2
13032.2
13032.2
13020.7
13021.2
13021.6
13022
13022.4
13022.7
13022.9
13023.1
13023.3
13023.5
13023.6
13023.7
13023.8
13023.8
13023.9
13023.9
13024
13024
13024.1
13024.1
13024.2
13024.2
13024.3
13024.4
13024.4
13024.5
13024.6
13024.7
13024.8
13024.9
13025
13025.1
13025.2
13025.3
13025.4
13025.5
13025.7
13025.8
13025.9
13026.1
13026.2
13026.3
13026.4
13026.6
13026.7
13026.8
13026.9
13027.1
13027.2
13027.3
13027.4
13027.5
13027.6
13027.7
13027.8
13027.9
13028
13028.1
13028.2
13028.2
13028.3
13028.4
13028.5
13028.6
13028.6
13028.7
13028.8
13028.9
13029
13029
13029.1
13029.2
13029.3
13029.3
13029.4
13029.5
13029.6
13029.7
13029.8
13029.9
13030
13030.1
13030.2
13030.3
13030.4
13030.5
13030.6
13030.8
13030.9
13031
13031.1
13031.2
13031.3
13031.5
13031.6
13031.7
13031.9
13032
13032.1
13032.2
13032.3
13032.4
13032.5
13032.6
13032.7
13032.8
13032.9
13033
13033.1
13033.2
13033.2
13033.3
13033.4
13033.4
13033.5
13033.5
13033.5
13033.6
13033.6
13033.6
13033.6
13033.6
13033.6
13033.6
13033.5
13033.5
13033.5
13033.4
13033.3
13033.3
13033.2
13033.1
13033
13032.9
13032.9
13032.7
13032.6
13032.5
13032.4
13032.3
13032.2
13032.1
13032
13031.8
13031.7
13031.7
13031.6
13031.6
13031.5
13031.5
13021.3
13021.8
13022.3
13022.7
13023.1
13023.5
13023.8
13024
13024.2
13024.4
13024.5
13024.7
13024.8
13024.9
13024.9
13025
13025
13025.1
13025.1
13025.2
13025.2
13025.3
13025.3
13025.4
13025.4
13025.5
13025.5
13025.6
13025.6
13025.7
13025.8
13025.9
13026
13026
13026.1
13026.2
13026.3
13026.4
13026.5
13026.6
13026.7
13026.8
13026.9
13027
13027.1
13027.1
13027.2
13027.3
13027.4
13027.5
13027.6
13027.6
13027.7
13027.8
13027.8
13027.9
13028
13028
13028.1
13028.1
13028.2
13028.2
13028.3
13028.3
13028.4
13028.4
13028.5
13028.5
13028.6
13028.6
13028.7
13028.7
13028.8
13028.8
13028.9
13028.9
13029
13029.1
13029.1
13029.2
13029.2
13029.3
13029.4
13029.5
13029.5
13029.6
13029.7
13029.8
13029.9
13030
13030.1
13030.2
13030.2
13030.3
13030.4
13030.5
13030.7
13030.8
13030.8
13030.9
13031
13031.1
13031.2
13031.3
13031.4
13031.5
13031.6
13031.6
13031.7
13031.8
13031.8
13031.9
13032
13032
13032.1
13032.1
13032.1
13032.2
13032.2
13032.2
13032.3
13032.3
13032.3
13032.3
13032.3
13032.3
13032.2
13032.2
13032.2
13032.1
13032.1
13032
13032
13031.9
13031.8
13031.8
13031.7
13031.6
13031.5
13031.4
13031.4
13031.3
13031.2
13031.1
13031
13031
13030.9
13030.9
13030.9
13030.9
13022.1
13022.6
13023.2
13023.6
13024.1
13024.4
13024.7
13025
13025.2
13025.4
13025.6
13025.7
13025.8
13025.9
13026
13026
13026.1
13026.1
13026.2
13026.2
13026.2
13026.2
13026.3
13026.3
13026.3
13026.4
13026.4
13026.4
13026.5
13026.5
13026.6
13026.6
13026.7
13026.7
13026.8
13026.9
13026.9
13027
13027
13027.1
13027.2
13027.2
13027.3
13027.3
13027.4
13027.5
13027.5
13027.6
13027.6
13027.7
13027.7
13027.8
13027.8
13027.9
13027.9
13027.9
13028
13028
13028
13028
13028.1
13028.1
13028.1
13028.2
13028.2
13028.2
13028.2
13028.2
13028.3
13028.3
13028.3
13028.3
13028.4
13028.4
13028.4
13028.4
13028.5
13028.5
13028.5
13028.6
13028.6
13028.7
13028.7
13028.7
13028.8
13028.9
13028.9
13029
13029
13029.1
13029.2
13029.3
13029.3
13029.4
13029.4
13029.5
13029.6
13029.7
13029.7
13029.8
13029.9
13030
13030
13030.1
13030.2
13030.3
13030.3
13030.4
13030.5
13030.5
13030.6
13030.7
13030.7
13030.8
13030.8
13030.9
13030.9
13030.9
13031
13031
13031
13031.1
13031.1
13031.1
13031.1
13031.1
13031.1
13031.1
13031.1
13031.1
13031.1
13031
13031
13031
13030.9
13030.9
13030.8
13030.8
13030.7
13030.6
13030.6
13030.5
13030.5
13030.4
13030.4
13030.3
13030.3
13030.3
13030.3
13030.3
13023.2
13023.8
13024.3
13024.8
13025.2
13025.6
13025.9
13026.1
13026.4
13026.5
13026.7
13026.8
13026.9
13026.9
13027
13027
13027.1
13027.1
13027.1
13027.1
13027.1
13027.2
13027.2
13027.2
13027.2
13027.2
13027.2
13027.2
13027.2
13027.3
13027.3
13027.3
13027.3
13027.4
13027.4
13027.4
13027.5
13027.5
13027.5
13027.6
13027.6
13027.6
13027.7
13027.7
13027.7
13027.8
13027.8
13027.8
13027.8
13027.9
13027.9
13027.9
13027.9
13027.9
13028
13028
13028
13028
13028
13028
13028
13028
13028
13028
13028
13028
13028
13028
13028
13028
13028
13028
13028
13028
13028
13028
13028
13028
13028.1
13028.1
13028.1
13028.1
13028.1
13028.1
13028.2
13028.2
13028.2
13028.3
13028.3
13028.4
13028.4
13028.5
13028.5
13028.6
13028.6
13028.6
13028.7
13028.7
13028.8
13028.9
13028.9
13029
13029
13029.1
13029.2
13029.2
13029.3
13029.3
13029.4
13029.5
13029.5
13029.6
13029.6
13029.7
13029.7
13029.8
13029.8
13029.9
13029.9
13029.9
13030
13030
13030
13030.1
13030.1
13030.1
13030.1
13030.1
13030.1
13030.1
13030.1
13030.1
13030.1
13030.1
13030.1
13030.1
13030
13030
13030
13029.9
13029.9
13029.9
13029.8
13029.8
13029.8
13029.7
13029.7
13029.7
13029.7
13029.7
13024.7
13025.2
13025.7
13026.2
13026.5
13026.9
13027.1
13027.3
13027.5
13027.6
13027.8
13027.8
13027.9
13027.9
13028
13028
13028
13028
13028
13028
13028
13028
13027.9
13027.9
13027.9
13027.9
13027.9
13027.9
13027.9
13027.9
13027.9
13027.9
13027.9
13027.9
13027.9
13027.9
13027.9
13027.9
13027.9
13028
13028
13028
13028
13028
13028
13028
13028
13028
13028
13028
13028
13028
13028
13028
13028
13028
13028
13028
13028
13027.9
13027.9
13027.9
13027.9
13027.9
13027.9
13027.9
13027.8
13027.8
13027.8
13027.8
13027.8
13027.8
13027.7
13027.7
13027.7
13027.7
13027.7
13027.7
13027.7
13027.7
13027.7
13027.6
13027.6
13027.7
13027.7
13027.7
13027.7
13027.7
13027.7
13027.7
13027.8
13027.8
13027.8
13027.9
13027.9
13028
13028
13028
13028
13028.1
13028.1
13028.1
13028.2
13028.2
13028.3
13028.4
13028.4
13028.5
13028.5
13028.6
13028.6
13028.7
13028.7
13028.8
13028.8
13028.8
13028.9
13028.9
13029
13029
13029.1
13029.1
13029.2
13029.2
13029.2
13029.2
13029.3
13029.3
13029.3
13029.3
13029.3
13029.4
13029.4
13029.4
13029.4
13029.4
13029.4
13029.3
13029.3
13029.3
13029.3
13029.3
13029.3
13029.2
13029.2
13029.2
13029.2
13029.2
13029.2
13029.3
13026.7
13027.2
13027.5
13027.9
13028.1
13028.3
13028.5
13028.6
13028.7
13028.8
13028.8
13028.8
13028.8
13028.8
13028.8
13028.8
13028.8
13028.8
13028.7
13028.7
13028.7
13028.6
13028.6
13028.6
13028.5
13028.5
13028.5
13028.5
13028.4
13028.4
13028.4
13028.4
13028.4
13028.3
13028.3
13028.3
13028.3
13028.3
13028.3
13028.3
13028.3
13028.3
13028.2
13028.2
13028.2
13028.2
13028.2
13028.2
13028.2
13028.2
13028.1
13028.1
13028.1
13028.1
13028.1
13028
13028
13028
13028
13027.9
13027.9
13027.9
13027.8
13027.8
13027.8
13027.7
13027.7
13027.7
13027.7
13027.6
13027.6
13027.6
13027.5
13027.5
13027.5
13027.4
13027.4
13027.4
13027.4
13027.3
13027.3
13027.3
13027.3
13027.3
13027.3
13027.3
13027.3
13027.3
13027.3
13027.3
13027.3
13027.3
13027.3
13027.3
13027.4
13027.4
13027.4
13027.4
13027.5
13027.5
13027.5
13027.5
13027.5
13027.6
13027.6
13027.7
13027.7
13027.8
13027.8
13027.8
13027.9
13027.9
13028
13028
13028.1
13028.1
13028.2
13028.2
13028.3
13028.3
13028.4
13028.4
13028.4
13028.5
13028.5
13028.6
13028.6
13028.6
13028.7
13028.7
13028.7
13028.7
13028.8
13028.8
13028.8
13028.8
13028.8
13028.8
13028.8
13028.8
13028.8
13028.8
13028.8
13028.8
13028.8
13028.8
13028.8
13028.8
13028.8
13028.9
13028.5
13028.8
13029.1
13029.3
13029.4
13029.5
13029.6
13029.6
13029.6
13029.6
13029.6
13029.6
13029.5
13029.5
13029.5
13029.4
13029.4
13029.3
13029.3
13029.2
13029.2
13029.1
13029.1
13029
13029
13028.9
13028.9
13028.8
13028.8
13028.8
13028.7
13028.7
13028.7
13028.6
13028.6
13028.6
13028.6
13028.5
13028.5
13028.5
13028.5
13028.4
13028.4
13028.4
13028.4
13028.4
13028.3
13028.3
13028.3
13028.2
13028.2
13028.2
13028.2
13028.1
13028.1
13028.1
13028
13028
13028
13027.9
13027.9
13027.8
13027.8
13027.8
13027.7
13027.7
13027.6
13027.6
13027.6
13027.5
13027.5
13027.4
13027.4
13027.4
13027.3
13027.3
13027.2
13027.2
13027.2
13027.1
13027.1
13027.1
13027.1
13027
13027
13027
13027
13027
13027
13026.9
13026.9
13026.9
13027
13027
13027
13027
13027
13027
13027
13027
13027.1
13027.1
13027.1
13027.1
13027.2
13027.2
13027.2
13027.3
13027.3
13027.4
13027.4
13027.4
13027.5
13027.5
13027.6
13027.6
13027.7
13027.7
13027.8
13027.8
13027.8
13027.9
13027.9
13028
13028
13028.1
13028.1
13028.1
13028.2
13028.2
13028.3
13028.3
13028.3
13028.3
13028.4
13028.4
13028.4
13028.4
13028.4
13028.4
13028.5
13028.5
13028.5
13028.5
13028.5
13028.5
13028.5
13028.5
13028.5
13028.6
13031.1
13031
13030.9
13030.8
13030.7
13030.6
13030.5
13030.4
13030.3
13030.2
13030.2
13030.1
13030
13029.9
13029.8
13029.8
13029.7
13029.6
13029.6
13029.5
13029.4
13029.4
13029.3
13029.3
13029.2
13029.2
13029.1
13029.1
13029
13029
13028.9
13028.9
13028.8
13028.8
13028.8
13028.7
13028.7
13028.7
13028.6
13028.6
13028.6
13028.5
13028.5
13028.5
13028.5
13028.4
13028.4
13028.4
13028.3
13028.3
13028.3
13028.2
13028.2
13028.2
13028.1
13028.1
13028
13028
13027.9
13027.9
13027.8
13027.8
13027.8
13027.7
13027.7
13027.6
13027.6
13027.5
13027.5
13027.5
13027.4
13027.4
13027.3
13027.3
13027.2
13027.2
13027.1
13027.1
13027.1
13027
13027
13027
13026.9
13026.9
13026.9
13026.8
13026.8
13026.8
13026.8
13026.8
13026.8
13026.8
13026.8
13026.8
13026.8
13026.8
13026.8
13026.8
13026.8
13026.8
13026.8
13026.9
13026.9
13026.9
13026.9
13027
13027
13027
13027.1
13027.1
13027.1
13027.2
13027.2
13027.2
13027.3
13027.3
13027.4
13027.4
13027.5
13027.5
13027.6
13027.6
13027.7
13027.7
13027.7
13027.8
13027.8
13027.9
13027.9
13028
13028
13028
13028.1
13028.1
13028.1
13028.2
13028.2
13028.2
13028.2
13028.2
13028.3
13028.3
13028.3
13028.3
13028.3
13028.3
13028.3
13028.4
13028.4
13028.4
13041.5
13041.3
13041.1
13041
13040.9
13040.9
13040.8
13040.8
13040.9
13040.9
13041.1
13041.2
13041.2
13041.4
13041.6
13041.8
13042.2
13042.4
13042.3
13042.1
13041.9
13042
13041.9
13041.7
13041.6
13041.4
13041.2
13040.9
13040.6
13040.4
13040.1
13039.8
13039.5
13039.2
13038.9
13038.7
13038.5
13038.3
13038.1
13037.9
13037.7
13037.6
13037.4
13037.3
13037.1
13037.1
13037.1
13037.2
13037.2
13037.3
13037.4
13037.4
13037.3
13037.2
13037
13036.8
13036.5
13036.3
13036.1
13035.9
13035.6
13035.3
13035.1
13034.9
13034.8
13034.7
13034.7
13034.9
13035.1
13035.3
13035.5
13035.7
13035.9
13036
13036.1
13036.1
13036.1
13036.1
13035.9
13035.9
13035.8
13035.9
13036
13036.1
13036.2
13036.2
13036.2
13036.2
13036.1
13036.1
13036.1
13036.1
13036.1
13036.2
13036.4
13036.4
13036.6
13036.6
13036.8
13036.7
13041
13040.9
13040.7
13040.6
13040.5
13040.5
13040.5
13040.5
13040.6
13040.7
13040.8
13040.9
13041
13041.1
13041.3
13041.6
13041.9
13042.2
13042.1
13041.8
13041.7
13041.7
13041.7
13041.5
13041.4
13041.2
13041
13040.7
13040.5
13040.2
13039.9
13039.6
13039.3
13039
13038.7
13038.5
13038.3
13038
13037.8
13037.6
13037.5
13037.3
13037.2
13037.1
13036.9
13036.9
13036.9
13037
13037
13037.1
13037.1
13037.1
13037.1
13036.9
13036.8
13036.6
13036.3
13036
13035.8
13035.6
13035.2
13034.9
13034.7
13034.5
13034.3
13034.3
13034.3
13034.4
13034.6
13034.8
13035
13035.2
13035.4
13035.5
13035.6
13035.7
13035.7
13035.6
13035.5
13035.4
13035.4
13035.5
13035.6
13035.7
13035.8
13035.8
13035.8
13035.8
13035.7
13035.7
13035.7
13035.7
13035.8
13035.8
13036
13036.1
13036.3
13036.3
13036.5
13036.4
13040.6
13040.4
13040.3
13040.2
13040.1
13040.1
13040.2
13040.2
13040.3
13040.4
13040.5
13040.7
13040.8
13040.9
13041.1
13041.3
13041.7
13041.9
13041.8
13041.6
13041.5
13041.5
13041.5
13041.3
13041.2
13041.1
13040.8
13040.6
13040.3
13040
13039.7
13039.4
13039.1
13038.7
13038.5
13038.2
13038
13037.8
13037.6
13037.4
13037.2
13037.1
13036.9
13036.8
13036.7
13036.7
13036.7
13036.8
13036.8
13036.9
13036.9
13036.9
13036.8
13036.7
13036.5
13036.3
13036
13035.7
13035.5
13035.3
13034.9
13034.5
13034.2
13034
13033.9
13033.8
13033.8
13033.9
13034.1
13034.3
13034.5
13034.8
13034.9
13035.1
13035.2
13035.2
13035.2
13035.1
13035
13035
13035
13035.1
13035.2
13035.3
13035.4
13035.4
13035.4
13035.4
13035.3
13035.3
13035.3
13035.4
13035.4
13035.5
13035.6
13035.7
13035.9
13035.9
13036.1
13036
13040.1
13040
13039.8
13039.8
13039.7
13039.7
13039.8
13039.9
13039.9
13040.1
13040.3
13040.4
13040.5
13040.6
13040.8
13041
13041.4
13041.7
13041.6
13041.4
13041.3
13041.3
13041.3
13041.1
13041
13040.9
13040.6
13040.4
13040.1
13039.8
13039.5
13039.2
13038.8
13038.5
13038.3
13038
13037.8
13037.5
13037.3
13037.1
13037
13036.8
13036.7
13036.6
13036.5
13036.5
13036.5
13036.5
13036.6
13036.7
13036.7
13036.7
13036.6
13036.5
13036.3
13036.1
13035.8
13035.4
13035.2
13034.9
13034.5
13034.1
13033.8
13033.6
13033.4
13033.3
13033.3
13033.4
13033.6
13033.8
13034
13034.3
13034.5
13034.6
13034.7
13034.7
13034.7
13034.7
13034.6
13034.6
13034.6
13034.6
13034.8
13034.8
13034.9
13034.9
13034.9
13034.9
13034.9
13034.9
13034.9
13035
13035
13035.1
13035.3
13035.4
13035.6
13035.6
13035.8
13035.7
13039.6
13039.5
13039.4
13039.3
13039.3
13039.3
13039.4
13039.5
13039.6
13039.7
13039.9
13040.1
13040.2
13040.3
13040.5
13040.7
13041.1
13041.4
13041.3
13041.1
13041
13041.1
13041.1
13040.9
13040.8
13040.7
13040.4
13040.2
13039.9
13039.6
13039.3
13039
13038.6
13038.3
13038
13037.7
13037.5
13037.3
13037
13036.9
13036.7
13036.6
13036.4
13036.3
13036.2
13036.2
13036.3
13036.3
13036.4
13036.4
13036.5
13036.4
13036.4
13036.3
13036
13035.8
13035.5
13035.2
13034.9
13034.6
13034.2
13033.8
13033.4
13033.2
13033
13032.8
13032.8
13033
13033.1
13033.3
13033.5
13033.8
13034
13034.1
13034.3
13034.3
13034.3
13034.2
13034.1
13034.1
13034.2
13034.2
13034.3
13034.4
13034.5
13034.5
13034.5
13034.5
13034.5
13034.5
13034.5
13034.6
13034.6
13034.7
13034.9
13035
13035.2
13035.3
13035.5
13035.4
13039.1
13039
13038.9
13038.9
13038.9
13038.9
13039
13039.1
13039.2
13039.4
13039.6
13039.8
13039.9
13040
13040.2
13040.5
13040.8
13041.1
13041
13040.9
13040.8
13040.9
13040.8
13040.7
13040.6
13040.5
13040.3
13040
13039.7
13039.4
13039.1
13038.7
13038.4
13038
13037.8
13037.5
13037.2
13037
13036.8
13036.6
13036.4
13036.3
13036.2
13036.1
13036
13036
13036
13036.1
13036.2
13036.2
13036.2
13036.2
13036.1
13036
13035.8
13035.6
13035.3
13034.9
13034.6
13034.3
13033.8
13033.4
13033
13032.7
13032.5
13032.4
13032.3
13032.5
13032.6
13032.8
13033
13033.3
13033.5
13033.7
13033.8
13033.8
13033.8
13033.7
13033.7
13033.7
13033.7
13033.8
13033.9
13034
13034.1
13034.1
13034.1
13034.1
13034.1
13034.1
13034.1
13034.2
13034.2
13034.3
13034.6
13034.6
13034.9
13034.9
13035.1
13035.1
13038.5
13038.5
13038.4
13038.4
13038.4
13038.5
13038.6
13038.7
13038.8
13039
13039.3
13039.5
13039.5
13039.7
13039.9
13040.1
13040.5
13040.8
13040.8
13040.6
13040.5
13040.6
13040.6
13040.5
13040.4
13040.3
13040
13039.8
13039.5
13039.2
13038.9
13038.5
13038.2
13037.8
13037.5
13037.2
13037
13036.7
13036.5
13036.3
13036.1
13036
13035.9
13035.8
13035.7
13035.7
13035.8
13035.9
13035.9
13036
13036
13036
13035.9
13035.8
13035.6
13035.3
13035
13034.6
13034.3
13034
13033.5
13033
13032.6
13032.3
13032
13031.9
13031.8
13032
13032.2
13032.3
13032.5
13032.8
13033
13033.2
13033.3
13033.3
13033.3
13033.3
13033.2
13033.3
13033.3
13033.4
13033.5
13033.6
13033.6
13033.7
13033.7
13033.7
13033.7
13033.7
13033.8
13033.8
13033.9
13034
13034.2
13034.3
13034.5
13034.6
13034.8
13034.7
13038
13037.9
13037.9
13037.9
13037.9
13038
13038.1
13038.3
13038.4
13038.6
13038.9
13039.1
13039.2
13039.3
13039.5
13039.8
13040.2
13040.5
13040.5
13040.3
13040.3
13040.4
13040.4
13040.3
13040.2
13040.1
13039.8
13039.6
13039.3
13039
13038.6
13038.3
13037.9
13037.5
13037.2
13036.9
13036.7
13036.4
13036.2
13036
13035.8
13035.7
13035.6
13035.5
13035.5
13035.5
13035.5
13035.6
13035.7
13035.7
13035.8
13035.7
13035.6
13035.5
13035.3
13035.1
13034.7
13034.3
13034
13033.6
13033.1
13032.6
13032.2
13031.8
13031.6
13031.4
13031.3
13031.5
13031.7
13031.8
13032.1
13032.4
13032.6
13032.7
13032.8
13032.8
13032.8
13032.8
13032.8
13032.8
13032.9
13033
13033.1
13033.1
13033.2
13033.3
13033.3
13033.3
13033.3
13033.3
13033.4
13033.4
13033.5
13033.6
13033.8
13033.9
13034.2
13034.2
13034.5
13034.4
13037.4
13037.4
13037.3
13037.3
13037.4
13037.5
13037.6
13037.8
13038
13038.2
13038.5
13038.7
13038.8
13038.9
13039.2
13039.5
13039.9
13040.2
13040.1
13040
13040
13040.1
13040.1
13040
13040
13039.8
13039.6
13039.3
13039
13038.7
13038.4
13038
13037.6
13037.2
13036.9
13036.6
13036.4
13036.1
13035.9
13035.7
13035.5
13035.4
13035.3
13035.2
13035.2
13035.2
13035.3
13035.4
13035.4
13035.5
13035.5
13035.5
13035.4
13035.3
13035.1
13034.8
13034.5
13034.1
13033.7
13033.3
13032.8
13032.3
13031.8
13031.4
13031.1
13030.9
13030.9
13031
13031.2
13031.3
13031.6
13031.9
13032.1
13032.3
13032.3
13032.4
13032.4
13032.4
13032.4
13032.4
13032.5
13032.6
13032.7
13032.7
13032.8
13032.9
13032.9
13032.9
13032.9
13032.9
13033
13033
13033.1
13033.2
13033.5
13033.5
13033.8
13033.9
13034.2
13034.1
13036.8
13036.8
13036.8
13036.8
13036.9
13037
13037.2
13037.3
13037.5
13037.8
13038.1
13038.3
13038.4
13038.5
13038.8
13039.1
13039.5
13039.8
13039.8
13039.7
13039.7
13039.8
13039.9
13039.8
13039.7
13039.6
13039.3
13039.1
13038.8
13038.5
13038.1
13037.7
13037.4
13036.9
13036.6
13036.3
13036.1
13035.8
13035.5
13035.4
13035.2
13035.1
13035
13034.9
13034.9
13034.9
13035
13035.1
13035.2
13035.2
13035.2
13035.2
13035.1
13035.1
13034.8
13034.6
13034.2
13033.8
13033.4
13033
13032.4
13031.9
13031.4
13031
13030.7
13030.5
13030.4
13030.5
13030.7
13030.9
13031.1
13031.4
13031.6
13031.8
13031.9
13031.9
13031.9
13032
13032
13032
13032.1
13032.2
13032.3
13032.3
13032.4
13032.5
13032.5
13032.5
13032.5
13032.5
13032.6
13032.7
13032.7
13032.9
13033.1
13033.2
13033.5
13033.5
13033.8
13033.7
13036.2
13036.2
13036.2
13036.2
13036.3
13036.5
13036.6
13036.8
13037.1
13037.3
13037.6
13037.8
13038
13038.1
13038.3
13038.7
13039.1
13039.4
13039.5
13039.4
13039.4
13039.5
13039.6
13039.5
13039.4
13039.3
13039.1
13038.8
13038.5
13038.2
13037.8
13037.5
13037.1
13036.6
13036.3
13036
13035.7
13035.5
13035.2
13035
13034.9
13034.8
13034.7
13034.6
13034.6
13034.7
13034.7
13034.8
13034.9
13035
13035
13035
13034.9
13034.8
13034.6
13034.3
13034
13033.5
13033.1
13032.7
13032.1
13031.5
13031
13030.6
13030.2
13030
13029.9
13030
13030.2
13030.4
13030.7
13031
13031.2
13031.3
13031.4
13031.5
13031.5
13031.6
13031.6
13031.6
13031.7
13031.8
13031.9
13032
13032.1
13032.1
13032.1
13032.2
13032.2
13032.2
13032.2
13032.3
13032.4
13032.5
13032.7
13032.8
13033.1
13033.2
13033.5
13033.4
13035.6
13035.6
13035.6
13035.7
13035.7
13035.9
13036.1
13036.3
13036.5
13036.8
13037.1
13037.4
13037.5
13037.7
13037.9
13038.3
13038.7
13039
13039.1
13039
13039.1
13039.2
13039.3
13039.3
13039.2
13039
13038.8
13038.5
13038.2
13037.9
13037.5
13037.1
13036.7
13036.3
13036
13035.7
13035.4
13035.1
13034.8
13034.7
13034.5
13034.4
13034.3
13034.3
13034.3
13034.3
13034.4
13034.5
13034.6
13034.7
13034.7
13034.7
13034.6
13034.5
13034.3
13034
13033.7
13033.2
13032.9
13032.4
13031.8
13031.2
13030.6
13030.2
13029.8
13029.6
13029.4
13029.5
13029.7
13029.9
13030.2
13030.5
13030.7
13030.9
13031
13031
13031.1
13031.2
13031.2
13031.3
13031.4
13031.4
13031.5
13031.6
13031.7
13031.7
13031.8
13031.8
13031.8
13031.8
13031.8
13031.9
13032
13032.1
13032.4
13032.5
13032.8
13032.9
13033.2
13033.1
13034.9
13034.9
13035
13035
13035.1
13035.3
13035.5
13035.8
13036
13036.3
13036.6
13036.9
13037
13037.2
13037.4
13037.8
13038.3
13038.6
13038.7
13038.6
13038.7
13038.9
13039
13038.9
13038.8
13038.7
13038.5
13038.2
13037.9
13037.5
13037.2
13036.8
13036.4
13036
13035.6
13035.3
13035
13034.7
13034.5
13034.3
13034.2
13034.1
13034
13034
13034
13034
13034.1
13034.2
13034.3
13034.4
13034.4
13034.4
13034.3
13034.3
13034.1
13033.8
13033.5
13033
13032.6
13032.1
13031.5
13030.8
13030.3
13029.8
13029.4
13029.1
13029
13029.1
13029.3
13029.5
13029.8
13030.1
13030.3
13030.4
13030.6
13030.6
13030.7
13030.8
13030.8
13030.9
13031
13031.1
13031.2
13031.2
13031.3
13031.4
13031.4
13031.4
13031.5
13031.5
13031.5
13031.6
13031.6
13031.8
13032
13032.1
13032.4
13032.6
13032.9
13032.8
13034.3
13034.3
13034.3
13034.4
13034.5
13034.7
13034.9
13035.2
13035.4
13035.7
13036.1
13036.4
13036.5
13036.7
13036.9
13037.3
13037.8
13038.1
13038.2
13038.2
13038.3
13038.5
13038.7
13038.6
13038.5
13038.4
13038.1
13037.9
13037.5
13037.2
13036.8
13036.5
13036.1
13035.6
13035.2
13034.9
13034.6
13034.3
13034.1
13033.9
13033.8
13033.7
13033.6
13033.6
13033.6
13033.7
13033.8
13033.9
13034
13034.1
13034.1
13034.1
13034.1
13034
13033.8
13033.5
13033.2
13032.7
13032.3
13031.8
13031.1
13030.5
13029.9
13029.4
13029
13028.7
13028.6
13028.6
13028.9
13029.1
13029.4
13029.7
13029.9
13030
13030.2
13030.3
13030.4
13030.4
13030.5
13030.6
13030.7
13030.7
13030.8
13030.9
13031
13031.1
13031.1
13031.1
13031.1
13031.1
13031.2
13031.2
13031.3
13031.4
13031.7
13031.8
13032.1
13032.2
13032.6
13032.5
13033.6
13033.6
13033.7
13033.8
13033.9
13034.1
13034.3
13034.6
13034.9
13035.2
13035.5
13035.8
13036
13036.1
13036.4
13036.8
13037.2
13037.6
13037.7
13037.8
13037.9
13038.1
13038.3
13038.3
13038.2
13038
13037.8
13037.5
13037.1
13036.8
13036.4
13036.1
13035.7
13035.2
13034.8
13034.5
13034.2
13033.9
13033.7
13033.5
13033.4
13033.3
13033.2
13033.2
13033.2
13033.3
13033.5
13033.6
13033.7
13033.8
13033.8
13033.8
13033.8
13033.7
13033.5
13033.2
13032.9
13032.4
13032
13031.5
13030.8
13030.2
13029.6
13029.1
13028.6
13028.4
13028.2
13028.2
13028.5
13028.7
13029
13029.3
13029.5
13029.7
13029.8
13029.9
13030
13030.1
13030.1
13030.2
13030.3
13030.4
13030.5
13030.6
13030.7
13030.7
13030.8
13030.8
13030.8
13030.8
13030.8
13030.9
13031
13031.1
13031.4
13031.5
13031.8
13031.9
13032.3
13032.2
13032.9
13033
13033
13033.1
13033.3
13033.5
13033.7
13034
13034.2
13034.6
13034.9
13035.3
13035.4
13035.6
13035.8
13036.2
13036.7
13037
13037.2
13037.3
13037.5
13037.7
13037.9
13037.9
13037.8
13037.6
13037.4
13037
13036.7
13036.4
13036
13035.7
13035.3
13034.8
13034.4
13034.1
13033.7
13033.5
13033.2
13033.1
13033
13032.9
13032.8
13032.8
13032.9
13033
13033.1
13033.2
13033.4
13033.5
13033.5
13033.5
13033.4
13033.4
13033.2
13033
13032.7
13032.2
13031.8
13031.2
13030.6
13029.9
13029.3
13028.8
13028.3
13028
13027.9
13027.9
13028.1
13028.4
13028.7
13029
13029.1
13029.3
13029.5
13029.6
13029.7
13029.8
13029.8
13029.9
13030
13030.1
13030.2
13030.3
13030.4
13030.5
13030.5
13030.5
13030.5
13030.5
13030.5
13030.6
13030.7
13030.8
13031.1
13031.2
13031.5
13031.6
13032
13031.9
13032.2
13032.3
13032.4
13032.5
13032.6
13032.8
13033.1
13033.3
13033.6
13033.9
13034.3
13034.6
13034.8
13035
13035.2
13035.6
13036
13036.3
13036.5
13036.7
13037
13037.3
13037.4
13037.4
13037.3
13037.2
13036.9
13036.6
13036.2
13035.9
13035.5
13035.2
13034.8
13034.4
13034
13033.6
13033.3
13033
13032.8
13032.7
13032.6
13032.5
13032.4
13032.4
13032.5
13032.6
13032.7
13032.8
13033
13033.1
13033.2
13033.2
13033.1
13033.1
13032.9
13032.7
13032.4
13031.9
13031.5
13031
13030.3
13029.6
13029.1
13028.5
13028.1
13027.7
13027.6
13027.6
13027.8
13028.1
13028.4
13028.7
13028.9
13029
13029.2
13029.3
13029.4
13029.5
13029.6
13029.6
13029.7
13029.8
13029.9
13030
13030.1
13030.2
13030.2
13030.2
13030.2
13030.2
13030.2
13030.3
13030.4
13030.5
13030.8
13030.9
13031.2
13031.3
13031.8
13031.6
13031.6
13031.6
13031.7
13031.8
13032
13032.2
13032.4
13032.7
13032.9
13033.3
13033.7
13034
13034.2
13034.4
13034.6
13034.9
13035.3
13035.6
13035.9
13036.1
13036.4
13036.8
13036.9
13036.9
13036.8
13036.6
13036.4
13036
13035.7
13035.3
13035
13034.7
13034.4
13033.9
13033.5
13033.1
13032.8
13032.5
13032.3
13032.2
13032.2
13032.1
13032
13032
13032
13032.2
13032.3
13032.4
13032.6
13032.8
13032.8
13032.8
13032.8
13032.7
13032.6
13032.4
13032.1
13031.6
13031.2
13030.7
13030
13029.4
13028.8
13028.3
13027.8
13027.5
13027.3
13027.3
13027.6
13027.9
13028.2
13028.5
13028.6
13028.8
13028.9
13029
13029.1
13029.2
13029.3
13029.4
13029.5
13029.6
13029.7
13029.8
13029.9
13030
13030
13030
13030
13030
13030
13030
13030.1
13030.2
13030.5
13030.6
13030.9
13031.1
13031.5
13031.4
13031
13031
13031.1
13031.2
13031.3
13031.5
13031.7
13032
13032.3
13032.6
13033
13033.3
13033.6
13033.8
13034
13034.2
13034.5
13034.8
13035.1
13035.4
13035.8
13036.2
13036.4
13036.3
13036.2
13036.1
13035.8
13035.4
13035.1
13034.7
13034.4
13034.1
13033.9
13033.4
13033
13032.6
13032.3
13032
13031.8
13031.8
13031.7
13031.7
13031.6
13031.6
13031.6
13031.7
13031.9
13032
13032.2
13032.4
13032.4
13032.4
13032.4
13032.3
13032.3
13032.1
13031.8
13031.4
13031
13030.4
13029.8
13029.2
13028.7
13028.2
13027.7
13027.4
13027.2
13027.1
13027.4
13027.8
13028
13028.3
13028.4
13028.6
13028.7
13028.8
13028.9
13029
13029.1
13029.2
13029.3
13029.3
13029.5
13029.6
13029.7
13029.8
13029.8
13029.8
13029.8
13029.8
13029.7
13029.8
13029.9
13030
13030.2
13030.3
13030.6
13030.8
13031.2
13031.1
13030.4
13030.4
13030.5
13030.6
13030.7
13030.9
13031.1
13031.3
13031.6
13031.9
13032.3
13032.6
13032.9
13033.2
13033.3
13033.4
13033.6
13033.9
13034.2
13034.6
13035.1
13035.5
13035.7
13035.7
13035.5
13035.4
13035.1
13034.7
13034.4
13034
13033.7
13033.5
13033.3
13032.9
13032.5
13032.1
13031.7
13031.5
13031.3
13031.3
13031.3
13031.3
13031.2
13031.1
13031.2
13031.3
13031.4
13031.6
13031.8
13031.9
13032
13032
13031.9
13031.9
13031.9
13031.7
13031.5
13031.1
13030.7
13030.2
13029.5
13029
13028.5
13028.1
13027.6
13027.3
13027.1
13027
13027.4
13027.7
13028
13028.2
13028.3
13028.4
13028.6
13028.7
13028.8
13028.9
13029
13029
13029.1
13029.1
13029.3
13029.4
13029.5
13029.6
13029.6
13029.6
13029.6
13029.6
13029.5
13029.6
13029.6
13029.8
13030
13030
13030.3
13030.5
13031
13030.9
13029.8
13029.8
13029.9
13030
13030.1
13030.2
13030.5
13030.7
13030.9
13031.2
13031.5
13031.9
13032.3
13032.6
13032.6
13032.5
13032.7
13033
13033.3
13033.8
13034.4
13034.8
13035
13034.9
13034.7
13034.7
13034.4
13034
13033.6
13033.2
13033
13032.8
13032.7
13032.4
13031.9
13031.5
13031.2
13031
13030.8
13030.9
13030.9
13030.9
13030.8
13030.7
13030.7
13030.9
13030.9
13031.1
13031.3
13031.5
13031.6
13031.6
13031.5
13031.5
13031.4
13031.4
13031.2
13030.7
13030.4
13030
13029.3
13028.9
13028.4
13028
13027.6
13027.3
13027.1
13027
13027.4
13027.8
13028
13028.2
13028.3
13028.4
13028.5
13028.6
13028.6
13028.7
13028.8
13028.9
13028.9
13029
13029.1
13029.3
13029.4
13029.5
13029.4
13029.4
13029.4
13029.4
13029.3
13029.4
13029.5
13029.6
13029.7
13029.8
13030.1
13030.2
13030.7
13030.6
13029.3
13029.3
13029.4
13029.5
13029.5
13029.7
13029.9
13030.1
13030.2
13030.4
13030.8
13031.1
13031.6
13032.1
13032
13031.5
13031.6
13032
13032.2
13032.8
13033.5
13033.9
13034.1
13033.9
13033.6
13033.8
13033.6
13033
13032.7
13032.3
13032.1
13032
13032.1
13031.8
13031.3
13030.9
13030.6
13030.4
13030.3
13030.4
13030.6
13030.6
13030.3
13030.2
13030.2
13030.4
13030.4
13030.5
13030.8
13031
13031.2
13031.1
13030.9
13030.9
13031
13031
13030.8
13030.4
13030.1
13029.8
13029.2
13028.8
13028.4
13028.1
13027.7
13027.4
13027.2
13027.1
13027.6
13028
13028.1
13028.2
13028.3
13028.4
13028.5
13028.5
13028.6
13028.6
13028.8
13028.8
13028.9
13028.9
13029
13029.2
13029.3
13029.4
13029.4
13029.3
13029.4
13029.3
13029.2
13029.2
13029.3
13029.4
13029.6
13029.6
13029.8
13030
13030.4
13030.3
13028.9
13028.9
13029
13029
13029.1
13029.2
13029.4
13029.5
13029.6
13029.7
13030
13030.3
13030.7
13031.6
13031.4
13030.3
13030.4
13030.9
13031.1
13031.7
13032.5
13032.9
13033
13032.6
13032.1
13032.8
13032.9
13032
13031.6
13031.3
13030.9
13031.1
13031.6
13031.4
13030.6
13030.2
13030
13029.8
13029.7
13029.8
13030.3
13030.5
13030
13029.7
13029.7
13029.9
13029.9
13029.9
13030.3
13030.6
13030.8
13030.7
13030.3
13030.4
13030.4
13030.5
13030.4
13030
13029.8
13029.6
13029.1
13028.7
13028.4
13028.2
13027.9
13027.7
13027.3
13027.4
13028.1
13028.4
13028.3
13028.2
13028.3
13028.4
13028.5
13028.5
13028.5
13028.5
13028.7
13028.7
13028.7
13028.8
13028.8
13029.1
13029.3
13029.4
13029.3
13029.4
13029.4
13029.2
13029.1
13029.2
13029.2
13029.3
13029.4
13029.4
13029.6
13029.7
13030
13030
13028.6
13028.6
13028.7
13028.7
13028.7
13028.8
13028.9
13029.1
13029.1
13029.2
13029.3
13029.5
13030
13031.1
13030.7
13029.2
13029.5
13030.2
13030.1
13030.6
13031.3
13031.7
13031.7
13031.3
13030.5
13031.7
13032.1
13030.8
13030.5
13030.2
13029.8
13030.3
13031.4
13030.8
13029.8
13029.5
13029.3
13029.3
13029.3
13029.6
13030.3
13030.3
13029.4
13029.1
13029.2
13029.5
13029.4
13029.2
13030
13030.4
13030.5
13030.1
13029.7
13029.8
13029.9
13030
13029.9
13029.7
13029.5
13029.4
13029
13028.7
13028.5
13028.4
13028.2
13028.2
13027.9
13028
13028.7
13028.7
13028.4
13028.4
13028.5
13028.6
13028.7
13028.7
13028.6
13028.5
13028.6
13028.6
13028.7
13028.8
13028.9
13029.1
13029.3
13029.3
13029.3
13029.4
13029.4
13029.1
13029.1
13029.2
13029.2
13029.3
13029.4
13029.3
13029.5
13029.5
13029.7
13029.7
13028.4
13028.5
13028.5
13028.5
13028.5
13028.6
13028.7
13028.8
13028.8
13028.7
13028.6
13028.4
13028.2
13028.8
13029.3
13028.4
13028.3
13028.9
13028.6
13028.1
13028.6
13028.8
13028.8
13029.5
13028.5
13028.4
13029.6
13028.7
13029.3
13029.9
13029.4
13028.5
13028.1
13028.7
13028.9
13029.5
13029.6
13029.6
13029.4
13028.5
13027.8
13028.1
13028.5
13029.1
13029.5
13029.1
13029.3
13029.6
13028.5
13027.9
13027.3
13027.9
13029.2
13029.2
13029.6
13029.7
13029.3
13030.3
13029.8
13029.3
13029.6
13029.3
13029.2
13029.2
13029.4
13029.4
13028.8
13028.3
13027.9
13027.8
13028.4
13029
13029.2
13029.3
13029.6
13029.5
13029.9
13029.8
13029.4
13029.2
13029.2
13029.1
13028.5
13028.1
13028.1
13028
13027.9
13028.1
13028.4
13028.8
13029.4
13029.6
13029.6
13029.6
13029.7
13029.6
13029.7
13029.7
13029.2
13029.1
)
;

boundaryField
{
    inlet
    {
        type            calculated;
        value           nonuniform List<scalar> 
100
(
5927.84
6030.58
6083.49
6120.58
6149.68
6173.91
6194.85
6213.43
6230.21
6245.59
6259.85
6273.18
6285.74
6297.65
6309
6319.86
6330.3
6340.37
6350.1
6359.55
6368.57
6376.91
6384.53
6391.52
6397.95
6403.91
6409.43
6414.57
6419.36
6423.84
6428.04
6431.98
6435.68
6439.17
6442.46
6445.57
6448.51
6451.29
6453.92
6456.42
6459.88
6464.38
6468.94
6473.57
6478.26
6483.02
6487.83
6492.71
6497.65
6502.64
6507.7
6512.82
6517.99
6523.22
6528.51
6533.86
6539.26
6544.45
6549.24
6553.58
6555.38
6525.29
6303.17
6094.21
6061.92
6058.86
6058.56
6058.52
6058.52
6058.52
6058.52
6058.52
6058.52
6058.52
6058.52
6058.52
6058.52
6058.52
6058.52
6058.52
6058.52
6058.52
6058.52
6058.52
6058.52
6058.52
6058.52
6058.52
6058.52
6058.52
6058.52
6058.52
6058.52
6058.52
6058.52
6058.52
6058.52
6058.52
6058.52
6058.52
)
;
    }
    outlet
    {
        type            calculated;
        value           nonuniform List<scalar> 
142
(
1.37587e+07
1.38345e+07
1.37594e+07
1.37054e+07
1.36668e+07
1.36391e+07
1.36192e+07
1.36048e+07
1.35936e+07
1.3137e+07
1.19865e+07
1.18422e+07
1.17299e+07
1.16222e+07
1.15145e+07
1.1406e+07
1.12959e+07
1.11839e+07
1.10713e+07
1.09614e+07
1.0859e+07
1.07682e+07
1.06923e+07
1.06304e+07
1.05744e+07
1.05156e+07
1.04498e+07
1.0375e+07
1.02887e+07
1.01876e+07
1.00659e+07
9.9106e+06
9.69226e+06
9.31817e+06
1.47049e+06
570563
509698
457615
423623
403464
393329
389850
389348
391193
394229
397011
399146
400146
398460
406283
411979
507446
530281
533197
533669
533771
533823
533865
533902
533934
533960
533980
533995
534006
534014
534018
534021
534023
534025
534025
534026
534026
534026
534026
534026
534026
534026
534026
534025
534025
534025
534027
534029
534029
534030
534030
534030
534029
534020
534031
534184
534148
534044
533747
528038
612518
1.42474e+06
12934.4
13039.9
13043.6
13043.2
13042.7
13042.2
13041.7
13041.2
13040.7
13040.3
13039.9
13039.5
13039.1
13038.8
13038.4
13038.1
13037.8
13037.5
13037.3
13037
13036.7
13036.4
13036
13035.7
13035.4
13035.1
13034.7
13034.4
13034.1
13033.7
13033.4
13033.1
13032.8
13032.5
13032.2
13031.9
13031.6
13031.4
13031.1
13030.9
13030.6
13030.3
13030
13029.7
13029.1
)
;
    }
    bottom
    {
        type            calculated;
        value           uniform 0;
    }
    atmosphere
    {
        type            calculated;
        value           nonuniform List<scalar> 
400
(
12573.2
12971.5
13022.5
13019.3
13028.1
13033.5
13020.7
13022.5
13036.1
13042.3
13042.7
13038.2
13034.4
13029.1
13023.6
13020
13018.5
13019.6
13017.3
13018.2
13023.2
13024.4
13025.5
13026.3
13027
13027.5
13028
13028.4
13028.9
13029.3
13029.8
13030.2
13030.6
13031
13031.3
13031.8
13032.3
13032.6
13034.9
13035
13032.8
13032.3
13031.8
13031.8
13032
13032.2
13032.3
13032.3
13032.1
13031.8
13031.4
13031
13030.6
13030.2
13029.9
13029.7
13029.5
13029.3
13029.2
13029
13028.7
13028.5
13028.2
13027.8
13027.6
13026.9
13028.2
13031.4
13034
13036.6
13038.8
13040.8
13042.5
13044
13045.2
13046.2
13046.9
13047.3
13047.4
13047.2
13046.6
13045.8
13044.6
13043.2
13041.5
13039.6
13037.6
13035.2
13032.9
13030.6
13028.2
13025.9
13023.7
13021.5
13019.5
13017.6
13015.7
13014.1
13012.5
13011.1
13009.8
13008.7
13007.5
13006.5
13005.6
13004.8
13004
13003.1
13002.4
13001.9
13001.6
13001.6
13001.7
13001.9
13002.4
13003.1
13003.9
13004.8
13006
13007.3
13008.8
13010.4
13012.3
13014.3
13016.4
13018.4
13020.3
13022
13023.6
13024.9
13026.1
13027
13027.8
13028.4
13028.8
13029.3
13029.6
13030
13030.3
13030.7
13031
13031
13030.4
13030.2
13030.8
13031.2
13031.3
13031.3
13031.3
13031.2
13031.1
13031
13030.9
13030.8
13030.7
13030.6
13030.5
13030.4
13030.3
13030.2
13030.2
13030.1
13030
13029.9
13029.8
13029.8
13029.7
13029.6
13029.6
13029.5
13029.4
13029.4
13029.3
13029.3
13029.2
13029.2
13029.1
13029.1
13029
13029
13028.9
13028.9
13028.8
13028.8
13028.8
13028.7
13028.7
13028.7
13028.6
13028.6
13028.6
13028.5
13028.5
13028.5
13028.5
13028.4
13028.4
13028.4
13028.3
13028.3
13028.3
13028.2
13028.2
13028.2
13028.1
13028.1
13028
13028
13027.9
13027.9
13027.8
13027.8
13027.8
13027.7
13027.7
13027.6
13027.6
13027.5
13027.5
13027.5
13027.4
13027.4
13027.3
13027.3
13027.2
13027.2
13027.1
13027.1
13027.1
13027
13027
13027
13026.9
13026.9
13026.9
13026.8
13026.8
13026.8
13026.8
13026.8
13026.8
13026.8
13026.8
13026.8
13026.8
13026.8
13026.8
13026.8
13026.8
13026.8
13026.8
13026.9
13026.9
13026.9
13026.9
13027
13027
13027
13027.1
13027.1
13027.1
13027.2
13027.2
13027.2
13027.3
13027.3
13027.4
13027.4
13027.5
13027.5
13027.6
13027.6
13027.7
13027.7
13027.7
13027.8
13027.8
13027.9
13027.9
13028
13028
13028
13028.1
13028.1
13028.1
13028.2
13028.2
13028.2
13028.2
13028.2
13028.3
13028.3
13028.3
13028.3
13028.3
13028.3
13028.3
13028.3
13028.4
13028.4
13028.4
13028.5
13028.5
13028.5
13028.5
13028.6
13028.7
13028.8
13028.8
13028.7
13028.6
13028.4
13028.2
13028.8
13029.3
13028.4
13028.3
13028.9
13028.5
13028.1
13028.5
13028.8
13028.7
13029.5
13028.5
13028.4
13029.6
13028.7
13029.3
13029.9
13029.4
13028.5
13028
13028.5
13028.9
13029.5
13029.6
13029.6
13029.4
13028.5
13027.8
13027.9
13028.5
13029.1
13029.5
13029.1
13029.3
13029.6
13028.5
13027.9
13027.1
13027.6
13029.2
13029.2
13029.6
13029.7
13029.3
13030.3
13029.8
13029.3
13029.6
13029.3
13029.2
13029.2
13029.4
13029.4
13028.8
13028.3
13027.7
13027.6
13028.1
13029
13029.2
13029.3
13029.6
13029.5
13029.9
13029.8
13029.4
13029.2
13029.2
13029.1
13028.5
13028.1
13028
13027.9
13027.8
13027.9
13028.2
13028.6
13029.4
13029.6
13029.6
13029.6
13029.7
13029.6
13029.7
13029.7
13029.2
13029.1
)
;
    }
    bridgeDeck
    {
        type            calculated;
        value           uniform 0;
    }
    frontAndBack
    {
        type            empty;
    }
}


// ************************************************************************* //
