/*--------------------------------*- C++ -*----------------------------------*\
| =========                 |                                                 |
| \\      /  F ield         | OpenFOAM: The Open Source CFD Toolbox           |
|  \\    /   O peration     | Version:  2412                                  |
|   \\  /    A nd           | Website:  www.openfoam.com                      |
|    \\/     M anipulation  |                                                 |
\*---------------------------------------------------------------------------*/
FoamFile
{
    version     2.0;
    format      ascii;
    arch        "LSB;label=32;scalar=64";
    class       volScalarField;
    location    "30";
    object      nuFrs;
}
// * * * * * * * * * * * * * * * * * * * * * * * * * * * * * * * * * * * * * //

dimensions      [ 0 2 -1 0 0 0 0 ];

internalField   nonuniform List<scalar> 
55050
(
100
100
70.4325
53.3703
43.7841
37.8354
33.8824
31.1136
29.0901
27.5609
26.3752
25.4371
24.6832
24.0696
23.5658
23.1499
22.8061
22.5235
22.2949
22.1107
21.9599
21.8331
21.7233
21.6258
21.5384
21.4603
21.3922
21.335
21.29
21.2583
21.24
21.235
21.2429
21.2632
21.2958
21.3407
21.3981
21.4682
21.5513
21.6491
21.7628
21.8924
22.0375
22.1984
22.3756
22.5702
22.7839
23.0208
23.2922
23.7765
100
100
100
100
100
100
100
100
100
100
100
100
100
100
100
100
100
100
100
100
100
100
100
100
100
100
100
100
100
100
100
100
100
100
100
100
100
100
100
100
100
100
100
100
100
100
100
100
100
100
100
100
100
100
100
100
100
100
100
100
100
100
100
100
100
100
100
100
100
100
100
100
100
100
100
100
100
100
100
100
100
100
100
100
100
100
100
100
100
100
100
100
100
100
100
100
100
100
100
100
100
100
100
100
100
100
100
100
100
100
100
100
100
100
100
100
100
100
100
100
100
100
100
100
100
100
100
100
100
100
100
100
100
100
100
100
100
100
100
100
100
100
100
100
100
100
100
100
100
100
100
100
100
100
100
100
100
100
100
100
100
100
100
100
100
100
100
100
100
100
100
100
100
100
100
100
100
100
100
100
100
100
100
100
100
100
100
100
100
100
100
100
100
100
100
100
100
100
100
100
100
100
100
100
100
100
100
100
100
100
100
100
100
100
100
100
100
100
100
100
100
100
100
100
100
100
100
100
100
100
100
100
100
100
100
100
100
100
100
100
100
100
100
100
100
100
100
100
100
100
100
100
100
100
100
100
100
100
100
100
100
100
100
100
100
100
100
100
100
100
100
100
100
100
100
100
100
100
100
100
100
100
100
100
100
100
100
100
100
100
100
100
100
100
100
100
100
100
100
100
100
100
100
100
100
100
100
100
100
100
100
100
100
100
100
100
100
100
100
100
100
100
100
100
100
100
100
100
100
100
100
100
100
100
100
100
100
100
100
100
100
100
100
100
100
100
100
100
100
100
100
100
100
100
100
100
100
100
100
100
100
100
100
100
100
100
100
100
100
100
100
100
100
100
100
100
100
100
100
100
100
100
100
100
100
100
100
100
100
100
100
100
100
100
100
100
100
100
100
100
100
100
100
100
100
100
100
100
100
100
100
100
100
100
100
100
100
100
100
100
100
100
100
100
100
100
100
100
100
100
100
100
100
100
100
100
100
100
100
100
100
100
100
100
100
100
100
100
100
100
100
100
100
100
100
100
100
100
100
100
100
100
100
100
100
100
100
100
100
100
100
100
100
100
100
100
100
100
100
100
100
100
100
100
100
100
100
100
100
100
100
100
100
100
100
100
100
100
100
100
97.3057
100
100
100
100
100
100
100
100
100
100
100
100
100
100
100
100
100
100
100
100
100
100
100
100
100
100
100
100
100
100
100
100
100
100
100
100
100
100
100
100
100
100
100
100
100
100
100
100
100
24.7068
24.7533
24.2986
23.7626
23.2292
22.7419
22.3248
21.9906
21.7448
21.5853
21.508
21.5102
21.5904
21.748
21.9838
22.2986
22.6939
23.1702
23.7274
24.3653
25.0846
25.8865
26.7732
27.7467
28.81
29.9659
31.2171
32.5656
34.0128
35.5587
37.2035
38.9459
40.7849
42.7179
44.7428
46.8557
49.0529
51.3255
53.5565
56.0898
58.765
61.2951
63.8611
66.4617
69.0856
71.7228
74.3613
76.9905
79.5986
82.1781
100
100
100
100
100
100
100
100
100
100
100
100
100
100
100
100
100
100
100
100
100
100
100
100
100
100
100
100
100
100
100
100
100
100
100
100
100
100
100
100
100
100
100
100
100
100
100
100
100
100
100
100
100
100
100
100
100
100
100
100
100
100
100
100
100
100
100
100
100
100
100
100
100
100
100
100
100
100
100
100
100
100
100
100
100
100
100
100
100
100
100
100
100
100
100
100
100
100
100
100
100
100
100
100
100
100
100
100
100
100
100
100
100
100
100
100
100
100
100
100
100
100
100
100
100
100
100
100
100
100
100
100
100
100
100
100
100
100
100
100
100
100
100
100
100
100
100
100
100
100
100
100
100
100
100
100
100
100
100
100
100
100
100
100
100
100
100
100
100
100
100
100
100
100
100
100
100
100
100
100
100
100
100
100
100
100
100
100
100
100
100
100
100
100
100
100
100
100
100
100
100
100
100
100
100
100
100
100
100
100
100
100
100
100
100
100
100
100
100
100
100
100
100
100
100
100
100
100
100
100
100
100
100
100
100
100
100
100
100
100
100
100
100
100
100
100
100
100
100
96.555
100
100
100
100
100
100
100
100
100
100
100
100
100
100
100
100
100
100
100
100
100
100
100
100
100
100
100
100
100
100
100
100
100
100
100
100
100
95.1312
88.3502
100
97.8936
95.3286
94.8633
97.4052
100
100
98.1985
94.7332
90.4728
86.0623
100
100
100
100
100
100
100
100
100
100
100
100
100
100
100
100
100
100
100
100
100
100
100
100
100
100
100
100
100
100
100
100
100
100
100
100
100
91.5614
81.8899
83.101
89.8812
93.7342
95.4842
95.166
92.2716
87.8643
82.7422
77.5432
72.7568
68.7113
100
100
100
100
100
100
100
100
100
100
100
100
100
100
100
100
100
100
100
100
100
100
100
100
100
100
100
100
100
100
100
100
100
100
96.8123
90.0071
82.4037
74.7611
69.7289
70.2361
72.5041
73.1944
72.1944
69.9463
66.7431
62.8531
58.7676
55.057
51.9221
49.2187
100
100
100
100
100
100
100
100
100
100
100
100
100
100
100
100
100
100
100
100
100
100
100
100
100
100
100
100
100
100
100
100
94.9051
87.9784
80.8921
73.6285
66.4557
60.4696
56.9652
56.2453
56.3484
55.5483
53.641
51.3964
48.7759
45.6013
42.571
40.3601
38.5506
36.6716
100
100
100
100
100
100
100
100
100
100
100
100
100
100
100
100
100
100
100
100
100
100
100
100
100
100
100
100
100
100
96.2818
88.8744
81.3915
74.0638
67.0016
60.1547
53.8753
49.0301
46.0218
44.7094
44.3054
43.2439
41.6372
40.4278
38.9288
36.9946
34.7897
31.9195
29.2169
26.2648
100
100
100
100
100
100
100
100
100
100
100
100
100
100
100
100
100
100
100
100
100
100
100
100
100
100
100
100
100
92.8052
84.7711
76.9527
69.4904
62.3895
55.8126
49.5818
44.1501
40.1829
37.6079
36.6505
37.1281
37.4681
34.4716
31.6437
28.8518
25.9345
24.4266
23.2453
20.8371
17.8927
84.7626
87.4585
90.3234
93.354
96.5492
99.8722
100
100
100
100
100
100
100
100
100
100
100
100
100
100
100
100
100
100
100
100
100
100
100
100
100
100
100
100
98.519
93.6627
89.0537
84.7491
80.7527
77.0572
73.6493
70.5118
67.6259
64.9724
62.5323
60.2871
58.2199
56.3144
54.5558
52.9288
100
100
100
100
100
100
100
100
100
100
100
100
100
100
100
100
100
100
100
100
100
100
100
100
100
100
100
100
100
100
100
100
100
100
100
100
100
100
100
100
100
100
100
100
100
100
100
100
100
100
100
100
100
100
100
100
100
100
100
100
100
100
100
100
100
100
100
100
100
100
100
100
100
100
100
100
100
100
100
100
100
100
100
100
100
100
100
100
100
100
100
100
100
100
100
100
100
100
100
100
100
100
100
100
100
100
100
100
100
100
100
100
100
100
100
100
100
100
100
100
100
100
100
100
100
100
100
100
100
100
100
100
100
100
100
100
100
100
100
100
100
100
100
100
100
100
100
100
100
100
100
100
100
100
100
100
100
100
100
100
100
100
100
100
100
100
100
100
100
100
100
97.6182
94.9279
92.1907
89.4464
86.8158
84.412
82.2354
80.3049
78.6514
77.2619
76.054
75.0426
74.2225
73.5855
73.1226
72.8386
72.7425
72.8445
73.1284
73.5663
74.1564
74.8975
75.7827
76.7968
77.9213
79.1503
80.4991
81.994
83.6772
93.4032
93.6613
94.3745
94.6166
94.3607
93.7057
92.756
91.6149
90.3726
89.0858
87.7675
86.3974
84.9469
83.4094
81.8177
80.2218
78.6579
77.1394
75.6546
74.1901
72.7766
71.5113
70.4892
69.7895
69.473
67.8292
65.0006
62.912
61.5182
61.0393
59.497
58.2586
57.2372
56.42
55.645
54.978
54.4237
54.0114
53.6957
53.2527
52.8752
52.6196
52.4643
52.3728
52.2865
52.2103
52.2072
52.2651
52.3722
52.534
82.2323
79.4404
77.5175
76.1031
74.9484
73.898
72.9143
72.0389
71.2861
70.5928
69.835
68.8768
67.6363
66.1517
64.5571
62.9317
61.2591
59.4756
57.5442
55.5009
53.4308
51.4695
49.6191
47.8796
46.2591
44.6193
42.9885
41.5614
40.3511
39.3722
38.7308
38.286
37.9443
37.6643
37.4681
37.3495
37.2976
37.3185
37.4306
37.6652
37.9832
38.3532
38.7694
39.2345
39.7503
40.3017
40.8572
41.3917
41.8891
42.3326
65.5314
63.1461
61.3568
59.9194
58.5605
57.1725
55.9759
55.159
54.6329
54.1536
53.4488
52.3412
50.8815
49.3782
48.1248
47.1032
46.174
45.2136
44.1815
43.1435
42.1902
41.3891
40.7589
40.2561
39.7749
39.0178
37.9979
37.0739
36.4145
36.2465
36.2071
36.0382
35.7579
35.3262
34.8919
34.5315
34.2307
33.9608
33.7564
33.6109
33.4954
33.3617
33.2131
33.0963
33.039
33.0389
33.0847
33.1679
33.2862
33.4105
46.9852
45.2824
44.0237
42.9011
41.4956
40.0787
39.3274
39.2678
39.4622
39.4156
38.7348
37.3415
35.7683
34.7552
34.253
33.9048
33.449
32.7971
31.9788
31.1228
30.305
29.5508
28.8524
28.1669
27.4599
26.6624
25.8122
25.0138
24.2913
24.012
24.4147
24.5572
24.5882
24.527
24.522
24.7279
25.2007
25.6959
26.1512
26.6547
27.26
27.8609
28.3709
28.8671
29.45
30.1431
30.9132
31.7204
32.5788
33.5539
35.1386
34.2756
33.8968
33.4338
32.4299
30.4766
29.0497
28.7675
28.7181
28.0092
26.1774
23.2896
20.9638
20.8041
21.0278
20.909
20.2916
19.3213
18.4399
17.7162
17.1574
16.7393
16.3748
16.0524
15.8375
15.7403
15.7214
15.6628
15.4987
15.061
16.3054
17.8006
18.3101
17.9339
17.5575
17.428
17.9085
18.5879
18.8142
18.8362
18.9451
19.3301
19.8479
20.2887
20.776
21.4079
22.1983
23.0507
23.8629
24.7512
24.111
23.1405
22.6906
21.5166
19.3443
18.2836
18.6838
19.3862
19.4529
18.08
15.0883
11.1559
9.2666
12.0302
13.294
13.4664
13.0797
12.2619
11.4291
10.6774
10.178
9.84508
9.59055
9.46008
9.50762
9.72617
10.012
10.1008
10.0326
7.62734
7.54591
10.6803
11.1498
11.2298
10.967
10.8102
11.5115
13.4003
14.2924
14.5602
14.8246
14.8954
15.3495
15.6312
15.6922
15.791
16.1248
16.6772
17.2323
17.7905
16.6571
16.7511
16.7203
14.2394
11.1681
10.7769
11.9842
12.8756
13.6388
12.7748
9.93481
6.12376
0.55292
0.0251509
0.00543471
0.000499807
0.000124836
5.8083e-05
4.16487e-05
3.32504e-05
2.85758e-05
2.66362e-05
2.65836e-05
2.81659e-05
3.4858e-05
4.77189e-05
7.47067e-05
0.00015914
0.000610699
0.743082
1.77757
7.81243
7.9948
8.46028
7.91833
7.36527
6.72726
9.21708
10.887
10.6824
10.047
9.52981
10.7059
11.9415
12.2951
12.4504
12.9945
14.0589
14.3209
14.4036
51.4338
50.0586
48.7447
47.4812
46.2666
45.0996
43.9788
42.903
41.8704
40.8799
39.9298
39.0189
38.1454
37.3081
36.5055
35.7364
34.9992
34.2929
33.6158
32.9671
32.345
31.7489
31.1771
30.6291
30.1033
29.5994
29.1157
28.6519
28.2066
27.7796
27.3693
26.9758
26.5976
26.2349
25.8864
25.5522
25.2312
24.9236
24.6283
24.3455
24.0741
23.8143
23.565
23.3263
23.0972
22.8778
22.667
22.4649
22.2706
22.084
21.9042
21.7305
21.562
21.4068
20.3489
20.1188
20.8406
20.7242
20.6206
20.5231
20.4315
20.3467
20.2685
20.1971
20.1328
20.0754
20.0253
19.9822
19.9465
19.9179
19.8968
19.8828
19.8763
19.8768
19.8847
19.8991
19.9208
19.9485
19.9828
20.0226
20.0685
20.1191
20.1749
20.2347
20.2987
20.3656
20.4356
20.5072
20.5802
20.6531
20.7253
20.7948
20.8602
20.9184
20.9655
20.999
20.7648
19.9152
19.7234
19.7646
19.8175
19.8799
19.9514
20.0313
20.1192
20.2146
20.317
20.4263
20.5421
20.6645
20.7931
20.9281
21.069
21.2163
21.3695
21.5292
21.6947
21.8669
22.045
22.23
22.421
22.6191
22.8234
23.035
23.2529
23.4783
23.7099
23.949
24.194
24.4463
24.7039
24.968
25.2362
25.5093
25.7844
26.0617
26.3374
26.6108
26.8771
27.1338
27.3746
27.5948
27.7854
27.9383
28.0404
28.0776
28.0284
27.8622
27.5348
26.4437
100
100
100
100
100
100
100
100
100
100
100
100
100
100
100
100
100
100
100
100
100
100
100
100
100
100
100
100
100
100
100
100
100
100
100
100
100
100
100
100
100
100
100
100
100
100
100
100
100
100
100
100
100
100
100
100
100
100
100
100
100
100
100
100
100
100
100
100
100
100
100
100
100
100
100
100
100
100
100
100
100
100
100
100
100
100
100
100
100
100
100
100
100
100
100
100
100
100
100
100
100
100
100
100
100
100
100
100
100
100
100
100
100
100
100
100
100
100
100
100
100
100
100
100
100
100
100
100
100
100
100
100
100
100
100
100
100
100
100
100
100
100
100
100
100
100
100
100
100
100
100
100
100
100
100
100
100
100
100
100
100
100
100
100
100
100
100
100
100
100
100
100
100
100
100
100
100
100
100
100
100
100
100
100
100
100
100
100
100
100
100
100
100
100
100
100
100
100
100
100
100
100
100
100
100
100
100
100
100
100
100
100
100
100
100
100
100
100
100
100
100
100
100
100
100
100
100
100
100
100
100
100
100
100
100
100
100
100
100
100
100
100
100
100
100
100
100
100
100
100
100
100
100
100
100
100
100
100
100
100
100
100
100
100
100
100
100
100
100
100
100
100
100
100
100
100
100
100
100
100
100
100
100
100
100
100
100
100
100
100
100
100
100
100
100
100
100
100
100
100
100
100
100
100
100
100
100
100
100
100
100
100
100
100
100
100
100
100
100
100
100
100
100
100
100
100
100
100
100
100
100
100
100
100
100
100
100
100
100
100
100
100
100
100
100
100
100
100
100
100
100
100
100
100
100
100
100
100
100
100
100
100
100
100
100
100
100
100
100
100
100
100
100
100
100
100
100
100
100
100
100
100
100
100
100
100
100
100
100
100
100
100
100
100
100
100
100
100
100
100
100
100
100
100
100
100
100
100
100
100
100
100
100
100
100
100
100
100
100
100
100
100
100
100
100
100
100
100
100
100
100
100
100
100
100
100
100
100
100
100
100
100
100
100
100
100
100
100
100
100
85.5962
87.8772
90.3807
93.0444
95.8482
98.6629
100
100
100
100
100
100
100
100
100
100
100
100
100
100
100
100
100
100
100
100
100
100
100
100
100
100
100
100
100
100
100
100
100
100
100
100
100
100
100
100
100
100
100
100
100
100
100
100
100
100
100
100
100
100
100
100
100
100
100
100
100
100
100
100
100
100
100
100
100
100
100
100
100
100
100
100
100
100
100
100
100
100
100
100
100
100
100
100
100
100
100
100
100
100
100
100
100
100
100
100
100
100
100
100
100
100
100
100
100
100
100
100
100
100
100
100
100
100
100
100
100
100
100
100
100
100
100
100
100
100
100
100
100
100
100
100
100
100
100
100
100
100
100
100
52.7444
53.2823
54.2167
55.3087
56.5947
58.1154
59.8548
61.7476
63.7813
66.0169
68.5305
71.416
74.7775
78.665
82.8054
87.0792
91.4475
95.8749
100
100
100
100
100
100
100
100
100
100
100
100
100
100
100
100
100
100
100
100
100
100
100
100
100
100
100
100
100
100
100
100
100
100
100
100
100
100
100
100
100
100
100
100
100
100
100
100
100
100
100
100
100
100
100
100
100
100
100
100
100
100
100
100
100
100
100
100
100
100
100
100
100
100
100
100
100
100
100
100
100
100
100
100
100
100
100
100
100
100
100
100
100
100
100
100
100
100
100
100
100
100
100
100
100
100
100
100
100
100
100
100
100
100
100
100
100
100
100
100
100
100
100
100
100
100
100
100
100
100
100
100
42.6623
45.6838
45.8688
45.789
45.8635
46.0646
46.3206
46.5446
46.8857
47.3486
47.9352
48.6825
49.6846
51.2261
53.3411
55.8112
58.6424
61.8566
65.47
69.3133
73.22
77.2388
81.4242
85.844
90.5919
95.7072
100
100
100
100
100
100
100
100
100
100
100
100
100
100
100
100
100
100
100
100
100
100
100
100
100
100
100
100
100
100
100
100
100
100
100
100
100
100
100
100
100
100
100
100
100
100
100
100
100
100
100
100
100
100
100
100
100
100
100
100
100
100
100
100
100
100
100
100
100
100
100
100
100
100
100
100
100
100
100
100
100
100
100
100
100
100
100
100
100
100
100
100
100
100
100
100
100
100
100
100
100
100
100
100
100
100
100
100
100
100
100
100
100
100
100
100
100
100
100
100
100
100
100
100
33.5439
33.6682
34.0536
34.7661
35.6356
36.6107
37.7032
38.9441
40.3049
41.7532
43.2675
44.8427
46.5392
49.3813
49.8378
50.3763
51.2383
52.5811
54.376
56.5784
59.0621
61.7446
64.5841
67.573
70.7626
74.3366
78.839
84.0075
88.89
93.3209
96.951
99.7104
100
100
100
100
100
100
100
100
100
100
100
100
100
100
100
100
100
100
100
100
100
100
100
100
100
100
100
100
100
100
100
100
100
100
100
100
100
100
100
100
100
100
100
100
100
100
100
100
100
100
100
100
100
100
100
100
100
100
100
100
100
100
100
100
100
100
100
100
100
100
100
100
100
100
100
100
100
100
100
100
100
100
100
100
100
100
100
100
100
100
100
100
100
100
100
100
100
100
100
100
100
100
100
100
100
100
100
100
100
100
100
100
100
100
100
100
100
100
34.7069
36.0867
37.2944
38.2273
38.9107
39.4043
39.7599
40.0191
40.2191
40.3813
40.4937
40.5054
40.3068
39.4926
39.0752
39.4831
40.6426
42.4293
44.7689
47.6268
50.9672
54.7376
58.887
63.367
68.1321
73.2302
80.4515
84.0828
88.6182
93.8042
98.909
100
100
100
100
100
100
100
100
100
100
100
100
100
100
100
100
100
100
100
100
100
100
100
100
100
100
100
100
100
100
100
100
100
100
100
100
100
100
100
100
100
100
100
100
100
100
100
100
100
100
100
100
100
100
100
100
100
100
100
100
100
100
100
100
100
100
100
100
100
100
100
100
100
100
100
100
100
100
100
100
100
100
100
100
100
100
100
100
100
100
100
100
100
100
100
100
100
100
100
100
100
100
100
100
100
100
100
100
100
100
100
100
100
100
100
100
100
100
100
25.7978
27.0445
28.4612
29.9625
31.4842
33.0116
34.544
36.0838
37.6185
39.1459
40.6677
42.1591
43.5436
44.6322
45.0242
45.0141
45.0065
45.2537
45.8637
46.8589
48.2384
49.9712
52.0143
54.3166
56.7998
59.2577
60.6285
62.9022
67.205
73.1847
80.5053
88.4395
95.9701
100
100
100
100
100
100
100
100
100
100
100
100
100
100
100
100
100
100
100
100
100
100
100
100
100
100
100
100
100
100
100
100
100
100
100
100
100
100
100
100
100
100
100
100
100
100
100
100
100
100
100
100
100
100
100
100
100
100
100
100
100
100
100
100
100
100
100
100
100
100
100
100
100
100
100
100
100
100
100
100
100
100
100
100
100
100
100
100
100
100
100
100
100
100
100
100
100
100
100
100
100
100
100
100
100
100
100
100
100
100
100
100
100
100
100
100
100
18.5092
19.4144
20.4686
21.6323
22.858
24.1648
25.5547
27.035
28.5723
30.1211
31.6976
33.3231
34.9538
36.5032
37.852
38.9583
39.9378
40.9709
42.2116
43.7406
45.6072
47.8182
50.3594
53.2046
56.2929
59.4732
62.3658
64.8125
67.6997
71.556
76.4233
82.0565
87.8654
93.2502
97.622
100
100
100
100
100
100
100
100
100
100
100
100
100
100
100
100
100
100
100
100
100
100
100
100
100
100
100
100
100
100
100
100
100
100
100
100
100
100
100
100
100
100
100
100
100
100
100
100
100
100
100
100
100
100
100
100
100
100
100
100
100
100
100
100
100
100
100
100
100
100
100
100
100
100
100
100
100
100
100
100
100
100
100
100
100
100
100
100
100
100
100
100
100
100
100
100
100
100
100
100
100
100
100
100
100
100
100
100
100
100
100
100
100
100
100
14.6167
15.0809
15.6967
16.3802
17.1691
18.084
19.1234
20.2963
21.5869
22.9008
24.2394
25.6808
27.2212
28.7479
30.2206
31.6065
32.8931
34.1489
35.5041
37.0522
38.8666
40.9807
43.402
46.1175
49.0819
52.2025
55.2975
58.2825
61.4741
65.2831
69.8582
75.0612
80.487
85.6922
90.2538
93.9765
97.0371
99.6234
100
100
100
100
100
100
100
100
100
100
100
100
100
100
100
100
100
100
100
100
100
100
100
100
100
100
100
100
100
100
100
100
100
100
100
100
100
100
100
100
100
100
100
100
100
100
100
100
100
100
100
100
100
100
100
100
100
100
100
100
100
100
100
100
100
100
100
100
100
100
100
100
100
100
100
100
100
100
100
100
100
100
100
100
100
100
100
100
100
100
100
100
100
100
100
100
100
100
100
100
100
100
100
100
100
100
100
100
100
100
100
100
23.0787
21.6173
21.9663
21.7926
21.6404
21.5167
21.4168
21.3374
21.2753
21.2281
21.194
21.1709
21.1578
21.153
21.1561
21.1652
21.1805
21.2001
21.2246
21.252
21.283
21.3159
21.3516
21.3881
21.4266
21.4653
21.5054
21.5451
21.5858
21.6258
21.6664
21.7061
21.7464
21.7856
21.8252
21.8638
21.9028
21.9406
21.9787
22.0156
22.0526
22.0883
22.124
22.1583
22.1925
22.225
22.2572
22.2875
22.317
22.3446
22.3713
22.396
22.42
22.4425
22.4649
22.4866
22.5092
22.5322
22.5569
22.5828
22.611
22.6407
22.6726
22.7054
22.7399
22.7746
22.8104
22.8458
22.8819
22.9176
22.9541
22.9907
23.029
23.0685
23.1113
23.1571
23.2083
23.2647
23.3287
23.3997
23.4797
23.5676
23.6649
23.7695
23.8829
24.0027
24.1303
24.2633
24.4029
24.5463
24.6937
24.8414
24.988
25.1278
25.2563
25.3628
25.434
25.4435
25.3421
24.0255
100
100
100
100
100
100
100
100
100
100
100
100
100
100
100
100
100
100
100
100
100
100
100
100
100
100
100
100
100
100
100
100
100
100
100
100
100
100
100
100
100
100
100
100
100
100
100
100
100
100
100
100
100
100
100
100
100
100
100
100
100
100
100
100
100
100
100
100
100
100
100
100
100
100
100
100
100
100
100
100
100
100
100
100
100
100
100
100
100
100
100
100
100
100
100
100
100
100
100
100
100
100
100
100
100
100
100
100
100
100
100
100
100
100
100
100
100
100
100
100
100
100
100
100
100
100
100
100
100
100
100
100
100
100
100
100
100
100
100
100
100
100
100
100
100
100
100
100
100
100
100
100
100
100
100
100
100
100
100
100
100
100
100
100
100
100
100
100
100
100
100
100
100
100
100
100
100
100
100
100
100
100
100
100
100
100
100
100
100
100
100
100
100
100
100
100
100
100
100
100
100
100
100
100
100
100
100
100
100
100
100
100
100
100
100
100
100
100
100
100
100
100
100
100
100
100
100
100
100
100
100
100
100
100
100
100
100
100
100
100
100
100
100
100
100
100
100
100
100
100
100
100
100
100
100
100
100
100
100
100
100
100
100
100
100
100
100
100
100
100
100
100
100
100
100
100
100
100
100
100
100
100
100
100
100
100
100
100
100
100
100
100
100
100
100
100
100
100
100
100
100
100
100
100
100
100
100
100
100
100
100
100
100
100
100
100
100
100
100
100
100
100
100
100
100
100
100
100
100
100
100
100
100
100
100
100
100
100
100
100
100
100
100
100
100
100
100
100
100
100
100
100
100
100
100
100
100
100
100
100
100
100
100
100
100
100
100
100
100
100
100
100
100
100
100
100
100
100
100
100
100
100
100
100
100
100
100
100
100
100
100
100
100
100
100
100
100
100
100
100
100
100
100
100
100
100
100
100
100
100
100
100
100
100
100
100
100
100
100
100
100
100
100
100
100
100
100
100
100
100
100
100
100
100
100
100
100
100
100
100
100
100
100
100
100
100
100
100
100
100
100
100
100
100
100
100
100
100
100
100
100
100
100
100
100
100
100
100
100
100
100
100
100
100
100
100
100
100
100
100
100
100
100
100
100
100
100
100
100
100
100
100
100
100
100
100
100
100
100
100
100
100
100
100
100
100
100
100
100
100
100
100
100
100
100
100
100
100
100
100
100
100
100
100
100
100
100
100
100
100
100
100
100
100
100
100
100
100
100
100
100
100
100
100
100
100
100
100
100
100
100
100
100
100
100
100
100
100
100
100
100
100
100
100
100
100
100
100
100
100
100
100
100
100
100
100
100
100
100
100
100
100
100
100
100
100
100
100
100
100
100
100
100
100
100
100
100
100
100
100
100
100
100
100
100
100
100
100
100
100
100
100
100
100
100
100
100
100
100
100
100
100
100
100
100
100
100
100
100
100
100
100
100
100
100
100
100
100
100
100
100
100
100
100
100
100
100
100
100
100
100
100
100
100
100
100
100
100
100
100
100
100
100
100
100
100
100
100
100
100
100
100
100
100
100
100
100
100
100
100
100
100
100
100
100
100
100
100
100
100
100
100
100
100
100
100
100
100
100
100
100
100
100
100
100
100
100
100
100
100
100
100
100
100
100
100
100
100
100
100
100
100
100
100
100
100
100
100
100
100
100
100
100
100
100
100
100
100
100
100
100
100
100
100
100
100
100
100
100
100
100
100
100
100
100
100
100
100
100
100
100
100
100
100
100
100
100
100
100
100
100
100
100
100
100
100
100
100
100
100
100
100
100
100
100
100
100
100
100
100
100
100
100
100
100
100
100
100
100
100
100
100
100
100
100
100
100
100
100
100
100
100
100
100
100
100
100
100
100
100
100
100
100
100
100
100
100
100
100
100
100
100
100
100
100
100
100
100
100
100
100
100
100
100
100
100
100
100
100
100
100
100
100
100
100
100
100
100
100
100
100
100
100
100
100
100
100
100
100
100
100
100
100
100
100
100
100
100
100
100
100
100
100
100
100
100
100
100
100
100
100
100
100
100
100
100
100
100
100
100
100
100
100
100
100
100
100
100
100
100
100
100
100
100
100
100
100
100
100
100
100
100
100
100
100
100
100
100
100
100
100
100
100
100
100
100
100
100
100
100
100
100
100
100
100
100
100
100
100
100
100
100
100
100
100
100
100
100
100
100
100
100
100
100
100
100
100
100
100
100
100
100
100
100
100
100
100
100
100
100
100
100
100
100
100
100
100
100
100
100
100
100
100
100
100
100
100
100
100
100
100
100
100
100
100
100
100
100
100
100
100
100
100
100
100
100
100
100
100
100
100
100
100
100
100
100
100
100
100
100
100
100
100
100
100
100
100
100
100
100
100
100
100
100
100
100
100
100
100
100
100
100
100
100
100
100
100
100
100
100
100
100
100
100
100
100
100
100
100
100
100
100
100
100
100
100
100
100
100
100
100
100
100
100
100
100
100
100
100
100
100
100
100
100
100
100
100
100
100
100
90.0163
95.4596
100
100
100
100
100
100
100
100
100
100
100
100
100
100
100
100
100
100
100
100
100
100
100
100
100
100
100
100
100
100
100
100
100
100
100
100
100
100
100
100
100
100
100
100
100
100
100
100
83.1815
89.0704
95.7412
100
100
100
100
100
100
100
100
100
100
100
100
100
100
100
100
100
100
100
100
100
100
100
100
100
100
100
100
100
100
100
100
100
100
100
100
100
100
100
100
100
100
100
100
100
100
100
76.6443
83.0807
89.839
100
100
100
100
100
100
100
100
100
100
100
100
100
100
100
100
100
100
100
100
100
100
100
100
100
100
100
100
100
100
100
100
100
100
100
100
100
100
100
100
100
100
100
100
100
100
100
70.4407
77.4951
84.5662
99.2848
100
100
100
100
100
100
100
100
100
100
100
100
100
100
100
100
100
100
100
100
100
100
100
100
100
100
100
100
100
100
100
100
100
100
100
100
100
100
100
100
100
100
100
100
100
100
64.724
72.3043
79.6358
93.5791
100
100
100
100
100
100
100
100
100
100
100
100
100
100
100
100
100
100
100
100
100
100
100
100
100
100
100
100
100
100
100
100
100
100
100
100
100
100
100
100
100
100
100
100
100
100
59.8059
67.4628
75.0001
88.2122
100
100
100
100
100
100
100
100
100
100
100
100
100
100
100
100
100
100
100
100
100
100
100
100
100
100
100
100
100
100
100
100
100
100
100
100
100
100
100
100
100
100
100
100
100
100
55.9385
62.5208
66.976
79.1809
88.1701
100
100
100
100
100
100
100
100
100
100
100
100
100
100
100
100
100
100
100
100
100
100
100
100
100
100
100
100
100
100
100
100
100
100
100
100
100
100
100
100
100
100
100
100
100
48.4183
53.7294
57.8469
68.023
75.9814
88.0148
99.0841
100
100
100
100
100
100
100
100
100
100
100
100
100
100
100
100
100
100
100
100
100
100
100
100
100
100
100
100
100
100
100
100
100
100
100
100
100
100
100
100
100
100
100
42.4428
46.624
49.4291
57.8166
64.4162
74.6176
84.136
96.5064
100
100
100
100
100
100
100
100
100
100
100
100
100
100
100
100
100
100
100
100
100
100
100
100
100
100
100
100
100
100
100
100
100
100
100
100
100
100
100
100
100
100
36.4459
39.5295
41.2174
47.9281
53.3025
61.8232
70.0609
80.5138
91.3121
100
100
100
100
100
100
100
100
100
100
100
100
100
100
100
100
100
100
100
100
100
100
100
100
100
100
100
100
100
100
100
100
100
100
100
100
100
100
100
100
100
30.4934
32.5158
33.1769
38.305
42.5664
49.5136
56.5961
65.4222
73.9986
87.2068
100
100
100
100
100
100
100
100
100
100
100
100
100
100
100
100
100
100
100
100
100
100
100
100
100
100
100
100
100
100
100
100
100
100
100
100
100
100
100
100
24.5486
25.4827
25.1868
28.8231
32.0648
37.5251
43.5559
50.9634
57.6186
68.5881
83.1917
99.2501
100
100
100
100
100
100
100
100
100
100
100
100
100
100
100
100
100
100
100
100
100
100
100
100
100
100
100
100
100
100
100
100
100
100
100
100
100
100
18.4698
18.1694
16.9564
19.1136
21.186
25.1248
30.203
36.5526
41.5696
50.9487
62.2246
75.746
87.0352
100
100
100
100
100
100
100
100
100
100
100
100
100
100
100
100
100
100
100
100
100
100
100
100
100
100
100
100
100
100
100
100
100
100
100
100
100
11.149
8.35534
4.52286
5.3129
5.92143
8.56307
13.0998
19.2152
23.3507
32.4414
40.2556
52.1995
61.4627
70.4499
90.969
100
100
100
100
100
100
100
100
100
100
100
100
100
100
100
100
100
100
100
100
100
100
100
100
100
100
100
100
100
100
100
100
100
100
100
0.358595
0.0328621
0.0027938
0.00472536
0.00676187
0.0171238
0.05098
0.254046
1.46853
8.98787
15.0565
25.3234
32.582
36.7068
54.7234
70.6569
80.602
94.6476
100
100
100
100
100
100
100
100
100
100
100
100
100
100
100
100
100
100
100
100
100
100
100
100
100
100
100
100
100
100
100
100
1.62301e-10
3.56659e-10
1.09148e-10
7.89846e-11
5.84839e-11
5.44473e-11
5.4004e-11
8.11719e-11
4.98863e-05
0.00722312
0.0859972
0.543801
3.05346
8.14666
17.4639
31.4608
38.0704
43.5177
69.0127
75.7138
74.9743
81.2348
100
100
100
100
100
100
100
100
100
100
100
100
100
100
100
100
100
100
100
100
100
100
100
100
100
100
100
100
7.58819e-11
1.50825e-10
5.29835e-11
4.0918e-11
3.14725e-11
2.8909e-11
2.67238e-11
2.88415e-11
3.78242e-11
4.92911e-11
6.11485e-11
1.04997e-10
0.00112907
0.0256384
0.125231
1.0283
5.24893
7.67888
20.3653
30.1925
29.4964
30.609
43.4746
62.6249
79.5101
87.5722
96.0006
100
100
100
100
100
100
100
100
100
100
100
100
100
100
100
100
100
100
100
100
100
100
100
5.15823e-11
3.18385e-11
2.70409e-11
2.55677e-11
2.36157e-11
2.32601e-11
2.43505e-11
2.54383e-11
2.34511e-11
2.42424e-11
2.5043e-11
2.90337e-11
4.25952e-11
5.19873e-11
6.83268e-11
3.28856e-05
0.00518377
0.0331364
0.123925
0.808866
2.47649
3.47141
6.29802
15.5858
30.1234
36.5323
39.331
60.5934
83.2888
72.3849
79.1246
99.7545
100
100
100
100
100
100
100
100
100
100
100
100
100
100
100
100
100
100
4.0527e-11
2.61231e-11
2.61563e-11
2.67016e-11
2.64844e-11
2.69685e-11
2.93014e-11
2.96927e-11
2.54219e-11
2.33933e-11
2.21875e-11
2.24464e-11
2.20929e-11
2.27595e-11
2.49728e-11
3.35151e-11
4.62583e-11
5.31655e-11
7.79813e-11
1.64079e-05
0.00148183
0.00667512
0.0209861
0.0881537
0.732412
3.90202
6.24152
15.2531
33.5421
27.0635
28.9769
39.3926
52.2018
73.9309
82.9254
60.9513
58.0099
59.3132
62.0763
65.1155
69.0633
73.7291
78.0799
81.9819
84.7579
86.2271
86.3086
85.2102
82.4143
76.2932
6.04759e-11
4.69751e-11
5.46726e-11
6.18153e-11
6.67793e-11
6.85115e-11
5.87808e-11
4.65088e-11
3.34092e-11
2.73009e-11
2.76988e-11
2.58264e-11
2.20519e-11
2.06921e-11
2.07297e-11
2.06666e-11
2.17347e-11
2.21662e-11
2.43168e-11
3.16826e-11
4.12065e-11
4.3225e-11
4.61289e-11
6.85325e-11
1.69487e-05
0.0033505
0.0245804
0.117531
1.00428
2.88432
3.65724
5.22738
9.15941
19.6799
29.0767
20.8214
20.0708
20.4157
21.5611
22.9429
24.7935
27.0893
29.3869
31.843
34.17
35.9565
36.9515
37.134
36.3987
34.1029
1.14249e-10
8.23378e-11
9.56416e-11
1.09175e-10
1.19793e-10
1.24577e-10
1.15526e-10
9.20314e-11
6.51964e-11
5.09808e-11
4.74521e-11
3.82418e-11
2.67272e-11
2.61894e-11
2.53631e-11
2.20452e-11
1.99094e-11
1.90954e-11
1.94836e-11
1.99333e-11
2.01832e-11
2.01187e-11
2.04952e-11
2.26972e-11
3.03236e-11
4.2836e-11
4.92457e-11
7.90391e-11
6.95228e-05
0.0030213
0.00923663
0.0190941
0.0382395
0.0815864
0.23503
0.695396
1.08578
1.3712
1.75757
2.23913
2.79556
3.39417
3.92818
4.44153
4.97169
5.42049
5.73507
5.87439
5.874
5.69346
1.06383e-10
8.63865e-11
1.04753e-10
1.21344e-10
1.38199e-10
1.46478e-10
1.4568e-10
1.27932e-10
1.06345e-10
9.7724e-11
8.80019e-11
7.06987e-11
5.01914e-11
4.7524e-11
4.07456e-11
2.99444e-11
2.40316e-11
2.41856e-11
2.36432e-11
2.08414e-11
1.83293e-11
1.76806e-11
1.80952e-11
1.88724e-11
1.93139e-11
2.01752e-11
2.06745e-11
2.3408e-11
3.30854e-11
4.08456e-11
4.24949e-11
9.03046e-11
1.42656e-10
1.48899e-10
1.21494e-10
1.27377e-05
0.000180827
0.000581191
0.00128385
0.00249005
0.00443226
0.00731207
0.0111187
0.0154881
0.0197995
0.0233358
0.0258029
0.0272903
0.0283118
0.0291674
8.78704e-11
8.31426e-11
1.04371e-10
1.2157e-10
1.41978e-10
1.52674e-10
1.58122e-10
1.46978e-10
1.33156e-10
1.29115e-10
1.1831e-10
1.01035e-10
8.95763e-11
8.54498e-11
7.38374e-11
5.54205e-11
4.49696e-11
4.3791e-11
3.82011e-11
2.90152e-11
2.31798e-11
2.30815e-11
2.34449e-11
2.288e-11
2.02329e-11
1.8319e-11
1.78737e-11
1.83678e-11
1.87664e-11
1.91452e-11
1.91539e-11
1.94215e-11
2.02656e-11
2.18564e-11
2.50842e-11
3.06316e-11
3.46403e-11
3.48525e-11
3.46393e-11
3.48886e-11
5.33448e-11
8.4679e-11
1.23081e-10
1.59862e-10
1.8529e-10
2.02482e-10
2.13008e-10
2.22157e-10
2.29249e-10
2.39164e-10
7.29598e-11
7.89543e-11
1.02311e-10
1.19281e-10
1.41753e-10
1.53991e-10
1.63552e-10
1.57983e-10
1.49978e-10
1.47502e-10
1.38123e-10
1.23611e-10
1.17429e-10
1.1274e-10
1.02059e-10
8.54449e-11
7.99597e-11
7.70987e-11
6.75579e-11
5.33895e-11
4.70084e-11
4.77854e-11
4.37776e-11
3.63916e-11
2.70771e-11
2.15781e-11
2.18123e-11
2.10719e-11
1.84572e-11
1.67624e-11
1.60785e-11
1.60764e-11
1.62932e-11
1.66175e-11
1.76028e-11
1.84716e-11
1.8008e-11
1.74536e-11
1.71311e-11
1.70097e-11
1.70738e-11
1.72733e-11
1.76086e-11
1.80484e-11
1.85309e-11
1.9008e-11
1.94412e-11
1.97753e-11
2.0025e-11
2.02093e-11
6.24497e-11
7.50784e-11
1.00169e-10
1.16643e-10
1.4044e-10
1.53628e-10
1.65889e-10
1.64962e-10
1.6162e-10
1.59826e-10
1.52507e-10
1.40866e-10
1.36198e-10
1.31426e-10
1.22398e-10
1.08738e-10
1.05847e-10
1.02014e-10
9.29587e-11
7.92829e-11
7.79042e-11
7.90879e-11
7.53167e-11
6.44901e-11
4.82502e-11
3.85505e-11
3.72375e-11
3.16417e-11
2.3421e-11
2.0386e-11
2.01878e-11
2.02465e-11
2.01763e-11
1.99336e-11
1.93623e-11
1.75272e-11
1.60322e-11
1.53018e-11
1.49213e-11
1.47702e-11
1.47558e-11
1.47905e-11
1.48127e-11
1.48367e-11
1.48469e-11
1.48708e-11
1.49099e-11
1.4959e-11
1.50366e-11
1.51355e-11
5.5314e-11
7.19164e-11
9.80467e-11
1.14139e-10
1.38884e-10
1.52605e-10
1.66638e-10
1.69432e-10
1.69992e-10
1.6885e-10
1.63686e-10
1.54823e-10
1.50653e-10
1.45875e-10
1.38366e-10
1.26996e-10
1.24518e-10
1.20045e-10
1.12369e-10
1.00091e-10
1.00525e-10
1.01086e-10
9.83931e-11
8.95589e-11
7.36532e-11
6.78487e-11
6.52556e-11
5.54764e-11
4.20527e-11
3.92273e-11
4.03155e-11
3.90201e-11
3.62628e-11
3.33017e-11
2.95646e-11
2.41635e-11
2.13635e-11
2.07004e-11
2.02274e-11
1.98715e-11
1.95725e-11
1.93346e-11
1.91069e-11
1.88623e-11
1.86257e-11
1.83844e-11
1.8182e-11
1.80381e-11
1.79615e-11
1.79289e-11
5.04527e-11
6.96204e-11
9.5818e-11
1.11886e-10
1.37349e-10
1.51293e-10
1.66475e-10
1.7215e-10
1.76028e-10
1.75641e-10
1.72543e-10
1.66282e-10
1.62558e-10
1.57835e-10
1.51696e-10
1.42481e-10
1.39531e-10
1.34585e-10
1.28291e-10
1.17393e-10
1.17704e-10
1.17273e-10
1.14818e-10
1.08266e-10
9.46644e-11
9.11145e-11
8.79739e-11
7.8245e-11
6.66307e-11
6.64258e-11
6.75772e-11
6.61658e-11
6.21699e-11
5.67374e-11
4.95682e-11
4.46677e-11
4.3756e-11
4.57267e-11
4.62963e-11
4.52443e-11
4.33006e-11
4.12058e-11
3.94e-11
3.79253e-11
3.69719e-11
3.64269e-11
3.6253e-11
3.63138e-11
3.64133e-11
3.64489e-11
4.70684e-11
6.8025e-11
9.3557e-11
1.09863e-10
1.35839e-10
1.4975e-10
1.65652e-10
1.73523e-10
1.80198e-10
1.80612e-10
1.79415e-10
1.7556e-10
1.72417e-10
1.67859e-10
1.6295e-10
1.55878e-10
1.52303e-10
1.47082e-10
1.41933e-10
1.32603e-10
1.32194e-10
1.30624e-10
1.2796e-10
1.23222e-10
1.11896e-10
1.08713e-10
1.04955e-10
9.64206e-11
8.65129e-11
8.71911e-11
8.78785e-11
8.6676e-11
8.26916e-11
7.65522e-11
6.70277e-11
6.38712e-11
6.52502e-11
6.94842e-11
7.20205e-11
7.24923e-11
7.11651e-11
6.90475e-11
6.67373e-11
6.42547e-11
6.22152e-11
6.07778e-11
5.99824e-11
5.97966e-11
5.99642e-11
6.0291e-11
4.50179e-11
6.66885e-11
9.14867e-11
1.07836e-10
1.34051e-10
1.47705e-10
1.64008e-10
1.73548e-10
1.82474e-10
1.83691e-10
1.84172e-10
1.82525e-10
1.80066e-10
1.75826e-10
1.72057e-10
1.67048e-10
1.62996e-10
1.57684e-10
1.53433e-10
1.45854e-10
1.44649e-10
1.41975e-10
1.3902e-10
1.35634e-10
1.26515e-10
1.23159e-10
1.18534e-10
1.11409e-10
1.02395e-10
1.02785e-10
1.0281e-10
1.01687e-10
9.80139e-11
9.19927e-11
8.13695e-11
7.88518e-11
8.11337e-11
8.64195e-11
9.05047e-11
9.2531e-11
9.21791e-11
9.04785e-11
8.81594e-11
8.52591e-11
8.23574e-11
8.0022e-11
7.84181e-11
7.77326e-11
7.76863e-11
7.80448e-11
4.79401e-11
6.72233e-11
9.19664e-11
1.08037e-10
1.34598e-10
1.47982e-10
1.64645e-10
1.75508e-10
1.86346e-10
1.88375e-10
1.9019e-10
1.90515e-10
1.88798e-10
1.84899e-10
1.82087e-10
1.78959e-10
1.74619e-10
1.692e-10
1.65615e-10
1.59773e-10
1.57872e-10
1.54191e-10
1.50871e-10
1.48378e-10
1.41278e-10
1.37679e-10
1.32041e-10
1.26198e-10
1.1779e-10
1.17535e-10
1.16691e-10
1.15485e-10
1.12078e-10
1.06373e-10
9.54599e-11
9.25775e-11
9.48506e-11
1.00166e-10
1.05191e-10
1.08361e-10
1.08961e-10
1.07778e-10
1.0568e-10
1.02757e-10
9.94696e-11
9.64606e-11
9.41197e-11
9.28781e-11
9.24649e-11
9.26588e-11
100
100
100
100
100
100
100
100
100
100
100
100
100
100
100
100
100
100
100
100
100
100
100
100
100
100
100
97.5657
90.1636
81.984
73.7295
66.0502
58.8949
52.2173
46.3577
40.9423
36.8742
34.2943
32.4354
29.7387
28.7017
27.9379
25.9579
24.133
21.53
18.6113
17.9278
16.8691
13.7638
10.3256
100
100
100
100
100
100
100
100
100
100
100
100
100
100
100
100
100
100
100
100
100
100
100
100
100
100
95.2148
87.4885
79.5808
71.3621
63.1326
55.7415
49.1759
43.432
39.0879
35.7704
30.2631
26.2449
24.0955
22.6735
22.4382
21.5319
19.1447
17.3749
14.4496
10.2664
10.2258
9.35814
6.48551
0.907745
100
100
100
100
100
100
100
100
100
100
100
100
100
100
100
100
100
100
100
100
100
100
100
100
100
93.8235
85.4531
77.1754
69.1907
61.0668
53.0518
46.6636
41.9076
36.7131
30.9482
26.9051
23.5363
20.2239
18.1811
16.2413
16.1465
14.3902
11.0184
8.73438
4.52133
0.179731
0.0129226
0.00148309
0.000105467
3.03055e-11
100
100
100
100
100
100
100
100
100
100
100
100
100
100
100
100
100
100
100
100
100
100
100
100
92.493
84.4607
75.7116
67.1368
59.1974
51.8941
45.4387
38.6435
32.7417
28.2183
24.3833
21.1537
17.8904
14.392
12.5689
8.69599
9.22665
1.01338
0.0445556
0.00360422
0.0002123
2.82119e-11
2.03133e-11
1.56142e-11
1.26197e-11
1.11928e-11
100
100
100
100
100
100
100
100
100
100
100
100
100
100
100
100
100
100
100
100
100
100
100
92.3112
83.3557
75.3264
66.442
58.0212
51.5744
42.6247
34.9808
30.2123
25.9474
22.1721
18.6014
15.3307
12.3814
7.38083
6.96776
0.026733
0.00106873
1.99776e-10
2.3452e-11
1.69882e-11
1.3206e-11
1.1005e-11
9.90817e-12
9.18995e-12
9.26627e-12
1.04848e-11
100
100
100
100
100
100
100
100
100
100
100
100
100
100
100
100
100
100
100
100
100
100
95.4618
83.7152
74.7208
67.3572
57.6084
47.1295
40.1061
33.92
27.5741
23.8305
19.8764
16.0706
12.8148
8.24426
6.37867
0.0110089
0.000237816
2.56851e-11
1.67181e-11
1.24592e-11
1.07811e-11
9.57435e-12
9.20217e-12
1.08172e-11
1.14134e-11
1.25631e-11
1.41636e-11
1.61143e-11
100
100
100
100
100
100
100
100
100
100
100
100
100
100
100
100
100
100
100
100
100
100
88.0243
75.1572
64.1342
55.4903
46.3947
37.8551
32.4152
27.0266
20.8651
17.4999
14.0726
9.07165
4.86395
0.00419308
2.26318e-05
2.22808e-11
1.51632e-11
1.146e-11
9.79149e-12
1.09669e-11
1.14641e-11
1.2601e-11
1.44349e-11
1.71093e-11
1.95375e-11
2.24576e-11
2.57288e-11
2.87504e-11
100
100
100
100
100
100
100
100
100
100
100
100
100
100
100
100
100
100
100
100
100
88.988
74.5879
62.3685
53.3824
46.2556
38.0889
30.1232
25.2168
20.4169
14.4973
11.0472
7.54147
0.00335529
2.99691e-10
2.05733e-11
1.39975e-11
1.10013e-11
9.89821e-12
1.1771e-11
1.30965e-11
1.57705e-11
1.84876e-11
2.20281e-11
2.63133e-11
3.07535e-11
3.48244e-11
3.9709e-11
4.49168e-11
4.97555e-11
100
100
100
100
100
100
100
100
100
100
100
100
100
100
100
100
100
100
100
100
88.8764
76.5413
63.553
52.5515
44.4449
37.9931
30.3096
22.7452
18.3674
14.4423
7.76869
0.00646372
2.37207e-06
2.12374e-11
1.40276e-11
1.09914e-11
1.12905e-11
1.25148e-11
1.45934e-11
1.85726e-11
2.29289e-11
2.76764e-11
3.26172e-11
3.90707e-11
4.6472e-11
5.35822e-11
5.97223e-11
6.49773e-11
6.78798e-11
6.77358e-11
100
100
100
100
100
100
100
100
100
100
100
100
100
100
100
100
100
100
100
87.4521
77.0552
66.0022
53.9159
43.5298
35.8426
29.8516
22.8656
16.0909
11.6264
5.86427
0.000419243
2.47133e-11
1.54032e-11
1.14763e-11
1.25458e-11
1.34706e-11
1.64204e-11
2.07682e-11
2.62175e-11
3.3469e-11
4.06673e-11
4.75608e-11
5.4289e-11
6.0073e-11
6.26785e-11
6.13247e-11
5.78894e-11
5.45091e-11
5.15375e-11
4.88949e-11
100
100
100
100
100
100
100
100
100
100
100
100
100
100
100
100
100
100
87.1946
75.2642
66.1376
56.077
44.748
34.8585
27.488
22.0521
16.239
8.95347
0.00528078
1.54164e-10
2.0329e-11
1.27247e-11
1.30881e-11
1.40646e-11
1.76597e-11
2.25065e-11
2.86622e-11
3.68132e-11
4.60804e-11
5.55993e-11
6.02914e-11
5.83392e-11
5.43921e-11
5.11603e-11
4.8707e-11
4.67121e-11
4.51918e-11
4.44212e-11
4.4265e-11
4.44755e-11
100
100
100
100
100
100
100
100
100
100
100
100
100
100
100
100
100
88.8818
74.3587
63.8726
55.7296
46.4953
35.8867
26.5451
19.8426
14.6306
8.31984
0.00052655
2.57201e-11
1.55154e-11
1.20173e-11
1.43772e-11
1.75739e-11
2.29883e-11
2.98828e-11
3.88565e-11
4.82406e-11
5.63459e-11
5.83904e-11
5.62236e-11
5.2708e-11
4.92448e-11
4.7004e-11
4.63974e-11
4.70181e-11
4.83636e-11
5.02043e-11
5.2687e-11
5.57218e-11
5.90794e-11
100
100
100
100
100
100
100
100
100
100
100
100
100
100
100
99.6078
85.3711
75.592
62.3433
53.0844
45.6733
37.1319
27.3166
18.9407
12.2538
0.0264965
3.85545e-06
2.31185e-11
1.36901e-11
1.44386e-11
1.57149e-11
2.18054e-11
2.88414e-11
3.88276e-11
4.8485e-11
5.52472e-11
5.49483e-11
5.30926e-11
5.17417e-11
5.1267e-11
5.17236e-11
5.27349e-11
5.46843e-11
5.80843e-11
6.27783e-11
6.82464e-11
7.41356e-11
8.05027e-11
8.71127e-11
9.35364e-11
100
100
100
100
100
100
100
100
100
100
100
100
100
100
93.5032
83.2994
70.6012
63.1207
50.9741
42.7778
35.8393
27.8817
18.9909
9.94552
0.00200543
3.34331e-11
1.84649e-11
1.32375e-11
1.57084e-11
1.96097e-11
2.59875e-11
3.64312e-11
4.5948e-11
5.32606e-11
5.30312e-11
5.24966e-11
5.25372e-11
5.41878e-11
5.7643e-11
6.22291e-11
6.77064e-11
7.33335e-11
7.93883e-11
8.66376e-11
9.48046e-11
1.02948e-10
1.10511e-10
1.17516e-10
1.23712e-10
1.28767e-10
100
100
100
100
100
100
100
100
100
100
100
100
100
93.026
74.919
67.8438
56.8006
51.3115
40.0526
32.7562
26.0948
17.284
7.27928
0.000320119
2.76616e-11
1.58926e-11
1.52179e-11
1.63896e-11
2.28023e-11
3.05119e-11
4.0735e-11
4.98051e-11
5.11868e-11
5.29729e-11
5.48091e-11
5.88062e-11
6.43559e-11
7.1558e-11
8.05085e-11
8.96706e-11
9.82969e-11
1.05298e-10
1.11512e-10
1.1816e-10
1.24945e-10
1.30965e-10
1.35973e-10
1.40224e-10
1.43674e-10
1.46169e-10
100
100
100
100
100
100
100
100
100
100
100
97.6426
88.005
73.3125
57.2126
53.6331
43.5982
39.8995
28.9479
22.1357
14.5656
0.0437514
1.34612e-05
2.61499e-11
1.5138e-11
1.66515e-11
1.94451e-11
2.54463e-11
3.51976e-11
4.30786e-11
4.91098e-11
5.33815e-11
5.69776e-11
6.39836e-11
7.1878e-11
8.1701e-11
9.18919e-11
1.0192e-10
1.11921e-10
1.19941e-10
1.25872e-10
1.29537e-10
1.32594e-10
1.36326e-10
1.4039e-10
1.44027e-10
1.4705e-10
1.49623e-10
1.51692e-10
1.531e-10
100
100
100
100
100
100
99.9088
94.9628
92.4323
86.4105
80.1857
72.7289
66.6876
54.4472
40.4511
40.1933
30.1129
28.0005
15.138
6.75595
0.00201375
4.23008e-11
2.19311e-11
1.52305e-11
1.77093e-11
2.29105e-11
2.96117e-11
3.81431e-11
4.61896e-11
5.02327e-11
5.80328e-11
6.8483e-11
7.88685e-11
9.23294e-11
1.0341e-10
1.13491e-10
1.21339e-10
1.2766e-10
1.33526e-10
1.37487e-10
1.40002e-10
1.41172e-10
1.42382e-10
1.44512e-10
1.47164e-10
1.49699e-10
1.51899e-10
1.5381e-10
1.55364e-10
1.56401e-10
100
96.5322
91.8959
87.4909
82.9831
78.0989
72.5697
67.5355
65.6083
59.2678
54.0668
48.2615
46.1171
35.9381
23.8815
25.7652
14.8991
11.6153
0.220317
0.000173369
3.31149e-11
1.85793e-11
1.66017e-11
1.79673e-11
2.43894e-11
3.1876e-11
3.89332e-11
4.66458e-11
5.58853e-11
6.62845e-11
8.28495e-11
1.01188e-10
1.13971e-10
1.26078e-10
1.31703e-10
1.35939e-10
1.38594e-10
1.40776e-10
1.43441e-10
1.45155e-10
1.4621e-10
1.46567e-10
1.47203e-10
1.48708e-10
1.5074e-10
1.52781e-10
1.54617e-10
1.56231e-10
1.5756e-10
1.5845e-10
69.9652
65.4962
62.4816
59.1236
55.024
50.2044
44.7715
40.8819
40.1666
34.2257
29.9887
25.4542
24.4416
16.7374
8.62335
7.25111
0.897407
0.00240436
1.05348e-10
2.88126e-11
1.70126e-11
1.78658e-11
1.99372e-11
2.46491e-11
3.21659e-11
3.99269e-11
4.85762e-11
6.32725e-11
8.19782e-11
9.97901e-11
1.2207e-10
1.3859e-10
1.43563e-10
1.48122e-10
1.4729e-10
1.47015e-10
1.46642e-10
1.46784e-10
1.47998e-10
1.48858e-10
1.49463e-10
1.4968e-10
1.50206e-10
1.51457e-10
1.5316e-10
1.54912e-10
1.56523e-10
1.57953e-10
1.59148e-10
1.59956e-10
31.7095
30.2601
29.2608
27.6634
25.2709
22.4846
19.5908
17.8557
17.7304
13.7382
10.0092
6.66424
4.2191
1.03603
0.224592
0.00392979
1.44403e-05
3.82033e-11
2.16687e-11
1.65074e-11
1.85117e-11
2.24647e-11
2.65006e-11
3.29311e-11
4.33551e-11
5.66734e-11
7.47765e-11
1.00338e-10
1.23993e-10
1.38344e-10
1.5505e-10
1.62671e-10
1.59882e-10
1.59067e-10
1.5493e-10
1.52499e-10
1.50793e-10
1.50092e-10
1.50673e-10
1.51209e-10
1.51686e-10
1.51939e-10
1.52472e-10
1.53577e-10
1.55048e-10
1.5658e-10
1.58013e-10
1.593e-10
1.60392e-10
1.61142e-10
5.45978
5.2415
4.96786
4.53124
3.96445
3.42236
2.90005
2.41841
1.60798
0.693868
0.179174
0.0438533
0.00521439
9.41974e-05
1.58704e-10
3.94511e-11
2.56513e-11
1.77696e-11
1.78615e-11
1.83855e-11
2.27124e-11
2.77934e-11
3.56794e-11
4.87629e-11
6.89421e-11
9.17392e-11
1.15189e-10
1.42446e-10
1.59098e-10
1.64142e-10
1.73639e-10
1.75106e-10
1.68391e-10
1.64853e-10
1.59287e-10
1.5583e-10
1.53523e-10
1.52443e-10
1.52691e-10
1.53066e-10
1.53493e-10
1.53798e-10
1.54336e-10
1.55322e-10
1.566e-10
1.57944e-10
1.59221e-10
1.60383e-10
1.61391e-10
1.62098e-10
0.0298289
0.0292197
0.0269482
0.0229049
0.0176302
0.0122817
0.00755713
0.00362415
0.000636111
1.52209e-05
1.41066e-10
9.66359e-11
7.06905e-11
2.96005e-11
2.29094e-11
1.81379e-11
1.71748e-11
1.7431e-11
1.98025e-11
2.24536e-11
2.94261e-11
4.06263e-11
5.74655e-11
8.28639e-11
1.10449e-10
1.31529e-10
1.5005e-10
1.71641e-10
1.80664e-10
1.79512e-10
1.84131e-10
1.82158e-10
1.73617e-10
1.68611e-10
1.62337e-10
1.58314e-10
1.55695e-10
1.54407e-10
1.5443e-10
1.54689e-10
1.55074e-10
1.55397e-10
1.55916e-10
1.56785e-10
1.57892e-10
1.59066e-10
1.60202e-10
1.61256e-10
1.62195e-10
1.62872e-10
2.53817e-10
2.72242e-10
2.86649e-10
2.88519e-10
2.68185e-10
2.38565e-10
2.08925e-10
1.65089e-10
9.81093e-11
2.72664e-11
2.3811e-11
2.13525e-11
1.87496e-11
1.69452e-11
1.73149e-11
1.68339e-11
1.78765e-11
2.05449e-11
2.52965e-11
3.40679e-11
5.00494e-11
7.07874e-11
9.57867e-11
1.24183e-10
1.47039e-10
1.60645e-10
1.73315e-10
1.90076e-10
1.94491e-10
1.89799e-10
1.91066e-10
1.86924e-10
1.77436e-10
1.71474e-10
1.64776e-10
1.60401e-10
1.57594e-10
1.56166e-10
1.56008e-10
1.56162e-10
1.56485e-10
1.5679e-10
1.57261e-10
1.58011e-10
1.5896e-10
1.59981e-10
1.60991e-10
1.61952e-10
1.62838e-10
1.63498e-10
2.0357e-11
2.04269e-11
2.03618e-11
2.01643e-11
1.97924e-11
1.93205e-11
1.87363e-11
1.81208e-11
1.72065e-11
1.70818e-11
1.69388e-11
1.61781e-11
1.62455e-11
1.67694e-11
1.80383e-11
2.00501e-11
2.37711e-11
3.1959e-11
4.51883e-11
6.38094e-11
8.61935e-11
1.07092e-10
1.2991e-10
1.55336e-10
1.7296e-10
1.81378e-10
1.90009e-10
2.0319e-10
2.0462e-10
1.97638e-10
1.96316e-10
1.90596e-10
1.80525e-10
1.7384e-10
1.66862e-10
1.62254e-10
1.59322e-10
1.57781e-10
1.57464e-10
1.57506e-10
1.57746e-10
1.58e-10
1.58398e-10
1.59026e-10
1.59828e-10
1.60711e-10
1.6161e-10
1.62495e-10
1.63342e-10
1.64001e-10
1.52811e-11
1.54563e-11
1.56132e-11
1.57511e-11
1.58464e-11
1.58724e-11
1.58143e-11
1.5692e-11
1.57061e-11
1.69116e-11
1.77446e-11
1.82483e-11
1.92655e-11
2.24389e-11
2.65183e-11
3.40406e-11
4.53583e-11
6.17147e-11
7.80386e-11
9.85416e-11
1.17988e-10
1.34722e-10
1.55502e-10
1.78756e-10
1.93001e-10
1.97915e-10
2.03442e-10
2.13625e-10
2.12762e-10
2.04063e-10
2.00597e-10
1.9363e-10
1.83137e-10
1.75872e-10
1.68706e-10
1.63942e-10
1.60915e-10
1.59273e-10
1.58804e-10
1.58722e-10
1.58858e-10
1.59032e-10
1.59337e-10
1.59842e-10
1.60507e-10
1.61265e-10
1.62069e-10
1.62894e-10
1.6372e-10
1.64393e-10
1.79443e-11
1.80079e-11
1.80891e-11
1.8188e-11
1.83119e-11
1.84558e-11
1.86307e-11
1.89155e-11
2.02878e-11
2.43521e-11
2.78082e-11
3.15576e-11
3.67196e-11
4.63782e-11
5.38111e-11
6.45861e-11
7.56434e-11
9.19141e-11
1.06326e-10
1.25566e-10
1.42314e-10
1.56628e-10
1.76292e-10
1.98077e-10
2.09861e-10
2.12079e-10
2.14968e-10
2.22433e-10
2.19599e-10
2.09492e-10
2.04208e-10
1.96209e-10
1.85374e-10
1.77639e-10
1.70352e-10
1.6548e-10
1.62373e-10
1.60632e-10
1.6001e-10
1.59791e-10
1.59802e-10
1.59872e-10
1.6007e-10
1.60449e-10
1.60987e-10
1.61635e-10
1.6236e-10
1.63141e-10
1.63961e-10
1.64664e-10
3.63682e-11
3.62645e-11
3.62314e-11
3.63472e-11
3.6711e-11
3.74167e-11
3.85708e-11
4.04109e-11
4.51884e-11
5.19919e-11
5.48593e-11
5.86111e-11
6.54274e-11
7.60994e-11
8.07028e-11
9.07108e-11
1.00606e-10
1.15359e-10
1.2835e-10
1.47261e-10
1.62616e-10
1.75445e-10
1.94334e-10
2.14844e-10
2.24568e-10
2.2454e-10
2.25082e-10
2.30007e-10
2.25392e-10
2.14087e-10
2.07257e-10
1.98374e-10
1.87251e-10
1.79138e-10
1.71783e-10
1.6683e-10
1.63649e-10
1.61803e-10
1.61022e-10
1.60651e-10
1.60518e-10
1.60465e-10
1.60545e-10
1.60799e-10
1.61218e-10
1.6177e-10
1.6243e-10
1.63184e-10
1.64015e-10
1.64764e-10
6.07097e-11
6.13042e-11
6.21091e-11
6.3179e-11
6.45034e-11
6.63557e-11
6.87828e-11
7.14192e-11
7.66236e-11
7.99951e-11
7.9476e-11
8.17085e-11
8.74818e-11
9.83883e-11
1.02118e-10
1.11287e-10
1.20693e-10
1.34422e-10
1.46956e-10
1.65898e-10
1.80391e-10
1.92122e-10
2.10261e-10
2.29477e-10
2.37349e-10
2.35399e-10
2.33838e-10
2.36383e-10
2.30138e-10
2.17824e-10
2.0968e-10
2.0003e-10
1.88676e-10
1.80268e-10
1.72886e-10
1.67871e-10
1.64616e-10
1.62655e-10
1.61704e-10
1.61164e-10
1.60871e-10
1.6068e-10
1.6063e-10
1.60761e-10
1.61069e-10
1.61538e-10
1.62149e-10
1.62891e-10
1.63748e-10
1.64561e-10
7.86754e-11
7.9659e-11
8.09993e-11
8.27314e-11
8.46365e-11
8.7192e-11
9.05619e-11
9.37861e-11
9.91169e-11
1.0152e-10
9.94937e-11
1.00365e-10
1.04364e-10
1.14776e-10
1.19134e-10
1.28034e-10
1.37569e-10
1.50579e-10
1.62899e-10
1.81871e-10
1.95632e-10
2.06408e-10
2.23677e-10
2.41469e-10
2.4762e-10
2.44051e-10
2.40646e-10
2.40992e-10
2.33282e-10
2.20179e-10
2.10947e-10
2.0066e-10
1.89157e-10
1.80556e-10
1.73187e-10
1.68137e-10
1.64809e-10
1.62725e-10
1.61593e-10
1.60869e-10
1.604e-10
1.60057e-10
1.59873e-10
1.59881e-10
1.60089e-10
1.60486e-10
1.61063e-10
1.61809e-10
1.6271e-10
1.63604e-10
9.32554e-11
9.43199e-11
9.58547e-11
9.78793e-11
1.00079e-10
1.02853e-10
1.0667e-10
1.10392e-10
1.1587e-10
1.1895e-10
1.17447e-10
1.1779e-10
1.20441e-10
1.30113e-10
1.3576e-10
1.44854e-10
1.55018e-10
1.67867e-10
1.80376e-10
1.999e-10
2.13416e-10
2.23593e-10
2.4032e-10
2.57106e-10
2.61722e-10
2.56467e-10
2.51034e-10
2.49182e-10
2.39895e-10
2.25792e-10
2.15394e-10
2.04391e-10
1.92573e-10
1.83727e-10
1.76278e-10
1.71157e-10
1.67728e-10
1.65525e-10
1.64231e-10
1.63351e-10
1.62737e-10
1.6227e-10
1.6198e-10
1.619e-10
1.62043e-10
1.62405e-10
1.62981e-10
1.63762e-10
1.64732e-10
1.65722e-10
9.69475
10.1499
10.7457
10.0244
1.84754
0.0992828
0.0158413
0.00345856
0.000340128
6.65125e-05
1.59038e-05
5.3233e-10
5.07986e-11
1.70256e-11
1.49219e-11
1.32706e-11
1.22058e-11
1.15715e-11
1.11154e-11
1.07698e-11
1.05433e-11
1.04061e-11
1.03788e-11
1.04432e-11
1.06295e-11
1.09871e-11
1.14928e-11
7.62435e-11
2.20631e-09
6.52506e-09
6.35596e-09
1.20301e-05
3.34908e-05
7.07662e-05
0.000156911
0.000565118
0.978368
4.79712
8.81106
8.73589
7.69924
6.18688
6.81098
9.61403
9.99287
9.40165
8.90236
9.95715
11.1098
11.4562
0.0354908
0.00578476
0.000773904
6.76568e-05
3.50498e-11
2.34969e-11
1.89803e-11
1.58566e-11
1.33935e-11
1.17521e-11
1.07771e-11
1.0088e-11
9.53278e-12
9.00813e-12
8.64272e-12
8.51446e-12
8.64647e-12
8.88713e-12
9.04178e-12
9.15025e-12
9.19604e-12
9.20422e-12
9.18004e-12
9.15214e-12
9.05204e-12
8.9211e-12
8.74424e-12
8.56777e-12
7.44327e-11
1.70127e-10
2.296e-10
2.32982e-10
2.51001e-10
3.02682e-10
4.01893e-10
9.65808e-10
2.40906e-09
3.37558e-09
3.71672e-05
8.12002e-05
0.000239566
0.000686192
1.71733
7.4439
8.45496
7.3948
5.54445
6.38999
9.138
9.78609
2.28988e-11
1.81872e-11
1.47505e-11
1.2314e-11
1.11664e-11
1.03037e-11
9.56503e-12
9.05171e-12
8.825e-12
9.05378e-12
9.58916e-12
1.05848e-11
1.10864e-11
1.17566e-11
1.24899e-11
1.32834e-11
1.39506e-11
1.4527e-11
1.50256e-11
1.54056e-11
1.55871e-11
1.56315e-11
1.55307e-11
1.53236e-11
1.4965e-11
1.43895e-11
1.37484e-11
1.30427e-11
1.23295e-11
2.97733e-11
4.48394e-11
4.9231e-11
5.43052e-11
6.02413e-11
6.83681e-11
8.60217e-11
1.06289e-10
1.15487e-10
1.31172e-10
1.56899e-10
1.94151e-10
6.17615e-10
1.48117e-09
5.84887e-06
7.20899e-05
0.000186659
0.000723439
1.32099
6.43241
8.4895
1.03195e-11
9.54944e-12
9.11546e-12
9.36278e-12
1.04279e-11
1.07867e-11
1.14598e-11
1.23391e-11
1.33988e-11
1.45712e-11
1.58825e-11
1.74438e-11
1.88328e-11
2.04658e-11
2.20023e-11
2.33546e-11
2.41202e-11
2.46332e-11
2.5242e-11
2.58351e-11
2.62079e-11
2.62737e-11
2.60707e-11
2.55306e-11
2.4733e-11
2.35488e-11
2.22104e-11
2.07814e-11
1.99065e-11
1.85429e-11
1.74819e-11
2.12919e-11
2.67429e-11
3.12116e-11
3.55634e-11
4.08642e-11
4.58611e-11
4.77144e-11
4.79159e-11
5.1657e-11
5.49344e-11
6.42103e-11
6.92773e-11
7.43427e-11
8.47981e-11
1.04599e-10
3.02772e-10
1.00931e-09
7.82191e-07
8.64636e-05
1.09041e-11
1.1666e-11
1.27415e-11
1.41753e-11
1.57867e-11
1.72596e-11
1.90983e-11
2.11769e-11
2.33583e-11
2.53816e-11
2.75681e-11
2.97302e-11
3.17677e-11
3.43593e-11
3.69428e-11
3.91439e-11
4.03262e-11
4.09472e-11
4.16151e-11
4.22972e-11
4.27406e-11
4.26918e-11
4.20472e-11
4.11847e-11
3.97641e-11
3.77431e-11
3.54778e-11
3.31463e-11
3.19678e-11
3.00909e-11
2.7351e-11
2.49346e-11
2.31199e-11
2.11107e-11
2.20505e-11
2.62493e-11
2.976e-11
3.29459e-11
3.52318e-11
3.77527e-11
3.97141e-11
4.12315e-11
4.20189e-11
4.01861e-11
3.96978e-11
4.14405e-11
4.70452e-11
5.1384e-11
5.40039e-11
6.14847e-11
1.78376e-11
1.99385e-11
2.23331e-11
2.4968e-11
2.73127e-11
2.96724e-11
3.26907e-11
3.61966e-11
3.98797e-11
4.32942e-11
4.68286e-11
4.98975e-11
5.27295e-11
5.60252e-11
5.90212e-11
6.11085e-11
6.15573e-11
6.1044e-11
6.05351e-11
6.02013e-11
5.98989e-11
5.91802e-11
5.75188e-11
5.58409e-11
5.55753e-11
5.54086e-11
5.33433e-11
5.07856e-11
4.98318e-11
4.77595e-11
4.32481e-11
3.92787e-11
3.63536e-11
3.31274e-11
3.00543e-11
2.75628e-11
2.47782e-11
2.33918e-11
2.65678e-11
2.97569e-11
3.25165e-11
3.4299e-11
3.53601e-11
3.5511e-11
3.56483e-11
3.61708e-11
3.64349e-11
3.63366e-11
3.45454e-11
3.34254e-11
3.15643e-11
3.4945e-11
3.87997e-11
4.2866e-11
4.65974e-11
5.065e-11
5.53421e-11
6.02095e-11
6.44904e-11
6.73009e-11
6.922e-11
6.95449e-11
6.86189e-11
6.76925e-11
6.64217e-11
6.46996e-11
6.21234e-11
5.91819e-11
5.65976e-11
5.45257e-11
5.28909e-11
5.1459e-11
4.94824e-11
4.67033e-11
4.50032e-11
4.58849e-11
5.00955e-11
5.78179e-11
6.80131e-11
7.31537e-11
6.79851e-11
6.1267e-11
5.61267e-11
5.09607e-11
4.61405e-11
4.20505e-11
3.75337e-11
3.3232e-11
3.04229e-11
2.82011e-11
2.66248e-11
2.89818e-11
3.03161e-11
3.14456e-11
3.27119e-11
3.38777e-11
3.44531e-11
3.43584e-11
3.37495e-11
3.31049e-11
5.46627e-11
5.99229e-11
6.48038e-11
6.84063e-11
6.94249e-11
6.86544e-11
6.70864e-11
6.49083e-11
6.23334e-11
5.91866e-11
5.62693e-11
5.35437e-11
5.10132e-11
4.90952e-11
4.7621e-11
4.64518e-11
4.53045e-11
4.41654e-11
4.31909e-11
4.2411e-11
4.17712e-11
4.11492e-11
4.0245e-11
3.82708e-11
3.54602e-11
3.26894e-11
3.11392e-11
3.24321e-11
3.82902e-11
5.26027e-11
7.57606e-11
9.0155e-11
8.81605e-11
7.94049e-11
7.05599e-11
6.32373e-11
5.60046e-11
4.91289e-11
4.4681e-11
4.11821e-11
3.79409e-11
3.46718e-11
3.10826e-11
2.81776e-11
2.96675e-11
3.13763e-11
3.25401e-11
3.28054e-11
3.28679e-11
3.31363e-11
6.58388e-11
6.31147e-11
5.98211e-11
5.64274e-11
5.29805e-11
4.98331e-11
4.738e-11
4.5585e-11
4.43619e-11
4.34579e-11
4.29676e-11
4.28093e-11
4.29035e-11
4.33795e-11
4.41763e-11
4.52057e-11
4.62554e-11
4.72455e-11
4.82458e-11
4.9273e-11
5.02771e-11
5.11282e-11
5.15575e-11
5.07547e-11
4.74779e-11
4.18224e-11
3.52388e-11
2.99699e-11
2.71619e-11
2.85798e-11
3.47282e-11
4.81768e-11
7.48571e-11
1.05866e-10
1.11415e-10
9.8644e-11
8.46607e-11
7.24899e-11
6.48943e-11
5.92675e-11
5.43674e-11
4.95928e-11
4.43197e-11
4.00032e-11
3.67496e-11
3.39316e-11
3.12352e-11
3.10318e-11
3.179e-11
3.26982e-11
4.6754e-11
4.51583e-11
4.39927e-11
4.32607e-11
4.2853e-11
4.27768e-11
4.31725e-11
4.40708e-11
4.54775e-11
4.72654e-11
4.94867e-11
5.21049e-11
5.50702e-11
5.85229e-11
6.24301e-11
6.66775e-11
7.09436e-11
7.50855e-11
7.92398e-11
8.34914e-11
8.78272e-11
9.20647e-11
9.58263e-11
9.79974e-11
9.49244e-11
8.53771e-11
7.00269e-11
5.26554e-11
3.84544e-11
3.05819e-11
2.71061e-11
2.79956e-11
3.38898e-11
4.79467e-11
7.72532e-11
1.19173e-10
1.32145e-10
1.123e-10
9.66154e-11
8.606e-11
7.7489e-11
6.98171e-11
6.21322e-11
5.5983e-11
5.12583e-11
4.7119e-11
4.32384e-11
3.92537e-11
3.58502e-11
3.31467e-11
4.50824e-11
4.62059e-11
4.78004e-11
4.98703e-11
5.23445e-11
5.52379e-11
5.8694e-11
6.28e-11
6.76032e-11
7.29415e-11
7.88214e-11
8.50995e-11
9.16326e-11
9.85696e-11
1.05737e-10
1.12793e-10
1.19154e-10
1.24819e-10
1.30356e-10
1.36119e-10
1.42247e-10
1.48526e-10
1.54596e-10
1.5941e-10
1.60777e-10
1.56018e-10
1.41923e-10
1.17407e-10
8.66535e-11
5.90326e-11
4.06658e-11
3.11521e-11
2.73982e-11
2.85196e-11
3.49658e-11
5.00011e-11
8.14966e-11
1.25972e-10
1.43369e-10
1.31026e-10
1.14217e-10
1.00385e-10
8.76029e-11
7.78862e-11
7.05057e-11
6.43131e-11
5.88642e-11
5.35551e-11
4.89869e-11
4.51901e-11
6.28145e-11
6.72027e-11
7.21861e-11
7.76632e-11
8.34196e-11
8.93626e-11
9.55771e-11
1.02069e-10
1.0875e-10
1.15265e-10
1.21579e-10
1.27503e-10
1.33039e-10
1.38528e-10
1.43851e-10
1.48735e-10
1.52833e-10
1.56511e-10
1.60562e-10
1.65352e-10
1.70997e-10
1.77229e-10
1.837e-10
1.89606e-10
1.94549e-10
1.97284e-10
1.96116e-10
1.88889e-10
1.68157e-10
1.32622e-10
9.1834e-11
5.89522e-11
4.00835e-11
3.10823e-11
2.78777e-11
2.95633e-11
3.67819e-11
5.29038e-11
8.43247e-11
1.31663e-10
1.62066e-10
1.52453e-10
1.29864e-10
1.11588e-10
9.83139e-11
8.80062e-11
7.96694e-11
7.21353e-11
6.57787e-11
6.05058e-11
9.97225e-11
1.05999e-10
1.12146e-10
1.17819e-10
1.22778e-10
1.27115e-10
1.31149e-10
1.35073e-10
1.38925e-10
1.42532e-10
1.46022e-10
1.49347e-10
1.52636e-10
1.56188e-10
1.59893e-10
1.63512e-10
1.66813e-10
1.70112e-10
1.74082e-10
1.79017e-10
1.85025e-10
1.91883e-10
1.99275e-10
2.06589e-10
2.13779e-10
2.20309e-10
2.25509e-10
2.29974e-10
2.29285e-10
2.18594e-10
1.84877e-10
1.32528e-10
8.57872e-11
5.53233e-11
3.86186e-11
3.07698e-11
2.83811e-11
3.07302e-11
3.87048e-11
5.6006e-11
8.92884e-11
1.42793e-10
1.81819e-10
1.69367e-10
1.44981e-10
1.25192e-10
1.10117e-10
9.80374e-11
8.83378e-11
8.05017e-11
1.32811e-10
1.3646e-10
1.39698e-10
1.42255e-10
1.44195e-10
1.458e-10
1.4742e-10
1.49242e-10
1.5129e-10
1.53438e-10
1.55765e-10
1.58228e-10
1.60916e-10
1.64025e-10
1.67459e-10
1.7102e-10
1.74559e-10
1.78306e-10
1.82838e-10
1.88407e-10
1.95149e-10
2.02927e-10
2.11461e-10
2.20325e-10
2.29464e-10
2.38658e-10
2.47297e-10
2.5699e-10
2.65715e-10
2.72827e-10
2.66391e-10
2.345e-10
1.81092e-10
1.21908e-10
7.75669e-11
5.1023e-11
3.68454e-11
3.03091e-11
2.8773e-11
3.20126e-11
4.12685e-11
6.0677e-11
9.72082e-11
1.54129e-10
1.97789e-10
1.87742e-10
1.6169e-10
1.39192e-10
1.21747e-10
1.08569e-10
1.47879e-10
1.49475e-10
1.50962e-10
1.52013e-10
1.52754e-10
1.5342e-10
1.54268e-10
1.55439e-10
1.56955e-10
1.58729e-10
1.60811e-10
1.63172e-10
1.65878e-10
1.69066e-10
1.72673e-10
1.76545e-10
1.80609e-10
1.85027e-10
1.90319e-10
1.96698e-10
2.0433e-10
2.13171e-10
2.22974e-10
2.33507e-10
2.44618e-10
2.56307e-10
2.67713e-10
2.80725e-10
2.94204e-10
3.09041e-10
3.17711e-10
3.11291e-10
2.87048e-10
2.36861e-10
1.68092e-10
1.07544e-10
6.89846e-11
4.66976e-11
3.48688e-11
2.9691e-11
2.93248e-11
3.37825e-11
4.4773e-11
6.6769e-11
1.06484e-10
1.67049e-10
2.1456e-10
2.07081e-10
1.78347e-10
1.53756e-10
1.53936e-10
1.54843e-10
1.558e-10
1.56437e-10
1.56902e-10
1.57386e-10
1.5809e-10
1.59133e-10
1.60552e-10
1.62303e-10
1.64428e-10
1.66918e-10
1.69831e-10
1.7327e-10
1.77207e-10
1.81521e-10
1.86211e-10
1.91385e-10
1.97537e-10
2.04839e-10
2.13483e-10
2.23524e-10
2.34738e-10
2.47107e-10
2.60339e-10
2.74659e-10
2.88842e-10
3.04849e-10
3.21867e-10
3.40901e-10
3.56972e-10
3.64012e-10
3.62906e-10
3.45709e-10
2.98804e-10
2.22836e-10
1.47399e-10
9.30711e-11
6.04902e-11
4.22355e-11
3.29123e-11
2.92359e-11
3.01778e-11
3.60699e-11
4.91482e-11
7.37836e-11
1.16752e-10
1.81568e-10
2.33662e-10
2.27088e-10
1.56964e-10
1.57683e-10
1.58526e-10
1.591e-10
1.59568e-10
1.60094e-10
1.60845e-10
1.61932e-10
1.63406e-10
1.65258e-10
1.67531e-10
1.7024e-10
1.73438e-10
1.77213e-10
1.81567e-10
1.864e-10
1.91784e-10
1.97781e-10
2.04889e-10
2.13229e-10
2.23022e-10
2.34429e-10
2.47242e-10
2.61688e-10
2.77282e-10
2.94516e-10
3.11726e-10
3.30879e-10
3.51401e-10
3.73842e-10
3.94666e-10
4.09179e-10
4.20104e-10
4.24358e-10
4.11136e-10
3.66517e-10
2.87857e-10
1.97104e-10
1.24505e-10
7.87893e-11
5.2733e-11
3.82887e-11
3.12098e-11
2.90428e-11
3.13318e-11
3.88765e-11
5.41467e-11
8.16009e-11
1.28406e-10
1.96739e-10
1.58918e-10
1.59596e-10
1.60448e-10
1.61063e-10
1.61613e-10
1.62248e-10
1.63113e-10
1.64314e-10
1.65914e-10
1.67931e-10
1.70414e-10
1.73398e-10
1.76937e-10
1.81114e-10
1.85958e-10
1.91384e-10
1.97537e-10
2.04434e-10
2.12611e-10
2.22128e-10
2.33235e-10
2.4622e-10
2.6088e-10
2.7773e-10
2.96005e-10
3.16587e-10
3.37231e-10
3.5996e-10
3.84327e-10
4.10203e-10
4.35116e-10
4.55059e-10
4.73176e-10
4.88927e-10
4.96398e-10
4.85348e-10
4.44331e-10
3.62849e-10
2.56323e-10
1.64442e-10
1.02997e-10
6.66275e-11
4.61592e-11
3.49982e-11
2.98758e-11
2.92484e-11
3.30531e-11
4.23913e-11
6.0136e-11
9.06591e-11
1.60382e-10
1.61063e-10
1.61961e-10
1.62651e-10
1.63312e-10
1.64084e-10
1.65098e-10
1.66456e-10
1.68231e-10
1.70461e-10
1.73206e-10
1.76516e-10
1.80451e-10
1.85096e-10
1.90509e-10
1.96605e-10
2.03616e-10
2.1151e-10
2.20897e-10
2.31761e-10
2.44387e-10
2.59219e-10
2.76054e-10
2.95726e-10
3.17142e-10
3.41633e-10
3.66299e-10
3.93222e-10
4.21965e-10
4.51572e-10
4.80567e-10
5.05323e-10
5.28928e-10
5.51932e-10
5.71211e-10
5.80773e-10
5.73847e-10
5.3493e-10
4.46648e-10
3.27362e-10
2.14829e-10
1.34024e-10
8.48163e-11
5.6717e-11
4.07436e-11
3.23595e-11
2.90602e-11
2.99458e-11
3.53167e-11
4.66905e-11
1.61546e-10
1.62248e-10
1.63208e-10
1.63992e-10
1.64782e-10
1.65711e-10
1.669e-10
1.68452e-10
1.70443e-10
1.72933e-10
1.75988e-10
1.79678e-10
1.84066e-10
1.89252e-10
1.95317e-10
2.02173e-10
2.1015e-10
2.19162e-10
2.29935e-10
2.42355e-10
2.56755e-10
2.73791e-10
2.93195e-10
3.16292e-10
3.41369e-10
3.70579e-10
4.00041e-10
4.31961e-10
4.65679e-10
4.99134e-10
5.32055e-10
5.61031e-10
5.89101e-10
6.17345e-10
6.44155e-10
6.66104e-10
6.80351e-10
6.77727e-10
6.35964e-10
5.45416e-10
4.1314e-10
2.76564e-10
1.73535e-10
1.08395e-10
7.01171e-11
4.84791e-11
3.63861e-11
3.03824e-11
2.87197e-11
3.10929e-11
1.62492e-10
1.63227e-10
1.64264e-10
1.65157e-10
1.66091e-10
1.67196e-10
1.68587e-10
1.70365e-10
1.72614e-10
1.75408e-10
1.78823e-10
1.8295e-10
1.87855e-10
1.93659e-10
2.00472e-10
2.08188e-10
2.17261e-10
2.27542e-10
2.39919e-10
2.54157e-10
2.70652e-10
2.90344e-10
3.12888e-10
3.40069e-10
3.6958e-10
4.0463e-10
4.3982e-10
4.77653e-10
5.16938e-10
5.5371e-10
5.89583e-10
6.21422e-10
6.52327e-10
6.83706e-10
7.14913e-10
7.4409e-10
7.70436e-10
7.90704e-10
7.88472e-10
7.51047e-10
6.60858e-10
5.13526e-10
3.52777e-10
2.23322e-10
1.37824e-10
8.73156e-11
5.84958e-11
4.20794e-11
3.30264e-11
2.8976e-11
1.63269e-10
1.6405e-10
1.65176e-10
1.66193e-10
1.67288e-10
1.68589e-10
1.70208e-10
1.72247e-10
1.74794e-10
1.77937e-10
1.81765e-10
1.8639e-10
1.9188e-10
1.98391e-10
2.06058e-10
2.14753e-10
2.25079e-10
2.3681e-10
2.51064e-10
2.67451e-10
2.86461e-10
3.09342e-10
3.357e-10
3.67949e-10
4.02993e-10
4.45324e-10
4.87386e-10
5.32095e-10
5.77034e-10
6.15696e-10
6.52455e-10
6.84579e-10
7.15422e-10
7.4667e-10
7.78401e-10
8.09936e-10
8.41431e-10
8.73452e-10
8.95985e-10
9.01419e-10
8.75199e-10
7.87056e-10
6.32268e-10
4.45382e-10
2.83849e-10
1.74817e-10
1.09241e-10
7.12394e-11
4.94945e-11
3.70249e-11
1.63913e-10
1.64752e-10
1.65981e-10
1.67138e-10
1.68412e-10
1.69931e-10
1.71806e-10
1.74138e-10
1.77023e-10
1.80563e-10
1.8486e-10
1.90048e-10
1.962e-10
2.03515e-10
2.12163e-10
2.21972e-10
2.33741e-10
2.47146e-10
2.63623e-10
2.82598e-10
3.0464e-10
3.31359e-10
3.62378e-10
4.01216e-10
4.43145e-10
4.94681e-10
5.44902e-10
5.97383e-10
6.47027e-10
6.83934e-10
7.17231e-10
7.44931e-10
7.70879e-10
7.97015e-10
8.24034e-10
8.52226e-10
8.82179e-10
9.16406e-10
9.49723e-10
9.78736e-10
9.98906e-10
9.87422e-10
9.18473e-10
7.66121e-10
5.5301e-10
3.58148e-10
2.21357e-10
1.36725e-10
8.72906e-11
5.88022e-11
1.64447e-10
1.6536e-10
1.66707e-10
1.6802e-10
1.69493e-10
1.71253e-10
1.73411e-10
1.76072e-10
1.79337e-10
1.83323e-10
1.88149e-10
1.93974e-10
2.00869e-10
2.09101e-10
2.18873e-10
2.29957e-10
2.43398e-10
2.58754e-10
2.77921e-10
3.00015e-10
3.2572e-10
3.57186e-10
3.94177e-10
4.4153e-10
4.92131e-10
5.55441e-10
6.14986e-10
6.75306e-10
7.25827e-10
7.53503e-10
7.7611e-10
7.92786e-10
8.07938e-10
8.23595e-10
8.40848e-10
8.60604e-10
8.83495e-10
9.12434e-10
9.4512e-10
9.80072e-10
1.01842e-09
1.051e-09
1.06529e-09
1.03116e-09
8.97894e-10
6.76023e-10
4.49401e-10
2.78979e-10
1.70928e-10
1.07248e-10
1.64884e-10
1.65886e-10
1.67367e-10
1.68855e-10
1.70547e-10
1.72572e-10
1.75044e-10
1.78071e-10
1.81759e-10
1.86244e-10
1.91663e-10
1.98206e-10
2.05937e-10
2.15213e-10
2.2628e-10
2.38831e-10
2.54225e-10
2.719e-10
2.94311e-10
3.20232e-10
3.50353e-10
3.88017e-10
4.32756e-10
4.91275e-10
5.52887e-10
6.31229e-10
7.00167e-10
7.65829e-10
8.07659e-10
8.14052e-10
8.17301e-10
8.16953e-10
8.17215e-10
8.19585e-10
8.25042e-10
8.34511e-10
8.48303e-10
8.68726e-10
8.94756e-10
9.25401e-10
9.62868e-10
1.00467e-09
1.04861e-09
1.08744e-09
1.08906e-09
1.00391e-09
8.06954e-10
5.57205e-10
3.49463e-10
2.1332e-10
1.65218e-10
1.66324e-10
1.67956e-10
1.69637e-10
1.71569e-10
1.73886e-10
1.76704e-10
1.80135e-10
1.84293e-10
1.89335e-10
1.9542e-10
2.02771e-10
2.1144e-10
2.21913e-10
2.34481e-10
2.48728e-10
2.66426e-10
2.86927e-10
3.13299e-10
3.43837e-10
3.79596e-10
4.25296e-10
4.80464e-10
5.53892e-10
6.29504e-10
7.26499e-10
8.01302e-10
8.63751e-10
8.78796e-10
8.50692e-10
8.29378e-10
8.10694e-10
7.96662e-10
7.87308e-10
7.82892e-10
7.83841e-10
7.89963e-10
8.02632e-10
8.21227e-10
8.448e-10
8.74959e-10
9.11157e-10
9.53608e-10
1.00302e-09
1.05152e-09
1.08138e-09
1.05739e-09
9.20731e-10
6.75257e-10
4.34574e-10
1.65397e-10
1.66623e-10
1.68423e-10
1.70318e-10
1.72515e-10
1.75151e-10
1.7835e-10
1.82227e-10
1.86907e-10
1.92568e-10
1.99402e-10
2.07666e-10
2.17392e-10
2.29239e-10
2.43567e-10
2.59809e-10
2.80289e-10
3.04101e-10
3.35416e-10
3.71799e-10
4.14907e-10
4.71305e-10
5.40665e-10
6.34577e-10
7.27676e-10
8.45385e-10
9.13299e-10
9.5318e-10
9.18321e-10
8.51036e-10
8.08557e-10
7.76443e-10
7.52959e-10
7.36345e-10
7.25997e-10
7.2174e-10
7.22969e-10
7.30254e-10
7.43092e-10
7.60533e-10
7.83477e-10
8.11776e-10
8.45697e-10
8.86605e-10
9.32977e-10
9.81405e-10
1.02644e-09
1.04668e-09
9.83877e-10
7.88206e-10
1.65291e-10
1.66654e-10
1.68639e-10
1.70767e-10
1.73253e-10
1.7624e-10
1.79857e-10
1.84229e-10
1.89487e-10
1.95841e-10
2.03521e-10
2.12822e-10
2.23747e-10
2.37192e-10
2.53614e-10
2.7229e-10
2.96076e-10
3.239e-10
3.61381e-10
4.05588e-10
4.58538e-10
5.29774e-10
6.19296e-10
7.4174e-10
8.54823e-10
9.86611e-10
1.01678e-09
1.00529e-09
9.09244e-10
8.14138e-10
7.61204e-10
7.23573e-10
6.96527e-10
6.77273e-10
6.64678e-10
6.58202e-10
6.57041e-10
6.61148e-10
6.7027e-10
6.83325e-10
7.00812e-10
7.22643e-10
7.48867e-10
7.80336e-10
8.16681e-10
8.57112e-10
9.01879e-10
9.49324e-10
9.88081e-10
9.82833e-10
1.64453e-10
1.65972e-10
1.68158e-10
1.70542e-10
1.73345e-10
1.76718e-10
1.80798e-10
1.85717e-10
1.91621e-10
1.98752e-10
2.07397e-10
2.17893e-10
2.30196e-10
2.45532e-10
2.64462e-10
2.86073e-10
3.14027e-10
3.46944e-10
3.92536e-10
4.47397e-10
5.14331e-10
6.07214e-10
7.26963e-10
8.8904e-10
1.0148e-09
1.12644e-09
1.06843e-09
9.90054e-10
8.50653e-10
7.49186e-10
6.97364e-10
6.61159e-10
6.35221e-10
6.16787e-10
6.04641e-10
5.9816e-10
5.96542e-10
5.99349e-10
6.06262e-10
6.1634e-10
6.29945e-10
6.4702e-10
6.67479e-10
6.91743e-10
7.19623e-10
7.50745e-10
7.85575e-10
8.2462e-10
8.66855e-10
9.07405e-10
1.66689e-10
1.68381e-10
1.70801e-10
1.73463e-10
1.76599e-10
1.80373e-10
1.84933e-10
1.90418e-10
1.96982e-10
2.04912e-10
2.14558e-10
2.26304e-10
2.40013e-10
2.57366e-10
2.78985e-10
3.03687e-10
3.36149e-10
3.74725e-10
4.30077e-10
4.97609e-10
5.82317e-10
7.03897e-10
8.64799e-10
1.07634e-09
1.18611e-09
1.22803e-09
1.06295e-09
9.41564e-10
7.85542e-10
6.89031e-10
6.41878e-10
6.08216e-10
5.83676e-10
5.65982e-10
5.54032e-10
5.47209e-10
5.44765e-10
5.4625e-10
5.51326e-10
5.59081e-10
5.69693e-10
5.83088e-10
5.99114e-10
6.17927e-10
6.39349e-10
6.63094e-10
6.89348e-10
7.18429e-10
7.50276e-10
7.84072e-10
11.6592
12.2939
13.4949
14.3092
14.4596
14.8141
15.3567
15.9951
16.8223
17.8179
18.8352
19.9539
21.2775
22.6212
23.9538
25.3202
26.676
27.9764
29.3209
30.801
32.4879
34.4355
36.6744
39.2005
41.9812
44.9643
48.0427
51.1486
54.411
58.0946
62.3622
67.1619
72.2099
77.1322
81.5742
85.3735
88.5994
91.3536
93.6736
95.6695
97.4084
98.7518
99.7749
100
100
100
100
100
100
100
100
100
100
100
100
100
100
100
100
100
100
100
100
100
100
100
100
100
100
100
100
100
100
100
100
100
100
100
100
100
100
100
100
100
100
100
100
100
100
100
100
100
100
100
100
100
100
100
100
100
100
100
100
100
100
100
100
100
100
100
100
100
100
100
100
100
100
100
100
100
100
100
100
100
100
100
100
100
100
100
100
100
100
100
100
100
100
100
100
100
100
100
100
100
100
100
100
100
100
100
9.21266
8.78469
10.1094
11.1962
11.4805
11.9085
12.8603
13.9753
14.6137
15.0203
15.5638
16.0911
16.8818
17.9099
18.9471
20.1072
21.3895
22.6198
23.8622
25.2254
26.7408
28.4742
30.4936
32.7987
35.3582
38.1519
41.1178
44.2052
47.4605
51.0372
55.068
59.5497
64.2879
68.9793
73.3161
77.1263
80.4058
83.2298
85.6893
87.8338
89.6938
91.2266
92.5178
93.841
95.41
97.2455
99.1702
100
100
100
100
100
100
100
100
100
100
100
100
100
100
100
100
100
100
100
100
100
100
100
100
100
100
100
100
100
100
100
100
100
100
100
100
100
100
100
100
100
100
100
100
100
100
100
100
100
100
100
100
100
100
100
100
100
100
100
100
100
100
100
100
100
100
100
100
100
100
100
100
100
100
100
100
100
100
100
100
100
100
100
100
100
100
100
100
100
100
100
100
100
100
100
100
100
100
100
100
100
100
100
7.47421
5.23279
6.50036
9.25237
9.69524
9.22735
9.93617
11.0951
11.4432
11.9322
13.0369
14.0448
14.9447
15.298
15.773
16.3716
17.2578
18.2697
19.2909
20.4738
21.7672
23.2251
24.9791
27.0328
29.3266
31.868
34.6314
37.5844
40.7448
44.1935
48.0221
52.2435
56.7219
61.2157
65.4581
69.2712
72.6057
75.5028
78.034
80.2537
82.1936
83.8636
85.3568
86.8862
88.6055
90.5203
92.478
94.2773
95.8514
97.1608
98.082
98.6874
99.7172
100
100
100
100
100
100
100
100
100
100
100
100
100
100
100
100
100
100
100
100
100
100
100
100
100
100
100
100
100
100
100
100
100
100
100
100
100
100
100
100
100
100
100
100
100
100
100
100
100
100
100
100
100
100
100
100
100
100
100
100
100
100
100
100
100
100
100
100
100
100
100
100
100
100
100
100
100
100
100
100
100
100
100
100
100
100
100
100
100
100
100
100
100
100
100
100
100
0.000212825
0.000787911
1.99639
6.77684
8.31226
6.6117
6.92439
8.9826
9.6345
9.19963
10.4953
11.5675
11.8058
12.3554
13.2883
14.3308
15.3213
15.7109
16.1899
16.886
17.792
18.8643
20.2742
22.0376
24.0232
26.254
28.737
31.446
34.411
37.6729
41.2887
45.2738
49.5225
53.839
57.9928
61.8051
65.1962
68.1744
70.7908
73.1003
75.1432
76.9559
78.6285
80.3144
82.1287
84.0746
86.0436
87.917
89.6161
91.067
92.2201
93.2548
94.854
98.0369
100
100
100
100
100
100
100
100
100
100
100
100
100
100
100
100
100
100
100
100
100
100
100
100
100
100
100
100
100
100
100
100
100
100
100
100
100
100
100
100
100
100
100
100
100
100
100
100
100
100
100
100
100
100
100
100
100
100
100
100
100
100
100
100
100
100
100
100
100
100
100
100
100
100
100
100
100
100
100
100
100
100
100
100
100
100
100
100
100
100
100
100
100
100
100
100
7.93517e-11
3.0646e-10
8.97174e-10
1.40719e-05
0.00013907
0.000509625
1.85512
6.74402
8.29979
6.18612
7.47065
9.63389
9.72234
10.0364
11.0646
11.6994
12.2505
13.0014
14.0077
15.2713
15.7021
16.0188
16.7579
18.0119
19.6016
21.4471
23.5795
25.9405
28.6065
31.5962
34.944
38.679
42.7001
46.8417
50.9054
54.7126
58.161
61.2279
63.9426
66.3573
68.5193
70.4794
72.3221
74.1639
76.0907
78.1035
80.122
82.0507
83.8165
85.3638
86.6989
88.0366
89.9029
92.7801
95.8351
98.4005
100
100
100
100
100
100
100
100
100
100
100
100
100
100
100
100
100
100
100
100
100
100
100
100
100
100
100
100
100
100
100
100
100
100
100
100
100
100
100
100
100
100
100
100
100
100
100
100
100
100
100
100
100
100
100
100
100
100
100
100
100
100
100
100
100
100
100
100
100
100
100
100
100
100
100
100
100
100
100
100
100
100
100
100
100
100
100
100
100
100
100
100
100
100
3.50454e-11
4.08187e-11
4.38832e-11
4.69776e-11
5.55278e-11
1.14323e-10
6.00379e-10
3.90339e-06
0.000172159
0.000699974
3.72222
7.86858
7.53632
7.64572
8.85479
9.50379
10.0235
10.9143
11.703
12.5621
13.0754
13.6793
14.8111
15.8845
16.6922
17.8315
19.3911
21.2598
23.5031
26.1143
29.0948
32.5255
36.2853
40.226
44.1825
47.9709
51.4717
54.6299
57.4494
59.9783
62.2671
64.3746
66.3799
68.3742
70.4214
72.5188
74.6045
76.5999
78.4411
80.0906
81.5849
83.1271
85.0858
87.6669
90.4327
92.8985
94.9046
96.5592
98.0271
99.313
100
100
100
100
100
100
100
100
100
100
100
100
100
100
100
100
100
100
100
100
100
100
100
100
100
100
100
100
100
100
100
100
100
100
100
100
100
100
100
100
100
100
100
100
100
100
100
100
100
100
100
100
100
100
100
100
100
100
100
100
100
100
100
100
100
100
100
100
100
100
100
100
100
100
100
100
100
100
100
100
100
100
100
100
100
100
100
100
100
100
3.31042e-11
3.28955e-11
3.22972e-11
3.05561e-11
3.01988e-11
3.30851e-11
3.58807e-11
3.83929e-11
4.69926e-11
1.51957e-10
6.73875e-10
6.56402e-05
0.00048066
2.9846
7.37933
7.47797
7.84047
8.68406
9.18483
10.5034
11.3746
11.6109
12.1766
12.944
14.1646
15.813
17.1295
18.0476
19.4716
21.4813
23.9246
26.9354
30.3522
34.0236
37.8291
41.5649
45.102
48.3473
51.2698
53.9153
56.331
58.5805
60.7387
62.8768
65.0419
67.2266
69.3824
71.4451
73.3615
75.108
76.7331
78.4106
80.3943
82.7746
85.268
87.5454
89.51
91.2449
92.7878
94.1329
95.2474
96.1849
97.0213
97.7573
98.3832
98.8937
99.2871
99.5652
99.7307
99.7823
99.7196
99.5494
99.2851
98.9511
98.5991
98.2916
98.0552
97.8904
97.8002
97.7893
97.8666
98.0414
98.3204
98.7076
99.2
99.7692
100
100
100
100
100
100
100
100
100
100
100
100
100
100
100
100
100
100
100
100
100
100
100
100
100
100
100
100
100
100
100
100
100
100
100
100
100
100
100
100
100
100
100
100
100
100
100
100
100
100
100
100
100
100
100
100
100
100
100
100
100
100
100
100
3.35721e-11
3.335e-11
3.284e-11
3.17824e-11
3.10705e-11
3.04207e-11
2.94042e-11
2.75137e-11
2.67943e-11
3.10233e-11
3.33173e-11
3.82092e-11
6.51254e-11
4.30384e-10
3.31448e-05
0.000525585
3.60841
7.58071
6.71669
8.20105
9.45037
9.31962
10.0062
10.8372
12.0011
13.1222
14.2027
15.5227
17.37
18.5975
20.0243
22.2091
25.0867
28.3386
31.8977
35.5065
39.042
42.3592
45.3728
48.1311
50.6673
53.0492
55.3486
57.6192
59.8952
62.1628
64.386
66.5135
68.5024
70.3385
72.0711
73.8417
75.8272
78.0702
80.3772
82.5223
84.426
86.1231
87.6381
88.9748
90.1515
91.2214
92.195
93.0658
93.8213
94.4521
94.9525
95.3195
95.5497
95.6382
95.5848
95.3986
95.0974
94.7128
94.3
93.9201
93.6082
93.377
93.238
93.2026
93.2835
93.4922
93.8344
94.3112
94.9144
95.6187
96.3687
97.1685
98.0573
99.0441
100
100
100
100
100
100
100
100
100
100
100
100
100
100
100
100
100
100
100
100
100
100
100
100
100
100
100
100
100
100
100
100
100
100
100
100
100
100
100
100
100
100
100
100
100
100
100
100
100
100
100
100
100
100
100
100
100
100
100
100
3.35562e-11
3.38125e-11
3.36094e-11
3.31934e-11
3.30845e-11
3.26034e-11
3.13689e-11
2.97982e-11
2.84312e-11
2.76561e-11
2.63239e-11
2.49158e-11
2.63656e-11
2.85937e-11
3.24952e-11
5.32759e-11
3.62091e-10
6.33397e-05
0.000755623
5.83355
8.62136
7.81524
7.81582
8.29858
9.64467
10.9766
12.1971
13.3108
14.3316
15.4941
17.292
19.5698
21.235
23.585
26.593
29.8876
33.3203
36.668
39.7426
42.6051
45.25
47.7517
50.1811
52.5711
54.9495
57.292
59.5777
61.7669
63.8259
65.7457
67.5693
69.4087
71.3906
73.5394
75.7196
77.7692
79.6208
81.2867
82.7865
84.1304
85.3401
86.4495
87.4618
88.367
89.1505
89.8012
90.3112
90.6749
90.8875
90.9471
90.8585
90.6345
90.2976
89.8829
89.4403
89.0198
88.6573
88.3734
88.1867
88.1137
88.1697
88.3654
88.7048
89.1853
89.7982
90.5316
91.4104
92.4213
93.5482
94.7916
96.109
97.3904
98.7343
100
100
100
100
100
100
100
100
100
100
100
100
100
100
100
100
100
100
100
100
100
100
100
100
100
100
100
100
100
100
100
100
100
100
100
100
100
100
100
100
100
100
100
100
100
100
100
100
100
100
100
100
100
100
100
100
100
3.275e-11
3.36096e-11
3.40204e-11
3.42841e-11
3.46684e-11
3.45885e-11
3.3619e-11
3.23957e-11
3.15763e-11
3.0467e-11
2.88827e-11
2.73916e-11
2.60613e-11
2.46433e-11
2.29807e-11
2.38713e-11
2.62463e-11
3.13994e-11
7.08273e-11
5.11734e-10
0.000289199
1.74123
7.42706
6.21854
7.47876
8.45164
9.80241
11.0586
12.266
13.3214
14.582
15.9234
17.7494
20.4403
22.9144
25.2319
28.1309
31.3427
34.3932
37.3373
40.0714
42.6806
45.2318
47.7275
50.2004
52.6056
54.9472
57.1935
59.3187
61.3159
63.2171
65.1102
67.0884
69.1721
71.2639
73.2431
75.0538
76.6987
78.1931
79.5507
80.7902
81.9309
82.9716
83.8979
84.6925
85.3422
85.8373
86.171
86.3396
86.3462
86.2013
85.9219
85.5351
85.0782
84.5965
84.1319
83.7183
83.381
83.1432
83.0256
83.0446
83.2103
83.5249
83.9845
84.5814
85.3117
86.2014
87.2385
88.4038
89.6956
91.1161
92.7453
94.4886
96.3415
98.1444
100
100
100
100
100
100
100
100
100
100
100
100
100
100
100
100
100
100
100
100
100
100
100
100
100
100
100
100
100
100
100
100
100
100
100
100
100
100
100
100
100
100
100
100
100
100
100
100
100
100
100
100
100
100
100
4.18686e-11
3.86522e-11
3.54994e-11
3.45554e-11
3.54364e-11
3.58748e-11
3.55407e-11
3.4859e-11
3.44913e-11
3.35836e-11
3.20849e-11
3.09401e-11
2.96538e-11
2.77078e-11
2.57827e-11
2.40955e-11
2.28576e-11
2.13075e-11
2.31455e-11
2.55763e-11
3.48807e-11
1.87997e-10
5.00906e-05
0.00119827
6.61687
6.32746
7.8047
8.57473
9.83703
10.9653
12.3158
13.6146
15.0435
16.7075
18.7015
21.4101
24.7021
26.902
29.5175
32.3888
35.1414
37.8406
40.511
43.1
45.6652
48.1175
50.5084
52.8049
54.9896
57.0553
59.0199
60.9536
62.9263
64.9626
66.9894
68.9153
70.6952
72.3266
73.8217
75.1964
76.4651
77.6375
78.7065
79.6525
80.4548
81.0985
81.5724
81.8692
81.9881
81.937
81.7311
81.3916
80.9494
80.4432
79.9153
79.4026
78.9369
78.5461
78.257
78.0926
78.0704
78.1992
78.4803
78.9087
79.4777
80.185
81.0444
82.0468
83.1829
84.4563
85.8861
87.5589
89.3932
91.4137
93.7062
96.1363
98.3624
100
100
100
100
100
100
100
100
100
100
100
100
100
100
100
100
100
100
100
100
100
100
100
100
100
100
100
100
100
100
100
100
100
100
100
100
100
100
100
100
100
100
100
100
100
100
100
100
100
100
100
100
100
5.5959e-11
5.17157e-11
4.76075e-11
4.37997e-11
4.04151e-11
3.71438e-11
3.67211e-11
3.66624e-11
3.67814e-11
3.63755e-11
3.531e-11
3.44876e-11
3.34103e-11
3.14313e-11
2.97204e-11
2.7937e-11
2.6067e-11
2.38187e-11
2.23017e-11
2.09245e-11
2.02853e-11
2.23666e-11
2.78072e-11
6.9968e-11
1.60887e-07
0.000841809
6.58555
6.4982
7.98483
8.49576
9.83043
11.1312
12.6071
14.147
15.778
17.8236
19.9352
22.4269
25.7559
28.3773
30.6226
33.2768
36.0286
38.6991
41.367
43.8511
46.2918
48.6329
50.8691
52.9932
55.0037
56.9635
58.9228
60.9186
62.8909
64.7717
66.5262
68.1478
69.6463
71.0397
72.3378
73.5428
74.6411
75.6066
76.4158
77.0522
77.5036
77.7632
77.8334
77.7272
77.4632
77.0658
76.5693
76.0141
75.4398
74.8799
74.3646
73.9238
73.5871
73.3792
73.3174
73.4092
73.6543
74.0469
74.5796
75.2487
76.0585
77.0003
78.0734
79.2873
80.6652
82.2734
84.0742
86.0895
88.408
90.9261
93.662
95.9716
97.5488
98.6269
99.3481
99.7869
100
100
100
100
100
100
100
100
100
100
100
100
100
100
100
100
100
100
100
100
100
100
100
100
100
100
100
100
100
100
100
100
100
100
100
100
100
100
100
100
100
100
100
100
100
100
100
100
7.39483e-11
6.80982e-11
6.26782e-11
5.77205e-11
5.32816e-11
4.89911e-11
4.46624e-11
4.05512e-11
3.83256e-11
3.85269e-11
3.80428e-11
3.76592e-11
3.69645e-11
3.52789e-11
3.38003e-11
3.2161e-11
3.00155e-11
2.80139e-11
2.58339e-11
2.38669e-11
2.16716e-11
2.05109e-11
1.91562e-11
2.05059e-11
2.43658e-11
4.48855e-11
5.05924e-10
0.000779425
6.81246
6.46883
7.94958
8.61709
10.0543
11.5304
13.0823
15.0591
16.9186
18.8526
21.1024
23.5291
26.5018
29.6506
31.8743
34.5514
37.315
39.8176
42.329
44.7156
47.0011
49.1772
51.2145
53.1861
55.1176
57.0709
58.9865
60.8214
62.5484
64.1565
65.6553
67.0648
68.3897
69.6261
70.7528
71.7366
72.5519
73.1812
73.6112
73.8358
73.8619
73.7067
73.3913
72.9424
72.3976
71.7984
71.1825
70.58
70.0206
69.5361
69.1591
68.9148
68.8194
68.878
69.0884
69.4429
69.9327
70.5518
71.2989
72.1637
73.1485
74.2658
75.5379
77.0211
78.708
80.6099
82.771
85.1446
87.7621
90.0991
92.0286
93.4473
94.4074
94.9848
95.2401
95.2568
95.1546
95.0547
95.063
95.223
95.471
95.6895
95.7993
95.8052
95.8155
96.0331
96.566
97.3052
98.0755
98.8245
99.5408
100
100
100
100
100
100
100
100
100
100
100
100
100
100
100
100
100
100
100
100
100
100
100
100
100
100
100
100
100
100
100
9.82718e-11
8.95798e-11
8.20149e-11
7.5247e-11
6.92024e-11
6.34879e-11
5.79608e-11
5.28462e-11
4.84671e-11
4.42239e-11
4.00531e-11
4.02321e-11
4.0015e-11
3.8835e-11
3.77436e-11
3.64067e-11
3.42429e-11
3.24642e-11
3.01433e-11
2.79738e-11
2.57522e-11
2.38814e-11
2.12509e-11
1.98639e-11
1.86238e-11
1.91534e-11
2.31736e-11
4.07828e-11
4.6115e-10
0.00096481
7.05507
6.65752
8.02773
8.98572
10.333
12.3875
14.1703
15.9363
17.9649
19.9637
22.1004
24.5421
27.5598
31.3012
33.5062
35.9988
38.636
41.0719
43.4237
45.6564
47.705
49.6818
51.5671
53.4725
55.3201
57.1011
58.7906
60.3725
61.8601
63.2758
64.6186
65.8792
67.0284
68.0256
68.844
69.4657
69.8754
70.0686
70.0569
69.8612
69.5034
69.0119
68.4275
67.793
67.1429
66.5041
65.9064
65.3854
64.9759
64.7032
64.5802
64.6091
64.7847
65.0971
65.5355
66.092
66.7621
67.5339
68.4066
69.3908
70.5073
71.8146
73.3225
75.0329
76.9471
79.0431
81.3195
83.4212
85.2585
86.7438
87.8301
88.5595
88.9645
89.0898
89.0102
88.8701
88.838
89.0338
89.422
89.8389
90.1507
90.3072
90.3924
90.6863
91.4632
92.6302
93.8825
95.0954
96.2537
97.3821
98.7932
100
100
100
100
100
100
100
100
100
100
100
100
100
100
100
100
100
100
100
100
100
100
100
100
100
100
100
100
100
1.34672e-10
1.19956e-10
1.08328e-10
9.83622e-11
8.96749e-11
8.17574e-11
7.44108e-11
6.77788e-11
6.20539e-11
5.66937e-11
5.15713e-11
4.70978e-11
4.28576e-11
4.18493e-11
4.12452e-11
4.03333e-11
3.84765e-11
3.69763e-11
3.47283e-11
3.24642e-11
3.0288e-11
2.81017e-11
2.54231e-11
2.32665e-11
2.0765e-11
1.90842e-11
1.81217e-11
1.84e-11
2.28486e-11
4.30599e-11
6.63567e-10
0.00228271
7.0713
7.58327
7.92638
9.86531
11.4416
13.108
15.1421
17.0227
18.8617
20.9429
23.4327
26.0851
28.9851
32.5964
35.2349
37.6218
40.1585
42.4544
44.5156
46.5069
48.3285
50.1861
51.9508
53.67
55.3069
56.8421
58.2999
59.7028
61.0452
62.3141
63.4716
64.4694
65.2829
65.8922
66.2801
66.4438
66.4001
66.1727
65.7819
65.2574
64.6435
63.9832
63.3061
62.6357
62.0039
61.4509
61.0143
60.7172
60.5682
60.5649
60.699
60.9585
61.331
61.8073
62.3822
63.043
63.7822
64.6036
65.5252
66.6165
67.9037
69.3845
71.028
72.8076
74.7045
76.5016
78.1347
79.5975
80.8035
81.7604
82.4771
82.9239
83.1176
83.1753
83.2885
83.6618
84.3436
85.1572
85.9338
86.5432
86.9698
87.4762
88.5392
90.1844
92.0213
93.7676
95.3967
96.9648
98.7206
100
100
100
100
100
100
100
100
100
100
100
100
100
100
100
100
100
100
100
100
100
100
100
100
100
100
100
100
100
1.95638e-10
1.6907e-10
1.48049e-10
1.3139e-10
1.17691e-10
1.0592e-10
9.55316e-11
8.64855e-11
7.87592e-11
7.17622e-11
6.53019e-11
5.96392e-11
5.43979e-11
4.91794e-11
4.45496e-11
4.3754e-11
4.23997e-11
4.12453e-11
3.93208e-11
3.71937e-11
3.50869e-11
3.26614e-11
2.99941e-11
2.74854e-11
2.47543e-11
2.24862e-11
2.02114e-11
1.84134e-11
1.76392e-11
1.80714e-11
2.37174e-11
5.43501e-11
4.31458e-05
0.831692
6.27391
8.21898
8.92129
10.34
12.4259
14.2332
15.9279
17.9238
20.24
22.5986
25.0361
27.6631
30.5764
34.0898
37.2469
39.4085
41.6698
43.6876
45.4389
47.2639
48.9356
50.5947
52.1635
53.63
55.0363
56.4001
57.7164
58.9676
60.1084
61.0837
61.8748
62.4588
62.8157
62.946
62.8721
62.618
62.2006
61.6502
61.015
60.3359
59.6352
58.9334
58.2665
57.6813
57.2172
56.8937
56.7124
56.6658
56.7437
56.9329
57.2206
57.5976
58.0604
58.5993
59.2001
59.8547
60.5754
61.4475
62.5234
63.8067
65.2461
66.7945
68.4267
70.0185
71.5298
73.0309
74.4414
75.7451
76.9525
77.9631
78.7109
79.2544
79.7676
80.5275
81.705
83.1292
84.6107
85.9468
86.9895
87.8867
89.2779
91.4063
93.8866
96.0217
97.7859
99.4865
100
100
100
100
100
100
100
100
100
100
100
100
100
100
100
100
100
100
100
100
100
100
100
100
100
100
100
100
100
100
2.49125e-10
2.46122e-10
2.1594e-10
1.8539e-10
1.60187e-10
1.40556e-10
1.2436e-10
1.11053e-10
1.00051e-10
9.0495e-11
8.20121e-11
7.4667e-11
6.80007e-11
6.16173e-11
5.59747e-11
5.09074e-11
4.57732e-11
4.51026e-11
4.36358e-11
4.18059e-11
3.99373e-11
3.74876e-11
3.48711e-11
3.20951e-11
2.91962e-11
2.66742e-11
2.40729e-11
2.1713e-11
1.94511e-11
1.77808e-11
1.72061e-11
1.81501e-11
2.75548e-11
1.29149e-10
0.000441229
7.03054
6.97183
8.03274
9.89936
11.5204
13.1028
15.0852
17.3743
19.6731
21.9031
24.1899
26.7214
29.5654
32.5553
35.8107
39.2149
40.9769
42.8872
44.7273
46.3109
47.9331
49.4204
50.8054
52.1428
53.44
54.7024
55.9021
56.9923
57.9103
58.6503
59.1837
59.4886
59.5708
59.4588
59.1745
58.7284
58.1522
57.4977
56.8003
56.0722
55.3315
54.6222
53.9989
53.502
53.1447
52.9206
52.8165
52.8225
52.928
53.1216
53.3955
53.7508
54.1868
54.6878
55.2297
55.8137
56.5381
57.4997
58.7187
60.1367
61.6798
63.3119
64.9506
66.5649
68.2996
70.1007
71.9286
73.8285
75.6457
77.2173
78.5207
79.6721
80.9883
82.7946
84.9552
87.2303
89.3701
91.1378
92.4988
93.9798
96.1294
98.778
100
100
100
100
100
100
100
100
100
100
100
100
100
100
100
100
100
100
100
100
100
100
100
100
100
100
100
100
100
100
100
100
100
1.4034e-10
2.13371e-10
2.77681e-10
2.74139e-10
2.35317e-10
1.97594e-10
1.67974e-10
1.45943e-10
1.28825e-10
1.14819e-10
1.03016e-10
9.31025e-11
8.43698e-11
7.63446e-11
6.92967e-11
6.30405e-11
5.68235e-11
5.1608e-11
4.74588e-11
4.61008e-11
4.45626e-11
4.22845e-11
3.98645e-11
3.70323e-11
3.40596e-11
3.12622e-11
2.83847e-11
2.58018e-11
2.31448e-11
2.07612e-11
1.84567e-11
1.70654e-11
1.6843e-11
2.00589e-11
3.94703e-11
2.27572e-08
0.00667865
6.16474
8.18368
9.03336
10.3849
12.3625
14.6631
16.931
19.04
21.2005
23.593
26.1876
28.8665
31.7089
34.5017
37.2927
40.5807
42.2934
44.018
45.7122
47.1113
48.4324
49.6905
50.9048
52.0928
53.2061
54.2099
55.0277
55.6789
56.1234
56.341
56.3464
56.1745
55.8422
55.3519
54.7382
54.056
53.3304
52.5606
51.7658
51.002
50.333
49.7983
49.4035
49.133
48.9692
48.9057
48.9409
49.0671
49.2785
49.5824
49.9942
50.5071
51.077
51.6868
52.4347
53.4803
54.8701
56.5545
58.4323
60.4358
62.4635
64.4758
66.7046
69.1347
71.6874
74.4603
77.2716
79.8576
82.0983
84.0183
85.8992
88.2199
90.9867
93.7067
96.1085
98.1476
99.6874
100
100
100
100
100
100
100
100
100
100
100
100
100
100
100
100
100
100
100
100
100
100
100
100
100
100
100
100
100
100
100
100
100
100
100
100
6.67137e-11
1.01267e-10
1.60952e-10
2.51242e-10
3.22889e-10
2.99873e-10
2.46503e-10
2.02596e-10
1.71707e-10
1.48786e-10
1.30836e-10
1.16567e-10
1.04597e-10
9.41191e-11
8.50848e-11
7.72013e-11
6.96741e-11
6.33219e-11
5.72166e-11
5.15929e-11
4.87859e-11
4.68852e-11
4.47192e-11
4.20268e-11
3.9141e-11
3.6237e-11
3.31557e-11
3.02619e-11
2.72964e-11
2.45818e-11
2.18783e-11
1.9537e-11
1.73724e-11
1.65861e-11
1.71964e-11
2.50926e-11
7.00137e-11
0.000359661
6.76366
7.12159
8.05687
9.80262
12.075
14.3003
16.3002
18.3817
20.7177
23.2276
25.8086
28.4604
31.0161
33.5516
36.0484
38.5985
41.7282
43.6284
45.1296
46.5433
47.7209
48.8758
49.9827
50.9868
51.8804
52.5557
53.0807
53.3911
53.4755
53.363
53.0951
52.6809
52.1147
51.4373
50.7061
49.9302
49.0951
48.2266
47.3979
46.6829
46.1183
45.7004
45.4062
45.2151
45.1275
45.1607
45.3095
45.5697
45.9534
46.4954
47.2143
48.0398
48.9308
49.9579
51.3557
53.2055
55.4896
58.0868
60.8592
63.6045
66.2718
69.1974
72.4284
75.8323
79.4829
83.2349
86.7512
89.8018
92.3219
94.3323
96.2884
98.7047
100
100
100
100
100
100
100
100
100
100
100
100
100
100
100
100
100
100
100
100
100
98.9658
99.6856
100
100
100
100
100
100
100
100
100
100
100
100
100
100
100
100
100
3.8047e-11
5.20448e-11
7.72337e-11
1.21626e-10
1.99645e-10
3.15292e-10
3.71172e-10
3.11993e-10
2.47112e-10
2.02351e-10
1.7105e-10
1.4835e-10
1.30685e-10
1.16194e-10
1.04164e-10
9.39722e-11
8.46406e-11
7.67718e-11
6.94354e-11
6.27749e-11
5.69109e-11
5.10622e-11
4.92855e-11
4.68703e-11
4.41828e-11
4.13622e-11
3.82448e-11
3.51522e-11
3.19019e-11
2.87908e-11
2.57644e-11
2.3053e-11
2.05502e-11
1.82153e-11
1.65926e-11
1.64846e-11
1.93079e-11
3.95541e-11
2.64803e-06
0.0168122
6.21546
7.77957
9.67818
11.7549
13.6439
15.6792
17.986
20.4426
22.9703
25.559
28.0835
30.4545
32.6586
35.0121
37.5397
40.1091
42.9591
44.7789
46.0757
47.3885
48.4248
49.3434
50.1308
50.6349
51.0161
51.1532
51.0606
50.7879
50.3811
49.8409
49.155
48.3767
47.5651
46.7087
45.782
44.826
43.9366
43.1968
42.6379
42.2476
41.998
41.8675
41.863
42.0319
42.3652
42.8583
43.5234
44.4115
45.5847
46.942
48.4162
50.0106
52.0199
54.5764
57.7322
61.3691
65.2074
68.7941
72.1305
75.6593
79.5331
83.6216
87.5039
91.3024
94.7752
97.5886
99.6949
100
100
100
100
100
100
100
99.4188
98.6511
98.8647
99.1336
98.2409
96.3469
94.829
94.5447
95.2026
95.4371
94.237
92.1614
90.8873
91.4973
92.7969
92.7124
90.7656
88.6168
88.9367
91.0141
92.3941
91.6181
89.6716
89.2127
91.3311
94.2746
95.5933
94.8442
93.9477
95.8075
99.6637
100
100
100
100
100
2.88318e-11
3.29667e-11
4.30024e-11
6.19622e-11
9.5735e-11
1.56812e-10
2.67633e-10
4.08725e-10
3.99924e-10
3.05705e-10
2.38189e-10
1.96033e-10
1.6685e-10
1.44984e-10
1.27955e-10
1.14225e-10
1.02283e-10
9.23497e-11
8.33794e-11
7.53811e-11
6.83982e-11
6.1583e-11
5.55848e-11
5.13597e-11
4.9097e-11
4.64227e-11
4.34149e-11
4.02818e-11
3.68877e-11
3.34874e-11
3.00925e-11
2.70011e-11
2.42351e-11
2.16031e-11
1.91266e-11
1.68268e-11
1.60724e-11
1.70699e-11
2.71209e-11
1.03786e-10
0.00165422
5.81871
7.90668
9.40125
11.0516
13.0707
15.3753
17.7915
20.2694
22.8223
25.3391
27.6242
29.7311
31.9553
34.2339
36.5914
39.001
41.386
44.0453
45.9983
47.1793
48.301
49.0202
49.3761
49.639
49.5875
49.2972
48.8418
48.2649
47.561
46.7149
45.801
44.8816
43.9212
42.8894
41.8534
40.9366
40.2287
39.7523
39.487
39.403
39.4796
39.7241
40.2214
40.9477
41.8969
43.077
44.54
46.4026
48.5392
50.8611
53.2578
55.9647
59.2205
63.2165
67.8925
72.6645
76.4574
79.6734
82.8203
86.1988
89.956
92.6038
94.6806
96.2818
97.0204
96.9173
96.3203
95.6163
95.4356
95.7879
95.8288
94.8529
93.1181
91.4033
90.4149
90.6584
91.2069
90.4681
88.2308
86.0294
85.2822
85.9714
86.5554
85.4374
82.8453
80.8215
81.0846
82.6537
82.9264
80.6809
77.8345
77.419
79.509
81.4112
80.7738
78.1498
76.8072
78.6925
82.1983
84.167
83.2717
81.3864
82.8033
87.2413
91.1445
93.2462
93.5025
92.4637
92.8594
3.0404e-11
2.80596e-11
3.00711e-11
3.72517e-11
5.20531e-11
7.8877e-11
1.27804e-10
2.19914e-10
3.92038e-10
5.02598e-10
3.82127e-10
2.81478e-10
2.23284e-10
1.85718e-10
1.59249e-10
1.39506e-10
1.23475e-10
1.10562e-10
9.93641e-11
8.96295e-11
8.12242e-11
7.32368e-11
6.62871e-11
5.96163e-11
5.36319e-11
5.12749e-11
4.84936e-11
4.54375e-11
4.20401e-11
3.85476e-11
3.48767e-11
3.14755e-11
2.82845e-11
2.54361e-11
2.26208e-11
1.98512e-11
1.74791e-11
1.6035e-11
1.64547e-11
2.16556e-11
5.51511e-11
0.000214963
6.09005
7.91511
8.70482
10.5644
12.8679
15.2544
17.6872
20.2152
22.7275
24.9437
26.963
29.1034
31.3001
33.5408
35.7325
37.8935
40.2837
42.7439
45.2849
47.3039
48.1764
48.7724
48.9948
48.7999
48.3488
47.734
46.9952
46.1225
45.1038
44.0476
43.0209
41.9616
40.8426
39.7695
38.8975
38.3186
38.042
38.038
38.278
38.7446
39.4331
40.4578
41.7715
43.3689
45.2542
47.4424
50.0568
53.01
56.1979
59.3794
62.2263
65.32
69.1557
73.8378
78.421
80.9165
82.4334
83.4849
84.4989
86.019
87.7362
89.3014
90.3685
90.4659
89.5491
88.2572
87.2996
87.0952
87.6207
87.9143
86.9891
84.9264
82.7626
81.502
81.6272
82.3427
81.9358
79.7512
77.1421
75.8993
76.3885
77.2326
76.4904
73.8456
71.2759
70.9614
72.4452
73.1014
71.0183
67.7226
66.5771
68.1719
70.1891
69.9006
67.1048
64.976
65.9795
69.109
71.2249
70.4322
67.7781
68.1169
71.5565
76.0584
78.8411
79.246
78.1296
78.6698
4.22795e-11
3.26901e-11
2.83982e-11
2.85844e-11
3.37402e-11
4.56907e-11
6.81126e-11
1.09042e-10
1.86511e-10
3.48959e-10
5.95021e-10
4.84392e-10
3.31478e-10
2.51538e-10
2.0415e-10
1.72861e-10
1.49767e-10
1.322e-10
1.17784e-10
1.05714e-10
9.55054e-11
8.61002e-11
7.79912e-11
7.03555e-11
6.35888e-11
5.7295e-11
5.32964e-11
5.05324e-11
4.71969e-11
4.37553e-11
3.99723e-11
3.64174e-11
3.28392e-11
2.96611e-11
2.65008e-11
2.33849e-11
2.06662e-11
1.81649e-11
1.61027e-11
1.6041e-11
1.86178e-11
3.95294e-11
8.62633e-06
3.42853
6.95351
8.39177
10.4803
12.8138
15.2081
17.7196
20.2348
22.3866
24.3046
26.3798
28.5277
30.6958
32.771
34.7979
37.0431
39.3185
41.7032
44.1263
46.3003
48.1042
48.5156
48.6011
48.2119
47.5365
46.7275
45.7468
44.5975
43.448
42.3686
41.2636
40.1177
39.0901
38.3717
38.0495
38.1108
38.5129
39.2311
40.2563
41.5583
43.2061
45.1466
47.3875
49.9414
52.6796
55.4441
58.4952
61.7112
64.8434
66.4423
67.6668
69.4616
72.1344
75.2048
77.3265
78.2719
78.4958
78.4523
78.8421
80.0371
81.5166
82.6511
82.8145
81.8134
80.2498
78.9964
78.6088
79.1239
79.6362
78.9742
76.9268
74.493
72.9251
72.8483
73.637
73.5632
71.568
68.7125
67.0135
67.1883
68.1556
67.831
65.3386
62.3955
61.4892
62.7051
63.6444
61.8706
58.323
56.5741
57.5355
59.3926
59.4219
56.7005
54.0592
54.128
56.5498
58.4577
57.823
54.649
54.0454
56.1031
59.718
62.0309
62.1224
61.5157
62.2289
7.02738e-11
4.83462e-11
3.57095e-11
2.93763e-11
2.79641e-11
3.16098e-11
4.15533e-11
6.10322e-11
9.67692e-11
1.64595e-10
3.10001e-10
6.38227e-10
6.2072e-10
3.85548e-10
2.78137e-10
2.20906e-10
1.84133e-10
1.58617e-10
1.39223e-10
1.23846e-10
1.11275e-10
1.00133e-10
9.06633e-11
8.19215e-11
7.42537e-11
6.72071e-11
6.06732e-11
5.52619e-11
5.22935e-11
4.89655e-11
4.51936e-11
4.16289e-11
3.78421e-11
3.43298e-11
3.08537e-11
2.72651e-11
2.42984e-11
2.139e-11
1.86089e-11
1.64794e-11
1.57483e-11
1.72798e-11
3.06926e-11
2.88463e-10
0.0111781
6.45084
8.43973
10.4909
12.8169
15.3151
17.8453
19.9348
21.741
23.7707
25.8791
27.9783
29.9608
31.9015
34.0703
36.2327
38.5013
40.8042
42.9014
44.7816
46.4919
47.8583
48.0417
47.693
47.2379
46.3827
45.2206
44.1138
43.1122
42.0714
41.0003
40.1327
39.6956
39.7548
40.2575
41.1393
42.381
43.9919
45.9131
47.8342
49.859
52.0619
54.5101
56.902
58.454
60.105
61.7156
63.1415
63.9197
64.4048
65.2898
66.9821
69.2859
71.3004
72.2108
72.2779
71.9039
71.8178
72.574
73.8805
75.0787
75.4015
74.4701
72.7527
71.193
70.5309
70.9272
71.5931
71.2354
69.3294
66.7314
64.8684
64.5367
65.3117
65.5282
63.7883
60.8153
58.7396
58.5425
59.4883
59.5357
57.3171
54.1747
52.7507
53.5919
54.6787
53.2615
49.6123
47.4327
47.7668
49.2617
49.4661
46.9302
44.109
43.3961
45.0362
46.4886
45.9725
42.5021
41.2997
42.111
44.4211
45.727
45.1356
45.191
45.9738
1.31722e-10
8.30732e-11
5.49103e-11
3.89733e-11
3.06087e-11
2.78299e-11
3.02746e-11
3.88546e-11
5.63852e-11
8.89312e-11
1.50876e-10
2.82704e-10
6.43275e-10
7.8919e-10
4.34208e-10
2.99778e-10
2.32704e-10
1.92246e-10
1.64581e-10
1.44279e-10
1.28487e-10
1.15162e-10
1.04096e-10
9.41355e-11
8.54969e-11
7.76277e-11
7.04397e-11
6.37509e-11
5.72737e-11
5.40515e-11
5.04253e-11
4.69196e-11
4.30853e-11
3.93616e-11
3.56613e-11
3.16209e-11
2.82735e-11
2.50312e-11
2.18074e-11
1.92293e-11
1.69717e-11
1.55837e-11
1.6908e-11
2.66057e-11
1.17653e-10
0.00415606
6.37601
8.4848
10.5373
12.9794
15.5357
17.5635
19.2547
21.2673
23.3434
25.375
27.2742
29.1291
31.2444
33.3402
35.5532
37.7824
39.7463
41.5379
43.2947
44.595
45.5138
46.4457
47.1438
46.865
46.0261
45.3311
44.6951
43.911
43.0584
42.4765
42.4058
42.8455
43.6683
44.7761
46.1621
47.8693
49.8542
51.08
52.015
52.8683
53.8031
54.9369
56.0682
57.2234
58.2148
58.8927
59.3339
59.5939
60.1695
61.4885
63.4584
65.3206
66.2182
66.2291
65.6729
65.2632
65.6102
66.6675
67.8641
68.3487
67.5506
65.7644
63.9396
62.972
63.1739
63.9149
63.8521
62.1583
59.4909
57.3804
56.7676
57.4457
57.8885
56.4338
53.4485
51.0996
50.5203
51.3103
51.6316
49.7502
46.5738
44.7508
45.1676
46.2593
45.2002
41.5537
39.1261
38.9168
39.9303
40.1025
37.7712
35.1153
33.8436
34.7495
35.6083
35.1463
31.6396
30.1711
30.0415
31.1715
31.5121
30.2927
30.8856
31.5012
2.65126e-10
1.586e-10
9.65308e-11
6.1504e-11
4.21535e-11
3.18803e-11
2.79764e-11
2.9546e-11
3.72561e-11
5.36329e-11
8.45378e-11
1.43204e-10
2.6853e-10
6.43041e-10
9.52826e-10
4.6359e-10
3.09136e-10
2.37303e-10
1.95242e-10
1.67315e-10
1.46987e-10
1.30862e-10
1.17901e-10
1.06616e-10
9.69796e-11
8.83025e-11
8.04611e-11
7.32198e-11
6.62758e-11
5.98597e-11
5.54527e-11
5.21807e-11
4.83918e-11
4.45617e-11
4.0768e-11
3.64322e-11
3.26665e-11
2.90786e-11
2.53842e-11
2.24907e-11
1.98868e-11
1.72373e-11
1.56049e-11
1.65924e-11
2.37745e-11
8.10439e-11
0.00199462
6.27452
8.5291
10.7255
13.2756
15.2368
16.823
18.8594
20.9074
22.8741
24.7013
26.4685
28.5453
30.5705
32.7451
34.9411
36.8299
38.5844
40.2533
41.4426
42.4255
43.5023
44.2764
44.5201
44.6785
44.9595
45.0475
44.7057
44.18
43.9358
44.166
44.7366
45.4196
46.0943
46.7931
47.6157
48.5871
49.3854
49.9307
50.2432
50.5069
51.0528
52.0491
53.1464
54.0643
54.5838
54.8099
54.851
55.1715
56.2087
57.9311
59.6431
60.5204
60.5026
59.8176
59.15
59.1288
59.8974
61.0275
61.6534
61.0294
59.2538
57.2302
55.966
55.92
56.6499
56.8436
55.4042
52.7531
50.4667
49.5763
50.0846
50.6758
49.509
46.5885
44.0803
43.1522
43.6763
44.1393
42.6035
39.5385
37.4573
37.4499
38.4109
37.6894
34.1189
31.619
30.9953
31.5145
31.4387
29.3103
27.1231
25.5278
25.813
26.0812
25.6445
22.4204
20.9096
20.1617
20.4246
20.1659
18.7501
19.6031
19.7437
5.33208e-10
3.21104e-10
1.86505e-10
1.09657e-10
6.75965e-11
4.49217e-11
3.3026e-11
2.82421e-11
2.92385e-11
3.6516e-11
5.24497e-11
8.28111e-11
1.40867e-10
2.67335e-10
6.79874e-10
1.0009e-09
4.53205e-10
3.02226e-10
2.32933e-10
1.9296e-10
1.66404e-10
1.46711e-10
1.31496e-10
1.18785e-10
1.08164e-10
9.87584e-11
9.03581e-11
8.26481e-11
7.53068e-11
6.85717e-11
6.18552e-11
5.7105e-11
5.36505e-11
4.97804e-11
4.59545e-11
4.15182e-11
3.74408e-11
3.35322e-11
2.94088e-11
2.60533e-11
2.32368e-11
2.01256e-11
1.7445e-11
1.57368e-11
1.62993e-11
2.19643e-11
6.75719e-11
0.00104384
6.18355
8.64566
11.0684
12.9161
14.4153
16.5311
18.5494
20.4575
22.2288
23.9044
25.9579
27.9057
30.0537
32.2156
34.0338
35.7799
37.4141
38.5447
39.4966
40.5434
41.2725
41.6097
42.0008
42.5139
42.7502
42.4773
42.0409
41.9593
42.3698
43.0488
43.7082
44.2105
44.6034
45.0142
45.5127
46.1469
46.6143
46.804
46.8748
47.1925
48.0165
49.0552
49.9703
50.4579
50.5238
50.3437
50.4048
51.1614
52.6445
54.2218
55.082
55.0562
54.2819
53.4091
53.066
53.5273
54.5269
55.2547
54.8284
53.1364
50.9921
49.4696
49.1455
49.777
50.1643
48.9954
46.4328
44.0581
42.9232
43.2051
43.8561
42.9585
40.1528
37.6015
36.3942
36.5809
37.0346
35.8088
32.9846
30.7962
30.4094
31.1235
30.7149
27.2978
24.8865
23.9898
24.1052
23.6207
21.7746
20.2099
18.4895
18.2902
18.1146
17.7365
15.0801
13.5951
12.5138
12.2206
11.7362
10.5744
11.2919
10.6465
8.73425e-10
6.27292e-10
3.77863e-10
2.1323e-10
1.21365e-10
7.25977e-11
4.69742e-11
3.38551e-11
2.8489e-11
2.92414e-11
3.65179e-11
5.26441e-11
8.37921e-11
1.45231e-10
2.87202e-10
8.51767e-10
8.21876e-10
4.01059e-10
2.78084e-10
2.19595e-10
1.84808e-10
1.61011e-10
1.43541e-10
1.29463e-10
1.18009e-10
1.08065e-10
9.93161e-11
9.13479e-11
8.38097e-11
7.68852e-11
7.00296e-11
6.37433e-11
5.83219e-11
5.48337e-11
5.10142e-11
4.65879e-11
4.23789e-11
3.82546e-11
3.38258e-11
2.99824e-11
2.6816e-11
2.34218e-11
2.02076e-11
1.77292e-11
1.58397e-11
1.5972e-11
2.07713e-11
5.95456e-11
0.000477966
5.95343
8.93112
10.6254
11.9964
14.2512
16.2291
18.0907
19.8277
21.4025
23.4492
25.31
27.4397
29.5617
31.3066
33.0567
34.6542
35.7259
36.6805
37.7439
38.4716
38.8035
39.2317
39.7849
40.0002
39.6606
39.2034
39.18
39.6704
40.3913
41.0287
41.447
41.7093
41.9669
42.3182
42.8291
43.2094
43.3072
43.2528
43.4053
44.0386
44.983
45.889
46.3758
46.3313
45.9533
45.7592
46.2215
47.4408
48.8769
49.717
49.6976
48.8708
47.8471
47.232
47.3786
48.1794
48.9433
48.7134
47.1688
44.9922
43.2765
42.6699
43.1158
43.6058
42.6961
40.2835
37.9228
36.6047
36.6209
37.228
36.5642
33.9148
31.4438
30.0582
29.8828
30.1723
29.208
26.756
24.6176
23.9303
24.317
24.1943
21.0631
18.8634
17.7992
17.631
16.6698
15.2625
14.1786
12.4546
11.8755
11.4597
11.1414
9.14428
7.6949
6.60832
6.08292
5.61741
4.91457
5.08538
3.69138
9.39038e-10
8.99584e-10
7.00868e-10
4.2926e-10
2.36174e-10
1.30326e-10
7.57975e-11
4.80266e-11
3.41311e-11
2.84885e-11
2.92758e-11
3.69354e-11
5.44936e-11
9.03692e-11
1.68133e-10
3.88038e-10
1.24697e-09
5.0183e-10
3.07476e-10
2.32913e-10
1.92566e-10
1.66676e-10
1.48523e-10
1.34363e-10
1.22999e-10
1.1325e-10
1.04789e-10
9.71248e-11
8.99072e-11
8.32323e-11
7.66096e-11
7.04699e-11
6.42935e-11
5.86104e-11
5.5328e-11
5.11064e-11
4.69404e-11
4.28049e-11
3.83169e-11
3.41662e-11
3.0613e-11
2.69632e-11
2.3338e-11
2.04694e-11
1.79828e-11
1.5841e-11
1.57447e-11
1.97672e-11
5.08697e-11
0.000118369
5.59301
7.99587
9.44706
11.9474
13.864
15.702
17.4354
18.8909
20.9464
22.7033
24.8161
26.8889
28.5518
30.3167
31.8614
32.8684
33.8455
34.9239
35.6421
35.9689
36.4508
37.0527
37.2417
36.8244
36.345
36.3749
36.9188
37.6368
38.2037
38.5014
38.6203
38.7442
38.9944
39.3908
39.6744
39.6761
39.5007
39.4941
39.9308
40.744
41.611
42.0981
41.985
41.4482
41.0219
41.1829
42.0983
43.3554
44.152
44.1405
43.2949
42.1815
41.3544
41.1933
41.7258
42.4269
42.3536
41.0023
38.8955
37.0806
36.2183
36.3986
36.868
36.1771
33.9716
31.7423
30.3297
30.0639
30.509
30.0344
27.6046
25.3483
23.9106
23.4092
23.4089
22.6867
20.7301
18.7834
17.8896
17.9223
18.0271
15.3675
13.4232
12.245
11.8533
10.5056
9.58464
8.43897
6.84393
6.0351
5.57231
5.17672
3.57904
2.33675
1.66214
1.23612
0.92514
0.709997
0.528528
0.0589578
8.25041e-10
8.65081e-10
8.70247e-10
7.46464e-10
4.76547e-10
2.57231e-10
1.37649e-10
7.80744e-11
4.85614e-11
3.40528e-11
2.8185e-11
2.88134e-11
3.60148e-11
5.23599e-11
8.4059e-11
1.45724e-10
2.86809e-10
7.71034e-10
8.70144e-10
4.45543e-10
3.08676e-10
2.42927e-10
2.04351e-10
1.78059e-10
1.58838e-10
1.43544e-10
1.30892e-10
1.19886e-10
1.09965e-10
1.01029e-10
9.24123e-11
8.45321e-11
7.6806e-11
6.92398e-11
6.2323e-11
5.7832e-11
5.31127e-11
4.84917e-11
4.36962e-11
3.91356e-11
3.50492e-11
3.10064e-11
2.69201e-11
2.35937e-11
2.07966e-11
1.81086e-11
1.58416e-11
1.54745e-11
1.85773e-11
3.8737e-11
5.11003e-07
0.00711848
5.57952
9.29271
11.2718
13.2068
15.0058
16.3367
18.4311
20.0743
22.1754
24.1973
25.7744
27.5697
29.0482
29.9904
31.0149
32.0929
32.7923
33.126
33.6726
34.321
34.4761
33.9799
33.4949
33.5925
34.1869
34.8854
35.3615
35.5223
35.4891
35.479
35.6313
35.9294
36.1297
36.0457
35.7569
35.5988
35.8446
36.5013
37.2981
37.7799
37.6353
36.9904
36.3789
36.2632
36.8583
37.8996
38.6264
38.6181
37.7788
36.6353
35.6679
35.2399
35.4708
36.0128
36.0249
34.8748
32.9319
31.1207
30.0682
29.9521
30.2912
29.7732
27.8118
25.7986
24.3856
23.874
24.0867
23.7825
21.6442
19.6753
18.2916
17.5732
17.2599
16.8004
15.3158
13.6012
12.5845
12.3181
12.4963
10.3285
8.56445
7.37445
6.84607
5.57378
4.99471
3.27941
2.13807
1.4641
1.08991
0.78417
0.213192
0.0297706
0.0087964
0.00275557
0.000805951
0.000212432
4.06148e-05
3.53977e-10
100
100
100
100
100
100
100
100
100
100
100
100
100
100
100
100
100
100
100
100
100
100
100
100
100
100
100
100
100
100
100
100
100
100
100
100
100
100
100
100
100
100
100
100
100
100
100
100
100
100
100
100
100
100
100
100
100
100
100
100
100
100
100
100
100
100
100
100
100
100
100
100
100
100
100
100
100
100
100
100
100
100
100
100
100
100
100
100
100
100
100
100
100
100
100
100
100
100
100
100
100
100
100
100
100
100
100
100
100
100
100
100
100
100
100
100
100
100
100
100
100
100
100
100
100
100
100
100
100
100
100
100
100
100
100
100
100
100
100
100
100
100
100
100
100
100
100
100
100
100
100
100
100
100
100
100
100
100
100
100
100
100
100
100
100
100
100
100
100
100
100
100
100
100
100
100
100
100
100
100
100
100
100
100
100
100
100
100
100
100
100
100
100
100
100
100
100
100
100
100
100
100
100
100
100
100
100
100
100
100
100
100
100
100
100
100
100
100
100
100
100
100
100
100
100
100
100
100
100
100
100
100
100
100
100
100
100
100
100
100
100
100
100
100
100
100
100
100
100
100
100
100
100
100
100
100
100
100
100
100
100
100
100
100
100
100
100
100
100
100
100
100
100
100
100
100
100
100
100
100
100
100
100
100
100
100
100
100
100
100
100
100
100
100
100
100
100
100
100
100
100
100
100
100
100
100
100
100
100
100
100
100
100
100
100
100
100
100
100
100
100
100
100
100
100
100
100
100
100
100
100
100
100
100
100
100
100
100
100
100
100
100
100
100
100
100
100
100
100
100
100
100
100
100
100
100
100
100
100
100
100
100
100
100
100
100
100
100
100
100
100
100
100
100
100
100
100
100
100
100
100
100
100
100
100
100
100
100
100
100
100
100
100
100
100
100
100
100
100
100
100
100
100
100
100
100
100
100
100
100
100
100
100
100
100
100
100
100
100
100
100
100
100
100
100
100
100
100
100
100
100
100
100
100
100
100
100
100
100
100
100
100
100
100
100
100
100
100
100
100
100
100
100
100
100
100
100
100
100
100
100
100
100
100
100
100
100
100
100
100
100
100
100
100
100
100
100
100
100
100
100
100
100
100
100
100
100
100
100
100
100
100
100
100
100
100
100
100
100
100
100
100
100
100
100
100
100
100
100
100
100
100
100
100
100
100
100
100
100
100
100
100
100
100
100
100
100
100
100
100
100
100
100
100
100
100
100
100
100
100
100
100
100
100
100
100
100
100
100
100
100
100
100
100
100
100
100
100
100
100
100
100
100
100
100
100
100
100
100
100
100
100
100
100
100
100
100
100
100
100
100
100
100
100
100
100
100
100
100
100
100
100
100
100
100
100
100
100
100
100
100
100
100
100
100
100
100
100
100
100
100
100
100
100
100
100
100
100
100
100
100
100
100
100
100
100
100
100
100
100
100
100
100
100
100
100
100
100
100
100
100
100
100
100
100
100
100
100
100
100
100
100
100
100
100
100
100
100
100
100
100
100
100
100
100
100
100
100
100
100
100
100
100
100
100
100
100
100
100
100
100
100
100
100
100
100
100
100
100
100
100
100
100
100
100
100
100
100
100
100
100
100
100
100
100
100
100
100
100
100
100
100
100
100
100
100
100
100
100
100
100
100
100
100
100
100
100
100
100
100
100
100
100
100
100
100
100
100
100
100
100
100
100
100
100
100
100
100
100
100
100
100
100
100
100
100
100
100
100
100
100
100
100
100
100
100
100
100
100
100
100
100
100
100
100
100
100
100
100
100
100
100
100
100
100
100
100
100
100
100
100
100
100
100
100
100
100
100
100
100
100
100
100
100
100
100
100
100
100
100
100
100
100
100
100
100
100
100
100
100
100
100
100
100
100
100
100
100
100
100
100
100
100
100
100
100
100
100
100
100
100
100
100
100
100
100
100
100
100
100
100
100
100
100
100
100
100
100
100
100
100
100
100
100
100
100
100
100
100
100
100
100
100
100
100
100
100
100
100
100
100
100
100
100
100
100
100
100
100
100
100
100
100
100
100
100
100
100
100
100
100
100
100
100
100
100
100
100
100
100
100
100
100
100
100
100
100
100
100
100
100
100
100
100
100
100
100
100
100
100
100
100
100
100
100
100
100
100
100
100
100
100
100
100
100
100
100
100
100
100
100
100
100
100
100
100
100
100
100
100
100
100
100
100
100
100
100
100
100
100
100
100
100
100
100
100
100
100
100
100
100
100
100
100
100
100
100
100
100
100
100
100
100
100
100
100
100
100
100
100
100
100
100
100
100
100
100
100
100
100
100
100
100
100
100
100
100
100
100
100
100
100
100
100
100
100
100
100
100
100
100
100
100
100
100
100
100
100
100
100
100
100
100
100
100
100
100
100
100
100
100
100
100
100
100
100
100
100
100
100
100
100
100
100
100
100
100
100
100
100
100
100
100
100
100
100
100
100
100
100
100
100
100
100
100
100
100
100
100
100
100
100
100
100
100
100
100
100
100
100
100
100
100
100
100
100
100
100
100
100
100
100
100
100
100
100
100
100
100
100
100
100
100
100
100
100
100
100
100
100
100
100
100
100
100
100
100
100
100
100
100
100
100
100
100
100
100
100
100
100
100
100
100
100
100
100
100
100
100
100
100
100
100
100
100
100
100
100
100
100
100
100
100
100
100
100
100
100
100
100
100
100
100
100
100
100
100
100
100
100
100
100
100
100
100
100
100
100
100
100
100
100
100
100
100
100
100
100
100
100
100
100
100
100
100
100
100
100
100
100
100
100
100
100
100
100
100
100
100
100
100
100
100
100
100
100
100
100
100
100
100
100
100
100
100
100
100
100
100
100
100
100
100
100
100
100
100
100
100
100
100
100
100
100
100
100
100
100
100
100
100
100
100
100
100
100
100
100
100
100
100
100
100
100
100
100
100
100
100
100
100
100
100
100
100
100
100
100
100
100
100
100
100
100
100
100
100
100
100
100
100
100
100
100
100
100
100
100
100
100
100
100
100
100
100
100
100
100
100
100
100
100
100
100
100
100
100
100
100
100
100
100
100
100
100
100
100
100
100
100
100
100
100
100
100
100
100
100
100
100
100
100
100
100
100
100
100
100
100
100
100
100
100
100
100
100
100
100
100
100
100
100
100
100
100
100
100
100
100
100
100
100
100
100
100
100
100
100
100
100
100
100
100
100
100
100
100
100
100
100
100
100
100
100
100
100
100
100
100
100
100
100
100
100
100
100
100
100
100
100
100
100
100
100
100
100
100
100
100
100
100
100
100
100
100
100
100
100
100
100
100
100
100
100
100
100
100
100
100
100
100
100
100
100
100
100
100
100
100
100
100
100
100
100
100
100
100
100
100
100
100
100
100
100
100
100
100
100
100
100
100
100
100
100
100
100
100
100
100
100
100
100
100
100
100
100
100
100
100
100
100
100
100
100
100
100
100
100
100
100
100
100
100
100
100
100
100
100
100
100
100
100
100
100
100
100
100
100
100
100
100
100
100
100
100
100
100
100
100
100
100
100
100
100
100
100
100
100
100
100
100
100
100
100
100
100
100
100
100
100
100
100
100
100
100
100
100
100
100
100
100
100
100
100
100
100
100
100
100
100
100
100
100
100
100
100
100
100
100
100
100
100
100
100
100
100
100
100
100
100
100
100
100
100
100
100
100
100
100
100
100
100
100
100
100
100
100
100
100
100
100
100
100
100
100
100
100
100
100
100
100
100
100
100
100
100
100
100
100
100
100
100
100
100
100
100
100
100
100
100
100
100
100
100
100
100
100
100
100
100
100
100
100
100
100
100
100
100
100
100
100
100
100
100
100
100
100
100
100
100
100
100
100
100
100
100
100
100
100
100
100
100
100
100
100
100
100
100
100
100
100
100
100
100
100
100
100
100
100
100
100
100
100
100
100
100
100
100
100
100
100
100
100
100
100
100
100
100
100
100
100
100
100
100
100
100
100
100
100
100
100
100
100
100
100
100
100
100
100
100
100
100
100
100
100
100
100
100
100
100
100
100
100
100
100
100
100
100
100
100
100
100
100
100
100
100
100
100
100
100
100
100
100
100
100
100
100
100
100
100
100
100
100
100
100
100
100
100
100
100
100
100
100
100
100
100
100
100
100
100
100
100
100
100
100
100
100
100
100
100
100
100
100
100
100
100
100
100
100
100
100
100
100
100
100
100
100
100
100
100
100
100
100
100
100
100
100
100
100
100
100
100
100
100
100
100
97.6341
93.4891
90.5184
89.1421
88.2341
88.7131
90.4896
93.8654
99.4096
100
100
100
100
100
100
100
100
100
100
100
100
100
100
100
100
100
100
100
100
100
100
100
100
100
100
100
100
100
100
100
100
100
100
100
100
100
100
100
100
100
100
100
100
100
100
99.6274
99.2354
100
100
100
100
100
99.8168
99.0382
98.3575
97.0043
94.8734
92.0728
89.7963
89.589
90.9617
91.7168
91.5495
90.9313
90.2461
88.7465
85.9889
82.9311
80.4602
78.9961
79.4659
78.6279
76.7974
74.8701
72.9715
71.1263
69.7859
69.2184
69.3871
70.666
73.5692
78.562
82.963
82.3828
78.9759
73.5867
70.0527
66.4385
62.5512
59.2049
55.47
51.4403
48.4617
46.7266
45.1844
44.6385
44.8926
46.0606
48.6498
50.8147
53.8911
58.8136
66.4478
76.8929
85.6886
91.2523
94.1749
93.8155
86.2881
78.8228
74.5308
72.4229
71.3968
70.0351
67.6286
63.5432
58.9791
55.053
52.79
52.2689
53.7761
57.5778
64.6678
74.5295
94.4048
94.8662
94.1589
92.6935
91.166
89.9466
89.0809
88.4337
88.4302
88.8139
89.1451
89.3605
89.0149
87.2315
85.9144
85.4588
85.1332
84.7194
83.7797
82.1046
80.2772
78.812
78.0749
78.9074
79.8379
79.9462
79.5031
78.6348
77.5596
76.1816
75.1723
73.4438
71.131
68.0626
65.4432
64.9476
66.071
66.3477
65.6648
64.4708
63.2217
60.9427
57.2504
53.7301
51.4815
49.7123
50.5855
48.9304
46.2017
43.6202
41.3252
39.235
37.7675
37.0326
36.9145
37.6834
39.807
43.8557
47.0696
45.2861
40.7894
34.7815
31.2651
27.9624
24.9439
22.6282
20.5856
18.7779
17.4924
16.7123
15.9716
15.5853
15.4376
15.5204
16.0005
16.6064
17.6461
19.5346
22.8008
27.6802
31.4583
31.843
31.0638
29.0537
23.4583
18.7641
16.0532
14.3868
13.2069
12.0456
10.7661
9.2952
7.98214
6.94363
6.338
6.04783
6.1156
6.46809
7.26713
8.28
79.9591
79.8493
78.4074
76.134
73.6746
71.5984
69.9535
68.8527
68.7533
69.1108
69.1532
68.8629
68.4317
66.0735
64.4764
63.9255
63.3714
62.5953
61.2691
59.0894
56.6433
55.4343
54.5013
55.015
55.8348
55.6904
54.88
53.551
52.0704
50.2878
49.1156
47.4628
45.8236
43.6748
41.6336
40.9631
41.2226
40.6053
39.3836
37.831
36.2956
34.0298
30.8808
28.2392
26.8587
24.9802
24.811
22.3794
19.8678
17.9184
16.4533
15.2855
14.5305
14.129
13.995
14.2075
14.9403
16.4465
17.1973
15.4895
12.3435
8.87729
6.94656
5.36331
4.16191
3.30176
2.65346
2.20126
1.89217
1.67568
1.51008
1.40853
1.35041
1.32463
1.3248
1.337
1.34588
1.34093
1.34342
1.33357
1.08529
0.509771
0.244362
0.14022
0.0875549
0.0596111
0.0439838
0.0344187
0.0279125
0.0229258
0.0190239
0.0158643
0.013442
0.0116265
0.0104348
0.00981401
0.00962333
0.00983334
0.0100803
0.00908228
62.7902
62.1902
60.532
58.0969
55.2202
52.8984
50.7775
49.4117
49.193
49.4281
49.0922
48.1962
47.9979
45.6271
44.0699
43.433
42.6373
41.5192
40.0922
38.0979
35.8063
35.3236
34.1315
34.1024
34.3281
33.7934
32.7581
31.3408
29.8756
28.149
27.056
25.7544
24.8636
23.7128
22.2172
20.9892
20.2236
18.9513
17.5829
16.1999
14.9569
13.589
12.0596
10.7272
9.9284
8.28586
6.84579
4.85147
3.51883
2.66815
2.11899
1.75714
1.53651
1.39752
1.31495
1.26646
1.21619
1.10772
0.849711
0.629742
0.344202
0.127222
0.0560823
0.0281643
0.0150006
0.00819198
0.00460702
0.00270465
0.00166269
0.00103294
0.000671597
0.000471213
0.000360225
0.000299105
0.000262942
0.000229733
0.000178032
0.000107463
4.77749e-05
1.5628e-05
2.86982e-06
5.40315e-09
1.57315e-09
1.7646e-09
2.08013e-09
2.34251e-09
2.5625e-09
2.75451e-09
2.89839e-09
2.97688e-09
2.9959e-09
2.97019e-09
2.93741e-09
2.92396e-09
2.96924e-09
3.05908e-09
3.17367e-09
3.28123e-09
3.39659e-09
3.43603e-09
45.7575
44.882
43.3619
41.1787
38.3304
36.4423
34.1842
32.6631
32.2388
32.2939
31.7291
30.5461
30.7562
28.5482
26.9959
26.1471
25.1389
23.8564
22.5953
21.2032
19.5617
19.4735
17.707
17.0082
16.5457
15.7581
14.8066
13.7519
12.7606
11.6939
11.0357
10.3566
9.91232
9.34188
8.21602
6.35704
5.24091
4.21849
3.3632
2.61763
1.96115
1.4097
1.02646
0.778336
0.60684
0.34183
0.075264
0.0206336
0.00897007
0.00450659
0.00245334
0.00144474
0.000928245
0.000653045
0.00050292
0.000405077
0.000299194
0.000152551
4.38019e-05
7.07199e-06
4.22318e-10
2.27872e-10
1.3154e-10
7.57607e-11
4.20013e-11
3.32402e-11
3.12195e-11
2.97734e-11
2.86557e-11
2.77816e-11
2.70734e-11
2.65155e-11
2.6075e-11
2.57262e-11
5.48906e-11
1.38115e-10
2.99559e-10
4.8995e-10
5.11975e-10
3.70103e-10
2.27137e-10
1.57893e-10
1.4318e-10
1.49988e-10
1.72544e-10
2.01704e-10
2.36342e-10
2.77275e-10
3.24213e-10
3.76667e-10
4.31446e-10
4.85541e-10
5.34777e-10
5.77584e-10
6.12457e-10
6.41275e-10
6.64689e-10
6.87338e-10
7.08163e-10
7.37671e-10
30.6343
29.6086
28.3561
26.6668
24.2818
23.246
21.0372
19.4211
18.7208
18.5192
17.9099
16.8742
17.2008
15.0048
13.3859
12.3389
11.3501
10.3388
9.5528
8.87302
8.02208
7.71064
5.52772
4.58218
3.92896
3.32851
2.79165
2.31198
1.89489
1.51845
1.23755
1.00512
0.835836
0.687733
0.482441
0.0820468
0.0302081
0.0149908
0.00803836
0.00413279
0.00182607
0.000640826
0.000185703
5.00972e-05
1.08748e-05
5.36384e-08
1.46203e-10
5.34763e-11
3.58553e-11
3.29268e-11
3.09449e-11
2.95447e-11
2.85314e-11
2.78401e-11
2.73402e-11
2.6914e-11
2.63218e-11
2.51624e-11
2.32562e-11
2.10523e-11
1.95895e-11
1.85917e-11
1.75316e-11
1.66112e-11
1.58473e-11
1.52463e-11
1.47856e-11
1.44514e-11
1.42021e-11
1.40526e-11
1.39676e-11
1.39307e-11
1.39187e-11
1.39113e-11
1.38921e-11
1.3857e-11
1.38265e-11
1.3856e-11
1.40274e-11
1.43718e-11
1.47881e-11
1.50083e-11
1.5091e-11
1.51802e-11
1.52059e-11
1.51829e-11
2.16726e-11
3.94716e-11
6.23055e-11
9.12447e-11
1.25273e-10
1.63862e-10
2.05383e-10
2.48599e-10
2.91681e-10
3.33335e-10
3.72019e-10
4.08323e-10
4.40804e-10
4.78667e-10
18.4674
17.3714
16.3724
15.2429
13.6312
13.3031
11.0966
9.49983
8.64963
8.24644
7.77612
7.15048
7.08191
4.91986
3.57756
2.72618
2.07206
1.55565
1.19404
0.941655
0.754197
0.563379
0.0745353
0.0279202
0.0145318
0.00855579
0.00522855
0.00316977
0.00182453
0.000965667
0.000450955
0.000187963
7.27012e-05
2.46354e-05
3.51411e-06
1.77742e-10
9.38607e-11
6.46337e-11
4.94375e-11
3.98727e-11
3.30936e-11
2.77669e-11
2.5082e-11
2.28056e-11
2.0738e-11
1.9093e-11
1.77703e-11
1.65381e-11
1.56783e-11
1.50573e-11
1.46288e-11
1.43291e-11
1.4127e-11
1.40038e-11
1.39216e-11
1.38537e-11
1.37771e-11
1.37287e-11
1.39006e-11
1.4305e-11
1.45741e-11
1.45622e-11
1.46644e-11
1.47831e-11
1.4835e-11
1.48422e-11
1.48318e-11
1.47955e-11
1.47554e-11
1.47548e-11
1.47828e-11
1.48369e-11
1.49139e-11
1.50076e-11
1.5115e-11
1.52427e-11
1.54244e-11
1.57317e-11
1.62415e-11
1.69319e-11
1.76689e-11
1.82984e-11
1.89453e-11
1.97134e-11
2.02731e-11
2.05964e-11
2.07725e-11
2.08746e-11
2.09376e-11
3.30255e-11
5.32146e-11
7.94144e-11
1.11254e-10
1.48253e-10
1.89286e-10
2.32952e-10
2.77529e-10
3.22253e-10
3.65021e-10
4.12563e-10
9.28978
8.28121
7.53158
6.88907
6.08823
5.89321
3.76958
2.53084
1.84926
1.40432
1.05893
0.810726
0.593264
0.0833345
0.0212383
0.00808193
0.00335172
0.0013498
0.000508229
0.000180109
6.06164e-05
1.28974e-05
2.40205e-10
1.52714e-10
1.18147e-10
9.85642e-11
8.53461e-11
7.54492e-11
6.74343e-11
6.05915e-11
5.44462e-11
4.8767e-11
4.3555e-11
3.86837e-11
3.39425e-11
2.93703e-11
2.58749e-11
2.29478e-11
2.05191e-11
1.84117e-11
1.65803e-11
1.49856e-11
1.37117e-11
1.37016e-11
1.39733e-11
1.43195e-11
1.43248e-11
1.45651e-11
1.46535e-11
1.46567e-11
1.46432e-11
1.46121e-11
1.45796e-11
1.45397e-11
1.44997e-11
1.44649e-11
1.44635e-11
1.45936e-11
1.50088e-11
1.5637e-11
1.60989e-11
1.63899e-11
1.68005e-11
1.72089e-11
1.75474e-11
1.77841e-11
1.79366e-11
1.79946e-11
1.79849e-11
1.79272e-11
1.78497e-11
1.77587e-11
1.76738e-11
1.76091e-11
1.7588e-11
1.7644e-11
1.78212e-11
1.81733e-11
1.8755e-11
1.95708e-11
2.04808e-11
2.13311e-11
2.24818e-11
2.43216e-11
2.67803e-11
2.85991e-11
2.93743e-11
2.97751e-11
3.00549e-11
3.02748e-11
3.04487e-11
4.16798e-11
6.49632e-11
9.48132e-11
1.30979e-10
1.7262e-10
2.18356e-10
2.67068e-10
3.16612e-10
3.71488e-10
2.68742
2.0148
1.5212
1.13843
0.854032
0.61175
0.0694961
0.0151327
0.00485621
0.00161753
0.000504342
0.00014866
3.21695e-05
3.18111e-10
1.95496e-10
1.53346e-10
1.29737e-10
1.13651e-10
1.01032e-10
9.0501e-11
8.0829e-11
7.17646e-11
6.21097e-11
5.63994e-11
5.152e-11
4.74917e-11
4.40012e-11
4.08836e-11
3.80815e-11
3.54746e-11
3.31684e-11
3.11523e-11
2.94996e-11
2.8044e-11
2.70617e-11
2.57134e-11
2.41106e-11
2.24429e-11
2.07847e-11
1.9181e-11
1.7727e-11
1.64323e-11
1.53449e-11
1.50697e-11
1.55764e-11
1.61057e-11
1.65464e-11
1.72231e-11
1.77212e-11
1.80569e-11
1.82794e-11
1.84099e-11
1.84716e-11
1.84685e-11
1.84325e-11
1.8403e-11
1.84564e-11
1.87254e-11
1.93602e-11
2.03865e-11
2.1244e-11
2.19422e-11
2.2741e-11
2.3496e-11
2.41908e-11
2.47533e-11
2.51757e-11
2.54588e-11
2.55925e-11
2.55396e-11
2.5358e-11
2.50373e-11
2.46092e-11
2.40978e-11
2.35506e-11
2.30413e-11
2.26604e-11
2.25008e-11
2.26311e-11
2.30687e-11
2.35886e-11
2.37628e-11
2.38721e-11
2.45971e-11
2.71316e-11
3.27153e-11
3.87042e-11
4.09114e-11
4.16171e-11
4.21091e-11
4.24662e-11
4.27386e-11
4.29617e-11
6.04292e-11
9.0085e-11
1.26742e-10
1.6964e-10
2.17809e-10
2.69519e-10
3.2738e-10
0.0176964
0.00645025
0.00240597
0.000817108
0.000256395
5.95244e-05
3.27223e-10
2.15469e-10
1.7478e-10
1.49265e-10
1.30122e-10
1.13874e-10
9.93938e-11
8.40541e-11
7.66281e-11
7.06414e-11
6.57302e-11
6.16428e-11
5.82353e-11
5.57235e-11
5.37393e-11
5.32621e-11
5.32937e-11
5.12676e-11
4.91943e-11
4.70067e-11
4.47804e-11
4.25534e-11
4.04328e-11
3.84046e-11
3.658e-11
3.49635e-11
3.35933e-11
3.22841e-11
3.12491e-11
3.02082e-11
2.88394e-11
2.73309e-11
2.57014e-11
2.40411e-11
2.24535e-11
2.10051e-11
1.96931e-11
1.93347e-11
2.02219e-11
2.11141e-11
2.20708e-11
2.32718e-11
2.43397e-11
2.5212e-11
2.58948e-11
2.64173e-11
2.67823e-11
2.69941e-11
2.71005e-11
2.71861e-11
2.74106e-11
2.79854e-11
2.89972e-11
3.04386e-11
3.15793e-11
3.26349e-11
3.38879e-11
3.51445e-11
3.6387e-11
3.74807e-11
3.83727e-11
3.90752e-11
3.95392e-11
3.96534e-11
3.95062e-11
3.90674e-11
3.83863e-11
3.74863e-11
3.64164e-11
3.52591e-11
3.41294e-11
3.31784e-11
3.25375e-11
3.22958e-11
3.21709e-11
3.13719e-11
2.97109e-11
2.7673e-11
2.60568e-11
2.72837e-11
3.35522e-11
4.60898e-11
5.39367e-11
5.58013e-11
5.64763e-11
5.68942e-11
5.72093e-11
5.73792e-11
6.05745e-11
9.08496e-11
1.28407e-10
1.72682e-10
2.22549e-10
2.79208e-10
2.39679e-10
1.93578e-10
1.66313e-10
1.45236e-10
1.27437e-10
1.11392e-10
9.12435e-11
8.33212e-11
7.73658e-11
7.26388e-11
6.91197e-11
6.65069e-11
6.6228e-11
6.87604e-11
6.73286e-11
6.60118e-11
6.46473e-11
6.33368e-11
6.22214e-11
6.14791e-11
6.09555e-11
6.12281e-11
6.22085e-11
6.10631e-11
5.96833e-11
5.78955e-11
5.58294e-11
5.35863e-11
5.13021e-11
4.90723e-11
4.69455e-11
4.49922e-11
4.3358e-11
4.20317e-11
4.0969e-11
4.01563e-11
3.88174e-11
3.72623e-11
3.54594e-11
3.35887e-11
3.17497e-11
3.00809e-11
2.84641e-11
2.82176e-11
2.95856e-11
3.08022e-11
3.22481e-11
3.39318e-11
3.56032e-11
3.70955e-11
3.83271e-11
3.93353e-11
4.00919e-11
4.05901e-11
4.09033e-11
4.11488e-11
4.15344e-11
4.22926e-11
4.32889e-11
4.44471e-11
4.52579e-11
4.62832e-11
4.77339e-11
4.94169e-11
5.12594e-11
5.30161e-11
5.45547e-11
5.58556e-11
5.68437e-11
5.73454e-11
5.75048e-11
5.72648e-11
5.67141e-11
5.59124e-11
5.49253e-11
5.38264e-11
5.26833e-11
5.1592e-11
5.06528e-11
5.00234e-11
4.95442e-11
4.83343e-11
4.56197e-11
4.10309e-11
3.47196e-11
2.94447e-11
2.78439e-11
3.25252e-11
4.71838e-11
6.57536e-11
7.15932e-11
7.23922e-11
7.29683e-11
7.31681e-11
7.32586e-11
7.33193e-11
9.49496e-11
1.3356e-10
1.79002e-10
2.31548e-10
5.3502e-11
7.03721e-11
9.36534e-11
1.08851e-10
1.35307e-10
1.48327e-10
1.65279e-10
1.77298e-10
1.89972e-10
1.92994e-10
1.96114e-10
1.98595e-10
1.97861e-10
1.94472e-10
1.92788e-10
1.91727e-10
1.8731e-10
1.81877e-10
1.79061e-10
1.75292e-10
1.72697e-10
1.68092e-10
1.64409e-10
1.62653e-10
1.57823e-10
1.54017e-10
1.47419e-10
1.42826e-10
1.35299e-10
1.34282e-10
1.32261e-10
1.30761e-10
1.27588e-10
1.22387e-10
1.12014e-10
1.08231e-10
1.10014e-10
1.14618e-10
1.20018e-10
1.24093e-10
1.25678e-10
1.25153e-10
1.2351e-10
1.20772e-10
1.1751e-10
1.14082e-10
1.11019e-10
1.09128e-10
1.08183e-10
1.08029e-10
5.43255e-11
7.49921e-11
9.52703e-11
1.09082e-10
1.3428e-10
1.46888e-10
1.63916e-10
1.76706e-10
1.90879e-10
1.9504e-10
1.99356e-10
2.04028e-10
2.04516e-10
2.0186e-10
2.01557e-10
2.02671e-10
1.98464e-10
1.93278e-10
1.91451e-10
1.90069e-10
1.86852e-10
1.81526e-10
1.77687e-10
1.76619e-10
1.74345e-10
1.704e-10
1.63337e-10
1.59831e-10
1.53854e-10
1.51983e-10
1.48615e-10
1.46617e-10
1.43783e-10
1.39398e-10
1.3021e-10
1.25687e-10
1.26333e-10
1.29799e-10
1.34712e-10
1.39463e-10
1.4204e-10
1.42374e-10
1.41412e-10
1.39188e-10
1.36164e-10
1.32811e-10
1.29155e-10
1.26511e-10
1.24872e-10
1.24182e-10
5.43444e-11
8.07224e-11
9.91107e-11
1.11283e-10
1.34405e-10
1.46721e-10
1.63764e-10
1.7683e-10
1.92165e-10
1.9746e-10
2.02547e-10
2.09054e-10
2.10856e-10
2.08927e-10
2.09915e-10
2.12951e-10
2.0923e-10
2.04402e-10
2.0351e-10
2.04363e-10
2.00868e-10
1.95017e-10
1.91148e-10
1.90604e-10
1.90567e-10
1.86626e-10
1.79595e-10
1.76659e-10
1.72649e-10
1.70088e-10
1.65541e-10
1.62953e-10
1.60385e-10
1.56846e-10
1.4886e-10
1.44328e-10
1.43571e-10
1.45871e-10
1.49719e-10
1.54599e-10
1.57982e-10
1.59153e-10
1.58859e-10
1.57341e-10
1.54621e-10
1.51658e-10
1.47892e-10
1.44517e-10
1.42167e-10
1.40868e-10
5.2838e-11
8.85838e-11
1.05366e-10
1.15184e-10
1.35501e-10
1.47463e-10
1.64347e-10
1.77252e-10
1.93437e-10
1.99648e-10
2.05248e-10
2.13213e-10
2.1634e-10
2.15128e-10
2.17294e-10
2.21965e-10
2.1898e-10
2.14625e-10
2.14626e-10
2.17492e-10
2.14067e-10
2.07929e-10
2.04094e-10
2.04055e-10
2.0594e-10
2.0216e-10
1.9542e-10
1.92972e-10
1.91049e-10
1.87928e-10
1.8255e-10
1.79454e-10
1.76936e-10
1.74169e-10
1.67789e-10
1.63344e-10
1.61606e-10
1.62391e-10
1.65297e-10
1.69467e-10
1.73484e-10
1.75393e-10
1.75718e-10
1.74909e-10
1.72771e-10
1.70081e-10
1.66789e-10
1.62885e-10
1.59835e-10
1.57917e-10
5.07008e-11
9.9339e-11
1.14376e-10
1.20909e-10
1.3825e-10
1.49364e-10
1.65592e-10
1.78062e-10
1.94816e-10
2.01561e-10
2.07588e-10
2.16615e-10
2.21003e-10
2.2048e-10
2.23685e-10
2.29677e-10
2.27633e-10
2.23828e-10
2.24683e-10
2.29296e-10
2.2626e-10
2.20059e-10
2.16331e-10
2.16807e-10
2.20349e-10
2.1679e-10
2.10495e-10
2.0871e-10
2.0877e-10
2.05187e-10
1.99374e-10
1.95981e-10
1.9328e-10
1.91137e-10
1.86652e-10
1.82425e-10
1.80223e-10
1.79246e-10
1.81363e-10
1.84396e-10
1.886e-10
1.91142e-10
1.92004e-10
1.91807e-10
1.90419e-10
1.87983e-10
1.85398e-10
1.81418e-10
1.77706e-10
1.75222e-10
4.85642e-11
1.13129e-10
1.2648e-10
1.28895e-10
1.43221e-10
1.52822e-10
1.67523e-10
1.79466e-10
1.96497e-10
2.03429e-10
2.09809e-10
2.19501e-10
2.24988e-10
2.25124e-10
2.29215e-10
2.36252e-10
2.35248e-10
2.32034e-10
2.33718e-10
2.39782e-10
2.37377e-10
2.31315e-10
2.27789e-10
2.28775e-10
2.33773e-10
2.30475e-10
2.24701e-10
2.23754e-10
2.25619e-10
2.21751e-10
2.15781e-10
2.12309e-10
2.09318e-10
2.07656e-10
2.05199e-10
2.01476e-10
1.98953e-10
1.96436e-10
1.97648e-10
1.99681e-10
2.03405e-10
2.06485e-10
2.07752e-10
2.08042e-10
2.07386e-10
2.05388e-10
2.03396e-10
1.99808e-10
1.95611e-10
1.92651e-10
4.66807e-11
1.29845e-10
1.42145e-10
1.39289e-10
1.50616e-10
1.58111e-10
1.70317e-10
1.81703e-10
1.987e-10
2.05506e-10
2.12178e-10
2.22134e-10
2.28483e-10
2.29233e-10
2.34042e-10
2.41911e-10
2.41934e-10
2.39329e-10
2.41827e-10
2.49023e-10
2.47403e-10
2.41667e-10
2.38424e-10
2.39919e-10
2.46207e-10
2.43198e-10
2.3799e-10
2.37965e-10
2.41476e-10
2.37598e-10
2.31594e-10
2.28113e-10
2.24949e-10
2.23725e-10
2.23213e-10
2.20266e-10
2.17474e-10
2.13823e-10
2.14018e-10
2.1528e-10
2.18099e-10
2.2144e-10
2.2299e-10
2.23645e-10
2.23607e-10
2.22198e-10
2.20632e-10
2.17701e-10
2.13389e-10
2.10035e-10
4.50717e-11
1.49066e-10
1.61651e-10
1.51871e-10
1.6046e-10
1.65313e-10
1.74391e-10
1.85062e-10
2.01605e-10
2.07973e-10
2.14954e-10
2.24768e-10
2.31703e-10
2.3299e-10
2.38333e-10
2.4687e-10
2.47827e-10
2.45826e-10
2.49115e-10
2.5714e-10
2.5638e-10
2.5112e-10
2.48207e-10
2.50225e-10
2.57627e-10
2.54973e-10
2.50348e-10
2.5128e-10
2.56229e-10
2.5259e-10
2.46746e-10
2.43189e-10
2.40013e-10
2.39323e-10
2.40578e-10
2.38551e-10
2.35466e-10
2.31217e-10
2.30353e-10
2.31009e-10
2.3285e-10
2.36011e-10
2.37745e-10
2.38653e-10
2.39083e-10
2.38312e-10
2.37022e-10
2.34834e-10
2.30838e-10
2.27176e-10
4.36842e-11
1.70051e-10
1.83969e-10
1.66587e-10
1.72572e-10
1.74295e-10
1.8029e-10
1.89847e-10
2.05337e-10
2.11115e-10
2.18229e-10
2.27649e-10
2.34862e-10
2.36572e-10
2.42259e-10
2.51352e-10
2.53081e-10
2.51664e-10
2.55691e-10
2.64282e-10
2.64395e-10
2.59708e-10
2.57153e-10
2.59707e-10
2.68017e-10
2.65828e-10
2.61776e-10
2.63655e-10
2.69836e-10
2.66571e-10
2.61032e-10
2.57489e-10
2.54435e-10
2.54356e-10
2.5718e-10
2.56162e-10
2.52684e-10
2.48388e-10
2.465e-10
2.46631e-10
2.47651e-10
2.50267e-10
2.52038e-10
2.53097e-10
2.53846e-10
2.53629e-10
2.52573e-10
2.51052e-10
2.47689e-10
2.43868e-10
4.24556e-11
1.9126e-10
2.0644e-10
1.8311e-10
1.8647e-10
1.8498e-10
1.88264e-10
1.96296e-10
2.10076e-10
2.15226e-10
2.22027e-10
2.30988e-10
2.3821e-10
2.40169e-10
2.45989e-10
2.55589e-10
2.57858e-10
2.57011e-10
2.61661e-10
2.70632e-10
2.71541e-10
2.67484e-10
2.65348e-10
2.68409e-10
2.77422e-10
2.75813e-10
2.72297e-10
2.75084e-10
2.82272e-10
2.79431e-10
2.74261e-10
2.70974e-10
2.68222e-10
2.6866e-10
2.72912e-10
2.72913e-10
2.69064e-10
2.6503e-10
2.62282e-10
2.61965e-10
2.62358e-10
2.64246e-10
2.65883e-10
2.67001e-10
2.6793e-10
2.68088e-10
2.6729e-10
2.66272e-10
2.63671e-10
2.59947e-10
4.13459e-11
2.11427e-10
2.2685e-10
2.00067e-10
2.01255e-10
1.97305e-10
1.98138e-10
2.04523e-10
2.1606e-10
2.20485e-10
2.26501e-10
2.34932e-10
2.41999e-10
2.44015e-10
2.49747e-10
2.59744e-10
2.62349e-10
2.62041e-10
2.67128e-10
2.76395e-10
2.77944e-10
2.74544e-10
2.72892e-10
2.76395e-10
2.8592e-10
2.84974e-10
2.81961e-10
2.85575e-10
2.93553e-10
2.9118e-10
2.86387e-10
2.8355e-10
2.81288e-10
2.82124e-10
2.87637e-10
2.88654e-10
2.84626e-10
2.80788e-10
2.7754e-10
2.76852e-10
2.76787e-10
2.77918e-10
2.79287e-10
2.80379e-10
2.81352e-10
2.81694e-10
2.81134e-10
2.8048e-10
2.7859e-10
2.75268e-10
4.0335e-11
2.31626e-10
2.43547e-10
2.15496e-10
2.15796e-10
2.10919e-10
2.09621e-10
2.14409e-10
2.23432e-10
2.26993e-10
2.31837e-10
2.39639e-10
2.46356e-10
2.48321e-10
2.53764e-10
2.63911e-10
2.66783e-10
2.66909e-10
2.72199e-10
2.81764e-10
2.83783e-10
2.81021e-10
2.79855e-10
2.83731e-10
2.93594e-10
2.93355e-10
2.90832e-10
2.95142e-10
3.03737e-10
3.01849e-10
2.97468e-10
2.95158e-10
2.93482e-10
2.94693e-10
3.01284e-10
3.03236e-10
2.99225e-10
2.9555e-10
2.92091e-10
2.91123e-10
2.90752e-10
2.91211e-10
2.92235e-10
2.93223e-10
2.94104e-10
2.94471e-10
2.94083e-10
2.93683e-10
2.92384e-10
2.89666e-10
3.94059e-11
2.51251e-10
2.57858e-10
2.27741e-10
2.29273e-10
2.24613e-10
2.22126e-10
2.25559e-10
2.3212e-10
2.34719e-10
2.38254e-10
2.45265e-10
2.51375e-10
2.53239e-10
2.58213e-10
2.68207e-10
2.71363e-10
2.71766e-10
2.77065e-10
2.86872e-10
2.89225e-10
2.87051e-10
2.86322e-10
2.90495e-10
3.00552e-10
3.00999e-10
2.98968e-10
3.03822e-10
3.12904e-10
3.11477e-10
3.07576e-10
3.05761e-10
3.04713e-10
3.0632e-10
3.13771e-10
3.16585e-10
3.12768e-10
3.09232e-10
3.0576e-10
3.04619e-10
3.04074e-10
3.04013e-10
3.04698e-10
3.05493e-10
3.06163e-10
3.06456e-10
3.06141e-10
3.05902e-10
3.05058e-10
3.03005e-10
3.85602e-11
2.65372e-10
2.74307e-10
2.37603e-10
2.40998e-10
2.36849e-10
2.34789e-10
2.37299e-10
2.41826e-10
2.43466e-10
2.4587e-10
2.51853e-10
2.57228e-10
2.58898e-10
2.63232e-10
2.72765e-10
2.76219e-10
2.76777e-10
2.81961e-10
2.91834e-10
2.94408e-10
2.92776e-10
2.92389e-10
2.96775e-10
3.0691e-10
3.07961e-10
3.06436e-10
3.11693e-10
3.21131e-10
3.20124e-10
3.16737e-10
3.15381e-10
3.14935e-10
3.16961e-10
3.25053e-10
3.28646e-10
3.25187e-10
3.21762e-10
3.18409e-10
3.1722e-10
3.16589e-10
3.16196e-10
3.16599e-10
3.17127e-10
3.17509e-10
3.1768e-10
3.17322e-10
3.17167e-10
3.16642e-10
3.15211e-10
3.77869e-11
2.73851e-10
2.91157e-10
2.46683e-10
2.50472e-10
2.46991e-10
2.46327e-10
2.48737e-10
2.5211e-10
2.5295e-10
2.54431e-10
2.59388e-10
2.63977e-10
2.65301e-10
2.68986e-10
2.7777e-10
2.81436e-10
2.82075e-10
2.87048e-10
2.96809e-10
2.99437e-10
2.98336e-10
2.9816e-10
3.0268e-10
3.12778e-10
3.14321e-10
3.13311e-10
3.18868e-10
3.28484e-10
3.2786e-10
3.24976e-10
3.24062e-10
3.24136e-10
3.26609e-10
3.35111e-10
3.39408e-10
3.36422e-10
3.3309e-10
3.29929e-10
3.28829e-10
3.2817e-10
3.27637e-10
3.27812e-10
3.28056e-10
3.28139e-10
3.28157e-10
3.27648e-10
3.2751e-10
3.27179e-10
3.26261e-10
3.70561e-11
2.78567e-10
3.04581e-10
2.54797e-10
2.58046e-10
2.547e-10
2.56114e-10
2.59032e-10
2.62233e-10
2.62642e-10
2.63558e-10
2.67735e-10
2.71497e-10
2.72391e-10
2.75527e-10
2.83376e-10
2.87094e-10
2.87757e-10
2.92414e-10
3.01943e-10
3.04377e-10
3.03824e-10
3.03787e-10
3.0835e-10
3.18245e-10
3.20189e-10
3.19664e-10
3.25455e-10
3.35032e-10
3.34761e-10
3.3235e-10
3.31844e-10
3.32348e-10
3.35286e-10
3.43955e-10
3.48905e-10
3.464e-10
3.43148e-10
3.403e-10
3.39349e-10
3.3872e-10
3.38205e-10
3.38221e-10
3.38213e-10
3.38036e-10
3.37885e-10
3.37138e-10
3.36965e-10
3.3672e-10
3.3617e-10
3.63589e-11
2.80051e-10
3.14066e-10
2.61468e-10
2.64127e-10
2.60302e-10
2.63851e-10
2.67578e-10
2.71436e-10
2.71935e-10
2.72705e-10
2.76554e-10
2.79541e-10
2.80052e-10
2.82743e-10
2.89648e-10
2.93215e-10
2.93879e-10
2.98095e-10
3.07347e-10
3.09312e-10
3.09319e-10
3.09418e-10
3.13915e-10
3.23397e-10
3.25682e-10
3.25556e-10
3.31534e-10
3.40857e-10
3.40907e-10
3.3892e-10
3.38769e-10
3.39632e-10
3.4299e-10
3.51625e-10
3.57123e-10
3.55119e-10
3.51934e-10
3.49506e-10
3.48698e-10
3.48179e-10
3.47795e-10
3.47732e-10
3.47532e-10
3.47161e-10
3.46851e-10
3.45814e-10
3.45564e-10
3.45315e-10
3.44987e-10
3.56787e-11
2.77444e-10
3.20059e-10
2.66477e-10
2.69041e-10
2.64678e-10
2.69643e-10
2.74217e-10
2.7918e-10
2.80277e-10
2.8132e-10
2.85357e-10
2.87842e-10
2.88097e-10
2.90474e-10
2.96547e-10
2.99721e-10
3.00486e-10
3.04141e-10
3.12996e-10
3.14482e-10
3.14905e-10
3.15131e-10
3.19478e-10
3.28338e-10
3.30888e-10
3.31049e-10
3.3715e-10
3.46065e-10
3.46382e-10
3.44758e-10
3.44898e-10
3.46049e-10
3.49718e-10
3.58207e-10
3.6406e-10
3.62575e-10
3.59507e-10
3.57532e-10
3.56862e-10
3.56505e-10
3.56342e-10
3.56282e-10
3.55959e-10
3.55472e-10
3.55048e-10
3.53707e-10
3.53344e-10
3.53024e-10
3.52788e-10
3.50068e-11
2.71137e-10
3.22482e-10
2.69593e-10
2.72841e-10
2.68624e-10
2.74104e-10
2.79372e-10
2.85431e-10
2.87471e-10
2.89114e-10
2.93773e-10
2.9617e-10
2.9637e-10
2.98643e-10
3.03983e-10
3.06489e-10
3.07632e-10
3.10688e-10
3.18969e-10
3.20212e-10
3.20708e-10
3.21081e-10
3.25196e-10
3.33263e-10
3.35972e-10
3.36317e-10
3.4242e-10
3.50873e-10
3.51359e-10
3.50055e-10
3.50395e-10
3.51763e-10
3.55585e-10
3.63895e-10
3.69851e-10
3.68898e-10
3.66112e-10
3.64482e-10
3.63964e-10
3.63808e-10
3.63925e-10
3.63947e-10
3.63572e-10
3.63053e-10
3.62581e-10
3.60969e-10
3.60452e-10
3.60019e-10
3.59773e-10
3.43354e-11
2.61567e-10
3.21369e-10
2.70633e-10
2.75132e-10
2.72169e-10
2.7779e-10
2.83448e-10
2.90394e-10
2.93548e-10
2.95895e-10
3.01177e-10
3.04068e-10
3.04497e-10
3.06794e-10
3.11427e-10
3.13454e-10
3.14897e-10
3.17615e-10
3.24946e-10
3.26258e-10
3.26579e-10
3.27139e-10
3.30879e-10
3.38032e-10
3.40786e-10
3.4125e-10
3.47175e-10
3.55151e-10
3.55692e-10
3.54668e-10
3.55101e-10
3.56605e-10
3.60427e-10
3.68483e-10
3.74374e-10
3.739e-10
3.71549e-10
3.70216e-10
3.69845e-10
3.69899e-10
3.70327e-10
3.70514e-10
3.7015e-10
3.69688e-10
3.69214e-10
3.67483e-10
3.66737e-10
3.66149e-10
3.65843e-10
3.367e-11
2.49466e-10
3.17084e-10
2.69698e-10
2.75766e-10
2.74871e-10
2.80753e-10
2.86861e-10
2.94367e-10
2.98636e-10
3.01671e-10
3.07219e-10
3.10861e-10
3.11993e-10
3.14231e-10
3.18266e-10
3.20227e-10
3.21594e-10
3.24452e-10
3.30372e-10
3.32123e-10
3.32058e-10
3.32916e-10
3.36036e-10
3.42287e-10
3.44976e-10
3.45522e-10
3.51098e-10
3.5853e-10
3.59045e-10
3.58218e-10
3.58653e-10
3.60208e-10
3.63925e-10
3.71578e-10
3.77317e-10
3.77288e-10
3.75446e-10
3.74371e-10
3.74167e-10
3.74427e-10
3.75159e-10
3.75611e-10
3.75308e-10
3.74982e-10
3.7456e-10
3.7291e-10
3.71798e-10
3.7113e-10
3.70711e-10
3.30281e-11
2.36299e-10
3.11e-10
2.67677e-10
2.7541e-10
2.77397e-10
2.82913e-10
2.89738e-10
2.98237e-10
3.03479e-10
3.06984e-10
3.12409e-10
3.16686e-10
3.18763e-10
3.20839e-10
3.24516e-10
3.26295e-10
3.27683e-10
3.30826e-10
3.3548e-10
3.37578e-10
3.3712e-10
3.38205e-10
3.40647e-10
3.46133e-10
3.48643e-10
3.49214e-10
3.54356e-10
3.6115e-10
3.61597e-10
3.60856e-10
3.61233e-10
3.62764e-10
3.66328e-10
3.73462e-10
3.79001e-10
3.79417e-10
3.78049e-10
3.7723e-10
3.77252e-10
3.77665e-10
3.78658e-10
3.79492e-10
3.79288e-10
3.79153e-10
3.78841e-10
3.77419e-10
3.75909e-10
3.75192e-10
3.74641e-10
3.24165e-11
2.23143e-10
3.04047e-10
2.65317e-10
2.74867e-10
2.79704e-10
2.84492e-10
2.92819e-10
3.02295e-10
3.08309e-10
3.12178e-10
3.17663e-10
3.22067e-10
3.24683e-10
3.26682e-10
3.30116e-10
3.31612e-10
3.33068e-10
3.36373e-10
3.40476e-10
3.42304e-10
3.41699e-10
3.42738e-10
3.44708e-10
3.49561e-10
3.51797e-10
3.52331e-10
3.57017e-10
3.6312e-10
3.6345e-10
3.62712e-10
3.62998e-10
3.64456e-10
3.67846e-10
3.74453e-10
3.7972e-10
3.80619e-10
3.79641e-10
3.79084e-10
3.79448e-10
3.79932e-10
3.81123e-10
3.82437e-10
3.82391e-10
3.82467e-10
3.82351e-10
3.81171e-10
3.79359e-10
3.78579e-10
3.77893e-10
3.18304e-11
2.10438e-10
2.96589e-10
2.63044e-10
2.74684e-10
2.81462e-10
2.85469e-10
2.96743e-10
3.06563e-10
3.13277e-10
3.17489e-10
3.23019e-10
3.27249e-10
3.2976e-10
3.31761e-10
3.34913e-10
3.36165e-10
3.37619e-10
3.4097e-10
3.44807e-10
3.46132e-10
3.45446e-10
3.46299e-10
3.47995e-10
3.52292e-10
3.54204e-10
3.54671e-10
3.58922e-10
3.64321e-10
3.64485e-10
3.63707e-10
3.63884e-10
3.65254e-10
3.68451e-10
3.74613e-10
3.79529e-10
3.80966e-10
3.80288e-10
3.80029e-10
3.808e-10
3.81353e-10
3.82713e-10
3.84468e-10
3.84729e-10
3.85005e-10
3.85133e-10
3.84241e-10
3.8219e-10
3.81331e-10
3.80523e-10
3.12665e-11
1.98455e-10
2.89155e-10
2.61334e-10
2.74738e-10
2.83164e-10
2.86739e-10
3.01404e-10
3.10973e-10
3.18422e-10
3.2294e-10
3.28434e-10
3.3225e-10
3.34263e-10
3.36208e-10
3.38968e-10
3.39988e-10
3.41291e-10
3.44666e-10
3.4811e-10
3.49037e-10
3.48245e-10
3.48886e-10
3.50361e-10
3.54182e-10
3.55734e-10
3.56155e-10
3.60021e-10
3.64744e-10
3.64716e-10
3.63877e-10
3.63947e-10
3.65244e-10
3.68245e-10
3.74035e-10
3.78619e-10
3.80622e-10
3.80154e-10
3.80285e-10
3.8143e-10
3.82177e-10
3.83702e-10
3.85709e-10
3.86536e-10
3.86972e-10
3.87372e-10
3.86803e-10
3.84558e-10
3.83618e-10
3.82696e-10
3.07227e-11
1.87176e-10
2.82143e-10
2.60622e-10
2.75106e-10
2.8547e-10
2.88774e-10
3.06033e-10
3.15596e-10
3.23859e-10
3.28508e-10
3.33597e-10
3.36939e-10
3.3837e-10
3.40091e-10
3.42333e-10
3.43077e-10
3.44086e-10
3.47371e-10
3.50328e-10
3.51015e-10
3.50037e-10
3.50439e-10
3.51717e-10
3.55122e-10
3.56319e-10
3.56727e-10
3.60254e-10
3.64373e-10
3.64164e-10
3.63265e-10
3.63252e-10
3.64511e-10
3.67352e-10
3.72782e-10
3.77162e-10
3.79717e-10
3.79448e-10
3.80028e-10
3.81531e-10
3.82621e-10
3.84285e-10
3.86424e-10
3.8793e-10
3.88558e-10
3.89243e-10
3.8902e-10
3.86625e-10
3.85596e-10
3.84561e-10
3.01978e-11
1.76639e-10
2.77125e-10
2.6136e-10
2.75807e-10
2.88557e-10
2.92057e-10
3.10553e-10
3.20268e-10
3.29126e-10
3.33786e-10
3.38297e-10
3.41179e-10
3.4202e-10
3.43389e-10
3.45015e-10
3.45437e-10
3.46021e-10
3.49023e-10
3.51543e-10
3.51984e-10
3.50769e-10
3.50906e-10
3.51997e-10
3.55031e-10
3.55936e-10
3.56361e-10
3.59592e-10
3.632e-10
3.62849e-10
3.61922e-10
3.61872e-10
3.63148e-10
3.65902e-10
3.71006e-10
3.75335e-10
3.78368e-10
3.78374e-10
3.7944e-10
3.81271e-10
3.82882e-10
3.84654e-10
3.86886e-10
3.88999e-10
3.89929e-10
3.90908e-10
3.91041e-10
3.88547e-10
3.87412e-10
3.86261e-10
2.96913e-11
1.67484e-10
2.75377e-10
2.63589e-10
2.76852e-10
2.92194e-10
2.96304e-10
3.15407e-10
3.24811e-10
3.33492e-10
3.38266e-10
3.42334e-10
3.44754e-10
3.45049e-10
3.45994e-10
3.46967e-10
3.47038e-10
3.47103e-10
3.49673e-10
3.51757e-10
3.51905e-10
3.50405e-10
3.50257e-10
3.51167e-10
3.5386e-10
3.54577e-10
3.55057e-10
3.58032e-10
3.61236e-10
3.60807e-10
3.59919e-10
3.59898e-10
3.61259e-10
3.64015e-10
3.68902e-10
3.73308e-10
3.76731e-10
3.77083e-10
3.78703e-10
3.80848e-10
3.83014e-10
3.85056e-10
3.8728e-10
3.89919e-10
3.91242e-10
3.9252e-10
3.93003e-10
3.9048e-10
3.89201e-10
3.87932e-10
2.9205e-11
1.60082e-10
2.74989e-10
2.66399e-10
2.77599e-10
2.97041e-10
3.0166e-10
3.19798e-10
3.28605e-10
3.36764e-10
3.4167e-10
3.45407e-10
3.4739e-10
3.47228e-10
3.47743e-10
3.48092e-10
3.47814e-10
3.47317e-10
3.4936e-10
3.50983e-10
3.50776e-10
3.48956e-10
3.48497e-10
3.49228e-10
3.51598e-10
3.52242e-10
3.52825e-10
3.55584e-10
3.58522e-10
3.58104e-10
3.57345e-10
3.57439e-10
3.58966e-10
3.61819e-10
3.66611e-10
3.71257e-10
3.74936e-10
3.75758e-10
3.77996e-10
3.80457e-10
3.83059e-10
3.85704e-10
3.87803e-10
3.90864e-10
3.9265e-10
3.94224e-10
3.95027e-10
3.92581e-10
3.91079e-10
3.89708e-10
2.87406e-11
1.53703e-10
2.73921e-10
2.69458e-10
2.77569e-10
3.03214e-10
3.07447e-10
3.23062e-10
3.3137e-10
3.38789e-10
3.43753e-10
3.47229e-10
3.48837e-10
3.48303e-10
3.48442e-10
3.48259e-10
3.47673e-10
3.46627e-10
3.48103e-10
3.49242e-10
3.48629e-10
3.46484e-10
3.45665e-10
3.46213e-10
3.48277e-10
3.48952e-10
3.49703e-10
3.5229e-10
3.55133e-10
3.54835e-10
3.54316e-10
3.54629e-10
3.56412e-10
3.59462e-10
3.64276e-10
3.69351e-10
3.73084e-10
3.74619e-10
3.77466e-10
3.80263e-10
3.83239e-10
3.86586e-10
3.887e-10
3.92008e-10
3.94296e-10
3.96147e-10
3.97211e-10
3.95031e-10
3.93169e-10
3.91692e-10
2.82978e-11
1.47584e-10
2.72384e-10
2.72775e-10
2.77523e-10
3.09349e-10
3.12188e-10
3.2516e-10
3.33026e-10
3.39502e-10
3.44351e-10
3.4757e-10
3.48924e-10
3.48055e-10
3.4788e-10
3.47317e-10
3.46505e-10
3.44983e-10
3.45909e-10
3.46562e-10
3.45519e-10
3.43071e-10
3.41835e-10
3.42195e-10
3.43982e-10
3.44773e-10
3.45775e-10
3.48237e-10
3.51183e-10
3.51125e-10
3.50972e-10
3.51622e-10
3.53755e-10
3.57114e-10
3.62079e-10
3.67754e-10
3.71286e-10
3.73907e-10
3.77231e-10
3.80413e-10
3.8376e-10
3.87703e-10
3.90195e-10
3.93491e-10
3.96317e-10
3.98398e-10
3.99715e-10
3.97938e-10
3.95548e-10
3.94046e-10
2.78754e-11
1.4157e-10
2.70524e-10
2.76321e-10
2.78001e-10
3.13157e-10
3.15109e-10
3.26416e-10
3.33628e-10
3.38883e-10
3.43378e-10
3.46259e-10
3.47576e-10
3.46374e-10
3.45857e-10
3.45132e-10
3.44208e-10
3.42338e-10
3.42779e-10
3.42975e-10
3.4152e-10
3.3879e-10
3.37124e-10
3.37286e-10
3.38856e-10
3.39835e-10
3.41171e-10
3.43567e-10
3.46829e-10
3.47134e-10
3.4748e-10
3.48595e-10
3.51177e-10
3.54938e-10
3.60243e-10
3.66522e-10
3.69786e-10
3.73746e-10
3.77446e-10
3.81042e-10
3.84777e-10
3.8922e-10
3.9235e-10
3.95465e-10
3.98849e-10
4.01077e-10
4.02703e-10
4.01348e-10
3.9841e-10
3.96888e-10
2.74727e-11
1.35693e-10
2.67519e-10
2.7946e-10
2.78841e-10
3.14541e-10
3.16098e-10
3.26545e-10
3.32998e-10
3.36939e-10
3.40842e-10
3.43264e-10
3.44665e-10
3.43285e-10
3.42336e-10
3.41591e-10
3.407e-10
3.38661e-10
3.38723e-10
3.38524e-10
3.36717e-10
3.33725e-10
3.3169e-10
3.31645e-10
3.33106e-10
3.34293e-10
3.36036e-10
3.38529e-10
3.42253e-10
3.43054e-10
3.4403e-10
3.45741e-10
3.48878e-10
3.53104e-10
3.58991e-10
3.65661e-10
3.68981e-10
3.74165e-10
3.78285e-10
3.82289e-10
3.86416e-10
3.91283e-10
3.95128e-10
3.9815e-10
4.02009e-10
4.04336e-10
4.06294e-10
4.05289e-10
4.01937e-10
4.00332e-10
2.70887e-11
1.29967e-10
2.62382e-10
2.81333e-10
2.79822e-10
3.13337e-10
3.15184e-10
3.2538e-10
3.31081e-10
3.33677e-10
3.36824e-10
3.38734e-10
3.40059e-10
3.38813e-10
3.37476e-10
3.36636e-10
3.3595e-10
3.33957e-10
3.33772e-10
3.33278e-10
3.3122e-10
3.2803e-10
3.25739e-10
3.25511e-10
3.26966e-10
3.2836e-10
3.30577e-10
3.33428e-10
3.3767e-10
3.39105e-10
3.40833e-10
3.43269e-10
3.47071e-10
3.51828e-10
3.5852e-10
3.65241e-10
3.69138e-10
3.75307e-10
3.79882e-10
3.84284e-10
3.88797e-10
3.94016e-10
3.98513e-10
4.018e-10
4.05848e-10
4.08327e-10
4.10498e-10
4.09898e-10
4.06258e-10
4.04476e-10
2.67226e-11
1.24444e-10
2.55306e-10
2.81202e-10
2.79741e-10
3.10337e-10
3.12721e-10
3.2298e-10
3.27967e-10
3.29212e-10
3.31481e-10
3.32873e-10
3.33871e-10
3.3288e-10
3.31443e-10
3.30373e-10
3.29985e-10
3.28268e-10
3.27993e-10
3.27334e-10
3.2517e-10
3.21933e-10
3.19512e-10
3.19178e-10
3.20698e-10
3.22323e-10
3.25068e-10
3.28566e-10
3.333e-10
3.35528e-10
3.38111e-10
3.41393e-10
3.45962e-10
3.51398e-10
3.58912e-10
3.65404e-10
3.70452e-10
3.77314e-10
3.8236e-10
3.87148e-10
3.92029e-10
3.97552e-10
4.0258e-10
4.06513e-10
4.10506e-10
4.13118e-10
4.1538e-10
4.15265e-10
4.11482e-10
4.09409e-10
2.63736e-11
1.19194e-10
2.47437e-10
2.79564e-10
2.77647e-10
3.06769e-10
3.09292e-10
3.1933e-10
3.23669e-10
3.2373e-10
3.2505e-10
3.25839e-10
3.26373e-10
3.25498e-10
3.24272e-10
3.23077e-10
3.22885e-10
3.21676e-10
3.21485e-10
3.20812e-10
3.18728e-10
3.15662e-10
3.13274e-10
3.12956e-10
3.14596e-10
3.16515e-10
3.19823e-10
3.24239e-10
3.29346e-10
3.32591e-10
3.36044e-10
3.40341e-10
3.45731e-10
3.5209e-10
3.60067e-10
3.66461e-10
3.73088e-10
3.80243e-10
3.85814e-10
3.90969e-10
3.96187e-10
4.01967e-10
4.07429e-10
4.12127e-10
4.16213e-10
4.18788e-10
4.2099e-10
4.21397e-10
4.17689e-10
4.15184e-10
2.60387e-11
1.14212e-10
2.39193e-10
2.7712e-10
2.74027e-10
3.02778e-10
3.05002e-10
3.14333e-10
3.18174e-10
3.17383e-10
3.17703e-10
3.17754e-10
3.17765e-10
3.16826e-10
3.15919e-10
3.14932e-10
3.14762e-10
3.14243e-10
3.14326e-10
3.13797e-10
3.12014e-10
3.09373e-10
3.07234e-10
3.07091e-10
3.08902e-10
3.11271e-10
3.15178e-10
3.2055e-10
3.25903e-10
3.30508e-10
3.34864e-10
3.4022e-10
3.46476e-10
3.53841e-10
3.62059e-10
3.68811e-10
3.76882e-10
3.84096e-10
3.90224e-10
3.95713e-10
4.01218e-10
4.07193e-10
4.13003e-10
4.18458e-10
4.22849e-10
4.25323e-10
4.27302e-10
4.28185e-10
4.24806e-10
4.21744e-10
2.57126e-11
1.09196e-10
2.30481e-10
2.74002e-10
2.69245e-10
2.97586e-10
2.99421e-10
3.077e-10
3.11129e-10
3.09801e-10
3.09195e-10
3.08472e-10
3.07919e-10
3.06735e-10
3.06127e-10
3.05573e-10
3.05484e-10
3.0573e-10
3.06272e-10
3.06074e-10
3.0481e-10
3.02874e-10
3.01261e-10
3.01471e-10
3.03514e-10
3.06553e-10
3.11075e-10
3.17197e-10
3.2294e-10
3.28986e-10
3.34338e-10
3.40707e-10
3.4787e-10
3.56166e-10
3.64799e-10
3.72047e-10
3.81085e-10
3.88433e-10
3.95057e-10
4.00823e-10
4.06535e-10
4.12609e-10
4.18701e-10
4.2485e-10
4.29609e-10
4.32101e-10
4.3375e-10
4.35061e-10
4.32122e-10
4.28559e-10
2.53813e-11
1.03426e-10
2.20024e-10
2.69085e-10
2.62112e-10
2.88878e-10
2.90447e-10
2.97737e-10
3.00763e-10
2.99062e-10
2.97709e-10
2.96269e-10
2.95178e-10
2.93632e-10
2.93287e-10
2.93191e-10
2.93451e-10
2.94468e-10
2.9562e-10
2.9599e-10
2.95461e-10
2.94513e-10
2.93744e-10
2.94487e-10
2.96847e-10
3.00728e-10
3.05764e-10
3.12453e-10
3.18813e-10
3.25954e-10
3.324e-10
3.39703e-10
3.47707e-10
3.56852e-10
3.65997e-10
3.73657e-10
3.83059e-10
3.90652e-10
3.97649e-10
4.03572e-10
4.09354e-10
4.15367e-10
4.2163e-10
4.28356e-10
4.33478e-10
4.36021e-10
4.3742e-10
4.39127e-10
4.36632e-10
4.32858e-10
2.51106e-11
1.00044e-10
2.1527e-10
2.72389e-10
2.61841e-10
2.87227e-10
2.88576e-10
2.95458e-10
2.98134e-10
2.96024e-10
2.93969e-10
2.91787e-10
2.90237e-10
2.88259e-10
2.88097e-10
2.88416e-10
2.89285e-10
2.91097e-10
2.93027e-10
2.9426e-10
2.94735e-10
2.94981e-10
2.95325e-10
2.96797e-10
2.9979e-10
3.04698e-10
3.1023e-10
3.17638e-10
3.24924e-10
3.33017e-10
3.40809e-10
3.49203e-10
3.58185e-10
3.68366e-10
3.78302e-10
3.86597e-10
3.9615e-10
4.04205e-10
4.11646e-10
4.17786e-10
4.23682e-10
4.29686e-10
4.3621e-10
4.43511e-10
4.49042e-10
4.51662e-10
4.52808e-10
4.54784e-10
4.52495e-10
4.485e-10
1.08395e-10
1.09328e-10
1.10844e-10
1.12932e-10
1.15294e-10
1.18127e-10
1.21953e-10
1.2619e-10
1.31645e-10
1.35999e-10
1.36212e-10
1.36786e-10
1.38491e-10
1.47086e-10
1.54294e-10
1.63743e-10
1.74835e-10
1.87698e-10
2.00474e-10
2.20628e-10
2.33891e-10
2.4339e-10
2.59291e-10
2.747e-10
2.77428e-10
2.70245e-10
2.62425e-10
2.57991e-10
2.4687e-10
2.31688e-10
2.20008e-10
2.08221e-10
1.96066e-10
1.86991e-10
1.79443e-10
1.74236e-10
1.7066e-10
1.68286e-10
1.66769e-10
1.65673e-10
1.64858e-10
1.64223e-10
1.63794e-10
1.63603e-10
1.6367e-10
1.63999e-10
1.64585e-10
1.65423e-10
1.66494e-10
1.67619e-10
1.24115e-10
1.24707e-10
1.26002e-10
1.27941e-10
1.30269e-10
1.33142e-10
1.36579e-10
1.41152e-10
1.46281e-10
1.51863e-10
1.54381e-10
1.55879e-10
1.57032e-10
1.64334e-10
1.7294e-10
1.82554e-10
1.94489e-10
2.07135e-10
2.19907e-10
2.40134e-10
2.52753e-10
2.6133e-10
2.75808e-10
2.89111e-10
2.89691e-10
2.80727e-10
2.7065e-10
2.63501e-10
2.50631e-10
2.34615e-10
2.21781e-10
2.09316e-10
1.97013e-10
1.87806e-10
1.80239e-10
1.7494e-10
1.71174e-10
1.68546e-10
1.66707e-10
1.65295e-10
1.64187e-10
1.63306e-10
1.62677e-10
1.62336e-10
1.62305e-10
1.62591e-10
1.63195e-10
1.64109e-10
1.65313e-10
1.66625e-10
1.40261e-10
1.40394e-10
1.41349e-10
1.43018e-10
1.4516e-10
1.4805e-10
1.51143e-10
1.55679e-10
1.60415e-10
1.66731e-10
1.71321e-10
1.74208e-10
1.75421e-10
1.82008e-10
1.91721e-10
2.01561e-10
2.14452e-10
2.27168e-10
2.40136e-10
2.6061e-10
2.7284e-10
2.80696e-10
2.93796e-10
3.05011e-10
3.03475e-10
2.92652e-10
2.80225e-10
2.70311e-10
2.55711e-10
2.38763e-10
2.24765e-10
2.11617e-10
1.99151e-10
1.89765e-10
1.82146e-10
1.76688e-10
1.72691e-10
1.69762e-10
1.67578e-10
1.65834e-10
1.64427e-10
1.63303e-10
1.62492e-10
1.62027e-10
1.61936e-10
1.62227e-10
1.62901e-10
1.63948e-10
1.65345e-10
1.66905e-10
1.56712e-10
1.56304e-10
1.5683e-10
1.58137e-10
1.59994e-10
1.62698e-10
1.6572e-10
1.69821e-10
1.74177e-10
1.80742e-10
1.86929e-10
1.91323e-10
1.93007e-10
1.99416e-10
2.10033e-10
2.20128e-10
2.33972e-10
2.46931e-10
2.60224e-10
2.80992e-10
2.92991e-10
3.00282e-10
3.11974e-10
3.21042e-10
3.17377e-10
3.04672e-10
2.89859e-10
2.77242e-10
2.6096e-10
2.43043e-10
2.2793e-10
2.14145e-10
2.01513e-10
1.91938e-10
1.84216e-10
1.78541e-10
1.74256e-10
1.70977e-10
1.68414e-10
1.66313e-10
1.64599e-10
1.63235e-10
1.62254e-10
1.61694e-10
1.61581e-10
1.61924e-10
1.62721e-10
1.63961e-10
1.65615e-10
1.67492e-10
1.73417e-10
1.72429e-10
1.72467e-10
1.73347e-10
1.74857e-10
1.77168e-10
1.8027e-10
1.83795e-10
1.87753e-10
1.94184e-10
2.01437e-10
2.07221e-10
2.09618e-10
2.16218e-10
2.27679e-10
2.38089e-10
2.52867e-10
2.66213e-10
2.79969e-10
3.01086e-10
3.13027e-10
3.19928e-10
3.30217e-10
3.37113e-10
3.31308e-10
3.16677e-10
2.99459e-10
2.84238e-10
2.66309e-10
2.47387e-10
2.31218e-10
2.1684e-10
2.04029e-10
1.94239e-10
1.86348e-10
1.80394e-10
1.75759e-10
1.72082e-10
1.69107e-10
1.66632e-10
1.64605e-10
1.63011e-10
1.61885e-10
1.61264e-10
1.61174e-10
1.61623e-10
1.62606e-10
1.64106e-10
1.66092e-10
1.68368e-10
1.90299e-10
1.8874e-10
1.88265e-10
1.88675e-10
1.89796e-10
1.91612e-10
1.94646e-10
1.97817e-10
2.01271e-10
2.0727e-10
2.15143e-10
2.22051e-10
2.25261e-10
2.32276e-10
2.44576e-10
2.55391e-10
2.71096e-10
2.84967e-10
2.99339e-10
3.20898e-10
3.32983e-10
3.39693e-10
3.48627e-10
3.53357e-10
3.45395e-10
3.28745e-10
3.09106e-10
2.91379e-10
2.71802e-10
2.51829e-10
2.3466e-10
2.19714e-10
2.06694e-10
1.96638e-10
1.88503e-10
1.82197e-10
1.77149e-10
1.73027e-10
1.69612e-10
1.66752e-10
1.6442e-10
1.62615e-10
1.61376e-10
1.60739e-10
1.60728e-10
1.61347e-10
1.62587e-10
1.64428e-10
1.66835e-10
1.69608e-10
2.07239e-10
2.05162e-10
2.04187e-10
2.04116e-10
2.04809e-10
2.06129e-10
2.08813e-10
2.11914e-10
2.14795e-10
2.20164e-10
2.28307e-10
2.3601e-10
2.40011e-10
2.47564e-10
2.60697e-10
2.72012e-10
2.88653e-10
3.03193e-10
3.18351e-10
3.40486e-10
3.52955e-10
3.59702e-10
3.67372e-10
3.69975e-10
3.59812e-10
3.41008e-10
3.18933e-10
2.98763e-10
2.77503e-10
2.56428e-10
2.38301e-10
2.22794e-10
2.09506e-10
1.99113e-10
1.90646e-10
1.83911e-10
1.78388e-10
1.73778e-10
1.69903e-10
1.66657e-10
1.64036e-10
1.62051e-10
1.60742e-10
1.60145e-10
1.60278e-10
1.61142e-10
1.62724e-10
1.65002e-10
1.67937e-10
1.71328e-10
2.24082e-10
2.21585e-10
2.20159e-10
2.19624e-10
2.19869e-10
2.20719e-10
2.2283e-10
2.26005e-10
2.28319e-10
2.32997e-10
2.41125e-10
2.49294e-10
2.53976e-10
2.62113e-10
2.76045e-10
2.87951e-10
3.05552e-10
3.20905e-10
3.37041e-10
3.59937e-10
3.73071e-10
3.80116e-10
3.86663e-10
3.87204e-10
3.74761e-10
3.53634e-10
3.29094e-10
3.06496e-10
2.83482e-10
2.61251e-10
2.42185e-10
2.26095e-10
2.12452e-10
2.01633e-10
1.92737e-10
1.85494e-10
1.79437e-10
1.74305e-10
1.69958e-10
1.66335e-10
1.63456e-10
1.61334e-10
1.6001e-10
1.59519e-10
1.59873e-10
1.61071e-10
1.63096e-10
1.65924e-10
1.69518e-10
1.73678e-10
2.40651e-10
2.37864e-10
2.36069e-10
2.35119e-10
2.34912e-10
2.35326e-10
2.36775e-10
2.39941e-10
2.41805e-10
2.45832e-10
2.53737e-10
2.62068e-10
2.67273e-10
2.75978e-10
2.90649e-10
3.03218e-10
3.21816e-10
3.38134e-10
3.55461e-10
3.79357e-10
3.93491e-10
4.01143e-10
4.06762e-10
4.05324e-10
3.90471e-10
3.6683e-10
3.39759e-10
3.14676e-10
2.89811e-10
2.66358e-10
2.4635e-10
2.29613e-10
2.15506e-10
2.04156e-10
1.9473e-10
1.86903e-10
1.80259e-10
1.74579e-10
1.69761e-10
1.65786e-10
1.6269e-10
1.60486e-10
1.59213e-10
1.58905e-10
1.59571e-10
1.61206e-10
1.63793e-10
1.67312e-10
1.71729e-10
1.76863e-10
2.5676e-10
2.53832e-10
2.51776e-10
2.50486e-10
2.49844e-10
2.49848e-10
2.50664e-10
2.53648e-10
2.55175e-10
2.58638e-10
2.66203e-10
2.74458e-10
2.80011e-10
2.89226e-10
3.04553e-10
3.17839e-10
3.37475e-10
3.54919e-10
3.73677e-10
3.98878e-10
4.14414e-10
4.23045e-10
4.27999e-10
4.24669e-10
4.0722e-10
3.80845e-10
3.51104e-10
3.23406e-10
2.96564e-10
2.71809e-10
2.50808e-10
2.33325e-10
2.18625e-10
2.06629e-10
1.96574e-10
1.88091e-10
1.80819e-10
1.74578e-10
1.69304e-10
1.65014e-10
1.61757e-10
1.59538e-10
1.58394e-10
1.58361e-10
1.59441e-10
1.61634e-10
1.64929e-10
1.69321e-10
1.74787e-10
1.81191e-10
2.72229e-10
2.69312e-10
2.6712e-10
2.65586e-10
2.64547e-10
2.64175e-10
2.64429e-10
2.67049e-10
2.68358e-10
2.71333e-10
2.78493e-10
2.86547e-10
2.92271e-10
3.0192e-10
3.17805e-10
3.31844e-10
3.52569e-10
3.71308e-10
3.91773e-10
4.18663e-10
4.36089e-10
4.46161e-10
4.50789e-10
4.45646e-10
4.25355e-10
3.95966e-10
3.63312e-10
3.32784e-10
3.03808e-10
2.77642e-10
2.55545e-10
2.37187e-10
2.21748e-10
2.08989e-10
1.98212e-10
1.89014e-10
1.81086e-10
1.74287e-10
1.68586e-10
1.64033e-10
1.60687e-10
1.58531e-10
1.57603e-10
1.57944e-10
1.59559e-10
1.62462e-10
1.66664e-10
1.72195e-10
1.79003e-10
1.86881e-10
2.86888e-10
2.84129e-10
2.81933e-10
2.8026e-10
2.78882e-10
2.78165e-10
2.77981e-10
2.80053e-10
2.81259e-10
2.83817e-10
2.90522e-10
2.98365e-10
3.04102e-10
3.14109e-10
3.30448e-10
3.45266e-10
3.67144e-10
3.87361e-10
4.09851e-10
4.38907e-10
4.58828e-10
4.70927e-10
4.7567e-10
4.68761e-10
4.45312e-10
4.12523e-10
3.76564e-10
3.42906e-10
3.11609e-10
2.8386e-10
2.60519e-10
2.4113e-10
2.24802e-10
2.11167e-10
1.99586e-10
1.89627e-10
1.81032e-10
1.73696e-10
1.67614e-10
1.62863e-10
1.5951e-10
1.57505e-10
1.56892e-10
1.57733e-10
1.60042e-10
1.63874e-10
1.69251e-10
1.76164e-10
1.84517e-10
1.94615e-10
3.00596e-10
2.9812e-10
2.96043e-10
2.94341e-10
2.92695e-10
2.91658e-10
2.91236e-10
2.92513e-10
2.93728e-10
2.95997e-10
3.0222e-10
3.09847e-10
3.15521e-10
3.25821e-10
3.42515e-10
3.58141e-10
3.81249e-10
4.03152e-10
4.28038e-10
4.59854e-10
4.8303e-10
4.97919e-10
5.03336e-10
4.94675e-10
4.67646e-10
4.30879e-10
3.91038e-10
3.53863e-10
3.19983e-10
2.90425e-10
2.65652e-10
2.45062e-10
2.27698e-10
2.13084e-10
2.00634e-10
1.89888e-10
1.80635e-10
1.72803e-10
1.66401e-10
1.61533e-10
1.58273e-10
1.56526e-10
1.5636e-10
1.57884e-10
1.61104e-10
1.66072e-10
1.72668e-10
1.81227e-10
1.923e-10
2.05541e-10
3.13244e-10
3.11147e-10
3.09296e-10
3.0766e-10
3.05825e-10
3.04492e-10
3.03993e-10
3.04396e-10
3.05613e-10
3.07719e-10
3.1352e-10
3.20872e-10
3.26493e-10
3.3706e-10
3.54036e-10
3.70506e-10
3.94944e-10
4.18767e-10
4.46494e-10
4.8181e-10
5.09208e-10
5.27902e-10
5.34712e-10
5.24265e-10
4.93033e-10
4.51416e-10
4.06907e-10
3.65702e-10
3.28894e-10
2.9725e-10
2.70826e-10
2.48865e-10
2.30331e-10
2.14659e-10
2.01311e-10
1.89784e-10
1.79915e-10
1.71658e-10
1.65026e-10
1.6015e-10
1.57117e-10
1.5577e-10
1.56223e-10
1.58572e-10
1.62632e-10
1.68546e-10
1.76995e-10
1.88616e-10
2.02771e-10
2.18849e-10
3.24764e-10
3.231e-10
3.21555e-10
3.20059e-10
3.18113e-10
3.16509e-10
3.16013e-10
3.15665e-10
3.16767e-10
3.1884e-10
3.2431e-10
3.31335e-10
3.36925e-10
3.47786e-10
3.65045e-10
3.824e-10
4.08294e-10
4.34316e-10
4.65419e-10
5.05159e-10
5.38037e-10
5.61911e-10
5.71044e-10
5.58713e-10
5.22308e-10
4.74545e-10
4.24297e-10
3.78393e-10
3.38232e-10
3.04179e-10
2.7588e-10
2.52396e-10
2.3262e-10
2.15881e-10
2.01683e-10
1.89426e-10
1.79026e-10
1.70457e-10
1.63735e-10
1.58984e-10
1.56262e-10
1.55281e-10
1.56173e-10
1.58972e-10
1.64184e-10
1.72571e-10
1.83464e-10
1.97087e-10
2.14686e-10
2.36014e-10
3.35128e-10
3.33909e-10
3.32711e-10
3.314e-10
3.29408e-10
3.27558e-10
3.27044e-10
3.26239e-10
3.27161e-10
3.29167e-10
3.34429e-10
3.4114e-10
3.46736e-10
3.57925e-10
3.75568e-10
3.93872e-10
4.21376e-10
4.49936e-10
4.85069e-10
5.30397e-10
5.70412e-10
6.01358e-10
6.14085e-10
5.99687e-10
5.56515e-10
5.00626e-10
4.43211e-10
3.91797e-10
3.47777e-10
3.1098e-10
2.80612e-10
2.55556e-10
2.34628e-10
2.16921e-10
2.01815e-10
1.88783e-10
1.77844e-10
1.68973e-10
1.62131e-10
1.57323e-10
1.54492e-10
1.53884e-10
1.55575e-10
1.60352e-10
1.67437e-10
1.77104e-10
1.90777e-10
2.08366e-10
2.31582e-10
2.6179e-10
3.44345e-10
3.43539e-10
3.42692e-10
3.41571e-10
3.3958e-10
3.37505e-10
3.36967e-10
3.35939e-10
3.3665e-10
3.38617e-10
3.43734e-10
3.50184e-10
3.55879e-10
3.67436e-10
3.85591e-10
4.04992e-10
4.34292e-10
4.65806e-10
5.05772e-10
5.58155e-10
6.07532e-10
6.48252e-10
6.66488e-10
6.49541e-10
5.96782e-10
5.29874e-10
4.63478e-10
4.05598e-10
3.57182e-10
3.17344e-10
2.84863e-10
2.58397e-10
2.36183e-10
2.1701e-10
2.00597e-10
1.86848e-10
1.7553e-10
1.66518e-10
1.59789e-10
1.55117e-10
1.53228e-10
1.53782e-10
1.56663e-10
1.62069e-10
1.71103e-10
1.8324e-10
2.00579e-10
2.25253e-10
2.57264e-10
3.00513e-10
3.52465e-10
3.52005e-10
3.51467e-10
3.50504e-10
3.48533e-10
3.46246e-10
3.45663e-10
3.44658e-10
3.45152e-10
3.4709e-10
3.52105e-10
3.58394e-10
3.64325e-10
3.76363e-10
3.95125e-10
4.15855e-10
4.47207e-10
4.82187e-10
5.27975e-10
5.89296e-10
6.51133e-10
7.05695e-10
7.32389e-10
7.11492e-10
6.44237e-10
5.62226e-10
4.84639e-10
4.19245e-10
3.65947e-10
3.22964e-10
2.88612e-10
2.6007e-10
2.36113e-10
2.15754e-10
1.99187e-10
1.85289e-10
1.73785e-10
1.64768e-10
1.58356e-10
1.5429e-10
1.5227e-10
1.53553e-10
1.57936e-10
1.64828e-10
1.75884e-10
1.92383e-10
2.15197e-10
2.47808e-10
2.91906e-10
3.4887e-10
3.59686e-10
3.59465e-10
3.59157e-10
3.58281e-10
3.56324e-10
3.5383e-10
3.53181e-10
3.52432e-10
3.52727e-10
3.54636e-10
3.59594e-10
3.65879e-10
3.72218e-10
3.84937e-10
4.04449e-10
4.26753e-10
4.60576e-10
4.99668e-10
5.52574e-10
6.254e-10
7.04223e-10
7.79004e-10
8.18702e-10
7.90145e-10
6.99885e-10
5.97065e-10
5.05785e-10
4.31933e-10
3.73521e-10
3.27745e-10
2.90731e-10
2.60076e-10
2.35692e-10
2.15131e-10
1.97005e-10
1.82551e-10
1.70961e-10
1.62117e-10
1.56047e-10
1.5284e-10
1.51694e-10
1.5357e-10
1.59075e-10
1.68646e-10
1.8242e-10
2.02669e-10
2.33053e-10
2.78147e-10
3.36299e-10
4.24701e-10
3.65905e-10
3.65802e-10
3.65601e-10
3.6471e-10
3.62731e-10
3.60031e-10
3.59303e-10
3.5902e-10
3.59149e-10
3.61005e-10
3.6596e-10
3.72442e-10
3.79377e-10
3.92982e-10
4.13446e-10
4.37517e-10
4.74231e-10
5.18178e-10
5.79721e-10
6.67305e-10
7.69549e-10
8.75028e-10
9.35272e-10
8.90567e-10
7.63131e-10
6.3237e-10
5.25144e-10
4.42383e-10
3.793e-10
3.30282e-10
2.91164e-10
2.60199e-10
2.3397e-10
2.1299e-10
1.9486e-10
1.80044e-10
1.68337e-10
1.5957e-10
1.53673e-10
1.50803e-10
1.51039e-10
1.53792e-10
1.60085e-10
1.71092e-10
1.88805e-10
2.16153e-10
2.54491e-10
3.13335e-10
4.01772e-10
6.00417e-10
3.70824e-10
3.7072e-10
3.70481e-10
3.69455e-10
3.67404e-10
3.64506e-10
3.63708e-10
3.64041e-10
3.64074e-10
3.65798e-10
3.70863e-10
3.77756e-10
3.85465e-10
4.00111e-10
4.21705e-10
4.47722e-10
4.87587e-10
5.3707e-10
6.08705e-10
7.14619e-10
8.48938e-10
1.00233e-09
1.09572e-09
1.01607e-09
8.29819e-10
6.64242e-10
5.40228e-10
4.49273e-10
3.82044e-10
3.30367e-10
2.90899e-10
2.58689e-10
2.32172e-10
2.109e-10
1.93393e-10
1.78324e-10
1.66446e-10
1.57565e-10
1.51542e-10
1.48335e-10
1.48324e-10
1.51987e-10
1.59949e-10
1.73877e-10
1.96056e-10
2.29205e-10
2.76091e-10
3.45497e-10
5.00955e-10
9.61074e-10
3.74709e-10
3.74505e-10
3.74092e-10
3.72825e-10
3.70659e-10
3.67598e-10
3.66826e-10
3.67725e-10
3.67795e-10
3.69378e-10
3.74754e-10
3.82258e-10
3.90919e-10
4.06734e-10
4.29654e-10
4.57878e-10
5.01172e-10
5.5681e-10
6.39969e-10
7.68228e-10
9.46289e-10
1.17591e-09
1.32208e-09
1.16397e-09
8.90768e-10
6.87551e-10
5.48803e-10
4.51945e-10
3.81155e-10
3.29277e-10
2.88899e-10
2.5697e-10
2.31032e-10
2.0867e-10
1.90251e-10
1.753e-10
1.63417e-10
1.54463e-10
1.48456e-10
1.45432e-10
1.45825e-10
1.50254e-10
1.59696e-10
1.75127e-10
1.98618e-10
2.34349e-10
2.87852e-10
3.82293e-10
6.26476e-10
1.35668e-09
3.77857e-10
3.77461e-10
3.76765e-10
3.75179e-10
3.72874e-10
3.69718e-10
3.69129e-10
3.70419e-10
3.7061e-10
3.72174e-10
3.7813e-10
3.86372e-10
3.96162e-10
4.13225e-10
4.37678e-10
4.68396e-10
5.15412e-10
5.77784e-10
6.73784e-10
8.28936e-10
1.06664e-09
1.42242e-09
1.65154e-09
1.31813e-09
9.34034e-10
6.98403e-10
5.50299e-10
4.49428e-10
3.78364e-10
3.26458e-10
2.86618e-10
2.54829e-10
2.28134e-10
2.06045e-10
1.87665e-10
1.72571e-10
1.60551e-10
1.51482e-10
1.45409e-10
1.4237e-10
1.42824e-10
1.47537e-10
1.56991e-10
1.71855e-10
1.93865e-10
2.31596e-10
3.00429e-10
4.52331e-10
8.65628e-10
8.97509e-10
3.80349e-10
3.79682e-10
3.78613e-10
3.76663e-10
3.74216e-10
3.71074e-10
3.7084e-10
3.72266e-10
3.72568e-10
3.74456e-10
3.81213e-10
3.9023e-10
4.01316e-10
4.19636e-10
4.45792e-10
4.79266e-10
5.30222e-10
5.99818e-10
7.09652e-10
8.96502e-10
1.21548e-09
1.79512e-09
2.14436e-09
1.44256e-09
9.50476e-10
6.95983e-10
5.44843e-10
4.43283e-10
3.73325e-10
3.22687e-10
2.83714e-10
2.51624e-10
2.25514e-10
2.03567e-10
1.84964e-10
1.69664e-10
1.57454e-10
1.48158e-10
1.41856e-10
1.38559e-10
1.38669e-10
1.4261e-10
1.50903e-10
1.66328e-10
1.92518e-10
2.34288e-10
3.21362e-10
5.34012e-10
8.36483e-10
5.20224e-10
3.82359e-10
3.81361e-10
3.79858e-10
3.77529e-10
3.74957e-10
3.72028e-10
3.72129e-10
3.73541e-10
3.74023e-10
3.76568e-10
3.84289e-10
3.94085e-10
4.06641e-10
4.26155e-10
4.54185e-10
4.90689e-10
5.45769e-10
6.23018e-10
7.47292e-10
9.70655e-10
1.39961e-09
2.42062e-09
2.83697e-09
1.48946e-09
9.37612e-10
6.8212e-10
5.33012e-10
4.34961e-10
3.67094e-10
3.18318e-10
2.79817e-10
2.48685e-10
2.22867e-10
2.00889e-10
1.82136e-10
1.66609e-10
1.54106e-10
1.44468e-10
1.37766e-10
1.34062e-10
1.33537e-10
1.36675e-10
1.45472e-10
1.61823e-10
1.89946e-10
2.35774e-10
3.30942e-10
5.36741e-10
5.93429e-10
3.64187e-10
3.84055e-10
3.82677e-10
3.80708e-10
3.7801e-10
3.75325e-10
3.72885e-10
3.73164e-10
3.74572e-10
3.75365e-10
3.7877e-10
3.87572e-10
3.98166e-10
4.12351e-10
4.3287e-10
4.63025e-10
5.02893e-10
5.62181e-10
6.47544e-10
7.86394e-10
1.05057e-09
1.62194e-09
3.64777e-09
3.37499e-09
1.43963e-09
9.00937e-10
6.59344e-10
5.1725e-10
4.24434e-10
3.6005e-10
3.12929e-10
2.76104e-10
2.45673e-10
2.20064e-10
1.98182e-10
1.79222e-10
1.63369e-10
1.50533e-10
1.40429e-10
1.33213e-10
1.28991e-10
1.27934e-10
1.31071e-10
1.39451e-10
1.54647e-10
1.79844e-10
2.26435e-10
3.22757e-10
4.97993e-10
4.44529e-10
2.73106e-10
3.85577e-10
3.83793e-10
3.81357e-10
3.78287e-10
3.7562e-10
3.73799e-10
3.74136e-10
3.7566e-10
3.76921e-10
3.81317e-10
3.91218e-10
4.02644e-10
4.18633e-10
4.39565e-10
4.72223e-10
5.16374e-10
5.79483e-10
6.73922e-10
8.26832e-10
1.13415e-09
1.88243e-09
6.58192e-09
3.04612e-09
1.32312e-09
8.50083e-10
6.30976e-10
5.00158e-10
4.12442e-10
3.51915e-10
3.07585e-10
2.72271e-10
2.42535e-10
2.17342e-10
1.95474e-10
1.76175e-10
1.60017e-10
1.46834e-10
1.36323e-10
1.2851e-10
1.23484e-10
1.21753e-10
1.24146e-10
1.31156e-10
1.45141e-10
1.68504e-10
2.13341e-10
3.09138e-10
4.39963e-10
3.45793e-10
2.19506e-10
3.87055e-10
3.8487e-10
3.81987e-10
3.78611e-10
3.7609e-10
3.74791e-10
3.75287e-10
3.77123e-10
3.78902e-10
3.8441e-10
3.95324e-10
4.07546e-10
4.25747e-10
4.47665e-10
4.81623e-10
5.29973e-10
5.96686e-10
6.99523e-10
8.61184e-10
1.21799e-09
2.17665e-09
7.33909e-09
2.39813e-09
1.18689e-09
7.93766e-10
6.0024e-10
4.82144e-10
4.00465e-10
3.43549e-10
3.02061e-10
2.68398e-10
2.39556e-10
2.14714e-10
1.9273e-10
1.73095e-10
1.56724e-10
1.43696e-10
1.32892e-10
1.23564e-10
1.1679e-10
1.14436e-10
1.16337e-10
1.22562e-10
1.34907e-10
1.56584e-10
1.98805e-10
2.9491e-10
3.93032e-10
2.83314e-10
1.86529e-10
3.88617e-10
3.86055e-10
3.82776e-10
3.79212e-10
3.76949e-10
3.76011e-10
3.76723e-10
3.79115e-10
3.81598e-10
3.88263e-10
3.99732e-10
4.13688e-10
4.33126e-10
4.56893e-10
4.9214e-10
5.4402e-10
6.14964e-10
7.24688e-10
8.98066e-10
1.25806e-09
2.33498e-09
3.69313e-09
1.82866e-09
1.06122e-09
7.38953e-10
5.70351e-10
4.63748e-10
3.88047e-10
3.35112e-10
2.96667e-10
2.6481e-10
2.36777e-10
2.12176e-10
1.9003e-10
1.70209e-10
1.54464e-10
1.41113e-10
1.27925e-10
1.17551e-10
1.10544e-10
1.06509e-10
1.07735e-10
1.14225e-10
1.24679e-10
1.44306e-10
1.86032e-10
2.68033e-10
3.36175e-10
2.49227e-10
1.67355e-10
3.90398e-10
3.87475e-10
3.83894e-10
3.80304e-10
3.7828e-10
3.77676e-10
3.78642e-10
3.81788e-10
3.85161e-10
3.92668e-10
4.0499e-10
4.2073e-10
4.40949e-10
4.67397e-10
5.0468e-10
5.58475e-10
6.35145e-10
7.5021e-10
9.36674e-10
1.28535e-09
2.12521e-09
2.54872e-09
1.41627e-09
9.34286e-10
6.88235e-10
5.42612e-10
4.45902e-10
3.75727e-10
3.27028e-10
2.91743e-10
2.61596e-10
2.34206e-10
2.09721e-10
1.87595e-10
1.68782e-10
1.5153e-10
1.34317e-10
1.20161e-10
1.11499e-10
1.05679e-10
1.01094e-10
1.01227e-10
1.06421e-10
1.15335e-10
1.33168e-10
1.66549e-10
2.24975e-10
2.86874e-10
2.31319e-10
1.46818e-10
3.92529e-10
3.8926e-10
3.85501e-10
3.8201e-10
3.80205e-10
3.79973e-10
3.81299e-10
3.85195e-10
3.89675e-10
3.97688e-10
4.10984e-10
4.28521e-10
4.4968e-10
4.78024e-10
5.18432e-10
5.73996e-10
6.56553e-10
7.77199e-10
9.8276e-10
1.34452e-09
1.88773e-09
1.92582e-09
1.19743e-09
8.11825e-10
6.35506e-10
5.16459e-10
4.28894e-10
3.6419e-10
3.19606e-10
2.87337e-10
2.58718e-10
2.31745e-10
2.0753e-10
1.86835e-10
1.65787e-10
1.44165e-10
1.2589e-10
1.14203e-10
1.0602e-10
9.99818e-11
9.79718e-11
9.74904e-11
9.91293e-11
1.06364e-10
1.19876e-10
1.42488e-10
1.90788e-10
2.65803e-10
2.04413e-10
1.28163e-10
3.95117e-10
3.91551e-10
3.87731e-10
3.84501e-10
3.82828e-10
3.82977e-10
3.84908e-10
3.89476e-10
3.94975e-10
4.03502e-10
4.17931e-10
4.36741e-10
4.59105e-10
4.90101e-10
5.32934e-10
5.90968e-10
6.78683e-10
8.04538e-10
1.01946e-09
1.37158e-09
1.77268e-09
1.60023e-09
1.07637e-09
7.23589e-10
5.79307e-10
4.91328e-10
4.13599e-10
3.53634e-10
3.12725e-10
2.83311e-10
2.55986e-10
2.2956e-10
2.06815e-10
1.84617e-10
1.58412e-10
1.36018e-10
1.21656e-10
1.09465e-10
1.00996e-10
9.67005e-11
9.39177e-11
9.18584e-11
9.19486e-11
9.6124e-11
1.05052e-10
1.26625e-10
1.73277e-10
2.42827e-10
1.8459e-10
1.12845e-10
3.98272e-10
3.94496e-10
3.90785e-10
3.87839e-10
3.86141e-10
3.8685e-10
3.89555e-10
3.94719e-10
4.01064e-10
4.10414e-10
4.25692e-10
4.45684e-10
4.69504e-10
5.03018e-10
5.48298e-10
6.09024e-10
7.01465e-10
8.31442e-10
1.04879e-09
1.36876e-09
1.57121e-09
1.37098e-09
9.90521e-10
6.8005e-10
5.27269e-10
4.65232e-10
4.00328e-10
3.43817e-10
3.06211e-10
2.795e-10
2.53643e-10
2.28477e-10
2.0783e-10
1.77206e-10
1.50152e-10
1.31592e-10
1.16943e-10
1.05858e-10
9.90184e-11
9.33027e-11
8.81696e-11
8.51989e-11
8.49778e-11
8.70359e-11
9.4427e-11
1.13174e-10
1.52427e-10
2.11372e-10
1.74407e-10
1.04616e-10
4.02105e-10
3.98274e-10
3.94792e-10
3.91958e-10
3.90312e-10
3.91731e-10
3.95182e-10
4.00984e-10
4.08048e-10
4.18221e-10
4.34564e-10
4.55642e-10
4.80734e-10
5.16671e-10
5.64482e-10
6.28004e-10
7.24505e-10
8.56563e-10
1.06916e-09
1.3407e-09
1.41636e-09
1.17737e-09
8.92967e-10
6.60768e-10
4.90757e-10
4.36923e-10
3.88036e-10
3.34445e-10
3.00039e-10
2.76239e-10
2.52199e-10
2.30795e-10
2.00458e-10
1.69994e-10
1.45793e-10
1.27095e-10
1.13825e-10
1.04669e-10
9.59062e-11
8.78936e-11
8.28909e-11
7.99494e-11
7.89401e-11
8.02935e-11
8.58371e-11
9.88447e-11
1.27074e-10
1.82448e-10
1.71406e-10
9.75633e-11
4.06747e-10
4.03035e-10
3.998e-10
3.9685e-10
3.95551e-10
3.97635e-10
4.01784e-10
4.08231e-10
4.16018e-10
4.26916e-10
4.44387e-10
4.66594e-10
4.929e-10
5.31118e-10
5.81482e-10
6.47857e-10
7.47801e-10
8.80926e-10
1.08513e-09
1.30545e-09
1.29746e-09
1.05633e-09
7.99678e-10
6.29002e-10
4.70652e-10
4.09865e-10
3.75611e-10
3.26004e-10
2.9443e-10
2.73672e-10
2.52993e-10
2.26434e-10
1.92279e-10
1.64214e-10
1.42149e-10
1.24809e-10
1.12381e-10
1.01229e-10
9.1046e-11
8.39726e-11
7.88358e-11
7.55148e-11
7.38397e-11
7.40953e-11
7.75539e-11
8.65027e-11
1.06819e-10
1.51948e-10
1.69851e-10
9.24995e-11
4.12328e-10
4.08896e-10
4.05622e-10
4.02748e-10
4.01989e-10
4.04413e-10
4.09321e-10
4.16473e-10
4.24977e-10
4.36566e-10
4.55168e-10
4.7857e-10
5.06213e-10
5.46724e-10
5.99832e-10
6.69461e-10
7.73283e-10
9.07923e-10
1.10036e-09
1.26506e-09
1.1886e-09
9.5637e-10
7.32321e-10
5.82166e-10
4.60392e-10
3.86354e-10
3.62018e-10
3.18879e-10
2.89398e-10
2.72444e-10
2.58259e-10
2.17194e-10
1.85693e-10
1.60655e-10
1.3851e-10
1.23827e-10
1.0922e-10
9.70611e-11
8.73952e-11
8.05077e-11
7.53542e-11
7.16383e-11
6.93377e-11
6.86447e-11
7.02319e-11
7.57187e-11
8.91726e-11
1.21536e-10
1.64326e-10
8.89348e-11
4.18836e-10
4.15723e-10
4.12181e-10
4.09684e-10
4.09542e-10
4.12189e-10
4.17772e-10
4.25565e-10
4.34763e-10
4.47065e-10
4.66796e-10
4.91495e-10
5.20623e-10
5.63473e-10
6.19481e-10
6.92475e-10
7.99602e-10
9.31955e-10
1.10347e-09
1.20396e-09
1.08308e-09
8.68435e-10
6.79985e-10
5.37084e-10
4.50382e-10
3.6862e-10
3.46652e-10
3.12594e-10
2.85015e-10
2.74707e-10
2.47265e-10
2.15962e-10
1.81371e-10
1.57161e-10
1.37897e-10
1.19781e-10
1.05898e-10
9.32141e-11
8.41437e-11
7.73668e-11
7.22001e-11
6.81977e-11
6.53422e-11
6.37714e-11
6.3781e-11
6.63746e-11
7.41944e-11
9.39564e-11
1.42393e-10
8.48765e-11
4.25675e-10
4.22811e-10
4.19029e-10
4.17015e-10
4.1744e-10
4.20261e-10
4.26401e-10
4.34809e-10
4.4465e-10
4.57623e-10
4.7834e-10
5.04167e-10
5.34616e-10
5.79432e-10
6.37667e-10
7.12846e-10
8.20118e-10
9.43777e-10
1.08403e-09
1.12422e-09
9.89339e-10
7.9585e-10
6.35688e-10
5.05123e-10
4.34723e-10
3.57128e-10
3.31319e-10
3.06151e-10
2.81613e-10
2.76357e-10
2.36092e-10
2.0648e-10
1.80014e-10
1.55061e-10
1.34449e-10
1.16024e-10
1.0098e-10
8.96445e-11
8.09772e-11
7.43228e-11
6.91204e-11
6.49484e-11
6.16655e-11
5.93249e-11
5.80244e-11
5.82415e-11
6.15315e-11
7.06253e-11
1.04252e-10
7.6823e-11
4.29984e-10
4.27153e-10
4.23407e-10
4.21779e-10
4.22506e-10
4.25311e-10
4.31931e-10
4.40895e-10
4.51164e-10
4.64566e-10
4.85872e-10
5.12271e-10
5.43355e-10
5.89e-10
6.47782e-10
7.22771e-10
8.25952e-10
9.35367e-10
1.04005e-09
1.04291e-09
9.077e-10
7.38117e-10
5.97291e-10
4.79273e-10
4.12352e-10
3.48909e-10
3.16911e-10
2.98343e-10
2.8025e-10
2.601e-10
2.35323e-10
1.98344e-10
1.71344e-10
1.52744e-10
1.27933e-10
1.10431e-10
9.59138e-11
8.53605e-11
7.71589e-11
7.06945e-11
6.55608e-11
6.13204e-11
5.77828e-11
5.48412e-11
5.24769e-11
5.07607e-11
5.03055e-11
5.10521e-11
6.55095e-11
6.91742e-11
4.45514e-10
4.42536e-10
4.39085e-10
4.37819e-10
4.3892e-10
4.41859e-10
4.49104e-10
4.5893e-10
4.70061e-10
4.84472e-10
5.07325e-10
5.35561e-10
5.68842e-10
6.17582e-10
6.79982e-10
7.58446e-10
8.61242e-10
9.60066e-10
1.03609e-09
1.0048e-09
8.58754e-10
7.02443e-10
5.71516e-10
4.62027e-10
3.93529e-10
3.45554e-10
3.11384e-10
2.97698e-10
2.82656e-10
2.56079e-10
2.32154e-10
2.04825e-10
1.747e-10
1.49327e-10
1.29014e-10
1.09629e-10
9.61358e-11
8.58864e-11
7.78493e-11
7.14302e-11
6.62534e-11
6.18996e-11
5.81479e-11
5.47759e-11
5.16028e-11
4.84191e-11
4.51081e-11
4.06103e-11
4.39967e-11
3.66701e-11
1.68752e-10
1.70676e-10
1.73406e-10
1.76437e-10
1.80021e-10
1.84338e-10
1.89551e-10
1.95814e-10
2.03287e-10
2.12333e-10
2.23396e-10
2.36951e-10
2.5266e-10
2.73015e-10
2.98943e-10
3.2773e-10
3.67402e-10
4.14934e-10
4.86477e-10
5.77935e-10
6.95732e-10
8.74091e-10
1.11388e-09
1.36754e-09
1.36548e-09
1.22956e-09
9.79959e-10
8.45999e-10
6.97147e-10
6.16137e-10
5.77739e-10
5.48841e-10
5.27194e-10
5.11334e-10
5.00431e-10
4.93943e-10
4.91213e-10
4.91849e-10
4.9587e-10
5.02374e-10
5.11226e-10
5.22302e-10
5.35419e-10
5.50576e-10
5.67606e-10
5.86279e-10
6.0659e-10
6.28587e-10
6.5214e-10
6.76645e-10
1.68e-10
1.70226e-10
1.73337e-10
1.76844e-10
1.81018e-10
1.86062e-10
1.92167e-10
1.99506e-10
2.08249e-10
2.1889e-10
2.32049e-10
2.48329e-10
2.67155e-10
2.9241e-10
3.24877e-10
3.60668e-10
4.13101e-10
4.79484e-10
5.76362e-10
7.31132e-10
9.3146e-10
1.25455e-09
1.62221e-09
1.56349e-09
1.32058e-09
1.01524e-09
8.13517e-10
7.01999e-10
5.85088e-10
5.27901e-10
5.01786e-10
4.80224e-10
4.63523e-10
4.51235e-10
4.42875e-10
4.38049e-10
4.3625e-10
4.37111e-10
4.40644e-10
4.46268e-10
4.53773e-10
4.63012e-10
4.73805e-10
4.8607e-10
4.99652e-10
5.1437e-10
5.30133e-10
5.46868e-10
5.64399e-10
5.82189e-10
1.68581e-10
1.71187e-10
1.74776e-10
1.78869e-10
1.83764e-10
1.89701e-10
1.96911e-10
2.05593e-10
2.15918e-10
2.28577e-10
2.44479e-10
2.6453e-10
2.87486e-10
3.18793e-10
3.60403e-10
4.08371e-10
4.77673e-10
5.87596e-10
7.26204e-10
9.96178e-10
1.46577e-09
2.083e-09
1.90822e-09
1.36648e-09
1.04495e-09
7.88848e-10
6.69586e-10
5.79264e-10
4.94265e-10
4.55966e-10
4.38669e-10
4.22701e-10
4.09903e-10
4.00503e-10
3.94196e-10
3.90708e-10
3.89646e-10
3.90693e-10
3.93763e-10
3.98487e-10
4.04692e-10
4.12249e-10
4.20994e-10
4.30815e-10
4.41566e-10
4.53095e-10
4.65291e-10
4.78043e-10
4.91182e-10
5.04264e-10
1.69545e-10
1.72618e-10
1.76794e-10
1.81602e-10
1.87381e-10
1.94425e-10
2.0303e-10
2.13427e-10
2.25765e-10
2.41036e-10
2.60827e-10
2.86181e-10
3.13973e-10
3.53932e-10
4.0885e-10
4.83171e-10
5.80279e-10
7.55263e-10
1.04221e-09
1.67973e-09
3.06411e-09
2.3123e-09
1.33955e-09
9.88746e-10
7.71349e-10
6.29675e-10
5.59251e-10
4.80287e-10
4.22346e-10
3.97297e-10
3.8546e-10
3.7395e-10
3.64348e-10
3.57352e-10
3.52771e-10
3.50429e-10
3.50025e-10
3.51296e-10
3.5419e-10
3.58423e-10
3.63838e-10
3.70324e-10
3.77743e-10
3.85972e-10
3.94878e-10
4.04333e-10
4.14228e-10
4.24453e-10
4.3486e-10
4.45089e-10
1.70887e-10
1.74534e-10
1.79428e-10
1.85112e-10
1.91983e-10
2.00418e-10
2.10817e-10
2.23464e-10
2.38383e-10
2.57364e-10
2.82481e-10
3.1448e-10
3.50215e-10
4.04274e-10
4.82697e-10
5.8946e-10
7.66442e-10
1.1033e-09
2.02941e-09
5.67334e-09
2.40048e-09
1.32422e-09
9.0764e-10
7.09178e-10
5.78356e-10
5.12777e-10
4.72158e-10
4.10179e-10
3.66628e-10
3.47588e-10
3.40148e-10
3.32616e-10
3.25662e-10
3.20621e-10
3.17449e-10
3.16057e-10
3.16213e-10
3.17705e-10
3.20504e-10
3.24418e-10
3.29287e-10
3.35022e-10
3.41506e-10
3.48613e-10
3.56224e-10
3.64225e-10
3.72522e-10
3.81019e-10
3.89586e-10
3.9793e-10
1.72704e-10
1.77057e-10
1.82836e-10
1.89606e-10
1.97849e-10
2.08061e-10
2.20781e-10
2.36469e-10
2.55161e-10
2.78991e-10
3.10665e-10
3.5165e-10
4.0607e-10
4.78247e-10
5.90579e-10
7.83432e-10
1.20217e-09
2.28043e-09
1.29192e-08
2.05067e-09
1.19066e-09
8.38398e-10
6.59453e-10
5.37579e-10
4.59876e-10
4.21594e-10
3.93416e-10
3.57703e-10
3.24465e-10
3.06807e-10
3.02316e-10
2.97872e-10
2.92908e-10
2.89353e-10
2.87281e-10
2.86642e-10
2.87252e-10
2.88935e-10
2.91542e-10
2.95316e-10
2.99807e-10
3.04998e-10
3.10794e-10
3.1708e-10
3.23743e-10
3.30683e-10
3.37824e-10
3.45083e-10
3.52352e-10
3.59383e-10
1.75139e-10
1.80371e-10
1.87261e-10
1.95401e-10
2.05403e-10
2.17854e-10
2.33727e-10
2.54151e-10
2.77516e-10
3.07531e-10
3.49481e-10
4.0692e-10
4.81478e-10
5.92957e-10
8.07447e-10
1.25585e-09
2.94527e-09
4.95968e-09
1.74579e-09
1.0074e-09
7.46253e-10
5.93849e-10
5.01324e-10
4.30737e-10
3.84541e-10
3.52345e-10
3.29627e-10
3.13367e-10
2.89377e-10
2.74038e-10
2.71471e-10
2.68814e-10
2.65183e-10
2.62693e-10
2.61444e-10
2.61384e-10
2.62352e-10
2.64201e-10
2.66748e-10
2.70308e-10
2.74495e-10
2.79268e-10
2.84542e-10
2.9021e-10
2.9616e-10
3.02304e-10
3.0858e-10
3.14924e-10
3.21242e-10
3.27325e-10
1.78385e-10
1.84731e-10
1.93058e-10
2.02978e-10
2.15218e-10
2.30916e-10
2.51677e-10
2.77816e-10
3.07407e-10
3.48337e-10
4.05759e-10
4.81093e-10
6.04774e-10
8.2567e-10
1.39285e-09
3.12439e-09
2.78009e-09
1.33768e-09
8.89681e-10
6.53817e-10
5.33335e-10
4.52796e-10
3.98753e-10
3.55658e-10
3.2717e-10
3.02628e-10
2.84194e-10
2.74954e-10
2.57995e-10
2.47345e-10
2.4614e-10
2.44154e-10
2.41538e-10
2.39855e-10
2.39227e-10
2.39609e-10
2.4085e-10
2.42809e-10
2.45405e-10
2.48724e-10
2.52633e-10
2.57066e-10
2.61934e-10
2.67128e-10
2.72531e-10
2.78061e-10
2.83673e-10
2.89321e-10
2.94924e-10
3.00303e-10
1.82717e-10
1.90491e-10
2.00614e-10
2.12879e-10
2.28641e-10
2.48859e-10
2.74971e-10
3.08483e-10
3.516e-10
4.07487e-10
4.82242e-10
6.15693e-10
8.70935e-10
1.46917e-09
3.13342e-09
1.81884e-09
1.08898e-09
7.53225e-10
5.85289e-10
4.76526e-10
4.10114e-10
3.6235e-10
3.28298e-10
3.00495e-10
2.81178e-10
2.64392e-10
2.5184e-10
2.44208e-10
2.30742e-10
2.24347e-10
2.24558e-10
2.2294e-10
2.21226e-10
2.20196e-10
2.20039e-10
2.20754e-10
2.22197e-10
2.24222e-10
2.2677e-10
2.29925e-10
2.33613e-10
2.37776e-10
2.42326e-10
2.47154e-10
2.52132e-10
2.57179e-10
2.6227e-10
2.67377e-10
2.7243e-10
2.77272e-10
1.88508e-10
1.97977e-10
2.1057e-10
2.26633e-10
2.46833e-10
2.72326e-10
3.06397e-10
3.53961e-10
4.10909e-10
4.89485e-10
6.27352e-10
9.38751e-10
1.65663e-09
2.34581e-09
1.42393e-09
8.86204e-10
6.51205e-10
5.14332e-10
4.30293e-10
3.70622e-10
3.30287e-10
2.99933e-10
2.77409e-10
2.58855e-10
2.45421e-10
2.33937e-10
2.26385e-10
2.18658e-10
2.076e-10
2.04958e-10
2.05954e-10
2.04789e-10
2.0377e-10
2.03225e-10
2.03402e-10
2.04356e-10
2.05948e-10
2.08008e-10
2.10488e-10
2.13414e-10
2.16954e-10
2.20907e-10
2.25209e-10
2.29757e-10
2.34406e-10
2.39068e-10
2.43739e-10
2.48415e-10
2.53034e-10
2.5746e-10
1.95937e-10
2.08181e-10
2.24693e-10
2.45041e-10
2.70644e-10
3.05417e-10
3.5224e-10
4.12208e-10
5.0142e-10
6.55399e-10
9.93594e-10
1.85284e-09
1.84899e-09
1.12884e-09
7.54706e-10
5.63829e-10
4.56097e-10
3.85226e-10
3.36834e-10
3.00719e-10
2.74736e-10
2.54592e-10
2.39223e-10
2.26595e-10
2.17231e-10
2.09393e-10
2.05235e-10
1.97541e-10
1.88591e-10
1.88243e-10
1.89661e-10
1.89304e-10
1.8875e-10
1.88531e-10
1.88917e-10
1.90041e-10
1.91767e-10
1.93858e-10
1.96257e-10
1.98939e-10
2.02294e-10
2.06072e-10
2.10179e-10
2.14525e-10
2.18935e-10
2.23285e-10
2.27598e-10
2.31919e-10
2.36187e-10
2.4028e-10
2.06937e-10
2.22425e-10
2.42523e-10
2.68881e-10
3.05284e-10
3.54634e-10
4.12631e-10
5.06603e-10
6.94966e-10
1.10447e-09
1.88761e-09
1.53821e-09
9.18217e-10
6.46604e-10
4.96184e-10
4.05201e-10
3.46375e-10
3.04883e-10
2.746e-10
2.51382e-10
2.34089e-10
2.20374e-10
2.09648e-10
2.00944e-10
1.9443e-10
1.89108e-10
1.86899e-10
1.80359e-10
1.73397e-10
1.73878e-10
1.75486e-10
1.75974e-10
1.75852e-10
1.75894e-10
1.76331e-10
1.77548e-10
1.79576e-10
1.8192e-10
1.84225e-10
1.8662e-10
1.89399e-10
1.92961e-10
1.96913e-10
2.01175e-10
2.05499e-10
2.09677e-10
2.13605e-10
2.1753e-10
2.21469e-10
2.25266e-10
2.20465e-10
2.39964e-10
2.66594e-10
3.04322e-10
3.56337e-10
4.187e-10
5.15984e-10
7.34749e-10
1.28261e-09
1.8749e-09
1.23721e-09
7.81627e-10
5.58615e-10
4.38511e-10
3.62568e-10
3.11916e-10
2.76382e-10
2.50238e-10
2.29896e-10
2.14356e-10
2.02957e-10
1.93528e-10
1.85978e-10
1.80048e-10
1.7571e-10
1.71954e-10
1.70073e-10
1.66375e-10
1.62077e-10
1.61902e-10
1.63122e-10
1.64078e-10
1.64418e-10
1.64193e-10
1.64078e-10
1.66238e-10
1.70301e-10
1.72953e-10
1.7388e-10
1.74474e-10
1.76568e-10
1.8108e-10
1.85103e-10
1.89725e-10
1.94889e-10
1.98898e-10
2.01648e-10
2.05067e-10
2.08828e-10
2.12043e-10
2.37415e-10
2.63489e-10
3.0335e-10
3.57593e-10
4.23842e-10
5.33936e-10
7.82475e-10
1.45804e-09
1.81999e-09
1.02131e-09
6.64776e-10
4.89624e-10
3.88863e-10
3.25148e-10
2.81136e-10
2.50649e-10
2.27317e-10
2.10554e-10
1.96442e-10
1.85242e-10
1.78395e-10
1.72303e-10
1.66673e-10
1.62583e-10
1.5999e-10
1.57891e-10
1.5647e-10
1.54317e-10
1.51401e-10
1.51012e-10
1.52191e-10
1.53204e-10
1.53733e-10
1.53652e-10
1.53786e-10
1.56246e-10
1.60317e-10
1.62481e-10
1.63123e-10
1.63538e-10
1.65844e-10
1.69263e-10
1.73522e-10
1.81274e-10
1.87776e-10
1.90185e-10
1.91884e-10
1.94543e-10
1.95638e-10
1.97746e-10
2.62674e-10
3.01801e-10
3.57945e-10
4.29259e-10
5.53604e-10
8.53146e-10
1.68299e-09
1.62683e-09
8.65819e-10
5.74474e-10
4.2994e-10
3.45829e-10
2.92251e-10
2.53595e-10
2.26026e-10
2.07769e-10
1.92065e-10
1.80154e-10
1.71584e-10
1.64332e-10
1.59546e-10
1.55967e-10
1.52016e-10
1.48988e-10
1.47302e-10
1.46539e-10
1.46205e-10
1.44175e-10
1.40051e-10
1.39255e-10
1.42004e-10
1.43733e-10
1.43974e-10
1.45108e-10
1.47131e-10
1.47988e-10
1.47764e-10
1.49002e-10
1.52174e-10
1.56212e-10
1.59461e-10
1.60283e-10
1.64195e-10
1.71624e-10
1.76384e-10
1.78255e-10
1.81543e-10
1.849e-10
1.85008e-10
1.86503e-10
3.01563e-10
3.56646e-10
4.3384e-10
5.76689e-10
9.4564e-10
2.04329e-09
1.38297e-09
7.36907e-10
4.95229e-10
3.80157e-10
3.07482e-10
2.60984e-10
2.30947e-10
2.05836e-10
1.88199e-10
1.76347e-10
1.67331e-10
1.58682e-10
1.53447e-10
1.49929e-10
1.45815e-10
1.42312e-10
1.40143e-10
1.37858e-10
1.36879e-10
1.37365e-10
1.37182e-10
1.34688e-10
1.31483e-10
1.31591e-10
1.34101e-10
1.35548e-10
1.35694e-10
1.36869e-10
1.38797e-10
1.39135e-10
1.38699e-10
1.40262e-10
1.43181e-10
1.4539e-10
1.48187e-10
1.54216e-10
1.59359e-10
1.59257e-10
1.61425e-10
1.65739e-10
1.69903e-10
1.73985e-10
1.79323e-10
1.81719e-10
3.53565e-10
4.35615e-10
6.02192e-10
1.07961e-09
2.53923e-09
1.14378e-09
6.34732e-10
4.34218e-10
3.31141e-10
2.7602e-10
2.364e-10
2.0856e-10
1.88909e-10
1.74416e-10
1.63614e-10
1.54729e-10
1.47865e-10
1.42606e-10
1.39245e-10
1.36995e-10
1.34966e-10
1.32428e-10
1.30232e-10
1.28428e-10
1.27848e-10
1.28763e-10
1.28982e-10
1.26867e-10
1.24804e-10
1.26041e-10
1.27345e-10
1.27755e-10
1.28617e-10
1.30088e-10
1.31852e-10
1.31958e-10
1.31547e-10
1.33382e-10
1.36288e-10
1.38466e-10
1.40913e-10
1.45256e-10
1.48558e-10
1.52129e-10
1.5654e-10
1.58846e-10
1.6187e-10
1.64925e-10
1.66891e-10
1.66767e-10
4.34607e-10
6.20078e-10
1.26175e-09
2.82056e-09
9.89511e-10
5.52655e-10
3.88324e-10
3.01901e-10
2.49673e-10
2.1637e-10
1.94554e-10
1.76772e-10
1.61206e-10
1.50241e-10
1.44246e-10
1.39477e-10
1.33905e-10
1.29239e-10
1.2666e-10
1.24933e-10
1.23223e-10
1.22145e-10
1.21274e-10
1.21446e-10
1.21343e-10
1.20616e-10
1.20917e-10
1.20751e-10
1.19937e-10
1.20488e-10
1.21347e-10
1.22e-10
1.22747e-10
1.23067e-10
1.23304e-10
1.24998e-10
1.27735e-10
1.29497e-10
1.30651e-10
1.32826e-10
1.35184e-10
1.36497e-10
1.38421e-10
1.44219e-10
1.49069e-10
1.52163e-10
1.54406e-10
1.55718e-10
1.57627e-10
1.60807e-10
6.34205e-10
1.40302e-09
2.5756e-09
8.70727e-10
5.15529e-10
3.62807e-10
2.79437e-10
2.32173e-10
2.00058e-10
1.77264e-10
1.62608e-10
1.51822e-10
1.41755e-10
1.32814e-10
1.27072e-10
1.23708e-10
1.20933e-10
1.19062e-10
1.16966e-10
1.15238e-10
1.14139e-10
1.13331e-10
1.13043e-10
1.13501e-10
1.14155e-10
1.14634e-10
1.15031e-10
1.14492e-10
1.13893e-10
1.14714e-10
1.15665e-10
1.16339e-10
1.17011e-10
1.17741e-10
1.18651e-10
1.19823e-10
1.21132e-10
1.22499e-10
1.24193e-10
1.2623e-10
1.2857e-10
1.31184e-10
1.33919e-10
1.35505e-10
1.38345e-10
1.43938e-10
1.47575e-10
1.49597e-10
1.53634e-10
1.59634e-10
1.35946e-09
3.22544e-09
8.30484e-10
4.81099e-10
3.41889e-10
2.66065e-10
2.18243e-10
1.86037e-10
1.63645e-10
1.48766e-10
1.3715e-10
1.2792e-10
1.22224e-10
1.18501e-10
1.14552e-10
1.11469e-10
1.09337e-10
1.08076e-10
1.08238e-10
1.08133e-10
1.07415e-10
1.06826e-10
1.06032e-10
1.06695e-10
1.08307e-10
1.09215e-10
1.0964e-10
1.093e-10
1.09097e-10
1.09862e-10
1.10634e-10
1.11218e-10
1.11808e-10
1.12467e-10
1.13248e-10
1.1419e-10
1.15304e-10
1.16619e-10
1.18198e-10
1.20129e-10
1.22429e-10
1.25012e-10
1.27799e-10
1.30576e-10
1.33533e-10
1.36394e-10
1.4049e-10
1.45985e-10
1.5038e-10
1.53337e-10
2.68359e-09
8.2847e-10
4.59917e-10
3.20769e-10
2.46772e-10
1.99934e-10
1.69665e-10
1.50218e-10
1.3655e-10
1.25455e-10
1.17509e-10
1.12107e-10
1.0797e-10
1.04979e-10
1.03045e-10
1.02347e-10
1.01416e-10
1.00473e-10
1.00759e-10
1.01257e-10
1.01178e-10
1.01553e-10
1.01247e-10
1.01537e-10
1.03284e-10
1.04436e-10
1.04953e-10
1.0481e-10
1.04818e-10
1.05495e-10
1.06108e-10
1.0659e-10
1.07081e-10
1.07633e-10
1.08295e-10
1.09112e-10
1.101e-10
1.11262e-10
1.12671e-10
1.1455e-10
1.17144e-10
1.20277e-10
1.22774e-10
1.2498e-10
1.27984e-10
1.31701e-10
1.35448e-10
1.39447e-10
1.4333e-10
1.46996e-10
8.88366e-10
4.55782e-10
3.03806e-10
2.3028e-10
1.84675e-10
1.5675e-10
1.38164e-10
1.24676e-10
1.15345e-10
1.08542e-10
1.03389e-10
1.00284e-10
9.81193e-11
9.60744e-11
9.48948e-11
9.47508e-11
9.49394e-11
9.48712e-11
9.48453e-11
9.53445e-11
9.64859e-11
9.71856e-11
9.76645e-11
9.85264e-11
9.97006e-11
1.00531e-10
1.0108e-10
1.01058e-10
1.01168e-10
1.01746e-10
1.02216e-10
1.02587e-10
1.02961e-10
1.03386e-10
1.03916e-10
1.0464e-10
1.0563e-10
1.06868e-10
1.08135e-10
1.10498e-10
1.14682e-10
1.17247e-10
1.18118e-10
1.20178e-10
1.22343e-10
1.23537e-10
1.27305e-10
1.33387e-10
1.37956e-10
1.42275e-10
4.6501e-10
3.02718e-10
2.22379e-10
1.76867e-10
1.48595e-10
1.29832e-10
1.16646e-10
1.07228e-10
1.01334e-10
9.66706e-11
9.3096e-11
9.10802e-11
9.00941e-11
8.93379e-11
8.92104e-11
8.89967e-11
8.94899e-11
9.06243e-11
9.14785e-11
9.22598e-11
9.2754e-11
9.31e-11
9.45133e-11
9.62083e-11
9.69899e-11
9.73747e-11
9.79023e-11
9.79607e-11
9.81211e-11
9.86124e-11
9.89414e-11
9.91849e-11
9.94263e-11
9.9718e-11
1.0012e-10
1.00937e-10
1.03344e-10
1.05093e-10
1.03918e-10
1.05276e-10
1.08752e-10
1.09272e-10
1.10502e-10
1.13664e-10
1.16864e-10
1.1904e-10
1.21498e-10
1.25062e-10
1.31767e-10
1.40693e-10
3.19107e-10
2.24992e-10
1.74797e-10
1.44058e-10
1.23397e-10
1.10482e-10
1.01228e-10
9.46311e-11
9.02806e-11
8.75177e-11
8.55582e-11
8.43836e-11
8.38388e-11
8.45094e-11
8.53283e-11
8.57459e-11
8.62415e-11
8.72469e-11
8.79634e-11
8.852e-11
8.96668e-11
9.11296e-11
9.28104e-11
9.37837e-11
9.41387e-11
9.4728e-11
9.5193e-11
9.53255e-11
9.55535e-11
9.59238e-11
9.61278e-11
9.62481e-11
9.6357e-11
9.65037e-11
9.67536e-11
9.8291e-11
1.00699e-10
1.00698e-10
9.88413e-11
9.75012e-11
9.66473e-11
9.92051e-11
1.03227e-10
1.05309e-10
1.0996e-10
1.19735e-10
1.24407e-10
1.23683e-10
1.28442e-10
1.35149e-10
2.41781e-10
1.77989e-10
1.42395e-10
1.20436e-10
1.05701e-10
9.60035e-11
8.96696e-11
8.5408e-11
8.22153e-11
8.04964e-11
8.00935e-11
8.00782e-11
7.95489e-11
8.01711e-11
8.22335e-11
8.30982e-11
8.30216e-11
8.41067e-11
8.56115e-11
8.66156e-11
8.82332e-11
8.99314e-11
9.05123e-11
9.10259e-11
9.18458e-11
9.25291e-11
9.29411e-11
9.30906e-11
9.33129e-11
9.35733e-11
9.36847e-11
9.3712e-11
9.36934e-11
9.36738e-11
9.36323e-11
9.43233e-11
9.40207e-11
9.28486e-11
9.37459e-11
9.33494e-11
9.35107e-11
9.71201e-11
1.00107e-10
1.02192e-10
1.05371e-10
1.10724e-10
1.1631e-10
1.257e-10
1.31789e-10
1.29859e-10
1.90544e-10
1.45717e-10
1.19753e-10
1.0341e-10
9.27925e-11
8.53666e-11
8.11061e-11
7.87496e-11
7.72498e-11
7.56529e-11
7.50234e-11
7.55462e-11
7.62462e-11
7.7095e-11
7.87099e-11
7.99743e-11
8.07651e-11
8.20354e-11
8.39786e-11
8.57837e-11
8.66603e-11
8.72929e-11
8.82324e-11
8.91458e-11
8.99849e-11
9.06892e-11
9.10431e-11
9.11731e-11
9.13729e-11
9.15388e-11
9.15553e-11
9.1482e-11
9.13378e-11
9.11853e-11
9.10166e-11
8.99432e-11
8.9225e-11
9.02598e-11
9.1332e-11
9.29021e-11
9.49215e-11
9.52377e-11
9.64589e-11
9.96667e-11
1.02141e-10
1.0331e-10
1.07064e-10
1.15069e-10
1.2334e-10
1.30302e-10
1.57559e-10
1.23996e-10
1.03493e-10
9.15233e-11
8.35838e-11
7.79148e-11
7.43442e-11
7.2658e-11
7.18467e-11
7.13442e-11
7.14194e-11
7.22651e-11
7.39545e-11
7.50214e-11
7.52828e-11
7.67957e-11
7.93244e-11
8.08973e-11
8.19425e-11
8.33218e-11
8.46515e-11
8.57558e-11
8.67386e-11
8.76475e-11
8.84396e-11
8.91184e-11
8.94152e-11
8.95326e-11
8.96931e-11
8.97505e-11
8.96802e-11
8.94975e-11
8.92258e-11
8.89637e-11
8.87373e-11
8.83846e-11
8.80476e-11
8.82227e-11
8.90244e-11
8.9939e-11
9.03557e-11
9.09269e-11
9.24785e-11
9.47842e-11
9.76678e-11
1.01525e-10
1.06131e-10
1.07853e-10
1.12373e-10
1.23327e-10
1.35541e-10
1.09311e-10
9.22715e-11
8.19536e-11
7.50816e-11
7.07391e-11
6.83144e-11
6.71838e-11
6.68235e-11
6.75698e-11
6.87341e-11
6.95901e-11
7.07254e-11
7.24405e-11
7.4059e-11
7.5606e-11
7.73351e-11
7.90775e-11
8.06632e-11
8.21393e-11
8.34573e-11
8.45788e-11
8.55434e-11
8.64063e-11
8.71517e-11
8.77575e-11
8.80043e-11
8.81082e-11
8.82026e-11
8.81643e-11
8.80186e-11
8.77356e-11
8.73339e-11
8.69503e-11
8.66175e-11
8.63034e-11
8.60395e-11
8.59003e-11
8.58989e-11
8.60327e-11
8.63178e-11
8.70096e-11
8.8304e-11
9.03021e-11
9.31054e-11
9.68574e-11
1.01606e-10
1.07056e-10
1.11137e-10
1.13524e-10
1.2128e-10
9.54063e-11
8.08591e-11
7.21588e-11
6.72645e-11
6.45079e-11
6.32364e-11
6.27563e-11
6.30566e-11
6.40615e-11
6.56009e-11
6.73364e-11
6.90876e-11
7.09139e-11
7.27568e-11
7.45672e-11
7.63307e-11
7.80454e-11
7.96937e-11
8.12163e-11
8.25523e-11
8.36546e-11
8.45695e-11
8.536e-11
8.60615e-11
8.6595e-11
8.67873e-11
8.68516e-11
8.68668e-11
8.67442e-11
8.65396e-11
8.61641e-11
8.56302e-11
8.51277e-11
8.46748e-11
8.4219e-11
8.37755e-11
8.34033e-11
8.31525e-11
8.30291e-11
8.30649e-11
8.34637e-11
8.44402e-11
8.61138e-11
8.86332e-11
9.21986e-11
9.69944e-11
1.03045e-10
1.09865e-10
1.1596e-10
1.04338e-10
8.27294e-11
7.1196e-11
6.41865e-11
6.04289e-11
5.88378e-11
5.87309e-11
5.9381e-11
6.05109e-11
6.20293e-11
6.38214e-11
6.57727e-11
6.77791e-11
6.97963e-11
7.17961e-11
7.37186e-11
7.55389e-11
7.72936e-11
7.89864e-11
8.05376e-11
8.18724e-11
8.29303e-11
8.37724e-11
8.4475e-11
8.5131e-11
8.55975e-11
8.57257e-11
8.57322e-11
8.56612e-11
8.54619e-11
8.52181e-11
8.47593e-11
8.40755e-11
8.34547e-11
8.29053e-11
8.23047e-11
8.17081e-11
8.11942e-11
8.07647e-11
8.03917e-11
8.01046e-11
8.01459e-11
8.07645e-11
8.20636e-11
8.42015e-11
8.74442e-11
9.2112e-11
9.84298e-11
1.06203e-10
1.14293e-10
8.99141e-11
7.1482e-11
6.21928e-11
5.77052e-11
5.55353e-11
5.49611e-11
5.54625e-11
5.66703e-11
5.8333e-11
6.02843e-11
6.24229e-11
6.46557e-11
6.68751e-11
6.90441e-11
7.11606e-11
7.316e-11
7.50109e-11
7.67796e-11
7.84948e-11
8.00572e-11
8.13746e-11
8.23698e-11
8.31215e-11
8.37304e-11
8.43272e-11
8.47353e-11
8.47934e-11
8.47272e-11
8.45646e-11
8.42956e-11
8.40395e-11
8.35083e-11
8.2654e-11
8.19242e-11
8.13166e-11
8.06062e-11
7.98655e-11
7.92124e-11
7.86412e-11
7.80402e-11
7.73798e-11
7.70239e-11
7.72885e-11
7.81802e-11
7.98491e-11
8.26314e-11
8.6991e-11
9.33808e-11
1.01933e-10
1.11688e-10
7.81781e-11
6.2932e-11
5.55776e-11
5.22239e-11
5.11549e-11
5.14914e-11
5.27255e-11
5.45315e-11
5.66787e-11
5.90139e-11
6.14617e-11
6.39426e-11
6.63331e-11
6.86124e-11
7.08172e-11
7.28687e-11
7.47169e-11
7.64664e-11
7.81832e-11
7.97403e-11
8.10278e-11
8.19485e-11
8.25976e-11
8.31137e-11
8.36349e-11
8.39917e-11
8.3975e-11
8.38194e-11
8.35644e-11
8.32408e-11
8.30149e-11
8.24203e-11
8.1386e-11
8.05706e-11
7.99252e-11
7.9099e-11
7.82161e-11
7.74497e-11
7.67653e-11
7.59615e-11
7.49292e-11
7.41649e-11
7.40723e-11
7.45327e-11
7.56501e-11
7.78262e-11
8.16641e-11
8.78786e-11
9.70958e-11
1.0898e-10
6.89069e-11
5.50725e-11
4.94275e-11
4.74242e-11
4.74288e-11
4.86308e-11
5.05645e-11
5.29336e-11
5.55227e-11
5.81912e-11
6.09032e-11
6.35994e-11
6.61211e-11
6.8468e-11
7.07386e-11
7.28328e-11
7.46449e-11
7.63281e-11
7.80235e-11
7.95611e-11
8.08161e-11
8.16664e-11
8.22115e-11
8.26398e-11
8.30702e-11
8.33635e-11
8.3266e-11
8.30091e-11
8.26718e-11
8.23616e-11
8.22449e-11
8.15608e-11
8.03035e-11
7.9416e-11
7.8763e-11
7.78305e-11
7.68182e-11
7.59641e-11
7.52261e-11
7.43002e-11
7.29009e-11
7.16747e-11
7.12067e-11
7.12441e-11
7.17497e-11
7.31742e-11
7.62262e-11
8.1893e-11
9.1511e-11
1.06109e-10
5.97482e-11
4.77978e-11
4.39234e-11
4.32632e-11
4.43176e-11
4.63581e-11
4.89599e-11
5.18587e-11
5.48511e-11
5.77983e-11
6.072e-11
6.36002e-11
6.62222e-11
6.85905e-11
7.09159e-11
7.30973e-11
7.4827e-11
7.63387e-11
7.79912e-11
7.95094e-11
8.07707e-11
8.15887e-11
8.20579e-11
8.23989e-11
8.2636e-11
8.28037e-11
8.26601e-11
8.22933e-11
8.1952e-11
8.19859e-11
8.20402e-11
8.09749e-11
7.93911e-11
7.84784e-11
7.78411e-11
7.6881e-11
7.58429e-11
7.49458e-11
7.42067e-11
7.33566e-11
7.16869e-11
6.98045e-11
6.88701e-11
6.86533e-11
6.86072e-11
6.92001e-11
7.11098e-11
7.54784e-11
8.51018e-11
1.03101e-10
5.09139e-11
4.10279e-11
3.89942e-11
3.97001e-11
4.18073e-11
4.46709e-11
4.79081e-11
5.13028e-11
5.46804e-11
5.78438e-11
6.08817e-11
6.39198e-11
6.66575e-11
6.89794e-11
7.13855e-11
7.39235e-11
7.53011e-11
7.62745e-11
7.79575e-11
7.95116e-11
8.09779e-11
8.16589e-11
8.20292e-11
8.16424e-11
8.11861e-11
8.19162e-11
8.202e-11
8.1325e-11
8.11079e-11
8.22148e-11
8.02994e-11
7.73132e-11
7.57855e-11
7.56162e-11
7.55794e-11
7.4972e-11
7.4034e-11
7.31036e-11
7.24215e-11
7.28406e-11
7.13444e-11
6.73326e-11
6.54874e-11
6.5706e-11
6.52537e-11
6.44482e-11
6.40273e-11
6.78815e-11
7.82892e-11
1.00678e-10
4.2114e-11
3.46123e-11
3.45414e-11
3.66987e-11
3.99004e-11
4.35746e-11
4.73938e-11
5.12604e-11
5.51188e-11
5.83896e-11
6.12597e-11
6.4468e-11
6.75215e-11
6.94139e-11
7.20464e-11
7.6039e-11
7.36439e-11
7.28353e-11
7.55263e-11
7.67679e-11
7.90195e-11
7.5354e-11
7.66181e-11
7.5982e-11
7.0095e-11
7.3223e-11
7.57087e-11
7.71145e-11
8.1741e-11
8.50766e-11
4.79919e-11
4.05407e-11
3.97594e-11
3.97954e-11
4.18947e-11
4.32528e-11
4.29758e-11
4.16394e-11
4.16146e-11
4.31465e-11
4.33238e-11
4.44762e-11
5.66104e-11
6.18777e-11
6.2084e-11
6.10808e-11
6.09603e-11
6.38336e-11
7.28415e-11
1.0162e-10
3.31804e-11
2.85075e-11
3.04645e-11
3.41935e-11
3.85766e-11
4.30098e-11
4.72472e-11
5.16071e-11
5.6572e-11
5.90744e-11
6.01608e-11
6.37015e-11
6.70668e-11
6.42487e-11
6.80447e-11
6.96521e-11
3.75244e-11
3.97194e-11
6.08229e-11
7.34015e-11
7.92975e-11
3.98539e-11
3.8786e-11
4.28455e-11
4.31283e-11
6.77591e-11
5.47538e-11
4.134e-11
4.29998e-11
5.147e-11
5.40755e-11
4.85132e-11
4.49382e-11
4.40215e-11
5.39868e-11
5.86878e-11
4.68561e-11
4.38743e-11
4.27212e-11
4.84646e-11
4.41426e-11
3.28226e-11
3.07309e-11
3.98515e-11
4.39563e-11
4.34451e-11
4.2928e-11
4.54606e-11
5.18165e-11
6.2549e-11
2.5183e-11
2.33002e-11
2.69712e-11
3.21548e-11
3.76762e-11
4.21535e-11
4.59834e-11
5.0947e-11
5.95929e-11
4.7249e-11
4.21177e-11
5.43164e-11
5.70676e-11
3.06499e-11
2.95166e-11
3.17712e-11
3.42509e-11
2.8007e-11
2.8167e-11
5.74138e-11
1.58301e-10
1.06664e-10
5.99085e-11
6.67737e-11
5.28064e-11
6.36678e-11
1.61594e-10
9.5467e-11
6.83062e-11
7.3398e-11
3.8645e-11
3.11457e-11
3.09005e-11
2.91101e-11
2.81424e-11
3.22521e-11
3.66941e-11
3.37091e-11
3.11918e-11
3.1527e-11
3.41312e-11
3.768e-11
5.73117e-11
5.19368e-11
5.47238e-11
5.38989e-11
5.07871e-11
4.90135e-11
5.21545e-11
4.02903e-11
1.86936e-11
1.79435e-11
2.27286e-11
2.74364e-11
3.15288e-11
3.33351e-11
3.39403e-11
3.62068e-11
4.44232e-11
3.37566e-11
2.85812e-11
3.41254e-11
4.32514e-11
2.84064e-11
2.50011e-11
2.8399e-11
6.36907e-11
5.77708e-11
2.72919e-11
3.11514e-11
4.72583e-11
6.21049e-11
5.71125e-11
4.60245e-11
4.11492e-11
6.64265e-11
8.14603e-11
4.67906e-11
4.47917e-11
3.58362e-11
3.33837e-11
3.734e-11
3.82382e-11
4.08655e-11
6.56464e-11
7.52947e-11
4.66133e-11
4.0824e-11
4.06581e-11
5.18892e-11
4.71826e-11
5.2807e-11
6.22058e-11
4.98249e-11
4.4242e-11
4.29523e-11
4.25453e-11
4.11687e-11
5.4202e-11
8.85763e-11
1.02614e-11
1.5392e-11
1.87337e-11
1.96225e-11
1.98544e-11
2.08917e-11
2.1037e-11
2.01684e-11
2.01258e-11
3.35307e-11
3.99379e-11
2.63735e-11
2.80736e-11
7.32394e-11
6.01466e-11
3.84233e-11
4.55602e-11
1.24598e-10
1.85005e-10
3.01416e-11
2.20354e-11
2.03118e-11
2.33993e-11
1.95816e-11
1.62454e-11
1.83358e-11
1.6676e-11
1.61914e-11
1.6565e-11
1.59477e-11
1.34541e-11
1.27967e-11
1.27389e-11
1.30449e-11
1.38613e-11
1.37647e-11
1.32273e-11
1.33919e-11
1.34618e-11
1.37384e-11
1.33165e-11
1.38069e-11
1.62535e-11
1.69504e-11
1.68783e-11
1.67707e-11
1.68335e-11
1.69305e-11
1.83101e-11
3.70786e-11
7.06195e-10
7.38651e-10
7.71808e-10
8.04213e-10
7.71624e-10
5.58029e-10
3.06362e-10
1.59776e-10
8.80826e-11
5.33716e-11
3.64354e-11
2.92685e-11
2.85645e-11
3.35255e-11
4.51396e-11
6.5482e-11
9.76471e-11
1.47334e-10
2.23664e-10
3.36434e-10
4.65565e-10
5.02366e-10
4.33158e-10
3.54578e-10
2.95512e-10
2.51946e-10
2.19447e-10
1.93561e-10
1.71825e-10
1.53377e-10
1.36697e-10
1.22148e-10
1.08588e-10
9.59503e-11
8.45292e-11
7.36369e-11
6.54716e-11
5.92952e-11
5.31872e-11
4.74809e-11
4.22925e-11
3.73657e-11
3.24761e-11
2.83637e-11
2.49676e-11
2.1893e-11
1.89067e-11
1.64629e-11
1.57451e-11
1.74689e-11
2.82451e-11
1.06327e-10
0.000435841
3.6314
7.20157
10.3709
12.4085
13.6339
15.8838
17.3972
19.5203
21.5002
22.9887
24.8349
26.2314
27.0935
28.2016
29.2542
29.9276
30.2791
30.9
31.5978
31.6978
31.0878
30.6012
30.7965
31.4621
32.1433
32.5165
32.5212
32.3163
32.1603
32.2117
32.4347
32.5837
32.4349
32.0348
31.719
31.7631
32.234
32.9364
33.4244
33.2882
32.574
31.8058
31.4198
31.6613
32.4424
33.0895
33.0965
32.2767
31.1407
30.078
29.4066
29.3048
29.6
29.6385
28.6951
27.0245
25.2983
24.109
23.6815
23.8216
23.5194
21.853
20.0842
18.7227
18.0037
17.9627
17.9189
16.1367
14.3995
13.0835
12.229
11.5994
11.4371
10.0791
8.50008
7.40878
6.93886
6.91466
4.83688
3.09797
2.13306
1.57056
0.997406
0.878658
0.0628281
0.0149127
0.00376371
0.000869922
0.000133401
5.84764e-10
3.02318e-10
2.34903e-10
1.978e-10
1.71585e-10
1.49408e-10
1.29276e-10
1.05897e-10
6.02951e-10
6.24448e-10
6.45307e-10
6.7243e-10
7.0782e-10
7.39235e-10
6.66712e-10
4.16715e-10
2.14675e-10
1.1362e-10
6.59749e-11
4.29958e-11
3.26883e-11
2.99553e-11
3.32033e-11
4.28658e-11
6.07865e-11
8.99327e-11
1.35593e-10
2.05468e-10
3.06154e-10
4.17657e-10
4.53498e-10
4.04149e-10
3.40604e-10
2.89273e-10
2.51526e-10
2.22478e-10
1.9929e-10
1.80087e-10
1.62744e-10
1.47428e-10
1.32906e-10
1.19069e-10
1.06148e-10
9.36604e-11
8.2199e-11
7.16164e-11
6.45122e-11
5.81028e-11
5.20453e-11
4.63044e-11
4.06443e-11
3.56693e-11
3.1437e-11
2.77488e-11
2.42648e-11
2.10098e-11
1.82467e-11
1.67511e-11
1.71579e-11
2.09063e-11
4.49118e-11
6.30648e-10
0.00242392
5.77603
8.20715
10.2022
12.9208
14.2961
16.537
18.4849
19.8895
21.8141
23.114
23.867
25.1384
26.11
26.7597
27.1638
27.8651
28.6206
28.6398
27.8715
27.4003
27.734
28.4857
29.1368
29.3811
29.2039
28.8069
28.494
28.4373
28.5955
28.7154
28.5174
28.0096
27.5418
27.3786
27.6237
28.1717
28.6378
28.5276
27.8026
26.9376
26.3198
26.19
26.6411
27.1609
27.1863
26.4116
25.3487
24.271
23.423
23.0056
22.9867
22.9654
22.2227
20.9821
19.4597
18.238
17.546
17.4345
17.3944
16.0885
14.5606
13.2963
12.4316
12.1229
12.2866
10.7806
9.13541
7.90918
7.0349
6.27417
6.18291
4.21063
2.87437
2.00113
1.51575
1.17392
0.298825
0.0382128
0.00881031
0.0019239
0.000374316
5.75917e-05
3.53798e-10
2.64002e-10
2.16035e-10
1.83114e-10
1.57122e-10
1.29469e-10
1.17687e-10
1.08878e-10
1.01817e-10
9.63745e-11
9.25049e-11
9.30469e-11
1.01555e-10
5.19232e-10
5.34018e-10
5.47065e-10
5.62505e-10
5.8163e-10
6.08079e-10
6.45592e-10
6.67478e-10
5.2856e-10
2.87326e-10
1.47077e-10
8.21372e-11
5.16876e-11
3.75514e-11
3.26124e-11
3.44206e-11
4.32353e-11
6.14862e-11
9.39795e-11
1.51404e-10
2.53781e-10
4.14587e-10
4.90657e-10
4.06852e-10
3.23129e-10
2.67712e-10
2.31239e-10
2.0537e-10
1.8603e-10
1.707e-10
1.57631e-10
1.46281e-10
1.35352e-10
1.24654e-10
1.14235e-10
1.03741e-10
9.36252e-11
8.38399e-11
7.4249e-11
6.60072e-11
6.02189e-11
5.45735e-11
4.88499e-11
4.35513e-11
3.87543e-11
3.44518e-11
3.04289e-11
2.66541e-11
2.30015e-11
2.02328e-11
1.78893e-11
1.74356e-11
1.78806e-11
2.57904e-11
6.34542e-11
6.38253e-05
0.00739245
5.36209
8.57261
10.4503
13.2187
15.1047
16.5749
18.5358
19.7806
20.369
21.9286
22.7153
23.345
23.8769
24.6278
25.4292
25.3524
24.4201
24.0085
24.5013
25.3158
25.8959
25.981
25.6136
25.0315
24.5697
24.3933
24.4683
24.5522
24.31
23.7094
23.1214
22.7653
22.7471
23.0455
23.3995
23.2973
22.6581
21.7961
21.0336
20.5728
20.6447
20.9607
21.0169
20.3498
19.4365
18.4389
17.5214
16.8845
16.5781
16.4256
15.8833
15.1429
13.8795
12.722
11.87
11.4988
11.654
10.5803
9.15673
8.01301
7.12317
6.63943
6.68897
5.00818
3.34979
2.40343
1.73298
1.25142
1.08283
0.124589
0.0259159
0.00624302
0.00137678
0.000194953
6.12142e-10
3.3113e-10
2.57588e-10
2.13354e-10
1.80434e-10
1.55879e-10
1.31629e-10
1.21191e-10
1.12615e-10
1.06354e-10
1.05038e-10
1.18951e-10
1.19903e-10
1.20855e-10
1.22171e-10
1.241e-10
1.26664e-10
1.31505e-10
1.43159e-10
4.5663e-10
4.67719e-10
4.76969e-10
4.87141e-10
4.98265e-10
5.11393e-10
5.29281e-10
5.57516e-10
5.97518e-10
5.76772e-10
3.67374e-10
1.87005e-10
1.00929e-10
6.14578e-11
4.27291e-11
3.51604e-11
3.50386e-11
4.20712e-11
5.82148e-11
8.79914e-11
1.40891e-10
2.34164e-10
3.7469e-10
4.45728e-10
3.83814e-10
3.12047e-10
2.63026e-10
2.29904e-10
2.06447e-10
1.88767e-10
1.7462e-10
1.62796e-10
1.52048e-10
1.41804e-10
1.3164e-10
1.21282e-10
1.11121e-10
1.01086e-10
9.1269e-11
8.17115e-11
7.22765e-11
6.48637e-11
5.89503e-11
5.33589e-11
4.8042e-11
4.30851e-11
3.83282e-11
3.38045e-11
2.9273e-11
2.54522e-11
2.24656e-11
2.01469e-11
1.83031e-11
1.79987e-11
1.92851e-11
3.22874e-11
1.13205e-10
0.000240474
0.0297779
4.95262
8.50296
10.8066
13.1456
14.9384
16.4099
16.7305
18.7509
19.1956
19.807
20.6034
21.3145
22.1461
21.9758
20.8995
20.6057
21.2651
22.1014
22.5566
22.4514
21.8991
21.1657
20.5878
20.2889
20.2483
20.2714
19.9907
19.329
18.6806
18.1797
17.9032
17.8951
18.0454
17.9383
17.5193
16.77
15.9715
15.2824
15.0112
15.0839
15.2331
14.7516
13.993
13.1151
12.2063
11.4641
10.981
10.6552
10.2748
9.7479
8.65994
7.62099
6.76338
6.25275
6.31943
4.88354
3.42076
2.54123
1.87533
1.45781
1.20095
0.34072
0.0515259
0.0136475
0.00353851
0.00083207
0.000128478
4.60597e-10
3.15081e-10
2.52395e-10
2.10191e-10
1.78391e-10
1.46447e-10
1.34165e-10
1.24269e-10
1.16763e-10
1.1188e-10
1.14955e-10
1.31908e-10
1.3371e-10
1.37702e-10
1.43106e-10
1.51006e-10
1.69224e-10
1.76687e-10
1.82756e-10
1.87821e-10
1.92463e-10
1.98083e-10
2.03537e-10
2.17213e-10
4.07236e-10
4.16027e-10
4.23146e-10
4.30663e-10
4.38285e-10
4.46132e-10
4.54907e-10
4.66601e-10
4.85732e-10
5.19215e-10
5.50035e-10
4.39345e-10
2.36998e-10
1.24868e-10
7.34278e-11
4.90317e-11
3.82575e-11
3.59629e-11
4.10536e-11
5.47469e-11
8.09015e-11
1.2679e-10
2.04908e-10
3.18737e-10
3.93717e-10
3.63363e-10
3.0829e-10
2.6519e-10
2.34789e-10
2.1292e-10
1.96288e-10
1.83028e-10
1.71657e-10
1.61214e-10
1.51276e-10
1.41289e-10
1.31217e-10
1.21029e-10
1.1096e-10
1.01115e-10
9.1132e-11
8.1079e-11
7.14976e-11
6.48759e-11
5.91713e-11
5.36307e-11
4.81398e-11
4.27988e-11
3.73432e-11
3.23932e-11
2.85349e-11
2.55016e-11
2.28611e-11
2.01129e-11
1.8688e-11
1.8369e-11
2.14943e-11
4.0705e-11
2.33873e-10
0.00056767
0.0580603
4.18004
8.26618
10.1003
12.8897
12.9363
15.6001
15.5866
16.1589
17.4452
17.9279
18.7802
18.5485
17.3741
17.2533
18.0583
18.8509
19.1066
18.777
18.063
17.2582
16.6334
16.2321
16.0459
15.9754
15.688
15.0359
14.4125
13.8507
13.383
13.1056
13.0079
12.9274
12.8153
12.2251
11.4613
10.6608
10.1539
9.97555
10.2375
9.85662
9.06797
8.26086
7.40532
6.67554
6.16909
5.67097
5.23399
4.06098
3.10963
2.35434
1.76089
1.38495
1.18239
0.32211
0.0595138
0.0178192
0.00523314
0.0012828
0.00019963
6.59704e-10
3.63725e-10
2.81277e-10
2.34719e-10
1.98286e-10
1.70168e-10
1.42181e-10
1.3186e-10
1.23037e-10
1.16455e-10
1.14884e-10
1.33629e-10
1.37137e-10
1.41943e-10
1.48945e-10
1.57778e-10
1.70386e-10
1.9352e-10
2.03336e-10
2.14033e-10
2.25782e-10
2.3775e-10
2.57829e-10
2.69481e-10
2.82071e-10
2.92812e-10
3.02033e-10
3.12919e-10
3.18868e-10
3.30598e-10
3.67142e-10
3.74389e-10
3.80164e-10
3.86111e-10
3.91896e-10
3.97408e-10
4.0275e-10
4.08433e-10
4.15856e-10
4.28297e-10
4.51906e-10
4.89122e-10
4.71057e-10
2.96574e-10
1.55844e-10
8.85038e-11
5.68866e-11
4.22151e-11
3.74926e-11
4.0491e-11
5.18126e-11
7.4592e-11
1.14384e-10
1.80655e-10
2.74622e-10
3.46577e-10
3.39972e-10
3.00421e-10
2.6461e-10
2.37643e-10
2.17641e-10
2.02596e-10
1.9032e-10
1.79636e-10
1.69904e-10
1.60357e-10
1.51043e-10
1.41593e-10
1.31907e-10
1.22159e-10
1.12058e-10
1.01919e-10
9.16163e-11
8.16254e-11
7.21427e-11
6.60107e-11
5.98791e-11
5.37577e-11
4.74519e-11
4.15196e-11
3.6595e-11
3.27024e-11
2.93353e-11
2.57408e-11
2.31625e-11
2.03181e-11
1.92977e-11
1.9136e-11
2.37027e-11
4.77913e-11
2.98609e-10
0.000703172
0.0252832
2.74732
7.53116
8.58548
11.9105
11.8728
12.3266
14.4601
14.45
15.3481
15.1032
13.8846
13.9488
14.8438
15.5081
15.482
14.9111
14.1037
13.3791
12.8143
12.3643
12.032
11.8509
11.6456
11.1086
10.5578
10.0008
9.42462
8.98799
8.64609
8.63726
8.61446
8.06885
7.32758
6.51925
5.93138
5.55571
5.72975
4.89486
3.73334
3.00436
2.35297
1.83752
1.47829
1.08319
0.793285
0.130202
0.0389778
0.0131494
0.00423632
0.00110845
0.000183463
6.39112e-10
3.67468e-10
2.83714e-10
2.37613e-10
1.99667e-10
1.69798e-10
1.40826e-10
1.31003e-10
1.23028e-10
1.16617e-10
1.1157e-10
1.12705e-10
1.33071e-10
1.37007e-10
1.43319e-10
1.52439e-10
1.64828e-10
1.89656e-10
2.03648e-10
2.18248e-10
2.32879e-10
2.49454e-10
2.65907e-10
2.92332e-10
3.10246e-10
3.31572e-10
3.53623e-10
3.7231e-10
3.90271e-10
4.01714e-10
4.1568e-10
4.2773e-10
4.38274e-10
4.52047e-10
4.58676e-10
4.60774e-10
3.33969e-10
3.40126e-10
3.4499e-10
3.49903e-10
3.54557e-10
3.58801e-10
3.62591e-10
3.66033e-10
3.69508e-10
3.74003e-10
3.81749e-10
3.97305e-10
4.26748e-10
4.51355e-10
3.53848e-10
1.95534e-10
1.08011e-10
6.6909e-11
4.73727e-11
3.98436e-11
4.06221e-11
4.96914e-11
6.94121e-11
1.04441e-10
1.61641e-10
2.4097e-10
3.07455e-10
3.15562e-10
2.8921e-10
2.60679e-10
2.3764e-10
2.20154e-10
2.0651e-10
1.95593e-10
1.86045e-10
1.77149e-10
1.68757e-10
1.60302e-10
1.51868e-10
1.43275e-10
1.33908e-10
1.2418e-10
1.14167e-10
1.04088e-10
9.35518e-11
8.31463e-11
7.35219e-11
6.66336e-11
5.9615e-11
5.29641e-11
4.711e-11
4.2257e-11
3.7919e-11
3.33059e-11
2.98816e-11
2.63956e-11
2.37729e-11
2.09496e-11
1.9992e-11
1.98774e-11
2.46396e-11
4.85414e-11
1.99386e-10
0.000384185
0.00541571
2.49912
5.48177
7.10226
7.76185
11.237
10.9516
11.9661
11.7076
10.5598
10.7492
11.6967
12.1739
11.8325
11.0667
10.3016
9.83391
9.41285
8.9644
8.50584
8.20468
8.17372
7.74877
7.13645
6.5495
5.90758
5.42389
4.88878
4.85843
4.00389
3.27932
2.61869
2.01924
1.60504
1.296
1.17974
0.448614
0.10261
0.0371661
0.0144808
0.00522242
0.00151654
0.000325311
6.44679e-05
4.37015e-10
3.14609e-10
2.5487e-10
2.16567e-10
1.8313e-10
1.55884e-10
1.30784e-10
1.22503e-10
1.15865e-10
1.10395e-10
1.05628e-10
1.05452e-10
1.23774e-10
1.27689e-10
1.33884e-10
1.41045e-10
1.51152e-10
1.64757e-10
1.90311e-10
2.05071e-10
2.21784e-10
2.40597e-10
2.6037e-10
2.86735e-10
3.06545e-10
3.33557e-10
3.59935e-10
3.88989e-10
4.10859e-10
4.34409e-10
4.54558e-10
4.81104e-10
5.07975e-10
5.32455e-10
5.39861e-10
5.45232e-10
5.58866e-10
5.71372e-10
5.82604e-10
5.9782e-10
6.06817e-10
5.99469e-10
3.0612e-10
3.11478e-10
3.15695e-10
3.19884e-10
3.23766e-10
3.27197e-10
3.3011e-10
3.32516e-10
3.34521e-10
3.3641e-10
3.38858e-10
3.43388e-10
3.53184e-10
3.73685e-10
4.05128e-10
3.84257e-10
2.43199e-10
1.33408e-10
7.97678e-11
5.41462e-11
4.31577e-11
4.15098e-11
4.83339e-11
6.51388e-11
9.58416e-11
1.4537e-10
2.13139e-10
2.7351e-10
2.91279e-10
2.76093e-10
2.53949e-10
2.35029e-10
2.1999e-10
2.08202e-10
1.98519e-10
1.90364e-10
1.82948e-10
1.75804e-10
1.68833e-10
1.61698e-10
1.54104e-10
1.46026e-10
1.37185e-10
1.27792e-10
1.17642e-10
1.0684e-10
9.51397e-11
8.37068e-11
7.38027e-11
6.66491e-11
6.01472e-11
5.44564e-11
4.92473e-11
4.34739e-11
3.90135e-11
3.4636e-11
3.0989e-11
2.75812e-11
2.48744e-11
2.1858e-11
2.07087e-11
2.03775e-11
2.44564e-11
4.30989e-11
1.29432e-10
8.59445e-05
0.00121677
0.294709
1.85089
5.43845
7.29396
8.15776
7.91794
7.50434
7.84946
8.86656
9.14344
8.53491
7.672
7.08654
6.85588
6.50488
6.01489
5.42398
4.97651
5.02613
4.23513
3.16616
2.51427
1.93873
1.5469
1.12114
1.0215
0.197496
0.0602475
0.0226581
0.00861073
0.00310902
0.000915431
0.000179461
9.66187e-08
3.86442e-10
2.88489e-10
2.39514e-10
2.03966e-10
1.73184e-10
1.46881e-10
1.28097e-10
1.14132e-10
1.0853e-10
1.037e-10
9.95367e-11
9.6044e-11
9.67324e-11
1.13792e-10
1.17415e-10
1.2345e-10
1.29789e-10
1.39344e-10
1.51798e-10
1.74205e-10
1.8803e-10
2.04259e-10
2.20171e-10
2.39899e-10
2.59589e-10
2.84754e-10
3.06416e-10
3.37149e-10
3.70233e-10
4.01402e-10
4.26985e-10
4.49566e-10
4.83251e-10
5.14971e-10
5.51902e-10
5.78396e-10
5.90501e-10
6.07085e-10
6.38412e-10
6.68297e-10
6.97412e-10
6.96527e-10
6.9529e-10
7.06708e-10
7.18057e-10
7.28547e-10
7.43546e-10
7.53685e-10
7.37891e-10
2.82462e-10
2.87223e-10
2.90966e-10
2.94624e-10
2.97945e-10
3.00797e-10
3.03121e-10
3.04917e-10
3.0623e-10
3.07151e-10
3.07883e-10
3.08895e-10
3.11236e-10
3.17098e-10
3.30588e-10
3.56419e-10
3.74638e-10
2.90273e-10
1.65857e-10
9.62656e-11
6.28569e-11
4.75784e-11
4.31813e-11
4.75388e-11
6.14935e-11
8.82338e-11
1.31314e-10
1.90233e-10
2.45345e-10
2.67904e-10
2.61564e-10
2.45604e-10
2.3009e-10
2.17591e-10
2.07597e-10
1.99404e-10
1.92548e-10
1.86736e-10
1.81275e-10
1.75904e-10
1.70292e-10
1.64165e-10
1.57573e-10
1.50141e-10
1.41538e-10
1.31484e-10
1.20206e-10
1.08197e-10
9.5702e-11
8.42278e-11
7.5625e-11
6.93532e-11
6.34761e-11
5.66626e-11
5.13126e-11
4.58253e-11
4.10928e-11
3.68109e-11
3.32031e-11
2.93399e-11
2.65772e-11
2.30412e-11
2.17737e-11
2.07384e-11
2.40253e-11
3.45002e-11
8.21226e-11
8.8501e-10
0.00043466
0.00227112
2.05477
2.14027
2.40117
3.86989
5.23973
6.09902
6.17694
5.47842
4.64889
4.25393
3.59691
2.9922
2.40465
1.81777
1.38828
1.26086
0.469952
0.0916522
0.0299777
0.0104079
0.00315549
0.000793954
0.000148546
4.54803e-10
3.01493e-10
2.34966e-10
1.97064e-10
1.67999e-10
1.42377e-10
1.21517e-10
1.04011e-10
9.85232e-11
9.47439e-11
9.1631e-11
8.83647e-11
8.55315e-11
8.48931e-11
8.96053e-11
1.03451e-10
1.07417e-10
1.13207e-10
1.19485e-10
1.28751e-10
1.40529e-10
1.60148e-10
1.7272e-10
1.87939e-10
2.02946e-10
2.22028e-10
2.41033e-10
2.62282e-10
2.79833e-10
3.07103e-10
3.35889e-10
3.69484e-10
3.9829e-10
4.20115e-10
4.44936e-10
4.8377e-10
5.24213e-10
5.63571e-10
5.80514e-10
5.99939e-10
6.3852e-10
6.74572e-10
7.18092e-10
7.50219e-10
7.52889e-10
7.64554e-10
7.9825e-10
8.29278e-10
8.59342e-10
8.52196e-10
8.46027e-10
8.53478e-10
8.64423e-10
8.73933e-10
8.88169e-10
8.97241e-10
8.74464e-10
2.62167e-10
2.66475e-10
2.69865e-10
2.73123e-10
2.76017e-10
2.7843e-10
2.80308e-10
2.81669e-10
2.82562e-10
2.83027e-10
2.83128e-10
2.83013e-10
2.83017e-10
2.83876e-10
2.87113e-10
2.95695e-10
3.14228e-10
3.40847e-10
3.18316e-10
2.04465e-10
1.17528e-10
7.40991e-11
5.3438e-11
4.58594e-11
4.75844e-11
5.88024e-11
8.18959e-11
1.19802e-10
1.71539e-10
2.2157e-10
2.46721e-10
2.4651e-10
2.35806e-10
2.23751e-10
2.134e-10
2.05006e-10
1.98345e-10
1.92889e-10
1.8841e-10
1.8468e-10
1.8097e-10
1.77042e-10
1.729e-10
1.67982e-10
1.61878e-10
1.54137e-10
1.44737e-10
1.33927e-10
1.22267e-10
1.10483e-10
9.89819e-11
8.81242e-11
8.06341e-11
7.30928e-11
6.71167e-11
6.05533e-11
5.49234e-11
4.95017e-11
4.48778e-11
4.00109e-11
3.63844e-11
3.18212e-11
2.92303e-11
2.48737e-11
2.36225e-11
2.15992e-11
2.35055e-11
2.78346e-11
4.74406e-11
1.07545e-10
7.26491e-06
0.000372069
0.00146396
0.0544968
1.68871
1.85401
1.83991
1.51719
1.12386
0.975448
0.281448
0.0807461
0.027951
0.00937621
0.00265283
0.000447373
1.50007e-07
3.03362e-10
2.20856e-10
1.77079e-10
1.4379e-10
1.17223e-10
9.88393e-11
8.48468e-11
8.09131e-11
7.8065e-11
7.57262e-11
7.3617e-11
7.22127e-11
7.3569e-11
8.57916e-11
8.87048e-11
9.37229e-11
9.83106e-11
1.03818e-10
1.11244e-10
1.20971e-10
1.32691e-10
1.48553e-10
1.59963e-10
1.73819e-10
1.87961e-10
2.0586e-10
2.2331e-10
2.40326e-10
2.55527e-10
2.80484e-10
3.07525e-10
3.39627e-10
3.67459e-10
3.86318e-10
4.07037e-10
4.40888e-10
4.76577e-10
5.18654e-10
5.54271e-10
5.67148e-10
5.89402e-10
6.34259e-10
6.80212e-10
7.25709e-10
7.37929e-10
7.55711e-10
7.97113e-10
8.35443e-10
8.83044e-10
9.1662e-10
9.14208e-10
9.23195e-10
9.56179e-10
9.8841e-10
1.01602e-09
1.00503e-09
9.96828e-10
9.99084e-10
1.00934e-09
1.01783e-09
1.03088e-09
1.03647e-09
1.00825e-09
2.44611e-10
2.48571e-10
2.51698e-10
2.54649e-10
2.57211e-10
2.59273e-10
2.60786e-10
2.61795e-10
2.62375e-10
2.6256e-10
2.6237e-10
2.61851e-10
2.61113e-10
2.6041e-10
2.60281e-10
2.61814e-10
2.6709e-10
2.79688e-10
3.02781e-10
3.15452e-10
2.42989e-10
1.4448e-10
8.85981e-11
6.12551e-11
4.97331e-11
4.8575e-11
5.70059e-11
7.65255e-11
1.09727e-10
1.55023e-10
2.00745e-10
2.27352e-10
2.31745e-10
2.25215e-10
2.16166e-10
2.07836e-10
2.00997e-10
1.9567e-10
1.91627e-10
1.88386e-10
1.85829e-10
1.83815e-10
1.81875e-10
1.79482e-10
1.76097e-10
1.71454e-10
1.65115e-10
1.57286e-10
1.48278e-10
1.3869e-10
1.28465e-10
1.17239e-10
1.06008e-10
9.34695e-11
8.6674e-11
7.92966e-11
7.30433e-11
6.65126e-11
6.09273e-11
5.48624e-11
5.01313e-11
4.44982e-11
4.07937e-11
3.57247e-11
3.285e-11
2.82857e-11
2.62392e-11
2.42239e-11
2.26854e-11
2.57149e-11
3.06733e-11
5.07383e-11
1.0272e-10
2.36742e-10
8.9314e-05
0.000262175
0.000764687
0.001257
0.00068868
0.000211022
4.14027e-10
2.48952e-10
1.79197e-10
1.40152e-10
1.10035e-10
8.62198e-11
6.96291e-11
6.56525e-11
6.30002e-11
6.08894e-11
5.88858e-11
5.76054e-11
5.9302e-11
7.03653e-11
7.37023e-11
7.87056e-11
8.36158e-11
8.91722e-11
9.64683e-11
1.05163e-10
1.17534e-10
1.26654e-10
1.37589e-10
1.48649e-10
1.61201e-10
1.75419e-10
1.90701e-10
2.04594e-10
2.18363e-10
2.33884e-10
2.57614e-10
2.8321e-10
3.12489e-10
3.36997e-10
3.51289e-10
3.69526e-10
4.00735e-10
4.34793e-10
4.74658e-10
5.08172e-10
5.20284e-10
5.38636e-10
5.76873e-10
6.18272e-10
6.67529e-10
7.08391e-10
7.17265e-10
7.39291e-10
7.87072e-10
8.3621e-10
8.83278e-10
8.93342e-10
9.11146e-10
9.53273e-10
9.94002e-10
1.04482e-09
1.07579e-09
1.07149e-09
1.08182e-09
1.11137e-09
1.14357e-09
1.16627e-09
1.15378e-09
1.14471e-09
1.14349e-09
1.15078e-09
1.15854e-09
1.17035e-09
1.16983e-09
1.1379e-09
2.29305e-10
2.33002e-10
2.35939e-10
2.38655e-10
2.40954e-10
2.42732e-10
2.43924e-10
2.44611e-10
2.44928e-10
2.44904e-10
2.44538e-10
2.43841e-10
2.42848e-10
2.41651e-10
2.40465e-10
2.39713e-10
2.40181e-10
2.43307e-10
2.51698e-10
2.69041e-10
2.91415e-10
2.67889e-10
1.76452e-10
1.07076e-10
7.14027e-11
5.4991e-11
5.05715e-11
5.59616e-11
7.20144e-11
1.00838e-10
1.41174e-10
1.83014e-10
2.1001e-10
2.17795e-10
2.14525e-10
2.08033e-10
2.01408e-10
1.96109e-10
1.91995e-10
1.88968e-10
1.86951e-10
1.85426e-10
1.84718e-10
1.8406e-10
1.83127e-10
1.81617e-10
1.78717e-10
1.74727e-10
1.69586e-10
1.63815e-10
1.57004e-10
1.48806e-10
1.39148e-10
1.26341e-10
1.15045e-10
1.02804e-10
9.60702e-11
8.86183e-11
8.22264e-11
7.49805e-11
6.90779e-11
6.23435e-11
5.7171e-11
5.13924e-11
4.64867e-11
4.16264e-11
3.76756e-11
3.39941e-11
2.99333e-11
2.80413e-11
2.54029e-11
2.36812e-11
2.62501e-11
2.91883e-11
3.79693e-11
5.95804e-11
8.00406e-11
7.71166e-11
6.56223e-11
5.70436e-11
4.97836e-11
4.78993e-11
4.67221e-11
4.5699e-11
4.45666e-11
4.40362e-11
5.17773e-11
5.4222e-11
5.85913e-11
6.29097e-11
6.82478e-11
7.51943e-11
8.33116e-11
9.47287e-11
1.03688e-10
1.14313e-10
1.25511e-10
1.37182e-10
1.50586e-10
1.62673e-10
1.7177e-10
1.81111e-10
1.97298e-10
2.15711e-10
2.37858e-10
2.60775e-10
2.83641e-10
3.00372e-10
3.12386e-10
3.31414e-10
3.61975e-10
3.94818e-10
4.31303e-10
4.60352e-10
4.69919e-10
4.86506e-10
5.21618e-10
5.61317e-10
6.07478e-10
6.44511e-10
6.54905e-10
6.74056e-10
7.15767e-10
7.60982e-10
8.14865e-10
8.55672e-10
8.64286e-10
8.88454e-10
9.36942e-10
9.88932e-10
1.03412e-09
1.04458e-09
1.06558e-09
1.10657e-09
1.14895e-09
1.20138e-09
1.22772e-09
1.22376e-09
1.23675e-09
1.26285e-09
1.2927e-09
1.31079e-09
1.29746e-09
1.28649e-09
1.28492e-09
1.28845e-09
1.29411e-09
1.30406e-09
1.2962e-09
1.26199e-09
2.15825e-10
2.19339e-10
2.22174e-10
2.24727e-10
2.26835e-10
2.28398e-10
2.29278e-10
2.29607e-10
2.29675e-10
2.2948e-10
2.2899e-10
2.28199e-10
2.27105e-10
2.2574e-10
2.24211e-10
2.22733e-10
2.21653e-10
2.21512e-10
2.23296e-10
2.28849e-10
2.41167e-10
2.61809e-10
2.6935e-10
2.08386e-10
1.30184e-10
8.45093e-11
6.20483e-11
5.38363e-11
5.59987e-11
6.86938e-11
9.32944e-11
1.29111e-10
1.67333e-10
1.94378e-10
2.0462e-10
2.04204e-10
1.99734e-10
1.94819e-10
1.90532e-10
1.87537e-10
1.85581e-10
1.84182e-10
1.83874e-10
1.83955e-10
1.84243e-10
1.84577e-10
1.84616e-10
1.84253e-10
1.8308e-10
1.81737e-10
1.79433e-10
1.75964e-10
1.70596e-10
1.62146e-10
1.53477e-10
1.40635e-10
1.28653e-10
1.17184e-10
1.09968e-10
1.01539e-10
9.45355e-11
8.67241e-11
7.98444e-11
7.35647e-11
6.64205e-11
6.12815e-11
5.49982e-11
4.98964e-11
4.60847e-11
4.19616e-11
3.72632e-11
3.37034e-11
3.10813e-11
2.9073e-11
2.57184e-11
2.56872e-11
2.64187e-11
2.76544e-11
2.91053e-11
3.0798e-11
3.64231e-11
3.87093e-11
4.24368e-11
4.61947e-11
5.10898e-11
5.70989e-11
6.52212e-11
7.23336e-11
8.11968e-11
9.05396e-11
1.00933e-10
1.12965e-10
1.23881e-10
1.3285e-10
1.43329e-10
1.59936e-10
1.78897e-10
1.98583e-10
2.18654e-10
2.34106e-10
2.41963e-10
2.53403e-10
2.73664e-10
2.9712e-10
3.25756e-10
3.54106e-10
3.82011e-10
4.0032e-10
4.1008e-10
4.29036e-10
4.64585e-10
5.02918e-10
5.45565e-10
5.77074e-10
5.86757e-10
6.05995e-10
6.44442e-10
6.88222e-10
7.38337e-10
7.74389e-10
7.86075e-10
8.08629e-10
8.51822e-10
9.00331e-10
9.57822e-10
9.95021e-10
1.00625e-09
1.03546e-09
1.08343e-09
1.13658e-09
1.17785e-09
1.19066e-09
1.21504e-09
1.25595e-09
1.2989e-09
1.34943e-09
1.37395e-09
1.36968e-09
1.38372e-09
1.40956e-09
1.43622e-09
1.44991e-09
1.43401e-09
1.42098e-09
1.4198e-09
1.42097e-09
1.42316e-09
1.42954e-09
1.41646e-09
1.37879e-09
2.03182e-10
2.06997e-10
2.10023e-10
2.12582e-10
2.14651e-10
2.16238e-10
2.16943e-10
2.16497e-10
2.16153e-10
2.15817e-10
2.1525e-10
2.14422e-10
2.13299e-10
2.11875e-10
2.10216e-10
2.08489e-10
2.06922e-10
2.05748e-10
2.05314e-10
2.0629e-10
2.09952e-10
2.18532e-10
2.3471e-10
2.5285e-10
2.30178e-10
1.57202e-10
1.01202e-10
7.14847e-11
5.86129e-11
5.72141e-11
6.63403e-11
8.67894e-11
1.18303e-10
1.53526e-10
1.80301e-10
1.92537e-10
1.94315e-10
1.91718e-10
1.88138e-10
1.84995e-10
1.82664e-10
1.81216e-10
1.81019e-10
1.81259e-10
1.82002e-10
1.83161e-10
1.846e-10
1.86227e-10
1.87954e-10
1.9024e-10
1.92103e-10
1.93509e-10
1.93608e-10
1.91736e-10
1.88963e-10
1.81849e-10
1.73817e-10
1.61063e-10
1.47924e-10
1.36826e-10
1.28627e-10
1.19487e-10
1.10815e-10
1.04099e-10
9.43689e-11
8.93066e-11
8.08261e-11
7.39336e-11
7.05663e-11
6.32069e-11
5.7256e-11
5.51984e-11
4.97676e-11
4.54449e-11
4.13903e-11
3.97751e-11
3.84731e-11
3.87581e-11
4.08206e-11
4.3871e-11
4.85717e-11
5.3743e-11
6.03959e-11
6.77895e-11
7.70979e-11
8.61978e-11
9.27388e-11
9.99334e-11
1.11603e-10
1.25595e-10
1.41529e-10
1.58795e-10
1.72815e-10
1.81781e-10
1.94932e-10
2.16003e-10
2.40321e-10
2.65467e-10
2.89923e-10
3.07415e-10
3.14585e-10
3.26584e-10
3.48433e-10
3.76166e-10
4.09657e-10
4.42495e-10
4.74441e-10
4.94279e-10
5.06091e-10
5.28175e-10
5.67256e-10
6.09655e-10
6.56199e-10
6.86387e-10
6.99411e-10
7.23574e-10
7.64296e-10
8.11281e-10
8.638e-10
8.97423e-10
9.12422e-10
9.40187e-10
9.8498e-10
1.0356e-09
1.09401e-09
1.1285e-09
1.14293e-09
1.17733e-09
1.2247e-09
1.27708e-09
1.31568e-09
1.32941e-09
1.35595e-09
1.3997e-09
1.44172e-09
1.48876e-09
1.51329e-09
1.50662e-09
1.52199e-09
1.5479e-09
1.5719e-09
1.58197e-09
1.56137e-09
1.54685e-09
1.54562e-09
1.54579e-09
1.5446e-09
1.5462e-09
1.5292e-09
1.48665e-09
1.89542e-10
1.92903e-10
1.98656e-10
2.02434e-10
2.05362e-10
2.09323e-10
2.0776e-10
2.0262e-10
2.02559e-10
2.03157e-10
2.02774e-10
2.02083e-10
2.01041e-10
1.99635e-10
1.97909e-10
1.96046e-10
1.94317e-10
1.9285e-10
1.91741e-10
1.91214e-10
1.91719e-10
1.94144e-10
2.00122e-10
2.12106e-10
2.30248e-10
2.3397e-10
1.84104e-10
1.21715e-10
8.37045e-11
6.51619e-11
5.98149e-11
6.5161e-11
8.16323e-11
1.08927e-10
1.41438e-10
1.67665e-10
1.81429e-10
1.85181e-10
1.84076e-10
1.81655e-10
1.79473e-10
1.77825e-10
1.77184e-10
1.77046e-10
1.78098e-10
1.79449e-10
1.81365e-10
1.83911e-10
1.86676e-10
1.90463e-10
1.94861e-10
1.99594e-10
2.0426e-10
2.08398e-10
2.11864e-10
2.12893e-10
2.12823e-10
2.07776e-10
2.00384e-10
1.87692e-10
1.73236e-10
1.63643e-10
1.53606e-10
1.46081e-10
1.33555e-10
1.2895e-10
1.18015e-10
1.09491e-10
1.06928e-10
9.65754e-11
8.89561e-11
8.90906e-11
8.01704e-11
7.22698e-11
7.0345e-11
7.16098e-11
7.00502e-11
6.94995e-11
7.05158e-11
7.31786e-11
7.58735e-11
8.03511e-11
8.83288e-11
9.85435e-11
1.11263e-10
1.21874e-10
1.28497e-10
1.38067e-10
1.52345e-10
1.69407e-10
1.88629e-10
2.09037e-10
2.24688e-10
2.33986e-10
2.48464e-10
2.71793e-10
3.00238e-10
3.29066e-10
3.56104e-10
3.74247e-10
3.83768e-10
3.99574e-10
4.24203e-10
4.55566e-10
4.92571e-10
5.28338e-10
5.61847e-10
5.83442e-10
5.98645e-10
6.2576e-10
6.67002e-10
7.12535e-10
7.60548e-10
7.90807e-10
8.07747e-10
8.37204e-10
8.80933e-10
9.30095e-10
9.82568e-10
1.01626e-09
1.03359e-09
1.06573e-09
1.11364e-09
1.1649e-09
1.22191e-09
1.2577e-09
1.27222e-09
1.31027e-09
1.35865e-09
1.40888e-09
1.44639e-09
1.45895e-09
1.4878e-09
1.53407e-09
1.57501e-09
1.61958e-09
1.64237e-09
1.6336e-09
1.65023e-09
1.67517e-09
1.69595e-09
1.7039e-09
1.67877e-09
1.66361e-09
1.6614e-09
1.6601e-09
1.6561e-09
1.65327e-09
1.63201e-09
1.58408e-09
1.78382e-10
1.82286e-10
1.91652e-10
1.95845e-10
1.97008e-10
2.00633e-10
1.98051e-10
1.92112e-10
1.89947e-10
1.8868e-10
1.89435e-10
1.90403e-10
1.89984e-10
1.88847e-10
1.87157e-10
1.85029e-10
1.83111e-10
1.81612e-10
1.80366e-10
1.79419e-10
1.78915e-10
1.79163e-10
1.80801e-10
1.85033e-10
1.9378e-10
2.08737e-10
2.23105e-10
2.0295e-10
1.45204e-10
9.91856e-11
7.40622e-11
6.40755e-11
6.54079e-11
7.7763e-11
1.00763e-10
1.30303e-10
1.56032e-10
1.71087e-10
1.76644e-10
1.77023e-10
1.75628e-10
1.74073e-10
1.73314e-10
1.72991e-10
1.73419e-10
1.74345e-10
1.76526e-10
1.79316e-10
1.82222e-10
1.8636e-10
1.91391e-10
1.96946e-10
2.03735e-10
2.11168e-10
2.18692e-10
2.25907e-10
2.33466e-10
2.38008e-10
2.40425e-10
2.37685e-10
2.32476e-10
2.2188e-10
2.07709e-10
2.03167e-10
1.89713e-10
1.85901e-10
1.71966e-10
1.6261e-10
1.61218e-10
1.47411e-10
1.38827e-10
1.42324e-10
1.30627e-10
1.18813e-10
1.21363e-10
1.29338e-10
1.29952e-10
1.24605e-10
1.19807e-10
1.1732e-10
1.15706e-10
1.20066e-10
1.29716e-10
1.417e-10
1.55841e-10
1.66297e-10
1.71907e-10
1.82286e-10
1.98032e-10
2.16492e-10
2.37528e-10
2.59189e-10
2.75644e-10
2.86277e-10
3.04186e-10
3.2985e-10
3.61534e-10
3.92222e-10
4.20329e-10
4.39209e-10
4.51533e-10
4.7099e-10
4.98871e-10
5.32952e-10
5.72542e-10
6.10726e-10
6.44613e-10
6.6905e-10
6.87603e-10
7.19967e-10
7.63887e-10
8.11712e-10
8.59094e-10
8.91818e-10
9.11351e-10
9.44936e-10
9.92876e-10
1.0431e-09
1.09447e-09
1.1296e-09
1.14831e-09
1.18401e-09
1.23516e-09
1.28647e-09
1.34184e-09
1.37787e-09
1.39301e-09
1.43343e-09
1.48191e-09
1.53034e-09
1.56724e-09
1.57928e-09
1.60987e-09
1.65662e-09
1.69661e-09
1.73838e-09
1.75958e-09
1.75023e-09
1.76724e-09
1.79022e-09
1.80734e-09
1.81327e-09
1.78556e-09
1.76974e-09
1.76566e-09
1.76262e-09
1.75568e-09
1.7482e-09
1.72288e-09
1.67023e-09
1.70307e-10
1.79098e-10
1.87268e-10
1.90385e-10
1.87397e-10
1.84123e-10
1.845e-10
1.87433e-10
1.83909e-10
1.78263e-10
1.76063e-10
1.77716e-10
1.79994e-10
1.81182e-10
1.79272e-10
1.74021e-10
1.71488e-10
1.71082e-10
1.7019e-10
1.69317e-10
1.68601e-10
1.68177e-10
1.683e-10
1.69481e-10
1.72599e-10
1.79056e-10
1.90636e-10
2.06272e-10
2.07788e-10
1.68081e-10
1.17937e-10
8.57318e-11
7.02437e-11
6.72334e-11
7.51761e-11
9.39054e-11
1.20228e-10
1.45551e-10
1.61589e-10
1.68644e-10
1.70449e-10
1.70039e-10
1.69284e-10
1.68726e-10
1.68911e-10
1.69693e-10
1.71168e-10
1.73397e-10
1.76162e-10
1.80206e-10
1.85195e-10
1.90387e-10
1.97014e-10
2.04953e-10
2.13615e-10
2.22939e-10
2.339e-10
2.44234e-10
2.5395e-10
2.61778e-10
2.69191e-10
2.72032e-10
2.7111e-10
2.68495e-10
2.57956e-10
2.6356e-10
2.51004e-10
2.44057e-10
2.44514e-10
2.27249e-10
2.20514e-10
2.29327e-10
2.13941e-10
1.99407e-10
2.1224e-10
2.32814e-10
2.34134e-10
2.15199e-10
1.94823e-10
1.80515e-10
1.72043e-10
1.73487e-10
1.82208e-10
1.93416e-10
2.06265e-10
2.14304e-10
2.18823e-10
2.30102e-10
2.47666e-10
2.68159e-10
2.90139e-10
3.11697e-10
3.28207e-10
3.40098e-10
3.60602e-10
3.89675e-10
4.23002e-10
4.54788e-10
4.83145e-10
5.03066e-10
5.17804e-10
5.40561e-10
5.72088e-10
6.08591e-10
6.4983e-10
6.89651e-10
7.24555e-10
7.50554e-10
7.73116e-10
8.09561e-10
8.56672e-10
9.05547e-10
9.52864e-10
9.86546e-10
1.0096e-09
1.04676e-09
1.0972e-09
1.14839e-09
1.19915e-09
1.23437e-09
1.25591e-09
1.29435e-09
1.34686e-09
1.39819e-09
1.45174e-09
1.48752e-09
1.50438e-09
1.54588e-09
1.59336e-09
1.63987e-09
1.67584e-09
1.68897e-09
1.72052e-09
1.76631e-09
1.80507e-09
1.8438e-09
1.86331e-09
1.85489e-09
1.87146e-09
1.89167e-09
1.90522e-09
1.90873e-09
1.88009e-09
1.86355e-09
1.85699e-09
1.85169e-09
1.84155e-09
1.82924e-09
1.79968e-09
1.74365e-09
1.66733e-10
1.70147e-10
1.72825e-10
1.77518e-10
1.79985e-10
1.78971e-10
1.77048e-10
1.76044e-10
1.76304e-10
1.74382e-10
1.6787e-10
1.67319e-10
1.72581e-10
1.74554e-10
1.71135e-10
1.65275e-10
1.61511e-10
1.59724e-10
1.59549e-10
1.59943e-10
1.59604e-10
1.59127e-10
1.58787e-10
1.58907e-10
1.59912e-10
1.62376e-10
1.67251e-10
1.76008e-10
1.89466e-10
2.00617e-10
1.84039e-10
1.38749e-10
1.00401e-10
7.87605e-11
7.09485e-11
7.4308e-11
8.85177e-11
1.11148e-10
1.35321e-10
1.52606e-10
1.61117e-10
1.64028e-10
1.64725e-10
1.6465e-10
1.6447e-10
1.64844e-10
1.65995e-10
1.68056e-10
1.70245e-10
1.73484e-10
1.77505e-10
1.82199e-10
1.88234e-10
1.95649e-10
2.03247e-10
2.11742e-10
2.22515e-10
2.34151e-10
2.45752e-10
2.57683e-10
2.71477e-10
2.84338e-10
2.96762e-10
3.08815e-10
3.16314e-10
3.30686e-10
3.32185e-10
3.48625e-10
3.63458e-10
3.51602e-10
3.56372e-10
3.75165e-10
3.56809e-10
3.49704e-10
3.89787e-10
4.22488e-10
3.98379e-10
3.37479e-10
2.84892e-10
2.53918e-10
2.36167e-10
2.34932e-10
2.42018e-10
2.5146e-10
2.61812e-10
2.6717e-10
2.70924e-10
2.82973e-10
3.0133e-10
3.2275e-10
3.44912e-10
3.65861e-10
3.82381e-10
3.95437e-10
4.18218e-10
4.49654e-10
4.84716e-10
5.16741e-10
5.44884e-10
5.65853e-10
5.83258e-10
6.08943e-10
6.42917e-10
6.81665e-10
7.24149e-10
7.64533e-10
8.00347e-10
8.28472e-10
8.55027e-10
8.94578e-10
9.43412e-10
9.93017e-10
1.04016e-09
1.07514e-09
1.10179e-09
1.14173e-09
1.19326e-09
1.24471e-09
1.29459e-09
1.33024e-09
1.35507e-09
1.39537e-09
1.44787e-09
1.49863e-09
1.54999e-09
1.58543e-09
1.6048e-09
1.64637e-09
1.69195e-09
1.73635e-09
1.7712e-09
1.78636e-09
1.81829e-09
1.86207e-09
1.89918e-09
1.93471e-09
1.95262e-09
1.94592e-09
1.96146e-09
1.97839e-09
1.98853e-09
1.98935e-09
1.96079e-09
1.9435e-09
1.93403e-09
1.92593e-09
1.91227e-09
1.895e-09
1.86111e-09
1.80269e-09
1.63415e-10
1.64315e-10
1.63927e-10
1.65478e-10
1.71333e-10
1.745e-10
1.72069e-10
1.68464e-10
1.66342e-10
1.6309e-10
1.60213e-10
1.61221e-10
1.65419e-10
1.64807e-10
1.60381e-10
1.59302e-10
1.56649e-10
1.52316e-10
1.4965e-10
1.49748e-10
1.51138e-10
1.5122e-10
1.5084e-10
1.50589e-10
1.50897e-10
1.51959e-10
1.54028e-10
1.57766e-10
1.64317e-10
1.7494e-10
1.87937e-10
1.88625e-10
1.5824e-10
1.17869e-10
9.01488e-11
7.68416e-11
7.53709e-11
8.45745e-11
1.03087e-10
1.25204e-10
1.43033e-10
1.52907e-10
1.57375e-10
1.58875e-10
1.5955e-10
1.60201e-10
1.60982e-10
1.62539e-10
1.64267e-10
1.67094e-10
1.70748e-10
1.7449e-10
1.79341e-10
1.85163e-10
1.9196e-10
1.99119e-10
2.08345e-10
2.18869e-10
2.29171e-10
2.40261e-10
2.54302e-10
2.69103e-10
2.84573e-10
3.00962e-10
3.20061e-10
3.44427e-10
3.61146e-10
3.88711e-10
4.2341e-10
4.54891e-10
5.07525e-10
5.47702e-10
5.42957e-10
5.82166e-10
6.70373e-10
6.56235e-10
5.61502e-10
4.53622e-10
3.79141e-10
3.33471e-10
3.09021e-10
3.03386e-10
3.07576e-10
3.13649e-10
3.20254e-10
3.22721e-10
3.261e-10
3.38616e-10
3.57218e-10
3.78985e-10
4.00794e-10
4.20961e-10
4.37432e-10
4.52025e-10
4.76669e-10
5.09342e-10
5.4498e-10
5.77073e-10
6.05239e-10
6.27002e-10
6.47042e-10
6.75062e-10
7.10675e-10
7.50805e-10
7.93777e-10
8.34353e-10
8.70799e-10
9.01109e-10
9.314e-10
9.73083e-10
1.02251e-09
1.0721e-09
1.11873e-09
1.15501e-09
1.1853e-09
1.22718e-09
1.27852e-09
1.3294e-09
1.37797e-09
1.41417e-09
1.4423e-09
1.48369e-09
1.53501e-09
1.58446e-09
1.63323e-09
1.66823e-09
1.69027e-09
1.73115e-09
1.77422e-09
1.81628e-09
1.8498e-09
1.86729e-09
1.89915e-09
1.94021e-09
1.97518e-09
2.00735e-09
2.0237e-09
2.01905e-09
2.03317e-09
2.04656e-09
2.05339e-09
2.05137e-09
2.02349e-09
2.00546e-09
1.99287e-09
1.9815e-09
1.96393e-09
1.9416e-09
1.9033e-09
1.84321e-09
1.55972e-10
1.58488e-10
1.60166e-10
1.60187e-10
1.59667e-10
1.62867e-10
1.66117e-10
1.63101e-10
1.56959e-10
1.53727e-10
1.54503e-10
1.54671e-10
1.53611e-10
1.54962e-10
1.54891e-10
1.5156e-10
1.49709e-10
1.48971e-10
1.44723e-10
1.41363e-10
1.42793e-10
1.44484e-10
1.44338e-10
1.43688e-10
1.43626e-10
1.44403e-10
1.45589e-10
1.47362e-10
1.50227e-10
1.55089e-10
1.63216e-10
1.74872e-10
1.83713e-10
1.71365e-10
1.36482e-10
1.04356e-10
8.53349e-11
7.88652e-11
8.30693e-11
9.70266e-11
1.16545e-10
1.34449e-10
1.4583e-10
1.51416e-10
1.54063e-10
1.55326e-10
1.56518e-10
1.57926e-10
1.59346e-10
1.61529e-10
1.6443e-10
1.67405e-10
1.71496e-10
1.76582e-10
1.81987e-10
1.87776e-10
1.94928e-10
2.0291e-10
2.11783e-10
2.20617e-10
2.32195e-10
2.45196e-10
2.58276e-10
2.71996e-10
2.89446e-10
3.09824e-10
3.28227e-10
3.52055e-10
3.75504e-10
3.98804e-10
4.43949e-10
4.89554e-10
5.24267e-10
5.81104e-10
6.22544e-10
5.99667e-10
5.52672e-10
4.89966e-10
4.37292e-10
3.96208e-10
3.75303e-10
3.68758e-10
3.6963e-10
3.73343e-10
3.76992e-10
3.7787e-10
3.81736e-10
3.94695e-10
4.13089e-10
4.34426e-10
4.55277e-10
4.74488e-10
4.90966e-10
5.07197e-10
5.33122e-10
5.65837e-10
6.01069e-10
6.32704e-10
6.60713e-10
6.83186e-10
7.05598e-10
7.35287e-10
7.71587e-10
8.12018e-10
8.54518e-10
8.94666e-10
9.31363e-10
9.6361e-10
9.96944e-10
1.03972e-09
1.08855e-09
1.13719e-09
1.18277e-09
1.22009e-09
1.25348e-09
1.29633e-09
1.34638e-09
1.39573e-09
1.44243e-09
1.47896e-09
1.50987e-09
1.5515e-09
1.60063e-09
1.64793e-09
1.69365e-09
1.72792e-09
1.75233e-09
1.79189e-09
1.83202e-09
1.87147e-09
1.9034e-09
1.92312e-09
1.95444e-09
1.99227e-09
2.02463e-09
2.05329e-09
2.06808e-09
2.06554e-09
2.07798e-09
2.08775e-09
2.09144e-09
2.08655e-09
2.05979e-09
2.0411e-09
2.02536e-09
2.01036e-09
1.98853e-09
1.96111e-09
1.91845e-09
1.85738e-09
1.50457e-10
1.5343e-10
1.55855e-10
1.57397e-10
1.55786e-10
1.52718e-10
1.54165e-10
1.54867e-10
1.50474e-10
1.49738e-10
1.5094e-10
1.49024e-10
1.45466e-10
1.44746e-10
1.47343e-10
1.46539e-10
1.42841e-10
1.40871e-10
1.39246e-10
1.36815e-10
1.37486e-10
1.42339e-10
1.41603e-10
1.3549e-10
1.34663e-10
1.37637e-10
1.39291e-10
1.40615e-10
1.42119e-10
1.44234e-10
1.47879e-10
1.54196e-10
1.63916e-10
1.74825e-10
1.75249e-10
1.52249e-10
1.19971e-10
9.62767e-11
8.48219e-11
8.45153e-11
9.43236e-11
1.11894e-10
1.30027e-10
1.42721e-10
1.49431e-10
1.52604e-10
1.54386e-10
1.55547e-10
1.56561e-10
1.58389e-10
1.60554e-10
1.62782e-10
1.65892e-10
1.6984e-10
1.74092e-10
1.78608e-10
1.84313e-10
1.90973e-10
1.97658e-10
2.04597e-10
2.13041e-10
2.22202e-10
2.32692e-10
2.42791e-10
2.55688e-10
2.70763e-10
2.84352e-10
2.98964e-10
3.14146e-10
3.29046e-10
3.47159e-10
3.59732e-10
3.76403e-10
4.12915e-10
4.33772e-10
4.41432e-10
4.48814e-10
4.4625e-10
4.37259e-10
4.24283e-10
4.16798e-10
4.18981e-10
4.21422e-10
4.23849e-10
4.27431e-10
4.28937e-10
4.34327e-10
4.47869e-10
4.65873e-10
4.86339e-10
5.05994e-10
5.24269e-10
5.4081e-10
5.58411e-10
5.84836e-10
6.16587e-10
6.50518e-10
6.81329e-10
7.09044e-10
7.32006e-10
7.56165e-10
7.86719e-10
8.22867e-10
8.62662e-10
9.0396e-10
9.43246e-10
9.79879e-10
1.01357e-09
1.04896e-09
1.09183e-09
1.13924e-09
1.18629e-09
1.23054e-09
1.26849e-09
1.30404e-09
1.34694e-09
1.39499e-09
1.44221e-09
1.48679e-09
1.52335e-09
1.55617e-09
1.59722e-09
1.6436e-09
1.68825e-09
1.73086e-09
1.76426e-09
1.79037e-09
1.82819e-09
1.86537e-09
1.90213e-09
1.93248e-09
1.95384e-09
1.9841e-09
2.01854e-09
2.04804e-09
2.0733e-09
2.0866e-09
2.08575e-09
2.09617e-09
2.1025e-09
2.1032e-09
2.09567e-09
2.06995e-09
2.05034e-09
2.03145e-09
2.01257e-09
1.98635e-09
1.95404e-09
1.90739e-09
1.84573e-09
1.4646e-10
1.50618e-10
1.57061e-10
1.60166e-10
1.5457e-10
1.45827e-10
1.4058e-10
1.42765e-10
1.46385e-10
1.46325e-10
1.43677e-10
1.41557e-10
1.39862e-10
1.37372e-10
1.37645e-10
1.39753e-10
1.37709e-10
1.33687e-10
1.3134e-10
1.32479e-10
1.3677e-10
1.41265e-10
1.37898e-10
1.28627e-10
1.26159e-10
1.30464e-10
1.34043e-10
1.35969e-10
1.37318e-10
1.37908e-10
1.392e-10
1.42214e-10
1.47516e-10
1.55701e-10
1.66227e-10
1.7265e-10
1.61317e-10
1.33338e-10
1.07306e-10
9.18412e-11
8.76643e-11
9.3839e-11
1.09247e-10
1.27641e-10
1.41778e-10
1.49342e-10
1.53048e-10
1.54738e-10
1.55685e-10
1.56931e-10
1.58259e-10
1.59782e-10
1.62378e-10
1.65523e-10
1.68463e-10
1.72156e-10
1.76677e-10
1.82023e-10
1.87328e-10
1.92759e-10
1.9938e-10
2.07009e-10
2.1489e-10
2.22511e-10
2.31389e-10
2.41231e-10
2.51878e-10
2.6158e-10
2.72405e-10
2.82702e-10
2.92899e-10
3.00258e-10
3.07092e-10
3.19364e-10
3.26747e-10
3.41771e-10
3.63658e-10
3.84887e-10
4.02753e-10
4.15424e-10
4.26868e-10
4.40799e-10
4.54246e-10
4.61062e-10
4.67042e-10
4.72565e-10
4.81313e-10
4.96361e-10
5.14562e-10
5.34461e-10
5.53257e-10
5.70921e-10
5.87631e-10
6.06191e-10
6.32492e-10
6.62756e-10
6.95082e-10
7.25125e-10
7.52514e-10
7.75713e-10
8.00962e-10
8.31776e-10
8.67333e-10
9.06083e-10
9.46016e-10
9.84396e-10
1.02086e-09
1.05552e-09
1.09208e-09
1.13449e-09
1.18029e-09
1.22569e-09
1.26867e-09
1.30694e-09
1.34375e-09
1.3861e-09
1.43205e-09
1.47714e-09
1.51977e-09
1.55616e-09
1.59e-09
1.62999e-09
1.67368e-09
1.71577e-09
1.75564e-09
1.7882e-09
1.81533e-09
1.85145e-09
1.88593e-09
1.92017e-09
1.94908e-09
1.97129e-09
2.0001e-09
2.03134e-09
2.05804e-09
2.08021e-09
2.09201e-09
2.09201e-09
2.1001e-09
2.10326e-09
2.10108e-09
2.09107e-09
2.06576e-09
2.04474e-09
2.02264e-09
1.99973e-09
1.96915e-09
1.93215e-09
1.88192e-09
1.81966e-09
1.48893e-10
1.50517e-10
1.50894e-10
1.52312e-10
1.49488e-10
1.43249e-10
1.36788e-10
1.33848e-10
1.35172e-10
1.3694e-10
1.36269e-10
1.35166e-10
1.33981e-10
1.3254e-10
1.30439e-10
1.3069e-10
1.31011e-10
1.28373e-10
1.28152e-10
1.31284e-10
1.36009e-10
1.33163e-10
1.26508e-10
1.23787e-10
1.23891e-10
1.27168e-10
1.30286e-10
1.3378e-10
1.36542e-10
1.34477e-10
1.3215e-10
1.33846e-10
1.3791e-10
1.42808e-10
1.49859e-10
1.59321e-10
1.67635e-10
1.63776e-10
1.41879e-10
1.15871e-10
9.78769e-11
9.04226e-11
9.3475e-11
1.06164e-10
1.24003e-10
1.39033e-10
1.47705e-10
1.51805e-10
1.53723e-10
1.55023e-10
1.56113e-10
1.57378e-10
1.59388e-10
1.617e-10
1.64082e-10
1.67059e-10
1.71225e-10
1.75774e-10
1.79664e-10
1.84366e-10
1.89852e-10
1.96259e-10
2.02627e-10
2.08727e-10
2.15551e-10
2.23666e-10
2.31823e-10
2.38992e-10
2.46164e-10
2.52943e-10
2.61457e-10
2.66557e-10
2.71426e-10
2.79301e-10
2.87552e-10
2.96601e-10
3.10893e-10
3.32172e-10
3.60773e-10
3.8712e-10
4.12443e-10
4.36762e-10
4.60507e-10
4.80535e-10
4.9175e-10
5.03233e-10
5.17279e-10
5.35317e-10
5.54948e-10
5.75237e-10
5.94011e-10
6.11701e-10
6.28877e-10
6.482e-10
6.74065e-10
7.02657e-10
7.33366e-10
7.62701e-10
7.89648e-10
8.12836e-10
8.3864e-10
8.69292e-10
9.03987e-10
9.41468e-10
9.79956e-10
1.01735e-09
1.05347e-09
1.08859e-09
1.12562e-09
1.16718e-09
1.21127e-09
1.25497e-09
1.29666e-09
1.33483e-09
1.37213e-09
1.41351e-09
1.45736e-09
1.50033e-09
1.54108e-09
1.57699e-09
1.61112e-09
1.64977e-09
1.69089e-09
1.73053e-09
1.76797e-09
1.79958e-09
1.82736e-09
1.86249e-09
1.8941e-09
1.92588e-09
1.95338e-09
1.97581e-09
2.00297e-09
2.03122e-09
2.0552e-09
2.0745e-09
2.08473e-09
2.08486e-09
2.09051e-09
2.09073e-09
2.08581e-09
2.07344e-09
2.04805e-09
2.02532e-09
2.00009e-09
1.97321e-09
1.93828e-09
1.89658e-09
1.84324e-09
1.78047e-09
1.42361e-10
1.43615e-10
1.38239e-10
1.35929e-10
1.38875e-10
1.43865e-10
1.42974e-10
1.3426e-10
1.26923e-10
1.25882e-10
1.28726e-10
1.29072e-10
1.28527e-10
1.27695e-10
1.26167e-10
1.2451e-10
1.24534e-10
1.26118e-10
1.28353e-10
1.31905e-10
1.30658e-10
1.23766e-10
1.18664e-10
1.18391e-10
1.23828e-10
1.26735e-10
1.27579e-10
1.31729e-10
1.34932e-10
1.32378e-10
1.28979e-10
1.27902e-10
1.30784e-10
1.35205e-10
1.39655e-10
1.45762e-10
1.54088e-10
1.62504e-10
1.62671e-10
1.46254e-10
1.21694e-10
1.0246e-10
9.27244e-11
9.31723e-11
1.03175e-10
1.19948e-10
1.35155e-10
1.44618e-10
1.4942e-10
1.52003e-10
1.5359e-10
1.5497e-10
1.56669e-10
1.58545e-10
1.60666e-10
1.63305e-10
1.66845e-10
1.70556e-10
1.7394e-10
1.77872e-10
1.83154e-10
1.88774e-10
1.93439e-10
1.98763e-10
2.04556e-10
2.11419e-10
2.18026e-10
2.23917e-10
2.29602e-10
2.35807e-10
2.41283e-10
2.44288e-10
2.49164e-10
2.55718e-10
2.6336e-10
2.74417e-10
2.90764e-10
3.12279e-10
3.35635e-10
3.58199e-10
3.84017e-10
4.1542e-10
4.45075e-10
4.75229e-10
4.99494e-10
5.1617e-10
5.37058e-10
5.59674e-10
5.82253e-10
6.04272e-10
6.24191e-10
6.42789e-10
6.60919e-10
6.81038e-10
7.06402e-10
7.33353e-10
7.62575e-10
7.91185e-10
8.17502e-10
8.40478e-10
8.66401e-10
8.96546e-10
9.30138e-10
9.66149e-10
1.00307e-09
1.03931e-09
1.07479e-09
1.10987e-09
1.14672e-09
1.18707e-09
1.22929e-09
1.27114e-09
1.31136e-09
1.34897e-09
1.38605e-09
1.42609e-09
1.46773e-09
1.50849e-09
1.5473e-09
1.58238e-09
1.61618e-09
1.65326e-09
1.69185e-09
1.72905e-09
1.76419e-09
1.79471e-09
1.82329e-09
1.8579e-09
1.88433e-09
1.91337e-09
1.93942e-09
1.9616e-09
1.98696e-09
2.01234e-09
2.03361e-09
2.05014e-09
2.05865e-09
2.05841e-09
2.06158e-09
2.05902e-09
2.05149e-09
2.0369e-09
2.01114e-09
1.98667e-09
1.9585e-09
1.92782e-09
1.88852e-09
1.84364e-09
1.78857e-09
1.72567e-09
1.29032e-10
1.31171e-10
1.34979e-10
1.36077e-10
1.35619e-10
1.35103e-10
1.35767e-10
1.36836e-10
1.29867e-10
1.20648e-10
1.18587e-10
1.21278e-10
1.23106e-10
1.23159e-10
1.22842e-10
1.2231e-10
1.22695e-10
1.25386e-10
1.28148e-10
1.27098e-10
1.20811e-10
1.18495e-10
1.16974e-10
1.17456e-10
1.21797e-10
1.23505e-10
1.24325e-10
1.27207e-10
1.2908e-10
1.29806e-10
1.30293e-10
1.27164e-10
1.25851e-10
1.29743e-10
1.3367e-10
1.37555e-10
1.42888e-10
1.50219e-10
1.58205e-10
1.60468e-10
1.48184e-10
1.25704e-10
1.05976e-10
9.48331e-11
9.32283e-11
1.00952e-10
1.16231e-10
1.31589e-10
1.41873e-10
1.47431e-10
1.50532e-10
1.52582e-10
1.54365e-10
1.56094e-10
1.5807e-10
1.60465e-10
1.63477e-10
1.66648e-10
1.69754e-10
1.73303e-10
1.77912e-10
1.82621e-10
1.86713e-10
1.91165e-10
1.96883e-10
2.03069e-10
2.07999e-10
2.13137e-10
2.17911e-10
2.23556e-10
2.27814e-10
2.31376e-10
2.34753e-10
2.39349e-10
2.47479e-10
2.59202e-10
2.76387e-10
2.98826e-10
3.24765e-10
3.51464e-10
3.78331e-10
4.04405e-10
4.28346e-10
4.5195e-10
4.86817e-10
5.13947e-10
5.39225e-10
5.67923e-10
5.95114e-10
6.20434e-10
6.42887e-10
6.63463e-10
6.83208e-10
7.04377e-10
7.29437e-10
7.55041e-10
7.83098e-10
8.11025e-10
8.36592e-10
8.5926e-10
8.85007e-10
9.14429e-10
9.46801e-10
9.81275e-10
1.0166e-09
1.0516e-09
1.08623e-09
1.12084e-09
1.15705e-09
1.19595e-09
1.23622e-09
1.27615e-09
1.31477e-09
1.35145e-09
1.38779e-09
1.42621e-09
1.46562e-09
1.50418e-09
1.54104e-09
1.57504e-09
1.60807e-09
1.64351e-09
1.67962e-09
1.71444e-09
1.74739e-09
1.77662e-09
1.80596e-09
1.83549e-09
1.85766e-09
1.886e-09
1.91123e-09
1.93294e-09
1.95641e-09
1.97903e-09
1.99761e-09
2.01143e-09
2.01804e-09
2.01693e-09
2.01756e-09
2.01232e-09
2.00226e-09
1.98553e-09
1.95915e-09
1.93294e-09
1.90206e-09
1.86789e-09
1.82527e-09
1.7756e-09
1.71961e-09
1.65912e-09
1.32195e-10
1.33146e-10
1.32907e-10
1.2955e-10
1.27994e-10
1.30547e-10
1.29825e-10
1.27458e-10
1.281e-10
1.21594e-10
1.13045e-10
1.14537e-10
1.1817e-10
1.19273e-10
1.20115e-10
1.21999e-10
1.24787e-10
1.24531e-10
1.21765e-10
1.16564e-10
1.14442e-10
1.17956e-10
1.20208e-10
1.17004e-10
1.14829e-10
1.1976e-10
1.21766e-10
1.22394e-10
1.25909e-10
1.29061e-10
1.28552e-10
1.27546e-10
1.24737e-10
1.25613e-10
1.2989e-10
1.32867e-10
1.36263e-10
1.40949e-10
1.47431e-10
1.54888e-10
1.58135e-10
1.48705e-10
1.28177e-10
1.08496e-10
9.65459e-11
9.34157e-11
9.95752e-11
1.13437e-10
1.28789e-10
1.39731e-10
1.45848e-10
1.49507e-10
1.51987e-10
1.53947e-10
1.55966e-10
1.58247e-10
1.60916e-10
1.63737e-10
1.66618e-10
1.69872e-10
1.73888e-10
1.77998e-10
1.81812e-10
1.85905e-10
1.91018e-10
1.96306e-10
2.00685e-10
2.0501e-10
2.10298e-10
2.1548e-10
2.18568e-10
2.22378e-10
2.25414e-10
2.29226e-10
2.35836e-10
2.48535e-10
2.6614e-10
2.88215e-10
3.1525e-10
3.44045e-10
3.73517e-10
4.0308e-10
4.3173e-10
4.59346e-10
4.87373e-10
5.1481e-10
5.33265e-10
5.61711e-10
5.93765e-10
6.23274e-10
6.49326e-10
6.72834e-10
6.94878e-10
7.17496e-10
7.42642e-10
7.67383e-10
7.94715e-10
8.22015e-10
8.46783e-10
8.69154e-10
8.94563e-10
9.23161e-10
9.54284e-10
9.87236e-10
1.021e-09
1.05469e-09
1.08831e-09
1.12214e-09
1.15738e-09
1.19467e-09
1.23295e-09
1.27093e-09
1.30785e-09
1.34331e-09
1.37851e-09
1.41515e-09
1.45233e-09
1.48876e-09
1.52368e-09
1.55651e-09
1.58846e-09
1.6224e-09
1.65592e-09
1.68834e-09
1.7192e-09
1.74687e-09
1.77473e-09
1.79718e-09
1.82232e-09
1.85062e-09
1.87505e-09
1.89593e-09
1.91738e-09
1.9373e-09
1.95318e-09
1.96429e-09
1.96881e-09
1.96635e-09
1.96433e-09
1.95644e-09
1.9439e-09
1.92511e-09
1.89794e-09
1.8701e-09
1.83684e-09
1.79955e-09
1.75207e-09
1.69832e-09
1.64284e-09
1.57846e-09
1.33601e-10
1.3548e-10
1.26992e-10
1.20381e-10
1.20339e-10
1.23801e-10
1.27935e-10
1.26814e-10
1.17206e-10
1.13459e-10
1.14563e-10
1.14438e-10
1.1488e-10
1.16922e-10
1.21528e-10
1.23009e-10
1.20605e-10
1.1665e-10
1.11979e-10
1.11703e-10
1.14517e-10
1.15732e-10
1.18138e-10
1.14533e-10
1.12832e-10
1.17653e-10
1.20356e-10
1.19975e-10
1.23275e-10
1.27083e-10
1.27162e-10
1.27163e-10
1.24841e-10
1.23505e-10
1.27483e-10
1.30337e-10
1.3302e-10
1.365e-10
1.40221e-10
1.45578e-10
1.52511e-10
1.56117e-10
1.48389e-10
1.29422e-10
1.10114e-10
9.78036e-11
9.38202e-11
9.8741e-11
1.11358e-10
1.2661e-10
1.38046e-10
1.44698e-10
1.48817e-10
1.51598e-10
1.53993e-10
1.56374e-10
1.58901e-10
1.61523e-10
1.64246e-10
1.67277e-10
1.70861e-10
1.74564e-10
1.78162e-10
1.82003e-10
1.86584e-10
1.91287e-10
1.95448e-10
1.99526e-10
2.04445e-10
2.08804e-10
2.1271e-10
2.16813e-10
2.19208e-10
2.22853e-10
2.28148e-10
2.39614e-10
2.58352e-10
2.8053e-10
3.07379e-10
3.37168e-10
3.68056e-10
3.99486e-10
4.30898e-10
4.62181e-10
4.93901e-10
5.2816e-10
5.58874e-10
5.81577e-10
6.05788e-10
6.25465e-10
6.4378e-10
6.70957e-10
6.95906e-10
7.20428e-10
7.46156e-10
7.70625e-10
7.97715e-10
8.24464e-10
8.48453e-10
8.7062e-10
8.95632e-10
9.23387e-10
9.533e-10
9.84797e-10
1.01707e-09
1.04944e-09
1.08193e-09
1.11476e-09
1.14879e-09
1.18437e-09
1.22067e-09
1.25668e-09
1.29182e-09
1.32584e-09
1.35964e-09
1.39438e-09
1.42939e-09
1.46389e-09
1.49691e-09
1.52866e-09
1.55923e-09
1.59229e-09
1.62266e-09
1.65268e-09
1.68155e-09
1.70768e-09
1.73258e-09
1.75248e-09
1.77995e-09
1.80602e-09
1.82858e-09
1.848e-09
1.86721e-09
1.88437e-09
1.89749e-09
1.90583e-09
1.90804e-09
1.90387e-09
1.89914e-09
1.88866e-09
1.87374e-09
1.85307e-09
1.82514e-09
1.796e-09
1.76085e-09
1.72115e-09
1.67019e-09
1.61911e-09
1.55806e-09
1.48812e-09
1.22829e-10
1.29045e-10
1.25384e-10
1.23461e-10
1.22342e-10
1.17768e-10
1.1817e-10
1.18576e-10
1.16738e-10
1.16214e-10
1.13627e-10
1.11712e-10
1.10962e-10
1.15724e-10
1.20824e-10
1.17089e-10
1.10736e-10
1.09401e-10
1.11514e-10
1.12675e-10
1.12935e-10
1.12802e-10
1.10795e-10
1.10938e-10
1.15939e-10
1.18047e-10
1.19705e-10
1.19695e-10
1.19755e-10
1.23666e-10
1.27352e-10
1.27154e-10
1.24986e-10
1.23627e-10
1.261e-10
1.30047e-10
1.3511e-10
1.36056e-10
1.34215e-10
1.38172e-10
1.44203e-10
1.50903e-10
1.54451e-10
1.47573e-10
1.29711e-10
1.10904e-10
9.84723e-11
9.40852e-11
9.81159e-11
1.09745e-10
1.24901e-10
1.368e-10
1.43907e-10
1.48373e-10
1.51681e-10
1.54503e-10
1.57145e-10
1.59746e-10
1.62406e-10
1.65299e-10
1.68594e-10
1.72017e-10
1.75448e-10
1.79103e-10
1.83308e-10
1.8764e-10
1.91667e-10
1.95634e-10
2.00226e-10
2.04348e-10
2.08312e-10
2.1191e-10
2.1561e-10
2.19592e-10
2.23588e-10
2.33137e-10
2.51084e-10
2.74633e-10
3.01257e-10
3.31082e-10
3.62738e-10
3.95311e-10
4.28275e-10
4.61922e-10
4.96384e-10
5.32643e-10
5.72759e-10
6.03466e-10
6.32334e-10
6.58547e-10
6.78745e-10
6.93136e-10
7.02624e-10
7.13745e-10
7.40521e-10
7.65299e-10
7.92605e-10
8.18882e-10
8.42173e-10
8.64274e-10
8.88901e-10
9.15857e-10
9.4464e-10
9.74783e-10
1.00564e-09
1.03671e-09
1.068e-09
1.09968e-09
1.13235e-09
1.16618e-09
1.20051e-09
1.23457e-09
1.26789e-09
1.30032e-09
1.33252e-09
1.3653e-09
1.39829e-09
1.43125e-09
1.46228e-09
1.49356e-09
1.52221e-09
1.55371e-09
1.57798e-09
1.60537e-09
1.63236e-09
1.65697e-09
1.67911e-09
1.69744e-09
1.72647e-09
1.75043e-09
1.7708e-09
1.78837e-09
1.80515e-09
1.81951e-09
1.8298e-09
1.8353e-09
1.83506e-09
1.82895e-09
1.82155e-09
1.80861e-09
1.79152e-09
1.76928e-09
1.74086e-09
1.71092e-09
1.67458e-09
1.63323e-09
1.58206e-09
1.5308e-09
1.46516e-09
1.40286e-09
1.17385e-10
1.20116e-10
1.27442e-10
1.29601e-10
1.23805e-10
1.16464e-10
1.09224e-10
1.07704e-10
1.22133e-10
1.28235e-10
1.10395e-10
1.00346e-10
1.02057e-10
1.08421e-10
1.12282e-10
1.10858e-10
1.09859e-10
1.11043e-10
1.11227e-10
1.10747e-10
1.09452e-10
1.06789e-10
1.06346e-10
1.13832e-10
1.18915e-10
1.18467e-10
1.19294e-10
1.19824e-10
1.18132e-10
1.20069e-10
1.2522e-10
1.28153e-10
1.28093e-10
1.26372e-10
1.25346e-10
1.31107e-10
1.34807e-10
1.33188e-10
1.32701e-10
1.32445e-10
1.35695e-10
1.43468e-10
1.498e-10
1.53107e-10
1.4641e-10
1.29221e-10
1.10895e-10
9.86253e-11
9.41379e-11
9.75701e-11
1.08463e-10
1.23609e-10
1.35832e-10
1.4336e-10
1.48381e-10
1.52172e-10
1.55298e-10
1.58117e-10
1.60852e-10
1.63728e-10
1.66871e-10
1.70126e-10
1.73448e-10
1.7698e-10
1.80936e-10
1.85032e-10
1.8898e-10
1.92898e-10
1.97263e-10
2.0128e-10
2.0522e-10
2.08815e-10
2.12472e-10
2.17433e-10
2.22166e-10
2.29385e-10
2.4488e-10
2.69154e-10
2.96514e-10
3.2623e-10
3.58041e-10
3.91229e-10
4.25178e-10
4.60188e-10
4.96354e-10
5.34717e-10
5.77288e-10
6.19743e-10
6.51301e-10
6.84041e-10
7.10678e-10
7.30738e-10
7.44692e-10
7.54039e-10
7.60269e-10
7.61928e-10
7.8021e-10
8.06069e-10
8.28757e-10
8.50927e-10
8.75213e-10
9.01434e-10
9.29181e-10
9.58077e-10
9.87614e-10
1.01741e-09
1.04746e-09
1.0779e-09
1.10912e-09
1.14119e-09
1.17358e-09
1.2057e-09
1.23718e-09
1.26792e-09
1.29841e-09
1.32921e-09
1.36038e-09
1.39279e-09
1.42137e-09
1.4513e-09
1.47414e-09
1.49484e-09
1.5205e-09
1.54889e-09
1.57496e-09
1.59832e-09
1.61762e-09
1.63977e-09
1.66862e-09
1.68829e-09
1.70562e-09
1.72091e-09
1.73509e-09
1.74661e-09
1.75403e-09
1.75672e-09
1.75399e-09
1.74584e-09
1.73591e-09
1.72077e-09
1.70184e-09
1.67842e-09
1.64992e-09
1.61987e-09
1.5832e-09
1.54103e-09
1.48923e-09
1.43404e-09
1.37075e-09
1.3147e-09
1.20353e-10
1.23547e-10
1.23545e-10
1.20368e-10
1.15406e-10
1.11342e-10
1.08404e-10
1.10438e-10
1.16823e-10
1.1614e-10
1.08397e-10
1.00469e-10
9.5015e-11
9.61203e-11
1.03452e-10
1.11189e-10
1.11954e-10
1.10012e-10
1.0865e-10
1.0555e-10
1.03408e-10
1.04839e-10
1.11768e-10
1.18273e-10
1.18218e-10
1.17921e-10
1.18884e-10
1.19685e-10
1.19608e-10
1.18025e-10
1.20924e-10
1.26659e-10
1.30595e-10
1.29088e-10
1.2709e-10
1.27797e-10
1.26278e-10
1.27119e-10
1.32584e-10
1.33248e-10
1.32646e-10
1.35089e-10
1.41602e-10
1.49071e-10
1.51952e-10
1.44946e-10
1.28044e-10
1.10217e-10
9.83187e-11
9.39572e-11
9.70394e-11
1.07435e-10
1.22534e-10
1.35088e-10
1.43171e-10
1.48722e-10
1.52881e-10
1.56275e-10
1.59297e-10
1.62345e-10
1.655e-10
1.68705e-10
1.71987e-10
1.75461e-10
1.79275e-10
1.83238e-10
1.87155e-10
1.91064e-10
1.95284e-10
1.99248e-10
2.03177e-10
2.06875e-10
2.10671e-10
2.1535e-10
2.21198e-10
2.28437e-10
2.41383e-10
2.63591e-10
2.92244e-10
3.22982e-10
3.5441e-10
3.87754e-10
4.22233e-10
4.58041e-10
4.95357e-10
5.34812e-10
5.77644e-10
6.2647e-10
6.66061e-10
7.02768e-10
7.36009e-10
7.6223e-10
7.81297e-10
7.94385e-10
8.02997e-10
8.06065e-10
8.09403e-10
8.12795e-10
8.11509e-10
8.3178e-10
8.55791e-10
8.81365e-10
9.08185e-10
9.35952e-10
9.64265e-10
9.92831e-10
1.02164e-09
1.05077e-09
1.0805e-09
1.11083e-09
1.14133e-09
1.17154e-09
1.20118e-09
1.23016e-09
1.25887e-09
1.28761e-09
1.31725e-09
1.3485e-09
1.37049e-09
1.38843e-09
1.4116e-09
1.43036e-09
1.46547e-09
1.49332e-09
1.51781e-09
1.53973e-09
1.55797e-09
1.58606e-09
1.60462e-09
1.61904e-09
1.63311e-09
1.64592e-09
1.65746e-09
1.66617e-09
1.67084e-09
1.67086e-09
1.66576e-09
1.6557e-09
1.64358e-09
1.62665e-09
1.60636e-09
1.58232e-09
1.55429e-09
1.52494e-09
1.48886e-09
1.44685e-09
1.395e-09
1.33871e-09
1.27645e-09
1.22024e-09
1.19194e-10
1.21625e-10
1.19389e-10
1.14888e-10
1.10183e-10
1.06278e-10
1.03409e-10
1.08264e-10
1.08445e-10
1.00001e-10
1.0258e-10
1.0699e-10
9.95306e-11
9.17969e-11
9.39538e-11
1.0333e-10
1.10297e-10
1.08913e-10
1.04928e-10
1.03603e-10
1.05709e-10
1.11866e-10
1.16991e-10
1.16289e-10
1.16102e-10
1.17412e-10
1.18678e-10
1.19604e-10
1.20079e-10
1.19253e-10
1.18536e-10
1.22929e-10
1.27873e-10
1.28287e-10
1.27388e-10
1.2362e-10
1.23294e-10
1.26811e-10
1.28651e-10
1.32826e-10
1.34525e-10
1.30745e-10
1.33372e-10
1.42613e-10
1.49102e-10
1.50937e-10
1.43176e-10
1.26288e-10
1.0898e-10
9.76053e-11
9.35468e-11
9.65051e-11
1.06676e-10
1.21743e-10
1.346e-10
1.43184e-10
1.49159e-10
1.53646e-10
1.57214e-10
1.6081e-10
1.64217e-10
1.67527e-10
1.70867e-10
1.74367e-10
1.78142e-10
1.82064e-10
1.85996e-10
1.8993e-10
1.94071e-10
1.9802e-10
2.01949e-10
2.05742e-10
2.09691e-10
2.14297e-10
2.20024e-10
2.28171e-10
2.40579e-10
2.59852e-10
2.87456e-10
3.201e-10
3.52149e-10
3.85125e-10
4.19853e-10
4.56076e-10
4.93932e-10
5.3377e-10
5.7732e-10
6.26496e-10
6.76524e-10
7.16239e-10
7.55149e-10
7.87108e-10
8.11206e-10
8.28199e-10
8.39479e-10
8.44352e-10
8.49063e-10
8.52391e-10
8.50702e-10
8.48809e-10
8.47138e-10
8.53507e-10
8.79339e-10
9.05932e-10
9.32973e-10
9.60235e-10
9.87698e-10
1.01541e-09
1.04355e-09
1.07207e-09
1.10064e-09
1.1289e-09
1.15664e-09
1.18378e-09
1.21058e-09
1.23703e-09
1.26463e-09
1.28327e-09
1.30604e-09
1.32165e-09
1.35444e-09
1.38352e-09
1.41163e-09
1.43381e-09
1.45486e-09
1.47451e-09
1.49221e-09
1.51687e-09
1.52931e-09
1.54169e-09
1.55356e-09
1.56414e-09
1.57319e-09
1.57932e-09
1.58151e-09
1.5792e-09
1.57209e-09
1.56045e-09
1.54666e-09
1.52851e-09
1.50745e-09
1.4834e-09
1.45647e-09
1.42864e-09
1.39407e-09
1.35315e-09
1.30194e-09
1.24567e-09
1.18446e-09
1.12973e-09
1.18356e-10
1.19759e-10
1.15826e-10
1.10203e-10
1.05128e-10
1.01224e-10
9.78269e-11
9.72748e-11
9.84375e-11
9.975e-11
9.86487e-11
1.01277e-10
1.02289e-10
9.34744e-11
9.07689e-11
9.83326e-11
1.05389e-10
1.1038e-10
1.12015e-10
1.12235e-10
1.13636e-10
1.1369e-10
1.12563e-10
1.13511e-10
1.15453e-10
1.17323e-10
1.18732e-10
1.19678e-10
1.20275e-10
1.20486e-10
1.18926e-10
1.19455e-10
1.24607e-10
1.2884e-10
1.2562e-10
1.2498e-10
1.26229e-10
1.27313e-10
1.28166e-10
1.29189e-10
1.29095e-10
1.2805e-10
1.31906e-10
1.38577e-10
1.44484e-10
1.49249e-10
1.49866e-10
1.41072e-10
1.24032e-10
1.07275e-10
9.65407e-11
9.29333e-11
9.60228e-11
1.06288e-10
1.21303e-10
1.3474e-10
1.43852e-10
1.50133e-10
1.54919e-10
1.59449e-10
1.63266e-10
1.66797e-10
1.70283e-10
1.7388e-10
1.77691e-10
1.8163e-10
1.85596e-10
1.89556e-10
1.9364e-10
1.97568e-10
2.01478e-10
2.05325e-10
2.0937e-10
2.13983e-10
2.19394e-10
2.28021e-10
2.40853e-10
2.58778e-10
2.83725e-10
3.15732e-10
3.50467e-10
3.83554e-10
4.18083e-10
4.54493e-10
4.92515e-10
5.32312e-10
5.75963e-10
6.2484e-10
6.79988e-10
7.26128e-10
7.69195e-10
8.06784e-10
8.35988e-10
8.56985e-10
8.71179e-10
8.78185e-10
8.84519e-10
8.8783e-10
8.8587e-10
8.84466e-10
8.82817e-10
8.81284e-10
8.79816e-10
8.78361e-10
8.96888e-10
9.22865e-10
9.48977e-10
9.75251e-10
1.00179e-09
1.02853e-09
1.05522e-09
1.08156e-09
1.10739e-09
1.13265e-09
1.15747e-09
1.18156e-09
1.20503e-09
1.21668e-09
1.24858e-09
1.27576e-09
1.30196e-09
1.32892e-09
1.34636e-09
1.36455e-09
1.38273e-09
1.40002e-09
1.41594e-09
1.43401e-09
1.44677e-09
1.45806e-09
1.46811e-09
1.4767e-09
1.48357e-09
1.48754e-09
1.48774e-09
1.48368e-09
1.47509e-09
1.4624e-09
1.4476e-09
1.42886e-09
1.40764e-09
1.38416e-09
1.35888e-09
1.33328e-09
1.30103e-09
1.26199e-09
1.21202e-09
1.15644e-09
1.09633e-09
1.04524e-09
1.18435e-10
1.1784e-10
1.11806e-10
1.05131e-10
9.99617e-11
9.64196e-11
9.36636e-11
8.78747e-11
9.19758e-11
9.95936e-11
9.72361e-11
9.47677e-11
9.22878e-11
9.19178e-11
9.8147e-11
1.02264e-10
1.07711e-10
1.22125e-10
1.26274e-10
1.01691e-10
1.06448e-10
1.07475e-10
1.09507e-10
1.12362e-10
1.152e-10
1.17479e-10
1.19009e-10
1.19924e-10
1.20486e-10
1.20892e-10
1.20961e-10
1.18729e-10
1.21581e-10
1.27034e-10
1.28949e-10
1.26718e-10
1.26673e-10
1.26903e-10
1.26911e-10
1.25134e-10
1.23528e-10
1.2815e-10
1.35848e-10
1.37469e-10
1.41044e-10
1.4542e-10
1.49282e-10
1.48635e-10
1.38605e-10
1.21336e-10
1.0518e-10
9.51832e-11
9.21206e-11
9.56591e-11
1.06131e-10
1.21601e-10
1.35667e-10
1.45176e-10
1.52147e-10
1.57741e-10
1.62278e-10
1.66244e-10
1.70023e-10
1.73825e-10
1.77756e-10
1.81768e-10
1.85788e-10
1.89775e-10
1.93811e-10
1.97704e-10
2.01575e-10
2.05442e-10
2.09545e-10
2.14199e-10
2.196e-10
2.27848e-10
2.40787e-10
2.59047e-10
2.82653e-10
3.11907e-10
3.4784e-10
3.83184e-10
4.17284e-10
4.53619e-10
4.91694e-10
5.31328e-10
5.74614e-10
6.23642e-10
6.79788e-10
7.34601e-10
7.81756e-10
8.24999e-10
8.59643e-10
8.85308e-10
9.03129e-10
9.13036e-10
9.21656e-10
9.2533e-10
9.23434e-10
9.2288e-10
9.21546e-10
9.20059e-10
9.18475e-10
9.16798e-10
9.14969e-10
9.1301e-10
9.13559e-10
9.38545e-10
9.63627e-10
9.88737e-10
1.01367e-09
1.03819e-09
1.06216e-09
1.08553e-09
1.10837e-09
1.1306e-09
1.15101e-09
1.17327e-09
1.19682e-09
1.22233e-09
1.23754e-09
1.25669e-09
1.27364e-09
1.29e-09
1.30588e-09
1.32091e-09
1.33481e-09
1.34908e-09
1.36022e-09
1.36994e-09
1.37831e-09
1.38526e-09
1.39046e-09
1.39288e-09
1.39178e-09
1.38667e-09
1.37726e-09
1.36412e-09
1.34895e-09
1.33024e-09
1.30936e-09
1.28686e-09
1.26358e-09
1.24072e-09
1.21137e-09
1.17484e-09
1.12659e-09
1.09211e-09
1.08266e-09
1.08064e-09
1.19817e-10
1.15235e-10
1.06828e-10
9.94939e-11
9.46706e-11
9.18616e-11
9.02221e-11
8.67636e-11
8.46264e-11
8.98582e-11
9.45601e-11
8.89042e-11
8.77727e-11
9.76306e-11
1.05025e-10
1.09019e-10
1.25259e-10
1.69297e-10
1.28719e-10
8.12185e-11
6.24755e-11
8.10616e-11
1.01837e-10
1.09456e-10
1.14402e-10
1.17634e-10
1.19441e-10
1.20324e-10
1.20778e-10
1.21173e-10
1.21605e-10
1.21376e-10
1.2006e-10
1.23574e-10
1.28633e-10
1.27491e-10
1.26295e-10
1.25068e-10
1.22237e-10
1.2106e-10
1.26487e-10
1.35441e-10
1.36736e-10
1.36446e-10
1.38746e-10
1.42157e-10
1.462e-10
1.49255e-10
1.4715e-10
1.35742e-10
1.18255e-10
1.0277e-10
9.35638e-11
9.11289e-11
9.51974e-11
1.05919e-10
1.2175e-10
1.36293e-10
1.46556e-10
1.5393e-10
1.59836e-10
1.64731e-10
1.69149e-10
1.73405e-10
1.77638e-10
1.81848e-10
1.86003e-10
1.90073e-10
1.94116e-10
1.9801e-10
2.01873e-10
2.0578e-10
2.09968e-10
2.14718e-10
2.20239e-10
2.28321e-10
2.40587e-10
2.58855e-10
2.83396e-10
3.10976e-10
3.44769e-10
3.83227e-10
4.18222e-10
4.54027e-10
4.92021e-10
5.31172e-10
5.73667e-10
6.22541e-10
6.78921e-10
7.39965e-10
7.91777e-10
8.40007e-10
8.79852e-10
9.101e-10
9.31663e-10
9.44634e-10
9.5574e-10
9.59796e-10
9.58067e-10
9.58518e-10
9.5763e-10
9.56322e-10
9.54753e-10
9.52977e-10
9.50983e-10
9.48815e-10
9.46602e-10
9.44497e-10
9.42685e-10
9.45579e-10
9.68652e-10
9.91227e-10
1.01318e-09
1.03447e-09
1.05514e-09
1.07522e-09
1.09429e-09
1.11947e-09
1.13277e-09
1.15021e-09
1.16538e-09
1.18158e-09
1.19657e-09
1.21085e-09
1.22459e-09
1.23756e-09
1.24958e-09
1.26125e-09
1.27084e-09
1.27915e-09
1.28623e-09
1.29206e-09
1.29625e-09
1.29785e-09
1.29618e-09
1.29074e-09
1.28114e-09
1.26802e-09
1.25302e-09
1.23478e-09
1.21457e-09
1.1932e-09
1.17203e-09
1.15217e-09
1.12761e-09
1.14012e-09
1.14081e-09
1.13382e-09
1.12079e-09
1.11585e-09
1.23485e-10
1.10841e-10
1.00521e-10
9.33038e-11
8.93369e-11
8.75267e-11
8.69966e-11
8.66186e-11
8.24118e-11
8.34293e-11
8.87106e-11
9.06225e-11
9.75404e-11
1.04713e-10
1.06891e-10
1.267e-10
1.2967e-10
1.10553e-10
2.42006e-10
1.12682e-10
8.0487e-11
5.56411e-11
6.36638e-11
9.75432e-11
1.1076e-10
1.17211e-10
1.19915e-10
1.2086e-10
1.21169e-10
1.21463e-10
1.2199e-10
1.22579e-10
1.21342e-10
1.21697e-10
1.24068e-10
1.27426e-10
1.24732e-10
1.20617e-10
1.20622e-10
1.2714e-10
1.35162e-10
1.36874e-10
1.34597e-10
1.35444e-10
1.37361e-10
1.40006e-10
1.43362e-10
1.47012e-10
1.49078e-10
1.45309e-10
1.32471e-10
1.14858e-10
1.00116e-10
9.17308e-11
9.01407e-11
9.47125e-11
1.05835e-10
1.22143e-10
1.37339e-10
1.47895e-10
1.5595e-10
1.62368e-10
1.67864e-10
1.72885e-10
1.77616e-10
1.82132e-10
1.86474e-10
1.90653e-10
1.94726e-10
1.98623e-10
2.02472e-10
2.06402e-10
2.10664e-10
2.15522e-10
2.21189e-10
2.29197e-10
2.41022e-10
2.586e-10
2.83732e-10
3.12251e-10
3.437e-10
3.82056e-10
4.20206e-10
4.55845e-10
4.93284e-10
5.31688e-10
5.72958e-10
6.21282e-10
6.77305e-10
7.40934e-10
7.98594e-10
8.51101e-10
8.96083e-10
9.30523e-10
9.55369e-10
9.71144e-10
9.84464e-10
9.8873e-10
9.87089e-10
9.88501e-10
9.88057e-10
9.8695e-10
9.85439e-10
9.83621e-10
9.81529e-10
9.79221e-10
9.76826e-10
9.74483e-10
9.72368e-10
9.70559e-10
9.69059e-10
9.67851e-10
9.66948e-10
9.76039e-10
9.94258e-10
1.01181e-09
1.02847e-09
1.04693e-09
1.06105e-09
1.0757e-09
1.08913e-09
1.10278e-09
1.11585e-09
1.12835e-09
1.14033e-09
1.15171e-09
1.16234e-09
1.17242e-09
1.18092e-09
1.18824e-09
1.19453e-09
1.19984e-09
1.20367e-09
1.20509e-09
1.20345e-09
1.19829e-09
1.18891e-09
1.17611e-09
1.16157e-09
1.14402e-09
1.12462e-09
1.10896e-09
1.12647e-09
1.15021e-09
1.17116e-09
1.18623e-09
1.18683e-09
1.17733e-09
1.16013e-09
1.15135e-09
1.27654e-10
1.02238e-10
9.25537e-11
8.67056e-11
8.41344e-11
8.35282e-11
8.40592e-11
8.50782e-11
8.56918e-11
8.50368e-11
8.70217e-11
9.61335e-11
1.02049e-10
9.98572e-11
1.12562e-10
1.44694e-10
1.12542e-10
1.15253e-10
6.55242e-11
8.12031e-11
1.13942e-10
1.22703e-10
5.59354e-11
5.93435e-11
9.63892e-11
1.14576e-10
1.20291e-10
1.21626e-10
1.21747e-10
1.21836e-10
1.22314e-10
1.23207e-10
1.24105e-10
1.22697e-10
1.22788e-10
1.24996e-10
1.24272e-10
1.24588e-10
1.30035e-10
1.35735e-10
1.35527e-10
1.33377e-10
1.33802e-10
1.35016e-10
1.36665e-10
1.38794e-10
1.41476e-10
1.44678e-10
1.4783e-10
1.48689e-10
1.43051e-10
1.28851e-10
1.11256e-10
9.73438e-11
9.00578e-11
8.93401e-11
9.46422e-11
1.06457e-10
1.23658e-10
1.39492e-10
1.50696e-10
1.59336e-10
1.66448e-10
1.72608e-10
1.78019e-10
1.82898e-10
1.8743e-10
1.91696e-10
1.95779e-10
1.99646e-10
2.03435e-10
2.07338e-10
2.11629e-10
2.16566e-10
2.22361e-10
2.30315e-10
2.4181e-10
2.58881e-10
2.83654e-10
3.13967e-10
3.45418e-10
3.80651e-10
4.21429e-10
4.59076e-10
4.95433e-10
5.32818e-10
5.72673e-10
6.20078e-10
6.76024e-10
7.40957e-10
8.0541e-10
8.61464e-10
9.11103e-10
9.49515e-10
9.77468e-10
9.95928e-10
1.01148e-09
1.016e-09
1.01452e-09
1.01697e-09
1.01706e-09
1.01627e-09
1.01493e-09
1.01319e-09
1.0111e-09
1.00873e-09
1.00622e-09
1.0037e-09
1.00133e-09
9.99204e-10
9.97359e-10
9.95819e-10
9.94613e-10
9.93782e-10
9.93406e-10
9.9353e-10
9.94044e-10
9.9618e-10
9.97159e-10
9.98929e-10
1.01024e-09
1.02213e-09
1.03376e-09
1.04495e-09
1.05576e-09
1.06618e-09
1.07607e-09
1.08542e-09
1.09343e-09
1.10021e-09
1.10616e-09
1.11138e-09
1.11532e-09
1.11698e-09
1.11572e-09
1.11115e-09
1.10224e-09
1.10297e-09
1.1111e-09
1.11991e-09
1.13043e-09
1.14374e-09
1.16302e-09
1.1907e-09
1.21582e-09
1.23444e-09
1.23558e-09
1.22354e-09
1.20162e-09
1.18786e-09
9.90351e-11
8.52002e-11
8.26165e-11
7.99418e-11
7.92963e-11
8.00586e-11
8.16338e-11
8.35773e-11
8.55013e-11
8.74612e-11
9.11393e-11
9.43218e-11
9.49452e-11
9.18482e-11
9.21564e-11
1.04551e-10
1.00401e-10
5.78118e-11
6.80034e-11
9.31937e-11
8.78241e-11
9.29918e-11
9.50748e-11
5.88112e-11
6.85514e-11
1.08403e-10
1.21251e-10
1.23477e-10
1.23134e-10
1.22569e-10
1.22663e-10
1.23586e-10
1.25176e-10
1.26316e-10
1.266e-10
1.25574e-10
1.28275e-10
1.33758e-10
1.35749e-10
1.33453e-10
1.32205e-10
1.32754e-10
1.33762e-10
1.34949e-10
1.36413e-10
1.38248e-10
1.40514e-10
1.43199e-10
1.46034e-10
1.48342e-10
1.47917e-10
1.40476e-10
1.25061e-10
1.07685e-10
9.48317e-11
8.86644e-11
8.89745e-11
9.52489e-11
1.08187e-10
1.26587e-10
1.43219e-10
1.54994e-10
1.6443e-10
1.72277e-10
1.78591e-10
1.83878e-10
1.88593e-10
1.92931e-10
1.97023e-10
2.00852e-10
2.04559e-10
2.08403e-10
2.127e-10
2.17708e-10
2.23633e-10
2.31577e-10
2.42831e-10
2.59462e-10
2.83889e-10
3.15394e-10
3.4872e-10
3.82181e-10
4.2161e-10
4.6283e-10
4.98993e-10
5.34897e-10
5.73091e-10
6.19234e-10
6.74929e-10
7.40236e-10
8.10457e-10
8.71514e-10
9.25059e-10
9.6683e-10
9.97508e-10
1.01828e-09
1.03576e-09
1.04062e-09
1.03931e-09
1.04271e-09
1.04326e-09
1.04271e-09
1.04147e-09
1.03973e-09
1.03758e-09
1.03509e-09
1.03238e-09
1.02959e-09
1.02688e-09
1.02433e-09
1.02203e-09
1.02006e-09
1.01844e-09
1.01722e-09
1.01646e-09
1.01619e-09
1.01632e-09
1.0174e-09
1.01825e-09
1.01977e-09
1.02208e-09
1.02537e-09
1.02925e-09
1.03343e-09
1.03799e-09
1.04305e-09
1.04858e-09
1.05455e-09
1.06037e-09
1.06609e-09
1.07266e-09
1.08068e-09
1.08973e-09
1.09901e-09
1.10801e-09
1.1167e-09
1.12385e-09
1.12961e-09
1.13801e-09
1.14725e-09
1.15807e-09
1.17147e-09
1.19186e-09
1.22347e-09
1.25314e-09
1.27618e-09
1.2789e-09
1.26478e-09
1.23808e-09
1.21832e-09
3.70802e-11
5.43019e-11
6.96917e-11
7.30883e-11
7.50406e-11
7.73077e-11
7.99427e-11
8.26894e-11
8.52743e-11
8.77014e-11
9.0253e-11
9.25158e-11
9.36902e-11
8.8988e-11
7.38354e-11
7.15339e-11
4.51031e-11
7.76897e-11
9.57918e-11
9.92485e-11
9.87766e-11
8.42342e-11
5.25486e-11
5.79145e-11
7.53298e-11
1.04919e-10
1.27498e-10
1.29899e-10
1.27343e-10
1.24312e-10
1.23077e-10
1.23714e-10
1.25759e-10
1.27674e-10
1.28669e-10
1.29933e-10
1.31551e-10
1.3191e-10
1.30987e-10
1.30974e-10
1.31846e-10
1.32946e-10
1.33991e-10
1.35078e-10
1.36444e-10
1.38202e-10
1.40203e-10
1.4228e-10
1.44454e-10
1.46871e-10
1.48615e-10
1.4689e-10
1.37767e-10
1.21543e-10
1.04715e-10
9.30879e-11
8.83186e-11
9.01366e-11
9.81802e-11
1.13054e-10
1.33285e-10
1.49749e-10
1.62009e-10
1.72005e-10
1.7926e-10
1.84895e-10
1.8977e-10
1.94169e-10
1.98297e-10
2.02099e-10
2.05712e-10
2.09475e-10
2.13761e-10
2.18835e-10
2.24891e-10
2.32873e-10
2.43981e-10
2.60257e-10
2.84413e-10
3.16332e-10
3.51996e-10
3.87106e-10
4.23147e-10
4.64785e-10
5.03102e-10
5.36857e-10
5.7237e-10
6.16273e-10
6.70741e-10
7.34715e-10
8.06064e-10
8.71189e-10
9.2602e-10
9.67423e-10
9.96901e-10
1.01666e-09
1.0328e-09
1.03524e-09
1.03273e-09
1.03569e-09
1.0358e-09
1.03481e-09
1.03319e-09
1.03112e-09
1.0287e-09
1.026e-09
1.0231e-09
1.02011e-09
1.01717e-09
1.01437e-09
1.0118e-09
1.00958e-09
1.00775e-09
1.00634e-09
1.00541e-09
1.00495e-09
1.00487e-09
1.00538e-09
1.00611e-09
1.00751e-09
1.00983e-09
1.01313e-09
1.01708e-09
1.0213e-09
1.02589e-09
1.03114e-09
1.03703e-09
1.04337e-09
1.04966e-09
1.0555e-09
1.06219e-09
1.07074e-09
1.08057e-09
1.09079e-09
1.10064e-09
1.11042e-09
1.11881e-09
1.12403e-09
1.13294e-09
1.1428e-09
1.15417e-09
1.1672e-09
1.18763e-09
1.22214e-09
1.25619e-09
1.28419e-09
1.29086e-09
1.27697e-09
1.248e-09
1.22304e-09
3.66105e-11
3.47362e-11
5.58384e-11
6.61077e-11
7.14259e-11
7.53397e-11
7.91305e-11
8.28475e-11
8.5929e-11
8.84155e-11
9.09899e-11
9.33738e-11
9.50779e-11
9.37958e-11
7.13982e-11
5.70861e-11
5.5708e-11
7.26559e-11
7.96172e-11
8.17358e-11
7.46951e-11
5.76948e-11
4.647e-11
6.29421e-11
1.12966e-10
1.28475e-10
1.46157e-10
1.1981e-10
1.16909e-10
1.23632e-10
1.22425e-10
1.22927e-10
1.25779e-10
1.28559e-10
1.29807e-10
1.29814e-10
1.29524e-10
1.29274e-10
1.2966e-10
1.30732e-10
1.32078e-10
1.33302e-10
1.34288e-10
1.3529e-10
1.3662e-10
1.38253e-10
1.3989e-10
1.4149e-10
1.43279e-10
1.45297e-10
1.47154e-10
1.47853e-10
1.44299e-10
1.32976e-10
1.15447e-10
9.87963e-11
8.79836e-11
8.41027e-11
8.70778e-11
9.6981e-11
1.15961e-10
1.42584e-10
1.65701e-10
1.80084e-10
1.86627e-10
1.90916e-10
1.9495e-10
1.98759e-10
2.02482e-10
2.05837e-10
2.08934e-10
2.12234e-10
2.1617e-10
2.21005e-10
2.26913e-10
2.34704e-10
2.45509e-10
2.61336e-10
2.84993e-10
3.17213e-10
3.54923e-10
3.93338e-10
4.28098e-10
4.66987e-10
5.10147e-10
5.45565e-10
5.80732e-10
6.25696e-10
6.83712e-10
7.5452e-10
8.37994e-10
9.23816e-10
1.00634e-09
1.07884e-09
1.14001e-09
1.19126e-09
1.24002e-09
1.26262e-09
1.27512e-09
1.29811e-09
1.31472e-09
1.32829e-09
1.33961e-09
1.34906e-09
1.35689e-09
1.36323e-09
1.36825e-09
1.37211e-09
1.37509e-09
1.37746e-09
1.37948e-09
1.38157e-09
1.38392e-09
1.38665e-09
1.38988e-09
1.39362e-09
1.39774e-09
1.40238e-09
1.40758e-09
1.41408e-09
1.42247e-09
1.43298e-09
1.44477e-09
1.45689e-09
1.4695e-09
1.48369e-09
1.49929e-09
1.51557e-09
1.53123e-09
1.5449e-09
1.56043e-09
1.58106e-09
1.60396e-09
1.62726e-09
1.64884e-09
1.66938e-09
1.68649e-09
1.69223e-09
1.70999e-09
1.72831e-09
1.74899e-09
1.77237e-09
1.82208e-09
1.91303e-09
2.00483e-09
2.06921e-09
2.06087e-09
1.99022e-09
1.8898e-09
1.81262e-09
5.04848e-11
3.04534e-11
4.44794e-11
5.89553e-11
6.81142e-11
7.37521e-11
7.91855e-11
8.40223e-11
8.68041e-11
8.91706e-11
9.20926e-11
9.48249e-11
9.70489e-11
9.79417e-11
9.15223e-11
5.79042e-11
7.00774e-11
6.34946e-11
6.61914e-11
6.58182e-11
5.74362e-11
5.18795e-11
8.32245e-11
1.29258e-10
1.58417e-10
1.8112e-10
1.46451e-10
1.03305e-10
7.9581e-11
7.85434e-11
9.60918e-11
1.18262e-10
1.2388e-10
1.28651e-10
1.30517e-10
1.30015e-10
1.28914e-10
1.28347e-10
1.28967e-10
1.30379e-10
1.31934e-10
1.33218e-10
1.34143e-10
1.34967e-10
1.36124e-10
1.37593e-10
1.39167e-10
1.40765e-10
1.42276e-10
1.43618e-10
1.45058e-10
1.46384e-10
1.46144e-10
1.40706e-10
1.27081e-10
1.08264e-10
9.12607e-11
8.00462e-11
7.51454e-11
7.61532e-11
8.32418e-11
9.84316e-11
1.18761e-10
1.37114e-10
1.5134e-10
1.61908e-10
1.69526e-10
1.75472e-10
1.81537e-10
1.87319e-10
1.92732e-10
1.98216e-10
2.04184e-10
2.10952e-10
2.18764e-10
2.28342e-10
2.40672e-10
2.57623e-10
2.81966e-10
3.15238e-10
3.54495e-10
3.95273e-10
4.32711e-10
4.70016e-10
5.1576e-10
5.57598e-10
5.92708e-10
6.37379e-10
6.97301e-10
7.72767e-10
8.65751e-10
9.66696e-10
1.07052e-09
1.17632e-09
1.2783e-09
1.37708e-09
1.48214e-09
1.54578e-09
1.59178e-09
1.66184e-09
1.72069e-09
1.77401e-09
1.82308e-09
1.86801e-09
1.9088e-09
1.94533e-09
1.97743e-09
2.005e-09
2.02825e-09
2.04771e-09
2.06364e-09
2.0778e-09
2.09064e-09
2.10261e-09
2.11386e-09
2.12462e-09
2.13447e-09
2.14357e-09
2.15271e-09
2.16369e-09
2.17835e-09
2.19707e-09
2.21696e-09
2.23583e-09
2.25283e-09
2.27308e-09
2.29456e-09
2.31456e-09
2.32845e-09
2.33573e-09
2.34578e-09
2.36623e-09
2.38687e-09
2.40234e-09
2.40907e-09
2.40992e-09
2.39075e-09
2.36477e-09
2.3615e-09
2.34848e-09
2.33012e-09
2.31481e-09
2.3548e-09
2.421e-09
2.45114e-09
2.45111e-09
2.33622e-09
2.20389e-09
2.05753e-09
1.97889e-09
9.81821e-11
9.18896e-11
8.6732e-11
8.23511e-11
7.89595e-11
7.76837e-11
8.23785e-11
8.08923e-11
8.00344e-11
7.95137e-11
7.95627e-11
8.00809e-11
8.20359e-11
8.61719e-11
8.65325e-11
8.6662e-11
8.63965e-11
8.58587e-11
8.52193e-11
8.47011e-11
8.47331e-11
8.53292e-11
8.7601e-11
8.71201e-11
8.61796e-11
8.44557e-11
8.22159e-11
7.9652e-11
7.69059e-11
7.41871e-11
7.14577e-11
6.88037e-11
6.63972e-11
6.44595e-11
6.25773e-11
6.11313e-11
5.90261e-11
5.67914e-11
5.42243e-11
5.15789e-11
4.88879e-11
4.63615e-11
4.37345e-11
4.33349e-11
4.47784e-11
4.58676e-11
4.74415e-11
4.92306e-11
5.12572e-11
5.33431e-11
5.50992e-11
5.65832e-11
5.77329e-11
5.85374e-11
5.90802e-11
5.94872e-11
5.99408e-11
6.06468e-11
6.12631e-11
6.17165e-11
6.17939e-11
6.22907e-11
6.34532e-11
6.51112e-11
6.72322e-11
6.94473e-11
7.15386e-11
7.34428e-11
7.50613e-11
7.60976e-11
7.67981e-11
7.70673e-11
7.69854e-11
7.66834e-11
7.62751e-11
7.58614e-11
7.54732e-11
7.50937e-11
7.46502e-11
7.42272e-11
7.39282e-11
7.3392e-11
7.19832e-11
6.85333e-11
6.07465e-11
4.89351e-11
3.83644e-11
3.25046e-11
3.36917e-11
4.42889e-11
7.20957e-11
9.2376e-11
9.34223e-11
9.38797e-11
9.39771e-11
9.39276e-11
9.37556e-11
9.35327e-11
1.23729e-10
1.66265e-10
1.01409e-10
1.0171e-10
1.0225e-10
1.03508e-10
1.05497e-10
1.08534e-10
1.16646e-10
1.18907e-10
1.20543e-10
1.21686e-10
1.22611e-10
1.2445e-10
1.26781e-10
1.32599e-10
1.343e-10
1.35964e-10
1.36953e-10
1.37439e-10
1.37487e-10
1.37134e-10
1.37642e-10
1.37361e-10
1.39243e-10
1.38015e-10
1.36742e-10
1.34379e-10
1.31327e-10
1.278e-10
1.23861e-10
1.19835e-10
1.15515e-10
1.11012e-10
1.06324e-10
1.02051e-10
9.73845e-11
9.31252e-11
8.86294e-11
8.44788e-11
8.0332e-11
7.61732e-11
7.18615e-11
6.76428e-11
6.32223e-11
6.29953e-11
6.41174e-11
6.47185e-11
6.57334e-11
6.69028e-11
6.85728e-11
7.08335e-11
7.28623e-11
7.46719e-11
7.61567e-11
7.72939e-11
7.81319e-11
7.8782e-11
7.93397e-11
7.99658e-11
8.03181e-11
8.03135e-11
7.98952e-11
7.96883e-11
8.02561e-11
8.14084e-11
8.33026e-11
8.55672e-11
8.79203e-11
9.0254e-11
9.24806e-11
9.41282e-11
9.55164e-11
9.65491e-11
9.71911e-11
9.76207e-11
9.79802e-11
9.84032e-11
9.89232e-11
9.94581e-11
9.9777e-11
9.9776e-11
9.96921e-11
9.97355e-11
9.98955e-11
9.96987e-11
9.75227e-11
8.97847e-11
7.37285e-11
5.42174e-11
4.02193e-11
3.50112e-11
3.81052e-11
6.40919e-11
1.10523e-10
1.21476e-10
1.21852e-10
1.21709e-10
1.21217e-10
1.2063e-10
1.20108e-10
1.17788e-10
1.46513e-10
1.4967e-10
1.52399e-10
1.5549e-10
1.60018e-10
1.65279e-10
1.74723e-10
1.78911e-10
1.83756e-10
1.87711e-10
1.90447e-10
1.94387e-10
1.96625e-10
2.02025e-10
2.03042e-10
2.04526e-10
2.05433e-10
2.05932e-10
2.06047e-10
2.05204e-10
2.05283e-10
2.03031e-10
2.01396e-10
1.97268e-10
1.94187e-10
1.90395e-10
1.85888e-10
1.80833e-10
1.75144e-10
1.69191e-10
1.62627e-10
1.55767e-10
1.48259e-10
1.41116e-10
1.33323e-10
1.25245e-10
1.17467e-10
1.10517e-10
1.0426e-10
9.82381e-11
9.20893e-11
8.60639e-11
7.99725e-11
8.11849e-11
8.22644e-11
8.28655e-11
8.33001e-11
8.37551e-11
8.49037e-11
8.67881e-11
8.88324e-11
9.07734e-11
9.2476e-11
9.392e-11
9.50952e-11
9.60837e-11
9.68959e-11
9.76233e-11
9.81032e-11
9.82135e-11
9.79317e-11
9.73697e-11
9.74394e-11
9.80545e-11
9.9479e-11
1.01526e-10
1.03896e-10
1.06438e-10
1.09103e-10
1.11325e-10
1.13373e-10
1.15208e-10
1.16672e-10
1.17929e-10
1.1911e-10
1.20353e-10
1.21698e-10
1.2305e-10
1.24123e-10
1.24659e-10
1.2484e-10
1.25077e-10
1.2563e-10
1.26444e-10
1.27362e-10
1.2671e-10
1.20814e-10
1.03675e-10
7.63813e-11
5.13336e-11
3.74548e-11
3.54444e-11
5.20362e-11
1.07713e-10
1.50861e-10
1.51387e-10
1.51021e-10
1.49871e-10
1.48692e-10
1.44673e-10
2.22975e-10
2.2988e-10
2.36086e-10
2.4223e-10
2.50572e-10
2.59042e-10
2.68157e-10
2.71573e-10
2.76545e-10
2.80735e-10
2.83781e-10
2.88406e-10
2.90044e-10
2.90705e-10
2.88074e-10
2.87585e-10
2.87023e-10
2.86231e-10
2.85276e-10
2.82996e-10
2.81586e-10
2.77208e-10
2.70136e-10
2.61613e-10
2.54859e-10
2.48607e-10
2.41729e-10
2.34388e-10
2.26322e-10
2.17921e-10
2.08681e-10
1.99267e-10
1.88953e-10
1.79131e-10
1.68488e-10
1.56705e-10
1.45404e-10
1.35603e-10
1.26842e-10
1.1866e-10
1.10587e-10
1.02727e-10
9.77187e-11
9.9056e-11
1.00327e-10
1.01302e-10
1.01367e-10
1.01212e-10
1.01977e-10
1.03311e-10
1.05098e-10
1.07043e-10
1.08833e-10
1.10493e-10
1.11964e-10
1.13298e-10
1.14434e-10
1.15356e-10
1.16094e-10
1.16568e-10
1.16733e-10
1.16201e-10
1.15924e-10
1.1613e-10
1.17092e-10
1.18811e-10
1.21065e-10
1.23683e-10
1.26639e-10
1.2939e-10
1.32074e-10
1.34698e-10
1.37063e-10
1.39266e-10
1.41402e-10
1.43584e-10
1.45847e-10
1.48089e-10
1.50022e-10
1.51285e-10
1.51936e-10
1.52405e-10
1.53036e-10
1.53873e-10
1.55526e-10
1.57422e-10
1.5844e-10
1.5537e-10
1.41374e-10
1.08821e-10
7.03027e-11
4.33802e-11
3.54955e-11
4.31191e-11
9.22917e-11
1.84e-10
1.8338e-10
1.83245e-10
1.81384e-10
1.7496e-10
3.3598e-10
3.43118e-10
3.4921e-10
3.55512e-10
3.64648e-10
3.7489e-10
3.77815e-10
3.77012e-10
3.80857e-10
3.84263e-10
3.86991e-10
3.91118e-10
3.92548e-10
3.87357e-10
3.79661e-10
3.75351e-10
3.71946e-10
3.68512e-10
3.65381e-10
3.60882e-10
3.57369e-10
3.5095e-10
3.38412e-10
3.25203e-10
3.14436e-10
3.05074e-10
2.95354e-10
2.85329e-10
2.74621e-10
2.63631e-10
2.51703e-10
2.39874e-10
2.271e-10
2.1508e-10
2.02125e-10
1.87167e-10
1.72569e-10
1.60149e-10
1.48843e-10
1.38302e-10
1.28255e-10
1.18542e-10
1.16034e-10
1.17494e-10
1.1907e-10
1.20569e-10
1.20461e-10
1.19875e-10
1.20318e-10
1.21302e-10
1.22617e-10
1.24416e-10
1.26209e-10
1.27986e-10
1.29678e-10
1.31316e-10
1.32785e-10
1.33946e-10
1.34961e-10
1.3589e-10
1.36631e-10
1.36418e-10
1.36003e-10
1.35968e-10
1.36595e-10
1.37998e-10
1.4007e-10
1.42691e-10
1.45819e-10
1.49046e-10
1.52343e-10
1.55717e-10
1.59028e-10
1.6227e-10
1.65489e-10
1.68748e-10
1.72058e-10
1.75304e-10
1.78212e-10
1.80378e-10
1.81723e-10
1.82603e-10
1.83318e-10
1.8392e-10
1.85455e-10
1.87705e-10
1.9037e-10
1.92508e-10
1.91962e-10
1.8255e-10
1.52021e-10
9.78761e-11
5.38565e-11
3.70759e-11
3.71885e-11
7.51386e-11
2.15491e-10
2.18501e-10
2.17961e-10
2.08735e-10
4.6217e-10
4.67979e-10
4.7252e-10
4.78134e-10
4.86372e-10
4.96712e-10
4.93143e-10
4.87338e-10
4.8784e-10
4.89162e-10
4.90597e-10
4.93233e-10
4.94078e-10
4.83259e-10
4.70897e-10
4.62579e-10
4.56125e-10
4.49686e-10
4.43916e-10
4.36878e-10
4.31054e-10
4.22514e-10
4.05215e-10
3.87649e-10
3.73308e-10
3.60504e-10
3.47762e-10
3.34836e-10
3.21337e-10
3.07674e-10
2.93055e-10
2.78847e-10
2.63732e-10
2.49768e-10
2.34673e-10
2.16958e-10
1.99382e-10
1.84509e-10
1.70766e-10
1.57889e-10
1.45772e-10
1.34289e-10
1.35751e-10
1.37274e-10
1.3918e-10
1.41148e-10
1.40986e-10
1.40116e-10
1.4031e-10
1.41078e-10
1.42031e-10
1.43463e-10
1.45196e-10
1.47021e-10
1.48849e-10
1.50727e-10
1.52498e-10
1.53907e-10
1.55185e-10
1.56559e-10
1.5792e-10
1.58207e-10
1.57851e-10
1.57757e-10
1.58219e-10
1.59408e-10
1.61309e-10
1.63915e-10
1.67142e-10
1.70792e-10
1.74664e-10
1.78751e-10
1.83018e-10
1.87357e-10
1.91757e-10
1.96214e-10
2.00691e-10
2.05049e-10
2.09036e-10
2.12253e-10
2.145e-10
2.16015e-10
2.16933e-10
2.17347e-10
2.18524e-10
2.2052e-10
2.23287e-10
2.26406e-10
2.29186e-10
2.30146e-10
2.25307e-10
2.00942e-10
1.38609e-10
6.97563e-11
4.01029e-11
3.34965e-11
5.83948e-11
1.63037e-10
2.55804e-10
2.45288e-10
5.95569e-10
5.98468e-10
5.99733e-10
6.0317e-10
6.09015e-10
6.1717e-10
6.06798e-10
5.96599e-10
5.92839e-10
5.92141e-10
5.92074e-10
5.92932e-10
5.92306e-10
5.76808e-10
5.60826e-10
5.48778e-10
5.3923e-10
5.29849e-10
5.21296e-10
5.11532e-10
5.03222e-10
4.92218e-10
4.70656e-10
4.49158e-10
4.31741e-10
4.15487e-10
3.99737e-10
3.83848e-10
3.67476e-10
3.51059e-10
3.33708e-10
3.17058e-10
2.99537e-10
2.83699e-10
2.66375e-10
2.46112e-10
2.2582e-10
2.08643e-10
1.92562e-10
1.77494e-10
1.63261e-10
1.5613e-10
1.5741e-10
1.58929e-10
1.61094e-10
1.63382e-10
1.63244e-10
1.62168e-10
1.62178e-10
1.62807e-10
1.63594e-10
1.64615e-10
1.66163e-10
1.6801e-10
1.69905e-10
1.71954e-10
1.73977e-10
1.75624e-10
1.77145e-10
1.78914e-10
1.80871e-10
1.8179e-10
1.81618e-10
1.81642e-10
1.82125e-10
1.83236e-10
1.85061e-10
1.8768e-10
1.9099e-10
1.95012e-10
1.99421e-10
2.04191e-10
2.09395e-10
2.14852e-10
2.20492e-10
2.26231e-10
2.31968e-10
2.37526e-10
2.42671e-10
2.47052e-10
2.50386e-10
2.52767e-10
2.54061e-10
2.54443e-10
2.55231e-10
2.5679e-10
2.59247e-10
2.62337e-10
2.65657e-10
2.68529e-10
2.70284e-10
2.68292e-10
2.5239e-10
1.92436e-10
9.55957e-11
4.53188e-11
3.31271e-11
4.60924e-11
1.11498e-10
2.82462e-10
7.2944e-10
7.2846e-10
7.2673e-10
7.27667e-10
7.30844e-10
7.34913e-10
7.18588e-10
7.04748e-10
6.96353e-10
6.93097e-10
6.91426e-10
6.90216e-10
6.87266e-10
6.67703e-10
6.48806e-10
6.33555e-10
6.21026e-10
6.08939e-10
5.97661e-10
5.85086e-10
5.74127e-10
5.60246e-10
5.34627e-10
5.09579e-10
4.89408e-10
4.6989e-10
4.51181e-10
4.32408e-10
4.13153e-10
3.93942e-10
3.73831e-10
3.54657e-10
3.34639e-10
3.16863e-10
2.97112e-10
2.74408e-10
2.51598e-10
2.32252e-10
2.13959e-10
1.96816e-10
1.80533e-10
1.80215e-10
1.81363e-10
1.82827e-10
1.85119e-10
1.87526e-10
1.87542e-10
1.86209e-10
1.86111e-10
1.86657e-10
1.8738e-10
1.88183e-10
1.89421e-10
1.91237e-10
1.93182e-10
1.95347e-10
1.97571e-10
1.99432e-10
2.01179e-10
2.03285e-10
2.05768e-10
2.07417e-10
2.07488e-10
2.07786e-10
2.08446e-10
2.09642e-10
2.11534e-10
2.14245e-10
2.17674e-10
2.22025e-10
2.26946e-10
2.32376e-10
2.38478e-10
2.45041e-10
2.51942e-10
2.5901e-10
2.66067e-10
2.72884e-10
2.79241e-10
2.84876e-10
2.89458e-10
2.9293e-10
2.94804e-10
2.95371e-10
2.95829e-10
2.96914e-10
2.98925e-10
3.01708e-10
3.04958e-10
3.08033e-10
3.10795e-10
3.12585e-10
3.12252e-10
3.02818e-10
2.56128e-10
1.41724e-10
5.54297e-11
3.62072e-11
3.92398e-11
8.17019e-11
8.63073e-10
8.57557e-10
8.52699e-10
8.5073e-10
8.51139e-10
8.495e-10
8.28116e-10
8.10428e-10
7.99022e-10
7.91849e-10
7.88153e-10
7.84838e-10
7.78887e-10
7.55517e-10
7.34128e-10
7.16287e-10
7.00882e-10
6.86346e-10
6.7248e-10
6.57075e-10
6.43337e-10
6.26241e-10
5.96682e-10
5.68365e-10
5.45584e-10
5.23051e-10
5.01457e-10
4.79965e-10
4.57894e-10
4.3592e-10
4.13077e-10
3.9133e-10
3.68781e-10
3.48937e-10
3.26656e-10
3.01476e-10
2.76336e-10
2.54914e-10
2.34545e-10
2.15465e-10
2.05949e-10
2.06716e-10
2.07763e-10
2.09151e-10
2.11545e-10
2.13942e-10
2.14083e-10
2.12425e-10
2.12279e-10
2.12777e-10
2.13521e-10
2.14285e-10
2.15253e-10
2.16946e-10
2.18967e-10
2.21212e-10
2.23598e-10
2.2565e-10
2.27602e-10
2.2999e-10
2.32947e-10
2.35327e-10
2.35683e-10
2.36382e-10
2.37325e-10
2.38782e-10
2.409e-10
2.43824e-10
2.47444e-10
2.5212e-10
2.57541e-10
2.63604e-10
2.70557e-10
2.7819e-10
2.86342e-10
2.94753e-10
3.03154e-10
3.11265e-10
3.18871e-10
3.25829e-10
3.31807e-10
3.36586e-10
3.39237e-10
3.40285e-10
3.40525e-10
3.41179e-10
3.42707e-10
3.45071e-10
3.48048e-10
3.50936e-10
3.53714e-10
3.55879e-10
3.57572e-10
3.57489e-10
3.52797e-10
3.22876e-10
2.1133e-10
7.51462e-11
4.07446e-11
3.47788e-11
9.94153e-10
9.84682e-10
9.76593e-10
9.71191e-10
9.68257e-10
9.6017e-10
9.3499e-10
9.13014e-10
8.99491e-10
8.88525e-10
8.81378e-10
8.75832e-10
8.66309e-10
8.39896e-10
8.16229e-10
7.96076e-10
7.77801e-10
7.61058e-10
7.44798e-10
7.2657e-10
7.09963e-10
6.89466e-10
6.56093e-10
6.24747e-10
5.9937e-10
5.74016e-10
5.49732e-10
5.25675e-10
5.00916e-10
4.76282e-10
4.50805e-10
4.26493e-10
4.01532e-10
3.79337e-10
3.54571e-10
3.26922e-10
2.99599e-10
2.76177e-10
2.53864e-10
2.34373e-10
2.35063e-10
2.35752e-10
2.36748e-10
2.38071e-10
2.4061e-10
2.42923e-10
2.42992e-10
2.41033e-10
2.40854e-10
2.41332e-10
2.42164e-10
2.43006e-10
2.4385e-10
2.45402e-10
2.47504e-10
2.49825e-10
2.52355e-10
2.54584e-10
2.56716e-10
2.59336e-10
2.62768e-10
2.65755e-10
2.66474e-10
2.67586e-10
2.68979e-10
2.70831e-10
2.733e-10
2.76599e-10
2.80514e-10
2.85555e-10
2.91471e-10
2.98146e-10
3.05901e-10
3.14555e-10
3.23927e-10
3.33668e-10
3.43412e-10
3.52834e-10
3.61715e-10
3.70065e-10
3.77584e-10
3.8386e-10
3.87565e-10
3.89355e-10
3.89559e-10
3.89887e-10
3.90944e-10
3.92826e-10
3.95402e-10
3.97907e-10
4.00398e-10
4.02301e-10
4.04065e-10
4.04851e-10
4.05349e-10
4.01997e-10
3.85284e-10
2.95784e-10
1.06469e-10
4.87329e-11
1.12093e-09
1.10842e-09
1.097e-09
1.0878e-09
1.08083e-09
1.06719e-09
1.03787e-09
1.0118e-09
9.95991e-10
9.82e-10
9.70879e-10
9.62151e-10
9.48835e-10
9.20469e-10
8.94268e-10
8.72271e-10
8.50896e-10
8.31701e-10
8.13435e-10
7.92425e-10
7.72886e-10
7.48993e-10
7.11945e-10
6.77879e-10
6.49729e-10
6.21735e-10
5.95104e-10
5.68565e-10
5.41291e-10
5.14161e-10
4.86216e-10
4.59403e-10
4.32233e-10
4.07417e-10
3.80337e-10
3.50295e-10
3.2092e-10
2.95584e-10
2.71462e-10
2.65956e-10
2.66712e-10
2.6741e-10
2.68437e-10
2.69748e-10
2.72488e-10
2.74655e-10
2.74496e-10
2.72247e-10
2.72021e-10
2.72515e-10
2.73439e-10
2.74466e-10
2.75382e-10
2.76829e-10
2.79005e-10
2.81435e-10
2.84118e-10
2.86527e-10
2.88808e-10
2.91611e-10
2.95617e-10
2.98932e-10
3.00144e-10
3.01622e-10
3.03597e-10
3.06001e-10
3.08949e-10
3.1271e-10
3.17081e-10
3.22556e-10
3.28982e-10
3.36255e-10
3.44768e-10
3.54394e-10
3.64944e-10
3.75991e-10
3.87065e-10
3.97801e-10
4.07987e-10
4.17812e-10
4.27037e-10
4.34971e-10
4.40195e-10
4.4283e-10
4.43257e-10
4.43394e-10
4.44013e-10
4.45363e-10
4.47406e-10
4.49336e-10
4.51304e-10
4.52643e-10
4.54017e-10
4.54527e-10
4.55455e-10
4.544e-10
4.52533e-10
4.41739e-10
3.82953e-10
1.81792e-10
1.24219e-09
1.22666e-09
1.21199e-09
1.19936e-09
1.18782e-09
1.16943e-09
1.13537e-09
1.10584e-09
1.087e-09
1.07026e-09
1.05614e-09
1.04348e-09
1.02632e-09
9.96145e-10
9.67166e-10
9.43637e-10
9.19428e-10
8.97222e-10
8.77039e-10
8.53398e-10
8.30895e-10
8.03643e-10
7.63165e-10
7.26673e-10
6.95789e-10
6.65299e-10
6.36543e-10
6.07619e-10
5.78044e-10
5.48633e-10
5.18434e-10
4.8928e-10
4.60105e-10
4.32552e-10
4.03364e-10
3.71092e-10
3.3982e-10
3.12681e-10
2.98976e-10
3.00076e-10
3.00976e-10
3.01775e-10
3.02925e-10
3.0429e-10
3.07237e-10
3.09362e-10
3.088e-10
3.06276e-10
3.0598e-10
3.06503e-10
3.07529e-10
3.08823e-10
3.09986e-10
3.11413e-10
3.13685e-10
3.1629e-10
3.19156e-10
3.21758e-10
3.24156e-10
3.27145e-10
3.31774e-10
3.35127e-10
3.37023e-10
3.38825e-10
3.41394e-10
3.44456e-10
3.48061e-10
3.52421e-10
3.57361e-10
3.63301e-10
3.70312e-10
3.7819e-10
3.87433e-10
3.9799e-10
4.09687e-10
4.22016e-10
4.34418e-10
4.46427e-10
4.57998e-10
4.69436e-10
4.80572e-10
4.90408e-10
4.97503e-10
5.01158e-10
5.02046e-10
5.02114e-10
5.02308e-10
5.03046e-10
5.04389e-10
5.05514e-10
5.06693e-10
5.07193e-10
5.07897e-10
5.07795e-10
5.08494e-10
5.07283e-10
5.06515e-10
5.03329e-10
4.97608e-10
4.72955e-10
1.35648e-09
1.33796e-09
1.31997e-09
1.30379e-09
1.28768e-09
1.26519e-09
1.22621e-09
1.19393e-09
1.17167e-09
1.15215e-09
1.13524e-09
1.11908e-09
1.0982e-09
1.06522e-09
1.03378e-09
1.00868e-09
9.82315e-10
9.56875e-10
9.34291e-10
9.0826e-10
8.82707e-10
8.52119e-10
8.08597e-10
7.70081e-10
7.3671e-10
7.03778e-10
6.73022e-10
6.41842e-10
6.10216e-10
5.78778e-10
5.46568e-10
5.15347e-10
4.84255e-10
4.54242e-10
4.2303e-10
3.88758e-10
3.55812e-10
3.35105e-10
3.35552e-10
3.3685e-10
3.37957e-10
3.38943e-10
3.40304e-10
3.41824e-10
3.44938e-10
3.47165e-10
3.46082e-10
3.43323e-10
3.42944e-10
3.435e-10
3.4465e-10
3.46246e-10
3.47796e-10
3.49343e-10
3.51762e-10
3.54649e-10
3.5773e-10
3.60565e-10
3.63057e-10
3.6629e-10
3.71357e-10
3.74884e-10
3.77342e-10
3.79524e-10
3.82673e-10
3.86393e-10
3.90799e-10
3.95967e-10
4.01627e-10
4.08122e-10
4.15676e-10
4.24243e-10
4.3422e-10
4.45693e-10
4.58533e-10
4.72131e-10
4.85884e-10
4.99113e-10
5.12249e-10
5.25507e-10
5.38756e-10
5.50837e-10
5.59982e-10
5.6494e-10
5.66419e-10
5.66458e-10
5.66161e-10
5.66138e-10
5.66555e-10
5.66606e-10
5.66706e-10
5.66088e-10
5.65883e-10
5.64973e-10
5.65245e-10
5.63485e-10
5.625e-10
5.5947e-10
5.57617e-10
5.52433e-10
1.46226e-09
1.44077e-09
1.41951e-09
1.39969e-09
1.37899e-09
1.35245e-09
1.30965e-09
1.27477e-09
1.24902e-09
1.22654e-09
1.20652e-09
1.18686e-09
1.16288e-09
1.12676e-09
1.09324e-09
1.06596e-09
1.03794e-09
1.01002e-09
9.84118e-10
9.55817e-10
9.26981e-10
8.93457e-10
8.47434e-10
8.06831e-10
7.71565e-10
7.36462e-10
7.03476e-10
6.70311e-10
6.36906e-10
6.03729e-10
5.69791e-10
5.36784e-10
5.03878e-10
4.71918e-10
4.38766e-10
4.02752e-10
3.74323e-10
3.74432e-10
3.74918e-10
3.76427e-10
3.77787e-10
3.79032e-10
3.80684e-10
3.82457e-10
3.85684e-10
3.88172e-10
3.86556e-10
3.83605e-10
3.83141e-10
3.83733e-10
3.85057e-10
3.86937e-10
3.88955e-10
3.90865e-10
3.93453e-10
3.96744e-10
4.00166e-10
4.0314e-10
4.05841e-10
4.09432e-10
4.14642e-10
4.18673e-10
4.2135e-10
4.24016e-10
4.27712e-10
4.3214e-10
4.37427e-10
4.4353e-10
4.50144e-10
4.57403e-10
4.65545e-10
4.74759e-10
4.85539e-10
4.9797e-10
5.12e-10
5.26904e-10
5.42046e-10
5.56708e-10
5.7145e-10
5.86746e-10
6.02346e-10
6.16956e-10
6.284e-10
6.34786e-10
6.36788e-10
6.36668e-10
6.35681e-10
6.34663e-10
6.33887e-10
6.32598e-10
6.31351e-10
6.29376e-10
6.28075e-10
6.26231e-10
6.25992e-10
6.2356e-10
6.22103e-10
6.18441e-10
6.16639e-10
6.11287e-10
1.55804e-09
1.53363e-09
1.50915e-09
1.4856e-09
1.46041e-09
1.42993e-09
1.38436e-09
1.34694e-09
1.31766e-09
1.29206e-09
1.26887e-09
1.2455e-09
1.21863e-09
1.17977e-09
1.1445e-09
1.11469e-09
1.08487e-09
1.05529e-09
1.02587e-09
9.94846e-10
9.63002e-10
9.26923e-10
8.79033e-10
8.36237e-10
7.99292e-10
7.62171e-10
7.27214e-10
6.92178e-10
6.57305e-10
6.22744e-10
5.87328e-10
5.52756e-10
5.18439e-10
4.84925e-10
4.5006e-10
4.19277e-10
4.16693e-10
4.16731e-10
4.17261e-10
4.18985e-10
4.2063e-10
4.22195e-10
4.24208e-10
4.263e-10
4.29671e-10
4.32488e-10
4.30472e-10
4.27361e-10
4.26825e-10
4.27464e-10
4.28999e-10
4.31166e-10
4.33699e-10
4.36215e-10
4.39028e-10
4.42823e-10
4.4669e-10
4.49802e-10
4.52853e-10
4.56859e-10
4.62235e-10
4.66672e-10
4.69488e-10
4.72665e-10
4.76903e-10
4.82087e-10
4.88356e-10
4.9553e-10
5.03278e-10
5.11519e-10
5.20484e-10
5.30325e-10
5.41991e-10
5.55487e-10
5.70831e-10
5.87178e-10
6.03824e-10
6.20166e-10
6.36517e-10
6.54014e-10
6.7229e-10
6.89588e-10
7.03398e-10
7.11051e-10
7.13203e-10
7.12553e-10
7.10541e-10
7.08274e-10
7.06096e-10
7.03292e-10
7.00539e-10
6.97067e-10
6.94555e-10
6.91722e-10
6.90958e-10
6.87816e-10
6.8579e-10
6.81299e-10
6.7914e-10
6.73065e-10
1.64246e-09
1.61513e-09
1.58741e-09
1.56012e-09
1.53062e-09
1.49636e-09
1.44877e-09
1.40895e-09
1.3762e-09
1.34745e-09
1.32104e-09
1.29407e-09
1.26435e-09
1.22331e-09
1.18641e-09
1.15395e-09
1.12215e-09
1.09096e-09
1.05877e-09
1.02461e-09
9.90204e-10
9.5161e-10
9.02543e-10
8.57594e-10
8.18739e-10
7.80129e-10
7.43455e-10
7.06776e-10
6.70835e-10
6.35062e-10
5.98559e-10
5.62801e-10
5.27418e-10
4.9258e-10
4.68199e-10
4.64829e-10
4.62251e-10
4.62213e-10
4.62799e-10
4.64737e-10
4.66691e-10
4.68622e-10
4.71056e-10
4.73517e-10
4.77176e-10
4.80309e-10
4.78048e-10
4.74855e-10
4.74286e-10
4.74998e-10
4.76785e-10
4.7927e-10
4.8234e-10
4.85615e-10
4.88866e-10
4.93184e-10
4.97536e-10
5.01105e-10
5.04368e-10
5.08934e-10
5.14659e-10
5.19247e-10
5.22298e-10
5.25974e-10
5.30792e-10
5.36767e-10
5.4413e-10
5.52579e-10
5.6172e-10
5.7117e-10
5.81112e-10
5.91824e-10
6.04444e-10
6.19195e-10
6.36067e-10
6.54079e-10
6.7239e-10
6.90366e-10
7.08526e-10
7.28367e-10
7.49433e-10
7.69263e-10
7.8509e-10
7.93395e-10
7.94943e-10
7.93206e-10
7.89857e-10
7.86254e-10
7.82697e-10
7.78424e-10
7.7418e-10
7.69192e-10
7.65439e-10
7.61635e-10
7.60401e-10
7.56561e-10
7.53913e-10
7.48485e-10
7.4587e-10
7.39064e-10
1.71402e-09
1.68381e-09
1.65282e-09
1.62183e-09
1.58826e-09
1.55046e-09
1.50133e-09
1.45926e-09
1.42321e-09
1.39131e-09
1.36171e-09
1.3314e-09
1.29896e-09
1.25635e-09
1.21784e-09
1.18291e-09
1.14889e-09
1.11575e-09
1.08149e-09
1.04422e-09
1.00721e-09
9.66381e-10
9.16522e-10
8.70015e-10
8.29147e-10
7.89566e-10
7.51688e-10
7.1379e-10
6.76797e-10
6.40166e-10
6.03041e-10
5.6653e-10
5.30302e-10
5.16816e-10
5.17518e-10
5.13798e-10
5.11248e-10
5.11135e-10
5.11789e-10
5.13943e-10
5.16226e-10
5.18558e-10
5.2146e-10
5.24344e-10
5.28409e-10
5.31857e-10
5.29549e-10
5.26403e-10
5.25872e-10
5.26708e-10
5.28798e-10
5.31673e-10
5.35313e-10
5.39376e-10
5.43412e-10
5.48339e-10
5.53198e-10
5.57347e-10
5.60999e-10
5.66126e-10
5.72327e-10
5.77129e-10
5.80432e-10
5.84642e-10
5.901e-10
5.96949e-10
6.05564e-10
6.15558e-10
6.26446e-10
6.37447e-10
6.48592e-10
6.60344e-10
6.74148e-10
6.9041e-10
7.09093e-10
7.28986e-10
7.49028e-10
7.68521e-10
7.88385e-10
8.10402e-10
8.33907e-10
8.55513e-10
8.72374e-10
8.80228e-10
8.80263e-10
8.77031e-10
8.72408e-10
8.67818e-10
8.63293e-10
8.57869e-10
8.52311e-10
8.45885e-10
8.40926e-10
8.36235e-10
8.34652e-10
8.30176e-10
8.26865e-10
8.20402e-10
8.17274e-10
8.09735e-10
1.7713e-09
1.73838e-09
1.70411e-09
1.66954e-09
1.63222e-09
1.59111e-09
1.54071e-09
1.49653e-09
1.4574e-09
1.42246e-09
1.38977e-09
1.35643e-09
1.3215e-09
1.2778e-09
1.23784e-09
1.20061e-09
1.16446e-09
1.12918e-09
1.09272e-09
1.05299e-09
1.01324e-09
9.70459e-10
9.19963e-10
8.72662e-10
8.30096e-10
7.89851e-10
7.51384e-10
7.12642e-10
6.75111e-10
6.37814e-10
6.00428e-10
5.63703e-10
5.669e-10
5.69611e-10
5.70434e-10
5.66546e-10
5.64034e-10
5.63848e-10
5.64586e-10
5.66959e-10
5.6959e-10
5.72349e-10
5.75752e-10
5.79111e-10
5.83633e-10
5.87471e-10
5.85351e-10
5.8243e-10
5.82051e-10
5.83092e-10
5.85554e-10
5.88888e-10
5.93179e-10
5.98134e-10
6.03168e-10
6.08816e-10
6.14379e-10
6.19115e-10
6.23434e-10
6.29172e-10
6.35988e-10
6.41157e-10
6.44829e-10
6.49658e-10
6.55876e-10
6.6375e-10
6.73864e-10
6.85786e-10
6.98914e-10
7.11898e-10
7.24529e-10
7.37514e-10
7.52721e-10
7.70758e-10
7.91492e-10
8.13315e-10
8.34823e-10
8.55227e-10
8.75998e-10
8.9934e-10
9.24168e-10
9.46056e-10
9.6254e-10
9.68699e-10
9.66927e-10
9.62535e-10
9.57406e-10
9.52712e-10
9.47953e-10
9.41857e-10
9.35215e-10
9.27453e-10
9.2135e-10
9.15912e-10
9.14171e-10
9.09164e-10
9.05154e-10
8.97541e-10
8.93846e-10
8.85564e-10
1.81037e-09
1.77504e-09
1.73763e-09
1.69973e-09
1.65903e-09
1.61496e-09
1.5635e-09
1.51741e-09
1.47555e-09
1.43781e-09
1.4023e-09
1.36637e-09
1.32932e-09
1.285e-09
1.2439e-09
1.20471e-09
1.16666e-09
1.12934e-09
1.09089e-09
1.04896e-09
1.00682e-09
9.62491e-10
9.11477e-10
8.64071e-10
8.20469e-10
7.79767e-10
7.41325e-10
7.02426e-10
6.64695e-10
6.27176e-10
6.15069e-10
6.19419e-10
6.22857e-10
6.25685e-10
6.266e-10
6.22707e-10
6.20286e-10
6.2005e-10
6.20908e-10
6.23512e-10
6.2651e-10
6.29712e-10
6.3363e-10
6.37496e-10
6.42508e-10
6.46818e-10
6.45151e-10
6.42708e-10
6.4267e-10
6.44064e-10
6.47013e-10
6.50907e-10
6.55961e-10
6.61909e-10
6.68093e-10
6.74658e-10
6.81235e-10
6.86617e-10
6.91766e-10
6.98238e-10
7.05812e-10
7.11552e-10
7.15803e-10
7.21451e-10
7.28619e-10
7.37783e-10
7.49785e-10
7.64196e-10
7.80274e-10
7.9584e-10
8.10303e-10
8.24686e-10
8.41458e-10
8.61445e-10
8.84278e-10
9.07693e-10
9.29773e-10
9.49698e-10
9.69816e-10
9.93024e-10
1.01771e-09
1.03848e-09
1.05387e-09
1.05815e-09
1.05521e-09
1.05077e-09
1.04623e-09
1.04232e-09
1.03788e-09
1.0314e-09
1.02377e-09
1.01469e-09
1.00748e-09
1.00148e-09
9.99843e-10
9.94451e-10
9.89688e-10
9.80773e-10
9.76441e-10
9.67393e-10
1.82354e-09
1.78629e-09
1.74617e-09
1.70543e-09
1.66195e-09
1.61546e-09
1.56332e-09
1.51574e-09
1.4717e-09
1.43165e-09
1.39381e-09
1.35592e-09
1.31734e-09
1.27303e-09
1.23136e-09
1.19083e-09
1.15138e-09
1.1124e-09
1.0723e-09
1.02883e-09
9.84903e-10
9.39653e-10
8.88598e-10
8.4178e-10
7.98142e-10
7.57541e-10
7.19485e-10
6.81093e-10
6.61271e-10
6.66584e-10
6.71644e-10
6.76597e-10
6.80411e-10
6.83339e-10
6.84321e-10
6.80586e-10
6.78366e-10
6.78144e-10
6.79186e-10
6.82051e-10
6.85443e-10
6.89096e-10
6.93519e-10
6.97896e-10
7.03425e-10
7.08287e-10
7.07408e-10
7.05818e-10
7.0643e-10
7.08433e-10
7.12073e-10
7.16692e-10
7.22681e-10
7.29796e-10
7.37309e-10
7.45225e-10
7.52946e-10
7.59197e-10
7.65375e-10
7.72777e-10
7.8135e-10
7.87994e-10
7.93278e-10
8.00212e-10
8.08706e-10
8.19688e-10
8.34295e-10
8.52141e-10
8.723e-10
8.91352e-10
9.08077e-10
9.23904e-10
9.42168e-10
9.6391e-10
9.88289e-10
1.012e-09
1.03253e-09
1.04933e-09
1.06635e-09
1.08764e-09
1.11103e-09
1.13031e-09
1.14536e-09
1.14931e-09
1.14636e-09
1.14312e-09
1.13999e-09
1.13733e-09
1.13345e-09
1.12669e-09
1.11811e-09
1.10772e-09
1.0995e-09
1.09318e-09
1.09199e-09
1.0864e-09
1.0808e-09
1.07037e-09
1.0653e-09
1.05545e-09
1.81129e-09
1.77271e-09
1.73041e-09
1.68747e-09
1.64185e-09
1.59349e-09
1.54088e-09
1.49209e-09
1.44637e-09
1.40452e-09
1.36495e-09
1.3258e-09
1.28641e-09
1.24265e-09
1.20091e-09
1.15965e-09
1.11934e-09
1.07922e-09
1.038e-09
9.93649e-10
9.4864e-10
9.03091e-10
8.52703e-10
8.06942e-10
7.6402e-10
7.242e-10
7.06951e-10
7.12215e-10
7.18295e-10
7.24354e-10
7.30175e-10
7.35679e-10
7.39975e-10
7.43079e-10
7.44196e-10
7.40772e-10
7.38845e-10
7.38719e-10
7.40015e-10
7.43198e-10
7.4704e-10
7.51178e-10
7.56125e-10
7.6108e-10
7.67251e-10
7.72945e-10
7.73335e-10
7.73049e-10
7.74695e-10
7.77634e-10
7.82238e-10
7.87831e-10
7.95042e-10
8.03682e-10
8.12986e-10
8.22823e-10
8.32102e-10
8.39792e-10
8.47505e-10
8.56382e-10
8.66645e-10
8.75008e-10
8.8227e-10
8.913e-10
9.01758e-10
9.15335e-10
9.33501e-10
9.55898e-10
9.81153e-10
1.00378e-09
1.0216e-09
1.03674e-09
1.05387e-09
1.07413e-09
1.09593e-09
1.11471e-09
1.12806e-09
1.13687e-09
1.14779e-09
1.16612e-09
1.18888e-09
1.20908e-09
1.2274e-09
1.23498e-09
1.23505e-09
1.23506e-09
1.23464e-09
1.23411e-09
1.23143e-09
1.22489e-09
1.21576e-09
1.20436e-09
1.19536e-09
1.18909e-09
1.18882e-09
1.1833e-09
1.17676e-09
1.16457e-09
1.15869e-09
1.148e-09
1.78489e-09
1.74541e-09
1.70131e-09
1.65666e-09
1.60932e-09
1.55938e-09
1.50617e-09
1.45619e-09
1.40907e-09
1.36582e-09
1.3251e-09
1.28532e-09
1.24575e-09
1.20287e-09
1.1614e-09
1.11989e-09
1.07914e-09
1.03835e-09
9.96454e-10
9.51704e-10
9.06111e-10
8.60558e-10
8.11293e-10
7.66723e-10
7.54644e-10
7.59173e-10
7.65857e-10
7.72101e-10
7.79197e-10
7.86198e-10
7.9289e-10
7.99086e-10
8.03961e-10
8.07383e-10
8.08771e-10
8.05757e-10
8.04162e-10
8.04203e-10
8.05807e-10
8.09398e-10
8.13777e-10
8.18477e-10
8.2402e-10
8.29707e-10
8.36796e-10
8.43836e-10
8.46102e-10
8.47631e-10
8.50739e-10
8.54977e-10
8.60851e-10
8.6772e-10
8.76542e-10
8.87262e-10
8.99079e-10
9.11484e-10
9.231e-10
9.33103e-10
9.43094e-10
9.54246e-10
9.67175e-10
9.78369e-10
9.88655e-10
1.00032e-09
1.01285e-09
1.02896e-09
1.05038e-09
1.07657e-09
1.10491e-09
1.12656e-09
1.13864e-09
1.1451e-09
1.15302e-09
1.1637e-09
1.17511e-09
1.18249e-09
1.18524e-09
1.18652e-09
1.19519e-09
1.21645e-09
1.24563e-09
1.27417e-09
1.30225e-09
1.31786e-09
1.32326e-09
1.32713e-09
1.32942e-09
1.33097e-09
1.32966e-09
1.32367e-09
1.31437e-09
1.30221e-09
1.29266e-09
1.28681e-09
1.28794e-09
1.28285e-09
1.27535e-09
1.26117e-09
1.25442e-09
1.24295e-09
1.74564e-09
1.70568e-09
1.66034e-09
1.61455e-09
1.56598e-09
1.51481e-09
1.46105e-09
1.4101e-09
1.36197e-09
1.31783e-09
1.27661e-09
1.23691e-09
1.19787e-09
1.15632e-09
1.11561e-09
1.07442e-09
1.03378e-09
9.92917e-10
9.50884e-10
9.06195e-10
8.60482e-10
8.15201e-10
8.09828e-10
8.10999e-10
8.13778e-10
8.1908e-10
8.26629e-10
8.33986e-10
8.42212e-10
8.50294e-10
8.57965e-10
8.64959e-10
8.70489e-10
8.74325e-10
8.76068e-10
8.7353e-10
8.72317e-10
8.72597e-10
8.74573e-10
8.78659e-10
8.83652e-10
8.88962e-10
8.95128e-10
9.01652e-10
9.09911e-10
9.18807e-10
9.23626e-10
9.27612e-10
9.32735e-10
9.38731e-10
9.46246e-10
9.54714e-10
9.65548e-10
9.78951e-10
9.93998e-10
1.00956e-09
1.02426e-09
1.0373e-09
1.0501e-09
1.06402e-09
1.08017e-09
1.09489e-09
1.10847e-09
1.12205e-09
1.13502e-09
1.15125e-09
1.17249e-09
1.19767e-09
1.22198e-09
1.23285e-09
1.22902e-09
1.21873e-09
1.21244e-09
1.21166e-09
1.21435e-09
1.21604e-09
1.21729e-09
1.22174e-09
1.23846e-09
1.27181e-09
1.31476e-09
1.35613e-09
1.39508e-09
1.41646e-09
1.42274e-09
1.42608e-09
1.42774e-09
1.42941e-09
1.42861e-09
1.42294e-09
1.41347e-09
1.40055e-09
1.39042e-09
1.3852e-09
1.38819e-09
1.38393e-09
1.37542e-09
1.35901e-09
1.35138e-09
1.33916e-09
1.69092e-09
1.65103e-09
1.6052e-09
1.55901e-09
1.50987e-09
1.458e-09
1.40399e-09
1.35258e-09
1.30386e-09
1.25942e-09
1.21842e-09
1.17957e-09
1.14181e-09
1.10214e-09
1.06278e-09
1.02252e-09
9.82616e-10
9.4236e-10
9.00824e-10
8.64322e-10
8.67463e-10
8.69537e-10
8.67869e-10
8.6945e-10
8.72824e-10
8.78982e-10
8.87481e-10
8.96061e-10
9.0553e-10
9.14804e-10
9.23546e-10
9.31417e-10
9.37655e-10
9.41972e-10
9.44134e-10
9.42143e-10
9.41389e-10
9.42001e-10
9.44439e-10
9.49125e-10
9.54825e-10
9.60783e-10
9.67573e-10
9.75001e-10
9.8468e-10
9.9599e-10
1.00419e-09
1.0115e-09
1.01939e-09
1.0278e-09
1.03747e-09
1.04795e-09
1.06129e-09
1.07812e-09
1.09716e-09
1.11631e-09
1.13465e-09
1.15112e-09
1.16682e-09
1.18339e-09
1.20253e-09
1.22051e-09
1.23603e-09
1.24857e-09
1.25749e-09
1.26817e-09
1.28228e-09
1.29827e-09
1.3094e-09
1.3017e-09
1.27907e-09
1.25486e-09
1.24135e-09
1.23912e-09
1.24515e-09
1.25397e-09
1.26518e-09
1.28113e-09
1.31081e-09
1.35847e-09
1.41479e-09
1.46535e-09
1.50939e-09
1.52962e-09
1.53008e-09
1.5283e-09
1.52688e-09
1.52779e-09
1.52747e-09
1.52239e-09
1.51298e-09
1.4993e-09
1.48849e-09
1.48398e-09
1.48925e-09
1.48623e-09
1.47665e-09
1.45784e-09
1.44921e-09
1.4363e-09
1.62431e-09
1.58508e-09
1.53957e-09
1.49375e-09
1.44468e-09
1.39259e-09
1.33874e-09
1.28753e-09
1.23828e-09
1.19401e-09
1.15385e-09
1.11651e-09
1.08068e-09
1.04338e-09
1.00584e-09
9.66999e-10
9.28351e-10
9.06605e-10
9.1701e-10
9.23439e-10
9.2632e-10
9.27957e-10
9.26437e-10
9.28394e-10
9.32421e-10
9.39535e-10
9.49112e-10
9.59049e-10
9.69906e-10
9.80523e-10
9.9047e-10
9.99336e-10
1.00638e-09
1.01128e-09
1.01396e-09
1.0126e-09
1.0124e-09
1.01346e-09
1.01649e-09
1.02193e-09
1.02849e-09
1.03518e-09
1.04261e-09
1.05105e-09
1.06249e-09
1.07697e-09
1.08967e-09
1.10142e-09
1.11309e-09
1.12474e-09
1.13719e-09
1.15014e-09
1.16652e-09
1.1876e-09
1.21081e-09
1.23356e-09
1.25603e-09
1.27568e-09
1.29319e-09
1.31062e-09
1.33047e-09
1.34866e-09
1.36095e-09
1.36514e-09
1.36144e-09
1.35783e-09
1.35652e-09
1.35673e-09
1.35151e-09
1.32857e-09
1.29706e-09
1.27207e-09
1.2649e-09
1.27419e-09
1.29524e-09
1.32037e-09
1.34672e-09
1.37464e-09
1.41391e-09
1.47059e-09
1.53382e-09
1.58631e-09
1.62926e-09
1.64393e-09
1.63589e-09
1.62805e-09
1.62385e-09
1.62481e-09
1.62587e-09
1.62208e-09
1.61308e-09
1.59865e-09
1.58695e-09
1.58317e-09
1.59113e-09
1.58984e-09
1.57917e-09
1.55786e-09
1.54798e-09
1.53443e-09
1.54442e-09
1.50755e-09
1.46355e-09
1.41902e-09
1.3708e-09
1.3191e-09
1.26617e-09
1.21661e-09
1.16599e-09
1.12235e-09
1.0837e-09
1.04853e-09
1.01527e-09
9.80825e-10
9.45553e-10
9.34367e-10
9.49204e-10
9.63454e-10
9.7521e-10
9.82246e-10
9.84694e-10
9.85609e-10
9.84056e-10
9.86303e-10
9.91e-10
9.99152e-10
1.00993e-09
1.02138e-09
1.03381e-09
1.04598e-09
1.05733e-09
1.06739e-09
1.07543e-09
1.08112e-09
1.08453e-09
1.08402e-09
1.08462e-09
1.0864e-09
1.09032e-09
1.09688e-09
1.10465e-09
1.11235e-09
1.12064e-09
1.13037e-09
1.14417e-09
1.163e-09
1.1818e-09
1.19963e-09
1.21643e-09
1.23236e-09
1.24817e-09
1.26383e-09
1.28345e-09
1.30882e-09
1.33549e-09
1.36186e-09
1.387e-09
1.40637e-09
1.42086e-09
1.43308e-09
1.4467e-09
1.45667e-09
1.4555e-09
1.44113e-09
1.41701e-09
1.39508e-09
1.37859e-09
1.36822e-09
1.35736e-09
1.33485e-09
1.31103e-09
1.29947e-09
1.30991e-09
1.33956e-09
1.38185e-09
1.42585e-09
1.46505e-09
1.49761e-09
1.53639e-09
1.59254e-09
1.65504e-09
1.70423e-09
1.74396e-09
1.75317e-09
1.73773e-09
1.72483e-09
1.71901e-09
1.72109e-09
1.72438e-09
1.72244e-09
1.7141e-09
1.69881e-09
1.68588e-09
1.68273e-09
1.69391e-09
1.69491e-09
1.68314e-09
1.65916e-09
1.64775e-09
1.63369e-09
1.4591e-09
1.424e-09
1.38172e-09
1.33912e-09
1.2924e-09
1.2416e-09
1.19086e-09
1.14023e-09
1.08898e-09
1.04759e-09
1.01123e-09
9.78735e-10
9.48483e-10
9.52239e-10
9.70475e-10
9.8704e-10
1.00388e-09
1.02028e-09
1.03372e-09
1.04149e-09
1.0434e-09
1.04335e-09
1.04161e-09
1.04411e-09
1.04957e-09
1.0589e-09
1.07109e-09
1.08427e-09
1.09853e-09
1.11251e-09
1.12555e-09
1.13707e-09
1.14636e-09
1.15309e-09
1.15748e-09
1.15806e-09
1.15973e-09
1.16257e-09
1.16773e-09
1.17587e-09
1.18531e-09
1.19438e-09
1.20375e-09
1.21506e-09
1.23188e-09
1.25646e-09
1.28338e-09
1.30926e-09
1.33271e-09
1.35389e-09
1.37323e-09
1.39097e-09
1.4129e-09
1.44093e-09
1.46892e-09
1.4946e-09
1.51501e-09
1.52514e-09
1.52612e-09
1.52215e-09
1.51897e-09
1.51045e-09
1.4884e-09
1.45372e-09
1.41423e-09
1.38404e-09
1.36607e-09
1.36129e-09
1.36232e-09
1.35662e-09
1.3527e-09
1.36227e-09
1.39477e-09
1.44673e-09
1.50945e-09
1.56764e-09
1.61046e-09
1.63495e-09
1.66084e-09
1.70807e-09
1.76593e-09
1.81148e-09
1.85021e-09
1.85671e-09
1.83639e-09
1.81989e-09
1.81337e-09
1.81733e-09
1.82349e-09
1.82379e-09
1.81627e-09
1.79994e-09
1.78536e-09
1.78269e-09
1.79774e-09
1.80146e-09
1.78864e-09
1.76176e-09
1.7486e-09
1.73422e-09
1.37547e-09
1.34134e-09
1.30104e-09
1.26089e-09
1.2161e-09
1.1663e-09
1.11612e-09
1.06217e-09
1.0145e-09
9.75221e-10
9.41566e-10
9.58624e-10
9.8004e-10
1.0021e-09
1.02315e-09
1.04187e-09
1.06103e-09
1.08022e-09
1.09603e-09
1.10498e-09
1.10641e-09
1.10525e-09
1.10325e-09
1.10605e-09
1.11244e-09
1.12318e-09
1.13706e-09
1.15225e-09
1.16865e-09
1.18477e-09
1.19978e-09
1.21302e-09
1.22379e-09
1.23176e-09
1.23731e-09
1.23911e-09
1.24198e-09
1.24604e-09
1.25269e-09
1.26276e-09
1.27423e-09
1.28485e-09
1.29526e-09
1.30815e-09
1.32845e-09
1.36031e-09
1.39772e-09
1.43397e-09
1.46563e-09
1.49251e-09
1.51413e-09
1.53104e-09
1.55116e-09
1.57589e-09
1.59641e-09
1.60919e-09
1.6113e-09
1.59859e-09
1.57383e-09
1.54521e-09
1.52071e-09
1.49392e-09
1.45837e-09
1.41723e-09
1.37981e-09
1.35898e-09
1.3563e-09
1.37254e-09
1.39917e-09
1.42e-09
1.44044e-09
1.47104e-09
1.52241e-09
1.59123e-09
1.66674e-09
1.7291e-09
1.76372e-09
1.7685e-09
1.77331e-09
1.80876e-09
1.86314e-09
1.90815e-09
1.94982e-09
1.95662e-09
1.933e-09
1.91445e-09
1.90766e-09
1.914e-09
1.92345e-09
1.92633e-09
1.91976e-09
1.90219e-09
1.88541e-09
1.88315e-09
1.90271e-09
1.90941e-09
1.89579e-09
1.86582e-09
1.85068e-09
1.83618e-09
1.28689e-09
1.25559e-09
1.21861e-09
1.18182e-09
1.13961e-09
1.09122e-09
1.04043e-09
9.87597e-10
9.64457e-10
9.69213e-10
9.81052e-10
1.00024e-09
1.02524e-09
1.05133e-09
1.07555e-09
1.09653e-09
1.11826e-09
1.14088e-09
1.15975e-09
1.17027e-09
1.17106e-09
1.16841e-09
1.16581e-09
1.1688e-09
1.17617e-09
1.18847e-09
1.20427e-09
1.22177e-09
1.24069e-09
1.25937e-09
1.27681e-09
1.29223e-09
1.30494e-09
1.31461e-09
1.32178e-09
1.32523e-09
1.32979e-09
1.33565e-09
1.34446e-09
1.35732e-09
1.3717e-09
1.38452e-09
1.39631e-09
1.41109e-09
1.43579e-09
1.47729e-09
1.5286e-09
1.57798e-09
1.6187e-09
1.64946e-09
1.66794e-09
1.67541e-09
1.68261e-09
1.68986e-09
1.68609e-09
1.66926e-09
1.63832e-09
1.59371e-09
1.54221e-09
1.49534e-09
1.46034e-09
1.43037e-09
1.39991e-09
1.37121e-09
1.35245e-09
1.35452e-09
1.37827e-09
1.42494e-09
1.48486e-09
1.5355e-09
1.57749e-09
1.62114e-09
1.6803e-09
1.75403e-09
1.831e-09
1.88798e-09
1.90713e-09
1.88765e-09
1.86987e-09
1.89524e-09
1.9496e-09
1.99761e-09
2.04561e-09
2.05509e-09
2.0285e-09
2.00892e-09
2.00225e-09
2.01126e-09
2.02437e-09
2.03016e-09
2.02469e-09
2.00573e-09
1.98607e-09
1.98414e-09
2.00858e-09
2.01874e-09
2.00473e-09
1.97144e-09
1.9541e-09
1.93972e-09
1.19552e-09
1.16788e-09
1.13495e-09
1.10221e-09
1.0632e-09
1.02433e-09
1.01659e-09
1.00743e-09
1.00271e-09
1.00545e-09
1.01734e-09
1.03884e-09
1.06799e-09
1.09883e-09
1.12658e-09
1.14983e-09
1.17422e-09
1.20084e-09
1.22353e-09
1.23598e-09
1.23599e-09
1.23135e-09
1.22782e-09
1.23093e-09
1.23938e-09
1.25342e-09
1.27142e-09
1.29163e-09
1.31357e-09
1.33547e-09
1.35601e-09
1.3743e-09
1.38967e-09
1.40178e-09
1.41133e-09
1.4172e-09
1.42429e-09
1.43286e-09
1.44492e-09
1.46191e-09
1.48059e-09
1.49667e-09
1.51037e-09
1.52738e-09
1.55744e-09
1.61136e-09
1.68024e-09
1.74432e-09
1.79116e-09
1.8173e-09
1.81799e-09
1.79791e-09
1.77262e-09
1.74339e-09
1.69988e-09
1.64444e-09
1.58166e-09
1.51606e-09
1.45516e-09
1.40952e-09
1.38274e-09
1.36758e-09
1.35817e-09
1.35449e-09
1.36331e-09
1.39467e-09
1.44949e-09
1.53023e-09
1.62596e-09
1.70371e-09
1.75688e-09
1.79802e-09
1.84829e-09
1.91326e-09
1.98296e-09
2.03116e-09
2.03515e-09
1.99327e-09
1.95468e-09
1.97258e-09
2.02983e-09
2.08319e-09
2.13961e-09
2.15338e-09
2.12444e-09
2.1034e-09
2.09723e-09
2.10911e-09
2.12625e-09
2.13533e-09
2.13121e-09
2.11074e-09
2.08743e-09
2.0855e-09
2.11504e-09
2.12946e-09
2.11554e-09
2.07875e-09
2.05898e-09
2.04502e-09
1.10726e-09
1.08305e-09
1.05469e-09
1.06858e-09
1.07526e-09
1.07144e-09
1.06066e-09
1.04833e-09
1.04014e-09
1.04055e-09
1.0522e-09
1.07615e-09
1.11015e-09
1.14662e-09
1.17846e-09
1.20409e-09
1.23123e-09
1.26271e-09
1.2904e-09
1.30533e-09
1.3047e-09
1.29768e-09
1.29307e-09
1.29628e-09
1.30596e-09
1.3221e-09
1.3428e-09
1.36621e-09
1.39185e-09
1.41778e-09
1.4423e-09
1.46438e-09
1.48333e-09
1.49879e-09
1.51161e-09
1.52077e-09
1.53129e-09
1.54359e-09
1.56012e-09
1.58281e-09
1.60731e-09
1.62755e-09
1.64312e-09
1.66179e-09
1.69719e-09
1.76553e-09
1.85384e-09
1.92871e-09
1.96858e-09
1.96819e-09
1.9243e-09
1.85314e-09
1.77869e-09
1.70579e-09
1.62632e-09
1.54726e-09
1.47427e-09
1.41092e-09
1.36181e-09
1.3346e-09
1.33003e-09
1.34129e-09
1.3617e-09
1.38884e-09
1.4282e-09
1.48981e-09
1.57472e-09
1.6873e-09
1.8158e-09
1.91219e-09
1.96024e-09
1.98042e-09
2.00644e-09
2.05404e-09
2.11456e-09
2.15723e-09
2.15116e-09
2.0911e-09
2.0332e-09
2.04508e-09
2.10686e-09
2.16666e-09
2.23253e-09
2.25203e-09
2.22194e-09
2.1981e-09
2.19256e-09
2.20749e-09
2.22901e-09
2.24183e-09
2.23941e-09
2.21742e-09
2.18968e-09
2.18702e-09
2.22187e-09
2.24162e-09
2.22835e-09
2.18778e-09
2.16545e-09
2.15226e-09
1.0629e-09
1.08149e-09
1.09775e-09
1.11599e-09
1.12531e-09
1.12074e-09
1.10644e-09
1.08969e-09
1.07723e-09
1.07458e-09
1.0855e-09
1.11195e-09
1.1516e-09
1.19489e-09
1.23156e-09
1.25937e-09
1.28924e-09
1.32656e-09
1.36075e-09
1.37913e-09
1.37813e-09
1.3682e-09
1.36201e-09
1.3652e-09
1.37638e-09
1.39509e-09
1.41906e-09
1.44646e-09
1.47676e-09
1.50767e-09
1.53739e-09
1.56453e-09
1.58839e-09
1.60852e-09
1.62594e-09
1.63963e-09
1.65488e-09
1.6723e-09
1.69492e-09
1.7254e-09
1.75757e-09
1.78259e-09
1.7989e-09
1.81688e-09
1.85524e-09
1.9369e-09
2.03944e-09
2.10656e-09
2.10753e-09
2.04525e-09
1.93226e-09
1.80417e-09
1.68985e-09
1.59237e-09
1.50256e-09
1.42666e-09
1.36694e-09
1.32397e-09
1.29971e-09
1.3002e-09
1.32545e-09
1.36952e-09
1.42432e-09
1.48426e-09
1.55272e-09
1.63997e-09
1.7468e-09
1.88113e-09
2.03343e-09
2.13746e-09
2.16487e-09
2.15077e-09
2.14506e-09
2.17375e-09
2.22828e-09
2.27144e-09
2.26115e-09
2.18662e-09
2.1094e-09
2.11513e-09
2.18205e-09
2.24858e-09
2.32448e-09
2.35196e-09
2.32064e-09
2.29316e-09
2.28807e-09
2.30627e-09
2.3326e-09
2.3497e-09
2.3494e-09
2.326e-09
2.29304e-09
2.28861e-09
2.32893e-09
2.35517e-09
2.34322e-09
2.29855e-09
2.27366e-09
2.2616e-09
1.09915e-09
1.12033e-09
1.14086e-09
1.16479e-09
1.17801e-09
1.17307e-09
1.15471e-09
1.13239e-09
1.11449e-09
1.1079e-09
1.1174e-09
1.14628e-09
1.19241e-09
1.24398e-09
1.28629e-09
1.31596e-09
1.34842e-09
1.3927e-09
1.43552e-09
1.4591e-09
1.45768e-09
1.44401e-09
1.4357e-09
1.43897e-09
1.45206e-09
1.47387e-09
1.50192e-09
1.53439e-09
1.57058e-09
1.60788e-09
1.64444e-09
1.67845e-09
1.70905e-09
1.73573e-09
1.75962e-09
1.77965e-09
1.80131e-09
1.82553e-09
1.85613e-09
1.89664e-09
1.93781e-09
1.96636e-09
1.97875e-09
1.98882e-09
2.02155e-09
2.10588e-09
2.19904e-09
2.21589e-09
2.13586e-09
1.99281e-09
1.82278e-09
1.66717e-09
1.54619e-09
1.45422e-09
1.37991e-09
1.32668e-09
1.29389e-09
1.28034e-09
1.28697e-09
1.31964e-09
1.37923e-09
1.46027e-09
1.55198e-09
1.64326e-09
1.73349e-09
1.83377e-09
1.94537e-09
2.08385e-09
2.24866e-09
2.3542e-09
2.35458e-09
2.30236e-09
2.26531e-09
2.27751e-09
2.33031e-09
2.37959e-09
2.3699e-09
2.28322e-09
2.18545e-09
2.18368e-09
2.25576e-09
2.32878e-09
2.41544e-09
2.45376e-09
2.41956e-09
2.38845e-09
2.38363e-09
2.40531e-09
2.43691e-09
2.45891e-09
2.46125e-09
2.43672e-09
2.39774e-09
2.39016e-09
2.43601e-09
2.46994e-09
2.46017e-09
2.41125e-09
2.38375e-09
2.37316e-09
1.13461e-09
1.15833e-09
1.18384e-09
1.21512e-09
1.23401e-09
1.22946e-09
1.20655e-09
1.17735e-09
1.15267e-09
1.14087e-09
1.14795e-09
1.17903e-09
1.23244e-09
1.29405e-09
1.34327e-09
1.3748e-09
1.40946e-09
1.46194e-09
1.51578e-09
1.54713e-09
1.54509e-09
1.52691e-09
1.51595e-09
1.51932e-09
1.53474e-09
1.56062e-09
1.59397e-09
1.63275e-09
1.6765e-09
1.72258e-09
1.76832e-09
1.8116e-09
1.85153e-09
1.88738e-09
1.92027e-09
1.94882e-09
1.97874e-09
2.01117e-09
2.05093e-09
2.10228e-09
2.15033e-09
2.17462e-09
2.16939e-09
2.15399e-09
2.15996e-09
2.21775e-09
2.25527e-09
2.17816e-09
2.01331e-09
1.82307e-09
1.64333e-09
1.5004e-09
1.40189e-09
1.33585e-09
1.29115e-09
1.2697e-09
1.26998e-09
1.29016e-09
1.33089e-09
1.3986e-09
1.49562e-09
1.616e-09
1.74412e-09
1.85965e-09
1.95592e-09
2.04805e-09
2.14164e-09
2.2656e-09
2.43579e-09
2.54689e-09
2.52529e-09
2.43821e-09
2.37329e-09
2.37168e-09
2.42582e-09
2.48547e-09
2.48036e-09
2.38281e-09
2.26227e-09
2.25091e-09
2.32793e-09
2.40676e-09
2.50498e-09
2.55699e-09
2.51794e-09
2.48359e-09
2.47901e-09
2.50447e-09
2.54178e-09
2.56935e-09
2.575e-09
2.54981e-09
2.50397e-09
2.49138e-09
2.54255e-09
2.58551e-09
2.57928e-09
2.52625e-09
2.4959e-09
2.4871e-09
1.16958e-09
1.19555e-09
1.22666e-09
1.26729e-09
1.29422e-09
1.29132e-09
1.26346e-09
1.22599e-09
1.19303e-09
1.17434e-09
1.17764e-09
1.21029e-09
1.27188e-09
1.3459e-09
1.40405e-09
1.43732e-09
1.47348e-09
1.53537e-09
1.6034e-09
1.64591e-09
1.64362e-09
1.61984e-09
1.60544e-09
1.60891e-09
1.62733e-09
1.65837e-09
1.69839e-09
1.74538e-09
1.79941e-09
1.85752e-09
1.91578e-09
1.97194e-09
2.02486e-09
2.07335e-09
2.11816e-09
2.15673e-09
2.19551e-09
2.23494e-09
2.28067e-09
2.3366e-09
2.37725e-09
2.37297e-09
2.32032e-09
2.25039e-09
2.19767e-09
2.18853e-09
2.14159e-09
1.98662e-09
1.7918e-09
1.6105e-09
1.46056e-09
1.35332e-09
1.29047e-09
1.25888e-09
1.24937e-09
1.2637e-09
1.30059e-09
1.35767e-09
1.435e-09
1.53924e-09
1.6741e-09
1.83186e-09
1.98994e-09
2.11515e-09
2.19463e-09
2.25521e-09
2.31197e-09
2.40977e-09
2.58488e-09
2.71304e-09
2.6811e-09
2.56528e-09
2.47505e-09
2.46088e-09
2.5177e-09
2.59081e-09
2.59404e-09
2.48669e-09
2.34031e-09
2.31663e-09
2.39841e-09
2.48186e-09
2.59209e-09
2.66082e-09
2.61533e-09
2.57823e-09
2.57392e-09
2.60343e-09
2.64696e-09
2.68088e-09
2.69063e-09
2.66536e-09
2.61162e-09
2.59176e-09
2.64864e-09
2.7024e-09
2.70116e-09
2.64381e-09
2.61001e-09
2.60351e-09
1.20449e-09
1.23215e-09
1.26935e-09
1.32148e-09
1.35962e-09
1.36033e-09
1.3273e-09
1.27999e-09
1.23674e-09
1.20931e-09
1.20704e-09
1.24022e-09
1.3108e-09
1.40009e-09
1.46985e-09
1.50455e-09
1.54108e-09
1.61354e-09
1.69994e-09
1.75808e-09
1.75648e-09
1.72532e-09
1.70651e-09
1.7102e-09
1.73252e-09
1.77007e-09
1.81873e-09
1.87662e-09
1.94426e-09
2.01835e-09
2.09388e-09
2.16768e-09
2.23799e-09
2.30259e-09
2.36082e-09
2.40769e-09
2.45019e-09
2.48575e-09
2.52006e-09
2.55362e-09
2.54619e-09
2.46771e-09
2.33412e-09
2.1919e-09
2.07701e-09
2.00093e-09
1.89529e-09
1.72736e-09
1.5583e-09
1.41836e-09
1.31301e-09
1.24768e-09
1.22362e-09
1.22945e-09
1.25777e-09
1.31087e-09
1.38791e-09
1.48506e-09
1.60019e-09
1.73885e-09
1.9057e-09
2.09072e-09
2.26484e-09
2.38116e-09
2.42267e-09
2.43636e-09
2.44863e-09
2.51689e-09
2.69953e-09
2.85722e-09
2.82808e-09
2.68961e-09
2.57475e-09
2.54764e-09
2.60701e-09
2.69583e-09
2.71135e-09
2.5956e-09
2.42011e-09
2.38028e-09
2.46672e-09
2.5533e-09
2.67545e-09
2.76347e-09
2.71116e-09
2.67185e-09
2.66796e-09
2.70173e-09
2.75192e-09
2.79311e-09
2.80784e-09
2.78316e-09
2.72113e-09
2.69322e-09
2.75615e-09
2.82042e-09
2.82442e-09
2.76322e-09
2.72597e-09
2.72232e-09
1.23187e-09
1.25978e-09
1.30242e-09
1.36724e-09
1.41987e-09
1.42746e-09
1.39055e-09
1.33262e-09
1.27752e-09
1.23946e-09
1.2293e-09
1.26097e-09
1.33966e-09
1.44572e-09
1.5297e-09
1.56561e-09
1.60034e-09
1.68302e-09
1.79137e-09
1.87174e-09
1.87369e-09
1.83427e-09
1.81049e-09
1.81476e-09
1.84213e-09
1.88824e-09
1.94836e-09
2.02051e-09
2.10619e-09
2.20187e-09
2.30142e-09
2.39912e-09
2.49162e-09
2.57401e-09
2.64094e-09
2.68396e-09
2.7089e-09
2.7061e-09
2.68093e-09
2.6314e-09
2.51779e-09
2.33812e-09
2.13567e-09
1.95447e-09
1.82165e-09
1.7247e-09
1.60961e-09
1.47557e-09
1.35702e-09
1.26747e-09
1.20818e-09
1.18418e-09
1.19905e-09
1.2443e-09
1.31328e-09
1.40865e-09
1.52964e-09
1.66904e-09
1.81967e-09
1.98368e-09
2.16722e-09
2.36071e-09
2.53391e-09
2.62859e-09
2.62299e-09
2.58727e-09
2.55684e-09
2.59589e-09
2.78721e-09
2.9841e-09
2.97133e-09
2.814e-09
2.67429e-09
2.63258e-09
2.6932e-09
2.79931e-09
2.83148e-09
2.70922e-09
2.50235e-09
2.4413e-09
2.53122e-09
2.61979e-09
2.75283e-09
2.86163e-09
2.80439e-09
2.76318e-09
2.75998e-09
2.79819e-09
2.85547e-09
2.90479e-09
2.92535e-09
2.90276e-09
2.83384e-09
2.79581e-09
2.86243e-09
2.93577e-09
2.94625e-09
2.88335e-09
2.84301e-09
2.84268e-09
1.22927e-09
1.25451e-09
1.30009e-09
1.3761e-09
1.44544e-09
1.46539e-09
1.43038e-09
1.36516e-09
1.29963e-09
1.25093e-09
1.23145e-09
1.25922e-09
1.34411e-09
1.46747e-09
1.56969e-09
1.60889e-09
1.64154e-09
1.73548e-09
1.87203e-09
1.9869e-09
1.99997e-09
1.95414e-09
1.92743e-09
1.93583e-09
1.97342e-09
2.0349e-09
2.11495e-09
2.21129e-09
2.32664e-09
2.45596e-09
2.588e-09
2.70988e-09
2.8106e-09
2.87546e-09
2.88662e-09
2.85207e-09
2.7627e-09
2.62228e-09
2.45803e-09
2.27316e-09
2.06549e-09
1.85936e-09
1.67719e-09
1.53667e-09
1.44107e-09
1.37277e-09
1.29673e-09
1.22283e-09
1.17066e-09
1.13743e-09
1.12491e-09
1.14051e-09
1.19354e-09
1.28067e-09
1.39359e-09
1.53445e-09
1.70173e-09
1.88256e-09
2.06182e-09
2.23594e-09
2.41561e-09
2.59817e-09
2.76018e-09
2.83494e-09
2.78863e-09
2.71064e-09
2.64359e-09
2.65368e-09
2.8518e-09
3.09368e-09
3.11096e-09
2.9356e-09
2.77116e-09
2.71263e-09
2.77242e-09
2.89665e-09
2.95003e-09
2.82353e-09
2.58503e-09
2.49617e-09
2.58741e-09
2.67787e-09
2.82002e-09
2.95036e-09
2.89064e-09
2.84748e-09
2.84537e-09
2.88819e-09
2.95292e-09
3.01113e-09
3.03855e-09
3.021e-09
2.94563e-09
2.89247e-09
2.95969e-09
3.04254e-09
3.06441e-09
3.00092e-09
2.95653e-09
2.96027e-09
1.84285e-09
1.9254e-09
2.0587e-09
2.28328e-09
2.43916e-09
2.37179e-09
2.17181e-09
1.96286e-09
1.80611e-09
1.70788e-09
1.68089e-09
1.75654e-09
1.95377e-09
2.19348e-09
2.27484e-09
2.18928e-09
2.15378e-09
2.1972e-09
2.19245e-09
2.07728e-09
1.90639e-09
1.79553e-09
1.74708e-09
1.72646e-09
1.71379e-09
1.69651e-09
1.67055e-09
1.63436e-09
1.58875e-09
1.5319e-09
1.46725e-09
1.39912e-09
1.33127e-09
1.2654e-09
1.20177e-09
1.14426e-09
1.08573e-09
1.03347e-09
9.87547e-10
9.41377e-10
8.96071e-10
8.56112e-10
8.24508e-10
8.0577e-10
8.01291e-10
8.06285e-10
8.09833e-10
8.17958e-10
8.38119e-10
8.6952e-10
9.15138e-10
9.82337e-10
1.07535e-09
1.20086e-09
1.35425e-09
1.53622e-09
1.74449e-09
1.96261e-09
2.16964e-09
2.35611e-09
2.53641e-09
2.71576e-09
2.87953e-09
2.95684e-09
2.8951e-09
2.7938e-09
2.70235e-09
2.68613e-09
2.88681e-09
3.17192e-09
3.22758e-09
3.03578e-09
2.84952e-09
2.77371e-09
2.82993e-09
2.97084e-09
3.04863e-09
2.92009e-09
2.65335e-09
2.53248e-09
2.62141e-09
2.71292e-09
2.86014e-09
3.01026e-09
2.95006e-09
2.90587e-09
2.90607e-09
2.95369e-09
3.02578e-09
3.09317e-09
3.12887e-09
3.11921e-09
3.0365e-09
2.96785e-09
3.03104e-09
3.12327e-09
3.15744e-09
3.09515e-09
3.04718e-09
3.05592e-09
2.03366e-09
2.12829e-09
2.21935e-09
2.28772e-09
2.18997e-09
1.99218e-09
1.81862e-09
1.69277e-09
1.61846e-09
1.58155e-09
1.59386e-09
1.667e-09
1.76303e-09
1.76617e-09
1.64891e-09
1.52683e-09
1.46962e-09
1.42578e-09
1.35031e-09
1.25449e-09
1.17041e-09
1.12561e-09
1.10661e-09
1.09564e-09
1.08452e-09
1.06926e-09
1.04976e-09
1.0266e-09
1.00067e-09
9.71239e-10
9.40058e-10
9.08867e-10
8.7891e-10
8.50669e-10
8.24429e-10
7.98584e-10
7.75496e-10
7.55435e-10
7.38966e-10
7.26408e-10
7.13908e-10
7.0172e-10
6.9566e-10
7.00458e-10
7.19112e-10
7.49885e-10
7.84772e-10
8.23274e-10
8.69665e-10
9.33036e-10
1.01712e-09
1.13211e-09
1.27385e-09
1.44804e-09
1.65363e-09
1.88677e-09
2.14114e-09
2.38802e-09
2.58824e-09
2.72847e-09
2.84865e-09
2.9783e-09
3.11761e-09
3.18136e-09
3.08248e-09
2.94023e-09
2.81371e-09
2.76441e-09
2.96477e-09
3.29969e-09
3.40108e-09
3.19421e-09
2.98136e-09
2.88861e-09
2.94179e-09
3.10177e-09
3.20874e-09
3.07518e-09
2.77648e-09
2.62625e-09
2.7134e-09
2.80779e-09
2.95935e-09
3.12875e-09
3.06688e-09
3.02056e-09
3.02433e-09
3.07871e-09
3.16045e-09
3.23905e-09
3.28556e-09
3.28212e-09
3.19044e-09
3.11181e-09
3.17115e-09
3.27385e-09
3.31589e-09
3.25373e-09
3.20244e-09
3.21742e-09
2.47308e-11
9.48669e-11
2.04895e-10
2.73208e-10
2.57954e-10
2.83017e-10
2.84216e-10
2.90631e-10
2.92706e-10
2.90364e-10
2.8763e-10
2.8441e-10
2.82279e-10
2.79768e-10
2.79875e-10
2.80866e-10
2.83229e-10
2.86481e-10
2.90044e-10
2.93218e-10
2.96044e-10
2.9878e-10
3.01478e-10
3.0458e-10
3.09608e-10
3.15888e-10
3.22025e-10
3.30376e-10
3.38952e-10
3.48209e-10
3.57873e-10
3.67939e-10
3.78284e-10
3.89822e-10
4.00786e-10
4.09722e-10
4.191e-10
4.27515e-10
4.35275e-10
4.41472e-10
4.47329e-10
4.53116e-10
4.59858e-10
4.67677e-10
4.73542e-10
4.76147e-10
4.76805e-10
4.7876e-10
4.7678e-10
4.72427e-10
2.41424e-11
8.58875e-11
1.81257e-10
2.63786e-10
2.45315e-10
2.66359e-10
2.68564e-10
2.76306e-10
2.78479e-10
2.76067e-10
2.72935e-10
2.69251e-10
2.66888e-10
2.64547e-10
2.65116e-10
2.67614e-10
2.73185e-10
2.7926e-10
2.85923e-10
2.92627e-10
2.99674e-10
3.06761e-10
3.13442e-10
3.19619e-10
3.27644e-10
3.35204e-10
3.42073e-10
3.51091e-10
3.60842e-10
3.7105e-10
3.8242e-10
3.94246e-10
4.05892e-10
4.18593e-10
4.30285e-10
4.39183e-10
4.4751e-10
4.55459e-10
4.62817e-10
4.6844e-10
4.73683e-10
4.78629e-10
4.85178e-10
4.93184e-10
4.98994e-10
5.01438e-10
5.01489e-10
5.03102e-10
5.01582e-10
4.96733e-10
2.35497e-11
7.81127e-11
1.59136e-10
2.51982e-10
2.32891e-10
2.53906e-10
2.57375e-10
2.67735e-10
2.70994e-10
2.68429e-10
2.65141e-10
2.62451e-10
2.61095e-10
2.60522e-10
2.62895e-10
2.69438e-10
2.81575e-10
2.93257e-10
3.05603e-10
3.183e-10
3.32019e-10
3.45635e-10
3.58116e-10
3.69081e-10
3.79768e-10
3.88033e-10
3.94925e-10
4.03704e-10
4.13784e-10
4.24022e-10
4.35899e-10
4.48448e-10
4.606e-10
4.73563e-10
4.85157e-10
4.92598e-10
4.98359e-10
5.04132e-10
5.09763e-10
5.13858e-10
5.17707e-10
5.21065e-10
5.26836e-10
5.34473e-10
5.39779e-10
5.42025e-10
5.41504e-10
5.42412e-10
5.40972e-10
5.3517e-10
2.29198e-11
7.12539e-11
1.37191e-10
2.44084e-10
2.25129e-10
2.50107e-10
2.55466e-10
2.67605e-10
2.7517e-10
2.75858e-10
2.73461e-10
2.73233e-10
2.763e-10
2.79832e-10
2.88033e-10
3.0597e-10
3.30268e-10
3.54311e-10
3.77865e-10
4.01174e-10
4.25965e-10
4.49604e-10
4.70609e-10
4.87929e-10
4.99917e-10
5.05902e-10
5.08204e-10
5.13107e-10
5.20607e-10
5.2767e-10
5.36895e-10
5.46941e-10
5.56456e-10
5.66561e-10
5.75318e-10
5.77788e-10
5.75726e-10
5.71061e-10
5.70369e-10
5.72197e-10
5.74268e-10
5.74863e-10
5.78462e-10
5.84956e-10
5.90991e-10
5.94276e-10
5.9331e-10
5.9257e-10
5.89208e-10
5.81466e-10
2.22621e-11
6.50352e-11
1.19839e-10
2.48329e-10
2.2518e-10
2.61383e-10
2.68586e-10
2.8548e-10
3.03919e-10
3.18823e-10
3.24548e-10
3.34361e-10
3.49003e-10
3.69037e-10
4.00542e-10
4.47907e-10
4.96857e-10
5.5063e-10
6.05831e-10
6.51738e-10
6.97591e-10
7.38854e-10
7.72886e-10
7.95491e-10
7.98783e-10
7.85776e-10
7.644e-10
7.49535e-10
7.42445e-10
7.34786e-10
7.32325e-10
7.31819e-10
7.28143e-10
7.1738e-10
7.09709e-10
6.95582e-10
6.68013e-10
6.45409e-10
6.42934e-10
6.44e-10
6.42452e-10
6.38381e-10
6.38701e-10
6.4391e-10
6.51192e-10
6.5428e-10
6.50257e-10
6.44706e-10
6.38706e-10
6.3207e-10
2.1583e-11
5.93136e-11
1.0722e-10
2.7269e-10
2.51705e-10
3.05364e-10
3.22225e-10
3.61487e-10
4.06728e-10
4.77784e-10
5.44392e-10
6.19363e-10
6.98417e-10
8.37227e-10
1.02875e-09
1.22047e-09
1.34376e-09
1.47523e-09
1.66039e-09
1.85947e-09
1.93629e-09
2.00479e-09
2.03981e-09
2.00184e-09
1.86083e-09
1.67885e-09
1.49628e-09
1.36496e-09
1.27458e-09
1.19479e-09
1.14281e-09
1.10537e-09
1.03029e-09
9.55354e-10
9.36338e-10
9.11504e-10
8.69246e-10
8.50122e-10
8.32799e-10
8.15113e-10
8.02712e-10
7.92176e-10
7.86772e-10
7.82679e-10
7.80086e-10
7.78535e-10
7.73491e-10
7.66863e-10
7.59123e-10
7.46462e-10
2.08572e-11
5.44794e-11
9.64091e-11
3.52665e-10
3.50484e-10
4.73405e-10
5.54527e-10
7.52449e-10
1.05792e-09
1.93285e-09
3.26034e-09
2.87786e-09
2.10076e-09
1.63404e-09
1.46135e-09
1.48715e-09
1.68171e-09
1.91961e-09
1.99838e-09
2.30582e-09
2.73253e-09
3.18976e-09
3.84179e-09
4.9825e-09
8.08495e-09
1.55927e-08
7.29891e-09
4.41567e-09
3.24181e-09
2.55765e-09
2.19523e-09
1.96697e-09
1.74984e-09
1.49036e-09
1.30845e-09
1.23274e-09
1.16328e-09
1.07474e-09
9.90426e-10
9.49661e-10
9.25927e-10
8.99736e-10
8.82749e-10
8.6752e-10
8.60296e-10
8.59829e-10
8.52932e-10
8.41723e-10
8.27592e-10
8.07129e-10
2.00829e-11
5.05713e-11
8.84525e-11
3.82856e-10
8.18149e-10
1.58483e-09
2.14179e-09
1.04641e-09
7.78258e-10
6.53588e-10
5.77893e-10
5.34e-10
5.31942e-10
5.57411e-10
6.03652e-10
6.69708e-10
7.6001e-10
8.74253e-10
9.8329e-10
1.08262e-09
1.21442e-09
1.34767e-09
1.49976e-09
1.69311e-09
1.98473e-09
2.37732e-09
3.16463e-09
4.61082e-09
7.76518e-09
1.20871e-08
6.85959e-09
4.68471e-09
4.22073e-09
2.97967e-09
2.097e-09
1.76922e-09
1.46793e-09
1.31077e-09
1.24882e-09
1.18206e-09
1.17168e-09
1.1636e-09
1.1342e-09
1.09161e-09
1.06076e-09
1.0501e-09
1.03632e-09
1.00132e-09
9.5622e-10
9.33501e-10
1.93521e-11
4.83081e-11
8.26398e-11
2.35009e-10
5.65447e-10
4.11342e-10
3.54684e-10
3.18788e-10
3.18455e-10
3.37619e-10
3.57988e-10
3.74954e-10
3.94629e-10
4.3035e-10
4.7547e-10
5.31971e-10
5.99391e-10
6.79218e-10
7.70651e-10
8.55032e-10
9.38441e-10
1.03167e-09
1.13334e-09
1.24688e-09
1.37647e-09
1.56059e-09
1.84482e-09
2.25672e-09
2.86266e-09
4.00524e-09
6.15306e-09
9.41552e-09
1.041e-08
4.35934e-09
3.23513e-09
3.08398e-09
2.81596e-09
2.31412e-09
1.95624e-09
1.75321e-09
1.62491e-09
1.56923e-09
1.52847e-09
1.46566e-09
1.41734e-09
1.39364e-09
1.38748e-09
1.36976e-09
1.30853e-09
1.24376e-09
1.87319e-11
4.94168e-11
8.02816e-11
1.25952e-10
1.99375e-10
1.93248e-10
1.99829e-10
2.17233e-10
2.47352e-10
2.89132e-10
3.27025e-10
3.65716e-10
3.971e-10
4.29321e-10
4.70248e-10
5.22364e-10
5.81059e-10
6.51577e-10
7.3102e-10
8.06747e-10
8.8628e-10
9.69703e-10
1.05812e-09
1.13578e-09
1.22996e-09
1.38163e-09
1.57025e-09
1.8245e-09
2.18191e-09
2.73317e-09
3.79037e-09
5.67193e-09
1.0345e-08
1.17954e-08
7.48866e-09
5.31796e-09
3.57057e-09
2.76754e-09
2.46488e-09
2.23676e-09
2.10675e-09
2.02552e-09
1.9235e-09
1.82728e-09
1.77896e-09
1.75196e-09
1.71689e-09
1.653e-09
1.58756e-09
1.55782e-09
1.82394e-11
4.24467e-11
6.19378e-11
7.70144e-11
1.22466e-10
1.4761e-10
1.80077e-10
2.22723e-10
2.71353e-10
3.25448e-10
3.75363e-10
4.19875e-10
4.5895e-10
4.9679e-10
5.34914e-10
5.79278e-10
6.31594e-10
6.93946e-10
7.677e-10
8.49107e-10
9.35985e-10
1.02116e-09
1.10242e-09
1.17302e-09
1.27572e-09
1.40316e-09
1.56613e-09
1.77124e-09
2.0646e-09
2.49706e-09
3.19387e-09
4.29648e-09
6.39982e-09
9.53885e-09
1.11331e-08
9.89528e-09
6.22644e-09
4.85985e-09
4.16927e-09
3.67726e-09
3.22125e-09
2.9533e-09
2.75155e-09
2.58399e-09
2.48373e-09
2.39966e-09
2.30689e-09
2.17395e-09
2.05667e-09
1.9649e-09
1.82716e-11
3.47108e-11
3.17892e-11
5.3526e-11
1.06427e-10
1.75108e-10
2.55324e-10
3.26942e-10
3.94304e-10
4.57285e-10
5.14189e-10
5.53823e-10
5.92569e-10
6.30087e-10
6.65709e-10
7.039e-10
7.4859e-10
8.05902e-10
8.81935e-10
9.75566e-10
1.07837e-09
1.1777e-09
1.25396e-09
1.34156e-09
1.45022e-09
1.55732e-09
1.72052e-09
1.93488e-09
2.23729e-09
2.62524e-09
3.1972e-09
4.22363e-09
5.99857e-09
8.97435e-09
1.88461e-08
1.30263e-08
9.15972e-09
7.21733e-09
5.99228e-09
5.21086e-09
4.53597e-09
4.04593e-09
3.72217e-09
3.5102e-09
3.38288e-09
3.26193e-09
3.12494e-09
2.92764e-09
2.75422e-09
2.59841e-09
1.82856e-11
4.57586e-11
3.0219e-11
3.74824e-11
1.37905e-10
4.82371e-10
7.81494e-10
7.7645e-10
7.333e-10
7.43978e-10
7.52886e-10
7.60509e-10
7.80469e-10
8.01331e-10
8.19131e-10
8.45553e-10
8.78639e-10
9.22339e-10
9.81915e-10
1.05706e-09
1.13127e-09
1.18868e-09
1.23252e-09
1.29567e-09
1.36236e-09
1.43377e-09
1.52522e-09
1.62025e-09
1.70962e-09
1.79775e-09
1.85106e-09
1.91432e-09
2.00448e-09
2.0179e-09
1.97312e-09
2.03101e-09
2.06443e-09
2.07582e-09
2.0408e-09
2.00762e-09
1.97639e-09
1.94795e-09
1.92e-09
1.91012e-09
1.86026e-09
1.79004e-09
1.78555e-09
1.82849e-09
1.89526e-09
1.99615e-09
1.74646e-11
2.93509e-11
7.35347e-11
3.22967e-11
4.46348e-11
5.2489e-11
5.03498e-11
5.04705e-11
5.07721e-11
5.09733e-11
5.04218e-11
5.06584e-11
5.06792e-11
5.11543e-11
5.12132e-11
5.02929e-11
4.96641e-11
4.9411e-11
4.96552e-11
5.00862e-11
5.03815e-11
5.03555e-11
5.00677e-11
4.9791e-11
5.03575e-11
5.02117e-11
4.99735e-11
4.94886e-11
4.83745e-11
4.77377e-11
4.71222e-11
4.65628e-11
4.61319e-11
4.58198e-11
4.55832e-11
4.58961e-11
4.61382e-11
4.61701e-11
4.62231e-11
4.61998e-11
4.61095e-11
4.58873e-11
4.55388e-11
4.52805e-11
4.52475e-11
4.53342e-11
4.53746e-11
4.54148e-11
4.53834e-11
4.53417e-11
1.87618e-11
7.40901e-12
4.89783e-12
3.11395e-11
1.25371e-11
8.27101e-12
8.26672e-12
8.39609e-12
8.41219e-12
8.3771e-12
8.4002e-12
8.38593e-12
8.38708e-12
8.37085e-12
8.38727e-12
8.48339e-12
8.57019e-12
8.63759e-12
8.67103e-12
8.69584e-12
8.70475e-12
8.69158e-12
8.6594e-12
8.61698e-12
8.50576e-12
8.47275e-12
8.44633e-12
8.42532e-12
8.4443e-12
8.39939e-12
8.34547e-12
8.2885e-12
8.23468e-12
8.19064e-12
8.15708e-12
8.10004e-12
8.06408e-12
8.05503e-12
8.04366e-12
8.03202e-12
8.01167e-12
7.98603e-12
7.9574e-12
7.91696e-12
7.87007e-12
7.82853e-12
7.79859e-12
7.78142e-12
7.77844e-12
7.77828e-12
1.22395e-11
3.24572e-12
1.52786e-12
2.69575e-12
1.81179e-12
1.50524e-12
1.50252e-12
1.50669e-12
1.5083e-12
1.50533e-12
1.50714e-12
1.50527e-12
1.50508e-12
1.50304e-12
1.50349e-12
1.51097e-12
1.51769e-12
1.52237e-12
1.52378e-12
1.52505e-12
1.52526e-12
1.5245e-12
1.52315e-12
1.52171e-12
1.51409e-12
1.51283e-12
1.51182e-12
1.51113e-12
1.51467e-12
1.51313e-12
1.51142e-12
1.50971e-12
1.50812e-12
1.50681e-12
1.50591e-12
1.50211e-12
1.49902e-12
1.49812e-12
1.49707e-12
1.49638e-12
1.49555e-12
1.49494e-12
1.49481e-12
1.49414e-12
1.49267e-12
1.49118e-12
1.49018e-12
1.48964e-12
1.48976e-12
1.48988e-12
9.98262e-12
4.68982e-12
1.9956e-12
1.54286e-12
1.67961e-12
1.80866e-12
1.81433e-12
1.8122e-12
1.81286e-12
1.80976e-12
1.81171e-12
1.80888e-12
1.80723e-12
1.80294e-12
1.80243e-12
1.80679e-12
1.81035e-12
1.8111e-12
1.81313e-12
1.81555e-12
1.81719e-12
1.81893e-12
1.8208e-12
1.82262e-12
1.81648e-12
1.81675e-12
1.81726e-12
1.81808e-12
1.82488e-12
1.82642e-12
1.82835e-12
1.83037e-12
1.83217e-12
1.83356e-12
1.83474e-12
1.83209e-12
1.82873e-12
1.82788e-12
1.82683e-12
1.82656e-12
1.82681e-12
1.82783e-12
1.82967e-12
1.83191e-12
1.83324e-12
1.83373e-12
1.83418e-12
1.83446e-12
1.83493e-12
1.83539e-12
9.12945e-12
4.05314e-12
1.09974e-11
3.00227e-12
7.01648e-12
3.53376e-11
3.68818e-11
3.65744e-11
3.65113e-11
3.64599e-11
3.31294e-11
3.26387e-11
3.22027e-11
3.32726e-11
3.37517e-11
3.0914e-11
2.91786e-11
2.84328e-11
2.89709e-11
2.9596e-11
3.01512e-11
3.07204e-11
3.13134e-11
3.18412e-11
3.59385e-11
3.63904e-11
3.65601e-11
3.64e-11
3.36e-11
3.38169e-11
3.41453e-11
3.4483e-11
3.47943e-11
3.50332e-11
3.52079e-11
3.73888e-11
3.92157e-11
3.92619e-11
3.92653e-11
3.93111e-11
3.94416e-11
3.94462e-11
3.91386e-11
3.93793e-11
3.98666e-11
4.04694e-11
4.08751e-11
4.09726e-11
4.05201e-11
4.00927e-11
6.46678e-12
2.63492e-12
2.90875e-11
1.11302e-10
2.80107e-10
4.95644e-10
5.91292e-10
7.6144e-10
6.8899e-10
5.46496e-10
2.48021e-10
2.32339e-10
2.31916e-10
3.49725e-10
4.47631e-10
2.58573e-10
2.05206e-10
2.07857e-10
2.04094e-10
2.06328e-10
2.13462e-10
2.10716e-10
2.10325e-10
2.11915e-10
6.61785e-10
7.67939e-10
7.80789e-10
7.2099e-10
2.65403e-10
2.61799e-10
2.61092e-10
2.60633e-10
2.60531e-10
2.60112e-10
2.59475e-10
4.05083e-10
6.9204e-10
6.79293e-10
6.93287e-10
7.07216e-10
7.1336e-10
6.98654e-10
6.37519e-10
6.08539e-10
5.96428e-10
6.46488e-10
6.95953e-10
7.00945e-10
6.17817e-10
5.39473e-10
6.92938e-12
5.48163e-12
1.45757e-10
3.69022e-10
7.422e-10
7.28259e-10
9.32667e-10
1.15432e-09
8.71392e-10
6.23391e-10
6.49095e-10
7.51118e-10
8.6797e-10
1.0311e-09
1.33832e-09
1.66565e-09
1.76369e-09
1.64442e-09
6.58216e-10
6.09551e-10
1.24703e-09
1.15569e-09
1.08006e-09
1.04416e-09
1.03145e-09
1.02188e-09
1.01416e-09
1.00887e-09
1.00531e-09
9.98543e-10
9.84948e-10
9.67914e-10
9.55541e-10
9.60645e-10
9.52289e-10
9.2202e-10
8.83879e-10
8.50114e-10
8.87656e-10
9.24838e-10
9.39023e-10
9.52296e-10
9.52884e-10
9.01567e-10
8.57266e-10
8.75394e-10
9.03252e-10
9.13515e-10
9.21327e-10
9.25873e-10
4.68839e-12
8.94795e-12
2.80359e-10
4.4634e-10
9.58819e-10
8.03894e-10
1.01898e-09
1.21237e-09
9.14734e-10
6.38673e-10
6.7116e-10
7.92445e-10
9.44519e-10
1.14783e-09
1.52165e-09
1.95969e-09
2.12413e-09
1.96018e-09
6.68711e-10
6.14349e-10
1.3651e-09
1.25488e-09
1.17186e-09
1.13776e-09
1.10724e-09
1.0771e-09
1.0585e-09
1.04919e-09
1.05296e-09
1.05435e-09
1.04382e-09
1.02749e-09
1.01598e-09
1.02536e-09
1.02173e-09
9.84514e-10
9.33789e-10
8.92703e-10
9.36526e-10
9.79705e-10
9.95696e-10
1.00948e-09
1.01022e-09
9.50921e-10
8.98913e-10
9.1863e-10
9.50947e-10
9.61807e-10
9.71081e-10
9.77323e-10
1.89136e-12
9.75475e-12
4.73495e-10
5.09499e-10
1.27684e-09
8.57698e-10
1.0517e-09
1.24844e-09
9.63671e-10
6.57113e-10
6.93513e-10
8.26172e-10
9.94691e-10
1.22089e-09
1.64957e-09
2.18338e-09
2.40016e-09
2.19606e-09
6.71625e-10
6.1504e-10
1.467e-09
1.34325e-09
1.24903e-09
1.20889e-09
1.16783e-09
1.12997e-09
1.10636e-09
1.09697e-09
1.10388e-09
1.10852e-09
1.09997e-09
1.08471e-09
1.07423e-09
1.08729e-09
1.08452e-09
1.03955e-09
9.79902e-10
9.32181e-10
9.81675e-10
1.03048e-09
1.04824e-09
1.06292e-09
1.06374e-09
9.99159e-10
9.39919e-10
9.60057e-10
9.96683e-10
1.00809e-09
1.01769e-09
1.02437e-09
1.63719e-12
2.61732e-11
1.69012e-09
5.97613e-10
1.78454e-09
9.14953e-10
1.08189e-09
1.27919e-09
1.01884e-09
6.77259e-10
7.17593e-10
8.60286e-10
1.04361e-09
1.29561e-09
1.79222e-09
2.44082e-09
2.72228e-09
2.46718e-09
6.72936e-10
6.14855e-10
1.57625e-09
1.43573e-09
1.32624e-09
1.27578e-09
1.22568e-09
1.18248e-09
1.1567e-09
1.14823e-09
1.15728e-09
1.16402e-09
1.15731e-09
1.14314e-09
1.13343e-09
1.14952e-09
1.14521e-09
1.09144e-09
1.02378e-09
9.69479e-10
1.0242e-09
1.07898e-09
1.09539e-09
1.07481e-09
1.05728e-09
1.00038e-09
9.68701e-10
1.00224e-09
1.04299e-09
1.05472e-09
1.06415e-09
1.07075e-09
3.36651e-12
8.24713e-11
2.51532e-09
7.14652e-10
2.61449e-09
9.65698e-10
1.10778e-09
1.30223e-09
1.0775e-09
6.98017e-10
7.42511e-10
8.94927e-10
1.09289e-09
1.37249e-09
1.9523e-09
2.74218e-09
3.11168e-09
2.78695e-09
6.72989e-10
6.13898e-10
1.69122e-09
1.53022e-09
1.40217e-09
1.33951e-09
1.28238e-09
1.23568e-09
1.20963e-09
1.20176e-09
1.21262e-09
1.22084e-09
1.21588e-09
1.20267e-09
1.19317e-09
1.21132e-09
1.20393e-09
1.14113e-09
1.0657e-09
1.00481e-09
1.06458e-09
1.09636e-09
1.05429e-09
9.97181e-10
9.94792e-10
9.62716e-10
9.94706e-10
1.05933e-09
1.09024e-09
1.10161e-09
1.11056e-09
1.11702e-09
3.98376e-12
9.27005e-11
1.75514e-09
8.51547e-10
4.05079e-09
1.002e-09
1.1255e-09
1.31545e-09
1.13628e-09
7.18424e-10
7.6734e-10
9.29626e-10
1.14258e-09
1.45229e-09
2.13026e-09
3.09318e-09
3.58992e-09
3.17027e-09
6.72045e-10
6.12305e-10
1.81084e-09
1.62583e-09
1.47655e-09
1.40173e-09
1.33869e-09
1.29032e-09
1.26448e-09
1.25709e-09
1.26957e-09
1.27904e-09
1.27571e-09
1.26314e-09
1.25301e-09
1.27209e-09
1.2608e-09
1.18917e-09
1.10602e-09
1.0384e-09
1.0827e-09
1.04609e-09
1.00249e-09
1.00845e-09
1.02443e-09
1.00195e-09
1.08784e-09
1.12692e-09
1.13814e-09
1.14863e-09
1.15698e-09
1.16312e-09
3.98381e-12
9.43072e-11
1.30728e-09
9.83722e-10
6.07877e-09
1.02002e-09
1.13505e-09
1.31823e-09
1.19167e-09
7.37565e-10
7.91336e-10
9.63839e-10
1.19224e-09
1.53494e-09
2.32569e-09
3.49812e-09
4.18483e-09
3.63657e-09
6.7032e-10
6.10214e-10
1.93432e-09
1.72232e-09
1.54971e-09
1.46328e-09
1.39538e-09
1.3465e-09
1.32074e-09
1.31408e-09
1.32803e-09
1.33862e-09
1.3367e-09
1.32433e-09
1.31273e-09
1.3312e-09
1.30156e-09
1.21937e-09
1.12948e-09
1.05437e-09
1.08449e-09
1.10534e-09
1.13159e-09
1.1504e-09
1.16084e-09
1.10612e-09
1.16959e-09
1.17868e-09
1.18617e-09
1.19577e-09
1.20341e-09
1.20903e-09
3.98648e-12
9.40429e-11
1.07435e-09
1.08689e-09
5.9773e-09
1.01984e-09
1.13768e-09
1.31178e-09
1.24024e-09
7.54725e-10
8.13885e-10
9.96942e-10
1.24103e-09
1.62013e-09
2.53796e-09
3.95711e-09
4.93161e-09
4.21292e-09
6.67998e-10
6.07747e-10
2.06106e-09
1.81968e-09
1.62212e-09
1.52472e-09
1.45286e-09
1.40399e-09
1.37818e-09
1.37265e-09
1.38792e-09
1.3996e-09
1.39877e-09
1.38609e-09
1.36773e-09
1.36631e-09
1.30505e-09
1.21859e-09
1.13058e-09
1.07351e-09
1.13329e-09
1.19323e-09
1.22441e-09
1.24984e-09
1.28581e-09
1.27171e-09
1.2326e-09
1.23925e-09
1.23669e-09
1.24295e-09
1.24974e-09
1.2547e-09
3.98874e-12
9.33657e-11
9.29183e-10
1.15178e-09
4.56837e-09
1.0049e-09
1.13542e-09
1.29852e-09
1.27928e-09
7.69383e-10
8.34437e-10
1.0283e-09
1.28809e-09
1.70686e-09
2.76558e-09
4.46098e-09
5.8695e-09
4.93853e-09
6.65228e-10
6.05004e-10
2.19057e-09
1.91796e-09
1.69411e-09
1.58632e-09
1.5113e-09
1.46254e-09
1.43666e-09
1.4325e-09
1.44914e-09
1.46199e-09
1.46196e-09
1.4484e-09
1.42441e-09
1.40572e-09
1.37099e-09
1.29663e-09
1.20672e-09
1.13879e-09
1.18933e-09
1.23774e-09
1.27028e-09
1.29858e-09
1.34547e-09
1.37619e-09
1.34507e-09
1.30208e-09
1.29123e-09
1.2903e-09
1.29593e-09
1.30017e-09
3.9905e-12
9.27493e-11
8.3347e-10
1.18537e-09
3.66119e-09
9.80222e-10
1.1301e-09
1.28116e-09
1.30721e-09
7.81204e-10
8.5251e-10
1.05728e-09
1.33264e-09
1.79354e-09
3.00598e-09
4.98477e-09
7.02137e-09
5.87253e-09
6.62131e-10
6.02066e-10
2.3224e-09
2.01704e-09
1.76592e-09
1.64818e-09
1.57065e-09
1.52193e-09
1.4962e-09
1.49339e-09
1.51121e-09
1.52542e-09
1.52587e-09
1.51113e-09
1.4838e-09
1.46009e-09
1.43014e-09
1.36131e-09
1.26148e-09
1.17576e-09
1.22664e-09
1.27974e-09
1.31629e-09
1.34795e-09
1.39773e-09
1.43316e-09
1.41364e-09
1.36509e-09
1.34085e-09
1.33746e-09
1.34196e-09
1.3454e-09
3.9919e-12
9.21875e-11
7.66064e-10
1.19916e-09
3.15546e-09
9.50803e-10
1.12321e-09
1.26206e-09
1.32377e-09
7.9003e-10
8.67716e-10
1.08326e-09
1.37387e-09
1.87828e-09
3.25526e-09
5.4842e-09
8.3264e-09
7.10665e-09
6.58804e-10
5.98994e-10
2.45609e-09
2.11707e-09
1.83753e-09
1.71023e-09
1.63079e-09
1.58196e-09
1.55682e-09
1.55558e-09
1.57417e-09
1.58944e-09
1.59036e-09
1.57429e-09
1.54357e-09
1.51543e-09
1.47948e-09
1.4035e-09
1.29588e-09
1.20438e-09
1.26205e-09
1.32164e-09
1.36264e-09
1.39771e-09
1.45001e-09
1.48648e-09
1.46655e-09
1.41635e-09
1.38966e-09
1.38432e-09
1.38774e-09
1.39038e-09
3.99291e-12
9.17146e-11
7.16067e-10
1.19911e-09
2.8803e-09
9.20492e-10
1.1161e-09
1.24309e-09
1.32984e-09
7.95852e-10
8.79785e-10
1.10569e-09
1.41089e-09
1.95909e-09
3.50825e-09
5.9025e-09
9.51577e-09
8.78315e-09
6.55319e-10
5.95834e-10
2.59111e-09
2.21795e-09
1.90881e-09
1.77241e-09
1.6914e-09
1.64247e-09
1.61845e-09
1.61888e-09
1.63846e-09
1.65445e-09
1.6553e-09
1.63751e-09
1.60342e-09
1.57098e-09
1.52853e-09
1.4444e-09
1.3286e-09
1.23158e-09
1.29657e-09
1.36338e-09
1.40913e-09
1.44755e-09
1.50205e-09
1.53871e-09
1.51791e-09
1.46632e-09
1.43784e-09
1.43086e-09
1.43324e-09
1.43509e-09
3.99356e-12
9.13255e-11
6.77789e-10
1.18881e-09
2.7475e-09
8.91297e-10
1.10985e-09
1.22557e-09
1.32704e-09
7.98799e-10
8.88571e-10
1.12408e-09
1.44282e-09
2.03388e-09
3.75862e-09
6.19064e-09
1.01277e-08
1.10978e-08
6.51732e-10
5.9262e-10
2.72676e-09
2.31941e-09
1.97967e-09
1.83461e-09
1.75218e-09
1.70338e-09
1.68103e-09
1.68304e-09
1.70372e-09
1.72034e-09
1.72078e-09
1.70098e-09
1.66343e-09
1.62649e-09
1.577e-09
1.48419e-09
1.35993e-09
1.2575e-09
1.33018e-09
1.40482e-09
1.45558e-09
1.49722e-09
1.5536e-09
1.58991e-09
1.56821e-09
1.51554e-09
1.48555e-09
1.47706e-09
1.47844e-09
1.4795e-09
3.99395e-12
9.09978e-11
6.48595e-10
1.1712e-09
2.71827e-09
8.64557e-10
1.10514e-09
1.21048e-09
1.31736e-09
7.99082e-10
8.94047e-10
1.13809e-09
1.46893e-09
2.10065e-09
3.99976e-09
6.33318e-09
9.96264e-09
1.41538e-08
6.48083e-10
5.8938e-10
2.86189e-09
2.42107e-09
2.04991e-09
1.89661e-09
1.81281e-09
1.76464e-09
1.74436e-09
1.74788e-09
1.76967e-09
1.78674e-09
1.78652e-09
1.76451e-09
1.72339e-09
1.68171e-09
1.62463e-09
1.52278e-09
1.38983e-09
1.28212e-09
1.36273e-09
1.44579e-09
1.50179e-09
1.5465e-09
1.60445e-09
1.6401e-09
1.61755e-09
1.56406e-09
1.53277e-09
1.52288e-09
1.52329e-09
1.52358e-09
3.99418e-12
9.07147e-11
6.27009e-10
1.14929e-09
2.74977e-09
8.4074e-10
1.10231e-09
1.19838e-09
1.30281e-09
7.97041e-10
8.96321e-10
1.14755e-09
1.48868e-09
2.15756e-09
4.22386e-09
6.34643e-09
9.30709e-09
1.72097e-08
6.44405e-10
5.86135e-10
2.99563e-09
2.52298e-09
2.1196e-09
1.95837e-09
1.87329e-09
1.82642e-09
1.8084e-09
1.81343e-09
1.8363e-09
1.85366e-09
1.85254e-09
1.82818e-09
1.78333e-09
1.7366e-09
1.67144e-09
1.56027e-09
1.41846e-09
1.30559e-09
1.39434e-09
1.48621e-09
1.54762e-09
1.59524e-09
1.65452e-09
1.68933e-09
1.66598e-09
1.61191e-09
1.57947e-09
1.5683e-09
1.56779e-09
1.56733e-09
3.99479e-12
9.06369e-11
6.14261e-10
1.14099e-09
2.95982e-09
8.21164e-10
1.09637e-09
1.18473e-09
1.2971e-09
8.01969e-10
9.14068e-10
1.19028e-09
1.57292e-09
2.37443e-09
4.98458e-09
5.90833e-09
6.97334e-09
1.2751e-08
6.41228e-10
5.83319e-10
3.36883e-09
2.82065e-09
2.31728e-09
2.13009e-09
2.03681e-09
1.98814e-09
1.97068e-09
1.97707e-09
2.00209e-09
2.02016e-09
2.01674e-09
1.98621e-09
1.9315e-09
1.87272e-09
1.78992e-09
1.65744e-09
1.49435e-09
1.37034e-09
1.48522e-09
1.60956e-09
1.68553e-09
1.74225e-09
1.80986e-09
1.84831e-09
1.82285e-09
1.76398e-09
1.72829e-09
1.71602e-09
1.71596e-09
1.71618e-09
4.68986e-10
4.65548e-10
4.62525e-10
4.61576e-10
4.63074e-10
4.661e-10
4.73931e-10
4.84802e-10
4.9698e-10
5.12577e-10
5.37268e-10
5.67855e-10
6.03851e-10
6.55862e-10
7.21771e-10
8.02474e-10
9.02898e-10
9.87452e-10
1.03015e-09
9.60625e-10
8.06979e-10
6.56443e-10
5.36028e-10
4.39637e-10
3.71033e-10
3.35907e-10
3.03655e-10
2.94969e-10
2.75593e-10
2.549e-10
2.30175e-10
2.05701e-10
1.80049e-10
1.47531e-10
1.25881e-10
1.07958e-10
9.51487e-11
8.53676e-11
7.76201e-11
7.14009e-11
6.62599e-11
6.18597e-11
5.79508e-11
5.4254e-11
5.04551e-11
4.61324e-11
4.05758e-11
3.33518e-11
3.03083e-11
1.39736e-11
4.92343e-10
4.87942e-10
4.85251e-10
4.84421e-10
4.86045e-10
4.88879e-10
4.96767e-10
5.08297e-10
5.21042e-10
5.37319e-10
5.63096e-10
5.94704e-10
6.31067e-10
6.83478e-10
7.49336e-10
8.27041e-10
9.18034e-10
9.75069e-10
9.71786e-10
8.73265e-10
7.28192e-10
5.89449e-10
4.80407e-10
3.9912e-10
3.36548e-10
3.13591e-10
2.89335e-10
2.75045e-10
2.61274e-10
2.45824e-10
2.27092e-10
2.01399e-10
1.69882e-10
1.40792e-10
1.16994e-10
1.00954e-10
8.93971e-11
8.05628e-11
7.35277e-11
6.78207e-11
6.3045e-11
5.89135e-11
5.52267e-11
5.17671e-11
4.83118e-11
4.4561e-11
3.99194e-11
3.47535e-11
2.87452e-11
1.56819e-11
5.2904e-10
5.23178e-10
5.20294e-10
5.19803e-10
5.21311e-10
5.23684e-10
5.31382e-10
5.43436e-10
5.5645e-10
5.7275e-10
5.98449e-10
6.28916e-10
6.63426e-10
7.1364e-10
7.72599e-10
8.41146e-10
9.19791e-10
9.41913e-10
8.84418e-10
7.59436e-10
6.27277e-10
5.01979e-10
4.23917e-10
3.64579e-10
3.12381e-10
2.89771e-10
2.76325e-10
2.58918e-10
2.56007e-10
2.43611e-10
2.28528e-10
1.98487e-10
1.5969e-10
1.3092e-10
1.10683e-10
9.63458e-11
8.59695e-11
7.80128e-11
7.17047e-11
6.65392e-11
6.22038e-11
5.84742e-11
5.51737e-11
5.21921e-11
4.94056e-11
4.66458e-11
4.35785e-11
4.06827e-11
3.6289e-11
1.79528e-11
5.73416e-10
5.67523e-10
5.65511e-10
5.65506e-10
5.66187e-10
5.66798e-10
5.70184e-10
5.77229e-10
5.87247e-10
5.99959e-10
6.21312e-10
6.46132e-10
6.7427e-10
7.126e-10
7.51116e-10
7.90241e-10
8.16128e-10
7.90393e-10
7.18165e-10
6.25459e-10
5.35498e-10
4.47056e-10
3.93359e-10
3.49619e-10
3.09618e-10
2.74997e-10
2.64982e-10
2.56317e-10
2.48478e-10
2.45378e-10
2.29595e-10
1.875e-10
1.50086e-10
1.23369e-10
1.05052e-10
9.23024e-11
8.31369e-11
7.61532e-11
7.06114e-11
6.60798e-11
6.22913e-11
5.90677e-11
5.63247e-11
5.40213e-11
5.21237e-11
5.05377e-11
4.90569e-11
4.80381e-11
4.49272e-11
2.01293e-11
6.25166e-10
6.21897e-10
6.20627e-10
6.17005e-10
6.12892e-10
6.05408e-10
6.00073e-10
6.09618e-10
6.27754e-10
6.45863e-10
6.73091e-10
7.03757e-10
7.36132e-10
7.72531e-10
7.99758e-10
7.99525e-10
7.50727e-10
6.93189e-10
6.36825e-10
5.79033e-10
5.14937e-10
4.65563e-10
3.95149e-10
3.39913e-10
2.99762e-10
2.68028e-10
2.55952e-10
2.45241e-10
2.45598e-10
2.50037e-10
2.18864e-10
1.76246e-10
1.40869e-10
1.16272e-10
9.99005e-11
8.8752e-11
8.08374e-11
7.49223e-11
7.02165e-11
6.64052e-11
6.32452e-11
6.06246e-11
5.85735e-11
5.71264e-11
5.63105e-11
5.61281e-11
5.64617e-11
5.74922e-11
5.45596e-11
2.2066e-11
7.29768e-10
7.11474e-10
6.95981e-10
6.87982e-10
6.84507e-10
6.84054e-10
6.96153e-10
7.17432e-10
7.3917e-10
7.61228e-10
7.93949e-10
8.32393e-10
8.7432e-10
9.25291e-10
9.66418e-10
9.72055e-10
9.30024e-10
8.43814e-10
7.47597e-10
6.37646e-10
5.34348e-10
4.58939e-10
3.85385e-10
3.25633e-10
2.82272e-10
2.51046e-10
2.38056e-10
2.40612e-10
2.49333e-10
2.41029e-10
2.06711e-10
1.65141e-10
1.31904e-10
1.0965e-10
9.52446e-11
8.57035e-11
7.91109e-11
7.42801e-11
7.05421e-11
6.75347e-11
6.50721e-11
6.31587e-11
6.19047e-11
6.14454e-11
6.19049e-11
6.33892e-11
6.58905e-11
6.94833e-11
6.63798e-11
2.38174e-11
7.86367e-10
7.70414e-10
7.73087e-10
7.84837e-10
7.9068e-10
7.99242e-10
8.02796e-10
7.99486e-10
8.12459e-10
8.41335e-10
8.85996e-10
9.29038e-10
9.72639e-10
1.02371e-09
1.06509e-09
1.07714e-09
1.04153e-09
9.25794e-10
7.75383e-10
6.36205e-10
5.28125e-10
4.32256e-10
3.64253e-10
3.09873e-10
2.65341e-10
2.3792e-10
2.27586e-10
2.33562e-10
2.37586e-10
2.2906e-10
1.94625e-10
1.54274e-10
1.23444e-10
1.03562e-10
9.10883e-11
8.31685e-11
7.79643e-11
7.43176e-11
7.16287e-11
6.9526e-11
6.78746e-11
6.67278e-11
6.63495e-11
6.70201e-11
6.89841e-11
7.24751e-11
7.76435e-11
8.45923e-11
8.09827e-11
2.54745e-11
9.06184e-10
8.74655e-10
8.52635e-10
8.48769e-10
8.50247e-10
8.57429e-10
8.7976e-10
9.06148e-10
9.24252e-10
9.37188e-10
9.75381e-10
1.03989e-09
1.10224e-09
1.15122e-09
1.17018e-09
1.13113e-09
1.02668e-09
8.8121e-10
7.29283e-10
6.00779e-10
5.01027e-10
4.20884e-10
3.52631e-10
2.97565e-10
2.54189e-10
2.2494e-10
2.13442e-10
2.13498e-10
2.22663e-10
2.14203e-10
1.80953e-10
1.43666e-10
1.15604e-10
9.80283e-11
8.74181e-11
8.11295e-11
7.74018e-11
7.50912e-11
7.35745e-11
7.25574e-11
7.18197e-11
7.14655e-11
7.20148e-11
7.39851e-11
7.77807e-11
8.37948e-11
9.24152e-11
1.03996e-10
9.95113e-11
2.70863e-11
1.17657e-09
1.11269e-09
1.08896e-09
1.083e-09
1.07401e-09
1.07677e-09
1.08315e-09
1.09795e-09
1.11501e-09
1.12878e-09
1.15339e-09
1.19463e-09
1.25384e-09
1.29542e-09
1.27633e-09
1.17294e-09
1.01512e-09
8.52565e-10
7.10404e-10
5.77775e-10
4.64135e-10
3.79538e-10
3.17847e-10
2.69623e-10
2.35348e-10
2.06089e-10
1.92666e-10
1.95198e-10
2.05615e-10
1.95784e-10
1.66138e-10
1.33419e-10
1.0844e-10
9.30578e-11
8.42141e-11
7.95653e-11
7.74297e-11
7.66136e-11
7.651e-11
7.68478e-11
7.71954e-11
7.75856e-11
7.90506e-11
8.2543e-11
8.87096e-11
9.81439e-11
1.11567e-10
1.29953e-10
1.23979e-10
2.86682e-11
1.50859e-09
1.43892e-09
1.38747e-09
1.34663e-09
1.30105e-09
1.28006e-09
1.26446e-09
1.26342e-09
1.27118e-09
1.31067e-09
1.3718e-09
1.35093e-09
1.28372e-09
1.20505e-09
1.09034e-09
9.54137e-10
8.16463e-10
6.93529e-10
5.89689e-10
4.95022e-10
4.11536e-10
3.44007e-10
2.91105e-10
2.46651e-10
2.12603e-10
1.8875e-10
1.75984e-10
1.77112e-10
1.85269e-10
1.74043e-10
1.50697e-10
1.2388e-10
1.02055e-10
8.86565e-11
8.14446e-11
7.84462e-11
7.80414e-11
7.88817e-11
8.04268e-11
8.2605e-11
8.43056e-11
8.50802e-11
8.72162e-11
9.24388e-11
1.01907e-10
1.16511e-10
1.37242e-10
1.6619e-10
1.57536e-10
3.02206e-11
1.87708e-09
1.80796e-09
1.75616e-09
1.70469e-09
1.63747e-09
1.61146e-09
1.59801e-09
1.59205e-09
1.57417e-09
1.53297e-09
1.43223e-09
1.31433e-09
1.21897e-09
1.1164e-09
9.98348e-10
8.73213e-10
7.49442e-10
6.35084e-10
5.35822e-10
4.55472e-10
3.9081e-10
3.34935e-10
2.83475e-10
2.3825e-10
2.00044e-10
1.71763e-10
1.57647e-10
1.57138e-10
1.61842e-10
1.50123e-10
1.34284e-10
1.14561e-10
9.59462e-11
8.41689e-11
7.85241e-11
7.73066e-11
7.87355e-11
8.09398e-11
8.37999e-11
8.8101e-11
9.06243e-11
8.99486e-11
9.20355e-11
9.65897e-11
1.09505e-10
1.33058e-10
1.6326e-10
2.04445e-10
1.96651e-10
3.20523e-11
2.4627e-09
2.38478e-09
2.32874e-09
2.26385e-09
2.15554e-09
2.1026e-09
2.06385e-09
2.01979e-09
1.94902e-09
1.8602e-09
1.75894e-09
1.61496e-09
1.44199e-09
1.26093e-09
1.0792e-09
9.11601e-10
7.64604e-10
6.41312e-10
5.39706e-10
4.54612e-10
3.83644e-10
3.24409e-10
2.71694e-10
2.24169e-10
1.83787e-10
1.53719e-10
1.38159e-10
1.34976e-10
1.35671e-10
1.23398e-10
1.11116e-10
9.86866e-11
8.38494e-11
7.03459e-11
6.76914e-11
7.0707e-11
7.2436e-11
6.7829e-11
6.33955e-11
5.93561e-11
4.42822e-11
2.95219e-11
2.59689e-11
2.83586e-11
3.13912e-11
3.60512e-11
4.30824e-11
4.58149e-11
4.38894e-11
2.85952e-11
2.13006e-09
2.15255e-09
2.0708e-09
1.96849e-09
1.83664e-09
1.74651e-09
1.65958e-09
1.56292e-09
1.46224e-09
1.3638e-09
1.25922e-09
1.14287e-09
1.02398e-09
9.09428e-10
7.98265e-10
6.94328e-10
6.00803e-10
5.19071e-10
4.48437e-10
3.86719e-10
3.33467e-10
2.86709e-10
2.41675e-10
1.98327e-10
1.59374e-10
1.29962e-10
1.13727e-10
1.06761e-10
1.02787e-10
7.91875e-11
4.14414e-11
2.71385e-11
2.17195e-11
2.06074e-11
1.86719e-11
1.76899e-11
1.87554e-11
2.09342e-11
2.13602e-11
2.38353e-11
2.80648e-11
2.76656e-11
2.97869e-11
2.92572e-11
2.97754e-11
2.89979e-11
2.98378e-11
3.07883e-11
3.18445e-11
2.70127e-11
4.52786e-11
4.52652e-11
4.53552e-11
4.53987e-11
4.54385e-11
4.55389e-11
4.5672e-11
4.5795e-11
4.57985e-11
4.58016e-11
4.59426e-11
4.61645e-11
4.64971e-11
4.6893e-11
4.72156e-11
4.75905e-11
4.81194e-11
4.88331e-11
4.97688e-11
5.09426e-11
5.23389e-11
5.34806e-11
5.35716e-11
5.1847e-11
4.79075e-11
4.37274e-11
3.93728e-11
3.16367e-11
2.35556e-11
2.02304e-11
2.46566e-11
2.69688e-11
2.70423e-11
2.69074e-11
2.46979e-11
2.2927e-11
2.34113e-11
2.6889e-11
2.76251e-11
2.52957e-11
4.26906e-11
6.13018e-11
3.51078e-11
5.00181e-11
7.09983e-11
1.06019e-10
9.35783e-11
9.62372e-11
1.43449e-10
1.97094e-11
7.77575e-12
7.77576e-12
7.77695e-12
7.79177e-12
7.81048e-12
7.83567e-12
7.8656e-12
7.9031e-12
7.9509e-12
8.0092e-12
8.06583e-12
8.12796e-12
8.1942e-12
8.27216e-12
8.37611e-12
8.49774e-12
8.63505e-12
8.78466e-12
8.94616e-12
9.11587e-12
9.29032e-12
9.49951e-12
9.79387e-12
1.02651e-11
1.1219e-11
1.29306e-11
1.55964e-11
2.59897e-11
3.08478e-11
2.29174e-11
3.55613e-11
4.0708e-11
2.90272e-11
2.64779e-11
2.20719e-11
1.969e-11
2.13068e-11
2.56437e-11
2.2852e-11
2.73627e-11
3.04265e-11
2.15317e-11
2.52941e-11
3.46837e-11
3.40998e-11
3.21545e-11
3.19404e-11
3.23543e-11
3.17914e-11
3.55897e-11
1.48946e-12
1.48907e-12
1.48837e-12
1.48847e-12
1.48872e-12
1.48901e-12
1.48944e-12
1.49024e-12
1.49206e-12
1.49444e-12
1.49623e-12
1.49802e-12
1.49972e-12
1.50189e-12
1.50588e-12
1.51094e-12
1.51711e-12
1.52404e-12
1.53195e-12
1.54079e-12
1.55051e-12
1.56343e-12
1.58289e-12
1.61393e-12
1.67594e-12
1.78337e-12
1.9302e-12
2.30491e-12
9.13165e-12
1.42188e-11
1.52691e-11
1.94532e-11
2.20714e-11
2.27594e-11
2.21043e-11
2.28265e-11
2.59543e-11
2.88764e-11
2.89829e-11
2.89702e-11
2.47335e-11
3.02296e-11
3.03765e-11
4.02819e-11
1.01873e-10
8.9331e-11
7.88683e-11
4.29909e-11
4.81416e-11
1.80068e-11
1.83513e-12
1.83444e-12
1.83304e-12
1.83206e-12
1.83102e-12
1.82947e-12
1.82777e-12
1.82599e-12
1.82465e-12
1.8233e-12
1.82182e-12
1.82027e-12
1.81868e-12
1.81711e-12
1.81617e-12
1.8155e-12
1.81542e-12
1.81549e-12
1.81598e-12
1.81707e-12
1.8189e-12
1.82056e-12
1.82059e-12
1.81708e-12
1.81213e-12
1.79661e-12
1.76849e-12
1.61704e-12
2.30643e-12
4.15745e-12
3.97378e-12
4.59781e-12
5.61983e-12
6.36761e-12
7.13999e-12
7.73832e-12
8.6381e-12
9.31332e-12
9.72515e-12
9.47386e-12
8.39305e-12
7.7769e-12
7.0089e-12
6.83179e-12
6.80935e-12
6.81741e-12
6.81484e-12
6.93317e-12
8.16973e-12
3.01646e-11
4.00927e-11
4.02945e-11
4.08704e-11
4.08058e-11
4.06677e-11
4.04648e-11
4.02331e-11
3.98012e-11
3.86891e-11
3.73694e-11
3.69286e-11
3.68186e-11
3.715e-11
3.75346e-11
3.71689e-11
3.64872e-11
3.57381e-11
3.50685e-11
3.43012e-11
3.3498e-11
3.26886e-11
3.08032e-11
2.70953e-11
2.18294e-11
1.58606e-11
1.07496e-11
7.57988e-12
3.81232e-12
1.63245e-12
1.66583e-12
1.61957e-12
1.61166e-12
1.59616e-12
1.58364e-12
1.57446e-12
1.58533e-12
1.65712e-12
1.72367e-12
1.75213e-12
1.74333e-12
1.69129e-12
1.6393e-12
1.55695e-12
1.54578e-12
1.54281e-12
1.54084e-12
1.54123e-12
1.55718e-12
1.63798e-12
2.35546e-12
5.39374e-10
5.81653e-10
6.96739e-10
6.99164e-10
6.94593e-10
6.88775e-10
6.87883e-10
6.74079e-10
5.94731e-10
5.07426e-10
5.09045e-10
5.49181e-10
6.66573e-10
8.96676e-10
1.04945e-09
5.52774e-10
3.96812e-10
5.6391e-10
6.69051e-10
7.25114e-10
7.31211e-10
6.9311e-10
6.2922e-10
3.47329e-10
2.34121e-10
2.84444e-10
3.14296e-10
1.25935e-10
3.5262e-12
2.20012e-12
2.41832e-12
2.29659e-12
2.10258e-12
1.99371e-12
1.91788e-12
1.86505e-12
1.80476e-12
1.77691e-12
1.77138e-12
1.77707e-12
1.79577e-12
1.82744e-12
1.89925e-12
1.92289e-12
1.92211e-12
1.9202e-12
1.91878e-12
1.89518e-12
1.4387e-12
7.13149e-13
9.33243e-10
9.36553e-10
9.30214e-10
9.14983e-10
8.91739e-10
8.82286e-10
8.82695e-10
8.89184e-10
9.06905e-10
9.87427e-10
1.09328e-09
1.22982e-09
1.43449e-09
1.8192e-09
2.50038e-09
6.03013e-10
4.07001e-10
5.9914e-10
7.0986e-10
7.49522e-10
7.27591e-10
6.69753e-10
6.03711e-10
3.61758e-10
2.28547e-10
2.85834e-10
6.4872e-10
7.93206e-10
1.58749e-10
2.16245e-11
4.22409e-11
4.38946e-11
3.73145e-11
3.47872e-11
3.70221e-11
3.03495e-11
1.55442e-11
1.12722e-11
1.01895e-11
1.06608e-11
1.33952e-11
1.80948e-11
3.75964e-11
4.64339e-11
4.72615e-11
4.71869e-11
4.06493e-11
1.05149e-11
2.08595e-12
6.90084e-13
9.85302e-10
9.77211e-10
9.48289e-10
9.21402e-10
8.96068e-10
8.91915e-10
8.91842e-10
9.10167e-10
9.60625e-10
1.05755e-09
1.15658e-09
1.30606e-09
1.53619e-09
1.98109e-09
2.78367e-09
5.91348e-10
3.99021e-10
5.8603e-10
6.852e-10
7.1637e-10
6.92906e-10
6.39802e-10
5.80126e-10
4.36859e-10
2.36138e-10
2.10578e-10
4.66063e-10
8.01635e-10
1.21046e-09
5.74129e-10
8.76575e-11
6.07212e-11
7.20845e-11
1.27878e-10
3.31323e-10
1.74002e-09
6.14662e-10
3.8922e-10
4.45386e-10
7.20455e-10
4.30994e-10
5.82844e-10
9.39329e-10
7.92555e-10
6.48535e-10
7.75925e-10
1.00357e-10
1.18601e-11
2.13894e-12
6.77464e-13
1.02577e-09
1.00872e-09
9.81725e-10
9.70315e-10
9.62723e-10
9.58914e-10
9.63157e-10
9.89782e-10
1.03929e-09
1.10655e-09
1.20819e-09
1.37101e-09
1.62531e-09
2.13074e-09
3.04375e-09
5.79929e-10
3.9154e-10
5.74173e-10
6.64624e-10
6.90805e-10
6.67955e-10
6.20035e-10
5.66176e-10
5.15519e-10
3.11846e-10
2.0262e-10
2.91749e-10
8.62053e-10
1.05241e-09
1.9673e-09
4.31454e-10
1.28425e-10
2.3636e-10
1.2228e-09
9.59195e-10
1.08321e-09
5.92086e-10
4.93466e-10
5.69604e-10
1.46939e-09
4.20795e-10
5.90105e-10
7.58102e-10
6.53632e-10
5.59155e-10
6.49751e-10
1.19943e-10
1.30665e-11
2.20128e-12
6.66464e-13
1.07073e-09
1.06326e-09
1.05084e-09
1.03905e-09
1.0298e-09
1.02434e-09
1.02913e-09
1.04794e-09
1.0854e-09
1.1512e-09
1.25979e-09
1.43644e-09
1.71621e-09
2.28675e-09
3.30087e-09
5.69011e-10
3.84517e-10
5.63092e-10
6.46283e-10
6.69035e-10
6.47609e-10
6.04698e-10
5.56406e-10
5.14373e-10
3.93249e-10
2.28975e-10
2.3009e-10
4.61794e-10
9.81696e-10
1.85499e-09
1.45192e-09
1.25017e-09
9.82238e-10
8.90029e-10
8.99455e-10
9.1538e-10
7.91458e-10
6.31755e-10
4.47083e-10
6.91281e-10
5.7382e-10
5.77808e-10
7.42424e-10
6.3684e-10
5.41836e-10
6.13487e-10
1.45611e-10
1.45489e-11
2.2776e-12
6.55134e-13
1.11651e-09
1.10874e-09
1.0959e-09
1.08208e-09
1.07004e-09
1.06306e-09
1.0675e-09
1.08688e-09
1.12599e-09
1.1957e-09
1.3118e-09
1.50257e-09
1.80916e-09
2.4487e-09
3.54246e-09
5.58667e-10
3.77951e-10
5.52821e-10
6.2995e-10
6.50337e-10
6.30703e-10
5.92336e-10
5.49254e-10
5.11408e-10
4.74436e-10
3.23117e-10
2.33712e-10
2.72329e-10
9.33317e-10
1.61966e-09
1.50717e-09
1.13751e-09
9.73902e-10
9.35197e-10
9.32506e-10
9.18789e-10
8.77258e-10
1.44091e-09
5.89083e-10
4.91287e-10
1.06181e-09
6.3097e-10
7.43123e-10
6.26931e-10
5.27992e-10
5.80733e-10
1.79993e-10
1.64036e-11
2.3719e-12
6.43292e-13
1.16182e-09
1.15287e-09
1.13857e-09
1.12308e-09
1.10937e-09
1.10117e-09
1.10524e-09
1.12525e-09
1.16626e-09
1.24016e-09
1.36415e-09
1.56927e-09
1.90386e-09
2.6154e-09
3.75379e-09
5.4893e-10
3.71829e-10
5.43352e-10
6.15404e-10
6.34155e-10
6.16397e-10
5.82055e-10
5.43557e-10
5.09297e-10
4.80795e-10
4.49137e-10
3.4063e-10
3.70362e-10
7.42562e-10
1.31359e-09
1.58377e-09
1.27236e-09
1.07943e-09
1.01198e-09
9.82469e-10
9.48114e-10
8.93843e-10
8.34865e-10
9.83111e-10
5.61376e-10
1.23981e-09
7.59502e-10
7.46032e-10
6.1785e-10
5.14718e-10
5.50761e-10
2.26503e-10
1.87653e-11
2.48948e-12
6.30949e-13
1.2069e-09
1.19675e-09
1.18095e-09
1.16376e-09
1.14839e-09
1.13901e-09
1.1427e-09
1.16333e-09
1.20631e-09
1.28455e-09
1.41672e-09
1.63659e-09
1.99997e-09
2.78535e-09
3.9218e-09
5.39803e-10
3.6613e-10
5.34645e-10
6.02421e-10
6.20029e-10
6.04096e-10
5.73265e-10
5.38659e-10
5.0782e-10
4.83676e-10
4.71064e-10
4.7287e-10
5.42873e-10
7.31502e-10
1.12839e-09
1.54653e-09
1.40741e-09
1.20353e-09
1.10297e-09
1.04503e-09
9.89866e-10
9.24869e-10
8.53618e-10
8.21372e-10
9.28262e-10
9.13309e-10
8.62825e-10
7.47019e-10
6.09286e-10
5.02256e-10
5.25102e-10
2.88988e-10
2.18342e-11
2.63766e-12
6.1814e-13
1.25175e-09
1.24042e-09
1.2231e-09
1.20417e-09
1.18713e-09
1.17659e-09
1.17989e-09
1.20113e-09
1.24614e-09
1.32884e-09
1.46941e-09
1.70456e-09
2.09714e-09
2.95675e-09
4.03827e-09
5.31271e-10
3.60826e-10
5.26648e-10
5.90794e-10
6.07596e-10
5.93365e-10
5.6555e-10
5.34275e-10
5.06736e-10
4.86101e-10
4.77761e-10
4.89647e-10
5.56684e-10
7.18561e-10
1.02706e-09
1.44113e-09
1.49471e-09
1.32845e-09
1.20504e-09
1.12055e-09
1.04478e-09
9.75753e-10
8.98079e-10
8.43501e-10
8.44698e-10
9.50249e-10
8.82643e-10
7.59053e-10
6.02462e-10
4.90981e-10
5.0409e-10
3.68893e-10
2.59193e-11
2.82685e-12
6.04925e-13
1.29637e-09
1.28385e-09
1.26497e-09
1.24427e-09
1.22556e-09
1.21387e-09
1.21678e-09
1.23863e-09
1.28573e-09
1.37299e-09
1.52214e-09
1.77313e-09
2.19521e-09
3.12763e-09
4.10179e-09
5.2331e-10
3.55891e-10
5.19302e-10
5.8034e-10
5.96567e-10
5.83895e-10
5.58665e-10
5.30354e-10
5.05981e-10
4.87946e-10
4.82199e-10
4.96747e-10
5.58633e-10
6.98226e-10
9.533e-10
1.32631e-09
1.51933e-09
1.43952e-09
1.31486e-09
1.20895e-09
1.11261e-09
1.03372e-09
9.50106e-10
8.88796e-10
8.58609e-10
7.9411e-10
8.52585e-10
7.80146e-10
5.98411e-10
4.81183e-10
4.8749e-10
4.57328e-10
3.15174e-11
3.07243e-12
5.91383e-13
1.34076e-09
1.32704e-09
1.30657e-09
1.28407e-09
1.26367e-09
1.25083e-09
1.25334e-09
1.27582e-09
1.32506e-09
1.41699e-09
1.57488e-09
1.84223e-09
2.29416e-09
3.29575e-09
4.11729e-09
5.15886e-10
3.51297e-10
5.12547e-10
5.70901e-10
5.86718e-10
5.7545e-10
5.52446e-10
5.26947e-10
5.05246e-10
4.89275e-10
4.8558e-10
5.01725e-10
5.59207e-10
6.81433e-10
8.96486e-10
1.22272e-09
1.49058e-09
1.52231e-09
1.42588e-09
1.30862e-09
1.19302e-09
1.09054e-09
1.00469e-09
9.39006e-10
9.02796e-10
7.71033e-10
8.11685e-10
7.95405e-10
5.97882e-10
4.72931e-10
4.74751e-10
5.2861e-10
3.94683e-11
3.3982e-12
5.77613e-13
1.38489e-09
1.36995e-09
1.34787e-09
1.32354e-09
1.30146e-09
1.28747e-09
1.28958e-09
1.3127e-09
1.36414e-09
1.46084e-09
1.6276e-09
1.91181e-09
2.39387e-09
3.459e-09
4.09381e-09
5.08964e-10
3.47017e-10
5.06326e-10
5.62346e-10
5.7787e-10
5.67838e-10
5.46823e-10
5.23966e-10
5.04368e-10
4.90264e-10
4.88241e-10
5.05326e-10
5.58934e-10
6.67349e-10
8.51718e-10
1.13587e-09
1.43018e-09
1.56664e-09
1.52949e-09
1.41712e-09
1.2858e-09
1.15832e-09
1.05894e-09
9.9025e-10
9.52385e-10
7.93568e-10
8.12412e-10
8.03833e-10
5.99504e-10
4.66281e-10
4.65226e-10
5.5973e-10
5.12782e-11
3.84332e-12
5.63727e-13
1.42875e-09
1.41258e-09
1.38885e-09
1.36267e-09
1.33891e-09
1.32377e-09
1.32548e-09
1.34927e-09
1.40295e-09
1.50451e-09
1.68031e-09
1.98178e-09
2.49431e-09
3.61543e-09
4.04186e-09
5.02508e-10
3.43024e-10
5.00587e-10
5.54561e-10
5.69874e-10
5.60932e-10
5.41778e-10
5.21261e-10
5.03362e-10
4.91024e-10
4.90377e-10
5.0793e-10
5.58117e-10
6.55383e-10
8.1584e-10
1.06464e-09
1.35757e-09
1.57139e-09
1.61609e-09
1.53051e-09
1.3904e-09
1.24369e-09
1.11648e-09
1.03754e-09
1.00419e-09
8.17844e-10
8.36476e-10
8.1704e-10
6.01432e-10
4.60756e-10
4.58219e-10
5.57866e-10
6.98481e-11
4.47715e-12
5.49847e-13
1.47231e-09
1.4549e-09
1.42949e-09
1.40146e-09
1.37601e-09
1.35972e-09
1.36103e-09
1.38552e-09
1.44149e-09
1.548e-09
1.73301e-09
2.05206e-09
2.59562e-09
3.76289e-09
3.97116e-09
4.96483e-10
3.39296e-10
4.95282e-10
5.47453e-10
5.62612e-10
5.54643e-10
5.37299e-10
5.18696e-10
5.02294e-10
4.91562e-10
4.92097e-10
5.09795e-10
5.56932e-10
6.45119e-10
7.8667e-10
1.00619e-09
1.28505e-09
1.54562e-09
1.67747e-09
1.6431e-09
1.50556e-09
1.34039e-09
1.1891e-09
1.08624e-09
1.06124e-09
8.41685e-10
8.62757e-10
8.38479e-10
6.04727e-10
4.55861e-10
4.52934e-10
5.4479e-10
1.01243e-10
5.43554e-12
5.3609e-13
1.51555e-09
1.49688e-09
1.46979e-09
1.43989e-09
1.41275e-09
1.39531e-09
1.39624e-09
1.42145e-09
1.47977e-09
1.59131e-09
1.7857e-09
2.12262e-09
2.6977e-09
3.90028e-09
3.88955e-09
4.90856e-10
3.3581e-10
4.90369e-10
5.40942e-10
5.55978e-10
5.48923e-10
5.33297e-10
5.16217e-10
5.01208e-10
4.91924e-10
4.93457e-10
5.11099e-10
5.55565e-10
6.36108e-10
7.62629e-10
9.58102e-10
1.21841e-09
1.50082e-09
1.7095e-09
1.74772e-09
1.62921e-09
1.44798e-09
1.27177e-09
1.1463e-09
1.12246e-09
8.65235e-10
8.85968e-10
8.64706e-10
6.09215e-10
4.51128e-10
4.48491e-10
5.34193e-10
1.59111e-10
7.02491e-12
5.22572e-13
1.55847e-09
1.53853e-09
1.50974e-09
1.47796e-09
1.44914e-09
1.43054e-09
1.4311e-09
1.45706e-09
1.51777e-09
1.63444e-09
1.83836e-09
2.19342e-09
2.80031e-09
4.02687e-09
3.80282e-09
4.85595e-10
3.32547e-10
4.85812e-10
5.34959e-10
5.49903e-10
5.43752e-10
5.29654e-10
5.13823e-10
5.00132e-10
4.92159e-10
4.94534e-10
5.12006e-10
5.54145e-10
6.28118e-10
7.42679e-10
9.18326e-10
1.15942e-09
1.44682e-09
1.71345e-09
1.83668e-09
1.75787e-09
1.56577e-09
1.36179e-09
1.21048e-09
1.18951e-09
8.83569e-10
1.05025e-09
8.95876e-10
6.14288e-10
4.46243e-10
4.43973e-10
5.30243e-10
2.72207e-10
1.0103e-11
5.09391e-13
1.70704e-09
1.68502e-09
1.65237e-09
1.61611e-09
1.58342e-09
1.56291e-09
1.56506e-09
1.59754e-09
1.67213e-09
1.81581e-09
2.07041e-09
2.52507e-09
3.32177e-09
4.68305e-09
3.54858e-09
4.79505e-10
3.28801e-10
4.78766e-10
5.25063e-10
5.39199e-10
5.3403e-10
5.21629e-10
5.07505e-10
4.95676e-10
4.89415e-10
4.92922e-10
5.10437e-10
5.50383e-10
6.18179e-10
7.21878e-10
8.79223e-10
1.10138e-09
1.39069e-09
1.72423e-09
1.9909e-09
2.01233e-09
1.80419e-09
1.53743e-09
1.33259e-09
1.32706e-09
1.03212e-09
1.33182e-09
1.18337e-09
6.2447e-10
4.40985e-10
4.37773e-10
5.31847e-10
4.53937e-10
1.81691e-11
4.94653e-13
3.68997e-11
5.70169e-11
3.406e-11
4.45806e-11
7.20607e-11
7.52763e-11
8.10981e-11
8.66743e-11
9.00288e-11
9.21132e-11
9.46989e-11
9.82103e-11
1.00826e-10
1.02902e-10
1.03201e-10
9.77119e-11
6.59772e-11
6.93891e-11
1.01169e-10
8.90176e-11
8.56766e-11
1.10889e-10
1.58003e-10
1.71689e-10
1.5218e-10
1.39185e-10
2.4249e-10
1.69142e-10
1.27967e-10
1.02847e-10
7.3034e-11
7.53675e-11
1.07936e-10
1.28978e-10
1.3499e-10
1.33632e-10
1.31011e-10
1.29315e-10
1.30007e-10
1.31802e-10
1.33627e-10
1.34954e-10
1.35587e-10
1.36025e-10
1.37014e-10
1.38618e-10
1.40485e-10
1.42061e-10
1.43135e-10
1.43949e-10
1.44845e-10
1.46088e-10
1.47355e-10
1.47129e-10
1.42643e-10
1.30903e-10
1.13273e-10
9.55166e-11
8.19961e-11
7.38009e-11
7.03511e-11
7.1385e-11
7.70997e-11
8.66781e-11
9.93513e-11
1.131e-10
1.26337e-10
1.38868e-10
1.49977e-10
1.59322e-10
1.67531e-10
1.75987e-10
1.85002e-10
1.94892e-10
2.05967e-10
2.18824e-10
2.34214e-10
2.53733e-10
2.79884e-10
3.1382e-10
3.53499e-10
3.96614e-10
4.39167e-10
4.80074e-10
5.24606e-10
5.70615e-10
6.07266e-10
6.49195e-10
7.08274e-10
7.8174e-10
8.69937e-10
9.6124e-10
1.04329e-09
1.11891e-09
1.18556e-09
1.24482e-09
1.30266e-09
1.32855e-09
1.34342e-09
1.3721e-09
1.3928e-09
1.40963e-09
1.42356e-09
1.43498e-09
1.4444e-09
1.4519e-09
1.4577e-09
1.4617e-09
1.46418e-09
1.46551e-09
1.46574e-09
1.46611e-09
1.46673e-09
1.46778e-09
1.46933e-09
1.47161e-09
1.47405e-09
1.47663e-09
1.47962e-09
1.48402e-09
1.491e-09
1.50096e-09
1.51272e-09
1.5247e-09
1.53532e-09
1.55052e-09
1.5679e-09
1.58822e-09
1.60731e-09
1.62211e-09
1.6255e-09
1.65167e-09
1.67788e-09
1.71867e-09
1.74846e-09
1.778e-09
1.80897e-09
1.76048e-09
1.78819e-09
1.82725e-09
1.85462e-09
1.89155e-09
1.93239e-09
2.03386e-09
2.14318e-09
2.23951e-09
2.28566e-09
2.22138e-09
2.10274e-09
1.96582e-09
4.44757e-11
3.33767e-11
1.0761e-10
5.38539e-11
4.20058e-11
5.68169e-11
8.42305e-11
9.1655e-11
9.69058e-11
9.96873e-11
1.0162e-10
1.04261e-10
1.06976e-10
1.08796e-10
1.0978e-10
1.09764e-10
1.08365e-10
1.0297e-10
9.63581e-11
1.1802e-10
1.54638e-10
1.51288e-10
1.07573e-10
1.06712e-10
1.51603e-10
1.17025e-10
8.43832e-11
8.84763e-11
1.06158e-10
1.20008e-10
8.17804e-11
6.7994e-11
8.72347e-11
1.33036e-10
1.55971e-10
1.44327e-10
1.4155e-10
1.31467e-10
1.31105e-10
1.33826e-10
1.3635e-10
1.378e-10
1.37754e-10
1.37573e-10
1.3858e-10
1.40593e-10
1.4285e-10
1.44595e-10
1.45493e-10
1.45797e-10
1.46152e-10
1.47001e-10
1.48407e-10
1.50356e-10
1.52049e-10
1.51579e-10
1.46068e-10
1.336e-10
1.16581e-10
1.00118e-10
8.72433e-11
7.87903e-11
7.51144e-11
7.60952e-11
8.12345e-11
9.05967e-11
1.04128e-10
1.21147e-10
1.39014e-10
1.56101e-10
1.71475e-10
1.84404e-10
1.95406e-10
2.06068e-10
2.17624e-10
2.3128e-10
2.47522e-10
2.67587e-10
2.93945e-10
3.27638e-10
3.67838e-10
4.1281e-10
4.59376e-10
5.04366e-10
5.45513e-10
5.87568e-10
6.25091e-10
6.65276e-10
7.23741e-10
7.9905e-10
8.89578e-10
9.87624e-10
1.06842e-09
1.12682e-09
1.17185e-09
1.20782e-09
1.24066e-09
1.24602e-09
1.24391e-09
1.25385e-09
1.25794e-09
1.25964e-09
1.25985e-09
1.25872e-09
1.25656e-09
1.25361e-09
1.25002e-09
1.24563e-09
1.24055e-09
1.23493e-09
1.2293e-09
1.22391e-09
1.219e-09
1.2147e-09
1.21137e-09
1.20885e-09
1.20664e-09
1.20464e-09
1.20294e-09
1.20218e-09
1.20337e-09
1.20691e-09
1.21201e-09
1.21738e-09
1.22259e-09
1.23019e-09
1.23838e-09
1.25098e-09
1.26262e-09
1.26691e-09
1.267e-09
1.28528e-09
1.30308e-09
1.32248e-09
1.34984e-09
1.37075e-09
1.37821e-09
1.38562e-09
1.40409e-09
1.41398e-09
1.41069e-09
1.42717e-09
1.4342e-09
1.49529e-09
1.58337e-09
1.713e-09
1.77645e-09
1.75553e-09
1.64815e-09
1.57105e-09
2.51731e-11
3.37422e-11
3.30447e-11
5.79446e-11
1.66205e-10
4.5032e-11
4.3771e-11
8.96305e-11
1.06069e-10
1.10261e-10
1.12098e-10
1.13257e-10
1.14772e-10
1.15561e-10
1.1562e-10
1.15126e-10
1.14596e-10
1.14995e-10
1.21224e-10
1.259e-10
1.2432e-10
1.15986e-10
8.58051e-11
8.2361e-11
7.79498e-11
8.20376e-11
9.32105e-11
9.32792e-11
8.01043e-11
6.59089e-11
6.64658e-11
1.09139e-10
1.14763e-10
1.85553e-10
2.10759e-10
1.25607e-10
8.20584e-11
8.93265e-11
1.22974e-10
1.33317e-10
1.38757e-10
1.41481e-10
1.40078e-10
1.38035e-10
1.38844e-10
1.41561e-10
1.44666e-10
1.4694e-10
1.47699e-10
1.47275e-10
1.46776e-10
1.47057e-10
1.48317e-10
1.50641e-10
1.53848e-10
1.57383e-10
1.60135e-10
1.60059e-10
1.54337e-10
1.41888e-10
1.25284e-10
1.09015e-10
9.58595e-11
8.69199e-11
8.22977e-11
8.20085e-11
8.60212e-11
9.4407e-11
1.0778e-10
1.25773e-10
1.46851e-10
1.67505e-10
1.87088e-10
2.05935e-10
2.24468e-10
2.42633e-10
2.60734e-10
2.80739e-10
3.06619e-10
3.39639e-10
3.78997e-10
4.23552e-10
4.70678e-10
5.19298e-10
5.64835e-10
6.02247e-10
6.35819e-10
6.76608e-10
7.3619e-10
8.16965e-10
9.17466e-10
1.03779e-09
1.1516e-09
1.23065e-09
1.292e-09
1.34383e-09
1.39305e-09
1.4044e-09
1.40512e-09
1.42293e-09
1.43182e-09
1.43659e-09
1.43882e-09
1.43932e-09
1.43789e-09
1.43475e-09
1.43041e-09
1.42482e-09
1.41791e-09
1.40988e-09
1.40187e-09
1.39384e-09
1.38644e-09
1.37991e-09
1.3748e-09
1.37065e-09
1.36724e-09
1.36404e-09
1.36088e-09
1.35842e-09
1.35883e-09
1.36323e-09
1.37025e-09
1.37827e-09
1.38751e-09
1.39637e-09
1.40747e-09
1.42305e-09
1.4376e-09
1.44774e-09
1.46181e-09
1.48369e-09
1.51935e-09
1.52921e-09
1.56132e-09
1.59041e-09
1.60003e-09
1.70964e-09
1.72457e-09
1.7361e-09
1.69432e-09
1.66274e-09
1.72295e-09
1.88013e-09
2.05543e-09
2.31903e-09
2.49511e-09
2.36339e-09
2.1891e-09
2.03298e-09
2.19433e-11
9.66019e-11
4.43074e-11
4.11344e-11
4.50042e-11
9.71558e-11
4.58231e-11
5.50556e-11
1.09523e-10
1.25712e-10
1.2633e-10
1.25635e-10
1.25108e-10
1.2441e-10
1.23615e-10
1.22539e-10
1.21646e-10
1.21194e-10
1.20517e-10
1.20431e-10
1.2051e-10
1.1993e-10
1.14288e-10
7.20377e-11
7.38646e-11
9.84401e-11
9.20493e-11
8.32237e-11
7.46614e-11
8.1512e-11
1.07657e-10
1.05049e-10
1.03954e-10
1.52315e-10
2.0821e-10
1.2506e-10
1.21358e-10
7.08344e-11
7.30736e-11
1.22219e-10
1.45017e-10
1.6837e-10
1.59402e-10
1.42359e-10
1.3915e-10
1.4294e-10
1.47613e-10
1.50812e-10
1.5126e-10
1.49684e-10
1.47989e-10
1.47608e-10
1.48443e-10
1.506e-10
1.53953e-10
1.58122e-10
1.62703e-10
1.67045e-10
1.69438e-10
1.67245e-10
1.58485e-10
1.44118e-10
1.27118e-10
1.11093e-10
9.82454e-11
8.90486e-11
8.35269e-11
8.15246e-11
8.31722e-11
8.82742e-11
9.66828e-11
1.08707e-10
1.2482e-10
1.45814e-10
1.71375e-10
1.99831e-10
2.30054e-10
2.61209e-10
2.94738e-10
3.32085e-10
3.75513e-10
4.24478e-10
4.76812e-10
5.31485e-10
5.89068e-10
6.36121e-10
6.64974e-10
6.99422e-10
7.55696e-10
8.43718e-10
9.5972e-10
1.09496e-09
1.23742e-09
1.35054e-09
1.42875e-09
1.49494e-09
1.56031e-09
1.57431e-09
1.5735e-09
1.59615e-09
1.6065e-09
1.61113e-09
1.61194e-09
1.61025e-09
1.60677e-09
1.60124e-09
1.59345e-09
1.58414e-09
1.57294e-09
1.5601e-09
1.54688e-09
1.53427e-09
1.52236e-09
1.51175e-09
1.50301e-09
1.49614e-09
1.49089e-09
1.48615e-09
1.48081e-09
1.47538e-09
1.47375e-09
1.47849e-09
1.48749e-09
1.49728e-09
1.51115e-09
1.52276e-09
1.53827e-09
1.55449e-09
1.57065e-09
1.59522e-09
1.63144e-09
1.66705e-09
1.71228e-09
1.74372e-09
1.75348e-09
1.78912e-09
1.84678e-09
1.97805e-09
2.09376e-09
2.12542e-09
2.08506e-09
2.07087e-09
2.16162e-09
2.33652e-09
2.64966e-09
3.26398e-09
3.69926e-09
3.49772e-09
3.2561e-09
2.81688e-09
2.8153e-11
6.46481e-11
8.71298e-11
7.00383e-11
3.94431e-11
5.00494e-11
8.62101e-11
5.56623e-11
1.28558e-10
1.46998e-10
1.45463e-10
1.42249e-10
1.39412e-10
1.36969e-10
1.34545e-10
1.33137e-10
1.32776e-10
1.30977e-10
1.28262e-10
1.27352e-10
1.2741e-10
1.27662e-10
1.27317e-10
1.22272e-10
9.04168e-11
8.51149e-11
1.12223e-10
1.14342e-10
1.2385e-10
1.29305e-10
9.83382e-11
1.11606e-10
2.50532e-10
9.41286e-11
8.0975e-11
9.43914e-11
9.64292e-11
8.14018e-11
7.84842e-11
1.0239e-10
2.1765e-10
2.23091e-10
1.1231e-10
9.50084e-11
1.29637e-10
1.42482e-10
1.51461e-10
1.57582e-10
1.57997e-10
1.54065e-10
1.49758e-10
1.48561e-10
1.48848e-10
1.50814e-10
1.54291e-10
1.5873e-10
1.63951e-10
1.70007e-10
1.7616e-10
1.79913e-10
1.78731e-10
1.72597e-10
1.61738e-10
1.4722e-10
1.31505e-10
1.17012e-10
1.04935e-10
9.56839e-11
8.9008e-11
8.48209e-11
8.27193e-11
8.2712e-11
8.52521e-11
9.09765e-11
1.00336e-10
1.14088e-10
1.32767e-10
1.56878e-10
1.87099e-10
2.24844e-10
2.72349e-10
3.30396e-10
3.96875e-10
4.69926e-10
5.57813e-10
6.38302e-10
6.62282e-10
6.82994e-10
7.41437e-10
8.41606e-10
9.80133e-10
1.14111e-09
1.30685e-09
1.46375e-09
1.58474e-09
1.69794e-09
1.82512e-09
1.87943e-09
1.90794e-09
1.97275e-09
2.01242e-09
2.03644e-09
2.0479e-09
2.04899e-09
2.04244e-09
2.03034e-09
2.01244e-09
1.98992e-09
1.96325e-09
1.93325e-09
1.90253e-09
1.87421e-09
1.84806e-09
1.82322e-09
1.80235e-09
1.78818e-09
1.77921e-09
1.77171e-09
1.76571e-09
1.73814e-09
1.72497e-09
1.73527e-09
1.76463e-09
1.7825e-09
1.80295e-09
1.8255e-09
1.8497e-09
1.87321e-09
1.90517e-09
1.94938e-09
2.03746e-09
2.11114e-09
2.16756e-09
2.2515e-09
2.30665e-09
2.3902e-09
2.53731e-09
2.70008e-09
2.98243e-09
3.09716e-09
3.23002e-09
3.21964e-09
3.13012e-09
3.39845e-09
4.12619e-09
5.31235e-09
5.20458e-09
4.01017e-09
3.50509e-09
3.11448e-09
2.95412e-11
2.6296e-10
1.10806e-10
7.59764e-11
9.30857e-11
3.4299e-11
8.7115e-11
5.99398e-11
8.42753e-11
1.60873e-10
1.68218e-10
1.64085e-10
1.58987e-10
1.54222e-10
1.50429e-10
1.48157e-10
1.46629e-10
1.43406e-10
1.37625e-10
1.34084e-10
1.35278e-10
1.35246e-10
1.34787e-10
1.33499e-10
1.31177e-10
1.28321e-10
1.25789e-10
1.54237e-10
1.64347e-10
9.87194e-11
9.41327e-11
9.84512e-11
9.12193e-11
8.45326e-11
8.83038e-11
7.66132e-11
6.94989e-11
9.42272e-11
1.14796e-10
9.58298e-11
1.28145e-10
3.25383e-10
1.38872e-10
8.02299e-11
7.29225e-11
1.2357e-10
1.58749e-10
1.98904e-10
1.85887e-10
1.75905e-10
1.58773e-10
1.51471e-10
1.49849e-10
1.51276e-10
1.54922e-10
1.59433e-10
1.64746e-10
1.71887e-10
1.81369e-10
1.89556e-10
1.90764e-10
1.88219e-10
1.82977e-10
1.74652e-10
1.6503e-10
1.55183e-10
1.44661e-10
1.33833e-10
1.23171e-10
1.13463e-10
1.03909e-10
9.40609e-11
8.67464e-11
8.29671e-11
8.17876e-11
8.30374e-11
8.66539e-11
9.25612e-11
1.00932e-10
1.12335e-10
1.27539e-10
1.47071e-10
1.7089e-10
1.98319e-10
2.28094e-10
3.00932e-10
6.36882e-10
5.56434e-10
4.00818e-10
4.13475e-10
4.74895e-10
5.6368e-10
6.72941e-10
8.07188e-10
9.69237e-10
1.15797e-09
1.38151e-09
1.57527e-09
1.76112e-09
1.9781e-09
2.17627e-09
2.35046e-09
2.4951e-09
2.60942e-09
2.69687e-09
2.76083e-09
2.80284e-09
2.8244e-09
2.8252e-09
2.80483e-09
2.77153e-09
2.73608e-09
2.70201e-09
2.63704e-09
2.59336e-09
2.56619e-09
2.55227e-09
2.56657e-09
2.55844e-09
2.52341e-09
2.46989e-09
2.46737e-09
2.52499e-09
2.56851e-09
2.64319e-09
2.7311e-09
2.79372e-09
2.86823e-09
2.96803e-09
3.09043e-09
3.24674e-09
3.40088e-09
3.54732e-09
3.68456e-09
3.78459e-09
3.82246e-09
3.81944e-09
3.77392e-09
3.65793e-09
3.3563e-09
2.9999e-09
2.71979e-09
2.61064e-09
2.3317e-09
2.01455e-09
1.74224e-09
1.52117e-09
1.38891e-09
1.32304e-09
1.25919e-09
2.95756e-11
3.93106e-10
5.09646e-10
1.03763e-10
8.07744e-11
5.78874e-11
3.61708e-11
1.08618e-10
5.76742e-11
6.54947e-11
1.71983e-10
1.89862e-10
1.84649e-10
1.75514e-10
1.68574e-10
1.65982e-10
1.60289e-10
1.55158e-10
1.48868e-10
1.43643e-10
1.43104e-10
1.43485e-10
1.42216e-10
1.40369e-10
1.38204e-10
1.36709e-10
1.42779e-10
1.43821e-10
1.36848e-10
1.23548e-10
7.13713e-11
7.65517e-11
8.7431e-11
8.83111e-11
7.98102e-11
8.28551e-11
1.04013e-10
8.5131e-11
8.89509e-11
1.65831e-10
1.26108e-10
8.54109e-11
9.08674e-11
8.20759e-11
7.69219e-11
9.59756e-11
1.9675e-10
1.88874e-10
1.93081e-10
9.75553e-11
9.24274e-11
1.46381e-10
1.61493e-10
1.53274e-10
1.56255e-10
1.604e-10
1.64834e-10
1.72974e-10
1.94303e-10
2.41223e-10
2.27571e-10
2.04547e-10
1.97421e-10
1.89129e-10
1.82477e-10
1.80869e-10
1.81464e-10
1.82833e-10
1.85169e-10
2.20499e-10
3.04544e-10
1.99847e-10
1.3243e-10
1.16625e-10
1.06911e-10
9.97674e-11
9.50818e-11
9.19848e-11
9.03398e-11
9.03581e-11
9.24357e-11
9.63515e-11
1.01751e-10
1.08638e-10
1.1675e-10
1.61343e-10
2.68015e-10
2.42001e-10
2.27773e-10
1.93462e-10
1.56444e-10
1.62302e-10
1.74492e-10
1.89354e-10
2.06934e-10
2.27259e-10
2.50542e-10
2.72638e-10
2.97203e-10
3.24982e-10
3.56334e-10
3.91516e-10
4.3072e-10
4.74082e-10
5.22258e-10
5.75515e-10
6.3409e-10
6.98233e-10
7.67889e-10
8.42659e-10
9.21212e-10
1.00179e-09
1.08874e-09
1.17869e-09
1.25425e-09
1.32365e-09
1.37617e-09
1.41856e-09
1.4668e-09
1.48791e-09
1.51492e-09
1.53198e-09
1.54279e-09
1.50693e-09
1.44555e-09
1.39746e-09
1.35429e-09
1.30592e-09
1.25293e-09
1.19709e-09
1.14946e-09
1.09957e-09
1.04845e-09
1.00216e-09
9.60569e-10
9.2051e-10
8.81296e-10
8.36809e-10
7.96317e-10
7.60543e-10
7.36779e-10
7.18065e-10
7.1268e-10
6.86619e-10
6.61175e-10
6.52835e-10
6.14663e-10
6.07568e-10
5.84038e-10
5.45936e-10
2.94848e-11
2.95636e-10
8.24539e-10
2.29897e-10
7.06981e-11
1.07902e-10
4.75863e-11
4.28257e-11
2.166e-10
5.65188e-11
7.49072e-11
2.02781e-10
2.16102e-10
2.0219e-10
1.9211e-10
1.85629e-10
1.76722e-10
1.68756e-10
1.62284e-10
1.58197e-10
1.55225e-10
1.53694e-10
1.51217e-10
1.48482e-10
1.45734e-10
1.43487e-10
1.41945e-10
1.40833e-10
1.39951e-10
1.38273e-10
1.26454e-10
8.86387e-11
9.26137e-11
1.26829e-10
1.34854e-10
1.1338e-10
7.97093e-11
1.14222e-10
1.53888e-10
8.10067e-11
6.49678e-11
6.80879e-11
6.89987e-11
7.88908e-11
9.42574e-11
7.96133e-11
1.03728e-10
4.7793e-10
1.43293e-10
1.52151e-10
1.18672e-10
8.33089e-11
8.79799e-11
1.29507e-10
1.55065e-10
1.61996e-10
1.64446e-10
1.78304e-10
2.65801e-10
2.70602e-10
1.61348e-10
1.80435e-10
2.19671e-10
2.27659e-10
1.96249e-10
1.92674e-10
1.99882e-10
2.18401e-10
3.17318e-10
2.91329e-10
3.34604e-10
1.59674e-10
1.9508e-10
3.25613e-10
2.54915e-10
1.76074e-10
1.59706e-10
1.47153e-10
1.35417e-10
1.26215e-10
1.2138e-10
1.19314e-10
1.20312e-10
1.48129e-10
1.53614e-10
1.5315e-10
1.27536e-10
1.44695e-10
1.44812e-10
1.19096e-10
1.06865e-10
1.06817e-10
1.07431e-10
1.08931e-10
1.11158e-10
1.14039e-10
1.17505e-10
1.20786e-10
1.24384e-10
1.28422e-10
1.32893e-10
1.37782e-10
1.43031e-10
1.48587e-10
1.54469e-10
1.60667e-10
1.67145e-10
1.73942e-10
1.81041e-10
1.88442e-10
1.96291e-10
2.04121e-10
2.12084e-10
2.19216e-10
2.2651e-10
2.33896e-10
2.41046e-10
2.48651e-10
2.56081e-10
2.63109e-10
2.68404e-10
2.72849e-10
2.7661e-10
2.79549e-10
2.82898e-10
2.86214e-10
2.88055e-10
2.89306e-10
2.90211e-10
2.90854e-10
2.91389e-10
2.9144e-10
2.91244e-10
2.9118e-10
2.9158e-10
2.92391e-10
2.94185e-10
2.94534e-10
2.94455e-10
2.94349e-10
2.95918e-10
2.99861e-10
3.56675e-10
4.62957e-10
4.78891e-10
4.41126e-10
3.21984e-10
3.19593e-10
3.24737e-10
3.33502e-10
2.95832e-11
2.2695e-10
7.79449e-10
5.28493e-10
9.83393e-11
7.70094e-11
1.00309e-10
4.48214e-11
5.26922e-11
5.7028e-10
5.57601e-11
8.7672e-11
2.31543e-10
2.45814e-10
2.28437e-10
2.11504e-10
2.01173e-10
1.88961e-10
1.80613e-10
1.74564e-10
1.69903e-10
1.65724e-10
1.61937e-10
1.58528e-10
1.55261e-10
1.52361e-10
1.50054e-10
1.48246e-10
1.46812e-10
1.45457e-10
1.433e-10
1.37298e-10
1.43242e-10
1.55027e-10
1.72755e-10
9.57514e-11
9.14969e-11
9.07911e-11
7.24687e-11
7.23559e-11
7.49969e-11
8.49118e-11
9.52348e-11
1.0781e-10
8.90828e-11
9.74003e-11
1.15928e-10
9.52481e-11
1.07029e-10
1.21455e-10
1.65755e-10
1.4078e-10
8.78337e-11
7.52392e-11
1.26672e-10
1.61771e-10
1.57067e-10
1.33939e-10
1.55893e-10
4.00777e-10
3.94808e-10
1.66095e-10
1.46545e-10
1.13302e-10
1.30249e-10
2.11012e-10
2.30041e-10
2.00616e-10
1.5687e-10
3.0443e-10
2.1677e-10
2.82997e-10
1.82346e-10
1.71343e-10
1.70125e-10
2.27453e-10
2.9345e-10
2.82368e-10
2.56353e-10
2.38988e-10
2.96268e-10
4.34681e-10
3.56155e-10
3.36066e-10
4.57864e-10
1.63317e-10
1.09235e-10
1.07352e-10
9.66713e-11
1.08784e-10
1.48312e-10
1.53834e-10
1.51094e-10
1.46299e-10
1.41943e-10
1.38087e-10
1.34698e-10
1.32199e-10
1.2995e-10
1.28058e-10
1.26501e-10
1.25274e-10
1.24364e-10
1.23732e-10
1.23336e-10
1.23212e-10
1.23348e-10
1.23757e-10
1.24432e-10
1.25421e-10
1.26748e-10
1.28138e-10
1.29535e-10
1.30824e-10
1.32542e-10
1.34542e-10
1.36822e-10
1.39284e-10
1.41775e-10
1.44071e-10
1.46173e-10
1.48489e-10
1.50681e-10
1.53548e-10
1.56847e-10
1.59781e-10
1.62585e-10
1.65375e-10
1.68188e-10
1.71272e-10
1.74595e-10
1.77969e-10
1.81389e-10
1.84977e-10
1.89074e-10
1.94028e-10
2.07796e-10
2.15889e-10
2.21482e-10
2.22818e-10
2.23525e-10
2.30268e-10
3.05593e-10
4.34903e-10
4.53922e-10
3.70577e-10
2.51008e-10
2.53051e-10
2.74225e-10
3.50758e-10
2.97841e-11
2.39546e-10
6.12436e-10
1.26682e-09
4.88859e-10
7.06506e-11
8.40956e-11
6.11763e-11
4.50893e-11
6.03968e-11
6.10112e-10
5.71166e-11
6.76966e-11
2.35991e-10
3.29866e-10
2.81575e-10
2.26423e-10
2.1171e-10
2.00172e-10
1.90662e-10
1.84377e-10
1.79062e-10
1.74237e-10
1.69823e-10
1.6588e-10
1.62401e-10
1.59277e-10
1.56521e-10
1.54068e-10
1.51718e-10
1.49249e-10
1.46629e-10
1.47914e-10
1.52751e-10
1.46612e-10
1.27048e-10
8.54147e-11
8.55817e-11
1.13153e-10
1.16773e-10
1.21728e-10
1.28901e-10
1.73153e-10
1.75471e-10
1.03174e-10
8.29716e-11
8.59281e-11
8.87734e-11
1.30068e-10
1.16894e-10
8.74631e-11
8.06229e-11
8.05406e-11
1.10176e-10
1.08601e-10
1.58547e-10
1.27014e-10
1.112e-10
1.12277e-10
1.02884e-10
1.20112e-10
2.17301e-10
2.22463e-10
2.01546e-10
1.31949e-10
1.17189e-10
1.22196e-10
1.47167e-10
1.90724e-10
1.27431e-10
1.28475e-10
1.35435e-10
1.63815e-10
1.68787e-10
1.64372e-10
1.52999e-10
2.90549e-10
4.20841e-10
3.82337e-10
3.88859e-10
3.69052e-10
3.58801e-10
4.55044e-10
3.63762e-10
1.61564e-10
1.12129e-10
1.28541e-10
1.26947e-10
1.72868e-10
2.41311e-10
3.81862e-10
4.73868e-10
4.5472e-10
4.29343e-10
4.03104e-10
3.76968e-10
3.52136e-10
3.3312e-10
3.1538e-10
2.99106e-10
2.84476e-10
2.7119e-10
2.59431e-10
2.49046e-10
2.39735e-10
2.31493e-10
2.24366e-10
2.18004e-10
2.12473e-10
2.08082e-10
2.03935e-10
2.00449e-10
1.97548e-10
1.95319e-10
1.93655e-10
1.92477e-10
1.91878e-10
1.91664e-10
1.9139e-10
1.91295e-10
1.92236e-10
1.93913e-10
1.96446e-10
1.99603e-10
2.03239e-10
2.06606e-10
2.10374e-10
2.14326e-10
2.18807e-10
2.24041e-10
2.29553e-10
2.35637e-10
2.42153e-10
2.4912e-10
2.59037e-10
2.76796e-10
3.0438e-10
3.10916e-10
3.15664e-10
3.20582e-10
3.81097e-10
4.19004e-10
3.90279e-10
2.9688e-10
2.73599e-10
2.82003e-10
3.64515e-10
4.02979e-10
4.83183e-10
6.40972e-10
3.01542e-11
3.59666e-10
8.34029e-10
3.07629e-09
1.64986e-09
4.36622e-10
6.17512e-11
8.98566e-11
5.64449e-11
5.51321e-11
6.01957e-11
9.13475e-11
8.17719e-11
6.58372e-11
1.17091e-10
1.15839e-10
1.99109e-10
2.42819e-10
2.26184e-10
2.1029e-10
2.02372e-10
1.95672e-10
1.89439e-10
1.83785e-10
1.78586e-10
1.7386e-10
1.69629e-10
1.65796e-10
1.62287e-10
1.59052e-10
1.5605e-10
1.53199e-10
1.50513e-10
1.48038e-10
1.46002e-10
1.44481e-10
1.38341e-10
1.34475e-10
1.4511e-10
1.82803e-10
1.94694e-10
1.7229e-10
1.49503e-10
1.4652e-10
1.46742e-10
1.0296e-10
8.27761e-11
1.17471e-10
1.02762e-10
9.95092e-11
8.60301e-11
8.49042e-11
9.01124e-11
1.01516e-10
2.01764e-10
2.1667e-10
1.6353e-10
9.38257e-11
8.8206e-11
9.35562e-11
8.50713e-11
1.05923e-10
1.2439e-10
1.2052e-10
1.25849e-10
9.40762e-11
1.08565e-10
1.26185e-10
1.35008e-10
1.64969e-10
1.31898e-10
1.13038e-10
9.08694e-11
9.19642e-11
1.118e-10
2.58203e-10
2.95341e-10
4.59511e-10
3.30603e-10
2.68781e-10
2.49284e-10
2.12092e-10
1.81177e-10
1.38852e-10
1.42283e-10
2.57667e-10
3.56218e-10
5.14806e-10
4.70642e-10
1.07409e-09
2.03074e-09
1.85978e-09
2.12954e-09
2.20618e-09
1.98823e-09
1.76416e-09
1.69801e-09
1.72743e-09
1.75782e-09
1.70009e-09
1.57336e-09
1.42975e-09
1.33355e-09
1.2805e-09
1.24923e-09
1.19398e-09
1.11614e-09
1.02178e-09
9.4169e-10
8.88952e-10
8.47364e-10
8.20046e-10
7.93291e-10
7.69987e-10
7.35833e-10
6.98459e-10
6.72379e-10
6.56939e-10
6.44718e-10
6.38973e-10
6.35881e-10
6.30088e-10
6.24671e-10
6.23292e-10
6.25514e-10
6.33169e-10
6.42039e-10
6.53659e-10
6.7218e-10
6.88939e-10
7.04057e-10
7.21096e-10
7.40513e-10
7.63768e-10
8.11046e-10
9.16211e-10
7.04912e-10
6.13063e-10
6.01286e-10
6.85043e-10
1.28652e-09
2.55639e-09
5.41296e-10
3.11488e-10
2.88744e-10
3.41324e-10
1.09051e-09
1.44047e-09
1.29111e-09
1.02668e-09
3.08399e-11
1.59282e-10
2.03372e-10
2.91768e-10
4.82597e-10
1.25414e-09
2.4009e-10
6.82386e-11
1.11569e-10
7.85669e-11
7.55664e-11
7.19269e-11
7.11676e-11
1.3025e-10
1.65103e-10
9.27133e-11
7.35028e-11
1.4423e-10
2.19495e-10
2.29608e-10
2.28773e-10
2.20867e-10
2.12021e-10
2.03678e-10
1.96193e-10
1.89515e-10
1.83533e-10
1.78119e-10
1.73124e-10
1.68615e-10
1.64938e-10
1.62048e-10
1.59001e-10
1.54992e-10
1.50829e-10
1.48553e-10
1.49224e-10
1.56978e-10
1.73402e-10
1.67697e-10
1.49748e-10
1.39923e-10
1.40591e-10
1.44761e-10
1.48488e-10
1.50669e-10
1.48936e-10
1.13389e-10
1.32387e-10
1.48794e-10
1.2808e-10
1.09506e-10
1.20167e-10
1.6425e-10
2.62469e-10
2.27349e-10
1.73401e-10
1.21009e-10
9.63044e-11
8.94297e-11
1.21938e-10
1.08598e-10
9.48369e-11
9.60122e-11
6.98979e-11
7.05188e-11
8.96463e-11
1.3957e-10
3.4776e-10
1.17696e-10
7.68866e-11
1.40762e-10
1.28507e-10
1.39761e-10
1.47572e-10
1.87103e-10
2.02286e-10
1.19574e-10
1.51257e-10
2.24647e-10
2.09226e-10
2.07123e-10
1.80105e-10
2.01152e-10
2.68972e-10
6.94029e-10
4.07309e-10
3.87185e-10
1.15754e-09
3.07914e-10
3.03657e-10
6.08833e-10
1.51555e-09
1.27948e-09
1.08706e-09
5.5611e-10
5.61688e-10
8.32679e-10
1.53828e-09
1.54804e-09
1.44203e-09
1.04594e-09
9.16738e-10
1.10858e-09
1.69747e-09
1.54632e-09
1.55565e-09
1.42713e-09
9.56576e-10
9.002e-10
1.10327e-09
1.61808e-09
1.81068e-09
1.73438e-09
1.37343e-09
1.00721e-09
8.57215e-10
8.54149e-10
9.24202e-10
1.00531e-09
1.00282e-09
8.96521e-10
7.15021e-10
7.02162e-10
7.22372e-10
7.60047e-10
8.0697e-10
8.63833e-10
9.16874e-10
9.61468e-10
1.00953e-09
1.06205e-09
1.1282e-09
1.22419e-09
1.25384e-09
9.60883e-10
7.95813e-10
9.66074e-10
1.26006e-09
1.69841e-09
7.98438e-10
5.978e-10
4.99675e-10
8.03394e-10
2.0098e-09
2.52756e-09
3.1134e-09
5.75882e-09
1.55367e-09
5.20177e-10
2.30068e-11
3.15956e-11
1.1833e-10
1.63632e-10
1.12375e-10
9.16033e-11
8.62765e-11
1.04948e-10
1.0421e-10
1.33076e-10
5.05849e-10
6.48751e-10
2.13177e-10
1.82305e-10
9.82872e-11
1.52532e-10
8.68244e-11
7.05861e-11
7.29695e-11
6.80396e-11
6.7041e-11
6.60483e-11
6.49909e-11
6.44648e-11
6.44732e-11
6.49836e-11
6.59463e-11
6.73298e-11
6.92784e-11
7.2068e-11
7.5197e-11
7.69781e-11
7.82096e-11
8.27548e-11
9.62737e-11
1.13003e-10
1.14918e-10
1.0549e-10
9.28387e-11
9.21272e-11
1.12175e-10
1.56036e-10
1.68631e-10
1.69088e-10
1.7447e-10
1.87587e-10
1.99968e-10
1.05249e-10
5.67581e-11
5.55674e-11
9.0411e-11
6.76341e-11
4.52783e-11
8.4491e-11
5.69937e-10
4.14692e-11
1.05118e-10
8.16847e-11
3.65917e-11
4.32063e-11
2.52204e-10
3.3802e-11
2.02882e-11
9.1933e-11
7.4533e-11
4.21772e-11
5.23452e-11
2.38514e-10
5.49364e-11
1.78672e-11
1.19339e-11
6.76967e-11
1.03403e-10
1.14373e-10
1.69418e-10
7.30914e-11
2.54015e-11
1.61077e-11
1.90371e-11
2.04708e-10
8.86753e-11
1.11757e-10
6.94112e-11
3.2801e-11
3.47167e-11
8.09948e-11
2.70471e-10
1.90086e-10
7.29379e-11
3.21329e-11
3.16002e-11
4.49133e-11
7.5763e-11
7.47263e-11
5.27478e-11
3.99422e-11
4.02898e-11
4.66283e-11
5.87887e-11
6.27573e-11
5.85725e-11
5.08243e-11
4.86232e-11
5.16204e-11
6.20915e-11
7.12763e-11
6.97507e-11
6.13938e-11
5.47894e-11
5.49478e-11
5.99695e-11
7.0646e-11
7.6344e-11
7.54447e-11
7.08592e-11
6.68392e-11
6.60588e-11
6.77653e-11
7.22583e-11
7.80341e-11
8.03695e-11
7.90277e-11
7.59771e-11
7.80983e-11
8.22314e-11
8.7875e-11
9.46571e-11
1.01832e-10
1.09017e-10
1.16768e-10
1.25604e-10
1.3557e-10
1.46552e-10
1.59142e-10
1.73908e-10
1.92738e-10
2.20619e-10
2.38475e-10
2.42411e-10
2.23519e-10
2.15452e-10
2.07377e-10
1.79696e-10
1.661e-10
1.58399e-10
1.63214e-10
1.74445e-10
1.61327e-10
1.37994e-10
1.14007e-10
1.43839e-11
6.54067e-12
4.51211e-12
4.18924e-12
4.10037e-12
4.08556e-12
4.11161e-12
4.2579e-12
4.49103e-12
4.78097e-12
4.98071e-12
5.13376e-12
5.27919e-12
5.29982e-12
5.36489e-12
5.4184e-12
5.53821e-12
5.63571e-12
5.73443e-12
5.84617e-12
5.96007e-12
6.07931e-12
6.20153e-12
6.32384e-12
6.44372e-12
6.55897e-12
6.66681e-12
6.7667e-12
6.86533e-12
6.96886e-12
7.05836e-12
7.09882e-12
7.11786e-12
7.17968e-12
7.31884e-12
7.43085e-12
7.44237e-12
7.4038e-12
7.30816e-12
7.28516e-12
7.37864e-12
7.56336e-12
7.59469e-12
7.57635e-12
7.58246e-12
7.643e-12
7.65205e-12
7.44648e-12
6.6471e-12
6.40184e-12
6.97114e-12
7.31568e-12
7.16092e-12
7.45834e-12
5.85649e-12
3.41963e-12
4.36531e-12
7.19201e-12
6.74526e-12
6.86507e-12
7.43799e-12
3.70929e-12
2.83989e-12
4.23573e-12
7.46216e-12
7.18468e-12
7.33342e-12
7.24926e-12
4.10229e-12
2.82521e-12
2.24364e-12
3.69451e-12
7.52546e-12
7.75279e-12
7.15539e-12
4.27319e-12
3.2066e-12
2.69676e-12
2.74215e-12
4.73884e-12
6.63736e-12
6.10961e-12
4.20277e-12
3.35985e-12
3.41438e-12
3.94242e-12
4.86245e-12
4.84444e-12
4.1827e-12
3.40223e-12
3.36867e-12
3.59594e-12
3.94794e-12
3.95698e-12
3.76646e-12
3.53382e-12
3.53397e-12
3.62263e-12
3.78394e-12
3.83787e-12
3.80572e-12
3.71286e-12
3.67274e-12
3.7023e-12
3.81221e-12
3.91345e-12
3.91093e-12
3.85517e-12
3.78593e-12
3.7879e-12
3.83282e-12
3.93169e-12
3.98689e-12
3.98536e-12
3.9649e-12
3.9445e-12
3.94942e-12
3.96426e-12
4.00137e-12
4.05133e-12
4.07591e-12
4.07774e-12
4.075e-12
4.09185e-12
4.12084e-12
4.15633e-12
4.19439e-12
4.2302e-12
4.26234e-12
4.29305e-12
4.32436e-12
4.35601e-12
4.38704e-12
4.42007e-12
4.46183e-12
4.51306e-12
4.55689e-12
4.58426e-12
4.61025e-12
4.65067e-12
4.72687e-12
4.82671e-12
4.90509e-12
4.90613e-12
4.8911e-12
4.86392e-12
4.86016e-12
4.88423e-12
4.9668e-12
5.10148e-12
2.83932e-12
1.57672e-12
1.49645e-12
1.46537e-12
1.45597e-12
1.45569e-12
1.45635e-12
1.45154e-12
1.44369e-12
1.43723e-12
1.43405e-12
1.43125e-12
1.4283e-12
1.42929e-12
1.42751e-12
1.42433e-12
1.41735e-12
1.41467e-12
1.41258e-12
1.41106e-12
1.41024e-12
1.40976e-12
1.40959e-12
1.40974e-12
1.41017e-12
1.41086e-12
1.41173e-12
1.41276e-12
1.4141e-12
1.41588e-12
1.41751e-12
1.41789e-12
1.41796e-12
1.42016e-12
1.42611e-12
1.43113e-12
1.43054e-12
1.42665e-12
1.4213e-12
1.42116e-12
1.42903e-12
1.4415e-12
1.44277e-12
1.44094e-12
1.44208e-12
1.44717e-12
1.44474e-12
1.42234e-12
1.39562e-12
1.39725e-12
1.43083e-12
1.49348e-12
1.5137e-12
1.47325e-12
1.37331e-12
1.4235e-12
1.38742e-12
1.46192e-12
1.52898e-12
1.52263e-12
1.417e-12
1.37445e-12
1.47532e-12
1.38546e-12
1.47358e-12
1.52438e-12
1.50786e-12
1.41714e-12
1.37342e-12
1.42442e-12
1.5508e-12
1.37658e-12
1.46746e-12
1.48319e-12
1.41876e-12
1.39561e-12
1.43869e-12
1.50209e-12
1.49023e-12
1.40802e-12
1.4274e-12
1.40804e-12
1.41542e-12
1.45657e-12
1.46717e-12
1.4411e-12
1.42537e-12
1.42001e-12
1.42754e-12
1.46023e-12
1.47287e-12
1.46016e-12
1.44607e-12
1.44269e-12
1.44924e-12
1.46101e-12
1.46431e-12
1.46068e-12
1.4541e-12
1.45133e-12
1.45214e-12
1.45657e-12
1.45966e-12
1.45949e-12
1.45531e-12
1.45191e-12
1.45154e-12
1.45453e-12
1.45872e-12
1.46021e-12
1.45892e-12
1.45552e-12
1.45373e-12
1.45385e-12
1.4555e-12
1.4576e-12
1.45882e-12
1.45896e-12
1.45815e-12
1.45693e-12
1.45652e-12
1.45707e-12
1.4586e-12
1.45881e-12
1.45831e-12
1.4575e-12
1.45658e-12
1.45573e-12
1.455e-12
1.45433e-12
1.45365e-12
1.45297e-12
1.45231e-12
1.4516e-12
1.45065e-12
1.44952e-12
1.44855e-12
1.44796e-12
1.44741e-12
1.4465e-12
1.44489e-12
1.44271e-12
1.44107e-12
1.44085e-12
1.44127e-12
1.44209e-12
1.44243e-12
1.44187e-12
1.43994e-12
1.43704e-12
8.28982e-13
1.23262e-12
1.90942e-12
2.13184e-12
2.15208e-12
2.15483e-12
2.14964e-12
2.11198e-12
2.06009e-12
2.01119e-12
1.97415e-12
1.94794e-12
1.9265e-12
1.91687e-12
1.90524e-12
1.89321e-12
1.88117e-12
1.87142e-12
1.86098e-12
1.84925e-12
1.83711e-12
1.82495e-12
1.8131e-12
1.80178e-12
1.79115e-12
1.78131e-12
1.7724e-12
1.76436e-12
1.7567e-12
1.74903e-12
1.74246e-12
1.73888e-12
1.73659e-12
1.73188e-12
1.7232e-12
1.71669e-12
1.71519e-12
1.716e-12
1.72004e-12
1.72034e-12
1.71426e-12
1.70549e-12
1.70445e-12
1.70483e-12
1.70358e-12
1.69981e-12
1.69777e-12
1.70397e-12
1.75179e-12
1.7704e-12
1.72272e-12
1.70829e-12
1.72969e-12
1.69967e-12
1.80308e-12
2.29129e-12
2.02107e-12
1.71036e-12
1.75192e-12
1.74234e-12
1.69997e-12
2.17025e-12
2.66433e-12
2.06306e-12
1.71493e-12
1.74095e-12
1.72287e-12
1.71739e-12
2.05476e-12
2.63767e-12
3.56879e-12
2.22011e-12
1.72656e-12
1.71408e-12
1.73364e-12
2.03789e-12
2.40847e-12
2.83392e-12
2.79877e-12
1.97729e-12
1.77778e-12
1.80797e-12
2.06818e-12
2.36013e-12
2.34563e-12
2.15446e-12
1.95767e-12
1.95539e-12
2.08089e-12
2.35156e-12
2.37872e-12
2.27927e-12
2.15701e-12
2.15173e-12
2.21224e-12
2.30427e-12
2.30854e-12
2.27418e-12
2.21561e-12
2.19721e-12
2.20807e-12
2.24206e-12
2.25939e-12
2.2505e-12
2.21307e-12
2.1811e-12
2.18222e-12
2.20152e-12
2.22739e-12
2.2292e-12
2.21563e-12
2.18508e-12
2.16916e-12
2.17039e-12
2.1781e-12
2.18659e-12
2.18735e-12
2.18441e-12
2.17474e-12
2.1616e-12
2.15577e-12
2.15656e-12
2.15955e-12
2.15639e-12
2.14967e-12
2.14132e-12
2.13249e-12
2.1244e-12
2.11738e-12
2.11086e-12
2.10435e-12
2.09789e-12
2.09168e-12
2.08518e-12
2.07707e-12
2.06751e-12
2.05934e-12
2.05424e-12
2.0496e-12
2.04254e-12
2.03062e-12
2.01437e-12
2.00168e-12
2.00092e-12
2.00285e-12
2.00775e-12
2.00903e-12
2.0055e-12
1.99346e-12
1.97468e-12
7.9523e-13
1.42094e-12
4.00915e-12
1.48976e-11
5.17254e-11
7.76887e-11
8.02469e-11
7.75801e-11
7.32681e-11
6.89535e-11
6.55348e-11
6.30262e-11
6.0939e-11
5.99754e-11
5.88078e-11
5.75579e-11
5.6294e-11
5.52645e-11
5.41571e-11
5.28909e-11
5.15506e-11
5.01783e-11
4.88061e-11
4.7461e-11
4.61633e-11
4.49317e-11
4.37875e-11
4.27256e-11
4.16723e-11
4.05769e-11
3.96481e-11
3.92108e-11
3.89389e-11
3.81256e-11
3.64904e-11
3.52712e-11
3.52066e-11
3.57474e-11
3.67946e-11
3.68146e-11
3.52895e-11
3.30236e-11
3.28697e-11
3.31561e-11
3.28486e-11
3.17659e-11
3.17964e-11
3.52197e-11
4.37385e-11
4.46743e-11
3.55707e-11
2.61378e-11
2.43085e-11
2.82178e-11
5.41997e-11
9.05227e-11
6.3753e-11
3.04827e-11
2.31485e-11
2.39572e-11
3.59762e-11
8.89126e-11
1.11645e-10
6.40227e-11
2.96743e-11
2.40724e-11
2.58143e-11
3.95329e-11
7.92337e-11
1.19761e-10
1.54092e-10
7.16632e-11
3.1171e-11
2.90814e-11
4.09206e-11
7.6559e-11
1.03349e-10
1.28253e-10
1.16317e-10
6.00323e-11
4.34247e-11
5.05775e-11
7.86217e-11
9.77515e-11
9.51905e-11
7.89787e-11
6.37567e-11
6.50055e-11
7.80563e-11
9.74695e-11
9.79823e-11
8.9919e-11
8.14091e-11
8.16571e-11
8.70559e-11
9.34071e-11
9.32671e-11
9.03251e-11
8.60926e-11
8.50422e-11
8.61134e-11
8.87412e-11
8.97721e-11
8.88456e-11
8.58085e-11
8.35977e-11
8.38578e-11
8.55531e-11
8.74152e-11
8.74167e-11
8.61643e-11
8.3746e-11
8.2653e-11
8.2811e-11
8.34807e-11
8.4112e-11
8.41443e-11
8.3855e-11
8.30169e-11
8.19667e-11
8.15505e-11
8.16289e-11
8.18757e-11
8.15884e-11
8.10117e-11
8.0291e-11
7.95289e-11
7.88322e-11
7.82223e-11
7.76465e-11
7.70646e-11
7.64846e-11
7.5923e-11
7.53255e-11
7.45774e-11
7.3707e-11
7.29736e-11
7.25012e-11
7.20528e-11
7.13651e-11
7.02228e-11
6.86716e-11
6.7533e-11
6.74729e-11
6.76483e-11
6.80837e-11
6.81509e-11
6.77604e-11
6.6548e-11
6.46896e-11
7.73886e-13
1.42554e-12
4.29117e-12
1.73034e-11
8.25178e-11
3.31904e-10
6.30402e-10
7.12154e-10
7.24002e-10
7.28062e-10
7.32402e-10
7.37576e-10
7.42786e-10
7.48601e-10
7.52505e-10
7.53533e-10
7.52358e-10
7.50606e-10
7.48738e-10
7.46797e-10
7.44986e-10
7.43394e-10
7.41978e-10
7.40625e-10
7.39231e-10
7.37754e-10
7.36255e-10
7.34672e-10
7.32542e-10
7.2958e-10
7.26955e-10
7.26547e-10
7.27015e-10
7.24418e-10
7.17307e-10
7.10915e-10
7.09657e-10
7.13311e-10
7.18701e-10
7.18034e-10
7.08805e-10
6.98099e-10
6.96647e-10
6.98429e-10
6.96378e-10
6.90069e-10
6.91363e-10
7.13956e-10
7.43953e-10
7.37407e-10
6.93993e-10
6.51426e-10
6.49828e-10
6.997e-10
7.89859e-10
8.07301e-10
7.33779e-10
6.55925e-10
6.39939e-10
6.71629e-10
7.74413e-10
8.67082e-10
8.27604e-10
7.30871e-10
6.67224e-10
6.72463e-10
7.18707e-10
8.18365e-10
8.68132e-10
8.44671e-10
8.16523e-10
7.30349e-10
6.94738e-10
7.36021e-10
8.27977e-10
8.81748e-10
8.52488e-10
8.28691e-10
7.95017e-10
7.51695e-10
7.66842e-10
8.21882e-10
8.65818e-10
8.51978e-10
8.30595e-10
8.11349e-10
8.09049e-10
8.25162e-10
8.44708e-10
8.52173e-10
8.42763e-10
8.37028e-10
8.39181e-10
8.47082e-10
8.53933e-10
8.5627e-10
8.54156e-10
8.54536e-10
8.55429e-10
8.57723e-10
8.59748e-10
8.60733e-10
8.5962e-10
8.58656e-10
8.58242e-10
8.59924e-10
8.6217e-10
8.63277e-10
8.62813e-10
8.61671e-10
8.61308e-10
8.61603e-10
8.63328e-10
8.64591e-10
8.64865e-10
8.64449e-10
8.64079e-10
8.64185e-10
8.64412e-10
8.64966e-10
8.65987e-10
8.66401e-10
8.66038e-10
8.65137e-10
8.64552e-10
8.64247e-10
8.63939e-10
8.63535e-10
8.63019e-10
8.62442e-10
8.61841e-10
8.61184e-10
8.60389e-10
8.59614e-10
8.59117e-10
8.58893e-10
8.58367e-10
8.56874e-10
8.5465e-10
8.52679e-10
8.51389e-10
8.51815e-10
8.52147e-10
8.51476e-10
8.48568e-10
8.44354e-10
8.39909e-10
8.3653e-10
8.34579e-10
8.33743e-10
7.54927e-13
1.43587e-12
4.61634e-12
1.97715e-11
9.88523e-11
3.95443e-10
7.31452e-10
8.22166e-10
8.36937e-10
8.44439e-10
8.53653e-10
8.6504e-10
8.78148e-10
8.91947e-10
9.05158e-10
9.16687e-10
9.26217e-10
9.34097e-10
9.40897e-10
9.47151e-10
9.53351e-10
9.59867e-10
9.6692e-10
9.74571e-10
9.82758e-10
9.9138e-10
1.00035e-09
1.00953e-09
1.01864e-09
1.0274e-09
1.03604e-09
1.04528e-09
1.05508e-09
1.06433e-09
1.07193e-09
1.07818e-09
1.08481e-09
1.09376e-09
1.10433e-09
1.11297e-09
1.11788e-09
1.12144e-09
1.12691e-09
1.13414e-09
1.14088e-09
1.14609e-09
1.1547e-09
1.17355e-09
1.19039e-09
1.19021e-09
1.17761e-09
1.16743e-09
1.17725e-09
1.21637e-09
1.2369e-09
1.20398e-09
1.16888e-09
1.15813e-09
1.17786e-09
1.23237e-09
1.29911e-09
1.28814e-09
1.22634e-09
1.19706e-09
1.21319e-09
1.2698e-09
1.35374e-09
1.41252e-09
1.35682e-09
1.2432e-09
1.16898e-09
1.17455e-09
1.24742e-09
1.3578e-09
1.43824e-09
1.39843e-09
1.28997e-09
1.20327e-09
1.17421e-09
1.21502e-09
1.29779e-09
1.36032e-09
1.34727e-09
1.29113e-09
1.25577e-09
1.25867e-09
1.28681e-09
1.30622e-09
1.29321e-09
1.25775e-09
1.23319e-09
1.23157e-09
1.24451e-09
1.25218e-09
1.24568e-09
1.23134e-09
1.22047e-09
1.22111e-09
1.22595e-09
1.22624e-09
1.22297e-09
1.21503e-09
1.20641e-09
1.201e-09
1.20041e-09
1.20175e-09
1.20047e-09
1.19457e-09
1.1856e-09
1.1778e-09
1.17352e-09
1.17276e-09
1.17246e-09
1.17009e-09
1.16498e-09
1.15839e-09
1.15223e-09
1.14733e-09
1.14392e-09
1.14169e-09
1.1395e-09
1.13608e-09
1.13093e-09
1.12526e-09
1.12042e-09
1.11664e-09
1.11326e-09
1.10978e-09
1.10608e-09
1.10232e-09
1.0986e-09
1.09487e-09
1.09099e-09
1.08718e-09
1.08405e-09
1.08175e-09
1.07931e-09
1.07543e-09
1.07013e-09
1.06494e-09
1.06137e-09
1.06105e-09
1.06186e-09
1.06047e-09
1.05557e-09
1.04733e-09
1.03771e-09
1.02941e-09
1.02373e-09
1.02171e-09
7.35542e-13
1.45273e-12
5.0079e-12
2.28172e-11
1.18939e-10
4.53263e-10
7.60775e-10
8.3178e-10
8.4439e-10
8.51527e-10
8.59642e-10
8.69218e-10
8.80062e-10
8.91702e-10
9.0345e-10
9.1466e-10
9.25043e-10
9.34608e-10
9.43557e-10
9.52143e-10
9.60654e-10
9.69354e-10
9.78443e-10
9.88051e-10
9.98222e-10
1.00896e-09
1.02023e-09
1.03197e-09
1.04408e-09
1.05635e-09
1.06882e-09
1.0817e-09
1.09504e-09
1.10848e-09
1.12141e-09
1.13378e-09
1.1462e-09
1.15956e-09
1.17379e-09
1.18741e-09
1.19944e-09
1.21059e-09
1.22223e-09
1.23499e-09
1.24835e-09
1.26184e-09
1.2769e-09
1.29531e-09
1.31186e-09
1.3199e-09
1.32199e-09
1.32576e-09
1.33805e-09
1.36132e-09
1.37139e-09
1.35694e-09
1.34295e-09
1.34666e-09
1.37069e-09
1.4139e-09
1.45365e-09
1.44827e-09
1.4169e-09
1.40743e-09
1.43211e-09
1.48279e-09
1.54246e-09
1.56656e-09
1.51714e-09
1.43407e-09
1.3814e-09
1.39427e-09
1.46008e-09
1.54178e-09
1.58269e-09
1.54046e-09
1.45499e-09
1.38603e-09
1.36641e-09
1.40371e-09
1.46625e-09
1.50508e-09
1.48989e-09
1.44783e-09
1.4202e-09
1.42001e-09
1.43537e-09
1.44086e-09
1.42164e-09
1.38961e-09
1.36726e-09
1.36246e-09
1.36732e-09
1.368e-09
1.35838e-09
1.34416e-09
1.33245e-09
1.33096e-09
1.3317e-09
1.32771e-09
1.3215e-09
1.31246e-09
1.30335e-09
1.29677e-09
1.29347e-09
1.29105e-09
1.28652e-09
1.27877e-09
1.26913e-09
1.26052e-09
1.25466e-09
1.25129e-09
1.24811e-09
1.2434e-09
1.23665e-09
1.22884e-09
1.22139e-09
1.21503e-09
1.20989e-09
1.20568e-09
1.20146e-09
1.19632e-09
1.18988e-09
1.18296e-09
1.17675e-09
1.17146e-09
1.16656e-09
1.16165e-09
1.15659e-09
1.15154e-09
1.14659e-09
1.14166e-09
1.13668e-09
1.13187e-09
1.12772e-09
1.12424e-09
1.12054e-09
1.11572e-09
1.10983e-09
1.10426e-09
1.10029e-09
1.09898e-09
1.0985e-09
1.09602e-09
1.09033e-09
1.08161e-09
1.07166e-09
1.06307e-09
1.05713e-09
1.05454e-09
7.15518e-13
1.47788e-12
5.4823e-12
2.66277e-11
1.44081e-10
5.13235e-10
7.83867e-10
8.37963e-10
8.48826e-10
8.5587e-10
8.63574e-10
8.72309e-10
8.81956e-10
8.92225e-10
9.02765e-10
9.13256e-10
9.23525e-10
9.3353e-10
9.43326e-10
9.53027e-10
9.62787e-10
9.72769e-10
9.83124e-10
9.93969e-10
1.00538e-09
1.01741e-09
1.03007e-09
1.04334e-09
1.05718e-09
1.07152e-09
1.08637e-09
1.10172e-09
1.11759e-09
1.13379e-09
1.15016e-09
1.16665e-09
1.18343e-09
1.20081e-09
1.2187e-09
1.23656e-09
1.25395e-09
1.2711e-09
1.28862e-09
1.30691e-09
1.32594e-09
1.34561e-09
1.36626e-09
1.38794e-09
1.40798e-09
1.42341e-09
1.4354e-09
1.44791e-09
1.46431e-09
1.48437e-09
1.49736e-09
1.4987e-09
1.49996e-09
1.51145e-09
1.53625e-09
1.57198e-09
1.60266e-09
1.60785e-09
1.59948e-09
1.60357e-09
1.62809e-09
1.66742e-09
1.70633e-09
1.71639e-09
1.68151e-09
1.62798e-09
1.59547e-09
1.60774e-09
1.65482e-09
1.70611e-09
1.72295e-09
1.68649e-09
1.62408e-09
1.57427e-09
1.56082e-09
1.58675e-09
1.62696e-09
1.64815e-09
1.63403e-09
1.60318e-09
1.58068e-09
1.57504e-09
1.57765e-09
1.57219e-09
1.55096e-09
1.52289e-09
1.50185e-09
1.49281e-09
1.49001e-09
1.4845e-09
1.47262e-09
1.45828e-09
1.44536e-09
1.44108e-09
1.43777e-09
1.42988e-09
1.42108e-09
1.41079e-09
1.40073e-09
1.39246e-09
1.38624e-09
1.38032e-09
1.37292e-09
1.36348e-09
1.35296e-09
1.34331e-09
1.33566e-09
1.32959e-09
1.32366e-09
1.31664e-09
1.30825e-09
1.29916e-09
1.29042e-09
1.28259e-09
1.27567e-09
1.26944e-09
1.26322e-09
1.25634e-09
1.24858e-09
1.24046e-09
1.23292e-09
1.22613e-09
1.21971e-09
1.21333e-09
1.20692e-09
1.20061e-09
1.19444e-09
1.18835e-09
1.18233e-09
1.17653e-09
1.17135e-09
1.16667e-09
1.16181e-09
1.15611e-09
1.14974e-09
1.14385e-09
1.1394e-09
1.137e-09
1.13508e-09
1.13134e-09
1.12482e-09
1.11571e-09
1.10577e-09
1.09724e-09
1.09115e-09
1.08788e-09
6.94853e-13
1.5135e-12
6.06098e-12
3.14507e-11
1.75518e-10
5.73232e-10
8.02764e-10
8.4378e-10
8.53704e-10
8.60975e-10
8.6862e-10
8.76939e-10
8.85898e-10
8.95342e-10
9.05095e-10
9.15018e-10
9.25028e-10
9.35094e-10
9.45239e-10
9.55522e-10
9.66032e-10
9.76873e-10
9.88151e-10
9.99963e-10
1.01239e-09
1.02549e-09
1.0393e-09
1.05385e-09
1.06914e-09
1.08514e-09
1.10186e-09
1.11932e-09
1.13739e-09
1.15607e-09
1.17536e-09
1.19522e-09
1.21566e-09
1.23678e-09
1.25853e-09
1.28069e-09
1.30305e-09
1.32571e-09
1.34894e-09
1.37298e-09
1.39787e-09
1.42353e-09
1.44991e-09
1.47666e-09
1.50238e-09
1.52563e-09
1.54685e-09
1.56791e-09
1.59041e-09
1.61386e-09
1.63344e-09
1.64736e-09
1.66128e-09
1.68124e-09
1.70969e-09
1.74416e-09
1.7736e-09
1.78751e-09
1.79449e-09
1.80903e-09
1.83452e-09
1.86643e-09
1.89324e-09
1.89793e-09
1.87459e-09
1.84051e-09
1.82104e-09
1.83097e-09
1.86192e-09
1.89087e-09
1.89303e-09
1.86097e-09
1.81348e-09
1.77614e-09
1.76521e-09
1.78054e-09
1.80334e-09
1.81163e-09
1.79688e-09
1.77112e-09
1.74991e-09
1.73854e-09
1.73104e-09
1.7174e-09
1.69398e-09
1.66723e-09
1.64573e-09
1.6324e-09
1.62318e-09
1.61242e-09
1.59792e-09
1.58228e-09
1.56728e-09
1.55994e-09
1.55288e-09
1.54137e-09
1.52984e-09
1.51766e-09
1.50585e-09
1.49534e-09
1.48611e-09
1.47691e-09
1.46671e-09
1.45528e-09
1.4433e-09
1.43206e-09
1.42224e-09
1.41345e-09
1.40473e-09
1.39534e-09
1.38506e-09
1.37435e-09
1.36401e-09
1.35442e-09
1.34553e-09
1.33716e-09
1.32885e-09
1.32012e-09
1.31082e-09
1.30131e-09
1.29227e-09
1.28387e-09
1.27583e-09
1.26787e-09
1.25998e-09
1.25228e-09
1.24478e-09
1.23744e-09
1.23027e-09
1.22338e-09
1.21703e-09
1.21112e-09
1.20508e-09
1.19849e-09
1.19155e-09
1.18516e-09
1.18001e-09
1.17642e-09
1.17301e-09
1.168e-09
1.16063e-09
1.15114e-09
1.14121e-09
1.13268e-09
1.12631e-09
1.12223e-09
6.73612e-13
1.56226e-12
6.77319e-12
3.76346e-11
2.14607e-10
6.30507e-10
8.17787e-10
8.48955e-10
8.58394e-10
8.65993e-10
8.73755e-10
8.81926e-10
8.9053e-10
8.99495e-10
9.08742e-10
9.18239e-10
9.27973e-10
9.3795e-10
9.48195e-10
9.5875e-10
9.69678e-10
9.81053e-10
9.92957e-10
1.00547e-09
1.01867e-09
1.03261e-09
1.04735e-09
1.06294e-09
1.07939e-09
1.09673e-09
1.11496e-09
1.13413e-09
1.15418e-09
1.17504e-09
1.19676e-09
1.21943e-09
1.24302e-09
1.26753e-09
1.29293e-09
1.31914e-09
1.34609e-09
1.37382e-09
1.40246e-09
1.43213e-09
1.46286e-09
1.49457e-09
1.52709e-09
1.56006e-09
1.59266e-09
1.62413e-09
1.65455e-09
1.68474e-09
1.71538e-09
1.74608e-09
1.77466e-09
1.80047e-09
1.82642e-09
1.85608e-09
1.89109e-09
1.92926e-09
1.96243e-09
1.98462e-09
2.0033e-09
2.02688e-09
2.05495e-09
2.08357e-09
2.10483e-09
2.10891e-09
2.09429e-09
2.07292e-09
2.06118e-09
2.06778e-09
2.08577e-09
2.09879e-09
2.09153e-09
2.06195e-09
2.02333e-09
1.993e-09
1.9816e-09
1.9873e-09
1.99638e-09
1.99453e-09
1.97722e-09
1.95239e-09
1.92981e-09
1.91266e-09
1.89699e-09
1.87685e-09
1.8508e-09
1.82343e-09
1.80013e-09
1.78252e-09
1.76778e-09
1.75233e-09
1.73485e-09
1.71698e-09
1.69923e-09
1.68864e-09
1.67795e-09
1.6629e-09
1.6484e-09
1.63376e-09
1.61957e-09
1.60636e-09
1.594e-09
1.58156e-09
1.56849e-09
1.55474e-09
1.54074e-09
1.52738e-09
1.51507e-09
1.50343e-09
1.49187e-09
1.47995e-09
1.46748e-09
1.45481e-09
1.44252e-09
1.4309e-09
1.41982e-09
1.40917e-09
1.39865e-09
1.38792e-09
1.37685e-09
1.3657e-09
1.35498e-09
1.34485e-09
1.33505e-09
1.32539e-09
1.31588e-09
1.30667e-09
1.29774e-09
1.28905e-09
1.2806e-09
1.27246e-09
1.26485e-09
1.25765e-09
1.25041e-09
1.24285e-09
1.2352e-09
1.22812e-09
1.22209e-09
1.21722e-09
1.21235e-09
1.20607e-09
1.19786e-09
1.18797e-09
1.17792e-09
1.16927e-09
1.16244e-09
1.15743e-09
6.51927e-13
1.62755e-12
7.65954e-12
4.56776e-11
2.62683e-10
6.82717e-10
8.29796e-10
8.53809e-10
8.63027e-10
8.70939e-10
8.78854e-10
8.86981e-10
8.95384e-10
9.04041e-10
9.12937e-10
9.22104e-10
9.31581e-10
9.4141e-10
9.5163e-10
9.62287e-10
9.73435e-10
9.85136e-10
9.97459e-10
1.01048e-09
1.02425e-09
1.03886e-09
1.05436e-09
1.0708e-09
1.08822e-09
1.10667e-09
1.12617e-09
1.14676e-09
1.16846e-09
1.19122e-09
1.21511e-09
1.24011e-09
1.26641e-09
1.29394e-09
1.32268e-09
1.35262e-09
1.38376e-09
1.41613e-09
1.44981e-09
1.48488e-09
1.52135e-09
1.55914e-09
1.59811e-09
1.63793e-09
1.67813e-09
1.71822e-09
1.75814e-09
1.79817e-09
1.83855e-09
1.87897e-09
1.91841e-09
1.95663e-09
1.99518e-09
2.03613e-09
2.08057e-09
2.12651e-09
2.16707e-09
2.19823e-09
2.22756e-09
2.26026e-09
2.29289e-09
2.32187e-09
2.34213e-09
2.34813e-09
2.3403e-09
2.32715e-09
2.31943e-09
2.32207e-09
2.3296e-09
2.3308e-09
2.31664e-09
2.2876e-09
2.2533e-09
2.22564e-09
2.21136e-09
2.20793e-09
2.20551e-09
2.19483e-09
2.1735e-09
2.14684e-09
2.12108e-09
2.09813e-09
2.07552e-09
2.04982e-09
2.0207e-09
1.99148e-09
1.96551e-09
1.94366e-09
1.92398e-09
1.90419e-09
1.88342e-09
1.8627e-09
1.84172e-09
1.82771e-09
1.81341e-09
1.79478e-09
1.77704e-09
1.75947e-09
1.7424e-09
1.72613e-09
1.71048e-09
1.69472e-09
1.67859e-09
1.66216e-09
1.64565e-09
1.62971e-09
1.6146e-09
1.59993e-09
1.58537e-09
1.5707e-09
1.55576e-09
1.54077e-09
1.5262e-09
1.51224e-09
1.49874e-09
1.48564e-09
1.47276e-09
1.45983e-09
1.44676e-09
1.43373e-09
1.42114e-09
1.4091e-09
1.39742e-09
1.38593e-09
1.37468e-09
1.36382e-09
1.35333e-09
1.34315e-09
1.33329e-09
1.32378e-09
1.31479e-09
1.30625e-09
1.29775e-09
1.28915e-09
1.28062e-09
1.27266e-09
1.2656e-09
1.25941e-09
1.2531e-09
1.24558e-09
1.2365e-09
1.22616e-09
1.21582e-09
1.2069e-09
1.19946e-09
1.19343e-09
6.30001e-13
1.71369e-12
8.77859e-12
5.63041e-11
3.2073e-10
7.2817e-10
8.39541e-10
8.58493e-10
8.67601e-10
8.75734e-10
8.83748e-10
8.91833e-10
9.00079e-10
9.085e-10
9.17117e-10
9.26007e-10
9.35249e-10
9.4491e-10
9.55047e-10
9.65715e-10
9.76968e-10
9.88866e-10
1.00147e-09
1.01485e-09
1.02908e-09
1.04421e-09
1.06031e-09
1.07745e-09
1.09569e-09
1.11506e-09
1.13563e-09
1.15744e-09
1.18055e-09
1.20498e-09
1.23065e-09
1.25776e-09
1.28637e-09
1.31657e-09
1.34831e-09
1.38161e-09
1.41653e-09
1.45313e-09
1.49148e-09
1.53164e-09
1.57364e-09
1.61744e-09
1.66294e-09
1.70992e-09
1.75807e-09
1.80709e-09
1.85685e-09
1.90739e-09
1.95872e-09
2.0106e-09
2.06248e-09
2.11423e-09
2.16662e-09
2.22085e-09
2.27762e-09
2.33495e-09
2.38615e-09
2.42785e-09
2.46848e-09
2.5116e-09
2.55113e-09
2.58368e-09
2.60613e-09
2.61554e-09
2.61311e-09
2.60511e-09
2.59878e-09
2.59692e-09
2.59542e-09
2.587e-09
2.56665e-09
2.53605e-09
2.50237e-09
2.47383e-09
2.4546e-09
2.44208e-09
2.42927e-09
2.41021e-09
2.38373e-09
2.35338e-09
2.32326e-09
2.29455e-09
2.26579e-09
2.23509e-09
2.20263e-09
2.17083e-09
2.14173e-09
2.11578e-09
2.09159e-09
2.0677e-09
2.04349e-09
2.01954e-09
1.99505e-09
1.97751e-09
1.95956e-09
1.93728e-09
1.91606e-09
1.89519e-09
1.87484e-09
1.85519e-09
1.83604e-09
1.8168e-09
1.79737e-09
1.77789e-09
1.75843e-09
1.7395e-09
1.72124e-09
1.70331e-09
1.68555e-09
1.66788e-09
1.65013e-09
1.63246e-09
1.61527e-09
1.59868e-09
1.58251e-09
1.56675e-09
1.55132e-09
1.53599e-09
1.52067e-09
1.50551e-09
1.49083e-09
1.47672e-09
1.46298e-09
1.44951e-09
1.43637e-09
1.42374e-09
1.41155e-09
1.39975e-09
1.38834e-09
1.37732e-09
1.36686e-09
1.35689e-09
1.34707e-09
1.33731e-09
1.32774e-09
1.31873e-09
1.31052e-09
1.30297e-09
1.29523e-09
1.28649e-09
1.2765e-09
1.26561e-09
1.25485e-09
1.24547e-09
1.23728e-09
1.23017e-09
6.08086e-13
1.82644e-12
1.0217e-11
7.0583e-11
3.88864e-10
7.66093e-10
8.4769e-10
8.63125e-10
8.72119e-10
8.80334e-10
8.88341e-10
8.96322e-10
9.04391e-10
9.12582e-10
9.20943e-10
9.29581e-10
9.38599e-10
9.48088e-10
9.58119e-10
9.68752e-10
9.80049e-10
9.92068e-10
1.00487e-09
1.01853e-09
1.0331e-09
1.04865e-09
1.06526e-09
1.08299e-09
1.1019e-09
1.12207e-09
1.14354e-09
1.1664e-09
1.19069e-09
1.2165e-09
1.24384e-09
1.27275e-09
1.30338e-09
1.33589e-09
1.3703e-09
1.40662e-09
1.44495e-09
1.48538e-09
1.528e-09
1.57291e-09
1.62016e-09
1.66978e-09
1.72173e-09
1.77589e-09
1.83211e-09
1.8902e-09
1.95004e-09
2.0116e-09
2.0748e-09
2.13942e-09
2.20511e-09
2.27173e-09
2.33959e-09
2.40934e-09
2.4814e-09
2.55365e-09
2.6188e-09
2.67332e-09
2.72709e-09
2.7829e-09
2.83205e-09
2.87105e-09
2.89815e-09
2.91188e-09
2.91375e-09
2.90857e-09
2.90147e-09
2.89422e-09
2.88402e-09
2.8665e-09
2.83935e-09
2.80483e-09
2.76843e-09
2.73589e-09
2.7098e-09
2.6878e-09
2.66496e-09
2.63752e-09
2.60498e-09
2.56973e-09
2.53455e-09
2.50024e-09
2.46593e-09
2.43071e-09
2.39487e-09
2.3602e-09
2.32789e-09
2.29813e-09
2.26991e-09
2.24223e-09
2.2146e-09
2.1873e-09
2.15924e-09
2.13815e-09
2.11653e-09
2.09056e-09
2.06566e-09
2.04121e-09
2.01728e-09
1.99399e-09
1.97115e-09
1.9482e-09
1.9252e-09
1.9023e-09
1.87949e-09
1.85716e-09
1.83544e-09
1.81397e-09
1.79274e-09
1.77176e-09
1.75087e-09
1.73015e-09
1.70999e-09
1.69047e-09
1.67135e-09
1.65268e-09
1.63448e-09
1.61651e-09
1.5987e-09
1.58114e-09
1.56415e-09
1.54776e-09
1.53181e-09
1.51619e-09
1.501e-09
1.48643e-09
1.4724e-09
1.45884e-09
1.44574e-09
1.43308e-09
1.42103e-09
1.40955e-09
1.39832e-09
1.38727e-09
1.37653e-09
1.36631e-09
1.35682e-09
1.34788e-09
1.33872e-09
1.32875e-09
1.31782e-09
1.30624e-09
1.29494e-09
1.28492e-09
1.27589e-09
1.26764e-09
5.86458e-13
1.9739e-12
1.21076e-11
9.0109e-11
4.65666e-10
7.96591e-10
8.54751e-10
8.67736e-10
8.76535e-10
8.84666e-10
8.92532e-10
9.00317e-10
9.08155e-10
9.16094e-10
9.24197e-10
9.3259e-10
9.41396e-10
9.50718e-10
9.60638e-10
9.71222e-10
9.82535e-10
9.94637e-10
1.00759e-09
1.02146e-09
1.03632e-09
1.05222e-09
1.06926e-09
1.08749e-09
1.10699e-09
1.12783e-09
1.15009e-09
1.17385e-09
1.19919e-09
1.22619e-09
1.25493e-09
1.28543e-09
1.31791e-09
1.3524e-09
1.38915e-09
1.42815e-09
1.46952e-09
1.5134e-09
1.55992e-09
1.6092e-09
1.66138e-09
1.71653e-09
1.7747e-09
1.83591e-09
1.9001e-09
1.96723e-09
2.03725e-09
2.11013e-09
2.1858e-09
2.26411e-09
2.34479e-09
2.42768e-09
2.51278e-09
2.60043e-09
2.69085e-09
2.78163e-09
2.86429e-09
2.93457e-09
3.00427e-09
3.07587e-09
3.13772e-09
3.18596e-09
3.21968e-09
3.23825e-09
3.2433e-09
3.23876e-09
3.22864e-09
3.21442e-09
3.19458e-09
3.16703e-09
3.13134e-09
3.09011e-09
3.04772e-09
3.00828e-09
2.97341e-09
2.94123e-09
2.90827e-09
2.8722e-09
2.83297e-09
2.79213e-09
2.75164e-09
2.71206e-09
2.67286e-09
2.63369e-09
2.59477e-09
2.5574e-09
2.5222e-09
2.48917e-09
2.45754e-09
2.42657e-09
2.39582e-09
2.36534e-09
2.33389e-09
2.30939e-09
2.28419e-09
2.25458e-09
2.22595e-09
2.19775e-09
2.17004e-09
2.1429e-09
2.11617e-09
2.08931e-09
2.06246e-09
2.0358e-09
2.00924e-09
1.98315e-09
1.95762e-09
1.93229e-09
1.90728e-09
1.88266e-09
1.85826e-09
1.83414e-09
1.81065e-09
1.78785e-09
1.76549e-09
1.74365e-09
1.7224e-09
1.70153e-09
1.68095e-09
1.66074e-09
1.64119e-09
1.62232e-09
1.60395e-09
1.586e-09
1.5686e-09
1.55192e-09
1.53589e-09
1.52041e-09
1.50549e-09
1.49105e-09
1.47729e-09
1.46419e-09
1.45145e-09
1.439e-09
1.42693e-09
1.41537e-09
1.40449e-09
1.39412e-09
1.38354e-09
1.37231e-09
1.36037e-09
1.348e-09
1.33601e-09
1.32521e-09
1.31523e-09
1.3058e-09
5.6538e-13
2.16793e-12
1.46617e-11
1.17274e-10
5.47653e-10
8.20428e-10
8.61073e-10
8.72287e-10
8.80754e-10
8.88626e-10
8.96211e-10
9.03703e-10
9.11249e-10
9.18906e-10
9.26743e-10
9.34899e-10
9.43508e-10
9.52678e-10
9.62496e-10
9.73035e-10
9.84358e-10
9.96528e-10
1.00961e-09
1.02366e-09
1.03876e-09
1.05497e-09
1.07238e-09
1.09104e-09
1.11105e-09
1.13248e-09
1.15543e-09
1.17998e-09
1.20623e-09
1.23427e-09
1.26421e-09
1.29617e-09
1.33016e-09
1.36647e-09
1.40526e-09
1.44664e-09
1.49073e-09
1.5377e-09
1.58774e-09
1.64104e-09
1.69777e-09
1.7581e-09
1.82219e-09
1.89016e-09
1.9621e-09
2.03809e-09
2.1182e-09
2.2025e-09
2.291e-09
2.38364e-09
2.48027e-09
2.58072e-09
2.68485e-09
2.79281e-09
2.90475e-09
3.01785e-09
3.12195e-09
3.21154e-09
3.30076e-09
3.39202e-09
3.4701e-09
3.53035e-09
3.57233e-09
3.59582e-09
3.60253e-09
3.59604e-09
3.57996e-09
3.55611e-09
3.52428e-09
3.48436e-09
3.43734e-09
3.38607e-09
3.33435e-09
3.28517e-09
3.23961e-09
3.19637e-09
3.15299e-09
3.10805e-09
3.06182e-09
3.01518e-09
2.96955e-09
2.92532e-09
2.88207e-09
2.8398e-09
2.79848e-09
2.75906e-09
2.72173e-09
2.68632e-09
2.65221e-09
2.61876e-09
2.58554e-09
2.55241e-09
2.51809e-09
2.49055e-09
2.46202e-09
2.42903e-09
2.39674e-09
2.36479e-09
2.33323e-09
2.30215e-09
2.27139e-09
2.24043e-09
2.20948e-09
2.17876e-09
2.1481e-09
2.11788e-09
2.08819e-09
2.05868e-09
2.02954e-09
2.00093e-09
1.97264e-09
1.94471e-09
1.91752e-09
1.8911e-09
1.86516e-09
1.83984e-09
1.81526e-09
1.79121e-09
1.76757e-09
1.74443e-09
1.72206e-09
1.70047e-09
1.67947e-09
1.659e-09
1.63918e-09
1.62023e-09
1.60203e-09
1.58448e-09
1.56756e-09
1.55121e-09
1.53562e-09
1.52078e-09
1.50641e-09
1.49243e-09
1.4789e-09
1.46587e-09
1.45352e-09
1.44166e-09
1.42962e-09
1.4171e-09
1.40408e-09
1.3908e-09
1.37799e-09
1.36628e-09
1.35527e-09
1.34461e-09
5.45083e-13
2.42701e-12
1.82313e-11
1.5563e-10
6.29328e-10
8.38712e-10
8.66837e-10
8.76655e-10
8.8463e-10
8.92076e-10
8.99256e-10
9.0637e-10
9.13579e-10
9.20936e-10
9.2851e-10
9.36445e-10
9.44879e-10
9.53921e-10
9.63661e-10
9.74169e-10
9.85512e-10
9.97751e-10
1.01095e-09
1.02517e-09
1.04049e-09
1.05698e-09
1.0747e-09
1.09376e-09
1.11422e-09
1.13617e-09
1.15972e-09
1.18496e-09
1.212e-09
1.24096e-09
1.27195e-09
1.30512e-09
1.34053e-09
1.37847e-09
1.41903e-09
1.46251e-09
1.509e-09
1.55874e-09
1.61196e-09
1.6689e-09
1.72981e-09
1.79496e-09
1.86459e-09
1.93895e-09
2.01828e-09
2.10283e-09
2.1928e-09
2.28842e-09
2.38987e-09
2.49723e-09
2.61052e-09
2.72965e-09
2.85449e-09
2.98513e-09
3.12177e-09
3.26116e-09
3.39103e-09
3.50409e-09
3.61721e-09
3.73278e-09
3.83107e-09
3.90616e-09
3.95763e-09
3.98544e-09
3.99145e-09
3.97936e-09
3.95312e-09
3.9155e-09
3.8678e-09
3.8118e-09
3.74967e-09
3.68457e-09
3.62008e-09
3.5584e-09
3.50033e-09
3.44518e-09
3.39113e-09
3.33725e-09
3.28412e-09
3.23194e-09
3.18179e-09
3.13389e-09
3.08773e-09
3.04354e-09
3.00094e-09
2.96061e-09
2.92237e-09
2.8859e-09
2.85063e-09
2.81589e-09
2.78128e-09
2.74647e-09
2.71023e-09
2.68032e-09
2.649e-09
2.61314e-09
2.57755e-09
2.54205e-09
2.50675e-09
2.47174e-09
2.43693e-09
2.40176e-09
2.36653e-09
2.33148e-09
2.29642e-09
2.26174e-09
2.22756e-09
2.19351e-09
2.15988e-09
2.1269e-09
2.09432e-09
2.06219e-09
2.03091e-09
2.00049e-09
1.97062e-09
1.94148e-09
1.91325e-09
1.8857e-09
1.8587e-09
1.83232e-09
1.80686e-09
1.7823e-09
1.75845e-09
1.73522e-09
1.71279e-09
1.69136e-09
1.67082e-09
1.65102e-09
1.63196e-09
1.61354e-09
1.59598e-09
1.57929e-09
1.56316e-09
1.54752e-09
1.5324e-09
1.51779e-09
1.50387e-09
1.49045e-09
1.47693e-09
1.46306e-09
1.44888e-09
1.43458e-09
1.42082e-09
1.40809e-09
1.39596e-09
1.38405e-09
5.25749e-13
2.78162e-12
2.34365e-11
2.10256e-10
7.04234e-10
8.52595e-10
8.72062e-10
8.80649e-10
8.8797e-10
8.94854e-10
9.0154e-10
9.0823e-10
9.15082e-10
9.22145e-10
9.29477e-10
9.37221e-10
9.45514e-10
9.54462e-10
9.64152e-10
9.74655e-10
9.86035e-10
9.98354e-10
1.01167e-09
1.02606e-09
1.04158e-09
1.05832e-09
1.07634e-09
1.09574e-09
1.11661e-09
1.13903e-09
1.16311e-09
1.18896e-09
1.21671e-09
1.24647e-09
1.27838e-09
1.31261e-09
1.3493e-09
1.38859e-09
1.43078e-09
1.4761e-09
1.52474e-09
1.57696e-09
1.63303e-09
1.69326e-09
1.75799e-09
1.82755e-09
1.90231e-09
1.98265e-09
2.06897e-09
2.16166e-09
2.26114e-09
2.36783e-09
2.48212e-09
2.60435e-09
2.73475e-09
2.87345e-09
3.02048e-09
3.17604e-09
3.34052e-09
3.51034e-09
3.67071e-09
3.81201e-09
3.95419e-09
4.09955e-09
4.22254e-09
4.31526e-09
4.37688e-09
4.40727e-09
4.40871e-09
4.38568e-09
4.34326e-09
4.28595e-09
4.21689e-09
4.13988e-09
4.05811e-09
3.9751e-09
3.8945e-09
3.81787e-09
3.74578e-09
3.67816e-09
3.61347e-09
3.55095e-09
3.49142e-09
3.43445e-09
3.3808e-09
3.33054e-09
3.28292e-09
3.23834e-09
3.19601e-09
3.15633e-09
3.11886e-09
3.08307e-09
3.04841e-09
3.01405e-09
2.97963e-09
2.94461e-09
2.90785e-09
2.87668e-09
2.84346e-09
2.80561e-09
2.76737e-09
2.72882e-09
2.69014e-09
2.65144e-09
2.61269e-09
2.57334e-09
2.53374e-09
2.4942e-09
2.45451e-09
2.41508e-09
2.37609e-09
2.33717e-09
2.29868e-09
2.26093e-09
2.22365e-09
2.18689e-09
2.15111e-09
2.11629e-09
2.08211e-09
2.04879e-09
2.01655e-09
1.98517e-09
1.95447e-09
1.92454e-09
1.89569e-09
1.8679e-09
1.84093e-09
1.81473e-09
1.78946e-09
1.76535e-09
1.74227e-09
1.72005e-09
1.69867e-09
1.67802e-09
1.65835e-09
1.63967e-09
1.62166e-09
1.60423e-09
1.58738e-09
1.57108e-09
1.55549e-09
1.54046e-09
1.5254e-09
1.51012e-09
1.49469e-09
1.47927e-09
1.46444e-09
1.45059e-09
1.43725e-09
1.42406e-09
5.07505e-13
3.28605e-12
3.14494e-11
2.87693e-10
7.66791e-10
8.63043e-10
8.76612e-10
8.84012e-10
8.90557e-10
8.96802e-10
9.0296e-10
9.09222e-10
9.15739e-10
9.22541e-10
9.29672e-10
9.3727e-10
9.45464e-10
9.54358e-10
9.64034e-10
9.7456e-10
9.85998e-10
9.9841e-10
1.01186e-09
1.02641e-09
1.04213e-09
1.05909e-09
1.07739e-09
1.09711e-09
1.11834e-09
1.14118e-09
1.16573e-09
1.19213e-09
1.2205e-09
1.25097e-09
1.2837e-09
1.31886e-09
1.35664e-09
1.39718e-09
1.44082e-09
1.48776e-09
1.5383e-09
1.59272e-09
1.65135e-09
1.71455e-09
1.78273e-09
1.85632e-09
1.9358e-09
2.02169e-09
2.11452e-09
2.2149e-09
2.32344e-09
2.44081e-09
2.56768e-09
2.70468e-09
2.8524e-09
3.01132e-09
3.18175e-09
3.36425e-09
3.55962e-09
3.7641e-09
3.96009e-09
4.13499e-09
4.31219e-09
4.49372e-09
4.64644e-09
4.75941e-09
4.8308e-09
4.86025e-09
4.85104e-09
4.80933e-09
4.74246e-09
4.65766e-09
4.56039e-09
4.45662e-09
4.35045e-09
4.24567e-09
4.14614e-09
4.05273e-09
3.96574e-09
3.88561e-09
3.81076e-09
3.74033e-09
3.67534e-09
3.61471e-09
3.55891e-09
3.50785e-09
3.46041e-09
3.41721e-09
3.37694e-09
3.33981e-09
3.3051e-09
3.2721e-09
3.24019e-09
3.20833e-09
3.17615e-09
3.1429e-09
3.1076e-09
3.07672e-09
3.04293e-09
3.00442e-09
2.96462e-09
2.92388e-09
2.8825e-09
2.84063e-09
2.79829e-09
2.75498e-09
2.71109e-09
2.66702e-09
2.62255e-09
2.57816e-09
2.5341e-09
2.48998e-09
2.44627e-09
2.40336e-09
2.36097e-09
2.31914e-09
2.27842e-09
2.23879e-09
2.19988e-09
2.16198e-09
2.12537e-09
2.08978e-09
2.05503e-09
2.02121e-09
1.98867e-09
1.95734e-09
1.927e-09
1.89755e-09
1.86921e-09
1.84221e-09
1.81638e-09
1.79154e-09
1.76766e-09
1.74463e-09
1.72269e-09
1.70189e-09
1.68186e-09
1.66251e-09
1.64381e-09
1.62569e-09
1.60835e-09
1.59163e-09
1.57496e-09
1.55821e-09
1.54144e-09
1.52479e-09
1.50878e-09
1.49371e-09
1.4791e-09
1.46459e-09
4.90429e-13
4.04696e-12
4.46898e-11
3.94158e-10
8.13951e-10
8.707e-10
8.80227e-10
8.8646e-10
8.92188e-10
8.97794e-10
9.03456e-10
9.0934e-10
9.15578e-10
9.22179e-10
9.29167e-10
9.36672e-10
9.44817e-10
9.53698e-10
9.63395e-10
9.73972e-10
9.8549e-10
9.98008e-10
1.01159e-09
1.0263e-09
1.04221e-09
1.0594e-09
1.07796e-09
1.09796e-09
1.11952e-09
1.14274e-09
1.16772e-09
1.19461e-09
1.22353e-09
1.25464e-09
1.28809e-09
1.32409e-09
1.36282e-09
1.4045e-09
1.44938e-09
1.49778e-09
1.55e-09
1.60638e-09
1.66728e-09
1.73315e-09
1.80445e-09
1.8817e-09
1.9655e-09
2.05648e-09
2.15536e-09
2.26292e-09
2.38001e-09
2.50758e-09
2.64661e-09
2.79813e-09
2.96314e-09
3.14262e-09
3.33739e-09
3.54857e-09
3.77771e-09
4.0211e-09
4.25815e-09
4.4726e-09
4.69168e-09
4.91673e-09
5.10466e-09
5.24002e-09
5.31914e-09
5.34152e-09
5.31248e-09
5.24145e-09
5.1395e-09
5.01789e-09
4.88488e-09
4.74864e-09
4.61387e-09
4.48432e-09
4.36407e-09
4.2531e-09
4.15119e-09
4.05919e-09
3.9752e-09
3.898e-09
3.82882e-09
3.7659e-09
3.70942e-09
3.65916e-09
3.61358e-09
3.57352e-09
3.53716e-09
3.50454e-09
3.47473e-09
3.44677e-09
3.41999e-09
3.39303e-09
3.36554e-09
3.33652e-09
3.30514e-09
3.27661e-09
3.24407e-09
3.20675e-09
3.16695e-09
3.12535e-09
3.08236e-09
3.03818e-09
2.99294e-09
2.94614e-09
2.89827e-09
2.84982e-09
2.80058e-09
2.75114e-09
2.70181e-09
2.65222e-09
2.60296e-09
2.55452e-09
2.50659e-09
2.45925e-09
2.41316e-09
2.36827e-09
2.32419e-09
2.2813e-09
2.2399e-09
2.19971e-09
2.16053e-09
2.12246e-09
2.08589e-09
2.05072e-09
2.0167e-09
1.98374e-09
1.95207e-09
1.92194e-09
1.89315e-09
1.86549e-09
1.83893e-09
1.81334e-09
1.78898e-09
1.7659e-09
1.74371e-09
1.7223e-09
1.70162e-09
1.68158e-09
1.66239e-09
1.64391e-09
1.62556e-09
1.60725e-09
1.58906e-09
1.57107e-09
1.55378e-09
1.53741e-09
1.52145e-09
1.50557e-09
4.74553e-13
5.3055e-12
6.87646e-11
5.29567e-10
8.45666e-10
8.75863e-10
8.82581e-10
8.87739e-10
8.9272e-10
8.9778e-10
9.03043e-10
9.08643e-10
9.14687e-10
9.21162e-10
9.28073e-10
9.35541e-10
9.43683e-10
9.52591e-10
9.6234e-10
9.72992e-10
9.84607e-10
9.97243e-10
1.01096e-09
1.02584e-09
1.04193e-09
1.05933e-09
1.07812e-09
1.0984e-09
1.12026e-09
1.14381e-09
1.16919e-09
1.19651e-09
1.22592e-09
1.2576e-09
1.2917e-09
1.32843e-09
1.368e-09
1.41067e-09
1.45668e-09
1.50638e-09
1.5601e-09
1.61821e-09
1.68116e-09
1.74941e-09
1.82352e-09
1.90409e-09
1.99181e-09
2.08745e-09
2.1919e-09
2.30613e-09
2.43123e-09
2.56845e-09
2.71913e-09
2.88473e-09
3.06681e-09
3.26694e-09
3.48667e-09
3.72797e-09
3.99348e-09
4.27998e-09
4.56382e-09
4.82437e-09
5.0931e-09
5.37011e-09
5.59912e-09
5.75806e-09
5.84037e-09
5.84587e-09
5.78403e-09
5.66999e-09
5.52056e-09
5.3523e-09
5.17651e-09
5.00326e-09
4.83715e-09
4.68144e-09
4.54014e-09
4.41204e-09
4.2962e-09
4.19367e-09
4.10199e-09
4.01948e-09
3.94753e-09
3.8837e-09
3.82794e-09
3.77991e-09
3.73764e-09
3.70222e-09
3.67138e-09
3.64501e-09
3.62202e-09
3.60125e-09
3.58192e-09
3.56234e-09
3.54216e-09
3.52006e-09
3.49546e-09
3.47176e-09
3.44274e-09
3.40897e-09
3.3713e-09
3.33068e-09
3.28766e-09
3.24248e-09
3.19539e-09
3.14594e-09
3.09469e-09
3.04225e-09
2.98846e-09
2.93402e-09
2.87935e-09
2.82411e-09
2.76903e-09
2.7147e-09
2.66082e-09
2.60754e-09
2.55561e-09
2.505e-09
2.45531e-09
2.40696e-09
2.36033e-09
2.31512e-09
2.27111e-09
2.22841e-09
2.18744e-09
2.1481e-09
2.11009e-09
2.07333e-09
2.03806e-09
2.00455e-09
1.97256e-09
1.94188e-09
1.91244e-09
1.8841e-09
1.85715e-09
1.83165e-09
1.80715e-09
1.78355e-09
1.76076e-09
1.73868e-09
1.71755e-09
1.69723e-09
1.67712e-09
1.65717e-09
1.63746e-09
1.61804e-09
1.59937e-09
1.58162e-09
1.56424e-09
1.54694e-09
4.59879e-13
7.73935e-12
1.18774e-10
6.7655e-10
8.64069e-10
8.78587e-10
8.8341e-10
8.8772e-10
8.92142e-10
8.96821e-10
9.01828e-10
9.07258e-10
9.13204e-10
9.19629e-10
9.26525e-10
9.34006e-10
9.42186e-10
9.51152e-10
9.60978e-10
9.71723e-10
9.83447e-10
9.96208e-10
1.01007e-09
1.0251e-09
1.04137e-09
1.05897e-09
1.07798e-09
1.0985e-09
1.12064e-09
1.14451e-09
1.17023e-09
1.19794e-09
1.2278e-09
1.25997e-09
1.29465e-09
1.33203e-09
1.37236e-09
1.4159e-09
1.46291e-09
1.51376e-09
1.56881e-09
1.62848e-09
1.69325e-09
1.76364e-09
1.84028e-09
1.92384e-09
2.01513e-09
2.11503e-09
2.22458e-09
2.34496e-09
2.47752e-09
2.6238e-09
2.78554e-09
2.96469e-09
3.16342e-09
3.38406e-09
3.62907e-09
3.90158e-09
4.20574e-09
4.53937e-09
4.87585e-09
5.18957e-09
5.51666e-09
5.85511e-09
6.13116e-09
6.31308e-09
6.3902e-09
6.36418e-09
6.25238e-09
6.07926e-09
5.86951e-09
5.64591e-09
5.42235e-09
5.20983e-09
5.01194e-09
4.83065e-09
4.66958e-09
4.52608e-09
4.39816e-09
4.28696e-09
4.18937e-09
4.10311e-09
4.02974e-09
3.96623e-09
3.91232e-09
3.86756e-09
3.82961e-09
3.79987e-09
3.77566e-09
3.7568e-09
3.74211e-09
3.73021e-09
3.72029e-09
3.71031e-09
3.6999e-09
3.68744e-09
3.67259e-09
3.65648e-09
3.63363e-09
3.60625e-09
3.57334e-09
3.53609e-09
3.49519e-09
3.45087e-09
3.40349e-09
3.35269e-09
3.29908e-09
3.2434e-09
3.18558e-09
3.12644e-09
3.06654e-09
3.00561e-09
2.94453e-09
2.88405e-09
2.82387e-09
2.76422e-09
2.70603e-09
2.64924e-09
2.59344e-09
2.53918e-09
2.48687e-09
2.4362e-09
2.38692e-09
2.33918e-09
2.29344e-09
2.24957e-09
2.20725e-09
2.16638e-09
2.12722e-09
2.09007e-09
2.05465e-09
2.02072e-09
1.9882e-09
1.95691e-09
1.92721e-09
1.89912e-09
1.87217e-09
1.84623e-09
1.82121e-09
1.79698e-09
1.7738e-09
1.75154e-09
1.72959e-09
1.70792e-09
1.6866e-09
1.66565e-09
1.6455e-09
1.62629e-09
1.60744e-09
1.58865e-09
4.44608e-13
1.41583e-11
2.44622e-10
7.97453e-10
8.73148e-10
8.80045e-10
8.84002e-10
8.88022e-10
8.92337e-10
8.97018e-10
9.02097e-10
9.0765e-10
9.13761e-10
9.20383e-10
9.27495e-10
9.35212e-10
9.43647e-10
9.52889e-10
9.63009e-10
9.7407e-10
9.86131e-10
9.99254e-10
1.0135e-09
1.02895e-09
1.04568e-09
1.06377e-09
1.08332e-09
1.10442e-09
1.1272e-09
1.15178e-09
1.17828e-09
1.20687e-09
1.2377e-09
1.27097e-09
1.30687e-09
1.34564e-09
1.38755e-09
1.43286e-09
1.48192e-09
1.53511e-09
1.59285e-09
1.65564e-09
1.72403e-09
1.79865e-09
1.88024e-09
1.96964e-09
2.06784e-09
2.17598e-09
2.2954e-09
2.42767e-09
2.57464e-09
2.7385e-09
2.92181e-09
3.12761e-09
3.35945e-09
3.62145e-09
3.91837e-09
4.25628e-09
4.64336e-09
5.08042e-09
5.53514e-09
5.9705e-09
6.42957e-09
6.89672e-09
7.24807e-09
7.42483e-09
7.41416e-09
7.24098e-09
6.95968e-09
6.62383e-09
6.27355e-09
5.93777e-09
5.62826e-09
5.35202e-09
5.10714e-09
4.89121e-09
4.70571e-09
4.54499e-09
4.40501e-09
4.2866e-09
4.18558e-09
4.09874e-09
4.02796e-09
3.96955e-09
3.92303e-09
3.88806e-09
3.86189e-09
3.84663e-09
3.8393e-09
3.83982e-09
3.84725e-09
3.86012e-09
3.87784e-09
3.8979e-09
3.92036e-09
3.94284e-09
3.9663e-09
3.98383e-09
3.99238e-09
3.99991e-09
3.99899e-09
3.99064e-09
3.97557e-09
3.95341e-09
3.92448e-09
3.88856e-09
3.84581e-09
3.79714e-09
3.74268e-09
3.68337e-09
3.62017e-09
3.55307e-09
3.48338e-09
3.4124e-09
3.34008e-09
3.26697e-09
3.19459e-09
3.12306e-09
3.05207e-09
2.9825e-09
2.9151e-09
2.84954e-09
2.78557e-09
2.72349e-09
2.66399e-09
2.6069e-09
2.55183e-09
2.49868e-09
2.44781e-09
2.39962e-09
2.35374e-09
2.30984e-09
2.26781e-09
2.22745e-09
2.18917e-09
2.15305e-09
2.11843e-09
2.08516e-09
2.05311e-09
2.0221e-09
1.99249e-09
1.96412e-09
1.93624e-09
1.90883e-09
1.88198e-09
1.85566e-09
1.83036e-09
1.8062e-09
1.78244e-09
1.75879e-09
1.97933e-09
2.03728e-09
2.18381e-09
2.5334e-09
2.93981e-09
2.96472e-09
2.66682e-09
2.30626e-09
2.04106e-09
1.8708e-09
1.78965e-09
1.84826e-09
2.09969e-09
2.53061e-09
2.78899e-09
2.64008e-09
2.56017e-09
2.6927e-09
2.82812e-09
2.72749e-09
2.43522e-09
2.25652e-09
2.20688e-09
2.21481e-09
2.24033e-09
2.2596e-09
2.26221e-09
2.24344e-09
2.20993e-09
2.149e-09
2.06711e-09
1.97568e-09
1.88373e-09
1.79514e-09
1.71385e-09
1.62995e-09
1.55952e-09
1.49755e-09
1.44885e-09
1.42375e-09
1.3983e-09
1.36412e-09
1.34435e-09
1.34745e-09
1.39657e-09
1.49311e-09
1.60619e-09
1.69497e-09
1.79211e-09
1.91775e-09
2.05429e-09
2.21041e-09
2.42051e-09
2.65614e-09
2.88019e-09
3.09044e-09
3.29549e-09
3.44589e-09
3.46244e-09
3.36591e-09
3.29217e-09
3.3044e-09
3.40141e-09
3.45714e-09
3.32062e-09
3.13325e-09
2.96689e-09
2.88021e-09
3.0722e-09
3.45792e-09
3.61127e-09
3.40838e-09
3.16377e-09
3.05738e-09
3.10938e-09
3.29111e-09
3.43448e-09
3.29344e-09
2.95372e-09
2.78294e-09
2.86786e-09
2.95967e-09
3.10383e-09
3.27874e-09
3.21521e-09
3.17246e-09
3.18885e-09
3.25796e-09
3.35554e-09
3.44916e-09
3.50965e-09
3.51338e-09
3.41307e-09
3.32845e-09
3.38447e-09
3.491e-09
3.53316e-09
3.46716e-09
3.41563e-09
3.44037e-09
1.54986e-09
1.54098e-09
1.62441e-09
1.83197e-09
2.15814e-09
2.37597e-09
2.3488e-09
2.12924e-09
1.85583e-09
1.66755e-09
1.55498e-09
1.55418e-09
1.71789e-09
2.07668e-09
2.50748e-09
2.53186e-09
2.38303e-09
2.52458e-09
2.93823e-09
3.37388e-09
3.20519e-09
2.89381e-09
2.81083e-09
2.86294e-09
2.98196e-09
3.12853e-09
3.26701e-09
3.3583e-09
3.44458e-09
3.39854e-09
3.20307e-09
2.95958e-09
2.72389e-09
2.50717e-09
2.31835e-09
2.14002e-09
2.00253e-09
1.89974e-09
1.82472e-09
1.77374e-09
1.72313e-09
1.69441e-09
1.68449e-09
1.70029e-09
1.78768e-09
1.95929e-09
2.14136e-09
2.26402e-09
2.42266e-09
2.5884e-09
2.70285e-09
2.77042e-09
2.93829e-09
3.17426e-09
3.36726e-09
3.53328e-09
3.71478e-09
3.85217e-09
3.82196e-09
3.65352e-09
3.53213e-09
3.52794e-09
3.6405e-09
3.72248e-09
3.57125e-09
3.35697e-09
3.15929e-09
3.03392e-09
3.20749e-09
3.63434e-09
3.83543e-09
3.63435e-09
3.35819e-09
3.24103e-09
3.29278e-09
3.49462e-09
3.68045e-09
3.53329e-09
3.14502e-09
2.95763e-09
3.03785e-09
3.10867e-09
3.18934e-09
3.34685e-09
3.30852e-09
3.2977e-09
3.34183e-09
3.43374e-09
3.55291e-09
3.66443e-09
3.74142e-09
3.75847e-09
3.6535e-09
3.55943e-09
3.61149e-09
3.71047e-09
3.74334e-09
3.67117e-09
3.6238e-09
3.66302e-09
1.8942e-09
1.85283e-09
1.94803e-09
2.38219e-09
3.2986e-09
3.97527e-09
3.65476e-09
2.88291e-09
2.36184e-09
2.07997e-09
1.93437e-09
1.93847e-09
2.20754e-09
2.94216e-09
3.91518e-09
3.12533e-09
2.80516e-09
2.98208e-09
3.1093e-09
2.7378e-09
2.24322e-09
2.04827e-09
2.01834e-09
2.02224e-09
2.00506e-09
1.94918e-09
1.86408e-09
1.75914e-09
1.70101e-09
1.59755e-09
1.47812e-09
1.36883e-09
1.27079e-09
1.20384e-09
1.14896e-09
1.10632e-09
1.07952e-09
1.06605e-09
1.0647e-09
1.0726e-09
1.07889e-09
1.09863e-09
1.1269e-09
1.191e-09
1.29725e-09
1.46737e-09
1.6546e-09
1.79779e-09
1.96195e-09
2.15851e-09
2.329e-09
2.48012e-09
2.71606e-09
3.01855e-09
3.29424e-09
3.5393e-09
3.80494e-09
4.03102e-09
4.05457e-09
3.89923e-09
3.78912e-09
3.79794e-09
3.93829e-09
4.06439e-09
3.90094e-09
3.6582e-09
3.42554e-09
3.24541e-09
3.38779e-09
3.86106e-09
4.13491e-09
3.91805e-09
3.60881e-09
3.4764e-09
3.52679e-09
3.75163e-09
3.99641e-09
3.85031e-09
3.40297e-09
3.18624e-09
3.25623e-09
3.18797e-09
2.47842e-09
2.35548e-09
2.65144e-09
3.32125e-09
3.54853e-09
3.66018e-09
3.80079e-09
3.92663e-09
4.03021e-09
4.07257e-09
3.97175e-09
3.86311e-09
3.9073e-09
3.99077e-09
4.01065e-09
3.93446e-09
3.89188e-09
3.95118e-09
2.47856e-09
2.34085e-09
2.33296e-09
3.01644e-09
5.6047e-09
6.13927e-09
4.13694e-09
3.1133e-09
2.52189e-09
2.36694e-09
2.31666e-09
2.33528e-09
2.71008e-09
3.70375e-09
3.29883e-09
2.00324e-09
2.93167e-09
2.61757e-09
3.95901e-09
1.9088e-09
1.34542e-09
1.26352e-09
1.25076e-09
1.2311e-09
1.19569e-09
1.14788e-09
1.09608e-09
1.04551e-09
1.00414e-09
9.66349e-10
9.37617e-10
9.07562e-10
8.69851e-10
8.53232e-10
8.45275e-10
8.47161e-10
8.58177e-10
8.79414e-10
9.14061e-10
9.53819e-10
1.00107e-09
1.05666e-09
1.12601e-09
1.22186e-09
1.3652e-09
1.60164e-09
1.8961e-09
2.1202e-09
2.34029e-09
2.63406e-09
2.89705e-09
3.03922e-09
3.21764e-09
3.49086e-09
3.73235e-09
3.93556e-09
4.20034e-09
4.4749e-09
4.51097e-09
4.27723e-09
4.08788e-09
4.03535e-09
4.15841e-09
4.37239e-09
4.24688e-09
4.0099e-09
3.73269e-09
3.47126e-09
3.55458e-09
4.06045e-09
4.43965e-09
4.22336e-09
3.88423e-09
3.73402e-09
3.77668e-09
4.0187e-09
4.3371e-09
4.22367e-09
3.71212e-09
3.45095e-09
3.4349e-09
3.00069e-09
1.6356e-09
1.53925e-09
1.7342e-09
3.08461e-09
3.9627e-09
3.91685e-09
4.0466e-09
4.18569e-09
4.36901e-09
4.47726e-09
4.38398e-09
4.22111e-09
4.16679e-09
4.16636e-09
4.19707e-09
4.20922e-09
4.20669e-09
4.28857e-09
2.97809e-09
2.92392e-09
3.10995e-09
3.55821e-09
2.95319e-09
2.26543e-09
1.87339e-09
1.73283e-09
1.67823e-09
1.60663e-09
1.69786e-09
1.89547e-09
2.09042e-09
1.88586e-09
1.50596e-09
1.1924e-09
1.3525e-09
1.22997e-09
1.68756e-09
3.66732e-09
1.11976e-09
8.31037e-10
8.03906e-10
7.83941e-10
7.61732e-10
7.41081e-10
7.24254e-10
7.15148e-10
7.00825e-10
6.94643e-10
6.95867e-10
7.01159e-10
7.14853e-10
7.32448e-10
7.57133e-10
7.90854e-10
8.32669e-10
8.86483e-10
9.59149e-10
1.03872e-09
1.12638e-09
1.24888e-09
1.40505e-09
1.53899e-09
1.70624e-09
2.03954e-09
2.50122e-09
2.84377e-09
3.12868e-09
3.48601e-09
3.88934e-09
4.09136e-09
3.92873e-09
3.97083e-09
4.12039e-09
4.244e-09
4.49227e-09
4.85738e-09
4.98438e-09
4.70043e-09
4.41391e-09
4.28475e-09
4.40633e-09
4.7597e-09
4.75791e-09
4.49039e-09
4.11715e-09
3.73908e-09
3.69489e-09
4.17578e-09
4.6697e-09
4.49295e-09
4.12048e-09
3.95847e-09
3.96192e-09
4.14694e-09
4.35329e-09
4.33917e-09
3.9506e-09
3.68438e-09
3.60627e-09
2.95848e-09
2.56138e-09
2.88545e-09
3.47713e-09
5.12082e-09
4.72647e-09
4.20617e-09
4.33023e-09
4.58794e-09
4.87226e-09
4.95959e-09
4.81752e-09
4.23091e-09
2.31531e-09
2.06838e-09
3.08135e-09
4.70269e-09
4.67366e-09
4.69015e-09
1.18213e-09
1.18776e-09
2.78145e-09
3.02062e-09
1.43462e-09
9.35205e-10
8.68547e-10
8.52905e-10
8.50927e-10
8.43391e-10
8.79569e-10
9.52958e-10
1.07831e-09
1.01774e-09
9.36259e-10
7.95783e-10
1.10191e-09
1.5846e-09
3.18861e-09
1.7179e-09
8.31086e-10
6.42057e-10
6.06126e-10
5.92128e-10
5.85562e-10
5.8552e-10
5.94168e-10
6.07303e-10
6.15477e-10
6.32429e-10
6.55052e-10
6.8515e-10
7.38939e-10
7.90567e-10
8.50189e-10
9.22052e-10
1.00591e-09
1.10834e-09
1.2439e-09
1.41087e-09
1.57811e-09
1.9623e-09
2.26926e-09
2.5012e-09
2.48653e-09
2.99718e-09
3.71748e-09
4.13959e-09
4.15251e-09
4.29102e-09
4.41697e-09
2.84952e-09
2.26235e-09
2.47888e-09
3.95851e-09
4.5731e-09
4.68793e-09
5.14912e-09
5.44729e-09
5.15903e-09
4.80331e-09
4.59139e-09
4.67096e-09
5.30401e-09
5.41335e-09
4.81532e-09
4.37127e-09
3.7848e-09
3.23902e-09
3.53131e-09
4.53664e-09
4.14423e-09
2.91364e-09
2.73782e-09
2.54107e-09
2.54067e-09
2.97318e-09
4.03289e-09
4.08662e-09
2.76113e-09
1.64911e-09
1.56297e-09
3.51075e-09
2.38759e-09
1.82103e-09
3.29981e-09
4.53854e-09
4.50446e-09
4.72177e-09
5.12053e-09
5.44955e-09
5.54247e-09
4.92803e-09
2.53635e-09
1.35793e-09
1.35065e-09
2.60126e-09
6.48615e-09
5.08379e-09
5.16176e-09
5.44133e-10
8.41011e-10
1.2915e-09
1.4309e-09
7.67984e-10
5.29318e-10
5.05119e-10
4.9549e-10
4.98962e-10
5.15922e-10
5.43017e-10
6.48484e-10
1.63159e-09
9.87943e-10
1.4673e-09
8.63382e-10
3.46615e-10
3.25134e-10
3.44655e-10
3.67075e-10
4.72293e-10
5.59202e-10
5.58145e-10
5.63612e-10
5.78893e-10
6.02243e-10
6.36439e-10
6.67428e-10
7.0353e-10
7.52248e-10
8.15515e-10
8.98059e-10
9.95307e-10
1.10232e-09
1.22407e-09
1.35617e-09
1.5143e-09
1.71382e-09
2.06656e-09
2.66267e-09
3.06128e-09
3.40328e-09
3.37865e-09
3.63116e-09
4.22935e-09
2.85892e-09
2.17975e-09
2.73696e-09
3.75628e-09
4.07523e-09
3.21986e-09
2.44588e-09
1.85299e-09
1.83769e-09
2.30478e-09
3.0317e-09
4.42381e-09
5.18756e-09
5.58702e-09
5.00219e-09
4.56315e-09
4.26612e-09
4.22699e-09
4.94122e-09
5.13388e-09
4.72896e-09
4.477e-09
2.82399e-09
1.13902e-09
1.14658e-09
2.1219e-09
3.54497e-09
2.95843e-09
2.79036e-09
1.58678e-09
1.34385e-09
1.62672e-09
3.32625e-09
4.23003e-09
1.53771e-09
7.1436e-10
6.71907e-10
9.88233e-10
6.05974e-09
1.99646e-09
3.3287e-09
4.07943e-09
4.82713e-09
5.24038e-09
5.68059e-09
6.02906e-09
6.28342e-09
4.45794e-09
2.30594e-09
3.25976e-09
6.61654e-09
4.123e-09
8.40505e-09
5.44355e-09
5.7104e-09
3.51572e-10
5.59154e-10
6.98477e-10
5.37657e-10
5.2586e-10
7.07655e-10
5.31459e-10
3.8192e-10
3.83596e-10
4.06748e-10
4.7237e-10
6.12824e-10
3.85002e-10
4.22605e-10
4.08043e-10
5.0282e-10
2.93773e-10
2.41341e-10
2.34853e-10
2.32705e-10
4.43243e-10
6.14452e-10
6.69197e-10
7.1801e-10
7.75973e-10
8.43017e-10
9.10146e-10
9.88661e-10
1.09534e-09
1.22609e-09
1.37779e-09
1.56473e-09
1.76377e-09
2.00623e-09
2.27339e-09
2.52768e-09
2.82066e-09
3.15112e-09
5.1272e-09
5.24126e-09
5.34444e-09
5.73341e-09
3.57286e-09
3.26264e-09
2.95318e-09
1.36199e-09
6.43252e-10
6.56154e-10
7.09464e-10
7.27915e-10
1.12059e-09
1.92977e-09
1.99278e-09
4.40988e-09
1.81427e-09
1.7244e-09
2.10147e-09
2.79774e-09
5.1308e-09
5.14802e-09
4.84151e-09
4.25752e-09
1.93186e-09
1.81538e-09
1.86405e-09
3.29937e-09
4.18799e-09
1.43422e-09
7.12625e-10
7.20999e-10
9.03522e-10
3.97922e-09
2.68511e-09
3.57058e-09
2.04658e-09
1.74345e-09
2.40784e-09
4.33636e-09
4.18101e-09
9.79759e-10
9.07069e-10
1.01612e-09
8.62586e-10
1.48244e-09
5.12981e-09
3.40468e-09
4.66582e-09
5.36385e-09
5.95817e-09
6.42739e-09
6.80608e-09
7.10346e-09
4.87711e-09
4.38055e-09
2.9863e-09
2.28543e-09
6.78765e-09
9.33176e-09
6.46288e-09
6.41372e-09
4.74939e-10
4.27807e-10
2.95139e-10
2.8132e-10
5.87348e-10
6.75426e-10
4.56996e-10
3.89334e-10
4.05132e-10
4.32009e-10
5.00747e-10
3.48272e-10
6.78285e-10
4.39582e-10
3.25654e-10
4.46948e-10
3.83759e-10
5.48384e-10
5.95737e-10
6.41615e-10
7.59923e-10
9.85664e-10
1.14513e-09
1.30063e-09
1.4714e-09
1.65378e-09
1.81476e-09
2.05565e-09
2.37082e-09
2.73244e-09
3.0955e-09
3.43722e-09
3.81715e-09
4.36806e-09
4.94102e-09
5.64096e-09
6.3664e-09
5.23787e-09
4.04411e-09
3.37333e-09
2.4397e-09
3.23519e-09
4.29119e-09
9.67789e-09
2.43122e-09
1.19888e-09
6.32399e-10
5.68837e-10
4.86826e-10
4.55465e-10
5.20795e-10
3.02915e-09
1.32278e-09
1.37219e-09
2.2732e-09
4.64152e-09
1.56364e-09
1.66221e-09
5.36582e-09
7.14231e-09
3.86142e-09
2.2825e-09
1.38356e-09
1.74732e-09
2.07635e-09
1.34646e-09
1.22367e-09
1.00145e-09
2.14749e-09
3.8077e-09
2.15734e-09
2.81231e-09
5.0564e-09
2.55618e-09
4.43454e-09
5.00376e-09
3.33258e-09
4.04219e-09
2.61063e-09
1.54635e-09
1.93485e-09
1.29162e-09
1.06956e-09
1.66583e-09
4.1636e-09
4.71499e-09
5.35601e-09
6.09121e-09
6.85751e-09
7.2358e-09
7.61578e-09
8.12147e-09
7.62983e-09
2.59977e-09
2.30407e-09
2.18444e-09
1.66013e-09
6.69412e-09
7.09763e-09
7.43578e-09
1.31835e-09
3.74453e-10
2.58125e-10
2.67194e-10
2.83127e-10
2.45625e-10
3.18891e-10
5.62706e-10
6.17445e-10
4.84096e-10
4.02498e-10
6.26497e-10
2.3587e-10
1.89059e-10
1.5619e-10
1.78765e-10
7.57913e-10
1.72634e-09
3.33565e-09
2.42751e-09
2.62133e-09
2.36115e-09
2.63439e-09
3.01242e-09
3.45166e-09
3.92593e-09
4.41913e-09
4.84014e-09
5.29599e-09
5.76968e-09
6.20724e-09
6.56253e-09
6.73611e-09
7.06421e-09
7.63524e-09
8.28152e-09
1.06285e-08
1.10544e-08
4.66916e-09
3.27194e-09
5.60413e-09
3.74501e-09
2.11998e-09
2.64129e-09
2.98398e-09
1.37317e-09
7.70869e-10
8.50337e-10
9.78937e-10
1.0725e-09
1.8516e-09
1.34118e-09
8.40103e-09
2.48763e-09
1.24794e-09
1.42383e-09
2.80745e-09
6.09746e-09
4.19642e-09
7.11538e-09
2.92043e-09
2.18521e-09
6.22484e-09
2.16913e-09
1.41112e-09
2.30916e-09
1.36029e-09
8.817e-09
9.61583e-10
8.28672e-10
7.32256e-10
2.62766e-09
3.62979e-09
2.18379e-09
2.02696e-09
2.00647e-09
7.15143e-09
8.12206e-09
3.37325e-09
7.85571e-10
7.09717e-10
6.53132e-10
5.61934e-10
1.13801e-09
3.31959e-09
5.24265e-09
5.85967e-09
6.73217e-09
7.60102e-09
8.17628e-09
8.61499e-09
9.14831e-09
1.41459e-08
3.40665e-09
1.60642e-09
1.93642e-09
2.71773e-09
4.91575e-09
7.59836e-09
8.93488e-09
4.12034e-10
2.92417e-10
3.02005e-10
3.04726e-10
2.85068e-10
4.46733e-10
6.12034e-10
1.08766e-09
1.4675e-09
8.11494e-10
3.92213e-10
2.15701e-10
2.28694e-10
2.31643e-10
5.14653e-10
4.14012e-10
5.03418e-10
1.41982e-09
3.05389e-09
3.48012e-09
3.0284e-09
2.91717e-09
3.15332e-09
3.52276e-09
3.95423e-09
4.38519e-09
4.76688e-09
5.14898e-09
5.50645e-09
5.74519e-09
5.83918e-09
5.90698e-09
5.92336e-09
6.18274e-09
6.31713e-09
6.44095e-09
6.76224e-09
8.04986e-09
1.0045e-08
5.31441e-09
2.05796e-09
2.13081e-09
2.92424e-09
4.61595e-09
2.69494e-09
1.04207e-09
4.00005e-10
3.79862e-10
3.65786e-10
3.59164e-10
4.115e-10
3.14364e-09
2.77784e-09
3.69335e-09
7.37017e-09
3.82484e-09
1.51136e-09
1.7104e-09
1.15865e-08
5.29958e-09
2.90379e-09
2.36648e-09
1.62825e-09
2.55577e-09
2.60155e-09
9.57773e-10
8.58863e-10
7.34274e-10
7.91654e-10
9.35215e-10
1.52252e-09
2.80273e-09
6.10703e-09
2.88909e-09
1.59736e-09
1.62592e-09
2.55988e-09
8.75068e-09
3.65185e-09
8.13768e-10
8.02751e-10
1.0452e-09
2.75538e-09
2.08764e-09
3.99816e-09
5.49018e-09
6.37759e-09
7.52883e-09
8.48151e-09
9.59863e-09
1.10947e-08
1.33066e-08
3.53709e-08
9.81506e-09
7.00146e-09
6.86857e-09
3.79437e-09
7.44981e-09
9.88437e-09
1.10321e-08
3.8149e-10
7.05404e-10
1.49393e-09
2.94091e-09
1.64909e-09
8.01988e-10
1.09649e-09
2.15621e-09
2.83457e-09
9.24644e-10
4.90184e-10
3.30525e-10
4.98286e-10
1.03541e-09
4.83135e-10
4.64717e-10
1.2459e-09
2.24485e-09
2.31572e-09
2.09786e-09
1.95611e-09
2.00973e-09
2.14624e-09
2.28365e-09
2.39487e-09
2.47809e-09
2.53537e-09
2.5699e-09
2.58774e-09
2.59105e-09
2.581e-09
2.56649e-09
2.54062e-09
2.51752e-09
2.45924e-09
2.39099e-09
2.35649e-09
2.40664e-09
2.47381e-09
2.33617e-09
2.61461e-09
3.63199e-09
5.8294e-09
6.10548e-09
1.85588e-09
1.18174e-09
1.94795e-09
4.39935e-09
6.50545e-09
8.38565e-09
2.04164e-09
1.90023e-09
2.05593e-09
1.65401e-09
1.39118e-09
1.56272e-09
2.56672e-09
4.5499e-09
3.55323e-09
2.01949e-09
2.62015e-09
3.7141e-09
5.29673e-09
3.06122e-09
1.27337e-09
2.10262e-09
2.07683e-09
3.09054e-09
6.7454e-09
3.09901e-09
1.15704e-09
1.49604e-09
2.05741e-09
1.38908e-09
2.08802e-09
3.3725e-09
6.80554e-09
3.95688e-09
2.04914e-09
1.30157e-09
1.97524e-09
1.66951e-09
1.17655e-09
1.92435e-09
3.06822e-09
3.38534e-09
3.58642e-09
3.8927e-09
4.06618e-09
4.06758e-09
3.9642e-09
3.74616e-09
3.42256e-09
3.66047e-09
3.48681e-09
3.38777e-09
3.12844e-09
2.22965e-09
1.76399e-09
1.5266e-09
9.5968e-11
8.91428e-11
8.59379e-11
8.61452e-11
9.16541e-11
1.06063e-10
1.12239e-10
1.11795e-10
1.06368e-10
9.01787e-11
6.93395e-11
6.41653e-11
6.33675e-11
6.35236e-11
7.30704e-11
8.22137e-11
8.77374e-11
9.10558e-11
9.3795e-11
9.69925e-11
1.00056e-10
1.01554e-10
1.01947e-10
1.0191e-10
1.01472e-10
1.00783e-10
1.00024e-10
9.93004e-11
9.86182e-11
9.79504e-11
9.72345e-11
9.64275e-11
9.55403e-11
9.45124e-11
9.33574e-11
9.20109e-11
9.027e-11
8.75603e-11
8.43577e-11
8.11008e-11
7.8995e-11
7.78639e-11
7.73313e-11
7.76759e-11
7.4871e-11
6.77376e-11
6.40094e-11
6.36391e-11
6.36455e-11
6.41886e-11
6.65849e-11
7.35831e-11
7.59426e-11
7.66313e-11
7.72209e-11
7.69593e-11
7.65793e-11
7.76667e-11
8.03844e-11
8.06064e-11
7.74005e-11
7.35543e-11
7.3052e-11
7.47107e-11
7.45492e-11
7.14704e-11
6.9022e-11
6.63086e-11
6.59108e-11
6.81046e-11
7.47616e-11
8.06685e-11
8.11927e-11
7.87813e-11
7.48271e-11
7.48235e-11
7.81429e-11
8.36066e-11
8.16762e-11
7.39952e-11
7.14938e-11
7.37236e-11
8.16359e-11
9.61933e-11
1.10302e-10
1.20474e-10
1.27917e-10
1.3646e-10
1.46686e-10
1.58536e-10
1.7237e-10
1.89413e-10
1.99466e-10
2.03169e-10
2.1323e-10
2.4002e-10
2.76275e-10
3.01449e-10
3.07654e-10
3.0194e-10
5.21039e-12
5.24559e-12
5.23945e-12
5.22532e-12
5.18208e-12
5.11369e-12
5.08158e-12
5.08489e-12
5.10567e-12
5.19121e-12
5.40668e-12
5.60587e-12
5.60081e-12
5.52551e-12
5.40958e-12
5.30635e-12
5.24995e-12
5.22385e-12
5.20391e-12
5.17987e-12
5.15621e-12
5.14593e-12
5.14523e-12
5.14623e-12
5.14958e-12
5.15453e-12
5.15987e-12
5.16489e-12
5.16948e-12
5.17394e-12
5.17875e-12
5.1843e-12
5.19075e-12
5.19807e-12
5.20646e-12
5.21635e-12
5.22904e-12
5.24912e-12
5.28397e-12
5.32131e-12
5.3356e-12
5.3398e-12
5.34712e-12
5.35903e-12
5.394e-12
5.47443e-12
5.52084e-12
5.52179e-12
5.52054e-12
5.51074e-12
5.46551e-12
5.39518e-12
5.36627e-12
5.35939e-12
5.35189e-12
5.35241e-12
5.35172e-12
5.34136e-12
5.31728e-12
5.31417e-12
5.33305e-12
5.389e-12
5.41445e-12
5.39951e-12
5.38758e-12
5.39873e-12
5.42977e-12
5.4882e-12
5.49898e-12
5.46547e-12
5.3828e-12
5.31168e-12
5.30806e-12
5.33055e-12
5.37007e-12
5.37127e-12
5.33598e-12
5.28469e-12
5.2989e-12
5.37023e-12
5.39506e-12
5.37484e-12
5.30715e-12
5.19366e-12
5.10655e-12
5.05533e-12
5.02256e-12
4.99295e-12
4.96172e-12
4.928e-12
4.8928e-12
4.85429e-12
4.83281e-12
4.8268e-12
4.81093e-12
4.76635e-12
4.70383e-12
4.64409e-12
4.61103e-12
4.55365e-12
1.43514e-12
1.4342e-12
1.43407e-12
1.43454e-12
1.43566e-12
1.43715e-12
1.43797e-12
1.438e-12
1.43723e-12
1.4348e-12
1.4309e-12
1.42875e-12
1.42825e-12
1.42926e-12
1.43103e-12
1.43291e-12
1.43422e-12
1.43494e-12
1.4355e-12
1.43611e-12
1.43665e-12
1.43689e-12
1.43693e-12
1.43686e-12
1.43674e-12
1.43661e-12
1.43647e-12
1.43633e-12
1.4362e-12
1.43608e-12
1.43596e-12
1.43582e-12
1.43565e-12
1.43546e-12
1.43524e-12
1.43499e-12
1.43467e-12
1.43417e-12
1.43343e-12
1.43271e-12
1.43241e-12
1.4323e-12
1.43218e-12
1.43197e-12
1.43122e-12
1.42987e-12
1.42924e-12
1.4292e-12
1.42928e-12
1.42947e-12
1.43026e-12
1.43138e-12
1.43185e-12
1.43198e-12
1.4321e-12
1.43207e-12
1.43208e-12
1.43229e-12
1.43269e-12
1.43269e-12
1.43216e-12
1.4311e-12
1.43068e-12
1.4309e-12
1.43099e-12
1.43069e-12
1.4301e-12
1.42921e-12
1.42898e-12
1.4296e-12
1.43106e-12
1.43233e-12
1.4325e-12
1.43194e-12
1.43123e-12
1.43119e-12
1.432e-12
1.43297e-12
1.4326e-12
1.4311e-12
1.43065e-12
1.43106e-12
1.43249e-12
1.43502e-12
1.43699e-12
1.4381e-12
1.43879e-12
1.43952e-12
1.44031e-12
1.44111e-12
1.44193e-12
1.44285e-12
1.4434e-12
1.44358e-12
1.44396e-12
1.44498e-12
1.44621e-12
1.44731e-12
1.44782e-12
1.44898e-12
1.95948e-12
1.95371e-12
1.95366e-12
1.95555e-12
1.96169e-12
1.97174e-12
1.97687e-12
1.97659e-12
1.97361e-12
1.96162e-12
1.93451e-12
1.91309e-12
1.91242e-12
1.91925e-12
1.93288e-12
1.94615e-12
1.95389e-12
1.95754e-12
1.96035e-12
1.96379e-12
1.9672e-12
1.96869e-12
1.96877e-12
1.96855e-12
1.968e-12
1.96727e-12
1.96649e-12
1.96576e-12
1.9651e-12
1.96446e-12
1.96379e-12
1.96301e-12
1.9621e-12
1.96105e-12
1.95986e-12
1.95849e-12
1.95675e-12
1.95405e-12
1.94964e-12
1.94495e-12
1.94311e-12
1.94252e-12
1.94181e-12
1.94064e-12
1.93633e-12
1.92645e-12
1.92085e-12
1.92092e-12
1.92123e-12
1.92242e-12
1.92774e-12
1.93616e-12
1.93955e-12
1.94029e-12
1.94118e-12
1.94111e-12
1.94126e-12
1.94256e-12
1.94553e-12
1.9457e-12
1.94313e-12
1.9363e-12
1.93337e-12
1.93503e-12
1.93603e-12
1.93454e-12
1.93083e-12
1.92391e-12
1.92248e-12
1.92641e-12
1.93635e-12
1.94538e-12
1.94589e-12
1.94295e-12
1.93797e-12
1.93791e-12
1.94241e-12
1.94906e-12
1.94708e-12
1.93777e-12
1.93455e-12
1.93705e-12
1.94552e-12
1.96066e-12
1.97289e-12
1.98028e-12
1.98503e-12
1.98945e-12
1.99421e-12
1.99946e-12
2.005e-12
2.01119e-12
2.01481e-12
2.01584e-12
2.01839e-12
2.02573e-12
2.03607e-12
2.0462e-12
2.05175e-12
2.06232e-12
6.32102e-11
6.26908e-11
6.26917e-11
6.28887e-11
6.35285e-11
6.45022e-11
6.49333e-11
6.48873e-11
6.45583e-11
6.32518e-11
6.04156e-11
5.83505e-11
5.83491e-11
5.91108e-11
6.0553e-11
6.18901e-11
6.26296e-11
6.29811e-11
6.3271e-11
6.36227e-11
6.39532e-11
6.40861e-11
6.4095e-11
6.40755e-11
6.40214e-11
6.39503e-11
6.38752e-11
6.38024e-11
6.3737e-11
6.36734e-11
6.36062e-11
6.35284e-11
6.3438e-11
6.3334e-11
6.32163e-11
6.30785e-11
6.29011e-11
6.26195e-11
6.2166e-11
6.1697e-11
6.15144e-11
6.14469e-11
6.13669e-11
6.12353e-11
6.0759e-11
5.97138e-11
5.91666e-11
5.91683e-11
5.91965e-11
5.93285e-11
5.99168e-11
6.07849e-11
6.11181e-11
6.1202e-11
6.12918e-11
6.1286e-11
6.13089e-11
6.14487e-11
6.17505e-11
6.17625e-11
6.14931e-11
6.07845e-11
6.05097e-11
6.06912e-11
6.07848e-11
6.06331e-11
6.02373e-11
5.95092e-11
5.93885e-11
5.98185e-11
6.08699e-11
6.17746e-11
6.18148e-11
6.15023e-11
6.09977e-11
6.10048e-11
6.14881e-11
6.21508e-11
6.19263e-11
6.09652e-11
6.06623e-11
6.09313e-11
6.18367e-11
6.33868e-11
6.46002e-11
6.53218e-11
6.57765e-11
6.62198e-11
6.66967e-11
6.72051e-11
6.77368e-11
6.83309e-11
6.86682e-11
6.87708e-11
6.90211e-11
6.97131e-11
7.06632e-11
7.1571e-11
7.20671e-11
7.30258e-11
8.3502e-10
8.36529e-10
8.36131e-10
8.34315e-10
8.30197e-10
8.24041e-10
8.18636e-10
8.15344e-10
8.12649e-10
8.1262e-10
8.20492e-10
8.33759e-10
8.35862e-10
8.24772e-10
8.2054e-10
8.22508e-10
8.24003e-10
8.25229e-10
8.3177e-10
8.30732e-10
8.29424e-10
8.26949e-10
8.26756e-10
8.27798e-10
8.30545e-10
8.32233e-10
8.35397e-10
8.37089e-10
8.38183e-10
8.39293e-10
8.40864e-10
8.40441e-10
8.4222e-10
8.40952e-10
8.40904e-10
8.40877e-10
8.41497e-10
8.42096e-10
8.4342e-10
8.45678e-10
8.45272e-10
8.48146e-10
8.46551e-10
8.47926e-10
8.47575e-10
8.48338e-10
8.49802e-10
8.49581e-10
8.49818e-10
8.48229e-10
8.4866e-10
8.48868e-10
8.46994e-10
8.49939e-10
8.48639e-10
8.49419e-10
8.49712e-10
8.45872e-10
8.48908e-10
8.50396e-10
8.53375e-10
8.53592e-10
8.54771e-10
8.54379e-10
8.55408e-10
8.55809e-10
8.58497e-10
8.58682e-10
8.6337e-10
8.65962e-10
8.65985e-10
8.6518e-10
8.66237e-10
8.66657e-10
8.67175e-10
8.68271e-10
8.66946e-10
8.6764e-10
8.68413e-10
8.68095e-10
8.69096e-10
8.70428e-10
8.71169e-10
8.73975e-10
8.75285e-10
8.78341e-10
8.8058e-10
8.82983e-10
8.85887e-10
8.87599e-10
8.8946e-10
8.91396e-10
8.93172e-10
8.938e-10
8.95508e-10
8.97779e-10
8.98688e-10
9.00312e-10
8.99233e-10
9.03396e-10
1.02447e-09
1.02808e-09
1.02917e-09
1.02789e-09
1.02197e-09
1.01197e-09
1.00227e-09
9.94852e-10
9.88233e-10
9.85939e-10
9.98214e-10
1.02184e-09
1.02996e-09
1.01667e-09
1.01239e-09
1.01627e-09
1.01796e-09
1.01768e-09
1.02714e-09
1.02137e-09
1.01748e-09
1.01137e-09
1.00843e-09
1.00914e-09
1.01382e-09
1.01573e-09
1.02087e-09
1.02413e-09
1.02622e-09
1.02833e-09
1.03188e-09
1.03145e-09
1.03633e-09
1.03437e-09
1.03449e-09
1.03571e-09
1.03747e-09
1.03962e-09
1.04208e-09
1.04825e-09
1.04861e-09
1.05545e-09
1.05338e-09
1.05588e-09
1.05485e-09
1.05636e-09
1.06209e-09
1.06345e-09
1.06567e-09
1.06437e-09
1.06419e-09
1.06382e-09
1.05659e-09
1.06e-09
1.05787e-09
1.05699e-09
1.05897e-09
1.05098e-09
1.0571e-09
1.05977e-09
1.06532e-09
1.06793e-09
1.07266e-09
1.07257e-09
1.07496e-09
1.0761e-09
1.08105e-09
1.08362e-09
1.09402e-09
1.09842e-09
1.09642e-09
1.09047e-09
1.08943e-09
1.08928e-09
1.09116e-09
1.09345e-09
1.09018e-09
1.08867e-09
1.08871e-09
1.09063e-09
1.09381e-09
1.09582e-09
1.09458e-09
1.09413e-09
1.09138e-09
1.09258e-09
1.0939e-09
1.09541e-09
1.09798e-09
1.0983e-09
1.09893e-09
1.0994e-09
1.1e-09
1.09968e-09
1.10152e-09
1.10263e-09
1.10156e-09
1.10054e-09
1.09704e-09
1.10042e-09
1.05649e-09
1.05912e-09
1.05948e-09
1.05767e-09
1.05122e-09
1.04122e-09
1.03197e-09
1.02499e-09
1.01922e-09
1.01803e-09
1.03045e-09
1.05296e-09
1.05927e-09
1.04595e-09
1.04351e-09
1.04899e-09
1.05162e-09
1.05112e-09
1.06174e-09
1.05432e-09
1.05034e-09
1.0436e-09
1.03939e-09
1.04e-09
1.04503e-09
1.04681e-09
1.05198e-09
1.05566e-09
1.05795e-09
1.0601e-09
1.06439e-09
1.06404e-09
1.07042e-09
1.06805e-09
1.06749e-09
1.06931e-09
1.07084e-09
1.07354e-09
1.07534e-09
1.08238e-09
1.08235e-09
1.08985e-09
1.0879e-09
1.09057e-09
1.09049e-09
1.091e-09
1.09762e-09
1.09897e-09
1.1023e-09
1.10186e-09
1.10018e-09
1.10129e-09
1.09254e-09
1.09578e-09
1.09492e-09
1.0914e-09
1.09551e-09
1.08585e-09
1.09219e-09
1.09459e-09
1.10046e-09
1.10324e-09
1.10789e-09
1.10656e-09
1.10892e-09
1.10993e-09
1.11488e-09
1.11775e-09
1.12846e-09
1.13297e-09
1.13094e-09
1.12379e-09
1.12206e-09
1.12168e-09
1.12323e-09
1.12527e-09
1.12164e-09
1.11978e-09
1.11938e-09
1.12107e-09
1.12439e-09
1.1264e-09
1.12477e-09
1.12394e-09
1.12071e-09
1.12108e-09
1.12192e-09
1.12269e-09
1.12475e-09
1.12443e-09
1.12453e-09
1.12472e-09
1.12498e-09
1.12445e-09
1.12631e-09
1.12745e-09
1.12656e-09
1.12506e-09
1.12123e-09
1.12467e-09
1.08877e-09
1.0902e-09
1.08958e-09
1.08705e-09
1.08011e-09
1.07024e-09
1.06174e-09
1.05574e-09
1.05109e-09
1.05085e-09
1.06335e-09
1.08464e-09
1.08865e-09
1.07498e-09
1.07369e-09
1.08033e-09
1.08407e-09
1.08355e-09
1.09571e-09
1.08668e-09
1.08268e-09
1.07558e-09
1.07005e-09
1.0706e-09
1.07589e-09
1.07774e-09
1.08268e-09
1.08683e-09
1.0893e-09
1.09145e-09
1.09645e-09
1.09622e-09
1.1042e-09
1.10165e-09
1.10027e-09
1.10283e-09
1.10403e-09
1.1073e-09
1.10826e-09
1.11613e-09
1.11573e-09
1.1237e-09
1.12207e-09
1.12484e-09
1.12599e-09
1.12535e-09
1.1326e-09
1.1338e-09
1.1379e-09
1.13847e-09
1.13471e-09
1.13745e-09
1.12758e-09
1.13044e-09
1.13139e-09
1.12467e-09
1.13122e-09
1.12012e-09
1.12631e-09
1.1286e-09
1.13486e-09
1.13767e-09
1.142e-09
1.13899e-09
1.14138e-09
1.14236e-09
1.14737e-09
1.15075e-09
1.16133e-09
1.16574e-09
1.16367e-09
1.15556e-09
1.15344e-09
1.15294e-09
1.15409e-09
1.15575e-09
1.15183e-09
1.14985e-09
1.14919e-09
1.15056e-09
1.15385e-09
1.15569e-09
1.1536e-09
1.15236e-09
1.14886e-09
1.14847e-09
1.14884e-09
1.14886e-09
1.1504e-09
1.14955e-09
1.14936e-09
1.14946e-09
1.14946e-09
1.14871e-09
1.15055e-09
1.15168e-09
1.15098e-09
1.14899e-09
1.14492e-09
1.14847e-09
1.12193e-09
1.12215e-09
1.12054e-09
1.1173e-09
1.10999e-09
1.10031e-09
1.09259e-09
1.08762e-09
1.08397e-09
1.08425e-09
1.09679e-09
1.11689e-09
1.11883e-09
1.10479e-09
1.10404e-09
1.11148e-09
1.1164e-09
1.11592e-09
1.12996e-09
1.1193e-09
1.11523e-09
1.10794e-09
1.10098e-09
1.10157e-09
1.10699e-09
1.10911e-09
1.11353e-09
1.11821e-09
1.12086e-09
1.12298e-09
1.12861e-09
1.12857e-09
1.13817e-09
1.13576e-09
1.13352e-09
1.13699e-09
1.13775e-09
1.14157e-09
1.14156e-09
1.15025e-09
1.14959e-09
1.15788e-09
1.1567e-09
1.15928e-09
1.16174e-09
1.15984e-09
1.1676e-09
1.16864e-09
1.17318e-09
1.17499e-09
1.16883e-09
1.17315e-09
1.16248e-09
1.16467e-09
1.16792e-09
1.15751e-09
1.16676e-09
1.15456e-09
1.16028e-09
1.16256e-09
1.1692e-09
1.17195e-09
1.17586e-09
1.17088e-09
1.17333e-09
1.17424e-09
1.17933e-09
1.18346e-09
1.19364e-09
1.19787e-09
1.19576e-09
1.18688e-09
1.18449e-09
1.1839e-09
1.18464e-09
1.18586e-09
1.18179e-09
1.17976e-09
1.17895e-09
1.17989e-09
1.18306e-09
1.18462e-09
1.1821e-09
1.18046e-09
1.1768e-09
1.17564e-09
1.17551e-09
1.17482e-09
1.17593e-09
1.17479e-09
1.17441e-09
1.17447e-09
1.17419e-09
1.17314e-09
1.17498e-09
1.17606e-09
1.17556e-09
1.17302e-09
1.16878e-09
1.17248e-09
1.15592e-09
1.15499e-09
1.15244e-09
1.14858e-09
1.14097e-09
1.13148e-09
1.12445e-09
1.12042e-09
1.11751e-09
1.11801e-09
1.13052e-09
1.14953e-09
1.14978e-09
1.13545e-09
1.1347e-09
1.1426e-09
1.14877e-09
1.14834e-09
1.16457e-09
1.15222e-09
1.14794e-09
1.14065e-09
1.13216e-09
1.13291e-09
1.13832e-09
1.14091e-09
1.14453e-09
1.14976e-09
1.15261e-09
1.15467e-09
1.16081e-09
1.161e-09
1.17213e-09
1.17033e-09
1.16726e-09
1.17181e-09
1.172e-09
1.17635e-09
1.1753e-09
1.18479e-09
1.18404e-09
1.19247e-09
1.19181e-09
1.19384e-09
1.19766e-09
1.19444e-09
1.20257e-09
1.20353e-09
1.20818e-09
1.21146e-09
1.20267e-09
1.20838e-09
1.19727e-09
1.19848e-09
1.20446e-09
1.19e-09
1.20207e-09
1.1892e-09
1.19411e-09
1.19645e-09
1.20346e-09
1.20611e-09
1.20952e-09
1.20235e-09
1.20483e-09
1.20556e-09
1.2107e-09
1.21587e-09
1.22542e-09
1.22946e-09
1.22728e-09
1.21783e-09
1.21523e-09
1.21454e-09
1.21486e-09
1.21563e-09
1.21159e-09
1.20953e-09
1.20861e-09
1.20901e-09
1.21199e-09
1.21322e-09
1.21034e-09
1.2083e-09
1.20455e-09
1.20262e-09
1.20198e-09
1.20073e-09
1.20161e-09
1.20029e-09
1.19973e-09
1.19976e-09
1.19913e-09
1.1977e-09
1.19959e-09
1.20059e-09
1.20028e-09
1.19711e-09
1.1928e-09
1.19667e-09
1.19072e-09
1.18872e-09
1.18532e-09
1.18092e-09
1.17304e-09
1.16366e-09
1.15719e-09
1.15391e-09
1.15149e-09
1.15199e-09
1.16448e-09
1.18247e-09
1.18148e-09
1.16693e-09
1.16571e-09
1.17379e-09
1.18124e-09
1.18086e-09
1.19955e-09
1.18547e-09
1.18078e-09
1.17367e-09
1.16353e-09
1.16463e-09
1.16988e-09
1.17309e-09
1.17566e-09
1.18142e-09
1.1845e-09
1.18649e-09
1.19295e-09
1.1934e-09
1.20584e-09
1.2052e-09
1.20143e-09
1.20724e-09
1.20674e-09
1.21162e-09
1.20956e-09
1.21981e-09
1.21913e-09
1.22754e-09
1.22743e-09
1.22851e-09
1.23369e-09
1.22918e-09
1.23749e-09
1.23847e-09
1.24291e-09
1.24783e-09
1.23634e-09
1.24313e-09
1.23199e-09
1.23189e-09
1.24092e-09
1.22218e-09
1.23706e-09
1.22396e-09
1.22779e-09
1.23024e-09
1.2376e-09
1.24012e-09
1.24298e-09
1.23349e-09
1.23597e-09
1.23633e-09
1.24149e-09
1.24797e-09
1.25667e-09
1.26055e-09
1.25829e-09
1.24845e-09
1.24568e-09
1.24485e-09
1.24477e-09
1.2451e-09
1.24124e-09
1.23916e-09
1.23813e-09
1.23784e-09
1.2406e-09
1.24144e-09
1.23835e-09
1.2359e-09
1.2321e-09
1.22941e-09
1.22837e-09
1.22678e-09
1.22753e-09
1.22604e-09
1.2253e-09
1.22531e-09
1.22427e-09
1.22235e-09
1.22439e-09
1.22528e-09
1.22514e-09
1.22127e-09
1.21694e-09
1.22103e-09
1.22629e-09
1.2233e-09
1.21914e-09
1.21425e-09
1.20609e-09
1.19673e-09
1.19066e-09
1.18794e-09
1.18581e-09
1.18614e-09
1.19865e-09
1.21567e-09
1.21386e-09
1.19917e-09
1.19704e-09
1.20508e-09
1.21382e-09
1.21352e-09
1.23491e-09
1.21905e-09
1.21369e-09
1.20696e-09
1.19505e-09
1.19668e-09
1.20169e-09
1.20561e-09
1.20691e-09
1.21312e-09
1.21651e-09
1.21841e-09
1.22496e-09
1.22562e-09
1.23902e-09
1.24015e-09
1.23587e-09
1.24316e-09
1.24186e-09
1.24731e-09
1.24435e-09
1.2553e-09
1.25491e-09
1.26312e-09
1.26356e-09
1.26333e-09
1.26982e-09
1.26411e-09
1.27235e-09
1.27347e-09
1.27742e-09
1.28403e-09
1.26989e-09
1.27738e-09
1.26666e-09
1.26489e-09
1.27724e-09
1.25413e-09
1.27163e-09
1.25878e-09
1.26128e-09
1.26388e-09
1.27159e-09
1.27393e-09
1.27625e-09
1.26442e-09
1.26686e-09
1.26656e-09
1.27171e-09
1.27978e-09
1.28743e-09
1.29117e-09
1.28879e-09
1.2788e-09
1.27588e-09
1.27486e-09
1.27437e-09
1.2743e-09
1.27074e-09
1.26863e-09
1.26748e-09
1.26635e-09
1.26886e-09
1.26929e-09
1.26611e-09
1.26327e-09
1.25941e-09
1.25609e-09
1.25486e-09
1.25306e-09
1.25368e-09
1.25203e-09
1.2511e-09
1.25109e-09
1.24958e-09
1.24706e-09
1.24938e-09
1.25014e-09
1.25014e-09
1.24551e-09
1.2412e-09
1.24554e-09
1.26262e-09
1.25872e-09
1.25385e-09
1.24851e-09
1.24002e-09
1.23056e-09
1.22472e-09
1.22238e-09
1.22042e-09
1.2204e-09
1.23304e-09
1.24906e-09
1.24688e-09
1.23207e-09
1.22865e-09
1.23646e-09
1.24646e-09
1.2463e-09
1.27065e-09
1.25294e-09
1.24662e-09
1.24046e-09
1.22666e-09
1.22902e-09
1.23377e-09
1.23839e-09
1.23826e-09
1.24479e-09
1.24858e-09
1.2504e-09
1.25676e-09
1.25754e-09
1.27141e-09
1.27494e-09
1.2704e-09
1.2794e-09
1.2772e-09
1.2833e-09
1.27966e-09
1.29123e-09
1.29133e-09
1.29924e-09
1.3002e-09
1.29836e-09
1.30609e-09
1.29931e-09
1.30722e-09
1.30855e-09
1.31172e-09
1.31996e-09
1.30337e-09
1.31115e-09
1.30131e-09
1.29752e-09
1.31331e-09
1.2859e-09
1.30566e-09
1.29354e-09
1.29454e-09
1.29732e-09
1.30538e-09
1.30751e-09
1.3093e-09
1.29524e-09
1.29762e-09
1.29629e-09
1.30141e-09
1.31129e-09
1.3177e-09
1.32136e-09
1.31883e-09
1.30892e-09
1.30585e-09
1.30457e-09
1.3037e-09
1.30324e-09
1.30007e-09
1.29795e-09
1.29664e-09
1.2945e-09
1.29675e-09
1.29675e-09
1.29362e-09
1.29039e-09
1.28652e-09
1.28283e-09
1.28149e-09
1.27951e-09
1.28004e-09
1.27825e-09
1.2771e-09
1.27706e-09
1.27506e-09
1.27181e-09
1.27457e-09
1.27518e-09
1.27529e-09
1.26985e-09
1.2656e-09
1.27021e-09
1.29967e-09
1.2949e-09
1.28937e-09
1.28358e-09
1.27472e-09
1.26503e-09
1.25928e-09
1.25716e-09
1.25526e-09
1.25477e-09
1.26766e-09
1.28261e-09
1.28046e-09
1.26552e-09
1.26049e-09
1.26792e-09
1.27905e-09
1.27918e-09
1.30673e-09
1.28712e-09
1.27947e-09
1.27411e-09
1.25834e-09
1.26156e-09
1.26613e-09
1.2714e-09
1.26971e-09
1.27636e-09
1.28067e-09
1.28243e-09
1.28833e-09
1.28908e-09
1.30279e-09
1.30934e-09
1.30479e-09
1.31574e-09
1.31256e-09
1.31939e-09
1.31539e-09
1.32749e-09
1.32832e-09
1.33587e-09
1.33736e-09
1.33368e-09
1.34255e-09
1.33489e-09
1.34215e-09
1.34374e-09
1.34589e-09
1.35556e-09
1.3368e-09
1.34445e-09
1.336e-09
1.32977e-09
1.34908e-09
1.31756e-09
1.33904e-09
1.32812e-09
1.32752e-09
1.33051e-09
1.33893e-09
1.34086e-09
1.34211e-09
1.32606e-09
1.32835e-09
1.32557e-09
1.33063e-09
1.34249e-09
1.34753e-09
1.35116e-09
1.34842e-09
1.33884e-09
1.33564e-09
1.334e-09
1.33278e-09
1.33196e-09
1.32924e-09
1.32709e-09
1.32559e-09
1.32226e-09
1.32423e-09
1.32379e-09
1.32083e-09
1.31727e-09
1.31358e-09
1.30966e-09
1.30822e-09
1.3061e-09
1.30655e-09
1.30465e-09
1.30326e-09
1.30316e-09
1.30068e-09
1.29661e-09
1.29996e-09
1.30041e-09
1.3006e-09
1.29432e-09
1.29013e-09
1.29505e-09
1.3374e-09
1.3318e-09
1.32562e-09
1.31938e-09
1.31008e-09
1.30004e-09
1.29425e-09
1.29222e-09
1.2903e-09
1.28924e-09
1.30246e-09
1.31631e-09
1.31455e-09
1.29943e-09
1.29249e-09
1.2994e-09
1.31144e-09
1.31214e-09
1.34313e-09
1.32155e-09
1.3122e-09
1.30786e-09
1.29007e-09
1.29418e-09
1.2988e-09
1.30459e-09
1.30126e-09
1.30777e-09
1.31275e-09
1.31451e-09
1.31965e-09
1.32018e-09
1.33302e-09
1.34313e-09
1.33877e-09
1.35189e-09
1.34767e-09
1.35535e-09
1.35139e-09
1.36394e-09
1.36572e-09
1.37293e-09
1.37497e-09
1.36939e-09
1.37926e-09
1.37092e-09
1.37725e-09
1.3791e-09
1.38e-09
1.39078e-09
1.37022e-09
1.37733e-09
1.37076e-09
1.36167e-09
1.38447e-09
1.34919e-09
1.37164e-09
1.36243e-09
1.36016e-09
1.3634e-09
1.37219e-09
1.37394e-09
1.37464e-09
1.35698e-09
1.35916e-09
1.35446e-09
1.35944e-09
1.37337e-09
1.37693e-09
1.38058e-09
1.37761e-09
1.36857e-09
1.36525e-09
1.36315e-09
1.36161e-09
1.36046e-09
1.35823e-09
1.35604e-09
1.35433e-09
1.34963e-09
1.3513e-09
1.35041e-09
1.34773e-09
1.344e-09
1.3406e-09
1.3365e-09
1.33498e-09
1.33277e-09
1.33317e-09
1.33118e-09
1.32949e-09
1.32932e-09
1.32644e-09
1.32145e-09
1.32553e-09
1.32583e-09
1.32608e-09
1.31895e-09
1.31482e-09
1.3201e-09
1.37575e-09
1.36933e-09
1.36252e-09
1.3558e-09
1.34598e-09
1.33549e-09
1.32954e-09
1.32751e-09
1.32551e-09
1.32376e-09
1.33743e-09
1.35013e-09
1.34907e-09
1.33369e-09
1.32458e-09
1.33086e-09
1.34347e-09
1.34513e-09
1.37981e-09
1.35621e-09
1.3447e-09
1.34164e-09
1.32186e-09
1.32673e-09
1.33178e-09
1.33791e-09
1.3329e-09
1.33895e-09
1.34478e-09
1.34662e-09
1.35076e-09
1.35087e-09
1.36205e-09
1.37618e-09
1.37213e-09
1.3876e-09
1.38229e-09
1.39093e-09
1.38745e-09
1.40034e-09
1.40333e-09
1.41027e-09
1.41294e-09
1.40553e-09
1.41623e-09
1.40747e-09
1.41262e-09
1.41468e-09
1.41415e-09
1.42562e-09
1.40365e-09
1.40984e-09
1.40567e-09
1.39326e-09
1.41947e-09
1.38088e-09
1.40334e-09
1.39635e-09
1.39242e-09
1.39594e-09
1.40511e-09
1.4067e-09
1.40686e-09
1.38808e-09
1.39012e-09
1.38302e-09
1.3879e-09
1.40393e-09
1.40594e-09
1.40965e-09
1.40642e-09
1.39812e-09
1.39469e-09
1.39198e-09
1.39016e-09
1.38873e-09
1.38698e-09
1.38476e-09
1.38282e-09
1.3766e-09
1.37796e-09
1.37661e-09
1.37435e-09
1.37065e-09
1.36754e-09
1.3633e-09
1.36173e-09
1.35946e-09
1.35983e-09
1.35778e-09
1.35572e-09
1.35543e-09
1.35228e-09
1.34634e-09
1.35127e-09
1.35144e-09
1.35171e-09
1.34376e-09
1.33968e-09
1.34534e-09
1.41466e-09
1.40743e-09
1.39998e-09
1.39274e-09
1.38234e-09
1.37129e-09
1.36508e-09
1.36297e-09
1.36086e-09
1.35834e-09
1.37248e-09
1.38406e-09
1.38397e-09
1.36821e-09
1.35672e-09
1.36223e-09
1.37497e-09
1.37813e-09
1.41672e-09
1.39103e-09
1.3769e-09
1.37541e-09
1.35373e-09
1.35907e-09
1.36505e-09
1.37133e-09
1.36464e-09
1.36987e-09
1.37671e-09
1.37876e-09
1.3817e-09
1.38119e-09
1.38994e-09
1.40841e-09
1.40467e-09
1.42258e-09
1.41618e-09
1.42588e-09
1.42332e-09
1.43646e-09
1.44087e-09
1.4477e-09
1.4511e-09
1.44211e-09
1.45347e-09
1.44455e-09
1.44833e-09
1.45057e-09
1.44847e-09
1.46013e-09
1.43717e-09
1.44209e-09
1.44078e-09
1.42458e-09
1.45404e-09
1.4127e-09
1.43404e-09
1.4298e-09
1.42426e-09
1.42809e-09
1.43765e-09
1.43913e-09
1.43875e-09
1.41939e-09
1.4213e-09
1.4113e-09
1.41605e-09
1.43414e-09
1.43457e-09
1.4384e-09
1.43487e-09
1.42747e-09
1.42395e-09
1.42047e-09
1.41841e-09
1.41673e-09
1.41547e-09
1.41321e-09
1.41103e-09
1.40318e-09
1.40422e-09
1.40241e-09
1.40081e-09
1.3972e-09
1.39434e-09
1.39001e-09
1.38839e-09
1.3861e-09
1.38647e-09
1.38438e-09
1.38187e-09
1.38138e-09
1.37816e-09
1.37128e-09
1.37713e-09
1.37719e-09
1.37747e-09
1.36875e-09
1.36471e-09
1.37079e-09
1.45408e-09
1.44603e-09
1.4379e-09
1.43013e-09
1.41907e-09
1.40737e-09
1.4008e-09
1.39856e-09
1.39631e-09
1.39291e-09
1.40754e-09
1.41809e-09
1.41916e-09
1.4029e-09
1.38882e-09
1.39342e-09
1.40573e-09
1.41111e-09
1.45381e-09
1.42599e-09
1.40871e-09
1.4091e-09
1.38574e-09
1.39103e-09
1.39857e-09
1.40483e-09
1.3965e-09
1.40051e-09
1.40849e-09
1.41094e-09
1.41254e-09
1.41127e-09
1.41684e-09
1.43984e-09
1.43629e-09
1.4566e-09
1.44914e-09
1.45995e-09
1.45875e-09
1.47201e-09
1.47804e-09
1.48495e-09
1.48924e-09
1.47904e-09
1.49089e-09
1.48212e-09
1.48443e-09
1.48681e-09
1.48308e-09
1.49442e-09
1.47087e-09
1.47419e-09
1.47619e-09
1.4557e-09
1.48821e-09
1.44477e-09
1.46367e-09
1.46274e-09
1.45565e-09
1.4598e-09
1.46978e-09
1.47117e-09
1.47028e-09
1.45092e-09
1.45269e-09
1.43939e-09
1.44398e-09
1.46402e-09
1.46285e-09
1.46685e-09
1.46299e-09
1.4566e-09
1.45299e-09
1.44853e-09
1.44628e-09
1.4444e-09
1.44361e-09
1.44132e-09
1.43891e-09
1.4294e-09
1.43006e-09
1.42796e-09
1.42713e-09
1.4236e-09
1.42096e-09
1.41658e-09
1.41492e-09
1.41263e-09
1.41302e-09
1.4109e-09
1.40783e-09
1.40706e-09
1.40402e-09
1.39626e-09
1.40307e-09
1.40305e-09
1.40334e-09
1.39391e-09
1.38989e-09
1.39641e-09
1.49393e-09
1.48504e-09
1.47623e-09
1.46786e-09
1.45608e-09
1.44365e-09
1.43665e-09
1.43422e-09
1.43181e-09
1.42746e-09
1.4425e-09
1.45219e-09
1.45458e-09
1.4377e-09
1.42084e-09
1.42437e-09
1.4356e-09
1.44405e-09
1.49102e-09
1.46102e-09
1.44006e-09
1.44268e-09
1.41793e-09
1.42247e-09
1.43232e-09
1.43838e-09
1.4285e-09
1.43086e-09
1.44006e-09
1.44316e-09
1.44332e-09
1.44121e-09
1.44294e-09
1.47057e-09
1.46694e-09
1.48948e-09
1.48105e-09
1.49298e-09
1.49349e-09
1.50674e-09
1.51455e-09
1.52173e-09
1.52707e-09
1.51619e-09
1.52837e-09
1.52006e-09
1.52092e-09
1.52345e-09
1.51808e-09
1.52863e-09
1.50486e-09
1.50628e-09
1.51198e-09
1.48674e-09
1.52202e-09
1.47718e-09
1.49222e-09
1.49513e-09
1.48656e-09
1.49104e-09
1.50146e-09
1.5028e-09
1.50143e-09
1.48265e-09
1.48428e-09
1.46732e-09
1.47175e-09
1.49359e-09
1.49081e-09
1.49501e-09
1.49079e-09
1.48546e-09
1.48177e-09
1.47611e-09
1.4737e-09
1.47166e-09
1.47131e-09
1.46903e-09
1.46639e-09
1.45524e-09
1.45555e-09
1.45333e-09
1.45329e-09
1.44984e-09
1.44739e-09
1.44298e-09
1.4413e-09
1.43902e-09
1.43943e-09
1.43731e-09
1.43355e-09
1.43235e-09
1.42979e-09
1.42127e-09
1.42902e-09
1.42896e-09
1.42927e-09
1.41918e-09
1.41517e-09
1.42216e-09
1.53414e-09
1.52438e-09
1.51485e-09
1.50586e-09
1.49329e-09
1.48005e-09
1.47256e-09
1.46991e-09
1.46733e-09
1.46193e-09
1.47722e-09
1.48636e-09
1.49016e-09
1.47253e-09
1.4527e-09
1.45494e-09
1.46441e-09
1.47694e-09
1.52829e-09
1.49608e-09
1.47087e-09
1.47607e-09
1.45038e-09
1.45327e-09
1.4662e-09
1.47196e-09
1.46064e-09
1.46095e-09
1.47137e-09
1.47539e-09
1.4741e-09
1.47116e-09
1.46855e-09
1.50076e-09
1.49667e-09
1.52108e-09
1.51181e-09
1.52481e-09
1.52731e-09
1.54039e-09
1.55006e-09
1.55769e-09
1.56427e-09
1.55332e-09
1.56565e-09
1.55814e-09
1.55766e-09
1.56042e-09
1.5535e-09
1.56286e-09
1.5393e-09
1.53852e-09
1.54824e-09
1.51784e-09
1.55553e-09
1.51009e-09
1.51976e-09
1.52697e-09
1.51702e-09
1.52182e-09
1.53268e-09
1.534e-09
1.53217e-09
1.51451e-09
1.51601e-09
1.49522e-09
1.49944e-09
1.52287e-09
1.5185e-09
1.52294e-09
1.51832e-09
1.51406e-09
1.51028e-09
1.50315e-09
1.5006e-09
1.49844e-09
1.49849e-09
1.49622e-09
1.49339e-09
1.48069e-09
1.4808e-09
1.47854e-09
1.47925e-09
1.47589e-09
1.4736e-09
1.46917e-09
1.46747e-09
1.46522e-09
1.46565e-09
1.46352e-09
1.45896e-09
1.45719e-09
1.4554e-09
1.44628e-09
1.45492e-09
1.45484e-09
1.45516e-09
1.44452e-09
1.4405e-09
1.44798e-09
1.57467e-09
1.56402e-09
1.55374e-09
1.54408e-09
1.53066e-09
1.51653e-09
1.50849e-09
1.50559e-09
1.50282e-09
1.49631e-09
1.51162e-09
1.52057e-09
1.52583e-09
1.50732e-09
1.4844e-09
1.48516e-09
1.49209e-09
1.50978e-09
1.56559e-09
1.53114e-09
1.50107e-09
1.50929e-09
1.48313e-09
1.48332e-09
1.50018e-09
1.50557e-09
1.49293e-09
1.49077e-09
1.50235e-09
1.50763e-09
1.50485e-09
1.50119e-09
1.49388e-09
1.53068e-09
1.52564e-09
1.55147e-09
1.54151e-09
1.55548e-09
1.56013e-09
1.57289e-09
1.58448e-09
1.5927e-09
1.60065e-09
1.59025e-09
1.60258e-09
1.59622e-09
1.59457e-09
1.59769e-09
1.58941e-09
1.59731e-09
1.57431e-09
1.57105e-09
1.58513e-09
1.54915e-09
1.58894e-09
1.54357e-09
1.54636e-09
1.55834e-09
1.54707e-09
1.55214e-09
1.56346e-09
1.56479e-09
1.56253e-09
1.54645e-09
1.54782e-09
1.52308e-09
1.5271e-09
1.55196e-09
1.54593e-09
1.55062e-09
1.54559e-09
1.54237e-09
1.53849e-09
1.5296e-09
1.52693e-09
1.52465e-09
1.52509e-09
1.52286e-09
1.51984e-09
1.50578e-09
1.50586e-09
1.50359e-09
1.50502e-09
1.50176e-09
1.49961e-09
1.49519e-09
1.49348e-09
1.49127e-09
1.49168e-09
1.48956e-09
1.48409e-09
1.48156e-09
1.48084e-09
1.4713e-09
1.48071e-09
1.48066e-09
1.48101e-09
1.46985e-09
1.46583e-09
1.47379e-09
1.74109e-09
1.72764e-09
1.71477e-09
1.70272e-09
1.68609e-09
1.66861e-09
1.65854e-09
1.65478e-09
1.65119e-09
1.64199e-09
1.65828e-09
1.67038e-09
1.6779e-09
1.65509e-09
1.62272e-09
1.61819e-09
1.62624e-09
1.65443e-09
1.72444e-09
1.68071e-09
1.63964e-09
1.65273e-09
1.62484e-09
1.61911e-09
1.64265e-09
1.64846e-09
1.63261e-09
1.62768e-09
1.64125e-09
1.64864e-09
1.6445e-09
1.63839e-09
1.62548e-09
1.67022e-09
1.66304e-09
1.69122e-09
1.68056e-09
1.6969e-09
1.70452e-09
1.71765e-09
1.73238e-09
1.74235e-09
1.75297e-09
1.74349e-09
1.75625e-09
1.75044e-09
1.74781e-09
1.75198e-09
1.74137e-09
1.74788e-09
1.7246e-09
1.71815e-09
1.73738e-09
1.69169e-09
1.73513e-09
1.68759e-09
1.68114e-09
1.69843e-09
1.68424e-09
1.69106e-09
1.70406e-09
1.70512e-09
1.7017e-09
1.68692e-09
1.68878e-09
1.6591e-09
1.6628e-09
1.69071e-09
1.68552e-09
1.69173e-09
1.68539e-09
1.68276e-09
1.67845e-09
1.66661e-09
1.66352e-09
1.66082e-09
1.66139e-09
1.65911e-09
1.65555e-09
1.63961e-09
1.64005e-09
1.63766e-09
1.63991e-09
1.63652e-09
1.63413e-09
1.6294e-09
1.62747e-09
1.62521e-09
1.62576e-09
1.62352e-09
1.6168e-09
1.61343e-09
1.61416e-09
1.60372e-09
1.61486e-09
1.61491e-09
1.61518e-09
1.60238e-09
1.59754e-09
1.6068e-09
3.99514e-12
9.04978e-11
6.00768e-10
1.11884e-09
3.09156e-09
8.03042e-10
1.09536e-09
1.17813e-09
1.27993e-09
7.97926e-10
9.1532e-10
1.20119e-09
1.60054e-09
2.46804e-09
5.3816e-09
5.58349e-09
6.1139e-09
9.8067e-09
6.37399e-10
5.80055e-10
3.58316e-09
2.99757e-09
2.43059e-09
2.22951e-09
2.13432e-09
2.08761e-09
2.07227e-09
2.08035e-09
2.10669e-09
2.12478e-09
2.11928e-09
2.08411e-09
2.02225e-09
1.95417e-09
1.8579e-09
1.7105e-09
1.5336e-09
1.40259e-09
1.53204e-09
1.67964e-09
1.76563e-09
1.82775e-09
1.89903e-09
1.93823e-09
1.91188e-09
1.85124e-09
1.81359e-09
1.79998e-09
1.79938e-09
1.79931e-09
3.99521e-12
9.02107e-11
5.85638e-10
1.07539e-09
3.05013e-09
7.80835e-10
1.10003e-09
1.17928e-09
1.24386e-09
7.80797e-10
8.92648e-10
1.16565e-09
1.54259e-09
2.35369e-09
5.14838e-09
5.8366e-09
6.5316e-09
1.0947e-08
6.32115e-10
5.75468e-10
3.53463e-09
2.95385e-09
2.40387e-09
2.21058e-09
2.12238e-09
2.08236e-09
2.07095e-09
2.08091e-09
2.10699e-09
2.1241e-09
2.11776e-09
2.08214e-09
2.01984e-09
1.94976e-09
1.84991e-09
1.70007e-09
1.52231e-09
1.39064e-09
1.51443e-09
1.65935e-09
1.74516e-09
1.80506e-09
1.8711e-09
1.90573e-09
1.88042e-09
1.82361e-09
1.78684e-09
1.77185e-09
1.76911e-09
1.76703e-09
3.99554e-12
9.00262e-11
5.75331e-10
1.04071e-09
3.08524e-09
7.60953e-10
1.102e-09
1.17952e-09
1.21474e-09
7.68545e-10
8.80333e-10
1.15342e-09
1.531e-09
2.36144e-09
5.31757e-09
5.65738e-09
6.04543e-09
9.36034e-09
6.26638e-10
5.70807e-10
3.69617e-09
3.09468e-09
2.49399e-09
2.29288e-09
2.20702e-09
2.17191e-09
2.16375e-09
2.17598e-09
2.20281e-09
2.21911e-09
2.21022e-09
2.16992e-09
2.10051e-09
2.02073e-09
1.90689e-09
1.74236e-09
1.55187e-09
1.41411e-09
1.54931e-09
1.71322e-09
1.8082e-09
1.87184e-09
1.93879e-09
1.97256e-09
1.94693e-09
1.89039e-09
1.85265e-09
1.83634e-09
1.83256e-09
1.8296e-09
3.99594e-12
8.99006e-11
5.68095e-10
1.00612e-09
3.07617e-09
7.42298e-10
1.10376e-09
1.18163e-09
1.18551e-09
7.54872e-10
8.6533e-10
1.13667e-09
1.51225e-09
2.35295e-09
5.43854e-09
5.49386e-09
5.65883e-09
8.21723e-09
6.2078e-10
5.65854e-10
3.85759e-09
3.24702e-09
2.59076e-09
2.38209e-09
2.29995e-09
2.27028e-09
2.26577e-09
2.28036e-09
2.30774e-09
2.32283e-09
2.31081e-09
2.26492e-09
2.18715e-09
2.09615e-09
1.96645e-09
1.78577e-09
1.58167e-09
1.43764e-09
1.58513e-09
1.7709e-09
1.87633e-09
1.94413e-09
2.01205e-09
2.04527e-09
2.0194e-09
1.96328e-09
1.92464e-09
1.9071e-09
1.90232e-09
1.89851e-09
3.99644e-12
8.97911e-11
5.63054e-10
9.72567e-10
3.02279e-09
7.24661e-10
1.10454e-09
1.18436e-09
1.15674e-09
7.40304e-10
8.48379e-10
1.1164e-09
1.48804e-09
2.33115e-09
5.50728e-09
5.35373e-09
5.35941e-09
7.3875e-09
6.1452e-10
5.60597e-10
4.01122e-09
3.40938e-09
2.69258e-09
2.47717e-09
2.40019e-09
2.37645e-09
2.37597e-09
2.39291e-09
2.42055e-09
2.43399e-09
2.41821e-09
2.36574e-09
2.27835e-09
2.17453e-09
2.02717e-09
1.8291e-09
1.6108e-09
1.46047e-09
1.62074e-09
1.83119e-09
1.94844e-09
2.02082e-09
2.08984e-09
2.12276e-09
2.09688e-09
2.04128e-09
2.00188e-09
1.98321e-09
1.97752e-09
1.97287e-09
3.99707e-12
8.9683e-11
5.60067e-10
9.40645e-10
2.93462e-09
7.07875e-10
1.10383e-09
1.18681e-09
1.129e-09
7.25469e-10
8.30542e-10
1.09443e-09
1.4611e-09
2.30327e-09
5.5336e-09
5.23509e-09
5.11002e-09
6.75096e-09
6.07855e-10
5.55028e-10
4.15164e-09
3.58328e-09
2.80028e-09
2.5789e-09
2.50815e-09
2.49074e-09
2.49455e-09
2.51375e-09
2.54136e-09
2.55268e-09
2.53242e-09
2.47233e-09
2.37383e-09
2.25548e-09
2.08872e-09
1.87202e-09
1.63899e-09
1.48237e-09
1.65579e-09
1.89399e-09
2.02469e-09
2.10219e-09
2.17272e-09
2.20557e-09
2.17991e-09
2.12494e-09
2.08496e-09
2.06529e-09
2.05877e-09
2.05332e-09
3.99785e-12
8.96087e-11
5.5886e-10
9.10831e-10
2.82525e-09
6.91813e-10
1.10127e-09
1.18841e-09
1.10252e-09
7.10785e-10
8.12604e-10
1.07264e-09
1.43453e-09
2.27692e-09
5.54679e-09
5.11703e-09
4.88211e-09
6.23422e-09
6.00788e-10
5.49139e-10
4.27421e-09
3.77168e-09
2.91495e-09
2.68798e-09
2.62409e-09
2.61328e-09
2.6215e-09
2.6428e-09
2.67007e-09
2.67882e-09
2.65333e-09
2.58444e-09
2.47318e-09
2.33851e-09
2.15061e-09
1.91415e-09
1.66596e-09
1.50316e-09
1.68992e-09
1.95919e-09
2.10528e-09
2.1886e-09
2.26127e-09
2.29431e-09
2.26911e-09
2.21494e-09
2.17455e-09
2.15405e-09
2.14683e-09
2.14065e-09
3.99875e-12
8.95505e-11
5.59387e-10
8.8342e-10
2.70778e-09
6.76386e-10
1.09664e-09
1.18874e-09
1.07749e-09
6.96523e-10
7.95316e-10
1.05269e-09
1.41103e-09
2.26029e-09
5.5822e-09
4.98124e-09
4.65421e-09
5.78496e-09
5.93337e-10
5.42929e-10
4.37441e-09
3.97925e-09
3.03819e-09
2.80507e-09
2.74807e-09
2.74387e-09
2.75645e-09
2.77972e-09
2.80638e-09
2.81209e-09
2.78057e-09
2.70158e-09
2.57583e-09
2.423e-09
2.21226e-09
1.95507e-09
1.69147e-09
1.52265e-09
1.72275e-09
2.02664e-09
2.19048e-09
2.28047e-09
2.35606e-09
2.38974e-09
2.36527e-09
2.31209e-09
2.2715e-09
2.25037e-09
2.24261e-09
2.23579e-09
3.99976e-12
8.95018e-11
5.61393e-10
8.58566e-10
2.59201e-09
6.61535e-10
1.08988e-09
1.18748e-09
1.05407e-09
6.82964e-10
7.7944e-10
1.03584e-09
1.39374e-09
2.25925e-09
5.67912e-09
4.81358e-09
4.41596e-09
5.37051e-09
5.85537e-10
5.36407e-10
4.44793e-09
4.21303e-09
3.17187e-09
2.93059e-09
2.87984e-09
2.88191e-09
2.89872e-09
2.92384e-09
2.94969e-09
2.95194e-09
2.91356e-09
2.82308e-09
2.68099e-09
2.5082e-09
2.27303e-09
1.99436e-09
1.71528e-09
1.54067e-09
1.75391e-09
2.09616e-09
2.28058e-09
2.3783e-09
2.45774e-09
2.4927e-09
2.46934e-09
2.41734e-09
2.3768e-09
2.35527e-09
2.34718e-09
2.33985e-09
4.00083e-12
8.94567e-11
5.64803e-10
8.36441e-10
2.48356e-09
6.47212e-10
1.08107e-09
1.18445e-09
1.03242e-09
6.70471e-10
7.65754e-10
1.02323e-09
1.38501e-09
2.2764e-09
5.88169e-09
4.61466e-09
4.16267e-09
4.97591e-09
5.7744e-10
5.29593e-10
4.49047e-09
4.48307e-09
3.31807e-09
3.06474e-09
3.01873e-09
3.02639e-09
3.04721e-09
3.07414e-09
3.09909e-09
3.09751e-09
3.05142e-09
2.94799e-09
2.78775e-09
2.59325e-09
2.33227e-09
2.03161e-09
1.73718e-09
1.55708e-09
1.78302e-09
2.16754e-09
2.37596e-09
2.48271e-09
2.5671e-09
2.60425e-09
2.58247e-09
2.53187e-09
2.49164e-09
2.47001e-09
2.46186e-09
2.45422e-09
4.00193e-12
8.94113e-11
5.69352e-10
8.17124e-10
2.38501e-09
6.33377e-10
1.07038e-09
1.17952e-09
1.01295e-09
6.59496e-10
7.54498e-10
1.01603e-09
1.38675e-09
2.31288e-09
6.19346e-09
4.39502e-09
3.90139e-09
4.59805e-09
5.69111e-10
5.22514e-10
4.4978e-09
4.80303e-09
3.47884e-09
3.20732e-09
3.16365e-09
3.17587e-09
3.20046e-09
3.2293e-09
3.25335e-09
3.24763e-09
3.193e-09
3.07518e-09
2.89498e-09
2.67722e-09
2.3893e-09
2.06647e-09
1.75701e-09
1.57178e-09
1.80975e-09
2.24053e-09
2.47706e-09
2.59459e-09
2.68524e-09
2.72564e-09
2.70604e-09
2.65709e-09
2.61749e-09
2.59611e-09
2.58827e-09
2.58057e-09
4.00299e-12
8.93634e-11
5.74822e-10
8.00599e-10
2.29662e-09
6.19966e-10
1.05806e-09
1.1727e-09
9.96107e-10
6.50233e-10
7.46167e-10
1.01504e-09
1.3984e-09
2.37336e-09
6.60984e-09
4.16206e-09
3.64289e-09
4.24071e-09
5.60625e-10
5.15204e-10
4.46623e-09
5.19104e-09
3.65602e-09
3.35771e-09
3.31314e-09
3.3286e-09
3.35674e-09
3.38765e-09
3.41092e-09
3.40084e-09
3.33688e-09
3.20326e-09
3.00144e-09
2.75914e-09
2.44351e-09
2.09864e-09
1.77466e-09
1.58471e-09
1.83378e-09
2.31486e-09
2.58447e-09
2.71503e-09
2.81351e-09
2.85846e-09
2.8417e-09
2.79473e-09
2.75614e-09
2.73548e-09
2.7284e-09
2.72099e-09
4.00399e-12
8.93104e-11
5.80924e-10
7.86829e-10
2.21799e-09
6.06914e-10
1.04433e-09
1.16383e-09
9.82237e-10
6.4269e-10
7.41958e-10
1.02011e-09
1.41904e-09
2.45994e-09
7.12022e-09
3.92476e-09
3.39868e-09
3.90907e-09
5.52063e-10
5.07698e-10
4.39333e-09
5.67068e-09
3.85095e-09
3.5148e-09
3.46541e-09
3.48261e-09
3.51407e-09
3.54728e-09
3.56999e-09
3.55537e-09
3.48138e-09
3.33067e-09
3.1058e-09
2.83802e-09
2.49432e-09
2.12794e-09
1.79007e-09
1.59586e-09
1.8549e-09
2.39025e-09
2.69888e-09
2.84529e-09
2.95357e-09
3.00463e-09
2.99151e-09
2.94694e-09
2.90985e-09
2.89049e-09
2.88477e-09
2.87811e-09
4.00489e-12
8.92516e-11
5.87377e-10
7.75665e-10
2.14786e-09
5.94147e-10
1.0293e-09
1.15311e-09
9.71855e-10
6.37726e-10
7.42997e-10
1.02991e-09
1.44716e-09
2.57468e-09
7.64939e-09
3.68959e-09
3.17528e-09
3.60676e-09
5.4351e-10
5.00032e-10
4.27966e-09
6.27238e-09
4.06396e-09
3.67699e-09
3.61852e-09
3.63581e-09
3.67032e-09
3.7061e-09
3.72847e-09
3.70925e-09
3.62461e-09
3.45574e-09
3.20669e-09
2.91295e-09
2.54127e-09
2.15422e-09
1.80325e-09
1.60525e-09
1.87291e-09
2.46638e-09
2.82117e-09
2.98696e-09
3.10751e-09
3.16659e-09
3.15805e-09
3.11643e-09
3.08146e-09
3.06413e-09
3.06057e-09
3.05533e-09
4.00566e-12
8.91848e-11
5.93792e-10
7.67065e-10
2.08542e-09
5.81609e-10
1.01316e-09
1.14055e-09
9.66474e-10
6.36656e-10
7.48158e-10
1.04366e-09
1.48273e-09
2.72032e-09
8.03925e-09
3.45995e-09
2.97571e-09
3.33755e-09
5.3503e-10
4.92246e-10
4.13014e-09
7.03423e-09
4.29382e-09
3.84219e-09
3.77036e-09
3.7861e-09
3.82332e-09
3.86188e-09
3.88417e-09
3.8603e-09
3.76457e-09
3.57675e-09
3.30281e-09
2.98307e-09
2.58408e-09
2.17743e-09
1.81428e-09
1.61298e-09
1.88772e-09
2.54293e-09
2.95244e-09
3.14205e-09
3.27794e-09
3.34742e-09
3.34461e-09
3.30668e-09
3.27462e-09
3.26031e-09
3.25997e-09
3.25703e-09
4.0063e-12
8.91108e-11
5.9968e-10
7.60704e-10
2.02936e-09
5.69225e-10
9.95989e-10
1.12503e-09
9.69341e-10
6.40018e-10
7.56132e-10
1.06108e-09
1.52549e-09
2.90059e-09
8.08082e-09
3.24123e-09
2.79685e-09
3.10197e-09
5.26652e-10
4.8439e-10
3.95419e-09
7.99704e-09
4.53728e-09
4.00777e-09
3.91876e-09
3.93138e-09
3.9709e-09
4.01235e-09
4.03478e-09
4.00631e-09
3.8992e-09
3.69198e-09
3.39295e-09
3.04768e-09
2.62254e-09
2.19764e-09
1.8233e-09
1.61916e-09
1.89933e-09
2.61959e-09
3.09408e-09
3.31312e-09
3.46828e-09
3.55107e-09
3.55549e-09
3.5222e-09
3.4941e-09
3.48411e-09
3.48844e-09
3.48904e-09
4.00683e-12
8.90236e-11
6.04206e-10
7.56457e-10
1.97872e-09
5.57064e-10
9.7729e-10
1.10498e-09
9.83239e-10
6.47129e-10
7.66397e-10
1.08209e-09
1.57579e-09
3.12229e-09
7.67783e-09
3.03757e-09
2.63477e-09
2.89909e-09
5.18397e-10
4.76521e-10
3.76303e-09
9.18228e-09
4.78863e-09
4.17057e-09
4.06142e-09
4.06961e-09
4.11098e-09
4.1553e-09
4.17803e-09
4.14505e-09
4.02653e-09
3.79987e-09
3.47608e-09
3.10628e-09
2.65659e-09
2.215e-09
1.83051e-09
1.62398e-09
1.90779e-09
2.69611e-09
3.24789e-09
3.50356e-09
3.68293e-09
3.78276e-09
3.79634e-09
3.76897e-09
3.74625e-09
3.74236e-09
3.75337e-09
3.75929e-09
4.00726e-12
8.89303e-11
6.04729e-10
7.53613e-10
1.93615e-09
5.45617e-10
9.56779e-10
1.07829e-09
1.01079e-09
6.57101e-10
7.78615e-10
1.10668e-09
1.63396e-09
3.39875e-09
6.95054e-09
2.84759e-09
2.48622e-09
2.72446e-09
5.10276e-10
4.68694e-10
3.56879e-09
1.05268e-08
5.03933e-09
4.32693e-09
4.19597e-09
4.19881e-09
4.24156e-09
4.28865e-09
4.31177e-09
4.27443e-09
4.14471e-09
3.89904e-09
3.55139e-09
3.15854e-09
2.6863e-09
2.22972e-09
1.83615e-09
1.62766e-09
1.91329e-09
2.7723e-09
3.41624e-09
3.71783e-09
3.92778e-09
4.04949e-09
4.07479e-09
4.05511e-09
4.03974e-09
4.04447e-09
4.06502e-09
4.07882e-09
4.00762e-12
8.88345e-11
5.98116e-10
7.50164e-10
1.90775e-09
5.35219e-10
9.33944e-10
1.04015e-09
1.05227e-09
6.68883e-10
7.92506e-10
1.13473e-09
1.70091e-09
3.74863e-09
6.11316e-09
2.66985e-09
2.35034e-09
2.57291e-09
5.02321e-10
4.60961e-10
3.3808e-09
1.17573e-08
5.27873e-09
4.47294e-09
4.32005e-09
4.31711e-09
4.36084e-09
4.4105e-09
4.43404e-09
4.39258e-09
4.25212e-09
3.98833e-09
3.61829e-09
3.20431e-09
2.71182e-09
2.24206e-09
1.84048e-09
1.63045e-09
1.91607e-09
2.84815e-09
3.60225e-09
3.96206e-09
4.21084e-09
4.36089e-09
4.40142e-09
4.39191e-09
4.38671e-09
4.40368e-09
4.43798e-09
4.46353e-09
4.00786e-12
8.87339e-11
5.82165e-10
7.43404e-10
1.89595e-09
5.26725e-10
9.06179e-10
9.89532e-10
1.10324e-09
6.81613e-10
8.07943e-10
1.1661e-09
1.7775e-09
4.19919e-09
5.32126e-09
2.50279e-09
2.22366e-09
2.4372e-09
4.9458e-10
4.53359e-10
3.20794e-09
1.2399e-08
5.49453e-09
4.60459e-09
4.43135e-09
4.42279e-09
4.4672e-09
4.51916e-09
4.54312e-09
4.49785e-09
4.34739e-09
4.06686e-09
3.67639e-09
3.24359e-09
2.73338e-09
2.25231e-09
1.8438e-09
1.63264e-09
1.91648e-09
2.924e-09
3.81029e-09
4.24466e-09
4.54339e-09
4.73057e-09
4.7913e-09
4.79557e-09
4.80475e-09
4.83942e-09
4.89391e-09
4.93723e-09
4.00769e-12
8.861e-11
5.55968e-10
7.30335e-10
1.92225e-09
5.22662e-10
8.72626e-10
9.32494e-10
1.15773e-09
6.94617e-10
8.2472e-10
1.20031e-09
1.86418e-09
4.79149e-09
4.64034e-09
2.34559e-09
2.10359e-09
2.31272e-09
4.87188e-10
4.45941e-10
3.05294e-09
1.21868e-08
5.67653e-09
4.71859e-09
4.52789e-09
4.51436e-09
4.55928e-09
4.61327e-09
4.63761e-09
4.58893e-09
4.42949e-09
4.134e-09
3.72553e-09
3.2765e-09
2.75124e-09
2.26073e-09
1.84636e-09
1.63451e-09
1.91498e-09
3.00087e-09
4.04658e-09
4.57767e-09
4.94177e-09
5.1785e-09
5.26671e-09
5.29028e-09
5.32037e-09
5.38138e-09
5.46639e-09
5.53737e-09
4.00578e-12
8.84643e-11
5.25143e-10
7.07495e-10
2.04985e-09
5.24394e-10
8.35309e-10
8.76506e-10
1.20878e-09
7.07065e-10
8.42654e-10
1.23693e-09
1.96136e-09
5.59588e-09
4.07854e-09
2.19672e-09
1.98673e-09
2.18866e-09
4.80193e-10
4.38758e-10
2.92201e-09
1.14341e-08
5.81571e-09
4.81174e-09
4.60776e-09
4.59037e-09
4.63572e-09
4.69142e-09
4.71608e-09
4.66447e-09
4.49733e-09
4.18908e-09
3.76545e-09
3.30304e-09
2.76552e-09
2.26747e-09
1.84836e-09
1.63629e-09
1.91208e-09
3.08109e-09
4.32071e-09
4.97895e-09
5.43052e-09
5.73517e-09
5.86214e-09
5.91388e-09
5.97566e-09
6.07746e-09
6.21068e-09
6.32672e-09
3.99798e-12
8.8349e-11
4.98618e-10
6.73625e-10
2.42244e-09
5.30627e-10
7.98527e-10
8.27131e-10
1.25096e-09
7.18393e-10
8.61042e-10
1.27464e-09
2.06756e-09
6.74143e-09
3.62763e-09
2.05524e-09
1.87269e-09
2.06454e-09
4.73877e-10
4.31968e-10
2.80881e-09
1.05274e-08
5.91251e-09
4.88391e-09
4.67059e-09
4.65055e-09
4.69634e-09
4.75347e-09
4.7784e-09
4.72441e-09
4.55098e-09
4.23239e-09
3.79657e-09
3.32364e-09
2.77654e-09
2.27275e-09
1.84999e-09
1.63822e-09
1.90897e-09
3.16964e-09
4.64825e-09
5.47617e-09
6.04843e-09
6.44979e-09
6.63417e-09
6.72942e-09
6.84202e-09
7.01082e-09
7.22518e-09
7.41982e-09
3.98217e-12
8.86377e-11
4.97066e-10
6.34066e-10
3.31267e-09
5.38094e-10
7.63945e-10
7.88073e-10
1.27776e-09
7.27199e-10
8.7963e-10
1.31442e-09
2.17864e-09
8.42531e-09
3.27821e-09
1.9271e-09
1.75889e-09
1.92559e-09
4.67996e-10
4.25766e-10
2.72699e-09
9.79825e-09
5.96283e-09
4.93096e-09
4.71265e-09
4.69093e-09
4.73685e-09
4.79476e-09
4.81964e-09
4.76378e-09
4.58589e-09
4.26018e-09
3.81614e-09
3.33635e-09
2.78305e-09
2.27566e-09
1.85064e-09
1.63959e-09
1.90505e-09
3.27646e-09
5.05745e-09
6.11438e-09
6.8601e-09
7.40689e-09
7.68224e-09
7.84991e-09
8.05061e-09
8.3391e-09
8.70354e-09
9.05043e-09
3.88883e-12
8.83689e-11
4.42825e-10
5.90992e-10
5.72828e-09
5.41146e-10
7.40098e-10
7.61454e-10
1.29151e-09
7.35824e-10
9.00387e-10
1.34179e-09
2.26486e-09
1.03612e-08
3.06277e-09
1.84139e-09
1.67717e-09
1.84048e-09
4.64006e-10
4.20996e-10
2.66214e-09
9.14678e-09
5.99018e-09
4.97538e-09
4.75891e-09
4.73935e-09
4.78882e-09
4.85043e-09
4.87765e-09
4.82132e-09
4.63868e-09
4.3036e-09
3.848e-09
3.35824e-09
2.79571e-09
2.28314e-09
1.85501e-09
1.64552e-09
1.91546e-09
3.35455e-09
5.41039e-09
6.72135e-09
7.65566e-09
8.36699e-09
8.75208e-09
9.01308e-09
9.33179e-09
9.78476e-09
1.03626e-08
1.09361e-08
1.78946e-09
1.76572e-09
1.73035e-09
1.69099e-09
1.6556e-09
1.63353e-09
1.63601e-09
1.67153e-09
1.75323e-09
1.91124e-09
2.19322e-09
2.70221e-09
3.59596e-09
4.86989e-09
3.38163e-09
4.74481e-10
3.25718e-10
4.74014e-10
5.18761e-10
5.32702e-10
5.28444e-10
5.17156e-10
5.04214e-10
4.93705e-10
4.88634e-10
4.92869e-10
5.10252e-10
5.48189e-10
6.11102e-10
7.06595e-10
8.50007e-10
1.05553e-09
1.33493e-09
1.69312e-09
2.06184e-09
2.20667e-09
2.00947e-09
1.68501e-09
1.42649e-09
1.44284e-09
1.43875e-09
1.55403e-09
1.54096e-09
7.44914e-10
4.33694e-10
4.30487e-10
5.34789e-10
5.64299e-10
1.23013e-10
1.23402e-11
1.75573e-09
1.73108e-09
1.69534e-09
1.65582e-09
1.62019e-09
1.59734e-09
1.59783e-09
1.62966e-09
1.70495e-09
1.8513e-09
2.111e-09
2.57378e-09
3.37289e-09
4.61305e-09
3.43629e-09
4.69665e-10
3.22636e-10
4.71299e-10
5.15863e-10
5.30453e-10
5.27168e-10
5.16661e-10
5.04577e-10
4.94999e-10
4.90746e-10
4.95351e-10
5.12295e-10
5.47835e-10
6.06031e-10
6.93706e-10
8.23344e-10
1.00961e-09
1.26579e-09
1.60605e-09
1.99742e-09
2.23327e-09
2.09901e-09
1.76515e-09
1.47567e-09
1.46559e-09
1.87647e-09
1.58544e-09
1.6149e-09
9.35696e-10
4.7802e-10
4.20981e-10
5.35682e-10
5.98483e-10
6.18085e-10
1.65309e-10
1.81717e-09
1.79065e-09
1.75232e-09
1.70997e-09
1.67187e-09
1.64736e-09
1.64749e-09
1.68079e-09
1.7602e-09
1.9153e-09
2.19157e-09
2.68607e-09
3.53517e-09
4.68765e-09
3.32667e-09
4.63865e-10
3.19007e-10
4.66472e-10
5.09806e-10
5.24617e-10
5.22164e-10
5.12717e-10
5.01935e-10
4.93666e-10
4.90542e-10
4.95732e-10
5.12397e-10
5.45583e-10
5.99416e-10
6.79742e-10
7.96536e-10
9.65235e-10
1.20158e-09
1.53129e-09
1.96491e-09
2.34842e-09
2.31837e-09
1.94017e-09
1.5855e-09
1.43571e-09
1.93154e-09
1.65397e-09
1.68373e-09
9.83758e-10
5.36631e-10
4.48538e-10
5.33838e-10
5.97632e-10
5.80376e-10
6.08784e-10
1.88489e-09
1.85632e-09
1.81513e-09
1.76968e-09
1.72885e-09
1.70254e-09
1.70236e-09
1.73744e-09
1.82167e-09
1.9869e-09
2.28249e-09
2.81408e-09
3.71865e-09
4.74293e-09
3.21985e-09
4.58066e-10
3.15365e-10
4.61662e-10
5.03878e-10
5.18866e-10
5.17133e-10
5.08755e-10
4.99244e-10
4.92209e-10
4.90134e-10
4.95839e-10
5.12199e-10
5.43282e-10
5.93334e-10
6.67154e-10
7.72972e-10
9.26141e-10
1.14312e-09
1.45497e-09
1.9024e-09
2.41326e-09
2.55422e-09
2.15173e-09
1.70738e-09
1.51241e-09
1.51031e-09
1.84576e-09
1.74354e-09
9.98019e-10
5.61335e-10
4.92805e-10
5.62094e-10
6.0433e-10
5.80991e-10
5.48046e-10
1.95802e-09
1.92722e-09
1.88292e-09
1.83408e-09
1.79028e-09
1.76205e-09
1.7616e-09
1.79875e-09
1.88842e-09
2.06508e-09
2.3826e-09
2.95639e-09
3.91966e-09
4.77271e-09
3.11831e-09
4.52295e-10
3.11718e-10
4.56924e-10
4.98104e-10
5.13196e-10
5.12159e-10
5.04847e-10
4.96543e-10
4.90664e-10
4.89553e-10
4.95719e-10
5.11771e-10
5.41029e-10
5.87749e-10
6.5574e-10
7.52401e-10
8.91899e-10
1.09077e-09
1.38146e-09
1.82077e-09
2.41941e-09
2.80371e-09
2.40612e-09
1.85527e-09
1.60517e-09
1.57286e-09
1.50302e-09
1.66048e-09
1.01298e-09
5.79069e-10
5.37371e-10
6.03019e-10
6.11597e-10
5.85981e-10
5.50034e-10
2.03718e-09
2.00398e-09
1.95628e-09
1.90374e-09
1.85671e-09
1.82642e-09
1.82577e-09
1.86533e-09
1.96117e-09
2.15083e-09
2.49345e-09
3.1157e-09
4.14053e-09
4.77598e-09
3.02204e-09
4.4656e-10
3.0807e-10
4.52263e-10
4.92428e-10
5.07614e-10
5.07275e-10
5.00992e-10
4.93828e-10
4.89029e-10
4.88803e-10
4.95389e-10
5.11148e-10
5.38864e-10
5.826e-10
6.45483e-10
7.34523e-10
8.62094e-10
1.04446e-09
1.31318e-09
1.73194e-09
2.38545e-09
3.0132e-09
2.68293e-09
2.02965e-09
1.70918e-09
1.68944e-09
1.4692e-09
1.26592e-09
9.00428e-10
6.33252e-10
5.80448e-10
6.13405e-10
6.16905e-10
5.91605e-10
5.55025e-10
2.12318e-09
2.08738e-09
2.03596e-09
1.97936e-09
1.92882e-09
1.89631e-09
1.89554e-09
1.93793e-09
2.04086e-09
2.24543e-09
2.61703e-09
3.29558e-09
4.38399e-09
4.75391e-09
2.932e-09
4.40861e-10
3.04427e-10
4.47657e-10
4.86846e-10
5.02142e-10
5.02485e-10
4.97183e-10
4.91092e-10
4.873e-10
4.87888e-10
4.94861e-10
5.10347e-10
5.36783e-10
5.77763e-10
6.36338e-10
7.19041e-10
8.36203e-10
1.00375e-09
1.25182e-09
1.64791e-09
2.30524e-09
3.12389e-09
2.97886e-09
2.21779e-09
1.8222e-09
1.8242e-09
1.5679e-09
1.20525e-09
8.34576e-10
6.15821e-10
5.77398e-10
6.15238e-10
6.22764e-10
5.98012e-10
5.6132e-10
2.21696e-09
2.17836e-09
2.12285e-09
2.0618e-09
2.00739e-09
1.97251e-09
1.97175e-09
2.01747e-09
2.1286e-09
2.35043e-09
2.75593e-09
3.50076e-09
4.65307e-09
4.70891e-09
2.84796e-09
4.35207e-10
3.00787e-10
4.43101e-10
4.81361e-10
4.96781e-10
4.97782e-10
4.93413e-10
4.88332e-10
4.85479e-10
4.86812e-10
4.94143e-10
5.09382e-10
5.34729e-10
5.73232e-10
6.2826e-10
7.05476e-10
8.13618e-10
9.68799e-10
1.19858e-09
1.56483e-09
2.18891e-09
3.13722e-09
3.29618e-09
2.42666e-09
1.94607e-09
1.97977e-09
1.68676e-09
1.27837e-09
8.39245e-10
6.11716e-10
5.73105e-10
6.1757e-10
6.30261e-10
6.0363e-10
5.65771e-10
2.31967e-09
2.27803e-09
2.21802e-09
2.15206e-09
2.09342e-09
2.05597e-09
2.05539e-09
2.10508e-09
2.22579e-09
2.46784e-09
2.9135e-09
3.73755e-09
4.95079e-09
4.6442e-09
2.76969e-09
4.296e-10
2.97151e-10
4.38592e-10
4.75971e-10
4.91526e-10
4.93161e-10
4.89678e-10
4.85545e-10
4.83566e-10
4.85583e-10
4.93246e-10
5.08275e-10
5.32678e-10
5.6908e-10
6.21059e-10
6.93316e-10
7.93901e-10
9.3866e-10
1.15156e-09
1.48665e-09
2.06687e-09
3.06305e-09
3.58927e-09
2.67209e-09
2.08291e-09
2.16343e-09
1.82486e-09
1.37939e-09
9.09462e-10
6.14665e-10
5.68309e-10
6.20506e-10
6.3813e-10
6.09378e-10
5.71552e-10
2.43269e-09
2.38777e-09
2.3228e-09
2.25138e-09
2.18806e-09
2.14787e-09
2.14768e-09
2.20216e-09
2.33417e-09
2.6002e-09
3.09417e-09
4.01464e-09
5.27974e-09
4.56328e-09
2.69698e-09
4.24043e-10
2.93519e-10
4.34127e-10
4.70673e-10
4.86373e-10
4.88618e-10
4.85975e-10
4.82731e-10
4.81562e-10
4.84208e-10
4.92183e-10
5.07044e-10
5.30636e-10
5.65302e-10
6.14538e-10
6.82512e-10
7.76919e-10
9.11441e-10
1.11026e-09
1.41944e-09
1.94962e-09
2.91388e-09
3.80638e-09
2.96663e-09
2.23537e-09
2.38472e-09
1.97896e-09
1.44193e-09
9.44902e-10
6.79624e-10
5.83609e-10
6.23304e-10
6.48583e-10
6.15896e-10
5.78447e-10
2.55775e-09
2.50929e-09
2.4388e-09
2.36129e-09
2.29279e-09
2.24964e-09
2.25015e-09
2.31043e-09
2.45596e-09
2.75083e-09
3.30399e-09
4.34427e-09
5.64082e-09
4.46952e-09
2.62949e-09
4.18539e-10
2.89891e-10
4.29706e-10
4.65464e-10
4.81318e-10
4.84149e-10
4.82301e-10
4.79888e-10
4.79472e-10
4.82699e-10
4.90967e-10
5.05702e-10
5.28604e-10
5.61835e-10
6.0861e-10
6.73045e-10
7.62148e-10
8.87671e-10
1.07243e-09
1.35885e-09
1.84368e-09
2.74223e-09
3.93671e-09
3.30437e-09
2.40135e-09
2.66563e-09
2.28225e-09
1.39944e-09
9.34718e-10
7.35117e-10
6.39738e-10
6.46699e-10
6.62788e-10
6.25066e-10
5.85935e-10
2.69698e-09
2.6447e-09
2.56804e-09
2.48369e-09
2.4094e-09
2.36308e-09
2.36468e-09
2.4321e-09
2.59403e-09
2.92416e-09
3.55133e-09
4.74416e-09
6.03094e-09
4.36581e-09
2.56687e-09
4.13089e-10
2.86267e-10
4.25325e-10
4.60341e-10
4.76357e-10
4.79752e-10
4.78654e-10
4.77019e-10
4.77302e-10
4.81063e-10
4.89609e-10
5.04254e-10
5.26572e-10
5.58588e-10
6.03223e-10
6.64627e-10
7.48989e-10
8.66986e-10
1.03938e-09
1.30467e-09
1.74947e-09
2.58185e-09
3.95748e-09
3.68129e-09
2.58405e-09
2.85378e-09
2.52503e-09
1.34667e-09
9.47225e-10
7.58756e-10
7.03114e-10
6.99982e-10
6.78658e-10
6.34962e-10
5.94345e-10
2.85311e-09
2.79668e-09
2.71307e-09
2.62098e-09
2.54019e-09
2.49044e-09
2.4937e-09
2.57001e-09
2.75212e-09
3.12617e-09
3.84823e-09
5.24085e-09
6.43862e-09
4.25434e-09
2.5087e-09
4.07693e-10
2.82646e-10
4.20985e-10
4.55301e-10
4.71489e-10
4.75425e-10
4.75037e-10
4.74129e-10
4.7506e-10
4.79315e-10
4.88121e-10
5.02706e-10
5.24533e-10
5.55507e-10
5.98323e-10
6.57015e-10
7.3731e-10
8.4909e-10
1.01065e-09
1.25746e-09
1.66746e-09
2.4337e-09
3.86911e-09
4.08504e-09
2.69965e-09
2.46988e-09
2.26796e-09
1.39566e-09
9.60834e-10
8.05355e-10
7.75286e-10
7.46523e-10
6.92639e-10
6.44911e-10
6.03031e-10
3.02961e-09
2.96869e-09
2.87719e-09
2.77624e-09
2.68806e-09
2.63462e-09
2.64031e-09
2.72785e-09
2.93526e-09
3.36521e-09
4.21258e-09
5.87548e-09
6.83692e-09
4.13652e-09
2.4545e-09
4.02353e-10
2.79028e-10
4.16684e-10
4.50344e-10
4.66713e-10
4.7117e-10
4.71453e-10
4.71225e-10
4.72755e-10
4.77465e-10
4.86517e-10
5.01067e-10
5.22486e-10
5.52574e-10
5.93861e-10
6.50155e-10
7.27003e-10
8.33405e-10
9.85696e-10
1.21653e-09
1.59611e-09
2.29958e-09
3.71071e-09
4.5041e-09
2.95853e-09
2.07828e-09
1.89283e-09
1.41416e-09
1.02185e-09
9.03429e-10
8.36382e-10
7.64523e-10
7.04313e-10
6.54865e-10
6.11856e-10
3.23103e-09
3.16523e-09
3.06467e-09
2.95346e-09
2.85683e-09
2.79941e-09
2.8086e-09
2.91054e-09
3.1503e-09
3.65326e-09
4.67224e-09
6.71397e-09
7.17529e-09
4.01288e-09
2.40372e-09
3.97069e-10
2.75413e-10
4.12422e-10
4.45471e-10
4.62031e-10
4.66992e-10
4.67909e-10
4.68316e-10
4.70402e-10
4.75531e-10
4.84814e-10
4.99345e-10
5.20425e-10
5.49762e-10
5.89753e-10
6.43974e-10
7.17758e-10
8.19479e-10
9.63963e-10
1.18079e-09
1.53384e-09
2.1803e-09
3.52017e-09
4.90134e-09
3.28836e-09
2.18e-09
1.64148e-09
1.34945e-09
1.1215e-09
9.62687e-10
8.58238e-10
7.78501e-10
7.15792e-10
6.6485e-10
6.20703e-10
3.46343e-09
3.39231e-09
3.2812e-09
3.15795e-09
3.0515e-09
2.9898e-09
3.00403e-09
3.12482e-09
3.40692e-09
4.00818e-09
5.27313e-09
7.86342e-09
7.37797e-09
3.88315e-09
2.35571e-09
3.91844e-10
2.71801e-10
4.08202e-10
4.40686e-10
4.5745e-10
4.629e-10
4.64418e-10
4.65418e-10
4.68016e-10
4.7353e-10
4.83026e-10
4.97553e-10
5.18348e-10
5.47042e-10
5.85918e-10
6.38344e-10
7.09386e-10
8.07018e-10
9.44728e-10
1.14938e-09
1.47891e-09
2.07502e-09
3.3233e-09
5.2171e-09
3.68919e-09
2.35817e-09
1.71831e-09
1.36351e-09
1.13978e-09
9.86725e-10
8.75932e-10
7.92381e-10
7.27358e-10
6.74837e-10
6.29484e-10
3.73506e-09
3.65814e-09
3.53455e-09
3.3969e-09
3.27889e-09
3.2126e-09
3.23409e-09
3.38006e-09
3.71913e-09
4.45784e-09
6.09701e-09
9.48398e-09
7.36405e-09
3.7463e-09
2.30965e-09
3.86679e-10
2.68193e-10
4.04028e-10
4.35998e-10
4.52982e-10
4.58909e-10
4.60996e-10
4.6255e-10
4.6562e-10
4.71484e-10
4.81175e-10
4.95703e-10
5.16256e-10
5.44394e-10
5.82299e-10
6.33161e-10
7.01782e-10
7.95733e-10
9.27642e-10
1.1216e-09
1.43047e-09
1.9825e-09
3.13519e-09
5.38696e-09
4.17074e-09
2.55904e-09
1.81836e-09
1.42046e-09
1.17591e-09
1.0115e-09
8.94114e-10
8.0664e-10
7.39107e-10
6.84855e-10
6.38194e-10
4.05751e-09
3.97424e-09
3.83557e-09
3.68036e-09
3.54845e-09
3.47727e-09
3.50932e-09
3.68985e-09
4.10819e-09
5.04842e-09
7.30532e-09
1.16793e-08
7.09278e-09
3.60068e-09
2.26449e-09
3.81578e-10
2.6459e-10
3.99908e-10
4.31424e-10
4.48647e-10
4.55043e-10
4.5767e-10
4.59738e-10
4.6324e-10
4.6942e-10
4.79286e-10
4.93815e-10
5.14154e-10
5.41804e-10
5.78856e-10
6.28343e-10
6.94826e-10
7.85469e-10
9.12258e-10
1.09702e-09
1.38801e-09
1.90154e-09
2.96413e-09
5.3873e-09
4.74777e-09
2.78028e-09
1.92276e-09
1.47928e-09
1.21296e-09
1.03691e-09
9.12829e-10
8.21248e-10
7.51037e-10
6.94924e-10
6.4686e-10
4.44754e-09
4.35734e-09
4.19995e-09
4.02273e-09
3.87372e-09
3.79742e-09
3.84509e-09
4.07457e-09
4.60791e-09
5.86282e-09
9.26853e-09
1.36935e-08
6.59828e-09
3.44421e-09
2.21879e-09
3.76547e-10
2.60998e-10
3.95861e-10
4.26991e-10
4.44475e-10
4.51335e-10
4.54472e-10
4.57015e-10
4.60909e-10
4.67371e-10
4.77387e-10
4.91913e-10
5.12059e-10
5.39275e-10
5.75569e-10
6.23844e-10
6.88436e-10
7.76156e-10
8.98327e-10
1.07527e-09
1.35083e-09
1.83137e-09
2.81303e-09
5.25421e-09
5.44241e-09
3.02393e-09
2.03092e-09
1.53895e-09
1.25047e-09
1.06274e-09
9.31901e-10
8.36125e-10
7.6315e-10
7.05105e-10
6.55577e-10
4.93051e-09
4.83272e-09
4.65134e-09
4.4456e-09
4.27488e-09
4.19335e-09
4.26475e-09
4.56638e-09
5.27584e-09
7.0673e-09
1.30568e-08
1.31443e-08
5.97087e-09
3.27478e-09
2.17055e-09
3.71596e-10
2.57424e-10
3.91912e-10
4.2274e-10
4.40512e-10
4.4783e-10
4.51446e-10
4.54423e-10
4.58668e-10
4.65375e-10
4.75518e-10
4.90031e-10
5.09997e-10
5.3682e-10
5.72439e-10
6.1964e-10
6.82568e-10
7.67709e-10
8.8576e-10
1.05597e-09
1.31852e-09
1.77096e-09
2.68268e-09
5.04254e-09
6.2865e-09
3.29257e-09
2.14258e-09
1.59908e-09
1.28805e-09
1.08863e-09
9.51052e-10
8.51086e-10
7.75342e-10
7.15355e-10
6.64354e-10
5.54666e-09
5.44071e-09
5.22719e-09
4.98283e-09
4.78343e-09
4.69694e-09
4.8057e-09
5.21938e-09
6.21912e-09
9.05631e-09
2.29287e-08
1.05045e-08
5.3052e-09
3.09079e-09
2.11692e-09
3.66738e-10
2.53885e-10
3.88109e-10
4.18735e-10
4.3682e-10
4.44588e-10
4.48647e-10
4.52015e-10
4.56565e-10
4.63481e-10
4.73722e-10
4.8821e-10
5.08004e-10
5.3447e-10
5.69487e-10
6.15741e-10
6.77211e-10
7.60095e-10
8.7456e-10
1.03887e-09
1.29051e-09
1.71962e-09
2.57162e-09
4.80593e-09
7.30825e-09
3.58715e-09
2.25669e-09
1.65894e-09
1.3251e-09
1.11409e-09
9.69882e-10
8.658e-10
7.87333e-10
7.25429e-10
6.72964e-10
6.36439e-09
6.25003e-09
5.99085e-09
5.69106e-09
5.45166e-09
5.36131e-09
5.5321e-09
6.13272e-09
7.66478e-09
1.30725e-08
3.27239e-08
8.11704e-09
4.66651e-09
2.89187e-09
2.05392e-09
3.62e-10
2.50413e-10
3.84527e-10
4.15068e-10
4.33485e-10
4.41683e-10
4.46142e-10
4.4985e-10
4.54658e-10
4.61741e-10
4.72052e-10
4.86502e-10
5.06131e-10
5.32273e-10
5.66755e-10
6.1218e-10
6.72387e-10
7.53322e-10
8.64701e-10
1.02389e-09
1.26648e-09
1.67638e-09
2.47897e-09
4.57665e-09
8.50436e-09
3.90542e-09
2.36993e-09
1.71657e-09
1.3603e-09
1.13811e-09
9.87579e-10
8.79585e-10
7.9853e-10
7.34801e-10
6.80938e-10
7.51092e-09
7.38915e-09
7.05949e-09
6.67337e-09
6.37379e-09
6.28288e-09
6.56497e-09
7.51173e-09
1.02015e-08
2.63618e-08
1.59637e-08
6.42736e-09
4.08789e-09
2.67963e-09
1.97624e-09
3.57418e-10
2.47071e-10
3.81284e-10
4.11869e-10
4.30621e-10
4.39215e-10
4.44017e-10
4.48006e-10
4.5302e-10
4.60229e-10
4.70584e-10
4.84986e-10
5.0446e-10
5.30313e-10
5.64333e-10
6.09051e-10
6.68192e-10
7.47493e-10
8.56295e-10
1.01117e-09
1.24628e-09
1.64079e-09
2.40341e-09
4.37526e-09
9.82761e-09
4.23646e-09
2.47885e-09
1.77047e-09
1.39279e-09
1.16014e-09
1.00374e-09
8.92126e-10
8.08678e-10
7.43256e-10
6.88086e-10
9.25344e-09
9.13027e-09
8.67771e-09
8.1402e-09
7.73952e-09
7.65775e-09
8.16486e-09
9.87042e-09
1.60329e-08
7.45e-08
9.97304e-09
5.24547e-09
3.58104e-09
2.45852e-09
1.87789e-09
3.53055e-10
2.43982e-10
3.78548e-10
4.09289e-10
4.28336e-10
4.37256e-10
4.42323e-10
4.46522e-10
4.51681e-10
4.58972e-10
4.6934e-10
4.83682e-10
5.03011e-10
5.28615e-10
5.62246e-10
6.06384e-10
6.64663e-10
7.42659e-10
8.4941e-10
1.00089e-09
1.23001e-09
1.61281e-09
2.34497e-09
4.21244e-09
1.10728e-08
4.54935e-09
2.57298e-09
1.81539e-09
1.4193e-09
1.17785e-09
1.01658e-09
9.01998e-10
8.16602e-10
7.49817e-10
6.93609e-10
1.13157e-08
1.1201e-08
1.05725e-08
9.82172e-09
9.28549e-09
9.22742e-09
1.00864e-08
1.3161e-08
3.09006e-08
2.1626e-08
7.81761e-09
4.59426e-09
3.25899e-09
2.30255e-09
1.81482e-09
3.49938e-10
2.414e-10
3.76703e-10
4.07729e-10
4.27051e-10
4.36239e-10
4.41516e-10
4.45878e-10
4.51155e-10
4.5852e-10
4.68917e-10
4.83242e-10
5.02501e-10
5.27968e-10
5.61377e-10
6.05172e-10
6.6293e-10
7.40126e-10
8.45598e-10
9.94919e-10
1.22009e-09
1.59558e-09
2.30877e-09
4.10712e-09
1.20539e-08
4.80655e-09
2.64645e-09
1.85049e-09
1.44018e-09
1.19195e-09
1.02691e-09
9.10024e-10
8.23107e-10
7.55254e-10
6.98213e-10
4.93928e-13
4.94901e-13
4.94749e-13
4.94558e-13
4.94341e-13
4.9411e-13
4.9399e-13
4.93831e-13
4.93355e-13
4.92526e-13
4.91616e-13
4.90905e-13
4.9035e-13
4.8984e-13
4.89321e-13
4.88777e-13
4.88203e-13
4.876e-13
4.86967e-13
4.86304e-13
4.85609e-13
4.84879e-13
4.84114e-13
4.83348e-13
4.83387e-13
4.8338e-13
4.82607e-13
4.81814e-13
4.81287e-13
4.80686e-13
4.7968e-13
4.7839e-13
4.77935e-13
4.77703e-13
4.77333e-13
4.76767e-13
4.76263e-13
4.75924e-13
4.75648e-13
4.75387e-13
4.75128e-13
4.74875e-13
4.74638e-13
4.7442e-13
4.74211e-13
4.74003e-13
4.7379e-13
4.73572e-13
4.73321e-13
4.72557e-13
2.24735e-11
2.09796e-11
2.08398e-11
2.08378e-11
2.08338e-11
2.08177e-11
2.08186e-11
2.08453e-11
2.08458e-11
2.08151e-11
2.07764e-11
2.07661e-11
2.07631e-11
2.07577e-11
2.07499e-11
2.0741e-11
2.07315e-11
2.07214e-11
2.0711e-11
2.07001e-11
2.06887e-11
2.0677e-11
2.06648e-11
2.06479e-11
2.06837e-11
2.07012e-11
2.06595e-11
2.06436e-11
2.06459e-11
2.06367e-11
2.05938e-11
2.05533e-11
2.05836e-11
2.05912e-11
2.05873e-11
2.05696e-11
2.05576e-11
2.05566e-11
2.05538e-11
2.05489e-11
2.05431e-11
2.05386e-11
2.05376e-11
2.05369e-11
2.05342e-11
2.05307e-11
2.05275e-11
2.05267e-11
2.05703e-11
2.12534e-11
3.29683e-10
3.04874e-10
3.09321e-10
3.1249e-10
3.09093e-10
3.07177e-10
3.08382e-10
3.05592e-10
2.68359e-10
2.37463e-10
2.40661e-10
2.58593e-10
2.67129e-10
2.67491e-10
2.64822e-10
2.61418e-10
2.57935e-10
2.54492e-10
2.51106e-10
2.47807e-10
2.4469e-10
2.41914e-10
2.39962e-10
2.53602e-10
2.64665e-10
2.62596e-10
2.34624e-10
2.39117e-10
2.55022e-10
2.42267e-10
2.11115e-10
2.25143e-10
2.59646e-10
2.63766e-10
2.54692e-10
2.46804e-10
2.51752e-10
2.57259e-10
2.57119e-10
2.53858e-10
2.49735e-10
2.49187e-10
2.57501e-10
2.67021e-10
2.69995e-10
2.69659e-10
2.68589e-10
2.67506e-10
2.66177e-10
2.73986e-10
5.30229e-10
5.53498e-10
6.0301e-10
5.97908e-10
5.69446e-10
5.78631e-10
5.86883e-10
5.29884e-10
3.75747e-10
3.02196e-10
3.21983e-10
3.84455e-10
4.20357e-10
4.2584e-10
4.20014e-10
4.11893e-10
4.03822e-10
3.9615e-10
3.88874e-10
3.82082e-10
3.7606e-10
3.71273e-10
3.68859e-10
4.45865e-10
4.764e-10
4.41146e-10
3.56377e-10
3.99395e-10
4.46092e-10
3.88533e-10
2.88519e-10
3.54256e-10
5.76884e-10
6.1523e-10
5.16529e-10
4.68224e-10
5.27613e-10
5.96174e-10
5.99684e-10
5.65792e-10
5.27463e-10
5.26523e-10
6.35755e-10
8.78238e-10
1.04268e-09
1.04575e-09
1.00283e-09
9.60157e-10
9.25138e-10
8.929e-10
5.2219e-10
5.43445e-10
5.95942e-10
5.88766e-10
5.55618e-10
5.64167e-10
5.74748e-10
5.21128e-10
3.67674e-10
2.92944e-10
3.12657e-10
3.76685e-10
4.12611e-10
4.17899e-10
4.12373e-10
4.04786e-10
3.97282e-10
3.90148e-10
3.83366e-10
3.77009e-10
3.71356e-10
3.66861e-10
3.64049e-10
4.3969e-10
4.61004e-10
3.45107e-10
3.15621e-10
3.4637e-10
3.85541e-10
4.15753e-10
3.0035e-10
3.48138e-10
5.75171e-10
6.11699e-10
5.10943e-10
4.61158e-10
5.21752e-10
5.92107e-10
5.95346e-10
5.6122e-10
5.22487e-10
5.20396e-10
6.27727e-10
8.70723e-10
1.03937e-09
1.04469e-09
1.00366e-09
9.63175e-10
9.3121e-10
9.07661e-10
5.2443e-10
5.44267e-10
6.04561e-10
5.96531e-10
5.5606e-10
5.63873e-10
5.78063e-10
5.26174e-10
3.64631e-10
2.85943e-10
3.05607e-10
3.72788e-10
4.09717e-10
4.14731e-10
4.09056e-10
4.01502e-10
3.94082e-10
3.87026e-10
3.80294e-10
3.73948e-10
3.68264e-10
3.63724e-10
3.60445e-10
4.06757e-10
3.81729e-10
3.30076e-10
3.09423e-10
3.44484e-10
3.78981e-10
3.83324e-10
3.26945e-10
3.72294e-10
5.75303e-10
6.0921e-10
5.0621e-10
4.54279e-10
5.15575e-10
5.87417e-10
5.90132e-10
5.55765e-10
5.16695e-10
5.13339e-10
6.17753e-10
8.58063e-10
1.02776e-09
1.0351e-09
9.96622e-10
9.58763e-10
9.29348e-10
9.08215e-10
5.27939e-10
5.45224e-10
6.14338e-10
6.05687e-10
5.57274e-10
5.63958e-10
5.82437e-10
5.33485e-10
3.62316e-10
2.79096e-10
2.98743e-10
3.69483e-10
4.07493e-10
4.12108e-10
4.06172e-10
3.98547e-10
3.91107e-10
3.84024e-10
3.77239e-10
3.70809e-10
3.65012e-10
3.60367e-10
3.57472e-10
3.60971e-10
3.79493e-10
3.51195e-10
3.47365e-10
4.07422e-10
4.29894e-10
3.76942e-10
3.32043e-10
4.53791e-10
5.89945e-10
6.06262e-10
5.0114e-10
4.47164e-10
5.09214e-10
5.82637e-10
5.84818e-10
5.50297e-10
5.10978e-10
5.06416e-10
6.0798e-10
8.46451e-10
1.01871e-09
1.02809e-09
9.91584e-10
9.55629e-10
9.27984e-10
9.08349e-10
5.31734e-10
5.47435e-10
6.41396e-10
6.2965e-10
5.58041e-10
5.6327e-10
5.86456e-10
5.42139e-10
3.60412e-10
2.72234e-10
2.91926e-10
3.66552e-10
4.05665e-10
4.0976e-10
4.03486e-10
3.95727e-10
3.88205e-10
3.81038e-10
3.74155e-10
3.67614e-10
3.6171e-10
3.57002e-10
3.54268e-10
3.54554e-10
3.61522e-10
3.73477e-10
3.85369e-10
4.00106e-10
4.32712e-10
4.14993e-10
4.3997e-10
5.58148e-10
6.07132e-10
6.01564e-10
4.95205e-10
4.39475e-10
5.02374e-10
5.77503e-10
5.79215e-10
5.44703e-10
5.05269e-10
4.99578e-10
5.98319e-10
8.35628e-10
1.01171e-09
1.02304e-09
9.8799e-10
9.53387e-10
9.27e-10
9.08452e-10
5.36491e-10
5.22251e-10
6.36845e-10
6.95262e-10
6.13402e-10
5.79068e-10
5.89336e-10
5.51778e-10
3.58854e-10
2.65311e-10
2.85129e-10
3.63959e-10
4.04202e-10
4.0766e-10
4.00997e-10
3.93066e-10
3.85427e-10
3.78149e-10
3.71158e-10
3.64522e-10
3.58561e-10
3.53883e-10
3.51349e-10
3.5201e-10
3.57739e-10
3.68605e-10
3.81446e-10
3.95758e-10
4.12858e-10
4.36378e-10
4.94801e-10
5.61963e-10
6.00454e-10
5.94258e-10
4.88383e-10
4.31111e-10
4.94953e-10
5.71928e-10
5.73249e-10
5.38929e-10
4.99527e-10
4.92778e-10
5.88659e-10
8.25261e-10
1.00618e-09
1.01932e-09
9.8534e-10
9.51699e-10
9.26238e-10
9.08525e-10
5.43338e-10
5.17114e-10
5.47304e-10
6.39112e-10
6.44355e-10
6.44497e-10
6.28624e-10
5.628e-10
3.57714e-10
2.5824e-10
2.78317e-10
3.61674e-10
4.0309e-10
4.05792e-10
3.98713e-10
3.90599e-10
3.82831e-10
3.75437e-10
3.68348e-10
3.61649e-10
3.55682e-10
3.51094e-10
3.48794e-10
3.4989e-10
3.5593e-10
3.66533e-10
3.79034e-10
3.92958e-10
4.08941e-10
4.29125e-10
4.87349e-10
5.55106e-10
5.92054e-10
5.86521e-10
4.81048e-10
4.2219e-10
4.8703e-10
5.65993e-10
5.66954e-10
5.32985e-10
4.93743e-10
4.85989e-10
5.78915e-10
8.15084e-10
1.00165e-09
1.01647e-09
9.83252e-10
9.50318e-10
9.25575e-10
9.08539e-10
5.50345e-10
5.22349e-10
5.02909e-10
5.36563e-10
6.1513e-10
6.28098e-10
5.74513e-10
6.4029e-10
3.59411e-10
2.50985e-10
2.71377e-10
3.59637e-10
4.02314e-10
4.04132e-10
3.96636e-10
3.88349e-10
3.80458e-10
3.72958e-10
3.65789e-10
3.59051e-10
3.5311e-10
3.48633e-10
3.46545e-10
3.47931e-10
3.54205e-10
3.64732e-10
3.76932e-10
3.90547e-10
4.06071e-10
4.24882e-10
4.81929e-10
5.48881e-10
5.8429e-10
5.79099e-10
4.73581e-10
4.12906e-10
4.78784e-10
5.59887e-10
5.6045e-10
5.26934e-10
4.87943e-10
4.79213e-10
5.69038e-10
8.04917e-10
9.97832e-10
1.01411e-09
9.81444e-10
9.49059e-10
9.24918e-10
9.08441e-10
5.57859e-10
5.29184e-10
5.06523e-10
4.88365e-10
5.21223e-10
6.1607e-10
5.48571e-10
6.05431e-10
4.25938e-10
2.46985e-10
2.64213e-10
3.57778e-10
4.01855e-10
4.02639e-10
3.9475e-10
3.86321e-10
3.78324e-10
3.70734e-10
3.635e-10
3.56741e-10
3.50835e-10
3.46459e-10
3.44539e-10
3.46126e-10
3.52534e-10
3.63002e-10
3.74946e-10
3.88237e-10
4.03338e-10
4.20955e-10
4.77049e-10
5.43373e-10
5.77229e-10
5.72214e-10
4.6623e-10
4.03417e-10
4.70391e-10
5.53822e-10
5.53893e-10
5.20881e-10
4.8219e-10
4.72485e-10
5.59023e-10
7.94673e-10
9.94526e-10
1.01204e-09
9.79748e-10
9.4777e-10
9.24141e-10
9.082e-10
5.65634e-10
5.36296e-10
5.12994e-10
4.91708e-10
4.76479e-10
5.39738e-10
5.78406e-10
5.77975e-10
4.95631e-10
2.69433e-10
2.58186e-10
3.56043e-10
4.01713e-10
4.01254e-10
3.9302e-10
3.84492e-10
3.76418e-10
3.68756e-10
3.6147e-10
3.54695e-10
3.4882e-10
3.44523e-10
3.42721e-10
3.44437e-10
3.50912e-10
3.61307e-10
3.7302e-10
3.85987e-10
4.00693e-10
4.17259e-10
4.72776e-10
5.38746e-10
5.70901e-10
5.65873e-10
4.59094e-10
3.93828e-10
4.61999e-10
5.48008e-10
5.47441e-10
5.14936e-10
4.76552e-10
4.65849e-10
5.489e-10
7.84415e-10
9.91785e-10
1.01016e-09
9.78069e-10
9.4641e-10
9.23206e-10
9.07765e-10
5.73536e-10
5.43513e-10
5.19674e-10
4.97669e-10
4.78708e-10
4.76583e-10
6.17292e-10
5.80174e-10
5.20138e-10
2.96118e-10
2.71457e-10
3.54686e-10
4.01915e-10
3.99909e-10
3.91395e-10
3.82823e-10
3.74703e-10
3.66988e-10
3.59663e-10
3.52875e-10
3.4702e-10
3.42775e-10
3.41046e-10
3.42829e-10
3.49319e-10
3.5963e-10
3.71152e-10
3.83791e-10
3.98155e-10
4.1377e-10
4.68587e-10
5.37276e-10
5.69023e-10
5.62415e-10
4.52063e-10
3.84184e-10
4.53729e-10
5.4264e-10
5.41238e-10
5.09206e-10
4.71098e-10
4.59353e-10
5.38689e-10
7.74186e-10
9.89702e-10
1.00847e-09
9.76411e-10
9.44989e-10
9.22181e-10
9.07201e-10
5.81446e-10
5.50732e-10
5.26361e-10
5.03812e-10
4.83656e-10
4.72866e-10
5.93194e-10
6.20638e-10
5.17694e-10
3.12631e-10
2.96899e-10
3.67624e-10
4.03103e-10
3.98537e-10
3.89819e-10
3.81257e-10
3.73125e-10
3.6538e-10
3.58028e-10
3.51229e-10
3.45383e-10
3.41167e-10
3.39474e-10
3.4128e-10
3.47746e-10
3.57956e-10
3.69305e-10
3.81703e-10
3.95752e-10
4.10809e-10
4.48194e-10
5.0557e-10
5.63953e-10
5.90354e-10
4.56749e-10
3.74299e-10
4.45644e-10
5.37869e-10
5.35388e-10
5.0377e-10
4.65879e-10
4.53033e-10
5.28403e-10
7.64048e-10
9.88453e-10
1.00706e-09
9.74806e-10
9.43521e-10
9.21051e-10
9.06501e-10
5.89246e-10
5.57814e-10
5.32906e-10
5.0987e-10
4.88919e-10
4.73528e-10
5.62693e-10
6.26094e-10
4.9106e-10
3.23818e-10
3.28068e-10
3.90624e-10
4.04273e-10
3.97064e-10
3.88258e-10
3.79746e-10
3.71629e-10
3.63878e-10
3.56513e-10
3.49708e-10
3.43866e-10
3.39662e-10
3.37979e-10
3.39777e-10
3.46192e-10
3.5629e-10
3.67472e-10
3.79656e-10
3.93457e-10
4.08383e-10
4.24993e-10
4.74877e-10
5.53747e-10
5.90357e-10
4.87275e-10
3.80936e-10
4.37789e-10
5.33731e-10
5.29903e-10
4.98643e-10
4.60906e-10
4.46899e-10
5.18015e-10
7.54024e-10
9.88214e-10
1.00597e-09
9.73294e-10
9.42036e-10
9.19848e-10
9.05695e-10
5.96909e-10
5.64707e-10
5.3924e-10
5.15776e-10
4.94295e-10
4.75918e-10
5.20168e-10
5.81848e-10
4.59932e-10
3.46793e-10
3.69366e-10
4.07654e-10
4.04187e-10
3.95503e-10
3.8671e-10
3.78261e-10
3.70178e-10
3.62439e-10
3.55077e-10
3.48273e-10
3.42434e-10
3.38232e-10
3.36543e-10
3.38317e-10
3.44666e-10
3.54649e-10
3.65679e-10
3.77681e-10
3.9129e-10
4.06084e-10
4.22025e-10
4.43271e-10
5.31824e-10
5.83115e-10
5.01083e-10
4.01366e-10
4.46592e-10
5.30863e-10
5.24701e-10
4.93779e-10
4.56148e-10
4.40933e-10
5.07464e-10
7.44065e-10
9.89093e-10
1.00525e-09
9.71895e-10
9.40552e-10
9.18588e-10
9.04803e-10
6.04455e-10
5.71427e-10
5.45382e-10
5.21488e-10
4.9964e-10
4.80032e-10
4.75365e-10
5.07985e-10
4.46744e-10
3.94301e-10
4.08872e-10
4.11048e-10
4.02919e-10
3.93929e-10
3.85182e-10
3.76792e-10
3.68752e-10
3.6104e-10
3.53695e-10
3.46901e-10
3.41068e-10
3.36865e-10
3.35165e-10
3.36906e-10
3.43187e-10
3.53064e-10
3.63964e-10
3.75822e-10
3.8929e-10
4.0399e-10
4.19912e-10
4.37677e-10
4.99042e-10
5.61535e-10
4.98806e-10
4.2355e-10
4.75611e-10
5.29472e-10
5.19721e-10
4.89125e-10
4.51568e-10
4.35115e-10
4.96672e-10
7.3408e-10
9.91134e-10
1.00482e-09
9.7058e-10
9.39056e-10
9.17274e-10
9.03837e-10
6.12003e-10
5.78102e-10
5.51445e-10
5.27083e-10
5.04863e-10
4.84817e-10
4.67731e-10
4.5562e-10
4.44726e-10
4.30579e-10
4.20212e-10
4.10911e-10
4.01547e-10
3.92447e-10
3.83718e-10
3.75369e-10
3.67368e-10
3.5969e-10
3.52368e-10
3.4559e-10
3.39765e-10
3.35562e-10
3.33849e-10
3.35559e-10
3.41779e-10
3.51566e-10
3.62362e-10
3.74113e-10
3.87483e-10
4.02123e-10
4.18052e-10
4.35435e-10
4.79255e-10
5.32007e-10
4.80207e-10
4.53588e-10
5.0806e-10
5.27689e-10
5.1499e-10
4.84719e-10
4.47179e-10
4.29461e-10
4.8559e-10
7.24006e-10
9.94382e-10
1.00465e-09
9.69312e-10
9.37533e-10
9.15908e-10
9.02817e-10
6.19605e-10
5.84808e-10
5.57507e-10
5.32646e-10
5.09979e-10
4.89508e-10
4.71523e-10
4.56154e-10
4.42948e-10
4.31148e-10
4.20362e-10
4.10142e-10
4.00416e-10
3.91179e-10
3.82408e-10
3.74059e-10
3.66077e-10
3.5842e-10
3.51118e-10
3.44354e-10
3.38538e-10
3.34335e-10
3.32613e-10
3.34298e-10
3.40471e-10
3.50188e-10
3.6091e-10
3.72588e-10
3.85894e-10
4.00505e-10
4.16461e-10
4.33765e-10
4.66268e-10
4.94716e-10
4.80852e-10
4.89258e-10
5.18665e-10
5.2417e-10
5.1062e-10
4.80639e-10
4.43029e-10
4.24021e-10
4.74195e-10
7.13836e-10
9.98943e-10
1.0047e-09
9.681e-10
9.3601e-10
9.14538e-10
9.01808e-10
6.27038e-10
5.91345e-10
5.6335e-10
5.37931e-10
5.14733e-10
4.93682e-10
4.75076e-10
4.58953e-10
4.4485e-10
4.32164e-10
4.20517e-10
4.09713e-10
3.99637e-10
3.90201e-10
3.81324e-10
3.72928e-10
3.64929e-10
3.57272e-10
3.49976e-10
3.43218e-10
3.37406e-10
3.33205e-10
3.31478e-10
3.33148e-10
3.39288e-10
3.48961e-10
3.5964e-10
3.71278e-10
3.84555e-10
3.99164e-10
4.15164e-10
4.32634e-10
4.52538e-10
4.77492e-10
4.93343e-10
5.03621e-10
5.17794e-10
5.20539e-10
5.06843e-10
4.77017e-10
4.39216e-10
4.18888e-10
4.62499e-10
7.0365e-10
1.00505e-09
1.00508e-09
9.67054e-10
9.34607e-10
9.13296e-10
9.00959e-10
6.33881e-10
5.97325e-10
5.68647e-10
5.42617e-10
5.18843e-10
4.97186e-10
4.77948e-10
4.61201e-10
4.46441e-10
4.33076e-10
4.20826e-10
4.0956e-10
3.99155e-10
3.89499e-10
3.80483e-10
3.72003e-10
3.63959e-10
3.56278e-10
3.4897e-10
3.42207e-10
3.36394e-10
3.32193e-10
3.30464e-10
3.32129e-10
3.38256e-10
3.47911e-10
3.58576e-10
3.70209e-10
3.83491e-10
3.98129e-10
4.14192e-10
4.31788e-10
4.50811e-10
4.709e-10
4.90641e-10
5.07185e-10
5.17555e-10
5.17737e-10
5.03816e-10
4.73976e-10
4.35846e-10
4.14178e-10
4.50498e-10
6.93541e-10
1.01302e-09
1.00605e-09
9.66454e-10
9.33624e-10
9.1251e-10
9.00623e-10
6.3996e-10
6.02573e-10
5.73223e-10
5.466e-10
5.2221e-10
4.99976e-10
4.80225e-10
4.62947e-10
4.47685e-10
4.3385e-10
4.21166e-10
4.09542e-10
3.98861e-10
3.89001e-10
3.79842e-10
3.71266e-10
3.6316e-10
3.5544e-10
3.48109e-10
3.41332e-10
3.35514e-10
3.31313e-10
3.29588e-10
3.3126e-10
3.37391e-10
3.47053e-10
3.57736e-10
3.69393e-10
3.82709e-10
3.97399e-10
4.13535e-10
4.31226e-10
4.5031e-10
4.70183e-10
4.89495e-10
5.05869e-10
5.15873e-10
5.15773e-10
5.01774e-10
4.71745e-10
4.33046e-10
4.10032e-10
4.38224e-10
6.83657e-10
1.0231e-09
1.00793e-09
9.66664e-10
9.33461e-10
9.12611e-10
9.01244e-10
6.44647e-10
6.06615e-10
5.76735e-10
5.49631e-10
5.24742e-10
5.02029e-10
4.81882e-10
4.64236e-10
4.48623e-10
4.34457e-10
4.21469e-10
4.09586e-10
3.98694e-10
3.88669e-10
3.79387e-10
3.7072e-10
3.62549e-10
3.54785e-10
3.47422e-10
3.40624e-10
3.34792e-10
3.30587e-10
3.28866e-10
3.30548e-10
3.36692e-10
3.46372e-10
3.57084e-10
3.68777e-10
3.82136e-10
3.96879e-10
4.13078e-10
4.30841e-10
4.49989e-10
4.69854e-10
4.89008e-10
5.05103e-10
5.14927e-10
5.14764e-10
5.00576e-10
4.70225e-10
4.3093e-10
4.06644e-10
4.2558e-10
6.74072e-10
1.03596e-09
1.01202e-09
9.69283e-10
9.358e-10
9.15244e-10
9.04383e-10
6.48538e-10
6.09913e-10
5.79535e-10
5.51976e-10
5.26655e-10
5.03546e-10
4.83045e-10
4.6513e-10
4.49274e-10
4.34843e-10
4.21627e-10
4.09551e-10
3.985e-10
3.88349e-10
3.7897e-10
3.70233e-10
3.62014e-10
3.5422e-10
3.46842e-10
3.40042e-10
3.34223e-10
3.30044e-10
3.28362e-10
3.30095e-10
3.36303e-10
3.46057e-10
3.56849e-10
3.68623e-10
3.8206e-10
3.96888e-10
4.13179e-10
4.31037e-10
4.50287e-10
4.70236e-10
4.89409e-10
5.05459e-10
5.15297e-10
5.15163e-10
5.00855e-10
4.70176e-10
4.30124e-10
4.04588e-10
4.13354e-10
6.57506e-10
1.0363e-09
1.00829e-09
9.66798e-10
9.34735e-10
9.15555e-10
9.05862e-10
1.07755e-11
9.88343e-11
6.46712e-10
8.57371e-10
8.74171e-10
8.78318e-10
8.8203e-10
8.86005e-10
8.9033e-10
8.95054e-10
9.00199e-10
9.05837e-10
9.12052e-10
9.18792e-10
9.2603e-10
9.33884e-10
9.42465e-10
9.51863e-10
9.62149e-10
9.73386e-10
9.85635e-10
9.98959e-10
1.01342e-09
1.0291e-09
1.04608e-09
1.06444e-09
1.08428e-09
1.10571e-09
1.12884e-09
1.15381e-09
1.18075e-09
1.20982e-09
1.24119e-09
1.27507e-09
1.31166e-09
1.35121e-09
1.39398e-09
1.44031e-09
1.49057e-09
1.54511e-09
1.60444e-09
1.66908e-09
1.73962e-09
1.81678e-09
1.90136e-09
1.99433e-09
2.0968e-09
2.21009e-09
2.33575e-09
2.47564e-09
2.63199e-09
2.80748e-09
3.00533e-09
3.22948e-09
3.48467e-09
3.77668e-09
4.11251e-09
4.50137e-09
4.95598e-09
5.48182e-09
6.04373e-09
6.59442e-09
7.18287e-09
7.77479e-09
8.18275e-09
8.31636e-09
8.17466e-09
7.82872e-09
7.38077e-09
6.90803e-09
6.45443e-09
6.04499e-09
5.68432e-09
5.37321e-09
5.10454e-09
4.87209e-09
4.67559e-09
4.50771e-09
4.36306e-09
4.24219e-09
4.14047e-09
4.05417e-09
3.98523e-09
3.92973e-09
3.88704e-09
3.85692e-09
3.83643e-09
3.82807e-09
3.82883e-09
3.8387e-09
3.85703e-09
3.88245e-09
3.91465e-09
3.95111e-09
3.99234e-09
4.03573e-09
4.08337e-09
4.1236e-09
4.15489e-09
4.18895e-09
4.21413e-09
4.23091e-09
4.23979e-09
4.23964e-09
4.23048e-09
4.21207e-09
4.18383e-09
4.14647e-09
4.10018e-09
4.0457e-09
3.98419e-09
3.91591e-09
3.84243e-09
3.76551e-09
3.68538e-09
3.60298e-09
3.52033e-09
3.43782e-09
3.35527e-09
3.27392e-09
3.19482e-09
3.11768e-09
3.04228e-09
2.96908e-09
2.89893e-09
2.83166e-09
2.76683e-09
2.70434e-09
2.64461e-09
2.58814e-09
2.53445e-09
2.48315e-09
2.43413e-09
2.38712e-09
2.34263e-09
2.3007e-09
2.26058e-09
2.22209e-09
2.18507e-09
2.14931e-09
2.11521e-09
2.08262e-09
2.0507e-09
2.01944e-09
1.98892e-09
1.95907e-09
1.9304e-09
1.90297e-09
1.876e-09
1.84918e-09
1.08916e-10
5.93518e-10
8.32355e-10
8.67802e-10
8.72202e-10
8.75173e-10
8.78525e-10
8.82248e-10
8.86372e-10
8.90933e-10
8.9594e-10
9.0146e-10
9.0758e-10
9.14241e-10
9.21405e-10
9.29192e-10
9.37714e-10
9.47056e-10
9.5729e-10
9.68477e-10
9.80676e-10
9.9395e-10
1.00836e-09
1.02399e-09
1.04091e-09
1.05921e-09
1.079e-09
1.10036e-09
1.12343e-09
1.14832e-09
1.17519e-09
1.20418e-09
1.23548e-09
1.26926e-09
1.30577e-09
1.34523e-09
1.38794e-09
1.43422e-09
1.4844e-09
1.53891e-09
1.59821e-09
1.66283e-09
1.73339e-09
1.81061e-09
1.89531e-09
1.98846e-09
2.0912e-09
2.20489e-09
2.33113e-09
2.47184e-09
2.62933e-09
2.8064e-09
3.00646e-09
3.23368e-09
3.49318e-09
3.79128e-09
4.13585e-09
4.5374e-09
5.011e-09
5.56566e-09
6.16797e-09
6.76846e-09
7.42507e-09
8.10807e-09
8.59441e-09
8.76445e-09
8.60687e-09
8.20806e-09
7.69498e-09
7.16327e-09
6.66073e-09
6.21291e-09
5.82318e-09
5.4905e-09
5.20577e-09
4.96085e-09
4.75488e-09
4.58004e-09
4.42995e-09
4.30507e-09
4.20063e-09
4.1124e-09
4.0424e-09
3.98649e-09
3.94387e-09
3.91429e-09
3.89457e-09
3.88738e-09
3.88949e-09
3.90087e-09
3.92083e-09
3.9479e-09
3.98172e-09
4.01968e-09
4.06207e-09
4.10614e-09
4.15382e-09
4.19387e-09
4.22414e-09
4.25599e-09
4.27799e-09
4.29045e-09
4.29396e-09
4.28741e-09
4.27101e-09
4.24456e-09
4.20772e-09
4.16145e-09
4.10608e-09
4.04263e-09
3.9725e-09
3.89602e-09
3.81497e-09
3.7312e-09
3.64494e-09
3.55718e-09
3.46995e-09
3.38353e-09
3.29773e-09
3.21374e-09
3.13253e-09
3.05376e-09
2.97715e-09
2.90313e-09
2.83245e-09
2.76489e-09
2.7e-09
2.63762e-09
2.57817e-09
2.52206e-09
2.46881e-09
2.41803e-09
2.36958e-09
2.32318e-09
2.27932e-09
2.23802e-09
2.19856e-09
2.16074e-09
2.12442e-09
2.08936e-09
2.05597e-09
2.0241e-09
1.99297e-09
1.96257e-09
1.93295e-09
1.90401e-09
1.87621e-09
1.84957e-09
1.82335e-09
1.79731e-09
7.18525e-10
8.57641e-10
8.69681e-10
8.70322e-10
8.71224e-10
8.73322e-10
8.76225e-10
8.79673e-10
8.83632e-10
8.88105e-10
8.93075e-10
8.98592e-10
9.04742e-10
9.11455e-10
9.18682e-10
9.26544e-10
9.35152e-10
9.44592e-10
9.54932e-10
9.66235e-10
9.78559e-10
9.91966e-10
1.00652e-09
1.02231e-09
1.0394e-09
1.05788e-09
1.07786e-09
1.09944e-09
1.12274e-09
1.1479e-09
1.17505e-09
1.20437e-09
1.23602e-09
1.27023e-09
1.30723e-09
1.34724e-09
1.39058e-09
1.43757e-09
1.48859e-09
1.54407e-09
1.6045e-09
1.67045e-09
1.74258e-09
1.82165e-09
1.90856e-09
2.00437e-09
2.11033e-09
2.22792e-09
2.35896e-09
2.50559e-09
2.67048e-09
2.85686e-09
3.06878e-09
3.31128e-09
3.59073e-09
3.91525e-09
4.29536e-09
4.74556e-09
5.28747e-09
5.93852e-09
6.66802e-09
7.41731e-09
8.25745e-09
9.13419e-09
9.70477e-09
9.77949e-09
9.39367e-09
8.7428e-09
8.02373e-09
7.3489e-09
6.75479e-09
6.24816e-09
5.82119e-09
5.46512e-09
5.16611e-09
4.91226e-09
4.70063e-09
4.52281e-09
4.37125e-09
4.24599e-09
4.14227e-09
4.05535e-09
3.98725e-09
3.93392e-09
3.89435e-09
3.86842e-09
3.85286e-09
3.85059e-09
3.8585e-09
3.87664e-09
3.9046e-09
3.94108e-09
3.98602e-09
4.03702e-09
4.09478e-09
4.15649e-09
4.22516e-09
4.28628e-09
4.33854e-09
4.39642e-09
4.44529e-09
4.48456e-09
4.51452e-09
4.53304e-09
4.53985e-09
4.53456e-09
4.51574e-09
4.48391e-09
4.43931e-09
4.38258e-09
4.31531e-09
4.23811e-09
4.15307e-09
4.06265e-09
3.96747e-09
3.86906e-09
3.77011e-09
3.67122e-09
3.57243e-09
3.47534e-09
3.38127e-09
3.28992e-09
3.20107e-09
3.11528e-09
3.03349e-09
2.95543e-09
2.88058e-09
2.8088e-09
2.74053e-09
2.67625e-09
2.61538e-09
2.55745e-09
2.5023e-09
2.4496e-09
2.39987e-09
2.35315e-09
2.30858e-09
2.26595e-09
2.22509e-09
2.18572e-09
2.14829e-09
2.11267e-09
2.07797e-09
2.04419e-09
2.01137e-09
1.97938e-09
1.94865e-09
1.9192e-09
1.89021e-09
1.86147e-09
8.80119e-10
8.78464e-10
8.73816e-10
8.71448e-10
8.71223e-10
8.72545e-10
8.74868e-10
8.77887e-10
8.81543e-10
8.85808e-10
8.90641e-10
8.96074e-10
9.02189e-10
9.08902e-10
9.16147e-10
9.24048e-10
9.32713e-10
9.42225e-10
9.52652e-10
9.64052e-10
9.76485e-10
9.90012e-10
1.0047e-09
1.02063e-09
1.03787e-09
1.05652e-09
1.07669e-09
1.09847e-09
1.12199e-09
1.1474e-09
1.17484e-09
1.20447e-09
1.23649e-09
1.2711e-09
1.30854e-09
1.34908e-09
1.39301e-09
1.44067e-09
1.49248e-09
1.54887e-09
1.61037e-09
1.67758e-09
1.75119e-09
1.83202e-09
1.92104e-09
2.01939e-09
2.12841e-09
2.24976e-09
2.38541e-09
2.53778e-09
2.70985e-09
2.90535e-09
3.12898e-09
3.38673e-09
3.68635e-09
4.03802e-09
4.45541e-09
4.958e-09
5.57574e-09
6.33913e-09
7.22428e-09
8.16581e-09
9.25527e-09
1.03893e-08
1.10181e-08
1.08615e-08
1.01086e-08
9.14076e-09
8.21145e-09
7.41145e-09
6.74722e-09
6.20169e-09
5.75354e-09
5.38498e-09
5.0798e-09
4.82403e-09
4.61132e-09
4.43382e-09
4.28345e-09
4.15951e-09
4.05756e-09
3.97268e-09
3.90662e-09
3.85565e-09
3.8186e-09
3.79541e-09
3.78285e-09
3.78398e-09
3.79588e-09
3.81866e-09
3.85223e-09
3.89547e-09
3.94866e-09
4.00977e-09
4.07992e-09
4.15643e-09
4.24353e-09
4.32436e-09
4.39843e-09
4.48312e-09
4.5615e-09
4.63201e-09
4.69468e-09
4.74626e-09
4.78578e-09
4.81256e-09
4.82339e-09
4.81776e-09
4.79537e-09
4.75574e-09
4.70023e-09
4.62956e-09
4.54588e-09
4.45231e-09
4.35009e-09
4.24145e-09
4.13006e-09
4.01711e-09
3.9031e-09
3.79026e-09
3.68047e-09
3.57357e-09
3.46946e-09
3.36897e-09
3.27328e-09
3.18207e-09
3.09478e-09
3.01125e-09
2.93201e-09
2.85758e-09
2.78728e-09
2.72054e-09
2.65715e-09
2.59672e-09
2.53984e-09
2.48652e-09
2.43577e-09
2.38734e-09
2.341e-09
2.29646e-09
2.25422e-09
2.21412e-09
2.17516e-09
2.13736e-09
2.10074e-09
2.06509e-09
2.0309e-09
1.99812e-09
1.96587e-09
1.93397e-09
8.91859e-10
8.82159e-10
8.76234e-10
8.73094e-10
8.72136e-10
8.72775e-10
8.745e-10
8.77018e-10
8.80274e-10
8.84233e-10
8.88834e-10
8.94096e-10
9.00099e-10
9.06744e-10
9.13949e-10
9.21839e-10
9.30517e-10
9.40063e-10
9.50542e-10
9.6201e-10
9.74524e-10
9.88146e-10
1.00294e-09
1.01899e-09
1.03637e-09
1.05517e-09
1.0755e-09
1.09747e-09
1.12121e-09
1.14685e-09
1.17454e-09
1.20447e-09
1.23681e-09
1.27179e-09
1.30964e-09
1.35065e-09
1.39513e-09
1.44343e-09
1.49596e-09
1.5532e-09
1.61569e-09
1.68406e-09
1.75906e-09
1.84153e-09
1.93252e-09
2.03324e-09
2.14515e-09
2.27003e-09
2.41003e-09
2.56784e-09
2.74676e-09
2.95102e-09
3.18597e-09
3.45861e-09
3.77817e-09
4.1571e-09
4.61271e-09
5.17031e-09
5.87072e-09
6.76217e-09
7.83539e-09
9.02415e-09
1.04528e-08
1.19276e-08
1.25223e-08
1.1908e-08
1.06509e-08
9.35258e-09
8.24771e-09
7.36107e-09
6.65607e-09
6.09257e-09
5.63777e-09
5.2675e-09
4.96321e-09
4.71019e-09
4.49985e-09
4.32483e-09
4.17777e-09
4.05638e-09
3.95669e-09
3.87417e-09
3.81e-09
3.76089e-09
3.72567e-09
3.70423e-09
3.69345e-09
3.69634e-09
3.71032e-09
3.73548e-09
3.772e-09
3.81893e-09
3.87688e-09
3.9442e-09
4.0224e-09
4.10903e-09
4.2094e-09
4.30558e-09
4.39784e-09
4.50583e-09
4.61167e-09
4.71306e-09
4.81022e-09
4.899e-09
4.97795e-09
5.04626e-09
5.09863e-09
5.1329e-09
5.14767e-09
5.1402e-09
5.11071e-09
5.05935e-09
4.98755e-09
4.8988e-09
4.79499e-09
4.6792e-09
4.55642e-09
4.42885e-09
4.2978e-09
4.16653e-09
4.03781e-09
3.91187e-09
3.78886e-09
3.67004e-09
3.55694e-09
3.44927e-09
3.34642e-09
3.24823e-09
3.15533e-09
3.06833e-09
2.98637e-09
2.90879e-09
2.83531e-09
2.76547e-09
2.69989e-09
2.63859e-09
2.58039e-09
2.52498e-09
2.47212e-09
2.42142e-09
2.37347e-09
2.32807e-09
2.28409e-09
2.24154e-09
2.20044e-09
2.16051e-09
2.12225e-09
2.0856e-09
2.04957e-09
2.01401e-09
8.93764e-10
8.84345e-10
8.7842e-10
8.74989e-10
8.73581e-10
8.73711e-10
8.74927e-10
8.7697e-10
8.79811e-10
8.83422e-10
8.87734e-10
8.92762e-10
8.98591e-10
9.05109e-10
9.12219e-10
9.20044e-10
9.28688e-10
9.38224e-10
9.48716e-10
9.60215e-10
9.72777e-10
9.86462e-10
1.00134e-09
1.01748e-09
1.03497e-09
1.0539e-09
1.07438e-09
1.09652e-09
1.12044e-09
1.14628e-09
1.17421e-09
1.20439e-09
1.23703e-09
1.27235e-09
1.31058e-09
1.35203e-09
1.39701e-09
1.44589e-09
1.4991e-09
1.55713e-09
1.62054e-09
1.69e-09
1.76627e-09
1.85028e-09
1.9431e-09
2.04603e-09
2.16064e-09
2.28883e-09
2.43293e-09
2.59586e-09
2.78129e-09
2.99389e-09
3.23973e-09
3.5268e-09
3.86591e-09
4.27195e-09
4.76629e-09
5.38104e-09
6.17048e-09
7.20613e-09
8.50643e-09
1.00145e-08
1.19113e-08
1.38243e-08
1.41538e-08
1.27727e-08
1.0944e-08
9.36996e-09
8.1519e-09
7.22281e-09
6.50527e-09
5.94156e-09
5.49136e-09
5.12693e-09
4.82851e-09
4.58142e-09
4.37617e-09
4.20543e-09
4.06247e-09
3.94399e-09
3.84672e-09
3.76689e-09
3.70447e-09
3.65659e-09
3.62256e-09
3.60187e-09
3.59179e-09
3.59505e-09
3.60942e-09
3.63498e-09
3.67204e-09
3.71987e-09
3.77923e-09
3.8489e-09
3.93062e-09
4.0222e-09
4.12968e-09
4.2353e-09
4.33991e-09
4.46449e-09
4.59156e-09
4.7185e-09
4.8462e-09
4.97036e-09
5.08961e-09
5.20377e-09
5.30587e-09
5.39211e-09
5.45989e-09
5.50313e-09
5.51955e-09
5.50759e-09
5.46612e-09
5.39778e-09
5.30463e-09
5.19024e-09
5.0611e-09
4.92096e-09
4.77248e-09
4.62057e-09
4.46952e-09
4.32036e-09
4.17386e-09
4.03196e-09
3.89683e-09
3.76827e-09
3.64566e-09
3.52887e-09
3.4187e-09
3.31585e-09
3.21928e-09
3.12816e-09
3.04215e-09
2.96065e-09
2.88439e-09
2.81331e-09
2.74602e-09
2.68216e-09
2.62141e-09
2.56331e-09
2.50852e-09
2.45678e-09
2.40683e-09
2.35864e-09
2.31222e-09
2.26722e-09
2.22417e-09
2.18297e-09
2.14253e-09
2.10272e-09
8.9495e-10
8.86114e-10
8.8041e-10
8.76929e-10
8.75293e-10
8.75096e-10
8.75932e-10
8.77569e-10
8.80022e-10
8.83312e-10
8.87346e-10
8.92098e-10
8.97704e-10
9.04054e-10
9.11021e-10
9.18735e-10
9.27298e-10
9.36782e-10
9.47246e-10
9.5874e-10
9.71318e-10
9.85038e-10
9.99965e-10
1.01618e-09
1.03375e-09
1.05279e-09
1.07339e-09
1.09566e-09
1.11974e-09
1.14577e-09
1.1739e-09
1.20432e-09
1.23723e-09
1.27285e-09
1.31144e-09
1.35329e-09
1.39873e-09
1.44815e-09
1.50199e-09
1.56074e-09
1.625e-09
1.69547e-09
1.77293e-09
1.85836e-09
1.95289e-09
2.05788e-09
2.17501e-09
2.30629e-09
2.45424e-09
2.62201e-09
2.81358e-09
3.0341e-09
3.29033e-09
3.5913e-09
3.94942e-09
4.38218e-09
4.91536e-09
5.58893e-09
6.4729e-09
7.66984e-09
9.24209e-09
1.11649e-08
1.37196e-08
1.61577e-08
1.57399e-08
1.33046e-08
1.09689e-08
9.22429e-09
7.96077e-09
7.02765e-09
6.31913e-09
5.76763e-09
5.32948e-09
4.97565e-09
4.68616e-09
4.44685e-09
4.24797e-09
4.08228e-09
3.94376e-09
3.82871e-09
3.7341e-09
3.65662e-09
3.5954e-09
3.54833e-09
3.51518e-09
3.49445e-09
3.48421e-09
3.48672e-09
3.50012e-09
3.52457e-09
3.56029e-09
3.60678e-09
3.66484e-09
3.73361e-09
3.81492e-09
3.90679e-09
4.0156e-09
4.1246e-09
4.23505e-09
4.36817e-09
4.50782e-09
4.65138e-09
4.80073e-09
4.95211e-09
5.10497e-09
5.26071e-09
5.41201e-09
5.55453e-09
5.68543e-09
5.79546e-09
5.87923e-09
5.93233e-09
5.94852e-09
5.927e-09
5.8681e-09
5.77408e-09
5.65213e-09
5.50777e-09
5.34565e-09
5.17315e-09
4.99714e-09
4.82035e-09
4.64477e-09
4.47369e-09
4.31034e-09
4.15484e-09
4.00669e-09
3.86589e-09
3.73347e-09
3.6103e-09
3.49506e-09
3.38674e-09
3.2849e-09
3.18875e-09
3.09913e-09
3.01591e-09
2.93739e-09
2.86314e-09
2.79273e-09
2.72561e-09
2.66253e-09
2.60316e-09
2.54601e-09
2.49106e-09
2.43828e-09
2.38723e-09
2.33849e-09
2.29192e-09
2.24628e-09
2.20148e-09
8.95885e-10
8.87607e-10
8.82205e-10
8.7881e-10
8.77104e-10
8.7673e-10
8.7731e-10
8.78617e-10
8.80757e-10
8.83794e-10
8.87592e-10
8.92079e-10
8.97419e-10
9.03565e-10
9.10362e-10
9.17937e-10
9.26389e-10
9.3579e-10
9.46194e-10
9.57653e-10
9.70216e-10
9.83941e-10
9.98893e-10
1.01515e-09
1.03278e-09
1.0519e-09
1.07259e-09
1.09498e-09
1.11919e-09
1.14538e-09
1.1737e-09
1.20433e-09
1.23748e-09
1.27337e-09
1.31228e-09
1.3545e-09
1.40037e-09
1.45029e-09
1.5047e-09
1.56412e-09
1.62918e-09
1.70057e-09
1.77914e-09
1.86589e-09
1.96201e-09
2.06893e-09
2.1884e-09
2.32258e-09
2.47413e-09
2.64643e-09
2.84379e-09
3.07182e-09
3.33793e-09
3.65221e-09
4.02868e-09
4.48755e-09
5.05929e-09
5.79263e-09
6.77595e-09
8.15123e-09
1.00471e-08
1.25109e-08
1.60078e-08
1.89561e-08
1.69905e-08
1.34317e-08
1.07715e-08
8.96845e-09
7.71384e-09
6.80334e-09
6.11745e-09
5.58549e-09
5.16349e-09
4.82272e-09
4.5437e-09
4.31297e-09
4.12097e-09
3.96064e-09
3.82656e-09
3.71491e-09
3.62277e-09
3.54732e-09
3.4873e-09
3.44103e-09
3.40767e-09
3.38633e-09
3.37558e-09
3.37674e-09
3.38813e-09
3.41043e-09
3.44342e-09
3.48701e-09
3.54184e-09
3.60735e-09
3.68532e-09
3.77393e-09
3.87948e-09
3.98681e-09
4.09733e-09
4.23153e-09
4.37506e-09
4.52537e-09
4.6853e-09
4.85197e-09
5.02602e-09
5.21093e-09
5.40046e-09
5.59127e-09
5.78226e-09
5.96314e-09
6.12687e-09
6.26714e-09
6.37137e-09
6.43235e-09
6.44543e-09
6.40721e-09
6.32196e-09
6.19543e-09
6.0339e-09
5.84775e-09
5.64794e-09
5.44045e-09
5.22991e-09
5.0221e-09
4.82234e-09
4.63163e-09
4.44988e-09
4.27742e-09
4.11573e-09
3.96591e-09
3.82633e-09
3.69571e-09
3.57346e-09
3.45855e-09
3.35193e-09
3.25336e-09
3.16075e-09
3.0735e-09
2.99111e-09
2.91287e-09
2.8396e-09
2.7709e-09
2.705e-09
2.64185e-09
2.58138e-09
2.52307e-09
2.46751e-09
2.41453e-09
2.36272e-09
2.31201e-09
8.96645e-10
8.88868e-10
8.83799e-10
8.80593e-10
8.78939e-10
8.78506e-10
8.78899e-10
8.79984e-10
8.81932e-10
8.84744e-10
8.88311e-10
8.92596e-10
8.97711e-10
9.03627e-10
9.10239e-10
9.17659e-10
9.25982e-10
9.35277e-10
9.45599e-10
9.56997e-10
9.6952e-10
9.83226e-10
9.98178e-10
1.01445e-09
1.03212e-09
1.05129e-09
1.07206e-09
1.09454e-09
1.11887e-09
1.14519e-09
1.17366e-09
1.20448e-09
1.23784e-09
1.27399e-09
1.31319e-09
1.35575e-09
1.40201e-09
1.45238e-09
1.50732e-09
1.56737e-09
1.63316e-09
1.70542e-09
1.78502e-09
1.873e-09
1.97059e-09
2.0793e-09
2.20097e-09
2.33785e-09
2.49279e-09
2.66935e-09
2.87216e-09
3.10727e-09
3.38276e-09
3.70972e-09
4.10381e-09
4.58795e-09
5.19748e-09
5.99064e-09
7.07638e-09
8.64544e-09
1.09211e-08
1.40883e-08
1.89534e-08
2.20592e-08
1.76254e-08
1.32089e-08
1.0435e-08
8.65777e-09
7.44511e-09
6.57137e-09
5.91472e-09
5.40535e-09
5.00107e-09
4.67419e-09
4.40607e-09
4.184e-09
3.99887e-09
3.84388e-09
3.71404e-09
3.60562e-09
3.51575e-09
3.44202e-09
3.38292e-09
3.33703e-09
3.3034e-09
3.28129e-09
3.26948e-09
3.26854e-09
3.27746e-09
3.29724e-09
3.3266e-09
3.36634e-09
3.41667e-09
3.47743e-09
3.55016e-09
3.63318e-09
3.7324e-09
3.83449e-09
3.94081e-09
4.07043e-09
4.21082e-09
4.35946e-09
4.51981e-09
4.68985e-09
4.87125e-09
5.06928e-09
5.27941e-09
5.50028e-09
5.73385e-09
5.97161e-09
6.20804e-09
6.43862e-09
6.64748e-09
6.82181e-09
6.95067e-09
7.01989e-09
7.0235e-09
6.9615e-09
6.83741e-09
6.66218e-09
6.45151e-09
6.2169e-09
5.96801e-09
5.71561e-09
5.46921e-09
5.23204e-09
5.00529e-09
4.79018e-09
4.589e-09
4.40338e-09
4.23124e-09
4.07099e-09
3.9218e-09
3.78232e-09
3.65361e-09
3.53524e-09
3.42457e-09
3.32082e-09
3.22329e-09
3.13109e-09
3.04512e-09
2.96485e-09
2.88815e-09
2.81494e-09
2.74508e-09
2.67792e-09
2.61412e-09
2.55344e-09
2.49422e-09
2.43647e-09
8.97238e-10
8.89897e-10
8.85204e-10
8.82303e-10
8.80738e-10
8.80233e-10
8.80572e-10
8.81631e-10
8.83455e-10
8.86069e-10
8.89436e-10
8.93562e-10
8.98496e-10
9.0419e-10
9.10618e-10
9.17883e-10
9.2607e-10
9.35249e-10
9.45475e-10
9.56796e-10
9.69262e-10
9.82929e-10
9.97861e-10
1.01413e-09
1.03182e-09
1.05102e-09
1.07184e-09
1.09439e-09
1.11881e-09
1.14525e-09
1.17386e-09
1.20484e-09
1.2384e-09
1.27478e-09
1.31424e-09
1.35711e-09
1.40373e-09
1.45452e-09
1.50996e-09
1.57058e-09
1.63705e-09
1.71011e-09
1.79067e-09
1.8798e-09
1.97877e-09
2.08916e-09
2.21288e-09
2.3523e-09
2.51041e-09
2.69098e-09
2.89893e-09
3.14073e-09
3.42512e-09
3.76417e-09
4.17514e-09
4.68366e-09
5.32998e-09
6.18246e-09
7.37255e-09
9.14823e-09
1.18645e-08
1.59458e-08
2.28333e-08
2.49624e-08
1.75843e-08
1.27696e-08
1.00403e-08
8.33593e-09
7.18064e-09
6.34813e-09
5.72198e-09
5.23498e-09
4.84775e-09
4.53408e-09
4.27637e-09
4.06249e-09
3.88387e-09
3.73396e-09
3.60805e-09
3.50262e-09
3.41484e-09
3.34254e-09
3.28417e-09
3.23843e-09
3.20432e-09
3.18114e-09
3.16797e-09
3.16492e-09
3.17143e-09
3.18772e-09
3.21319e-09
3.24889e-09
3.29407e-09
3.34924e-09
3.41565e-09
3.49181e-09
3.58301e-09
3.67772e-09
3.77719e-09
3.89863e-09
4.03121e-09
4.17233e-09
4.3257e-09
4.48991e-09
4.66724e-09
4.86396e-09
5.0771e-09
5.30703e-09
5.55862e-09
5.82639e-09
6.10847e-09
6.40555e-09
6.70445e-09
6.99296e-09
7.25962e-09
7.48174e-09
7.63859e-09
7.71589e-09
7.70327e-09
7.60081e-09
7.42286e-09
7.18607e-09
6.90776e-09
6.60779e-09
6.3044e-09
6.00651e-09
5.71882e-09
5.44495e-09
5.18907e-09
4.95388e-09
4.73688e-09
4.53606e-09
4.35029e-09
4.17774e-09
4.01956e-09
3.87503e-09
3.74069e-09
3.6155e-09
3.49847e-09
3.38841e-09
3.28631e-09
3.19146e-09
3.10123e-09
3.01549e-09
2.93401e-09
2.85596e-09
2.78206e-09
2.71199e-09
2.64382e-09
2.57757e-09
8.9764e-10
8.90758e-10
8.86437e-10
8.83806e-10
8.82441e-10
8.82048e-10
8.82385e-10
8.83396e-10
8.8515e-10
8.87655e-10
8.90891e-10
8.94907e-10
8.99689e-10
9.05186e-10
9.11454e-10
9.18574e-10
9.2663e-10
9.35693e-10
9.45818e-10
9.57056e-10
9.69455e-10
9.83072e-10
9.97971e-10
1.01422e-09
1.03191e-09
1.05113e-09
1.07199e-09
1.0946e-09
1.11909e-09
1.14562e-09
1.17436e-09
1.20548e-09
1.23921e-09
1.27579e-09
1.3155e-09
1.35865e-09
1.40561e-09
1.45679e-09
1.51268e-09
1.57384e-09
1.64095e-09
1.71476e-09
1.79622e-09
1.88642e-09
1.98669e-09
2.09865e-09
2.2243e-09
2.36611e-09
2.5272e-09
2.71156e-09
2.92437e-09
3.17253e-09
3.46539e-09
3.81602e-09
4.2433e-09
4.77564e-09
5.45848e-09
6.37072e-09
7.67021e-09
9.67161e-09
1.2912e-08
1.82257e-08
2.82375e-08
2.68126e-08
1.69999e-08
1.22134e-08
9.62575e-09
8.01975e-09
6.92748e-09
6.13869e-09
5.54341e-09
5.07844e-09
4.70737e-09
4.4056e-09
4.15719e-09
3.95043e-09
3.77742e-09
3.63204e-09
3.50961e-09
3.40684e-09
3.32093e-09
3.24983e-09
3.19204e-09
3.14628e-09
3.11159e-09
3.08725e-09
3.07254e-09
3.06729e-09
3.07116e-09
3.08414e-09
3.10597e-09
3.13694e-09
3.17677e-09
3.22639e-09
3.28614e-09
3.35484e-09
3.43733e-09
3.52362e-09
3.61498e-09
3.72636e-09
3.84863e-09
3.97897e-09
4.12098e-09
4.27367e-09
4.43958e-09
4.6251e-09
4.82828e-09
5.05055e-09
5.29834e-09
5.56875e-09
5.86311e-09
6.18742e-09
6.53428e-09
6.89772e-09
7.27444e-09
7.6453e-09
7.98491e-09
8.26869e-09
8.46662e-09
8.54937e-09
8.50782e-09
8.34874e-09
8.09064e-09
7.76416e-09
7.40359e-09
7.03158e-09
6.66243e-09
6.30651e-09
5.97276e-09
5.66662e-09
5.38556e-09
5.12715e-09
4.88994e-09
4.67135e-09
4.47257e-09
4.29242e-09
4.1262e-09
3.97239e-09
3.8296e-09
3.69617e-09
3.57316e-09
3.45956e-09
3.35207e-09
3.25043e-09
3.15432e-09
3.06267e-09
2.97623e-09
2.89458e-09
2.81541e-09
2.7388e-09
8.97894e-10
8.91451e-10
8.875e-10
8.85169e-10
8.84019e-10
8.83774e-10
8.84205e-10
8.85251e-10
8.86991e-10
8.8944e-10
8.92632e-10
8.96568e-10
9.012e-10
9.06553e-10
9.12694e-10
9.19691e-10
9.2763e-10
9.36586e-10
9.46616e-10
9.57771e-10
9.70102e-10
9.83665e-10
9.98524e-10
1.01475e-09
1.03243e-09
1.05166e-09
1.07254e-09
1.09519e-09
1.11975e-09
1.14636e-09
1.1752e-09
1.20646e-09
1.24034e-09
1.27711e-09
1.31704e-09
1.36045e-09
1.40772e-09
1.45926e-09
1.51558e-09
1.57725e-09
1.64495e-09
1.71947e-09
1.80177e-09
1.89298e-09
1.99448e-09
2.10793e-09
2.2354e-09
2.37947e-09
2.54338e-09
2.73133e-09
2.94876e-09
3.20298e-09
3.50395e-09
3.86572e-09
4.30878e-09
4.86442e-09
5.58349e-09
6.55672e-09
7.96882e-09
1.0218e-08
1.4081e-08
2.10946e-08
3.59767e-08
2.68564e-08
1.60957e-08
1.16123e-08
9.21166e-09
7.71392e-09
6.68849e-09
5.94332e-09
5.37732e-09
4.93404e-09
4.57821e-09
4.28823e-09
4.04873e-09
3.84877e-09
3.68072e-09
3.53918e-09
3.41953e-09
3.31882e-09
3.23444e-09
3.16426e-09
3.1069e-09
3.06103e-09
3.02571e-09
3.00021e-09
2.98392e-09
2.97653e-09
2.97776e-09
2.98749e-09
3.00558e-09
3.03214e-09
3.0671e-09
3.11081e-09
3.16371e-09
3.22531e-09
3.2993e-09
3.37685e-09
3.45969e-09
3.5604e-09
3.67139e-09
3.78967e-09
3.9184e-09
4.05691e-09
4.20777e-09
4.37689e-09
4.56287e-09
4.76754e-09
4.99759e-09
5.25157e-09
5.53243e-09
5.849e-09
6.19853e-09
6.58109e-09
7.00313e-09
7.45718e-09
7.92844e-09
8.40233e-09
8.85084e-09
9.2239e-09
9.47296e-09
9.56183e-09
9.47266e-09
9.22093e-09
8.85288e-09
8.41627e-09
7.9492e-09
7.4811e-09
7.03466e-09
6.62348e-09
6.24705e-09
5.90325e-09
5.59044e-09
5.30494e-09
5.04799e-09
4.81745e-09
4.60672e-09
4.41347e-09
4.23561e-09
4.07071e-09
3.91987e-09
3.78156e-09
3.65152e-09
3.52934e-09
3.41447e-09
3.30548e-09
3.20322e-09
3.10706e-09
3.0142e-09
2.92476e-09
8.97989e-10
8.91988e-10
8.88371e-10
8.86324e-10
8.85457e-10
8.85446e-10
8.86014e-10
8.87139e-10
8.88916e-10
8.91395e-10
8.94589e-10
8.98446e-10
9.02977e-10
9.08244e-10
9.14292e-10
9.21192e-10
9.29035e-10
9.379e-10
9.47848e-10
9.5893e-10
9.71198e-10
9.84709e-10
9.99529e-10
1.01573e-09
1.0334e-09
1.05263e-09
1.07353e-09
1.09622e-09
1.12082e-09
1.14751e-09
1.17644e-09
1.20781e-09
1.24184e-09
1.27878e-09
1.31892e-09
1.36258e-09
1.41013e-09
1.46202e-09
1.51874e-09
1.58089e-09
1.64915e-09
1.72434e-09
1.80744e-09
1.89962e-09
2.00227e-09
2.11714e-09
2.24634e-09
2.39256e-09
2.55917e-09
2.75053e-09
2.97239e-09
3.2324e-09
3.54117e-09
3.91368e-09
4.37205e-09
4.95041e-09
5.70511e-09
6.73879e-09
8.26624e-09
1.07788e-08
1.53679e-08
2.47198e-08
4.65368e-08
2.54329e-08
1.51216e-08
1.10376e-08
8.82571e-09
7.43013e-09
6.46647e-09
5.76089e-09
5.22268e-09
4.79958e-09
4.45891e-09
4.18043e-09
3.94934e-09
3.75573e-09
3.59274e-09
3.45488e-09
3.33803e-09
3.23904e-09
3.1558e-09
3.08613e-09
3.02888e-09
2.98276e-09
2.94675e-09
2.92013e-09
2.90228e-09
2.89286e-09
2.89157e-09
2.89824e-09
2.91276e-09
2.93512e-09
2.96532e-09
3.00358e-09
3.05025e-09
3.10498e-09
3.17041e-09
3.23972e-09
3.3145e-09
3.4048e-09
3.50446e-09
3.61066e-09
3.72575e-09
3.84947e-09
3.98432e-09
4.13529e-09
4.30136e-09
4.48433e-09
4.69029e-09
4.9185e-09
5.17207e-09
5.46037e-09
5.7828e-09
6.14225e-09
6.55023e-09
7.00804e-09
7.51306e-09
8.06894e-09
8.67226e-09
9.29282e-09
9.88409e-09
1.03859e-08
1.07181e-08
1.0809e-08
1.0643e-08
1.02628e-08
9.73741e-09
9.14145e-09
8.53813e-09
7.9687e-09
7.44417e-09
6.96696e-09
6.53673e-09
6.14863e-09
5.80385e-09
5.49851e-09
5.22278e-09
4.97286e-09
4.74535e-09
4.53657e-09
4.34744e-09
4.17558e-09
4.01528e-09
3.86582e-09
3.72629e-09
3.59476e-09
3.4721e-09
3.3574e-09
3.2472e-09
3.14162e-09
8.97891e-10
8.92322e-10
8.89088e-10
8.87367e-10
8.8674e-10
8.86981e-10
8.87783e-10
8.89036e-10
8.90918e-10
8.93488e-10
8.96687e-10
9.00498e-10
9.04996e-10
9.10218e-10
9.16208e-10
9.23041e-10
9.30814e-10
9.39611e-10
9.49494e-10
9.60517e-10
9.72733e-10
9.86201e-10
1.00099e-09
1.01717e-09
1.03482e-09
1.05406e-09
1.07497e-09
1.09769e-09
1.12235e-09
1.1491e-09
1.17811e-09
1.20959e-09
1.24376e-09
1.28086e-09
1.32119e-09
1.36508e-09
1.41291e-09
1.46513e-09
1.52223e-09
1.58483e-09
1.65364e-09
1.72947e-09
1.81334e-09
1.90643e-09
2.0102e-09
2.12641e-09
2.25728e-09
2.40556e-09
2.57475e-09
2.76941e-09
2.9955e-09
3.26111e-09
3.57739e-09
3.96031e-09
4.43356e-09
5.03415e-09
5.82401e-09
6.91825e-09
8.56348e-09
1.13564e-08
1.67962e-08
2.94526e-08
5.79007e-08
2.33984e-08
1.41975e-08
1.05124e-08
8.47552e-09
7.17294e-09
6.26506e-09
5.5956e-09
5.08213e-09
4.67667e-09
4.34924e-09
4.08057e-09
3.85743e-09
3.67008e-09
3.51203e-09
3.37776e-09
3.26349e-09
3.16649e-09
3.08442e-09
3.01548e-09
2.95811e-09
2.91153e-09
2.87463e-09
2.84686e-09
2.8275e-09
2.81618e-09
2.81254e-09
2.81639e-09
2.82759e-09
2.84609e-09
2.87186e-09
2.90504e-09
2.94585e-09
2.99416e-09
3.0519e-09
3.11361e-09
3.18063e-09
3.26109e-09
3.35007e-09
3.44515e-09
3.54721e-09
3.65668e-09
3.77602e-09
3.90914e-09
4.05539e-09
4.2163e-09
4.39694e-09
4.59696e-09
4.81895e-09
5.07143e-09
5.3544e-09
5.67107e-09
6.03345e-09
6.44589e-09
6.91103e-09
7.44169e-09
8.05202e-09
8.74018e-09
9.49701e-09
1.03072e-08
1.11196e-08
1.18251e-08
1.22827e-08
1.23842e-08
1.21004e-08
1.15103e-08
1.07556e-08
9.96642e-09
9.20864e-09
8.51174e-09
7.8866e-09
7.32973e-09
6.84297e-09
6.4192e-09
6.0427e-09
5.70674e-09
5.40537e-09
5.13249e-09
4.88843e-09
4.66923e-09
4.46685e-09
4.27997e-09
4.10708e-09
3.94541e-09
3.79578e-09
3.65684e-09
3.52417e-09
3.3979e-09
8.97642e-10
8.92502e-10
8.8966e-10
8.88294e-10
8.87967e-10
8.88424e-10
8.89456e-10
8.90945e-10
8.93003e-10
8.95659e-10
8.9888e-10
9.0272e-10
9.07231e-10
9.12447e-10
9.18413e-10
9.25212e-10
9.32943e-10
9.41696e-10
9.51536e-10
9.62519e-10
9.74699e-10
9.88136e-10
1.0029e-09
1.01906e-09
1.03671e-09
1.05595e-09
1.07688e-09
1.09963e-09
1.12434e-09
1.15116e-09
1.18026e-09
1.21184e-09
1.24614e-09
1.2834e-09
1.32391e-09
1.36803e-09
1.41612e-09
1.46865e-09
1.52613e-09
1.58917e-09
1.65849e-09
1.73495e-09
1.81955e-09
1.91353e-09
2.01837e-09
2.1359e-09
2.26837e-09
2.41863e-09
2.59033e-09
2.78816e-09
3.01836e-09
3.28939e-09
3.61297e-09
4.006e-09
4.49377e-09
5.11612e-09
5.94061e-09
7.09522e-09
8.86053e-09
1.19549e-08
1.83929e-08
3.58798e-08
6.19128e-08
2.13492e-08
1.33686e-08
1.00425e-08
8.16132e-09
6.94154e-09
6.08339e-09
5.44625e-09
4.95494e-09
4.56532e-09
4.24969e-09
3.9899e-09
3.7735e-09
3.59147e-09
3.43742e-09
3.30656e-09
3.19496e-09
3.10003e-09
3.0192e-09
2.95085e-09
2.89368e-09
2.84691e-09
2.80921e-09
2.78028e-09
2.75935e-09
2.74621e-09
2.74037e-09
2.74164e-09
2.7498e-09
2.76477e-09
2.7865e-09
2.81507e-09
2.85056e-09
2.89295e-09
2.94372e-09
2.9984e-09
3.0583e-09
3.13002e-09
3.20949e-09
3.29394e-09
3.38397e-09
3.48062e-09
3.58593e-09
3.70252e-09
3.83036e-09
3.97071e-09
4.12747e-09
4.30063e-09
4.49209e-09
4.7089e-09
4.95118e-09
5.22136e-09
5.52985e-09
5.88089e-09
6.27753e-09
6.73299e-09
7.26473e-09
7.88125e-09
8.59282e-09
9.42114e-09
1.03819e-08
1.14574e-08
1.25747e-08
1.35976e-08
1.42918e-08
1.44228e-08
1.39423e-08
1.30504e-08
1.19916e-08
1.09343e-08
9.96433e-09
9.10471e-09
8.36661e-09
7.73813e-09
7.19208e-09
6.71531e-09
6.29628e-09
5.92384e-09
5.59646e-09
5.30699e-09
5.04336e-09
4.80299e-09
4.58318e-09
4.37978e-09
4.19334e-09
4.02176e-09
3.85921e-09
3.70571e-09
8.9727e-10
8.92552e-10
8.90106e-10
8.89111e-10
8.89116e-10
8.89833e-10
8.91105e-10
8.92868e-10
8.95117e-10
8.97877e-10
9.01191e-10
9.05107e-10
9.0967e-10
9.14916e-10
9.20895e-10
9.2769e-10
9.35409e-10
9.44145e-10
9.53965e-10
9.64928e-10
9.7709e-10
9.90512e-10
1.00526e-09
1.02142e-09
1.03908e-09
1.05833e-09
1.07929e-09
1.10207e-09
1.12683e-09
1.15371e-09
1.18289e-09
1.21458e-09
1.24901e-09
1.28642e-09
1.32712e-09
1.37146e-09
1.41981e-09
1.47265e-09
1.53049e-09
1.59396e-09
1.66379e-09
1.74085e-09
1.82618e-09
1.92102e-09
2.02691e-09
2.1457e-09
2.27974e-09
2.43194e-09
2.60606e-09
2.80699e-09
3.0412e-09
3.31751e-09
3.64824e-09
4.0512e-09
4.55328e-09
5.19725e-09
6.05647e-09
7.27181e-09
9.16188e-09
1.25796e-08
2.02039e-08
4.51779e-08
5.54526e-08
1.95324e-08
1.26431e-08
9.6259e-09
7.88078e-09
6.73392e-09
5.91979e-09
5.3114e-09
4.83989e-09
4.46449e-09
4.15943e-09
3.90764e-09
3.69734e-09
3.52006e-09
3.36965e-09
3.24154e-09
3.13209e-09
3.03865e-09
2.95912e-09
2.89164e-09
2.835e-09
2.78784e-09
2.74966e-09
2.71985e-09
2.69757e-09
2.68268e-09
2.67471e-09
2.67357e-09
2.67895e-09
2.69073e-09
2.7088e-09
2.73319e-09
2.76392e-09
2.80095e-09
2.84549e-09
2.89384e-09
2.94724e-09
3.01114e-09
3.08198e-09
3.15702e-09
3.23655e-09
3.32174e-09
3.4142e-09
3.51594e-09
3.62767e-09
3.74987e-09
3.88536e-09
4.03444e-09
4.19866e-09
4.3833e-09
4.58867e-09
4.81627e-09
5.07427e-09
5.36602e-09
5.69349e-09
6.06709e-09
6.50135e-09
7.00429e-09
7.58701e-09
8.27508e-09
9.10087e-09
1.00918e-08
1.12678e-08
1.2653e-08
1.42158e-08
1.5779e-08
1.69176e-08
1.71575e-08
1.64103e-08
1.50401e-08
1.35042e-08
1.20619e-08
1.08252e-08
9.79717e-09
8.93067e-09
8.19749e-09
7.57205e-09
7.03104e-09
6.56716e-09
6.16594e-09
5.80743e-09
5.48618e-09
5.19701e-09
4.93311e-09
4.69433e-09
4.47711e-09
4.2734e-09
4.08293e-09
8.96797e-10
8.92498e-10
8.90454e-10
8.89844e-10
8.90201e-10
8.91236e-10
8.9279e-10
8.94799e-10
8.97254e-10
9.00185e-10
9.0364e-10
9.07669e-10
9.1232e-10
9.17632e-10
9.23655e-10
9.30477e-10
9.38212e-10
9.46956e-10
9.56781e-10
9.67745e-10
9.79907e-10
9.93331e-10
1.00809e-09
1.02426e-09
1.04193e-09
1.0612e-09
1.08219e-09
1.10502e-09
1.12983e-09
1.15678e-09
1.18605e-09
1.21785e-09
1.2524e-09
1.28997e-09
1.33086e-09
1.37541e-09
1.42402e-09
1.47716e-09
1.53536e-09
1.59925e-09
1.66959e-09
1.74724e-09
1.83328e-09
1.92898e-09
2.03589e-09
2.15593e-09
2.2915e-09
2.44561e-09
2.62212e-09
2.82608e-09
3.06422e-09
3.34572e-09
3.68347e-09
4.09622e-09
4.61246e-09
5.2779e-09
6.17187e-09
7.44882e-09
9.46738e-09
1.32373e-08
2.22796e-08
5.99362e-08
4.63066e-08
1.8e-08
1.20127e-08
9.25763e-09
7.6305e-09
6.54762e-09
5.77241e-09
5.18956e-09
4.73576e-09
4.37312e-09
4.07754e-09
3.83294e-09
3.62815e-09
3.45514e-09
3.30804e-09
3.18244e-09
3.07491e-09
2.98285e-09
2.90423e-09
2.83734e-09
2.78093e-09
2.73384e-09
2.69542e-09
2.66464e-09
2.6413e-09
2.62501e-09
2.61518e-09
2.6118e-09
2.61456e-09
2.62342e-09
2.63818e-09
2.65883e-09
2.6853e-09
2.71751e-09
2.75651e-09
2.79922e-09
2.84679e-09
2.90379e-09
2.96696e-09
3.0336e-09
3.10382e-09
3.17887e-09
3.26014e-09
3.34917e-09
3.44667e-09
3.55305e-09
3.66999e-09
3.79828e-09
3.93931e-09
4.0964e-09
4.27004e-09
4.46131e-09
4.67608e-09
4.91695e-09
5.18495e-09
5.48734e-09
5.8348e-09
6.2328e-09
6.6885e-09
7.22057e-09
7.85403e-09
8.61317e-09
9.52487e-09
1.0643e-08
1.20386e-08
1.37938e-08
1.59342e-08
1.82969e-08
2.03259e-08
2.10034e-08
1.98676e-08
1.76764e-08
1.54098e-08
1.3478e-08
1.18953e-08
1.06142e-08
9.57031e-09
8.70492e-09
7.99078e-09
7.39335e-09
6.87442e-09
6.42103e-09
6.02195e-09
5.6648e-09
5.34732e-09
5.06302e-09
4.80001e-09
4.55728e-09
8.96243e-10
8.92368e-10
8.90739e-10
8.90532e-10
8.91268e-10
8.9265e-10
8.94516e-10
8.968e-10
8.99495e-10
9.02634e-10
9.06264e-10
9.1044e-10
9.15211e-10
9.20619e-10
9.26716e-10
9.33593e-10
9.41368e-10
9.50144e-10
9.59994e-10
9.7098e-10
9.83161e-10
9.96602e-10
1.01138e-09
1.02757e-09
1.04526e-09
1.06457e-09
1.0856e-09
1.10848e-09
1.13335e-09
1.16038e-09
1.18974e-09
1.22165e-09
1.25634e-09
1.29406e-09
1.33514e-09
1.37991e-09
1.42878e-09
1.48222e-09
1.54078e-09
1.6051e-09
1.67593e-09
1.75418e-09
1.84092e-09
1.93746e-09
2.04539e-09
2.16667e-09
2.30376e-09
2.45974e-09
2.63861e-09
2.84557e-09
3.08759e-09
3.37422e-09
3.71892e-09
4.14136e-09
4.67165e-09
5.35851e-09
6.2874e-09
7.62717e-09
9.7796e-09
1.39353e-08
2.46912e-08
8.71068e-08
3.88366e-08
1.67263e-08
1.14651e-08
8.93182e-09
7.40688e-09
6.38016e-09
5.63939e-09
5.07931e-09
4.64134e-09
4.29016e-09
4.00311e-09
3.76499e-09
3.56518e-09
3.39603e-09
3.25192e-09
3.1286e-09
3.0228e-09
2.93199e-09
2.85418e-09
2.78777e-09
2.73149e-09
2.6843e-09
2.64544e-09
2.61412e-09
2.58998e-09
2.57227e-09
2.56091e-09
2.55569e-09
2.55615e-09
2.56232e-09
2.57406e-09
2.59133e-09
2.61397e-09
2.6419e-09
2.67598e-09
2.71367e-09
2.75604e-09
2.80695e-09
2.86337e-09
2.92259e-09
2.98469e-09
3.05086e-09
3.12234e-09
3.20031e-09
3.28551e-09
3.37826e-09
3.47953e-09
3.59026e-09
3.71148e-09
3.84531e-09
3.99242e-09
4.15383e-09
4.33308e-09
4.53228e-09
4.75199e-09
4.99707e-09
5.27494e-09
5.58911e-09
5.94353e-09
6.3501e-09
6.82504e-09
7.38304e-09
8.0392e-09
8.82765e-09
9.79797e-09
1.10228e-08
1.25911e-08
1.46181e-08
1.72897e-08
2.07256e-08
2.44681e-08
2.65583e-08
2.50582e-08
2.15478e-08
1.80849e-08
1.53185e-08
1.32058e-08
1.15741e-08
1.03121e-08
9.31337e-09
8.48499e-09
7.78957e-09
7.19809e-09
6.68404e-09
6.23874e-09
5.84885e-09
5.49502e-09
5.1742e-09
8.95644e-10
8.92208e-10
8.91016e-10
8.91239e-10
8.92384e-10
8.94144e-10
8.96354e-10
8.98947e-10
9.01916e-10
9.05292e-10
9.09128e-10
9.13479e-10
9.18398e-10
9.23929e-10
9.30123e-10
9.37075e-10
9.44911e-10
9.53738e-10
9.63631e-10
9.74653e-10
9.86867e-10
1.00034e-09
1.01514e-09
1.03137e-09
1.0491e-09
1.06845e-09
1.08952e-09
1.11246e-09
1.1374e-09
1.16451e-09
1.19398e-09
1.226e-09
1.26083e-09
1.29871e-09
1.33998e-09
1.38497e-09
1.43411e-09
1.48786e-09
1.54678e-09
1.61152e-09
1.68286e-09
1.7617e-09
1.84914e-09
1.94653e-09
2.05547e-09
2.17798e-09
2.31657e-09
2.47442e-09
2.65563e-09
2.86557e-09
3.11144e-09
3.40316e-09
3.75475e-09
4.18683e-09
4.73113e-09
5.43943e-09
6.40348e-09
7.80733e-09
1.01004e-08
1.46804e-08
2.75294e-08
1.53128e-07
3.33374e-08
1.5667e-08
1.09881e-08
8.64273e-09
7.20651e-09
6.22922e-09
5.51904e-09
4.97929e-09
4.55554e-09
4.21468e-09
3.93533e-09
3.70307e-09
3.50776e-09
3.34211e-09
3.20071e-09
3.07946e-09
2.97522e-09
2.88554e-09
2.80848e-09
2.74249e-09
2.68633e-09
2.639e-09
2.5997e-09
2.56777e-09
2.54271e-09
2.52399e-09
2.51138e-09
2.50435e-09
2.50285e-09
2.50682e-09
2.51584e-09
2.53005e-09
2.54926e-09
2.57333e-09
2.60305e-09
2.63629e-09
2.67402e-09
2.71958e-09
2.77004e-09
2.82274e-09
2.87775e-09
2.93617e-09
2.99913e-09
3.06759e-09
3.14219e-09
3.22321e-09
3.31117e-09
3.40696e-09
3.5115e-09
3.62609e-09
3.75142e-09
3.88812e-09
4.03843e-09
4.20388e-09
4.38547e-09
4.58567e-09
4.8096e-09
5.05959e-09
5.3378e-09
5.65147e-09
6.0108e-09
6.42411e-09
6.89848e-09
7.45223e-09
8.11159e-09
8.9141e-09
9.90202e-09
1.11316e-08
1.272e-08
1.48559e-08
1.78478e-08
2.22093e-08
2.82545e-08
3.41628e-08
3.39099e-08
2.78545e-08
2.19971e-08
1.77825e-08
1.48823e-08
1.2817e-08
1.1246e-08
1.00181e-08
9.03337e-09
8.21799e-09
7.54005e-09
6.96663e-09
6.46108e-09
6.01437e-09
8.95081e-10
8.92116e-10
8.91397e-10
8.92086e-10
8.93674e-10
8.95847e-10
8.98434e-10
9.01366e-10
9.04635e-10
9.08274e-10
9.12338e-10
9.16884e-10
9.2197e-10
9.27638e-10
9.33944e-10
9.40985e-10
9.48893e-10
9.57781e-10
9.67727e-10
9.78796e-10
9.91051e-10
1.00456e-09
1.01941e-09
1.03567e-09
1.05344e-09
1.07284e-09
1.09397e-09
1.11697e-09
1.14199e-09
1.16919e-09
1.19876e-09
1.2309e-09
1.26587e-09
1.30393e-09
1.34539e-09
1.39061e-09
1.44001e-09
1.49408e-09
1.55336e-09
1.61853e-09
1.69037e-09
1.76981e-09
1.85796e-09
1.95619e-09
2.06615e-09
2.18989e-09
2.32999e-09
2.4897e-09
2.67324e-09
2.88614e-09
3.13586e-09
3.43266e-09
3.79114e-09
4.23287e-09
4.79124e-09
5.52119e-09
6.52107e-09
7.99104e-09
1.04322e-08
1.54913e-08
3.08859e-08
4.46222e-07
2.92301e-08
1.47808e-08
1.057e-08
8.38506e-09
7.0263e-09
6.09273e-09
5.40983e-09
4.88831e-09
4.47737e-09
4.14584e-09
3.87346e-09
3.6465e-09
3.45529e-09
3.29282e-09
3.15387e-09
3.03451e-09
2.93169e-09
2.84303e-09
2.76665e-09
2.70105e-09
2.645e-09
2.59754e-09
2.55787e-09
2.52533e-09
2.49941e-09
2.47966e-09
2.46576e-09
2.45732e-09
2.4542e-09
2.45595e-09
2.46269e-09
2.47424e-09
2.49044e-09
2.5111e-09
2.53692e-09
2.56618e-09
2.59979e-09
2.64062e-09
2.68582e-09
2.73279e-09
2.7816e-09
2.83326e-09
2.88881e-09
2.94906e-09
3.01456e-09
3.08549e-09
3.16214e-09
3.2453e-09
3.33576e-09
3.43429e-09
3.54148e-09
3.65786e-09
3.78479e-09
3.92338e-09
4.07438e-09
4.23944e-09
4.42165e-09
4.62269e-09
4.84434e-09
5.09018e-09
5.36692e-09
5.67934e-09
6.03051e-09
6.43029e-09
6.89234e-09
7.43578e-09
8.0781e-09
8.83956e-09
9.76697e-09
1.09308e-08
1.24396e-08
1.44916e-08
1.73781e-08
2.16771e-08
2.86826e-08
4.0106e-08
4.92607e-08
3.97761e-08
2.84483e-08
2.1589e-08
1.72863e-08
1.44147e-08
1.23753e-08
1.08378e-08
9.65126e-09
8.70561e-09
7.91103e-09
7.23717e-09
8.94718e-10
8.92265e-10
8.92063e-10
8.9326e-10
8.95329e-10
8.97947e-10
9.00939e-10
9.04231e-10
9.07818e-10
9.11734e-10
9.16035e-10
9.20784e-10
9.2604e-10
9.3185e-10
9.38269e-10
9.45399e-10
9.53379e-10
9.62328e-10
9.72327e-10
9.83443e-10
9.95742e-10
1.00929e-09
1.02418e-09
1.04048e-09
1.0583e-09
1.07775e-09
1.09894e-09
1.12201e-09
1.1471e-09
1.1744e-09
1.20407e-09
1.23634e-09
1.27146e-09
1.30968e-09
1.35134e-09
1.3968e-09
1.44647e-09
1.50085e-09
1.56051e-09
1.62611e-09
1.69846e-09
1.7785e-09
1.86736e-09
1.96644e-09
2.07742e-09
2.20239e-09
2.344e-09
2.50557e-09
2.69144e-09
2.90731e-09
3.16087e-09
3.46275e-09
3.82814e-09
4.27957e-09
4.85216e-09
5.60411e-09
6.64076e-09
8.1795e-09
1.07772e-08
1.64159e-08
3.45725e-08
2.9581e-07
2.58869e-08
1.40571e-08
1.02013e-08
8.15436e-09
6.86363e-09
5.96891e-09
5.31045e-09
4.80536e-09
4.40599e-09
4.08291e-09
3.81686e-09
3.59473e-09
3.40724e-09
3.24766e-09
3.11096e-09
2.99331e-09
2.89178e-09
2.80406e-09
2.7283e-09
2.66305e-09
2.60712e-09
2.55953e-09
2.51952e-09
2.48644e-09
2.45977e-09
2.43906e-09
2.42397e-09
2.41417e-09
2.40945e-09
2.40947e-09
2.41414e-09
2.42325e-09
2.43685e-09
2.45448e-09
2.47685e-09
2.50255e-09
2.53245e-09
2.56909e-09
2.60965e-09
2.65156e-09
2.69492e-09
2.74068e-09
2.78978e-09
2.84291e-09
2.90054e-09
2.96278e-09
3.02979e-09
3.10221e-09
3.18073e-09
3.26584e-09
3.35795e-09
3.4575e-09
3.56528e-09
3.68209e-09
3.80857e-09
3.9458e-09
4.09566e-09
4.25939e-09
4.43802e-09
4.63386e-09
4.85077e-09
5.09169e-09
5.35861e-09
5.65623e-09
5.99176e-09
6.37622e-09
6.81642e-09
7.31942e-09
7.90507e-09
8.6013e-09
9.44571e-09
1.05011e-08
1.1833e-08
1.35632e-08
1.5963e-08
1.95304e-08
2.53996e-08
3.66903e-08
6.05569e-08
7.00947e-08
4.23848e-08
2.79829e-08
2.07946e-08
1.65472e-08
1.37937e-08
1.18577e-08
1.0377e-08
9.21182e-09
8.94923e-10
8.93036e-10
8.93396e-10
8.95135e-10
8.97709e-10
9.00785e-10
9.04184e-10
9.07834e-10
9.11728e-10
9.15905e-10
9.20426e-10
9.25357e-10
9.30764e-10
9.36695e-10
9.43209e-10
9.50409e-10
9.58444e-10
9.6744e-10
9.7748e-10
9.88632e-10
1.00096e-09
1.01455e-09
1.02947e-09
1.04581e-09
1.06367e-09
1.08317e-09
1.10441e-09
1.12755e-09
1.15272e-09
1.18011e-09
1.20989e-09
1.24229e-09
1.27755e-09
1.31595e-09
1.35781e-09
1.4035e-09
1.45345e-09
1.50815e-09
1.56818e-09
1.63422e-09
1.70708e-09
1.78772e-09
1.8773e-09
1.97723e-09
2.08923e-09
2.21544e-09
2.35855e-09
2.52199e-09
2.71019e-09
2.92902e-09
3.18642e-09
3.49339e-09
3.8657e-09
4.32687e-09
4.91377e-09
5.688e-09
6.76216e-09
8.37199e-09
1.11351e-08
1.73989e-08
3.93502e-08
1.29829e-07
2.3437e-08
1.34344e-08
9.87444e-09
7.94716e-09
6.7164e-09
5.85632e-09
5.21982e-09
4.72956e-09
4.34068e-09
4.02528e-09
3.76499e-09
3.54726e-09
3.36318e-09
3.20623e-09
3.07157e-09
2.9555e-09
2.85515e-09
2.76828e-09
2.69309e-09
2.62816e-09
2.57232e-09
2.52463e-09
2.48432e-09
2.45074e-09
2.42338e-09
2.4018e-09
2.38564e-09
2.3746e-09
2.36842e-09
2.36683e-09
2.36957e-09
2.37664e-09
2.38772e-09
2.40272e-09
2.42204e-09
2.44463e-09
2.47122e-09
2.50413e-09
2.54053e-09
2.57797e-09
2.61656e-09
2.65714e-09
2.70058e-09
2.74751e-09
2.79831e-09
2.85302e-09
2.91172e-09
2.97497e-09
3.04331e-09
3.11708e-09
3.19655e-09
3.28203e-09
3.37402e-09
3.47306e-09
3.57967e-09
3.69455e-09
3.81885e-09
3.95345e-09
4.09906e-09
4.25708e-09
4.42984e-09
4.61929e-09
4.82632e-09
5.05346e-09
5.305e-09
5.58686e-09
5.90217e-09
6.25343e-09
6.64918e-09
7.10235e-09
7.62862e-09
8.25193e-09
8.98744e-09
9.86605e-09
1.09589e-08
1.23636e-08
1.42484e-08
1.69497e-08
2.10548e-08
2.80841e-08
4.34532e-08
9.33711e-08
8.84194e-08
4.11677e-08
2.65428e-08
1.97408e-08
1.57095e-08
1.3053e-08
8.96145e-10
8.94869e-10
8.95822e-10
8.98115e-10
9.0119e-10
9.04706e-10
9.08483e-10
9.12451e-10
9.16609e-10
9.21e-10
9.25691e-10
9.30758e-10
9.36269e-10
9.4228e-10
9.48847e-10
9.56081e-10
9.64138e-10
9.73152e-10
9.83207e-10
9.94373e-10
1.00672e-09
1.02032e-09
1.03526e-09
1.05163e-09
1.06952e-09
1.08906e-09
1.11035e-09
1.13355e-09
1.1588e-09
1.18627e-09
1.21616e-09
1.24868e-09
1.28409e-09
1.32266e-09
1.36473e-09
1.41065e-09
1.46088e-09
1.51589e-09
1.5763e-09
1.64277e-09
1.71614e-09
1.79739e-09
1.88768e-09
1.98846e-09
2.10148e-09
2.22892e-09
2.37354e-09
2.53883e-09
2.72936e-09
2.95115e-09
3.21238e-09
3.52442e-09
3.90364e-09
4.37457e-09
4.97586e-09
5.77258e-09
6.88492e-09
8.56805e-09
1.15056e-08
1.84513e-08
4.58647e-08
8.43621e-08
2.16065e-08
1.28856e-08
9.58383e-09
7.76063e-09
6.58289e-09
5.75378e-09
5.13705e-09
4.66021e-09
4.28086e-09
3.97244e-09
3.71741e-09
3.5037e-09
3.32271e-09
3.16818e-09
3.03539e-09
2.92075e-09
2.82148e-09
2.73539e-09
2.66072e-09
2.59608e-09
2.54033e-09
2.49254e-09
2.45194e-09
2.41791e-09
2.38992e-09
2.36754e-09
2.35041e-09
2.33821e-09
2.33068e-09
2.32756e-09
2.3286e-09
2.33374e-09
2.34273e-09
2.35534e-09
2.37194e-09
2.39179e-09
2.41553e-09
2.44518e-09
2.47788e-09
2.51131e-09
2.5456e-09
2.58156e-09
2.61998e-09
2.66143e-09
2.70623e-09
2.75437e-09
2.80587e-09
2.86119e-09
2.92079e-09
2.98487e-09
3.05363e-09
3.12725e-09
3.20605e-09
3.29041e-09
3.38069e-09
3.47738e-09
3.58118e-09
3.69272e-09
3.81244e-09
3.94122e-09
4.0805e-09
4.23154e-09
4.39481e-09
4.57161e-09
4.76456e-09
4.97715e-09
5.21087e-09
5.46592e-09
5.74671e-09
6.06008e-09
6.41312e-09
6.81666e-09
7.2741e-09
7.7941e-09
8.40308e-09
9.13023e-09
1.0017e-08
1.11356e-08
1.25584e-08
1.44419e-08
1.71532e-08
2.14111e-08
2.91407e-08
4.79057e-08
1.47553e-07
8.99098e-08
3.83861e-08
2.46463e-08
8.99835e-10
8.99087e-10
9.00521e-10
9.03234e-10
9.06661e-10
9.10463e-10
9.14464e-10
9.186e-10
9.2288e-10
9.27354e-10
9.32097e-10
9.37191e-10
9.42711e-10
9.48716e-10
9.55264e-10
9.62467e-10
9.7049e-10
9.79474e-10
9.89503e-10
1.00065e-09
1.01298e-09
1.02657e-09
1.04151e-09
1.05788e-09
1.07579e-09
1.09535e-09
1.11669e-09
1.13993e-09
1.16524e-09
1.1928e-09
1.22278e-09
1.25543e-09
1.29098e-09
1.32972e-09
1.37198e-09
1.41814e-09
1.46863e-09
1.52396e-09
1.58474e-09
1.65164e-09
1.72552e-09
1.80736e-09
1.89836e-09
1.99998e-09
2.11401e-09
2.24267e-09
2.38877e-09
2.5559e-09
2.74873e-09
2.97345e-09
3.23848e-09
3.55555e-09
3.94165e-09
4.4223e-09
5.03797e-09
5.85732e-09
7.00842e-09
8.76711e-09
1.18891e-08
1.95921e-08
5.4854e-08
6.37771e-08
2.01509e-08
1.24047e-08
9.32459e-09
7.59242e-09
6.46174e-09
5.66038e-09
5.06147e-09
4.59678e-09
4.22609e-09
3.92403e-09
3.67379e-09
3.46373e-09
3.28558e-09
3.13324e-09
3.00216e-09
2.88883e-09
2.79054e-09
2.70515e-09
2.63096e-09
2.56658e-09
2.5109e-09
2.46301e-09
2.42215e-09
2.38769e-09
2.35912e-09
2.336e-09
2.31797e-09
2.30471e-09
2.29595e-09
2.29141e-09
2.29088e-09
2.29425e-09
2.30131e-09
2.3117e-09
2.32599e-09
2.34326e-09
2.36445e-09
2.39129e-09
2.42084e-09
2.4508e-09
2.4813e-09
2.51315e-09
2.54711e-09
2.5837e-09
2.62319e-09
2.66555e-09
2.71072e-09
2.75912e-09
2.81112e-09
2.86685e-09
2.9264e-09
2.9899e-09
3.05754e-09
3.12958e-09
3.20626e-09
3.2879e-09
3.37498e-09
3.46789e-09
3.5669e-09
3.67257e-09
3.78583e-09
3.9075e-09
4.03777e-09
4.17731e-09
4.32777e-09
4.49133e-09
4.66864e-09
4.85914e-09
5.06518e-09
5.29074e-09
5.53949e-09
5.81711e-09
6.12318e-09
6.46002e-09
6.84053e-09
7.27595e-09
7.78065e-09
8.37841e-09
9.08108e-09
9.92122e-09
1.09777e-08
1.23484e-08
1.42159e-08
1.69304e-08
2.12148e-08
2.90519e-08
4.9364e-08
2.36532e-07
9.02256e-10
9.02264e-10
9.04305e-10
9.07492e-10
9.11278e-10
9.15342e-10
9.19526e-10
9.23782e-10
9.2813e-10
9.32636e-10
9.37383e-10
9.42462e-10
9.47953e-10
9.53921e-10
9.60423e-10
9.67572e-10
9.75544e-10
9.84482e-10
9.94472e-10
1.00558e-09
1.01789e-09
1.03146e-09
1.04638e-09
1.06274e-09
1.08065e-09
1.10022e-09
1.12157e-09
1.14485e-09
1.1702e-09
1.19781e-09
1.22786e-09
1.26059e-09
1.29624e-09
1.3351e-09
1.3775e-09
1.42382e-09
1.47451e-09
1.53007e-09
1.59111e-09
1.65834e-09
1.73259e-09
1.81487e-09
1.90639e-09
2.00862e-09
2.12339e-09
2.25296e-09
2.40016e-09
2.56865e-09
2.76319e-09
2.99008e-09
3.25792e-09
3.57875e-09
3.96998e-09
4.45792e-09
5.08443e-09
5.92095e-09
7.10172e-09
8.91912e-09
1.2188e-08
2.05284e-08
6.45686e-08
5.46358e-08
1.92412e-08
1.20835e-08
9.14869e-09
7.47732e-09
6.37843e-09
5.59597e-09
5.00926e-09
4.55292e-09
4.18818e-09
3.89051e-09
3.64358e-09
3.43606e-09
3.25987e-09
3.10906e-09
2.97916e-09
2.86674e-09
2.76914e-09
2.68425e-09
2.61039e-09
2.5462e-09
2.49058e-09
2.44262e-09
2.40158e-09
2.36683e-09
2.33787e-09
2.31425e-09
2.2956e-09
2.28161e-09
2.272e-09
2.26649e-09
2.26486e-09
2.26698e-09
2.27263e-09
2.28146e-09
2.29396e-09
2.3094e-09
2.32878e-09
2.35348e-09
2.38087e-09
2.40842e-09
2.43634e-09
2.4654e-09
2.49635e-09
2.52966e-09
2.56561e-09
2.6041e-09
2.64509e-09
2.68892e-09
2.73593e-09
2.7862e-09
2.83977e-09
2.89671e-09
2.95716e-09
3.02131e-09
3.08932e-09
3.16143e-09
3.23801e-09
3.31932e-09
3.40555e-09
3.49708e-09
3.5946e-09
3.69873e-09
3.80952e-09
3.92734e-09
4.05343e-09
4.18938e-09
4.33546e-09
4.49092e-09
4.65727e-09
4.83736e-09
5.03353e-09
5.24954e-09
5.48417e-09
5.73797e-09
6.01933e-09
6.33458e-09
6.69128e-09
7.10193e-09
7.56848e-09
8.10381e-09
8.74503e-09
9.52707e-09
1.05049e-08
1.17722e-08
1.34591e-08
1.58637e-08
1.96555e-08
2.66592e-08
1.82902e-09
1.81371e-09
1.79918e-09
1.78561e-09
1.76698e-09
1.74742e-09
1.73606e-09
1.73173e-09
1.72759e-09
1.71623e-09
1.73162e-09
1.74679e-09
1.75617e-09
1.73076e-09
1.69121e-09
1.68178e-09
1.68898e-09
1.72729e-09
1.8059e-09
1.75701e-09
1.70737e-09
1.72433e-09
1.69845e-09
1.68575e-09
1.71498e-09
1.72098e-09
1.70397e-09
1.69639e-09
1.71039e-09
1.71992e-09
1.71497e-09
1.70752e-09
1.69008e-09
1.7388e-09
1.72936e-09
1.75683e-09
1.74664e-09
1.76387e-09
1.77382e-09
1.786e-09
1.80251e-09
1.81367e-09
1.82627e-09
1.81942e-09
1.83135e-09
1.82693e-09
1.82423e-09
1.82937e-09
1.81795e-09
1.8225e-09
1.80206e-09
1.79256e-09
1.81572e-09
1.76408e-09
1.80695e-09
1.76259e-09
1.74578e-09
1.76697e-09
1.75114e-09
1.75926e-09
1.77266e-09
1.77307e-09
1.76855e-09
1.7565e-09
1.75841e-09
1.72629e-09
1.72919e-09
1.7567e-09
1.75242e-09
1.75952e-09
1.75197e-09
1.74969e-09
1.74505e-09
1.73059e-09
1.7271e-09
1.72391e-09
1.72415e-09
1.72177e-09
1.71768e-09
1.70153e-09
1.70215e-09
1.69973e-09
1.70235e-09
1.69896e-09
1.6963e-09
1.69154e-09
1.68939e-09
1.68716e-09
1.68759e-09
1.68532e-09
1.67783e-09
1.67362e-09
1.67594e-09
1.66571e-09
1.67739e-09
1.67752e-09
1.67759e-09
1.66434e-09
1.659e-09
1.66891e-09
1.77761e-09
1.76266e-09
1.74858e-09
1.73544e-09
1.71749e-09
1.69863e-09
1.6876e-09
1.6834e-09
1.67941e-09
1.66764e-09
1.68031e-09
1.69585e-09
1.70595e-09
1.6817e-09
1.64249e-09
1.63236e-09
1.63371e-09
1.67756e-09
1.75273e-09
1.70741e-09
1.65585e-09
1.67439e-09
1.65337e-09
1.63588e-09
1.66798e-09
1.67345e-09
1.65823e-09
1.64845e-09
1.66102e-09
1.67211e-09
1.66654e-09
1.66048e-09
1.64059e-09
1.68851e-09
1.6774e-09
1.7017e-09
1.69237e-09
1.70832e-09
1.71896e-09
1.72914e-09
1.74544e-09
1.75642e-09
1.7693e-09
1.76531e-09
1.77567e-09
1.77337e-09
1.77109e-09
1.77666e-09
1.76642e-09
1.76943e-09
1.75361e-09
1.74192e-09
1.76763e-09
1.71575e-09
1.75521e-09
1.71777e-09
1.69274e-09
1.71637e-09
1.701e-09
1.70859e-09
1.72088e-09
1.72092e-09
1.71616e-09
1.70705e-09
1.70813e-09
1.67589e-09
1.67821e-09
1.70272e-09
1.69659e-09
1.70316e-09
1.69538e-09
1.6935e-09
1.68883e-09
1.67304e-09
1.66943e-09
1.66599e-09
1.66596e-09
1.66353e-09
1.65943e-09
1.64447e-09
1.6449e-09
1.64258e-09
1.64519e-09
1.64206e-09
1.6395e-09
1.6351e-09
1.63297e-09
1.63088e-09
1.63093e-09
1.62879e-09
1.62113e-09
1.61608e-09
1.6196e-09
1.61046e-09
1.62121e-09
1.62132e-09
1.6213e-09
1.60901e-09
1.60407e-09
1.61364e-09
1.83963e-09
1.82304e-09
1.80755e-09
1.7931e-09
1.77347e-09
1.75284e-09
1.74067e-09
1.73598e-09
1.73148e-09
1.71761e-09
1.72821e-09
1.74714e-09
1.75889e-09
1.73243e-09
1.68715e-09
1.67332e-09
1.67043e-09
1.72635e-09
1.80737e-09
1.75879e-09
1.69836e-09
1.7216e-09
1.70411e-09
1.67747e-09
1.71667e-09
1.7222e-09
1.70665e-09
1.69369e-09
1.70543e-09
1.71961e-09
1.71278e-09
1.70672e-09
1.68258e-09
1.73493e-09
1.72067e-09
1.74278e-09
1.73378e-09
1.74967e-09
1.76184e-09
1.77047e-09
1.78796e-09
1.79962e-09
1.81408e-09
1.81309e-09
1.82229e-09
1.82191e-09
1.81976e-09
1.82665e-09
1.81654e-09
1.81825e-09
1.80657e-09
1.79105e-09
1.82191e-09
1.76446e-09
1.80281e-09
1.77008e-09
1.73275e-09
1.76088e-09
1.74423e-09
1.75226e-09
1.76471e-09
1.7643e-09
1.7586e-09
1.75207e-09
1.75271e-09
1.71837e-09
1.72025e-09
1.74407e-09
1.73695e-09
1.74419e-09
1.73546e-09
1.73389e-09
1.7289e-09
1.71024e-09
1.70624e-09
1.70216e-09
1.70191e-09
1.69934e-09
1.69518e-09
1.68061e-09
1.68116e-09
1.67889e-09
1.68188e-09
1.67884e-09
1.67626e-09
1.67195e-09
1.66977e-09
1.66778e-09
1.66749e-09
1.66542e-09
1.65724e-09
1.65097e-09
1.65623e-09
1.6476e-09
1.65844e-09
1.65858e-09
1.65845e-09
1.64582e-09
1.64062e-09
1.65068e-09
1.90962e-09
1.89113e-09
1.87397e-09
1.85798e-09
1.83635e-09
1.81364e-09
1.80012e-09
1.79488e-09
1.78971e-09
1.77348e-09
1.78132e-09
1.80481e-09
1.81824e-09
1.78909e-09
1.73688e-09
1.71892e-09
1.71115e-09
1.78134e-09
1.86834e-09
1.81629e-09
1.74563e-09
1.77402e-09
1.76131e-09
1.72355e-09
1.7707e-09
1.77652e-09
1.76086e-09
1.74487e-09
1.75478e-09
1.77271e-09
1.76455e-09
1.75868e-09
1.73084e-09
1.78814e-09
1.77045e-09
1.7893e-09
1.78076e-09
1.79618e-09
1.80938e-09
1.81604e-09
1.83434e-09
1.84645e-09
1.86235e-09
1.86463e-09
1.87235e-09
1.87391e-09
1.87208e-09
1.88056e-09
1.87104e-09
1.87176e-09
1.86566e-09
1.8457e-09
1.88228e-09
1.81968e-09
1.8558e-09
1.82921e-09
1.77873e-09
1.81099e-09
1.79305e-09
1.80152e-09
1.81404e-09
1.81306e-09
1.80623e-09
1.80217e-09
1.80214e-09
1.7664e-09
1.76786e-09
1.79056e-09
1.78234e-09
1.7904e-09
1.78057e-09
1.7791e-09
1.7737e-09
1.75203e-09
1.74753e-09
1.74252e-09
1.74186e-09
1.73927e-09
1.7351e-09
1.7213e-09
1.72199e-09
1.71976e-09
1.72307e-09
1.7201e-09
1.71747e-09
1.71325e-09
1.71104e-09
1.70916e-09
1.70833e-09
1.70639e-09
1.69809e-09
1.69058e-09
1.69755e-09
1.68964e-09
1.70041e-09
1.70059e-09
1.70031e-09
1.68726e-09
1.68172e-09
1.69228e-09
1.98677e-09
1.96608e-09
1.94698e-09
1.92918e-09
1.90524e-09
1.88013e-09
1.86506e-09
1.85919e-09
1.85318e-09
1.83433e-09
1.83865e-09
1.86793e-09
1.88306e-09
1.85069e-09
1.79077e-09
1.76836e-09
1.75506e-09
1.84171e-09
1.93454e-09
1.87901e-09
1.79677e-09
1.83051e-09
1.82405e-09
1.77325e-09
1.82897e-09
1.8354e-09
1.81985e-09
1.80132e-09
1.80808e-09
1.83046e-09
1.82089e-09
1.81523e-09
1.78449e-09
1.8473e-09
1.8264e-09
1.84082e-09
1.8329e-09
1.84738e-09
1.86095e-09
1.8651e-09
1.88365e-09
1.89584e-09
1.91287e-09
1.91848e-09
1.92431e-09
1.92774e-09
1.92632e-09
1.93657e-09
1.92805e-09
1.92806e-09
1.92935e-09
1.90425e-09
1.94719e-09
1.88037e-09
1.91264e-09
1.89409e-09
1.83022e-09
1.86588e-09
1.84678e-09
1.85574e-09
1.86815e-09
1.86651e-09
1.85837e-09
1.85654e-09
1.85554e-09
1.81927e-09
1.82032e-09
1.84134e-09
1.83185e-09
1.84088e-09
1.82979e-09
1.82817e-09
1.82226e-09
1.79758e-09
1.79247e-09
1.78609e-09
1.78489e-09
1.78243e-09
1.77822e-09
1.76556e-09
1.76642e-09
1.76421e-09
1.76777e-09
1.76484e-09
1.76213e-09
1.75799e-09
1.75573e-09
1.75398e-09
1.75231e-09
1.75055e-09
1.74271e-09
1.73409e-09
1.74265e-09
1.73562e-09
1.74619e-09
1.7464e-09
1.74595e-09
1.73241e-09
1.72644e-09
1.73753e-09
2.07211e-09
2.04885e-09
2.02749e-09
2.0076e-09
1.98096e-09
1.95306e-09
1.9362e-09
1.92964e-09
1.92256e-09
1.9008e-09
1.90086e-09
1.93721e-09
1.95405e-09
1.91787e-09
1.84941e-09
1.82233e-09
1.8029e-09
1.90825e-09
2.00659e-09
1.94766e-09
1.8524e-09
1.8914e-09
1.89283e-09
1.82716e-09
1.89183e-09
1.89934e-09
1.88401e-09
1.86384e-09
1.86585e-09
1.89335e-09
1.88235e-09
1.87658e-09
1.84383e-09
1.91283e-09
1.88957e-09
1.89841e-09
1.89134e-09
1.90448e-09
1.91769e-09
1.91873e-09
1.93681e-09
1.94853e-09
1.96619e-09
1.97491e-09
1.97839e-09
1.98344e-09
1.98239e-09
1.99445e-09
1.98732e-09
1.98664e-09
1.99743e-09
1.96631e-09
2.01639e-09
1.9468e-09
1.97296e-09
1.96487e-09
1.88807e-09
1.92609e-09
1.90607e-09
1.91571e-09
1.92778e-09
1.92548e-09
1.91587e-09
1.91594e-09
1.91366e-09
1.8778e-09
1.87844e-09
1.89712e-09
1.88617e-09
1.89633e-09
1.88375e-09
1.8817e-09
1.87516e-09
1.84765e-09
1.8418e-09
1.83339e-09
1.83167e-09
1.82941e-09
1.82507e-09
1.81391e-09
1.81498e-09
1.81271e-09
1.81646e-09
1.81355e-09
1.8107e-09
1.80662e-09
1.80429e-09
1.80267e-09
1.79974e-09
1.7982e-09
1.7916e-09
1.78215e-09
1.79204e-09
1.78603e-09
1.79632e-09
1.79658e-09
1.79592e-09
1.78182e-09
1.77533e-09
1.78702e-09
2.16694e-09
2.14067e-09
2.11667e-09
2.09431e-09
2.06454e-09
2.03338e-09
2.01444e-09
2.00711e-09
1.9987e-09
1.97368e-09
1.96885e-09
2.01351e-09
2.0321e-09
1.99138e-09
1.91353e-09
1.88171e-09
1.85563e-09
1.98185e-09
2.08526e-09
2.02314e-09
1.91339e-09
1.95705e-09
1.96822e-09
1.88606e-09
1.95967e-09
1.969e-09
1.9538e-09
1.93336e-09
1.92878e-09
1.96199e-09
1.94967e-09
1.94294e-09
1.90898e-09
1.98484e-09
1.96101e-09
1.96317e-09
1.95733e-09
1.96887e-09
1.98102e-09
1.97833e-09
1.9951e-09
2.00561e-09
2.02321e-09
2.03447e-09
2.03503e-09
2.0413e-09
2.04041e-09
2.05417e-09
2.04877e-09
2.04698e-09
2.06954e-09
2.03142e-09
2.08938e-09
2.01901e-09
2.03603e-09
2.04136e-09
1.95293e-09
1.9919e-09
1.97141e-09
1.98209e-09
1.99344e-09
1.99069e-09
1.97959e-09
1.98128e-09
1.97744e-09
1.94294e-09
1.94323e-09
1.95881e-09
1.94622e-09
1.95771e-09
1.94335e-09
1.94053e-09
1.93317e-09
1.90316e-09
1.89643e-09
1.88515e-09
1.88301e-09
1.88087e-09
1.87636e-09
1.86696e-09
1.86829e-09
1.86582e-09
1.86974e-09
1.86682e-09
1.86382e-09
1.85976e-09
1.85734e-09
1.85582e-09
1.85111e-09
1.84979e-09
1.84533e-09
1.83549e-09
1.84634e-09
1.84144e-09
1.85141e-09
1.85175e-09
1.85088e-09
1.83613e-09
1.82906e-09
1.84148e-09
2.27283e-09
2.24303e-09
2.2159e-09
2.19066e-09
2.15719e-09
2.12222e-09
2.10087e-09
2.09268e-09
2.0826e-09
2.05389e-09
2.04374e-09
2.09784e-09
2.1183e-09
2.07213e-09
1.98399e-09
1.94756e-09
1.91441e-09
2.06356e-09
2.17153e-09
2.1065e-09
1.98081e-09
2.0279e-09
2.05078e-09
1.95087e-09
2.03282e-09
2.04516e-09
2.02972e-09
2.01089e-09
1.9977e-09
2.03703e-09
2.02378e-09
2.0146e-09
1.97985e-09
2.063e-09
2.04154e-09
2.03595e-09
2.03202e-09
2.04205e-09
2.05265e-09
2.0457e-09
2.06026e-09
2.06867e-09
2.08521e-09
2.09805e-09
2.09496e-09
2.10182e-09
2.10071e-09
2.11589e-09
2.11262e-09
2.10865e-09
2.14516e-09
2.0991e-09
2.16551e-09
2.09688e-09
2.10084e-09
2.123e-09
2.02507e-09
2.06321e-09
2.04291e-09
2.05521e-09
2.06518e-09
2.0625e-09
2.05015e-09
2.05333e-09
2.04784e-09
2.01564e-09
2.01576e-09
2.02741e-09
2.01317e-09
2.0263e-09
2.00978e-09
2.00579e-09
1.99737e-09
1.96531e-09
1.95745e-09
1.94243e-09
1.93975e-09
1.93764e-09
1.93288e-09
1.92543e-09
1.92708e-09
1.92413e-09
1.92825e-09
1.92534e-09
1.9222e-09
1.91816e-09
1.91562e-09
1.91418e-09
1.90708e-09
1.90595e-09
1.90455e-09
1.89495e-09
1.90627e-09
1.90248e-09
1.91217e-09
1.91262e-09
1.91156e-09
1.89606e-09
1.88837e-09
1.90177e-09
2.39176e-09
2.35775e-09
2.32693e-09
2.29826e-09
2.26043e-09
2.22097e-09
2.19681e-09
2.18763e-09
2.17548e-09
2.14253e-09
2.12693e-09
2.19145e-09
2.21395e-09
2.1612e-09
2.06172e-09
2.02108e-09
1.98059e-09
2.15458e-09
2.26656e-09
2.19898e-09
2.05599e-09
2.10443e-09
2.14116e-09
2.0227e-09
2.11155e-09
2.12886e-09
2.11236e-09
2.09753e-09
2.0737e-09
2.11919e-09
2.10585e-09
2.09196e-09
2.05618e-09
2.14646e-09
2.13169e-09
2.11722e-09
2.11624e-09
2.12538e-09
2.13435e-09
2.12293e-09
2.13446e-09
2.13985e-09
2.15408e-09
2.16709e-09
2.15937e-09
2.16586e-09
2.16392e-09
2.18002e-09
2.17955e-09
2.17147e-09
2.22368e-09
2.16911e-09
2.24399e-09
2.18013e-09
2.16631e-09
2.20886e-09
2.10436e-09
2.13947e-09
2.12014e-09
2.13483e-09
2.14218e-09
2.14048e-09
2.12754e-09
2.13245e-09
2.12554e-09
2.09657e-09
2.09703e-09
2.10396e-09
2.08841e-09
2.10372e-09
2.08461e-09
2.07904e-09
2.06923e-09
2.03562e-09
2.02636e-09
2.00649e-09
2.00296e-09
2.00076e-09
1.99564e-09
1.99013e-09
1.99216e-09
1.98826e-09
1.99266e-09
1.98984e-09
1.98661e-09
1.98266e-09
1.98003e-09
1.97869e-09
1.96862e-09
1.9676e-09
1.97011e-09
1.96148e-09
1.97271e-09
1.96994e-09
1.97942e-09
1.98002e-09
1.97876e-09
1.96242e-09
1.95406e-09
1.9688e-09
2.52623e-09
2.48718e-09
2.45192e-09
2.41917e-09
2.37614e-09
2.33136e-09
2.30389e-09
2.29357e-09
2.27886e-09
2.24092e-09
2.22016e-09
2.29585e-09
2.32069e-09
2.25989e-09
2.14776e-09
2.1036e-09
2.05575e-09
2.25626e-09
2.37184e-09
2.30206e-09
2.14061e-09
2.1873e-09
2.24011e-09
2.10291e-09
2.19596e-09
2.22133e-09
2.20242e-09
2.19444e-09
2.15814e-09
2.20919e-09
2.19734e-09
2.17579e-09
2.13774e-09
2.23393e-09
2.23159e-09
2.20685e-09
2.21024e-09
2.21973e-09
2.22771e-09
2.21221e-09
2.22033e-09
2.22194e-09
2.23246e-09
2.2438e-09
2.23009e-09
2.23479e-09
2.23105e-09
2.24728e-09
2.25075e-09
2.23562e-09
2.30437e-09
2.24168e-09
2.32403e-09
2.26849e-09
2.23184e-09
2.29789e-09
2.19029e-09
2.21973e-09
2.20212e-09
2.22001e-09
2.22243e-09
2.22303e-09
2.21061e-09
2.21804e-09
2.21046e-09
2.1856e-09
2.18747e-09
2.18913e-09
2.17339e-09
2.19188e-09
2.16986e-09
2.16231e-09
2.15076e-09
2.11603e-09
2.10527e-09
2.07896e-09
2.07415e-09
2.07162e-09
2.06591e-09
2.06211e-09
2.06452e-09
2.05885e-09
2.06364e-09
2.06102e-09
2.05784e-09
2.05411e-09
2.05154e-09
2.05039e-09
2.03697e-09
2.03599e-09
2.04304e-09
2.03623e-09
2.0468e-09
2.04486e-09
2.05421e-09
2.05495e-09
2.05346e-09
2.03611e-09
2.02703e-09
2.04358e-09
2.6794e-09
2.63425e-09
2.59364e-09
2.55599e-09
2.5067e-09
2.45555e-09
2.42416e-09
2.41249e-09
2.39466e-09
2.35068e-09
2.3255e-09
2.41289e-09
2.44056e-09
2.36982e-09
2.24326e-09
2.19651e-09
2.1417e-09
2.3702e-09
2.4892e-09
2.41749e-09
2.23666e-09
2.27739e-09
2.34858e-09
2.19313e-09
2.28593e-09
2.3241e-09
2.30077e-09
2.30279e-09
2.25273e-09
2.30774e-09
2.29998e-09
2.26735e-09
2.22459e-09
2.32398e-09
2.34108e-09
2.30416e-09
2.3135e-09
2.32514e-09
2.33365e-09
2.31541e-09
2.3206e-09
2.31828e-09
2.32384e-09
2.3314e-09
2.30992e-09
2.31081e-09
2.30379e-09
2.31883e-09
2.32797e-09
2.3018e-09
2.38633e-09
2.31779e-09
2.40488e-09
2.36169e-09
2.29784e-09
2.38926e-09
2.2823e-09
2.30308e-09
2.28761e-09
2.30928e-09
2.30287e-09
2.30717e-09
2.29677e-09
2.30804e-09
2.30113e-09
2.28106e-09
2.28626e-09
2.28266e-09
2.26913e-09
2.29263e-09
2.26769e-09
2.25807e-09
2.24453e-09
2.20913e-09
2.19684e-09
2.16219e-09
2.15549e-09
2.15224e-09
2.14551e-09
2.14286e-09
2.14549e-09
2.13673e-09
2.14193e-09
2.1396e-09
2.13664e-09
2.13334e-09
2.13109e-09
2.13037e-09
2.11363e-09
2.11268e-09
2.12459e-09
2.12053e-09
2.12996e-09
2.12858e-09
2.13794e-09
2.13877e-09
2.13696e-09
2.1183e-09
2.10837e-09
2.1273e-09
2.85546e-09
2.80282e-09
2.75568e-09
2.71205e-09
2.65518e-09
2.59632e-09
2.56022e-09
2.54691e-09
2.52529e-09
2.47391e-09
2.44548e-09
2.54494e-09
2.57615e-09
2.49298e-09
2.34948e-09
2.30128e-09
2.2405e-09
2.49828e-09
2.62095e-09
2.54731e-09
2.34652e-09
2.37591e-09
2.46773e-09
2.29553e-09
2.38112e-09
2.439e-09
2.40854e-09
2.42366e-09
2.35963e-09
2.41542e-09
2.41571e-09
2.36863e-09
2.3176e-09
2.41541e-09
2.45995e-09
2.4083e-09
2.42476e-09
2.4405e-09
2.45181e-09
2.43334e-09
2.4375e-09
2.43241e-09
2.4325e-09
2.43433e-09
2.40302e-09
2.39737e-09
2.38485e-09
2.39654e-09
2.41367e-09
2.37141e-09
2.46859e-09
2.39908e-09
2.48568e-09
2.45935e-09
2.36622e-09
2.48266e-09
2.38034e-09
2.38933e-09
2.37578e-09
2.40132e-09
2.38007e-09
2.38903e-09
2.38204e-09
2.39875e-09
2.3942e-09
2.37891e-09
2.39031e-09
2.38252e-09
2.37536e-09
2.40695e-09
2.3799e-09
2.36879e-09
2.35343e-09
2.31817e-09
2.30425e-09
2.25946e-09
2.25017e-09
2.24562e-09
2.23718e-09
2.23469e-09
2.23713e-09
2.22324e-09
2.22865e-09
2.22652e-09
2.22382e-09
2.22114e-09
2.21953e-09
2.21957e-09
2.2002e-09
2.19945e-09
2.21613e-09
2.21584e-09
2.22385e-09
2.22284e-09
2.23245e-09
2.23332e-09
2.23105e-09
2.21066e-09
2.1996e-09
2.22155e-09
3.05996e-09
2.998e-09
2.94276e-09
2.89179e-09
2.82557e-09
2.75727e-09
2.71547e-09
2.7001e-09
2.6739e-09
2.61335e-09
2.58318e-09
2.69504e-09
2.73083e-09
2.63193e-09
2.46791e-09
2.41946e-09
2.3545e-09
2.64282e-09
2.77003e-09
2.69404e-09
2.47296e-09
2.48454e-09
2.59913e-09
2.41281e-09
2.48107e-09
2.56815e-09
2.52721e-09
2.55788e-09
2.48162e-09
2.53274e-09
2.54661e-09
2.48239e-09
2.41874e-09
2.50768e-09
2.58829e-09
2.51908e-09
2.5427e-09
2.56373e-09
2.5802e-09
2.56492e-09
2.5717e-09
2.56708e-09
2.56298e-09
2.55812e-09
2.51518e-09
2.49973e-09
2.4787e-09
2.48366e-09
2.51129e-09
2.44699e-09
2.55041e-09
2.48783e-09
2.56532e-09
2.56039e-09
2.44033e-09
2.57828e-09
2.48531e-09
2.47979e-09
2.46716e-09
2.49619e-09
2.45209e-09
2.46544e-09
2.46231e-09
2.48553e-09
2.48469e-09
2.47251e-09
2.49358e-09
2.48404e-09
2.48927e-09
2.53353e-09
2.50663e-09
2.49588e-09
2.47994e-09
2.4464e-09
2.43113e-09
2.37515e-09
2.3626e-09
2.35618e-09
2.34508e-09
2.3413e-09
2.34274e-09
2.3209e-09
2.32583e-09
2.3234e-09
2.32067e-09
2.31853e-09
2.31775e-09
2.31887e-09
2.29833e-09
2.29807e-09
2.31895e-09
2.32352e-09
2.33026e-09
2.32957e-09
2.33996e-09
2.34099e-09
2.33818e-09
2.31552e-09
2.30295e-09
2.32871e-09
3.3005e-09
3.22675e-09
3.16131e-09
3.10114e-09
3.02326e-09
2.94322e-09
2.89439e-09
2.87641e-09
2.84467e-09
2.77267e-09
2.74242e-09
2.8672e-09
2.90905e-09
2.79001e-09
2.60047e-09
2.5528e-09
2.48656e-09
2.80685e-09
2.94026e-09
2.86078e-09
2.61928e-09
2.60567e-09
2.74491e-09
2.54849e-09
2.58549e-09
2.71398e-09
2.65892e-09
2.70571e-09
2.62226e-09
2.66038e-09
2.69487e-09
2.61217e-09
2.53145e-09
2.60092e-09
2.72654e-09
2.63793e-09
2.66724e-09
2.69292e-09
2.71556e-09
2.70656e-09
2.72098e-09
2.7226e-09
2.71865e-09
2.70867e-09
2.65373e-09
2.6254e-09
2.59228e-09
2.58569e-09
2.62593e-09
2.533e-09
2.63228e-09
2.58695e-09
2.64263e-09
2.66239e-09
2.52418e-09
2.67576e-09
2.59893e-09
2.57748e-09
2.56414e-09
2.59666e-09
2.52078e-09
2.53657e-09
2.53586e-09
2.56505e-09
2.56768e-09
2.55391e-09
2.58754e-09
2.57985e-09
2.60436e-09
2.66691e-09
2.64432e-09
2.63774e-09
2.62462e-09
2.59566e-09
2.5806e-09
2.51419e-09
2.49841e-09
2.48993e-09
2.47525e-09
2.46838e-09
2.46769e-09
2.43431e-09
2.43745e-09
2.43355e-09
2.42982e-09
2.42755e-09
2.42731e-09
2.42943e-09
2.40978e-09
2.41031e-09
2.4342e-09
2.44469e-09
2.45069e-09
2.45064e-09
2.46274e-09
2.46443e-09
2.46133e-09
2.436e-09
2.42162e-09
2.45224e-09
3.58781e-09
3.49881e-09
3.42026e-09
3.34838e-09
3.25563e-09
3.16075e-09
3.1031e-09
3.08174e-09
3.04321e-09
2.95694e-09
2.92809e-09
3.06688e-09
3.11683e-09
2.97179e-09
2.74976e-09
2.70348e-09
2.64026e-09
2.99448e-09
3.13675e-09
3.0516e-09
2.78946e-09
2.74268e-09
2.90799e-09
2.70722e-09
2.69488e-09
2.87931e-09
2.80689e-09
2.86622e-09
2.78609e-09
2.79986e-09
2.86304e-09
2.76235e-09
2.6609e-09
2.69556e-09
2.87481e-09
2.76838e-09
2.80113e-09
2.82856e-09
2.85534e-09
2.85295e-09
2.87941e-09
2.89463e-09
2.89916e-09
2.89006e-09
2.8265e-09
2.78416e-09
2.73584e-09
2.71155e-09
2.76543e-09
2.63714e-09
2.71775e-09
2.70053e-09
2.71767e-09
2.76143e-09
2.62129e-09
2.77258e-09
2.72244e-09
2.68601e-09
2.66997e-09
2.70875e-09
2.59351e-09
2.60862e-09
2.60671e-09
2.63885e-09
2.64184e-09
2.61778e-09
2.66437e-09
2.6619e-09
2.71066e-09
2.79623e-09
2.78363e-09
2.78708e-09
2.78294e-09
2.7638e-09
2.75292e-09
2.68056e-09
2.66336e-09
2.65404e-09
2.63561e-09
2.62404e-09
2.62007e-09
2.57127e-09
2.57063e-09
2.56331e-09
2.55669e-09
2.55264e-09
2.55173e-09
2.55392e-09
2.53723e-09
2.53837e-09
2.56317e-09
2.58025e-09
2.58622e-09
2.58733e-09
2.60255e-09
2.60597e-09
2.60345e-09
2.57549e-09
2.55947e-09
2.59657e-09
3.93758e-09
3.82831e-09
3.73248e-09
3.64529e-09
3.53317e-09
3.41907e-09
3.35014e-09
3.32432e-09
3.27734e-09
3.1732e-09
3.14669e-09
3.30163e-09
3.36259e-09
3.18365e-09
2.91976e-09
2.8745e-09
2.82042e-09
3.2116e-09
3.36648e-09
3.27203e-09
2.98846e-09
2.90035e-09
3.09242e-09
2.89528e-09
2.81149e-09
3.06768e-09
2.97632e-09
3.03627e-09
2.9786e-09
2.95453e-09
3.05477e-09
2.9386e-09
2.81464e-09
2.79215e-09
3.03079e-09
2.91483e-09
2.95049e-09
2.97616e-09
3.00147e-09
3.00058e-09
3.03887e-09
3.07299e-09
3.0969e-09
3.1003e-09
3.03837e-09
2.98645e-09
2.92313e-09
2.87456e-09
2.9419e-09
2.77204e-09
2.81611e-09
2.83552e-09
2.79462e-09
2.85414e-09
2.73374e-09
2.86264e-09
2.85392e-09
2.80678e-09
2.78498e-09
2.83977e-09
2.68257e-09
2.69476e-09
2.68681e-09
2.7168e-09
2.71371e-09
2.66709e-09
2.72299e-09
2.72625e-09
2.79828e-09
2.90736e-09
2.90953e-09
2.92943e-09
2.94192e-09
2.94086e-09
2.9412e-09
2.87359e-09
2.86027e-09
2.85446e-09
2.8346e-09
2.81833e-09
2.81094e-09
2.74365e-09
2.73707e-09
2.72375e-09
2.71132e-09
2.7027e-09
2.69868e-09
2.69865e-09
2.68595e-09
2.68647e-09
2.7088e-09
2.73195e-09
2.73803e-09
2.74048e-09
2.76022e-09
2.76676e-09
2.7663e-09
2.73648e-09
2.71991e-09
2.76591e-09
4.37372e-09
4.23656e-09
4.1172e-09
4.00941e-09
3.8713e-09
3.73163e-09
3.64785e-09
3.61607e-09
3.55828e-09
3.43149e-09
3.40731e-09
3.58232e-09
3.65848e-09
3.43484e-09
3.11682e-09
3.07062e-09
3.0338e-09
3.46701e-09
3.63924e-09
3.52988e-09
3.22265e-09
3.08524e-09
3.30352e-09
3.12134e-09
2.94064e-09
3.28432e-09
3.17619e-09
3.20998e-09
3.20513e-09
3.13007e-09
3.27567e-09
3.14926e-09
3.00452e-09
2.89321e-09
3.18763e-09
3.07907e-09
3.12226e-09
3.14664e-09
3.16447e-09
3.15417e-09
3.19529e-09
3.24489e-09
3.29532e-09
3.32549e-09
3.2839e-09
3.23809e-09
3.16974e-09
3.09232e-09
3.17337e-09
2.9572e-09
2.94509e-09
3.00465e-09
2.88613e-09
2.94276e-09
2.8633e-09
2.93846e-09
2.98591e-09
2.9355e-09
2.90009e-09
2.99281e-09
2.80098e-09
2.81235e-09
2.79506e-09
2.81795e-09
2.8001e-09
2.71767e-09
2.77576e-09
2.77979e-09
2.86524e-09
2.99123e-09
3.00756e-09
3.04663e-09
3.08078e-09
3.10654e-09
3.12677e-09
3.08199e-09
3.08267e-09
3.08964e-09
3.07624e-09
3.05992e-09
3.05254e-09
2.96724e-09
2.95384e-09
2.93227e-09
2.91057e-09
2.89362e-09
2.88279e-09
2.87672e-09
2.86691e-09
2.86384e-09
2.87875e-09
2.90535e-09
2.9099e-09
2.91225e-09
2.93666e-09
2.94691e-09
2.94974e-09
2.91898e-09
2.90378e-09
2.96167e-09
4.93481e-09
4.75747e-09
4.6047e-09
4.46806e-09
4.29369e-09
4.11877e-09
4.0148e-09
3.97487e-09
3.9027e-09
3.74649e-09
3.72328e-09
3.92509e-09
4.02275e-09
3.73893e-09
3.35154e-09
3.29989e-09
3.29044e-09
3.77466e-09
3.96956e-09
3.83681e-09
3.50047e-09
3.30594e-09
3.54749e-09
3.39703e-09
3.09169e-09
3.53761e-09
3.42282e-09
3.38089e-09
3.46837e-09
3.33279e-09
3.53188e-09
3.40684e-09
3.25074e-09
3.00879e-09
3.33572e-09
3.25622e-09
3.31712e-09
3.35081e-09
3.36351e-09
3.33333e-09
3.35928e-09
3.40652e-09
3.47565e-09
3.53783e-09
3.53683e-09
3.52735e-09
3.48597e-09
3.3819e-09
3.4843e-09
3.22118e-09
3.13339e-09
3.23058e-09
3.01769e-09
3.04267e-09
3.01672e-09
3.00007e-09
3.10796e-09
3.06218e-09
2.99256e-09
3.15795e-09
2.95404e-09
2.97474e-09
2.95075e-09
2.96631e-09
2.92587e-09
2.79811e-09
2.8516e-09
2.84517e-09
2.92657e-09
3.05685e-09
3.07797e-09
3.12969e-09
3.18161e-09
3.23628e-09
3.28052e-09
3.27927e-09
3.30625e-09
3.33859e-09
3.34821e-09
3.3461e-09
3.35081e-09
3.25791e-09
3.24211e-09
3.21322e-09
3.18002e-09
3.15105e-09
3.12901e-09
3.11182e-09
3.10095e-09
3.08947e-09
3.09042e-09
3.11501e-09
3.11345e-09
3.11098e-09
3.13716e-09
3.14873e-09
3.15354e-09
3.12073e-09
3.10785e-09
3.17982e-09
5.68764e-09
5.44872e-09
5.24567e-09
5.06638e-09
4.83883e-09
4.613e-09
4.48037e-09
4.42899e-09
4.33676e-09
4.14059e-09
4.11518e-09
4.35503e-09
4.48412e-09
4.11621e-09
3.6413e-09
3.5757e-09
3.606e-09
4.15802e-09
4.38135e-09
4.21202e-09
3.83454e-09
3.57387e-09
3.83083e-09
3.73721e-09
3.27751e-09
3.83822e-09
3.7464e-09
3.55154e-09
3.76576e-09
3.56517e-09
3.82133e-09
3.72453e-09
3.58779e-09
3.16615e-09
3.47514e-09
3.4365e-09
3.52092e-09
3.58448e-09
3.61491e-09
3.5721e-09
3.56642e-09
3.58069e-09
3.63761e-09
3.71054e-09
3.74858e-09
3.80571e-09
3.85765e-09
3.74007e-09
3.89799e-09
3.6038e-09
3.42339e-09
3.55094e-09
3.23151e-09
3.18935e-09
3.21548e-09
3.06902e-09
3.21946e-09
3.18199e-09
3.03703e-09
3.30762e-09
3.12888e-09
3.17642e-09
3.15862e-09
3.17777e-09
3.11343e-09
2.94325e-09
2.99346e-09
2.96093e-09
3.01928e-09
3.1413e-09
3.15043e-09
3.19791e-09
3.2514e-09
3.32266e-09
3.38147e-09
3.43254e-09
3.48931e-09
3.54994e-09
3.60365e-09
3.64158e-09
3.68466e-09
3.61672e-09
3.61719e-09
3.59317e-09
3.5535e-09
3.51288e-09
3.47682e-09
3.44315e-09
3.42445e-09
3.39833e-09
3.37781e-09
3.39213e-09
3.37656e-09
3.36003e-09
3.38074e-09
3.38589e-09
3.38558e-09
3.34354e-09
3.32874e-09
3.4134e-09
6.75964e-09
6.41758e-09
6.13247e-09
5.88527e-09
5.57404e-09
5.26982e-09
5.09413e-09
5.02595e-09
4.90403e-09
4.65006e-09
4.61675e-09
4.91356e-09
5.09072e-09
4.59716e-09
4.0134e-09
3.91731e-09
4.00601e-09
4.65729e-09
4.91853e-09
4.691e-09
4.24897e-09
3.90762e-09
4.16329e-09
4.16101e-09
3.51233e-09
4.18633e-09
4.20091e-09
3.75232e-09
4.09448e-09
3.82463e-09
4.11477e-09
4.09145e-09
4.06818e-09
3.42143e-09
3.63971e-09
3.62308e-09
3.70953e-09
3.81063e-09
3.9e-09
3.89762e-09
3.87939e-09
3.83116e-09
3.82696e-09
3.85682e-09
3.88333e-09
3.98949e-09
4.2162e-09
4.09342e-09
4.39354e-09
4.15369e-09
3.87558e-09
4.02492e-09
3.5916e-09
3.44342e-09
3.50803e-09
3.19949e-09
3.35006e-09
3.31839e-09
3.04055e-09
3.41389e-09
3.29472e-09
3.37888e-09
3.38571e-09
3.43231e-09
3.3571e-09
3.17739e-09
3.2483e-09
3.17693e-09
3.20174e-09
3.31179e-09
3.28938e-09
3.31088e-09
3.34185e-09
3.40342e-09
3.45114e-09
3.53657e-09
3.60349e-09
3.66142e-09
3.76136e-09
3.85905e-09
3.97196e-09
3.9923e-09
4.05392e-09
4.07545e-09
4.05913e-09
4.02589e-09
3.98445e-09
3.93316e-09
3.89761e-09
3.85047e-09
3.80091e-09
3.79476e-09
3.75474e-09
3.71002e-09
3.71431e-09
3.69913e-09
3.6787e-09
3.61003e-09
3.57881e-09
3.66939e-09
8.4308e-09
7.891e-09
7.45462e-09
7.08648e-09
6.6295e-09
6.19308e-09
5.94726e-09
5.85285e-09
5.68359e-09
5.33865e-09
5.28761e-09
5.67502e-09
5.93005e-09
5.2286e-09
4.51112e-09
4.3454e-09
4.53324e-09
5.33621e-09
5.66434e-09
5.34167e-09
4.79753e-09
4.34937e-09
4.57553e-09
4.70278e-09
3.81587e-09
4.52464e-09
4.87947e-09
4.06723e-09
4.48087e-09
4.12608e-09
4.35506e-09
4.40283e-09
4.72745e-09
3.87615e-09
3.9224e-09
3.87015e-09
3.89279e-09
3.9788e-09
4.12669e-09
4.2535e-09
4.353e-09
4.27179e-09
4.1536e-09
4.07043e-09
3.99214e-09
4.04119e-09
4.45356e-09
4.26437e-09
4.7652e-09
4.86756e-09
4.55475e-09
4.74522e-09
4.19531e-09
3.8996e-09
3.98446e-09
3.48616e-09
3.57527e-09
3.54726e-09
3.07734e-09
3.50052e-09
3.43976e-09
3.53637e-09
3.56349e-09
3.64957e-09
3.5866e-09
3.47463e-09
3.62581e-09
3.52758e-09
3.54572e-09
3.67036e-09
3.59707e-09
3.57194e-09
3.55618e-09
3.57639e-09
3.57967e-09
3.65847e-09
3.6936e-09
3.67728e-09
3.7787e-09
3.90714e-09
4.07817e-09
4.2383e-09
4.41126e-09
4.55532e-09
4.64539e-09
4.69646e-09
4.70928e-09
4.67201e-09
4.62064e-09
4.54852e-09
4.46363e-09
4.42624e-09
4.35035e-09
4.25811e-09
4.23419e-09
4.17973e-09
4.11657e-09
3.99112e-09
3.91653e-09
4.00405e-09
1.14716e-08
1.04551e-08
9.67777e-09
9.0519e-09
8.29685e-09
7.60415e-09
7.22936e-09
7.08979e-09
6.83661e-09
6.33152e-09
6.24465e-09
6.78981e-09
7.18232e-09
6.08501e-09
5.21538e-09
4.87871e-09
5.26142e-09
6.28059e-09
6.76933e-09
6.28722e-09
5.59351e-09
5.00294e-09
5.16415e-09
5.45214e-09
4.25349e-09
4.69168e-09
5.9493e-09
4.66805e-09
5.0408e-09
4.56634e-09
4.55274e-09
4.4425e-09
5.40195e-09
4.70339e-09
4.4991e-09
4.32314e-09
4.18704e-09
4.13019e-09
4.19573e-09
4.39813e-09
4.88295e-09
5.08479e-09
4.80349e-09
4.5406e-09
4.25551e-09
4.09025e-09
4.57323e-09
4.15511e-09
4.57833e-09
5.42706e-09
5.38651e-09
5.85038e-09
5.18807e-09
4.70392e-09
4.79634e-09
4.08191e-09
4.01883e-09
4.01074e-09
3.29258e-09
3.69494e-09
3.63912e-09
3.69215e-09
3.68256e-09
3.75829e-09
3.69366e-09
3.71816e-09
3.99035e-09
3.93988e-09
4.10143e-09
4.37741e-09
4.23395e-09
4.14462e-09
4.06096e-09
4.00744e-09
3.93336e-09
3.95893e-09
3.91402e-09
3.73894e-09
3.76555e-09
3.83928e-09
3.97451e-09
4.20797e-09
4.44258e-09
4.7368e-09
5.02402e-09
5.3098e-09
5.56811e-09
5.72619e-09
5.76063e-09
5.66836e-09
5.54688e-09
5.46968e-09
5.34899e-09
5.18283e-09
5.12442e-09
5.00879e-09
4.87336e-09
4.64377e-09
4.48598e-09
4.56838e-09
1.9155e-08
1.62862e-08
1.43697e-08
1.29744e-08
1.14058e-08
1.00816e-08
9.41605e-09
9.18442e-09
8.75466e-09
7.91657e-09
7.75503e-09
8.62323e-09
9.2992e-09
7.28488e-09
6.3423e-09
5.60141e-09
6.32146e-09
7.55361e-09
8.43978e-09
7.69257e-09
6.74701e-09
6.03344e-09
6.20357e-09
6.69688e-09
5.09785e-09
4.51926e-09
7.81873e-09
5.93271e-09
6.09597e-09
5.46447e-09
5.01011e-09
4.25369e-09
5.16379e-09
6.20528e-09
5.72456e-09
5.28871e-09
4.90508e-09
4.55652e-09
4.30139e-09
4.2019e-09
4.66748e-09
5.98458e-09
6.11674e-09
5.62328e-09
5.02657e-09
4.48142e-09
4.90343e-09
4.08633e-09
3.93131e-09
5.02405e-09
5.16626e-09
7.56136e-09
6.80813e-09
6.11067e-09
6.22576e-09
5.27665e-09
4.86886e-09
4.96618e-09
3.94338e-09
4.28336e-09
4.12696e-09
4.10054e-09
3.96605e-09
3.93126e-09
3.76177e-09
3.85267e-09
4.10449e-09
3.91832e-09
4.54555e-09
5.34427e-09
5.5062e-09
5.34466e-09
5.17702e-09
5.0109e-09
4.82475e-09
4.75148e-09
4.57324e-09
4.15589e-09
4.03774e-09
3.96531e-09
3.94912e-09
4.08517e-09
4.18047e-09
4.37863e-09
4.72381e-09
5.17459e-09
5.76017e-09
6.43988e-09
7.10286e-09
7.55291e-09
7.40892e-09
7.29453e-09
7.1342e-09
6.85387e-09
6.78101e-09
6.58406e-09
6.33797e-09
5.91747e-09
5.61418e-09
5.71412e-09
9.65284e-08
4.71187e-08
3.26985e-08
2.57342e-08
1.97467e-08
1.58239e-08
1.41708e-08
1.36732e-08
1.2722e-08
1.0948e-08
1.06029e-08
1.23755e-08
1.38589e-08
8.9122e-09
8.43189e-09
6.8262e-09
7.98623e-09
9.35577e-09
1.111e-08
9.851e-09
8.1955e-09
7.43381e-09
8.12723e-09
9.17212e-09
7.40913e-09
4.26271e-09
1.00056e-08
8.71751e-09
8.25972e-09
7.54379e-09
6.47053e-09
4.50838e-09
3.98321e-09
7.69414e-09
8.27383e-09
7.21269e-09
6.61238e-09
5.86494e-09
5.05078e-09
4.23188e-09
3.65172e-09
5.49148e-09
8.77399e-09
7.88664e-09
6.91045e-09
5.79e-09
6.07751e-09
4.66992e-09
3.65512e-09
4.13936e-09
3.63393e-09
8.81707e-09
9.07969e-09
8.25256e-09
8.49638e-09
7.42661e-09
6.19088e-09
6.68346e-09
5.46693e-09
5.75756e-09
5.25065e-09
5.24448e-09
4.88894e-09
4.64513e-09
4.18986e-09
4.15989e-09
4.14848e-09
3.25712e-09
4.2887e-09
5.60668e-09
7.90342e-09
7.65151e-09
7.4368e-09
7.13308e-09
6.82537e-09
6.62212e-09
6.2338e-09
5.50733e-09
5.18452e-09
4.85844e-09
4.57851e-09
4.45199e-09
4.20013e-09
3.97256e-09
4.14064e-09
4.42367e-09
4.90091e-09
5.71346e-09
7.24516e-09
1.05249e-08
1.03903e-08
1.02999e-08
1.01895e-08
9.76443e-09
9.825e-09
9.58787e-09
9.22115e-09
8.44474e-09
7.89709e-09
8.10257e-09
3.92037e-08
6.62034e-08
1.99203e-07
2.09008e-07
5.43157e-08
3.05975e-08
2.45785e-08
2.31649e-08
2.04666e-08
1.59659e-08
1.5147e-08
1.92609e-08
2.26007e-08
9.94617e-09
1.31324e-08
1.00426e-08
8.82982e-09
2.13461e-08
9.57153e-09
9.09908e-09
5.70671e-09
4.61169e-09
3.47297e-09
1.83049e-08
1.8274e-08
5.80048e-09
7.79563e-09
2.04545e-08
1.47088e-08
1.62879e-08
1.30192e-08
9.56163e-09
1.53168e-09
1.29386e-09
1.88311e-08
1.23408e-08
1.27621e-08
1.18923e-08
1.01506e-08
7.97001e-09
5.54344e-09
1.13565e-09
1.86713e-08
1.65793e-08
1.50785e-08
1.22966e-08
1.29662e-08
8.95337e-09
6.72165e-09
6.96512e-09
9.66621e-10
7.94672e-10
1.63688e-08
1.50961e-08
1.69994e-08
1.50481e-08
8.68571e-09
1.1875e-08
1.14072e-08
1.23746e-08
8.55447e-09
1.06108e-08
9.45787e-09
8.80601e-09
6.91477e-09
6.65237e-09
6.42982e-09
4.86969e-09
1.42768e-09
1.37583e-09
1.32747e-09
1.58608e-08
1.55229e-08
1.49116e-08
1.43059e-08
1.39468e-08
1.25752e-08
1.16021e-08
1.1427e-08
1.03654e-08
9.48101e-09
8.80429e-09
7.91919e-09
7.01455e-09
2.27924e-09
2.12872e-09
1.99767e-09
1.88213e-09
1.85169e-09
1.77322e-09
2.21424e-08
2.21296e-08
2.26193e-08
2.11506e-08
2.27598e-08
2.26583e-08
2.18785e-08
1.86232e-08
1.62877e-08
1.74701e-08
)
;

boundaryField
{
    inlet
    {
        type            calculated;
        value           nonuniform List<scalar> 
100
(
3.26135e-11
2.94898e-11
2.72099e-11
2.55033e-11
2.42415e-11
2.3293e-11
2.25493e-11
2.19322e-11
2.13884e-11
2.08846e-11
2.04145e-11
1.99771e-11
1.9571e-11
1.92048e-11
1.8879e-11
1.85726e-11
1.82804e-11
1.79948e-11
1.77124e-11
1.74305e-11
1.71519e-11
1.68841e-11
1.66296e-11
1.63859e-11
1.61513e-11
1.59248e-11
1.57063e-11
1.54953e-11
1.52913e-11
1.50942e-11
1.49046e-11
1.47233e-11
1.45508e-11
1.43872e-11
1.42325e-11
1.40862e-11
1.39478e-11
1.38159e-11
1.36884e-11
1.35646e-11
1.3401e-11
1.3173e-11
1.29443e-11
1.26997e-11
1.24308e-11
1.21342e-11
1.1802e-11
1.14272e-11
1.10197e-11
1.06081e-11
1.0199e-11
9.81994e-12
9.33722e-12
8.94842e-12
9.81767e-12
8.66104e-12
8.00541e-12
7.19801e-12
7.92378e-12
1.22408e-11
5.52652e-12
1.91506e-12
1.43769e-12
1.9699e-12
2.07426e-12
2.07149e-12
2.07229e-12
2.07344e-12
2.07437e-12
2.07515e-12
2.07577e-12
2.07625e-12
2.07663e-12
2.07694e-12
2.07733e-12
2.07763e-12
2.0779e-12
2.07823e-12
2.07858e-12
2.07894e-12
2.07933e-12
2.07974e-12
2.08018e-12
2.08064e-12
2.0811e-12
2.08156e-12
2.08199e-12
2.0824e-12
2.08276e-12
2.08309e-12
2.08337e-12
2.08361e-12
2.08382e-12
2.08402e-12
2.08418e-12
2.08423e-12
2.0838e-12
2.08181e-12
2.07767e-12
2.05223e-12
)
;
    }
    outlet
    {
        type            calculated;
        value           nonuniform List<scalar> 
142
(
24.0218
100
100
100
100
100
100
100
100
100
100
100
100
100
100
100
100
100
100
100
100
100
100
100
100
100
100
100
100
100
100
74.4643
8.2792
0.00908237
3.43602e-09
7.37678e-10
4.78686e-10
4.12592e-10
3.71526e-10
3.27424e-10
2.79254e-10
2.31589e-10
1.66297e-10
1.17813e-10
1.44711e-10
1.75043e-10
2.08998e-10
2.46129e-10
2.80087e-10
8.28486e-11
3.4908e-11
4.88174e-11
1.82174e-10
4.73416e-10
5.51948e-10
6.10567e-10
6.72249e-10
7.3818e-10
8.08795e-10
8.84573e-10
9.66352e-10
1.05436e-09
1.14686e-09
1.24176e-09
1.33791e-09
1.43497e-09
1.53303e-09
1.63222e-09
1.73267e-09
1.83455e-09
1.93804e-09
2.0433e-09
2.15052e-09
2.25986e-09
2.37146e-09
2.48546e-09
2.60196e-09
2.72089e-09
2.84143e-09
2.95923e-09
3.05505e-09
3.21665e-09
3.44024e-09
3.66466e-09
3.9552e-09
4.2957e-09
4.69971e-09
5.17641e-09
5.74309e-09
6.47228e-09
7.5192e-09
9.02084e-09
1.11854e-08
1.5271e-09
3.00838e-10
4.55382e-12
1.44903e-12
2.06233e-12
7.30261e-11
9.03343e-10
1.10023e-09
1.1244e-09
1.14812e-09
1.17205e-09
1.19617e-09
1.22044e-09
1.24487e-09
1.26947e-09
1.29424e-09
1.3192e-09
1.34437e-09
1.36974e-09
1.39529e-09
1.42098e-09
1.44672e-09
1.47246e-09
1.60522e-09
1.66719e-09
1.61197e-09
1.64891e-09
1.69039e-09
1.7355e-09
1.78483e-09
1.83913e-09
1.89922e-09
1.96603e-09
2.04056e-09
2.12399e-09
2.21791e-09
2.3247e-09
2.4478e-09
2.59163e-09
2.76042e-09
2.95561e-09
3.17321e-09
3.40634e-09
3.66189e-09
3.99595e-09
4.55967e-09
5.70849e-09
8.137e-09
1.90411e-08
)
;
    }
    bottom
    {
        type            calculated;
        value           nonuniform List<scalar> 
442
(
100
85.1243
51.6033
36.2643
28.297
23.6728
20.7447
18.7638
17.3528
16.3069
15.5079
14.883
14.3854
13.9834
13.6556
13.3863
13.1648
12.9836
12.8372
12.7195
12.6235
12.5431
12.4737
12.4124
12.3577
12.309
12.2666
12.2311
12.2035
12.1842
12.1734
12.1711
12.177
12.1908
12.2124
12.2419
12.2794
12.325
12.3791
12.4426
12.5163
12.6003
12.6943
12.7987
12.9139
13.0405
13.1798
13.335
13.5156
13.841
14.4438
14.4833
14.181
13.8246
13.4718
13.1514
12.8783
12.6603
12.4998
12.3954
12.3443
12.3446
12.3954
12.4965
12.6485
12.8524
13.1095
13.4207
13.7867
14.2085
14.6877
15.2262
15.8269
16.4927
17.2272
18.0339
18.9164
19.878
20.9218
22.05
23.2651
24.5682
25.9609
27.4432
29.0153
30.6758
32.4232
34.2533
36.0918
38.1661
40.3577
42.4724
44.6374
46.8468
49.09
51.3574
53.6378
55.921
58.1963
60.4557
62.726
65.0996
67.6309
70.3209
73.1731
76.1741
79.367
82.8136
86.5119
90.42
94.4611
98.509
100
100
100
100
100
100
100
100
100
100
100
100
100
100
100
100
100
100
95.301
89.7008
84.3083
79.2978
74.6961
70.4106
66.3887
62.6541
59.2042
56.0294
53.1158
50.4469
48.0049
45.7714
43.7289
41.86
40.1489
38.5807
37.1415
35.8178
34.6072
33.4953
32.4376
31.427
30.4615
29.5395
28.6594
27.8196
27.0184
26.2543
25.5255
24.8307
24.1683
23.5368
22.9349
22.3612
21.8143
21.293
20.796
20.3223
19.8704
19.4396
19.0284
18.6363
18.262
17.9049
17.5638
17.2382
16.927
16.63
16.3458
16.0744
15.8146
15.5665
15.329
15.1022
14.8851
14.6778
14.4794
14.2901
14.109
13.9362
13.7708
13.613
13.462
13.3177
13.1795
13.0474
12.9207
12.7992
12.6825
12.5701
12.4613
12.3569
11.7276
11.566
11.97
11.9066
11.8452
11.786
11.7296
11.677
11.6282
11.5836
11.5434
11.5076
11.4763
11.4496
11.4276
11.4101
11.3974
11.3892
11.3858
11.3869
11.3927
11.4028
11.4173
11.4359
11.4586
11.4849
11.515
11.5481
11.5846
11.6236
11.6654
11.7089
11.7544
11.8008
11.8481
11.8951
11.9415
11.9856
12.0265
12.0615
12.0876
12.0993
11.939
11.4258
11.3045
11.3222
11.3509
11.3879
11.4321
11.4823
11.538
11.5988
11.6643
11.7343
11.8087
11.8874
11.9702
12.0572
12.1482
12.2435
12.3427
12.4462
12.5537
12.6657
12.7818
12.9025
13.0273
13.1571
13.2911
13.4303
13.5738
13.7225
13.8757
14.0343
14.1971
14.3651
14.5371
14.7138
14.8937
15.0772
15.2626
15.4498
15.6365
15.8218
16.0027
16.1772
16.341
16.4905
16.6194
16.7217
16.7876
16.8064
16.7615
16.6289
16.3674
15.5552
13.4202
12.5196
12.6894
12.5648
12.4629
12.381
12.3155
12.2636
12.2232
12.1926
12.1705
12.1556
12.1472
12.1441
12.146
12.1519
12.1617
12.1743
12.1899
12.2075
12.2273
12.2484
12.2712
12.2946
12.3192
12.344
12.3697
12.3951
12.4211
12.4467
12.4727
12.4982
12.5239
12.549
12.5744
12.5991
12.6241
12.6483
12.6726
12.6962
12.7198
12.7427
12.7655
12.7874
12.8091
12.8299
12.8504
12.8698
12.8886
12.9062
12.9232
12.939
12.9543
12.9687
12.9831
12.997
13.0115
13.0262
13.0421
13.0587
13.0768
13.0958
13.1162
13.1373
13.1595
13.1818
13.2049
13.2277
13.2511
13.2742
13.2979
13.3217
13.3467
13.3725
13.4004
13.4304
13.464
13.5009
13.5429
13.5894
13.6419
13.6996
13.7634
13.8323
13.9069
13.9859
14.0702
14.1582
14.2507
14.346
14.4441
14.5426
14.6405
14.7342
14.8203
14.8919
14.9394
14.9435
14.8599
13.9722
100
100
100
100
100
100
100
100
100
100
100
93.5784
85.9343
78.935
72.3857
66.27
60.7076
56.0234
52.539
45.6067
39.9977
34.3536
28.7308
23.1002
17.3392
10.4916
0.35821
1.6232e-10
7.32297e-11
5.05869e-11
4.04276e-11
6.25938e-11
1.55134e-10
1.5064e-10
1.09613e-10
8.17319e-11
6.44624e-11
5.33048e-11
4.56711e-11
4.01487e-11
3.61301e-11
3.44948e-11
)
;
    }
    atmosphere
    {
        type            calculated;
        value           nonuniform List<scalar> 
400
(
3.80809e-12
8.74842e-11
3.94259e-10
5.92338e-10
9.30352e-09
5.4135e-10
7.38492e-10
7.54879e-10
1.29546e-09
7.40772e-10
9.13026e-10
1.34932e-09
2.29096e-09
1.11275e-08
3.00197e-09
1.81481e-09
1.65018e-09
1.81597e-09
4.63977e-10
4.20862e-10
2.63964e-09
8.83395e-09
5.99513e-09
5.00054e-09
4.78943e-09
4.77379e-09
4.82748e-09
4.89309e-09
4.92321e-09
4.86748e-09
4.68184e-09
4.33986e-09
3.87542e-09
3.37775e-09
2.8081e-09
2.29141e-09
1.86077e-09
1.65175e-09
1.93011e-09
3.38034e-09
5.53943e-09
6.95169e-09
7.96407e-09
8.74747e-09
9.18234e-09
9.48594e-09
9.85899e-09
1.03895e-08
1.10715e-08
1.17599e-08
1.22334e-08
1.21267e-08
1.141e-08
1.05535e-08
9.95244e-09
9.90991e-09
1.09574e-08
1.48631e-08
4.65455e-08
1.7697e-08
7.30454e-09
4.41127e-09
3.1608e-09
2.25059e-09
1.79133e-09
3.50066e-10
2.41275e-10
3.76362e-10
4.07484e-10
4.26895e-10
4.36166e-10
4.41511e-10
4.45926e-10
4.51243e-10
4.58636e-10
4.69052e-10
4.83386e-10
5.02643e-10
5.28097e-10
5.61478e-10
6.05226e-10
6.6291e-10
7.39988e-10
8.45269e-10
9.94263e-10
1.21882e-09
1.593e-09
2.30273e-09
4.08849e-09
1.21982e-08
4.85593e-09
2.66041e-09
1.85737e-09
1.44441e-09
1.19488e-09
1.02909e-09
9.11712e-10
8.24444e-10
7.56318e-10
6.99048e-10
6.49179e-10
6.10401e-10
5.79902e-10
5.52239e-10
5.26829e-10
5.03644e-10
4.83075e-10
4.65101e-10
4.49194e-10
4.34722e-10
4.21472e-10
4.09372e-10
3.98304e-10
3.88145e-10
3.78766e-10
3.70036e-10
3.61831e-10
3.54058e-10
3.46708e-10
3.39941e-10
3.34159e-10
3.3002e-10
3.28379e-10
3.30153e-10
3.36402e-10
3.46199e-10
3.57031e-10
3.68843e-10
3.8232e-10
3.9719e-10
4.13525e-10
4.31429e-10
4.50727e-10
4.70723e-10
4.89942e-10
5.06038e-10
5.15921e-10
5.1582e-10
5.01511e-10
4.70786e-10
4.30675e-10
4.05182e-10
4.14192e-10
6.50342e-10
1.02952e-09
1.0053e-09
9.65507e-10
9.34492e-10
9.15976e-10
9.06723e-10
9.03415e-10
9.03636e-10
9.05831e-10
9.09129e-10
9.12991e-10
9.17104e-10
9.21316e-10
9.25583e-10
9.29931e-10
9.34428e-10
9.3916e-10
9.4422e-10
9.4969e-10
9.55635e-10
9.62113e-10
9.6924e-10
9.77191e-10
9.8611e-10
9.96082e-10
1.00718e-09
1.01947e-09
1.03303e-09
1.04794e-09
1.0643e-09
1.08221e-09
1.10178e-09
1.12314e-09
1.14642e-09
1.17178e-09
1.1994e-09
1.22948e-09
1.26223e-09
1.29791e-09
1.3368e-09
1.37925e-09
1.42563e-09
1.47637e-09
1.53201e-09
1.59313e-09
1.66045e-09
1.73481e-09
1.81722e-09
1.9089e-09
2.01133e-09
2.12632e-09
2.25616e-09
2.40369e-09
2.5726e-09
2.76765e-09
2.9952e-09
3.2639e-09
3.58587e-09
3.97866e-09
4.46882e-09
5.09865e-09
5.94045e-09
7.13041e-09
8.96615e-09
1.22818e-08
2.08304e-08
6.83564e-08
5.23909e-08
1.89923e-08
1.19922e-08
9.09818e-09
7.44406e-09
6.35425e-09
5.57721e-09
4.994e-09
4.54007e-09
4.17705e-09
3.88065e-09
3.63467e-09
3.42788e-09
3.25225e-09
3.10188e-09
2.97231e-09
2.86015e-09
2.76274e-09
2.67798e-09
2.6042e-09
2.54006e-09
2.48444e-09
2.43645e-09
2.39534e-09
2.3605e-09
2.3314e-09
2.30761e-09
2.28876e-09
2.27454e-09
2.26465e-09
2.25883e-09
2.25685e-09
2.25857e-09
2.26377e-09
2.27208e-09
2.28398e-09
2.29878e-09
2.31744e-09
2.3412e-09
2.36781e-09
2.39453e-09
2.4216e-09
2.44977e-09
2.47977e-09
2.51206e-09
2.5469e-09
2.5842e-09
2.62393e-09
2.66639e-09
2.7119e-09
2.76052e-09
2.81228e-09
2.86724e-09
2.92553e-09
2.9873e-09
3.05271e-09
3.12197e-09
3.19541e-09
3.27328e-09
3.35573e-09
3.4431e-09
3.53602e-09
3.63505e-09
3.7402e-09
3.85179e-09
3.97094e-09
4.09909e-09
4.23645e-09
4.38219e-09
4.53766e-09
4.70543e-09
4.88756e-09
5.08735e-09
5.30346e-09
5.53609e-09
5.79268e-09
6.07859e-09
6.40004e-09
6.76742e-09
7.18124e-09
7.6513e-09
8.20782e-09
8.8769e-09
9.69859e-09
1.07393e-08
1.20854e-08
1.39088e-08
1.65998e-08
2.09371e-08
2.7675e-08
3.80008e-08
5.91992e-08
1.29071e-07
1.58389e-07
4.65435e-08
3.35083e-08
3.09122e-08
2.61682e-08
1.90477e-08
1.78738e-08
2.40771e-08
2.86628e-08
1.02669e-08
1.45885e-08
1.29309e-08
8.58056e-09
3.43243e-08
7.58777e-09
7.55255e-09
4.17252e-09
3.21414e-09
2.11324e-09
2.3861e-08
3.33015e-08
6.82605e-09
7.88665e-09
2.70131e-08
1.67229e-08
2.81862e-08
2.23379e-08
8.83827e-08
9.81338e-10
7.02155e-10
3.42584e-08
1.54451e-08
1.95915e-08
2.18462e-08
2.52134e-08
2.86236e-08
1.08632e-08
6.47424e-10
2.70987e-08
2.52859e-08
2.99955e-08
2.49432e-08
4.51523e-08
1.89871e-08
1.81741e-08
2.13329e-08
5.75861e-10
4.169e-10
2.40363e-08
2.46898e-08
3.76328e-08
3.02427e-08
9.76506e-09
1.86244e-08
4.84855e-08
8.69484e-08
1.08242e-08
2.56795e-08
1.89943e-08
1.79684e-08
1.00984e-08
9.96278e-09
1.05864e-08
9.85303e-09
8.73995e-10
7.95997e-10
7.20483e-10
3.29107e-08
2.90728e-08
2.98859e-08
2.77151e-08
2.82405e-08
2.28834e-08
2.451e-08
5.30325e-08
5.51154e-08
4.36574e-08
4.47257e-08
8.13866e-08
1.26509e-07
1.61519e-09
1.44862e-09
1.29904e-09
1.16259e-09
1.08453e-09
9.72433e-10
6.28898e-08
5.78884e-08
6.9025e-08
6.9618e-08
8.3449e-08
8.54505e-08
1.00672e-07
1.01914e-07
3.52983e-08
3.22509e-08
)
;
    }
    bridgeDeck
    {
        type            calculated;
        value           nonuniform List<scalar> 
170
(
7.02568e-12
1.48157e-11
1.69222e-11
1.64617e-11
1.60485e-11
1.72399e-11
1.73838e-11
1.59899e-11
1.50629e-11
3.09088e-11
7.20734e-11
2.45148e-11
2.13029e-11
2.65101e-11
2.59851e-11
3.01332e-11
3.38189e-11
5.92671e-11
4.97346e-11
3.11992e-11
1.85143e-11
1.01591e-11
1.12485e-11
9.40774e-12
7.64406e-12
1.19393e-11
9.21039e-12
7.65636e-12
7.69545e-12
7.58208e-12
7.22922e-12
7.04528e-12
6.99834e-12
7.30009e-12
9.2037e-12
9.62184e-12
7.66114e-12
7.52896e-12
7.55225e-12
8.41484e-12
7.75903e-12
7.72723e-12
8.15521e-12
8.28996e-12
8.33065e-12
8.33502e-12
8.35283e-12
8.33297e-12
8.71079e-12
1.60679e-11
8.18534e-12
1.08412e-11
1.22094e-11
1.32216e-11
1.40774e-11
1.47723e-11
1.5392e-11
1.59734e-11
1.6526e-11
1.70493e-11
1.76703e-11
1.76914e-11
1.73139e-11
1.02863e-11
2.42757e-11
9.2238e-12
2.91428e-11
2.3694e-12
5.1307e-13
4.74794e-13
4.61421e-13
4.4856e-13
4.35036e-13
4.20779e-13
4.05861e-13
3.90394e-13
3.74531e-13
3.58452e-13
3.42353e-13
3.26432e-13
3.1087e-13
2.95828e-13
2.81431e-13
2.67772e-13
2.54364e-13
2.83449e-11
1.97817e-11
1.12313e-11
1.40663e-11
1.55394e-11
1.59227e-11
1.60231e-11
1.62539e-11
1.66559e-11
1.66447e-11
1.63017e-11
1.66304e-11
2.03891e-11
5.82828e-12
3.94094e-12
7.18913e-13
6.66147e-13
6.4433e-13
6.23039e-13
5.99615e-13
5.73817e-13
5.45792e-13
5.15965e-13
4.84997e-13
4.537e-13
4.22902e-13
3.93322e-13
3.65497e-13
3.39761e-13
3.16259e-13
2.94996e-13
2.75875e-13
2.58745e-13
2.43425e-13
2.29237e-13
2.52267e-13
2.53041e-13
2.52994e-13
2.52896e-13
2.52783e-13
2.52665e-13
2.52602e-13
2.52514e-13
2.52263e-13
2.51831e-13
2.51361e-13
2.50993e-13
2.50704e-13
2.50438e-13
2.50167e-13
2.49884e-13
2.49585e-13
2.49271e-13
2.48941e-13
2.48596e-13
2.48234e-13
2.47854e-13
2.47456e-13
2.47059e-13
2.47075e-13
2.4707e-13
2.4667e-13
2.46259e-13
2.45983e-13
2.4567e-13
2.45146e-13
2.4448e-13
2.44241e-13
2.44119e-13
2.43926e-13
2.43632e-13
2.43371e-13
2.43194e-13
2.43051e-13
2.42915e-13
2.4278e-13
2.42649e-13
2.42526e-13
2.42413e-13
2.42305e-13
2.42196e-13
2.42086e-13
2.41972e-13
2.4183e-13
2.41312e-13
)
;
    }
    frontAndBack
    {
        type            empty;
    }
}


// ************************************************************************* //
