/*--------------------------------*- C++ -*----------------------------------*\
| =========                 |                                                 |
| \\      /  F ield         | OpenFOAM: The Open Source CFD Toolbox           |
|  \\    /   O peration     | Version:  2412                                  |
|   \\  /    A nd           | Website:  www.openfoam.com                      |
|    \\/     M anipulation  |                                                 |
\*---------------------------------------------------------------------------*/
FoamFile
{
    version     2.0;
    format      ascii;
    arch        "LSB;label=32;scalar=64";
    class       volScalarField;
    location    "30";
    object      p;
}
// * * * * * * * * * * * * * * * * * * * * * * * * * * * * * * * * * * * * * //

dimensions      [ 1 -1 -2 0 0 0 0 ];

internalField   nonuniform List<scalar> 
55050
(
2438.84
2443.39
2450.34
2458.46
2466.97
2475.38
2483.43
2490.98
2497.97
2504.38
2510.23
2515.55
2520.36
2524.71
2528.63
2532.17
2535.35
2538.21
2540.78
2543.1
2545.2
2547.1
2548.85
2550.45
2551.91
2553.25
2554.47
2555.55
2556.51
2557.34
2558.03
2558.6
2559.04
2559.36
2559.55
2559.62
2559.56
2559.38
2559.09
2558.67
2558.14
2557.5
2556.74
2555.88
2554.91
2553.84
2552.68
2551.45
2550.14
2548.77
2294.15
2297.59
2302.87
2309.12
2315.77
2322.47
2328.97
2335.16
2340.95
2346.32
2351.26
2355.78
2359.9
2363.63
2367.02
2370.09
2372.86
2375.37
2377.63
2379.68
2381.54
2383.24
2384.8
2386.23
2387.55
2388.75
2389.85
2390.83
2391.69
2392.43
2393.06
2393.58
2393.99
2394.29
2394.48
2394.56
2394.53
2394.4
2394.16
2393.82
2393.37
2392.84
2392.2
2391.48
2390.66
2389.77
2388.79
2387.76
2386.66
2385.52
2172.44
2174.85
2178.82
2183.66
2188.91
2194.29
2199.58
2204.68
2209.5
2214.01
2218.19
2222.04
2225.56
2228.77
2231.7
2234.36
2236.77
2238.96
2240.95
2242.75
2244.4
2245.91
2247.31
2248.59
2249.78
2250.86
2251.85
2252.73
2253.51
2254.18
2254.74
2255.21
2255.59
2255.87
2256.05
2256.14
2256.12
2256.01
2255.81
2255.53
2255.15
2254.7
2254.17
2253.55
2252.85
2252.09
2251.26
2250.37
2249.43
2248.45
2071.11
2072.79
2075.8
2079.61
2083.82
2088.18
2092.52
2096.75
2100.79
2104.59
2108.14
2111.43
2114.45
2117.22
2119.76
2122.07
2124.17
2126.09
2127.84
2129.43
2130.89
2132.24
2133.48
2134.64
2135.71
2136.69
2137.58
2138.38
2139.08
2139.68
2140.19
2140.61
2140.95
2141.21
2141.38
2141.47
2141.46
2141.37
2141.2
2140.96
2140.64
2140.25
2139.8
2139.27
2138.67
2138
2137.28
2136.51
2135.7
2134.84
1987.3
1988.51
1990.85
1993.9
1997.29
2000.86
2004.45
2007.98
2011.38
2014.61
2017.64
2020.46
2023.06
2025.47
2027.67
2029.69
2031.52
2033.21
2034.75
2036.16
2037.45
2038.65
2039.77
2040.82
2041.78
2042.67
2043.47
2044.2
2044.83
2045.38
2045.83
2046.21
2046.52
2046.75
2046.91
2047
2046.99
2046.91
2046.77
2046.55
2046.28
2045.94
2045.55
2045.09
2044.56
2043.98
2043.35
2042.67
2041.95
2041.2
1918.24
1919.19
1921.07
1923.56
1926.31
1929.25
1932.23
1935.2
1938.08
1940.84
1943.44
1945.88
1948.13
1950.21
1952.14
1953.91
1955.52
1957
1958.37
1959.62
1960.77
1961.84
1962.85
1963.8
1964.68
1965.48
1966.21
1966.87
1967.45
1967.93
1968.34
1968.68
1968.96
1969.17
1969.32
1969.4
1969.39
1969.32
1969.18
1968.99
1968.75
1968.46
1968.11
1967.71
1967.25
1966.73
1966.17
1965.57
1964.93
1964.25
1861.56
1862.4
1863.96
1866
1868.25
1870.62
1873.1
1875.62
1878.08
1880.44
1882.7
1884.81
1886.76
1888.59
1890.29
1891.84
1893.25
1894.57
1895.79
1896.91
1897.93
1898.9
1899.81
1900.68
1901.48
1902.2
1902.87
1903.48
1904
1904.43
1904.8
1905.1
1905.35
1905.54
1905.68
1905.75
1905.74
1905.67
1905.54
1905.37
1905.16
1904.9
1904.59
1904.23
1903.82
1903.36
1902.86
1902.31
1901.73
1901.12
1815.03
1815.84
1817.22
1818.96
1820.88
1822.9
1825.01
1827.18
1829.29
1831.32
1833.27
1835.09
1836.77
1838.34
1839.81
1841.15
1842.35
1843.46
1844.54
1845.55
1846.47
1847.33
1848.17
1848.96
1849.7
1850.35
1850.97
1851.53
1852.01
1852.4
1852.72
1853
1853.21
1853.39
1853.51
1853.58
1853.56
1853.49
1853.37
1853.22
1853.02
1852.79
1852.51
1852.19
1851.82
1851.4
1850.95
1850.45
1849.92
1849.36
1776.7
1777.5
1778.76
1780.32
1782.02
1783.82
1785.69
1787.61
1789.47
1791.26
1793
1794.63
1796.1
1797.51
1798.82
1800.01
1801.08
1802.07
1803.03
1803.93
1804.74
1805.51
1806.25
1806.96
1807.62
1808.19
1808.74
1809.23
1809.64
1809.97
1810.24
1810.46
1810.63
1810.77
1810.86
1810.9
1810.86
1810.76
1810.62
1810.46
1810.28
1810.06
1809.81
1809.52
1809.18
1808.8
1808.39
1807.93
1807.45
1806.92
1745.06
1745.88
1747.04
1748.46
1749.99
1751.61
1753.3
1755.04
1756.72
1758.35
1759.94
1761.43
1762.78
1764.08
1765.3
1766.41
1767.39
1768.32
1769.21
1770.04
1770.77
1771.47
1772.15
1772.8
1773.4
1773.92
1774.42
1774.87
1775.24
1775.52
1775.76
1775.94
1776.09
1776.2
1776.27
1776.3
1776.24
1776.13
1775.99
1775.82
1775.64
1775.43
1775.19
1774.9
1774.58
1774.21
1773.81
1773.37
1772.89
1772.36
1718.97
1719.8
1720.89
1722.21
1723.59
1725.07
1726.61
1728.21
1729.75
1731.24
1732.71
1734.1
1735.35
1736.56
1737.7
1738.74
1739.66
1740.54
1741.38
1742.17
1742.85
1743.5
1744.14
1744.77
1745.34
1745.82
1746.3
1746.73
1747.08
1747.34
1747.56
1747.73
1747.87
1747.97
1748.04
1748.07
1748.01
1747.91
1747.77
1747.61
1747.43
1747.23
1746.99
1746.72
1746.4
1746.05
1745.66
1745.24
1744.77
1744.26
1697.45
1698.29
1699.33
1700.56
1701.84
1703.21
1704.62
1706.11
1707.53
1708.91
1710.29
1711.6
1712.75
1713.9
1714.98
1715.96
1716.83
1717.67
1718.47
1719.22
1719.85
1720.47
1721.08
1721.68
1722.23
1722.69
1723.14
1723.56
1723.9
1724.14
1724.34
1724.5
1724.63
1724.73
1724.8
1724.84
1724.77
1724.67
1724.54
1724.38
1724.22
1724.03
1723.8
1723.54
1723.24
1722.91
1722.54
1722.14
1721.7
1721.21
2547.42
2546.59
2546.48
2546.71
2546.99
2547.13
2546.98
2546.44
2545.44
2543.96
2541.98
2539.52
2536.61
2533.27
2529.55
2525.5
2521.17
2516.6
2511.87
2507
2502.06
2497.08
2492.11
2487.19
2482.33
2477.58
2472.95
2468.46
2464.13
2459.97
2455.98
2452.17
2448.54
2445.1
2441.83
2438.75
2435.85
2433.11
2430.54
2428.12
2425.86
2423.74
2421.75
2419.9
2418.17
2416.55
2415.05
2413.64
2412.33
2411.11
2384.35
2383.6
2383.39
2383.42
2383.49
2383.42
2383.11
2382.47
2381.45
2380.02
2378.17
2375.91
2373.27
2370.28
2366.98
2363.4
2359.59
2355.6
2351.47
2347.24
2342.96
2338.65
2334.36
2330.11
2325.93
2321.85
2317.87
2314.02
2310.31
2306.74
2303.32
2300.06
2296.95
2293.99
2291.19
2288.55
2286.05
2283.7
2281.48
2279.4
2277.45
2275.62
2273.9
2272.3
2270.8
2269.4
2268.09
2266.86
2265.72
2264.65
2247.42
2246.73
2246.48
2246.42
2246.37
2246.2
2245.83
2245.17
2244.19
2242.85
2241.16
2239.11
2236.74
2234.07
2231.13
2227.96
2224.6
2221.09
2217.46
2213.74
2209.98
2206.21
2202.45
2198.74
2195.09
2191.52
2188.05
2184.69
2181.45
2178.34
2175.35
2172.51
2169.79
2167.21
2164.77
2162.45
2160.27
2158.21
2156.27
2154.46
2152.75
2151.15
2149.66
2148.26
2146.95
2145.73
2144.58
2143.51
2142.52
2141.58
2133.94
2133.32
2133.04
2132.93
2132.82
2132.6
2132.21
2131.58
2130.67
2129.45
2127.91
2126.07
2123.94
2121.56
2118.94
2116.13
2113.15
2110.04
2106.82
2103.54
2100.21
2096.88
2093.56
2090.27
2087.04
2083.89
2080.82
2077.86
2074.99
2072.24
2069.61
2067.09
2064.68
2062.4
2060.23
2058.17
2056.23
2054.4
2052.68
2051.07
2049.56
2048.14
2046.82
2045.59
2044.44
2043.37
2042.36
2041.43
2040.55
2039.73
2040.41
2039.84
2039.56
2039.42
2039.28
2039.05
2038.67
2038.09
2037.25
2036.15
2034.77
2033.12
2031.21
2029.08
2026.75
2024.24
2021.59
2018.81
2015.95
2013.03
2010.07
2007.1
2004.14
2001.21
1998.33
1995.51
1992.78
1990.13
1987.58
1985.13
1982.78
1980.53
1978.38
1976.33
1974.39
1972.54
1970.8
1969.15
1967.6
1966.15
1964.8
1963.53
1962.35
1961.26
1960.24
1959.3
1958.42
1957.6
1956.83
1956.12
1963.56
1963.03
1962.76
1962.61
1962.47
1962.24
1961.88
1961.35
1960.6
1959.61
1958.37
1956.89
1955.18
1953.27
1951.18
1948.93
1946.56
1944.08
1941.52
1938.9
1936.25
1933.59
1930.93
1928.29
1925.7
1923.17
1920.72
1918.34
1916.05
1913.85
1911.74
1909.71
1907.78
1905.92
1904.16
1902.49
1900.9
1899.4
1898.01
1896.69
1895.44
1894.29
1893.22
1892.24
1891.36
1890.54
1889.79
1889.09
1888.43
1887.82
1900.5
1900.01
1899.76
1899.62
1899.47
1899.26
1898.93
1898.45
1897.78
1896.9
1895.79
1894.45
1892.91
1891.2
1889.31
1887.29
1885.16
1882.92
1880.62
1878.27
1875.88
1873.47
1871.07
1868.68
1866.33
1864.03
1861.82
1859.7
1857.66
1855.7
1853.81
1851.99
1850.25
1848.57
1846.97
1845.44
1843.99
1842.61
1841.32
1840.07
1838.91
1837.86
1836.89
1836.01
1835.2
1834.46
1833.77
1833.13
1832.53
1831.97
1848.8
1848.35
1848.12
1847.98
1847.84
1847.65
1847.34
1846.92
1846.33
1845.55
1844.54
1843.33
1841.94
1840.39
1838.68
1836.85
1834.92
1832.97
1830.94
1828.84
1826.7
1824.54
1822.38
1820.21
1818.07
1815.99
1813.96
1812.02
1810.15
1808.34
1806.59
1804.91
1803.29
1801.73
1800.22
1798.78
1797.41
1796.1
1794.87
1793.71
1792.63
1791.65
1790.74
1789.9
1789.13
1788.42
1787.76
1787.16
1786.61
1786.09
1806.41
1805.99
1805.78
1805.65
1805.53
1805.35
1805.07
1804.7
1804.24
1803.62
1802.77
1801.72
1800.49
1799.12
1797.59
1795.93
1794.19
1792.41
1790.56
1788.63
1786.66
1784.68
1782.68
1780.67
1778.68
1776.74
1774.85
1773.01
1771.23
1769.51
1767.85
1766.25
1764.72
1763.23
1761.79
1760.4
1759.08
1757.83
1756.65
1755.56
1754.55
1753.62
1752.74
1751.93
1751.19
1750.51
1749.89
1749.33
1748.82
1748.34
1771.75
1771.38
1771.23
1771.16
1771.1
1770.99
1770.78
1770.47
1770.1
1769.58
1768.83
1767.87
1766.76
1765.51
1764.11
1762.57
1760.95
1759.27
1757.52
1755.7
1753.84
1751.97
1750.08
1748.17
1746.28
1744.45
1742.66
1740.89
1739.19
1737.55
1735.96
1734.44
1732.97
1731.54
1730.16
1728.82
1727.54
1726.32
1725.19
1724.16
1723.21
1722.32
1721.48
1720.69
1719.97
1719.31
1718.72
1718.2
1717.73
1717.29
1743.6
1743.27
1743.15
1743.12
1743.09
1743.01
1742.85
1742.58
1742.24
1741.75
1741.04
1740.13
1739.08
1737.91
1736.58
1735.13
1733.6
1732
1730.33
1728.6
1726.83
1725.05
1723.26
1721.42
1719.61
1717.86
1716.16
1714.46
1712.81
1711.24
1709.71
1708.25
1706.85
1705.47
1704.13
1702.83
1701.58
1700.39
1699.3
1698.31
1697.42
1696.59
1695.76
1694.97
1694.27
1693.63
1693.06
1692.57
1692.14
1691.74
1720.6
1720.28
1720.17
1720.14
1720.11
1720.03
1719.88
1719.63
1719.31
1718.85
1718.16
1717.3
1716.3
1715.18
1713.92
1712.54
1711.08
1709.54
1707.95
1706.28
1704.58
1702.89
1701.17
1699.4
1697.65
1695.97
1694.34
1692.69
1691.09
1689.58
1688.09
1686.68
1685.35
1684.01
1682.72
1681.44
1680.22
1679.04
1677.98
1677.03
1676.2
1675.44
1674.59
1673.8
1673.1
1672.48
1671.91
1671.45
1671.07
1670.7
2409.95
2408.82
2407.68
2406.52
2405.37
2404.21
2403.05
2401.89
2400.74
2399.6
2398.48
2397.37
2396.29
2395.23
2394.21
2393.24
2392.31
2391.43
2390.62
2389.89
2389.23
2388.66
2388.2
2387.86
2387.64
2387.58
2387.66
2387.89
2388.25
2388.74
2389.33
2390.03
2390.83
2391.7
2392.65
2393.67
2394.75
2395.87
2397.04
2398.24
2399.48
2400.73
2402.01
2403.3
2404.59
2405.89
2407.19
2408.49
2409.79
2411.07
2263.64
2262.64
2261.64
2260.62
2259.6
2258.57
2257.54
2256.51
2255.47
2254.45
2253.43
2252.42
2251.42
2250.45
2249.5
2248.58
2247.7
2246.86
2246.06
2245.33
2244.66
2244.07
2243.57
2243.17
2242.87
2242.7
2242.66
2242.76
2242.96
2243.28
2243.69
2244.19
2244.78
2245.44
2246.16
2246.95
2247.78
2248.67
2249.59
2250.54
2251.52
2252.52
2253.54
2254.57
2255.62
2256.67
2257.72
2258.78
2259.83
2260.88
2140.7
2139.82
2138.94
2138.05
2137.15
2136.24
2135.32
2134.4
2133.48
2132.56
2131.64
2130.72
2129.81
2128.92
2128.03
2127.17
2126.33
2125.52
2124.75
2124.01
2123.32
2122.69
2122.13
2121.63
2121.23
2120.92
2120.73
2120.65
2120.67
2120.79
2121
2121.29
2121.65
2122.08
2122.57
2123.12
2123.72
2124.36
2125.05
2125.76
2126.51
2127.28
2128.07
2128.88
2129.7
2130.54
2131.38
2132.23
2133.08
2133.93
2038.95
2038.19
2037.41
2036.63
2035.83
2035.03
2034.21
2033.39
2032.57
2031.74
2030.91
2030.08
2029.25
2028.43
2027.61
2026.8
2026
2025.21
2024.45
2023.71
2022.99
2022.31
2021.68
2021.09
2020.56
2020.11
2019.75
2019.49
2019.33
2019.25
2019.25
2019.32
2019.47
2019.68
2019.95
2020.28
2020.66
2021.08
2021.55
2022.05
2022.59
2023.16
2023.75
2024.36
2025
2025.65
2026.31
2026.98
2027.66
2028.35
1955.44
1954.77
1954.09
1953.4
1952.7
1951.99
1951.27
1950.54
1949.8
1949.06
1948.31
1947.56
1946.81
1946.05
1945.29
1944.53
1943.78
1943.02
1942.27
1941.53
1940.79
1940.07
1939.36
1938.68
1938.04
1937.45
1936.94
1936.52
1936.17
1935.91
1935.71
1935.59
1935.53
1935.53
1935.6
1935.72
1935.89
1936.12
1936.38
1936.69
1937.03
1937.41
1937.82
1938.25
1938.71
1939.18
1939.68
1940.19
1940.71
1941.25
1887.23
1886.65
1886.05
1885.44
1884.82
1884.19
1883.55
1882.9
1882.24
1881.58
1880.91
1880.24
1879.55
1878.86
1878.16
1877.46
1876.75
1876.03
1875.31
1874.57
1873.82
1873.07
1872.31
1871.56
1870.83
1870.15
1869.53
1868.98
1868.5
1868.08
1867.72
1867.43
1867.2
1867.03
1866.91
1866.85
1866.84
1866.87
1866.95
1867.08
1867.24
1867.43
1867.66
1867.92
1868.21
1868.52
1868.85
1869.2
1869.57
1869.95
1831.44
1830.92
1830.38
1829.84
1829.28
1828.72
1828.15
1827.58
1826.99
1826.4
1825.8
1825.19
1824.56
1823.92
1823.27
1822.63
1821.97
1821.31
1820.62
1819.91
1819.17
1818.42
1817.65
1816.89
1816.14
1815.42
1814.74
1814.12
1813.55
1813.04
1812.59
1812.19
1811.83
1811.53
1811.29
1811.1
1810.96
1810.86
1810.8
1810.78
1810.8
1810.84
1810.92
1811.03
1811.16
1811.32
1811.5
1811.7
1811.91
1812.14
1785.61
1785.13
1784.65
1784.17
1783.67
1783.17
1782.66
1782.15
1781.63
1781.11
1780.57
1780
1779.41
1778.81
1778.21
1777.62
1777.03
1776.43
1775.8
1775.11
1774.39
1773.63
1772.87
1772.11
1771.35
1770.62
1769.91
1769.24
1768.61
1768.05
1767.54
1767.07
1766.62
1766.23
1765.91
1765.64
1765.43
1765.26
1765.12
1765.02
1764.94
1764.9
1764.89
1764.9
1764.94
1765
1765.08
1765.18
1765.3
1765.43
1747.9
1747.47
1747.05
1746.62
1746.18
1745.72
1745.26
1744.8
1744.34
1743.89
1743.41
1742.89
1742.32
1741.72
1741.15
1740.62
1740.12
1739.6
1739.01
1738.34
1737.62
1736.86
1736.09
1735.32
1734.58
1733.84
1733.12
1732.41
1731.71
1731.1
1730.59
1730.06
1729.52
1729.05
1728.65
1728.34
1728.1
1727.9
1727.7
1727.52
1727.38
1727.28
1727.21
1727.17
1727.14
1727.13
1727.15
1727.18
1727.23
1727.3
1716.88
1716.5
1716.13
1715.76
1715.37
1714.94
1714.49
1714.06
1713.67
1713.29
1712.9
1712.42
1711.82
1711.18
1710.62
1710.16
1709.78
1709.36
1708.82
1708.15
1707.41
1706.63
1705.85
1705.09
1704.36
1703.65
1702.93
1702.17
1701.4
1700.75
1700.3
1699.73
1699.08
1698.51
1698.05
1697.72
1697.47
1697.28
1697.02
1696.76
1696.55
1696.4
1696.31
1696.22
1696.13
1696.06
1696.01
1696
1696
1696.01
1691.35
1690.99
1690.67
1690.38
1690.05
1689.62
1689.14
1688.72
1688.38
1688.11
1687.82
1687.41
1686.73
1685.98
1685.41
1685.04
1684.81
1684.54
1684.01
1683.32
1682.55
1681.75
1680.96
1680.19
1679.51
1678.83
1678.12
1677.34
1676.44
1675.74
1675.51
1674.88
1674.05
1673.39
1672.88
1672.53
1672.32
1672.2
1671.87
1671.51
1671.22
1671.05
1670.97
1670.86
1670.71
1670.57
1670.47
1670.41
1670.38
1670.34
1670.29
1669.92
1669.67
1669.51
1669.28
1668.77
1668.2
1667.77
1667.51
1667.37
1667.23
1666.92
1666.04
1665.11
1664.56
1664.28
1664.26
1664.17
1663.63
1662.88
1662.07
1661.25
1660.45
1659.66
1659.03
1658.39
1657.7
1656.89
1655.81
1655.02
1655.27
1654.51
1653.41
1652.67
1652.11
1651.76
1651.62
1651.69
1651.24
1650.72
1650.36
1650.19
1650.18
1650.09
1649.85
1649.62
1649.48
1649.42
1649.37
1649.29
2412.34
2413.62
2414.92
2416.27
2417.65
2419.07
2420.52
2422.01
2423.54
2425.1
2426.7
2428.33
2430
2431.7
2433.44
2435.21
2437.01
2438.85
2440.73
2442.63
2444.57
2446.54
2448.55
2450.58
2452.64
2454.74
2456.86
2459.01
2461.19
2463.4
2465.63
2467.88
2470.16
2472.47
2474.79
2477.14
2479.5
2481.89
2484.29
2486.7
2489.13
2491.58
2494.03
2496.49
2498.97
2501.44
2503.92
2506.41
2508.89
2511.38
2513.86
2516.35
2518.83
2521.32
2523.78
2526.16
2528.48
2530.79
2533.08
2535.36
2537.6
2539.81
2541.99
2544.13
2546.23
2548.28
2550.28
2552.23
2554.13
2555.97
2557.76
2559.49
2561.15
2562.75
2564.29
2565.76
2567.16
2568.49
2569.75
2570.94
2572.06
2573.11
2574.08
2574.98
2575.81
2576.57
2577.26
2577.89
2578.44
2578.93
2579.35
2579.72
2580.02
2580.28
2580.5
2580.7
2580.91
2581.06
2581.12
2581.07
2580.92
2580.69
2580.38
2580
2579.55
2579.04
2578.45
2577.8
2577.08
2576.3
2575.45
2574.55
2573.58
2572.55
2571.47
2570.34
2569.15
2567.9
2566.62
2565.28
2563.9
2562.48
2561.02
2559.53
2558.01
2556.46
2554.89
2553.29
2551.69
2550.07
2548.45
2546.83
2545.22
2543.62
2542.05
2540.5
2539
2537.54
2536.14
2534.82
2533.58
2532.43
2531.4
2530.5
2529.74
2529.16
2528.78
2528.65
2528.84
2529.5
2261.92
2262.96
2264.04
2265.14
2266.28
2267.45
2268.66
2269.89
2271.16
2272.47
2273.8
2275.17
2276.57
2278
2279.46
2280.96
2282.49
2284.05
2285.64
2287.26
2288.92
2290.6
2292.32
2294.06
2295.83
2297.64
2299.47
2301.33
2303.21
2305.12
2307.06
2309.02
2311
2313.01
2315.04
2317.09
2319.16
2321.25
2323.36
2325.49
2327.63
2329.78
2331.95
2334.13
2336.31
2338.51
2340.71
2342.92
2345.13
2347.35
2349.57
2351.78
2354
2356.21
2358.39
2360.52
2362.63
2364.73
2366.81
2368.86
2370.9
2372.9
2374.88
2376.83
2378.74
2380.61
2382.44
2384.23
2385.98
2387.68
2389.33
2390.93
2392.47
2393.96
2395.4
2396.77
2398.09
2399.34
2400.54
2401.67
2402.73
2403.73
2404.67
2405.54
2406.35
2407.09
2407.76
2408.38
2408.93
2409.42
2409.85
2410.22
2410.54
2410.82
2411.06
2411.27
2411.46
2411.59
2411.64
2411.61
2411.51
2411.33
2411.09
2410.77
2410.4
2409.96
2409.46
2408.9
2408.29
2407.62
2406.89
2406.11
2405.28
2404.39
2403.45
2402.47
2401.44
2400.37
2399.25
2398.09
2396.89
2395.66
2394.39
2393.09
2391.76
2390.41
2389.04
2387.65
2386.24
2384.83
2383.41
2381.99
2380.57
2379.16
2377.77
2376.41
2375.07
2373.77
2372.52
2371.32
2370.18
2369.12
2368.14
2367.26
2366.49
2365.86
2365.39
2365.12
2365.11
2365.45
2134.78
2135.63
2136.51
2137.43
2138.37
2139.35
2140.35
2141.39
2142.46
2143.55
2144.68
2145.85
2147.04
2148.26
2149.52
2150.81
2152.13
2153.47
2154.85
2156.27
2157.71
2159.18
2160.68
2162.2
2163.76
2165.35
2166.96
2168.6
2170.27
2171.96
2173.68
2175.42
2177.18
2178.97
2180.78
2182.61
2184.47
2186.34
2188.23
2190.13
2192.06
2193.99
2195.94
2197.91
2199.88
2201.87
2203.86
2205.86
2207.86
2209.87
2211.89
2213.9
2215.91
2217.92
2219.9
2221.85
2223.78
2225.7
2227.61
2229.49
2231.36
2233.2
2235.02
2236.81
2238.57
2240.3
2241.99
2243.64
2245.26
2246.83
2248.36
2249.85
2251.28
2252.67
2254
2255.29
2256.52
2257.69
2258.8
2259.86
2260.86
2261.8
2262.69
2263.51
2264.27
2264.97
2265.61
2266.19
2266.71
2267.18
2267.59
2267.95
2268.26
2268.53
2268.76
2268.95
2269.12
2269.24
2269.29
2269.26
2269.17
2269.02
2268.8
2268.53
2268.19
2267.8
2267.35
2266.86
2266.31
2265.71
2265.06
2264.36
2263.61
2262.82
2261.99
2261.11
2260.19
2259.23
2258.23
2257.19
2256.13
2255.02
2253.89
2252.73
2251.55
2250.34
2249.11
2247.87
2246.61
2245.35
2244.08
2242.8
2241.53
2240.27
2239.01
2237.78
2236.57
2235.39
2234.24
2233.13
2232.08
2231.08
2230.15
2229.3
2228.54
2227.89
2227.37
2227.03
2226.9
2227.03
2029.03
2029.73
2030.46
2031.21
2031.99
2032.81
2033.65
2034.53
2035.43
2036.37
2037.34
2038.34
2039.37
2040.43
2041.53
2042.65
2043.81
2045
2046.22
2047.47
2048.74
2050.05
2051.39
2052.76
2054.15
2055.58
2057.03
2058.5
2060
2061.53
2063.08
2064.66
2066.26
2067.88
2069.52
2071.19
2072.87
2074.58
2076.3
2078.04
2079.8
2081.57
2083.36
2085.16
2086.97
2088.79
2090.62
2092.46
2094.3
2096.15
2098
2099.86
2101.71
2103.56
2105.39
2107.19
2108.99
2110.77
2112.54
2114.3
2116.03
2117.74
2119.44
2121.1
2122.74
2124.35
2125.93
2127.47
2128.97
2130.44
2131.87
2133.26
2134.6
2135.9
2137.15
2138.35
2139.5
2140.59
2141.64
2142.63
2143.57
2144.45
2145.28
2146.05
2146.76
2147.41
2148.01
2148.56
2149.05
2149.48
2149.86
2150.2
2150.48
2150.72
2150.93
2151.09
2151.23
2151.32
2151.34
2151.31
2151.21
2151.06
2150.86
2150.6
2150.29
2149.92
2149.51
2149.05
2148.54
2147.99
2147.39
2146.75
2146.07
2145.34
2144.58
2143.77
2142.93
2142.06
2141.15
2140.2
2139.23
2138.22
2137.19
2136.13
2135.06
2133.96
2132.84
2131.71
2130.56
2129.41
2128.25
2127.09
2125.93
2124.77
2123.62
2122.49
2121.38
2120.29
2119.23
2118.2
2117.22
2116.28
2115.4
2114.58
2113.84
2113.2
2112.67
2112.27
2112.06
2112.05
1941.79
1942.35
1942.93
1943.55
1944.19
1944.87
1945.58
1946.31
1947.08
1947.89
1948.72
1949.59
1950.49
1951.42
1952.39
1953.39
1954.42
1955.48
1956.57
1957.7
1958.85
1960.03
1961.25
1962.49
1963.76
1965.05
1966.38
1967.72
1969.1
1970.5
1971.92
1973.36
1974.83
1976.32
1977.84
1979.37
1980.92
1982.49
1984.08
1985.69
1987.31
1988.95
1990.61
1992.27
1993.95
1995.64
1997.34
1999.05
2000.76
2002.48
2004.21
2005.93
2007.66
2009.38
2011.08
2012.77
2014.46
2016.13
2017.79
2019.43
2021.06
2022.66
2024.25
2025.81
2027.35
2028.86
2030.34
2031.79
2033.2
2034.58
2035.92
2037.23
2038.49
2039.7
2040.88
2042
2043.08
2044.11
2045.09
2046.02
2046.9
2047.73
2048.5
2049.22
2049.89
2050.5
2051.05
2051.56
2052.01
2052.41
2052.76
2053.06
2053.32
2053.53
2053.7
2053.84
2053.94
2053.99
2053.99
2053.94
2053.83
2053.68
2053.48
2053.22
2052.92
2052.58
2052.19
2051.75
2051.27
2050.75
2050.19
2049.59
2048.95
2048.27
2047.56
2046.81
2046.03
2045.21
2044.36
2043.49
2042.58
2041.65
2040.7
2039.72
2038.72
2037.71
2036.68
2035.63
2034.57
2033.51
2032.43
2031.36
2030.29
2029.22
2028.15
2027.1
2026.07
2025.06
2024.07
2023.11
2022.18
2021.3
2020.46
2019.68
2018.97
2018.34
2017.81
2017.39
2017.12
2017.01
1870.35
1870.77
1871.21
1871.68
1872.19
1872.72
1873.3
1873.9
1874.54
1875.21
1875.92
1876.67
1877.45
1878.26
1879.12
1880.01
1880.93
1881.89
1882.88
1883.9
1884.96
1886.04
1887.16
1888.3
1889.47
1890.67
1891.9
1893.14
1894.41
1895.71
1897.03
1898.37
1899.73
1901.11
1902.52
1903.94
1905.38
1906.85
1908.33
1909.82
1911.34
1912.87
1914.41
1915.97
1917.54
1919.12
1920.71
1922.31
1923.92
1925.53
1927.15
1928.76
1930.38
1932
1933.6
1935.2
1936.78
1938.36
1939.92
1941.48
1943.01
1944.53
1946.03
1947.5
1948.95
1950.38
1951.78
1953.14
1954.48
1955.78
1957.05
1958.27
1959.46
1960.61
1961.72
1962.78
1963.8
1964.77
1965.69
1966.56
1967.39
1968.16
1968.89
1969.56
1970.18
1970.75
1971.27
1971.74
1972.15
1972.52
1972.84
1973.11
1973.33
1973.52
1973.66
1973.76
1973.82
1973.84
1973.82
1973.75
1973.63
1973.47
1973.26
1973.01
1972.72
1972.38
1972
1971.58
1971.12
1970.63
1970.09
1969.52
1968.91
1968.27
1967.59
1966.89
1966.15
1965.38
1964.58
1963.76
1962.91
1962.04
1961.14
1960.23
1959.29
1958.34
1957.38
1956.4
1955.41
1954.42
1953.41
1952.41
1951.41
1950.41
1949.41
1948.43
1947.46
1946.51
1945.58
1944.67
1943.8
1942.97
1942.17
1941.43
1940.75
1940.13
1939.61
1939.18
1938.88
1938.7
1812.38
1812.64
1812.93
1813.26
1813.61
1814.01
1814.43
1814.9
1815.39
1815.93
1816.5
1817.1
1817.75
1818.44
1819.17
1819.94
1820.75
1821.6
1822.49
1823.42
1824.39
1825.38
1826.41
1827.47
1828.56
1829.67
1830.81
1831.98
1833.17
1834.38
1835.62
1836.87
1838.14
1839.44
1840.75
1842.08
1843.43
1844.8
1846.19
1847.6
1849.02
1850.45
1851.91
1853.37
1854.85
1856.34
1857.84
1859.35
1860.86
1862.38
1863.91
1865.44
1866.97
1868.5
1870.01
1871.53
1873.03
1874.53
1876.01
1877.48
1878.94
1880.38
1881.81
1883.21
1884.58
1885.94
1887.27
1888.56
1889.83
1891.07
1892.27
1893.43
1894.56
1895.65
1896.69
1897.7
1898.66
1899.58
1900.45
1901.28
1902.05
1902.78
1903.46
1904.1
1904.68
1905.21
1905.69
1906.12
1906.5
1906.84
1907.13
1907.37
1907.56
1907.72
1907.83
1907.9
1907.94
1907.93
1907.88
1907.79
1907.66
1907.49
1907.28
1907.03
1906.74
1906.41
1906.03
1905.63
1905.18
1904.7
1904.18
1903.63
1903.05
1902.43
1901.79
1901.11
1900.41
1899.68
1898.92
1898.14
1897.33
1896.51
1895.66
1894.79
1893.91
1893.01
1892.1
1891.18
1890.24
1889.3
1888.36
1887.41
1886.47
1885.52
1884.58
1883.66
1882.74
1881.84
1880.96
1880.1
1879.28
1878.48
1877.73
1877.02
1876.36
1875.77
1875.25
1874.82
1874.5
1874.29
1765.58
1765.73
1765.91
1766.12
1766.35
1766.6
1766.89
1767.2
1767.55
1767.93
1768.34
1768.78
1769.27
1769.8
1770.38
1771.02
1771.71
1772.44
1773.22
1774.04
1774.9
1775.79
1776.72
1777.69
1778.69
1779.73
1780.8
1781.89
1783
1784.14
1785.3
1786.48
1787.68
1788.9
1790.13
1791.39
1792.66
1793.95
1795.26
1796.58
1797.93
1799.29
1800.66
1802.05
1803.44
1804.85
1806.28
1807.71
1809.15
1810.6
1812.05
1813.5
1814.95
1816.4
1817.85
1819.29
1820.73
1822.15
1823.57
1824.98
1826.37
1827.74
1829.1
1830.44
1831.76
1833.05
1834.31
1835.55
1836.76
1837.94
1839.08
1840.19
1841.27
1842.3
1843.3
1844.26
1845.17
1846.04
1846.87
1847.65
1848.39
1849.08
1849.72
1850.32
1850.86
1851.36
1851.81
1852.21
1852.56
1852.87
1853.13
1853.34
1853.51
1853.64
1853.73
1853.78
1853.78
1853.75
1853.68
1853.57
1853.43
1853.26
1853.04
1852.79
1852.49
1852.16
1851.8
1851.4
1850.96
1850.49
1849.99
1849.46
1848.89
1848.3
1847.68
1847.03
1846.35
1845.65
1844.92
1844.17
1843.4
1842.61
1841.8
1840.98
1840.13
1839.28
1838.41
1837.53
1836.64
1835.75
1834.85
1833.95
1833.05
1832.16
1831.26
1830.38
1829.51
1828.65
1827.82
1827
1826.21
1825.46
1824.73
1824.05
1823.42
1822.84
1822.34
1821.92
1821.59
1821.35
1727.38
1727.48
1727.59
1727.73
1727.88
1728.06
1728.26
1728.49
1728.74
1729.03
1729.34
1729.69
1730.07
1730.49
1730.96
1731.48
1732.03
1732.64
1733.28
1733.97
1734.7
1735.47
1736.28
1737.12
1738.01
1738.93
1739.89
1740.89
1741.93
1743
1744.09
1745.2
1746.33
1747.48
1748.65
1749.84
1751.04
1752.27
1753.51
1754.77
1756.04
1757.34
1758.64
1759.96
1761.29
1762.64
1763.99
1765.36
1766.73
1768.12
1769.51
1770.9
1772.29
1773.67
1775.05
1776.44
1777.81
1779.18
1780.54
1781.89
1783.23
1784.55
1785.85
1787.13
1788.4
1789.63
1790.85
1792.04
1793.2
1794.32
1795.42
1796.48
1797.51
1798.5
1799.46
1800.37
1801.24
1802.07
1802.86
1803.61
1804.31
1804.97
1805.58
1806.14
1806.66
1807.13
1807.55
1807.92
1808.25
1808.53
1808.76
1808.95
1809.1
1809.2
1809.27
1809.3
1809.28
1809.22
1809.13
1809.01
1808.86
1808.68
1808.46
1808.2
1807.91
1807.58
1807.22
1806.82
1806.39
1805.93
1805.44
1804.92
1804.37
1803.8
1803.19
1802.56
1801.91
1801.23
1800.53
1799.81
1799.06
1798.3
1797.52
1796.73
1795.92
1795.1
1794.27
1793.43
1792.58
1791.72
1790.86
1790
1789.14
1788.28
1787.43
1786.58
1785.75
1784.93
1784.13
1783.35
1782.59
1781.87
1781.17
1780.51
1779.9
1779.34
1778.85
1778.43
1778.11
1777.87
1696.04
1696.08
1696.14
1696.22
1696.32
1696.44
1696.59
1696.76
1696.96
1697.19
1697.45
1697.74
1698.06
1698.42
1698.81
1699.24
1699.72
1700.23
1700.79
1701.39
1702.03
1702.71
1703.43
1704.19
1704.98
1705.82
1706.69
1707.61
1708.56
1709.54
1710.56
1711.59
1712.65
1713.72
1714.82
1715.93
1717.06
1718.2
1719.36
1720.54
1721.74
1722.95
1724.18
1725.44
1726.72
1728
1729.3
1730.61
1731.93
1733.26
1734.6
1735.95
1737.29
1738.58
1739.93
1741.26
1742.59
1743.91
1745.22
1746.52
1747.81
1749.08
1750.34
1751.58
1752.8
1753.99
1755.16
1756.31
1757.42
1758.51
1759.56
1760.59
1761.58
1762.53
1763.45
1764.32
1765.16
1765.96
1766.72
1767.43
1768.11
1768.73
1769.32
1769.85
1770.34
1770.78
1771.18
1771.53
1771.83
1772.09
1772.3
1772.47
1772.6
1772.69
1772.73
1772.74
1772.71
1772.63
1772.51
1772.39
1772.23
1772.04
1771.82
1771.56
1771.26
1770.94
1770.58
1770.18
1769.76
1769.31
1768.82
1768.31
1767.77
1767.21
1766.62
1766.01
1765.37
1764.71
1764.03
1763.33
1762.61
1761.88
1761.12
1760.35
1759.57
1758.78
1757.98
1757.17
1756.35
1755.52
1754.7
1753.87
1753.04
1752.21
1751.39
1750.57
1749.77
1748.98
1748.21
1747.46
1746.73
1746.03
1745.37
1744.73
1744.14
1743.59
1743.11
1742.7
1742.38
1742.14
1670.32
1670.31
1670.33
1670.36
1670.41
1670.48
1670.58
1670.7
1670.85
1671.03
1671.23
1671.47
1671.73
1672.04
1672.38
1672.75
1673.17
1673.63
1674.12
1674.66
1675.24
1675.87
1676.53
1677.24
1677.99
1678.77
1679.59
1680.45
1681.34
1682.27
1683.22
1684.2
1685.2
1686.22
1687.26
1688.31
1689.39
1690.48
1691.59
1692.71
1693.85
1695
1696.18
1697.38
1698.59
1699.82
1701.06
1702.31
1703.57
1704.84
1706.12
1707.4
1708.71
1710.03
1711.3
1712.59
1713.86
1715.13
1716.39
1717.64
1718.88
1720.1
1721.3
1722.49
1723.66
1724.81
1725.93
1727.03
1728.1
1729.14
1730.15
1731.13
1732.07
1732.98
1733.86
1734.7
1735.51
1736.28
1737.01
1737.7
1738.35
1738.95
1739.51
1740.02
1740.49
1740.91
1741.29
1741.62
1741.9
1742.14
1742.33
1742.48
1742.59
1742.66
1742.7
1742.69
1742.64
1742.55
1742.48
1742.36
1742.2
1742.01
1741.78
1741.51
1741.21
1740.88
1740.52
1740.13
1739.7
1739.25
1738.77
1738.27
1737.74
1737.18
1736.61
1736
1735.38
1734.74
1734.07
1733.39
1732.69
1731.97
1731.24
1730.5
1729.74
1728.97
1728.19
1727.41
1726.61
1725.82
1725.02
1724.22
1723.41
1722.61
1721.81
1721.03
1720.25
1719.48
1718.73
1718
1717.3
1716.62
1715.97
1715.34
1714.76
1714.22
1713.74
1713.34
1713.03
1712.83
1649.21
1649.17
1649.15
1649.14
1649.14
1649.17
1649.22
1649.3
1649.4
1649.53
1649.69
1649.88
1650.1
1650.35
1650.64
1650.97
1651.34
1651.74
1652.19
1652.68
1653.21
1653.79
1654.4
1655.07
1655.77
1656.51
1657.29
1658.11
1658.96
1659.84
1660.75
1661.69
1662.66
1663.64
1664.65
1665.68
1666.72
1667.78
1668.85
1669.95
1671.05
1672.18
1673.32
1674.47
1675.65
1676.83
1678.03
1679.23
1680.45
1681.67
1682.91
1684.16
1685.42
1686.74
1687.98
1689.22
1690.46
1691.69
1692.91
1694.12
1695.32
1696.5
1697.67
1698.82
1699.95
1701.06
1702.15
1703.21
1704.24
1705.25
1706.23
1707.18
1708.09
1708.97
1709.82
1710.63
1711.41
1712.16
1712.86
1713.53
1714.15
1714.73
1715.26
1715.76
1716.2
1716.6
1716.96
1717.26
1717.53
1717.75
1717.92
1718.06
1718.15
1718.21
1718.23
1718.22
1718.18
1718.13
1718.07
1717.96
1717.8
1717.6
1717.37
1717.1
1716.8
1716.46
1716.1
1715.7
1715.28
1714.84
1714.36
1713.86
1713.34
1712.79
1712.22
1711.63
1711.02
1710.39
1709.74
1709.07
1708.38
1707.68
1706.97
1706.24
1705.5
1704.75
1703.99
1703.23
1702.46
1701.68
1700.9
1700.12
1699.34
1698.56
1697.78
1697.02
1696.26
1695.51
1694.78
1694.07
1693.39
1692.72
1692.09
1691.48
1690.9
1690.37
1689.91
1689.51
1689.2
1689.02
2530.3
2530.9
2531.31
2531.58
2531.79
2531.95
2532.06
2532.11
2532.12
2532.08
2531.99
2531.86
2531.69
2531.48
2531.23
2530.95
2530.64
2530.3
2529.93
2529.54
2529.13
2528.69
2528.24
2527.77
2527.28
2526.79
2526.28
2525.76
2525.24
2524.71
2524.17
2523.63
2523.09
2522.54
2521.99
2521.44
2520.89
2520.34
2519.78
2519.23
2518.69
2518.14
2517.6
2517.07
2516.53
2516.01
2515.49
2514.98
2514.48
2513.98
2513.5
2513.03
2512.56
2512.11
2511.66
2511.21
2510.78
2510.34
2509.9
2509.46
2509.02
2508.58
2508.14
2507.7
2507.26
2506.83
2506.4
2505.98
2505.56
2505.15
2504.74
2504.33
2503.92
2503.51
2503.09
2502.65
2502.19
2501.71
2501.21
2500.67
2500.11
2499.51
2498.88
2498.23
2497.56
2496.87
2496.18
2495.47
2494.77
2494.07
2493.38
2492.71
2492.08
2491.5
2490.97
2490.52
2490.18
2489.97
2490.01
2490.2
2365.91
2366.25
2366.47
2366.61
2366.67
2366.69
2366.67
2366.61
2366.51
2366.38
2366.22
2366.02
2365.8
2365.55
2365.28
2364.98
2364.66
2364.31
2363.95
2363.57
2363.17
2362.76
2362.33
2361.89
2361.44
2360.98
2360.51
2360.03
2359.55
2359.06
2358.57
2358.07
2357.57
2357.07
2356.57
2356.06
2355.55
2355.05
2354.54
2354.04
2353.53
2353.03
2352.54
2352.04
2351.55
2351.07
2350.59
2350.12
2349.65
2349.2
2348.75
2348.31
2347.88
2347.46
2347.04
2346.63
2346.23
2345.82
2345.42
2345.02
2344.61
2344.21
2343.8
2343.39
2342.99
2342.6
2342.2
2341.82
2341.44
2341.07
2340.7
2340.33
2339.96
2339.59
2339.21
2338.82
2338.42
2337.99
2337.54
2337.07
2336.57
2336.05
2335.5
2334.93
2334.35
2333.76
2333.16
2332.55
2331.95
2331.35
2330.76
2330.19
2329.65
2329.14
2328.68
2328.27
2327.94
2327.71
2327.65
2327.69
2227.32
2227.52
2227.62
2227.65
2227.63
2227.56
2227.46
2227.32
2227.16
2226.97
2226.75
2226.52
2226.26
2225.99
2225.69
2225.38
2225.05
2224.7
2224.35
2223.97
2223.59
2223.19
2222.79
2222.37
2221.95
2221.52
2221.08
2220.64
2220.2
2219.75
2219.29
2218.84
2218.38
2217.92
2217.46
2216.99
2216.52
2216.06
2215.59
2215.13
2214.67
2214.21
2213.75
2213.3
2212.85
2212.4
2211.95
2211.52
2211.09
2210.66
2210.25
2209.85
2209.45
2209.06
2208.68
2208.31
2207.94
2207.57
2207.2
2206.83
2206.45
2206.08
2205.7
2205.33
2204.96
2204.59
2204.24
2203.89
2203.55
2203.21
2202.88
2202.55
2202.22
2201.89
2201.55
2201.2
2200.84
2200.47
2200.07
2199.65
2199.21
2198.75
2198.27
2197.77
2197.25
2196.74
2196.21
2195.69
2195.16
2194.65
2194.14
2193.64
2193.17
2192.72
2192.31
2191.95
2191.64
2191.41
2191.3
2191.31
2112.18
2112.27
2112.28
2112.24
2112.15
2112.03
2111.87
2111.69
2111.49
2111.26
2111.02
2110.76
2110.48
2110.19
2109.88
2109.56
2109.23
2108.89
2108.53
2108.17
2107.8
2107.42
2107.04
2106.64
2106.24
2105.84
2105.43
2105.02
2104.61
2104.19
2103.77
2103.35
2102.93
2102.5
2102.08
2101.64
2101.21
2100.78
2100.35
2099.92
2099.49
2099.07
2098.64
2098.22
2097.81
2097.39
2096.98
2096.57
2096.17
2095.78
2095.39
2095.02
2094.65
2094.3
2093.95
2093.61
2093.27
2092.93
2092.59
2092.25
2091.9
2091.55
2091.2
2090.85
2090.51
2090.17
2089.84
2089.52
2089.21
2088.91
2088.61
2088.31
2088.02
2087.72
2087.42
2087.11
2086.79
2086.46
2086.11
2085.74
2085.34
2084.93
2084.49
2084.05
2083.6
2083.14
2082.68
2082.22
2081.76
2081.31
2080.86
2080.43
2080.01
2079.61
2079.25
2078.92
2078.63
2078.41
2078.29
2078.29
2017.03
2017.03
2016.97
2016.88
2016.75
2016.59
2016.41
2016.2
2015.97
2015.73
2015.46
2015.19
2014.9
2014.6
2014.29
2013.97
2013.64
2013.3
2012.96
2012.6
2012.25
2011.88
2011.52
2011.14
2010.76
2010.38
2010
2009.61
2009.23
2008.84
2008.45
2008.06
2007.67
2007.28
2006.88
2006.48
2006.08
2005.67
2005.27
2004.87
2004.47
2004.08
2003.69
2003.3
2002.91
2002.52
2002.13
2001.75
2001.37
2001
2000.65
2000.3
1999.96
1999.64
1999.32
1999
1998.69
1998.38
1998.07
1997.75
1997.43
1997.1
1996.77
1996.44
1996.12
1995.81
1995.5
1995.21
1994.93
1994.65
1994.38
1994.11
1993.85
1993.58
1993.31
1993.04
1992.75
1992.45
1992.14
1991.81
1991.45
1991.08
1990.68
1990.28
1989.88
1989.47
1989.06
1988.65
1988.25
1987.84
1987.45
1987.06
1986.69
1986.34
1986.01
1985.71
1985.45
1985.24
1985.12
1985.1
1938.63
1938.56
1938.46
1938.34
1938.18
1938
1937.8
1937.58
1937.34
1937.08
1936.81
1936.53
1936.23
1935.93
1935.62
1935.3
1934.97
1934.64
1934.31
1933.97
1933.62
1933.28
1932.92
1932.57
1932.21
1931.85
1931.49
1931.13
1930.76
1930.4
1930.04
1929.68
1929.31
1928.95
1928.57
1928.2
1927.82
1927.44
1927.06
1926.69
1926.32
1925.95
1925.59
1925.22
1924.86
1924.49
1924.13
1923.77
1923.41
1923.06
1922.73
1922.41
1922.09
1921.79
1921.5
1921.21
1920.92
1920.64
1920.35
1920.06
1919.75
1919.44
1919.13
1918.82
1918.52
1918.22
1917.94
1917.67
1917.41
1917.15
1916.91
1916.67
1916.43
1916.19
1915.95
1915.7
1915.44
1915.18
1914.89
1914.6
1914.27
1913.93
1913.57
1913.2
1912.83
1912.47
1912.1
1911.74
1911.37
1911.01
1910.66
1910.31
1909.98
1909.66
1909.36
1909.08
1908.84
1908.65
1908.53
1908.51
1874.15
1874.03
1873.9
1873.76
1873.59
1873.4
1873.19
1872.96
1872.71
1872.44
1872.17
1871.88
1871.59
1871.29
1870.98
1870.66
1870.34
1870.02
1869.7
1869.37
1869.04
1868.7
1868.37
1868.03
1867.69
1867.34
1867
1866.66
1866.32
1865.98
1865.64
1865.3
1864.96
1864.62
1864.27
1863.91
1863.56
1863.2
1862.84
1862.49
1862.14
1861.79
1861.45
1861.11
1860.77
1860.43
1860.08
1859.74
1859.4
1859.07
1858.75
1858.45
1858.16
1857.88
1857.61
1857.34
1857.08
1856.82
1856.55
1856.28
1855.99
1855.7
1855.4
1855.1
1854.82
1854.54
1854.27
1854.02
1853.78
1853.55
1853.32
1853.1
1852.89
1852.67
1852.45
1852.22
1851.99
1851.75
1851.5
1851.23
1850.93
1850.61
1850.28
1849.94
1849.6
1849.27
1848.94
1848.61
1848.28
1847.96
1847.64
1847.32
1847.01
1846.72
1846.45
1846.2
1845.97
1845.79
1845.68
1845.64
1821.17
1821
1820.86
1820.71
1820.53
1820.34
1820.12
1819.88
1819.63
1819.37
1819.09
1818.8
1818.51
1818.21
1817.91
1817.6
1817.28
1816.97
1816.65
1816.34
1816.02
1815.7
1815.38
1815.05
1814.72
1814.39
1814.07
1813.74
1813.42
1813.1
1812.78
1812.47
1812.15
1811.83
1811.5
1811.16
1810.82
1810.48
1810.14
1809.8
1809.47
1809.15
1808.83
1808.51
1808.19
1807.86
1807.53
1807.2
1806.87
1806.56
1806.26
1805.98
1805.71
1805.45
1805.2
1804.95
1804.71
1804.46
1804.22
1803.96
1803.69
1803.41
1803.12
1802.84
1802.56
1802.3
1802.05
1801.81
1801.59
1801.37
1801.16
1800.96
1800.77
1800.57
1800.37
1800.16
1799.95
1799.73
1799.5
1799.25
1798.98
1798.68
1798.37
1798.06
1797.74
1797.44
1797.14
1796.83
1796.54
1796.24
1795.95
1795.66
1795.37
1795.11
1794.85
1794.62
1794.41
1794.24
1794.13
1794.09
1777.66
1777.43
1777.29
1777.14
1776.96
1776.76
1776.54
1776.3
1776.05
1775.78
1775.51
1775.23
1774.94
1774.64
1774.34
1774.04
1773.73
1773.42
1773.12
1772.81
1772.5
1772.2
1771.88
1771.57
1771.25
1770.94
1770.63
1770.32
1770.01
1769.71
1769.41
1769.11
1768.81
1768.51
1768.19
1767.87
1767.55
1767.22
1766.89
1766.57
1766.26
1765.95
1765.65
1765.35
1765.05
1764.74
1764.42
1764.1
1763.78
1763.48
1763.2
1762.93
1762.68
1762.43
1762.2
1761.97
1761.74
1761.52
1761.29
1761.05
1760.79
1760.52
1760.24
1759.96
1759.7
1759.45
1759.21
1758.99
1758.78
1758.58
1758.39
1758.2
1758.02
1757.83
1757.65
1757.46
1757.27
1757.07
1756.86
1756.63
1756.38
1756.1
1755.8
1755.5
1755.21
1754.93
1754.65
1754.37
1754.1
1753.83
1753.55
1753.28
1753.02
1752.77
1752.53
1752.32
1752.12
1751.96
1751.85
1751.81
1741.92
1741.81
1741.7
1741.54
1741.36
1741.15
1740.93
1740.68
1740.43
1740.16
1739.88
1739.6
1739.31
1739.02
1738.72
1738.42
1738.12
1737.82
1737.53
1737.23
1736.94
1736.64
1736.34
1736.04
1735.74
1735.44
1735.14
1734.84
1734.55
1734.27
1733.99
1733.71
1733.43
1733.14
1732.85
1732.54
1732.23
1731.92
1731.61
1731.3
1731.01
1730.72
1730.44
1730.16
1729.87
1729.58
1729.27
1728.96
1728.66
1728.37
1728.11
1727.85
1727.62
1727.39
1727.17
1726.96
1726.75
1726.54
1726.33
1726.1
1725.86
1725.6
1725.33
1725.06
1724.81
1724.57
1724.34
1724.13
1723.93
1723.75
1723.57
1723.4
1723.23
1723.06
1722.88
1722.71
1722.53
1722.34
1722.14
1721.93
1721.69
1721.42
1721.13
1720.85
1720.57
1720.3
1720.03
1719.77
1719.5
1719.24
1718.98
1718.72
1718.47
1718.22
1717.98
1717.77
1717.57
1717.41
1717.29
1717.23
1712.79
1712.84
1712.74
1712.59
1712.41
1712.2
1711.97
1711.73
1711.47
1711.21
1710.93
1710.65
1710.37
1710.08
1709.79
1709.49
1709.2
1708.91
1708.62
1708.33
1708.05
1707.77
1707.48
1707.19
1706.89
1706.6
1706.31
1706.03
1705.75
1705.48
1705.22
1704.95
1704.69
1704.41
1704.13
1703.84
1703.54
1703.23
1702.93
1702.64
1702.36
1702.09
1701.82
1701.55
1701.28
1701
1700.7
1700.4
1700.11
1699.83
1699.57
1699.33
1699.11
1698.89
1698.69
1698.49
1698.29
1698.09
1697.9
1697.68
1697.45
1697.19
1696.93
1696.67
1696.42
1696.19
1695.97
1695.77
1695.59
1695.41
1695.24
1695.08
1694.92
1694.76
1694.6
1694.43
1694.26
1694.08
1693.9
1693.69
1693.46
1693.2
1692.92
1692.65
1692.38
1692.12
1691.86
1691.61
1691.36
1691.11
1690.86
1690.61
1690.36
1690.12
1689.89
1689.68
1689.49
1689.33
1689.21
1689.14
1689.06
1689.12
1689.04
1688.89
1688.71
1688.51
1688.28
1688.04
1687.79
1687.52
1687.25
1686.98
1686.7
1686.42
1686.13
1685.84
1685.55
1685.26
1684.98
1684.71
1684.43
1684.15
1683.87
1683.59
1683.3
1683.02
1682.74
1682.46
1682.19
1681.93
1681.68
1681.42
1681.17
1680.9
1680.63
1680.34
1680.05
1679.75
1679.46
1679.17
1678.9
1678.64
1678.38
1678.12
1677.86
1677.58
1677.29
1676.99
1676.71
1676.44
1676.19
1675.96
1675.74
1675.53
1675.34
1675.14
1674.96
1674.77
1674.58
1674.37
1674.15
1673.9
1673.64
1673.38
1673.14
1672.91
1672.7
1672.51
1672.33
1672.16
1672
1671.85
1671.69
1671.54
1671.39
1671.23
1671.07
1670.9
1670.72
1670.53
1670.31
1670.05
1669.78
1669.52
1669.26
1669.01
1668.77
1668.53
1668.29
1668.05
1667.81
1667.57
1667.34
1667.11
1666.89
1666.69
1666.51
1666.35
1666.24
1666.17
1678.11
1678.98
1679.96
1681.13
1682.31
1683.57
1684.89
1686.28
1687.59
1688.87
1690.17
1691.4
1692.48
1693.56
1694.59
1695.53
1696.34
1697.15
1697.92
1698.63
1699.22
1699.81
1700.39
1700.97
1701.5
1701.93
1702.37
1702.78
1703.1
1703.32
1703.51
1703.67
1703.79
1703.88
1703.95
1703.99
1703.92
1703.82
1703.69
1703.55
1703.39
1703.21
1702.99
1702.75
1702.46
1702.14
1701.79
1701.41
1700.99
1700.53
1659.12
1660.01
1660.94
1662.04
1663.13
1664.3
1665.51
1666.81
1668.02
1669.21
1670.43
1671.59
1672.59
1673.61
1674.59
1675.48
1676.25
1677.01
1677.75
1678.43
1678.99
1679.54
1680.1
1680.66
1681.17
1681.58
1682
1682.39
1682.69
1682.9
1683.08
1683.23
1683.34
1683.43
1683.5
1683.54
1683.47
1683.37
1683.25
1683.11
1682.96
1682.79
1682.58
1682.35
1682.08
1681.78
1681.44
1681.08
1680.68
1680.25
1640.58
1641.49
1642.38
1643.42
1644.42
1645.51
1646.62
1647.83
1648.94
1650.04
1651.19
1652.28
1653.2
1654.16
1655.1
1655.94
1656.65
1657.39
1658.09
1658.75
1659.26
1659.78
1660.32
1660.86
1661.35
1661.73
1662.14
1662.52
1662.81
1663
1663.17
1663.3
1663.41
1663.49
1663.56
1663.6
1663.53
1663.43
1663.32
1663.19
1663.04
1662.88
1662.68
1662.46
1662.2
1661.92
1661.6
1661.26
1660.88
1660.47
1622.48
1623.43
1624.26
1625.25
1626.16
1627.17
1628.18
1629.31
1630.33
1631.34
1632.42
1633.44
1634.29
1635.2
1636.09
1636.88
1637.55
1638.26
1638.93
1639.55
1640.03
1640.52
1641.04
1641.56
1642.03
1642.38
1642.78
1643.14
1643.42
1643.59
1643.75
1643.88
1643.98
1644.05
1644.12
1644.16
1644.09
1644
1643.89
1643.76
1643.63
1643.47
1643.28
1643.07
1642.83
1642.56
1642.26
1641.93
1641.58
1641.19
1604.81
1605.8
1606.58
1607.52
1608.34
1609.27
1610.2
1611.25
1612.18
1613.1
1614.11
1615.08
1615.85
1616.71
1617.55
1618.31
1618.93
1619.6
1620.25
1620.84
1621.28
1621.75
1622.24
1622.74
1623.2
1623.52
1623.9
1624.26
1624.52
1624.68
1624.83
1624.94
1625.04
1625.11
1625.17
1625.22
1625.14
1625.05
1624.94
1624.83
1624.7
1624.55
1624.37
1624.17
1623.94
1623.68
1623.4
1623.09
1622.76
1622.39
1587.57
1588.6
1589.32
1590.22
1590.96
1591.81
1592.65
1593.63
1594.47
1595.31
1596.26
1597.17
1597.87
1598.68
1599.48
1600.19
1600.77
1601.42
1602.03
1602.6
1603.01
1603.45
1603.91
1604.4
1604.84
1605.14
1605.5
1605.85
1606.1
1606.24
1606.38
1606.49
1606.57
1606.64
1606.7
1606.75
1606.67
1606.58
1606.48
1606.37
1606.24
1606.1
1605.94
1605.74
1605.52
1605.28
1605.01
1604.72
1604.41
1604.07
1570.73
1571.82
1572.48
1573.33
1573.99
1574.77
1575.52
1576.44
1577.19
1577.95
1578.84
1579.7
1580.33
1581.09
1581.85
1582.53
1583.06
1583.68
1584.27
1584.82
1585.18
1585.6
1586.04
1586.51
1586.94
1587.21
1587.57
1587.91
1588.14
1588.27
1588.4
1588.5
1588.57
1588.63
1588.69
1588.75
1588.67
1588.57
1588.48
1588.37
1588.26
1588.12
1587.96
1587.78
1587.57
1587.34
1587.09
1586.82
1586.52
1586.2
1554.3
1555.44
1556.04
1556.85
1557.42
1558.14
1558.81
1559.66
1560.33
1561.01
1561.85
1562.66
1563.21
1563.94
1564.66
1565.3
1565.79
1566.38
1566.95
1567.48
1567.8
1568.19
1568.62
1569.07
1569.49
1569.73
1570.08
1570.41
1570.63
1570.74
1570.86
1570.95
1571.02
1571.08
1571.14
1571.2
1571.11
1571.02
1570.93
1570.83
1570.72
1570.59
1570.44
1570.27
1570.07
1569.86
1569.62
1569.36
1569.09
1568.79
1538.25
1539.47
1539.99
1540.77
1541.26
1541.91
1542.5
1543.29
1543.88
1544.48
1545.27
1546.03
1546.51
1547.2
1547.89
1548.49
1548.94
1549.51
1550.05
1550.56
1550.85
1551.22
1551.62
1552.07
1552.47
1552.69
1553.02
1553.35
1553.56
1553.65
1553.77
1553.85
1553.91
1553.96
1554.02
1554.09
1554
1553.9
1553.82
1553.72
1553.62
1553.5
1553.36
1553.2
1553.01
1552.81
1552.58
1552.34
1552.08
1551.81
1522.58
1523.88
1524.33
1525.08
1525.48
1526.07
1526.58
1527.32
1527.83
1528.35
1529.09
1529.81
1530.22
1530.87
1531.52
1532.1
1532.5
1533.05
1533.57
1534.06
1534.31
1534.66
1535.04
1535.48
1535.87
1536.06
1536.39
1536.71
1536.91
1536.99
1537.09
1537.17
1537.23
1537.27
1537.33
1537.41
1537.31
1537.21
1537.13
1537.04
1536.95
1536.83
1536.7
1536.55
1536.37
1536.18
1535.97
1535.74
1535.51
1535.25
1507.29
1508.68
1509.04
1509.77
1510.08
1510.62
1511.04
1511.73
1512.16
1512.62
1513.31
1513.98
1514.32
1514.93
1515.55
1516.1
1516.46
1516.98
1517.49
1517.96
1518.18
1518.5
1518.87
1519.29
1519.68
1519.84
1520.16
1520.48
1520.67
1520.73
1520.83
1520.9
1520.95
1520.99
1521.04
1521.13
1521.02
1520.93
1520.86
1520.77
1520.68
1520.58
1520.45
1520.31
1520.15
1519.96
1519.77
1519.56
1519.34
1519.1
1492.35
1493.85
1494.12
1494.84
1495.06
1495.54
1495.88
1496.53
1496.88
1497.26
1497.91
1498.55
1498.81
1499.39
1499.98
1500.5
1500.81
1501.32
1501.8
1502.26
1502.43
1502.74
1503.09
1503.5
1503.88
1504.01
1504.33
1504.64
1504.82
1504.86
1504.96
1505.02
1505.07
1505.11
1505.16
1505.26
1505.14
1505.05
1504.98
1504.9
1504.82
1504.72
1504.6
1504.47
1504.32
1504.15
1503.96
1503.77
1503.56
1503.35
1477.77
1479.39
1479.57
1480.27
1480.4
1480.84
1481.1
1481.71
1481.98
1482.29
1482.89
1483.5
1483.68
1484.23
1484.79
1485.28
1485.54
1486.04
1486.5
1486.95
1487.08
1487.37
1487.7
1488.1
1488.47
1488.57
1488.89
1489.19
1489.37
1489.39
1489.48
1489.54
1489.58
1489.61
1489.66
1489.77
1489.65
1489.56
1489.49
1489.42
1489.34
1489.25
1489.14
1489.02
1488.87
1488.71
1488.54
1488.36
1488.18
1487.98
1463.54
1465.29
1465.38
1466.07
1466.11
1466.51
1466.68
1467.26
1467.45
1467.68
1468.25
1468.82
1468.93
1469.45
1469.98
1470.44
1470.66
1471.13
1471.57
1472.01
1472.1
1472.37
1472.69
1473.08
1473.45
1473.52
1473.82
1474.13
1474.29
1474.3
1474.38
1474.43
1474.47
1474.5
1474.55
1474.66
1474.53
1474.44
1474.38
1474.31
1474.24
1474.16
1474.06
1473.94
1473.81
1473.66
1473.5
1473.34
1473.16
1472.99
1449.66
1451.56
1451.57
1452.25
1452.2
1452.54
1452.63
1453.18
1453.29
1453.45
1453.97
1454.52
1454.54
1455.04
1455.54
1455.98
1456.14
1456.6
1457.02
1457.45
1457.5
1457.75
1458.05
1458.43
1458.79
1458.83
1459.13
1459.43
1459.59
1459.57
1459.66
1459.7
1459.73
1459.75
1459.8
1459.93
1459.79
1459.7
1459.64
1459.58
1459.52
1459.44
1459.34
1459.23
1459.11
1458.97
1458.83
1458.67
1458.52
1458.36
1436.36
1438.57
1438.59
1439.25
1439.16
1439.45
1439.41
1439.7
1439.58
1439.58
1440.07
1440.59
1440.52
1440.99
1441.47
1441.88
1441.99
1442.44
1442.84
1443.26
1443.26
1443.5
1443.78
1444.15
1444.51
1444.51
1444.8
1445.1
1445.25
1445.21
1445.29
1445.33
1445.36
1445.37
1445.42
1445.56
1445.41
1445.32
1445.27
1445.21
1445.15
1445.08
1444.99
1444.89
1444.77
1444.65
1444.51
1444.38
1444.24
1444.09
1422.9
1425.9
1425.96
1426.65
1426.57
1426.85
1426.73
1426.68
1426.53
1426.89
1426.93
1427.19
1426.9
1427.31
1427.76
1428.15
1428.2
1428.64
1429.02
1429.43
1429.39
1429.6
1429.87
1430.23
1430.58
1430.54
1430.84
1431.13
1431.27
1431.21
1431.29
1431.32
1431.34
1431.35
1431.4
1431.55
1431.38
1431.3
1431.25
1431.19
1431.14
1431.07
1430.99
1430.9
1430.79
1430.68
1430.55
1430.43
1430.3
1430.18
1411.31
1413.63
1413.68
1414.37
1414.3
1414.61
1414.55
1414.73
1414.49
1414.4
1414.32
1414.15
1414.46
1414.64
1414.75
1414.89
1414.78
1415.19
1415.55
1415.96
1415.87
1416.07
1416.32
1416.67
1417.02
1416.93
1417.22
1417.51
1417.64
1417.57
1417.64
1417.66
1417.68
1417.68
1417.72
1417.88
1417.71
1417.63
1417.58
1417.53
1417.48
1417.42
1417.34
1417.26
1417.16
1417.05
1416.94
1416.83
1416.72
1416.61
1398.94
1401.64
1401.7
1402.42
1402.36
1402.67
1402.58
1402.61
1402.34
1402.55
1402.6
1402.68
1402.4
1402.4
1402.36
1402.3
1402.59
1402.69
1402.77
1402.97
1402.72
1402.89
1403.12
1403.46
1403.8
1403.67
1403.96
1404.25
1404.36
1404.26
1404.33
1404.35
1404.36
1404.36
1404.39
1404.57
1404.38
1404.3
1404.26
1404.21
1404.17
1404.11
1404.04
1403.96
1403.87
1403.77
1403.67
1403.57
1403.47
1403.38
1387.48
1389.98
1390.04
1390.76
1390.71
1391.02
1390.95
1391.03
1390.79
1390.84
1390.81
1390.67
1390.72
1390.9
1390.96
1390.89
1390.7
1390.78
1390.75
1390.56
1390.8
1390.86
1390.92
1390.97
1391.07
1390.77
1391.04
1391.33
1391.43
1391.3
1391.37
1391.38
1391.38
1391.38
1391.41
1391.6
1391.39
1391.31
1391.27
1391.23
1391.19
1391.13
1391.07
1391
1390.91
1390.83
1390.73
1390.64
1390.56
1390.48
1376.03
1378.6
1378.65
1379.39
1379.33
1379.65
1379.57
1379.64
1379.39
1379.5
1379.5
1379.48
1379.35
1379.43
1379.41
1379.27
1379.39
1379.53
1379.57
1379.52
1379.3
1379.35
1379.41
1379.27
1378.94
1379.12
1379.1
1379.06
1378.93
1378.69
1378.75
1378.74
1378.75
1378.74
1378.76
1378.96
1378.74
1378.66
1378.62
1378.58
1378.54
1378.49
1378.43
1378.37
1378.29
1378.21
1378.13
1378.05
1377.98
1377.92
1364.91
1367.5
1367.54
1368.28
1368.23
1368.54
1368.47
1368.55
1368.3
1368.4
1368.39
1368.32
1368.25
1368.38
1368.39
1368.3
1368.24
1368.34
1368.33
1368.12
1368.18
1368.28
1368.34
1368.32
1368.14
1367.81
1367.73
1367.48
1367.29
1367.28
1367.2
1367.07
1366.93
1366.76
1366.65
1366.79
1366.48
1366.37
1366.33
1366.28
1366.24
1366.19
1366.13
1366.07
1366
1365.93
1365.85
1365.78
1365.73
1365.67
1354.03
1356.66
1356.7
1357.43
1357.38
1357.7
1357.63
1357.71
1357.47
1357.56
1357.55
1357.5
1357.42
1357.53
1357.53
1357.42
1357.43
1357.55
1357.55
1357.43
1357.35
1357.42
1357.47
1357.37
1357.02
1357
1357
1356.88
1356.58
1356.28
1356.22
1356.13
1356
1355.79
1355.42
1355.12
1355.16
1355.15
1355.12
1355.06
1355
1354.91
1354.81
1354.7
1354.6
1354.5
1354.42
1354.35
1354.29
1354.24
1343.41
1346.09
1346.11
1346.85
1346.8
1347.12
1347.04
1347.12
1346.89
1346.99
1346.97
1346.92
1346.85
1346.95
1346.96
1346.86
1346.85
1346.96
1346.95
1346.8
1346.78
1346.85
1346.9
1346.83
1346.58
1346.38
1346.34
1346.12
1345.82
1345.72
1345.67
1345.55
1345.41
1345.22
1345.02
1344.93
1344.69
1344.59
1344.54
1344.45
1344.37
1344.27
1344.16
1344.05
1343.95
1343.85
1343.76
1343.68
1343.62
1343.57
1333.03
1335.78
1335.78
1336.51
1336.47
1336.78
1336.71
1336.79
1336.56
1336.66
1336.64
1336.6
1336.52
1336.62
1336.62
1336.53
1336.52
1336.63
1336.63
1336.49
1336.46
1336.52
1336.57
1336.49
1336.2
1336.07
1336.05
1335.87
1335.57
1335.36
1335.31
1335.21
1335.07
1334.87
1334.55
1334.25
1334.17
1334.15
1334.13
1334.07
1334
1333.91
1333.81
1333.7
1333.59
1333.5
1333.41
1333.33
1333.27
1333.22
1322.91
1325.71
1325.69
1326.42
1326.38
1326.69
1326.62
1326.7
1326.48
1326.57
1326.56
1326.51
1326.44
1326.54
1326.54
1326.44
1326.44
1326.54
1326.54
1326.4
1326.38
1326.44
1326.49
1326.4
1326.13
1325.99
1325.95
1325.76
1325.45
1325.29
1325.24
1325.13
1324.99
1324.8
1324.53
1324.35
1324.2
1324.13
1324.08
1324.01
1323.93
1323.83
1323.72
1323.62
1323.51
1323.41
1323.32
1323.25
1323.18
1323.13
1313.03
1315.89
1315.83
1316.56
1316.53
1316.84
1316.77
1316.85
1316.63
1316.73
1316.71
1316.67
1316.59
1316.69
1316.69
1316.6
1316.6
1316.7
1316.7
1316.56
1316.54
1316.59
1316.64
1316.55
1316.29
1316.14
1316.11
1315.92
1315.62
1315.45
1315.39
1315.28
1315.14
1314.95
1314.67
1314.43
1314.3
1314.26
1314.22
1314.15
1314.08
1313.98
1313.88
1313.77
1313.67
1313.57
1313.48
1313.4
1313.34
1313.29
1303.37
1306.3
1306.22
1306.94
1306.91
1307.22
1307.15
1307.24
1307.02
1307.11
1307.09
1307.05
1306.98
1307.08
1307.08
1306.99
1306.99
1307.08
1307.08
1306.94
1306.93
1306.98
1307.03
1306.94
1306.68
1306.53
1306.49
1306.3
1306
1305.84
1305.78
1305.67
1305.53
1305.33
1305.06
1304.84
1304.71
1304.65
1304.61
1304.54
1304.47
1304.37
1304.27
1304.16
1304.05
1303.95
1303.87
1303.79
1303.73
1303.68
1293.89
1296.95
1296.83
1297.55
1297.52
1297.83
1297.75
1297.85
1297.63
1297.72
1297.7
1297.67
1297.6
1297.69
1297.69
1297.6
1297.61
1297.7
1297.69
1297.56
1297.55
1297.59
1297.64
1297.55
1297.29
1297.15
1297.11
1296.92
1296.62
1296.46
1296.39
1296.28
1296.14
1295.95
1295.67
1295.45
1295.32
1295.27
1295.22
1295.15
1295.08
1294.98
1294.88
1294.77
1294.67
1294.57
1294.48
1294.41
1294.35
1294.29
1284.65
1287.79
1287.66
1288.38
1288.35
1288.66
1288.59
1288.68
1288.46
1288.56
1288.54
1288.5
1288.43
1288.53
1288.52
1288.44
1288.45
1288.53
1288.53
1288.4
1288.39
1288.43
1288.48
1288.38
1288.13
1287.99
1287.94
1287.75
1287.46
1287.3
1287.23
1287.12
1286.98
1286.78
1286.51
1286.29
1286.16
1286.1
1286.06
1285.99
1285.92
1285.82
1285.72
1285.61
1285.5
1285.41
1285.32
1285.24
1285.18
1285.13
1699.97
1699.66
1699.55
1699.51
1699.49
1699.41
1699.27
1699.04
1698.73
1698.29
1697.64
1696.81
1695.86
1694.79
1693.6
1692.27
1690.88
1689.4
1687.87
1686.26
1684.62
1683
1681.36
1679.64
1677.94
1676.33
1674.77
1673.16
1671.6
1670.14
1668.7
1667.33
1666.06
1664.76
1663.52
1662.25
1661.08
1659.89
1658.85
1657.93
1657.17
1656.5
1655.61
1654.77
1654.09
1653.48
1652.89
1652.46
1652.17
1651.84
1679.72
1679.43
1679.32
1679.29
1679.26
1679.19
1679.05
1678.83
1678.55
1678.14
1677.51
1676.71
1675.8
1674.8
1673.66
1672.39
1671.06
1669.63
1668.17
1666.62
1665.05
1663.49
1661.93
1660.26
1658.61
1657.06
1655.57
1653.99
1652.48
1651.08
1649.67
1648.35
1647.17
1645.88
1644.71
1643.45
1642.33
1641.1
1640.07
1639.17
1638.5
1637.99
1636.98
1636.06
1635.42
1634.83
1634.16
1633.75
1633.65
1633.43
1659.98
1659.71
1659.6
1659.56
1659.54
1659.47
1659.34
1659.14
1658.87
1658.48
1657.88
1657.12
1656.26
1655.3
1654.22
1653
1651.74
1650.37
1648.97
1647.48
1645.96
1644.48
1642.99
1641.36
1639.75
1638.28
1636.87
1635.31
1633.83
1632.5
1631.13
1629.85
1628.77
1627.48
1626.41
1625.11
1624.07
1622.75
1621.75
1620.82
1620.25
1620.09
1618.8
1617.73
1617.19
1616.67
1615.77
1615.39
1615.77
1616.78
1640.74
1640.47
1640.37
1640.34
1640.31
1640.25
1640.13
1639.94
1639.69
1639.33
1638.75
1638.02
1637.2
1636.3
1635.27
1634.11
1632.9
1631.59
1630.25
1628.81
1627.34
1625.94
1624.52
1622.93
1621.37
1619.96
1618.64
1617.09
1615.64
1614.4
1613.04
1611.8
1610.87
1609.53
1608.6
1607.2
1606.33
1604.81
1603.87
1602.86
1602.36
1602.93
1601
1599.7
1599.48
1600.51
1599.15
1597.64
1596.63
1596.59
1621.97
1621.72
1621.63
1621.59
1621.57
1621.51
1621.4
1621.22
1620.99
1620.66
1620.11
1619.4
1618.62
1617.78
1616.8
1615.68
1614.54
1613.27
1612.01
1610.62
1609.2
1607.86
1606.53
1604.97
1603.43
1602.09
1600.88
1599.33
1597.91
1596.77
1595.42
1594.19
1593.47
1591.99
1591.29
1589.67
1589.12
1587.24
1586.46
1585.22
1584.75
1586.99
1584.95
1582.84
1581.25
1581
1581.17
1580.87
1580.77
1580.8
1603.68
1603.44
1603.35
1603.32
1603.29
1603.24
1603.14
1602.97
1602.76
1602.45
1601.93
1601.25
1600.51
1599.72
1598.8
1597.72
1596.64
1595.42
1594.22
1592.88
1591.5
1590.24
1588.99
1587.45
1585.94
1584.67
1583.59
1582.01
1580.6
1579.6
1578.22
1576.97
1576.57
1574.82
1574.52
1572.46
1572.52
1569.95
1569.67
1569.7
1567.82
1566.94
1566.87
1566.11
1565.61
1565.44
1564.95
1564.27
1563.75
1563.5
1585.84
1585.62
1585.54
1585.5
1585.48
1585.43
1585.34
1585.19
1584.99
1584.71
1584.21
1583.56
1582.86
1582.12
1581.24
1580.21
1579.2
1578.01
1576.88
1575.58
1574.24
1573.05
1571.9
1570.36
1568.87
1567.68
1566.75
1565.12
1563.7
1562.88
1561.45
1560.12
1560.21
1557.95
1558.35
1555.48
1556.99
1554.45
1552.5
1551.87
1551.8
1551.82
1551.06
1550.02
1549.13
1548.67
1548.43
1548.08
1547.84
1547.73
1568.46
1568.25
1568.17
1568.13
1568.11
1568.06
1567.98
1567.84
1567.66
1567.41
1566.93
1566.31
1565.64
1564.95
1564.13
1563.14
1562.18
1561.03
1559.97
1558.71
1557.41
1556.28
1555.24
1553.7
1552.22
1551.09
1550.37
1548.63
1547.19
1546.62
1545.09
1543.6
1544.44
1541.31
1543.29
1539.89
1538.27
1537.68
1537.02
1536.45
1535.74
1535.25
1534.83
1534.18
1533.65
1533.35
1533.04
1532.61
1532.22
1531.93
1551.5
1551.31
1551.23
1551.2
1551.18
1551.14
1551.06
1550.93
1550.77
1550.55
1550.09
1549.49
1548.86
1548.22
1547.44
1546.48
1545.59
1544.47
1543.48
1542.25
1540.98
1539.93
1539.01
1537.45
1535.96
1534.9
1534.43
1532.54
1531.05
1530.83
1529.15
1527.35
1529.74
1526.02
1524.58
1524.12
1523.48
1522.43
1521.4
1520.81
1520.44
1520.26
1519.79
1519.1
1518.46
1517.98
1517.6
1517.21
1516.86
1516.58
1534.97
1534.79
1534.72
1534.69
1534.67
1534.63
1534.56
1534.44
1534.3
1534.1
1533.66
1533.08
1532.48
1531.89
1531.17
1530.24
1529.41
1528.31
1527.4
1526.2
1524.95
1523.97
1523.19
1521.59
1520.09
1519.08
1518.95
1516.83
1515.26
1515.51
1513.72
1512.94
1511.2
1510.69
1510.18
1508.95
1508.01
1507.28
1506.63
1506.16
1505.64
1505.19
1504.68
1504.08
1503.52
1503.07
1502.68
1502.27
1501.91
1501.59
1518.85
1518.68
1518.61
1518.58
1518.57
1518.53
1518.47
1518.36
1518.23
1518.06
1517.64
1517.08
1516.51
1515.97
1515.29
1514.38
1513.63
1512.54
1511.72
1510.54
1509.3
1508.39
1507.78
1506.12
1504.59
1503.63
1503.94
1501.51
1499.81
1501.25
1498.14
1497.43
1497.07
1495.82
1495.03
1494.31
1493.72
1492.96
1492.18
1491.58
1491.06
1490.63
1490.12
1489.53
1488.97
1488.5
1488.07
1487.66
1487.29
1486.95
1503.11
1502.96
1502.9
1502.87
1502.86
1502.82
1502.77
1502.67
1502.55
1502.42
1502
1501.46
1500.93
1500.44
1499.8
1498.92
1498.24
1497.16
1496.42
1495.27
1494.03
1493.19
1492.77
1491.03
1489.47
1488.53
1489.4
1486.64
1486.02
1484.36
1483.77
1482.98
1482.28
1481.57
1481.11
1480.24
1479.48
1478.73
1478.02
1477.45
1476.9
1476.41
1475.87
1475.3
1474.75
1474.26
1473.82
1473.4
1473.02
1472.66
1487.77
1487.63
1487.57
1487.54
1487.53
1487.5
1487.45
1487.36
1487.26
1487.15
1486.75
1486.23
1485.72
1485.28
1484.7
1483.82
1483.22
1482.14
1481.5
1480.36
1479.12
1478.36
1478.17
1476.31
1474.71
1473.78
1475.73
1472.08
1471.38
1470.91
1469.66
1469.07
1468.69
1467.81
1467.17
1466.37
1465.69
1464.95
1464.24
1463.63
1463.05
1462.53
1461.98
1461.41
1460.87
1460.37
1459.91
1459.48
1459.09
1458.72
1472.8
1472.67
1472.62
1472.59
1472.58
1472.55
1472.51
1472.43
1472.34
1472.26
1471.88
1471.37
1470.89
1470.5
1469.96
1469.1
1468.58
1467.48
1466.95
1465.83
1464.57
1463.88
1463.97
1461.97
1460.35
1460.56
1458.77
1458.26
1457.62
1456.87
1456.19
1455.61
1455.07
1454.28
1453.72
1452.92
1452.21
1451.48
1450.77
1450.15
1449.55
1449
1448.44
1447.86
1447.31
1446.81
1446.34
1445.9
1445.48
1445.1
1458.19
1458.07
1458.03
1458
1457.99
1457.96
1457.93
1457.86
1457.78
1457.74
1457.37
1456.87
1456.42
1456.08
1455.59
1454.73
1454.31
1453.18
1452.77
1451.66
1450.38
1449.75
1450.18
1448.09
1447.25
1446.33
1445.98
1444.89
1444.4
1443.94
1443.07
1442.46
1441.96
1441.16
1440.56
1439.77
1439.06
1438.33
1437.62
1436.98
1436.36
1435.79
1435.21
1434.63
1434.08
1433.56
1433.08
1432.63
1432.2
1431.81
1443.94
1443.84
1443.8
1443.77
1443.76
1443.74
1443.71
1443.65
1443.59
1443.58
1443.21
1442.73
1442.31
1442.02
1441.57
1440.71
1440.39
1439.22
1438.96
1437.84
1436.53
1435.97
1437.09
1434.4
1433.91
1433.49
1432.66
1432.05
1431.57
1430.99
1430.25
1429.65
1429.11
1428.33
1427.72
1426.94
1426.23
1425.5
1424.78
1424.13
1423.49
1422.9
1422.3
1421.72
1421.16
1420.63
1420.14
1419.67
1419.24
1418.83
1430.05
1429.96
1429.92
1429.89
1429.89
1429.86
1429.84
1429.79
1429.74
1429.77
1429.41
1428.93
1428.54
1428.31
1427.91
1427.03
1426.82
1425.6
1425.49
1424.39
1423.07
1423.36
1421.9
1421.66
1421.19
1420.74
1420.31
1419.54
1419.05
1418.51
1417.76
1417.15
1416.6
1415.82
1415.2
1414.42
1413.7
1412.96
1412.24
1411.57
1410.92
1410.31
1409.7
1409.11
1408.54
1408
1407.5
1407.02
1406.58
1406.16
1416.5
1416.42
1416.38
1416.36
1416.36
1416.33
1416.32
1416.27
1416.24
1416.3
1415.95
1415.48
1415.11
1414.93
1414.59
1413.69
1413.61
1412.32
1412.39
1411.38
1410.76
1410.09
1410.03
1409.27
1408.93
1408.57
1408
1407.33
1406.84
1406.29
1405.57
1404.95
1404.38
1403.61
1402.97
1402.19
1401.47
1400.73
1400
1399.32
1398.65
1398.02
1397.4
1396.8
1396.22
1395.67
1395.16
1394.67
1394.21
1393.78
1403.29
1403.21
1403.19
1403.16
1403.16
1403.14
1403.14
1403.09
1403.07
1403.17
1402.83
1402.37
1402.02
1401.9
1401.61
1400.68
1400.75
1399.39
1399.95
1398.67
1398.49
1398.39
1397.7
1397.34
1397
1396.6
1396.11
1395.44
1394.94
1394.38
1393.68
1393.04
1392.46
1391.69
1391.04
1390.26
1389.53
1388.78
1388.05
1387.35
1386.67
1386.03
1385.39
1384.78
1384.19
1383.63
1383.11
1382.61
1382.14
1381.7
1390.41
1390.34
1390.32
1390.3
1390.3
1390.28
1390.28
1390.24
1390.24
1390.37
1390.04
1389.59
1389.26
1389.2
1388.96
1388.02
1388.36
1387.55
1386.97
1387.04
1386.81
1386.46
1386.2
1385.69
1385.36
1384.98
1384.48
1383.83
1383.32
1382.75
1382.06
1381.42
1380.82
1380.06
1379.39
1378.61
1377.87
1377.12
1376.38
1375.67
1374.98
1374.31
1373.67
1373.05
1372.45
1371.88
1371.34
1370.83
1370.35
1369.9
1377.85
1377.8
1377.79
1377.76
1377.77
1377.75
1377.76
1377.72
1377.73
1377.91
1377.58
1377.13
1376.85
1376.91
1376.84
1376.38
1375.88
1375.95
1376.12
1375.53
1375.38
1375.19
1374.78
1374.34
1374.01
1373.62
1373.13
1372.49
1371.98
1371.41
1370.72
1370.07
1369.46
1368.7
1368.02
1367.23
1366.49
1365.73
1364.98
1364.26
1363.55
1362.88
1362.22
1361.59
1360.98
1360.4
1359.85
1359.33
1358.84
1358.38
1365.63
1365.59
1365.57
1365.55
1365.56
1365.54
1365.56
1365.54
1365.58
1365.88
1365.65
1365.41
1365.39
1365.2
1364.95
1365.09
1365.21
1364.9
1364.6
1364.46
1364.3
1364.05
1363.71
1363.27
1362.94
1362.54
1362.05
1361.43
1360.9
1360.33
1359.65
1359
1358.37
1357.61
1356.92
1356.13
1355.38
1354.61
1353.85
1353.12
1352.4
1351.71
1351.05
1350.4
1349.78
1349.19
1348.63
1348.1
1347.6
1347.13
1354.2
1354.17
1354.17
1354.17
1354.21
1354.25
1354.31
1354.33
1354.34
1354.13
1354.19
1354.34
1354.44
1354.55
1354.51
1354.29
1354.02
1353.98
1353.95
1353.63
1353.47
1353.24
1352.89
1352.46
1352.13
1351.72
1351.24
1350.62
1350.1
1349.51
1348.84
1348.18
1347.54
1346.78
1346.08
1345.29
1344.53
1343.75
1342.99
1342.24
1341.52
1340.81
1340.13
1339.48
1338.85
1338.25
1337.68
1337.14
1336.62
1336.14
1343.52
1343.49
1343.49
1343.49
1343.53
1343.57
1343.64
1343.69
1343.8
1344.01
1343.94
1343.82
1343.84
1343.78
1343.63
1343.65
1343.59
1343.44
1343.31
1343.06
1342.9
1342.67
1342.33
1341.91
1341.57
1341.16
1340.68
1340.08
1339.55
1338.96
1338.29
1337.63
1336.98
1336.21
1335.5
1334.71
1333.94
1333.15
1332.38
1331.62
1330.89
1330.17
1329.48
1328.81
1328.17
1327.56
1326.98
1326.43
1325.9
1325.41
1333.18
1333.14
1333.14
1333.13
1333.18
1333.21
1333.27
1333.3
1333.36
1333.29
1333.36
1333.42
1333.49
1333.53
1333.43
1333.35
1333.22
1333.1
1333.01
1332.75
1332.59
1332.35
1332.02
1331.61
1331.27
1330.85
1330.38
1329.78
1329.25
1328.66
1327.99
1327.32
1326.66
1325.9
1325.18
1324.38
1323.6
1322.81
1322.02
1321.26
1320.51
1319.78
1319.08
1318.4
1317.75
1317.12
1316.53
1315.97
1315.44
1314.93
1323.09
1323.05
1323.04
1323.04
1323.09
1323.12
1323.19
1323.23
1323.32
1323.42
1323.39
1323.37
1323.42
1323.42
1323.31
1323.27
1323.16
1323.03
1322.93
1322.68
1322.52
1322.28
1321.96
1321.55
1321.21
1320.79
1320.32
1319.73
1319.19
1318.6
1317.94
1317.26
1316.59
1315.83
1315.1
1314.29
1313.51
1312.7
1311.91
1311.13
1310.37
1309.64
1308.92
1308.23
1307.57
1306.93
1306.33
1305.76
1305.21
1304.7
1313.25
1313.21
1313.2
1313.2
1313.24
1313.27
1313.34
1313.38
1313.46
1313.49
1313.51
1313.52
1313.57
1313.58
1313.48
1313.43
1313.32
1313.2
1313.1
1312.85
1312.69
1312.45
1312.13
1311.74
1311.39
1310.97
1310.5
1309.92
1309.38
1308.78
1308.12
1307.44
1306.77
1306
1305.26
1304.45
1303.65
1302.84
1302.04
1301.25
1300.48
1299.73
1299
1298.3
1297.63
1296.98
1296.37
1295.79
1295.23
1294.71
1303.63
1303.59
1303.59
1303.59
1303.63
1303.66
1303.73
1303.77
1303.85
1303.9
1303.91
1303.92
1303.96
1303.97
1303.87
1303.82
1303.72
1303.59
1303.5
1303.25
1303.1
1302.86
1302.54
1302.15
1301.81
1301.39
1300.92
1300.34
1299.8
1299.2
1298.54
1297.86
1297.17
1296.4
1295.65
1294.83
1294.03
1293.21
1292.4
1291.6
1290.82
1290.06
1289.32
1288.61
1287.92
1287.27
1286.64
1286.05
1285.49
1284.95
1294.25
1294.21
1294.21
1294.21
1294.25
1294.28
1294.34
1294.38
1294.46
1294.51
1294.52
1294.53
1294.58
1294.59
1294.49
1294.44
1294.34
1294.22
1294.12
1293.89
1293.73
1293.49
1293.18
1292.79
1292.45
1292.03
1291.56
1290.99
1290.45
1289.84
1289.19
1288.5
1287.8
1287.03
1286.27
1285.45
1284.64
1283.81
1282.99
1282.18
1281.39
1280.62
1279.87
1279.14
1278.45
1277.78
1277.14
1276.54
1275.97
1275.42
1285.09
1285.05
1285.04
1285.04
1285.08
1285.12
1285.18
1285.22
1285.3
1285.35
1285.36
1285.37
1285.42
1285.43
1285.33
1285.29
1285.19
1285.07
1284.97
1284.74
1284.58
1284.34
1284.04
1283.66
1283.31
1282.89
1282.43
1281.86
1281.32
1280.71
1280.05
1279.36
1278.66
1277.88
1277.11
1276.29
1275.47
1274.63
1273.8
1272.98
1272.18
1271.4
1270.63
1269.9
1269.19
1268.52
1267.87
1267.25
1266.67
1266.12
1651.34
1650.93
1650.75
1650.8
1650.75
1650.05
1649.32
1648.89
1648.73
1648.77
1648.88
1649.13
1648.36
1647.08
1645.95
1645.2
1644.97
1644.91
1644.5
1643.79
1643
1642.21
1641.4
1640.74
1640.22
1639.77
1639.37
1638.94
1637.99
1636.9
1636.85
1636.35
1634.8
1634.01
1633.42
1633.05
1632.98
1633.5
1632.76
1632.02
1631.58
1631.43
1631.59
1631.56
1631.15
1630.83
1630.65
1630.62
1630.59
1630.45
1632.67
1632.13
1632.08
1632.62
1633.66
1632.95
1631.8
1630.61
1629.73
1629.3
1628.66
1628.38
1628.46
1627.96
1627.53
1627.22
1627.04
1626.75
1626.18
1625.44
1624.63
1623.82
1623.02
1622.22
1621.65
1621.09
1620.48
1619.81
1618.82
1617.73
1618.23
1618.21
1617.11
1616.48
1615.93
1615.54
1615.24
1615.84
1614.63
1613.55
1613.04
1612.92
1613.47
1613.59
1612.8
1612.33
1612.12
1612.2
1612.29
1612.02
1615.88
1614.62
1613.54
1612.86
1612.95
1613.31
1613.03
1612.7
1612.4
1612.21
1611.92
1611.78
1611.35
1610.61
1609.87
1609.26
1608.92
1608.56
1608.04
1607.38
1606.64
1605.87
1605.13
1604.36
1603.67
1603.15
1602.52
1601.81
1600.79
1599.5
1598.99
1598.88
1598.06
1597.58
1597.1
1596.75
1596.57
1597.58
1597.85
1596.75
1596.22
1595.62
1595.99
1596.56
1594.77
1594.14
1593.92
1594.25
1594.68
1594.04
1596.92
1596.77
1596.67
1596.69
1596.85
1596.57
1596.03
1595.41
1594.79
1594.42
1593.93
1593.51
1593.21
1592.73
1592.25
1591.82
1591.51
1591.14
1590.6
1589.93
1589.19
1588.43
1587.67
1586.97
1586.22
1585.58
1584.89
1584.22
1583.24
1582.1
1581.84
1581.69
1580.83
1580.24
1579.6
1579.1
1578.47
1578.56
1578.53
1577.86
1577.64
1577.32
1578
1578.85
1578.61
1577.86
1577.35
1577.22
1578.19
1576.39
1580.47
1580
1579.54
1579.13
1578.98
1578.85
1578.55
1578.19
1577.82
1577.56
1577.18
1576.83
1576.46
1575.91
1575.37
1574.85
1574.43
1574
1573.44
1572.79
1572.08
1571.34
1570.6
1569.87
1569.23
1568.45
1567.79
1567.04
1566.2
1565.1
1564.68
1564.4
1563.59
1563.04
1562.43
1561.97
1561.47
1561.59
1561.56
1560.86
1560.43
1559.88
1559.8
1560.05
1559.74
1559.47
1559.31
1559.81
1560.89
1560.9
1563.36
1563.13
1562.95
1562.79
1562.74
1562.57
1562.21
1561.78
1561.31
1560.93
1560.5
1560.08
1559.68
1559.17
1558.66
1558.16
1557.72
1557.25
1556.69
1556.05
1555.35
1554.62
1553.9
1553.17
1552.49
1551.73
1551.14
1550.23
1549.54
1548.5
1547.98
1547.69
1546.92
1546.4
1545.79
1545.34
1544.86
1544.74
1544.58
1543.98
1543.61
1543.18
1543.1
1543.32
1543.02
1542.6
1542.26
1542.09
1542.33
1542.18
1547.56
1547.27
1546.97
1546.67
1546.43
1546.18
1545.84
1545.46
1545.04
1544.66
1544.24
1543.81
1543.39
1542.88
1542.37
1541.86
1541.38
1540.88
1540.31
1539.68
1538.99
1538.27
1537.56
1536.83
1536.14
1535.38
1534.75
1533.9
1533.21
1532.35
1531.67
1531.31
1530.61
1530.11
1529.54
1529.1
1528.64
1528.42
1528.2
1527.67
1527.32
1526.94
1526.74
1526.76
1526.46
1526.12
1525.84
1525.71
1525.9
1525.72
1531.68
1531.4
1531.13
1530.85
1530.61
1530.33
1529.99
1529.6
1529.18
1528.77
1528.34
1527.9
1527.45
1526.94
1526.43
1525.92
1525.42
1524.9
1524.32
1523.68
1523.01
1522.3
1521.59
1520.86
1520.17
1519.4
1518.74
1517.93
1517.24
1516.49
1515.78
1515.32
1514.74
1514.18
1513.59
1513.21
1512.78
1512.49
1512.22
1511.75
1511.41
1511.07
1510.83
1510.73
1510.45
1510.15
1509.91
1509.72
1509.71
1509.5
1516.32
1516.03
1515.74
1515.44
1515.14
1514.83
1514.48
1514.09
1513.66
1513.25
1512.81
1512.35
1511.89
1511.38
1510.87
1510.35
1509.83
1509.29
1508.71
1508.07
1507.41
1506.7
1506
1505.27
1504.57
1503.81
1503.14
1502.34
1501.65
1500.92
1500.24
1499.75
1499.23
1498.64
1498.06
1497.61
1497.24
1496.95
1496.64
1496.2
1495.88
1495.55
1495.29
1495.13
1494.86
1494.59
1494.35
1494.14
1494.03
1493.82
1501.29
1500.99
1500.68
1500.36
1500.05
1499.72
1499.34
1498.95
1498.52
1498.1
1497.65
1497.18
1496.71
1496.2
1495.68
1495.15
1494.62
1494.07
1493.48
1492.85
1492.18
1491.48
1490.78
1490.06
1489.35
1488.59
1487.91
1487.13
1486.44
1485.73
1485.06
1484.54
1484.01
1483.45
1482.96
1482.45
1482.01
1481.73
1481.43
1481.01
1480.7
1480.38
1480.12
1479.92
1479.65
1479.39
1479.16
1478.94
1478.78
1478.57
1486.63
1486.32
1485.99
1485.66
1485.32
1484.97
1484.59
1484.18
1483.75
1483.32
1482.86
1482.38
1481.9
1481.39
1480.86
1480.32
1479.78
1479.21
1478.62
1477.98
1477.32
1476.62
1475.93
1475.2
1474.49
1473.73
1473.05
1472.28
1471.6
1470.91
1470.25
1469.7
1469.16
1468.61
1468.13
1467.7
1467.22
1466.84
1466.55
1466.14
1465.86
1465.56
1465.29
1465.06
1464.8
1464.54
1464.32
1464.1
1463.91
1463.7
1472.33
1472
1471.66
1471.31
1470.96
1470.59
1470.19
1469.78
1469.34
1468.89
1468.42
1467.94
1467.44
1466.92
1466.39
1465.84
1465.29
1464.71
1464.11
1463.47
1462.81
1462.12
1461.42
1460.7
1459.99
1459.23
1458.54
1457.79
1457.11
1456.43
1455.78
1455.23
1454.68
1454.14
1453.64
1453.2
1452.8
1452.35
1452.04
1451.67
1451.34
1451.02
1450.8
1450.57
1450.29
1450.04
1449.82
1449.6
1449.4
1449.19
1458.37
1458.02
1457.67
1457.31
1456.93
1456.55
1456.14
1455.71
1455.27
1454.81
1454.33
1453.84
1453.33
1452.8
1452.26
1451.71
1451.14
1450.56
1449.95
1449.31
1448.65
1447.96
1447.26
1446.54
1445.83
1445.07
1444.38
1443.64
1442.97
1442.3
1441.66
1441.1
1440.55
1440.01
1439.52
1439.06
1438.65
1438.22
1437.89
1437.58
1437.19
1436.87
1436.57
1436.4
1436.12
1435.87
1435.66
1435.43
1435.23
1435.02
1444.74
1444.38
1444.01
1443.64
1443.25
1442.85
1442.43
1441.99
1441.53
1441.06
1440.57
1440.07
1439.56
1439.02
1438.47
1437.91
1437.34
1436.75
1436.13
1435.49
1434.82
1434.14
1433.44
1432.72
1432
1431.25
1430.56
1429.83
1429.16
1428.5
1427.87
1427.31
1426.76
1426.23
1425.73
1425.27
1424.85
1424.42
1424.07
1423.74
1423.37
1423.11
1422.74
1422.52
1422.28
1422
1421.82
1421.61
1421.39
1421.18
1431.43
1431.06
1430.68
1430.29
1429.89
1429.47
1429.04
1428.59
1428.12
1427.64
1427.15
1426.64
1426.11
1425.57
1425.01
1424.44
1423.86
1423.26
1422.64
1422
1421.33
1420.64
1419.95
1419.22
1418.51
1417.76
1417.07
1416.35
1415.68
1415.03
1414.41
1413.84
1413.29
1412.76
1412.27
1411.81
1411.38
1410.96
1410.59
1410.24
1409.89
1409.61
1409.31
1408.99
1408.77
1408.51
1408.25
1408.09
1407.88
1407.66
1418.44
1418.06
1417.66
1417.26
1416.84
1416.41
1415.97
1415.51
1415.03
1414.54
1414.04
1413.52
1412.98
1412.43
1411.87
1411.29
1410.7
1410.1
1409.47
1408.83
1408.16
1407.47
1406.78
1406.05
1405.34
1404.59
1403.9
1403.19
1402.53
1401.88
1401.26
1400.69
1400.15
1399.62
1399.13
1398.67
1398.24
1397.81
1397.44
1397.08
1396.72
1396.42
1396.13
1395.82
1395.59
1395.37
1395.07
1394.86
1394.66
1394.44
1405.76
1405.36
1404.95
1404.54
1404.11
1403.67
1403.21
1402.74
1402.25
1401.75
1401.24
1400.71
1400.17
1399.61
1399.04
1398.46
1397.86
1397.25
1396.62
1395.97
1395.3
1394.61
1393.92
1393.2
1392.49
1391.74
1391.05
1390.34
1389.68
1389.04
1388.43
1387.86
1387.31
1386.79
1386.3
1385.83
1385.4
1384.98
1384.6
1384.24
1383.88
1383.57
1383.26
1382.96
1382.71
1382.49
1382.25
1381.98
1381.77
1381.56
1393.37
1392.96
1392.54
1392.11
1391.67
1391.22
1390.75
1390.27
1389.78
1389.27
1388.74
1388.2
1387.65
1387.09
1386.51
1385.92
1385.32
1384.7
1384.07
1383.42
1382.75
1382.06
1381.37
1380.64
1379.94
1379.19
1378.5
1377.8
1377.15
1376.51
1375.9
1375.33
1374.78
1374.26
1373.77
1373.31
1372.87
1372.45
1372.06
1371.7
1371.34
1371.02
1370.71
1370.41
1370.15
1369.91
1369.67
1369.42
1369.2
1369.03
1381.28
1380.86
1380.43
1379.99
1379.53
1379.07
1378.59
1378.1
1377.59
1377.07
1376.54
1375.99
1375.43
1374.86
1374.28
1373.68
1373.07
1372.46
1371.81
1371.16
1370.49
1369.81
1369.11
1368.39
1367.69
1366.94
1366.26
1365.55
1364.91
1364.27
1363.67
1363.1
1362.56
1362.04
1361.54
1361.08
1360.64
1360.22
1359.83
1359.46
1359.11
1358.78
1358.47
1358.16
1357.89
1357.64
1357.39
1357.15
1356.93
1356.75
1369.47
1369.04
1368.59
1368.14
1367.68
1367.2
1366.71
1366.21
1365.7
1365.17
1364.62
1364.07
1363.5
1362.93
1362.33
1361.74
1361.12
1360.5
1359.85
1359.2
1358.53
1357.84
1357.15
1356.43
1355.73
1354.98
1354.3
1353.6
1352.96
1352.33
1351.73
1351.16
1350.62
1350.1
1349.61
1349.14
1348.7
1348.28
1347.89
1347.52
1347.16
1346.83
1346.51
1346.21
1345.93
1345.67
1345.41
1345.17
1344.96
1344.76
1357.93
1357.49
1357.04
1356.58
1356.1
1355.62
1355.12
1354.6
1354.08
1353.54
1352.99
1352.43
1351.85
1351.27
1350.67
1350.07
1349.44
1348.82
1348.17
1347.52
1346.85
1346.16
1345.47
1344.75
1344.05
1343.3
1342.63
1341.94
1341.3
1340.67
1340.08
1339.51
1338.96
1338.44
1337.95
1337.48
1337.04
1336.62
1336.23
1335.85
1335.5
1335.16
1334.85
1334.54
1334.26
1333.99
1333.73
1333.49
1333.27
1333.06
1346.67
1346.22
1345.76
1345.28
1344.8
1344.3
1343.79
1343.27
1342.73
1342.19
1341.63
1341.06
1340.48
1339.89
1339.28
1338.67
1338.05
1337.42
1336.77
1336.12
1335.44
1334.75
1334.07
1333.34
1332.66
1331.91
1331.24
1330.55
1329.92
1329.29
1328.7
1328.13
1327.58
1327.06
1326.57
1326.1
1325.66
1325.24
1324.84
1324.47
1324.11
1323.77
1323.45
1323.15
1322.86
1322.6
1322.34
1322.09
1321.87
1321.66
1335.68
1335.21
1334.74
1334.26
1333.76
1333.25
1332.73
1332.2
1331.66
1331.1
1330.53
1329.96
1329.37
1328.77
1328.16
1327.55
1326.92
1326.29
1325.63
1324.98
1324.3
1323.62
1322.94
1322.21
1321.53
1320.78
1320.12
1319.43
1318.8
1318.18
1317.59
1317.02
1316.47
1315.96
1315.46
1314.99
1314.55
1314.13
1313.73
1313.35
1312.99
1312.65
1312.33
1312.03
1311.74
1311.47
1311.21
1310.96
1310.74
1310.52
1324.94
1324.47
1323.98
1323.49
1322.98
1322.46
1321.93
1321.39
1320.84
1320.27
1319.7
1319.11
1318.52
1317.92
1317.3
1316.69
1316.05
1315.42
1314.76
1314.11
1313.43
1312.75
1312.07
1311.34
1310.67
1309.91
1309.27
1308.57
1307.96
1307.33
1306.74
1306.17
1305.63
1305.11
1304.62
1304.15
1303.7
1303.28
1302.88
1302.5
1302.14
1301.8
1301.47
1301.17
1300.88
1300.61
1300.35
1300.1
1299.87
1299.66
1314.45
1313.97
1313.48
1312.97
1312.45
1311.93
1311.39
1310.84
1310.27
1309.7
1309.12
1308.53
1307.93
1307.32
1306.7
1306.08
1305.43
1304.81
1304.14
1303.5
1302.82
1302.14
1301.45
1300.73
1300.07
1299.3
1298.67
1297.97
1297.36
1296.74
1296.15
1295.59
1295.04
1294.53
1294.03
1293.56
1293.11
1292.69
1292.28
1291.9
1291.54
1291.2
1290.87
1290.56
1290.27
1290
1289.74
1289.5
1289.27
1289.05
1304.21
1303.72
1303.21
1302.7
1302.17
1301.64
1301.09
1300.53
1299.96
1299.37
1298.79
1298.19
1297.58
1296.97
1296.34
1295.72
1295.07
1294.45
1293.77
1293.14
1292.45
1291.77
1291.09
1290.37
1289.71
1288.95
1288.33
1287.63
1287.03
1286.41
1285.82
1285.25
1284.71
1284.19
1283.69
1283.22
1282.77
1282.35
1281.94
1281.56
1281.19
1280.85
1280.52
1280.21
1279.92
1279.65
1279.39
1279.14
1278.91
1278.69
1294.21
1293.71
1293.19
1292.67
1292.13
1291.59
1291.03
1290.46
1289.88
1289.29
1288.69
1288.09
1287.48
1286.86
1286.23
1285.61
1284.95
1284.33
1283.64
1283.02
1282.33
1281.66
1280.98
1280.25
1279.61
1278.83
1278.23
1277.52
1276.93
1276.32
1275.73
1275.16
1274.62
1274.1
1273.6
1273.13
1272.68
1272.25
1271.84
1271.46
1271.09
1270.75
1270.42
1270.11
1269.81
1269.54
1269.28
1269.03
1268.8
1268.58
1284.44
1283.93
1283.41
1282.87
1282.33
1281.77
1281.2
1280.62
1280.04
1279.44
1278.84
1278.23
1277.61
1276.98
1276.35
1275.73
1275.06
1274.44
1273.76
1273.14
1272.45
1271.78
1271.1
1270.37
1269.74
1268.96
1268.37
1267.66
1267.08
1266.46
1265.88
1265.31
1264.77
1264.25
1263.75
1263.28
1262.83
1262.4
1261.99
1261.6
1261.23
1260.88
1260.55
1260.24
1259.95
1259.67
1259.41
1259.16
1258.93
1258.72
1274.9
1274.38
1273.85
1273.31
1272.75
1272.18
1271.61
1271.02
1270.43
1269.82
1269.21
1268.59
1267.97
1267.34
1266.71
1266.08
1265.41
1264.8
1264.11
1263.5
1262.8
1262.13
1261.46
1260.73
1260.11
1259.32
1258.75
1258.04
1257.46
1256.85
1256.26
1255.7
1255.15
1254.63
1254.14
1253.66
1253.21
1252.78
1252.36
1251.97
1251.6
1251.25
1250.92
1250.61
1250.31
1250.04
1249.77
1249.53
1249.3
1249.08
1265.59
1265.06
1264.52
1263.96
1263.4
1262.82
1262.24
1261.64
1261.04
1260.43
1259.81
1259.19
1258.56
1257.93
1257.29
1256.66
1255.99
1255.39
1254.68
1254.08
1253.39
1252.72
1252.05
1251.31
1250.71
1249.91
1249.35
1248.64
1248.07
1247.46
1246.87
1246.31
1245.77
1245.25
1244.75
1244.27
1243.82
1243.38
1242.97
1242.58
1242.21
1241.85
1241.52
1241.21
1240.91
1240.63
1240.37
1240.12
1239.89
1239.67
1630.32
1630.24
1630.2
1630.17
1630.12
1630.09
1630.1
1630.15
1630.21
1630.3
1630.41
1630.55
1630.72
1630.93
1631.17
1631.45
1631.77
1632.13
1632.53
1632.98
1633.46
1633.99
1634.57
1635.19
1635.85
1636.55
1637.29
1638.07
1638.88
1639.73
1640.61
1641.51
1642.44
1643.4
1644.37
1645.37
1646.38
1647.41
1648.46
1649.52
1650.6
1651.7
1652.81
1653.94
1655.08
1656.23
1657.4
1658.58
1659.76
1660.96
1662.17
1663.38
1664.62
1665.87
1667.09
1668.31
1669.52
1670.72
1671.92
1673.1
1674.27
1675.43
1676.57
1677.7
1678.8
1679.89
1680.95
1681.99
1683.01
1683.99
1684.95
1685.87
1686.76
1687.62
1688.45
1689.24
1690
1690.72
1691.41
1692.05
1692.65
1693.21
1693.73
1694.21
1694.63
1695.02
1695.36
1695.65
1695.89
1696.1
1696.26
1696.38
1696.46
1696.51
1696.52
1696.51
1696.47
1696.43
1696.36
1696.24
1696.07
1695.87
1695.64
1695.37
1695.06
1694.73
1694.37
1693.98
1693.56
1693.12
1692.65
1692.16
1691.64
1691.1
1690.54
1689.96
1689.36
1688.73
1688.1
1687.44
1686.77
1686.08
1685.38
1684.66
1683.94
1683.21
1682.47
1681.72
1680.96
1680.21
1679.45
1678.69
1677.92
1677.16
1676.4
1675.65
1674.91
1674.19
1673.48
1672.78
1672.12
1671.47
1670.86
1670.26
1669.7
1669.18
1668.72
1668.33
1668.03
1667.85
1611.78
1611.67
1611.66
1611.62
1611.5
1611.41
1611.39
1611.42
1611.44
1611.48
1611.55
1611.65
1611.76
1611.92
1612.11
1612.34
1612.62
1612.93
1613.28
1613.68
1614.12
1614.6
1615.13
1615.7
1616.33
1616.99
1617.69
1618.43
1619.2
1620.01
1620.85
1621.72
1622.62
1623.54
1624.49
1625.45
1626.44
1627.44
1628.46
1629.5
1630.55
1631.62
1632.7
1633.8
1634.91
1636.03
1637.17
1638.31
1639.47
1640.64
1641.82
1643.01
1644.21
1645.42
1646.61
1647.8
1648.99
1650.16
1651.33
1652.49
1653.63
1654.76
1655.88
1656.98
1658.07
1659.13
1660.17
1661.18
1662.18
1663.14
1664.07
1664.98
1665.85
1666.69
1667.5
1668.27
1669.01
1669.71
1670.38
1671.01
1671.6
1672.14
1672.65
1673.11
1673.52
1673.89
1674.22
1674.49
1674.73
1674.92
1675.07
1675.18
1675.25
1675.29
1675.29
1675.26
1675.21
1675.15
1675.06
1674.94
1674.77
1674.56
1674.33
1674.05
1673.75
1673.42
1673.06
1672.67
1672.26
1671.82
1671.35
1670.87
1670.36
1669.82
1669.27
1668.7
1668.11
1667.5
1666.87
1666.22
1665.56
1664.89
1664.2
1663.5
1662.79
1662.07
1661.35
1660.62
1659.88
1659.14
1658.4
1657.66
1656.91
1656.17
1655.43
1654.7
1653.98
1653.27
1652.57
1651.9
1651.25
1650.62
1650.02
1649.45
1648.9
1648.39
1647.94
1647.56
1647.26
1647.07
1593.65
1593.52
1593.62
1593.62
1593.37
1593.19
1593.16
1593.22
1593.18
1593.16
1593.22
1593.27
1593.32
1593.42
1593.58
1593.76
1593.98
1594.25
1594.56
1594.9
1595.29
1595.72
1596.2
1596.74
1597.32
1597.94
1598.6
1599.3
1600.03
1600.8
1601.6
1602.44
1603.3
1604.19
1605.1
1606.04
1607
1607.97
1608.96
1609.97
1610.99
1612.03
1613.09
1614.16
1615.24
1616.34
1617.44
1618.56
1619.69
1620.83
1621.98
1623.13
1624.3
1625.48
1626.65
1627.81
1628.96
1630.11
1631.26
1632.39
1633.51
1634.62
1635.71
1636.79
1637.85
1638.88
1639.9
1640.9
1641.87
1642.81
1643.72
1644.6
1645.46
1646.28
1647.07
1647.82
1648.54
1649.23
1649.88
1650.49
1651.06
1651.59
1652.08
1652.53
1652.93
1653.29
1653.6
1653.87
1654.09
1654.27
1654.41
1654.51
1654.57
1654.59
1654.58
1654.55
1654.48
1654.4
1654.3
1654.17
1653.99
1653.78
1653.54
1653.27
1652.97
1652.63
1652.28
1651.89
1651.48
1651.04
1650.58
1650.1
1649.6
1649.08
1648.53
1647.97
1647.38
1646.78
1646.16
1645.53
1644.88
1644.22
1643.54
1642.86
1642.16
1641.46
1640.75
1640.04
1639.32
1638.6
1637.87
1637.15
1636.42
1635.69
1634.97
1634.25
1633.55
1632.86
1632.18
1631.53
1630.89
1630.29
1629.71
1629.14
1628.6
1628.11
1627.66
1627.29
1627
1626.8
1575.78
1575.71
1576.12
1576.26
1575.67
1575.34
1575.36
1575.57
1575.4
1575.31
1575.38
1575.39
1575.36
1575.42
1575.55
1575.68
1575.85
1576.08
1576.34
1576.64
1576.97
1577.34
1577.78
1578.27
1578.81
1579.39
1580.01
1580.66
1581.36
1582.09
1582.85
1583.65
1584.48
1585.33
1586.21
1587.12
1588.05
1588.99
1589.95
1590.94
1591.93
1592.94
1593.97
1595.01
1596.07
1597.13
1598.21
1599.3
1600.4
1601.51
1602.63
1603.76
1604.9
1606.04
1607.18
1608.31
1609.44
1610.57
1611.68
1612.79
1613.89
1614.97
1616.04
1617.09
1618.13
1619.15
1620.14
1621.11
1622.06
1622.98
1623.87
1624.74
1625.57
1626.37
1627.14
1627.88
1628.58
1629.25
1629.89
1630.48
1631.04
1631.56
1632.03
1632.47
1632.85
1633.2
1633.5
1633.75
1633.96
1634.13
1634.26
1634.35
1634.39
1634.41
1634.39
1634.34
1634.26
1634.17
1634.06
1633.91
1633.73
1633.52
1633.28
1633
1632.7
1632.37
1632.01
1631.62
1631.22
1630.78
1630.33
1629.85
1629.36
1628.84
1628.3
1627.75
1627.17
1626.58
1625.97
1625.35
1624.71
1624.06
1623.4
1622.73
1622.04
1621.36
1620.66
1619.96
1619.26
1618.56
1617.85
1617.14
1616.43
1615.72
1615.01
1614.31
1613.63
1612.96
1612.3
1611.65
1611.04
1610.45
1609.89
1609.34
1608.81
1608.32
1607.89
1607.52
1607.23
1607.03
1559.99
1559.49
1559.38
1559.85
1558.28
1557.75
1557.89
1558.6
1558.05
1557.82
1558.04
1558.01
1557.84
1557.87
1558.02
1558.08
1558.21
1558.41
1558.61
1558.87
1559.15
1559.47
1559.86
1560.31
1560.8
1561.34
1561.91
1562.52
1563.17
1563.86
1564.58
1565.34
1566.13
1566.96
1567.81
1568.68
1569.58
1570.49
1571.43
1572.38
1573.35
1574.33
1575.33
1576.35
1577.37
1578.41
1579.45
1580.52
1581.59
1582.67
1583.76
1584.86
1585.97
1587.08
1588.2
1589.3
1590.41
1591.51
1592.6
1593.68
1594.75
1595.81
1596.86
1597.89
1598.9
1599.9
1600.87
1601.82
1602.75
1603.65
1604.52
1605.36
1606.18
1606.96
1607.71
1608.43
1609.12
1609.77
1610.39
1610.97
1611.51
1612.02
1612.48
1612.9
1613.28
1613.61
1613.9
1614.14
1614.34
1614.49
1614.61
1614.68
1614.72
1614.73
1614.7
1614.64
1614.55
1614.44
1614.32
1614.16
1613.98
1613.76
1613.51
1613.24
1612.93
1612.6
1612.24
1611.86
1611.46
1611.03
1610.58
1610.11
1609.62
1609.11
1608.58
1608.03
1607.46
1606.88
1606.28
1605.67
1605.05
1604.41
1603.75
1603.09
1602.42
1601.75
1601.07
1600.39
1599.7
1599.01
1598.32
1597.63
1596.93
1596.24
1595.55
1594.87
1594.2
1593.54
1592.9
1592.27
1591.68
1591.11
1590.56
1590.02
1589.51
1589.03
1588.6
1588.24
1587.95
1587.74
1541.91
1541.87
1542.59
1543.47
1543.12
1542.14
1541.69
1542.82
1540.98
1540.58
1541.28
1541.15
1540.67
1540.72
1540.99
1540.9
1541
1541.2
1541.35
1541.59
1541.8
1542.06
1542.42
1542.82
1543.29
1543.78
1544.3
1544.87
1545.47
1546.11
1546.79
1547.51
1548.27
1549.05
1549.87
1550.71
1551.58
1552.46
1553.37
1554.29
1555.23
1556.19
1557.16
1558.15
1559.14
1560.15
1561.17
1562.2
1563.24
1564.3
1565.36
1566.44
1567.52
1568.6
1569.69
1570.77
1571.85
1572.92
1573.99
1575.05
1576.1
1577.13
1578.16
1579.17
1580.16
1581.13
1582.08
1583.01
1583.92
1584.8
1585.65
1586.47
1587.26
1588.03
1588.76
1589.46
1590.13
1590.77
1591.37
1591.94
1592.47
1592.96
1593.41
1593.82
1594.18
1594.5
1594.78
1595.01
1595.2
1595.34
1595.45
1595.51
1595.54
1595.53
1595.49
1595.42
1595.32
1595.2
1595.07
1594.91
1594.72
1594.49
1594.24
1593.96
1593.66
1593.32
1592.97
1592.59
1592.19
1591.76
1591.32
1590.85
1590.37
1589.86
1589.34
1588.8
1588.24
1587.67
1587.08
1586.48
1585.87
1585.24
1584.6
1583.95
1583.29
1582.63
1581.97
1581.3
1580.62
1579.95
1579.28
1578.6
1577.92
1577.24
1576.56
1575.9
1575.25
1574.61
1573.98
1573.37
1572.79
1572.24
1571.71
1571.19
1570.68
1570.21
1569.79
1569.43
1569.15
1568.93
1525.33
1525.03
1524.97
1525.09
1524.96
1524.68
1525.22
1526.35
1526.29
1525.02
1525.38
1524.93
1523.73
1523.9
1524.56
1524.09
1524.19
1524.48
1524.5
1524.78
1524.9
1525.08
1525.43
1525.81
1526.25
1526.69
1527.17
1527.68
1528.24
1528.83
1529.47
1530.15
1530.86
1531.61
1532.39
1533.2
1534.03
1534.89
1535.77
1536.66
1537.58
1538.51
1539.45
1540.4
1541.37
1542.35
1543.34
1544.34
1545.36
1546.39
1547.42
1548.47
1549.52
1550.58
1551.64
1552.7
1553.75
1554.8
1555.84
1556.88
1557.9
1558.92
1559.92
1560.9
1561.87
1562.83
1563.76
1564.67
1565.55
1566.41
1567.24
1568.04
1568.82
1569.56
1570.28
1570.96
1571.61
1572.23
1572.82
1573.37
1573.89
1574.37
1574.81
1575.2
1575.56
1575.87
1576.13
1576.35
1576.53
1576.66
1576.76
1576.81
1576.83
1576.81
1576.76
1576.68
1576.57
1576.44
1576.3
1576.13
1575.93
1575.71
1575.45
1575.17
1574.86
1574.53
1574.17
1573.8
1573.4
1572.97
1572.53
1572.07
1571.59
1571.1
1570.58
1570.05
1569.5
1568.93
1568.35
1567.76
1567.16
1566.54
1565.91
1565.27
1564.63
1563.99
1563.33
1562.68
1562.02
1561.36
1560.71
1560.05
1559.38
1558.71
1558.05
1557.4
1556.77
1556.15
1555.53
1554.94
1554.37
1553.84
1553.33
1552.82
1552.32
1551.85
1551.44
1551.09
1550.81
1550.59
1509.19
1508.95
1508.88
1508.96
1508.7
1508.34
1508.26
1508.49
1508.46
1508.24
1509.31
1510.07
1508.9
1508.39
1509.13
1507.51
1507.74
1508.28
1507.98
1508.47
1508.42
1508.49
1508.89
1509.21
1509.68
1510.06
1510.51
1510.96
1511.47
1512.02
1512.61
1513.24
1513.91
1514.62
1515.36
1516.14
1516.94
1517.77
1518.62
1519.48
1520.36
1521.27
1522.18
1523.11
1524.04
1524.99
1525.95
1526.93
1527.92
1528.92
1529.93
1530.95
1531.98
1533.01
1534.04
1535.07
1536.1
1537.13
1538.15
1539.16
1540.16
1541.15
1542.13
1543.1
1544.04
1544.97
1545.88
1546.77
1547.64
1548.47
1549.29
1550.07
1550.82
1551.55
1552.24
1552.91
1553.55
1554.15
1554.73
1555.26
1555.77
1556.24
1556.66
1557.05
1557.39
1557.69
1557.95
1558.16
1558.32
1558.45
1558.53
1558.57
1558.58
1558.56
1558.49
1558.4
1558.28
1558.14
1557.99
1557.82
1557.61
1557.38
1557.13
1556.84
1556.53
1556.2
1555.84
1555.47
1555.07
1554.65
1554.21
1553.76
1553.29
1552.8
1552.29
1551.76
1551.22
1550.66
1550.09
1549.51
1548.92
1548.32
1547.69
1547.07
1546.44
1545.8
1545.17
1544.52
1543.88
1543.24
1542.6
1541.95
1541.3
1540.65
1540
1539.37
1538.75
1538.14
1537.54
1536.96
1536.41
1535.9
1535.4
1534.91
1534.42
1533.96
1533.55
1533.21
1532.93
1532.7
1493.56
1493.34
1493.19
1493.12
1492.88
1492.6
1492.5
1492.62
1492.48
1492.05
1492.18
1492.4
1492.04
1492.79
1493.93
1493.07
1492.54
1492.92
1491.66
1492.78
1492.32
1492.2
1492.8
1493.01
1493.56
1493.85
1494.28
1494.67
1495.15
1495.64
1496.2
1496.79
1497.41
1498.08
1498.78
1499.52
1500.29
1501.08
1501.9
1502.73
1503.59
1504.46
1505.35
1506.25
1507.15
1508.07
1509
1509.95
1510.91
1511.88
1512.87
1513.86
1514.86
1515.87
1516.88
1517.88
1518.89
1519.89
1520.89
1521.88
1522.86
1523.83
1524.78
1525.73
1526.65
1527.56
1528.45
1529.32
1530.16
1530.98
1531.77
1532.54
1533.27
1533.98
1534.66
1535.31
1535.92
1536.51
1537.07
1537.6
1538.09
1538.55
1538.96
1539.34
1539.67
1539.96
1540.2
1540.4
1540.56
1540.67
1540.75
1540.78
1540.78
1540.75
1540.68
1540.58
1540.44
1540.3
1540.14
1539.96
1539.75
1539.52
1539.26
1538.97
1538.66
1538.32
1537.97
1537.6
1537.2
1536.79
1536.35
1535.9
1535.43
1534.95
1534.45
1533.93
1533.4
1532.85
1532.29
1531.72
1531.14
1530.54
1529.93
1529.31
1528.69
1528.07
1527.45
1526.82
1526.19
1525.56
1524.94
1524.31
1523.67
1523.03
1522.4
1521.78
1521.18
1520.59
1520
1519.43
1518.9
1518.41
1517.93
1517.44
1516.96
1516.5
1516.1
1515.77
1515.49
1515.26
1478.34
1478.12
1477.93
1477.8
1477.57
1477.34
1477.2
1477.14
1476.98
1476.64
1476.67
1476.71
1476.31
1476.34
1476.75
1476.48
1477.29
1478.28
1477.09
1478.13
1476.57
1476.1
1477.25
1477.11
1477.95
1478.02
1478.48
1478.78
1479.24
1479.69
1480.23
1480.76
1481.35
1481.96
1482.63
1483.34
1484.07
1484.83
1485.61
1486.42
1487.24
1488.08
1488.94
1489.81
1490.69
1491.57
1492.47
1493.39
1494.32
1495.27
1496.23
1497.2
1498.18
1499.16
1500.14
1501.12
1502.1
1503.08
1504.06
1505.02
1505.98
1506.93
1507.86
1508.79
1509.69
1510.58
1511.45
1512.3
1513.12
1513.92
1514.69
1515.44
1516.15
1516.84
1517.5
1518.13
1518.73
1519.31
1519.85
1520.37
1520.85
1521.29
1521.7
1522.06
1522.38
1522.66
1522.9
1523.09
1523.23
1523.34
1523.4
1523.43
1523.42
1523.38
1523.3
1523.19
1523.05
1522.89
1522.73
1522.55
1522.34
1522.1
1521.83
1521.54
1521.23
1520.9
1520.54
1520.17
1519.78
1519.37
1518.93
1518.49
1518.03
1517.55
1517.06
1516.55
1516.02
1515.48
1514.93
1514.37
1513.8
1513.21
1512.61
1512
1511.39
1510.79
1510.18
1509.56
1508.94
1508.32
1507.72
1507.11
1506.49
1505.85
1505.23
1504.63
1504.05
1503.47
1502.89
1502.34
1501.82
1501.35
1500.89
1500.41
1499.93
1499.48
1499.09
1498.76
1498.49
1498.26
1463.48
1463.27
1463.07
1462.91
1462.69
1462.47
1462.29
1462.16
1462
1461.71
1461.62
1461.55
1461.24
1461.19
1461.36
1461.04
1461.1
1461.55
1461.35
1462.75
1462.91
1461.76
1462.66
1461.4
1462.96
1462.48
1463.14
1463.25
1463.76
1464.12
1464.67
1465.14
1465.7
1466.27
1466.89
1467.57
1468.27
1468.99
1469.74
1470.51
1471.3
1472.12
1472.95
1473.79
1474.64
1475.49
1476.36
1477.25
1478.15
1479.08
1480.01
1480.96
1481.91
1482.86
1483.82
1484.78
1485.74
1486.69
1487.64
1488.59
1489.52
1490.45
1491.36
1492.26
1493.15
1494.02
1494.87
1495.69
1496.5
1497.28
1498.03
1498.75
1499.45
1500.12
1500.76
1501.38
1501.96
1502.52
1503.06
1503.56
1504.03
1504.46
1504.85
1505.21
1505.52
1505.79
1506.02
1506.2
1506.33
1506.43
1506.48
1506.5
1506.48
1506.43
1506.35
1506.23
1506.08
1505.92
1505.75
1505.56
1505.35
1505.11
1504.84
1504.55
1504.23
1503.9
1503.55
1503.18
1502.79
1502.38
1501.95
1501.51
1501.05
1500.58
1500.1
1499.6
1499.07
1498.54
1498
1497.45
1496.89
1496.31
1495.72
1495.12
1494.52
1493.93
1493.33
1492.73
1492.12
1491.52
1490.93
1490.34
1489.73
1489.1
1488.49
1487.91
1487.34
1486.77
1486.21
1485.67
1485.17
1484.71
1484.27
1483.81
1483.33
1482.89
1482.5
1482.17
1481.91
1481.68
1448.98
1448.77
1448.57
1448.39
1448.18
1447.97
1447.78
1447.62
1447.44
1447.18
1447.03
1446.9
1446.65
1446.52
1446.54
1446.29
1446.2
1446.5
1446.1
1446.63
1446.61
1447.06
1448.06
1447.3
1449.17
1447.1
1448.33
1448.01
1448.71
1448.9
1449.53
1449.91
1450.44
1450.96
1451.55
1452.22
1452.87
1453.56
1454.28
1455.02
1455.78
1456.56
1457.37
1458.18
1458.99
1459.81
1460.65
1461.51
1462.39
1463.28
1464.2
1465.12
1466.04
1466.97
1467.91
1468.84
1469.77
1470.71
1471.63
1472.56
1473.47
1474.38
1475.27
1476.15
1477.01
1477.86
1478.69
1479.5
1480.28
1481.04
1481.78
1482.48
1483.16
1483.81
1484.43
1485.03
1485.6
1486.15
1486.67
1487.16
1487.61
1488.04
1488.42
1488.77
1489.07
1489.33
1489.55
1489.72
1489.84
1489.93
1489.98
1489.99
1489.96
1489.9
1489.81
1489.68
1489.53
1489.36
1489.19
1489
1488.78
1488.54
1488.26
1487.97
1487.65
1487.32
1486.97
1486.6
1486.22
1485.81
1485.39
1484.95
1484.5
1484.04
1483.56
1483.07
1482.55
1482.02
1481.49
1480.95
1480.4
1479.84
1479.25
1478.66
1478.07
1477.49
1476.91
1476.32
1475.72
1475.13
1474.56
1473.98
1473.38
1472.77
1472.17
1471.6
1471.05
1470.5
1469.94
1469.41
1468.92
1468.49
1468.07
1467.61
1467.14
1466.7
1466.31
1466
1465.74
1465.51
1434.81
1434.61
1434.42
1434.23
1434.03
1433.82
1433.63
1433.45
1433.26
1433.03
1432.84
1432.69
1432.45
1432.29
1432.22
1432.01
1431.85
1432
1431.63
1431.86
1431.82
1431.78
1432.25
1432.54
1433.59
1433.6
1434.61
1432.97
1434.18
1433.97
1434.83
1435.02
1435.59
1436.03
1436.59
1437.26
1437.86
1438.51
1439.22
1439.92
1440.64
1441.4
1442.18
1442.96
1443.74
1444.53
1445.33
1446.16
1447.01
1447.89
1448.77
1449.67
1450.57
1451.48
1452.39
1453.3
1454.21
1455.12
1456.02
1456.92
1457.82
1458.7
1459.57
1460.43
1461.28
1462.1
1462.91
1463.7
1464.47
1465.21
1465.92
1466.61
1467.27
1467.9
1468.51
1469.09
1469.64
1470.17
1470.68
1471.16
1471.6
1472.02
1472.39
1472.73
1473.02
1473.27
1473.48
1473.64
1473.76
1473.84
1473.87
1473.87
1473.84
1473.78
1473.68
1473.54
1473.38
1473.21
1473.03
1472.84
1472.62
1472.37
1472.1
1471.8
1471.48
1471.15
1470.8
1470.44
1470.06
1469.65
1469.23
1468.8
1468.36
1467.9
1467.44
1466.95
1466.44
1465.91
1465.39
1464.87
1464.33
1463.77
1463.19
1462.61
1462.03
1461.47
1460.9
1460.31
1459.72
1459.15
1458.59
1458.03
1457.45
1456.84
1456.25
1455.69
1455.16
1454.62
1454.08
1453.55
1453.08
1452.66
1452.27
1451.82
1451.35
1450.91
1450.53
1450.22
1449.96
1449.74
1420.98
1420.78
1420.59
1420.4
1420.2
1420.01
1419.81
1419.62
1419.44
1419.22
1419.03
1418.86
1418.64
1418.46
1418.33
1418.14
1417.95
1417.99
1417.69
1417.76
1417.68
1417.51
1417.86
1417.84
1418.35
1418.75
1419.53
1419.83
1420.73
1419.24
1420.68
1420.44
1421.14
1421.46
1421.98
1422.69
1423.23
1423.84
1424.54
1425.21
1425.89
1426.62
1427.38
1428.14
1428.88
1429.63
1430.4
1431.19
1432.02
1432.87
1433.74
1434.61
1435.49
1436.37
1437.25
1438.14
1439.03
1439.92
1440.8
1441.68
1442.55
1443.41
1444.26
1445.1
1445.93
1446.73
1447.52
1448.29
1449.04
1449.76
1450.46
1451.12
1451.77
1452.38
1452.97
1453.53
1454.07
1454.58
1455.08
1455.55
1455.98
1456.39
1456.75
1457.08
1457.36
1457.61
1457.81
1457.96
1458.07
1458.14
1458.16
1458.16
1458.12
1458.05
1457.94
1457.8
1457.63
1457.45
1457.27
1457.07
1456.85
1456.6
1456.33
1456.03
1455.71
1455.38
1455.03
1454.67
1454.29
1453.89
1453.47
1453.04
1452.61
1452.16
1451.71
1451.22
1450.72
1450.2
1449.69
1449.17
1448.65
1448.1
1447.53
1446.95
1446.39
1445.83
1445.28
1444.7
1444.12
1443.56
1443.02
1442.48
1441.9
1441.3
1440.72
1440.17
1439.66
1439.14
1438.6
1438.08
1437.62
1437.23
1436.85
1436.42
1435.95
1435.5
1435.13
1434.82
1434.58
1434.35
1407.48
1407.28
1407.09
1406.9
1406.71
1406.51
1406.32
1406.13
1405.95
1405.74
1405.55
1405.37
1405.16
1404.98
1404.83
1404.65
1404.44
1404.41
1404.15
1404.12
1404.03
1403.85
1404.08
1403.92
1404.27
1404.42
1404.64
1405.24
1405.86
1406.33
1407.55
1406.1
1407.14
1407.22
1407.71
1408.53
1408.95
1409.52
1410.23
1410.86
1411.5
1412.21
1412.96
1413.69
1414.39
1415.1
1415.83
1416.6
1417.4
1418.23
1419.08
1419.93
1420.78
1421.64
1422.5
1423.36
1424.23
1425.09
1425.95
1426.81
1427.66
1428.5
1429.33
1430.15
1430.95
1431.74
1432.51
1433.26
1433.99
1434.7
1435.37
1436.02
1436.64
1437.24
1437.81
1438.35
1438.87
1439.38
1439.86
1440.31
1440.74
1441.14
1441.49
1441.81
1442.09
1442.33
1442.52
1442.66
1442.76
1442.82
1442.84
1442.82
1442.78
1442.7
1442.59
1442.44
1442.26
1442.07
1441.89
1441.69
1441.47
1441.22
1440.94
1440.64
1440.32
1439.99
1439.65
1439.29
1438.91
1438.52
1438.1
1437.68
1437.25
1436.81
1436.36
1435.89
1435.39
1434.88
1434.37
1433.87
1433.36
1432.82
1432.25
1431.68
1431.12
1430.58
1430.04
1429.47
1428.9
1428.35
1427.83
1427.31
1426.74
1426.14
1425.57
1425.04
1424.54
1424.03
1423.5
1422.99
1422.54
1422.17
1421.82
1421.39
1420.92
1420.47
1420.1
1419.8
1419.57
1419.34
1394.29
1394.09
1393.9
1393.72
1393.53
1393.34
1393.15
1392.96
1392.78
1392.58
1392.39
1392.22
1392.02
1391.84
1391.67
1391.5
1391.3
1391.22
1390.99
1390.89
1390.8
1390.61
1390.74
1390.57
1390.82
1390.76
1390.91
1391.25
1391.37
1392.2
1392.65
1393.42
1393.91
1393.29
1393.74
1394.82
1395.01
1395.53
1396.31
1396.87
1397.45
1398.15
1398.9
1399.61
1400.27
1400.93
1401.63
1402.37
1403.14
1403.96
1404.78
1405.61
1406.44
1407.27
1408.11
1408.95
1409.79
1410.63
1411.47
1412.31
1413.14
1413.96
1414.77
1415.57
1416.35
1417.12
1417.87
1418.61
1419.31
1420
1420.66
1421.29
1421.89
1422.46
1423.01
1423.54
1424.05
1424.54
1425.01
1425.45
1425.87
1426.26
1426.61
1426.92
1427.19
1427.42
1427.6
1427.74
1427.83
1427.88
1427.89
1427.87
1427.82
1427.73
1427.61
1427.45
1427.27
1427.08
1426.89
1426.69
1426.47
1426.22
1425.94
1425.63
1425.31
1424.98
1424.64
1424.29
1423.92
1423.52
1423.11
1422.68
1422.26
1421.84
1421.4
1420.93
1420.43
1419.92
1419.43
1418.94
1418.44
1417.91
1417.34
1416.77
1416.23
1415.71
1415.18
1414.62
1414.05
1413.51
1413.01
1412.51
1411.94
1411.35
1410.78
1410.27
1409.79
1409.29
1408.76
1408.26
1407.83
1407.48
1407.15
1406.73
1406.25
1405.81
1405.44
1405.15
1404.92
1404.7
1381.38
1381.17
1381.02
1380.85
1380.66
1380.47
1380.29
1380.1
1379.92
1379.74
1379.55
1379.38
1379.19
1379.01
1378.84
1378.68
1378.48
1378.38
1378.17
1378.04
1377.95
1377.75
1377.81
1377.65
1377.79
1377.7
1377.8
1377.89
1377.98
1378.48
1378.65
1379.76
1379.96
1381.17
1380.12
1381.62
1381.36
1381.86
1382.77
1383.23
1383.73
1384.43
1385.2
1385.88
1386.49
1387.11
1387.77
1388.48
1389.24
1390.03
1390.84
1391.65
1392.45
1393.26
1394.08
1394.89
1395.71
1396.53
1397.35
1398.17
1398.98
1399.78
1400.57
1401.34
1402.11
1402.86
1403.59
1404.31
1405
1405.66
1406.3
1406.91
1407.49
1408.05
1408.58
1409.09
1409.59
1410.06
1410.52
1410.95
1411.36
1411.74
1412.08
1412.38
1412.65
1412.87
1413.05
1413.18
1413.26
1413.3
1413.3
1413.27
1413.22
1413.13
1413
1412.83
1412.64
1412.45
1412.26
1412.06
1411.84
1411.59
1411.3
1410.99
1410.67
1410.34
1410
1409.65
1409.28
1408.89
1408.48
1408.06
1407.64
1407.23
1406.8
1406.33
1405.84
1405.33
1404.84
1404.37
1403.88
1403.36
1402.79
1402.23
1401.7
1401.19
1400.67
1400.12
1399.56
1399.03
1398.55
1398.07
1397.51
1396.91
1396.35
1395.85
1395.39
1394.91
1394.39
1393.88
1393.47
1393.14
1392.84
1392.42
1391.94
1391.49
1391.13
1390.85
1390.63
1390.41
1368.79
1368.6
1368.4
1368.26
1368.09
1367.91
1367.73
1367.55
1367.37
1367.19
1367.01
1366.84
1366.66
1366.49
1366.32
1366.17
1365.98
1365.86
1365.67
1365.53
1365.43
1365.24
1365.26
1365.09
1365.16
1365.05
1365.1
1365.12
1365.18
1365.4
1365.52
1366.14
1366.34
1367.47
1367.59
1369.41
1367.99
1368.47
1369.67
1369.92
1370.34
1371.04
1371.86
1372.51
1373.06
1373.63
1374.25
1374.93
1375.67
1376.45
1377.25
1378.03
1378.81
1379.6
1380.39
1381.19
1381.98
1382.78
1383.58
1384.38
1385.17
1385.94
1386.71
1387.47
1388.22
1388.95
1389.66
1390.36
1391.03
1391.68
1392.3
1392.89
1393.45
1393.99
1394.5
1395
1395.47
1395.93
1396.38
1396.81
1397.21
1397.58
1397.91
1398.21
1398.46
1398.68
1398.85
1398.97
1399.04
1399.07
1399.07
1399.04
1398.97
1398.88
1398.75
1398.57
1398.37
1398.18
1397.99
1397.79
1397.57
1397.31
1397.03
1396.71
1396.39
1396.05
1395.72
1395.37
1395.01
1394.62
1394.2
1393.79
1393.37
1392.97
1392.55
1392.09
1391.6
1391.1
1390.61
1390.15
1389.68
1389.16
1388.6
1388.04
1387.51
1387.02
1386.52
1385.98
1385.41
1384.89
1384.43
1383.98
1383.43
1382.83
1382.27
1381.79
1381.35
1380.88
1380.36
1379.86
1379.45
1379.15
1378.89
1378.46
1377.97
1377.53
1377.16
1376.89
1376.68
1376.48
1356.53
1356.38
1356.14
1355.96
1355.77
1355.64
1355.46
1355.29
1355.12
1354.95
1354.77
1354.61
1354.44
1354.27
1354.11
1353.95
1353.78
1353.65
1353.48
1353.33
1353.23
1353.05
1353.03
1352.87
1352.9
1352.78
1352.78
1352.76
1352.77
1352.91
1352.97
1353.28
1353.39
1353.87
1354.32
1354.82
1356.24
1355.43
1357.05
1356.94
1357.23
1357.98
1358.87
1359.48
1359.96
1360.46
1361.05
1361.7
1362.43
1363.2
1363.99
1364.75
1365.51
1366.27
1367.04
1367.82
1368.59
1369.37
1370.15
1370.93
1371.69
1372.45
1373.2
1373.94
1374.67
1375.38
1376.08
1376.76
1377.41
1378.04
1378.64
1379.21
1379.75
1380.27
1380.77
1381.24
1381.7
1382.15
1382.58
1383
1383.4
1383.76
1384.09
1384.37
1384.62
1384.83
1385
1385.11
1385.18
1385.2
1385.18
1385.14
1385.08
1384.98
1384.84
1384.66
1384.45
1384.25
1384.06
1383.86
1383.64
1383.39
1383.1
1382.78
1382.45
1382.11
1381.78
1381.44
1381.08
1380.69
1380.28
1379.86
1379.45
1379.06
1378.65
1378.19
1377.7
1377.2
1376.72
1376.28
1375.82
1375.31
1374.74
1374.19
1373.67
1373.19
1372.71
1372.17
1371.61
1371.1
1370.66
1370.23
1369.68
1369.08
1368.53
1368.06
1367.64
1367.19
1366.67
1366.16
1365.77
1365.49
1365.27
1364.85
1364.35
1363.89
1363.54
1363.27
1363.07
1362.88
1344.55
1344.39
1344.21
1344
1343.79
1343.63
1343.44
1343.31
1343.16
1342.99
1342.82
1342.66
1342.49
1342.34
1342.18
1342.03
1341.87
1341.74
1341.58
1341.44
1341.33
1341.16
1341.13
1340.97
1340.96
1340.84
1340.82
1340.77
1340.75
1340.83
1340.81
1341.03
1340.98
1341.26
1341.49
1341.87
1343.09
1343.16
1345.36
1344.27
1344.39
1345.22
1346.26
1346.81
1347.18
1347.62
1348.16
1348.79
1349.51
1350.28
1351.06
1351.8
1352.53
1353.27
1354.02
1354.77
1355.53
1356.29
1357.05
1357.81
1358.55
1359.29
1360.02
1360.74
1361.45
1362.15
1362.83
1363.49
1364.12
1364.73
1365.31
1365.87
1366.39
1366.89
1367.36
1367.82
1368.26
1368.7
1369.12
1369.53
1369.92
1370.28
1370.6
1370.87
1371.12
1371.32
1371.49
1371.59
1371.65
1371.66
1371.64
1371.59
1371.52
1371.42
1371.28
1371.09
1370.87
1370.67
1370.48
1370.28
1370.06
1369.8
1369.51
1369.18
1368.84
1368.51
1368.18
1367.85
1367.49
1367.1
1366.68
1366.26
1365.86
1365.48
1365.08
1364.63
1364.13
1363.63
1363.16
1362.73
1362.3
1361.79
1361.22
1360.66
1360.16
1359.7
1359.24
1358.7
1358.13
1357.63
1357.21
1356.82
1356.27
1355.66
1355.11
1354.66
1354.27
1353.83
1353.3
1352.8
1352.42
1352.16
1351.98
1351.56
1351.05
1350.59
1350.24
1349.98
1349.8
1349.61
1332.86
1332.69
1332.5
1332.31
1332.15
1331.94
1331.76
1331.58
1331.46
1331.31
1331.15
1330.99
1330.84
1330.69
1330.53
1330.39
1330.24
1330.11
1329.97
1329.83
1329.72
1329.57
1329.51
1329.37
1329.34
1329.22
1329.17
1329.12
1329.06
1329.1
1329.04
1329.18
1329.06
1329.24
1329.26
1329.5
1330.15
1330.54
1331.14
1333.1
1331.86
1332.78
1334.04
1334.47
1334.71
1335.08
1335.58
1336.19
1336.9
1337.67
1338.45
1339.16
1339.87
1340.59
1341.32
1342.05
1342.79
1343.53
1344.27
1345.01
1345.74
1346.46
1347.17
1347.87
1348.56
1349.24
1349.9
1350.54
1351.16
1351.75
1352.31
1352.85
1353.35
1353.83
1354.29
1354.73
1355.15
1355.57
1355.99
1356.39
1356.77
1357.12
1357.43
1357.7
1357.94
1358.14
1358.3
1358.4
1358.45
1358.45
1358.42
1358.37
1358.3
1358.19
1358.04
1357.84
1357.62
1357.41
1357.22
1357.02
1356.8
1356.54
1356.24
1355.91
1355.57
1355.23
1354.91
1354.58
1354.23
1353.84
1353.41
1352.99
1352.6
1352.23
1351.84
1351.4
1350.89
1350.39
1349.93
1349.51
1349.1
1348.59
1348.02
1347.46
1346.96
1346.53
1346.09
1345.55
1344.98
1344.48
1344.09
1343.73
1343.18
1342.56
1342.01
1341.58
1341.22
1340.8
1340.26
1339.75
1339.38
1339.16
1339.03
1338.6
1338.07
1337.61
1337.26
1337.01
1336.84
1336.67
1321.45
1321.26
1321.08
1320.89
1320.73
1320.54
1320.4
1320.18
1320
1319.89
1319.75
1319.6
1319.45
1319.31
1319.17
1319.03
1318.89
1318.76
1318.63
1318.5
1318.4
1318.25
1318.19
1318.05
1318.01
1317.89
1317.83
1317.77
1317.69
1317.71
1317.61
1317.69
1317.55
1317.62
1317.61
1317.69
1318.1
1318.27
1318.84
1320.05
1320.63
1320.76
1322.25
1322.48
1322.55
1322.85
1323.31
1323.89
1324.59
1325.37
1326.15
1326.83
1327.51
1328.22
1328.92
1329.63
1330.35
1331.08
1331.81
1332.52
1333.24
1333.93
1334.63
1335.31
1335.98
1336.64
1337.29
1337.92
1338.52
1339.09
1339.63
1340.15
1340.63
1341.09
1341.53
1341.95
1342.36
1342.76
1343.17
1343.57
1343.94
1344.29
1344.59
1344.85
1345.09
1345.28
1345.44
1345.53
1345.57
1345.56
1345.52
1345.46
1345.39
1345.29
1345.13
1344.92
1344.68
1344.47
1344.27
1344.08
1343.86
1343.61
1343.3
1342.96
1342.61
1342.27
1341.95
1341.63
1341.28
1340.89
1340.46
1340.04
1339.65
1339.29
1338.92
1338.48
1337.97
1337.46
1337.01
1336.61
1336.22
1335.72
1335.13
1334.57
1334.08
1333.67
1333.26
1332.71
1332.13
1331.65
1331.28
1330.96
1330.41
1329.77
1329.23
1328.81
1328.48
1328.08
1327.53
1327.02
1326.66
1326.46
1326.39
1325.95
1325.4
1324.94
1324.59
1324.35
1324.2
1324.05
1310.32
1310.12
1309.94
1309.75
1309.58
1309.4
1309.26
1309.09
1308.88
1308.74
1308.58
1308.48
1308.34
1308.2
1308.06
1307.94
1307.81
1307.68
1307.56
1307.44
1307.34
1307.21
1307.14
1307.01
1306.95
1306.85
1306.78
1306.71
1306.62
1306.61
1306.5
1306.53
1306.38
1306.38
1306.35
1306.33
1306.6
1306.62
1307
1307.69
1308.39
1308.74
1311.26
1310.84
1310.66
1310.9
1311.32
1311.89
1312.58
1313.37
1314.17
1314.81
1315.45
1316.15
1316.82
1317.52
1318.22
1318.93
1319.64
1320.34
1321.04
1321.72
1322.39
1323.05
1323.71
1324.36
1324.99
1325.6
1326.18
1326.74
1327.26
1327.76
1328.22
1328.66
1329.08
1329.48
1329.87
1330.26
1330.66
1331.05
1331.42
1331.76
1332.06
1332.31
1332.54
1332.74
1332.89
1332.98
1333
1332.98
1332.93
1332.87
1332.79
1332.69
1332.52
1332.3
1332.06
1331.83
1331.64
1331.45
1331.24
1330.98
1330.67
1330.32
1329.96
1329.62
1329.3
1328.99
1328.65
1328.25
1327.82
1327.39
1327.01
1326.67
1326.32
1325.88
1325.36
1324.84
1324.39
1324.02
1323.65
1323.15
1322.56
1321.99
1321.51
1321.12
1320.73
1320.19
1319.6
1319.12
1318.78
1318.51
1317.94
1317.29
1316.75
1316.35
1316.05
1315.67
1315.11
1314.59
1314.24
1314.07
1314.06
1313.61
1313.04
1312.57
1312.23
1312.01
1311.87
1311.74
1299.45
1299.25
1299.06
1298.87
1298.7
1298.52
1298.37
1298.22
1298.07
1297.89
1297.72
1297.57
1297.48
1297.36
1297.23
1297.11
1296.98
1296.87
1296.75
1296.64
1296.54
1296.42
1296.35
1296.24
1296.17
1296.07
1296
1295.93
1295.83
1295.81
1295.69
1295.68
1295.53
1295.48
1295.42
1295.35
1295.5
1295.49
1295.67
1296.11
1296.43
1296.95
1297.66
1300.45
1299.07
1299.23
1299.63
1300.17
1300.85
1301.68
1302.5
1303.08
1303.68
1304.37
1305.02
1305.7
1306.38
1307.08
1307.77
1308.46
1309.13
1309.8
1310.45
1311.1
1311.74
1312.37
1312.99
1313.58
1314.15
1314.69
1315.19
1315.67
1316.11
1316.54
1316.93
1317.31
1317.68
1318.06
1318.45
1318.84
1319.21
1319.54
1319.83
1320.08
1320.3
1320.49
1320.64
1320.72
1320.74
1320.7
1320.64
1320.57
1320.5
1320.39
1320.22
1319.99
1319.73
1319.5
1319.31
1319.12
1318.92
1318.66
1318.34
1317.98
1317.61
1317.27
1316.96
1316.66
1316.32
1315.92
1315.48
1315.05
1314.67
1314.34
1314.02
1313.57
1313.05
1312.52
1312.08
1311.72
1311.39
1310.89
1310.28
1309.71
1309.24
1308.88
1308.52
1307.96
1307.36
1306.89
1306.58
1306.36
1305.78
1305.11
1304.57
1304.19
1303.93
1303.57
1302.99
1302.46
1302.12
1301.98
1302.05
1301.57
1300.98
1300.51
1300.17
1299.96
1299.84
1299.73
1288.84
1288.65
1288.46
1288.27
1288.09
1287.91
1287.75
1287.6
1287.45
1287.29
1287.17
1286.98
1286.84
1286.76
1286.65
1286.53
1286.42
1286.31
1286.2
1286.09
1286
1285.89
1285.82
1285.72
1285.65
1285.56
1285.48
1285.41
1285.32
1285.27
1285.15
1285.12
1284.97
1284.89
1284.81
1284.7
1284.77
1284.73
1284.8
1285.05
1285.21
1285.5
1286.13
1287.3
1288.89
1287.89
1288.22
1288.73
1289.41
1290.27
1291.15
1291.64
1292.2
1292.89
1293.5
1294.17
1294.83
1295.51
1296.19
1296.86
1297.52
1298.16
1298.8
1299.43
1300.05
1300.67
1301.28
1301.86
1302.41
1302.93
1303.42
1303.87
1304.3
1304.7
1305.08
1305.43
1305.79
1306.15
1306.53
1306.92
1307.28
1307.61
1307.89
1308.13
1308.35
1308.54
1308.69
1308.77
1308.77
1308.72
1308.64
1308.57
1308.5
1308.4
1308.22
1307.98
1307.7
1307.46
1307.27
1307.09
1306.9
1306.64
1306.3
1305.93
1305.55
1305.21
1304.91
1304.62
1304.29
1303.89
1303.43
1302.99
1302.62
1302.31
1302.01
1301.57
1301.03
1300.49
1300.05
1299.73
1299.43
1298.93
1298.3
1297.72
1297.26
1296.93
1296.6
1296.04
1295.42
1294.95
1294.67
1294.52
1293.92
1293.22
1292.68
1292.33
1292.1
1291.76
1291.17
1290.62
1290.29
1290.18
1290.33
1289.83
1289.21
1288.74
1288.41
1288.2
1288.1
1288.02
1278.49
1278.29
1278.1
1277.91
1277.73
1277.55
1277.39
1277.23
1277.08
1276.93
1276.81
1276.68
1276.51
1276.39
1276.3
1276.22
1276.1
1276
1275.9
1275.8
1275.72
1275.62
1275.55
1275.45
1275.39
1275.3
1275.22
1275.15
1275.06
1275.01
1274.88
1274.83
1274.69
1274.58
1274.49
1274.37
1274.37
1274.3
1274.31
1274.42
1274.49
1274.62
1275.04
1275.81
1276.65
1277.85
1277.16
1277.58
1278.24
1279.15
1280.11
1280.48
1280.98
1281.7
1282.26
1282.92
1283.56
1284.22
1284.89
1285.54
1286.19
1286.81
1287.43
1288.04
1288.65
1289.26
1289.85
1290.42
1290.95
1291.45
1291.93
1292.36
1292.77
1293.15
1293.51
1293.84
1294.18
1294.53
1294.9
1295.28
1295.65
1295.97
1296.24
1296.47
1296.68
1296.88
1297.03
1297.1
1297.09
1297.02
1296.93
1296.86
1296.79
1296.69
1296.5
1296.25
1295.96
1295.71
1295.52
1295.35
1295.16
1294.9
1294.56
1294.17
1293.78
1293.44
1293.14
1292.87
1292.55
1292.14
1291.68
1291.23
1290.86
1290.57
1290.3
1289.86
1289.3
1288.75
1288.31
1288.02
1287.77
1287.26
1286.6
1286.01
1285.57
1285.26
1284.98
1284.4
1283.76
1283.29
1283.05
1282.97
1282.35
1281.61
1281.07
1280.74
1280.56
1280.25
1279.63
1279.06
1278.75
1278.67
1278.91
1278.38
1277.73
1277.25
1276.93
1276.74
1276.66
1276.61
1268.38
1268.19
1268
1267.81
1267.63
1267.45
1267.28
1267.12
1266.97
1266.82
1266.7
1266.58
1266.45
1266.3
1266.17
1266.13
1266.04
1265.94
1265.84
1265.75
1265.67
1265.58
1265.51
1265.43
1265.36
1265.28
1265.21
1265.14
1265.05
1264.99
1264.87
1264.81
1264.67
1264.55
1264.45
1264.31
1264.27
1264.17
1264.13
1264.16
1264.15
1264.23
1264.43
1264.94
1265.37
1266.17
1267.11
1266.77
1267.34
1268.31
1269.4
1269.59
1270.03
1270.79
1271.3
1271.94
1272.56
1273.21
1273.87
1274.5
1275.13
1275.74
1276.34
1276.93
1277.53
1278.12
1278.7
1279.25
1279.77
1280.26
1280.71
1281.13
1281.52
1281.88
1282.21
1282.53
1282.84
1283.18
1283.54
1283.92
1284.29
1284.61
1284.87
1285.1
1285.3
1285.49
1285.64
1285.71
1285.69
1285.6
1285.5
1285.42
1285.36
1285.26
1285.07
1284.8
1284.49
1284.24
1284.05
1283.89
1283.71
1283.46
1283.1
1282.69
1282.3
1281.95
1281.66
1281.4
1281.1
1280.68
1280.2
1279.74
1279.37
1279.11
1278.88
1278.43
1277.85
1277.29
1276.85
1276.58
1276.39
1275.87
1275.19
1274.58
1274.15
1273.88
1273.65
1273.04
1272.37
1271.91
1271.7
1271.72
1271.05
1270.28
1269.74
1269.44
1269.3
1269.02
1268.37
1267.79
1267.49
1267.44
1267.79
1267.21
1266.53
1266.05
1265.74
1265.56
1265.5
1265.49
1258.51
1258.32
1258.13
1257.94
1257.76
1257.59
1257.42
1257.26
1257.11
1256.96
1256.83
1256.71
1256.6
1256.49
1256.31
1256.24
1256.21
1256.12
1256.03
1255.94
1255.86
1255.78
1255.72
1255.64
1255.58
1255.51
1255.44
1255.37
1255.28
1255.22
1255.11
1255.03
1254.9
1254.78
1254.66
1254.52
1254.45
1254.33
1254.26
1254.22
1254.15
1254.18
1254.26
1254.52
1254.77
1255.17
1255.87
1256.66
1256.79
1257.75
1259.04
1258.95
1259.32
1260.17
1260.59
1261.24
1261.83
1262.47
1263.12
1263.73
1264.35
1264.93
1265.51
1266.09
1266.67
1267.25
1267.82
1268.36
1268.86
1269.33
1269.77
1270.17
1270.53
1270.88
1271.19
1271.48
1271.78
1272.1
1272.46
1272.84
1273.21
1273.52
1273.78
1273.99
1274.18
1274.38
1274.54
1274.6
1274.56
1274.45
1274.34
1274.26
1274.2
1274.11
1273.91
1273.62
1273.3
1273.04
1272.85
1272.7
1272.54
1272.28
1271.92
1271.49
1271.08
1270.73
1270.45
1270.21
1269.92
1269.5
1269
1268.53
1268.16
1267.93
1267.74
1267.29
1266.68
1266.1
1265.67
1265.43
1265.29
1264.76
1264.05
1263.43
1263
1262.77
1262.6
1261.96
1261.26
1260.81
1260.63
1260.75
1260.04
1259.23
1258.69
1258.41
1258.32
1258.08
1257.38
1256.78
1256.5
1256.47
1256.95
1256.33
1255.61
1255.13
1254.83
1254.66
1254.62
1254.66
1248.88
1248.68
1248.5
1248.31
1248.13
1247.96
1247.79
1247.63
1247.48
1247.33
1247.21
1247.08
1246.97
1246.87
1246.76
1246.6
1246.56
1246.51
1246.44
1246.37
1246.3
1246.22
1246.16
1246.09
1246.03
1245.97
1245.9
1245.84
1245.75
1245.69
1245.58
1245.5
1245.37
1245.25
1245.13
1244.98
1244.89
1244.76
1244.65
1244.58
1244.47
1244.44
1244.44
1244.56
1244.62
1244.85
1245.15
1245.81
1246.53
1247.61
1249.06
1248.55
1248.85
1249.85
1250.12
1250.81
1251.35
1251.99
1252.63
1253.22
1253.82
1254.38
1254.95
1255.51
1256.07
1256.64
1257.2
1257.73
1258.21
1258.66
1259.09
1259.47
1259.82
1260.14
1260.43
1260.7
1260.97
1261.28
1261.63
1262.02
1262.39
1262.7
1262.95
1263.14
1263.33
1263.53
1263.7
1263.76
1263.7
1263.57
1263.45
1263.36
1263.31
1263.23
1263.03
1262.71
1262.37
1262.1
1261.91
1261.78
1261.64
1261.39
1261
1260.56
1260.13
1259.77
1259.51
1259.29
1259.02
1258.59
1258.06
1257.58
1257.22
1257.01
1256.87
1256.41
1255.77
1255.17
1254.74
1254.54
1254.48
1253.93
1253.17
1252.54
1252.12
1251.93
1251.83
1251.15
1250.42
1249.96
1249.82
1250.06
1249.3
1248.44
1247.9
1247.66
1247.62
1247.41
1246.67
1246.05
1245.78
1245.78
1246.4
1245.71
1244.96
1244.48
1244.19
1244.03
1244.02
1244.11
1239.47
1239.28
1239.09
1238.91
1238.73
1238.56
1238.4
1238.24
1238.09
1237.94
1237.81
1237.69
1237.58
1237.48
1237.41
1237.25
1237.14
1237.12
1237.07
1237.01
1236.95
1236.89
1236.83
1236.76
1236.71
1236.65
1236.59
1236.53
1236.45
1236.39
1236.28
1236.2
1236.08
1235.95
1235.83
1235.69
1235.57
1235.44
1235.31
1235.21
1235.07
1235
1234.94
1234.95
1234.91
1234.97
1235.09
1235.41
1236.14
1236.98
1239.87
1238.4
1238.6
1239.84
1239.9
1240.64
1241.13
1241.77
1242.4
1242.96
1243.56
1244.09
1244.64
1245.18
1245.73
1246.29
1246.83
1247.36
1247.82
1248.25
1248.67
1249.03
1249.35
1249.66
1249.93
1250.17
1250.42
1250.72
1251.06
1251.45
1251.83
1252.14
1252.37
1252.56
1252.74
1252.94
1253.12
1253.17
1253.1
1252.95
1252.81
1252.72
1252.68
1252.61
1252.4
1252.07
1251.7
1251.42
1251.24
1251.12
1251.01
1250.75
1250.35
1249.88
1249.44
1249.08
1248.83
1248.64
1248.38
1247.94
1247.39
1246.89
1246.53
1246.36
1246.28
1245.81
1245.13
1244.5
1244.07
1243.91
1243.94
1243.36
1242.56
1241.91
1241.5
1241.36
1241.33
1240.61
1239.83
1239.38
1239.28
1239.66
1238.82
1237.91
1237.37
1237.16
1237.19
1237.01
1236.22
1235.58
1235.33
1235.35
1236.14
1235.37
1234.58
1234.11
1233.86
1233.75
1233.8
1234.24
1667.84
1667.86
1667.77
1667.62
1667.45
1667.24
1667.02
1666.78
1666.53
1666.27
1666.01
1665.74
1665.47
1665.19
1664.9
1664.62
1664.33
1664.05
1663.78
1663.51
1663.24
1662.97
1662.7
1662.42
1662.14
1661.86
1661.58
1661.32
1661.06
1660.8
1660.56
1660.31
1660.06
1659.81
1659.54
1659.26
1658.97
1658.68
1658.39
1658.12
1657.85
1657.6
1657.35
1657.1
1656.85
1656.58
1656.29
1655.99
1655.71
1655.45
1655.2
1654.98
1654.77
1654.57
1654.38
1654.2
1654.02
1653.84
1653.66
1653.46
1653.24
1652.99
1652.73
1652.48
1652.24
1652.02
1651.82
1651.63
1651.46
1651.3
1651.14
1651
1650.85
1650.7
1650.56
1650.41
1650.25
1650.09
1649.92
1649.74
1649.53
1649.28
1649.02
1648.76
1648.51
1648.28
1648.04
1647.82
1647.59
1647.36
1647.13
1646.9
1646.68
1646.45
1646.25
1646.05
1645.88
1645.73
1645.63
1645.56
1647.03
1647
1646.91
1646.76
1646.59
1646.39
1646.17
1645.93
1645.68
1645.43
1645.17
1644.9
1644.63
1644.36
1644.08
1643.8
1643.52
1643.24
1642.98
1642.71
1642.45
1642.19
1641.92
1641.65
1641.37
1641.1
1640.83
1640.57
1640.32
1640.08
1639.84
1639.6
1639.36
1639.12
1638.86
1638.58
1638.3
1638.01
1637.73
1637.46
1637.2
1636.96
1636.72
1636.48
1636.24
1635.97
1635.69
1635.39
1635.12
1634.86
1634.62
1634.4
1634.2
1634.01
1633.83
1633.65
1633.48
1633.31
1633.13
1632.95
1632.73
1632.48
1632.23
1631.98
1631.75
1631.53
1631.33
1631.15
1630.98
1630.83
1630.68
1630.54
1630.41
1630.27
1630.13
1629.98
1629.83
1629.68
1629.52
1629.35
1629.15
1628.91
1628.65
1628.4
1628.16
1627.93
1627.71
1627.5
1627.28
1627.06
1626.84
1626.62
1626.41
1626.2
1626
1625.81
1625.65
1625.51
1625.41
1625.34
1626.73
1626.67
1626.57
1626.42
1626.25
1626.05
1625.83
1625.6
1625.36
1625.1
1624.85
1624.59
1624.32
1624.05
1623.78
1623.5
1623.22
1622.95
1622.69
1622.44
1622.18
1621.93
1621.67
1621.4
1621.13
1620.86
1620.6
1620.35
1620.1
1619.87
1619.64
1619.41
1619.18
1618.94
1618.69
1618.42
1618.14
1617.86
1617.58
1617.32
1617.07
1616.83
1616.6
1616.38
1616.14
1615.88
1615.6
1615.31
1615.03
1614.78
1614.55
1614.34
1614.15
1613.96
1613.79
1613.62
1613.45
1613.29
1613.13
1612.94
1612.73
1612.49
1612.24
1612
1611.77
1611.55
1611.36
1611.18
1611.02
1610.88
1610.74
1610.6
1610.47
1610.34
1610.2
1610.07
1609.93
1609.78
1609.63
1609.47
1609.27
1609.04
1608.79
1608.55
1608.32
1608.1
1607.89
1607.68
1607.48
1607.27
1607.06
1606.85
1606.64
1606.44
1606.25
1606.08
1605.92
1605.78
1605.69
1605.62
1606.93
1606.85
1606.74
1606.59
1606.41
1606.22
1606.01
1605.78
1605.53
1605.28
1605.03
1604.78
1604.52
1604.25
1603.98
1603.71
1603.43
1603.17
1602.92
1602.67
1602.42
1602.18
1601.92
1601.66
1601.39
1601.13
1600.87
1600.63
1600.39
1600.16
1599.94
1599.72
1599.5
1599.27
1599.03
1598.77
1598.49
1598.21
1597.94
1597.68
1597.44
1597.21
1596.99
1596.77
1596.55
1596.29
1596.01
1595.73
1595.46
1595.21
1594.98
1594.78
1594.59
1594.42
1594.25
1594.09
1593.93
1593.77
1593.62
1593.44
1593.24
1593
1592.75
1592.51
1592.28
1592.07
1591.89
1591.72
1591.56
1591.42
1591.29
1591.16
1591.03
1590.91
1590.78
1590.65
1590.52
1590.38
1590.24
1590.08
1589.9
1589.67
1589.43
1589.19
1588.97
1588.76
1588.56
1588.37
1588.17
1587.97
1587.77
1587.57
1587.37
1587.18
1587
1586.83
1586.69
1586.55
1586.46
1586.39
1587.62
1587.52
1587.4
1587.25
1587.08
1586.89
1586.68
1586.45
1586.21
1585.96
1585.71
1585.46
1585.21
1584.95
1584.68
1584.41
1584.14
1583.88
1583.63
1583.39
1583.16
1582.92
1582.67
1582.41
1582.15
1581.89
1581.64
1581.4
1581.17
1580.95
1580.74
1580.53
1580.32
1580.1
1579.86
1579.6
1579.33
1579.06
1578.79
1578.54
1578.3
1578.08
1577.87
1577.66
1577.44
1577.2
1576.92
1576.64
1576.37
1576.12
1575.91
1575.71
1575.53
1575.36
1575.2
1575.04
1574.89
1574.75
1574.6
1574.43
1574.23
1573.99
1573.75
1573.51
1573.29
1573.08
1572.9
1572.74
1572.59
1572.45
1572.33
1572.21
1572.09
1571.97
1571.84
1571.72
1571.59
1571.46
1571.33
1571.19
1571.01
1570.79
1570.55
1570.32
1570.11
1569.91
1569.72
1569.53
1569.35
1569.16
1568.97
1568.78
1568.59
1568.4
1568.23
1568.07
1567.93
1567.8
1567.72
1567.64
1568.79
1568.68
1568.55
1568.4
1568.23
1568.04
1567.83
1567.6
1567.36
1567.12
1566.88
1566.63
1566.38
1566.13
1565.86
1565.59
1565.33
1565.08
1564.84
1564.6
1564.37
1564.14
1563.9
1563.65
1563.39
1563.14
1562.89
1562.66
1562.43
1562.22
1562.02
1561.81
1561.61
1561.4
1561.18
1560.92
1560.65
1560.38
1560.12
1559.87
1559.64
1559.43
1559.23
1559.03
1558.82
1558.58
1558.31
1558.02
1557.76
1557.52
1557.31
1557.12
1556.94
1556.78
1556.63
1556.48
1556.34
1556.2
1556.06
1555.9
1555.7
1555.47
1555.22
1554.98
1554.77
1554.57
1554.39
1554.23
1554.09
1553.96
1553.84
1553.73
1553.61
1553.5
1553.38
1553.26
1553.14
1553.02
1552.9
1552.76
1552.59
1552.38
1552.14
1551.92
1551.72
1551.53
1551.35
1551.17
1550.99
1550.81
1550.63
1550.45
1550.27
1550.09
1549.93
1549.77
1549.64
1549.52
1549.44
1549.36
1550.44
1550.31
1550.17
1550.02
1549.85
1549.66
1549.45
1549.23
1548.99
1548.75
1548.51
1548.27
1548.03
1547.78
1547.52
1547.25
1546.99
1546.74
1546.51
1546.28
1546.06
1545.84
1545.6
1545.35
1545.1
1544.85
1544.61
1544.38
1544.17
1543.96
1543.76
1543.57
1543.38
1543.18
1542.96
1542.71
1542.44
1542.17
1541.92
1541.68
1541.45
1541.25
1541.06
1540.87
1540.67
1540.43
1540.16
1539.88
1539.61
1539.38
1539.17
1538.99
1538.83
1538.67
1538.53
1538.38
1538.24
1538.11
1537.98
1537.83
1537.64
1537.4
1537.16
1536.93
1536.71
1536.52
1536.35
1536.19
1536.06
1535.93
1535.82
1535.71
1535.6
1535.5
1535.38
1535.27
1535.16
1535.04
1534.93
1534.8
1534.64
1534.43
1534.2
1533.98
1533.79
1533.61
1533.44
1533.27
1533.1
1532.93
1532.76
1532.58
1532.41
1532.24
1532.09
1531.94
1531.81
1531.69
1531.62
1531.54
1532.54
1532.4
1532.26
1532.1
1531.93
1531.74
1531.54
1531.32
1531.08
1530.84
1530.61
1530.37
1530.14
1529.89
1529.63
1529.37
1529.11
1528.87
1528.64
1528.42
1528.21
1528
1527.76
1527.52
1527.27
1527.02
1526.79
1526.57
1526.36
1526.16
1525.97
1525.79
1525.61
1525.42
1525.2
1524.95
1524.69
1524.43
1524.17
1523.94
1523.72
1523.52
1523.34
1523.16
1522.97
1522.74
1522.47
1522.19
1521.93
1521.7
1521.5
1521.32
1521.16
1521.02
1520.88
1520.74
1520.61
1520.48
1520.36
1520.22
1520.03
1519.8
1519.55
1519.32
1519.11
1518.92
1518.76
1518.61
1518.48
1518.36
1518.25
1518.15
1518.05
1517.94
1517.84
1517.73
1517.62
1517.52
1517.41
1517.29
1517.14
1516.93
1516.71
1516.5
1516.31
1516.14
1515.98
1515.82
1515.66
1515.49
1515.33
1515.17
1515
1514.84
1514.69
1514.55
1514.43
1514.31
1514.24
1514.16
1515.09
1514.94
1514.79
1514.63
1514.46
1514.28
1514.08
1513.86
1513.62
1513.38
1513.15
1512.93
1512.7
1512.46
1512.2
1511.94
1511.68
1511.44
1511.22
1511.01
1510.81
1510.6
1510.38
1510.13
1509.89
1509.65
1509.42
1509.2
1509
1508.81
1508.63
1508.45
1508.28
1508.1
1507.89
1507.65
1507.38
1507.12
1506.87
1506.64
1506.43
1506.24
1506.07
1505.9
1505.72
1505.5
1505.22
1504.94
1504.68
1504.46
1504.27
1504.1
1503.95
1503.81
1503.67
1503.54
1503.41
1503.29
1503.18
1503.05
1502.86
1502.63
1502.39
1502.16
1501.95
1501.77
1501.61
1501.46
1501.34
1501.23
1501.12
1501.03
1500.93
1500.83
1500.73
1500.63
1500.53
1500.43
1500.33
1500.22
1500.07
1499.87
1499.65
1499.45
1499.27
1499.11
1498.96
1498.8
1498.65
1498.5
1498.34
1498.18
1498.03
1497.87
1497.73
1497.59
1497.48
1497.37
1497.3
1497.22
1498.08
1497.92
1497.76
1497.6
1497.43
1497.25
1497.05
1496.83
1496.6
1496.36
1496.14
1495.91
1495.69
1495.46
1495.2
1494.94
1494.69
1494.45
1494.24
1494.04
1493.84
1493.64
1493.42
1493.18
1492.94
1492.7
1492.48
1492.27
1492.07
1491.89
1491.71
1491.55
1491.38
1491.21
1491.01
1490.77
1490.51
1490.25
1490
1489.78
1489.57
1489.39
1489.23
1489.07
1488.9
1488.68
1488.41
1488.13
1487.87
1487.65
1487.46
1487.3
1487.16
1487.02
1486.89
1486.77
1486.65
1486.54
1486.43
1486.31
1486.13
1485.89
1485.65
1485.43
1485.22
1485.04
1484.88
1484.75
1484.63
1484.52
1484.42
1484.33
1484.24
1484.15
1484.05
1483.96
1483.86
1483.77
1483.68
1483.57
1483.44
1483.24
1483.02
1482.83
1482.66
1482.5
1482.36
1482.21
1482.07
1481.92
1481.78
1481.62
1481.48
1481.32
1481.19
1481.06
1480.96
1480.85
1480.79
1480.7
1481.49
1481.32
1481.16
1480.99
1480.82
1480.64
1480.45
1480.23
1480
1479.76
1479.54
1479.33
1479.11
1478.88
1478.63
1478.36
1478.12
1477.89
1477.68
1477.49
1477.3
1477.11
1476.89
1476.66
1476.41
1476.18
1475.96
1475.76
1475.57
1475.39
1475.22
1475.07
1474.91
1474.75
1474.56
1474.32
1474.06
1473.8
1473.55
1473.33
1473.13
1472.96
1472.81
1472.66
1472.5
1472.29
1472.01
1471.73
1471.47
1471.26
1471.08
1470.92
1470.78
1470.66
1470.53
1470.41
1470.3
1470.19
1470.1
1469.98
1469.81
1469.57
1469.33
1469.11
1468.91
1468.73
1468.58
1468.45
1468.33
1468.23
1468.14
1468.05
1467.96
1467.88
1467.79
1467.7
1467.61
1467.52
1467.43
1467.34
1467.21
1467.02
1466.8
1466.61
1466.45
1466.31
1466.17
1466.03
1465.9
1465.76
1465.62
1465.47
1465.33
1465.19
1465.07
1464.94
1464.84
1464.73
1464.68
1464.58
1465.31
1465.13
1464.96
1464.79
1464.63
1464.45
1464.26
1464.04
1463.81
1463.58
1463.36
1463.15
1462.94
1462.72
1462.46
1462.2
1461.95
1461.73
1461.53
1461.34
1461.17
1460.98
1460.77
1460.54
1460.3
1460.06
1459.85
1459.65
1459.47
1459.3
1459.14
1458.99
1458.84
1458.69
1458.51
1458.27
1458.01
1457.75
1457.51
1457.29
1457.1
1456.93
1456.79
1456.65
1456.5
1456.3
1456.02
1455.73
1455.48
1455.27
1455.09
1454.95
1454.81
1454.69
1454.58
1454.46
1454.35
1454.25
1454.17
1454.06
1453.89
1453.65
1453.41
1453.19
1452.99
1452.82
1452.67
1452.54
1452.43
1452.34
1452.25
1452.17
1452.09
1452.01
1451.92
1451.84
1451.75
1451.67
1451.59
1451.51
1451.39
1451.2
1450.98
1450.8
1450.65
1450.51
1450.38
1450.25
1450.12
1449.99
1449.86
1449.72
1449.59
1449.45
1449.33
1449.21
1449.12
1449.01
1448.96
1448.87
1449.53
1449.34
1449.17
1449
1448.83
1448.66
1448.47
1448.25
1448.02
1447.79
1447.57
1447.37
1447.17
1446.95
1446.7
1446.43
1446.19
1445.97
1445.77
1445.6
1445.43
1445.26
1445.05
1444.81
1444.57
1444.35
1444.13
1443.94
1443.76
1443.6
1443.45
1443.31
1443.17
1443.03
1442.85
1442.61
1442.35
1442.09
1441.86
1441.65
1441.46
1441.3
1441.16
1441.04
1440.9
1440.7
1440.42
1440.13
1439.88
1439.67
1439.5
1439.36
1439.24
1439.12
1439.01
1438.9
1438.8
1438.71
1438.63
1438.53
1438.36
1438.12
1437.88
1437.66
1437.46
1437.29
1437.15
1437.03
1436.93
1436.84
1436.75
1436.68
1436.6
1436.52
1436.44
1436.36
1436.28
1436.21
1436.14
1436.06
1435.95
1435.76
1435.55
1435.37
1435.23
1435.1
1434.98
1434.86
1434.74
1434.61
1434.49
1434.35
1434.23
1434.1
1433.99
1433.87
1433.79
1433.68
1433.63
1433.53
1434.13
1433.94
1433.76
1433.59
1433.42
1433.26
1433.07
1432.85
1432.61
1432.38
1432.17
1431.98
1431.79
1431.57
1431.32
1431.05
1430.81
1430.59
1430.4
1430.24
1430.08
1429.91
1429.71
1429.48
1429.24
1429.01
1428.8
1428.61
1428.44
1428.28
1428.14
1428.01
1427.88
1427.75
1427.58
1427.34
1427.08
1426.82
1426.59
1426.38
1426.2
1426.05
1425.92
1425.81
1425.68
1425.49
1425.2
1424.9
1424.65
1424.45
1424.29
1424.16
1424.04
1423.93
1423.82
1423.72
1423.62
1423.53
1423.46
1423.38
1423.21
1422.97
1422.73
1422.51
1422.32
1422.15
1422.01
1421.9
1421.8
1421.71
1421.63
1421.56
1421.49
1421.42
1421.34
1421.27
1421.19
1421.12
1421.06
1420.99
1420.89
1420.71
1420.5
1420.32
1420.19
1420.07
1419.95
1419.84
1419.72
1419.6
1419.49
1419.36
1419.24
1419.12
1419.01
1418.9
1418.82
1418.72
1418.67
1418.57
1419.12
1418.92
1418.72
1418.55
1418.39
1418.23
1418.05
1417.83
1417.58
1417.35
1417.15
1416.96
1416.78
1416.57
1416.31
1416.05
1415.8
1415.59
1415.41
1415.25
1415.1
1414.95
1414.75
1414.51
1414.27
1414.05
1413.85
1413.66
1413.49
1413.34
1413.21
1413.08
1412.96
1412.84
1412.68
1412.44
1412.18
1411.92
1411.69
1411.49
1411.31
1411.16
1411.05
1410.95
1410.83
1410.64
1410.35
1410.05
1409.8
1409.61
1409.45
1409.32
1409.21
1409.11
1409.01
1408.91
1408.82
1408.73
1408.67
1408.6
1408.43
1408.19
1407.94
1407.73
1407.54
1407.38
1407.24
1407.13
1407.04
1406.96
1406.88
1406.82
1406.75
1406.68
1406.61
1406.54
1406.47
1406.4
1406.35
1406.29
1406.2
1406.02
1405.81
1405.64
1405.52
1405.4
1405.29
1405.18
1405.08
1404.96
1404.85
1404.73
1404.62
1404.5
1404.41
1404.29
1404.23
1404.12
1404.08
1403.97
1404.46
1404.25
1404.06
1403.88
1403.72
1403.57
1403.4
1403.17
1402.92
1402.69
1402.49
1402.31
1402.14
1401.93
1401.67
1401.4
1401.16
1400.95
1400.78
1400.63
1400.49
1400.34
1400.15
1399.91
1399.67
1399.45
1399.25
1399.07
1398.91
1398.77
1398.64
1398.52
1398.41
1398.3
1398.15
1397.91
1397.64
1397.38
1397.16
1396.96
1396.79
1396.65
1396.54
1396.45
1396.34
1396.16
1395.86
1395.56
1395.31
1395.12
1394.97
1394.85
1394.75
1394.65
1394.56
1394.46
1394.37
1394.3
1394.25
1394.18
1394.02
1393.77
1393.52
1393.31
1393.12
1392.97
1392.84
1392.73
1392.64
1392.56
1392.5
1392.44
1392.37
1392.31
1392.24
1392.17
1392.11
1392.05
1392
1391.96
1391.86
1391.69
1391.48
1391.32
1391.2
1391.09
1390.99
1390.89
1390.79
1390.68
1390.58
1390.47
1390.36
1390.25
1390.16
1390.05
1389.99
1389.88
1389.85
1389.73
1390.17
1389.95
1389.74
1389.56
1389.41
1389.27
1389.1
1388.86
1388.61
1388.38
1388.18
1388.01
1387.85
1387.66
1387.39
1387.12
1386.87
1386.67
1386.5
1386.36
1386.24
1386.1
1385.91
1385.67
1385.43
1385.21
1385.01
1384.84
1384.69
1384.55
1384.42
1384.32
1384.22
1384.11
1383.97
1383.73
1383.46
1383.2
1382.98
1382.78
1382.62
1382.48
1382.39
1382.31
1382.21
1382.04
1381.73
1381.42
1381.18
1380.99
1380.85
1380.74
1380.64
1380.55
1380.46
1380.37
1380.29
1380.22
1380.17
1380.12
1379.96
1379.71
1379.46
1379.25
1379.06
1378.91
1378.79
1378.68
1378.6
1378.53
1378.47
1378.41
1378.35
1378.29
1378.23
1378.16
1378.1
1378.05
1378.01
1377.97
1377.89
1377.71
1377.51
1377.35
1377.24
1377.14
1377.05
1376.95
1376.86
1376.76
1376.66
1376.55
1376.46
1376.34
1376.26
1376.16
1376.1
1376
1375.97
1375.84
1376.22
1375.99
1375.78
1375.6
1375.45
1375.31
1375.15
1374.91
1374.65
1374.42
1374.23
1374.07
1373.92
1373.73
1373.46
1373.18
1372.93
1372.74
1372.58
1372.44
1372.33
1372.21
1372.02
1371.78
1371.53
1371.32
1371.13
1370.96
1370.81
1370.67
1370.56
1370.46
1370.37
1370.28
1370.15
1369.9
1369.63
1369.37
1369.15
1368.96
1368.8
1368.67
1368.58
1368.51
1368.43
1368.27
1367.95
1367.63
1367.39
1367.22
1367.08
1366.97
1366.88
1366.8
1366.71
1366.63
1366.55
1366.48
1366.45
1366.41
1366.25
1365.99
1365.74
1365.53
1365.35
1365.2
1365.08
1364.99
1364.91
1364.84
1364.78
1364.73
1364.68
1364.62
1364.56
1364.5
1364.44
1364.4
1364.36
1364.34
1364.26
1364.09
1363.88
1363.73
1363.63
1363.54
1363.45
1363.36
1363.27
1363.18
1363.09
1362.98
1362.89
1362.79
1362.71
1362.61
1362.56
1362.46
1362.44
1362.3
1362.61
1362.37
1362.15
1361.97
1361.82
1361.69
1361.55
1361.29
1361.02
1360.79
1360.61
1360.46
1360.32
1360.15
1359.87
1359.58
1359.34
1359.14
1358.99
1358.87
1358.76
1358.66
1358.47
1358.22
1357.98
1357.76
1357.58
1357.41
1357.27
1357.14
1357.03
1356.94
1356.86
1356.78
1356.67
1356.41
1356.14
1355.88
1355.66
1355.47
1355.31
1355.2
1355.12
1355.06
1355
1354.84
1354.51
1354.19
1353.95
1353.78
1353.65
1353.55
1353.46
1353.38
1353.31
1353.23
1353.15
1353.09
1353.07
1353.04
1352.89
1352.62
1352.37
1352.16
1351.98
1351.84
1351.72
1351.63
1351.56
1351.49
1351.44
1351.39
1351.35
1351.29
1351.24
1351.18
1351.13
1351.08
1351.06
1351.04
1350.97
1350.8
1350.6
1350.45
1350.36
1350.27
1350.19
1350.11
1350.03
1349.94
1349.85
1349.76
1349.67
1349.57
1349.5
1349.4
1349.36
1349.25
1349.24
1349.1
1349.33
1349.08
1348.85
1348.67
1348.53
1348.41
1348.28
1348.01
1347.73
1347.5
1347.32
1347.18
1347.06
1346.9
1346.61
1346.31
1346.07
1345.88
1345.74
1345.62
1345.53
1345.44
1345.26
1345
1344.76
1344.54
1344.36
1344.2
1344.06
1343.94
1343.84
1343.76
1343.69
1343.62
1343.52
1343.26
1342.98
1342.72
1342.5
1342.32
1342.17
1342.05
1341.98
1341.94
1341.89
1341.75
1341.4
1341.07
1340.83
1340.67
1340.55
1340.46
1340.38
1340.3
1340.23
1340.16
1340.08
1340.03
1340.02
1340.01
1339.85
1339.58
1339.33
1339.12
1338.95
1338.81
1338.7
1338.61
1338.54
1338.48
1338.44
1338.39
1338.35
1338.3
1338.25
1338.2
1338.15
1338.11
1338.09
1338.08
1338.02
1337.85
1337.65
1337.51
1337.42
1337.34
1337.27
1337.19
1337.12
1337.03
1336.96
1336.86
1336.79
1336.69
1336.63
1336.53
1336.5
1336.39
1336.38
1336.23
1336.38
1336.1
1335.87
1335.69
1335.56
1335.45
1335.33
1335.06
1334.76
1334.53
1334.36
1334.23
1334.12
1333.97
1333.67
1333.36
1333.12
1332.94
1332.81
1332.7
1332.62
1332.55
1332.37
1332.11
1331.86
1331.65
1331.47
1331.32
1331.18
1331.07
1330.97
1330.9
1330.84
1330.78
1330.7
1330.42
1330.14
1329.88
1329.67
1329.49
1329.34
1329.24
1329.18
1329.15
1329.11
1328.98
1328.61
1328.28
1328.05
1327.89
1327.78
1327.69
1327.62
1327.55
1327.48
1327.41
1327.34
1327.29
1327.29
1327.3
1327.15
1326.87
1326.62
1326.41
1326.24
1326.1
1326
1325.92
1325.85
1325.8
1325.76
1325.72
1325.68
1325.64
1325.59
1325.55
1325.5
1325.46
1325.45
1325.45
1325.4
1325.24
1325.03
1324.9
1324.82
1324.75
1324.68
1324.61
1324.54
1324.46
1324.39
1324.31
1324.24
1324.14
1324.09
1323.99
1323.96
1323.85
1323.86
1323.7
1323.74
1323.45
1323.21
1323.03
1322.9
1322.81
1322.71
1322.41
1322.11
1321.88
1321.71
1321.59
1321.51
1321.37
1321.05
1320.74
1320.5
1320.32
1320.19
1320.1
1320.03
1319.98
1319.8
1319.53
1319.28
1319.07
1318.9
1318.75
1318.62
1318.51
1318.42
1318.36
1318.3
1318.26
1318.19
1317.91
1317.62
1317.36
1317.15
1316.98
1316.84
1316.74
1316.69
1316.67
1316.65
1316.53
1316.15
1315.81
1315.58
1315.43
1315.33
1315.25
1315.18
1315.12
1315.06
1314.99
1314.93
1314.88
1314.89
1314.91
1314.77
1314.48
1314.23
1314.03
1313.86
1313.73
1313.63
1313.55
1313.49
1313.45
1313.41
1313.38
1313.34
1313.3
1313.26
1313.22
1313.17
1313.15
1313.14
1313.16
1313.12
1312.96
1312.76
1312.63
1312.56
1312.49
1312.43
1312.36
1312.3
1312.23
1312.16
1312.08
1312.02
1311.92
1311.88
1311.78
1311.76
1311.65
1311.66
1311.49
1311.41
1311.1
1310.85
1310.67
1310.55
1310.48
1310.4
1310.08
1309.76
1309.53
1309.38
1309.27
1309.2
1309.08
1308.74
1308.42
1308.18
1308.01
1307.89
1307.81
1307.75
1307.72
1307.54
1307.27
1307.01
1306.81
1306.64
1306.5
1306.37
1306.27
1306.18
1306.13
1306.09
1306.05
1306.01
1305.71
1305.42
1305.16
1304.96
1304.78
1304.65
1304.56
1304.52
1304.52
1304.51
1304.4
1304
1303.65
1303.44
1303.29
1303.2
1303.12
1303.06
1303.01
1302.95
1302.89
1302.83
1302.79
1302.82
1302.86
1302.71
1302.41
1302.16
1301.96
1301.8
1301.67
1301.58
1301.52
1301.47
1301.43
1301.41
1301.39
1301.36
1301.33
1301.29
1301.25
1301.22
1301.21
1301.24
1301.29
1301.29
1301.14
1300.96
1300.88
1300.88
1300.9
1300.9
1300.88
1300.86
1300.82
1300.79
1300.73
1300.68
1300.6
1300.57
1300.47
1300.45
1300.34
1300.35
1300.18
1299.39
1299.05
1298.8
1298.62
1298.51
1298.45
1298.4
1298.06
1297.72
1297.49
1297.34
1297.25
1297.2
1297.1
1296.74
1296.41
1296.17
1296.01
1295.9
1295.82
1295.78
1295.77
1295.59
1295.31
1295.05
1294.85
1294.69
1294.55
1294.43
1294.33
1294.26
1294.21
1294.18
1294.16
1294.14
1293.82
1293.53
1293.27
1293.07
1292.9
1292.78
1292.69
1292.66
1292.67
1292.69
1292.6
1292.17
1291.82
1291.61
1291.48
1291.39
1291.33
1291.29
1291.25
1291.2
1291.15
1291.09
1291.08
1291.14
1291.24
1291.14
1290.93
1290.84
1290.79
1290.74
1290.69
1290.64
1290.59
1290.54
1290.49
1290.43
1290.37
1290.31
1290.26
1290.21
1290.15
1290.08
1289.99
1289.87
1289.74
1289.63
1289.63
1289.67
1289.71
1289.72
1289.71
1289.7
1289.66
1289.63
1289.57
1289.52
1289.45
1289.39
1289.3
1289.25
1289.14
1289.11
1288.97
1288.96
1288.79
1287.66
1287.3
1287.04
1286.86
1286.76
1286.71
1286.71
1286.33
1285.97
1285.75
1285.61
1285.52
1285.5
1285.43
1285.04
1284.69
1284.46
1284.3
1284.21
1284.14
1284.11
1284.13
1283.95
1283.65
1283.39
1283.2
1283.04
1282.91
1282.8
1282.71
1282.64
1282.6
1282.58
1282.57
1282.58
1282.24
1281.95
1281.68
1281.49
1281.34
1281.23
1281.16
1281.17
1281.22
1281.29
1281.26
1281.02
1280.96
1280.89
1280.81
1280.74
1280.67
1280.61
1280.53
1280.46
1280.39
1280.31
1280.2
1280.06
1279.89
1279.81
1279.86
1279.93
1279.99
1280.02
1280.04
1280.05
1280.04
1280.03
1280.02
1280
1279.97
1279.94
1279.9
1279.85
1279.8
1279.74
1279.7
1279.66
1279.63
1279.58
1279.46
1279.32
1279.25
1279.22
1279.19
1279.16
1279.1
1279.05
1278.97
1278.91
1278.81
1278.74
1278.63
1278.56
1278.44
1278.39
1278.25
1278.23
1278.04
1276.22
1275.84
1275.57
1275.39
1275.3
1275.27
1275.31
1274.89
1274.52
1274.3
1274.17
1274.1
1274.1
1274.06
1273.64
1273.27
1273.05
1272.9
1272.81
1272.76
1272.75
1272.79
1272.61
1272.3
1272.04
1271.85
1271.7
1271.58
1271.48
1271.4
1271.35
1271.34
1271.35
1271.38
1271.46
1271.31
1271.24
1271.13
1271.03
1270.92
1270.81
1270.69
1270.55
1270.38
1270.18
1270.04
1270.1
1270.27
1270.35
1270.39
1270.39
1270.38
1270.36
1270.34
1270.3
1270.25
1270.2
1270.18
1270.19
1270.22
1270.16
1270.05
1270.01
1269.99
1269.97
1269.94
1269.91
1269.88
1269.84
1269.8
1269.75
1269.7
1269.65
1269.59
1269.53
1269.47
1269.41
1269.35
1269.28
1269.21
1269.15
1269.12
1269.08
1269.06
1269.03
1268.99
1268.95
1268.89
1268.83
1268.74
1268.67
1268.57
1268.49
1268.37
1268.3
1268.17
1268.11
1267.96
1267.93
1267.74
1265.07
1264.66
1264.39
1264.21
1264.13
1264.12
1264.21
1263.74
1263.35
1263.14
1263.02
1262.96
1263
1262.99
1262.53
1262.15
1261.94
1261.81
1261.75
1261.73
1261.75
1261.87
1261.93
1261.84
1261.72
1261.61
1261.51
1261.41
1261.3
1261.19
1261.08
1260.95
1260.79
1260.62
1260.43
1260.45
1260.6
1260.66
1260.69
1260.69
1260.7
1260.69
1260.7
1260.7
1260.7
1260.66
1260.55
1260.57
1260.55
1260.52
1260.48
1260.44
1260.4
1260.35
1260.29
1260.23
1260.17
1260.12
1260.06
1259.98
1259.94
1259.95
1259.98
1260.01
1260.02
1260.02
1260.02
1260
1259.98
1259.95
1259.92
1259.89
1259.84
1259.79
1259.73
1259.67
1259.6
1259.54
1259.48
1259.43
1259.37
1259.29
1259.21
1259.17
1259.13
1259.09
1259.04
1258.97
1258.9
1258.81
1258.73
1258.62
1258.53
1258.41
1258.33
1258.19
1258.13
1257.97
1257.94
1257.73
1254.21
1253.75
1253.48
1253.32
1253.24
1253.25
1253.41
1252.88
1252.47
1252.28
1252.19
1252.17
1252.27
1252.53
1252.36
1252.16
1252
1251.85
1251.7
1251.54
1251.36
1251.15
1251.12
1251.28
1251.35
1251.38
1251.38
1251.37
1251.35
1251.32
1251.3
1251.28
1251.26
1251.23
1251.21
1251.18
1251.2
1251.15
1251.1
1251.04
1250.99
1250.94
1250.88
1250.8
1250.71
1250.63
1250.65
1250.77
1250.81
1250.82
1250.81
1250.79
1250.77
1250.73
1250.69
1250.64
1250.59
1250.55
1250.54
1250.52
1250.47
1250.41
1250.41
1250.42
1250.42
1250.41
1250.39
1250.37
1250.34
1250.31
1250.28
1250.24
1250.19
1250.14
1250.08
1250.02
1249.95
1249.89
1249.83
1249.78
1249.71
1249.65
1249.58
1249.53
1249.48
1249.43
1249.38
1249.31
1249.23
1249.14
1249.05
1248.94
1248.85
1248.72
1248.64
1248.49
1248.43
1248.26
1248.22
1248.01
1243.62
1243.13
1242.86
1242.72
1242.67
1242.73
1243.26
1243.06
1242.79
1242.59
1242.39
1242.17
1241.93
1241.79
1241.97
1242.05
1242.09
1242.09
1242.08
1242.05
1242.02
1241.99
1242.06
1242.09
1242.05
1242
1241.95
1241.89
1241.83
1241.78
1241.72
1241.67
1241.59
1241.51
1241.43
1241.44
1241.55
1241.57
1241.58
1241.56
1241.54
1241.52
1241.5
1241.47
1241.43
1241.37
1241.33
1241.4
1241.43
1241.42
1241.41
1241.38
1241.35
1241.31
1241.27
1241.22
1241.17
1241.13
1241.1
1241.07
1241.02
1240.99
1241
1241.01
1241.02
1241.01
1241
1240.97
1240.95
1240.92
1240.88
1240.85
1240.8
1240.75
1240.69
1240.63
1240.56
1240.5
1240.44
1240.39
1240.32
1240.26
1240.18
1240.13
1240.08
1240.02
1239.96
1239.89
1239.81
1239.71
1239.62
1239.51
1239.41
1239.28
1239.19
1239.04
1238.97
1238.8
1238.76
1238.55
1234.04
1233.71
1233.48
1233.25
1233.03
1232.74
1232.56
1232.84
1232.93
1232.97
1232.95
1232.9
1232.86
1232.96
1232.96
1232.88
1232.82
1232.75
1232.7
1232.63
1232.56
1232.47
1232.51
1232.62
1232.65
1232.66
1232.64
1232.62
1232.58
1232.55
1232.52
1232.49
1232.45
1232.4
1232.34
1232.34
1232.42
1232.41
1232.4
1232.37
1232.35
1232.32
1232.29
1232.26
1232.21
1232.15
1232.13
1232.21
1232.24
1232.24
1232.22
1232.2
1232.17
1232.14
1232.09
1232.04
1231.99
1231.96
1231.93
1231.9
1231.86
1231.83
1231.83
1231.84
1231.84
1231.84
1231.82
1231.8
1231.78
1231.75
1231.71
1231.68
1231.63
1231.58
1231.52
1231.46
1231.39
1231.33
1231.28
1231.22
1231.16
1231.09
1231.02
1230.97
1230.91
1230.85
1230.78
1230.7
1230.62
1230.52
1230.42
1230.3
1230.21
1230.07
1229.98
1229.83
1229.75
1229.58
1229.54
1229.32
1274.25
1276.71
1276.6
1277.31
1277.28
1277.59
1277.52
1277.61
1277.4
1277.5
1277.47
1277.44
1277.38
1277.46
1277.46
1277.38
1277.39
1277.48
1277.46
1277.34
1277.34
1277.37
1277.42
1277.32
1277.07
1276.94
1276.88
1276.69
1276.4
1276.25
1276.17
1276.06
1275.92
1275.72
1275.45
1275.23
1275.11
1275.05
1275
1274.93
1274.86
1274.76
1274.66
1274.55
1274.45
1274.35
1274.26
1274.19
1274.13
1274.07
1261.06
1263.37
1263.29
1263.99
1263.97
1264.28
1264.21
1264.3
1264.1
1264.19
1264.17
1264.14
1264.07
1264.16
1264.15
1264.08
1264.09
1264.17
1264.16
1264.04
1264.03
1264.07
1264.11
1264
1263.76
1263.63
1263.57
1263.38
1263.1
1262.95
1262.87
1262.75
1262.61
1262.41
1262.15
1261.93
1261.81
1261.74
1261.7
1261.62
1261.55
1261.45
1261.35
1261.25
1261.14
1261.04
1260.96
1260.88
1260.82
1260.77
1247.42
1249.56
1249.49
1250.19
1250.16
1250.47
1250.4
1250.49
1250.3
1250.39
1250.36
1250.34
1250.27
1250.36
1250.35
1250.28
1250.29
1250.37
1250.36
1250.24
1250.24
1250.27
1250.31
1250.2
1249.97
1249.84
1249.77
1249.58
1249.3
1249.15
1249.07
1248.95
1248.81
1248.61
1248.35
1248.14
1248.01
1247.95
1247.9
1247.82
1247.75
1247.65
1247.55
1247.45
1247.34
1247.24
1247.16
1247.08
1247.02
1246.97
1233.26
1235.22
1235.19
1235.86
1235.84
1236.15
1236.08
1236.17
1235.98
1236.08
1236.05
1236.02
1235.96
1236.04
1236.04
1235.97
1235.98
1236.05
1236.04
1235.93
1235.93
1235.96
1235.99
1235.88
1235.66
1235.53
1235.46
1235.26
1234.99
1234.85
1234.75
1234.64
1234.49
1234.3
1234.03
1233.83
1233.7
1233.63
1233.59
1233.51
1233.44
1233.34
1233.24
1233.13
1233.03
1232.93
1232.84
1232.77
1232.71
1232.66
1218.57
1220.33
1220.37
1220.99
1220.98
1221.29
1221.22
1221.32
1221.14
1221.23
1221.2
1221.18
1221.12
1221.19
1221.19
1221.13
1221.14
1221.21
1221.2
1221.09
1221.09
1221.12
1221.14
1221.03
1220.81
1220.68
1220.61
1220.42
1220.14
1220.01
1219.91
1219.79
1219.64
1219.45
1219.19
1218.99
1218.86
1218.79
1218.74
1218.67
1218.59
1218.5
1218.39
1218.29
1218.18
1218.09
1218
1217.93
1217.87
1217.82
1203.33
1204.89
1205
1205.56
1205.56
1205.89
1205.82
1205.92
1205.74
1205.83
1205.8
1205.78
1205.72
1205.8
1205.79
1205.74
1205.74
1205.81
1205.8
1205.7
1205.7
1205.72
1205.74
1205.63
1205.42
1205.29
1205.22
1205.02
1204.75
1204.62
1204.52
1204.4
1204.24
1204.05
1203.8
1203.59
1203.47
1203.4
1203.35
1203.27
1203.2
1203.1
1203
1202.89
1202.79
1202.69
1202.6
1202.53
1202.47
1202.42
1187.53
1188.87
1189.05
1189.57
1189.58
1189.91
1189.83
1189.94
1189.77
1189.86
1189.83
1189.81
1189.75
1189.83
1189.82
1189.77
1189.78
1189.84
1189.83
1189.74
1189.74
1189.76
1189.77
1189.66
1189.46
1189.33
1189.25
1189.05
1188.79
1188.65
1188.55
1188.43
1188.27
1188.08
1187.83
1187.63
1187.51
1187.43
1187.38
1187.3
1187.23
1187.13
1187.03
1186.92
1186.82
1186.72
1186.64
1186.56
1186.51
1186.45
1171.13
1172.27
1172.5
1172.98
1173
1173.34
1173.26
1173.38
1173.21
1173.3
1173.27
1173.25
1173.19
1173.26
1173.26
1173.21
1173.22
1173.28
1173.27
1173.18
1173.18
1173.2
1173.21
1173.1
1172.9
1172.77
1172.68
1172.49
1172.24
1172.1
1171.99
1171.86
1171.71
1171.51
1171.27
1171.07
1170.96
1170.87
1170.82
1170.74
1170.67
1170.57
1170.47
1170.36
1170.26
1170.16
1170.08
1170
1169.95
1169.89
1154.13
1155.03
1155.32
1155.78
1155.81
1156.16
1156.06
1156.19
1156.03
1156.12
1156.09
1156.08
1156.02
1156.09
1156.08
1156.04
1156.04
1156.1
1156.09
1156.01
1156.01
1156.03
1156.03
1155.92
1155.73
1155.59
1155.51
1155.31
1155.06
1154.93
1154.81
1154.68
1154.53
1154.34
1154.1
1153.89
1153.79
1153.7
1153.64
1153.57
1153.49
1153.39
1153.29
1153.19
1153.08
1152.99
1152.9
1152.83
1152.77
1152.72
1136.49
1137.15
1137.51
1137.94
1137.98
1138.34
1138.22
1138.37
1138.21
1138.3
1138.27
1138.26
1138.21
1138.27
1138.27
1138.23
1138.23
1138.29
1138.28
1138.2
1138.2
1138.21
1138.21
1138.1
1137.92
1137.78
1137.69
1137.5
1137.26
1137.12
1137
1136.87
1136.71
1136.52
1136.28
1136.08
1135.97
1135.89
1135.83
1135.75
1135.67
1135.58
1135.48
1135.37
1135.27
1135.17
1135.09
1135.01
1134.95
1134.9
1118.2
1118.6
1119.04
1119.43
1119.49
1119.86
1119.72
1119.88
1119.73
1119.83
1119.79
1119.78
1119.73
1119.79
1119.79
1119.75
1119.76
1119.81
1119.81
1119.73
1119.73
1119.74
1119.73
1119.63
1119.44
1119.31
1119.21
1119.02
1118.79
1118.64
1118.52
1118.39
1118.23
1118.04
1117.81
1117.61
1117.5
1117.41
1117.35
1117.27
1117.2
1117.1
1117
1116.89
1116.79
1116.7
1116.61
1116.54
1116.48
1116.43
1099.23
1099.36
1099.87
1100.24
1100.31
1100.68
1100.53
1100.71
1100.56
1100.66
1100.62
1100.62
1100.57
1100.63
1100.62
1100.59
1100.6
1100.65
1100.64
1100.58
1100.57
1100.58
1100.57
1100.46
1100.28
1100.15
1100.05
1099.86
1099.63
1099.49
1099.36
1099.22
1099.06
1098.87
1098.65
1098.45
1098.34
1098.25
1098.19
1098.11
1098.03
1097.94
1097.83
1097.73
1097.63
1097.53
1097.45
1097.37
1097.32
1097.27
1079.57
1079.39
1080.01
1080.33
1080.42
1080.78
1080.63
1080.83
1080.68
1080.79
1080.74
1080.75
1080.69
1080.75
1080.75
1080.72
1080.73
1080.78
1080.77
1080.71
1080.7
1080.71
1080.69
1080.59
1080.41
1080.28
1080.18
1079.99
1079.76
1079.62
1079.49
1079.35
1079.18
1079
1078.77
1078.58
1078.47
1078.38
1078.32
1078.24
1078.16
1078.06
1077.96
1077.85
1077.75
1077.66
1077.57
1077.5
1077.44
1077.39
1059.14
1058.69
1059.45
1059.66
1059.79
1060.14
1060
1060.21
1060.06
1060.17
1060.12
1060.13
1060.08
1060.14
1060.13
1060.11
1060.12
1060.16
1060.16
1060.1
1060.09
1060.1
1060.08
1059.97
1059.8
1059.67
1059.56
1059.38
1059.15
1059.01
1058.88
1058.73
1058.57
1058.38
1058.16
1057.97
1057.86
1057.77
1057.7
1057.62
1057.54
1057.45
1057.34
1057.24
1057.14
1057.04
1056.96
1056.88
1056.83
1056.78
1037.91
1037.24
1038.13
1038.24
1038.4
1038.73
1038.6
1038.82
1038.67
1038.78
1038.73
1038.75
1038.7
1038.76
1038.75
1038.74
1038.74
1038.79
1038.78
1038.73
1038.72
1038.72
1038.7
1038.6
1038.43
1038.3
1038.18
1038
1037.78
1037.63
1037.5
1037.35
1037.19
1037
1036.78
1036.6
1036.48
1036.4
1036.32
1036.25
1036.16
1036.07
1035.96
1035.86
1035.76
1035.66
1035.58
1035.5
1035.45
1035.4
1015.92
1014.98
1016.01
1016.01
1016.2
1016.52
1016.4
1016.63
1016.49
1016.61
1016.55
1016.58
1016.53
1016.58
1016.58
1016.56
1016.57
1016.61
1016.61
1016.56
1016.55
1016.55
1016.52
1016.42
1016.26
1016.13
1016.01
1015.83
1015.61
1015.46
1015.32
1015.18
1015.01
1014.82
1014.61
1014.43
1014.31
1014.23
1014.15
1014.07
1013.99
1013.89
1013.79
1013.69
1013.58
1013.49
1013.4
1013.33
1013.27
1013.22
993.106
991.879
993.078
992.956
993.185
993.49
993.382
993.622
993.485
993.602
993.549
993.577
993.534
993.586
993.576
993.571
993.575
993.62
993.619
993.576
993.564
993.561
993.526
993.427
993.27
993.134
993.016
992.837
992.623
992.472
992.328
992.178
992.009
991.822
991.614
991.436
991.314
991.231
991.153
991.074
990.99
990.893
990.791
990.687
990.586
990.49
990.406
990.329
990.273
990.227
969.454
967.911
969.289
969.045
969.31
969.601
969.508
969.758
969.625
969.744
969.689
969.723
969.683
969.732
969.723
969.722
969.727
969.77
969.77
969.732
969.72
969.715
969.675
969.578
969.424
969.287
969.166
968.989
968.778
968.626
968.478
968.325
968.154
967.968
967.763
967.588
967.466
967.38
967.302
967.222
967.137
967.04
966.938
966.834
966.732
966.637
966.554
966.476
966.42
966.374
944.929
943.04
944.615
944.244
944.544
944.824
944.746
945.007
944.878
944.998
944.942
944.983
944.945
944.992
944.983
944.986
944.993
945.035
945.035
945.001
944.992
944.983
944.939
944.843
944.692
944.555
944.431
944.255
944.047
943.893
943.741
943.586
943.413
943.228
943.026
942.854
942.731
942.643
942.565
942.484
942.398
942.301
942.199
942.094
941.993
941.897
941.815
941.736
941.68
941.635
919.505
917.23
919.022
918.521
918.856
919.126
919.063
919.338
919.211
919.333
919.275
919.323
919.288
919.332
919.324
919.331
919.342
919.381
919.382
919.351
919.345
919.333
919.285
919.189
919.042
918.904
918.777
918.602
918.397
918.242
918.086
917.928
917.754
917.569
917.37
917.201
917.078
916.988
916.908
916.826
916.74
916.643
916.541
916.436
916.334
916.238
916.157
916.076
916.02
915.977
893.629
890.929
892.96
892.328
892.695
892.958
892.912
893.199
893.075
893.2
893.143
893.194
893.162
893.203
893.199
893.207
893.221
893.26
893.262
893.234
893.23
893.215
893.163
893.068
892.924
892.786
892.656
892.482
892.28
892.122
891.963
891.802
891.627
891.441
891.246
891.079
890.956
890.864
890.784
890.701
890.615
890.517
890.415
890.309
890.207
890.11
890.03
889.949
889.892
889.85
868.231
865.078
867.359
866.602
866.998
867.258
867.224
867.534
867.406
867.535
867.48
867.529
867.503
867.543
867.541
867.553
867.567
867.607
867.609
867.586
867.583
867.565
867.511
867.416
867.274
867.135
867.003
866.83
866.63
866.47
866.308
866.144
865.967
865.782
865.589
865.425
865.301
865.208
865.128
865.043
864.957
864.859
864.756
864.65
864.548
864.451
864.369
864.291
864.231
864.191
843.757
840.13
842.67
841.797
842.219
842.479
842.464
842.779
842.654
842.786
842.738
842.783
842.764
842.803
842.802
842.817
842.833
842.873
842.874
842.858
842.855
842.833
842.78
842.682
842.543
842.404
842.27
842.098
841.899
841.738
841.572
841.405
841.227
841.042
840.852
840.689
840.566
840.471
840.39
840.306
840.219
840.121
840.017
839.911
839.808
839.71
839.628
839.552
839.49
839.451
820.174
816.053
818.86
817.881
818.322
818.581
818.607
818.902
818.787
818.92
818.883
818.925
818.91
818.949
818.95
818.967
818.984
819.025
819.028
819.016
819.012
818.989
818.934
818.835
818.698
818.558
818.423
818.251
818.054
817.891
817.722
817.553
817.374
817.188
817
816.84
816.716
816.62
816.539
816.454
816.366
816.268
816.164
816.058
815.954
815.856
815.773
815.699
815.634
815.597
797.451
792.813
795.894
794.821
795.277
795.553
795.585
795.884
795.775
795.91
795.881
795.923
795.911
795.949
795.952
795.972
795.99
796.031
796.036
796.027
796.023
795.998
795.943
795.843
795.708
795.568
795.43
795.26
795.063
794.898
794.727
794.556
794.375
794.189
794.003
793.844
793.72
793.624
793.542
793.458
793.369
793.271
793.166
793.059
792.954
792.856
792.773
792.7
792.633
792.597
775.554
770.38
773.741
772.586
773.054
773.363
773.373
773.694
773.585
773.723
773.702
773.745
773.735
773.774
773.778
773.8
773.82
773.861
773.869
773.863
773.859
773.832
773.777
773.675
773.541
773.401
773.262
773.092
772.896
772.73
772.556
772.382
772.2
772.014
771.829
771.672
771.548
771.452
771.369
771.285
771.195
771.097
770.992
770.884
770.778
770.68
770.596
770.526
770.456
770.421
754.455
748.724
752.371
751.149
751.621
751.964
751.956
752.295
752.196
752.332
752.317
752.361
752.353
752.392
752.398
752.422
752.443
752.485
752.496
752.492
752.488
752.46
752.404
752.301
752.169
752.028
751.888
751.719
751.524
751.355
751.179
751.003
750.82
750.633
750.45
750.294
750.169
750.074
749.99
749.906
749.816
749.717
749.612
749.503
749.397
749.298
749.214
749.145
749.073
749.039
734.123
727.819
731.755
730.48
730.952
731.333
731.306
731.657
731.576
731.708
731.697
731.743
731.737
731.777
731.784
731.81
731.833
731.875
731.889
731.888
731.884
731.855
731.798
731.694
731.563
731.421
731.28
731.111
730.917
730.747
730.568
730.39
730.206
730.018
729.836
729.682
729.557
729.461
729.377
729.293
729.204
729.104
728.998
728.888
728.782
728.682
728.597
728.531
728.455
728.423
714.529
707.636
711.865
710.553
711.021
711.441
711.392
711.761
711.693
711.823
711.816
711.864
711.859
711.9
711.908
711.936
711.961
712.003
712.02
712.022
712.018
711.988
711.93
711.825
711.695
711.553
711.41
711.242
711.048
710.876
710.696
710.515
710.33
710.141
709.961
709.808
709.682
709.587
709.503
709.419
709.33
709.229
709.123
709.012
708.905
708.804
708.719
708.655
708.577
708.544
695.647
688.147
692.675
691.34
691.791
692.269
692.191
692.578
692.522
692.65
692.647
692.696
692.693
692.735
692.745
692.774
692.8
692.844
692.864
692.867
692.864
692.833
692.774
692.669
692.539
692.396
692.253
692.085
691.891
691.718
691.535
691.353
691.166
690.977
690.797
690.646
690.52
690.425
690.34
690.256
690.167
690.067
689.96
689.848
689.74
689.638
689.552
689.491
689.41
689.378
677.45
669.328
674.159
672.818
673.237
673.778
673.692
674.083
674.037
674.165
674.165
674.215
674.214
674.256
674.267
674.299
674.327
674.371
674.393
674.399
674.396
674.364
674.305
674.199
674.069
673.926
673.782
673.614
673.42
673.246
673.061
672.877
672.689
672.499
672.32
672.17
672.044
671.95
671.865
671.78
671.692
671.591
671.483
671.37
671.261
671.159
671.073
671.012
670.932
670.898
659.914
651.154
656.289
654.961
655.347
655.94
655.861
656.25
656.214
656.342
656.345
656.396
656.396
656.439
656.452
656.485
656.514
656.56
656.585
656.593
656.59
656.558
656.497
656.391
656.261
656.118
655.973
655.805
655.612
655.436
655.249
655.063
654.874
654.683
654.505
654.355
654.23
654.135
654.051
653.967
653.878
653.777
653.669
653.554
653.445
653.342
653.255
653.195
653.116
653.079
643.014
633.604
639.044
637.746
638.092
638.743
638.668
639.057
639.03
639.158
639.163
639.215
639.217
639.26
639.275
639.309
639.34
639.387
639.414
639.425
639.422
639.389
639.328
639.221
639.091
638.948
638.802
638.635
638.441
638.264
638.075
637.887
637.697
637.505
637.328
637.178
637.055
636.959
636.875
636.791
636.702
636.601
636.492
636.376
636.266
636.162
636.075
636.016
635.939
635.899
626.726
616.655
622.4
621.152
621.451
622.162
622.092
622.48
622.462
622.589
622.596
622.649
622.653
622.697
622.713
622.749
622.782
622.83
622.859
622.872
622.87
622.836
622.774
622.666
622.537
622.393
622.247
622.079
621.886
621.707
621.517
621.326
621.135
620.942
620.766
620.617
620.494
620.399
620.314
620.231
620.142
620.041
619.931
619.813
619.703
619.599
619.51
619.452
619.376
619.334
611.028
600.286
606.332
605.156
605.402
606.175
606.108
606.496
606.487
606.614
606.623
606.677
606.683
606.727
606.744
606.781
606.816
606.865
606.897
606.912
606.911
606.877
606.813
606.705
606.575
606.431
606.285
606.117
605.924
605.743
605.551
605.359
605.167
604.973
604.797
604.648
604.527
604.431
604.347
604.264
604.175
604.074
603.964
603.845
603.732
603.628
603.539
603.481
603.407
603.362
595.9
584.477
590.821
589.738
589.926
590.76
590.698
591.085
591.084
591.212
591.223
591.277
591.284
591.329
591.347
591.386
591.422
591.473
591.507
591.525
591.524
591.489
591.424
591.316
591.186
591.041
590.895
590.726
590.534
590.351
590.158
589.964
589.771
589.575
589.4
589.252
589.132
589.035
588.952
588.869
588.781
588.679
588.568
588.449
588.335
588.23
588.14
588.082
588.01
587.963
581.32
569.207
575.848
574.876
575.003
575.895
575.84
576.227
576.233
576.361
576.374
576.428
576.437
576.482
576.502
576.542
576.58
576.632
576.669
576.688
576.688
576.653
576.587
576.478
576.348
576.202
576.056
575.886
575.696
575.511
575.316
575.121
574.926
574.73
574.555
574.408
574.288
574.191
574.108
574.025
573.938
573.835
573.724
573.604
573.489
573.384
573.292
573.235
573.165
573.115
567.267
554.46
561.391
560.553
560.61
561.563
561.514
561.901
561.914
562.043
562.057
562.111
562.122
562.167
562.188
562.23
562.27
562.323
562.362
562.384
562.384
562.349
562.281
562.172
562.041
561.896
561.749
561.579
561.388
561.204
561.006
560.809
560.613
560.416
560.241
560.096
559.976
559.879
559.796
559.714
559.626
559.524
559.411
559.29
559.175
559.069
558.976
558.919
558.851
558.801
553.72
540.214
547.431
546.747
546.731
547.744
547.702
548.088
548.108
548.237
548.252
548.308
548.32
548.366
548.387
548.43
548.472
548.526
548.568
548.592
548.592
548.557
548.488
548.379
548.247
548.102
547.955
547.784
547.593
547.408
547.209
547.01
546.813
546.614
546.44
546.295
546.176
546.079
545.997
545.915
545.828
545.725
545.611
545.49
545.373
545.268
545.173
545.116
545.048
545
540.657
526.451
533.951
533.444
533.346
534.419
534.384
534.771
534.797
534.926
534.943
534.998
535.012
535.058
535.081
535.125
535.168
535.224
535.268
535.294
535.295
535.259
535.19
535.079
534.947
534.802
534.655
534.484
534.293
534.106
533.906
533.705
533.507
533.308
533.133
532.99
532.871
532.773
532.692
532.611
532.524
532.421
532.306
532.183
532.066
531.961
531.864
531.807
531.74
531.693
1274.03
1273.99
1273.99
1273.99
1274.03
1274.06
1274.12
1274.16
1274.24
1274.29
1274.31
1274.32
1274.36
1274.37
1274.28
1274.24
1274.14
1274.03
1273.93
1273.71
1273.55
1273.31
1273.01
1272.64
1272.29
1271.87
1271.41
1270.85
1270.3
1269.69
1269.03
1268.34
1267.63
1266.85
1266.07
1265.24
1264.41
1263.56
1262.72
1261.89
1261.07
1260.27
1259.5
1258.75
1258.03
1257.34
1256.68
1256.05
1255.45
1254.88
1260.72
1260.69
1260.68
1260.68
1260.72
1260.75
1260.82
1260.86
1260.94
1260.98
1261
1261.02
1261.06
1261.07
1260.99
1260.94
1260.85
1260.74
1260.65
1260.43
1260.28
1260.04
1259.75
1259.38
1259.03
1258.61
1258.15
1257.6
1257.05
1256.44
1255.78
1255.08
1254.36
1253.57
1252.78
1251.94
1251.1
1250.24
1249.38
1248.54
1247.7
1246.89
1246.1
1245.33
1244.59
1243.88
1243.21
1242.56
1241.95
1241.37
1246.93
1246.89
1246.89
1246.88
1246.93
1246.96
1247.02
1247.06
1247.14
1247.19
1247.21
1247.23
1247.27
1247.28
1247.2
1247.16
1247.07
1246.96
1246.87
1246.66
1246.51
1246.28
1245.99
1245.63
1245.29
1244.87
1244.41
1243.86
1243.31
1242.7
1242.04
1241.33
1240.6
1239.81
1239.01
1238.15
1237.3
1236.43
1235.56
1234.69
1233.84
1233.01
1232.2
1231.41
1230.65
1229.93
1229.23
1228.57
1227.94
1227.34
1232.62
1232.58
1232.57
1232.57
1232.62
1232.65
1232.71
1232.75
1232.83
1232.88
1232.9
1232.92
1232.96
1232.98
1232.9
1232.86
1232.78
1232.68
1232.59
1232.39
1232.24
1232
1231.73
1231.38
1231.03
1230.61
1230.16
1229.62
1229.06
1228.45
1227.79
1227.08
1226.34
1225.54
1224.72
1223.86
1222.99
1222.1
1221.22
1220.34
1219.47
1218.61
1217.78
1216.98
1216.2
1215.45
1214.74
1214.06
1213.41
1212.79
1217.77
1217.74
1217.73
1217.73
1217.77
1217.8
1217.87
1217.91
1217.99
1218.03
1218.06
1218.09
1218.12
1218.14
1218.08
1218.04
1217.96
1217.86
1217.78
1217.58
1217.44
1217.21
1216.94
1216.59
1216.25
1215.84
1215.39
1214.85
1214.29
1213.68
1213.01
1212.3
1211.55
1210.74
1209.91
1209.04
1208.15
1207.25
1206.35
1205.45
1204.56
1203.69
1202.83
1202.01
1201.2
1200.44
1199.7
1199
1198.33
1197.7
1202.38
1202.34
1202.34
1202.34
1202.38
1202.41
1202.48
1202.52
1202.6
1202.64
1202.67
1202.7
1202.74
1202.76
1202.7
1202.66
1202.59
1202.5
1202.42
1202.23
1202.09
1201.86
1201.6
1201.27
1200.93
1200.51
1200.07
1199.53
1198.98
1198.36
1197.69
1196.97
1196.22
1195.4
1194.56
1193.67
1192.77
1191.86
1190.93
1190.01
1189.1
1188.2
1187.33
1186.48
1185.65
1184.86
1184.1
1183.37
1182.68
1182.03
1186.41
1186.37
1186.37
1186.37
1186.41
1186.45
1186.51
1186.56
1186.64
1186.68
1186.71
1186.74
1186.78
1186.8
1186.75
1186.72
1186.66
1186.56
1186.49
1186.31
1186.17
1185.95
1185.7
1185.37
1185.04
1184.63
1184.18
1183.66
1183.1
1182.48
1181.81
1181.09
1180.32
1179.49
1178.64
1177.74
1176.83
1175.89
1174.95
1174.01
1173.07
1172.15
1171.25
1170.37
1169.52
1168.7
1167.91
1167.16
1166.45
1165.78
1169.85
1169.81
1169.81
1169.81
1169.86
1169.89
1169.95
1170
1170.08
1170.12
1170.16
1170.19
1170.23
1170.25
1170.21
1170.18
1170.13
1170.04
1169.97
1169.81
1169.67
1169.46
1169.21
1168.89
1168.56
1168.16
1167.72
1167.19
1166.64
1166.02
1165.35
1164.61
1163.84
1163
1162.13
1161.22
1160.29
1159.34
1158.38
1157.41
1156.45
1155.5
1154.57
1153.66
1152.78
1151.93
1151.12
1150.34
1149.61
1148.91
1152.68
1152.64
1152.64
1152.64
1152.68
1152.71
1152.78
1152.83
1152.91
1152.95
1152.99
1153.03
1153.07
1153.09
1153.06
1153.04
1152.99
1152.91
1152.84
1152.69
1152.56
1152.35
1152.11
1151.8
1151.48
1151.08
1150.64
1150.13
1149.57
1148.95
1148.27
1147.54
1146.75
1145.91
1145.03
1144.1
1143.15
1142.18
1141.19
1140.2
1139.21
1138.23
1137.27
1136.33
1135.42
1134.54
1133.69
1132.89
1132.12
1131.4
1134.86
1134.83
1134.83
1134.83
1134.87
1134.9
1134.97
1135.02
1135.11
1135.15
1135.18
1135.22
1135.27
1135.3
1135.27
1135.25
1135.21
1135.14
1135.08
1134.94
1134.81
1134.61
1134.38
1134.08
1133.76
1133.37
1132.94
1132.43
1131.88
1131.25
1130.58
1129.83
1129.04
1128.18
1127.29
1126.35
1125.38
1124.39
1123.38
1122.36
1121.34
1120.32
1119.33
1118.35
1117.4
1116.49
1115.61
1114.78
1113.98
1113.23
1116.39
1116.35
1116.35
1116.35
1116.4
1116.43
1116.5
1116.54
1116.64
1116.68
1116.72
1116.76
1116.81
1116.84
1116.82
1116.81
1116.78
1116.72
1116.66
1116.53
1116.41
1116.22
1116
1115.71
1115.4
1115.01
1114.59
1114.08
1113.53
1112.91
1112.23
1111.48
1110.68
1109.81
1108.9
1107.95
1106.96
1105.94
1104.91
1103.86
1102.8
1101.75
1100.72
1099.7
1098.72
1097.76
1096.85
1095.98
1095.16
1094.38
1097.22
1097.19
1097.19
1097.19
1097.24
1097.27
1097.34
1097.38
1097.48
1097.52
1097.57
1097.62
1097.66
1097.7
1097.69
1097.69
1097.66
1097.61
1097.56
1097.44
1097.33
1097.15
1096.94
1096.66
1096.36
1095.98
1095.56
1095.06
1094.51
1093.89
1093.21
1092.45
1091.64
1090.77
1089.85
1088.88
1087.87
1086.83
1085.76
1084.68
1083.59
1082.5
1081.42
1080.36
1079.33
1078.34
1077.38
1076.48
1075.62
1074.8
1077.35
1077.31
1077.32
1077.32
1077.36
1077.4
1077.47
1077.51
1077.62
1077.66
1077.7
1077.76
1077.81
1077.85
1077.85
1077.85
1077.84
1077.79
1077.76
1077.65
1077.55
1077.38
1077.18
1076.92
1076.62
1076.25
1075.83
1075.34
1074.79
1074.17
1073.49
1072.73
1071.91
1071.03
1070.1
1069.11
1068.08
1067.01
1065.92
1064.79
1063.66
1062.53
1061.4
1060.29
1059.22
1058.18
1057.18
1056.23
1055.31
1054.43
1056.74
1056.7
1056.7
1056.71
1056.75
1056.79
1056.86
1056.9
1057.01
1057.06
1057.1
1057.16
1057.21
1057.26
1057.27
1057.28
1057.28
1057.25
1057.22
1057.12
1057.03
1056.88
1056.69
1056.44
1056.15
1055.79
1055.38
1054.9
1054.36
1053.74
1053.05
1052.29
1051.46
1050.58
1049.63
1048.62
1047.57
1046.48
1045.34
1044.18
1043
1041.82
1040.64
1039.49
1038.36
1037.26
1036.19
1035.15
1034.2
1033.34
1035.36
1035.32
1035.33
1035.33
1035.38
1035.42
1035.48
1035.53
1035.64
1035.69
1035.74
1035.8
1035.86
1035.91
1035.93
1035.95
1035.96
1035.94
1035.92
1035.84
1035.76
1035.62
1035.45
1035.21
1034.93
1034.58
1034.18
1033.71
1033.17
1032.55
1031.86
1031.1
1030.27
1029.37
1028.41
1027.4
1026.32
1025.2
1024.03
1022.82
1021.59
1020.35
1019.12
1017.9
1016.68
1015.48
1014.36
1013.33
1012.39
1011.51
1013.18
1013.15
1013.15
1013.16
1013.21
1013.25
1013.31
1013.37
1013.47
1013.53
1013.58
1013.65
1013.71
1013.77
1013.8
1013.83
1013.85
1013.84
1013.84
1013.77
1013.71
1013.58
1013.42
1013.2
1012.93
1012.6
1012.2
1011.74
1011.2
1010.59
1009.9
1009.14
1008.31
1007.41
1006.44
1005.4
1004.3
1003.15
1001.94
1000.69
999.394
998.083
996.756
995.41
994.128
992.935
991.821
990.776
989.762
988.798
990.185
990.154
990.158
990.166
990.213
990.253
990.322
990.377
990.478
990.545
990.599
990.675
990.743
990.811
990.851
990.894
990.923
990.929
990.937
990.892
990.839
990.728
990.584
990.376
990.124
989.801
989.42
988.962
988.434
987.826
987.143
986.383
985.552
984.648
983.659
982.602
981.471
980.269
979.002
977.67
976.274
974.886
973.491
972.16
970.883
969.665
968.456
967.289
966.198
965.192
966.333
966.302
966.308
966.316
966.365
966.406
966.476
966.534
966.633
966.709
966.765
966.848
966.922
966.997
967.051
967.104
967.147
967.168
967.191
967.164
967.127
967.034
966.907
966.717
966.48
966.171
965.802
965.354
964.834
964.232
963.556
962.802
961.959
961.028
960
958.913
957.744
956.495
955.172
953.78
952.399
950.985
949.571
948.199
946.804
945.434
944.133
942.89
941.749
940.831
941.594
941.564
941.571
941.58
941.63
941.673
941.743
941.805
941.903
941.987
942.047
942.137
942.217
942.301
942.368
942.433
942.491
942.529
942.567
942.561
942.541
942.467
942.36
942.188
941.967
941.674
941.318
940.882
940.372
939.78
939.113
938.343
937.476
936.534
935.55
934.465
933.284
932.012
930.662
929.257
927.832
926.315
924.783
923.238
921.735
920.284
918.897
917.574
916.548
915.57
915.936
915.907
915.914
915.926
915.976
916.021
916.092
916.158
916.254
916.348
916.412
916.508
916.596
916.69
916.77
916.849
916.923
916.978
917.033
917.05
917.049
916.996
916.909
916.759
916.555
916.28
915.938
915.516
915.017
914.439
913.761
912.984
912.168
911.273
910.311
909.216
908.018
906.715
905.314
903.825
902.238
900.617
898.982
897.348
895.751
894.208
892.733
891.438
890.372
889.06
889.81
889.781
889.79
889.803
889.855
889.901
889.973
890.044
890.137
890.241
890.311
890.414
890.509
890.613
890.708
890.8
890.891
890.966
891.039
891.08
891.099
891.07
891.005
890.876
890.693
890.435
890.11
889.703
889.219
888.642
887.965
887.253
886.475
885.581
884.571
883.459
882.233
880.888
879.428
877.866
876.208
874.497
872.758
871.018
869.312
867.658
866.122
864.894
863.487
862.074
864.151
864.124
864.134
864.148
864.201
864.25
864.322
864.397
864.489
864.602
864.678
864.788
864.891
865.005
865.115
865.221
865.33
865.423
865.516
865.581
865.622
865.616
865.574
865.468
865.305
865.067
864.758
864.367
863.896
863.321
862.703
862.02
861.221
860.332
859.33
858.212
856.965
855.584
854.071
852.439
850.702
848.894
847.047
845.194
843.366
841.604
840.144
838.688
837.016
835.646
839.411
839.385
839.396
839.412
839.467
839.518
839.591
839.668
839.762
839.883
839.964
840.08
840.192
840.316
840.441
840.561
840.687
840.799
840.912
841.002
841.064
841.082
841.063
840.981
840.837
840.618
840.326
839.954
839.487
838.959
838.372
837.681
836.902
836.027
835.034
833.914
832.649
831.236
829.676
827.979
826.164
824.263
822.312
820.354
818.396
816.619
815.054
813.203
811.561
810.18
815.558
815.533
815.545
815.563
815.619
815.671
815.746
815.823
815.922
816.051
816.137
816.259
816.379
816.513
816.653
816.787
816.93
817.061
817.193
817.308
817.392
817.434
817.439
817.379
817.256
817.055
816.782
816.423
815.987
815.491
814.905
814.239
813.483
812.626
811.644
810.525
809.249
807.81
806.208
804.454
802.566
800.577
798.537
796.447
794.371
792.635
790.686
788.71
787.069
785.606
792.559
792.534
792.548
792.568
792.625
792.68
792.752
792.833
792.94
793.073
793.163
793.293
793.42
793.564
793.719
793.866
794.026
794.176
794.328
794.468
794.574
794.639
794.668
794.631
794.528
794.347
794.092
793.746
793.348
792.861
792.3
791.66
790.93
790.092
789.126
788.012
786.729
785.271
783.635
781.833
779.88
777.811
775.66
773.445
771.343
769.45
767.189
765.189
763.463
761.902
770.383
770.36
770.375
770.396
770.456
770.512
770.58
770.672
770.778
770.919
771.013
771.149
771.284
771.438
771.609
771.768
771.945
772.114
772.284
772.45
772.577
772.666
772.72
772.706
772.622
772.46
772.221
771.904
771.521
771.057
770.523
769.911
769.207
768.393
767.444
766.341
765.056
763.587
761.928
760.087
758.078
755.937
753.69
751.363
749.272
747.012
744.629
742.573
740.718
739.044
749.002
748.98
748.996
749.019
749.081
749.137
749.204
749.308
749.407
749.559
749.657
749.8
749.942
750.105
750.294
750.464
750.657
750.844
751.032
751.224
751.371
751.484
751.564
751.573
751.509
751.365
751.142
750.854
750.489
750.049
749.542
748.959
748.284
747.494
746.566
745.479
744.198
742.727
741.053
739.187
737.134
734.937
732.6
730.22
728.008
725.441
722.988
720.812
718.807
717.004
728.387
728.365
728.384
728.408
728.47
728.528
728.597
728.709
728.803
728.964
729.067
729.216
729.366
729.536
729.724
729.919
730.129
730.335
730.554
730.781
730.944
731.062
731.169
731.203
731.158
731.033
730.832
730.561
730.22
729.806
729.327
728.774
728.129
727.366
726.461
725.393
724.123
722.659
720.983
719.105
717.027
714.787
712.379
709.966
707.504
704.775
702.238
699.89
697.714
695.768
708.51
708.49
708.509
708.536
708.596
708.658
708.728
708.849
708.939
709.104
709.217
709.371
709.516
709.716
709.888
710.115
710.338
710.563
710.812
711.027
711.271
711.413
711.509
711.564
711.542
711.435
711.256
711.004
710.689
710.3
709.849
709.326
708.712
707.976
707.096
706.055
704.8
703.358
701.702
699.822
697.732
695.458
692.996
690.541
687.838
685.009
682.347
679.805
677.445
675.314
689.345
689.326
689.347
689.375
689.435
689.501
689.57
689.698
689.79
689.953
690.083
690.227
690.385
690.607
690.782
691.026
691.26
691.503
691.768
691.968
692.243
692.48
692.6
692.641
692.632
692.545
692.384
692.156
691.866
691.503
691.08
690.587
690.004
689.296
688.444
687.433
686.209
684.809
683.181
681.334
679.263
676.913
674.442
671.918
669.028
666.126
663.322
660.566
657.964
655.599
670.867
670.848
670.871
670.901
670.96
671.029
671.102
671.228
671.328
671.487
671.63
671.773
671.956
672.173
672.363
672.617
672.867
673.126
673.408
673.637
673.884
674.143
674.372
674.459
674.409
674.337
674.195
673.989
673.726
673.387
672.992
672.529
671.978
671.296
670.475
669.509
668.325
666.967
665.375
663.556
661.471
659.134
656.671
654.059
651.101
648.144
645.139
642.137
639.239
636.594
653.05
653.032
653.057
653.09
653.146
653.22
653.297
653.421
653.526
653.685
653.83
653.99
654.18
654.399
654.603
654.869
655.134
655.409
655.708
655.962
656.233
656.461
656.706
656.947
656.882
656.782
656.663
656.48
656.243
655.929
655.56
655.127
654.607
653.951
653.168
652.26
651.108
649.797
648.252
646.466
644.394
642.069
639.65
637.005
634.071
630.985
627.783
624.537
621.308
618.297
635.872
635.855
635.881
635.914
635.974
636.048
636.13
636.254
636.362
636.525
636.672
636.84
637.035
637.263
637.479
637.756
638.036
638.328
638.644
638.92
639.214
639.466
639.68
639.958
640.04
639.862
639.762
639.603
639.394
639.103
638.758
638.355
637.865
637.237
636.505
635.653
634.522
633.265
631.774
630.04
627.952
625.747
623.394
620.76
617.841
614.666
611.311
607.801
604.18
600.724
619.309
619.293
619.32
619.355
619.419
619.49
619.578
619.703
619.813
619.979
620.129
620.303
620.505
620.741
620.969
621.257
621.551
621.859
622.192
622.489
622.805
623.08
623.321
623.504
623.792
623.593
623.469
623.337
623.155
622.885
622.564
622.188
621.73
621.145
620.452
619.648
618.541
617.337
615.907
614.18
612.219
610.175
607.844
605.269
602.399
599.206
595.732
591.975
587.903
583.915
603.339
603.324
603.351
603.392
603.455
603.524
603.619
603.744
603.857
604.025
604.18
604.359
604.567
604.811
605.051
605.35
605.657
605.981
606.329
606.648
606.984
607.281
607.547
607.706
608.023
607.967
607.757
607.656
607.504
607.254
606.953
606.605
606.188
605.636
604.968
604.148
603.182
602.02
600.628
598.951
597.18
595.201
592.966
590.502
587.722
584.594
581.075
577.122
572.554
567.961
587.941
587.927
587.955
588
588.063
588.13
588.231
588.357
588.473
588.643
588.801
588.987
589.201
589.452
589.702
590.012
590.333
590.672
591.036
591.376
591.731
592.048
592.336
592.536
592.748
592.924
592.611
592.541
592.42
592.188
591.903
591.584
591.219
590.606
590.046
589.269
588.401
587.26
585.918
584.356
582.684
580.818
578.732
576.422
573.809
570.829
567.373
563.325
558.257
553.065
573.094
573.081
573.112
573.159
573.222
573.29
573.396
573.522
573.641
573.813
573.975
574.166
574.386
574.644
574.905
575.225
575.558
575.912
576.292
576.651
577.025
577.363
577.671
577.901
578.028
578.395
578.045
577.969
577.882
577.665
577.395
577.12
576.709
576.132
575.735
574.994
574.096
573.01
571.751
570.305
568.742
567.017
565.107
562.999
560.622
557.895
554.649
550.682
545.19
539.622
558.779
558.767
558.801
558.849
558.911
558.983
559.09
559.217
559.339
559.514
559.679
559.875
560.1
560.366
560.637
560.966
561.312
561.68
562.075
562.454
562.847
563.204
563.531
563.783
563.899
564.289
564.053
563.919
563.869
563.665
563.409
563.176
562.656
562.313
561.92
561.159
560.3
559.278
558.105
556.771
555.332
553.762
552.049
550.184
548.112
545.75
542.899
539.255
533.554
528.263
544.977
544.966
545.002
545.051
545.113
545.189
545.297
545.425
545.549
545.726
545.895
546.096
546.327
546.599
546.879
547.219
547.576
547.958
548.368
548.765
549.177
549.553
549.902
550.174
550.33
550.624
550.589
550.369
550.363
550.17
549.944
549.661
549.204
549.005
548.538
547.809
547.002
546.043
544.954
543.731
542.422
541.017
539.516
537.924
536.215
534.337
532.105
529.133
523.808
519.976
531.669
531.659
531.698
531.748
531.809
531.889
531.997
532.127
532.254
532.433
532.605
532.81
533.046
533.325
533.615
533.963
534.333
534.728
535.152
535.567
535.996
536.391
536.766
537.053
537.246
537.453
537.619
537.302
537.343
537.171
536.951
536.584
536.34
536.115
535.617
534.94
534.18
533.285
532.278
531.166
529.99
528.754
527.476
526.184
524.897
523.642
522.364
520.81
517.895
517.427
1254.34
1253.8
1253.25
1252.68
1252.11
1251.52
1250.93
1250.32
1249.71
1249.09
1248.46
1247.83
1247.21
1246.56
1245.91
1245.29
1244.62
1244.02
1243.3
1242.72
1242.02
1241.35
1240.69
1239.95
1239.36
1238.56
1238.01
1237.3
1236.74
1236.14
1235.55
1234.98
1234.44
1233.92
1233.42
1232.94
1232.48
1232.05
1231.63
1231.24
1230.86
1230.51
1230.17
1229.86
1229.56
1229.28
1229.01
1228.77
1228.54
1228.32
1240.81
1240.26
1239.69
1239.11
1238.52
1237.92
1237.31
1236.69
1236.07
1235.44
1234.81
1234.17
1233.53
1232.87
1232.23
1231.62
1230.92
1230.34
1229.6
1229.06
1228.34
1227.68
1227.01
1226.27
1225.72
1224.89
1224.38
1223.65
1223.11
1222.51
1221.92
1221.35
1220.81
1220.29
1219.78
1219.3
1218.85
1218.41
1217.99
1217.59
1217.22
1216.86
1216.52
1216.2
1215.9
1215.62
1215.35
1215.1
1214.87
1214.66
1226.77
1226.2
1225.62
1225.03
1224.42
1223.81
1223.18
1222.55
1221.92
1221.28
1220.63
1219.98
1219.34
1218.68
1218.04
1217.43
1216.71
1216.16
1215.39
1214.89
1214.16
1213.5
1212.84
1212.09
1211.57
1210.7
1210.25
1209.49
1208.98
1208.39
1207.78
1207.22
1206.67
1206.15
1205.65
1205.17
1204.71
1204.26
1203.84
1203.44
1203.06
1202.7
1202.36
1202.04
1201.74
1201.45
1201.18
1200.94
1200.7
1200.49
1212.2
1211.62
1211.02
1210.41
1209.79
1209.16
1208.52
1207.88
1207.24
1206.58
1205.93
1205.26
1204.63
1203.96
1203.31
1202.72
1201.97
1201.46
1200.75
1200.1
1199.44
1198.8
1198.14
1197.48
1196.8
1196.01
1195.56
1194.81
1194.33
1193.75
1193.13
1192.56
1192.02
1191.49
1190.99
1190.51
1190.04
1189.6
1189.17
1188.77
1188.39
1188.02
1187.68
1187.35
1187.05
1186.76
1186.49
1186.24
1186.01
1185.79
1197.09
1196.49
1195.87
1195.24
1194.61
1193.96
1193.31
1192.66
1192
1191.33
1190.66
1189.99
1189.37
1188.67
1188.03
1187.47
1186.79
1186.12
1185.54
1184.76
1184.18
1183.55
1182.9
1182.32
1181.51
1180.86
1180.25
1179.58
1179.16
1178.57
1177.94
1177.37
1176.82
1176.3
1175.79
1175.3
1174.84
1174.39
1173.96
1173.55
1173.17
1172.8
1172.45
1172.12
1171.81
1171.52
1171.25
1171
1170.77
1170.55
1181.41
1180.78
1180.15
1179.51
1178.85
1178.19
1177.52
1176.85
1176.18
1175.49
1174.82
1174.16
1173.55
1172.81
1172.29
1171.59
1170.99
1170.2
1169.67
1168.96
1168.36
1167.74
1167.1
1166.51
1165.75
1165.22
1164.41
1163.74
1163.37
1162.81
1162.18
1161.61
1161.07
1160.54
1160.03
1159.54
1159.07
1158.62
1158.19
1157.78
1157.38
1157.01
1156.66
1156.33
1156.02
1155.72
1155.45
1155.2
1154.96
1154.75
1165.13
1164.49
1163.84
1163.17
1162.5
1161.82
1161.14
1160.44
1159.76
1159.07
1158.39
1157.72
1157.15
1156.48
1155.87
1155.07
1154.5
1153.79
1153.24
1152.56
1151.96
1151.34
1150.71
1150.12
1149.41
1148.92
1148.09
1147.41
1146.95
1146.44
1145.85
1145.27
1144.73
1144.2
1143.69
1143.2
1142.73
1142.27
1141.83
1141.42
1141.02
1140.64
1140.29
1139.95
1139.63
1139.34
1139.06
1138.81
1138.57
1138.35
1148.24
1147.58
1146.9
1146.22
1145.53
1144.83
1144.11
1143.41
1142.74
1142.04
1141.35
1140.78
1140.1
1139.45
1138.71
1138.02
1137.44
1136.77
1136.2
1135.55
1134.95
1134.34
1133.73
1133.14
1132.45
1131.92
1131.17
1130.56
1129.97
1129.48
1128.92
1128.34
1127.79
1127.26
1126.75
1126.26
1125.78
1125.32
1124.88
1124.46
1124.05
1123.67
1123.31
1122.97
1122.65
1122.35
1122.07
1121.81
1121.57
1121.35
1130.71
1130.03
1129.33
1128.63
1127.9
1127.17
1126.46
1125.75
1125.1
1124.36
1123.8
1123.14
1122.32
1121.67
1121.01
1120.35
1119.76
1119.12
1118.53
1117.91
1117.32
1116.72
1116.11
1115.53
1114.87
1114.31
1113.61
1113.07
1112.37
1111.91
1111.35
1110.77
1110.23
1109.7
1109.19
1108.69
1108.21
1107.74
1107.3
1106.87
1106.46
1106.07
1105.7
1105.36
1105.03
1104.73
1104.45
1104.19
1103.95
1103.73
1112.52
1111.81
1111.09
1110.34
1109.59
1108.87
1108.15
1107.42
1106.8
1106.16
1105.48
1104.68
1103.93
1103.31
1102.67
1102.02
1101.43
1100.8
1100.22
1099.62
1099.04
1098.45
1097.86
1097.28
1096.64
1096.08
1095.41
1094.94
1094.14
1093.7
1093.12
1092.57
1092.03
1091.5
1090.98
1090.48
1090
1089.52
1089.07
1088.64
1088.22
1087.83
1087.45
1087.1
1086.77
1086.46
1086.17
1085.91
1085.67
1085.44
1093.64
1092.89
1092.12
1091.36
1090.62
1089.88
1089.13
1088.51
1087.84
1087.12
1086.29
1085.59
1084.91
1084.27
1083.64
1083.01
1082.42
1081.81
1081.24
1080.66
1080.09
1079.52
1078.94
1078.37
1077.75
1077.18
1076.55
1076.08
1075.31
1074.85
1074.23
1073.7
1073.16
1072.63
1072.11
1071.61
1071.12
1070.64
1070.17
1069.73
1069.31
1068.91
1068.53
1068.17
1067.83
1067.51
1067.22
1066.95
1066.71
1066.49
1074
1073.22
1072.46
1071.7
1070.94
1070.17
1069.55
1068.9
1068.02
1067.22
1066.51
1065.84
1065.17
1064.53
1063.91
1063.29
1062.71
1062.12
1061.56
1061
1060.44
1059.89
1059.32
1058.76
1058.16
1057.59
1056.98
1056.45
1055.86
1055.3
1054.67
1054.14
1053.6
1053.07
1052.55
1052.05
1051.55
1051.06
1050.59
1050.14
1049.71
1049.3
1048.91
1048.54
1048.2
1047.87
1047.57
1047.3
1047.05
1046.83
1053.62
1052.86
1052.1
1051.3
1050.5
1049.86
1049.16
1048.29
1047.42
1046.71
1046.02
1045.35
1044.69
1044.06
1043.44
1042.85
1042.28
1041.71
1041.16
1040.62
1040.08
1039.54
1038.99
1038.45
1037.87
1037.3
1036.71
1036.11
1035.69
1035.02
1034.41
1033.88
1033.34
1032.8
1032.28
1031.77
1031.26
1030.76
1030.28
1029.83
1029.39
1028.97
1028.58
1028.2
1027.84
1027.51
1027.2
1026.92
1026.67
1026.44
1032.55
1031.75
1030.92
1030.1
1029.43
1028.69
1027.77
1026.93
1026.17
1025.46
1024.76
1024.09
1023.44
1022.83
1022.23
1021.65
1021.1
1020.55
1020.02
1019.5
1018.98
1018.45
1017.93
1017.4
1016.84
1016.27
1015.71
1015.11
1014.72
1014.01
1013.45
1012.9
1012.36
1011.82
1011.28
1010.76
1010.25
1009.75
1009.27
1008.79
1008.34
1007.91
1007.5
1007.11
1006.74
1006.39
1006.08
1005.79
1005.53
1005.31
1010.66
1009.79
1008.94
1008.24
1007.45
1006.5
1005.64
1004.87
1004.12
1003.4
1002.71
1002.05
1001.41
1000.81
1000.23
999.675
999.14
998.622
998.111
997.613
997.113
996.616
996.115
995.601
995.069
994.531
993.968
993.415
992.95
992.27
991.734
991.183
990.633
990.09
989.549
989.006
988.489
987.991
987.495
987.012
986.544
986.097
985.66
985.261
984.877
984.531
984.206
983.911
983.643
983.398
987.906
987.008
986.265
985.434
984.441
983.558
982.754
981.977
981.226
980.512
979.83
979.185
978.572
977.986
977.426
976.898
976.398
975.915
975.449
974.979
974.501
974.018
973.528
973.032
972.524
971.989
971.446
970.927
970.418
969.744
969.206
968.667
968.122
967.574
967.026
966.481
965.956
965.442
964.934
964.439
963.964
963.501
963.042
962.622
962.233
961.874
961.539
961.233
960.955
960.706
964.33
963.497
962.61
961.571
960.658
959.816
959.002
958.218
957.473
956.773
956.103
955.479
954.894
954.348
953.839
953.338
952.857
952.396
951.95
951.494
951.045
950.591
950.123
949.642
949.126
948.621
948.08
947.584
947.037
946.398
945.868
945.327
944.781
944.234
943.683
943.14
942.599
942.067
941.545
941.032
940.528
940.048
939.604
939.182
938.769
938.388
938.04
937.723
937.436
937.179
939.931
938.935
937.858
936.91
936.026
935.168
934.349
933.57
932.845
932.161
931.543
930.951
930.381
929.855
929.364
928.897
928.45
928.01
927.586
927.157
926.731
926.298
925.85
925.386
924.889
924.391
923.867
923.386
922.823
922.2
921.672
921.129
920.581
920.03
919.48
918.927
918.375
917.83
917.294
916.768
916.253
915.76
915.294
914.846
914.429
914.043
913.681
913.351
913.052
912.782
914.387
913.276
912.288
911.357
910.457
909.602
908.79
908.029
907.316
906.657
906.036
905.466
904.951
904.46
903.992
903.556
903.134
902.723
902.32
901.918
901.517
901.112
900.689
900.244
899.767
899.28
898.766
898.304
897.731
897.133
896.605
896.061
895.511
894.956
894.399
893.839
893.278
892.721
892.172
891.631
891.101
890.589
890.102
889.639
889.207
888.8
888.427
888.077
887.754
887.466
887.83
886.788
885.812
884.857
883.946
883.082
882.273
881.52
880.824
880.175
879.592
879.054
878.562
878.106
877.677
877.273
876.885
876.509
876.139
875.763
875.386
875.002
874.605
874.19
873.738
873.264
872.757
872.321
871.736
871.165
870.637
870.094
869.542
868.985
868.422
867.855
867.285
866.717
866.153
865.596
865.048
864.515
864.004
863.517
863.058
862.629
862.23
861.859
861.522
861.221
860.915
859.856
858.825
857.834
856.9
856.033
855.231
854.499
853.826
853.21
852.658
852.158
851.703
851.286
850.897
850.532
850.177
849.838
849.508
849.172
848.833
848.481
848.11
847.7
847.262
846.8
846.296
845.902
845.297
844.754
844.228
843.686
843.135
842.577
842.01
841.437
840.858
840.278
839.702
839.129
838.559
838.002
837.466
836.953
836.465
836.008
835.582
835.189
834.832
834.514
834.462
833.343
832.27
831.259
830.316
829.45
828.66
827.946
827.303
826.725
826.21
825.752
825.337
824.959
824.617
824.297
823.991
823.692
823.393
823.099
822.792
822.465
822.117
821.72
821.288
820.841
820.358
819.962
819.36
818.844
818.322
817.784
817.236
816.679
816.111
815.533
814.946
814.356
813.769
813.182
812.589
812.006
811.45
810.911
810.386
809.899
809.447
809.025
808.643
808.301
808.927
807.753
806.643
805.608
804.657
803.795
803.02
802.332
801.724
801.184
800.714
800.304
799.94
799.616
799.317
799.038
798.779
798.518
798.255
797.988
797.707
797.404
797.069
796.679
796.271
795.837
795.394
794.951
794.387
793.888
793.372
792.841
792.298
791.743
791.176
790.597
790.003
789.402
788.813
788.22
787.612
787.053
786.472
785.896
785.345
784.803
784.283
783.828
783.416
783.047
784.281
783.053
781.904
780.846
779.889
779.035
778.279
777.622
777.058
776.569
776.153
775.79
775.479
775.206
774.952
774.714
774.491
774.267
774.036
773.798
773.541
773.251
772.927
772.558
772.17
771.747
771.335
770.868
770.339
769.852
769.343
768.819
768.283
767.734
767.171
766.593
765.998
765.415
764.834
764.218
763.646
763.052
762.437
761.833
761.239
760.662
760.101
759.579
759.114
758.721
760.5
759.212
758.021
756.938
755.976
755.137
754.409
753.8
753.278
752.845
752.482
752.172
751.911
751.684
751.473
751.276
751.091
750.902
750.7
750.482
750.241
749.968
749.661
749.319
748.949
748.536
748.155
747.674
747.177
746.699
746.199
745.684
745.156
744.615
744.06
743.493
742.929
742.389
741.778
741.164
740.514
739.88
739.243
738.609
737.993
737.379
736.814
736.267
735.753
735.294
737.554
736.195
734.958
733.85
732.899
732.08
731.395
730.823
730.35
729.967
729.658
729.403
729.189
729.008
728.845
728.686
728.535
728.373
728.199
728.001
727.778
727.529
727.246
726.927
726.577
726.183
725.811
725.332
724.864
724.394
723.905
723.399
722.881
722.351
721.806
721.249
720.684
720.108
719.494
718.874
718.246
717.6
716.947
716.286
715.632
714.99
714.372
713.774
713.234
712.763
715.413
713.976
712.695
711.576
710.614
709.815
709.163
708.634
708.218
707.896
707.636
707.433
707.266
707.126
707.009
706.897
706.779
706.648
706.503
706.333
706.136
705.908
705.649
705.352
705.021
704.654
704.271
703.813
703.366
702.907
702.428
701.933
701.427
700.908
700.374
699.826
699.266
698.69
698.084
697.461
696.824
696.169
695.498
694.812
694.123
693.436
692.766
692.124
691.531
690.991
694.054
692.53
691.179
690.027
689.068
688.293
687.678
687.206
686.847
686.579
686.378
686.231
686.12
686.032
685.959
685.888
685.808
685.713
685.598
685.455
685.281
685.075
684.837
684.562
684.249
683.906
683.519
683.086
682.654
682.206
681.739
681.254
680.76
680.255
679.733
679.196
678.644
678.073
677.475
676.857
676.219
675.559
674.874
674.167
673.443
672.71
671.983
671.277
670.617
670.023
673.439
671.789
670.357
669.168
668.208
667.459
666.895
666.485
666.196
665.999
665.868
665.784
665.732
665.697
665.67
665.641
665.599
665.54
665.455
665.337
665.186
664.999
664.783
664.527
664.233
663.911
663.526
663.116
662.697
662.26
661.805
661.33
660.85
660.361
659.852
659.328
658.789
658.229
657.642
657.031
656.398
655.74
655.049
654.323
653.568
652.79
652.002
651.22
650.474
649.79
653.501
651.695
650.164
648.932
647.985
647.286
646.791
646.46
646.254
646.137
646.082
646.067
646.074
646.094
646.116
646.128
646.125
646.1
646.045
645.952
645.821
645.653
645.457
645.221
644.95
644.639
644.263
643.874
643.467
643.042
642.6
642.133
641.667
641.197
640.704
640.195
639.671
639.126
638.553
637.952
637.33
636.683
635.994
635.258
634.477
633.655
632.802
631.936
631.086
630.292
634.208
632.195
630.552
629.289
628.373
627.744
627.34
627.107
626.997
626.97
626.997
627.054
627.124
627.2
627.27
627.324
627.358
627.369
627.344
627.273
627.161
627.008
626.833
626.616
626.37
626.064
625.703
625.332
624.936
624.524
624.095
623.633
623.183
622.735
622.258
621.765
621.261
620.734
620.177
619.591
618.985
618.361
617.683
616.946
616.147
615.288
614.371
613.41
612.437
611.504
615.504
613.234
611.468
610.189
609.331
608.802
608.517
608.402
608.402
608.475
608.59
608.723
608.856
608.988
609.108
609.203
609.274
609.321
609.325
609.275
609.18
609.039
608.884
608.685
608.466
608.165
607.818
607.465
607.079
606.679
606.265
605.803
605.369
604.949
604.487
604.012
603.529
603.027
602.488
601.915
601.332
600.745
600.092
599.364
598.559
597.673
596.695
595.633
594.515
593.406
597.327
594.733
592.839
591.576
590.82
590.432
590.297
590.325
590.45
590.631
590.842
591.053
591.248
591.437
591.606
591.74
591.848
591.931
591.965
591.933
591.852
591.72
591.584
591.404
591.213
590.918
590.583
590.245
589.869
589.484
589.085
588.616
588.198
587.813
587.366
586.907
586.451
585.976
585.458
584.896
584.338
583.808
583.193
582.488
581.692
580.795
579.77
578.606
577.318
575.982
579.581
576.583
574.581
573.391
572.802
572.61
572.664
572.859
573.124
573.423
573.734
574.024
574.279
574.525
574.743
574.912
575.055
575.178
575.242
575.226
575.154
575.025
574.91
574.749
574.588
574.299
573.972
573.651
573.283
572.914
572.532
572.046
571.644
571.303
570.87
570.424
569.998
569.558
569.06
568.502
567.97
567.521
566.962
566.291
565.523
564.641
563.592
562.334
560.856
559.229
562.11
558.632
556.59
555.576
555.247
555.319
555.607
555.995
556.411
556.833
557.25
557.618
557.927
558.229
558.497
558.698
558.873
559.037
559.133
559.129
559.063
558.932
558.836
558.696
558.569
558.285
557.962
557.658
557.296
556.945
556.583
556.067
555.683
555.403
554.977
554.538
554.146
553.75
553.271
552.701
552.192
551.861
551.377
550.751
550.031
549.197
548.165
546.837
545.158
543.164
544.681
540.682
538.76
538.082
538.141
538.557
539.123
539.726
540.301
540.847
541.374
541.819
542.172
542.53
542.847
543.073
543.278
543.49
543.618
543.622
543.556
543.415
543.341
543.223
543.139
542.861
542.539
542.257
541.897
541.548
541.209
540.649
540.282
540.084
539.662
539.222
538.869
538.531
538.069
537.467
536.987
536.851
536.462
535.858
535.207
534.478
533.49
532.125
530.267
527.825
526.963
522.463
520.981
520.888
521.491
522.336
523.221
524.053
524.785
525.452
526.093
526.608
526.992
527.408
527.775
528.008
528.242
528.521
528.688
528.69
528.603
528.448
528.417
528.349
528.312
528.007
527.663
527.406
527.061
526.755
526.442
525.786
525.424
525.358
524.915
524.443
524.156
523.909
523.471
522.756
522.299
522.431
522.146
521.558
520.973
520.378
519.553
518.235
516.281
513.315
508.155
503.315
503.026
503.957
505.313
506.672
507.908
508.975
509.846
510.626
511.393
511.973
512.358
512.832
513.262
513.494
513.74
514.111
514.364
514.408
514.346
514.064
514.075
514.078
514.15
513.899
513.375
513.093
512.757
512.703
513.679
514.749
514.614
514.089
514.26
513.667
512.219
511.792
511.645
511.914
511.347
510.044
508.287
507.76
507.352
507.01
506.433
505.366
503.605
500.094
485.491
481.707
484.444
487.167
489.566
491.537
493.153
494.46
495.466
496.342
497.264
497.928
498.319
498.804
499.307
499.715
500.433
500.564
500.547
500.68
500.77
503.638
504.021
504.223
503.55
500.458
501.403
502.881
503.069
502.379
501.636
501.871
501.693
500.944
499.783
499.172
499.265
499.084
498.834
498.369
498.187
497.52
497.409
497.536
497.589
497.372
497.368
497.16
495.839
489.505
457.054
460.389
467.158
471.284
474.589
477.243
479.186
480.567
481.742
483.822
485.034
484.721
485.342
487.715
488.093
488.319
488.266
488.411
489.057
487.803
487.833
489.792
490.155
489.902
489.262
487.38
487.878
488.596
488.338
488.212
488.463
490.216
490.285
488.789
487.559
487.018
486.963
486.377
486.361
486.648
486.629
484.903
483.976
483.947
484.053
484.32
484.716
485.195
485.513
481.674
1228.12
1227.93
1227.74
1227.56
1227.39
1227.22
1227.06
1226.9
1226.75
1226.61
1226.48
1226.36
1226.25
1226.15
1226.07
1225.98
1225.85
1225.76
1225.75
1225.72
1225.66
1225.61
1225.57
1225.52
1225.47
1225.4
1225.35
1225.29
1225.22
1225.16
1225.07
1224.98
1224.87
1224.75
1224.62
1224.48
1224.35
1224.21
1224.06
1223.94
1223.77
1223.66
1223.55
1223.48
1223.35
1223.28
1223.25
1223.41
1223.84
1224.86
1225.7
1227.22
1226.23
1227.88
1227.53
1228.41
1228.81
1229.45
1230.07
1230.59
1231.19
1231.68
1232.21
1232.73
1233.25
1233.81
1234.34
1234.86
1235.29
1235.7
1236.1
1236.43
1236.73
1237.02
1237.26
1237.47
1237.69
1237.97
1238.31
1238.7
1239.09
1239.4
1239.62
1239.79
1239.96
1240.17
1240.36
1240.41
1240.31
1240.14
1239.98
1239.88
1239.85
1239.81
1239.59
1239.23
1238.83
1238.53
1238.35
1238.26
1238.19
1237.94
1237.51
1237
1236.53
1236.17
1235.94
1235.79
1235.56
1235.1
1234.51
1233.99
1233.64
1233.51
1233.51
1233.02
1232.29
1231.63
1231.2
1231.08
1231.24
1230.62
1229.75
1229.08
1228.69
1228.6
1228.69
1227.9
1227.06
1226.61
1226.55
1227.14
1226.19
1225.21
1224.68
1224.51
1224.62
1224.5
1223.62
1222.96
1222.75
1222.82
1223.99
1223.58
1223.08
1222.67
1222.29
1221.92
1221.48
1221.23
1214.46
1214.26
1214.08
1213.9
1213.73
1213.57
1213.41
1213.26
1213.11
1212.98
1212.85
1212.73
1212.62
1212.52
1212.44
1212.36
1212.3
1212.19
1212.11
1212.11
1212.08
1212.04
1212.01
1211.98
1211.95
1211.9
1211.85
1211.79
1211.73
1211.67
1211.59
1211.51
1211.4
1211.29
1211.17
1211.03
1210.9
1210.75
1210.59
1210.45
1210.27
1210.13
1209.97
1209.84
1209.66
1209.51
1209.42
1209.47
1209.69
1210.33
1211.21
1212.2
1212.41
1214.25
1212.56
1213.8
1213.97
1214.65
1215.28
1215.72
1216.34
1216.75
1217.27
1217.75
1218.25
1218.81
1219.31
1219.83
1220.23
1220.61
1220.99
1221.29
1221.56
1221.82
1222.03
1222.19
1222.37
1222.62
1222.96
1223.37
1223.78
1224.09
1224.28
1224.42
1224.58
1224.81
1225.03
1225.08
1224.94
1224.72
1224.53
1224.44
1224.43
1224.42
1224.19
1223.78
1223.35
1223.03
1222.85
1222.8
1222.79
1222.54
1222.07
1221.51
1221.01
1220.64
1220.44
1220.34
1220.16
1219.67
1219.02
1218.46
1218.12
1218.05
1218.19
1217.67
1216.84
1216.14
1215.71
1215.66
1216.02
1215.32
1214.35
1213.65
1213.28
1213.27
1213.53
1212.63
1211.69
1211.26
1211.25
1212.16
1211.02
1209.93
1209.44
1209.34
1209.62
1210.35
1209.95
1209.33
1208.89
1208.39
1207.99
1208.32
1208.45
1208.55
1208.54
1208.51
1208.48
1208.73
1200.29
1200.1
1199.91
1199.74
1199.57
1199.41
1199.26
1199.11
1198.97
1198.84
1198.72
1198.6
1198.5
1198.4
1198.32
1198.24
1198.19
1198.14
1198.05
1198
1197.97
1197.97
1197.95
1197.92
1197.9
1197.88
1197.85
1197.8
1197.75
1197.69
1197.61
1197.54
1197.45
1197.34
1197.23
1197.09
1196.96
1196.81
1196.65
1196.5
1196.31
1196.14
1195.96
1195.78
1195.57
1195.38
1195.23
1195.2
1195.34
1195.69
1196.17
1196.6
1197.16
1197.71
1198.74
1199.03
1198.58
1199.35
1200
1200.3
1200.98
1201.28
1201.8
1202.24
1202.69
1203.27
1203.74
1204.27
1204.62
1204.96
1205.33
1205.59
1205.82
1206.07
1206.24
1206.34
1206.48
1206.7
1207.05
1207.47
1207.91
1208.22
1208.38
1208.49
1208.63
1208.88
1209.15
1209.19
1209.01
1208.74
1208.51
1208.42
1208.44
1208.48
1208.24
1207.78
1207.29
1206.94
1206.77
1206.77
1206.85
1206.59
1206.07
1205.46
1204.91
1204.54
1204.37
1204.34
1204.23
1203.69
1202.96
1202.36
1202.02
1202.01
1202.37
1201.78
1200.84
1200.08
1199.65
1199.66
1200.31
1199.5
1198.39
1197.65
1197.31
1197.39
1197.9
1196.81
1195.76
1195.38
1195.45
1197.06
1196.53
1195.83
1195.24
1194.73
1194.26
1194.19
1194.6
1194.62
1194.66
1194.65
1195.05
1195.01
1194.79
1194.6
1194.41
1194.25
1194.04
1193.99
1185.59
1185.4
1185.22
1185.05
1184.88
1184.73
1184.58
1184.44
1184.3
1184.18
1184.06
1183.96
1183.86
1183.76
1183.69
1183.61
1183.55
1183.51
1183.47
1183.41
1183.37
1183.34
1183.37
1183.36
1183.34
1183.32
1183.3
1183.29
1183.26
1183.21
1183.14
1183.06
1182.98
1182.88
1182.78
1182.65
1182.52
1182.38
1182.22
1182.06
1181.87
1181.69
1181.49
1181.28
1181.05
1180.83
1180.65
1180.57
1180.62
1180.83
1181.1
1181.3
1181.57
1181.85
1183.1
1183.16
1184.11
1183.66
1184.25
1184.3
1185.15
1185.24
1185.79
1186.17
1186.56
1187.2
1187.59
1188.17
1188.44
1188.74
1189.13
1189.32
1189.51
1189.75
1189.87
1189.91
1189.99
1190.19
1190.53
1190.99
1191.47
1191.78
1191.91
1191.97
1192.09
1192.36
1192.7
1192.74
1192.5
1192.16
1191.9
1191.8
1191.87
1191.99
1191.72
1191.19
1190.63
1190.25
1190.09
1190.14
1190.36
1190.1
1189.5
1188.81
1188.21
1187.82
1187.7
1187.77
1187.76
1187.15
1186.32
1185.67
1185.32
1185.39
1186.04
1185.35
1184.25
1183.42
1182.98
1183.07
1184.14
1183.12
1181.83
1181.08
1180.78
1181.02
1182.43
1181.97
1181.16
1180.54
1179.9
1179.53
1179.96
1180.1
1180.18
1180.18
1180.2
1180.52
1180.46
1180.14
1179.98
1179.77
1179.71
1179.91
1179.96
1179.99
1179.92
1179.87
1179.77
1179.87
1170.35
1170.16
1169.99
1169.81
1169.65
1169.5
1169.35
1169.22
1169.09
1168.97
1168.87
1168.77
1168.67
1168.59
1168.51
1168.45
1168.39
1168.35
1168.32
1168.28
1168.28
1168.23
1168.21
1168.25
1168.25
1168.24
1168.23
1168.21
1168.19
1168.17
1168.14
1168.07
1167.99
1167.9
1167.8
1167.69
1167.57
1167.43
1167.27
1167.11
1166.92
1166.73
1166.53
1166.31
1166.07
1165.84
1165.64
1165.52
1165.49
1165.59
1165.71
1165.82
1165.87
1165.95
1166.65
1166.68
1167.99
1168.16
1169.06
1167.68
1168.89
1168.57
1169.24
1169.54
1169.83
1170.58
1170.84
1171.53
1171.68
1171.92
1172.35
1172.46
1172.6
1172.85
1172.92
1172.87
1172.88
1173.04
1173.39
1173.9
1174.44
1174.75
1174.83
1174.83
1174.92
1175.22
1175.68
1175.71
1175.39
1174.97
1174.65
1174.55
1174.69
1174.92
1174.62
1173.99
1173.36
1172.94
1172.77
1172.9
1173.33
1173.05
1172.34
1171.55
1170.89
1170.49
1170.42
1170.62
1170.75
1170.04
1169.06
1168.35
1167.99
1168.14
1169.24
1168.36
1167.04
1166.15
1165.72
1165.91
1167.85
1167.4
1166.62
1165.89
1165.23
1164.61
1164.44
1164.97
1164.97
1165.05
1165.07
1165.61
1165.56
1165.27
1165.02
1164.84
1164.64
1164.73
1164.99
1164.94
1164.94
1164.87
1165.04
1165.14
1165.09
1165.05
1164.95
1164.89
1164.78
1164.83
1154.55
1154.36
1154.18
1154.01
1153.85
1153.7
1153.56
1153.43
1153.31
1153.2
1153.1
1153.01
1152.93
1152.85
1152.79
1152.73
1152.68
1152.64
1152.61
1152.59
1152.59
1152.59
1152.55
1152.56
1152.57
1152.6
1152.6
1152.6
1152.58
1152.57
1152.54
1152.51
1152.46
1152.38
1152.29
1152.18
1152.06
1151.94
1151.79
1151.63
1151.45
1151.26
1151.05
1150.83
1150.59
1150.36
1150.15
1149.99
1149.91
1149.92
1149.93
1149.94
1149.93
1149.94
1150.28
1150.15
1150.73
1150.95
1151.97
1152.17
1152.96
1151.22
1152.19
1152.33
1152.43
1153.44
1153.44
1154.38
1154.31
1154.46
1155.02
1154.99
1155.06
1155.35
1155.36
1155.2
1155.12
1155.25
1155.61
1156.17
1156.82
1157.13
1157.14
1157.05
1157.09
1157.44
1158.08
1158.1
1157.67
1157.14
1156.76
1156.66
1156.88
1157.29
1156.94
1156.18
1155.45
1154.97
1154.79
1155.01
1155.77
1155.44
1154.57
1153.65
1152.91
1152.5
1152.51
1152.88
1153.22
1152.34
1151.16
1150.38
1150.03
1150.29
1152.36
1151.99
1151.2
1150.43
1149.68
1148.99
1148.69
1149.19
1149.29
1149.36
1149.33
1149.39
1149.9
1149.86
1149.48
1149.26
1149.01
1149
1149.25
1149.3
1149.31
1149.29
1149.24
1149.42
1149.56
1149.43
1149.41
1149.33
1149.41
1149.54
1149.53
1149.52
1149.45
1149.41
1149.32
1149.37
1138.15
1137.97
1137.79
1137.63
1137.47
1137.32
1137.19
1137.06
1136.95
1136.85
1136.75
1136.67
1136.6
1136.53
1136.48
1136.43
1136.39
1136.35
1136.33
1136.31
1136.32
1136.33
1136.34
1136.33
1136.34
1136.35
1136.39
1136.41
1136.41
1136.4
1136.38
1136.35
1136.32
1136.28
1136.22
1136.12
1136.01
1135.88
1135.74
1135.59
1135.42
1135.24
1135.03
1134.82
1134.58
1134.35
1134.14
1133.96
1133.84
1133.78
1133.72
1133.65
1133.59
1133.49
1133.68
1133.5
1133.75
1133.69
1133.99
1134.29
1135.17
1135.43
1135.61
1134.56
1134.33
1135.87
1135.29
1136.78
1136.28
1136.32
1137.16
1136.88
1136.86
1137.27
1137.19
1136.87
1136.69
1136.77
1137.15
1137.79
1138.59
1138.9
1138.8
1138.6
1138.58
1138.99
1139.92
1139.91
1139.31
1138.65
1138.18
1138.09
1138.41
1139.1
1138.66
1137.72
1136.88
1136.32
1136.11
1136.43
1137.73
1137.27
1136.18
1135.08
1134.26
1133.84
1133.97
1134.59
1135.98
1135.62
1134.83
1134.05
1133.29
1132.58
1132.38
1132.92
1133
1133.04
1133.01
1133.12
1133.72
1133.73
1133.41
1133.1
1132.85
1132.62
1132.7
1133.01
1132.96
1132.99
1132.94
1133.19
1133.32
1133.26
1133.19
1133.16
1133.09
1133.23
1133.4
1133.32
1133.32
1133.26
1133.36
1133.48
1133.47
1133.46
1133.39
1133.36
1133.28
1133.33
1121.16
1120.97
1120.8
1120.63
1120.48
1120.34
1120.21
1120.09
1119.98
1119.88
1119.8
1119.72
1119.66
1119.61
1119.56
1119.52
1119.49
1119.47
1119.46
1119.45
1119.46
1119.47
1119.49
1119.51
1119.55
1119.55
1119.58
1119.6
1119.64
1119.64
1119.64
1119.62
1119.6
1119.55
1119.51
1119.45
1119.37
1119.26
1119.13
1118.97
1118.81
1118.64
1118.44
1118.23
1118.01
1117.79
1117.57
1117.38
1117.23
1117.12
1117.01
1116.88
1116.78
1116.6
1116.68
1116.42
1116.53
1116.33
1116.4
1116.36
1116.59
1116.83
1117.69
1118.11
1117.2
1118.15
1116.24
1118.89
1117.55
1117.42
1118.83
1118.09
1117.93
1118.6
1118.4
1117.85
1117.55
1117.57
1117.97
1118.71
1119.76
1120.07
1119.82
1119.46
1119.33
1119.79
1121.2
1121.12
1120.3
1119.46
1118.89
1118.8
1119.24
1120.38
1119.78
1118.58
1117.6
1116.95
1116.72
1117.14
1119.61
1119.46
1118.82
1118.12
1117.33
1116.6
1115.97
1115.5
1115.6
1116.12
1116.1
1116.1
1116.07
1116.2
1116.84
1116.88
1116.56
1116.23
1115.94
1115.71
1115.75
1116.03
1116.06
1116.06
1116.02
1115.99
1116.25
1116.43
1116.28
1116.27
1116.19
1116.34
1116.5
1116.5
1116.48
1116.47
1116.42
1116.56
1116.71
1116.64
1116.66
1116.61
1116.7
1116.81
1116.81
1116.81
1116.75
1116.72
1116.65
1116.71
1103.53
1103.34
1103.17
1103.01
1102.86
1102.72
1102.59
1102.48
1102.38
1102.29
1102.21
1102.15
1102.09
1102.05
1102.02
1101.99
1101.98
1101.97
1101.96
1101.97
1101.98
1102
1102.03
1102.06
1102.1
1102.14
1102.17
1102.19
1102.23
1102.25
1102.28
1102.28
1102.27
1102.24
1102.2
1102.14
1102.07
1102
1101.9
1101.77
1101.61
1101.44
1101.25
1101.05
1100.85
1100.63
1100.42
1100.23
1100.06
1099.91
1099.76
1099.59
1099.46
1099.24
1099.21
1098.91
1098.9
1098.61
1098.58
1098.38
1098.39
1098.32
1098.42
1098.69
1099.09
1100.23
1098.77
1101.25
1097.93
1097.65
1100.22
1098.55
1098.21
1099.41
1098.99
1098.1
1097.66
1097.62
1098.05
1098.89
1100.36
1100.63
1100.15
1099.58
1099.3
1099.79
1102.01
1101.75
1100.59
1099.52
1098.85
1098.77
1099.39
1101.8
1101.62
1100.85
1100.09
1099.27
1098.44
1097.75
1097.71
1098.39
1098.5
1098.55
1098.53
1098.51
1098.62
1098.8
1099.27
1099.25
1098.89
1098.56
1098.28
1098.05
1098.14
1098.45
1098.47
1098.46
1098.42
1098.42
1098.7
1098.88
1098.8
1098.72
1098.66
1098.6
1098.78
1098.97
1098.9
1098.93
1098.89
1099.04
1099.18
1099.19
1099.17
1099.18
1099.15
1099.28
1099.41
1099.36
1099.39
1099.35
1099.44
1099.53
1099.54
1099.54
1099.49
1099.48
1099.42
1099.47
1085.24
1085.06
1084.89
1084.73
1084.58
1084.44
1084.32
1084.22
1084.12
1084.04
1083.97
1083.92
1083.88
1083.85
1083.82
1083.81
1083.81
1083.81
1083.83
1083.84
1083.87
1083.89
1083.93
1083.97
1084.02
1084.07
1084.11
1084.17
1084.2
1084.23
1084.26
1084.28
1084.3
1084.28
1084.26
1084.22
1084.16
1084.09
1084
1083.91
1083.79
1083.63
1083.46
1083.27
1083.06
1082.85
1082.65
1082.46
1082.27
1082.1
1081.93
1081.74
1081.57
1081.32
1081.21
1080.9
1080.8
1080.45
1080.33
1080.04
1079.94
1079.75
1079.68
1079.69
1079.3
1080.09
1079.54
1081.14
1080.68
1079.24
1081.94
1078.07
1077.54
1079.82
1078.99
1077.58
1076.99
1076.88
1077.34
1078.27
1080.46
1080.61
1079.77
1078.9
1078.41
1078.88
1082.82
1082.87
1082.18
1081.44
1080.59
1079.77
1079.07
1079.24
1080.07
1080.1
1080.14
1080.03
1080.05
1080.27
1080.99
1081.17
1080.95
1080.67
1080.33
1080.05
1079.88
1079.75
1079.93
1080.22
1080.18
1080.16
1080.12
1080.13
1080.44
1080.64
1080.56
1080.47
1080.41
1080.37
1080.54
1080.73
1080.71
1080.69
1080.68
1080.66
1080.82
1080.99
1080.94
1080.99
1080.96
1081.1
1081.22
1081.24
1081.24
1081.26
1081.25
1081.37
1081.47
1081.45
1081.48
1081.46
1081.55
1081.62
1081.63
1081.64
1081.6
1081.59
1081.54
1081.59
1066.28
1066.1
1065.93
1065.77
1065.62
1065.49
1065.38
1065.28
1065.19
1065.12
1065.06
1065.02
1064.98
1064.96
1064.96
1064.96
1064.97
1064.99
1065.01
1065.05
1065.08
1065.13
1065.17
1065.22
1065.28
1065.33
1065.39
1065.45
1065.51
1065.56
1065.6
1065.63
1065.65
1065.66
1065.66
1065.64
1065.6
1065.54
1065.46
1065.37
1065.26
1065.14
1065.01
1064.84
1064.65
1064.45
1064.24
1064.04
1063.85
1063.67
1063.48
1063.27
1063.07
1062.81
1062.65
1062.32
1062.15
1061.79
1061.58
1061.24
1061.04
1060.78
1060.57
1060.5
1060.12
1060.54
1059.51
1060.43
1059.76
1059.76
1061.26
1060.06
1058.59
1060.57
1058.4
1056.18
1055.51
1055.29
1055.8
1056.73
1060.67
1061.21
1060.84
1060.23
1059.35
1058.46
1058.62
1059.83
1060.12
1060.38
1060.46
1060.63
1060.92
1061.73
1061.92
1061.62
1061.32
1060.96
1060.73
1060.55
1060.72
1061.1
1061.17
1061.2
1061.15
1061.12
1061.17
1061.23
1061.49
1061.66
1061.56
1061.47
1061.42
1061.39
1061.58
1061.78
1061.77
1061.75
1061.74
1061.73
1061.9
1062.07
1062.07
1062.06
1062.06
1062.06
1062.21
1062.35
1062.32
1062.39
1062.37
1062.51
1062.61
1062.65
1062.66
1062.69
1062.68
1062.79
1062.89
1062.88
1062.92
1062.91
1062.98
1063.06
1063.06
1063.09
1063.05
1063.05
1063.01
1063.05
1046.62
1046.44
1046.27
1046.11
1045.97
1045.84
1045.73
1045.63
1045.56
1045.49
1045.45
1045.41
1045.39
1045.38
1045.39
1045.41
1045.43
1045.47
1045.51
1045.56
1045.61
1045.67
1045.73
1045.79
1045.85
1045.92
1045.99
1046.06
1046.13
1046.19
1046.25
1046.3
1046.33
1046.36
1046.37
1046.37
1046.34
1046.31
1046.25
1046.17
1046.07
1045.96
1045.83
1045.69
1045.54
1045.37
1045.17
1044.97
1044.77
1044.57
1044.37
1044.15
1043.94
1043.67
1043.46
1043.14
1042.91
1042.55
1042.28
1041.92
1041.65
1041.34
1041.03
1040.89
1040.4
1040.61
1039.75
1040.24
1039.59
1038.79
1039.68
1038.56
1038.04
1039.58
1039.37
1036.96
1035.95
1035.31
1035.16
1034.72
1035.6
1037.27
1037.86
1038.35
1038.67
1039.21
1040.49
1041.06
1041
1040.87
1040.63
1040.49
1040.37
1040.7
1041.2
1041.23
1041.27
1041.18
1041.19
1041.27
1041.62
1041.9
1041.89
1041.85
1041.75
1041.69
1041.71
1041.73
1041.92
1042.1
1042.06
1042.04
1042.04
1042.05
1042.24
1042.4
1042.41
1042.4
1042.41
1042.43
1042.58
1042.72
1042.74
1042.74
1042.77
1042.78
1042.92
1043.04
1043.04
1043.11
1043.11
1043.24
1043.33
1043.37
1043.39
1043.43
1043.44
1043.53
1043.63
1043.62
1043.67
1043.67
1043.74
1043.82
1043.82
1043.84
1043.82
1043.82
1043.79
1043.83
1026.24
1026.05
1025.88
1025.73
1025.59
1025.46
1025.35
1025.26
1025.19
1025.14
1025.1
1025.08
1025.07
1025.08
1025.1
1025.13
1025.17
1025.22
1025.28
1025.35
1025.42
1025.49
1025.57
1025.64
1025.72
1025.8
1025.88
1025.96
1026.04
1026.11
1026.18
1026.25
1026.3
1026.34
1026.37
1026.38
1026.38
1026.37
1026.32
1026.26
1026.18
1026.08
1025.97
1025.83
1025.69
1025.54
1025.38
1025.21
1025
1024.8
1024.58
1024.35
1024.13
1023.86
1023.62
1023.3
1023.03
1022.67
1022.37
1022
1021.68
1021.34
1020.97
1020.76
1020.23
1020.28
1019.48
1019.64
1019.05
1018.41
1018.81
1017.81
1016.72
1017.41
1016.73
1015.08
1014.4
1014.1
1014.69
1015.48
1016.95
1017.77
1017.98
1018.04
1018.02
1018.04
1018.56
1019.39
1019.66
1019.92
1020.01
1020.18
1020.34
1020.82
1021.18
1021.14
1021.12
1021.02
1021.02
1021.05
1021.29
1021.53
1021.57
1021.59
1021.57
1021.56
1021.61
1021.65
1021.83
1021.98
1021.97
1021.97
1021.99
1022.01
1022.18
1022.31
1022.34
1022.36
1022.39
1022.42
1022.56
1022.67
1022.71
1022.73
1022.77
1022.79
1022.92
1023.03
1023.04
1023.12
1023.14
1023.25
1023.35
1023.38
1023.42
1023.46
1023.48
1023.56
1023.66
1023.66
1023.71
1023.72
1023.78
1023.85
1023.86
1023.88
1023.87
1023.88
1023.86
1023.9
1005.1
1004.91
1004.74
1004.59
1004.45
1004.33
1004.22
1004.14
1004.08
1004.04
1004.01
1004
1004.01
1004.02
1004.06
1004.1
1004.16
1004.23
1004.3
1004.39
1004.48
1004.57
1004.66
1004.76
1004.85
1004.95
1005.04
1005.13
1005.22
1005.3
1005.39
1005.46
1005.53
1005.59
1005.63
1005.66
1005.68
1005.68
1005.66
1005.63
1005.56
1005.46
1005.38
1005.26
1005.13
1004.98
1004.82
1004.66
1004.49
1004.31
1004.09
1003.85
1003.61
1003.33
1003.08
1002.76
1002.47
1002.12
1001.79
1001.41
1001.06
1000.7
1000.29
1000.04
999.497
999.405
998.688
998.602
998.08
997.399
997.449
996.622
995.786
996.102
995.503
993.878
993.054
992.633
992.814
993.306
994.17
995.285
995.881
996.354
996.764
997.182
998.002
998.668
998.861
999.028
999.08
999.228
999.341
999.705
1000.03
1000.08
1000.13
1000.11
1000.16
1000.22
1000.44
1000.63
1000.7
1000.73
1000.73
1000.74
1000.8
1000.86
1001.01
1001.13
1001.15
1001.17
1001.22
1001.25
1001.4
1001.52
1001.56
1001.59
1001.64
1001.68
1001.8
1001.91
1001.95
1001.99
1002.04
1002.08
1002.18
1002.29
1002.32
1002.4
1002.43
1002.53
1002.63
1002.66
1002.71
1002.75
1002.79
1002.86
1002.95
1002.96
1003.02
1003.03
1003.09
1003.16
1003.17
1003.19
1003.18
1003.2
1003.19
1003.22
983.185
982.997
982.825
982.666
982.527
982.408
982.306
982.232
982.182
982.149
982.136
982.139
982.158
982.191
982.239
982.301
982.375
982.461
982.555
982.657
982.764
982.874
982.987
983.101
983.214
983.325
983.433
983.538
983.638
983.736
983.829
983.918
984
984.073
984.132
984.178
984.21
984.22
984.225
984.212
984.171
984.104
984.041
983.912
983.816
983.67
983.53
983.363
983.188
983.011
982.821
982.604
982.359
982.08
981.805
981.491
981.188
980.835
980.493
980.116
979.743
979.373
978.949
978.642
978.116
977.91
977.268
977.024
976.53
975.881
975.699
974.999
974.198
974.128
973.506
972.243
971.626
971.341
971.672
972.229
973.166
974.017
974.485
974.839
975.18
975.511
976.159
976.705
976.98
977.228
977.365
977.563
977.732
978.059
978.34
978.412
978.487
978.502
978.569
978.65
978.833
978.993
979.064
979.119
979.147
979.178
979.244
979.315
979.448
979.548
979.59
979.629
979.678
979.738
979.86
979.974
980.021
980.071
980.123
980.18
980.289
980.391
980.438
980.489
980.543
980.595
980.692
980.795
980.83
980.913
980.955
981.049
981.138
981.185
981.232
981.282
981.324
981.393
981.477
981.494
981.553
981.576
981.63
981.694
981.712
981.739
981.735
981.753
981.747
981.782
960.496
960.281
960.101
959.935
959.799
959.686
959.597
959.523
959.475
959.455
959.455
959.473
959.505
959.552
959.614
959.693
959.786
959.89
960.004
960.125
960.251
960.381
960.514
960.647
960.78
960.91
961.037
961.158
961.274
961.385
961.49
961.589
961.682
961.768
961.843
961.905
961.954
961.983
962
961.989
961.981
961.946
961.883
961.802
961.717
961.565
961.449
961.29
961.12
960.946
960.742
960.528
960.313
960.057
959.776
959.462
959.15
958.793
958.443
958.066
957.685
957.304
956.875
956.529
956.023
955.731
955.147
954.802
954.319
953.703
953.379
952.756
952.038
951.77
951.199
950.206
949.672
949.396
949.589
950.025
950.719
951.461
951.962
952.386
952.789
953.188
953.759
954.268
954.557
954.797
954.96
955.161
955.358
955.631
955.895
955.98
956.081
956.123
956.2
956.302
956.454
956.604
956.675
956.743
956.788
956.835
956.905
956.986
957.1
957.2
957.25
957.303
957.361
957.432
957.54
957.646
957.704
957.762
957.823
957.888
957.988
958.084
958.141
958.198
958.26
958.318
958.41
958.508
958.553
958.636
958.687
958.776
958.861
958.914
958.966
959.019
959.067
959.133
959.212
959.237
959.297
959.325
959.379
959.438
959.46
959.49
959.492
959.513
959.514
959.548
936.951
936.735
936.547
936.395
936.259
936.14
936.057
935.991
935.949
935.931
935.939
935.973
936.019
936.079
936.154
936.25
936.364
936.488
936.622
936.764
936.91
937.06
937.213
937.366
937.52
937.67
937.816
937.957
938.091
938.218
938.337
938.448
938.553
938.649
938.737
938.814
938.878
938.926
938.958
938.969
938.97
938.947
938.887
938.855
938.769
938.667
938.562
938.394
938.228
938.077
937.87
937.656
937.435
937.176
936.918
936.628
936.321
935.963
935.607
935.231
934.841
934.451
934.025
933.649
933.164
932.81
932.268
931.863
931.383
930.802
930.394
929.818
929.169
928.788
928.251
927.464
927.019
926.787
926.942
927.294
927.862
928.469
928.922
929.323
929.715
930.097
930.591
931.038
931.328
931.581
931.767
931.978
932.177
932.423
932.659
932.771
932.879
932.944
933.037
933.139
933.274
933.407
933.489
933.564
933.621
933.681
933.756
933.838
933.944
934.039
934.1
934.162
934.229
934.303
934.405
934.504
934.571
934.636
934.704
934.773
934.868
934.961
935.025
935.088
935.154
935.219
935.306
935.401
935.454
935.538
935.595
935.681
935.763
935.821
935.877
935.933
935.985
936.05
936.126
936.157
936.217
936.251
936.303
936.36
936.385
936.418
936.425
936.449
936.456
936.489
912.529
912.316
912.128
911.975
911.855
911.734
911.65
911.594
911.562
911.557
911.579
911.61
911.672
911.742
911.839
911.958
912.081
912.226
912.382
912.545
912.712
912.882
913.055
913.229
913.404
913.575
913.742
913.903
914.056
914.201
914.337
914.464
914.581
914.69
914.788
914.877
914.955
915.018
915.067
915.096
915.111
915.104
915.07
915.034
914.948
914.897
914.788
914.666
914.509
914.371
914.148
913.94
913.738
913.474
913.204
912.916
912.62
912.287
911.943
911.572
911.178
910.779
910.353
909.957
909.491
909.097
908.585
908.146
907.669
907.116
906.665
906.119
905.527
905.093
904.593
903.959
903.579
903.372
903.468
903.735
904.175
904.667
905.075
905.452
905.827
906.191
906.622
907.018
907.304
907.557
907.755
907.966
908.165
908.389
908.604
908.729
908.849
908.932
909.028
909.131
909.255
909.377
909.465
909.546
909.613
909.682
909.761
909.845
909.944
910.036
910.106
910.175
910.247
910.326
910.422
910.517
910.59
910.661
910.734
910.808
910.899
910.989
911.059
911.127
911.197
911.267
911.352
911.443
911.503
911.587
911.649
911.734
911.813
911.875
911.934
911.994
912.05
912.113
912.186
912.223
912.283
912.321
912.373
912.428
912.456
912.491
912.504
912.531
912.543
912.576
887.211
886.992
886.803
886.646
886.517
886.415
886.338
886.292
886.275
886.285
886.322
886.361
886.444
886.533
886.658
886.785
886.925
887.081
887.252
887.438
887.627
887.817
888.009
888.205
888.402
888.596
888.784
888.965
889.138
889.302
889.457
889.601
889.734
889.857
889.967
890.067
890.156
890.232
890.295
890.34
890.37
890.379
890.366
890.34
890.281
890.221
890.106
890.033
889.897
889.743
889.573
889.364
889.178
888.898
888.624
888.349
888.064
887.716
887.372
887.018
886.652
886.25
885.826
885.414
884.965
884.545
884.051
883.597
883.126
882.597
882.124
881.601
881.057
880.606
880.139
879.614
879.279
879.089
879.135
879.33
879.665
880.057
880.412
880.753
881.097
881.434
881.81
882.161
882.434
882.68
882.883
883.09
883.286
883.493
883.69
883.824
883.951
884.046
884.145
884.249
884.364
884.479
884.57
884.655
884.73
884.805
884.887
884.972
885.067
885.158
885.233
885.308
885.385
885.466
885.559
885.652
885.729
885.805
885.881
885.959
886.048
886.136
886.21
886.282
886.356
886.43
886.513
886.603
886.668
886.752
886.819
886.901
886.98
887.045
887.107
887.169
887.228
887.29
887.362
887.404
887.464
887.506
887.557
887.61
887.642
887.679
887.697
887.726
887.743
887.777
860.959
860.731
860.535
860.372
860.246
860.154
860.089
860.054
860.053
860.078
860.124
860.183
860.283
860.396
860.544
860.69
860.852
861.028
861.216
861.412
861.623
861.832
862.043
862.261
862.483
862.7
862.909
863.111
863.303
863.487
863.661
863.825
863.976
864.115
864.24
864.353
864.452
864.539
864.613
864.672
864.715
864.74
864.744
864.732
864.693
864.641
864.555
864.471
864.346
864.178
864.065
863.863
863.656
863.432
863.165
862.885
862.624
862.252
861.907
861.561
861.206
860.794
860.388
859.99
859.55
859.105
858.625
858.165
857.704
857.192
856.718
856.217
855.71
855.26
854.822
854.373
854.068
853.887
853.89
854.021
854.269
854.575
854.875
855.175
855.481
855.786
856.113
856.422
856.679
856.914
857.115
857.316
857.506
857.697
857.881
858.019
858.15
858.253
858.354
858.457
858.567
858.675
858.769
858.856
858.937
859.016
859.101
859.187
859.28
859.369
859.449
859.528
859.608
859.691
859.782
859.873
859.954
860.033
860.113
860.193
860.281
860.368
860.446
860.521
860.598
860.675
860.758
860.846
860.916
861
861.07
861.151
861.229
861.297
861.362
861.425
861.487
861.55
861.619
861.666
861.726
861.771
861.822
861.875
861.909
861.948
861.97
862.003
862.023
862.058
834.236
833.996
833.789
833.618
833.488
833.402
833.358
833.339
833.359
833.383
833.443
833.53
833.65
833.793
833.957
834.13
834.317
834.517
834.727
834.948
835.162
835.386
835.611
835.854
836.106
836.347
836.577
836.797
837.008
837.21
837.404
837.588
837.759
837.915
838.057
838.183
838.295
838.393
838.477
838.547
838.602
838.64
838.658
838.659
838.636
838.596
838.529
838.449
838.34
838.198
838.065
837.877
837.648
837.479
837.239
836.947
836.664
836.36
836.013
835.661
835.332
834.888
834.48
834.092
833.673
833.212
832.758
832.302
831.842
831.331
830.879
830.396
829.92
829.476
829.062
828.664
828.378
828.2
828.167
828.244
828.419
828.653
828.899
829.155
829.423
829.692
829.976
830.248
830.486
830.706
830.901
831.092
831.274
831.454
831.626
831.765
831.897
832.004
832.106
832.209
832.314
832.419
832.513
832.602
832.686
832.769
832.855
832.942
833.033
833.122
833.205
833.287
833.37
833.455
833.545
833.635
833.718
833.8
833.882
833.964
834.052
834.139
834.218
834.297
834.376
834.455
834.538
834.625
834.699
834.783
834.856
834.937
835.014
835.084
835.151
835.216
835.28
835.343
835.412
835.462
835.522
835.569
835.621
835.673
835.71
835.751
835.777
835.812
835.836
835.872
808.003
807.744
807.523
807.338
807.199
807.118
807.091
807.087
807.108
807.162
807.247
807.361
807.502
807.67
807.859
808.059
808.27
808.494
808.726
808.96
809.196
809.435
809.693
809.976
810.218
810.484
810.732
810.969
811.194
811.412
811.625
811.829
812.019
812.193
812.351
812.493
812.619
812.728
812.823
812.902
812.966
813.014
813.044
813.056
813.047
813.018
812.965
812.894
812.797
812.673
812.538
812.368
812.165
811.975
811.739
811.463
811.149
810.913
810.582
810.214
809.859
809.488
809.077
808.673
808.29
807.794
807.344
806.899
806.461
805.944
805.525
805.041
804.594
804.162
803.768
803.404
803.13
802.946
802.883
802.916
803.033
803.207
803.404
803.619
803.848
804.083
804.328
804.568
804.785
804.989
805.175
805.356
805.53
805.698
805.86
805.998
806.13
806.24
806.341
806.442
806.545
806.646
806.74
806.831
806.917
807.002
807.089
807.177
807.267
807.356
807.44
807.524
807.609
807.695
807.784
807.874
807.959
808.043
808.127
808.211
808.298
808.385
808.467
808.548
808.629
808.71
808.793
808.88
808.956
809.04
809.115
809.196
809.273
809.345
809.414
809.48
809.546
809.61
809.677
809.73
809.79
809.84
809.892
809.944
809.984
810.027
810.056
810.093
810.121
810.157
782.723
782.441
782.213
782.026
781.911
781.821
781.756
781.771
781.816
781.891
781.998
782.136
782.3
782.489
782.7
782.928
783.175
783.418
783.666
783.915
784.174
784.436
784.754
785.056
785.309
785.567
785.83
786.08
786.314
786.545
786.777
787.001
787.209
787.4
787.574
787.731
787.87
787.992
788.097
788.186
788.258
788.314
788.353
788.374
788.376
788.357
788.315
788.253
788.167
788.055
787.926
787.768
787.581
787.387
787.158
786.901
786.611
786.346
786.024
785.671
785.276
784.982
784.584
784.155
783.741
783.322
782.873
782.427
782.018
781.464
781.085
780.586
780.169
779.749
779.373
779.031
778.764
778.576
778.487
778.481
778.552
778.676
778.831
779.007
779.2
779.403
779.615
779.826
780.023
780.211
780.385
780.556
780.721
780.88
781.033
781.169
781.299
781.409
781.509
781.609
781.709
781.808
781.901
781.992
782.08
782.166
782.254
782.342
782.431
782.52
782.606
782.691
782.778
782.865
782.954
783.043
783.129
783.215
783.3
783.386
783.473
783.56
783.644
783.726
783.809
783.891
783.975
784.061
784.139
784.223
784.3
784.381
784.458
784.531
784.602
784.67
784.736
784.801
784.868
784.923
784.983
785.035
785.087
785.14
785.181
785.226
785.259
785.297
785.328
785.365
758.375
758.075
757.837
757.652
757.521
757.426
757.371
757.373
757.431
757.531
757.662
757.824
758.011
758.222
758.453
758.701
758.963
759.226
759.498
759.775
760.061
760.367
760.701
761.014
761.286
761.561
761.837
762.099
762.349
762.614
762.842
763.071
763.297
763.503
763.691
763.861
764.012
764.146
764.263
764.363
764.444
764.508
764.554
764.582
764.591
764.581
764.548
764.495
764.418
764.316
764.193
764.045
763.87
763.679
763.458
763.212
762.938
762.663
762.35
762.013
761.644
761.316
760.926
760.512
760.053
759.711
759.277
758.825
758.375
757.929
757.527
757.016
756.626
756.197
755.835
755.508
755.244
755.054
754.946
754.91
754.942
755.024
755.14
755.281
755.442
755.615
755.798
755.983
756.16
756.332
756.496
756.656
756.811
756.962
757.107
757.24
757.367
757.476
757.575
757.673
757.771
757.868
757.961
758.052
758.14
758.227
758.315
758.403
758.492
758.581
758.668
758.754
758.841
758.929
759.018
759.107
759.195
759.281
759.368
759.454
759.542
759.629
759.714
759.798
759.881
759.965
760.049
760.135
760.215
760.299
760.377
760.458
760.536
760.61
760.682
760.751
760.819
760.884
760.951
761.007
761.068
761.121
761.174
761.227
761.27
761.316
761.352
761.392
761.425
761.462
734.917
734.611
734.353
734.152
734.01
733.918
733.874
733.882
733.94
734.048
734.203
734.393
734.603
734.836
735.086
735.353
735.634
735.923
736.214
736.515
736.832
737.182
737.512
737.844
738.144
738.432
738.72
738.998
739.282
739.544
739.785
740.014
740.247
740.469
740.669
740.85
741.013
741.159
741.287
741.398
741.489
741.561
741.614
741.648
741.663
741.658
741.633
741.587
741.518
741.425
741.309
741.169
741.003
740.817
740.604
740.366
740.102
739.828
739.523
739.196
738.843
738.501
738.12
737.721
737.29
736.916
736.487
736.044
735.552
735.217
734.733
734.337
733.948
733.499
733.129
732.811
732.548
732.35
732.225
732.168
732.169
732.217
732.299
732.408
732.539
732.685
732.841
733.003
733.162
733.319
733.471
733.621
733.767
733.91
734.048
734.177
734.301
734.409
734.506
734.602
734.698
734.793
734.885
734.976
735.064
735.152
735.24
735.328
735.417
735.505
735.592
735.679
735.767
735.855
735.944
736.034
736.122
736.209
736.296
736.384
736.472
736.559
736.645
736.73
736.815
736.899
736.984
737.07
737.151
737.236
737.315
737.396
737.474
737.549
737.621
737.692
737.76
737.826
737.893
737.951
738.011
738.066
738.119
738.172
738.217
738.264
738.303
738.345
738.38
738.418
712.33
711.983
711.701
711.487
711.338
711.249
711.217
711.242
711.318
711.447
711.606
711.808
712.045
712.3
712.569
712.853
713.151
713.458
713.782
714.118
714.473
714.829
715.169
715.499
715.829
716.138
716.441
716.738
717.031
717.307
717.56
717.801
718.032
718.267
718.477
718.668
718.841
718.996
719.136
719.258
719.36
719.441
719.501
719.541
719.561
719.561
719.541
719.5
719.438
719.352
719.243
719.11
718.951
718.771
718.565
718.335
718.079
717.808
717.51
717.191
716.847
716.503
716.129
715.74
715.327
714.938
714.515
714.085
713.621
713.246
712.736
712.432
711.997
711.674
711.253
710.909
710.648
710.445
710.305
710.225
710.2
710.221
710.274
710.355
710.459
710.579
710.712
710.853
710.994
711.137
711.277
711.418
711.555
711.691
711.823
711.947
712.068
712.174
712.27
712.364
712.458
712.551
712.642
712.732
712.82
712.908
712.996
713.084
713.172
713.26
713.348
713.435
713.523
713.612
713.701
713.791
713.879
713.967
714.055
714.143
714.232
714.32
714.406
714.492
714.578
714.663
714.748
714.835
714.917
715.001
715.081
715.162
715.241
715.316
715.39
715.461
715.53
715.596
715.663
715.722
715.783
715.839
715.892
715.946
715.992
716.041
716.081
716.125
716.162
716.201
690.536
690.153
689.848
689.618
689.466
689.38
689.36
689.404
689.504
689.655
689.837
690.044
690.307
690.585
690.872
691.173
691.496
691.833
692.187
692.556
692.926
693.295
693.655
694.007
694.324
694.649
694.967
695.279
695.587
695.877
696.14
696.389
696.626
696.864
697.085
697.284
697.464
697.627
697.778
697.912
698.026
698.116
698.185
698.231
698.255
698.259
698.243
698.206
698.148
698.068
697.965
697.838
697.687
697.512
697.312
697.089
696.84
696.573
696.281
695.968
695.633
695.289
694.921
694.539
694.137
693.744
693.328
692.907
692.462
692.07
691.601
691.254
690.784
690.524
690.195
689.821
689.52
689.307
689.157
689.06
689.01
689.005
689.035
689.091
689.171
689.267
689.379
689.501
689.626
689.755
689.885
690.016
690.145
690.274
690.4
690.52
690.638
690.741
690.835
690.927
691.019
691.111
691.201
691.29
691.378
691.465
691.553
691.64
691.728
691.817
691.904
691.992
692.08
692.169
692.258
692.348
692.437
692.525
692.614
692.702
692.791
692.88
692.967
693.053
693.14
693.226
693.311
693.398
693.481
693.565
693.646
693.728
693.806
693.883
693.957
694.028
694.098
694.165
694.232
694.292
694.353
694.409
694.463
694.517
694.565
694.615
694.658
694.703
694.741
694.781
669.515
669.098
668.759
668.5
668.345
668.276
668.276
668.338
668.456
668.596
668.837
669.076
669.364
669.666
669.97
670.302
670.66
671.023
671.391
671.77
672.158
672.546
672.926
673.297
673.608
673.94
674.27
674.593
674.912
675.217
675.494
675.752
675.996
676.232
676.464
676.67
676.854
677.023
677.185
677.331
677.457
677.557
677.634
677.687
677.716
677.724
677.711
677.677
677.623
677.547
677.449
677.327
677.181
677.012
676.818
676.6
676.357
676.095
675.808
675.5
675.172
674.831
674.468
674.092
673.698
673.306
672.895
672.481
672.047
671.651
671.207
670.84
670.402
670.05
669.78
669.518
669.174
668.913
668.753
668.643
668.573
668.545
668.551
668.586
668.644
668.72
668.812
668.916
669.027
669.143
669.263
669.385
669.507
669.629
669.749
669.865
669.979
670.081
670.172
670.263
670.353
670.443
670.532
670.62
670.707
670.794
670.881
670.969
671.056
671.144
671.232
671.32
671.408
671.497
671.587
671.676
671.765
671.854
671.943
672.032
672.121
672.21
672.298
672.385
672.472
672.559
672.645
672.731
672.815
672.9
672.981
673.063
673.142
673.219
673.294
673.366
673.436
673.503
673.57
673.631
673.692
673.749
673.803
673.858
673.907
673.958
674.003
674.049
674.09
674.129
649.203
648.718
648.332
648.061
647.904
647.851
647.883
647.983
648.13
648.3
648.549
648.853
649.186
649.522
649.875
650.251
650.599
650.964
651.34
651.735
652.142
652.549
652.945
653.311
653.636
653.982
654.322
654.654
654.981
655.3
655.595
655.86
656.108
656.343
656.584
656.798
656.987
657.171
657.337
657.488
657.627
657.735
657.821
657.88
657.915
657.927
657.917
657.886
657.834
657.76
657.666
657.549
657.408
657.244
657.055
656.842
656.605
656.346
656.064
655.761
655.438
655.1
654.743
654.371
653.984
653.593
653.188
652.779
652.355
651.957
651.528
651.154
650.741
650.382
650.04
649.827
649.587
649.263
649.064
648.947
648.861
648.813
648.799
648.813
648.851
648.908
648.983
649.071
649.168
649.273
649.383
649.496
649.612
649.727
649.842
649.955
650.065
650.164
650.253
650.342
650.431
650.519
650.607
650.694
650.78
650.867
650.954
651.041
651.128
651.216
651.303
651.391
651.48
651.569
651.658
651.748
651.837
651.927
652.016
652.105
652.194
652.284
652.372
652.46
652.547
652.634
652.721
652.807
652.892
652.977
653.058
653.14
653.22
653.297
653.372
653.445
653.516
653.583
653.651
653.712
653.773
653.831
653.885
653.941
653.99
654.042
654.089
654.137
654.179
654.218
629.6
629.039
628.61
628.321
628.168
628.134
628.197
628.334
628.526
628.743
629.08
629.38
629.741
630.122
630.491
630.898
631.253
631.627
632.01
632.418
632.847
633.273
633.67
634.039
634.391
634.747
635.094
635.434
635.768
636.095
636.407
636.688
636.941
637.175
637.417
637.644
637.849
638.053
638.224
638.374
638.508
638.625
638.72
638.785
638.825
638.841
638.834
638.805
638.755
638.684
638.592
638.478
638.342
638.182
637.997
637.788
637.556
637.301
637.023
636.725
636.406
636.071
635.718
635.351
634.969
634.581
634.181
633.776
633.36
632.962
632.544
632.167
631.769
631.414
631.073
630.777
630.616
630.345
630.085
629.948
629.847
629.783
629.751
629.745
629.765
629.805
629.863
629.937
630.021
630.116
630.217
630.323
630.432
630.542
630.652
630.761
630.868
630.964
631.052
631.138
631.225
631.312
631.398
631.484
631.57
631.656
631.742
631.829
631.916
632.003
632.091
632.179
632.267
632.356
632.446
632.535
632.625
632.715
632.804
632.894
632.984
633.073
633.162
633.25
633.338
633.425
633.512
633.599
633.684
633.769
633.851
633.933
634.013
634.091
634.167
634.24
634.311
634.379
634.446
634.509
634.569
634.628
634.682
634.738
634.788
634.842
634.891
634.939
634.983
635.022
610.674
610.022
609.54
609.236
609.094
609.09
609.196
609.382
609.624
609.957
610.299
610.644
611.013
611.42
611.834
612.219
612.608
612.987
613.367
613.785
614.231
614.666
615.078
615.468
615.843
616.208
616.561
616.907
617.247
617.581
617.904
618.206
618.474
618.717
618.953
619.185
619.412
619.62
619.801
619.957
620.09
620.204
620.301
620.373
620.418
620.439
620.436
620.41
620.362
620.292
620.202
620.09
619.957
619.8
619.62
619.415
619.186
618.935
618.661
618.366
618.051
617.719
617.37
617.007
616.629
616.245
615.848
615.448
615.038
614.641
614.231
613.853
613.464
613.112
612.779
612.461
612.223
612.078
611.821
611.626
611.506
611.429
611.38
611.358
611.361
611.385
611.428
611.488
611.561
611.647
611.74
611.839
611.942
612.047
612.153
612.257
612.361
612.455
612.54
612.625
612.711
612.796
612.881
612.966
613.051
613.136
613.222
613.308
613.394
613.481
613.569
613.657
613.745
613.834
613.923
614.013
614.103
614.193
614.283
614.373
614.463
614.552
614.641
614.73
614.818
614.906
614.993
615.081
615.166
615.251
615.334
615.416
615.496
615.574
615.651
615.724
615.795
615.864
615.931
615.994
616.055
616.114
616.167
616.224
616.275
616.33
616.381
616.431
616.475
616.515
592.386
591.623
591.082
590.767
590.648
590.69
590.854
591.109
591.457
591.831
592.208
592.601
593.004
593.421
593.838
594.247
594.626
595.017
595.359
595.777
596.257
596.719
597.162
597.578
597.968
598.34
598.697
599.047
599.393
599.733
600.064
600.381
600.669
600.927
601.17
601.409
601.637
601.849
602.037
602.204
602.348
602.49
602.553
602.621
602.67
602.695
602.696
602.673
602.627
602.56
602.471
602.362
602.23
602.076
601.899
601.698
601.472
601.224
600.953
600.66
600.348
600.019
599.674
599.314
598.941
598.559
598.166
597.769
597.364
596.969
596.566
596.187
595.807
595.455
595.127
594.81
594.522
594.368
594.212
593.983
593.815
593.727
593.664
593.626
593.614
593.623
593.652
593.7
593.763
593.839
593.925
594.019
594.117
594.217
594.318
594.419
594.52
594.612
594.695
594.778
594.861
594.945
595.029
595.113
595.197
595.281
595.367
595.452
595.538
595.625
595.712
595.8
595.888
595.977
596.067
596.156
596.246
596.336
596.427
596.517
596.607
596.697
596.786
596.875
596.964
597.052
597.139
597.227
597.312
597.398
597.481
597.564
597.644
597.723
597.799
597.873
597.945
598.013
598.08
598.144
598.205
598.264
598.317
598.374
598.426
598.482
598.535
598.586
598.632
598.672
574.687
573.792
573.188
572.874
572.796
572.901
573.141
573.478
573.881
574.341
574.772
575.22
575.672
576.145
576.49
576.904
577.285
577.659
578.022
578.414
578.923
579.429
579.904
580.341
580.745
581.12
581.479
581.831
582.181
582.528
582.866
583.192
583.5
583.774
584.024
584.265
584.498
584.715
584.911
585.085
585.237
585.371
585.43
585.504
585.557
585.586
585.591
585.571
585.528
585.463
585.376
585.268
585.139
584.987
584.812
584.613
584.39
584.144
583.876
583.586
583.276
582.949
582.606
582.249
581.88
581.501
581.112
580.717
580.316
579.923
579.525
579.147
578.772
578.422
578.097
577.783
577.503
577.278
577.141
576.991
576.764
576.654
576.579
576.527
576.501
576.495
576.511
576.548
576.601
576.67
576.75
576.838
576.931
577.027
577.125
577.223
577.32
577.409
577.491
577.572
577.654
577.736
577.818
577.901
577.985
578.068
578.153
578.238
578.324
578.41
578.497
578.585
578.673
578.762
578.851
578.941
579.031
579.121
579.211
579.302
579.392
579.482
579.572
579.661
579.75
579.839
579.926
580.014
580.1
580.186
580.269
580.352
580.433
580.512
580.588
580.663
580.735
580.803
580.87
580.935
580.995
581.055
581.108
581.165
581.217
581.274
581.329
581.382
581.429
581.468
557.512
556.472
555.808
555.517
555.506
555.697
556.027
556.453
556.941
557.467
557.972
558.472
558.958
559.394
559.791
560.2
560.565
560.917
561.22
561.629
562.217
562.775
563.28
563.736
564.152
564.527
564.883
565.233
565.587
565.942
566.286
566.621
566.937
567.228
567.492
567.736
567.972
568.195
568.398
568.578
568.73
568.84
568.921
569
569.056
569.088
569.097
569.081
569.041
568.978
568.894
568.788
568.66
568.509
568.336
568.139
567.919
567.675
567.407
567.119
566.811
566.486
566.145
565.791
565.424
565.048
564.662
564.271
563.873
563.48
563.087
562.71
562.34
561.992
561.668
561.357
561.084
560.847
560.653
560.541
560.35
560.192
560.101
560.036
559.997
559.978
559.982
560.009
560.054
560.116
560.19
560.274
560.363
560.455
560.549
560.644
560.739
560.826
560.905
560.984
561.064
561.145
561.226
561.308
561.39
561.473
561.557
561.642
561.727
561.813
561.9
561.987
562.075
562.164
562.253
562.343
562.433
562.524
562.614
562.705
562.795
562.885
562.975
563.065
563.154
563.243
563.331
563.419
563.505
563.591
563.675
563.758
563.839
563.918
563.995
564.07
564.142
564.211
564.278
564.343
564.403
564.463
564.516
564.573
564.626
564.684
564.741
564.796
564.843
564.882
540.766
539.593
538.886
538.656
538.748
539.055
539.495
540.017
540.59
541.179
541.764
542.32
542.815
543.279
543.724
544.122
544.461
544.834
545.182
545.78
546.163
546.742
547.277
547.749
548.171
548.538
548.885
549.231
549.588
549.951
550.304
550.647
550.969
551.268
551.546
551.798
552.038
552.267
552.474
552.652
552.797
552.91
553.002
553.084
553.144
553.18
553.191
553.179
553.142
553.083
553.001
552.897
552.771
552.623
552.451
552.256
552.036
551.793
551.527
551.239
550.932
550.608
550.269
549.917
549.554
549.18
548.797
548.407
548.012
547.621
547.23
546.855
546.489
546.144
545.821
545.513
545.242
545.001
544.794
544.613
544.521
544.34
544.208
544.133
544.083
544.051
544.043
544.061
544.098
544.154
544.224
544.303
544.389
544.478
544.569
544.661
544.753
544.837
544.915
544.992
545.071
545.15
545.23
545.311
545.392
545.475
545.558
545.642
545.727
545.812
545.899
545.986
546.074
546.162
546.252
546.342
546.432
546.522
546.613
546.703
546.794
546.885
546.975
547.065
547.154
547.243
547.332
547.42
547.507
547.593
547.676
547.76
547.841
547.921
547.998
548.073
548.145
548.214
548.281
548.346
548.406
548.467
548.519
548.576
548.63
548.689
548.748
548.804
548.853
548.892
524.298
523.069
522.362
522.254
522.5
522.957
523.53
524.161
524.819
525.478
526.113
526.708
527.263
527.783
528.265
528.652
529.009
529.554
530.161
530.687
531.011
531.392
531.862
532.359
532.787
533.133
533.464
533.801
534.16
534.534
534.895
535.249
535.576
535.878
536.157
536.421
536.673
536.903
537.106
537.282
537.429
537.551
537.651
537.736
537.8
537.839
537.854
537.844
537.81
537.754
537.676
537.575
537.452
537.306
537.135
536.941
536.722
536.479
536.213
535.925
535.618
535.295
534.958
534.608
534.246
533.875
533.494
533.107
532.714
532.323
531.935
531.561
531.199
530.856
530.535
530.23
529.959
529.715
529.503
529.285
529.194
529.069
528.891
528.795
528.736
528.691
528.672
528.681
528.711
528.763
528.829
528.906
528.988
529.074
529.162
529.251
529.341
529.423
529.499
529.575
529.652
529.73
529.808
529.888
529.968
530.05
530.132
530.216
530.3
530.386
530.472
530.559
530.647
530.735
530.824
530.914
531.004
531.095
531.186
531.276
531.367
531.458
531.548
531.639
531.728
531.818
531.907
531.995
532.082
532.168
532.252
532.335
532.417
532.497
532.575
532.65
532.722
532.792
532.858
532.924
532.983
533.045
533.095
533.153
533.207
533.267
533.329
533.386
533.436
533.474
507.864
506.801
506.177
506.281
506.746
507.394
508.123
508.875
509.625
510.354
511.047
511.697
512.309
512.881
513.408
513.821
514.478
515.085
515.675
516.13
516.498
516.85
517.248
517.507
517.974
518.291
518.597
518.918
519.281
519.67
520.041
520.407
520.74
521.04
521.315
521.578
521.83
522.065
522.276
522.459
522.614
522.742
522.847
522.937
523.004
523.047
523.064
523.057
523.025
522.972
522.898
522.801
522.681
522.538
522.369
522.176
521.957
521.713
521.446
521.158
520.85
520.527
520.19
519.842
519.483
519.114
518.735
518.349
517.957
517.567
517.181
516.808
516.449
516.109
515.791
515.489
515.218
514.971
514.755
514.54
514.396
514.297
514.145
514.005
513.935
513.878
513.849
513.85
513.875
513.922
513.986
514.06
514.14
514.223
514.309
514.395
514.483
514.563
514.636
514.711
514.786
514.863
514.94
515.019
515.098
515.179
515.261
515.344
515.428
515.513
515.599
515.685
515.773
515.861
515.95
516.04
516.131
516.221
516.312
516.403
516.494
516.585
516.676
516.766
516.856
516.946
517.035
517.123
517.21
517.297
517.381
517.465
517.547
517.627
517.705
517.78
517.853
517.922
517.989
518.055
518.114
518.176
518.225
518.283
518.337
518.398
518.463
518.522
518.573
518.611
491.088
490.709
490.304
490.729
491.485
492.366
493.269
494.151
494.996
495.797
496.55
497.254
497.917
498.545
499.15
499.747
501.01
501.179
501.659
502.108
502.523
502.944
503.475
503.963
503.681
503.987
504.261
504.557
504.927
505.339
505.72
506.102
506.442
506.739
507.005
507.262
507.516
507.759
507.98
508.17
508.33
508.462
508.572
508.665
508.737
508.783
508.803
508.796
508.767
508.716
508.646
508.554
508.439
508.299
508.133
507.941
507.722
507.477
507.208
506.917
506.608
506.284
505.948
505.601
505.244
504.877
504.5
504.116
503.724
503.334
502.948
502.577
502.221
501.884
501.569
501.27
501
500.751
500.531
500.32
500.157
500.008
499.931
499.752
499.662
499.593
499.553
499.547
499.567
499.611
499.673
499.747
499.824
499.906
499.989
500.073
500.158
500.236
500.308
500.381
500.454
500.529
500.606
500.683
500.762
500.842
500.923
501.005
501.089
501.173
501.259
501.345
501.433
501.521
501.61
501.7
501.791
501.881
501.972
502.063
502.154
502.245
502.336
502.427
502.517
502.607
502.696
502.785
502.873
502.959
503.044
503.127
503.21
503.29
503.369
503.444
503.517
503.586
503.653
503.719
503.778
503.84
503.888
503.945
504.001
504.063
504.131
504.191
504.243
504.28
473.126
474.538
474.712
475.602
476.728
477.877
478.969
479.981
480.92
481.791
482.599
483.352
484.062
484.742
485.419
486.119
487.135
487.657
488.14
488.594
489.043
489.492
489.981
490.17
489.916
490.198
490.432
490.694
491.076
491.521
491.913
492.317
492.665
492.956
493.209
493.458
493.713
493.966
494.197
494.394
494.558
494.693
494.806
494.904
494.979
495.029
495.05
495.045
495.016
494.968
494.901
494.814
494.704
494.569
494.407
494.217
493.998
493.752
493.48
493.186
492.874
492.548
492.211
491.865
491.51
491.146
490.771
490.387
489.996
489.605
489.219
488.849
488.496
488.163
487.851
487.556
487.287
487.038
486.814
486.603
486.43
486.252
486.179
486.026
485.899
485.815
485.766
485.753
485.769
485.811
485.873
485.946
486.023
486.102
486.183
486.265
486.347
486.424
486.494
486.565
486.637
486.711
486.786
486.862
486.94
487.019
487.1
487.181
487.264
487.349
487.434
487.52
487.607
487.696
487.785
487.875
487.965
488.056
488.147
488.238
488.329
488.42
488.511
488.602
488.693
488.783
488.873
488.962
489.049
489.136
489.221
489.305
489.387
489.468
489.547
489.623
489.696
489.765
489.831
489.898
489.957
490.018
490.066
490.122
490.178
490.241
490.313
490.375
490.428
490.464
453.069
457.33
459.103
460.802
462.43
463.902
465.2
466.344
467.374
468.31
469.169
469.964
470.714
471.434
472.152
472.927
473.819
474.644
475.094
475.538
476.009
476.448
476.7
476.617
476.677
476.906
477.102
477.325
477.723
478.207
478.613
479.037
479.392
479.671
479.906
480.145
480.403
480.668
480.91
481.113
481.28
481.416
481.532
481.634
481.714
481.767
481.79
481.784
481.756
481.71
481.647
481.565
481.461
481.331
481.173
480.985
480.766
480.518
480.243
479.945
479.629
479.301
478.964
478.618
478.266
477.904
477.531
477.148
476.756
476.364
475.977
475.608
475.259
474.929
474.621
474.329
474.061
473.812
473.585
473.373
473.191
473.013
472.885
472.788
472.639
472.529
472.47
472.452
472.464
472.505
472.567
472.64
472.715
472.793
472.873
472.952
473.032
473.107
473.175
473.245
473.316
473.388
473.462
473.537
473.614
473.692
473.772
473.853
473.936
474.02
474.105
474.191
474.278
474.366
474.455
474.545
474.635
474.726
474.817
474.908
475
475.091
475.182
475.274
475.364
475.455
475.545
475.634
475.722
475.809
475.893
475.978
476.061
476.142
476.221
476.297
476.37
476.439
476.505
476.572
476.631
476.693
476.738
476.794
476.851
476.915
476.99
477.055
477.108
477.144
1221.49
1221.59
1221.71
1221.76
1221.79
1221.79
1222.06
1222.01
1221.85
1221.74
1221.63
1221.54
1221.41
1221.38
1221.52
1221.56
1221.59
1221.57
1221.55
1221.51
1221.49
1221.43
1221.49
1221.57
1221.58
1221.56
1221.54
1221.51
1221.47
1221.44
1221.4
1221.37
1221.32
1221.28
1221.22
1221.23
1221.31
1221.31
1221.31
1221.28
1221.26
1221.24
1221.21
1221.18
1221.14
1221.08
1221.05
1221.14
1221.16
1221.16
1221.15
1221.12
1221.1
1221.06
1221.02
1220.97
1220.92
1220.89
1220.86
1220.84
1220.79
1220.76
1220.77
1220.78
1220.78
1220.77
1220.76
1220.73
1220.71
1220.68
1220.65
1220.61
1220.57
1220.52
1220.46
1220.4
1220.33
1220.27
1220.21
1220.16
1220.1
1220.04
1219.96
1219.91
1219.85
1219.79
1219.71
1219.62
1219.53
1219.43
1219.33
1219.21
1219.11
1218.97
1218.87
1218.72
1218.64
1218.47
1218.42
1218.2
1208.67
1208.47
1208.36
1208.22
1208.13
1207.98
1207.92
1208.13
1208.19
1208.23
1208.2
1208.17
1208.12
1208.18
1208.24
1208.23
1208.21
1208.18
1208.16
1208.11
1208.08
1208.03
1208.07
1208.17
1208.19
1208.19
1208.17
1208.15
1208.11
1208.09
1208.05
1208.03
1207.99
1207.95
1207.9
1207.9
1207.98
1207.98
1207.97
1207.95
1207.93
1207.9
1207.88
1207.85
1207.81
1207.76
1207.73
1207.81
1207.83
1207.83
1207.82
1207.8
1207.77
1207.74
1207.7
1207.65
1207.6
1207.57
1207.55
1207.52
1207.48
1207.45
1207.45
1207.47
1207.47
1207.46
1207.44
1207.42
1207.4
1207.37
1207.33
1207.3
1207.25
1207.2
1207.15
1207.09
1207.02
1206.96
1206.91
1206.85
1206.79
1206.73
1206.66
1206.6
1206.54
1206.48
1206.41
1206.31
1206.22
1206.1
1205.99
1205.87
1205.77
1205.62
1205.53
1205.37
1205.29
1205.11
1205.06
1204.83
1194.15
1194.18
1194.24
1194.23
1194.23
1194.19
1194.3
1194.39
1194.37
1194.35
1194.31
1194.27
1194.21
1194.23
1194.32
1194.33
1194.34
1194.31
1194.3
1194.26
1194.24
1194.2
1194.24
1194.33
1194.34
1194.34
1194.33
1194.3
1194.27
1194.25
1194.22
1194.19
1194.15
1194.12
1194.07
1194.08
1194.15
1194.14
1194.14
1194.12
1194.1
1194.08
1194.06
1194.02
1193.99
1193.94
1193.92
1194
1194.01
1194.01
1194
1193.98
1193.96
1193.92
1193.88
1193.84
1193.79
1193.76
1193.74
1193.71
1193.67
1193.64
1193.65
1193.66
1193.66
1193.65
1193.64
1193.61
1193.59
1193.56
1193.53
1193.49
1193.45
1193.4
1193.34
1193.28
1193.22
1193.16
1193.11
1193.05
1192.99
1192.93
1192.86
1192.8
1192.74
1192.68
1192.61
1192.51
1192.41
1192.29
1192.18
1192.04
1191.94
1191.79
1191.69
1191.53
1191.44
1191.26
1191.21
1190.98
1179.94
1179.88
1179.88
1179.83
1179.81
1179.76
1179.81
1179.93
1179.94
1179.95
1179.92
1179.89
1179.85
1179.88
1179.96
1179.96
1179.97
1179.94
1179.93
1179.9
1179.88
1179.85
1179.88
1179.97
1179.98
1179.99
1179.97
1179.95
1179.92
1179.9
1179.87
1179.84
1179.81
1179.78
1179.73
1179.74
1179.81
1179.8
1179.8
1179.78
1179.76
1179.74
1179.72
1179.69
1179.66
1179.61
1179.6
1179.66
1179.68
1179.68
1179.67
1179.65
1179.63
1179.59
1179.55
1179.51
1179.47
1179.44
1179.41
1179.39
1179.35
1179.32
1179.33
1179.34
1179.34
1179.33
1179.32
1179.29
1179.27
1179.24
1179.21
1179.17
1179.13
1179.08
1179.02
1178.97
1178.91
1178.85
1178.79
1178.74
1178.68
1178.62
1178.55
1178.49
1178.43
1178.37
1178.29
1178.2
1178.1
1177.98
1177.86
1177.72
1177.6
1177.44
1177.34
1177.18
1177.09
1176.91
1176.85
1176.62
1164.93
1164.9
1164.92
1164.9
1164.89
1164.86
1164.91
1165.02
1165.03
1165.04
1165.01
1164.99
1164.95
1164.98
1165.05
1165.06
1165.07
1165.05
1165.04
1165
1165
1164.97
1165
1165.08
1165.09
1165.1
1165.09
1165.07
1165.04
1165.02
1164.99
1164.97
1164.93
1164.91
1164.86
1164.88
1164.94
1164.93
1164.93
1164.91
1164.9
1164.88
1164.86
1164.82
1164.8
1164.75
1164.74
1164.8
1164.82
1164.82
1164.81
1164.79
1164.77
1164.73
1164.69
1164.65
1164.61
1164.58
1164.56
1164.53
1164.5
1164.47
1164.48
1164.48
1164.48
1164.48
1164.46
1164.44
1164.42
1164.39
1164.36
1164.32
1164.28
1164.23
1164.18
1164.12
1164.06
1164
1163.95
1163.89
1163.83
1163.78
1163.7
1163.65
1163.59
1163.53
1163.45
1163.36
1163.26
1163.14
1163.02
1162.87
1162.75
1162.58
1162.47
1162.3
1162.21
1162.02
1161.97
1161.73
1149.46
1149.44
1149.45
1149.43
1149.43
1149.4
1149.46
1149.54
1149.56
1149.57
1149.55
1149.54
1149.51
1149.54
1149.6
1149.61
1149.62
1149.6
1149.59
1149.57
1149.56
1149.53
1149.57
1149.65
1149.65
1149.66
1149.65
1149.64
1149.61
1149.59
1149.56
1149.54
1149.51
1149.49
1149.44
1149.46
1149.51
1149.51
1149.51
1149.49
1149.48
1149.46
1149.44
1149.41
1149.38
1149.33
1149.33
1149.38
1149.4
1149.4
1149.39
1149.37
1149.35
1149.32
1149.28
1149.24
1149.2
1149.17
1149.15
1149.13
1149.09
1149.07
1149.07
1149.08
1149.08
1149.07
1149.06
1149.04
1149.02
1148.99
1148.96
1148.92
1148.88
1148.83
1148.78
1148.72
1148.66
1148.61
1148.55
1148.5
1148.44
1148.38
1148.31
1148.26
1148.2
1148.13
1148.06
1147.96
1147.87
1147.74
1147.63
1147.48
1147.35
1147.18
1147.06
1146.87
1146.78
1146.6
1146.53
1146.29
1133.41
1133.39
1133.41
1133.39
1133.4
1133.38
1133.43
1133.51
1133.52
1133.54
1133.52
1133.52
1133.49
1133.52
1133.58
1133.59
1133.6
1133.58
1133.58
1133.55
1133.55
1133.53
1133.57
1133.64
1133.64
1133.65
1133.65
1133.63
1133.61
1133.59
1133.56
1133.54
1133.51
1133.49
1133.45
1133.47
1133.52
1133.51
1133.52
1133.5
1133.49
1133.46
1133.45
1133.42
1133.39
1133.35
1133.35
1133.4
1133.41
1133.41
1133.41
1133.39
1133.37
1133.34
1133.3
1133.26
1133.22
1133.19
1133.17
1133.15
1133.12
1133.09
1133.1
1133.1
1133.1
1133.1
1133.09
1133.07
1133.04
1133.02
1132.98
1132.95
1132.91
1132.86
1132.81
1132.75
1132.69
1132.64
1132.58
1132.53
1132.47
1132.41
1132.34
1132.29
1132.23
1132.17
1132.09
1132
1131.9
1131.78
1131.66
1131.51
1131.39
1131.22
1131.09
1130.9
1130.78
1130.59
1130.53
1130.29
1116.77
1116.76
1116.78
1116.77
1116.78
1116.77
1116.81
1116.89
1116.9
1116.92
1116.91
1116.9
1116.89
1116.91
1116.96
1116.97
1116.98
1116.97
1116.97
1116.95
1116.95
1116.93
1116.97
1117.03
1117.04
1117.05
1117.05
1117.03
1117.01
1116.99
1116.97
1116.95
1116.92
1116.9
1116.86
1116.88
1116.93
1116.92
1116.93
1116.91
1116.9
1116.88
1116.86
1116.84
1116.81
1116.77
1116.78
1116.81
1116.83
1116.83
1116.83
1116.81
1116.79
1116.76
1116.72
1116.69
1116.65
1116.62
1116.6
1116.58
1116.55
1116.53
1116.53
1116.53
1116.53
1116.53
1116.52
1116.5
1116.47
1116.45
1116.42
1116.38
1116.34
1116.3
1116.24
1116.19
1116.13
1116.08
1116.02
1115.97
1115.91
1115.85
1115.78
1115.73
1115.67
1115.61
1115.53
1115.44
1115.34
1115.22
1115.1
1114.96
1114.83
1114.66
1114.53
1114.34
1114.22
1114.01
1113.93
1113.69
1099.52
1099.52
1099.54
1099.53
1099.55
1099.54
1099.58
1099.65
1099.66
1099.68
1099.67
1099.68
1099.66
1099.69
1099.74
1099.74
1099.76
1099.75
1099.75
1099.73
1099.74
1099.72
1099.75
1099.82
1099.81
1099.83
1099.83
1099.82
1099.8
1099.78
1099.76
1099.74
1099.71
1099.7
1099.67
1099.68
1099.72
1099.72
1099.72
1099.71
1099.7
1099.68
1099.66
1099.64
1099.61
1099.58
1099.59
1099.62
1099.63
1099.63
1099.63
1099.61
1099.59
1099.57
1099.53
1099.5
1099.46
1099.44
1099.41
1099.39
1099.36
1099.34
1099.34
1099.35
1099.35
1099.34
1099.33
1099.31
1099.29
1099.27
1099.24
1099.2
1099.16
1099.12
1099.06
1099.01
1098.95
1098.9
1098.84
1098.79
1098.73
1098.67
1098.6
1098.55
1098.5
1098.43
1098.36
1098.27
1098.17
1098.05
1097.93
1097.78
1097.66
1097.48
1097.35
1097.16
1097.04
1096.83
1096.74
1096.48
1081.64
1081.64
1081.67
1081.66
1081.68
1081.67
1081.71
1081.78
1081.78
1081.81
1081.8
1081.81
1081.8
1081.82
1081.87
1081.87
1081.89
1081.89
1081.89
1081.87
1081.88
1081.87
1081.9
1081.96
1081.96
1081.98
1081.97
1081.96
1081.95
1081.93
1081.91
1081.9
1081.87
1081.86
1081.83
1081.84
1081.88
1081.87
1081.88
1081.87
1081.86
1081.84
1081.83
1081.8
1081.78
1081.75
1081.75
1081.78
1081.8
1081.8
1081.79
1081.78
1081.76
1081.73
1081.7
1081.67
1081.64
1081.61
1081.59
1081.57
1081.54
1081.52
1081.52
1081.53
1081.53
1081.52
1081.51
1081.49
1081.47
1081.45
1081.42
1081.38
1081.34
1081.3
1081.25
1081.19
1081.14
1081.08
1081.03
1080.98
1080.92
1080.86
1080.79
1080.74
1080.68
1080.62
1080.54
1080.45
1080.35
1080.23
1080.12
1079.97
1079.84
1079.67
1079.54
1079.35
1079.23
1079.02
1078.93
1078.65
1063.1
1063.1
1063.13
1063.13
1063.14
1063.15
1063.18
1063.24
1063.25
1063.28
1063.27
1063.28
1063.28
1063.3
1063.34
1063.34
1063.36
1063.36
1063.37
1063.35
1063.36
1063.36
1063.38
1063.44
1063.43
1063.46
1063.45
1063.45
1063.43
1063.42
1063.4
1063.39
1063.36
1063.35
1063.33
1063.34
1063.37
1063.37
1063.38
1063.36
1063.36
1063.34
1063.33
1063.3
1063.28
1063.26
1063.26
1063.29
1063.3
1063.3
1063.3
1063.28
1063.26
1063.24
1063.21
1063.18
1063.15
1063.12
1063.1
1063.08
1063.06
1063.04
1063.04
1063.04
1063.04
1063.04
1063.03
1063.01
1062.99
1062.96
1062.93
1062.9
1062.86
1062.82
1062.77
1062.72
1062.66
1062.61
1062.55
1062.5
1062.44
1062.38
1062.31
1062.26
1062.2
1062.14
1062.07
1061.98
1061.88
1061.76
1061.64
1061.5
1061.37
1061.2
1061.07
1060.87
1060.76
1060.54
1060.45
1060.18
1043.87
1043.88
1043.9
1043.9
1043.93
1043.93
1043.97
1044.02
1044.03
1044.06
1044.05
1044.07
1044.07
1044.09
1044.13
1044.13
1044.15
1044.15
1044.16
1044.15
1044.16
1044.16
1044.18
1044.23
1044.23
1044.26
1044.25
1044.25
1044.23
1044.22
1044.2
1044.19
1044.17
1044.16
1044.14
1044.15
1044.18
1044.18
1044.18
1044.17
1044.17
1044.15
1044.14
1044.12
1044.1
1044.08
1044.08
1044.1
1044.11
1044.12
1044.11
1044.1
1044.08
1044.06
1044.03
1044
1043.97
1043.95
1043.93
1043.91
1043.89
1043.87
1043.87
1043.87
1043.87
1043.87
1043.86
1043.84
1043.82
1043.8
1043.77
1043.74
1043.7
1043.66
1043.61
1043.55
1043.5
1043.45
1043.39
1043.34
1043.28
1043.22
1043.15
1043.1
1043.04
1042.98
1042.91
1042.82
1042.72
1042.6
1042.48
1042.34
1042.21
1042.04
1041.91
1041.71
1041.6
1041.38
1041.29
1041.02
1023.93
1023.94
1023.97
1023.97
1023.99
1024.01
1024.04
1024.08
1024.1
1024.12
1024.12
1024.14
1024.14
1024.16
1024.2
1024.2
1024.22
1024.22
1024.23
1024.23
1024.24
1024.24
1024.27
1024.32
1024.31
1024.34
1024.33
1024.33
1024.32
1024.31
1024.29
1024.28
1024.26
1024.25
1024.24
1024.25
1024.27
1024.27
1024.28
1024.27
1024.27
1024.25
1024.24
1024.22
1024.21
1024.18
1024.19
1024.21
1024.22
1024.22
1024.22
1024.21
1024.19
1024.17
1024.14
1024.12
1024.09
1024.06
1024.04
1024.03
1024.01
1023.99
1023.99
1023.99
1023.99
1023.99
1023.98
1023.96
1023.94
1023.92
1023.89
1023.86
1023.82
1023.78
1023.73
1023.68
1023.62
1023.57
1023.52
1023.46
1023.4
1023.34
1023.28
1023.22
1023.17
1023.1
1023.03
1022.94
1022.85
1022.73
1022.61
1022.46
1022.34
1022.17
1022.03
1021.84
1021.72
1021.51
1021.42
1021.14
1003.26
1003.27
1003.29
1003.3
1003.32
1003.34
1003.37
1003.41
1003.43
1003.45
1003.46
1003.47
1003.48
1003.5
1003.53
1003.54
1003.56
1003.56
1003.57
1003.57
1003.59
1003.59
1003.61
1003.66
1003.66
1003.68
1003.68
1003.68
1003.67
1003.66
1003.65
1003.64
1003.62
1003.61
1003.6
1003.61
1003.63
1003.63
1003.64
1003.63
1003.63
1003.61
1003.6
1003.58
1003.57
1003.55
1003.56
1003.57
1003.58
1003.58
1003.58
1003.57
1003.56
1003.54
1003.51
1003.49
1003.46
1003.44
1003.42
1003.4
1003.38
1003.37
1003.37
1003.37
1003.37
1003.37
1003.36
1003.34
1003.32
1003.3
1003.27
1003.24
1003.21
1003.16
1003.12
1003.07
1003.01
1002.96
1002.91
1002.85
1002.79
1002.73
1002.66
1002.61
1002.55
1002.49
1002.42
1002.33
1002.23
1002.11
1002
1001.85
1001.73
1001.56
1001.42
1001.23
1001.11
1000.9
1000.81
1000.53
981.816
981.829
981.854
981.866
981.889
981.907
981.935
981.973
981.989
982.015
982.022
982.038
982.048
982.065
982.095
982.104
982.126
982.128
982.141
982.144
982.162
982.169
982.191
982.234
982.236
982.256
982.254
982.259
982.252
982.245
982.233
982.225
982.21
982.203
982.197
982.204
982.222
982.223
982.23
982.224
982.22
982.208
982.2
982.183
982.172
982.154
982.158
982.171
982.18
982.183
982.182
982.173
982.161
982.14
982.12
982.096
982.073
982.05
982.034
982.017
981.998
981.987
981.988
981.987
981.987
981.982
981.973
981.958
981.938
981.916
981.889
981.861
981.824
981.785
981.737
981.688
981.635
981.583
981.528
981.474
981.408
981.353
981.282
981.231
981.172
981.111
981.04
980.951
980.856
980.737
980.623
980.477
980.351
980.179
980.047
979.853
979.734
979.521
979.43
979.153
959.58
959.595
959.62
959.634
959.658
959.679
959.706
959.741
959.758
959.783
959.793
959.81
959.822
959.839
959.867
959.877
959.899
959.905
959.918
959.925
959.944
959.954
959.975
960.015
960.019
960.04
960.037
960.045
960.04
960.035
960.024
960.018
960.005
960
959.996
960.003
960.019
960.021
960.028
960.023
960.02
960.01
960.002
959.987
959.978
959.962
959.965
959.977
959.984
959.988
959.987
959.979
959.968
959.95
959.931
959.909
959.887
959.868
959.852
959.836
959.819
959.808
959.809
959.808
959.808
959.802
959.794
959.779
959.76
959.738
959.712
959.685
959.649
959.611
959.564
959.516
959.463
959.412
959.357
959.302
959.235
959.18
959.108
959.057
958.998
958.938
958.866
958.778
958.683
958.565
958.452
958.306
958.18
958.008
957.875
957.681
957.562
957.349
957.258
956.98
936.52
936.537
936.562
936.579
936.604
936.625
936.652
936.685
936.704
936.728
936.74
936.758
936.772
936.788
936.814
936.826
936.848
936.856
936.872
936.881
936.901
936.914
936.935
936.972
936.978
937.001
936.997
937.008
937.002
937.001
936.992
936.986
936.977
936.973
936.971
936.977
936.992
936.994
937.002
936.998
936.996
936.987
936.981
936.967
936.96
936.946
936.949
936.958
936.965
936.969
936.969
936.962
936.953
936.936
936.919
936.899
936.879
936.861
936.846
936.831
936.816
936.806
936.806
936.805
936.805
936.8
936.792
936.777
936.758
936.737
936.712
936.685
936.651
936.613
936.567
936.519
936.467
936.417
936.362
936.306
936.239
936.183
936.111
936.06
936
935.94
935.869
935.782
935.687
935.569
935.456
935.311
935.185
935.014
934.879
934.685
934.566
934.353
934.262
933.984
912.607
912.625
912.65
912.669
912.694
912.717
912.743
912.775
912.795
912.819
912.833
912.851
912.866
912.883
912.907
912.921
912.942
912.953
912.971
912.982
913.003
913.019
913.04
913.075
913.083
913.108
913.105
913.115
913.111
913.112
913.104
913.1
913.093
913.092
913.091
913.097
913.111
913.114
913.121
913.119
913.118
913.11
913.106
913.093
913.087
913.075
913.078
913.086
913.092
913.095
913.096
913.091
913.083
913.068
913.053
913.034
913.016
912.999
912.986
912.972
912.959
912.949
912.949
912.948
912.948
912.943
912.935
912.92
912.901
912.881
912.857
912.831
912.798
912.761
912.715
912.669
912.617
912.568
912.513
912.457
912.388
912.332
912.259
912.208
912.148
912.089
912.018
911.931
911.837
911.719
911.607
911.462
911.336
911.164
911.029
910.835
910.715
910.503
910.412
910.134
887.807
887.827
887.852
887.873
887.898
887.922
887.949
887.978
888
888.024
888.039
888.057
888.073
888.09
888.114
888.129
888.15
888.164
888.183
888.197
888.219
888.237
888.258
888.292
888.302
888.326
888.326
888.336
888.334
888.335
888.331
888.329
888.324
888.324
888.324
888.331
888.343
888.347
888.355
888.353
888.354
888.348
888.344
888.333
888.328
888.318
888.32
888.327
888.333
888.336
888.338
888.333
888.327
888.314
888.3
888.283
888.267
888.252
888.24
888.227
888.215
888.207
888.206
888.205
888.205
888.2
888.192
888.178
888.159
888.139
888.116
888.092
888.059
888.024
887.978
887.933
887.881
887.832
887.778
887.721
887.652
887.595
887.521
887.47
887.41
887.351
887.281
887.194
887.101
886.983
886.871
886.726
886.601
886.429
886.293
886.098
885.978
885.767
885.675
885.397
862.088
862.109
862.135
862.157
862.183
862.208
862.234
862.263
862.285
862.309
862.326
862.345
862.361
862.379
862.401
862.417
862.439
862.455
862.475
862.492
862.515
862.536
862.557
862.59
862.602
862.626
862.628
862.638
862.639
862.641
862.639
862.638
862.635
862.636
862.638
862.645
862.657
862.662
862.67
862.669
862.671
862.666
862.664
862.654
862.651
862.642
862.643
862.649
862.655
862.658
862.66
862.657
862.652
862.64
862.629
862.614
862.599
862.585
862.575
862.563
862.553
862.545
862.545
862.543
862.544
862.538
862.531
862.517
862.498
862.479
862.456
862.433
862.401
862.367
862.322
862.277
862.227
862.179
862.124
862.067
861.996
861.939
861.864
861.813
861.754
861.695
861.625
861.539
861.445
861.328
861.216
861.072
860.946
860.774
860.637
860.442
860.321
860.111
860.019
859.741
835.902
835.925
835.95
835.974
836
836.026
836.053
836.082
836.104
836.128
836.146
836.165
836.182
836.199
836.222
836.239
836.261
836.278
836.3
836.32
836.344
836.367
836.39
836.421
836.435
836.458
836.463
836.474
836.476
836.48
836.479
836.48
836.479
836.482
836.485
836.492
836.504
836.509
836.518
836.518
836.521
836.517
836.516
836.508
836.506
836.498
836.499
836.504
836.51
836.513
836.516
836.514
836.51
836.5
836.49
836.477
836.464
836.452
836.442
836.432
836.423
836.416
836.416
836.414
836.415
836.41
836.402
836.389
836.369
836.35
836.328
836.307
836.276
836.243
836.199
836.155
836.105
836.057
836.003
835.946
835.873
835.816
835.74
835.689
835.629
835.571
835.501
835.415
835.322
835.205
835.093
834.949
834.823
834.651
834.513
834.318
834.197
833.987
833.895
833.616
810.187
810.211
810.237
810.261
810.288
810.315
810.342
810.371
810.394
810.418
810.437
810.455
810.473
810.491
810.512
810.531
810.553
810.572
810.596
810.617
810.643
810.668
810.692
810.723
810.738
810.761
810.769
810.78
810.784
810.789
810.79
810.792
810.793
810.796
810.801
810.809
810.82
810.826
810.835
810.837
810.841
810.838
810.838
810.832
810.83
810.823
810.824
810.828
810.833
810.837
810.84
810.839
810.837
810.829
810.821
810.808
810.798
810.786
810.779
810.769
810.762
810.756
810.755
810.753
810.755
810.749
810.742
810.729
810.708
810.69
810.669
810.649
810.619
810.587
810.543
810.5
810.451
810.404
810.351
810.293
810.218
810.162
810.083
810.033
809.973
809.916
809.846
809.76
809.667
809.55
809.438
809.294
809.169
808.996
808.856
808.662
808.54
808.331
808.239
807.96
785.396
785.42
785.446
785.472
785.499
785.527
785.555
785.583
785.607
785.631
785.65
785.668
785.686
785.704
785.725
785.745
785.768
785.789
785.813
785.837
785.865
785.891
785.917
785.947
785.964
785.987
785.996
786.009
786.013
786.02
786.022
786.025
786.027
786.032
786.038
786.046
786.058
786.065
786.074
786.077
786.081
786.08
786.081
786.076
786.075
786.068
786.069
786.072
786.078
786.081
786.086
786.086
786.085
786.078
786.071
786.06
786.052
786.041
786.035
786.027
786.02
786.015
786.014
786.012
786.014
786.009
786.001
785.988
785.968
785.95
785.929
785.911
785.882
785.851
785.808
785.765
785.717
785.671
785.618
785.559
785.483
785.426
785.346
785.296
785.237
785.18
785.11
785.024
784.931
784.814
784.702
784.558
784.433
784.26
784.119
783.924
783.801
783.594
783.502
783.223
761.494
761.519
761.545
761.571
761.6
761.628
761.657
761.685
761.71
761.733
761.753
761.771
761.789
761.806
761.828
761.848
761.872
761.894
761.92
761.946
761.975
762.004
762.03
762.06
762.079
762.102
762.112
762.126
762.132
762.139
762.142
762.147
762.151
762.157
762.163
762.172
762.184
762.191
762.201
762.205
762.21
762.21
762.212
762.207
762.207
762.201
762.202
762.204
762.21
762.213
762.218
762.22
762.22
762.214
762.209
762.2
762.192
762.183
762.178
762.171
762.166
762.161
762.16
762.158
762.16
762.155
762.147
762.135
762.113
762.096
762.077
762.06
762.032
762.002
761.959
761.916
761.869
761.824
761.772
761.712
761.634
761.577
761.495
761.445
761.387
761.33
761.261
761.175
761.081
760.965
760.853
760.709
760.583
760.41
760.267
760.072
759.949
759.743
759.651
759.371
738.45
738.475
738.502
738.529
738.557
738.587
738.616
738.645
738.67
738.694
738.713
738.731
738.748
738.766
738.787
738.808
738.832
738.856
738.884
738.911
738.942
738.973
739
739.031
739.051
739.074
739.086
739.1
739.107
739.115
739.119
739.125
739.13
739.137
739.145
739.154
739.166
739.174
739.184
739.189
739.195
739.196
739.199
739.195
739.195
739.19
739.19
739.192
739.197
739.201
739.207
739.21
739.211
739.207
739.203
739.194
739.189
739.18
739.176
739.17
739.166
739.161
739.161
739.159
739.161
739.156
739.149
739.137
739.114
739.098
739.079
739.064
739.037
739.007
738.965
738.923
738.876
738.832
738.78
738.72
738.64
738.582
738.499
738.449
738.392
738.336
738.266
738.181
738.086
737.97
737.858
737.713
737.588
737.414
737.27
737.074
736.951
736.746
736.654
736.374
716.233
716.258
716.285
716.312
716.342
716.372
716.402
716.432
716.457
716.481
716.5
716.517
716.534
716.552
716.573
716.595
716.619
716.645
716.673
716.703
716.736
716.768
716.797
716.828
716.849
716.872
716.885
716.9
716.908
716.917
716.922
716.929
716.935
716.943
716.952
716.961
716.974
716.982
716.993
716.998
717.005
717.007
717.011
717.008
717.009
717.004
717.003
717.005
717.01
717.014
717.021
717.025
717.027
717.024
717.021
717.014
717.009
717.002
716.999
716.994
716.991
716.987
716.987
716.984
716.987
716.982
716.975
716.963
716.939
716.924
716.906
716.892
716.866
716.838
716.795
716.753
716.707
716.664
716.613
716.551
716.469
716.411
716.326
716.277
716.22
716.165
716.096
716.01
715.915
715.799
715.686
715.542
715.416
715.242
715.095
714.9
714.776
714.573
714.48
714.201
694.813
694.839
694.866
694.893
694.923
694.954
694.985
695.015
695.042
695.065
695.084
695.101
695.117
695.134
695.155
695.178
695.203
695.229
695.259
695.291
695.326
695.36
695.391
695.422
695.444
695.467
695.481
695.496
695.505
695.515
695.522
695.529
695.536
695.545
695.554
695.565
695.577
695.587
695.598
695.604
695.611
695.614
695.618
695.617
695.618
695.613
695.611
695.613
695.618
695.623
695.63
695.635
695.638
695.636
695.635
695.629
695.625
695.619
695.617
695.613
695.611
695.607
695.607
695.605
695.608
695.604
695.596
695.584
695.559
695.544
695.527
695.515
695.491
695.463
695.42
695.378
695.333
695.29
695.24
695.177
695.093
695.034
694.946
694.898
694.843
694.788
694.72
694.634
694.539
694.422
694.309
694.165
694.039
693.864
693.715
693.519
693.395
693.193
693.101
692.821
674.162
674.187
674.214
674.242
674.273
674.305
674.337
674.368
674.395
674.418
674.437
674.452
674.467
674.484
674.505
674.528
674.554
674.582
674.613
674.647
674.684
674.72
674.752
674.784
674.807
674.831
674.845
674.861
674.87
674.881
674.888
674.897
674.905
674.914
674.924
674.935
674.948
674.958
674.97
674.976
674.985
674.988
674.993
674.992
674.994
674.989
674.987
674.987
674.993
674.998
675.006
675.012
675.016
675.015
675.015
675.01
675.008
675.002
675.002
674.999
674.997
674.994
674.993
674.991
674.996
674.991
674.984
674.972
674.946
674.931
674.915
674.905
674.881
674.854
674.811
674.769
674.724
674.682
674.634
674.569
674.482
674.423
674.333
674.285
674.231
674.178
674.11
674.024
673.928
673.811
673.698
673.554
673.427
673.252
673.101
672.904
672.78
672.58
672.488
672.208
654.251
654.276
654.303
654.331
654.363
654.396
654.43
654.461
654.489
654.512
654.53
654.544
654.558
654.574
654.594
654.619
654.645
654.674
654.707
654.743
654.783
654.82
654.854
654.886
654.911
654.934
654.95
654.965
654.976
654.987
654.995
655.004
655.013
655.023
655.034
655.046
655.059
655.07
655.082
655.089
655.097
655.102
655.108
655.108
655.109
655.104
655.101
655.102
655.107
655.112
655.121
655.129
655.134
655.134
655.134
655.131
655.13
655.125
655.126
655.124
655.122
655.12
655.119
655.117
655.122
655.118
655.111
655.099
655.071
655.056
655.042
655.033
655.011
654.984
654.94
654.898
654.854
654.813
654.766
654.699
654.609
654.549
654.457
654.41
654.358
654.306
654.239
654.152
654.056
653.938
653.825
653.681
653.554
653.378
653.224
653.027
652.903
652.705
652.613
652.333
635.055
635.08
635.106
635.135
635.167
635.201
635.236
635.269
635.297
635.32
635.337
635.35
635.362
635.377
635.398
635.424
635.45
635.481
635.515
635.553
635.595
635.634
635.67
635.703
635.728
635.752
635.768
635.784
635.795
635.806
635.815
635.825
635.835
635.845
635.857
635.869
635.883
635.894
635.907
635.914
635.923
635.928
635.935
635.936
635.938
635.932
635.928
635.928
635.933
635.94
635.949
635.959
635.964
635.966
635.967
635.964
635.964
635.96
635.962
635.961
635.96
635.958
635.957
635.955
635.961
635.957
635.95
635.938
635.908
635.894
635.88
635.874
635.853
635.826
635.782
635.74
635.696
635.656
635.61
635.541
635.448
635.388
635.293
635.246
635.197
635.146
635.079
634.993
634.896
634.778
634.665
634.52
634.393
634.215
634.058
633.862
633.737
633.542
633.45
633.17
616.547
616.571
616.598
616.626
616.659
616.695
616.731
616.765
616.794
616.817
616.833
616.844
616.854
616.869
616.889
616.916
616.943
616.975
617.01
617.051
617.096
617.137
617.174
617.208
617.234
617.258
617.274
617.29
617.302
617.313
617.323
617.334
617.344
617.356
617.368
617.381
617.395
617.406
617.419
617.427
617.437
617.443
617.45
617.452
617.454
617.448
617.442
617.443
617.447
617.454
617.464
617.476
617.482
617.484
617.486
617.485
617.486
617.483
617.486
617.486
617.485
617.483
617.482
617.481
617.487
617.484
617.476
617.464
617.432
617.418
617.406
617.402
617.381
617.354
617.31
617.267
617.224
617.185
617.14
617.069
616.973
616.912
616.815
616.769
616.723
616.673
616.607
616.52
616.423
616.304
616.191
616.046
615.919
615.74
615.579
615.383
615.258
615.065
614.973
614.693
598.703
598.727
598.752
598.781
598.815
598.853
598.89
598.926
598.955
598.977
598.992
599.002
599.009
599.023
599.043
599.072
599.099
599.132
599.169
599.211
599.26
599.303
599.342
599.377
599.403
599.427
599.444
599.46
599.472
599.484
599.494
599.505
599.516
599.529
599.542
599.555
599.569
599.582
599.595
599.603
599.614
599.62
599.628
599.63
599.632
599.626
599.619
599.619
599.624
599.632
599.642
599.655
599.662
599.666
599.668
599.668
599.67
599.668
599.672
599.673
599.673
599.671
599.67
599.668
599.676
599.673
599.665
599.653
599.618
599.604
599.593
599.591
599.572
599.545
599.499
599.456
599.414
599.376
599.333
599.259
599.16
599.098
598.998
598.952
598.911
598.862
598.796
598.709
598.611
598.492
598.378
598.234
598.106
597.926
597.762
597.566
597.441
597.25
597.159
596.878
581.499
581.522
581.547
581.575
581.611
581.65
581.69
581.726
581.756
581.778
581.792
581.799
581.804
581.817
581.837
581.867
581.894
581.928
581.967
582.011
582.063
582.109
582.15
582.185
582.212
582.236
582.253
582.27
582.282
582.294
582.305
582.316
582.328
582.341
582.354
582.368
582.383
582.396
582.409
582.418
582.429
582.436
582.445
582.448
582.45
582.443
582.434
582.435
582.439
582.448
582.458
582.474
582.482
582.487
582.489
582.49
582.493
582.491
582.497
582.499
582.499
582.498
582.496
582.494
582.503
582.5
582.492
582.479
582.442
582.428
582.418
582.419
582.4
582.374
582.327
582.283
582.242
582.205
582.164
582.087
581.984
581.921
581.819
581.772
581.736
581.689
581.624
581.536
581.438
581.319
581.204
581.06
580.932
580.75
580.583
580.386
580.261
580.074
579.982
579.701
564.912
564.934
564.958
564.986
565.022
565.064
565.106
565.144
565.174
565.197
565.208
565.213
565.215
565.227
565.246
565.279
565.306
565.341
565.381
565.428
565.484
565.532
565.574
565.61
565.638
565.662
565.679
565.696
565.708
565.72
565.731
565.744
565.756
565.769
565.783
565.798
565.813
565.827
565.84
565.849
565.861
565.869
565.878
565.882
565.884
565.877
565.865
565.866
565.87
565.88
565.891
565.909
565.917
565.923
565.927
565.928
565.932
565.931
565.937
565.94
565.941
565.94
565.937
565.936
565.946
565.943
565.934
565.922
565.881
565.867
565.859
565.862
565.845
565.818
565.77
565.725
565.684
565.648
565.611
565.531
565.424
565.36
565.254
565.207
565.177
565.131
565.068
564.979
564.88
564.76
564.646
564.501
564.373
564.19
564.019
563.821
563.697
563.512
563.421
563.14
548.92
548.94
548.963
548.991
549.029
549.073
549.117
549.158
549.188
549.21
549.22
549.221
549.22
549.23
549.25
549.285
549.312
549.347
549.389
549.439
549.499
549.549
549.594
549.63
549.658
549.682
549.7
549.716
549.728
549.741
549.753
549.765
549.778
549.792
549.807
549.822
549.838
549.852
549.865
549.875
549.886
549.895
549.905
549.909
549.912
549.904
549.89
549.891
549.895
549.906
549.918
549.938
549.947
549.954
549.957
549.96
549.965
549.964
549.972
549.976
549.977
549.976
549.972
549.971
549.982
549.979
549.97
549.957
549.913
549.899
549.893
549.898
549.882
549.855
549.806
549.76
549.72
549.685
549.651
549.567
549.456
549.391
549.283
549.236
549.21
549.167
549.104
549.016
548.916
548.795
548.68
548.536
548.408
548.223
548.047
547.849
547.725
547.544
547.452
547.172
533.502
533.52
533.541
533.568
533.608
533.655
533.702
533.745
533.776
533.797
533.805
533.803
533.797
533.806
533.826
533.863
533.891
533.927
533.97
534.023
534.087
534.14
534.187
534.224
534.252
534.276
534.294
534.31
534.322
534.335
534.347
534.36
534.373
534.388
534.403
534.418
534.435
534.449
534.463
534.473
534.485
534.494
534.505
534.51
534.513
534.504
534.488
534.488
534.493
534.504
534.517
534.54
534.549
534.557
534.561
534.565
534.57
534.57
534.579
534.583
534.585
534.584
534.579
534.578
534.59
534.588
534.579
534.565
534.517
534.502
534.498
534.506
534.492
534.465
534.415
534.367
534.328
534.294
534.263
534.175
534.06
533.994
533.883
533.836
533.816
533.774
533.713
533.624
533.524
533.403
533.287
533.143
533.015
532.828
532.648
532.449
532.325
532.148
532.056
531.775
518.637
518.652
518.672
518.698
518.74
518.79
518.84
518.885
518.917
518.938
518.944
518.937
518.927
518.934
518.954
518.995
519.022
519.058
519.103
519.159
519.228
519.284
519.332
519.37
519.399
519.422
519.44
519.456
519.468
519.481
519.493
519.507
519.521
519.536
519.552
519.568
519.584
519.599
519.614
519.623
519.636
519.646
519.657
519.663
519.666
519.656
519.637
519.638
519.642
519.655
519.668
519.694
519.703
519.713
519.717
519.721
519.727
519.728
519.738
519.743
519.745
519.743
519.738
519.737
519.749
519.748
519.738
519.724
519.672
519.657
519.654
519.665
519.654
519.626
519.574
519.526
519.487
519.454
519.427
519.333
519.215
519.149
519.034
518.989
518.973
518.934
518.874
518.784
518.683
518.561
518.446
518.301
518.173
517.985
517.8
517.6
517.477
517.303
517.211
516.93
504.304
504.318
504.335
504.36
504.404
504.457
504.511
504.56
504.592
504.613
504.615
504.605
504.588
504.594
504.614
504.658
504.685
504.722
504.768
504.827
504.902
504.961
505.012
505.05
505.078
505.102
505.119
505.135
505.147
505.16
505.172
505.186
505.201
505.216
505.233
505.249
505.266
505.282
505.297
505.306
505.319
505.33
505.342
505.349
505.352
505.341
505.318
505.32
505.324
505.337
505.351
505.38
505.39
505.4
505.404
505.41
505.416
505.417
505.428
505.435
505.436
505.435
505.428
505.427
505.441
505.44
505.43
505.415
505.358
505.343
505.342
505.357
505.347
505.319
505.265
505.215
505.177
505.146
505.124
505.024
504.902
504.834
504.716
504.672
504.661
504.625
504.567
504.476
504.374
504.252
504.136
503.992
503.864
503.673
503.483
503.282
503.159
502.99
502.898
502.617
490.486
490.496
490.51
490.535
490.581
490.639
490.696
490.749
490.782
490.802
490.802
490.785
490.763
490.766
490.786
490.835
490.862
490.898
490.945
491.008
491.09
491.153
491.205
491.243
491.272
491.295
491.312
491.328
491.339
491.352
491.365
491.379
491.394
491.41
491.427
491.444
491.462
491.478
491.493
491.503
491.516
491.527
491.54
491.548
491.551
491.539
491.513
491.514
491.518
491.533
491.548
491.58
491.59
491.601
491.605
491.612
491.618
491.62
491.632
491.639
491.641
491.639
491.631
491.63
491.645
491.645
491.634
491.619
491.557
491.541
491.541
491.561
491.554
491.525
491.469
491.417
491.38
491.351
491.333
491.229
491.101
491.032
490.909
490.867
490.863
490.83
490.773
490.682
490.578
490.455
490.339
490.195
490.067
489.875
489.679
489.476
489.354
489.189
489.098
488.816
477.163
477.171
477.181
477.205
477.253
477.316
477.377
477.433
477.467
477.487
477.483
477.461
477.432
477.433
477.454
477.507
477.534
477.569
477.618
477.685
477.773
477.839
477.893
477.932
477.96
477.983
478
478.015
478.027
478.04
478.053
478.067
478.083
478.099
478.117
478.134
478.153
478.169
478.184
478.194
478.207
478.22
478.233
478.243
478.245
478.232
478.202
478.204
478.208
478.224
478.239
478.274
478.284
478.297
478.3
478.308
478.315
478.316
478.33
478.338
478.34
478.337
478.328
478.327
478.344
478.344
478.333
478.317
478.25
478.234
478.236
478.26
478.255
478.225
478.167
478.114
478.077
478.051
478.037
477.93
477.795
477.724
477.598
477.556
477.558
477.528
477.473
477.381
477.276
477.153
477.036
476.893
476.765
476.572
476.37
476.165
476.044
475.883
475.792
475.51
522.197
506.975
514.872
514.638
514.439
515.594
515.569
515.954
515.988
516.118
516.136
516.192
516.208
516.254
516.279
516.324
516.369
516.427
516.475
516.504
516.506
516.47
516.399
516.287
516.154
516.01
515.862
515.691
515.5
515.311
515.108
514.905
514.706
514.505
514.331
514.188
514.07
513.972
513.892
513.811
513.724
513.621
513.506
513.381
513.263
513.157
513.059
513.001
512.935
512.889
497.571
480.905
489.342
489.623
489.169
490.476
490.472
490.856
490.901
491.029
491.047
491.102
491.121
491.168
491.195
491.241
491.29
491.351
491.404
491.437
491.44
491.403
491.33
491.217
491.083
490.938
490.789
490.62
490.428
490.237
490.031
489.824
489.622
489.419
489.246
489.105
488.987
488.89
488.81
488.731
488.645
488.541
488.424
488.297
488.177
488.071
487.973
487.911
487.848
487.802
471.845
453.573
462.582
463.436
462.847
464.245
464.261
464.644
464.702
464.833
464.848
464.903
464.924
464.971
465
465.048
465.1
465.165
465.223
465.261
465.265
465.228
465.152
465.037
464.901
464.756
464.607
464.438
464.246
464.053
463.843
463.633
463.429
463.223
463.049
462.91
462.794
462.696
462.618
462.54
462.455
462.351
462.232
462.102
461.981
461.872
461.776
461.71
461.649
461.604
444.954
424.9
434.475
436.045
435.468
436.857
436.889
437.276
437.345
437.468
437.497
437.549
437.572
437.621
437.652
437.7
437.753
437.819
437.883
437.926
437.932
437.894
437.815
437.698
437.561
437.415
437.265
437.097
436.905
436.709
436.496
436.282
436.075
435.867
435.693
435.556
435.44
435.343
435.267
435.19
435.105
435.002
434.88
434.748
434.624
434.514
434.418
434.349
434.29
434.246
416.816
394.798
405.005
407.564
406.735
408.254
408.307
408.692
408.769
408.899
408.93
408.998
409.024
409.071
409.104
409.154
409.204
409.266
409.334
409.383
409.39
409.351
409.269
409.148
409.01
408.863
408.712
408.545
408.353
408.154
407.937
407.719
407.51
407.298
407.124
406.989
406.875
406.778
406.704
406.629
406.546
406.442
406.317
406.182
406.056
405.944
405.849
405.777
405.718
405.676
387.349
363.175
374.108
377.868
376.687
378.419
378.485
378.868
378.938
379.065
379.099
379.185
379.216
379.263
379.299
379.35
379.4
379.456
379.521
379.576
379.585
379.545
379.46
379.335
379.195
379.047
378.896
378.729
378.536
378.334
378.114
377.891
377.679
377.465
377.291
377.16
377.054
376.973
376.908
376.833
376.749
376.646
376.519
376.379
376.247
376.13
376.036
375.964
375.91
375.872
356.448
329.925
341.478
346.946
345.357
347.279
347.361
347.752
347.811
347.922
347.958
348.048
348.073
348.134
348.175
348.227
348.28
348.335
348.394
348.451
348.461
348.421
348.331
348.202
348.059
347.911
347.76
347.594
347.4
347.195
346.97
346.743
346.527
346.357
346.211
346.081
345.974
345.888
345.824
345.752
345.67
345.566
345.436
345.293
345.159
345.041
344.948
344.873
344.815
344.779
324.024
294.933
307.089
314.697
312.63
314.766
314.859
315.261
315.321
315.436
315.445
315.523
315.558
315.627
315.67
315.725
315.782
315.842
315.907
315.948
315.96
315.919
315.825
315.691
315.546
315.396
315.245
315.08
314.886
314.676
314.446
314.215
313.997
313.821
313.675
313.557
313.478
313.423
313.363
313.293
313.201
313.086
312.954
312.809
312.671
312.547
312.453
312.384
312.34
312.308
289.939
258.048
270.501
281.078
278.504
280.799
280.908
281.327
281.395
281.507
281.521
281.587
281.601
281.673
281.724
281.783
281.843
281.909
281.97
282.007
282.022
281.98
281.88
281.742
281.593
281.443
281.292
281.126
280.932
280.719
280.483
280.246
280.026
279.851
279.703
279.591
279.526
279.485
279.43
279.363
279.267
279.147
279.011
278.863
278.721
278.592
278.498
278.432
278.393
278.366
254.104
219.117
231.622
246.115
242.987
245.324
245.431
245.868
245.945
246.057
246.058
246.125
246.136
246.204
246.264
246.328
246.393
246.464
246.526
246.565
246.582
246.539
246.439
246.294
246.142
245.99
245.836
245.67
245.475
245.259
245.017
244.773
244.547
244.369
244.218
244.111
244.048
244.01
243.96
243.896
243.802
243.682
243.542
243.388
243.241
243.109
243.014
242.946
242.907
242.884
216.374
178.078
189.7
209.661
206.048
208.273
208.386
208.825
208.902
209.008
209.017
209.081
209.093
209.159
209.219
209.288
209.358
209.434
209.504
209.553
209.579
209.535
209.426
209.275
209.116
208.963
208.81
208.645
208.449
208.227
207.985
207.741
207.508
207.326
207.169
207.059
206.998
206.963
206.919
206.859
206.768
206.647
206.502
206.341
206.189
206.055
205.958
205.888
205.848
205.828
177.097
134.511
144.811
171.681
167.754
169.591
169.68
170.138
170.217
170.311
170.322
170.387
170.402
170.471
170.531
170.602
170.676
170.76
170.841
170.901
170.938
170.892
170.774
170.617
170.451
170.296
170.145
169.981
169.785
169.557
169.308
169.059
168.823
168.634
168.474
168.365
168.307
168.276
168.238
168.183
168.094
167.972
167.822
167.653
167.496
167.359
167.258
167.187
167.148
167.13
135.412
93.8714
97.1482
131.964
128.023
129.211
129.252
129.748
129.824
129.905
129.916
129.978
129.998
130.066
130.131
130.204
130.281
130.372
130.467
130.543
130.585
130.539
130.414
130.244
130.072
129.917
129.768
129.606
129.409
129.176
128.919
128.66
128.419
128.224
128.062
127.954
127.901
127.876
127.845
127.795
127.709
127.585
127.429
127.252
127.089
126.948
126.843
126.771
126.734
126.717
94.8665
58.1905
53.8075
90.5706
86.933
86.9664
87.1069
87.5829
87.6516
87.7115
87.7213
87.7824
87.8054
87.8743
87.943
88.0169
88.0979
88.197
88.3055
88.3977
88.4487
88.4027
88.2673
88.085
87.9048
87.7489
87.603
87.4446
87.2476
87.0066
86.7402
86.4705
86.2207
86.0194
85.8571
85.7531
85.7061
85.6879
85.6638
85.6198
85.5361
85.4101
85.2479
85.0626
84.8918
84.7467
84.6374
84.5654
84.5294
84.5123
57.9719
23.416
22.4623
50.3063
44.6717
43.0478
43.0821
43.556
43.6271
43.6513
43.6572
43.7151
43.7415
43.8121
43.8859
43.9601
44.0445
44.1531
44.2786
44.3908
44.4532
44.407
44.259
44.0598
43.8705
43.7142
43.5726
43.4184
43.2214
42.9715
42.694
42.4095
42.1493
41.9408
41.7783
41.6816
41.6411
41.6304
41.6164
41.5797
41.4992
41.3711
41.2
41.0031
40.8259
40.6839
40.5738
40.5039
40.4693
40.45
36.1162
11.5992
3.68797
16.9692
12.0035
9.57701
9.57235
9.87583
9.92404
9.91825
9.92707
9.95686
9.9717
10.0037
10.0414
10.0873
10.1377
10.1987
10.2668
10.3305
10.3658
10.34
10.2572
10.1478
10.039
9.96113
9.89392
9.81988
9.72854
9.60038
9.45402
9.30487
9.17081
9.06439
8.98169
8.93035
8.9108
8.90893
8.90612
8.89079
8.85168
8.78705
8.69818
8.59519
8.50338
8.4341
8.38026
8.34788
8.33378
8.32564
18.9215
8.68907
-1.2035
0.344645
-0.961345
-1.32611
-1.32986
-1.3321
-1.33294
-1.33266
-1.31796
-1.31556
-1.31475
-1.32135
-1.32497
-1.31297
-1.30403
-1.30217
-1.3056
-1.30865
-1.31055
-1.31192
-1.31324
-1.31393
-1.3321
-1.33439
-1.33437
-1.3334
-1.31876
-1.31831
-1.31794
-1.31756
-1.31719
-1.31685
-1.31667
-1.32457
-1.33234
-1.33229
-1.33219
-1.33165
-1.3313
-1.3299
-1.32804
-1.32748
-1.32903
-1.33098
-1.33189
-1.33205
-1.33062
-1.32901
7.06172
1.82986
-1.44988
-1.37269
-1.39066
-1.3789
-1.3806
-1.38012
-1.37984
-1.37972
-1.37358
-1.37254
-1.37295
-1.37639
-1.37775
-1.37391
-1.37127
-1.37152
-1.37172
-1.37213
-1.37213
-1.37208
-1.37198
-1.37241
-1.38038
-1.38119
-1.38125
-1.38074
-1.37467
-1.37367
-1.37353
-1.37319
-1.37287
-1.37237
-1.37262
-1.37632
-1.37952
-1.37968
-1.37976
-1.37929
-1.37899
-1.37808
-1.37746
-1.37725
-1.37816
-1.37917
-1.3795
-1.3796
-1.37899
-1.37817
-14.2129
-1.60251
-1.44184
-1.42662
-1.43588
-1.42401
-1.42597
-1.4255
-1.42556
-1.42568
-1.42617
-1.42664
-1.42689
-1.42691
-1.42656
-1.42696
-1.42748
-1.42769
-1.42778
-1.42806
-1.42819
-1.42827
-1.42832
-1.42842
-1.4275
-1.42725
-1.42719
-1.42684
-1.42777
-1.4275
-1.42712
-1.42679
-1.42646
-1.42624
-1.42606
-1.42596
-1.42529
-1.42532
-1.42526
-1.42477
-1.42446
-1.42368
-1.42356
-1.42352
-1.42448
-1.42507
-1.42505
-1.42524
-1.42529
-1.42544
-7.37976
-1.75349
-1.45333
-1.46828
-1.47337
-1.46831
-1.47016
-1.46927
-1.46905
-1.46922
-1.46979
-1.47035
-1.47058
-1.47063
-1.47024
-1.47061
-1.47114
-1.47138
-1.47149
-1.47172
-1.47188
-1.47201
-1.47212
-1.47228
-1.47119
-1.47076
-1.47066
-1.47035
-1.47131
-1.47106
-1.47071
-1.47039
-1.47008
-1.46989
-1.46971
-1.46959
-1.46891
-1.46893
-1.46888
-1.46839
-1.4681
-1.46734
-1.46724
-1.4672
-1.46813
-1.46873
-1.46871
-1.46886
-1.46894
-1.46909
-2.76516
-1.71609
-1.48243
-1.51849
-1.5106
-1.5102
-1.51168
-1.51104
-1.51098
-1.51113
-1.5116
-1.51214
-1.51239
-1.51254
-1.51221
-1.51253
-1.51298
-1.51324
-1.51338
-1.5136
-1.51373
-1.51385
-1.51388
-1.51403
-1.51309
-1.51276
-1.51265
-1.51233
-1.5131
-1.51288
-1.51259
-1.51229
-1.51199
-1.51179
-1.51158
-1.51147
-1.51086
-1.51087
-1.51078
-1.51028
-1.51
-1.50923
-1.50913
-1.50909
-1.51002
-1.51068
-1.51065
-1.51083
-1.51087
-1.51102
0.983538
-1.64575
-1.53047
-1.56062
-1.54814
-1.55059
-1.55158
-1.55122
-1.55115
-1.5513
-1.55179
-1.55231
-1.55258
-1.55271
-1.55243
-1.55277
-1.55317
-1.55342
-1.55356
-1.55377
-1.55389
-1.55401
-1.55401
-1.55417
-1.55327
-1.55296
-1.55283
-1.55261
-1.55322
-1.55304
-1.55278
-1.5525
-1.55222
-1.55202
-1.55179
-1.55166
-1.55112
-1.55111
-1.55101
-1.5505
-1.55023
-1.54947
-1.54939
-1.54934
-1.55024
-1.55097
-1.55093
-1.55109
-1.55112
-1.55127
-1.97633
-1.652
-1.58605
-1.59957
-1.58583
-1.58936
-1.58988
-1.58979
-1.5897
-1.58991
-1.59036
-1.59087
-1.59112
-1.59132
-1.59107
-1.59139
-1.59175
-1.592
-1.59214
-1.59234
-1.59246
-1.59257
-1.59255
-1.59268
-1.59188
-1.59159
-1.59146
-1.59126
-1.59175
-1.59159
-1.59137
-1.59111
-1.59084
-1.59064
-1.59039
-1.59025
-1.58978
-1.58975
-1.58966
-1.58912
-1.58891
-1.58849
-1.58855
-1.58847
-1.58905
-1.58967
-1.58962
-1.58974
-1.58977
-1.58992
-1.72554
-1.68695
-1.62399
-1.63624
-1.6229
-1.6265
-1.62683
-1.62683
-1.62674
-1.627
-1.6274
-1.6279
-1.62815
-1.62836
-1.62816
-1.62848
-1.6288
-1.62904
-1.62918
-1.62937
-1.62948
-1.62958
-1.62956
-1.62965
-1.62895
-1.62867
-1.62855
-1.62834
-1.62876
-1.62862
-1.62842
-1.62817
-1.62792
-1.62771
-1.62745
-1.62729
-1.62688
-1.62685
-1.62677
-1.62636
-1.62608
-1.62633
-1.6266
-1.62651
-1.6266
-1.62682
-1.62677
-1.62684
-1.62688
-1.62702
-1.68835
-1.71048
-1.65625
-1.67141
-1.65884
-1.66216
-1.66232
-1.6624
-1.6623
-1.6626
-1.66295
-1.66345
-1.66369
-1.66393
-1.66376
-1.66408
-1.66436
-1.66461
-1.66474
-1.66492
-1.66503
-1.66511
-1.6651
-1.66514
-1.66453
-1.66426
-1.66415
-1.66394
-1.6643
-1.66416
-1.66399
-1.66375
-1.66352
-1.66331
-1.66302
-1.66286
-1.6625
-1.66247
-1.66244
-1.6625
-1.66267
-1.66291
-1.66313
-1.66303
-1.66268
-1.66247
-1.66243
-1.66247
-1.66251
-1.66264
-1.73181
-1.73722
-1.69019
-1.70518
-1.69349
-1.69638
-1.69643
-1.69656
-1.69645
-1.69678
-1.69709
-1.69759
-1.69782
-1.69807
-1.69794
-1.69825
-1.69851
-1.69875
-1.69888
-1.69905
-1.69915
-1.69923
-1.69921
-1.69924
-1.69868
-1.69844
-1.69833
-1.69812
-1.69842
-1.6983
-1.69814
-1.69791
-1.6977
-1.69749
-1.69714
-1.69696
-1.69665
-1.69661
-1.69669
-1.69726
-1.69724
-1.69752
-1.69786
-1.69792
-1.69714
-1.69675
-1.69667
-1.69668
-1.69671
-1.69683
-1.75888
-1.76437
-1.72279
-1.73764
-1.72671
-1.72923
-1.72919
-1.72936
-1.72925
-1.72959
-1.72987
-1.73036
-1.73059
-1.73085
-1.73075
-1.73106
-1.7313
-1.73153
-1.73166
-1.73182
-1.73192
-1.73199
-1.73196
-1.73198
-1.73147
-1.73125
-1.73112
-1.73093
-1.73118
-1.73107
-1.73092
-1.73071
-1.73051
-1.73039
-1.73037
-1.73019
-1.72992
-1.72991
-1.72985
-1.73009
-1.73006
-1.73033
-1.73073
-1.73098
-1.73041
-1.72967
-1.72953
-1.72953
-1.72955
-1.72966
-1.78798
-1.79151
-1.75441
-1.7688
-1.75853
-1.76078
-1.76066
-1.76087
-1.76073
-1.7611
-1.76135
-1.76182
-1.76206
-1.76232
-1.76225
-1.76256
-1.76278
-1.763
-1.76313
-1.76328
-1.76337
-1.76344
-1.7634
-1.76341
-1.76295
-1.76274
-1.76261
-1.76242
-1.76265
-1.76254
-1.7624
-1.7622
-1.76201
-1.76192
-1.76203
-1.76191
-1.76165
-1.76154
-1.76139
-1.76159
-1.76157
-1.76183
-1.76219
-1.76243
-1.76198
-1.76135
-1.76109
-1.76106
-1.76108
-1.76118
-1.81502
-1.81836
-1.78508
-1.79872
-1.78901
-1.79108
-1.79087
-1.79111
-1.79096
-1.79135
-1.79156
-1.79203
-1.79226
-1.79253
-1.79249
-1.7928
-1.793
-1.79321
-1.79334
-1.79349
-1.79357
-1.79364
-1.79359
-1.79359
-1.79317
-1.79298
-1.79284
-1.79266
-1.79286
-1.79275
-1.79262
-1.79243
-1.79226
-1.79215
-1.79226
-1.79213
-1.7919
-1.79179
-1.79165
-1.79183
-1.79182
-1.79207
-1.79239
-1.79261
-1.79221
-1.79163
-1.79138
-1.79134
-1.79135
-1.79144
-1.84184
-1.84462
-1.81474
-1.82739
-1.81821
-1.82016
-1.81988
-1.82016
-1.81999
-1.82039
-1.82058
-1.82103
-1.82126
-1.82154
-1.82152
-1.82183
-1.82201
-1.82222
-1.82234
-1.82249
-1.82257
-1.82263
-1.82258
-1.82257
-1.82218
-1.822
-1.82185
-1.82169
-1.82186
-1.82176
-1.82164
-1.82145
-1.82129
-1.82118
-1.82127
-1.82115
-1.82094
-1.82083
-1.82069
-1.82086
-1.82086
-1.82111
-1.82139
-1.82158
-1.82123
-1.8207
-1.82045
-1.8204
-1.8204
-1.82049
-1.86786
-1.87018
-1.84329
-1.85494
-1.84623
-1.84809
-1.84774
-1.84805
-1.84786
-1.84827
-1.84843
-1.84888
-1.8491
-1.84939
-1.8494
-1.8497
-1.84987
-1.85007
-1.85019
-1.85033
-1.8504
-1.85046
-1.85041
-1.85039
-1.85003
-1.84986
-1.84971
-1.84956
-1.8497
-1.8496
-1.84949
-1.84932
-1.84916
-1.84906
-1.84913
-1.849
-1.84881
-1.84871
-1.84858
-1.84874
-1.84874
-1.84898
-1.84924
-1.8494
-1.84909
-1.8486
-1.84836
-1.8483
-1.8483
-1.84839
-1.89306
-1.89504
-1.87068
-1.88141
-1.87322
-1.87489
-1.87449
-1.87482
-1.87462
-1.87503
-1.87518
-1.87562
-1.87584
-1.87613
-1.87615
-1.87645
-1.87661
-1.87681
-1.87692
-1.87705
-1.87713
-1.87718
-1.87713
-1.87711
-1.87676
-1.87661
-1.87646
-1.87632
-1.87643
-1.87634
-1.87623
-1.87606
-1.87592
-1.87581
-1.87587
-1.87575
-1.87557
-1.87548
-1.87535
-1.8755
-1.8755
-1.87574
-1.87598
-1.87611
-1.87584
-1.87539
-1.87515
-1.87509
-1.87509
-1.87516
-1.91744
-1.91909
-1.89698
-1.90677
-1.89918
-1.90061
-1.90018
-1.90053
-1.90032
-1.90073
-1.90085
-1.90129
-1.9015
-1.9018
-1.90184
-1.90214
-1.90229
-1.90248
-1.90259
-1.90271
-1.90278
-1.90283
-1.90278
-1.90275
-1.90243
-1.90229
-1.90214
-1.902
-1.9021
-1.90201
-1.9019
-1.90174
-1.90161
-1.9015
-1.90155
-1.90143
-1.90126
-1.90118
-1.90106
-1.9012
-1.9012
-1.90142
-1.90165
-1.90176
-1.90152
-1.9011
-1.90087
-1.90081
-1.9008
-1.90087
-1.94099
-1.94231
-1.92226
-1.93111
-1.9241
-1.92531
-1.92483
-1.92522
-1.92498
-1.9254
-1.92551
-1.92593
-1.92615
-1.92644
-1.92651
-1.9268
-1.92694
-1.92712
-1.92723
-1.92735
-1.92741
-1.92746
-1.92741
-1.92738
-1.92708
-1.92694
-1.92679
-1.92666
-1.92674
-1.92665
-1.92655
-1.9264
-1.92627
-1.92616
-1.9262
-1.92608
-1.92593
-1.92585
-1.92573
-1.92586
-1.92587
-1.92609
-1.92629
-1.92639
-1.92617
-1.92578
-1.92557
-1.9255
-1.92549
-1.92555
-1.9637
-1.96471
-1.94653
-1.95445
-1.94799
-1.94905
-1.94851
-1.94893
-1.94867
-1.94908
-1.94918
-1.94959
-1.94981
-1.95011
-1.95018
-1.95047
-1.95061
-1.95078
-1.95088
-1.951
-1.95106
-1.9511
-1.95105
-1.95102
-1.95074
-1.9506
-1.95046
-1.95033
-1.9504
-1.95031
-1.95022
-1.95007
-1.94994
-1.94984
-1.94987
-1.94975
-1.94961
-1.94953
-1.94942
-1.94955
-1.94955
-1.94976
-1.94995
-1.95003
-1.94984
-1.94948
-1.94927
-1.9492
-1.94919
-1.94925
512.866
512.857
512.898
512.951
513.011
513.095
513.204
513.336
513.467
513.648
513.825
514.037
514.28
514.568
514.871
515.232
515.618
516.032
516.478
516.918
517.372
517.795
518.198
518.513
518.75
518.854
519.281
518.866
518.952
518.835
518.499
518.234
518.142
517.836
517.359
516.754
516.062
515.261
514.374
513.421
512.439
511.455
510.512
509.678
509.063
508.865
509.416
511.363
517.02
533.855
487.781
487.773
487.817
487.874
487.932
488.024
488.133
488.268
488.403
488.588
488.771
488.992
489.245
489.544
489.864
490.243
490.651
491.091
491.564
492.037
492.526
492.988
493.421
493.784
494.065
494.174
494.636
494.37
494.452
494.26
493.929
493.905
493.748
493.412
492.989
492.463
491.862
491.182
490.45
489.694
488.957
488.281
487.73
487.395
487.411
487.986
489.405
492.204
498.147
506.86
461.584
461.579
461.626
461.687
461.742
461.842
461.951
462.09
462.23
462.418
462.608
462.837
463.1
463.412
463.749
464.146
464.577
465.044
465.545
466.053
466.579
467.088
467.556
467.962
468.29
468.502
468.791
468.902
468.883
468.508
468.428
468.419
468.19
467.876
467.507
467.056
466.547
465.987
465.407
464.841
464.333
463.939
463.727
463.791
464.253
465.275
467.039
469.819
474.448
479.114
434.228
434.224
434.274
434.337
434.395
434.5
434.609
434.751
434.896
435.089
435.285
435.522
435.796
436.121
436.475
436.891
437.347
437.841
438.372
438.915
439.48
440.03
440.552
441.015
441.403
441.703
441.869
442.352
442.093
441.742
441.797
441.701
441.451
441.17
440.847
440.466
440.045
439.598
439.159
438.762
438.456
438.295
438.342
438.677
439.393
440.592
442.361
444.802
448.322
451.67
405.66
405.657
405.711
405.773
405.841
405.947
406.057
406.203
406.355
406.555
406.759
407.007
407.293
407.632
408.003
408.436
408.91
409.429
409.993
410.578
411.19
411.795
412.38
412.906
413.361
413.729
413.909
414.426
414.136
413.912
413.917
413.739
413.481
413.223
412.941
412.622
412.282
411.937
411.62
411.367
411.222
411.234
411.457
411.95
412.77
413.969
415.57
417.586
420.223
422.639
375.856
375.848
375.896
375.954
376.031
376.14
376.26
376.421
376.58
376.786
377
377.258
377.556
377.909
378.298
378.749
379.241
379.786
380.384
381.012
381.674
382.342
382.98
383.567
384.088
384.532
384.822
385.086
385.059
384.83
384.735
384.482
384.21
383.964
383.713
383.449
383.178
382.921
382.704
382.564
382.537
382.664
382.989
383.549
384.375
385.485
386.868
388.501
390.507
392.312
344.764
344.761
344.793
344.846
344.931
345.044
345.188
345.349
345.514
345.725
345.944
346.21
346.519
346.886
347.292
347.763
348.281
348.856
349.487
350.154
350.868
351.579
352.275
352.929
353.53
354.059
354.424
354.617
354.643
354.391
354.186
353.859
353.562
353.314
353.085
352.865
352.655
352.468
352.33
352.27
352.319
352.51
352.875
353.44
354.216
355.201
356.37
357.696
359.27
360.674
312.294
312.293
312.33
312.383
312.478
312.591
312.735
312.901
313.071
313.286
313.511
313.785
314.105
314.485
314.909
315.401
315.945
316.549
317.213
317.921
318.679
319.446
320.204
320.933
321.622
322.236
322.69
322.929
322.841
322.535
322.223
321.802
321.457
321.188
320.97
320.787
320.629
320.5
320.419
320.412
320.499
320.706
321.067
321.596
322.294
323.148
324.129
325.214
326.481
327.607
278.358
278.365
278.383
278.439
278.535
278.65
278.819
278.988
279.164
279.386
279.629
279.92
280.252
280.643
281.083
281.592
282.16
282.795
283.494
284.242
285.033
285.852
286.674
287.483
288.279
289.005
289.581
289.856
289.689
289.245
288.793
288.236
287.804
287.494
287.277
287.129
287.022
286.942
286.903
286.926
287.018
287.199
287.517
287.986
288.597
289.329
290.152
291.045
292.081
292.998
242.883
242.897
242.922
242.982
243.077
243.198
243.364
243.536
243.718
243.946
244.207
244.515
244.858
245.261
245.716
246.243
246.834
247.499
248.234
249.023
249.854
250.719
251.608
252.511
253.445
254.336
255.065
255.369
255.111
254.456
253.831
253.077
252.505
252.125
251.901
251.798
251.753
251.726
251.718
251.76
251.828
251.933
252.173
252.569
253.1
253.731
254.425
255.162
256.005
256.754
205.828
205.843
205.872
205.938
206.033
206.16
206.326
206.503
206.689
206.922
207.187
207.502
207.855
208.271
208.743
209.289
209.905
210.598
211.366
212.199
213.076
213.999
214.964
215.975
217.073
218.169
219.096
219.432
219.051
218.106
217.27
216.229
215.439
214.956
214.722
214.692
214.746
214.788
214.813
214.879
214.902
214.851
214.961
215.276
215.751
216.318
216.92
217.526
218.192
218.821
167.13
167.147
167.181
167.251
167.347
167.48
167.647
167.828
168.019
168.254
168.524
168.845
169.208
169.635
170.123
170.687
171.326
172.046
172.846
173.716
174.642
175.624
176.666
177.795
179.082
180.43
181.623
182.011
181.464
180.132
179.06
177.601
176.483
175.857
175.622
175.723
175.949
176.103
176.179
176.326
176.308
175.975
175.875
176.104
176.575
177.137
177.691
178.183
178.666
179.127
126.718
126.737
126.775
126.85
126.948
127.085
127.252
127.439
127.633
127.871
128.145
128.471
128.843
129.281
129.782
130.363
131.023
131.768
132.598
133.502
134.476
135.512
136.631
137.882
139.379
141.027
142.581
143.071
142.335
140.507
139.229
137.192
135.602
134.783
134.617
135.017
135.551
135.804
135.872
136.178
135.989
134.717
134.078
134.381
135.142
135.903
136.588
137.025
137.335
137.568
84.5137
84.534
84.5769
84.6567
84.7577
84.8992
85.0682
85.2609
85.4599
85.7004
85.9804
86.3116
86.6937
87.1415
87.6565
88.2588
88.943
89.7166
90.5801
91.5278
92.5522
93.6495
94.8526
96.2318
97.9591
99.9654
102.074
102.82
101.912
99.3323
97.5373
94.1618
91.5424
90.5199
90.1408
90.9725
92.583
93.5738
93.8632
95.7289
97.4839
97.3878
97.7905
97.5145
97.8098
97.8574
98.0964
98.4012
98.9618
99.2371
40.444
40.4626
40.5096
40.5933
40.6973
40.8399
41.009
41.2046
41.4039
41.642
41.9207
42.2518
42.6366
43.0895
43.6142
44.2174
44.9103
45.697
46.5794
47.5557
48.6226
49.7958
51.0263
52.4808
54.4173
56.9064
59.9501
60.9507
59.0589
55.928
58.1861
57.8093
57.6442
58.4586
59.6552
60.8121
61.7215
62.784
64.3493
65.4595
67.8653
70.6695
75.1269
76.6629
77.2276
78.2058
78.2685
78.1
78.1363
78.0866
8.31998
8.3285
8.35091
8.39177
8.44144
8.50897
8.58963
8.68363
8.7791
8.89271
9.02411
9.1787
9.35752
9.56733
9.81273
10.0979
10.4257
10.7988
11.2184
11.682
12.1849
12.719
13.3453
14.0832
15.1673
16.8734
19.5459
22.3073
24.999
27.4781
34.8626
38.1183
41.9762
44.6988
46.4501
47.5171
48.2511
49.1931
50.308
51.1031
52.0005
52.1476
53.4781
54.7237
55.2054
55.613
55.8657
56.0599
55.715
57.5006
-1.32909
-1.32951
-1.33165
-1.33149
-1.33129
-1.33134
-1.33136
-1.33118
-1.32917
-1.32633
-1.32565
-1.32611
-1.32796
-1.33017
-1.33002
-1.32894
-1.3276
-1.32598
-1.32403
-1.32173
-1.31887
-1.31115
-1.29144
-1.25133
-1.16102
-0.996667
-0.642042
0.759726
7.3995
12.5093
15.5993
19.4691
23.2661
25.0786
27.2958
28.5311
29.2447
29.8418
30.2838
30.1892
29.5661
29.4375
29.2335
28.1719
27.7293
27.6106
27.6294
27.7484
27.9788
28.0803
-1.37813
-1.37835
-1.37923
-1.37913
-1.37914
-1.3793
-1.37948
-1.37974
-1.37954
-1.37924
-1.37924
-1.37955
-1.3802
-1.3809
-1.38097
-1.3807
-1.38026
-1.37965
-1.37885
-1.37785
-1.37661
-1.37515
-1.37219
-1.36716
-1.35242
-1.33751
-1.27644
-1.18002
-0.246155
2.47257
1.82019
2.43158
3.47903
4.36792
5.22157
5.84765
6.42858
6.74024
6.8136
6.96934
7.11033
6.77907
5.82003
5.54829
5.57532
5.55733
5.52827
5.42182
5.20377
5.21857
-1.42544
-1.42514
-1.42492
-1.4247
-1.42465
-1.42479
-1.42494
-1.4252
-1.4257
-1.42635
-1.42643
-1.42636
-1.42613
-1.42578
-1.42538
-1.42482
-1.42405
-1.42307
-1.42183
-1.4203
-1.41833
-1.4159
-1.41174
-1.40627
-1.39401
-1.38804
-1.37784
-1.37984
-1.43047
-1.34554
-1.35374
-1.31814
-1.35541
-1.39477
-1.42409
-1.4187
-1.34305
-1.28338
-1.26215
-1.26843
-1.31789
-1.34734
-1.38081
-1.3954
-1.41472
-1.4193
-1.42122
-1.41972
-1.41163
-1.40211
-1.4691
-1.46882
-1.46863
-1.46861
-1.46865
-1.46878
-1.46895
-1.46921
-1.46968
-1.47006
-1.47016
-1.47008
-1.46985
-1.4695
-1.46909
-1.46852
-1.46775
-1.46677
-1.46553
-1.46398
-1.46197
-1.45948
-1.45546
-1.45048
-1.43954
-1.4306
-1.41642
-1.41137
-1.45851
-1.4558
-1.44902
-1.4274
-1.43047
-1.44575
-1.45177
-1.45429
-1.46024
-1.46493
-1.46653
-1.46539
-1.46402
-1.46187
-1.4602
-1.46143
-1.46309
-1.46336
-1.46314
-1.46275
-1.46221
-1.46158
-1.51104
-1.51089
-1.51066
-1.51083
-1.51115
-1.51131
-1.51148
-1.51171
-1.51196
-1.51201
-1.51211
-1.51204
-1.51182
-1.51148
-1.51106
-1.5105
-1.50973
-1.50876
-1.50753
-1.50601
-1.50406
-1.50164
-1.49811
-1.49363
-1.48893
-1.47978
-1.46993
-1.46686
-1.49935
-1.50182
-1.50491
-1.49306
-1.50443
-1.51069
-1.51036
-1.50818
-1.50677
-1.50415
-1.50351
-1.50203
-1.50372
-1.50373
-1.50188
-1.50168
-1.50276
-1.50337
-1.50361
-1.50348
-1.50318
-1.503
-1.5513
-1.55139
-1.55145
-1.5516
-1.55174
-1.55186
-1.55203
-1.55216
-1.55227
-1.55229
-1.55235
-1.55232
-1.5521
-1.55176
-1.55134
-1.55078
-1.55001
-1.54905
-1.54783
-1.54635
-1.54449
-1.54221
-1.53924
-1.53537
-1.53335
-1.5274
-1.52033
-1.51724
-1.53947
-1.5427
-1.55148
-1.55598
-1.55639
-1.55225
-1.55009
-1.54864
-1.5485
-1.54631
-1.54546
-1.54495
-1.54534
-1.54503
-1.54415
-1.54397
-1.54425
-1.54444
-1.5445
-1.54443
-1.5443
-1.54422
-1.58995
-1.59005
-1.59013
-1.59027
-1.59039
-1.59051
-1.59067
-1.59081
-1.59092
-1.59095
-1.59099
-1.59099
-1.59079
-1.59043
-1.59002
-1.58946
-1.58871
-1.58776
-1.58657
-1.58514
-1.58339
-1.58128
-1.57878
-1.57568
-1.57392
-1.57266
-1.5681
-1.56326
-1.57872
-1.58215
-1.58896
-1.59199
-1.59215
-1.58988
-1.58867
-1.58788
-1.58798
-1.58818
-1.58656
-1.58473
-1.58434
-1.58432
-1.58389
-1.5836
-1.58352
-1.58354
-1.5835
-1.58345
-1.58341
-1.58338
-1.62705
-1.62716
-1.62723
-1.62737
-1.62749
-1.62761
-1.62778
-1.62792
-1.62803
-1.62807
-1.6281
-1.6281
-1.62795
-1.62758
-1.62716
-1.62662
-1.62588
-1.62495
-1.6238
-1.62243
-1.6208
-1.61888
-1.61676
-1.61427
-1.61283
-1.61323
-1.61241
-1.60953
-1.61734
-1.61999
-1.62454
-1.62671
-1.62716
-1.62615
-1.62562
-1.62527
-1.62544
-1.62646
-1.62658
-1.6232
-1.62255
-1.62233
-1.62187
-1.62151
-1.62128
-1.62115
-1.62104
-1.62097
-1.62095
-1.62097
-1.66267
-1.66278
-1.66286
-1.66299
-1.66311
-1.66324
-1.6634
-1.66354
-1.66365
-1.6637
-1.66374
-1.66371
-1.66361
-1.66325
-1.66283
-1.6623
-1.66157
-1.66068
-1.65957
-1.65827
-1.65675
-1.655
-1.65322
-1.65119
-1.65001
-1.6502
-1.65276
-1.65228
-1.65458
-1.65619
-1.65927
-1.66089
-1.66145
-1.66109
-1.66091
-1.66081
-1.66099
-1.66157
-1.662
-1.66105
-1.65916
-1.65902
-1.65825
-1.65775
-1.6574
-1.65716
-1.65699
-1.65689
-1.65687
-1.65689
-1.69687
-1.69698
-1.69705
-1.69719
-1.69731
-1.69744
-1.6976
-1.69773
-1.69785
-1.69791
-1.69795
-1.6979
-1.69785
-1.69751
-1.69707
-1.69656
-1.69586
-1.69499
-1.69393
-1.6927
-1.69129
-1.6897
-1.68822
-1.68639
-1.68551
-1.68576
-1.68791
-1.68784
-1.68962
-1.69077
-1.69293
-1.69417
-1.69474
-1.69472
-1.69474
-1.69477
-1.69494
-1.69531
-1.6956
-1.69613
-1.69392
-1.69369
-1.69285
-1.69229
-1.69187
-1.69156
-1.69135
-1.69122
-1.69117
-1.69117
-1.7297
-1.72981
-1.72989
-1.73002
-1.73014
-1.73027
-1.73043
-1.73056
-1.73069
-1.73075
-1.7308
-1.73074
-1.7307
-1.73041
-1.72995
-1.72946
-1.72878
-1.72795
-1.72693
-1.72576
-1.72446
-1.72301
-1.7217
-1.72003
-1.71961
-1.71964
-1.72118
-1.72132
-1.72285
-1.72384
-1.72543
-1.7264
-1.72695
-1.72709
-1.72721
-1.72732
-1.72746
-1.72769
-1.72785
-1.7281
-1.72786
-1.72648
-1.72587
-1.72528
-1.72483
-1.72449
-1.72422
-1.72404
-1.72394
-1.72389
-1.76122
-1.76133
-1.76141
-1.76154
-1.76166
-1.76179
-1.76194
-1.76208
-1.76221
-1.76227
-1.76233
-1.76228
-1.76222
-1.76199
-1.76153
-1.76104
-1.76039
-1.75959
-1.75862
-1.75752
-1.7563
-1.75501
-1.7537
-1.75243
-1.75213
-1.75202
-1.75317
-1.75342
-1.75469
-1.75548
-1.75675
-1.75753
-1.75804
-1.75825
-1.75843
-1.75856
-1.7587
-1.75883
-1.75889
-1.75894
-1.7588
-1.75803
-1.75733
-1.75679
-1.75634
-1.75597
-1.75566
-1.75541
-1.75523
-1.7551
-1.79148
-1.79159
-1.79167
-1.7918
-1.79191
-1.79204
-1.7922
-1.79234
-1.79247
-1.79254
-1.7926
-1.79256
-1.79248
-1.79232
-1.79185
-1.79137
-1.79075
-1.78998
-1.78905
-1.78802
-1.78688
-1.78575
-1.78437
-1.78356
-1.78315
-1.78303
-1.78389
-1.7842
-1.78526
-1.78587
-1.7869
-1.78754
-1.788
-1.78824
-1.78843
-1.78857
-1.7887
-1.78877
-1.78877
-1.78871
-1.7885
-1.788
-1.78742
-1.78695
-1.78651
-1.78612
-1.78575
-1.78542
-1.78513
-1.78489
-1.82054
-1.82064
-1.82072
-1.82085
-1.82096
-1.82109
-1.82125
-1.82139
-1.82152
-1.82159
-1.82166
-1.82163
-1.82153
-1.82143
-1.82097
-1.82049
-1.81989
-1.81916
-1.81828
-1.81729
-1.81623
-1.81518
-1.81389
-1.81335
-1.81285
-1.81271
-1.81339
-1.81368
-1.81458
-1.81504
-1.81592
-1.81645
-1.81685
-1.8171
-1.81729
-1.81743
-1.81753
-1.81759
-1.81754
-1.81741
-1.81716
-1.81675
-1.81632
-1.81587
-1.81545
-1.81503
-1.8146
-1.81417
-1.81373
-1.81335
-1.84843
-1.84853
-1.84861
-1.84873
-1.84885
-1.84898
-1.84913
-1.84927
-1.84941
-1.84949
-1.84955
-1.84954
-1.84941
-1.84937
-1.84893
-1.84845
-1.84788
-1.84718
-1.84633
-1.8454
-1.84443
-1.84333
-1.84233
-1.84182
-1.84135
-1.84116
-1.84168
-1.84194
-1.84272
-1.84305
-1.84382
-1.84426
-1.84462
-1.84486
-1.84505
-1.84518
-1.84526
-1.84529
-1.84523
-1.84507
-1.84479
-1.84441
-1.84404
-1.84365
-1.84325
-1.8428
-1.84231
-1.84176
-1.84111
-1.84054
-1.8752
-1.87531
-1.87538
-1.87551
-1.87562
-1.87575
-1.8759
-1.87605
-1.87618
-1.87627
-1.87634
-1.87634
-1.8762
-1.87617
-1.87579
-1.87529
-1.87475
-1.87408
-1.87327
-1.87239
-1.87151
-1.87032
-1.86963
-1.86907
-1.86865
-1.86844
-1.86884
-1.86903
-1.86973
-1.86996
-1.87065
-1.87101
-1.87134
-1.87156
-1.87174
-1.87186
-1.87194
-1.87195
-1.87187
-1.8717
-1.87139
-1.87101
-1.87068
-1.87035
-1.86999
-1.86954
-1.86899
-1.8683
-1.86738
-1.86657
-1.90091
-1.90101
-1.90109
-1.90121
-1.90132
-1.90145
-1.90161
-1.90175
-1.90188
-1.90198
-1.90205
-1.90206
-1.90194
-1.90187
-1.90158
-1.90107
-1.90054
-1.89991
-1.89913
-1.8983
-1.89744
-1.89632
-1.8958
-1.89519
-1.89481
-1.89459
-1.8949
-1.89501
-1.89565
-1.89586
-1.89643
-1.89673
-1.89702
-1.89723
-1.8974
-1.89752
-1.89759
-1.8976
-1.89752
-1.89733
-1.89698
-1.89653
-1.89629
-1.89603
-1.89574
-1.89533
-1.89475
-1.89395
-1.89269
-1.89153
-1.92559
-1.92569
-1.92576
-1.92589
-1.926
-1.92613
-1.92628
-1.92642
-1.92656
-1.92666
-1.92673
-1.92675
-1.92665
-1.92655
-1.92634
-1.92581
-1.92531
-1.92471
-1.92395
-1.92318
-1.92227
-1.92136
-1.92086
-1.92025
-1.91989
-1.91966
-1.91992
-1.91994
-1.9205
-1.92074
-1.92119
-1.92145
-1.92172
-1.92191
-1.92207
-1.92219
-1.92226
-1.92228
-1.9222
-1.92202
-1.92161
-1.92098
-1.92088
-1.92073
-1.92057
-1.92026
-1.91973
-1.91885
-1.9172
-1.91497
-1.94929
-1.94938
-1.94946
-1.94958
-1.94969
-1.94982
-1.94997
-1.95011
-1.95025
-1.95035
-1.95043
-1.95045
-1.95037
-1.95025
-1.9501
-1.94958
-1.94908
-1.94851
-1.94779
-1.94707
-1.94609
-1.94542
-1.94487
-1.94428
-1.94394
-1.9437
-1.94392
-1.94388
-1.94435
-1.94461
-1.94498
-1.9452
-1.94545
-1.94563
-1.94579
-1.94591
-1.94599
-1.94602
-1.94596
-1.94581
-1.94531
-1.94473
-1.94446
-1.94449
-1.94453
-1.94444
-1.94412
-1.94345
-1.94183
-1.93809
418.1
429.629
435.929
439.54
442.103
444.119
445.746
447.095
448.255
449.273
450.198
451.048
451.845
452.609
453.36
454.132
454.953
455.675
456.255
456.841
457.234
457.553
457.773
457.857
457.947
458.159
458.441
458.845
459.166
459.494
459.851
460.296
460.649
460.894
461.095
461.32
461.591
461.881
462.142
462.351
462.518
462.653
462.773
462.883
462.971
463.028
463.052
463.046
463.019
462.976
462.92
462.846
462.75
462.628
462.475
462.289
462.07
461.819
461.539
461.234
460.913
460.582
460.244
459.901
459.552
459.193
458.823
458.44
458.048
457.654
457.268
456.9
456.555
456.229
455.924
455.635
455.367
455.116
454.884
454.67
454.476
454.295
454.129
454.024
453.916
453.763
453.685
453.662
453.672
453.708
453.769
453.84
453.912
453.987
454.063
454.14
454.217
454.289
454.355
454.422
454.491
454.562
454.634
454.708
454.784
454.862
454.941
455.021
455.104
455.187
455.272
455.357
455.444
455.532
455.621
455.711
455.802
455.893
455.984
456.075
456.167
456.258
456.35
456.441
456.532
456.623
456.713
456.803
456.891
456.978
457.063
457.147
457.231
457.312
457.392
457.468
457.541
457.61
457.676
457.743
457.802
457.864
457.908
457.964
458.021
458.087
458.165
458.232
458.286
458.321
402.742
407.092
411.215
414.336
416.693
418.691
420.39
421.803
423.009
424.072
425.024
425.904
426.726
427.509
428.268
429.017
429.763
430.453
431.099
431.644
432.079
432.442
432.757
432.986
433.166
433.678
434.024
434.412
434.712
435.031
435.501
435.409
435.679
435.848
435.966
436.165
436.472
436.821
437.119
437.335
437.494
437.62
437.741
437.866
437.968
438.031
438.054
438.046
438.018
437.981
437.936
437.874
437.789
437.677
437.531
437.348
437.13
436.876
436.591
436.28
435.954
435.619
435.28
434.938
434.592
434.237
433.869
433.486
433.092
432.695
432.307
431.942
431.601
431.28
430.977
430.69
430.419
430.164
429.926
429.705
429.5
429.31
429.134
428.979
428.887
428.747
428.63
428.599
428.606
428.636
428.695
428.762
428.828
428.897
428.969
429.041
429.114
429.183
429.246
429.311
429.378
429.447
429.517
429.59
429.664
429.741
429.819
429.899
429.981
430.064
430.148
430.234
430.32
430.408
430.497
430.587
430.678
430.769
430.86
430.952
431.044
431.135
431.228
431.319
431.411
431.502
431.592
431.682
431.77
431.858
431.942
432.027
432.111
432.192
432.272
432.349
432.422
432.492
432.559
432.626
432.683
432.745
432.788
432.843
432.903
432.972
433.055
433.122
433.176
433.209
382.862
385.203
387.746
389.512
391.049
392.681
394.355
395.704
396.863
397.904
398.853
399.733
400.558
401.343
402.096
402.827
403.536
404.202
404.821
405.379
405.879
406.337
406.774
407.184
407.845
408.288
408.559
408.908
409.245
409.618
409.968
409.573
409.657
409.705
409.691
409.855
410.235
410.68
411.027
411.235
411.369
411.469
411.584
411.735
411.861
411.93
411.948
411.929
411.895
411.863
411.833
411.786
411.717
411.618
411.48
411.302
411.084
410.828
410.537
410.217
409.885
409.546
409.205
408.865
408.524
408.172
407.805
407.42
407.02
406.616
406.223
405.86
405.527
405.211
404.913
404.628
404.356
404.098
403.854
403.626
403.412
403.211
403.023
402.849
402.7
402.609
402.472
402.415
402.425
402.448
402.51
402.576
402.635
402.699
402.766
402.834
402.902
402.967
403.028
403.09
403.155
403.221
403.29
403.362
403.435
403.51
403.588
403.667
403.748
403.83
403.914
404
404.086
404.174
404.263
404.353
404.444
404.535
404.627
404.719
404.811
404.903
404.995
405.087
405.179
405.271
405.361
405.451
405.54
405.628
405.714
405.799
405.882
405.963
406.043
406.12
406.193
406.27
406.336
406.405
406.457
406.518
406.559
406.622
406.682
406.749
406.839
406.908
406.96
406.991
359.426
361.122
363.111
364.493
365.583
366.582
367.551
368.76
369.788
370.747
371.651
372.501
373.308
374.077
374.813
375.522
376.206
376.857
377.472
378.047
378.583
379.094
379.601
380.143
380.723
381.336
381.81
382.18
382.477
382.598
382.582
382.54
382.502
382.563
382.76
383.13
383.202
383.447
383.87
384.035
384.095
384.132
384.232
384.436
384.608
384.685
384.687
384.645
384.594
384.565
384.557
384.531
384.484
384.403
384.276
384.104
383.886
383.626
383.324
382.991
382.65
382.308
381.967
381.633
381.3
380.955
380.59
380.199
379.787
379.367
378.962
378.601
378.281
377.974
377.682
377.402
377.129
376.867
376.619
376.385
376.162
375.948
375.746
375.554
375.372
375.258
375.156
375.059
375.08
375.094
375.166
375.234
375.285
375.342
375.405
375.468
375.532
375.593
375.65
375.71
375.772
375.837
375.904
375.973
376.045
376.12
376.196
376.275
376.356
376.438
376.521
376.606
376.693
376.78
376.869
376.96
377.051
377.143
377.235
377.326
377.418
377.511
377.604
377.696
377.789
377.88
377.971
378.061
378.151
378.239
378.327
378.412
378.496
378.578
378.655
378.732
378.805
378.881
378.952
379.023
379.076
379.139
379.175
379.23
379.293
379.366
379.465
379.536
379.59
379.621
334.23
335.274
336.459
337.41
338.84
339.604
339.794
340.753
341.636
342.506
343.344
344.148
344.92
345.659
346.37
347.055
347.716
348.35
348.961
349.542
350.096
350.631
351.161
351.709
352.296
352.898
353.407
353.807
354.074
354.246
354.312
354.202
354.294
354.659
355.062
355.39
355.624
355.844
355.62
355.683
355.61
355.539
355.621
355.935
356.185
356.264
356.228
356.136
356.047
356.022
356.053
356.058
356.041
355.986
355.872
355.704
355.486
355.219
354.902
354.545
354.19
353.845
353.506
353.183
352.87
352.539
352.18
351.782
351.35
350.902
350.473
350.113
349.813
349.518
349.234
348.96
348.687
348.422
348.169
347.93
347.699
347.473
347.255
347.044
346.851
346.678
346.559
346.49
346.498
346.547
346.618
346.676
346.734
346.779
346.835
346.893
346.952
347.009
347.063
347.119
347.179
347.241
347.306
347.374
347.445
347.519
347.595
347.673
347.753
347.835
347.918
348.003
348.089
348.176
348.265
348.356
348.447
348.54
348.632
348.724
348.816
348.909
349.002
349.095
349.188
349.28
349.371
349.462
349.551
349.64
349.729
349.815
349.898
349.98
350.059
350.136
350.207
350.284
350.356
350.429
350.481
350.545
350.573
350.627
350.693
350.767
350.879
350.955
351.012
351.042
307.11
307.724
308.426
309.174
309.69
311.074
310.613
311.421
312.245
313.063
313.848
314.603
315.332
316.035
316.716
317.374
318.011
318.634
319.23
319.811
320.369
320.911
321.445
321.98
322.524
323.063
323.565
323.978
324.313
324.606
324.879
325.208
325.604
325.848
326.139
326.412
326.633
326.465
326.196
326.115
325.947
326.012
326.243
326.282
326.61
326.664
326.532
326.332
326.165
326.151
326.259
326.31
326.337
326.32
326.221
326.056
325.836
325.56
325.217
324.818
324.441
324.094
323.756
323.452
323.175
322.87
322.525
322.121
321.66
321.166
320.696
320.341
320.079
319.801
319.524
319.258
318.981
318.71
318.452
318.21
317.973
317.733
317.497
317.263
317.054
316.846
316.65
316.618
316.639
316.731
316.808
316.859
316.92
316.958
317.003
317.056
317.108
317.16
317.21
317.264
317.321
317.381
317.444
317.511
317.58
317.653
317.728
317.806
317.886
317.967
318.05
318.134
318.221
318.308
318.397
318.488
318.58
318.673
318.765
318.857
318.949
319.043
319.137
319.23
319.324
319.416
319.508
319.598
319.688
319.778
319.867
319.953
320.036
320.119
320.197
320.273
320.344
320.421
320.494
320.569
320.622
320.686
320.707
320.755
320.825
320.898
321.029
321.112
321.17
321.2
278.26
278.572
279.027
279.533
280.078
280.425
281.196
281.046
281.563
282.375
283.107
283.808
284.489
285.152
285.797
286.426
287.05
287.654
288.238
288.797
289.347
289.884
290.412
290.935
291.454
291.961
292.439
292.877
293.282
293.674
294.094
294.521
295.255
295.543
295.791
295.908
295.855
295.706
295.433
295.395
295.528
295.928
296.248
296.373
296.012
295.875
295.56
295.177
294.871
294.891
295.146
295.24
295.323
295.363
295.279
295.112
294.888
294.602
294.218
293.739
293.33
292.984
292.644
292.37
292.157
291.895
291.578
291.166
290.661
290.087
289.546
289.211
289.026
288.775
288.509
288.257
287.972
287.688
287.423
287.18
286.936
286.678
286.419
286.156
285.928
285.68
285.404
285.367
285.463
285.572
285.686
285.737
285.779
285.82
285.853
285.898
285.944
285.991
286.038
286.088
286.143
286.201
286.262
286.327
286.395
286.467
286.542
286.619
286.699
286.78
286.862
286.947
287.033
287.12
287.21
287.301
287.393
287.487
287.58
287.673
287.766
287.859
287.953
288.046
288.14
288.233
288.325
288.416
288.506
288.596
288.684
288.771
288.855
288.938
289.016
289.092
289.162
289.239
289.313
289.391
289.442
289.507
289.518
289.559
289.636
289.708
289.864
289.951
290.01
290.041
247.62
247.791
248.107
248.46
248.869
249.29
249.809
250.037
249.912
250.45
251.095
251.716
252.335
252.946
253.549
254.156
254.75
255.33
255.889
256.433
256.97
257.496
258.013
258.521
259.022
259.512
259.984
260.434
260.865
261.29
261.733
262.215
262.752
263.176
263.446
263.618
263.646
263.428
263.557
263.85
264.227
264.575
264.789
264.744
264.066
263.821
263.355
263.025
263.1
262.94
262.805
262.863
262.997
263.105
263.012
262.824
262.596
262.307
261.864
261.243
260.782
260.445
260.085
259.855
259.758
259.568
259.297
258.879
258.303
257.597
256.922
256.639
256.608
256.389
256.127
255.902
255.604
255.304
255.033
254.793
254.548
254.266
253.979
253.684
253.445
253.182
253.059
252.944
252.942
253.051
253.221
253.257
253.278
253.305
253.329
253.364
253.402
253.443
253.486
253.533
253.585
253.64
253.7
253.763
253.831
253.902
253.976
254.054
254.133
254.214
254.296
254.38
254.466
254.555
254.646
254.738
254.832
254.924
255.017
255.111
255.205
255.3
255.395
255.49
255.582
255.673
255.765
255.856
255.947
256.037
256.125
256.212
256.297
256.38
256.46
256.535
256.602
256.68
256.756
256.838
256.889
256.954
256.952
256.979
257.068
257.137
257.331
257.42
257.479
257.514
215.333
215.401
215.579
215.802
216.08
216.391
216.681
217.325
217.234
217.296
217.715
218.242
218.789
219.338
219.89
220.458
221.028
221.584
222.126
222.656
223.176
223.686
224.187
224.68
225.165
225.641
226.106
226.557
226.998
227.433
227.871
228.323
228.781
229.195
229.518
229.792
230.025
230.346
230.895
231.108
231.237
231.275
231.314
231.086
230.742
230.512
230.476
230.389
230.194
229.964
229.684
229.703
229.581
229.549
229.397
229.142
228.919
228.676
228.202
227.717
226.981
226.481
226.019
225.842
225.952
225.857
225.669
225.254
224.589
223.794
223.53
223.035
222.878
222.638
222.335
222.148
221.814
221.481
221.206
220.986
220.754
220.44
220.119
219.781
219.572
219.489
219.803
219.783
219.855
219.765
219.411
219.386
219.375
219.376
219.388
219.411
219.44
219.475
219.512
219.555
219.603
219.655
219.711
219.771
219.837
219.906
219.98
220.057
220.136
220.216
220.296
220.38
220.466
220.556
220.647
220.74
220.833
220.926
221.019
221.113
221.21
221.306
221.404
221.497
221.588
221.679
221.771
221.863
221.954
222.044
222.133
222.22
222.306
222.391
222.471
222.544
222.609
222.688
222.768
222.856
222.907
222.974
222.958
222.963
223.077
223.155
223.432
223.544
223.576
223.569
181.503
181.367
181.422
181.595
181.826
182.11
182.455
182.725
182.841
182.789
182.834
183.22
183.748
184.229
184.723
185.267
185.826
186.368
186.892
187.402
187.902
188.391
188.872
189.347
189.816
190.279
190.734
191.181
191.621
192.055
192.487
192.917
193.341
193.737
194.1
194.438
194.769
195.126
195.582
195.76
195.975
196.053
195.991
195.88
195.785
195.745
195.909
196.063
195.736
195.595
195.538
195.581
195.602
194.866
194.368
193.975
193.801
193.753
193.667
193.626
192.755
191.681
191.051
190.791
190.835
190.821
190.749
190.329
189.615
189.41
188.891
188.559
188.309
188.178
187.675
186.991
186.542
186.139
185.862
185.691
185.507
185.142
184.791
184.618
184.646
184.888
185.035
185.01
184.716
184.392
184.13
184.03
183.981
183.961
183.957
183.971
183.992
184.02
184.054
184.094
184.139
184.189
184.243
184.301
184.365
184.434
184.507
184.583
184.663
184.742
184.821
184.904
184.989
185.078
185.169
185.262
185.357
185.448
185.541
185.639
185.735
185.831
185.928
186.021
186.11
186.201
186.293
186.386
186.478
186.568
186.657
186.745
186.831
186.917
186.998
187.068
187.129
187.208
187.295
187.389
187.442
187.513
187.537
187.673
187.816
187.936
188.021
188.111
188.158
188.134
145.692
145.543
145.559
145.673
145.848
146.1
146.421
146.794
147.018
147.037
147.045
146.999
147.233
147.594
147.965
148.509
149.087
149.616
150.118
150.604
151.075
151.538
151.995
152.448
152.899
153.346
153.79
154.229
154.663
155.093
155.516
155.931
156.338
156.733
157.109
157.461
157.79
158.113
158.442
158.673
158.869
159.009
159.093
159.115
159.13
159.197
159.36
159.463
159.493
159.448
159.549
159.619
159.242
158.487
157.62
157.031
156.978
157.296
157.587
157.681
156.953
155.653
154.827
154.734
154.956
155.389
155.007
154.056
153.04
152.518
152.496
152.427
152.707
152.743
152.116
150.512
149.692
149.166
148.915
148.864
148.967
149.087
148.676
148.506
148.402
148.126
148.276
148.179
147.835
147.457
147.198
147.082
147.006
146.972
146.951
146.956
146.97
146.994
147.025
147.063
147.107
147.155
147.207
147.262
147.325
147.396
147.469
147.547
147.628
147.707
147.786
147.868
147.954
148.04
148.132
148.227
148.325
148.417
148.509
148.605
148.702
148.798
148.898
148.99
149.079
149.17
149.263
149.356
149.445
149.535
149.624
149.713
149.8
149.886
149.97
150.035
150.142
150.284
150.393
150.444
150.424
150.494
150.657
150.96
151.148
151.211
151.074
151.136
151.172
151.173
107.946
107.84
107.796
107.87
108.034
108.269
108.567
108.911
109.265
109.519
109.691
109.787
109.769
109.844
110.128
110.362
110.873
111.349
111.795
112.236
112.664
113.089
113.514
113.941
114.37
114.801
115.231
115.66
116.087
116.51
116.924
117.323
117.713
118.108
118.505
118.87
119.175
119.431
119.66
119.895
120.168
120.426
120.591
120.673
120.733
120.797
120.822
120.746
120.639
120.67
121.059
121.497
121.295
120.374
118.921
117.977
118.167
119.097
120.006
120.107
118.961
117.099
116.358
116.723
117.785
118.529
117.815
116.29
114.338
113.431
113.441
113.817
114.636
114.944
113.984
112.085
110.946
110.298
110.237
110.434
110.902
110.916
110.208
109.736
109.588
109.482
109.557
109.485
109.178
108.81
108.569
108.459
108.374
108.332
108.294
108.295
108.305
108.321
108.35
108.387
108.431
108.48
108.53
108.581
108.642
108.715
108.789
108.872
108.957
109.037
109.111
109.194
109.279
109.363
109.455
109.556
109.657
109.747
109.838
109.934
110.029
110.126
110.233
110.324
110.414
110.505
110.597
110.688
110.778
110.867
110.956
111.044
111.132
111.221
111.311
111.431
111.545
111.639
111.732
111.82
111.92
112.118
112.257
112.4
112.497
112.578
112.479
112.527
112.612
112.858
68.2305
68.1269
68.0832
68.1668
68.3515
68.6221
68.9523
69.3118
69.7191
70.1307
70.0916
70.1386
70.465
70.4611
70.6774
70.7089
71.1253
71.4119
71.7318
72.0716
72.403
72.7569
73.13
73.5185
73.919
74.3282
74.7423
75.1594
75.5808
76.0043
76.4123
76.787
77.1504
77.5552
78.0087
78.4166
78.6913
78.8495
78.9639
79.1716
79.5529
79.9916
80.2449
80.3446
80.4331
80.5275
80.4309
79.9271
79.2369
79.2567
80.3618
81.8236
82.2468
80.8877
78.1067
76.1264
76.8218
79.2926
81.3821
81.5451
79.2598
76.0459
74.4875
75.8196
78.3863
80.2701
79.5739
76.8555
73.3679
71.7967
71.4028
72.8916
75.384
76.2648
74.5115
71.5126
70.0324
69.378
69.3162
70.1439
71.2994
71.1192
69.8964
69.0529
68.8722
68.8852
69.0983
69.0881
68.7812
68.3944
68.2127
68.0918
67.9958
67.9501
67.9167
67.9211
67.9339
67.9355
67.9558
67.9913
68.0381
68.0998
68.1532
68.1953
68.2477
68.3218
68.3974
68.4931
68.593
68.6752
68.7386
68.8154
68.8999
68.9794
69.0755
69.1876
69.2992
69.3844
69.4678
69.5641
69.6579
69.7562
69.8784
69.9682
70.054
70.1432
70.2356
70.3265
70.4158
70.5041
70.5928
70.6818
70.7705
70.8604
70.9577
71.0849
71.2058
71.3006
71.3846
71.4841
71.6474
71.8347
72.0343
72.1334
72.1421
72.1893
72.162
72.2201
72.344
72.6139
27.1116
27.0673
27.0301
27.0398
27.1122
27.25
27.4549
27.7041
27.9949
28.3135
28.6021
28.8523
29.0686
29.1727
29.3099
29.5551
29.7547
29.9493
30.1692
30.432
30.7288
31.0502
31.394
31.7577
32.1376
32.5279
32.9201
33.3135
33.7285
34.1749
34.5815
34.8537
35.0734
35.4854
36.1677
36.7622
36.9517
36.8138
36.5349
36.601
37.3203
38.297
38.6269
38.557
38.6742
39.0644
39.0121
37.5156
34.7333
34.0545
37.4484
42.0096
43.6752
41.0792
33.9936
26.9285
29.6085
38.3286
43.6488
43.3336
38.16
28.8012
24.2685
29.1285
38.3038
43.0602
42.0814
36.413
28.5875
24.797
23.2198
27.6179
36.6475
39.3437
35.2936
28.4533
25.3834
24.5621
24.4192
28.3464
32.284
31.3831
27.7507
25.5183
25.5799
26.5073
28.0874
28.297
27.3418
25.962
25.7386
25.9938
26.44
26.4917
26.2675
25.942
25.903
25.9988
26.2216
26.3502
26.3466
26.276
26.2322
26.2717
26.4269
26.6223
26.6752
26.6716
26.6359
26.6631
26.7337
26.8953
27.0293
27.0694
27.0959
27.1311
27.1951
27.2464
27.3258
27.4407
27.5239
27.5783
27.6479
27.7124
27.7886
27.8808
27.9802
28.077
28.1671
28.2543
28.3429
28.4327
28.5219
28.6128
28.7163
28.8412
28.9639
29.0627
29.1543
29.2583
29.4151
29.6256
29.8339
29.8983
29.9287
29.9397
29.9515
30.0085
30.1456
30.419
2.5755
2.53315
2.52024
2.5023
2.47201
2.43984
2.43916
2.57542
2.84729
3.1298
3.38412
3.59712
3.78774
3.87896
4.00089
4.165
4.33581
4.46967
4.60484
4.76701
4.9448
5.13326
5.33175
5.5381
5.75
5.96332
6.16874
6.36363
6.57754
6.84439
7.08644
7.14516
7.0956
7.2646
7.84747
8.41102
8.43167
8.09624
7.55623
7.38586
8.0095
9.16325
9.30403
8.88424
8.9275
9.69775
10.194
8.57646
5.57741
4.7241
7.16126
13.1906
17.4394
13.5623
4.85567
1.13937
2.14653
8.67664
17.7863
17.9755
9.25772
1.989
0.403275
1.90552
9.21033
17.1248
15.9545
8.30494
2.36471
0.627311
-0.0577468
1.2819
9.20663
13.9848
8.50234
2.76049
1.09512
0.550345
0.497245
2.85208
6.81978
5.91556
2.78877
1.30623
1.35319
1.97805
3.3826
3.5566
2.72097
1.52053
1.37193
1.62224
2.14186
2.22016
1.99879
1.64837
1.60701
1.69983
1.92161
2.03363
2.00616
1.88577
1.80924
1.83677
1.96952
2.13349
2.14644
2.07876
1.97099
1.95767
2.0065
2.13764
2.23232
2.23606
2.21009
2.17267
2.16922
2.18317
2.22822
2.29644
2.33571
2.33827
2.32968
2.35057
2.38947
2.43846
2.49194
2.54331
2.58972
2.63385
2.67883
2.72468
2.77001
2.81726
2.87437
2.94318
3.00838
3.05602
3.09949
3.15571
3.24683
3.37654
3.49852
3.51811
3.51874
3.49397
3.49271
3.52326
3.61891
3.79082
-1.27273
-1.2845
-1.28346
-1.28245
-1.28039
-1.27746
-1.27579
-1.28034
-1.28796
-1.29563
-1.30117
-1.30395
-1.30525
-1.30439
-1.30352
-1.302
-1.30072
-1.3004
-1.3013
-1.30256
-1.30394
-1.30543
-1.30687
-1.30815
-1.30926
-1.31028
-1.31135
-1.31241
-1.31294
-1.3128
-1.31326
-1.31525
-1.3176
-1.31695
-1.31465
-1.31359
-1.31385
-1.31852
-1.32198
-1.32126
-1.31473
-1.31361
-1.31445
-1.31774
-1.31649
-1.31198
-1.30923
-1.32739
-1.33852
-1.32646
-1.30377
-1.29092
-1.2858
-1.32862
-1.36814
-1.30999
-1.28299
-1.30102
-1.27887
-1.29087
-1.38689
-1.34176
-1.28784
-1.26944
-1.29648
-1.29048
-1.30593
-1.35821
-1.33894
-1.30128
-1.26049
-1.24258
-1.29447
-1.30952
-1.34018
-1.32441
-1.29815
-1.27214
-1.26088
-1.26948
-1.29946
-1.31381
-1.30285
-1.2836
-1.28064
-1.28129
-1.29388
-1.29783
-1.29407
-1.27896
-1.27613
-1.27936
-1.28644
-1.28792
-1.2858
-1.28089
-1.28051
-1.28143
-1.28444
-1.28599
-1.28551
-1.28358
-1.282
-1.28193
-1.2834
-1.28562
-1.28547
-1.28462
-1.28268
-1.28241
-1.28267
-1.28404
-1.28501
-1.28476
-1.28428
-1.28352
-1.28339
-1.28341
-1.28367
-1.28424
-1.28453
-1.28421
-1.28371
-1.2837
-1.28392
-1.28403
-1.28411
-1.28419
-1.28424
-1.28426
-1.28427
-1.28427
-1.28422
-1.28417
-1.28426
-1.28455
-1.28474
-1.28457
-1.28423
-1.28421
-1.28453
-1.28558
-1.2864
-1.28617
-1.28557
-1.2846
-1.28391
-1.28369
-1.28443
-1.28576
-1.33426
-1.33488
-1.33503
-1.33506
-1.33494
-1.33467
-1.33427
-1.3338
-1.33345
-1.33282
-1.33217
-1.33156
-1.33115
-1.33076
-1.33031
-1.32981
-1.32933
-1.32883
-1.32834
-1.32788
-1.32742
-1.32699
-1.32657
-1.32616
-1.32574
-1.32533
-1.32495
-1.32461
-1.32422
-1.32374
-1.32332
-1.32316
-1.32318
-1.323
-1.32261
-1.32216
-1.32182
-1.32199
-1.32224
-1.3221
-1.32173
-1.32182
-1.32208
-1.32243
-1.32235
-1.32145
-1.32072
-1.32224
-1.32339
-1.32278
-1.32224
-1.32231
-1.32274
-1.32538
-1.32784
-1.32262
-1.32118
-1.32334
-1.32323
-1.32453
-1.32932
-1.32731
-1.32312
-1.323
-1.32581
-1.32688
-1.32793
-1.32996
-1.32863
-1.32608
-1.32325
-1.32186
-1.32854
-1.33209
-1.33341
-1.33249
-1.33033
-1.32846
-1.32744
-1.32899
-1.3309
-1.33221
-1.33207
-1.33015
-1.33034
-1.33072
-1.3318
-1.33261
-1.33323
-1.33188
-1.33174
-1.33164
-1.33217
-1.33247
-1.33266
-1.33244
-1.33242
-1.33234
-1.33259
-1.33281
-1.33294
-1.33293
-1.33292
-1.33289
-1.33292
-1.3332
-1.33334
-1.33342
-1.33339
-1.3334
-1.33339
-1.33348
-1.33362
-1.33368
-1.33376
-1.33377
-1.33378
-1.33379
-1.33383
-1.3339
-1.33396
-1.334
-1.33401
-1.33403
-1.33408
-1.33411
-1.33412
-1.33414
-1.33415
-1.33415
-1.33415
-1.33415
-1.33413
-1.33411
-1.3341
-1.3341
-1.33411
-1.33411
-1.33407
-1.33404
-1.33398
-1.33398
-1.33408
-1.33415
-1.33427
-1.33428
-1.33426
-1.33415
-1.33407
-1.334
-1.38202
-1.38197
-1.38189
-1.38182
-1.38177
-1.38184
-1.38218
-1.38283
-1.38373
-1.38466
-1.38548
-1.38611
-1.38656
-1.38681
-1.38685
-1.38676
-1.38669
-1.38667
-1.38671
-1.3868
-1.38694
-1.38712
-1.38732
-1.38754
-1.38773
-1.38791
-1.38807
-1.3882
-1.38829
-1.38835
-1.3884
-1.38849
-1.38859
-1.38857
-1.38845
-1.38832
-1.38828
-1.38843
-1.38856
-1.38841
-1.38805
-1.3878
-1.38771
-1.38776
-1.38773
-1.38761
-1.3877
-1.38851
-1.38862
-1.38738
-1.38612
-1.38535
-1.38562
-1.38788
-1.38853
-1.38498
-1.38275
-1.38307
-1.38405
-1.38668
-1.39011
-1.38735
-1.383
-1.38145
-1.38268
-1.38452
-1.38722
-1.38919
-1.38628
-1.38208
-1.37792
-1.37719
-1.38153
-1.38531
-1.38746
-1.38594
-1.38292
-1.37958
-1.37777
-1.37949
-1.38208
-1.38378
-1.38288
-1.38125
-1.38051
-1.38061
-1.38186
-1.38238
-1.38173
-1.38009
-1.37942
-1.37954
-1.38035
-1.38067
-1.38042
-1.37992
-1.37977
-1.37993
-1.38026
-1.3805
-1.38051
-1.38036
-1.38021
-1.38021
-1.38043
-1.38068
-1.38077
-1.38069
-1.38051
-1.38047
-1.38053
-1.38072
-1.38089
-1.38093
-1.3809
-1.38082
-1.3808
-1.38082
-1.38089
-1.38099
-1.38106
-1.38105
-1.381
-1.381
-1.38104
-1.38109
-1.38112
-1.38115
-1.38117
-1.38118
-1.38119
-1.38119
-1.38118
-1.38118
-1.38121
-1.38126
-1.38129
-1.38127
-1.38122
-1.38124
-1.38132
-1.38152
-1.38169
-1.3817
-1.38163
-1.38145
-1.3813
-1.38124
-1.38143
-1.38172
-1.42888
-1.42875
-1.42863
-1.42856
-1.42851
-1.4285
-1.42856
-1.42868
-1.42881
-1.42892
-1.42903
-1.42914
-1.42926
-1.42935
-1.42936
-1.42932
-1.42927
-1.42924
-1.42923
-1.42923
-1.42924
-1.42927
-1.42931
-1.42935
-1.42939
-1.42944
-1.42949
-1.42954
-1.42958
-1.42962
-1.42966
-1.42971
-1.42976
-1.42975
-1.4297
-1.42966
-1.42967
-1.42976
-1.42982
-1.42979
-1.42967
-1.42961
-1.42963
-1.42967
-1.42965
-1.42959
-1.42967
-1.43001
-1.43007
-1.42964
-1.42909
-1.42882
-1.42901
-1.4298
-1.43001
-1.42865
-1.42771
-1.42782
-1.4282
-1.42923
-1.43058
-1.42946
-1.42784
-1.42722
-1.42771
-1.42843
-1.4295
-1.43034
-1.429
-1.42723
-1.4254
-1.42509
-1.42686
-1.42851
-1.42969
-1.42894
-1.4277
-1.42613
-1.42514
-1.42575
-1.42691
-1.42773
-1.42736
-1.42679
-1.42642
-1.42641
-1.42693
-1.42712
-1.4268
-1.42608
-1.42566
-1.42562
-1.42592
-1.42606
-1.42594
-1.42571
-1.42563
-1.4257
-1.42586
-1.42598
-1.426
-1.42595
-1.4259
-1.42592
-1.42603
-1.42616
-1.42623
-1.42621
-1.42614
-1.42612
-1.42616
-1.42627
-1.42637
-1.4264
-1.4264
-1.42637
-1.42636
-1.42637
-1.42642
-1.42649
-1.42654
-1.42654
-1.42652
-1.42651
-1.42654
-1.42658
-1.4266
-1.42662
-1.42664
-1.42665
-1.42665
-1.42665
-1.42665
-1.42666
-1.42668
-1.42672
-1.42674
-1.42673
-1.4267
-1.42673
-1.4268
-1.42694
-1.42706
-1.42708
-1.42703
-1.42691
-1.42681
-1.42678
-1.42692
-1.42714
-1.47303
-1.47287
-1.47272
-1.47263
-1.47258
-1.47258
-1.47264
-1.47274
-1.47287
-1.47301
-1.47314
-1.47326
-1.47337
-1.47344
-1.47349
-1.47351
-1.47351
-1.47352
-1.47352
-1.47353
-1.47355
-1.47357
-1.4736
-1.47364
-1.47368
-1.47371
-1.47375
-1.47379
-1.47382
-1.47384
-1.47385
-1.47386
-1.47387
-1.47388
-1.47387
-1.47384
-1.47383
-1.47383
-1.47382
-1.47379
-1.47374
-1.47369
-1.47365
-1.47364
-1.47361
-1.47358
-1.47358
-1.47362
-1.47358
-1.47338
-1.47316
-1.473
-1.47297
-1.47313
-1.47309
-1.47258
-1.47215
-1.4721
-1.47224
-1.47264
-1.47308
-1.47266
-1.472
-1.47168
-1.4718
-1.4721
-1.47252
-1.47273
-1.47212
-1.47124
-1.47035
-1.47016
-1.47085
-1.47165
-1.47215
-1.47176
-1.47122
-1.4704
-1.46984
-1.47002
-1.4705
-1.4709
-1.4708
-1.47057
-1.47036
-1.47032
-1.47049
-1.47055
-1.47035
-1.46997
-1.46969
-1.46961
-1.4697
-1.46974
-1.46968
-1.46956
-1.46951
-1.46954
-1.46961
-1.46968
-1.4697
-1.46969
-1.46968
-1.4697
-1.46977
-1.46984
-1.46989
-1.46989
-1.46987
-1.46987
-1.4699
-1.46997
-1.47003
-1.47006
-1.47007
-1.47006
-1.47006
-1.47008
-1.47011
-1.47016
-1.47019
-1.4702
-1.47019
-1.4702
-1.47022
-1.47024
-1.47026
-1.47028
-1.47029
-1.4703
-1.47031
-1.47031
-1.47031
-1.47032
-1.47033
-1.47036
-1.47038
-1.47038
-1.47037
-1.4704
-1.47045
-1.47055
-1.47063
-1.47066
-1.47063
-1.47056
-1.4705
-1.47049
-1.47059
-1.47074
-1.51532
-1.51516
-1.51501
-1.5149
-1.51483
-1.51479
-1.51477
-1.51479
-1.51482
-1.51486
-1.51491
-1.51496
-1.515
-1.51504
-1.51507
-1.51508
-1.51509
-1.5151
-1.5151
-1.51511
-1.51512
-1.51514
-1.51516
-1.51518
-1.51521
-1.51524
-1.51526
-1.51529
-1.51531
-1.51532
-1.51533
-1.51535
-1.51536
-1.51537
-1.51537
-1.51536
-1.51535
-1.51535
-1.51534
-1.51532
-1.51529
-1.51526
-1.51524
-1.51522
-1.51521
-1.51518
-1.51517
-1.51516
-1.51511
-1.515
-1.51487
-1.51477
-1.51471
-1.51472
-1.51463
-1.51439
-1.51418
-1.51412
-1.51418
-1.51433
-1.51447
-1.51428
-1.51398
-1.5138
-1.51382
-1.51394
-1.5141
-1.51412
-1.51378
-1.51329
-1.51281
-1.51269
-1.51296
-1.51334
-1.51357
-1.51338
-1.51306
-1.51259
-1.51226
-1.51229
-1.5125
-1.51269
-1.51266
-1.51254
-1.51242
-1.51237
-1.51242
-1.5124
-1.51226
-1.51203
-1.51183
-1.51174
-1.51175
-1.51174
-1.51169
-1.51162
-1.51158
-1.51159
-1.51163
-1.51166
-1.51168
-1.51169
-1.51169
-1.51171
-1.51175
-1.51179
-1.51183
-1.51184
-1.51183
-1.51184
-1.51187
-1.51191
-1.51195
-1.51198
-1.51199
-1.512
-1.512
-1.51201
-1.51204
-1.51207
-1.51209
-1.5121
-1.51211
-1.51211
-1.51212
-1.51214
-1.51216
-1.51217
-1.51218
-1.51219
-1.5122
-1.5122
-1.51221
-1.51221
-1.51223
-1.51225
-1.51226
-1.51227
-1.51227
-1.5123
-1.51235
-1.51242
-1.51248
-1.5125
-1.51249
-1.51244
-1.51241
-1.51241
-1.51249
-1.5126
-1.55575
-1.5556
-1.55545
-1.55535
-1.55527
-1.55521
-1.55517
-1.55515
-1.55515
-1.55516
-1.55517
-1.55519
-1.55521
-1.55523
-1.55524
-1.55525
-1.55525
-1.55526
-1.55526
-1.55527
-1.55527
-1.55528
-1.55529
-1.55531
-1.55532
-1.55534
-1.55536
-1.55537
-1.55539
-1.5554
-1.55541
-1.55542
-1.55542
-1.55542
-1.55542
-1.55541
-1.55541
-1.5554
-1.55539
-1.55537
-1.55535
-1.55532
-1.5553
-1.55528
-1.55526
-1.55523
-1.55521
-1.55518
-1.55513
-1.55505
-1.55497
-1.55488
-1.55482
-1.55478
-1.55469
-1.55456
-1.55444
-1.55438
-1.55438
-1.55443
-1.55445
-1.55435
-1.55419
-1.55409
-1.55406
-1.55409
-1.55413
-1.5541
-1.55389
-1.55359
-1.55332
-1.55322
-1.55332
-1.55348
-1.55358
-1.55347
-1.55326
-1.55298
-1.55277
-1.55275
-1.55282
-1.5529
-1.55289
-1.55282
-1.55274
-1.55269
-1.55268
-1.55264
-1.55253
-1.55237
-1.55223
-1.55214
-1.55211
-1.55208
-1.55203
-1.55198
-1.55195
-1.55195
-1.55196
-1.55198
-1.55199
-1.552
-1.552
-1.55202
-1.55204
-1.55208
-1.5521
-1.55211
-1.55212
-1.55213
-1.55215
-1.55218
-1.55221
-1.55223
-1.55224
-1.55225
-1.55226
-1.55227
-1.55229
-1.55231
-1.55233
-1.55234
-1.55235
-1.55235
-1.55236
-1.55238
-1.55239
-1.5524
-1.55241
-1.55242
-1.55242
-1.55243
-1.55243
-1.55244
-1.55245
-1.55247
-1.55248
-1.55249
-1.5525
-1.55252
-1.55256
-1.55262
-1.55267
-1.55269
-1.55268
-1.55265
-1.55263
-1.55264
-1.55271
-1.55279
-1.59447
-1.59434
-1.5942
-1.5941
-1.59401
-1.59394
-1.59388
-1.59384
-1.59381
-1.59379
-1.59378
-1.59377
-1.59377
-1.59377
-1.59377
-1.59377
-1.59376
-1.59376
-1.59376
-1.59376
-1.59377
-1.59377
-1.59378
-1.59379
-1.5938
-1.59381
-1.59382
-1.59383
-1.59384
-1.59385
-1.59385
-1.59386
-1.59386
-1.59386
-1.59385
-1.59385
-1.59385
-1.59384
-1.59383
-1.59381
-1.59379
-1.59377
-1.59375
-1.59373
-1.59371
-1.59368
-1.59366
-1.59362
-1.59358
-1.59352
-1.59345
-1.59339
-1.59332
-1.59327
-1.5932
-1.5931
-1.59302
-1.59297
-1.59295
-1.59295
-1.59293
-1.59287
-1.59277
-1.5927
-1.59266
-1.59265
-1.59264
-1.59258
-1.59244
-1.59225
-1.59208
-1.592
-1.59201
-1.59207
-1.5921
-1.59202
-1.59188
-1.5917
-1.59156
-1.59151
-1.59153
-1.59155
-1.59154
-1.59149
-1.59143
-1.59138
-1.59135
-1.5913
-1.5912
-1.59108
-1.59097
-1.59089
-1.59084
-1.5908
-1.59075
-1.59071
-1.59068
-1.59067
-1.59068
-1.59068
-1.59069
-1.59069
-1.5907
-1.59071
-1.59073
-1.59075
-1.59077
-1.59078
-1.59079
-1.5908
-1.59081
-1.59084
-1.59086
-1.59088
-1.59089
-1.5909
-1.59091
-1.59092
-1.59093
-1.59095
-1.59096
-1.59097
-1.59098
-1.59098
-1.59099
-1.591
-1.59101
-1.59102
-1.59103
-1.59103
-1.59104
-1.59104
-1.59105
-1.59105
-1.59107
-1.59108
-1.59109
-1.5911
-1.59111
-1.59113
-1.59117
-1.59122
-1.59125
-1.59127
-1.59128
-1.59125
-1.59124
-1.59126
-1.59131
-1.59138
-1.63159
-1.63148
-1.63135
-1.63125
-1.63116
-1.63108
-1.63101
-1.63095
-1.63091
-1.63087
-1.63084
-1.63082
-1.6308
-1.63078
-1.63077
-1.63076
-1.63075
-1.63075
-1.63074
-1.63074
-1.63074
-1.63074
-1.63074
-1.63074
-1.63075
-1.63076
-1.63076
-1.63077
-1.63077
-1.63078
-1.63078
-1.63078
-1.63078
-1.63078
-1.63078
-1.63078
-1.63077
-1.63076
-1.63075
-1.63074
-1.63072
-1.6307
-1.63068
-1.63066
-1.63064
-1.63061
-1.63059
-1.63055
-1.63051
-1.63046
-1.63041
-1.63035
-1.6303
-1.63024
-1.63018
-1.63011
-1.63005
-1.63
-1.62997
-1.62995
-1.62992
-1.62986
-1.6298
-1.62974
-1.6297
-1.62967
-1.62964
-1.62957
-1.62947
-1.62934
-1.62922
-1.62915
-1.62913
-1.62914
-1.62913
-1.62907
-1.62896
-1.62884
-1.62874
-1.62868
-1.62867
-1.62867
-1.62865
-1.62861
-1.62856
-1.62851
-1.62847
-1.62841
-1.62833
-1.62824
-1.62814
-1.62807
-1.62801
-1.62797
-1.62792
-1.62788
-1.62785
-1.62784
-1.62784
-1.62784
-1.62784
-1.62784
-1.62785
-1.62785
-1.62787
-1.62788
-1.62789
-1.6279
-1.62791
-1.62792
-1.62793
-1.62795
-1.62797
-1.62798
-1.62799
-1.628
-1.62801
-1.62802
-1.62803
-1.62804
-1.62805
-1.62806
-1.62807
-1.62807
-1.62808
-1.62809
-1.62809
-1.6281
-1.62811
-1.62811
-1.62811
-1.62812
-1.62812
-1.62813
-1.62814
-1.62815
-1.62816
-1.62817
-1.62818
-1.6282
-1.62823
-1.62827
-1.6283
-1.62832
-1.62833
-1.62832
-1.62831
-1.62833
-1.62837
-1.62843
-1.66721
-1.6671
-1.66698
-1.66688
-1.66678
-1.6667
-1.66662
-1.66655
-1.6665
-1.66645
-1.66641
-1.66637
-1.66634
-1.66632
-1.6663
-1.66628
-1.66626
-1.66625
-1.66624
-1.66624
-1.66623
-1.66623
-1.66623
-1.66623
-1.66623
-1.66623
-1.66623
-1.66624
-1.66624
-1.66624
-1.66624
-1.66625
-1.66625
-1.66625
-1.66624
-1.66623
-1.66623
-1.66622
-1.66621
-1.6662
-1.66618
-1.66616
-1.66615
-1.66613
-1.6661
-1.66608
-1.66605
-1.66602
-1.66598
-1.66594
-1.66589
-1.66585
-1.6658
-1.66574
-1.66569
-1.66564
-1.66558
-1.66554
-1.6655
-1.66547
-1.66544
-1.66539
-1.66534
-1.66529
-1.66525
-1.66521
-1.66517
-1.66511
-1.66503
-1.66494
-1.66485
-1.66479
-1.66475
-1.66473
-1.6647
-1.66465
-1.66457
-1.66448
-1.6644
-1.66435
-1.66432
-1.6643
-1.66427
-1.66424
-1.66419
-1.66415
-1.6641
-1.66405
-1.66398
-1.6639
-1.66382
-1.66375
-1.66369
-1.66364
-1.6636
-1.66356
-1.66353
-1.66352
-1.66351
-1.6635
-1.6635
-1.6635
-1.6635
-1.66351
-1.66352
-1.66352
-1.66353
-1.66354
-1.66355
-1.66356
-1.66357
-1.66358
-1.66359
-1.6636
-1.66361
-1.66362
-1.66363
-1.66363
-1.66364
-1.66365
-1.66366
-1.66367
-1.66367
-1.66368
-1.66368
-1.66369
-1.66369
-1.6637
-1.6637
-1.66371
-1.66371
-1.66371
-1.66372
-1.66372
-1.66373
-1.66374
-1.66375
-1.66376
-1.66377
-1.66379
-1.66382
-1.66385
-1.66388
-1.66389
-1.6639
-1.6639
-1.6639
-1.66392
-1.66395
-1.664
-1.70139
-1.70128
-1.70117
-1.70106
-1.70097
-1.70087
-1.70079
-1.70071
-1.70065
-1.70059
-1.70054
-1.70049
-1.70045
-1.70042
-1.7004
-1.70037
-1.70035
-1.70034
-1.70032
-1.70031
-1.70031
-1.7003
-1.7003
-1.70029
-1.70029
-1.70029
-1.70029
-1.7003
-1.7003
-1.7003
-1.7003
-1.7003
-1.7003
-1.70029
-1.70029
-1.70028
-1.70027
-1.70027
-1.70026
-1.70025
-1.70023
-1.70022
-1.7002
-1.70018
-1.70016
-1.70014
-1.70011
-1.70008
-1.70005
-1.70001
-1.69997
-1.69993
-1.69988
-1.69984
-1.69979
-1.69974
-1.6997
-1.69965
-1.69962
-1.69958
-1.69955
-1.69951
-1.69947
-1.69942
-1.69938
-1.69934
-1.6993
-1.69924
-1.69918
-1.6991
-1.69903
-1.69897
-1.69893
-1.6989
-1.69887
-1.69882
-1.69875
-1.69868
-1.69861
-1.69857
-1.69853
-1.69851
-1.69848
-1.69844
-1.6984
-1.69836
-1.69831
-1.69826
-1.69819
-1.69812
-1.69805
-1.69799
-1.69793
-1.69789
-1.69784
-1.69781
-1.69778
-1.69776
-1.69775
-1.69774
-1.69774
-1.69773
-1.69773
-1.69773
-1.69774
-1.69774
-1.69775
-1.69776
-1.69776
-1.69777
-1.69777
-1.69778
-1.69779
-1.6978
-1.69781
-1.69781
-1.69782
-1.69783
-1.69783
-1.69784
-1.69785
-1.69785
-1.69786
-1.69786
-1.69786
-1.69787
-1.69787
-1.69788
-1.69788
-1.69788
-1.69788
-1.69789
-1.69789
-1.69789
-1.6979
-1.69791
-1.69792
-1.69793
-1.69794
-1.69796
-1.69798
-1.698
-1.69803
-1.69804
-1.69805
-1.69806
-1.69806
-1.69808
-1.69811
-1.69815
-1.7342
-1.7341
-1.73398
-1.73387
-1.73376
-1.73367
-1.73357
-1.73349
-1.73341
-1.73335
-1.73329
-1.73324
-1.73319
-1.73316
-1.73313
-1.7331
-1.73308
-1.73306
-1.73304
-1.73303
-1.73302
-1.73301
-1.73301
-1.733
-1.733
-1.733
-1.733
-1.733
-1.733
-1.733
-1.733
-1.73299
-1.73299
-1.73299
-1.73298
-1.73297
-1.73297
-1.73297
-1.73296
-1.73294
-1.73293
-1.73292
-1.7329
-1.73288
-1.73286
-1.73284
-1.73282
-1.73279
-1.73276
-1.73272
-1.73269
-1.73265
-1.73261
-1.73257
-1.73253
-1.73248
-1.73244
-1.73241
-1.73237
-1.73234
-1.7323
-1.73226
-1.73222
-1.73218
-1.73215
-1.73211
-1.73206
-1.73201
-1.73196
-1.7319
-1.73184
-1.73178
-1.73174
-1.73171
-1.73167
-1.73162
-1.73157
-1.73151
-1.73145
-1.73141
-1.73137
-1.73134
-1.73131
-1.73127
-1.73123
-1.73119
-1.73115
-1.73109
-1.73104
-1.73097
-1.73091
-1.73085
-1.7308
-1.73075
-1.73071
-1.73068
-1.73065
-1.73063
-1.73061
-1.7306
-1.7306
-1.73059
-1.73059
-1.73059
-1.73059
-1.73059
-1.7306
-1.7306
-1.7306
-1.73061
-1.73061
-1.73062
-1.73063
-1.73063
-1.73064
-1.73064
-1.73065
-1.73065
-1.73066
-1.73066
-1.73067
-1.73067
-1.73067
-1.73068
-1.73068
-1.73068
-1.73068
-1.73069
-1.73069
-1.73069
-1.73069
-1.73069
-1.7307
-1.7307
-1.7307
-1.73071
-1.73072
-1.73073
-1.73074
-1.73076
-1.73078
-1.7308
-1.73082
-1.73083
-1.73084
-1.73085
-1.73085
-1.73088
-1.7309
-1.73094
-1.76572
-1.76561
-1.76548
-1.76536
-1.76524
-1.76513
-1.76503
-1.76494
-1.76485
-1.76478
-1.76472
-1.76466
-1.76461
-1.76457
-1.76454
-1.76451
-1.76449
-1.76447
-1.76445
-1.76443
-1.76442
-1.76441
-1.76441
-1.7644
-1.7644
-1.7644
-1.7644
-1.76439
-1.76439
-1.76439
-1.76439
-1.76439
-1.76439
-1.76438
-1.76438
-1.76438
-1.76437
-1.76435
-1.76435
-1.76434
-1.76433
-1.76432
-1.7643
-1.76428
-1.76426
-1.76424
-1.76422
-1.76419
-1.76417
-1.76414
-1.7641
-1.76407
-1.76403
-1.764
-1.76396
-1.76392
-1.76388
-1.76385
-1.76381
-1.76378
-1.76375
-1.76371
-1.76368
-1.76364
-1.7636
-1.76356
-1.76352
-1.76348
-1.76343
-1.76337
-1.76332
-1.76328
-1.76324
-1.7632
-1.76316
-1.76312
-1.76307
-1.76302
-1.76297
-1.76292
-1.76289
-1.76286
-1.76282
-1.76279
-1.76275
-1.76271
-1.76267
-1.76262
-1.76256
-1.76251
-1.76245
-1.7624
-1.76235
-1.7623
-1.76226
-1.76223
-1.7622
-1.76218
-1.76216
-1.76215
-1.76214
-1.76214
-1.76213
-1.76213
-1.76213
-1.76213
-1.76213
-1.76213
-1.76213
-1.76214
-1.76214
-1.76214
-1.76215
-1.76215
-1.76216
-1.76216
-1.76216
-1.76217
-1.76217
-1.76217
-1.76218
-1.76218
-1.76218
-1.76218
-1.76218
-1.76219
-1.76219
-1.76219
-1.76219
-1.76219
-1.76219
-1.76219
-1.76219
-1.7622
-1.7622
-1.76221
-1.76221
-1.76222
-1.76223
-1.76225
-1.76226
-1.76228
-1.7623
-1.76232
-1.76233
-1.76233
-1.76234
-1.76236
-1.76238
-1.76242
-1.796
-1.79587
-1.79572
-1.79558
-1.79544
-1.79532
-1.79521
-1.79511
-1.79502
-1.79494
-1.79487
-1.79482
-1.79477
-1.79472
-1.79469
-1.79466
-1.79463
-1.79461
-1.7946
-1.79458
-1.79457
-1.79456
-1.79455
-1.79455
-1.79455
-1.79454
-1.79454
-1.79454
-1.79454
-1.79454
-1.79453
-1.79453
-1.79453
-1.79453
-1.79452
-1.79452
-1.79451
-1.79451
-1.7945
-1.79449
-1.79448
-1.79446
-1.79445
-1.79443
-1.79441
-1.7944
-1.79437
-1.79435
-1.79432
-1.7943
-1.79427
-1.79424
-1.7942
-1.79417
-1.79413
-1.7941
-1.79407
-1.79403
-1.794
-1.79397
-1.79394
-1.7939
-1.79387
-1.79383
-1.7938
-1.79376
-1.79373
-1.79368
-1.79364
-1.79359
-1.79355
-1.7935
-1.79346
-1.79343
-1.79339
-1.79335
-1.7933
-1.79326
-1.79322
-1.79318
-1.79314
-1.79311
-1.79308
-1.79304
-1.79301
-1.79297
-1.79292
-1.79288
-1.79283
-1.79278
-1.79272
-1.79267
-1.79263
-1.79258
-1.79255
-1.79251
-1.79248
-1.79246
-1.79245
-1.79243
-1.79242
-1.79241
-1.79241
-1.7924
-1.7924
-1.7924
-1.7924
-1.7924
-1.7924
-1.7924
-1.7924
-1.79241
-1.79241
-1.79241
-1.79241
-1.79242
-1.79242
-1.79242
-1.79242
-1.79242
-1.79243
-1.79243
-1.79243
-1.79243
-1.79243
-1.79243
-1.79243
-1.79243
-1.79243
-1.79243
-1.79243
-1.79243
-1.79243
-1.79243
-1.79244
-1.79244
-1.79245
-1.79246
-1.79247
-1.79248
-1.79249
-1.79251
-1.79253
-1.79254
-1.79255
-1.79256
-1.79257
-1.79259
-1.79261
-1.79264
-1.82511
-1.82494
-1.82475
-1.82458
-1.82442
-1.82428
-1.82416
-1.82405
-1.82396
-1.82387
-1.82381
-1.82375
-1.8237
-1.82366
-1.82362
-1.8236
-1.82357
-1.82355
-1.82354
-1.82352
-1.82351
-1.8235
-1.8235
-1.82349
-1.82349
-1.82348
-1.82348
-1.82348
-1.82348
-1.82348
-1.82348
-1.82347
-1.82347
-1.82347
-1.82347
-1.82346
-1.82346
-1.82345
-1.82344
-1.82343
-1.82342
-1.82341
-1.8234
-1.82338
-1.82336
-1.82335
-1.82333
-1.8233
-1.82328
-1.82325
-1.82323
-1.8232
-1.82317
-1.82314
-1.82311
-1.82307
-1.82304
-1.82301
-1.82298
-1.82295
-1.82292
-1.82289
-1.82286
-1.82282
-1.82279
-1.82276
-1.82272
-1.82268
-1.82264
-1.8226
-1.82256
-1.82252
-1.82248
-1.82245
-1.82241
-1.82237
-1.82233
-1.82229
-1.82225
-1.82221
-1.82218
-1.82215
-1.82212
-1.82208
-1.82205
-1.82201
-1.82197
-1.82193
-1.82188
-1.82183
-1.82178
-1.82174
-1.82169
-1.82165
-1.82161
-1.82158
-1.82155
-1.82153
-1.82152
-1.8215
-1.82149
-1.82148
-1.82147
-1.82147
-1.82146
-1.82146
-1.82146
-1.82146
-1.82146
-1.82146
-1.82146
-1.82146
-1.82146
-1.82146
-1.82146
-1.82146
-1.82146
-1.82147
-1.82147
-1.82147
-1.82147
-1.82147
-1.82147
-1.82147
-1.82147
-1.82147
-1.82147
-1.82146
-1.82146
-1.82146
-1.82146
-1.82146
-1.82146
-1.82146
-1.82147
-1.82147
-1.82148
-1.82148
-1.82149
-1.8215
-1.82152
-1.82153
-1.82155
-1.82156
-1.82157
-1.82158
-1.82159
-1.8216
-1.82162
-1.82165
-1.8531
-1.85287
-1.85261
-1.8524
-1.85221
-1.85205
-1.85192
-1.85181
-1.85171
-1.85163
-1.85156
-1.85151
-1.85146
-1.85143
-1.85139
-1.85137
-1.85135
-1.85133
-1.85131
-1.8513
-1.85129
-1.85129
-1.85128
-1.85127
-1.85127
-1.85127
-1.85127
-1.85127
-1.85126
-1.85126
-1.85126
-1.85126
-1.85126
-1.85126
-1.85125
-1.85125
-1.85124
-1.85123
-1.85123
-1.85122
-1.85121
-1.8512
-1.85119
-1.85117
-1.85116
-1.85114
-1.85112
-1.8511
-1.85108
-1.85106
-1.85103
-1.85101
-1.85098
-1.85095
-1.85092
-1.85089
-1.85086
-1.85083
-1.8508
-1.85077
-1.85075
-1.85072
-1.85069
-1.85066
-1.85063
-1.85059
-1.85056
-1.85052
-1.85049
-1.85045
-1.85041
-1.85037
-1.85034
-1.8503
-1.85027
-1.85023
-1.8502
-1.85016
-1.85012
-1.85009
-1.85006
-1.85002
-1.84999
-1.84996
-1.84993
-1.84989
-1.84985
-1.84981
-1.84977
-1.84972
-1.84968
-1.84963
-1.84959
-1.84955
-1.84952
-1.84949
-1.84946
-1.84944
-1.84942
-1.84941
-1.84939
-1.84938
-1.84938
-1.84937
-1.84936
-1.84936
-1.84936
-1.84935
-1.84935
-1.84935
-1.84935
-1.84935
-1.84935
-1.84935
-1.84935
-1.84935
-1.84935
-1.84935
-1.84935
-1.84935
-1.84935
-1.84935
-1.84935
-1.84934
-1.84934
-1.84934
-1.84934
-1.84934
-1.84934
-1.84934
-1.84933
-1.84933
-1.84933
-1.84933
-1.84934
-1.84934
-1.84934
-1.84935
-1.84936
-1.84937
-1.84938
-1.84939
-1.84941
-1.84942
-1.84943
-1.84944
-1.84944
-1.84946
-1.84948
-1.84951
-1.88
-1.87969
-1.87933
-1.87906
-1.87885
-1.87867
-1.87853
-1.87842
-1.87833
-1.87825
-1.87819
-1.87815
-1.87811
-1.87807
-1.87805
-1.87802
-1.878
-1.87799
-1.87798
-1.87797
-1.87796
-1.87796
-1.87795
-1.87795
-1.87795
-1.87794
-1.87794
-1.87794
-1.87794
-1.87794
-1.87794
-1.87794
-1.87794
-1.87793
-1.87793
-1.87793
-1.87792
-1.87792
-1.87791
-1.8779
-1.87789
-1.87788
-1.87787
-1.87786
-1.87785
-1.87783
-1.87781
-1.87779
-1.87777
-1.87775
-1.87773
-1.8777
-1.87768
-1.87765
-1.87763
-1.8776
-1.87757
-1.87754
-1.87752
-1.87749
-1.87746
-1.87743
-1.8774
-1.87738
-1.87735
-1.87732
-1.87728
-1.87725
-1.87722
-1.87718
-1.87715
-1.87711
-1.87708
-1.87705
-1.87701
-1.87698
-1.87695
-1.87691
-1.87688
-1.87684
-1.87681
-1.87678
-1.87675
-1.87672
-1.87669
-1.87665
-1.87662
-1.87658
-1.87654
-1.87649
-1.87645
-1.87641
-1.87637
-1.87634
-1.8763
-1.87627
-1.87624
-1.87622
-1.87621
-1.87619
-1.87618
-1.87617
-1.87616
-1.87615
-1.87615
-1.87614
-1.87614
-1.87613
-1.87613
-1.87613
-1.87613
-1.87612
-1.87612
-1.87612
-1.87612
-1.87612
-1.87612
-1.87612
-1.87612
-1.87611
-1.87611
-1.87611
-1.87611
-1.87611
-1.87611
-1.8761
-1.8761
-1.8761
-1.8761
-1.87609
-1.87609
-1.87609
-1.87609
-1.87609
-1.87609
-1.87609
-1.8761
-1.8761
-1.87611
-1.87612
-1.87613
-1.87614
-1.87615
-1.87616
-1.87617
-1.87618
-1.87619
-1.87621
-1.87622
-1.87625
-1.90586
-1.9054
-1.90491
-1.90458
-1.90434
-1.90417
-1.90403
-1.90393
-1.90385
-1.90379
-1.90374
-1.9037
-1.90367
-1.90364
-1.90362
-1.90361
-1.90359
-1.90358
-1.90357
-1.90357
-1.90356
-1.90356
-1.90356
-1.90355
-1.90355
-1.90355
-1.90355
-1.90355
-1.90355
-1.90355
-1.90355
-1.90355
-1.90355
-1.90355
-1.90355
-1.90354
-1.90354
-1.90353
-1.90353
-1.90352
-1.90351
-1.9035
-1.90349
-1.90348
-1.90347
-1.90345
-1.90344
-1.90342
-1.9034
-1.90338
-1.90336
-1.90334
-1.90331
-1.90329
-1.90326
-1.90324
-1.90321
-1.90319
-1.90316
-1.90313
-1.90311
-1.90308
-1.90306
-1.90303
-1.903
-1.90297
-1.90294
-1.90291
-1.90288
-1.90285
-1.90281
-1.90278
-1.90275
-1.90272
-1.90269
-1.90266
-1.90262
-1.90259
-1.90256
-1.90253
-1.9025
-1.90247
-1.90244
-1.90241
-1.90238
-1.90234
-1.90231
-1.90227
-1.90223
-1.90219
-1.90216
-1.90212
-1.90208
-1.90205
-1.90201
-1.90198
-1.90196
-1.90194
-1.90192
-1.90191
-1.90189
-1.90188
-1.90187
-1.90186
-1.90186
-1.90185
-1.90184
-1.90184
-1.90184
-1.90183
-1.90183
-1.90183
-1.90183
-1.90182
-1.90182
-1.90182
-1.90182
-1.90182
-1.90181
-1.90181
-1.90181
-1.90181
-1.9018
-1.9018
-1.9018
-1.9018
-1.90179
-1.90179
-1.90179
-1.90178
-1.90178
-1.90178
-1.90178
-1.90178
-1.90178
-1.90178
-1.90178
-1.90179
-1.90179
-1.9018
-1.90181
-1.90182
-1.90183
-1.90184
-1.90185
-1.90186
-1.90187
-1.90188
-1.9019
-1.90192
-1.93092
-1.93002
-1.92933
-1.92896
-1.92873
-1.92857
-1.92846
-1.92839
-1.92833
-1.92828
-1.92825
-1.92823
-1.9282
-1.92819
-1.92817
-1.92816
-1.92816
-1.92815
-1.92814
-1.92814
-1.92814
-1.92814
-1.92814
-1.92814
-1.92814
-1.92814
-1.92814
-1.92814
-1.92814
-1.92814
-1.92814
-1.92814
-1.92814
-1.92814
-1.92814
-1.92813
-1.92813
-1.92813
-1.92813
-1.92812
-1.92811
-1.9281
-1.92809
-1.92808
-1.92807
-1.92805
-1.92804
-1.92802
-1.92801
-1.92799
-1.92797
-1.92795
-1.92793
-1.9279
-1.92788
-1.92786
-1.92783
-1.92781
-1.92778
-1.92776
-1.92773
-1.92771
-1.92768
-1.92765
-1.92763
-1.9276
-1.92757
-1.92754
-1.92751
-1.92748
-1.92745
-1.92742
-1.92739
-1.92736
-1.92733
-1.92731
-1.92727
-1.92724
-1.92721
-1.92718
-1.92716
-1.92713
-1.9271
-1.92707
-1.92704
-1.92701
-1.92697
-1.92694
-1.9269
-1.92687
-1.92683
-1.92679
-1.92676
-1.92672
-1.92669
-1.92667
-1.92664
-1.92662
-1.9266
-1.92659
-1.92658
-1.92656
-1.92655
-1.92654
-1.92654
-1.92653
-1.92652
-1.92652
-1.92651
-1.92651
-1.92651
-1.9265
-1.9265
-1.9265
-1.92649
-1.92649
-1.92649
-1.92649
-1.92648
-1.92648
-1.92648
-1.92647
-1.92647
-1.92647
-1.92647
-1.92646
-1.92646
-1.92646
-1.92645
-1.92645
-1.92645
-1.92644
-1.92644
-1.92644
-1.92644
-1.92644
-1.92644
-1.92645
-1.92645
-1.92646
-1.92647
-1.92648
-1.92649
-1.9265
-1.9265
-1.92651
-1.92652
-1.92654
-1.92655
-1.92657
-1.95457
-1.95305
-1.9524
-1.95214
-1.952
-1.95191
-1.95186
-1.95183
-1.9518
-1.95178
-1.95177
-1.95176
-1.95175
-1.95174
-1.95174
-1.95174
-1.95173
-1.95173
-1.95173
-1.95173
-1.95173
-1.95173
-1.95174
-1.95174
-1.95174
-1.95174
-1.95174
-1.95175
-1.95175
-1.95175
-1.95175
-1.95175
-1.95175
-1.95175
-1.95175
-1.95175
-1.95175
-1.95175
-1.95174
-1.95173
-1.95172
-1.95172
-1.95171
-1.9517
-1.95169
-1.95167
-1.95166
-1.95164
-1.95163
-1.95161
-1.95159
-1.95157
-1.95155
-1.95153
-1.95151
-1.95149
-1.95147
-1.95144
-1.95142
-1.95139
-1.95137
-1.95135
-1.95132
-1.9513
-1.95127
-1.95125
-1.95122
-1.95119
-1.95117
-1.95114
-1.95111
-1.95108
-1.95105
-1.95102
-1.95099
-1.95097
-1.95094
-1.95091
-1.95088
-1.95085
-1.95083
-1.9508
-1.95077
-1.95074
-1.95071
-1.95068
-1.95065
-1.95062
-1.95058
-1.95055
-1.95051
-1.95048
-1.95045
-1.95042
-1.95039
-1.95036
-1.95033
-1.95031
-1.9503
-1.95028
-1.95027
-1.95026
-1.95025
-1.95024
-1.95023
-1.95022
-1.95022
-1.95021
-1.95021
-1.9502
-1.9502
-1.95019
-1.95019
-1.95018
-1.95018
-1.95018
-1.95017
-1.95017
-1.95017
-1.95016
-1.95016
-1.95016
-1.95015
-1.95015
-1.95015
-1.95014
-1.95014
-1.95013
-1.95013
-1.95013
-1.95012
-1.95012
-1.95012
-1.95012
-1.95012
-1.95012
-1.95012
-1.95012
-1.95013
-1.95013
-1.95014
-1.95015
-1.95015
-1.95016
-1.95017
-1.95018
-1.95019
-1.9502
-1.95022
-1.95024
458.338
458.343
458.351
458.373
458.424
458.492
458.557
458.616
458.651
458.67
458.664
458.636
458.601
458.6
458.623
458.681
458.706
458.742
458.792
458.863
458.958
459.028
459.083
459.123
459.151
459.174
459.19
459.205
459.217
459.23
459.243
459.258
459.274
459.292
459.31
459.329
459.348
459.365
459.38
459.39
459.403
459.417
459.432
459.442
459.444
459.43
459.396
459.399
459.403
459.421
459.437
459.474
459.485
459.498
459.501
459.51
459.517
459.519
459.533
459.543
459.544
459.541
459.53
459.529
459.548
459.548
459.537
459.52
459.448
459.432
459.438
459.465
459.461
459.43
459.37
459.316
459.28
459.257
459.246
459.135
458.993
458.922
458.792
458.752
458.76
458.732
458.678
458.585
458.479
458.355
458.238
458.095
457.967
457.772
457.566
457.359
457.239
457.083
456.99
456.71
433.224
433.225
433.23
433.252
433.308
433.382
433.45
433.512
433.546
433.566
433.557
433.523
433.48
433.478
433.505
433.57
433.593
433.627
433.68
433.757
433.86
433.934
433.989
434.028
434.056
434.078
434.095
434.11
434.121
434.135
434.149
434.165
434.182
434.2
434.219
434.239
434.258
434.277
434.292
434.303
434.317
434.332
434.347
434.359
434.361
434.346
434.308
434.313
434.318
434.336
434.353
434.395
434.404
434.418
434.421
434.431
434.438
434.441
434.456
434.466
434.467
434.465
434.452
434.452
434.472
434.472
434.461
434.442
434.366
434.351
434.36
434.39
434.386
434.354
434.292
434.237
434.203
434.184
434.173
434.056
433.91
433.839
433.706
433.669
433.683
433.657
433.602
433.508
433.401
433.276
433.159
433.016
432.887
432.69
432.48
432.273
432.154
432.002
431.908
431.627
407.001
406.996
406.995
407.016
407.079
407.161
407.234
407.305
407.334
407.354
407.342
407.299
407.245
407.243
407.275
407.35
407.37
407.4
407.456
407.54
407.655
407.732
407.787
407.825
407.853
407.874
407.89
407.905
407.916
407.93
407.945
407.961
407.979
407.998
408.018
408.039
408.06
408.08
408.095
408.106
408.122
408.138
408.155
408.167
408.17
408.153
408.109
408.116
408.122
408.143
408.159
408.206
408.214
408.229
408.23
408.243
408.25
408.252
408.269
408.28
408.28
408.278
408.263
408.263
408.286
408.286
408.274
408.255
408.172
408.159
408.171
408.205
408.202
408.168
408.104
408.048
408.015
407.999
407.991
407.865
407.716
407.646
407.508
407.474
407.496
407.471
407.416
407.321
407.212
407.087
406.969
406.826
406.697
406.498
406.282
406.077
405.959
405.811
405.716
405.435
379.623
379.61
379.597
379.615
379.688
379.782
379.864
379.947
379.969
379.988
379.976
379.918
379.845
379.842
379.883
379.973
379.987
380.01
380.069
380.163
380.293
380.375
380.429
380.465
380.492
380.512
380.528
380.543
380.554
380.568
380.583
380.6
380.619
380.639
380.66
380.682
380.704
380.725
380.741
380.752
380.768
380.786
380.803
380.818
380.821
380.802
380.75
380.76
380.767
380.79
380.806
380.858
380.864
380.881
380.881
380.896
380.902
380.904
380.923
380.935
380.934
380.932
380.914
380.915
380.941
380.941
380.928
380.908
380.817
380.805
380.824
380.861
380.859
380.822
380.755
380.698
380.667
380.655
380.651
380.516
380.361
380.292
380.15
380.119
380.15
380.127
380.072
379.975
379.864
379.738
379.619
379.477
379.348
379.146
378.924
378.719
378.603
378.462
378.364
378.083
351.039
351.016
350.986
350.996
351.083
351.195
351.289
351.38
351.404
351.413
351.404
351.332
351.237
351.234
351.287
351.389
351.395
351.404
351.467
351.575
351.726
351.812
351.865
351.898
351.923
351.942
351.957
351.971
351.984
351.999
352.014
352.032
352.05
352.071
352.093
352.116
352.139
352.162
352.178
352.189
352.206
352.226
352.244
352.261
352.265
352.24
352.178
352.193
352.201
352.226
352.242
352.301
352.305
352.323
352.32
352.338
352.343
352.346
352.366
352.38
352.377
352.375
352.354
352.356
352.386
352.386
352.372
352.351
352.25
352.24
352.266
352.308
352.307
352.266
352.195
352.136
352.108
352.101
352.102
351.956
351.794
351.733
351.599
351.578
351.615
351.581
351.518
351.418
351.306
351.179
351.06
350.92
350.788
350.584
350.353
350.149
350.037
349.901
349.802
349.519
321.193
321.156
321.102
321.105
321.21
321.346
321.457
321.553
321.599
321.582
321.57
321.477
321.342
321.336
321.419
321.55
321.592
321.644
321.677
321.747
321.903
321.996
322.042
322.071
322.092
322.11
322.124
322.138
322.153
322.169
322.185
322.204
322.22
322.241
322.264
322.288
322.313
322.337
322.353
322.363
322.38
322.403
322.421
322.441
322.45
322.414
322.339
322.36
322.37
322.397
322.413
322.481
322.482
322.501
322.495
322.516
322.521
322.523
322.545
322.561
322.556
322.554
322.53
322.533
322.569
322.567
322.553
322.53
322.416
322.407
322.443
322.492
322.492
322.446
322.37
322.309
322.284
322.284
322.291
322.131
321.961
321.906
321.819
321.83
321.886
321.807
321.701
321.597
321.483
321.358
321.237
321.096
320.966
320.757
320.516
320.315
320.209
320.083
319.976
319.692
290.029
289.978
289.882
289.875
290.01
290.185
290.318
290.419
290.478
290.454
290.419
290.294
290.112
290.105
290.233
290.409
290.682
290.782
290.83
290.859
290.861
290.875
290.907
290.929
290.946
290.962
290.975
290.989
291.006
291.022
291.038
291.055
291.072
291.093
291.117
291.143
291.169
291.194
291.209
291.217
291.235
291.262
291.283
291.31
291.321
291.264
291.175
291.205
291.218
291.249
291.266
291.348
291.347
291.365
291.353
291.376
291.378
291.379
291.405
291.422
291.415
291.413
291.386
291.391
291.432
291.429
291.414
291.389
291.258
291.252
291.3
291.359
291.359
291.307
291.224
291.16
291.142
291.154
291.168
290.987
290.803
290.752
290.711
290.756
290.799
290.678
290.564
290.456
290.341
290.216
290.095
289.953
289.823
289.616
289.398
289.21
289.088
288.942
288.83
288.543
257.496
257.424
257.352
257.408
257.496
257.666
257.809
257.925
257.983
257.979
257.898
257.725
257.475
257.469
257.66
257.901
258.332
258.525
258.581
258.618
258.428
258.389
258.401
258.414
258.427
258.439
258.453
258.467
258.482
258.498
258.513
258.529
258.547
258.569
258.593
258.621
258.648
258.675
258.689
258.692
258.711
258.752
258.789
258.827
258.82
258.733
258.625
258.669
258.686
258.72
258.741
258.92
258.927
258.894
258.843
258.857
258.856
258.856
258.886
258.906
258.896
258.895
258.864
258.871
258.917
258.916
258.902
258.874
258.723
258.719
258.78
258.858
258.921
258.827
258.73
258.661
258.643
258.656
258.679
258.488
258.324
258.285
258.231
258.311
258.32
258.172
258.049
257.937
257.823
257.697
257.574
257.431
257.303
257.13
256.961
256.787
256.617
256.422
256.305
256.017
223.55
223.533
223.641
223.735
223.662
223.735
223.869
224.023
224.071
224.091
223.97
223.723
223.697
223.832
224.092
224.034
224.506
224.696
224.732
224.677
224.515
224.465
224.459
224.463
224.471
224.481
224.493
224.505
224.52
224.534
224.549
224.565
224.584
224.606
224.631
224.66
224.688
224.718
224.732
224.734
224.752
224.806
224.84
224.887
224.894
224.834
224.684
224.731
224.728
224.75
224.772
224.997
225.056
225.046
224.986
224.933
224.898
224.893
224.931
224.973
224.949
224.946
224.906
224.914
224.968
224.969
224.956
224.94
224.854
224.857
224.875
224.924
224.977
224.894
224.84
224.794
224.791
224.79
224.758
224.593
224.555
224.539
224.549
224.551
224.374
224.221
224.093
223.977
223.863
223.737
223.613
223.469
223.343
223.225
223.099
222.927
222.771
222.476
222.341
222.051
188.106
188.256
188.537
188.65
188.622
188.79
188.772
188.661
188.695
188.724
188.6
188.501
188.871
189.051
189.431
189.496
189.183
189.249
189.255
189.204
189.078
189.031
189.014
189.011
189.013
189.02
189.029
189.04
189.053
189.066
189.081
189.098
189.117
189.14
189.167
189.196
189.226
189.259
189.295
189.335
189.334
189.368
189.382
189.447
189.47
189.46
189.536
189.519
189.491
189.508
189.469
189.569
189.65
189.635
189.626
189.586
189.497
189.47
189.478
189.519
189.496
189.496
189.509
189.604
189.676
189.55
189.513
189.561
189.637
189.651
189.692
189.586
189.539
189.572
189.52
189.463
189.394
189.373
189.349
189.439
189.389
189.379
189.36
189.17
188.928
188.766
188.633
188.513
188.398
188.272
188.146
188.003
187.88
187.806
187.735
187.552
187.33
187.017
186.873
186.581
151.469
151.719
151.911
152.017
152.003
151.87
151.819
151.747
151.771
151.816
151.935
152.255
152.491
152.664
152.601
152.474
152.297
152.252
152.224
152.168
152.067
152.021
151.997
151.987
151.985
151.988
151.995
152.004
152.016
152.029
152.043
152.06
152.08
152.103
152.131
152.161
152.194
152.232
152.275
152.327
152.4
152.452
152.458
152.438
152.473
152.639
152.897
152.915
152.906
152.915
152.878
152.647
152.645
152.638
152.639
152.579
152.57
152.547
152.486
152.501
152.55
152.598
152.593
152.614
152.673
152.722
152.775
152.822
152.857
152.831
152.726
152.585
152.529
152.558
152.591
152.565
152.502
152.396
152.379
152.544
152.587
152.533
152.46
152.177
151.911
151.74
151.602
151.479
151.361
151.234
151.108
150.967
150.85
150.797
150.747
150.555
150.307
149.986
149.833
149.54
113.07
113.224
113.431
113.499
113.464
113.298
113.223
113.175
113.202
113.274
113.518
113.982
114.172
114.291
114.031
113.846
113.683
113.61
113.559
113.5
113.414
113.367
113.337
113.323
113.317
113.317
113.321
113.329
113.339
113.351
113.365
113.382
113.403
113.427
113.455
113.486
113.523
113.567
113.628
113.708
113.773
113.808
113.838
113.864
113.904
114.089
114.32
114.298
114.312
114.312
114.259
114.051
114.001
113.973
113.962
113.926
113.918
113.898
113.846
113.843
113.885
113.961
114.014
114.014
114.036
114.087
114.137
114.212
114.324
114.278
114.101
113.936
113.879
113.898
113.973
113.969
113.902
113.781
113.752
113.933
114.016
113.944
113.804
113.508
113.255
113.077
112.933
112.807
112.686
112.558
112.431
112.291
112.177
112.122
112.059
111.877
111.631
111.313
111.153
110.859
72.8716
72.9604
73.028
73.0618
73.0447
72.9594
72.9134
72.891
72.9211
72.9953
73.3131
73.8431
73.9548
73.8853
73.6479
73.4947
73.3503
73.2656
73.2015
73.136
73.0595
73.0108
72.9791
72.9555
72.9432
72.939
72.9406
72.9461
72.9546
72.9655
72.9793
72.9961
73.0171
73.042
73.0704
73.1036
73.1436
73.192
73.2697
73.3684
73.4356
73.4633
73.5084
73.5442
73.5887
73.7779
73.9572
73.9665
73.9936
73.9901
73.924
73.726
73.647
73.6016
73.5766
73.5518
73.5533
73.5405
73.4878
73.476
73.5069
73.6158
73.7135
73.7105
73.6903
73.733
73.7888
73.8911
73.9665
73.9125
73.7423
73.5767
73.5193
73.5216
73.5916
73.6025
73.5527
73.4395
73.3989
73.5385
73.5973
73.5371
73.4015
73.1287
72.8891
72.7028
72.5542
72.4235
72.2994
72.1708
72.0432
71.9018
71.7894
71.7266
71.6517
71.4751
71.2316
70.9269
70.7596
70.4656
30.6707
30.7803
30.8298
30.8608
30.8316
30.7433
30.6996
30.6986
30.7163
30.8178
31.2169
31.6414
31.7139
31.6956
31.4882
31.2894
31.1459
31.0572
30.9874
30.9175
30.8436
30.795
30.7671
30.7467
30.7364
30.7346
30.7382
30.7449
30.7538
30.765
30.7789
30.796
30.8169
30.842
30.8713
30.9056
30.9475
31.0023
31.0856
31.1865
31.2495
31.284
31.3234
31.361
31.4252
31.6133
31.765
31.7902
31.814
31.8045
31.7199
31.5449
31.4548
31.4057
31.3724
31.3563
31.3488
31.3314
31.2799
31.2746
31.3052
31.4278
31.5135
31.5119
31.5047
31.5386
31.5962
31.7264
31.7706
31.7112
31.5374
31.3551
31.3079
31.3168
31.3952
31.4008
31.3423
31.223
31.2079
31.3544
31.4093
31.3575
31.1983
30.9131
30.6651
30.4781
30.3369
30.2138
30.0943
29.9703
29.8446
29.7108
29.61
29.5513
29.4773
29.3374
29.1385
28.9135
28.7815
28.5437
3.94924
4.01912
4.03031
4.02991
3.98103
3.89808
3.85278
3.85569
3.87561
3.96508
4.25289
4.51113
4.53461
4.49577
4.35002
4.19795
4.10828
4.06176
4.02679
3.98853
3.94963
3.92829
3.92202
3.91902
3.92046
3.92529
3.93159
3.93819
3.94473
3.95157
3.95925
3.9683
3.97906
3.99162
4.00625
4.02332
4.04464
4.07564
4.12477
4.18148
4.21005
4.2235
4.23744
4.25492
4.30026
4.41847
4.49686
4.50516
4.50853
4.49738
4.43558
4.33551
4.28644
4.26879
4.25398
4.25121
4.24738
4.23428
4.2018
4.1992
4.22239
4.29966
4.34084
4.33044
4.32256
4.33929
4.37869
4.46281
4.48224
4.44031
4.3293
4.22006
4.20508
4.22579
4.27946
4.28142
4.23825
4.16476
4.17365
4.26961
4.3067
4.27897
4.18097
4.01592
3.87964
3.78979
3.72763
3.67391
3.61962
3.56178
3.50129
3.43954
3.3976
3.37681
3.34796
3.28939
3.20814
3.12913
3.08387
2.99547
-1.28734
-1.28783
-1.28759
-1.28695
-1.28628
-1.28467
-1.28352
-1.28344
-1.28309
-1.2842
-1.28678
-1.29055
-1.29063
-1.28885
-1.28678
-1.28551
-1.28495
-1.28503
-1.28517
-1.28503
-1.28479
-1.28477
-1.28494
-1.28509
-1.28521
-1.28531
-1.28538
-1.28543
-1.28544
-1.28544
-1.28543
-1.28541
-1.2854
-1.28538
-1.28536
-1.28533
-1.28528
-1.28529
-1.28557
-1.28589
-1.28581
-1.28559
-1.28538
-1.28514
-1.28535
-1.28629
-1.28674
-1.28645
-1.28616
-1.28614
-1.28572
-1.28488
-1.28467
-1.28493
-1.2849
-1.28494
-1.28495
-1.28477
-1.28441
-1.28427
-1.28445
-1.28498
-1.2851
-1.28471
-1.28446
-1.28445
-1.28475
-1.28539
-1.28558
-1.28539
-1.28454
-1.28397
-1.28421
-1.28474
-1.2853
-1.2854
-1.28506
-1.28451
-1.28492
-1.28576
-1.28618
-1.28621
-1.28592
-1.28528
-1.28494
-1.28509
-1.28533
-1.28557
-1.28572
-1.28583
-1.28587
-1.28584
-1.28597
-1.28628
-1.28642
-1.2863
-1.28597
-1.28584
-1.28572
-1.2859
-1.33406
-1.3341
-1.33423
-1.3344
-1.33451
-1.33457
-1.33449
-1.33441
-1.33423
-1.33394
-1.33398
-1.33411
-1.33423
-1.33447
-1.3347
-1.33476
-1.33475
-1.33472
-1.33469
-1.33463
-1.33454
-1.33446
-1.3344
-1.33433
-1.33426
-1.33421
-1.33416
-1.33413
-1.33409
-1.33407
-1.33404
-1.33402
-1.334
-1.33399
-1.33398
-1.33397
-1.33395
-1.33394
-1.33394
-1.33397
-1.33398
-1.334
-1.33399
-1.33393
-1.33383
-1.33387
-1.33385
-1.33393
-1.33395
-1.33402
-1.33401
-1.33397
-1.33382
-1.33374
-1.33362
-1.33354
-1.33347
-1.33342
-1.33336
-1.3333
-1.33322
-1.33323
-1.33324
-1.33328
-1.33331
-1.33326
-1.33323
-1.33334
-1.33335
-1.33349
-1.33353
-1.33349
-1.33349
-1.3335
-1.33358
-1.33366
-1.33374
-1.33372
-1.33375
-1.33381
-1.3339
-1.33406
-1.3341
-1.33416
-1.33415
-1.33416
-1.33418
-1.33423
-1.33426
-1.33429
-1.33429
-1.33426
-1.33424
-1.33423
-1.33419
-1.33423
-1.33413
-1.33416
-1.33406
-1.33411
-1.38201
-1.3822
-1.38217
-1.3821
-1.38194
-1.38166
-1.3814
-1.3813
-1.38132
-1.3815
-1.3821
-1.3828
-1.38297
-1.38278
-1.38243
-1.38212
-1.38192
-1.38185
-1.38181
-1.38174
-1.38165
-1.3816
-1.3816
-1.3816
-1.38159
-1.38159
-1.38159
-1.38158
-1.38157
-1.38155
-1.38154
-1.38152
-1.38151
-1.3815
-1.38148
-1.38147
-1.38146
-1.38147
-1.38154
-1.38161
-1.3816
-1.38157
-1.38151
-1.38146
-1.3815
-1.3817
-1.38181
-1.38179
-1.38173
-1.38172
-1.38159
-1.38138
-1.38124
-1.38122
-1.38115
-1.3811
-1.38106
-1.38097
-1.38085
-1.38079
-1.38079
-1.3809
-1.38093
-1.38087
-1.38084
-1.38083
-1.3809
-1.38109
-1.38114
-1.38118
-1.38104
-1.38091
-1.38097
-1.38109
-1.38125
-1.38133
-1.38133
-1.38124
-1.38136
-1.38156
-1.3817
-1.38181
-1.38179
-1.38172
-1.38165
-1.38169
-1.38176
-1.38185
-1.38191
-1.38196
-1.38197
-1.38195
-1.38196
-1.38198
-1.38197
-1.38196
-1.38183
-1.38182
-1.38173
-1.38179
-1.42732
-1.42743
-1.42745
-1.42742
-1.42732
-1.42715
-1.42698
-1.42692
-1.42694
-1.42708
-1.42747
-1.42787
-1.42799
-1.42787
-1.42774
-1.42755
-1.42739
-1.42732
-1.42726
-1.42719
-1.42711
-1.42708
-1.42706
-1.42705
-1.42704
-1.42703
-1.42702
-1.42701
-1.427
-1.42698
-1.42697
-1.42695
-1.42694
-1.42693
-1.42692
-1.42691
-1.42691
-1.42692
-1.42697
-1.42702
-1.42702
-1.427
-1.42696
-1.42693
-1.42697
-1.42711
-1.42719
-1.42719
-1.42715
-1.42713
-1.42701
-1.42682
-1.4267
-1.42667
-1.4266
-1.42655
-1.4265
-1.42642
-1.42631
-1.42626
-1.42626
-1.42635
-1.42638
-1.42632
-1.42629
-1.42629
-1.42637
-1.42654
-1.42659
-1.42662
-1.42649
-1.42637
-1.42643
-1.42655
-1.42671
-1.42678
-1.42677
-1.42668
-1.42681
-1.42702
-1.42716
-1.42726
-1.42723
-1.42715
-1.42707
-1.42713
-1.4272
-1.42729
-1.42736
-1.42741
-1.42742
-1.42739
-1.42739
-1.42742
-1.42741
-1.42739
-1.42726
-1.42724
-1.42715
-1.42722
-1.47087
-1.47095
-1.47098
-1.47096
-1.4709
-1.47078
-1.47068
-1.47065
-1.47067
-1.47082
-1.47105
-1.47131
-1.47142
-1.47138
-1.47129
-1.47115
-1.47103
-1.47095
-1.47089
-1.47082
-1.47076
-1.47072
-1.4707
-1.47068
-1.47066
-1.47065
-1.47064
-1.47063
-1.47061
-1.4706
-1.47059
-1.47057
-1.47056
-1.47055
-1.47055
-1.47054
-1.47054
-1.47055
-1.47059
-1.47063
-1.47063
-1.47062
-1.47059
-1.47057
-1.47061
-1.47071
-1.47078
-1.47078
-1.47075
-1.47072
-1.47063
-1.47047
-1.47037
-1.47032
-1.47025
-1.4702
-1.47015
-1.47008
-1.46999
-1.46993
-1.46993
-1.46999
-1.47001
-1.46998
-1.46996
-1.46997
-1.47003
-1.47017
-1.47022
-1.47026
-1.47016
-1.47008
-1.47013
-1.47023
-1.47036
-1.47042
-1.47043
-1.47038
-1.47049
-1.47066
-1.47079
-1.47088
-1.47087
-1.47081
-1.47075
-1.47081
-1.47087
-1.47096
-1.47102
-1.47106
-1.47106
-1.47102
-1.47102
-1.47103
-1.47102
-1.47101
-1.47089
-1.47087
-1.47079
-1.47084
-1.5127
-1.51277
-1.51279
-1.51279
-1.51274
-1.51266
-1.5126
-1.51258
-1.51261
-1.51274
-1.51289
-1.51308
-1.51317
-1.51316
-1.5131
-1.513
-1.5129
-1.51282
-1.51276
-1.5127
-1.51264
-1.5126
-1.51258
-1.51255
-1.51254
-1.51252
-1.51251
-1.5125
-1.51249
-1.51247
-1.51246
-1.51245
-1.51244
-1.51243
-1.51243
-1.51242
-1.51242
-1.51244
-1.51247
-1.5125
-1.5125
-1.51249
-1.51248
-1.51247
-1.5125
-1.51258
-1.51263
-1.51264
-1.51261
-1.51258
-1.5125
-1.51237
-1.51227
-1.51222
-1.51215
-1.5121
-1.51204
-1.51198
-1.5119
-1.51185
-1.51185
-1.51189
-1.51191
-1.51188
-1.51187
-1.51188
-1.51194
-1.51206
-1.51211
-1.51215
-1.51208
-1.51202
-1.51207
-1.51215
-1.51226
-1.51233
-1.51234
-1.51231
-1.51241
-1.51256
-1.51267
-1.51276
-1.51276
-1.51272
-1.51268
-1.51273
-1.51279
-1.51288
-1.51293
-1.51295
-1.51294
-1.51291
-1.5129
-1.51291
-1.51289
-1.51288
-1.51277
-1.51275
-1.51267
-1.51271
-1.55287
-1.55293
-1.55295
-1.55295
-1.55292
-1.55287
-1.55283
-1.55282
-1.55287
-1.55295
-1.55306
-1.55321
-1.55329
-1.55329
-1.55325
-1.55317
-1.55309
-1.55302
-1.55296
-1.5529
-1.55285
-1.55281
-1.55278
-1.55276
-1.55274
-1.55273
-1.55271
-1.5527
-1.55269
-1.55268
-1.55266
-1.55265
-1.55264
-1.55264
-1.55263
-1.55263
-1.55263
-1.55265
-1.55267
-1.55269
-1.5527
-1.5527
-1.55269
-1.55269
-1.55272
-1.55277
-1.55282
-1.55283
-1.55281
-1.55277
-1.5527
-1.55259
-1.5525
-1.55244
-1.55238
-1.55232
-1.55227
-1.55221
-1.55214
-1.55209
-1.55208
-1.55212
-1.55213
-1.55211
-1.55211
-1.55212
-1.55218
-1.55228
-1.55233
-1.55236
-1.55232
-1.55228
-1.55232
-1.5524
-1.5525
-1.55256
-1.55258
-1.55256
-1.55265
-1.55279
-1.55289
-1.55298
-1.55297
-1.55296
-1.55293
-1.55298
-1.55304
-1.55311
-1.55314
-1.55315
-1.55315
-1.55312
-1.55311
-1.55311
-1.55309
-1.55307
-1.55297
-1.55295
-1.55288
-1.55291
-1.59144
-1.59149
-1.59152
-1.59152
-1.5915
-1.59147
-1.59145
-1.59144
-1.59149
-1.59155
-1.59164
-1.59175
-1.59182
-1.59183
-1.5918
-1.59174
-1.59167
-1.59161
-1.59155
-1.5915
-1.59145
-1.59141
-1.59138
-1.59136
-1.59134
-1.59132
-1.59131
-1.5913
-1.59129
-1.59127
-1.59126
-1.59125
-1.59124
-1.59124
-1.59124
-1.59124
-1.59124
-1.59125
-1.59127
-1.59129
-1.5913
-1.5913
-1.59129
-1.5913
-1.59132
-1.59137
-1.59141
-1.59141
-1.5914
-1.59136
-1.59129
-1.5912
-1.59112
-1.59106
-1.591
-1.59094
-1.59089
-1.59083
-1.59076
-1.59072
-1.59071
-1.59073
-1.59074
-1.59073
-1.59073
-1.59075
-1.5908
-1.5909
-1.59094
-1.59098
-1.59096
-1.59093
-1.59097
-1.59104
-1.59112
-1.59118
-1.59121
-1.5912
-1.59129
-1.59141
-1.5915
-1.59158
-1.59158
-1.59158
-1.59156
-1.59161
-1.59166
-1.59171
-1.59174
-1.59175
-1.59175
-1.59172
-1.59171
-1.59171
-1.59168
-1.59167
-1.59157
-1.59155
-1.59148
-1.59151
-1.62848
-1.62852
-1.62855
-1.62855
-1.62855
-1.62853
-1.62851
-1.62852
-1.62855
-1.6286
-1.62868
-1.62877
-1.62882
-1.62883
-1.62881
-1.62877
-1.62871
-1.62866
-1.6286
-1.62855
-1.62851
-1.62847
-1.62844
-1.62842
-1.6284
-1.62838
-1.62837
-1.62835
-1.62834
-1.62833
-1.62832
-1.62831
-1.6283
-1.6283
-1.6283
-1.6283
-1.6283
-1.62831
-1.62833
-1.62835
-1.62835
-1.62836
-1.62836
-1.62836
-1.62838
-1.62842
-1.62845
-1.62846
-1.62844
-1.62841
-1.62835
-1.62826
-1.62819
-1.62813
-1.62807
-1.62802
-1.62796
-1.62791
-1.62785
-1.62781
-1.6278
-1.62781
-1.62782
-1.62781
-1.62782
-1.62783
-1.62788
-1.62797
-1.62802
-1.62806
-1.62805
-1.62803
-1.62807
-1.62813
-1.62821
-1.62826
-1.62829
-1.6283
-1.62837
-1.62848
-1.62857
-1.62864
-1.62865
-1.62866
-1.62865
-1.62869
-1.62872
-1.62876
-1.62879
-1.62881
-1.62881
-1.62879
-1.62877
-1.62877
-1.62874
-1.62872
-1.62863
-1.6286
-1.62854
-1.62856
-1.66404
-1.66408
-1.6641
-1.66411
-1.66411
-1.6641
-1.66409
-1.66411
-1.66413
-1.66418
-1.66424
-1.66431
-1.66436
-1.66437
-1.66436
-1.66432
-1.66427
-1.66422
-1.66417
-1.66413
-1.66409
-1.66405
-1.66402
-1.664
-1.66398
-1.66396
-1.66394
-1.66393
-1.66392
-1.66391
-1.6639
-1.66389
-1.66388
-1.66388
-1.66388
-1.66388
-1.66388
-1.66389
-1.66391
-1.66392
-1.66393
-1.66394
-1.66394
-1.66394
-1.66396
-1.664
-1.66402
-1.66403
-1.66401
-1.66398
-1.66393
-1.66385
-1.66378
-1.66372
-1.66366
-1.66361
-1.66356
-1.6635
-1.66345
-1.66341
-1.6634
-1.6634
-1.66341
-1.6634
-1.66341
-1.66343
-1.66348
-1.66356
-1.66361
-1.66365
-1.66365
-1.66365
-1.66368
-1.66374
-1.66381
-1.66387
-1.6639
-1.66391
-1.66398
-1.66408
-1.66415
-1.66423
-1.66424
-1.66426
-1.66425
-1.66427
-1.66429
-1.66434
-1.66437
-1.66439
-1.66439
-1.66437
-1.66435
-1.66434
-1.66431
-1.66429
-1.66421
-1.66418
-1.66412
-1.66413
-1.69819
-1.69822
-1.69824
-1.69825
-1.69825
-1.69825
-1.69825
-1.69827
-1.69829
-1.69833
-1.69838
-1.69844
-1.69848
-1.69849
-1.69848
-1.69845
-1.69841
-1.69837
-1.69832
-1.69828
-1.69824
-1.69821
-1.69818
-1.69815
-1.69813
-1.69812
-1.6981
-1.69809
-1.69808
-1.69806
-1.69806
-1.69805
-1.69804
-1.69804
-1.69804
-1.69804
-1.69804
-1.69805
-1.69806
-1.69808
-1.69809
-1.69809
-1.6981
-1.6981
-1.69812
-1.69815
-1.69817
-1.69818
-1.69816
-1.69813
-1.69808
-1.69801
-1.69795
-1.69789
-1.69784
-1.69778
-1.69773
-1.69768
-1.69763
-1.69759
-1.69758
-1.69758
-1.69758
-1.69758
-1.69759
-1.69761
-1.69765
-1.69773
-1.69778
-1.69783
-1.69783
-1.69784
-1.69788
-1.69793
-1.698
-1.69805
-1.69808
-1.69809
-1.69816
-1.69825
-1.69832
-1.69839
-1.69841
-1.69843
-1.6984
-1.69842
-1.69845
-1.6985
-1.69853
-1.69855
-1.69855
-1.69853
-1.69851
-1.6985
-1.69846
-1.69844
-1.69836
-1.69833
-1.69827
-1.69828
-1.73097
-1.731
-1.73102
-1.73103
-1.73104
-1.73104
-1.73104
-1.73106
-1.73108
-1.73112
-1.73116
-1.73121
-1.73124
-1.73125
-1.73125
-1.73122
-1.73119
-1.73115
-1.73111
-1.73107
-1.73103
-1.731
-1.73097
-1.73095
-1.73093
-1.73091
-1.7309
-1.73088
-1.73087
-1.73086
-1.73085
-1.73084
-1.73084
-1.73083
-1.73083
-1.73083
-1.73084
-1.73085
-1.73086
-1.73087
-1.73088
-1.73089
-1.73089
-1.7309
-1.73092
-1.73094
-1.73096
-1.73096
-1.73095
-1.73092
-1.73088
-1.73081
-1.73075
-1.7307
-1.73064
-1.73059
-1.73054
-1.73049
-1.73044
-1.73041
-1.73039
-1.73039
-1.73039
-1.73038
-1.7304
-1.73042
-1.73046
-1.73053
-1.73059
-1.73063
-1.73065
-1.73066
-1.7307
-1.73075
-1.73081
-1.73086
-1.73089
-1.73091
-1.73097
-1.73105
-1.73112
-1.73119
-1.73121
-1.73121
-1.73118
-1.7312
-1.73124
-1.73129
-1.73132
-1.73135
-1.73135
-1.73132
-1.7313
-1.73129
-1.73125
-1.73122
-1.73115
-1.73112
-1.73106
-1.73106
-1.76244
-1.76247
-1.76249
-1.7625
-1.76251
-1.76251
-1.76252
-1.76254
-1.76256
-1.76259
-1.76263
-1.76267
-1.7627
-1.76271
-1.7627
-1.76269
-1.76266
-1.76262
-1.76258
-1.76255
-1.76251
-1.76248
-1.76246
-1.76243
-1.76241
-1.76239
-1.76238
-1.76237
-1.76235
-1.76234
-1.76233
-1.76233
-1.76232
-1.76232
-1.76232
-1.76232
-1.76232
-1.76233
-1.76234
-1.76236
-1.76236
-1.76237
-1.76238
-1.76239
-1.7624
-1.76242
-1.76244
-1.76244
-1.76243
-1.7624
-1.76236
-1.7623
-1.76225
-1.76219
-1.76214
-1.76209
-1.76204
-1.76199
-1.76194
-1.76191
-1.76188
-1.76188
-1.76188
-1.76188
-1.76189
-1.76191
-1.76196
-1.76203
-1.76208
-1.76213
-1.76216
-1.76217
-1.76221
-1.76226
-1.76232
-1.76236
-1.7624
-1.76242
-1.76247
-1.76255
-1.76261
-1.76268
-1.76269
-1.76268
-1.76265
-1.76268
-1.76271
-1.76277
-1.76281
-1.76283
-1.76283
-1.76281
-1.76279
-1.76277
-1.76273
-1.7627
-1.76263
-1.7626
-1.76254
-1.76254
-1.79266
-1.79269
-1.7927
-1.79272
-1.79273
-1.79273
-1.79274
-1.79276
-1.79278
-1.79281
-1.79284
-1.79288
-1.7929
-1.79291
-1.79291
-1.79289
-1.79287
-1.79284
-1.7928
-1.79277
-1.79274
-1.79271
-1.79268
-1.79266
-1.79264
-1.79262
-1.79261
-1.79259
-1.79258
-1.79257
-1.79256
-1.79255
-1.79255
-1.79255
-1.79254
-1.79255
-1.79255
-1.79256
-1.79257
-1.79258
-1.79259
-1.7926
-1.7926
-1.79261
-1.79263
-1.79264
-1.79266
-1.79266
-1.79265
-1.79262
-1.79259
-1.79253
-1.79248
-1.79243
-1.79238
-1.79232
-1.79228
-1.79223
-1.79218
-1.79215
-1.79212
-1.79212
-1.79212
-1.79212
-1.79213
-1.79215
-1.79219
-1.79226
-1.79232
-1.79237
-1.7924
-1.79243
-1.79247
-1.79251
-1.79257
-1.79261
-1.79264
-1.79266
-1.79272
-1.79279
-1.79285
-1.7929
-1.79289
-1.79288
-1.79286
-1.79289
-1.79293
-1.79299
-1.79303
-1.79306
-1.79306
-1.79304
-1.79301
-1.79299
-1.79295
-1.79292
-1.79285
-1.79282
-1.79277
-1.79276
-1.82167
-1.8217
-1.82171
-1.82173
-1.82174
-1.82175
-1.82176
-1.82177
-1.82179
-1.82182
-1.82185
-1.82188
-1.8219
-1.82191
-1.82191
-1.82189
-1.82187
-1.82184
-1.82181
-1.82178
-1.82175
-1.82173
-1.8217
-1.82168
-1.82166
-1.82164
-1.82163
-1.82161
-1.8216
-1.82159
-1.82158
-1.82157
-1.82157
-1.82157
-1.82157
-1.82157
-1.82157
-1.82158
-1.82159
-1.8216
-1.82161
-1.82162
-1.82162
-1.82163
-1.82164
-1.82166
-1.82167
-1.82167
-1.82166
-1.82164
-1.8216
-1.82155
-1.82151
-1.82145
-1.82141
-1.82135
-1.82131
-1.82126
-1.82121
-1.82118
-1.82115
-1.82115
-1.82115
-1.82114
-1.82116
-1.82118
-1.82122
-1.82129
-1.82134
-1.8214
-1.82144
-1.82147
-1.82151
-1.82156
-1.82161
-1.82165
-1.82168
-1.8217
-1.82175
-1.82181
-1.82187
-1.82191
-1.82189
-1.82188
-1.82187
-1.8219
-1.82195
-1.82201
-1.82206
-1.82208
-1.82208
-1.82206
-1.82203
-1.822
-1.82196
-1.82193
-1.82186
-1.82183
-1.82178
-1.82177
-1.84953
-1.84955
-1.84956
-1.84958
-1.84959
-1.8496
-1.84961
-1.84963
-1.84964
-1.84967
-1.8497
-1.84972
-1.84974
-1.84975
-1.84975
-1.84974
-1.84972
-1.84969
-1.84967
-1.84964
-1.84961
-1.84959
-1.84956
-1.84954
-1.84952
-1.8495
-1.84949
-1.84947
-1.84946
-1.84945
-1.84944
-1.84944
-1.84943
-1.84943
-1.84943
-1.84943
-1.84943
-1.84944
-1.84945
-1.84946
-1.84947
-1.84948
-1.84948
-1.84949
-1.8495
-1.84952
-1.84953
-1.84953
-1.84952
-1.8495
-1.84946
-1.84942
-1.84937
-1.84932
-1.84928
-1.84923
-1.84918
-1.84913
-1.84909
-1.84905
-1.84903
-1.84902
-1.84901
-1.84901
-1.84902
-1.84905
-1.84909
-1.84915
-1.84921
-1.84928
-1.84932
-1.84935
-1.84939
-1.84944
-1.84948
-1.84952
-1.84955
-1.84958
-1.84962
-1.84968
-1.84972
-1.84974
-1.84972
-1.84971
-1.84971
-1.84975
-1.8498
-1.84987
-1.84992
-1.84995
-1.84995
-1.84992
-1.84989
-1.84986
-1.84982
-1.84978
-1.84972
-1.84968
-1.84963
-1.84962
-1.87627
-1.87629
-1.8763
-1.87632
-1.87633
-1.87634
-1.87635
-1.87637
-1.87638
-1.87641
-1.87643
-1.87645
-1.87647
-1.87648
-1.87648
-1.87647
-1.87645
-1.87643
-1.87641
-1.87638
-1.87636
-1.87633
-1.87631
-1.87629
-1.87627
-1.87625
-1.87624
-1.87622
-1.87621
-1.8762
-1.87619
-1.87618
-1.87618
-1.87618
-1.87618
-1.87618
-1.87618
-1.87619
-1.8762
-1.87621
-1.87622
-1.87623
-1.87623
-1.87624
-1.87625
-1.87626
-1.87627
-1.87627
-1.87626
-1.87624
-1.87621
-1.87617
-1.87612
-1.87608
-1.87603
-1.87598
-1.87594
-1.87589
-1.87585
-1.87581
-1.87578
-1.87577
-1.87577
-1.87577
-1.87578
-1.8758
-1.87584
-1.8759
-1.87597
-1.87603
-1.87608
-1.87612
-1.87616
-1.87621
-1.87625
-1.87629
-1.87632
-1.87634
-1.87638
-1.87644
-1.87646
-1.87646
-1.87644
-1.87644
-1.87644
-1.87649
-1.87654
-1.87661
-1.87667
-1.8767
-1.8767
-1.87668
-1.87664
-1.87661
-1.87656
-1.87652
-1.87646
-1.87642
-1.87638
-1.87635
-1.90194
-1.90196
-1.90197
-1.90199
-1.902
-1.90201
-1.90202
-1.90204
-1.90206
-1.90208
-1.9021
-1.90212
-1.90213
-1.90214
-1.90214
-1.90214
-1.90212
-1.9021
-1.90208
-1.90206
-1.90203
-1.90201
-1.90199
-1.90197
-1.90195
-1.90194
-1.90192
-1.90191
-1.90189
-1.90188
-1.90187
-1.90186
-1.90186
-1.90186
-1.90186
-1.90186
-1.90186
-1.90187
-1.90188
-1.90189
-1.9019
-1.9019
-1.90191
-1.90192
-1.90193
-1.90194
-1.90194
-1.90194
-1.90193
-1.90191
-1.90189
-1.90185
-1.90181
-1.90176
-1.90172
-1.90167
-1.90162
-1.90158
-1.90154
-1.9015
-1.90147
-1.90146
-1.90145
-1.90145
-1.90146
-1.90148
-1.90152
-1.90159
-1.90165
-1.90172
-1.90177
-1.90182
-1.90186
-1.90191
-1.90195
-1.90198
-1.90201
-1.90203
-1.90207
-1.90211
-1.90212
-1.90211
-1.90209
-1.90209
-1.9021
-1.90215
-1.90222
-1.90229
-1.90235
-1.90238
-1.90238
-1.90236
-1.90232
-1.90228
-1.90223
-1.9022
-1.90213
-1.90209
-1.90205
-1.90202
-1.92659
-1.9266
-1.92662
-1.92663
-1.92665
-1.92666
-1.92667
-1.92668
-1.9267
-1.92672
-1.92674
-1.92676
-1.92677
-1.92678
-1.92678
-1.92678
-1.92676
-1.92675
-1.92673
-1.92671
-1.92669
-1.92666
-1.92664
-1.92663
-1.92661
-1.92659
-1.92658
-1.92656
-1.92655
-1.92654
-1.92653
-1.92652
-1.92652
-1.92651
-1.92651
-1.92652
-1.92652
-1.92653
-1.92653
-1.92654
-1.92655
-1.92656
-1.92656
-1.92657
-1.92658
-1.92659
-1.92659
-1.92659
-1.92658
-1.92656
-1.92654
-1.9265
-1.92647
-1.92642
-1.92638
-1.92633
-1.92629
-1.92624
-1.9262
-1.92616
-1.92613
-1.92612
-1.92611
-1.92611
-1.92612
-1.92614
-1.92618
-1.92624
-1.92631
-1.92638
-1.92644
-1.92649
-1.92654
-1.92658
-1.92662
-1.92665
-1.92667
-1.9267
-1.92673
-1.92676
-1.92675
-1.92674
-1.92672
-1.92672
-1.92674
-1.92679
-1.92686
-1.92694
-1.92701
-1.92704
-1.92704
-1.92702
-1.92697
-1.92693
-1.92688
-1.92684
-1.92678
-1.92674
-1.9267
-1.92667
-1.95025
-1.95027
-1.95028
-1.95029
-1.95031
-1.95032
-1.95033
-1.95035
-1.95036
-1.95038
-1.9504
-1.95041
-1.95043
-1.95044
-1.95044
-1.95043
-1.95042
-1.95041
-1.95039
-1.95037
-1.95035
-1.95033
-1.95031
-1.9503
-1.95028
-1.95026
-1.95025
-1.95023
-1.95022
-1.95021
-1.9502
-1.95019
-1.95019
-1.95018
-1.95018
-1.95019
-1.95019
-1.9502
-1.9502
-1.95021
-1.95022
-1.95023
-1.95023
-1.95024
-1.95024
-1.95025
-1.95025
-1.95025
-1.95024
-1.95023
-1.95021
-1.95017
-1.95014
-1.9501
-1.95006
-1.95001
-1.94996
-1.94992
-1.94988
-1.94984
-1.94981
-1.94979
-1.94978
-1.94978
-1.94979
-1.94981
-1.94985
-1.94991
-1.94998
-1.95006
-1.95012
-1.95018
-1.95022
-1.95026
-1.9503
-1.95033
-1.95035
-1.95038
-1.9504
-1.95041
-1.95039
-1.95038
-1.95036
-1.95037
-1.95039
-1.95045
-1.95053
-1.95061
-1.95068
-1.95072
-1.95072
-1.95069
-1.95064
-1.9506
-1.95055
-1.9505
-1.95044
-1.9504
-1.95036
-1.95033
-1.98935
-1.99006
-1.97377
-1.98072
-1.97486
-1.97578
-1.97514
-1.9756
-1.97532
-1.97574
-1.97582
-1.97623
-1.97643
-1.97673
-1.97682
-1.97711
-1.97723
-1.97741
-1.9775
-1.97761
-1.97767
-1.9777
-1.97764
-1.97763
-1.97735
-1.97722
-1.97708
-1.97697
-1.97702
-1.97693
-1.97684
-1.9767
-1.97658
-1.97647
-1.9765
-1.97638
-1.97625
-1.97617
-1.97607
-1.97619
-1.9762
-1.9764
-1.97657
-1.97663
-1.97647
-1.97613
-1.97594
-1.97586
-1.97585
-1.97591
-2.01887
-2.01934
-2.00494
-2.01085
-2.00561
-2.00641
-2.00568
-2.00617
-2.00585
-2.00627
-2.00633
-2.00673
-2.00694
-2.00724
-2.00734
-2.00763
-2.00774
-2.0079
-2.00799
-2.00809
-2.00815
-2.00818
-2.00812
-2.00811
-2.00785
-2.00773
-2.00759
-2.00748
-2.00752
-2.00743
-2.00734
-2.00721
-2.0071
-2.00699
-2.00701
-2.00689
-2.00677
-2.0067
-2.0066
-2.00671
-2.00672
-2.00691
-2.00707
-2.00712
-2.00698
-2.00667
-2.00649
-2.00641
-2.0064
-2.00645
-2.04935
-2.04939
-2.03694
-2.04189
-2.03724
-2.03792
-2.03714
-2.03764
-2.03729
-2.0377
-2.03775
-2.03814
-2.03834
-2.03864
-2.03876
-2.03904
-2.03914
-2.0393
-2.03939
-2.03947
-2.03952
-2.03956
-2.0395
-2.03948
-2.03924
-2.03912
-2.03899
-2.03889
-2.03891
-2.03883
-2.03874
-2.03862
-2.03851
-2.03841
-2.03841
-2.0383
-2.03818
-2.03812
-2.03803
-2.03813
-2.03815
-2.03832
-2.03847
-2.03851
-2.03839
-2.03811
-2.03793
-2.03786
-2.03784
-2.03788
-2.08083
-2.08065
-2.06983
-2.07388
-2.06977
-2.07034
-2.06952
-2.07003
-2.06966
-2.07007
-2.07009
-2.07047
-2.07066
-2.07097
-2.07109
-2.07137
-2.07146
-2.07162
-2.0717
-2.07178
-2.07182
-2.07185
-2.0718
-2.07177
-2.07155
-2.07144
-2.07131
-2.07121
-2.07122
-2.07115
-2.07106
-2.07094
-2.07084
-2.07074
-2.07074
-2.07063
-2.07052
-2.07046
-2.07038
-2.07047
-2.07049
-2.07066
-2.07078
-2.07082
-2.07071
-2.07046
-2.07029
-2.07022
-2.0702
-2.07024
-2.11333
-2.11304
-2.10357
-2.10686
-2.10322
-2.10371
-2.10285
-2.10337
-2.10297
-2.10337
-2.10339
-2.10376
-2.10394
-2.10425
-2.10438
-2.10464
-2.10475
-2.10488
-2.10495
-2.10502
-2.10506
-2.10509
-2.10504
-2.10501
-2.10481
-2.1047
-2.10458
-2.10449
-2.10449
-2.10441
-2.10433
-2.10421
-2.10412
-2.10402
-2.10401
-2.10391
-2.1038
-2.10375
-2.10367
-2.10376
-2.10378
-2.10393
-2.10404
-2.10408
-2.10399
-2.10375
-2.1036
-2.10353
-2.10351
-2.10354
-2.14681
-2.14635
-2.13824
-2.14084
-2.13763
-2.13804
-2.13716
-2.13768
-2.13726
-2.13765
-2.13766
-2.13801
-2.1382
-2.1385
-2.13863
-2.1389
-2.139
-2.13912
-2.13918
-2.13925
-2.13928
-2.1393
-2.13925
-2.13922
-2.13904
-2.13894
-2.13882
-2.13874
-2.13872
-2.13865
-2.13857
-2.13846
-2.13837
-2.13827
-2.13826
-2.13816
-2.13806
-2.13801
-2.13794
-2.13802
-2.13804
-2.13819
-2.13829
-2.13832
-2.13824
-2.13803
-2.13788
-2.13781
-2.13779
-2.13782
-2.18136
-2.18083
-2.17383
-2.17588
-2.17302
-2.17338
-2.17247
-2.173
-2.17255
-2.17293
-2.17293
-2.17329
-2.17346
-2.17376
-2.17388
-2.17418
-2.17426
-2.17436
-2.17442
-2.17447
-2.1745
-2.17452
-2.17447
-2.17444
-2.17427
-2.17418
-2.17407
-2.17398
-2.17397
-2.1739
-2.17382
-2.17371
-2.17363
-2.17353
-2.17352
-2.17342
-2.17333
-2.17328
-2.17321
-2.17328
-2.17331
-2.17344
-2.17353
-2.17356
-2.17349
-2.1733
-2.17317
-2.1731
-2.17307
-2.1731
-2.21698
-2.21639
-2.2104
-2.21197
-2.20942
-2.20974
-2.20882
-2.20934
-2.20887
-2.20924
-2.20924
-2.20958
-2.20976
-2.21006
-2.21015
-2.21049
-2.21056
-2.21063
-2.21068
-2.21073
-2.21075
-2.21076
-2.21072
-2.21069
-2.21054
-2.21045
-2.21034
-2.21027
-2.21024
-2.21017
-2.2101
-2.21
-2.20991
-2.20982
-2.2098
-2.2097
-2.20962
-2.20958
-2.20951
-2.20958
-2.20961
-2.20973
-2.20982
-2.20984
-2.20978
-2.20961
-2.20948
-2.20942
-2.20939
-2.20942
-2.25373
-2.25311
-2.24796
-2.24917
-2.24687
-2.24716
-2.24624
-2.24674
-2.24626
-2.24661
-2.24661
-2.24695
-2.24712
-2.24741
-2.2475
-2.24785
-2.24792
-2.24797
-2.24801
-2.24804
-2.24806
-2.24807
-2.24803
-2.248
-2.24786
-2.24778
-2.24768
-2.24761
-2.24758
-2.24751
-2.24744
-2.24735
-2.24727
-2.24718
-2.24715
-2.24706
-2.24698
-2.24694
-2.24688
-2.24694
-2.24697
-2.24708
-2.24716
-2.24719
-2.24713
-2.24697
-2.24686
-2.2468
-2.24678
-2.2468
-2.29158
-2.29097
-2.28656
-2.28748
-2.28539
-2.28567
-2.28475
-2.28524
-2.28475
-2.28507
-2.28507
-2.28539
-2.28559
-2.28586
-2.28598
-2.28629
-2.28638
-2.28641
-2.28643
-2.28646
-2.28647
-2.28648
-2.28644
-2.28641
-2.28628
-2.28621
-2.28611
-2.28604
-2.28601
-2.28594
-2.28587
-2.28579
-2.28571
-2.28563
-2.2856
-2.2855
-2.28543
-2.28539
-2.28533
-2.28539
-2.28543
-2.28553
-2.2856
-2.28562
-2.28557
-2.28544
-2.28533
-2.28527
-2.28525
-2.28527
-2.33059
-2.33002
-2.32623
-2.32693
-2.32503
-2.32529
-2.32439
-2.32486
-2.32436
-2.32465
-2.32465
-2.32495
-2.32518
-2.32543
-2.32559
-2.32585
-2.32597
-2.32597
-2.32598
-2.326
-2.326
-2.326
-2.32597
-2.32594
-2.32583
-2.32576
-2.32567
-2.3256
-2.32556
-2.3255
-2.32544
-2.32535
-2.32528
-2.3252
-2.32517
-2.32508
-2.32501
-2.32497
-2.32492
-2.32497
-2.32501
-2.3251
-2.32517
-2.32519
-2.32515
-2.32502
-2.32493
-2.32488
-2.32485
-2.32487
-2.3708
-2.37028
-2.36701
-2.36755
-2.36581
-2.36606
-2.3652
-2.36562
-2.36514
-2.36539
-2.36538
-2.36572
-2.36589
-2.36616
-2.36635
-2.36657
-2.36672
-2.36669
-2.36669
-2.3667
-2.36669
-2.36669
-2.36666
-2.36663
-2.36653
-2.36647
-2.36638
-2.36632
-2.36628
-2.36622
-2.36616
-2.36608
-2.36601
-2.36593
-2.3659
-2.36581
-2.36574
-2.36571
-2.36566
-2.36571
-2.36575
-2.36584
-2.3659
-2.36592
-2.36588
-2.36577
-2.36569
-2.36563
-2.36561
-2.36563
-2.41223
-2.41176
-2.40896
-2.40937
-2.40778
-2.40801
-2.4072
-2.40758
-2.4071
-2.40731
-2.40732
-2.40763
-2.40782
-2.40808
-2.4083
-2.40848
-2.40864
-2.40862
-2.4086
-2.40859
-2.40857
-2.40857
-2.40854
-2.40852
-2.40843
-2.40837
-2.40829
-2.40823
-2.40819
-2.40813
-2.40807
-2.408
-2.40793
-2.40786
-2.40783
-2.40775
-2.40767
-2.40764
-2.40759
-2.40764
-2.40768
-2.40776
-2.40782
-2.40784
-2.40781
-2.40771
-2.40764
-2.40759
-2.40757
-2.40758
-2.45493
-2.45451
-2.45208
-2.45243
-2.45097
-2.45118
-2.45044
-2.45076
-2.45029
-2.45047
-2.45048
-2.45079
-2.45097
-2.45123
-2.45147
-2.45163
-2.45177
-2.45177
-2.45173
-2.45171
-2.45169
-2.45168
-2.45165
-2.45163
-2.45155
-2.45149
-2.45142
-2.45136
-2.45132
-2.45127
-2.45121
-2.45114
-2.45108
-2.45101
-2.45098
-2.45091
-2.45083
-2.4508
-2.45075
-2.45079
-2.45085
-2.45092
-2.45097
-2.45099
-2.45096
-2.45088
-2.45081
-2.45077
-2.45075
-2.45076
-2.4989
-2.49853
-2.49646
-2.49672
-2.49542
-2.49559
-2.49494
-2.49519
-2.49475
-2.49488
-2.49489
-2.4952
-2.49538
-2.49563
-2.49589
-2.49605
-2.49614
-2.49619
-2.49613
-2.49609
-2.49606
-2.49605
-2.49602
-2.496
-2.49593
-2.49588
-2.49581
-2.49576
-2.49572
-2.49567
-2.49562
-2.49555
-2.4955
-2.49543
-2.49539
-2.49533
-2.49525
-2.49522
-2.49517
-2.49521
-2.49527
-2.49533
-2.49539
-2.49541
-2.49538
-2.49531
-2.49525
-2.49521
-2.49519
-2.4952
-2.54422
-2.54391
-2.54211
-2.54236
-2.54118
-2.54131
-2.54075
-2.54092
-2.54051
-2.5406
-2.54061
-2.54092
-2.54109
-2.54134
-2.54161
-2.54175
-2.54184
-2.54188
-2.54183
-2.54177
-2.54173
-2.54173
-2.54169
-2.54168
-2.54161
-2.54157
-2.5415
-2.54146
-2.54142
-2.54137
-2.54132
-2.54126
-2.54121
-2.54115
-2.54111
-2.54105
-2.54098
-2.54095
-2.54088
-2.54093
-2.541
-2.54106
-2.54111
-2.54112
-2.5411
-2.54104
-2.54099
-2.54095
-2.54094
-2.54094
-2.59087
-2.59058
-2.58907
-2.58927
-2.58825
-2.58832
-2.58791
-2.58802
-2.5876
-2.58765
-2.58768
-2.58797
-2.58814
-2.58839
-2.58865
-2.58879
-2.58889
-2.58889
-2.58888
-2.58881
-2.58875
-2.58874
-2.58871
-2.58869
-2.58863
-2.58859
-2.58853
-2.58849
-2.58845
-2.58841
-2.58836
-2.58831
-2.58826
-2.58821
-2.58817
-2.58811
-2.58804
-2.58801
-2.58793
-2.58798
-2.58807
-2.58812
-2.58817
-2.58818
-2.58817
-2.58812
-2.58807
-2.58804
-2.58802
-2.58803
-2.63896
-2.63876
-2.63746
-2.6376
-2.63674
-2.63673
-2.63648
-2.63649
-2.63608
-2.6361
-2.63613
-2.63641
-2.63658
-2.63681
-2.63706
-2.6372
-2.63729
-2.63727
-2.63729
-2.6372
-2.63714
-2.63713
-2.6371
-2.63708
-2.63703
-2.63699
-2.63694
-2.6369
-2.63687
-2.63683
-2.63679
-2.63674
-2.63669
-2.63664
-2.6366
-2.63655
-2.63648
-2.63645
-2.63637
-2.63641
-2.63651
-2.63656
-2.63661
-2.63662
-2.63661
-2.63657
-2.63653
-2.6365
-2.63648
-2.63649
-2.68836
-2.68819
-2.68712
-2.68732
-2.68655
-2.68649
-2.68646
-2.68641
-2.68597
-2.68596
-2.686
-2.68626
-2.68643
-2.68664
-2.68688
-2.68702
-2.68712
-2.68708
-2.68713
-2.68705
-2.68695
-2.68694
-2.68691
-2.68689
-2.68684
-2.68681
-2.68676
-2.68673
-2.6867
-2.68666
-2.68663
-2.68658
-2.68654
-2.6865
-2.68646
-2.68641
-2.68634
-2.68631
-2.68621
-2.68626
-2.68638
-2.68642
-2.68647
-2.68648
-2.68647
-2.68644
-2.6864
-2.68638
-2.68636
-2.68637
-2.73946
-2.73939
-2.73844
-2.73855
-2.73787
-2.73787
-2.73784
-2.73777
-2.73737
-2.73734
-2.73736
-2.73759
-2.73775
-2.73793
-2.73816
-2.73829
-2.73839
-2.73835
-2.73836
-2.73831
-2.73821
-2.73821
-2.73817
-2.73816
-2.73812
-2.73809
-2.73805
-2.73802
-2.73799
-2.73796
-2.73793
-2.73789
-2.73785
-2.73781
-2.73777
-2.73772
-2.73765
-2.73763
-2.73751
-2.73756
-2.73771
-2.73774
-2.73779
-2.7378
-2.7378
-2.73777
-2.73774
-2.73772
-2.73771
-2.73771
-2.79167
-2.79162
-2.79092
-2.79117
-2.79059
-2.7906
-2.79076
-2.79067
-2.79024
-2.79018
-2.7902
-2.79042
-2.79058
-2.79073
-2.79093
-2.79106
-2.79115
-2.79112
-2.79119
-2.79116
-2.791
-2.79098
-2.79094
-2.79092
-2.79089
-2.79086
-2.79083
-2.79081
-2.79078
-2.79076
-2.79073
-2.7907
-2.79066
-2.79062
-2.79059
-2.79054
-2.79047
-2.79044
-2.79031
-2.79036
-2.79054
-2.79057
-2.79062
-2.79063
-2.79062
-2.7906
-2.79058
-2.79056
-2.79055
-2.79055
-2.84609
-2.8462
-2.84545
-2.84559
-2.845
-2.84503
-2.84514
-2.84506
-2.84473
-2.84468
-2.84466
-2.84483
-2.84495
-2.84507
-2.84525
-2.84535
-2.84544
-2.8454
-2.84538
-2.84538
-2.84529
-2.84528
-2.84525
-2.84524
-2.84521
-2.84519
-2.84516
-2.84514
-2.84512
-2.8451
-2.84508
-2.84505
-2.84502
-2.84499
-2.84495
-2.84491
-2.84484
-2.84481
-2.84465
-2.8447
-2.84493
-2.84495
-2.845
-2.845
-2.845
-2.84498
-2.84497
-2.84495
-2.84495
-2.84495
-2.90101
-2.90115
-2.90091
-2.90123
-2.90087
-2.90076
-2.90121
-2.90112
-2.90072
-2.90063
-2.90061
-2.90082
-2.90091
-2.90102
-2.90116
-2.90124
-2.90134
-2.90133
-2.90151
-2.90149
-2.90125
-2.90121
-2.90116
-2.90114
-2.90111
-2.9011
-2.90108
-2.90106
-2.90105
-2.90103
-2.90101
-2.90099
-2.90097
-2.90094
-2.90091
-2.90087
-2.9008
-2.90076
-2.90054
-2.90063
-2.90091
-2.90093
-2.90097
-2.90097
-2.90097
-2.90096
-2.90095
-2.90094
-2.90093
-2.90093
-2.95936
-2.95946
-2.95888
-2.95895
-2.9586
-2.95864
-2.95866
-2.95863
-2.9585
-2.9585
-2.95846
-2.95848
-2.95855
-2.95861
-2.9587
-2.95876
-2.95878
-2.95877
-2.95862
-2.95868
-2.95868
-2.95871
-2.9587
-2.9587
-2.95868
-2.95867
-2.95865
-2.95864
-2.95863
-2.95862
-2.95861
-2.95859
-2.95857
-2.95855
-2.95852
-2.95849
-2.95843
-2.95841
-2.95829
-2.95826
-2.95855
-2.95856
-2.95858
-2.95858
-2.95858
-2.95857
-2.95857
-2.95856
-2.95856
-2.95856
-3.01635
-3.01732
-3.01755
-3.01794
-3.01786
-3.01744
-3.01814
-3.01812
-3.01777
-3.01759
-3.01753
-3.01777
-3.01785
-3.01789
-3.01792
-3.01795
-3.01799
-3.01801
-3.01867
-3.0186
-3.01809
-3.01799
-3.01791
-3.01788
-3.01785
-3.01785
-3.01784
-3.01783
-3.01783
-3.01782
-3.01781
-3.0178
-3.01777
-3.01774
-3.0177
-3.01764
-3.01753
-3.01743
-3.01674
-3.01704
-3.01784
-3.01787
-3.01788
-3.01789
-3.01788
-3.01788
-3.01788
-3.01788
-3.01787
-3.01787
-1.97594
-1.97604
-1.97611
-1.97623
-1.97634
-1.97647
-1.97661
-1.97676
-1.9769
-1.977
-1.97709
-1.97712
-1.97705
-1.9769
-1.97681
-1.97634
-1.97583
-1.9753
-1.9746
-1.97389
-1.97297
-1.97244
-1.97184
-1.9713
-1.97097
-1.97074
-1.97089
-1.97083
-1.97119
-1.97144
-1.97175
-1.97195
-1.97217
-1.97234
-1.97249
-1.97262
-1.97271
-1.97277
-1.97276
-1.97271
-1.97211
-1.97204
-1.97185
-1.97164
-1.97168
-1.97193
-1.97221
-1.97261
-1.97334
-1.97513
-2.00648
-2.00657
-2.00665
-2.00676
-2.00687
-2.007
-2.00714
-2.00729
-2.00743
-2.00754
-2.00763
-2.00767
-2.00762
-2.00747
-2.00738
-2.00701
-2.00647
-2.00598
-2.00533
-2.00454
-2.00388
-2.00332
-2.00273
-2.00223
-2.00191
-2.00168
-2.00177
-2.0017
-2.00198
-2.00216
-2.00243
-2.00261
-2.00281
-2.00297
-2.00312
-2.00326
-2.00337
-2.00347
-2.00354
-2.00362
-2.00358
-2.00341
-2.00324
-2.00307
-2.00297
-2.00329
-2.00369
-2.00417
-2.00484
-2.00598
-2.03792
-2.03801
-2.03808
-2.03819
-2.0383
-2.03843
-2.03857
-2.03871
-2.03885
-2.03897
-2.03907
-2.03912
-2.03909
-2.03896
-2.03881
-2.03858
-2.03802
-2.03757
-2.0369
-2.03618
-2.03566
-2.03506
-2.03451
-2.03404
-2.03373
-2.0335
-2.03352
-2.03347
-2.03369
-2.03381
-2.03401
-2.03419
-2.03437
-2.03453
-2.03468
-2.03482
-2.03495
-2.03509
-2.03522
-2.03538
-2.03572
-2.03574
-2.03553
-2.03538
-2.03531
-2.03556
-2.03601
-2.03646
-2.03704
-2.03782
-2.07027
-2.07036
-2.07043
-2.07054
-2.07065
-2.07077
-2.07091
-2.07105
-2.0712
-2.07132
-2.07142
-2.07149
-2.07147
-2.07137
-2.07119
-2.071
-2.07053
-2.07003
-2.06941
-2.06883
-2.06829
-2.06771
-2.06719
-2.06675
-2.06645
-2.06622
-2.06619
-2.06614
-2.06629
-2.06642
-2.06656
-2.06672
-2.06687
-2.06702
-2.06717
-2.06732
-2.06747
-2.06763
-2.06781
-2.06802
-2.06832
-2.06866
-2.06866
-2.06849
-2.06849
-2.06877
-2.06904
-2.06933
-2.06973
-2.07022
-2.10358
-2.10366
-2.10373
-2.10383
-2.10394
-2.10406
-2.1042
-2.10434
-2.10449
-2.10462
-2.10473
-2.1048
-2.1048
-2.10472
-2.10457
-2.10434
-2.10398
-2.10343
-2.10294
-2.10239
-2.10184
-2.10129
-2.10081
-2.1004
-2.1001
-2.09987
-2.0998
-2.09977
-2.09982
-2.09995
-2.10007
-2.10022
-2.10034
-2.10048
-2.10062
-2.10078
-2.10094
-2.10112
-2.10132
-2.10155
-2.10184
-2.10219
-2.10254
-2.10232
-2.10246
-2.10279
-2.10279
-2.10295
-2.10319
-2.10347
-2.13785
-2.13793
-2.138
-2.1381
-2.13821
-2.13833
-2.13847
-2.13861
-2.13875
-2.13889
-2.139
-2.13909
-2.1391
-2.13905
-2.13891
-2.1387
-2.13837
-2.13786
-2.13741
-2.13687
-2.13636
-2.13585
-2.13539
-2.135
-2.13471
-2.13448
-2.13439
-2.13436
-2.13435
-2.13445
-2.13455
-2.13468
-2.13479
-2.13493
-2.13507
-2.13522
-2.13539
-2.13557
-2.13577
-2.136
-2.13626
-2.13657
-2.13696
-2.13726
-2.13736
-2.13726
-2.13725
-2.13734
-2.13748
-2.13763
-2.17313
-2.17321
-2.17328
-2.17338
-2.17348
-2.1736
-2.17373
-2.17387
-2.17402
-2.17416
-2.17428
-2.17438
-2.17441
-2.17437
-2.17426
-2.17407
-2.17376
-2.1733
-2.17287
-2.17236
-2.17188
-2.1714
-2.17097
-2.17059
-2.1703
-2.17009
-2.16997
-2.16992
-2.1699
-2.16998
-2.17004
-2.17014
-2.17026
-2.17038
-2.17052
-2.17067
-2.17084
-2.17101
-2.1712
-2.17139
-2.1716
-2.17183
-2.17207
-2.17227
-2.17239
-2.17243
-2.1725
-2.17258
-2.17268
-2.17276
-2.20945
-2.20952
-2.20959
-2.20968
-2.20978
-2.2099
-2.21003
-2.21017
-2.21032
-2.21046
-2.21059
-2.21069
-2.21074
-2.21073
-2.21064
-2.21047
-2.21019
-2.20977
-2.20936
-2.20888
-2.20843
-2.20797
-2.20756
-2.2072
-2.20692
-2.2067
-2.20658
-2.20651
-2.20649
-2.20653
-2.20659
-2.20665
-2.20677
-2.20688
-2.20702
-2.20716
-2.20731
-2.20748
-2.20764
-2.2078
-2.20795
-2.20809
-2.20822
-2.20831
-2.20847
-2.20861
-2.20873
-2.20883
-2.20892
-2.20896
-2.24682
-2.24689
-2.24696
-2.24705
-2.24714
-2.24726
-2.24739
-2.24753
-2.24767
-2.24782
-2.24795
-2.24807
-2.24814
-2.24815
-2.24808
-2.24794
-2.24768
-2.2473
-2.24691
-2.24646
-2.24603
-2.2456
-2.24521
-2.24486
-2.24459
-2.24437
-2.24424
-2.24415
-2.24413
-2.24412
-2.24418
-2.24423
-2.24435
-2.24445
-2.24458
-2.24471
-2.24485
-2.245
-2.24513
-2.24526
-2.24536
-2.24543
-2.24548
-2.24533
-2.24566
-2.24587
-2.24604
-2.24616
-2.24626
-2.24631
-2.2853
-2.28536
-2.28542
-2.28551
-2.2856
-2.28571
-2.28584
-2.28598
-2.28612
-2.28627
-2.28641
-2.28654
-2.28663
-2.28666
-2.28662
-2.2865
-2.28627
-2.28592
-2.28555
-2.28513
-2.28472
-2.28431
-2.28393
-2.28361
-2.28334
-2.28313
-2.28298
-2.28288
-2.28285
-2.28283
-2.28288
-2.28291
-2.283
-2.2831
-2.28322
-2.28335
-2.28348
-2.28361
-2.28372
-2.28382
-2.28389
-2.28389
-2.28394
-2.28397
-2.28409
-2.28432
-2.28453
-2.28465
-2.28475
-2.28482
-2.32489
-2.32496
-2.32501
-2.3251
-2.32519
-2.32529
-2.32542
-2.32555
-2.3257
-2.32585
-2.32599
-2.32614
-2.32623
-2.3263
-2.32628
-2.32619
-2.32598
-2.32566
-2.32531
-2.32491
-2.32452
-2.32413
-2.32378
-2.32346
-2.3232
-2.32299
-2.32284
-2.32274
-2.32269
-2.32267
-2.3227
-2.32272
-2.32277
-2.32289
-2.32299
-2.32311
-2.32323
-2.32335
-2.32346
-2.32355
-2.32361
-2.32359
-2.32372
-2.32386
-2.32398
-2.3241
-2.32427
-2.32435
-2.32443
-2.3245
-2.36565
-2.36571
-2.36576
-2.36584
-2.36593
-2.36603
-2.36615
-2.36628
-2.36643
-2.36658
-2.36673
-2.36688
-2.367
-2.36709
-2.36709
-2.36704
-2.36686
-2.36656
-2.36623
-2.36585
-2.36548
-2.36511
-2.36477
-2.36447
-2.36421
-2.364
-2.36385
-2.36374
-2.36368
-2.36365
-2.36365
-2.36369
-2.36372
-2.36382
-2.36391
-2.36402
-2.36413
-2.36425
-2.36437
-2.36449
-2.36461
-2.36458
-2.36476
-2.36491
-2.36505
-2.36517
-2.36521
-2.36524
-2.3653
-2.36535
-2.4076
-2.40765
-2.40771
-2.40778
-2.40786
-2.40796
-2.40807
-2.4082
-2.40834
-2.4085
-2.40865
-2.40882
-2.40895
-2.40907
-2.4091
-2.40908
-2.40892
-2.40865
-2.40834
-2.40798
-2.40762
-2.40727
-2.40694
-2.40665
-2.4064
-2.4062
-2.40604
-2.40593
-2.40586
-2.40582
-2.4058
-2.40585
-2.40586
-2.40593
-2.40603
-2.40613
-2.40623
-2.40635
-2.40649
-2.40663
-2.40682
-2.40697
-2.40701
-2.40715
-2.4073
-2.40733
-2.4073
-2.40731
-2.40734
-2.40738
-2.45078
-2.45083
-2.45088
-2.45095
-2.45102
-2.45112
-2.45123
-2.45135
-2.45149
-2.45164
-2.4518
-2.45197
-2.45212
-2.45226
-2.45232
-2.45235
-2.45222
-2.45196
-2.45167
-2.45132
-2.45098
-2.45064
-2.45033
-2.45005
-2.44981
-2.44961
-2.44946
-2.44934
-2.44926
-2.44921
-2.44919
-2.44922
-2.44923
-2.44927
-2.44936
-2.44945
-2.44955
-2.44967
-2.4498
-2.44995
-2.45015
-2.45042
-2.45046
-2.45059
-2.45064
-2.45058
-2.45056
-2.45057
-2.45059
-2.45061
-2.49522
-2.49526
-2.49531
-2.49538
-2.49545
-2.49554
-2.49564
-2.49576
-2.49589
-2.49604
-2.4962
-2.49638
-2.49654
-2.49672
-2.49681
-2.49689
-2.49678
-2.49653
-2.49626
-2.49593
-2.4956
-2.49527
-2.49497
-2.49471
-2.49447
-2.49428
-2.49412
-2.494
-2.49392
-2.49387
-2.49384
-2.49384
-2.49386
-2.49388
-2.49395
-2.49403
-2.49412
-2.49422
-2.49433
-2.49447
-2.49463
-2.49482
-2.49499
-2.49504
-2.49502
-2.495
-2.49501
-2.49502
-2.49505
-2.49508
-2.54096
-2.541
-2.54104
-2.54111
-2.54117
-2.54125
-2.54135
-2.54146
-2.54159
-2.54174
-2.5419
-2.54209
-2.54226
-2.54247
-2.54258
-2.54272
-2.54265
-2.54241
-2.54215
-2.54182
-2.54151
-2.54119
-2.54091
-2.54065
-2.54043
-2.54024
-2.54008
-2.53996
-2.53988
-2.53981
-2.53978
-2.53977
-2.53978
-2.53978
-2.53983
-2.53989
-2.53997
-2.54005
-2.54015
-2.54025
-2.54036
-2.54048
-2.54059
-2.54064
-2.54067
-2.54069
-2.54071
-2.54074
-2.54078
-2.54081
-2.58804
-2.58808
-2.58812
-2.58817
-2.58823
-2.58831
-2.5884
-2.58851
-2.58863
-2.58877
-2.58893
-2.58912
-2.5893
-2.58954
-2.58969
-2.5899
-2.58986
-2.58962
-2.58937
-2.58905
-2.58874
-2.58844
-2.58817
-2.58792
-2.58771
-2.58753
-2.58738
-2.58726
-2.58716
-2.5871
-2.58705
-2.58703
-2.58703
-2.58703
-2.58705
-2.58709
-2.58714
-2.58722
-2.58729
-2.58736
-2.58744
-2.58752
-2.58758
-2.58764
-2.58767
-2.58771
-2.58774
-2.58778
-2.58782
-2.58786
-2.6365
-2.63654
-2.63657
-2.63662
-2.63667
-2.63674
-2.63682
-2.63692
-2.63704
-2.63717
-2.63732
-2.63752
-2.63771
-2.63798
-2.63816
-2.63847
-2.63847
-2.6382
-2.63796
-2.63764
-2.63735
-2.63706
-2.6368
-2.63656
-2.63636
-2.63618
-2.63604
-2.63592
-2.63583
-2.63575
-2.6357
-2.63567
-2.63566
-2.63565
-2.63563
-2.63568
-2.63569
-2.63574
-2.6358
-2.63585
-2.6359
-2.63595
-2.636
-2.63604
-2.63608
-2.63611
-2.63615
-2.63618
-2.63622
-2.63627
-2.68638
-2.68641
-2.68644
-2.68648
-2.68653
-2.68659
-2.68667
-2.68676
-2.68686
-2.68699
-2.68713
-2.68732
-2.68751
-2.68781
-2.68803
-2.68846
-2.68851
-2.68821
-2.68797
-2.68765
-2.68736
-2.68708
-2.68684
-2.68661
-2.68642
-2.68625
-2.68611
-2.686
-2.6859
-2.68583
-2.68577
-2.68573
-2.6857
-2.68568
-2.68565
-2.68566
-2.68569
-2.68568
-2.68571
-2.68576
-2.68579
-2.68582
-2.68584
-2.68587
-2.6859
-2.68593
-2.68595
-2.68598
-2.68602
-2.68605
-2.73772
-2.73774
-2.73777
-2.73781
-2.73785
-2.7379
-2.73797
-2.73805
-2.73814
-2.73825
-2.73839
-2.73857
-2.73876
-2.73909
-2.73933
-2.73993
-2.74004
-2.73967
-2.73944
-2.73911
-2.73883
-2.73856
-2.73832
-2.73812
-2.73793
-2.73778
-2.73764
-2.73753
-2.73744
-2.73736
-2.73729
-2.73724
-2.7372
-2.73717
-2.73714
-2.73711
-2.73713
-2.73712
-2.73711
-2.73713
-2.73714
-2.73715
-2.73717
-2.73718
-2.7372
-2.73721
-2.73723
-2.73725
-2.73728
-2.7373
-2.79056
-2.79058
-2.7906
-2.79064
-2.79067
-2.79072
-2.79077
-2.79084
-2.79091
-2.79102
-2.79113
-2.7913
-2.79148
-2.79183
-2.7921
-2.79293
-2.79313
-2.79264
-2.79241
-2.79206
-2.79178
-2.79153
-2.79131
-2.79111
-2.79095
-2.7908
-2.79067
-2.79057
-2.79047
-2.79039
-2.79032
-2.79026
-2.79021
-2.79017
-2.79013
-2.79008
-2.79007
-2.79005
-2.79002
-2.79
-2.79001
-2.79
-2.78999
-2.78999
-2.78998
-2.78998
-2.78998
-2.78998
-2.78998
-2.78999
-2.84495
-2.84497
-2.84499
-2.84501
-2.84504
-2.84507
-2.84512
-2.84517
-2.84523
-2.84532
-2.84542
-2.84556
-2.84573
-2.84608
-2.84636
-2.84752
-2.84782
-2.84715
-2.84691
-2.84654
-2.84627
-2.84603
-2.84582
-2.84565
-2.8455
-2.84536
-2.84525
-2.84514
-2.84505
-2.84497
-2.8449
-2.84483
-2.84477
-2.84471
-2.84466
-2.8446
-2.84456
-2.84453
-2.8445
-2.84445
-2.84443
-2.84443
-2.84441
-2.8444
-2.84439
-2.84439
-2.84438
-2.84438
-2.84439
-2.84439
-2.90094
-2.90095
-2.90096
-2.90098
-2.901
-2.90102
-2.90106
-2.90109
-2.90114
-2.9012
-2.90128
-2.90139
-2.90152
-2.90185
-2.90213
-2.90371
-2.90419
-2.90322
-2.90297
-2.90258
-2.90232
-2.9021
-2.90192
-2.90176
-2.90163
-2.90151
-2.90141
-2.90132
-2.90124
-2.90116
-2.90108
-2.90101
-2.90094
-2.90087
-2.9008
-2.90073
-2.90066
-2.9006
-2.90054
-2.90048
-2.90042
-2.90037
-2.90031
-2.90026
-2.9002
-2.90015
-2.9001
-2.90005
-2.90001
-2.89998
-2.95856
-2.95857
-2.95857
-2.95858
-2.9586
-2.95861
-2.95863
-2.95865
-2.95868
-2.95872
-2.95876
-2.95883
-2.95891
-2.95914
-2.95936
-2.96168
-2.96273
-2.96112
-2.96081
-2.96037
-2.9601
-2.95987
-2.95969
-2.95954
-2.95941
-2.9593
-2.95919
-2.9591
-2.959
-2.95892
-2.95884
-2.95876
-2.95868
-2.95861
-2.95854
-2.95848
-2.95842
-2.95835
-2.9583
-2.95826
-2.95823
-2.95821
-2.95821
-2.9582
-2.9582
-2.95821
-2.95822
-2.95823
-2.95825
-2.95826
-3.01788
-3.01788
-3.01788
-3.01788
-3.01789
-3.01789
-3.0179
-3.0179
-3.01791
-3.01793
-3.01794
-3.01796
-3.018
-3.01819
-3.01863
-3.02391
-3.02473
-3.02183
-3.02115
-3.02058
-3.02023
-3.01997
-3.01979
-3.01964
-3.01952
-3.01941
-3.01931
-3.01921
-3.0191
-3.01899
-3.01887
-3.01874
-3.01859
-3.01844
-3.01827
-3.01811
-3.01793
-3.01774
-3.01755
-3.01737
-3.01716
-3.01696
-3.01677
-3.01659
-3.01641
-3.01625
-3.01608
-3.01593
-3.01579
-3.01565
-1.98178
-1.98162
-1.98066
-1.98026
-1.9799
-1.97953
-1.97918
-1.97886
-1.97858
-1.97834
-1.97815
-1.97799
-1.97785
-1.97773
-1.97761
-1.97749
-1.97734
-1.97717
-1.97692
-1.97655
-1.97602
-1.97525
-1.97411
-1.97236
-1.96987
-1.9672
-1.96559
-1.96506
-1.96558
-1.96689
-1.9686
-1.97028
-1.97162
-1.97261
-1.97331
-1.97379
-1.9741
-1.9743
-1.97441
-1.97445
-1.97444
-1.97438
-1.97429
-1.97416
-1.974
-1.97381
-1.97361
-1.97333
-1.97266
-1.97231
-2.00831
-2.00935
-2.00961
-2.00965
-2.00954
-2.00934
-2.00911
-2.00889
-2.00869
-2.00851
-2.00836
-2.00823
-2.00811
-2.008
-2.00788
-2.00775
-2.0076
-2.0074
-2.00713
-2.00677
-2.00625
-2.00549
-2.00437
-2.00279
-2.00053
-1.99806
-1.9965
-1.99601
-1.9965
-1.99773
-1.99932
-2.00088
-2.00209
-2.00302
-2.00368
-2.00416
-2.00449
-2.00471
-2.00485
-2.00493
-2.00496
-2.00495
-2.00491
-2.00485
-2.00477
-2.00468
-2.00463
-2.00464
-2.00473
-2.00522
-2.03884
-2.03949
-2.03982
-2.03998
-2.04002
-2.03998
-2.0399
-2.03979
-2.03967
-2.03955
-2.03944
-2.03934
-2.03924
-2.03914
-2.03903
-2.0389
-2.03875
-2.03855
-2.0383
-2.03794
-2.03745
-2.03675
-2.03573
-2.03436
-2.03215
-2.0297
-2.02842
-2.02797
-2.02821
-2.02937
-2.03098
-2.0325
-2.03363
-2.03447
-2.03508
-2.03553
-2.03585
-2.03608
-2.03623
-2.03634
-2.0364
-2.03643
-2.03645
-2.03645
-2.03646
-2.03648
-2.03653
-2.03664
-2.03683
-2.03719
-2.07075
-2.07116
-2.07143
-2.0716
-2.07169
-2.07171
-2.07169
-2.07164
-2.07158
-2.07152
-2.07144
-2.07137
-2.0713
-2.07122
-2.07113
-2.07102
-2.07088
-2.07071
-2.07048
-2.07017
-2.06976
-2.06919
-2.0684
-2.06731
-2.06503
-2.06297
-2.06241
-2.06208
-2.06183
-2.06237
-2.0637
-2.06532
-2.06636
-2.06706
-2.06759
-2.06798
-2.06826
-2.06846
-2.06862
-2.06873
-2.06881
-2.06887
-2.06891
-2.06896
-2.06901
-2.06908
-2.06917
-2.06932
-2.06951
-2.06979
-2.10375
-2.104
-2.10418
-2.10431
-2.10439
-2.10444
-2.10446
-2.10446
-2.10444
-2.10442
-2.10438
-2.10435
-2.1043
-2.10425
-2.10418
-2.1041
-2.10399
-2.10385
-2.10367
-2.10343
-2.10312
-2.10273
-2.10223
-2.10161
-2.0995
-2.09917
-2.09912
-2.09893
-2.0984
-2.09769
-2.09797
-2.09955
-2.10034
-2.10081
-2.1012
-2.10148
-2.1017
-2.10187
-2.102
-2.10211
-2.10219
-2.10226
-2.10233
-2.1024
-2.10248
-2.10257
-2.10268
-2.10283
-2.103
-2.10321
-2.13779
-2.13792
-2.13801
-2.13808
-2.13814
-2.13819
-2.13823
-2.13826
-2.13828
-2.1383
-2.1383
-2.1383
-2.13829
-2.13827
-2.13823
-2.13818
-2.1381
-2.138
-2.13788
-2.13772
-2.13753
-2.13732
-2.13713
-2.13708
-2.1364
-2.13653
-2.13697
-2.13702
-2.13607
-2.13475
-2.13381
-2.13528
-2.13557
-2.13574
-2.13591
-2.13605
-2.13618
-2.13629
-2.1364
-2.13649
-2.13657
-2.13665
-2.13672
-2.1368
-2.13689
-2.13699
-2.1371
-2.13724
-2.13739
-2.13756
-2.17283
-2.17289
-2.17288
-2.17287
-2.17291
-2.17295
-2.17301
-2.17307
-2.17313
-2.17319
-2.17324
-2.17327
-2.1733
-2.17331
-2.1733
-2.17328
-2.17324
-2.17319
-2.17311
-2.17302
-2.17294
-2.17287
-2.17289
-2.17313
-2.17428
-2.17435
-2.17429
-2.1739
-2.17383
-2.17257
-2.17162
-2.17227
-2.17189
-2.1717
-2.17164
-2.17165
-2.17169
-2.17175
-2.17182
-2.17189
-2.17196
-2.17203
-2.17211
-2.17219
-2.17228
-2.17238
-2.17248
-2.1726
-2.17273
-2.17287
-2.20901
-2.20902
-2.20869
-2.20864
-2.20866
-2.20871
-2.2088
-2.20891
-2.20903
-2.20913
-2.20922
-2.2093
-2.20936
-2.2094
-2.20943
-2.20944
-2.20944
-2.20942
-2.20939
-2.20936
-2.20934
-2.20935
-2.20945
-2.2097
-2.2104
-2.2109
-2.21068
-2.21053
-2.21092
-2.21108
-2.21069
-2.20959
-2.20883
-2.20848
-2.20831
-2.20823
-2.20822
-2.20823
-2.20827
-2.20832
-2.20838
-2.20845
-2.20852
-2.20859
-2.20868
-2.20877
-2.20887
-2.20897
-2.20908
-2.2092
-2.24633
-2.24633
-2.24632
-2.24542
-2.24522
-2.24575
-2.24564
-2.24582
-2.246
-2.24616
-2.2463
-2.24642
-2.24652
-2.24659
-2.24665
-2.24669
-2.24671
-2.24672
-2.24673
-2.24674
-2.24675
-2.2468
-2.24691
-2.24711
-2.24752
-2.24781
-2.24777
-2.24773
-2.24788
-2.248
-2.24763
-2.2469
-2.24638
-2.24607
-2.24588
-2.24579
-2.24575
-2.24574
-2.24576
-2.2458
-2.24585
-2.24591
-2.24597
-2.24605
-2.24612
-2.24621
-2.24629
-2.24639
-2.24648
-2.24658
-2.28486
-2.28488
-2.28493
-2.28491
-2.28429
-2.28395
-2.28396
-2.28393
-2.28412
-2.28435
-2.28454
-2.28469
-2.28482
-2.28491
-2.28499
-2.28505
-2.2851
-2.28513
-2.28516
-2.28519
-2.28523
-2.28529
-2.28539
-2.28554
-2.28578
-2.28595
-2.28596
-2.28594
-2.28596
-2.28592
-2.28565
-2.28521
-2.28484
-2.2846
-2.28444
-2.28435
-2.28431
-2.28431
-2.28432
-2.28435
-2.2844
-2.28445
-2.28451
-2.28458
-2.28465
-2.28472
-2.2848
-2.28488
-2.28496
-2.28505
-2.32455
-2.3246
-2.32466
-2.32475
-2.32475
-2.32435
-2.32399
-2.32363
-2.32357
-2.32377
-2.32399
-2.32417
-2.3243
-2.32441
-2.3245
-2.32457
-2.32463
-2.32468
-2.32472
-2.32476
-2.32481
-2.32487
-2.32495
-2.32506
-2.3252
-2.3253
-2.32532
-2.32529
-2.32525
-2.32515
-2.32492
-2.3246
-2.32432
-2.32415
-2.32403
-2.32398
-2.32395
-2.32396
-2.32398
-2.32401
-2.32405
-2.3241
-2.32416
-2.32422
-2.32428
-2.32435
-2.32442
-2.32449
-2.32457
-2.32464
-2.36539
-2.36544
-2.3655
-2.36557
-2.36564
-2.36564
-2.36535
-2.36495
-2.36453
-2.36451
-2.36471
-2.36489
-2.36502
-2.36513
-2.36522
-2.36529
-2.36534
-2.36539
-2.36544
-2.36548
-2.36553
-2.36558
-2.36565
-2.36572
-2.36581
-2.36587
-2.36587
-2.36583
-2.36576
-2.36563
-2.36542
-2.36512
-2.36489
-2.36476
-2.36471
-2.3647
-2.36471
-2.36473
-2.36477
-2.36481
-2.36485
-2.3649
-2.36496
-2.36501
-2.36507
-2.36513
-2.36519
-2.36526
-2.36532
-2.36538
-2.40742
-2.40746
-2.4075
-2.40756
-2.40761
-2.40768
-2.40766
-2.4073
-2.40687
-2.40677
-2.40678
-2.40692
-2.40702
-2.4071
-2.40717
-2.40722
-2.40727
-2.40731
-2.40735
-2.40739
-2.40743
-2.40748
-2.40753
-2.40758
-2.40763
-2.40766
-2.40765
-2.40761
-2.40752
-2.40739
-2.40717
-2.40681
-2.40654
-2.40648
-2.40651
-2.40657
-2.40663
-2.40668
-2.40673
-2.40678
-2.40683
-2.40688
-2.40694
-2.40699
-2.40704
-2.4071
-2.40715
-2.40721
-2.40727
-2.40732
-2.45064
-2.45068
-2.45072
-2.45077
-2.45082
-2.45087
-2.45093
-2.45091
-2.45047
-2.45021
-2.45017
-2.45025
-2.45031
-2.45035
-2.45039
-2.45042
-2.45045
-2.45047
-2.4505
-2.45053
-2.45056
-2.45059
-2.45063
-2.45066
-2.45069
-2.45071
-2.4507
-2.45066
-2.45059
-2.45048
-2.45031
-2.44979
-2.44938
-2.44946
-2.44949
-2.44965
-2.44977
-2.44986
-2.44993
-2.44999
-2.45004
-2.45009
-2.45014
-2.45019
-2.45024
-2.45029
-2.45034
-2.45039
-2.45044
-2.45049
-2.49511
-2.49515
-2.4952
-2.49525
-2.49531
-2.49537
-2.49546
-2.49563
-2.49501
-2.49494
-2.49497
-2.49494
-2.49491
-2.4949
-2.49489
-2.49489
-2.49489
-2.4949
-2.49491
-2.49493
-2.49495
-2.49497
-2.49499
-2.49502
-2.49504
-2.49505
-2.49504
-2.49502
-2.49497
-2.49491
-2.49484
-2.49468
-2.49429
-2.49404
-2.49396
-2.49407
-2.49424
-2.49435
-2.49442
-2.49447
-2.49452
-2.49457
-2.49461
-2.49465
-2.4947
-2.49474
-2.49478
-2.49483
-2.49487
-2.49491
-2.54085
-2.5409
-2.54096
-2.54102
-2.5411
-2.54118
-2.54129
-2.54146
-2.54092
-2.54099
-2.54111
-2.54092
-2.54081
-2.54075
-2.5407
-2.54067
-2.54064
-2.54063
-2.54062
-2.54062
-2.54063
-2.54064
-2.54066
-2.54067
-2.54069
-2.5407
-2.5407
-2.54069
-2.54068
-2.54067
-2.54066
-2.54074
-2.54062
-2.54025
-2.54001
-2.53997
-2.54014
-2.54021
-2.54025
-2.54029
-2.54032
-2.54035
-2.54039
-2.54042
-2.54046
-2.54049
-2.54053
-2.54057
-2.54061
-2.54064
-2.58791
-2.58796
-2.58803
-2.5881
-2.5882
-2.58831
-2.58847
-2.58869
-2.58806
-2.58848
-2.58843
-2.58817
-2.58802
-2.58791
-2.58782
-2.58776
-2.58771
-2.58768
-2.58766
-2.58765
-2.58765
-2.58765
-2.58766
-2.58767
-2.58768
-2.58769
-2.5877
-2.58771
-2.58772
-2.58773
-2.58775
-2.58781
-2.58787
-2.58772
-2.58743
-2.58735
-2.58746
-2.58746
-2.58745
-2.58746
-2.58747
-2.58748
-2.5875
-2.58753
-2.58755
-2.58758
-2.58761
-2.58765
-2.58768
-2.58771
-2.63632
-2.63637
-2.63644
-2.63653
-2.63663
-2.63676
-2.63695
-2.63724
-2.63684
-2.63726
-2.63693
-2.63668
-2.6365
-2.63637
-2.63626
-2.63619
-2.63613
-2.63609
-2.63606
-2.63604
-2.63603
-2.63603
-2.63603
-2.63604
-2.63605
-2.63606
-2.63608
-2.6361
-2.63612
-2.63615
-2.63619
-2.63625
-2.63633
-2.63643
-2.63603
-2.63614
-2.63611
-2.63604
-2.63601
-2.63598
-2.63598
-2.63598
-2.63598
-2.636
-2.63602
-2.63604
-2.63607
-2.6361
-2.63613
-2.63616
-2.68609
-2.68614
-2.68619
-2.68626
-2.68634
-2.68644
-2.68657
-2.68674
-2.68689
-2.68676
-2.68655
-2.68638
-2.68625
-2.68614
-2.68605
-2.68598
-2.68592
-2.68588
-2.68585
-2.68583
-2.68581
-2.68581
-2.68581
-2.68582
-2.68583
-2.68584
-2.68586
-2.68589
-2.68592
-2.68596
-2.68601
-2.68608
-2.68616
-2.68626
-2.68593
-2.6863
-2.68612
-2.68601
-2.68594
-2.6859
-2.68587
-2.68586
-2.68586
-2.68587
-2.68588
-2.68591
-2.68593
-2.68596
-2.68599
-2.68602
-2.73733
-2.73736
-2.73739
-2.73743
-2.73748
-2.73753
-2.73759
-2.73766
-2.7377
-2.73765
-2.73757
-2.73748
-2.73739
-2.73732
-2.73725
-2.73719
-2.73714
-2.73711
-2.73708
-2.73706
-2.73705
-2.73704
-2.73704
-2.73705
-2.73706
-2.73708
-2.7371
-2.73713
-2.73717
-2.73721
-2.73728
-2.73735
-2.73746
-2.7375
-2.73758
-2.73756
-2.73741
-2.73731
-2.73725
-2.73721
-2.73718
-2.73717
-2.73717
-2.73718
-2.7372
-2.73722
-2.73725
-2.73728
-2.73731
-2.73734
-2.79
-2.79001
-2.79003
-2.79005
-2.79007
-2.79009
-2.79012
-2.79014
-2.79015
-2.79013
-2.79009
-2.79004
-2.79
-2.78995
-2.7899
-2.78986
-2.78983
-2.7898
-2.78978
-2.78977
-2.78976
-2.78976
-2.78976
-2.78976
-2.78978
-2.78979
-2.78982
-2.78985
-2.78988
-2.78993
-2.78998
-2.79005
-2.79014
-2.79026
-2.79026
-2.79018
-2.79009
-2.79002
-2.78997
-2.78993
-2.78991
-2.7899
-2.78991
-2.78993
-2.78995
-2.78999
-2.79003
-2.79007
-2.79011
-2.79015
-2.84439
-2.84439
-2.8444
-2.8444
-2.8444
-2.8444
-2.8444
-2.84439
-2.84438
-2.84436
-2.84432
-2.84429
-2.84425
-2.84421
-2.84418
-2.84414
-2.84411
-2.84409
-2.84407
-2.84405
-2.84404
-2.84404
-2.84404
-2.84404
-2.84405
-2.84407
-2.84409
-2.84412
-2.84415
-2.84418
-2.84423
-2.84428
-2.84433
-2.84439
-2.84442
-2.84438
-2.84433
-2.8443
-2.84427
-2.84425
-2.84424
-2.84424
-2.84425
-2.84428
-2.84433
-2.84438
-2.84444
-2.84449
-2.84454
-2.84458
-2.89995
-2.89992
-2.89991
-2.89989
-2.89988
-2.89987
-2.89987
-2.89986
-2.89985
-2.89984
-2.89983
-2.89982
-2.8998
-2.89979
-2.89978
-2.89977
-2.89977
-2.89977
-2.89977
-2.89977
-2.89978
-2.89979
-2.8998
-2.89982
-2.89983
-2.89985
-2.89987
-2.89988
-2.8999
-2.89992
-2.89994
-2.89996
-2.89998
-2.89999
-2.89999
-2.89996
-2.89992
-2.89988
-2.89984
-2.89981
-2.89979
-2.89979
-2.89979
-2.89983
-2.89993
-2.90005
-2.90017
-2.90027
-2.90036
-2.90044
-2.95827
-2.95826
-2.95824
-2.95822
-2.9582
-2.95818
-2.95815
-2.95812
-2.95808
-2.95804
-2.958
-2.95796
-2.95792
-2.95788
-2.95784
-2.9578
-2.95776
-2.95773
-2.95771
-2.95768
-2.95766
-2.95764
-2.95763
-2.95762
-2.95762
-2.95762
-2.95764
-2.95767
-2.9577
-2.95773
-2.95776
-2.95779
-2.95783
-2.95786
-2.95788
-2.9579
-2.95792
-2.95793
-2.95795
-2.95796
-2.95797
-2.9579
-2.95775
-2.9578
-2.95804
-2.95825
-2.95836
-2.95841
-2.95845
-2.95848
-3.01554
-3.01544
-3.01535
-3.01527
-3.0152
-3.01514
-3.01509
-3.01504
-3.01499
-3.01496
-3.01494
-3.01494
-3.01494
-3.01495
-3.01497
-3.01499
-3.01502
-3.01505
-3.01509
-3.01513
-3.01518
-3.01522
-3.01526
-3.01531
-3.01534
-3.01537
-3.01538
-3.01539
-3.01539
-3.01538
-3.01537
-3.01535
-3.01532
-3.01529
-3.01525
-3.0152
-3.01513
-3.01505
-3.01494
-3.0148
-3.0146
-3.01434
-3.01393
-3.01423
-3.01532
-3.01608
-3.01656
-3.01689
-3.01713
-3.01731
-1.97573
-1.97692
-1.97748
-1.9778
-1.97797
-1.97807
-1.97813
-1.97817
-1.97819
-1.97821
-1.97822
-1.97823
-1.97823
-1.97824
-1.97825
-1.97825
-1.97826
-1.97826
-1.97826
-1.97827
-1.97827
-1.97828
-1.97828
-1.97829
-1.97829
-1.97829
-1.9783
-1.9783
-1.9783
-1.97831
-1.97831
-1.97831
-1.97831
-1.97832
-1.97832
-1.97832
-1.97831
-1.97831
-1.9783
-1.9783
-1.97829
-1.97828
-1.97828
-1.97827
-1.97826
-1.97825
-1.97823
-1.97822
-1.97821
-1.97819
-1.97817
-1.97816
-1.97814
-1.97812
-1.9781
-1.97808
-1.97805
-1.97803
-1.97801
-1.97799
-1.97797
-1.97794
-1.97792
-1.9779
-1.97787
-1.97785
-1.97782
-1.9778
-1.97777
-1.97774
-1.97772
-1.97769
-1.97767
-1.97764
-1.97761
-1.97759
-1.97756
-1.97753
-1.97751
-1.97748
-1.97745
-1.97743
-1.9774
-1.97737
-1.97734
-1.97732
-1.97729
-1.97725
-1.97722
-1.97719
-1.97716
-1.97713
-1.9771
-1.97707
-1.97704
-1.97701
-1.97699
-1.97697
-1.97695
-1.97694
-1.97693
-1.97691
-1.9769
-1.97689
-1.97688
-1.97688
-1.97687
-1.97686
-1.97686
-1.97685
-1.97685
-1.97684
-1.97684
-1.97683
-1.97683
-1.97682
-1.97682
-1.97682
-1.97681
-1.97681
-1.9768
-1.9768
-1.9768
-1.97679
-1.97679
-1.97678
-1.97678
-1.97677
-1.97677
-1.97677
-1.97676
-1.97676
-1.97675
-1.97675
-1.97675
-1.97675
-1.97675
-1.97675
-1.97676
-1.97676
-1.97677
-1.97678
-1.97678
-1.97679
-1.9768
-1.97681
-1.97682
-1.97683
-1.97684
-1.97686
-2.00646
-2.00715
-2.00757
-2.00786
-2.00806
-2.0082
-2.00831
-2.00839
-2.00844
-2.00849
-2.00852
-2.00855
-2.00858
-2.0086
-2.00861
-2.00863
-2.00864
-2.00865
-2.00866
-2.00867
-2.00868
-2.00869
-2.0087
-2.0087
-2.00871
-2.00872
-2.00872
-2.00873
-2.00873
-2.00874
-2.00875
-2.00875
-2.00875
-2.00876
-2.00875
-2.00875
-2.00874
-2.00874
-2.00874
-2.00874
-2.00873
-2.00873
-2.00872
-2.00871
-2.0087
-2.00869
-2.00868
-2.00867
-2.00866
-2.00864
-2.00863
-2.00861
-2.0086
-2.00858
-2.00856
-2.00854
-2.00852
-2.0085
-2.00848
-2.00846
-2.00844
-2.00842
-2.00839
-2.00837
-2.00835
-2.00833
-2.00831
-2.00828
-2.00826
-2.00823
-2.00821
-2.00819
-2.00816
-2.00814
-2.00811
-2.00809
-2.00806
-2.00803
-2.00801
-2.00799
-2.00796
-2.00794
-2.00791
-2.00788
-2.00786
-2.00783
-2.0078
-2.00777
-2.00774
-2.00771
-2.00768
-2.00766
-2.00763
-2.0076
-2.00757
-2.00755
-2.00753
-2.00751
-2.00749
-2.00748
-2.00746
-2.00745
-2.00744
-2.00743
-2.00742
-2.00741
-2.00741
-2.0074
-2.00739
-2.00739
-2.00738
-2.00738
-2.00737
-2.00737
-2.00736
-2.00736
-2.00735
-2.00735
-2.00734
-2.00734
-2.00733
-2.00733
-2.00732
-2.00732
-2.00731
-2.00731
-2.0073
-2.0073
-2.00729
-2.00729
-2.00728
-2.00728
-2.00727
-2.00727
-2.00727
-2.00727
-2.00727
-2.00727
-2.00727
-2.00728
-2.00728
-2.00729
-2.00729
-2.0073
-2.00731
-2.00732
-2.00732
-2.00734
-2.00735
-2.00736
-2.03777
-2.03823
-2.03859
-2.03887
-2.0391
-2.03927
-2.03941
-2.03952
-2.0396
-2.03967
-2.03973
-2.03977
-2.03981
-2.03984
-2.03987
-2.03989
-2.03992
-2.03993
-2.03995
-2.03997
-2.03998
-2.03999
-2.04
-2.04001
-2.04002
-2.04003
-2.04004
-2.04005
-2.04006
-2.04007
-2.04007
-2.04007
-2.04007
-2.04007
-2.04008
-2.04008
-2.04008
-2.04008
-2.04008
-2.04007
-2.04007
-2.04007
-2.04006
-2.04005
-2.04005
-2.04004
-2.04003
-2.04002
-2.04
-2.03999
-2.03998
-2.03996
-2.03995
-2.03993
-2.03992
-2.0399
-2.03988
-2.03986
-2.03984
-2.03982
-2.0398
-2.03978
-2.03976
-2.03974
-2.03972
-2.0397
-2.03968
-2.03966
-2.03963
-2.03961
-2.03959
-2.03957
-2.03955
-2.03952
-2.0395
-2.03948
-2.03946
-2.03943
-2.03941
-2.03939
-2.03936
-2.03934
-2.03931
-2.03929
-2.03926
-2.03924
-2.03921
-2.03919
-2.03916
-2.03913
-2.0391
-2.03908
-2.03905
-2.03902
-2.039
-2.03898
-2.03895
-2.03894
-2.03892
-2.03891
-2.03889
-2.03888
-2.03887
-2.03886
-2.03885
-2.03884
-2.03884
-2.03883
-2.03882
-2.03881
-2.03881
-2.0388
-2.0388
-2.03879
-2.03879
-2.03878
-2.03877
-2.03877
-2.03876
-2.03876
-2.03875
-2.03875
-2.03874
-2.03874
-2.03873
-2.03872
-2.03872
-2.03871
-2.03871
-2.0387
-2.0387
-2.03869
-2.03869
-2.03869
-2.03868
-2.03868
-2.03868
-2.03868
-2.03868
-2.03869
-2.03869
-2.0387
-2.0387
-2.03871
-2.03871
-2.03872
-2.03873
-2.03874
-2.03875
-2.03876
-2.07013
-2.07045
-2.07073
-2.07098
-2.07118
-2.07135
-2.07149
-2.07161
-2.07171
-2.07179
-2.07186
-2.07192
-2.07197
-2.07201
-2.07205
-2.07208
-2.07211
-2.07214
-2.07216
-2.07218
-2.0722
-2.07221
-2.07223
-2.07224
-2.07226
-2.07227
-2.07228
-2.07229
-2.07229
-2.0723
-2.07231
-2.07231
-2.07232
-2.07232
-2.07233
-2.07233
-2.07233
-2.07233
-2.07233
-2.07233
-2.07233
-2.07232
-2.07232
-2.07231
-2.07231
-2.0723
-2.07229
-2.07228
-2.07227
-2.07226
-2.07225
-2.07223
-2.07222
-2.07221
-2.07219
-2.07217
-2.07216
-2.07214
-2.07212
-2.0721
-2.07209
-2.07207
-2.07205
-2.07203
-2.07201
-2.072
-2.07198
-2.07195
-2.07193
-2.07191
-2.07189
-2.07187
-2.07185
-2.07183
-2.07181
-2.07179
-2.07176
-2.07174
-2.07172
-2.0717
-2.07168
-2.07166
-2.07163
-2.07161
-2.07159
-2.07156
-2.07154
-2.07151
-2.07149
-2.07146
-2.07144
-2.07141
-2.07139
-2.07136
-2.07134
-2.07132
-2.0713
-2.07128
-2.07127
-2.07126
-2.07124
-2.07123
-2.07122
-2.07121
-2.0712
-2.07119
-2.07118
-2.07118
-2.07117
-2.07116
-2.07115
-2.07115
-2.07114
-2.07114
-2.07113
-2.07112
-2.07112
-2.07111
-2.07111
-2.0711
-2.07109
-2.07109
-2.07108
-2.07107
-2.07107
-2.07106
-2.07106
-2.07105
-2.07104
-2.07104
-2.07103
-2.07103
-2.07102
-2.07102
-2.07102
-2.07101
-2.07101
-2.07101
-2.07101
-2.07102
-2.07102
-2.07102
-2.07103
-2.07103
-2.07104
-2.07104
-2.07105
-2.07106
-2.07107
-2.07108
-2.10345
-2.10368
-2.1039
-2.1041
-2.10428
-2.10444
-2.10457
-2.10469
-2.1048
-2.10488
-2.10496
-2.10503
-2.10508
-2.10513
-2.10518
-2.10522
-2.10525
-2.10528
-2.10531
-2.10534
-2.10536
-2.10538
-2.1054
-2.10542
-2.10543
-2.10544
-2.10546
-2.10547
-2.10548
-2.10549
-2.1055
-2.1055
-2.10551
-2.10552
-2.10552
-2.10552
-2.10553
-2.10553
-2.10553
-2.10553
-2.10553
-2.10553
-2.10552
-2.10552
-2.10551
-2.10551
-2.1055
-2.10549
-2.10548
-2.10547
-2.10546
-2.10545
-2.10544
-2.10543
-2.10541
-2.1054
-2.10538
-2.10537
-2.10535
-2.10533
-2.10532
-2.1053
-2.10528
-2.10527
-2.10525
-2.10523
-2.10521
-2.1052
-2.10518
-2.10516
-2.10514
-2.10512
-2.1051
-2.10508
-2.10506
-2.10504
-2.10502
-2.105
-2.10498
-2.10496
-2.10494
-2.10492
-2.1049
-2.10487
-2.10486
-2.10483
-2.10481
-2.10479
-2.10476
-2.10474
-2.10472
-2.10469
-2.10467
-2.10465
-2.10463
-2.10461
-2.10459
-2.10457
-2.10456
-2.10455
-2.10454
-2.10452
-2.10451
-2.1045
-2.10449
-2.10448
-2.10448
-2.10447
-2.10446
-2.10445
-2.10445
-2.10444
-2.10443
-2.10443
-2.10442
-2.10441
-2.10441
-2.1044
-2.10439
-2.10439
-2.10438
-2.10437
-2.10437
-2.10436
-2.10435
-2.10435
-2.10434
-2.10433
-2.10433
-2.10432
-2.10432
-2.10431
-2.10431
-2.1043
-2.1043
-2.10429
-2.10429
-2.10429
-2.10429
-2.10429
-2.10429
-2.1043
-2.1043
-2.1043
-2.10431
-2.10432
-2.10432
-2.10433
-2.10434
-2.10435
-2.13773
-2.13791
-2.13808
-2.13825
-2.1384
-2.13854
-2.13867
-2.13878
-2.13888
-2.13897
-2.13905
-2.13912
-2.13918
-2.13924
-2.13929
-2.13933
-2.13937
-2.13941
-2.13944
-2.13947
-2.1395
-2.13952
-2.13954
-2.13956
-2.13958
-2.1396
-2.13961
-2.13963
-2.13964
-2.13965
-2.13966
-2.13967
-2.13968
-2.13968
-2.13969
-2.13969
-2.1397
-2.1397
-2.1397
-2.1397
-2.1397
-2.1397
-2.1397
-2.1397
-2.13969
-2.13969
-2.13968
-2.13968
-2.13967
-2.13966
-2.13965
-2.13964
-2.13963
-2.13962
-2.13961
-2.13959
-2.13958
-2.13956
-2.13955
-2.13954
-2.13952
-2.13951
-2.13949
-2.13948
-2.13946
-2.13944
-2.13943
-2.13941
-2.13939
-2.13938
-2.13936
-2.13934
-2.13932
-2.1393
-2.13929
-2.13927
-2.13925
-2.13923
-2.13921
-2.13919
-2.13917
-2.13916
-2.13913
-2.13911
-2.1391
-2.13907
-2.13905
-2.13904
-2.13901
-2.13899
-2.13897
-2.13895
-2.13893
-2.13891
-2.13889
-2.13887
-2.13885
-2.13884
-2.13882
-2.13881
-2.1388
-2.13879
-2.13878
-2.13877
-2.13876
-2.13875
-2.13874
-2.13873
-2.13873
-2.13872
-2.13871
-2.1387
-2.1387
-2.13869
-2.13868
-2.13868
-2.13867
-2.13866
-2.13866
-2.13865
-2.13864
-2.13863
-2.13863
-2.13862
-2.13861
-2.13861
-2.1386
-2.13859
-2.13859
-2.13858
-2.13857
-2.13857
-2.13856
-2.13856
-2.13855
-2.13855
-2.13855
-2.13854
-2.13854
-2.13854
-2.13854
-2.13855
-2.13855
-2.13855
-2.13856
-2.13856
-2.13857
-2.13858
-2.13859
-2.1386
-2.17301
-2.17315
-2.17329
-2.17343
-2.17356
-2.17368
-2.1738
-2.1739
-2.174
-2.17408
-2.17416
-2.17423
-2.1743
-2.17436
-2.17441
-2.17446
-2.1745
-2.17454
-2.17458
-2.17461
-2.17464
-2.17467
-2.17469
-2.17471
-2.17473
-2.17475
-2.17477
-2.17479
-2.1748
-2.17481
-2.17482
-2.17484
-2.17484
-2.17485
-2.17486
-2.17487
-2.17487
-2.17488
-2.17488
-2.17488
-2.17488
-2.17488
-2.17488
-2.17488
-2.17488
-2.17487
-2.17487
-2.17486
-2.17486
-2.17485
-2.17484
-2.17483
-2.17483
-2.17482
-2.1748
-2.17479
-2.17478
-2.17477
-2.17475
-2.17474
-2.17473
-2.17471
-2.1747
-2.17469
-2.17467
-2.17466
-2.17464
-2.17463
-2.17461
-2.17459
-2.17458
-2.17456
-2.17455
-2.17453
-2.17451
-2.1745
-2.17448
-2.17446
-2.17444
-2.17443
-2.17441
-2.17439
-2.17437
-2.17436
-2.17434
-2.17432
-2.1743
-2.17428
-2.17426
-2.17424
-2.17422
-2.1742
-2.17418
-2.17416
-2.17415
-2.17413
-2.17411
-2.1741
-2.17409
-2.17408
-2.17407
-2.17405
-2.17404
-2.17404
-2.17403
-2.17402
-2.17401
-2.174
-2.17399
-2.17399
-2.17398
-2.17397
-2.17396
-2.17396
-2.17395
-2.17394
-2.17393
-2.17393
-2.17392
-2.17391
-2.17391
-2.1739
-2.17389
-2.17388
-2.17388
-2.17387
-2.17386
-2.17385
-2.17385
-2.17384
-2.17383
-2.17383
-2.17382
-2.17382
-2.17381
-2.17381
-2.1738
-2.1738
-2.1738
-2.1738
-2.1738
-2.1738
-2.1738
-2.1738
-2.17381
-2.17381
-2.17382
-2.17383
-2.17383
-2.17384
-2.20931
-2.20943
-2.20955
-2.20966
-2.20977
-2.20988
-2.20999
-2.21008
-2.21017
-2.21025
-2.21033
-2.2104
-2.21046
-2.21052
-2.21058
-2.21062
-2.21067
-2.21071
-2.21075
-2.21078
-2.21082
-2.21085
-2.21087
-2.2109
-2.21092
-2.21094
-2.21096
-2.21098
-2.21099
-2.21101
-2.21102
-2.21103
-2.21105
-2.21106
-2.21106
-2.21107
-2.21108
-2.21108
-2.21109
-2.21109
-2.21109
-2.2111
-2.2111
-2.2111
-2.21109
-2.21109
-2.21109
-2.21108
-2.21108
-2.21107
-2.21107
-2.21106
-2.21105
-2.21104
-2.21103
-2.21102
-2.21101
-2.211
-2.21099
-2.21098
-2.21097
-2.21096
-2.21094
-2.21093
-2.21092
-2.2109
-2.21089
-2.21088
-2.21086
-2.21085
-2.21083
-2.21082
-2.2108
-2.21078
-2.21077
-2.21075
-2.21074
-2.21072
-2.21071
-2.21069
-2.21068
-2.21066
-2.21064
-2.21063
-2.21061
-2.21059
-2.21058
-2.21056
-2.21054
-2.21053
-2.2105
-2.21049
-2.21047
-2.21045
-2.21044
-2.21042
-2.21041
-2.21039
-2.21038
-2.21037
-2.21036
-2.21035
-2.21034
-2.21033
-2.21032
-2.21031
-2.21031
-2.2103
-2.21029
-2.21028
-2.21028
-2.21027
-2.21026
-2.21025
-2.21025
-2.21024
-2.21023
-2.21022
-2.21022
-2.21021
-2.2102
-2.21019
-2.21019
-2.21018
-2.21017
-2.21016
-2.21016
-2.21015
-2.21014
-2.21013
-2.21013
-2.21012
-2.21011
-2.21011
-2.2101
-2.2101
-2.21009
-2.21009
-2.21009
-2.21009
-2.21009
-2.21009
-2.21009
-2.21009
-2.21009
-2.2101
-2.2101
-2.21011
-2.21011
-2.21012
-2.24668
-2.24678
-2.24687
-2.24697
-2.24707
-2.24716
-2.24725
-2.24734
-2.24742
-2.2475
-2.24757
-2.24764
-2.2477
-2.24776
-2.24781
-2.24786
-2.24791
-2.24795
-2.24799
-2.24803
-2.24806
-2.24809
-2.24812
-2.24815
-2.24817
-2.24819
-2.24822
-2.24823
-2.24825
-2.24827
-2.24828
-2.2483
-2.24831
-2.24832
-2.24833
-2.24834
-2.24835
-2.24835
-2.24836
-2.24836
-2.24837
-2.24837
-2.24837
-2.24837
-2.24837
-2.24837
-2.24837
-2.24837
-2.24836
-2.24836
-2.24835
-2.24835
-2.24834
-2.24833
-2.24833
-2.24832
-2.24831
-2.2483
-2.24829
-2.24828
-2.24828
-2.24827
-2.24825
-2.24824
-2.24823
-2.24821
-2.2482
-2.24819
-2.24817
-2.24816
-2.24815
-2.24813
-2.24812
-2.2481
-2.24809
-2.24807
-2.24806
-2.24805
-2.24803
-2.24802
-2.248
-2.24799
-2.24797
-2.24796
-2.24794
-2.24793
-2.24791
-2.24789
-2.24788
-2.24786
-2.24785
-2.24784
-2.24781
-2.2478
-2.24779
-2.24777
-2.24776
-2.24775
-2.24774
-2.24773
-2.24772
-2.24771
-2.2477
-2.24769
-2.24768
-2.24767
-2.24766
-2.24766
-2.24765
-2.24764
-2.24763
-2.24763
-2.24762
-2.24761
-2.2476
-2.2476
-2.24759
-2.24758
-2.24757
-2.24757
-2.24756
-2.24755
-2.24754
-2.24754
-2.24753
-2.24752
-2.24751
-2.2475
-2.2475
-2.24749
-2.24748
-2.24747
-2.24747
-2.24746
-2.24746
-2.24745
-2.24745
-2.24744
-2.24744
-2.24744
-2.24744
-2.24744
-2.24744
-2.24744
-2.24744
-2.24744
-2.24745
-2.24745
-2.24746
-2.24747
-2.28513
-2.28522
-2.2853
-2.28539
-2.28547
-2.28555
-2.28562
-2.2857
-2.28578
-2.28585
-2.28592
-2.28598
-2.28604
-2.2861
-2.28615
-2.2862
-2.28625
-2.28629
-2.28633
-2.28637
-2.2864
-2.28644
-2.28647
-2.28649
-2.28652
-2.28654
-2.28657
-2.28659
-2.28661
-2.28662
-2.28664
-2.28665
-2.28667
-2.28668
-2.28669
-2.2867
-2.28671
-2.28672
-2.28673
-2.28673
-2.28674
-2.28674
-2.28674
-2.28674
-2.28675
-2.28675
-2.28675
-2.28674
-2.28674
-2.28674
-2.28673
-2.28673
-2.28672
-2.28672
-2.28671
-2.28671
-2.2867
-2.28669
-2.28669
-2.28668
-2.28667
-2.28666
-2.28665
-2.28664
-2.28662
-2.28661
-2.2866
-2.28659
-2.28657
-2.28656
-2.28655
-2.28654
-2.28652
-2.28651
-2.2865
-2.28649
-2.28647
-2.28646
-2.28645
-2.28644
-2.28642
-2.28641
-2.2864
-2.28638
-2.28637
-2.28635
-2.28634
-2.28632
-2.28631
-2.28629
-2.28629
-2.28627
-2.28625
-2.28624
-2.28623
-2.28621
-2.2862
-2.28619
-2.28618
-2.28617
-2.28616
-2.28615
-2.28615
-2.28614
-2.28613
-2.28612
-2.28611
-2.28611
-2.2861
-2.28609
-2.28608
-2.28608
-2.28607
-2.28606
-2.28606
-2.28605
-2.28604
-2.28603
-2.28603
-2.28602
-2.28601
-2.286
-2.28599
-2.28599
-2.28598
-2.28597
-2.28596
-2.28595
-2.28595
-2.28594
-2.28593
-2.28592
-2.28592
-2.28591
-2.2859
-2.2859
-2.28589
-2.28589
-2.28589
-2.28588
-2.28588
-2.28588
-2.28588
-2.28588
-2.28588
-2.28588
-2.28589
-2.28589
-2.2859
-2.2859
-2.32471
-2.32478
-2.32485
-2.32493
-2.325
-2.32507
-2.32515
-2.32521
-2.32528
-2.32535
-2.32541
-2.32547
-2.32552
-2.32558
-2.32563
-2.32568
-2.32572
-2.32577
-2.32581
-2.32584
-2.32588
-2.32591
-2.32594
-2.32597
-2.326
-2.32602
-2.32605
-2.32607
-2.32609
-2.32611
-2.32612
-2.32614
-2.32615
-2.32617
-2.32618
-2.32619
-2.3262
-2.32621
-2.32622
-2.32622
-2.32623
-2.32624
-2.32624
-2.32624
-2.32624
-2.32625
-2.32625
-2.32625
-2.32624
-2.32624
-2.32624
-2.32624
-2.32623
-2.32623
-2.32622
-2.32622
-2.32621
-2.3262
-2.3262
-2.32619
-2.32618
-2.32617
-2.32616
-2.32615
-2.32614
-2.32613
-2.32612
-2.32611
-2.32611
-2.3261
-2.32608
-2.32607
-2.32605
-2.32604
-2.32603
-2.32602
-2.32601
-2.326
-2.32599
-2.32598
-2.32597
-2.32595
-2.32594
-2.32593
-2.32592
-2.3259
-2.32589
-2.32588
-2.32587
-2.32585
-2.32584
-2.32582
-2.32582
-2.3258
-2.32579
-2.32578
-2.32577
-2.32576
-2.32575
-2.32574
-2.32573
-2.32573
-2.32572
-2.32571
-2.3257
-2.32569
-2.32569
-2.32568
-2.32567
-2.32567
-2.32566
-2.32565
-2.32564
-2.32564
-2.32563
-2.32562
-2.32562
-2.32561
-2.3256
-2.32559
-2.32558
-2.32558
-2.32557
-2.32556
-2.32555
-2.32555
-2.32554
-2.32553
-2.32552
-2.32551
-2.32551
-2.3255
-2.32549
-2.32548
-2.32548
-2.32547
-2.32547
-2.32546
-2.32546
-2.32545
-2.32545
-2.32545
-2.32545
-2.32545
-2.32545
-2.32545
-2.32545
-2.32546
-2.32546
-2.32547
-2.36545
-2.36551
-2.36557
-2.36564
-2.3657
-2.36576
-2.36583
-2.36589
-2.36595
-2.36601
-2.36607
-2.36612
-2.36617
-2.36623
-2.36627
-2.36632
-2.36636
-2.36641
-2.36645
-2.36648
-2.36652
-2.36655
-2.36658
-2.36661
-2.36664
-2.36666
-2.36669
-2.36671
-2.36673
-2.36675
-2.36677
-2.36679
-2.3668
-2.36682
-2.36683
-2.36684
-2.36685
-2.36686
-2.36687
-2.36688
-2.36689
-2.36689
-2.3669
-2.3669
-2.3669
-2.3669
-2.36691
-2.36691
-2.36691
-2.36691
-2.3669
-2.3669
-2.3669
-2.3669
-2.36689
-2.36689
-2.36688
-2.36688
-2.36687
-2.36686
-2.36686
-2.36685
-2.36684
-2.36683
-2.36682
-2.36682
-2.36681
-2.3668
-2.36679
-2.36678
-2.36677
-2.36676
-2.36675
-2.36674
-2.36673
-2.36671
-2.3667
-2.36669
-2.36668
-2.36668
-2.36667
-2.36666
-2.36664
-2.36663
-2.36662
-2.36661
-2.3666
-2.36659
-2.36658
-2.36656
-2.36655
-2.36654
-2.36653
-2.36652
-2.36651
-2.3665
-2.36649
-2.36648
-2.36648
-2.36647
-2.36646
-2.36645
-2.36644
-2.36644
-2.36643
-2.36642
-2.36642
-2.36641
-2.3664
-2.3664
-2.36639
-2.36638
-2.36638
-2.36637
-2.36636
-2.36635
-2.36635
-2.36634
-2.36633
-2.36633
-2.36632
-2.36631
-2.3663
-2.36629
-2.36629
-2.36628
-2.36627
-2.36626
-2.36625
-2.36625
-2.36624
-2.36623
-2.36622
-2.36622
-2.36621
-2.3662
-2.3662
-2.36619
-2.36619
-2.36618
-2.36618
-2.36618
-2.36618
-2.36618
-2.36618
-2.36618
-2.36618
-2.36618
-2.36619
-2.36619
-2.40738
-2.40743
-2.40749
-2.40754
-2.4076
-2.40766
-2.40771
-2.40777
-2.40782
-2.40788
-2.40793
-2.40798
-2.40803
-2.40808
-2.40812
-2.40817
-2.40821
-2.40825
-2.40829
-2.40832
-2.40836
-2.40839
-2.40842
-2.40845
-2.40848
-2.4085
-2.40853
-2.40855
-2.40857
-2.40859
-2.40861
-2.40863
-2.40864
-2.40866
-2.40867
-2.40869
-2.4087
-2.40871
-2.40872
-2.40873
-2.40873
-2.40874
-2.40875
-2.40875
-2.40875
-2.40876
-2.40876
-2.40876
-2.40876
-2.40876
-2.40876
-2.40876
-2.40876
-2.40876
-2.40875
-2.40875
-2.40874
-2.40874
-2.40874
-2.40873
-2.40873
-2.40872
-2.40871
-2.4087
-2.4087
-2.40869
-2.40868
-2.40867
-2.40867
-2.40866
-2.40865
-2.40864
-2.40863
-2.40862
-2.40861
-2.40861
-2.4086
-2.40858
-2.40857
-2.40856
-2.40855
-2.40855
-2.40854
-2.40853
-2.40852
-2.40851
-2.4085
-2.40849
-2.40848
-2.40847
-2.40846
-2.40845
-2.40844
-2.40843
-2.40842
-2.40841
-2.4084
-2.4084
-2.40839
-2.40838
-2.40837
-2.40837
-2.40836
-2.40835
-2.40835
-2.40834
-2.40834
-2.40833
-2.40832
-2.40832
-2.40831
-2.4083
-2.4083
-2.40829
-2.40828
-2.40828
-2.40827
-2.40826
-2.40826
-2.40825
-2.40824
-2.40823
-2.40823
-2.40822
-2.40821
-2.4082
-2.40819
-2.40819
-2.40818
-2.40817
-2.40816
-2.40815
-2.40815
-2.40814
-2.40813
-2.40813
-2.40812
-2.40812
-2.40811
-2.40811
-2.4081
-2.4081
-2.4081
-2.4081
-2.4081
-2.4081
-2.4081
-2.4081
-2.4081
-2.40811
-2.45053
-2.45058
-2.45063
-2.45068
-2.45073
-2.45078
-2.45083
-2.45088
-2.45093
-2.45098
-2.45103
-2.45107
-2.45112
-2.45116
-2.45121
-2.45125
-2.45129
-2.45133
-2.45136
-2.4514
-2.45143
-2.45146
-2.45149
-2.45152
-2.45155
-2.45158
-2.4516
-2.45162
-2.45165
-2.45167
-2.45168
-2.4517
-2.45172
-2.45173
-2.45175
-2.45176
-2.45177
-2.45178
-2.45179
-2.4518
-2.45181
-2.45182
-2.45182
-2.45183
-2.45183
-2.45184
-2.45184
-2.45184
-2.45185
-2.45185
-2.45185
-2.45185
-2.45185
-2.45184
-2.45184
-2.45184
-2.45184
-2.45184
-2.45183
-2.45182
-2.45182
-2.45181
-2.45181
-2.4518
-2.4518
-2.45179
-2.45178
-2.45178
-2.45177
-2.45176
-2.45175
-2.45175
-2.45174
-2.45173
-2.45172
-2.45171
-2.4517
-2.4517
-2.45169
-2.45169
-2.45167
-2.45165
-2.45164
-2.45164
-2.45164
-2.45163
-2.45162
-2.45161
-2.4516
-2.4516
-2.45159
-2.45158
-2.45157
-2.45156
-2.45155
-2.45155
-2.45154
-2.45153
-2.45153
-2.45152
-2.45152
-2.45151
-2.4515
-2.4515
-2.4515
-2.45149
-2.45148
-2.45148
-2.45147
-2.45146
-2.45146
-2.45145
-2.45144
-2.45144
-2.45143
-2.45143
-2.45142
-2.45141
-2.45141
-2.4514
-2.45139
-2.45138
-2.45138
-2.45137
-2.45136
-2.45135
-2.45134
-2.45134
-2.45133
-2.45132
-2.45131
-2.45131
-2.4513
-2.45129
-2.45128
-2.45128
-2.45127
-2.45127
-2.45126
-2.45126
-2.45125
-2.45125
-2.45125
-2.45125
-2.45124
-2.45124
-2.45124
-2.45125
-2.45125
-2.45125
-2.49496
-2.495
-2.49504
-2.49509
-2.49513
-2.49518
-2.49522
-2.49527
-2.49531
-2.49536
-2.4954
-2.49544
-2.49548
-2.49553
-2.49556
-2.4956
-2.49564
-2.49568
-2.49571
-2.49575
-2.49578
-2.49581
-2.49584
-2.49587
-2.49589
-2.49592
-2.49594
-2.49596
-2.49599
-2.49601
-2.49602
-2.49604
-2.49606
-2.49607
-2.49609
-2.4961
-2.49611
-2.49613
-2.49614
-2.49615
-2.49615
-2.49616
-2.49617
-2.49618
-2.49618
-2.49618
-2.49619
-2.49619
-2.49619
-2.4962
-2.4962
-2.4962
-2.4962
-2.4962
-2.49619
-2.49619
-2.49619
-2.49619
-2.49618
-2.49618
-2.49618
-2.49617
-2.49617
-2.49616
-2.49616
-2.49615
-2.49615
-2.49614
-2.49613
-2.49613
-2.49612
-2.49611
-2.49611
-2.4961
-2.49609
-2.49609
-2.49608
-2.49607
-2.49606
-2.49606
-2.49605
-2.49605
-2.49604
-2.49602
-2.49601
-2.49601
-2.49601
-2.496
-2.49599
-2.49598
-2.49598
-2.49597
-2.49596
-2.49596
-2.49595
-2.49594
-2.49594
-2.49593
-2.49593
-2.49592
-2.49592
-2.49591
-2.4959
-2.4959
-2.4959
-2.49589
-2.49588
-2.49588
-2.49588
-2.49587
-2.49586
-2.49586
-2.49585
-2.49585
-2.49584
-2.49583
-2.49583
-2.49582
-2.49582
-2.49581
-2.4958
-2.49579
-2.49579
-2.49578
-2.49577
-2.49577
-2.49576
-2.49575
-2.49574
-2.49573
-2.49573
-2.49572
-2.49571
-2.4957
-2.4957
-2.49569
-2.49569
-2.49568
-2.49567
-2.49567
-2.49567
-2.49566
-2.49566
-2.49566
-2.49566
-2.49565
-2.49565
-2.49566
-2.49566
-2.49566
-2.54068
-2.54072
-2.54076
-2.5408
-2.54084
-2.54088
-2.54092
-2.54096
-2.541
-2.54104
-2.54108
-2.54112
-2.54116
-2.5412
-2.54123
-2.54127
-2.5413
-2.54134
-2.54137
-2.5414
-2.54143
-2.54146
-2.54149
-2.54152
-2.54154
-2.54157
-2.54159
-2.54161
-2.54163
-2.54165
-2.54167
-2.54169
-2.5417
-2.54172
-2.54173
-2.54175
-2.54176
-2.54177
-2.54178
-2.54179
-2.5418
-2.54181
-2.54182
-2.54182
-2.54183
-2.54183
-2.54184
-2.54184
-2.54184
-2.54184
-2.54185
-2.54185
-2.54185
-2.54185
-2.54185
-2.54185
-2.54184
-2.54184
-2.54184
-2.54184
-2.54183
-2.54183
-2.54183
-2.54182
-2.54182
-2.54181
-2.54181
-2.5418
-2.5418
-2.54179
-2.54179
-2.54178
-2.54178
-2.54177
-2.54176
-2.54176
-2.54175
-2.54175
-2.54174
-2.54173
-2.54173
-2.54172
-2.54171
-2.54171
-2.5417
-2.54169
-2.54168
-2.54168
-2.54168
-2.54167
-2.54167
-2.54166
-2.54165
-2.54165
-2.54164
-2.54164
-2.54163
-2.54163
-2.54162
-2.54162
-2.54161
-2.54161
-2.5416
-2.5416
-2.54159
-2.54159
-2.54159
-2.54158
-2.54158
-2.54157
-2.54157
-2.54156
-2.54156
-2.54155
-2.54155
-2.54154
-2.54154
-2.54153
-2.54152
-2.54152
-2.54151
-2.5415
-2.5415
-2.54149
-2.54148
-2.54148
-2.54147
-2.54146
-2.54145
-2.54145
-2.54144
-2.54143
-2.54142
-2.54142
-2.54141
-2.5414
-2.5414
-2.54139
-2.54139
-2.54138
-2.54138
-2.54137
-2.54137
-2.54137
-2.54137
-2.54137
-2.54137
-2.54137
-2.54137
-2.54137
-2.58775
-2.58778
-2.58781
-2.58785
-2.58789
-2.58792
-2.58796
-2.588
-2.58803
-2.58807
-2.58811
-2.58814
-2.58818
-2.58821
-2.58825
-2.58828
-2.58831
-2.58834
-2.58837
-2.5884
-2.58843
-2.58846
-2.58849
-2.58851
-2.58854
-2.58856
-2.58858
-2.5886
-2.58862
-2.58864
-2.58866
-2.58868
-2.58869
-2.58871
-2.58872
-2.58874
-2.58875
-2.58876
-2.58877
-2.58878
-2.58879
-2.5888
-2.5888
-2.58881
-2.58882
-2.58882
-2.58882
-2.58883
-2.58883
-2.58883
-2.58884
-2.58884
-2.58884
-2.58884
-2.58884
-2.58884
-2.58884
-2.58884
-2.58883
-2.58883
-2.58883
-2.58883
-2.58882
-2.58882
-2.58882
-2.58881
-2.58881
-2.58881
-2.5888
-2.5888
-2.58879
-2.58879
-2.58878
-2.58878
-2.58877
-2.58877
-2.58876
-2.58876
-2.58875
-2.58874
-2.58874
-2.58873
-2.58873
-2.58872
-2.58872
-2.58872
-2.58871
-2.58869
-2.58869
-2.58869
-2.58869
-2.58868
-2.58868
-2.58867
-2.58867
-2.58866
-2.58866
-2.58866
-2.58865
-2.58865
-2.58865
-2.58864
-2.58864
-2.58864
-2.58863
-2.58863
-2.58862
-2.58862
-2.58861
-2.58861
-2.58861
-2.5886
-2.5886
-2.5886
-2.58859
-2.58858
-2.58858
-2.58857
-2.58857
-2.58856
-2.58856
-2.58855
-2.58854
-2.58854
-2.58853
-2.58852
-2.58852
-2.58851
-2.5885
-2.5885
-2.58849
-2.58848
-2.58847
-2.58847
-2.58846
-2.58846
-2.58845
-2.58844
-2.58844
-2.58843
-2.58843
-2.58842
-2.58842
-2.58842
-2.58842
-2.58841
-2.58841
-2.58841
-2.58841
-2.58842
-2.63619
-2.63622
-2.63625
-2.63629
-2.63632
-2.63635
-2.63639
-2.63642
-2.63645
-2.63649
-2.63652
-2.63655
-2.63659
-2.63662
-2.63665
-2.63668
-2.63671
-2.63674
-2.63677
-2.63679
-2.63682
-2.63685
-2.63687
-2.63689
-2.63692
-2.63694
-2.63696
-2.63698
-2.637
-2.63702
-2.63703
-2.63705
-2.63706
-2.63708
-2.63709
-2.6371
-2.63712
-2.63713
-2.63714
-2.63715
-2.63716
-2.63716
-2.63717
-2.63718
-2.63718
-2.63719
-2.63719
-2.6372
-2.6372
-2.6372
-2.6372
-2.63721
-2.63721
-2.63721
-2.63721
-2.63721
-2.63721
-2.63721
-2.6372
-2.63721
-2.6372
-2.6372
-2.6372
-2.6372
-2.63719
-2.63719
-2.63719
-2.63718
-2.63718
-2.63718
-2.63717
-2.63717
-2.63716
-2.63716
-2.63716
-2.63715
-2.63715
-2.63714
-2.63714
-2.63713
-2.63713
-2.63712
-2.63712
-2.63712
-2.63711
-2.63711
-2.6371
-2.6371
-2.6371
-2.63708
-2.63708
-2.63708
-2.63708
-2.63708
-2.63707
-2.63707
-2.63706
-2.63706
-2.63706
-2.63706
-2.63705
-2.63705
-2.63705
-2.63704
-2.63704
-2.63704
-2.63704
-2.63703
-2.63703
-2.63702
-2.63702
-2.63702
-2.63701
-2.63701
-2.637
-2.637
-2.637
-2.63699
-2.63699
-2.63698
-2.63697
-2.63697
-2.63696
-2.63696
-2.63695
-2.63695
-2.63694
-2.63693
-2.63693
-2.63692
-2.63691
-2.63691
-2.6369
-2.63689
-2.63689
-2.63688
-2.63688
-2.63687
-2.63687
-2.63686
-2.63686
-2.63685
-2.63685
-2.63685
-2.63684
-2.63684
-2.63684
-2.63684
-2.63684
-2.63684
-2.68605
-2.68608
-2.68611
-2.68614
-2.68617
-2.6862
-2.68624
-2.68627
-2.6863
-2.68633
-2.68636
-2.68639
-2.68642
-2.68645
-2.68648
-2.68651
-2.68653
-2.68656
-2.68658
-2.68661
-2.68663
-2.68666
-2.68668
-2.6867
-2.68672
-2.68674
-2.68676
-2.68678
-2.6868
-2.68681
-2.68683
-2.68684
-2.68686
-2.68687
-2.68688
-2.6869
-2.68691
-2.68692
-2.68693
-2.68694
-2.68694
-2.68695
-2.68696
-2.68696
-2.68697
-2.68698
-2.68698
-2.68698
-2.68699
-2.68699
-2.68699
-2.68699
-2.687
-2.687
-2.687
-2.687
-2.687
-2.687
-2.687
-2.687
-2.68699
-2.68699
-2.68699
-2.68699
-2.68699
-2.68698
-2.68698
-2.68698
-2.68698
-2.68697
-2.68697
-2.68697
-2.68696
-2.68696
-2.68696
-2.68695
-2.68695
-2.68694
-2.68694
-2.68694
-2.68693
-2.68693
-2.68693
-2.68692
-2.68692
-2.68692
-2.68691
-2.68691
-2.68691
-2.68691
-2.6869
-2.68689
-2.68688
-2.68689
-2.68689
-2.68689
-2.68688
-2.68688
-2.68688
-2.68688
-2.68688
-2.68687
-2.68687
-2.68687
-2.68687
-2.68686
-2.68686
-2.68686
-2.68685
-2.68685
-2.68685
-2.68684
-2.68684
-2.68684
-2.68683
-2.68683
-2.68683
-2.68682
-2.68682
-2.68681
-2.68681
-2.68681
-2.6868
-2.68679
-2.68679
-2.68678
-2.68678
-2.68677
-2.68676
-2.68676
-2.68675
-2.68675
-2.68674
-2.68674
-2.68673
-2.68672
-2.68672
-2.68671
-2.68671
-2.6867
-2.6867
-2.6867
-2.68669
-2.68669
-2.68669
-2.68668
-2.68668
-2.68668
-2.68668
-2.68668
-2.73738
-2.73741
-2.73744
-2.73747
-2.7375
-2.73753
-2.73756
-2.73759
-2.73762
-2.73764
-2.73767
-2.7377
-2.73773
-2.73775
-2.73778
-2.7378
-2.73783
-2.73785
-2.73787
-2.73789
-2.73792
-2.73794
-2.73796
-2.73798
-2.73799
-2.73801
-2.73803
-2.73805
-2.73806
-2.73808
-2.73809
-2.7381
-2.73812
-2.73813
-2.73814
-2.73815
-2.73816
-2.73817
-2.73818
-2.73819
-2.7382
-2.7382
-2.73821
-2.73821
-2.73822
-2.73822
-2.73823
-2.73823
-2.73824
-2.73824
-2.73824
-2.73824
-2.73824
-2.73825
-2.73825
-2.73825
-2.73825
-2.73825
-2.73825
-2.73825
-2.73824
-2.73824
-2.73824
-2.73824
-2.73824
-2.73824
-2.73823
-2.73823
-2.73823
-2.73823
-2.73823
-2.73822
-2.73822
-2.73822
-2.73821
-2.73821
-2.73821
-2.73821
-2.7382
-2.7382
-2.7382
-2.73819
-2.73819
-2.73819
-2.73819
-2.73818
-2.73818
-2.73818
-2.73818
-2.73817
-2.73817
-2.73817
-2.73816
-2.73815
-2.73816
-2.73816
-2.73816
-2.73816
-2.73816
-2.73816
-2.73815
-2.73815
-2.73815
-2.73815
-2.73815
-2.73814
-2.73814
-2.73814
-2.73814
-2.73813
-2.73813
-2.73813
-2.73813
-2.73812
-2.73812
-2.73812
-2.73811
-2.73811
-2.73811
-2.7381
-2.7381
-2.7381
-2.73809
-2.73808
-2.73808
-2.73808
-2.73807
-2.73807
-2.73806
-2.73805
-2.73805
-2.73804
-2.73804
-2.73803
-2.73803
-2.73802
-2.73802
-2.73801
-2.73801
-2.73801
-2.738
-2.738
-2.73799
-2.73799
-2.73799
-2.73799
-2.73798
-2.73798
-2.73798
-2.73798
-2.79018
-2.79022
-2.79025
-2.79029
-2.79032
-2.79035
-2.79038
-2.79041
-2.79044
-2.79047
-2.79049
-2.79052
-2.79054
-2.79057
-2.79059
-2.79061
-2.79063
-2.79065
-2.79067
-2.79069
-2.79071
-2.79073
-2.79074
-2.79076
-2.79078
-2.79079
-2.79081
-2.79082
-2.79083
-2.79085
-2.79086
-2.79087
-2.79088
-2.79089
-2.7909
-2.79091
-2.79092
-2.79093
-2.79094
-2.79094
-2.79095
-2.79096
-2.79096
-2.79097
-2.79097
-2.79098
-2.79098
-2.79098
-2.79099
-2.79099
-2.79099
-2.79099
-2.791
-2.791
-2.791
-2.791
-2.791
-2.791
-2.791
-2.791
-2.791
-2.791
-2.791
-2.79099
-2.79099
-2.79099
-2.79099
-2.79099
-2.79099
-2.79098
-2.79098
-2.79098
-2.79098
-2.79098
-2.79097
-2.79097
-2.79097
-2.79097
-2.79097
-2.79096
-2.79096
-2.79096
-2.79096
-2.79095
-2.79095
-2.79095
-2.79095
-2.79095
-2.79094
-2.79094
-2.79094
-2.79094
-2.79094
-2.79094
-2.79092
-2.79092
-2.79093
-2.79093
-2.79093
-2.79093
-2.79093
-2.79093
-2.79093
-2.79093
-2.79092
-2.79092
-2.79092
-2.79092
-2.79092
-2.79092
-2.79091
-2.79091
-2.79091
-2.79091
-2.7909
-2.7909
-2.7909
-2.7909
-2.79089
-2.79089
-2.79089
-2.79088
-2.79088
-2.79088
-2.79087
-2.79087
-2.79086
-2.79086
-2.79085
-2.79085
-2.79085
-2.79084
-2.79084
-2.79083
-2.79083
-2.79082
-2.79082
-2.79081
-2.79081
-2.79081
-2.7908
-2.7908
-2.7908
-2.79079
-2.79079
-2.79079
-2.79079
-2.79079
-2.79079
-2.79079
-2.84462
-2.84466
-2.84469
-2.84472
-2.84475
-2.84477
-2.8448
-2.84482
-2.84484
-2.84487
-2.84489
-2.84491
-2.84493
-2.84494
-2.84496
-2.84498
-2.845
-2.84501
-2.84503
-2.84504
-2.84506
-2.84507
-2.84509
-2.8451
-2.84511
-2.84513
-2.84514
-2.84515
-2.84516
-2.84517
-2.84518
-2.84519
-2.8452
-2.84521
-2.84522
-2.84523
-2.84523
-2.84524
-2.84525
-2.84525
-2.84526
-2.84526
-2.84527
-2.84527
-2.84528
-2.84528
-2.84528
-2.84529
-2.84529
-2.84529
-2.84529
-2.84529
-2.84529
-2.8453
-2.8453
-2.8453
-2.8453
-2.8453
-2.8453
-2.8453
-2.8453
-2.8453
-2.8453
-2.84529
-2.84529
-2.84529
-2.84529
-2.84529
-2.84529
-2.84529
-2.84529
-2.84528
-2.84528
-2.84528
-2.84528
-2.84528
-2.84528
-2.84527
-2.84527
-2.84527
-2.84527
-2.84527
-2.84527
-2.84526
-2.84526
-2.84526
-2.84526
-2.84526
-2.84526
-2.84526
-2.84526
-2.84525
-2.84525
-2.84525
-2.84525
-2.84525
-2.84524
-2.84524
-2.84525
-2.84525
-2.84525
-2.84525
-2.84525
-2.84525
-2.84524
-2.84524
-2.84524
-2.84524
-2.84524
-2.84524
-2.84524
-2.84523
-2.84523
-2.84523
-2.84523
-2.84523
-2.84523
-2.84522
-2.84522
-2.84522
-2.84522
-2.84521
-2.84521
-2.84521
-2.84521
-2.8452
-2.8452
-2.84519
-2.84519
-2.84519
-2.84518
-2.84518
-2.84518
-2.84517
-2.84517
-2.84517
-2.84516
-2.84516
-2.84516
-2.84515
-2.84515
-2.84515
-2.84514
-2.84514
-2.84514
-2.84514
-2.84513
-2.84513
-2.84513
-2.84513
-2.9005
-2.90056
-2.90061
-2.90066
-2.9007
-2.90073
-2.90077
-2.90079
-2.90082
-2.90084
-2.90086
-2.90088
-2.9009
-2.90092
-2.90093
-2.90095
-2.90096
-2.90097
-2.90099
-2.901
-2.90101
-2.90102
-2.90103
-2.90104
-2.90105
-2.90106
-2.90107
-2.90108
-2.90109
-2.90109
-2.9011
-2.90111
-2.90112
-2.90112
-2.90113
-2.90113
-2.90114
-2.90114
-2.90115
-2.90115
-2.90116
-2.90116
-2.90117
-2.90117
-2.90117
-2.90117
-2.90118
-2.90118
-2.90118
-2.90118
-2.90118
-2.90118
-2.90119
-2.90119
-2.90119
-2.90119
-2.90119
-2.90119
-2.90119
-2.90119
-2.90119
-2.90119
-2.90119
-2.90119
-2.90118
-2.90118
-2.90118
-2.90118
-2.90118
-2.90118
-2.90118
-2.90118
-2.90118
-2.90118
-2.90118
-2.90117
-2.90117
-2.90117
-2.90117
-2.90117
-2.90117
-2.90117
-2.90117
-2.90117
-2.90116
-2.90116
-2.90116
-2.90116
-2.90116
-2.90116
-2.90116
-2.90116
-2.90116
-2.90116
-2.90116
-2.90116
-2.90116
-2.90115
-2.90115
-2.90115
-2.90116
-2.90116
-2.90115
-2.90115
-2.90115
-2.90115
-2.90115
-2.90115
-2.90115
-2.90115
-2.90115
-2.90115
-2.90115
-2.90114
-2.90114
-2.90114
-2.90114
-2.90114
-2.90114
-2.90114
-2.90113
-2.90113
-2.90113
-2.90113
-2.90113
-2.90112
-2.90112
-2.90112
-2.90112
-2.90111
-2.90111
-2.90111
-2.9011
-2.9011
-2.9011
-2.9011
-2.90109
-2.90109
-2.90109
-2.90109
-2.90108
-2.90108
-2.90108
-2.90108
-2.90108
-2.90107
-2.90107
-2.90107
-2.90107
-2.90107
-2.95849
-2.9585
-2.95851
-2.95851
-2.95852
-2.95852
-2.95852
-2.95853
-2.95853
-2.95854
-2.95854
-2.95855
-2.95856
-2.95856
-2.95857
-2.95858
-2.95858
-2.95859
-2.9586
-2.9586
-2.95861
-2.95862
-2.95862
-2.95863
-2.95863
-2.95864
-2.95865
-2.95865
-2.95866
-2.95866
-2.95867
-2.95867
-2.95867
-2.95868
-2.95868
-2.95869
-2.95869
-2.95869
-2.95869
-2.9587
-2.9587
-2.9587
-2.9587
-2.95871
-2.95871
-2.95871
-2.95871
-2.95871
-2.95871
-2.95871
-2.95871
-2.95872
-2.95872
-2.95872
-2.95872
-2.95872
-2.95872
-2.95872
-2.95872
-2.95872
-2.95871
-2.95871
-2.95872
-2.95871
-2.95871
-2.95871
-2.95871
-2.95871
-2.95871
-2.95871
-2.95871
-2.95871
-2.95871
-2.95871
-2.95871
-2.95871
-2.95871
-2.95871
-2.95871
-2.9587
-2.9587
-2.9587
-2.9587
-2.9587
-2.9587
-2.9587
-2.9587
-2.9587
-2.9587
-2.9587
-2.9587
-2.9587
-2.9587
-2.9587
-2.9587
-2.9587
-2.9587
-2.95871
-2.95871
-2.95871
-2.9587
-2.9587
-2.9587
-2.9587
-2.95869
-2.95869
-2.95869
-2.95869
-2.95869
-2.95869
-2.95869
-2.95869
-2.95869
-2.95869
-2.95869
-2.95869
-2.95869
-2.95869
-2.95868
-2.95868
-2.95868
-2.95868
-2.95868
-2.95868
-2.95868
-2.95868
-2.95867
-2.95867
-2.95867
-2.95867
-2.95867
-2.95867
-2.95866
-2.95866
-2.95866
-2.95866
-2.95866
-2.95866
-2.95866
-2.95865
-2.95865
-2.95865
-2.95865
-2.95865
-2.95865
-2.95865
-2.95865
-2.95865
-2.95864
-2.95864
-3.01744
-3.01754
-3.01762
-3.01767
-3.01772
-3.01776
-3.01779
-3.01781
-3.01782
-3.01784
-3.01785
-3.01786
-3.01787
-3.01787
-3.01788
-3.01788
-3.01789
-3.01789
-3.01789
-3.0179
-3.0179
-3.0179
-3.0179
-3.0179
-3.01791
-3.01791
-3.01791
-3.01791
-3.01791
-3.01791
-3.01792
-3.01792
-3.01792
-3.01792
-3.01792
-3.01792
-3.01792
-3.01792
-3.01793
-3.01793
-3.01793
-3.01793
-3.01793
-3.01793
-3.01793
-3.01793
-3.01793
-3.01793
-3.01793
-3.01793
-3.01793
-3.01793
-3.01793
-3.01793
-3.01793
-3.01793
-3.01793
-3.01793
-3.01793
-3.01793
-3.01793
-3.01793
-3.01793
-3.01793
-3.01793
-3.01793
-3.01793
-3.01793
-3.01793
-3.01793
-3.01793
-3.01793
-3.01793
-3.01793
-3.01793
-3.01793
-3.01793
-3.01793
-3.01793
-3.01793
-3.01793
-3.01793
-3.01793
-3.01793
-3.01793
-3.01793
-3.01793
-3.01793
-3.01793
-3.01793
-3.01793
-3.01793
-3.01792
-3.01792
-3.01792
-3.01792
-3.01792
-3.01792
-3.01792
-3.01792
-3.01792
-3.01792
-3.01792
-3.01792
-3.01792
-3.01792
-3.01792
-3.01792
-3.01792
-3.01792
-3.01792
-3.01792
-3.01792
-3.01792
-3.01792
-3.01792
-3.01792
-3.01792
-3.01792
-3.01792
-3.01792
-3.01792
-3.01792
-3.01792
-3.01792
-3.01792
-3.01792
-3.01792
-3.01791
-3.01791
-3.01791
-3.01791
-3.01791
-3.01791
-3.01791
-3.01791
-3.01791
-3.01791
-3.01791
-3.01791
-3.01791
-3.01791
-3.01791
-3.01791
-3.01791
-3.01791
-3.01791
-3.01791
-3.01791
-3.01791
-1.97687
-1.97689
-1.9769
-1.97691
-1.97693
-1.97694
-1.97695
-1.97697
-1.97698
-1.977
-1.97701
-1.97703
-1.97704
-1.97705
-1.97705
-1.97705
-1.97704
-1.97703
-1.97701
-1.977
-1.97698
-1.97696
-1.97694
-1.97693
-1.97691
-1.97689
-1.97688
-1.97686
-1.97685
-1.97684
-1.97683
-1.97682
-1.97682
-1.97681
-1.97681
-1.97682
-1.97682
-1.97683
-1.97683
-1.97684
-1.97685
-1.97685
-1.97686
-1.97687
-1.97687
-1.97688
-1.97688
-1.97687
-1.97687
-1.97685
-1.97683
-1.97681
-1.97677
-1.97674
-1.97669
-1.97665
-1.9766
-1.97655
-1.97652
-1.97647
-1.97645
-1.97643
-1.97642
-1.97641
-1.97642
-1.97644
-1.97648
-1.97654
-1.97662
-1.9767
-1.97677
-1.97682
-1.97687
-1.97691
-1.97694
-1.97697
-1.97699
-1.97702
-1.97703
-1.97701
-1.97699
-1.97698
-1.97696
-1.97697
-1.97699
-1.97706
-1.97715
-1.97724
-1.97731
-1.97735
-1.97735
-1.97732
-1.97727
-1.97722
-1.97717
-1.97712
-1.97706
-1.97702
-1.97698
-1.97695
-2.00738
-2.00739
-2.0074
-2.00742
-2.00743
-2.00744
-2.00746
-2.00747
-2.00748
-2.0075
-2.00751
-2.00753
-2.00754
-2.00755
-2.00755
-2.00755
-2.00754
-2.00753
-2.00752
-2.0075
-2.00749
-2.00747
-2.00746
-2.00744
-2.00742
-2.00741
-2.00739
-2.00738
-2.00736
-2.00735
-2.00734
-2.00733
-2.00733
-2.00733
-2.00733
-2.00733
-2.00733
-2.00734
-2.00734
-2.00735
-2.00736
-2.00736
-2.00737
-2.00738
-2.00738
-2.00738
-2.00738
-2.00738
-2.00737
-2.00736
-2.00734
-2.00732
-2.00729
-2.00725
-2.00721
-2.00717
-2.00712
-2.00708
-2.00704
-2.00699
-2.00696
-2.00694
-2.00693
-2.00692
-2.00693
-2.00695
-2.00699
-2.00705
-2.00713
-2.00722
-2.00729
-2.00735
-2.0074
-2.00744
-2.00747
-2.0075
-2.00752
-2.00753
-2.00752
-2.0075
-2.00748
-2.00746
-2.00744
-2.00745
-2.00748
-2.00756
-2.00765
-2.00775
-2.00783
-2.00787
-2.00787
-2.00783
-2.00778
-2.00773
-2.00767
-2.00762
-2.00756
-2.00752
-2.00748
-2.00744
-2.03878
-2.03879
-2.0388
-2.03881
-2.03883
-2.03884
-2.03885
-2.03887
-2.03888
-2.03889
-2.03891
-2.03892
-2.03893
-2.03894
-2.03894
-2.03894
-2.03893
-2.03893
-2.03892
-2.0389
-2.03889
-2.03888
-2.03886
-2.03885
-2.03883
-2.03881
-2.0388
-2.03878
-2.03877
-2.03876
-2.03875
-2.03874
-2.03874
-2.03873
-2.03873
-2.03874
-2.03874
-2.03874
-2.03875
-2.03876
-2.03876
-2.03877
-2.03878
-2.03878
-2.03878
-2.03878
-2.03878
-2.03878
-2.03877
-2.03876
-2.03875
-2.03873
-2.0387
-2.03867
-2.03863
-2.03858
-2.03854
-2.03849
-2.03845
-2.03841
-2.03838
-2.03835
-2.03834
-2.03833
-2.03833
-2.03835
-2.03839
-2.03846
-2.03854
-2.03863
-2.03871
-2.03878
-2.03883
-2.03887
-2.03889
-2.03892
-2.03894
-2.03893
-2.03891
-2.03888
-2.03885
-2.03883
-2.03881
-2.03882
-2.03886
-2.03894
-2.03904
-2.03915
-2.03923
-2.03928
-2.03928
-2.03924
-2.03918
-2.03913
-2.03907
-2.03902
-2.03896
-2.03891
-2.03887
-2.03884
-2.0711
-2.07111
-2.07112
-2.07113
-2.07114
-2.07116
-2.07117
-2.07118
-2.0712
-2.07121
-2.07122
-2.07123
-2.07124
-2.07125
-2.07125
-2.07125
-2.07125
-2.07124
-2.07124
-2.07123
-2.07122
-2.0712
-2.07119
-2.07118
-2.07116
-2.07114
-2.07113
-2.07111
-2.0711
-2.07108
-2.07107
-2.07107
-2.07106
-2.07106
-2.07106
-2.07106
-2.07107
-2.07107
-2.07108
-2.07108
-2.07109
-2.0711
-2.0711
-2.0711
-2.07111
-2.07111
-2.0711
-2.0711
-2.07109
-2.07108
-2.07107
-2.07106
-2.07103
-2.071
-2.07096
-2.07092
-2.07087
-2.07083
-2.07078
-2.07074
-2.07071
-2.07068
-2.07067
-2.07066
-2.07066
-2.07068
-2.07072
-2.07078
-2.07087
-2.07097
-2.07106
-2.07113
-2.07118
-2.07121
-2.07124
-2.07126
-2.07127
-2.07124
-2.07121
-2.07118
-2.07115
-2.07113
-2.07111
-2.07112
-2.07116
-2.07125
-2.07136
-2.07147
-2.07156
-2.07161
-2.07161
-2.07157
-2.07151
-2.07144
-2.07138
-2.07133
-2.07127
-2.07123
-2.07119
-2.07115
-2.10436
-2.10438
-2.10439
-2.1044
-2.10441
-2.10442
-2.10443
-2.10445
-2.10446
-2.10447
-2.10448
-2.1045
-2.10451
-2.10451
-2.10452
-2.10452
-2.10451
-2.10451
-2.1045
-2.1045
-2.10449
-2.10448
-2.10447
-2.10445
-2.10444
-2.10442
-2.1044
-2.10439
-2.10437
-2.10436
-2.10435
-2.10434
-2.10434
-2.10434
-2.10434
-2.10434
-2.10434
-2.10435
-2.10435
-2.10436
-2.10436
-2.10437
-2.10437
-2.10438
-2.10438
-2.10437
-2.10437
-2.10437
-2.10436
-2.10435
-2.10435
-2.10433
-2.10431
-2.10428
-2.10425
-2.1042
-2.10416
-2.10411
-2.10406
-2.10402
-2.10399
-2.10396
-2.10394
-2.10393
-2.10393
-2.10394
-2.10398
-2.10405
-2.10415
-2.10425
-2.10435
-2.10442
-2.10447
-2.10451
-2.10453
-2.10455
-2.10453
-2.10449
-2.10446
-2.10442
-2.10439
-2.10437
-2.10434
-2.10436
-2.1044
-2.1045
-2.10462
-2.10474
-2.10484
-2.10489
-2.10489
-2.10484
-2.10478
-2.10471
-2.10464
-2.10459
-2.10453
-2.10449
-2.10445
-2.10441
-2.13861
-2.13862
-2.13863
-2.13864
-2.13865
-2.13866
-2.13867
-2.13869
-2.1387
-2.13871
-2.13872
-2.13873
-2.13874
-2.13875
-2.13875
-2.13876
-2.13875
-2.13875
-2.13875
-2.13874
-2.13874
-2.13873
-2.13872
-2.1387
-2.13869
-2.13867
-2.13866
-2.13864
-2.13862
-2.13861
-2.1386
-2.13859
-2.13859
-2.13859
-2.13859
-2.13859
-2.13859
-2.13859
-2.1386
-2.1386
-2.13861
-2.13862
-2.13862
-2.13862
-2.13862
-2.13862
-2.13861
-2.13861
-2.1386
-2.1386
-2.1386
-2.13859
-2.13857
-2.13854
-2.13851
-2.13846
-2.13842
-2.13837
-2.13832
-2.13828
-2.13824
-2.13821
-2.13819
-2.13818
-2.13817
-2.13819
-2.13822
-2.1383
-2.13839
-2.13851
-2.13861
-2.13869
-2.13874
-2.13878
-2.1388
-2.1388
-2.13877
-2.13872
-2.13868
-2.13864
-2.13861
-2.13858
-2.13856
-2.13857
-2.13862
-2.13872
-2.13885
-2.13899
-2.13909
-2.13915
-2.13914
-2.13909
-2.13902
-2.13895
-2.13888
-2.13883
-2.13877
-2.13872
-2.13869
-2.13864
-2.17385
-2.17386
-2.17387
-2.17388
-2.17389
-2.17391
-2.17392
-2.17393
-2.17394
-2.17395
-2.17396
-2.17397
-2.17398
-2.17399
-2.174
-2.174
-2.174
-2.174
-2.174
-2.17399
-2.17399
-2.17398
-2.17397
-2.17396
-2.17395
-2.17393
-2.17391
-2.1739
-2.17388
-2.17386
-2.17385
-2.17384
-2.17384
-2.17384
-2.17384
-2.17384
-2.17385
-2.17385
-2.17385
-2.17386
-2.17386
-2.17387
-2.17387
-2.17387
-2.17387
-2.17387
-2.17386
-2.17385
-2.17385
-2.17385
-2.17385
-2.17384
-2.17383
-2.17381
-2.17377
-2.17372
-2.17368
-2.17363
-2.17358
-2.17353
-2.1735
-2.17347
-2.17344
-2.17342
-2.17342
-2.17343
-2.17347
-2.17354
-2.17365
-2.17377
-2.17388
-2.17397
-2.17402
-2.17405
-2.17406
-2.17405
-2.174
-2.17395
-2.17391
-2.17387
-2.17383
-2.17379
-2.17377
-2.17378
-2.17384
-2.17395
-2.17409
-2.17424
-2.17435
-2.17441
-2.1744
-2.17435
-2.17427
-2.17419
-2.17412
-2.17406
-2.17401
-2.17396
-2.17392
-2.17387
-2.21013
-2.21014
-2.21015
-2.21016
-2.21017
-2.21018
-2.21019
-2.21021
-2.21022
-2.21023
-2.21024
-2.21025
-2.21026
-2.21027
-2.21027
-2.21027
-2.21028
-2.21028
-2.21028
-2.21028
-2.21027
-2.21027
-2.21026
-2.21025
-2.21024
-2.21022
-2.21021
-2.21019
-2.21017
-2.21015
-2.21014
-2.21013
-2.21013
-2.21013
-2.21013
-2.21013
-2.21013
-2.21013
-2.21014
-2.21014
-2.21015
-2.21015
-2.21016
-2.21016
-2.21015
-2.21015
-2.21014
-2.21013
-2.21013
-2.21013
-2.21013
-2.21013
-2.21013
-2.2101
-2.21007
-2.21002
-2.20997
-2.20992
-2.20987
-2.20982
-2.20978
-2.20975
-2.20972
-2.2097
-2.2097
-2.2097
-2.20974
-2.20981
-2.20993
-2.21007
-2.21019
-2.21028
-2.21033
-2.21036
-2.21036
-2.21032
-2.21026
-2.21021
-2.21016
-2.21012
-2.21008
-2.21004
-2.21001
-2.21002
-2.21008
-2.21021
-2.21036
-2.21052
-2.21065
-2.21071
-2.2107
-2.21063
-2.21055
-2.21047
-2.21039
-2.21033
-2.21028
-2.21023
-2.21019
-2.21014
-2.24747
-2.24748
-2.24749
-2.2475
-2.24751
-2.24752
-2.24753
-2.24755
-2.24756
-2.24757
-2.24758
-2.24759
-2.2476
-2.2476
-2.24761
-2.24761
-2.24762
-2.24762
-2.24762
-2.24762
-2.24762
-2.24762
-2.24762
-2.24761
-2.2476
-2.24758
-2.24756
-2.24754
-2.24752
-2.2475
-2.24749
-2.24748
-2.24748
-2.24748
-2.24748
-2.24748
-2.24748
-2.24748
-2.24748
-2.24749
-2.2475
-2.2475
-2.24751
-2.24751
-2.2475
-2.24749
-2.24748
-2.24747
-2.24747
-2.24747
-2.24748
-2.24749
-2.24749
-2.24746
-2.24743
-2.24738
-2.24733
-2.24728
-2.24722
-2.24718
-2.24714
-2.2471
-2.24707
-2.24705
-2.24703
-2.24704
-2.24707
-2.24715
-2.24727
-2.24742
-2.24755
-2.24765
-2.2477
-2.24773
-2.2477
-2.24764
-2.24758
-2.24753
-2.24748
-2.24744
-2.2474
-2.24735
-2.24732
-2.24732
-2.24739
-2.24753
-2.2477
-2.24787
-2.24801
-2.24807
-2.24806
-2.24798
-2.24789
-2.2478
-2.24773
-2.24767
-2.24761
-2.24756
-2.24753
-2.24747
-2.28591
-2.28592
-2.28593
-2.28594
-2.28595
-2.28596
-2.28597
-2.28598
-2.28599
-2.286
-2.28601
-2.28602
-2.28603
-2.28604
-2.28604
-2.28605
-2.28605
-2.28606
-2.28606
-2.28607
-2.28607
-2.28607
-2.28607
-2.28606
-2.28605
-2.28603
-2.28601
-2.28599
-2.28596
-2.28595
-2.28593
-2.28592
-2.28592
-2.28593
-2.28593
-2.28593
-2.28593
-2.28593
-2.28593
-2.28593
-2.28594
-2.28595
-2.28595
-2.28595
-2.28594
-2.28593
-2.28592
-2.28591
-2.2859
-2.28591
-2.28593
-2.28594
-2.28594
-2.28592
-2.28588
-2.28584
-2.28578
-2.28573
-2.28567
-2.28563
-2.28558
-2.28554
-2.28551
-2.28548
-2.28547
-2.28546
-2.28549
-2.28557
-2.28571
-2.28588
-2.28602
-2.28612
-2.28617
-2.28618
-2.28613
-2.28606
-2.286
-2.28594
-2.2859
-2.28585
-2.2858
-2.28575
-2.28571
-2.28571
-2.28579
-2.28594
-2.28612
-2.28631
-2.28646
-2.28654
-2.28652
-2.28643
-2.28633
-2.28623
-2.28615
-2.28609
-2.28604
-2.28599
-2.28596
-2.2859
-2.32548
-2.32548
-2.32549
-2.3255
-2.32551
-2.32552
-2.32553
-2.32554
-2.32555
-2.32556
-2.32557
-2.32558
-2.32559
-2.3256
-2.3256
-2.32561
-2.32561
-2.32562
-2.32563
-2.32564
-2.32564
-2.32565
-2.32565
-2.32564
-2.32563
-2.32561
-2.32559
-2.32556
-2.32554
-2.32552
-2.3255
-2.32549
-2.3255
-2.3255
-2.3255
-2.3255
-2.3255
-2.3255
-2.3255
-2.3255
-2.32551
-2.32552
-2.32552
-2.32552
-2.32551
-2.32549
-2.32548
-2.32546
-2.32546
-2.32547
-2.3255
-2.32552
-2.32553
-2.32551
-2.32547
-2.32542
-2.32536
-2.3253
-2.32525
-2.3252
-2.32515
-2.32511
-2.32507
-2.32504
-2.32502
-2.32501
-2.32504
-2.32512
-2.32527
-2.32546
-2.32562
-2.32572
-2.32577
-2.32575
-2.32568
-2.32561
-2.32554
-2.32549
-2.32544
-2.32539
-2.32534
-2.32528
-2.32523
-2.32523
-2.32531
-2.32547
-2.32568
-2.32588
-2.32605
-2.32613
-2.3261
-2.326
-2.32589
-2.32579
-2.32571
-2.32564
-2.32559
-2.32554
-2.32551
-2.32545
-2.3662
-2.36621
-2.36621
-2.36622
-2.36623
-2.36624
-2.36625
-2.36626
-2.36627
-2.36628
-2.36629
-2.3663
-2.36631
-2.36632
-2.36632
-2.36633
-2.36634
-2.36634
-2.36635
-2.36636
-2.36638
-2.36638
-2.36639
-2.36638
-2.36637
-2.36635
-2.36633
-2.3663
-2.36627
-2.36624
-2.36623
-2.36622
-2.36623
-2.36623
-2.36624
-2.36624
-2.36623
-2.36623
-2.36622
-2.36623
-2.36624
-2.36625
-2.36625
-2.36625
-2.36624
-2.36622
-2.3662
-2.36618
-2.36618
-2.3662
-2.36623
-2.36626
-2.36627
-2.36626
-2.36622
-2.36616
-2.3661
-2.36604
-2.36598
-2.36593
-2.36588
-2.36584
-2.3658
-2.36576
-2.36573
-2.36572
-2.36574
-2.36582
-2.36599
-2.3662
-2.36637
-2.36649
-2.36652
-2.36648
-2.36639
-2.36632
-2.36625
-2.36618
-2.36614
-2.36608
-2.36603
-2.36596
-2.36591
-2.3659
-2.36598
-2.36617
-2.36639
-2.36662
-2.3668
-2.36688
-2.36685
-2.36674
-2.36661
-2.3665
-2.36642
-2.36635
-2.3663
-2.36625
-2.36622
-2.36615
-2.40811
-2.40812
-2.40813
-2.40814
-2.40814
-2.40815
-2.40816
-2.40817
-2.40819
-2.4082
-2.40821
-2.40822
-2.40823
-2.40823
-2.40824
-2.40824
-2.40825
-2.40826
-2.40827
-2.40829
-2.4083
-2.40832
-2.40832
-2.40832
-2.40831
-2.40829
-2.40826
-2.40823
-2.40819
-2.40817
-2.40815
-2.40814
-2.40815
-2.40816
-2.40817
-2.40817
-2.40816
-2.40815
-2.40814
-2.40814
-2.40816
-2.40817
-2.40818
-2.40818
-2.40816
-2.40814
-2.40811
-2.40809
-2.40809
-2.40811
-2.40815
-2.4082
-2.40822
-2.4082
-2.40816
-2.4081
-2.40804
-2.40797
-2.40791
-2.40786
-2.4078
-2.40776
-2.40771
-2.40767
-2.40764
-2.40761
-2.40762
-2.4077
-2.40789
-2.40813
-2.40833
-2.40845
-2.40846
-2.40839
-2.4083
-2.40821
-2.40814
-2.40808
-2.40803
-2.40797
-2.40791
-2.40784
-2.40777
-2.40775
-2.40784
-2.40805
-2.40829
-2.40854
-2.40875
-2.40884
-2.4088
-2.40867
-2.40853
-2.40841
-2.40832
-2.40825
-2.40821
-2.40816
-2.40813
-2.40805
-2.45126
-2.45126
-2.45127
-2.45128
-2.45129
-2.4513
-2.45131
-2.45132
-2.45133
-2.45134
-2.45135
-2.45136
-2.45137
-2.45138
-2.45138
-2.45138
-2.45139
-2.4514
-2.45142
-2.45144
-2.45146
-2.45148
-2.45149
-2.45149
-2.45148
-2.45145
-2.45142
-2.45139
-2.45135
-2.45131
-2.45129
-2.45129
-2.4513
-2.45132
-2.45133
-2.45133
-2.45132
-2.4513
-2.45129
-2.45129
-2.45131
-2.45133
-2.45134
-2.45133
-2.45131
-2.45128
-2.45125
-2.45122
-2.45122
-2.45124
-2.4513
-2.45137
-2.45139
-2.45138
-2.45133
-2.45127
-2.4512
-2.45113
-2.45107
-2.45101
-2.45095
-2.4509
-2.45085
-2.45081
-2.45077
-2.45073
-2.45073
-2.45081
-2.45102
-2.45129
-2.45153
-2.45165
-2.45162
-2.45153
-2.45143
-2.45134
-2.45126
-2.45119
-2.45115
-2.45109
-2.45103
-2.45095
-2.45086
-2.45083
-2.45093
-2.45115
-2.45143
-2.4517
-2.45193
-2.45203
-2.45197
-2.45182
-2.45167
-2.45154
-2.45145
-2.45138
-2.45134
-2.45129
-2.45126
-2.45118
-2.49567
-2.49567
-2.49568
-2.49568
-2.49569
-2.4957
-2.49571
-2.49572
-2.49573
-2.49574
-2.49576
-2.49577
-2.49578
-2.49578
-2.49579
-2.49579
-2.49579
-2.49581
-2.49583
-2.49585
-2.49588
-2.49591
-2.49593
-2.49593
-2.49591
-2.49589
-2.49585
-2.49581
-2.49576
-2.49572
-2.4957
-2.49569
-2.49572
-2.49574
-2.49576
-2.49575
-2.49574
-2.49572
-2.4957
-2.4957
-2.49572
-2.49575
-2.49576
-2.49575
-2.49573
-2.49569
-2.49565
-2.49561
-2.49561
-2.49564
-2.49572
-2.49581
-2.49584
-2.49582
-2.49577
-2.4957
-2.49562
-2.49555
-2.49549
-2.49543
-2.49536
-2.49531
-2.49526
-2.49521
-2.49516
-2.49511
-2.49509
-2.49516
-2.4954
-2.49573
-2.49599
-2.4961
-2.49605
-2.49594
-2.49582
-2.49572
-2.49564
-2.49557
-2.49553
-2.49547
-2.4954
-2.49531
-2.49521
-2.49516
-2.49526
-2.49552
-2.49583
-2.49613
-2.49638
-2.4965
-2.49642
-2.49624
-2.49607
-2.49593
-2.49584
-2.49578
-2.49573
-2.49568
-2.49566
-2.49557
-2.54137
-2.54138
-2.54138
-2.54139
-2.5414
-2.54141
-2.54142
-2.54143
-2.54144
-2.54145
-2.54146
-2.54148
-2.54149
-2.54149
-2.54149
-2.54149
-2.5415
-2.54151
-2.54153
-2.54157
-2.54161
-2.54164
-2.54167
-2.54167
-2.54166
-2.54163
-2.54159
-2.54153
-2.54148
-2.54143
-2.5414
-2.5414
-2.54143
-2.54147
-2.54149
-2.54148
-2.54146
-2.54143
-2.54141
-2.5414
-2.54143
-2.54147
-2.54149
-2.54148
-2.54145
-2.5414
-2.54135
-2.5413
-2.54129
-2.54132
-2.54143
-2.54155
-2.5416
-2.54158
-2.54151
-2.54143
-2.54135
-2.54127
-2.54121
-2.54114
-2.54108
-2.54102
-2.54097
-2.54091
-2.54085
-2.54079
-2.54074
-2.5408
-2.54108
-2.54146
-2.54177
-2.54186
-2.54178
-2.54164
-2.54151
-2.54141
-2.54132
-2.54125
-2.54121
-2.54115
-2.54108
-2.54098
-2.54086
-2.54078
-2.54089
-2.54118
-2.54152
-2.54186
-2.54214
-2.54227
-2.54218
-2.54196
-2.54177
-2.54163
-2.54153
-2.54147
-2.54143
-2.54138
-2.54135
-2.54126
-2.58842
-2.58842
-2.58843
-2.58844
-2.58844
-2.58845
-2.58846
-2.58847
-2.58848
-2.5885
-2.58851
-2.58853
-2.58854
-2.58854
-2.58854
-2.58853
-2.58854
-2.58855
-2.58857
-2.58862
-2.58867
-2.58872
-2.58876
-2.58876
-2.58874
-2.58872
-2.58867
-2.5886
-2.58853
-2.58847
-2.58843
-2.58843
-2.58848
-2.58854
-2.58857
-2.58856
-2.58853
-2.58848
-2.58845
-2.58844
-2.58848
-2.58854
-2.58857
-2.58855
-2.58851
-2.58846
-2.58839
-2.58833
-2.58831
-2.58834
-2.58848
-2.58865
-2.58871
-2.58868
-2.5886
-2.58851
-2.58842
-2.58834
-2.58827
-2.5882
-2.58813
-2.58807
-2.58801
-2.58795
-2.58788
-2.5878
-2.58771
-2.58776
-2.58808
-2.58855
-2.5889
-2.58897
-2.58885
-2.58869
-2.58854
-2.58843
-2.58834
-2.58827
-2.58823
-2.58817
-2.5881
-2.58799
-2.58784
-2.58773
-2.58784
-2.58818
-2.58856
-2.58893
-2.58925
-2.58941
-2.58929
-2.58903
-2.5888
-2.58865
-2.58856
-2.5885
-2.58846
-2.58841
-2.58839
-2.5883
-2.63684
-2.63685
-2.63685
-2.63686
-2.63686
-2.63687
-2.63688
-2.63689
-2.63691
-2.63692
-2.63694
-2.63695
-2.63697
-2.63698
-2.63697
-2.63695
-2.63695
-2.63696
-2.63699
-2.63704
-2.63711
-2.63718
-2.63724
-2.63725
-2.63722
-2.63719
-2.63713
-2.63704
-2.63696
-2.63689
-2.63683
-2.63683
-2.63691
-2.637
-2.63704
-2.63702
-2.63697
-2.63691
-2.63686
-2.63684
-2.6369
-2.63699
-2.63703
-2.63701
-2.63695
-2.63689
-2.63681
-2.63672
-2.63669
-2.63671
-2.63691
-2.63714
-2.63722
-2.63717
-2.63707
-2.63696
-2.63686
-2.63678
-2.6367
-2.63663
-2.63656
-2.6365
-2.63644
-2.63637
-2.63629
-2.63619
-2.63606
-2.63606
-2.63644
-2.63701
-2.63742
-2.63748
-2.63731
-2.63711
-2.63695
-2.63683
-2.63673
-2.63667
-2.63663
-2.63657
-2.6365
-2.63638
-2.6362
-2.63603
-2.63615
-2.63655
-2.63698
-2.63739
-2.63775
-2.63794
-2.63779
-2.63746
-2.63721
-2.63706
-2.63696
-2.6369
-2.63687
-2.63683
-2.63681
-2.6367
-2.68668
-2.68669
-2.68669
-2.6867
-2.6867
-2.68671
-2.68672
-2.68673
-2.68675
-2.68676
-2.68678
-2.6868
-2.68682
-2.68683
-2.68682
-2.68678
-2.68677
-2.68678
-2.68681
-2.68688
-2.68698
-2.68707
-2.68715
-2.68717
-2.68712
-2.68709
-2.68702
-2.68691
-2.68681
-2.68671
-2.68663
-2.68663
-2.68676
-2.68689
-2.68694
-2.68691
-2.68684
-2.68676
-2.68669
-2.68666
-2.68672
-2.68686
-2.68693
-2.6869
-2.68682
-2.68674
-2.68664
-2.68653
-2.68647
-2.68648
-2.68674
-2.68708
-2.68717
-2.68709
-2.68696
-2.68683
-2.68672
-2.68663
-2.68656
-2.68649
-2.68641
-2.68635
-2.68628
-2.6862
-2.68611
-2.68599
-2.6858
-2.68574
-2.68619
-2.6869
-2.6874
-2.68743
-2.68719
-2.68694
-2.68676
-2.68664
-2.68654
-2.68648
-2.68645
-2.68639
-2.68632
-2.68619
-2.68597
-2.68574
-2.68585
-2.68634
-2.68682
-2.68727
-2.68768
-2.68791
-2.68772
-2.68731
-2.68704
-2.68687
-2.68678
-2.68673
-2.6867
-2.68666
-2.68664
-2.68653
-2.73799
-2.73799
-2.73799
-2.738
-2.738
-2.73801
-2.73802
-2.73803
-2.73804
-2.73806
-2.73809
-2.73811
-2.73814
-2.73816
-2.73814
-2.73807
-2.73805
-2.73805
-2.73807
-2.73816
-2.7383
-2.73844
-2.73855
-2.73857
-2.73849
-2.73845
-2.73838
-2.73823
-2.73811
-2.73799
-2.73788
-2.73786
-2.73805
-2.73827
-2.73833
-2.73827
-2.73817
-2.73807
-2.73797
-2.73791
-2.73799
-2.73821
-2.73831
-2.73825
-2.73815
-2.73805
-2.73793
-2.73779
-2.73769
-2.73766
-2.73802
-2.73852
-2.73862
-2.73849
-2.73831
-2.73816
-2.73804
-2.73795
-2.73788
-2.7378
-2.73772
-2.73766
-2.73758
-2.7375
-2.7374
-2.73727
-2.73699
-2.73683
-2.73736
-2.73827
-2.73889
-2.73889
-2.73853
-2.73823
-2.73803
-2.7379
-2.73781
-2.73775
-2.73772
-2.73767
-2.73761
-2.73747
-2.73721
-2.73687
-2.73698
-2.73758
-2.73813
-2.73861
-2.73908
-2.73939
-2.73913
-2.73862
-2.73831
-2.73814
-2.73806
-2.73801
-2.73799
-2.73796
-2.73794
-2.73782
-2.79079
-2.79079
-2.79079
-2.7908
-2.7908
-2.79081
-2.79082
-2.79083
-2.79084
-2.79086
-2.79089
-2.79093
-2.79096
-2.79101
-2.79097
-2.79085
-2.79081
-2.7908
-2.79081
-2.79093
-2.79111
-2.79131
-2.79149
-2.79152
-2.79137
-2.79134
-2.79126
-2.79105
-2.79091
-2.79077
-2.7906
-2.79053
-2.79083
-2.7912
-2.79127
-2.79116
-2.79101
-2.79087
-2.79073
-2.79063
-2.79073
-2.79107
-2.79124
-2.79113
-2.79098
-2.79086
-2.79072
-2.79056
-2.7904
-2.79026
-2.79077
-2.79153
-2.79163
-2.7914
-2.79117
-2.79099
-2.79085
-2.79077
-2.7907
-2.79061
-2.79053
-2.79047
-2.79039
-2.7903
-2.7902
-2.79005
-2.78968
-2.78933
-2.78996
-2.79115
-2.79195
-2.79189
-2.79137
-2.79101
-2.7908
-2.79066
-2.79057
-2.79051
-2.7905
-2.79045
-2.79039
-2.79026
-2.78997
-2.78946
-2.78956
-2.79033
-2.79094
-2.79146
-2.792
-2.79241
-2.79207
-2.79141
-2.79107
-2.79091
-2.79083
-2.79079
-2.79078
-2.79075
-2.79074
-2.79062
-2.84513
-2.84513
-2.84514
-2.84514
-2.84514
-2.84515
-2.84516
-2.84517
-2.84518
-2.8452
-2.84524
-2.84528
-2.84534
-2.84544
-2.84539
-2.84516
-2.84511
-2.84509
-2.84504
-2.8452
-2.84545
-2.84575
-2.84603
-2.84608
-2.84582
-2.84579
-2.84569
-2.8454
-2.84526
-2.84509
-2.84483
-2.84464
-2.84511
-2.84575
-2.84583
-2.84561
-2.84538
-2.84521
-2.84504
-2.84488
-2.84495
-2.84549
-2.84579
-2.84558
-2.84537
-2.84522
-2.84507
-2.84488
-2.84464
-2.84429
-2.84499
-2.84621
-2.84627
-2.84587
-2.84556
-2.84535
-2.8452
-2.84514
-2.84506
-2.84498
-2.84489
-2.84483
-2.84475
-2.84465
-2.84455
-2.8444
-2.84394
-2.84327
-2.84399
-2.84561
-2.84668
-2.84653
-2.84575
-2.84531
-2.8451
-2.84496
-2.84488
-2.84482
-2.84482
-2.84478
-2.84474
-2.84462
-2.84431
-2.84356
-2.84362
-2.84463
-2.84531
-2.84586
-2.84646
-2.84704
-2.84659
-2.84573
-2.84537
-2.84521
-2.84515
-2.84512
-2.84511
-2.8451
-2.84509
-2.84496
-2.90107
-2.90107
-2.90107
-2.90107
-2.90108
-2.90108
-2.90109
-2.9011
-2.90111
-2.90113
-2.90117
-2.90123
-2.90131
-2.90152
-2.90146
-2.90102
-2.901
-2.90093
-2.90076
-2.90101
-2.90134
-2.90179
-2.9023
-2.90238
-2.9019
-2.90183
-2.9017
-2.90132
-2.90122
-2.90104
-2.90066
-2.90016
-2.90083
-2.90205
-2.90213
-2.90168
-2.90134
-2.90114
-2.90095
-2.90068
-2.90057
-2.90148
-2.90211
-2.90165
-2.90135
-2.90117
-2.90103
-2.90084
-2.90047
-2.89963
-2.90061
-2.90269
-2.90267
-2.90192
-2.90152
-2.9013
-2.90113
-2.9011
-2.90103
-2.90094
-2.90085
-2.90079
-2.90071
-2.9006
-2.90051
-2.90037
-2.89986
-2.89859
-2.89938
-2.90169
-2.9032
-2.90287
-2.90167
-2.90118
-2.90098
-2.90085
-2.90078
-2.90074
-2.90075
-2.90073
-2.90072
-2.90066
-2.90037
-2.89912
-2.89909
-2.90052
-2.90127
-2.90182
-2.9025
-2.90338
-2.90276
-2.9016
-2.90123
-2.9011
-2.90105
-2.90104
-2.90104
-2.90104
-2.90104
-2.9009
-2.95864
-2.95864
-2.95865
-2.95865
-2.95865
-2.95865
-2.95865
-2.95866
-2.95867
-2.95868
-2.95871
-2.95875
-2.95886
-2.95939
-2.95936
-2.95833
-2.95842
-2.95833
-2.95786
-2.95835
-2.95882
-2.95949
-2.96046
-2.9605
-2.95947
-2.95938
-2.95944
-2.9589
-2.95886
-2.95865
-2.95805
-2.95671
-2.95774
-2.9605
-2.96048
-2.95938
-2.95889
-2.95866
-2.95839
-2.95789
-2.95726
-2.95917
-2.96065
-2.9594
-2.95895
-2.9587
-2.95856
-2.95844
-2.95782
-2.95595
-2.95744
-2.96146
-2.96114
-2.95954
-2.95907
-2.95885
-2.95866
-2.95871
-2.95866
-2.95852
-2.95844
-2.95838
-2.95829
-2.95817
-2.95809
-2.95793
-2.95727
-2.95502
-2.95601
-2.95966
-2.96203
-2.96117
-2.95913
-2.95862
-2.95847
-2.95835
-2.95836
-2.95838
-2.95838
-2.95838
-2.95835
-2.95822
-2.95773
-2.95576
-2.9559
-2.95808
-2.95886
-2.95946
-2.96025
-2.96167
-2.96073
-2.95903
-2.9587
-2.95862
-2.95859
-2.9586
-2.95861
-2.95864
-2.9586
-2.95848
-3.01791
-3.01791
-3.01791
-3.01791
-3.01791
-3.01791
-3.01791
-3.01791
-3.01792
-3.01793
-3.01796
-3.01807
-3.01833
-3.01952
-3.01908
-3.01696
-3.01729
-3.01768
-3.01711
-3.01813
-3.01881
-3.01956
-3.02075
-3.01985
-3.01773
-3.01882
-3.01978
-3.01855
-3.01819
-3.01777
-3.01697
-3.01513
-3.01716
-3.02194
-3.02046
-3.01841
-3.01784
-3.01756
-3.01719
-3.01651
-3.01621
-3.0201
-3.02109
-3.01852
-3.01797
-3.01784
-3.01761
-3.01732
-3.01711
-3.01495
-3.01697
-3.02313
-3.02104
-3.01857
-3.01815
-3.01803
-3.01793
-3.01785
-3.01785
-3.01779
-3.01766
-3.01759
-3.01749
-3.01734
-3.01717
-3.01687
-3.01549
-3.01384
-3.01589
-3.02037
-3.02255
-3.02041
-3.01797
-3.01764
-3.01756
-3.01746
-3.01735
-3.01734
-3.0174
-3.01733
-3.01723
-3.01705
-3.01663
-3.01536
-3.01571
-3.0181
-3.01875
-3.01935
-3.02013
-3.02152
-3.01983
-3.018
-3.01783
-3.0178
-3.0178
-3.01781
-3.01783
-3.01787
-3.01794
-3.0179
)
;

boundaryField
{
    inlet
    {
        type            calculated;
        value           nonuniform List<scalar> 
100
(
1280.77
1280.88
1281.02
1281.16
1281.3
1281.44
1281.59
1281.73
1281.89
1282.05
1282.22
1282.39
1282.58
1282.74
1282.88
1283.03
1283.19
1283.37
1283.56
1283.76
1283.99
1284.22
1284.46
1284.7
1284.95
1285.21
1285.46
1285.72
1285.98
1286.25
1286.51
1286.77
1287.03
1287.28
1287.53
1287.79
1288.03
1288.26
1288.5
1288.73
1289.06
1289.5
1289.86
1290.16
1290.55
1291.08
1291.3
1290.75
1290.64
1290.82
1285.2
1282.89
1287.05
1289.73
1232.05
692.113
847.157
1387.54
755.732
29.2591
327.069
419.422
12.0547
-1.72539
-1.21877
-1.69156
-1.75888
-1.78721
-1.81486
-1.84184
-1.86786
-1.89306
-1.91744
-1.94099
-1.9637
-1.98935
-2.01887
-2.04935
-2.08083
-2.11333
-2.14681
-2.18136
-2.21698
-2.25373
-2.29158
-2.33059
-2.3708
-2.41223
-2.45493
-2.4989
-2.54422
-2.59087
-2.63896
-2.68836
-2.73946
-2.79167
-2.84609
-2.90101
-2.95936
-3.01635
)
;
    }
    outlet
    {
        type            calculated;
        value           nonuniform List<scalar> 
142
(
2490.2
2327.69
2191.31
2078.29
1985.1
1908.51
1845.64
1794.09
1751.81
1717.23
1689.14
1666.17
1645.56
1625.34
1605.62
1586.39
1567.64
1549.36
1531.54
1514.16
1497.22
1480.7
1464.58
1448.87
1433.53
1418.57
1403.97
1389.73
1375.84
1362.3
1349.1
1336.23
1323.7
1311.49
1300.18
1288.79
1278.04
1267.74
1257.73
1248.01
1238.55
1229.32
1218.2
1204.83
1190.98
1176.62
1161.73
1146.29
1130.29
1113.69
1096.48
1078.65
1060.18
1041.02
1021.14
1000.53
979.153
956.98
933.984
910.134
885.397
859.741
833.616
807.96
783.223
759.371
736.374
714.201
692.821
672.208
652.333
633.17
614.693
596.878
579.701
563.14
547.172
531.775
516.93
502.617
488.816
475.51
456.71
431.627
405.435
378.083
349.519
319.692
288.543
256.017
222.051
186.581
149.54
110.859
70.4656
28.5437
2.99547
-1.2859
-1.33411
-1.38179
-1.42722
-1.47084
-1.51271
-1.55291
-1.59151
-1.62856
-1.66413
-1.69828
-1.73106
-1.76254
-1.79276
-1.82177
-1.84962
-1.87635
-1.90202
-1.92667
-1.95033
-1.97695
-2.00744
-2.03884
-2.07115
-2.10441
-2.13864
-2.17387
-2.21014
-2.24747
-2.2859
-2.32545
-2.36615
-2.40805
-2.45118
-2.49557
-2.54126
-2.5883
-2.6367
-2.68653
-2.73782
-2.79062
-2.84496
-2.9009
-2.95848
-3.0179
)
;
    }
    bottom
    {
        type            calculated;
        value           nonuniform List<scalar> 
442
(
2515.19
2519.74
2526.69
2534.81
2543.32
2551.73
2559.78
2567.33
2574.32
2580.73
2586.58
2591.89
2596.71
2601.06
2604.98
2608.52
2611.7
2614.56
2617.13
2619.45
2621.54
2623.45
2625.19
2626.79
2628.26
2629.6
2630.81
2631.9
2632.86
2633.68
2634.38
2634.95
2635.39
2635.7
2635.9
2635.97
2635.91
2635.73
2635.44
2635.02
2634.49
2633.84
2633.09
2632.22
2631.25
2630.19
2629.03
2627.8
2626.49
2625.12
2623.77
2622.94
2622.83
2623.05
2623.34
2623.48
2623.33
2622.79
2621.79
2620.31
2618.33
2615.87
2612.95
2609.62
2605.9
2601.85
2597.51
2592.95
2588.21
2583.35
2578.41
2573.43
2568.46
2563.53
2558.68
2553.93
2549.3
2544.81
2540.48
2536.31
2532.32
2528.51
2524.89
2521.44
2518.18
2515.1
2512.19
2509.46
2506.89
2504.47
2502.21
2500.08
2498.1
2496.25
2494.52
2492.9
2491.4
2489.99
2488.68
2487.46
2486.3
2485.17
2484.02
2482.87
2481.72
2480.56
2479.4
2478.24
2477.09
2475.95
2474.83
2473.72
2472.64
2471.58
2470.56
2469.59
2468.66
2467.78
2466.97
2466.23
2465.58
2465.01
2464.55
2464.21
2463.99
2463.93
2464.01
2464.24
2464.6
2465.08
2465.68
2466.38
2467.18
2468.05
2469
2470.02
2471.1
2472.22
2473.39
2474.59
2475.83
2477.08
2478.36
2479.64
2480.94
2482.24
2483.54
2484.84
2486.14
2487.42
2488.69
2489.96
2491.27
2492.62
2494
2495.42
2496.87
2498.36
2499.89
2501.45
2503.04
2504.68
2506.34
2508.05
2509.78
2511.56
2513.36
2515.2
2517.08
2518.98
2520.92
2522.89
2524.89
2526.93
2528.99
2531.09
2533.21
2535.36
2537.54
2539.74
2541.98
2544.23
2546.51
2548.82
2551.14
2553.49
2555.85
2558.24
2560.64
2563.05
2565.48
2567.93
2570.38
2572.84
2575.31
2577.79
2580.27
2582.76
2585.24
2587.73
2590.21
2592.7
2595.18
2597.67
2600.13
2602.51
2604.83
2607.14
2609.43
2611.7
2613.95
2616.16
2618.34
2620.48
2622.57
2624.62
2626.63
2628.58
2630.48
2632.32
2634.11
2635.84
2637.5
2639.1
2640.64
2642.11
2643.51
2644.84
2646.1
2647.29
2648.41
2649.46
2650.43
2651.33
2652.16
2652.92
2653.61
2654.23
2654.79
2655.28
2655.7
2656.06
2656.37
2656.63
2656.85
2657.05
2657.26
2657.41
2657.47
2657.42
2657.27
2657.04
2656.73
2656.35
2655.9
2655.38
2654.8
2654.15
2653.43
2652.65
2651.8
2650.9
2649.93
2648.9
2647.82
2646.68
2645.49
2644.25
2642.96
2641.63
2640.25
2638.83
2637.37
2635.88
2634.36
2632.81
2631.23
2629.64
2628.04
2626.42
2624.8
2623.18
2621.57
2619.97
2618.39
2616.85
2615.35
2613.89
2612.49
2611.17
2609.92
2608.78
2607.75
2606.85
2606.09
2605.51
2605.13
2604.99
2605.19
2605.85
2606.65
2607.25
2607.65
2607.93
2608.14
2608.3
2608.41
2608.46
2608.47
2608.43
2608.34
2608.21
2608.04
2607.83
2607.58
2607.3
2606.99
2606.65
2606.28
2605.89
2605.47
2605.04
2604.59
2604.12
2603.63
2603.14
2602.63
2602.11
2601.59
2601.06
2600.52
2599.98
2599.44
2598.89
2598.34
2597.79
2597.24
2596.68
2596.13
2595.58
2595.04
2594.49
2593.95
2593.41
2592.88
2592.36
2591.84
2591.33
2590.83
2590.33
2589.85
2589.37
2588.91
2588.45
2588.01
2587.56
2587.12
2586.69
2586.25
2585.81
2585.37
2584.93
2584.49
2584.05
2583.61
2583.18
2582.75
2582.33
2581.91
2581.5
2581.09
2580.68
2580.27
2579.86
2579.43
2579
2578.54
2578.06
2577.56
2577.02
2576.45
2575.86
2575.23
2574.58
2573.91
2573.22
2572.52
2571.82
2571.11
2570.41
2569.73
2569.06
2568.43
2567.84
2567.32
2566.87
2566.53
2566.32
2566.36
2566.55
2438.84
2294.15
2172.44
2071.11
1987.3
1918.24
1861.56
1815.03
1776.7
1745.06
1718.97
1697.45
1678.11
1659.12
1640.58
1622.48
1604.81
1587.57
1570.73
1554.3
1538.25
1522.58
1507.29
1492.35
1477.77
1463.54
1449.66
1436.36
1422.9
1411.31
1398.94
1387.48
1376.03
1364.91
1354.03
1343.41
1333.03
1322.91
1313.03
1303.37
1293.89
1284.65
)
;
    }
    atmosphere
    {
        type            calculated;
        value           nonuniform List<scalar> 
400
(
-3.04797
-3.04797
-3.04797
-3.04797
-3.04797
-3.04797
-3.04797
-3.04797
-3.04797
-3.04797
-3.04797
-3.04797
-3.04797
-3.04797
-3.04797
-3.04797
-3.04797
-3.04797
-3.04797
-3.04797
-3.04797
-3.04797
-3.04797
-3.04797
-3.04797
-3.04797
-3.04797
-3.04797
-3.04797
-3.04797
-3.04797
-3.04797
-3.04797
-3.04797
-3.04797
-3.04797
-3.04797
-3.04797
-3.04797
-3.04797
-3.04797
-3.04797
-3.04797
-3.04797
-3.04797
-3.04797
-3.04797
-3.04797
-3.04797
-3.04797
-3.04797
-3.04797
-3.04797
-3.04797
-3.04797
-3.04797
-3.04797
-3.04797
-3.04797
-3.04797
-3.04797
-3.04797
-3.04797
-3.04797
-3.04797
-3.04797
-3.04797
-3.04797
-3.04797
-3.04797
-3.04797
-3.04797
-3.04797
-3.04797
-3.04797
-3.04797
-3.04797
-3.04797
-3.04797
-3.04797
-3.04797
-3.04797
-3.04797
-3.04797
-3.04797
-3.04797
-3.04797
-3.04797
-3.04797
-3.04797
-3.04797
-3.04797
-3.04797
-3.04797
-3.04797
-3.04797
-3.04797
-3.04797
-3.04797
-3.04797
-3.04797
-3.04797
-3.04797
-3.04797
-3.04799
-3.04803
-3.04803
-3.04801
-3.04797
-3.04797
-3.04797
-3.04797
-3.04797
-3.04797
-3.04797
-3.04797
-3.04797
-3.04797
-3.04797
-3.04797
-3.04797
-3.04797
-3.04797
-3.04797
-3.04797
-3.04797
-3.04797
-3.04797
-3.04797
-3.04797
-3.04797
-3.04797
-3.04797
-3.04797
-3.04797
-3.04797
-3.04797
-3.04797
-3.04797
-3.04797
-3.04797
-3.04797
-3.04797
-3.04797
-3.04797
-3.04797
-3.04797
-3.04797
-3.04797
-3.04797
-3.04797
-3.04797
-3.04797
-3.04797
-3.04797
-3.04797
-3.04797
-3.04797
-3.04797
-3.04797
-3.04797
-3.04797
-3.04797
-3.04797
-3.04797
-3.04797
-3.04797
-3.04797
-3.04797
-3.04797
-3.04797
-3.04797
-3.04797
-3.04797
-3.04797
-3.04797
-3.04797
-3.04797
-3.04797
-3.04797
-3.04797
-3.04797
-3.04797
-3.04797
-3.04797
-3.04797
-3.04797
-3.04797
-3.04797
-3.04797
-3.04797
-3.04797
-3.04797
-3.04797
-3.04797
-3.04797
-3.04797
-3.04797
-3.04797
-3.04797
-3.04797
-3.04797
-3.04797
-3.04797
-3.04797
-3.04797
-3.04797
-3.04797
-3.04797
-3.04797
-3.04797
-3.04797
-3.04797
-3.04797
-3.04797
-3.04797
-3.04797
-3.04797
-3.04797
-3.04797
-3.04797
-3.04797
-3.04797
-3.04797
-3.04797
-3.04797
-3.04797
-3.04797
-3.04797
-3.04797
-3.04797
-3.04797
-3.04797
-3.04797
-3.04797
-3.04797
-3.04797
-3.04797
-3.04797
-3.04797
-3.04797
-3.04797
-3.04797
-3.04797
-3.04797
-3.04797
-3.04797
-3.04797
-3.04797
-3.04797
-3.04797
-3.04797
-3.04797
-3.04797
-3.04797
-3.04797
-3.04797
-3.04797
-3.04797
-3.04797
-3.04797
-3.04797
-3.04797
-3.04797
-3.04797
-3.04797
-3.04797
-3.04797
-3.04797
-3.04797
-3.04797
-3.04797
-3.04797
-3.04797
-3.04797
-3.04797
-3.04797
-3.04797
-3.04797
-3.04797
-3.04797
-3.04797
-3.04797
-3.04797
-3.04797
-3.04797
-3.04797
-3.04797
-3.04797
-3.04797
-3.04797
-3.04797
-3.04797
-3.04797
-3.04797
-3.04797
-3.04797
-3.04797
-3.04797
-3.04797
-3.04797
-3.04797
-3.04797
-3.04797
-3.04797
-3.04797
-3.04797
-3.04797
-3.04797
-3.04797
-3.04797
-3.04797
-3.04797
-3.04797
-3.04797
-3.04797
-3.04797
-3.04797
-3.04797
-3.04797
-3.04797
-3.04797
-3.04797
-3.04797
-3.04797
-3.04797
-3.04797
-3.04797
-3.04797
-3.04797
-3.04797
-3.04797
-3.04797
-3.04797
-3.04797
-3.04797
-3.04797
-3.04797
-3.04797
-3.04797
-3.04797
-3.04797
-3.04797
-3.04797
-3.04797
-3.04797
-3.04797
-3.04797
-3.04797
-3.04797
-3.04797
-3.04797
-3.04797
-3.04797
-3.04797
-3.04797
-3.04797
-3.04797
-3.04797
-3.04797
-3.04797
-3.04797
-3.04797
-3.04797
-3.04797
-3.04797
-3.04797
-3.04797
-3.04797
-3.04797
-3.04797
-3.04797
-3.04797
-3.04797
-3.04797
-3.04797
-3.04797
-3.04797
-3.04797
-3.04797
-3.04797
-3.04797
-3.04797
-3.04797
-3.04797
-3.04797
-3.04797
-3.04797
-3.04797
-3.04797
-3.04797
-3.04797
-3.04797
-3.04797
-3.04797
-3.04797
-3.04797
-3.04797
-3.04797
-3.04797
)
;
    }
    bridgeDeck
    {
        type            calculated;
        value           nonuniform List<scalar> 
170
(
450.523
453.858
460.627
464.753
468.058
470.734
472.679
474.043
475.213
477.479
478.739
478.296
478.938
481.613
482.002
482.228
482.175
482.32
482.966
481.445
481.409
483.418
483.819
483.492
482.759
480.867
481.365
482.086
481.828
481.701
481.954
483.709
483.775
482.279
481.05
480.51
480.458
479.879
479.862
480.149
480.13
478.405
477.482
477.456
477.565
477.837
478.236
478.722
479.08
475.475
533.855
506.86
479.114
451.67
422.639
392.312
360.674
327.607
292.998
256.754
218.821
179.127
137.568
99.2371
78.0866
57.5006
28.0803
5.21857
-1.40211
-1.46158
-1.503
-1.54422
-1.58338
-1.62097
-1.65689
-1.69117
-1.72389
-1.7551
-1.78489
-1.81335
-1.84054
-1.86657
-1.89153
-1.91497
-1.93809
418.1
402.742
382.862
359.426
334.23
307.11
278.26
247.62
215.333
181.503
145.692
107.946
68.2305
27.1116
2.5755
-1.27273
-1.33426
-1.38202
-1.42888
-1.47303
-1.51532
-1.55575
-1.59447
-1.63159
-1.66721
-1.70139
-1.7342
-1.76572
-1.796
-1.82511
-1.8531
-1.88
-1.90586
-1.93092
-1.95457
-1.96675
-1.96659
-1.96563
-1.96523
-1.96487
-1.96451
-1.96415
-1.96383
-1.96355
-1.96331
-1.96312
-1.96296
-1.96282
-1.9627
-1.96258
-1.96246
-1.96231
-1.96214
-1.96189
-1.96152
-1.96099
-1.96022
-1.95909
-1.95733
-1.95484
-1.95217
-1.95056
-1.95003
-1.95055
-1.95186
-1.95357
-1.95525
-1.95659
-1.95758
-1.95828
-1.95876
-1.95907
-1.95927
-1.95938
-1.95942
-1.95941
-1.95935
-1.95926
-1.95913
-1.95897
-1.95878
-1.95858
-1.9583
-1.95763
-1.95728
)
;
    }
    frontAndBack
    {
        type            empty;
    }
}


// ************************************************************************* //
