/*--------------------------------*- C++ -*----------------------------------*\
| =========                 |                                                 |
| \\      /  F ield         | OpenFOAM: The Open Source CFD Toolbox           |
|  \\    /   O peration     | Version:  2412                                  |
|   \\  /    A nd           | Website:  www.openfoam.com                      |
|    \\/     M anipulation  |                                                 |
\*---------------------------------------------------------------------------*/
FoamFile
{
    version     2.0;
    format      ascii;
    arch        "LSB;label=32;scalar=64";
    class       volScalarField;
    location    "30";
    object      p_rgh;
}
// * * * * * * * * * * * * * * * * * * * * * * * * * * * * * * * * * * * * * //

dimensions      [ 1 -1 -2 0 0 0 0 ];

internalField   nonuniform List<scalar> 
55050
(
1337.99
1342.54
1349.49
1357.61
1366.12
1374.53
1382.58
1390.13
1397.12
1403.53
1409.38
1414.69
1419.51
1423.86
1427.78
1431.32
1434.5
1437.36
1439.93
1442.25
1444.34
1446.25
1447.99
1449.59
1451.06
1452.4
1453.61
1454.7
1455.66
1456.48
1457.18
1457.75
1458.19
1458.5
1458.7
1458.77
1458.71
1458.53
1458.24
1457.82
1457.29
1456.64
1455.89
1455.02
1454.05
1452.99
1451.83
1450.6
1449.29
1447.92
1332.61
1336.05
1341.33
1347.58
1354.23
1360.93
1367.43
1373.62
1379.41
1384.78
1389.72
1394.24
1398.36
1402.1
1405.48
1408.55
1411.32
1413.83
1416.09
1418.14
1420
1421.7
1423.26
1424.69
1426.01
1427.22
1428.31
1429.29
1430.15
1430.89
1431.52
1432.04
1432.45
1432.75
1432.94
1433.02
1432.99
1432.86
1432.62
1432.28
1431.83
1431.3
1430.67
1429.94
1429.12
1428.23
1427.25
1426.22
1425.12
1423.98
1325.78
1328.2
1332.17
1337.01
1342.26
1347.64
1352.93
1358.03
1362.85
1367.36
1371.54
1375.39
1378.91
1382.12
1385.05
1387.71
1390.12
1392.31
1394.3
1396.1
1397.75
1399.26
1400.65
1401.94
1403.13
1404.21
1405.19
1406.08
1406.85
1407.53
1408.09
1408.56
1408.94
1409.21
1409.4
1409.48
1409.47
1409.36
1409.16
1408.88
1408.5
1408.05
1407.51
1406.9
1406.2
1405.44
1404.6
1403.72
1402.78
1401.8
1319.21
1320.89
1323.9
1327.71
1331.91
1336.27
1340.62
1344.84
1348.88
1352.69
1356.24
1359.53
1362.55
1365.32
1367.86
1370.17
1372.27
1374.19
1375.94
1377.53
1378.99
1380.33
1381.58
1382.74
1383.81
1384.78
1385.67
1386.47
1387.17
1387.78
1388.29
1388.71
1389.05
1389.31
1389.48
1389.57
1389.56
1389.47
1389.3
1389.06
1388.74
1388.35
1387.89
1387.36
1386.76
1386.1
1385.38
1384.61
1383.8
1382.94
1313.53
1314.74
1317.08
1320.14
1323.53
1327.09
1330.68
1334.21
1337.61
1340.84
1343.88
1346.7
1349.3
1351.7
1353.91
1355.92
1357.76
1359.44
1360.98
1362.39
1363.69
1364.89
1366.01
1367.05
1368.02
1368.9
1369.71
1370.43
1371.07
1371.61
1372.07
1372.45
1372.75
1372.99
1373.15
1373.23
1373.23
1373.15
1373
1372.79
1372.51
1372.18
1371.78
1371.32
1370.8
1370.22
1369.59
1368.91
1368.19
1367.43
1308.91
1309.87
1311.75
1314.23
1316.99
1319.92
1322.9
1325.87
1328.76
1331.51
1334.12
1336.55
1338.8
1340.89
1342.82
1344.58
1346.19
1347.68
1349.04
1350.3
1351.44
1352.51
1353.52
1354.47
1355.35
1356.15
1356.88
1357.55
1358.12
1358.61
1359.01
1359.35
1359.63
1359.84
1359.99
1360.07
1360.06
1359.99
1359.85
1359.67
1359.42
1359.13
1358.78
1358.38
1357.92
1357.41
1356.84
1356.24
1355.6
1354.92
1305.37
1306.21
1307.78
1309.81
1312.06
1314.44
1316.91
1319.44
1321.89
1324.25
1326.51
1328.62
1330.57
1332.4
1334.1
1335.65
1337.06
1338.38
1339.6
1340.72
1341.75
1342.71
1343.62
1344.49
1345.29
1346.01
1346.69
1347.29
1347.81
1348.25
1348.61
1348.92
1349.16
1349.35
1349.49
1349.56
1349.55
1349.48
1349.36
1349.19
1348.97
1348.71
1348.4
1348.04
1347.63
1347.17
1346.67
1346.13
1345.55
1344.93
1302.67
1303.48
1304.85
1306.6
1308.51
1310.54
1312.65
1314.82
1316.93
1318.96
1320.91
1322.73
1324.4
1325.98
1327.45
1328.78
1329.99
1331.1
1332.17
1333.19
1334.1
1334.97
1335.8
1336.6
1337.34
1337.99
1338.61
1339.17
1339.65
1340.03
1340.36
1340.63
1340.85
1341.03
1341.15
1341.22
1341.2
1341.13
1341.01
1340.85
1340.66
1340.42
1340.15
1339.83
1339.46
1339.04
1338.58
1338.09
1337.56
1336.99
1300.48
1301.28
1302.54
1304.1
1305.8
1307.6
1309.47
1311.39
1313.25
1315.04
1316.78
1318.41
1319.88
1321.29
1322.6
1323.79
1324.86
1325.85
1326.81
1327.71
1328.52
1329.29
1330.03
1330.74
1331.4
1331.97
1332.52
1333.01
1333.42
1333.75
1334.02
1334.24
1334.41
1334.55
1334.64
1334.68
1334.64
1334.54
1334.4
1334.24
1334.06
1333.84
1333.59
1333.3
1332.96
1332.59
1332.17
1331.71
1331.23
1330.7
1298.65
1299.46
1300.63
1302.05
1303.57
1305.2
1306.88
1308.63
1310.31
1311.93
1313.52
1315.02
1316.37
1317.67
1318.89
1319.99
1320.98
1321.91
1322.8
1323.63
1324.36
1325.05
1325.73
1326.39
1326.99
1327.51
1328.01
1328.46
1328.83
1329.11
1329.34
1329.53
1329.68
1329.78
1329.86
1329.89
1329.83
1329.72
1329.57
1329.4
1329.23
1329.02
1328.77
1328.49
1328.16
1327.8
1327.39
1326.95
1326.48
1325.95
1297.14
1297.96
1299.06
1300.37
1301.76
1303.24
1304.78
1306.38
1307.91
1309.4
1310.88
1312.27
1313.51
1314.73
1315.87
1316.91
1317.83
1318.71
1319.55
1320.34
1321.01
1321.66
1322.31
1322.93
1323.5
1323.99
1324.46
1324.9
1325.25
1325.5
1325.72
1325.9
1326.03
1326.13
1326.21
1326.24
1326.18
1326.07
1325.93
1325.77
1325.6
1325.4
1325.16
1324.89
1324.57
1324.22
1323.83
1323.4
1322.94
1322.42
1295.89
1296.73
1297.77
1299
1300.28
1301.65
1303.06
1304.55
1305.97
1307.35
1308.73
1310.04
1311.19
1312.33
1313.42
1314.4
1315.27
1316.11
1316.91
1317.66
1318.29
1318.91
1319.52
1320.12
1320.67
1321.13
1321.58
1322
1322.33
1322.58
1322.78
1322.94
1323.07
1323.17
1323.24
1323.27
1323.21
1323.11
1322.98
1322.82
1322.66
1322.47
1322.24
1321.98
1321.68
1321.35
1320.98
1320.58
1320.14
1319.65
1446.57
1445.74
1445.63
1445.85
1446.14
1446.28
1446.13
1445.59
1444.59
1443.11
1441.13
1438.67
1435.75
1432.42
1428.7
1424.65
1420.31
1415.75
1411.01
1406.15
1401.21
1396.23
1391.26
1386.33
1381.48
1376.73
1372.1
1367.61
1363.28
1359.11
1355.12
1351.31
1347.69
1344.24
1340.98
1337.9
1334.99
1332.26
1329.69
1327.27
1325.01
1322.88
1320.9
1319.05
1317.32
1315.7
1314.2
1312.79
1311.48
1310.26
1422.81
1422.06
1421.85
1421.88
1421.95
1421.88
1421.57
1420.93
1419.91
1418.48
1416.63
1414.37
1411.73
1408.74
1405.44
1401.86
1398.05
1394.06
1389.93
1385.7
1381.42
1377.11
1372.82
1368.57
1364.39
1360.31
1356.34
1352.49
1348.77
1345.2
1341.78
1338.52
1335.41
1332.45
1329.65
1327.01
1324.51
1322.16
1319.94
1317.86
1315.91
1314.08
1312.36
1310.76
1309.26
1307.86
1306.55
1305.32
1304.18
1303.11
1400.77
1400.08
1399.83
1399.77
1399.72
1399.55
1399.17
1398.52
1397.54
1396.2
1394.51
1392.46
1390.09
1387.42
1384.48
1381.31
1377.95
1374.44
1370.8
1367.09
1363.33
1359.56
1355.8
1352.09
1348.44
1344.87
1341.4
1338.04
1334.8
1331.69
1328.7
1325.85
1323.14
1320.56
1318.11
1315.8
1313.62
1311.56
1309.62
1307.8
1306.1
1304.5
1303
1301.61
1300.3
1299.08
1297.93
1296.86
1295.86
1294.93
1382.04
1381.41
1381.14
1381.02
1380.91
1380.7
1380.31
1379.68
1378.76
1377.54
1376.01
1374.17
1372.04
1369.65
1367.04
1364.23
1361.25
1358.13
1354.92
1351.63
1348.31
1344.97
1341.65
1338.37
1335.14
1331.99
1328.92
1325.95
1323.09
1320.34
1317.7
1315.18
1312.78
1310.49
1308.32
1306.27
1304.33
1302.5
1300.78
1299.17
1297.66
1296.24
1294.92
1293.69
1292.54
1291.46
1290.46
1289.52
1288.65
1287.83
1366.65
1366.07
1365.8
1365.66
1365.52
1365.29
1364.9
1364.32
1363.49
1362.38
1361
1359.35
1357.44
1355.31
1352.98
1350.47
1347.82
1345.05
1342.19
1339.26
1336.3
1333.33
1330.37
1327.44
1324.56
1321.75
1319.02
1316.37
1313.82
1311.36
1309.01
1306.76
1304.61
1302.57
1300.62
1298.77
1297.03
1295.38
1293.83
1292.39
1291.03
1289.76
1288.59
1287.49
1286.47
1285.53
1284.65
1283.83
1283.07
1282.35
1354.23
1353.7
1353.43
1353.29
1353.14
1352.91
1352.55
1352.02
1351.27
1350.28
1349.04
1347.56
1345.85
1343.94
1341.85
1339.6
1337.23
1334.75
1332.19
1329.58
1326.92
1324.26
1321.6
1318.97
1316.37
1313.84
1311.39
1309.01
1306.72
1304.52
1302.41
1300.38
1298.45
1296.6
1294.83
1293.16
1291.57
1290.08
1288.68
1287.37
1286.11
1284.96
1283.89
1282.92
1282.03
1281.21
1280.46
1279.76
1279.11
1278.49
1344.32
1343.82
1343.58
1343.43
1343.29
1343.07
1342.74
1342.26
1341.6
1340.72
1339.6
1338.27
1336.73
1335.01
1333.13
1331.1
1328.98
1326.73
1324.44
1322.08
1319.69
1317.29
1314.88
1312.49
1310.14
1307.85
1305.63
1303.51
1301.48
1299.51
1297.62
1295.81
1294.06
1292.39
1290.78
1289.25
1287.8
1286.43
1285.13
1283.88
1282.72
1281.67
1280.71
1279.82
1279.01
1278.27
1277.58
1276.94
1276.34
1275.79
1336.44
1335.99
1335.76
1335.62
1335.48
1335.28
1334.98
1334.56
1333.97
1333.19
1332.18
1330.97
1329.58
1328.03
1326.32
1324.49
1322.56
1320.61
1318.58
1316.48
1314.34
1312.18
1310.01
1307.85
1305.71
1303.62
1301.6
1299.66
1297.78
1295.97
1294.23
1292.55
1290.93
1289.37
1287.86
1286.42
1285.05
1283.74
1282.51
1281.34
1280.27
1279.29
1278.38
1277.54
1276.77
1276.06
1275.4
1274.8
1274.24
1273.73
1330.2
1329.77
1329.56
1329.43
1329.31
1329.13
1328.86
1328.48
1328.02
1327.4
1326.55
1325.5
1324.27
1322.9
1321.37
1319.71
1317.97
1316.19
1314.34
1312.41
1310.44
1308.46
1306.46
1304.45
1302.46
1300.52
1298.63
1296.79
1295.01
1293.29
1291.63
1290.04
1288.5
1287.01
1285.57
1284.18
1282.86
1281.61
1280.43
1279.34
1278.33
1277.4
1276.52
1275.71
1274.97
1274.29
1273.67
1273.11
1272.6
1272.12
1325.33
1324.96
1324.81
1324.75
1324.69
1324.57
1324.37
1324.06
1323.69
1323.17
1322.41
1321.46
1320.35
1319.1
1317.69
1316.16
1314.54
1312.86
1311.11
1309.29
1307.43
1305.56
1303.67
1301.76
1299.87
1298.03
1296.24
1294.48
1292.78
1291.14
1289.55
1288.03
1286.56
1285.13
1283.74
1282.4
1281.12
1279.91
1278.78
1277.74
1276.79
1275.91
1275.06
1274.27
1273.55
1272.9
1272.31
1271.79
1271.31
1270.88
1321.77
1321.43
1321.32
1321.29
1321.26
1321.18
1321.01
1320.75
1320.41
1319.92
1319.2
1318.3
1317.25
1316.07
1314.75
1313.3
1311.77
1310.17
1308.5
1306.76
1304.99
1303.22
1301.42
1299.59
1297.78
1296.03
1294.32
1292.62
1290.98
1289.41
1287.88
1286.41
1285.01
1283.63
1282.3
1280.99
1279.75
1278.56
1277.46
1276.48
1275.59
1274.75
1273.92
1273.14
1272.43
1271.8
1271.23
1270.74
1270.31
1269.9
1319.04
1318.72
1318.61
1318.57
1318.55
1318.47
1318.31
1318.07
1317.75
1317.28
1316.6
1315.73
1314.74
1313.62
1312.36
1310.98
1309.52
1307.98
1306.39
1304.72
1303.02
1301.33
1299.61
1297.84
1296.09
1294.41
1292.78
1291.13
1289.53
1288.01
1286.53
1285.12
1283.78
1282.44
1281.16
1279.87
1278.66
1277.48
1276.42
1275.47
1274.64
1273.87
1273.03
1272.23
1271.54
1270.92
1270.35
1269.89
1269.51
1269.14
1309.1
1307.97
1306.82
1305.67
1304.52
1303.36
1302.2
1301.04
1299.89
1298.75
1297.63
1296.52
1295.44
1294.38
1293.36
1292.39
1291.46
1290.58
1289.77
1289.03
1288.38
1287.81
1287.35
1287.01
1286.79
1286.73
1286.81
1287.04
1287.4
1287.88
1288.48
1289.18
1289.98
1290.85
1291.8
1292.82
1293.9
1295.02
1296.19
1297.39
1298.63
1299.88
1301.16
1302.44
1303.74
1305.04
1306.34
1307.64
1308.94
1310.22
1302.1
1301.1
1300.1
1299.08
1298.06
1297.03
1296
1294.97
1293.93
1292.91
1291.89
1290.88
1289.88
1288.91
1287.96
1287.04
1286.16
1285.32
1284.52
1283.79
1283.13
1282.54
1282.03
1281.63
1281.33
1281.16
1281.13
1281.22
1281.42
1281.74
1282.15
1282.65
1283.24
1283.9
1284.62
1285.41
1286.25
1287.13
1288.05
1289
1289.98
1290.98
1292
1293.03
1294.08
1295.13
1296.18
1297.24
1298.29
1299.34
1294.05
1293.17
1292.29
1291.4
1290.5
1289.59
1288.67
1287.75
1286.83
1285.91
1284.99
1284.07
1283.16
1282.27
1281.38
1280.52
1279.68
1278.87
1278.09
1277.36
1276.67
1276.04
1275.48
1274.98
1274.58
1274.27
1274.08
1274
1274.02
1274.14
1274.35
1274.64
1275
1275.43
1275.92
1276.47
1277.07
1277.71
1278.4
1279.11
1279.86
1280.63
1281.42
1282.23
1283.05
1283.89
1284.73
1285.58
1286.43
1287.28
1287.05
1286.29
1285.51
1284.72
1283.93
1283.12
1282.31
1281.49
1280.67
1279.84
1279.01
1278.18
1277.35
1276.52
1275.7
1274.89
1274.09
1273.31
1272.55
1271.8
1271.09
1270.41
1269.77
1269.18
1268.66
1268.21
1267.85
1267.59
1267.42
1267.34
1267.34
1267.42
1267.56
1267.77
1268.05
1268.38
1268.75
1269.18
1269.65
1270.15
1270.69
1271.25
1271.85
1272.46
1273.09
1273.74
1274.4
1275.08
1275.76
1276.44
1281.68
1281.01
1280.33
1279.63
1278.93
1278.22
1277.5
1276.77
1276.04
1275.3
1274.55
1273.8
1273.04
1272.28
1271.53
1270.77
1270.01
1269.26
1268.51
1267.76
1267.02
1266.3
1265.59
1264.91
1264.27
1263.68
1263.17
1262.75
1262.41
1262.14
1261.94
1261.82
1261.76
1261.77
1261.83
1261.95
1262.13
1262.35
1262.62
1262.92
1263.27
1263.64
1264.05
1264.48
1264.94
1265.42
1265.91
1266.42
1266.95
1267.48
1277.91
1277.32
1276.72
1276.11
1275.49
1274.86
1274.22
1273.57
1272.92
1272.25
1271.59
1270.91
1270.22
1269.53
1268.83
1268.13
1267.42
1266.71
1265.98
1265.24
1264.49
1263.74
1262.98
1262.24
1261.51
1260.82
1260.2
1259.65
1259.17
1258.75
1258.4
1258.1
1257.87
1257.7
1257.58
1257.52
1257.51
1257.54
1257.62
1257.75
1257.91
1258.11
1258.34
1258.59
1258.88
1259.19
1259.52
1259.87
1260.24
1260.63
1275.26
1274.73
1274.2
1273.65
1273.1
1272.54
1271.97
1271.39
1270.81
1270.22
1269.62
1269
1268.37
1267.73
1267.09
1266.44
1265.79
1265.12
1264.44
1263.72
1262.99
1262.23
1261.47
1260.7
1259.95
1259.23
1258.55
1257.93
1257.37
1256.86
1256.4
1256
1255.65
1255.35
1255.1
1254.91
1254.77
1254.68
1254.62
1254.6
1254.61
1254.66
1254.74
1254.84
1254.98
1255.13
1255.31
1255.51
1255.73
1255.96
1273.25
1272.77
1272.29
1271.81
1271.31
1270.81
1270.3
1269.79
1269.27
1268.74
1268.2
1267.64
1267.05
1266.45
1265.85
1265.26
1264.67
1264.07
1263.43
1262.75
1262.02
1261.27
1260.51
1259.75
1258.99
1258.26
1257.55
1256.88
1256.25
1255.68
1255.18
1254.7
1254.26
1253.87
1253.54
1253.28
1253.07
1252.9
1252.76
1252.65
1252.58
1252.54
1252.52
1252.54
1252.58
1252.64
1252.72
1252.82
1252.94
1253.07
1271.68
1271.26
1270.83
1270.4
1269.96
1269.51
1269.04
1268.58
1268.12
1267.67
1267.19
1266.67
1266.1
1265.5
1264.93
1264.4
1263.9
1263.38
1262.79
1262.12
1261.4
1260.64
1259.87
1259.1
1258.36
1257.62
1256.9
1256.19
1255.49
1254.88
1254.37
1253.84
1253.3
1252.83
1252.43
1252.12
1251.88
1251.68
1251.48
1251.3
1251.16
1251.06
1250.99
1250.95
1250.92
1250.91
1250.93
1250.96
1251.01
1251.08
1270.47
1270.08
1269.71
1269.34
1268.96
1268.53
1268.08
1267.65
1267.25
1266.88
1266.48
1266.01
1265.41
1264.77
1264.21
1263.75
1263.36
1262.95
1262.4
1261.73
1260.99
1260.22
1259.44
1258.67
1257.95
1257.24
1256.52
1255.76
1254.99
1254.34
1253.89
1253.31
1252.66
1252.1
1251.64
1251.3
1251.06
1250.86
1250.61
1250.35
1250.14
1249.99
1249.89
1249.81
1249.72
1249.65
1249.6
1249.58
1249.58
1249.6
1269.51
1269.15
1268.84
1268.55
1268.22
1267.78
1267.31
1266.89
1266.55
1266.28
1265.99
1265.58
1264.89
1264.15
1263.58
1263.2
1262.97
1262.7
1262.18
1261.48
1260.71
1259.92
1259.12
1258.36
1257.67
1257
1256.29
1255.5
1254.61
1253.9
1253.67
1253.04
1252.22
1251.55
1251.05
1250.7
1250.49
1250.37
1250.04
1249.67
1249.39
1249.22
1249.13
1249.03
1248.88
1248.73
1248.63
1248.58
1248.54
1248.51
1268.72
1268.36
1268.11
1267.94
1267.71
1267.21
1266.64
1266.21
1265.95
1265.81
1265.67
1265.36
1264.47
1263.55
1263
1262.72
1262.7
1262.61
1262.07
1261.32
1260.51
1259.69
1258.88
1258.1
1257.47
1256.83
1256.14
1255.32
1254.25
1253.46
1253.71
1252.95
1251.85
1251.11
1250.55
1250.2
1250.06
1250.13
1249.67
1249.16
1248.8
1248.63
1248.62
1248.53
1248.28
1248.06
1247.92
1247.85
1247.8
1247.73
1311.49
1312.76
1314.07
1315.42
1316.8
1318.22
1319.67
1321.16
1322.69
1324.25
1325.84
1327.48
1329.14
1330.85
1332.58
1334.36
1336.16
1338
1339.88
1341.78
1343.72
1345.69
1347.69
1349.73
1351.79
1353.89
1356.01
1358.16
1360.34
1362.54
1364.78
1367.03
1369.31
1371.62
1373.94
1376.29
1378.65
1381.04
1383.44
1385.85
1388.28
1390.73
1393.18
1395.64
1398.11
1400.59
1403.07
1405.56
1408.04
1410.53
1413.01
1415.5
1417.98
1420.47
1422.93
1425.31
1427.63
1429.94
1432.23
1434.5
1436.75
1438.96
1441.14
1443.28
1445.37
1447.42
1449.43
1451.38
1453.28
1455.12
1456.91
1458.64
1460.3
1461.9
1463.44
1464.91
1466.31
1467.64
1468.9
1470.09
1471.21
1472.26
1473.23
1474.13
1474.96
1475.72
1476.41
1477.03
1477.59
1478.08
1478.5
1478.86
1479.17
1479.43
1479.65
1479.85
1480.06
1480.21
1480.27
1480.22
1480.07
1479.84
1479.53
1479.15
1478.7
1478.18
1477.6
1476.95
1476.23
1475.45
1474.6
1473.7
1472.73
1471.7
1470.62
1469.48
1468.29
1467.05
1465.76
1464.43
1463.05
1461.63
1460.17
1458.68
1457.16
1455.61
1454.03
1452.44
1450.84
1449.22
1447.6
1445.98
1444.37
1442.77
1441.19
1439.65
1438.15
1436.69
1435.29
1433.97
1432.72
1431.58
1430.55
1429.65
1428.89
1428.31
1427.93
1427.79
1427.99
1428.65
1300.38
1301.42
1302.5
1303.6
1304.74
1305.91
1307.12
1308.35
1309.62
1310.93
1312.26
1313.63
1315.03
1316.46
1317.92
1319.42
1320.95
1322.51
1324.1
1325.72
1327.38
1329.06
1330.78
1332.52
1334.29
1336.1
1337.93
1339.79
1341.67
1343.58
1345.52
1347.48
1349.46
1351.47
1353.5
1355.55
1357.63
1359.72
1361.82
1363.95
1366.09
1368.24
1370.41
1372.59
1374.77
1376.97
1379.17
1381.38
1383.59
1385.81
1388.03
1390.24
1392.46
1394.67
1396.85
1398.98
1401.09
1403.19
1405.27
1407.32
1409.36
1411.36
1413.34
1415.29
1417.2
1419.07
1420.9
1422.69
1424.44
1426.14
1427.79
1429.39
1430.93
1432.42
1433.86
1435.23
1436.55
1437.8
1439
1440.13
1441.19
1442.19
1443.13
1444
1444.81
1445.55
1446.22
1446.84
1447.39
1447.88
1448.31
1448.68
1449.01
1449.28
1449.52
1449.73
1449.92
1450.05
1450.1
1450.07
1449.97
1449.79
1449.55
1449.23
1448.86
1448.42
1447.92
1447.36
1446.75
1446.08
1445.35
1444.57
1443.74
1442.85
1441.92
1440.93
1439.9
1438.83
1437.71
1436.55
1435.35
1434.12
1432.85
1431.55
1430.22
1428.87
1427.5
1426.11
1424.7
1423.29
1421.87
1420.45
1419.03
1417.62
1416.23
1414.87
1413.53
1412.23
1410.98
1409.78
1408.64
1407.58
1406.6
1405.72
1404.95
1404.32
1403.85
1403.58
1403.58
1403.91
1288.13
1288.98
1289.86
1290.78
1291.72
1292.7
1293.7
1294.74
1295.8
1296.9
1298.03
1299.2
1300.39
1301.61
1302.87
1304.16
1305.47
1306.82
1308.2
1309.61
1311.05
1312.53
1314.03
1315.55
1317.11
1318.7
1320.31
1321.95
1323.62
1325.31
1327.03
1328.77
1330.53
1332.32
1334.13
1335.96
1337.82
1339.69
1341.58
1343.48
1345.4
1347.34
1349.29
1351.26
1353.23
1355.21
1357.21
1359.21
1361.21
1363.22
1365.23
1367.25
1369.26
1371.27
1373.25
1375.2
1377.13
1379.05
1380.96
1382.84
1384.71
1386.55
1388.37
1390.16
1391.92
1393.65
1395.34
1396.99
1398.61
1400.18
1401.71
1403.19
1404.63
1406.02
1407.35
1408.64
1409.86
1411.04
1412.15
1413.21
1414.21
1415.15
1416.04
1416.86
1417.62
1418.32
1418.96
1419.54
1420.06
1420.53
1420.94
1421.3
1421.61
1421.88
1422.11
1422.3
1422.47
1422.59
1422.63
1422.61
1422.52
1422.37
1422.15
1421.87
1421.54
1421.15
1420.7
1420.21
1419.66
1419.05
1418.4
1417.71
1416.96
1416.17
1415.34
1414.46
1413.54
1412.58
1411.58
1410.54
1409.47
1408.37
1407.24
1406.08
1404.9
1403.69
1402.46
1401.22
1399.96
1398.7
1397.42
1396.15
1394.88
1393.62
1392.36
1391.13
1389.92
1388.73
1387.59
1386.48
1385.43
1384.43
1383.5
1382.65
1381.89
1381.24
1380.72
1380.38
1380.25
1380.38
1277.13
1277.83
1278.55
1279.31
1280.09
1280.9
1281.75
1282.62
1283.53
1284.47
1285.44
1286.44
1287.47
1288.53
1289.62
1290.75
1291.91
1293.09
1294.31
1295.56
1296.84
1298.15
1299.49
1300.85
1302.25
1303.67
1305.12
1306.6
1308.1
1309.63
1311.18
1312.75
1314.35
1315.98
1317.62
1319.29
1320.97
1322.67
1324.4
1326.14
1327.89
1329.67
1331.45
1333.25
1335.06
1336.88
1338.71
1340.55
1342.4
1344.25
1346.1
1347.95
1349.81
1351.66
1353.49
1355.29
1357.09
1358.87
1360.64
1362.39
1364.13
1365.84
1367.53
1369.2
1370.84
1372.44
1374.02
1375.56
1377.07
1378.54
1379.97
1381.35
1382.7
1383.99
1385.24
1386.44
1387.59
1388.69
1389.74
1390.73
1391.67
1392.55
1393.37
1394.14
1394.85
1395.51
1396.11
1396.65
1397.14
1397.58
1397.96
1398.29
1398.58
1398.82
1399.02
1399.19
1399.33
1399.41
1399.44
1399.4
1399.31
1399.16
1398.95
1398.69
1398.38
1398.02
1397.61
1397.15
1396.64
1396.09
1395.49
1394.85
1394.16
1393.44
1392.67
1391.87
1391.03
1390.15
1389.24
1388.3
1387.32
1386.32
1385.29
1384.23
1383.15
1382.05
1380.93
1379.8
1378.66
1377.5
1376.34
1375.18
1374.02
1372.87
1371.72
1370.59
1369.48
1368.39
1367.32
1366.3
1365.31
1364.38
1363.49
1362.68
1361.94
1361.29
1360.76
1360.37
1360.15
1360.15
1268.02
1268.58
1269.17
1269.78
1270.43
1271.1
1271.81
1272.55
1273.32
1274.12
1274.96
1275.82
1276.72
1277.66
1278.62
1279.62
1280.65
1281.71
1282.81
1283.93
1285.08
1286.27
1287.48
1288.72
1289.99
1291.29
1292.61
1293.96
1295.33
1296.73
1298.15
1299.6
1301.07
1302.56
1304.07
1305.6
1307.15
1308.73
1310.32
1311.92
1313.55
1315.19
1316.84
1318.51
1320.19
1321.88
1323.58
1325.28
1327
1328.72
1330.44
1332.17
1333.89
1335.61
1337.32
1339.01
1340.69
1342.36
1344.02
1345.66
1347.29
1348.9
1350.48
1352.05
1353.58
1355.09
1356.57
1358.02
1359.44
1360.82
1362.16
1363.46
1364.72
1365.94
1367.11
1368.24
1369.31
1370.35
1371.33
1372.26
1373.14
1373.96
1374.73
1375.45
1376.12
1376.73
1377.29
1377.79
1378.24
1378.64
1378.99
1379.3
1379.55
1379.77
1379.94
1380.07
1380.17
1380.22
1380.22
1380.17
1380.07
1379.91
1379.71
1379.46
1379.16
1378.81
1378.42
1377.98
1377.5
1376.98
1376.42
1375.82
1375.18
1374.5
1373.79
1373.04
1372.26
1371.44
1370.6
1369.72
1368.82
1367.89
1366.93
1365.96
1364.96
1363.94
1362.91
1361.86
1360.8
1359.74
1358.67
1357.59
1356.52
1355.45
1354.39
1353.34
1352.3
1351.29
1350.3
1349.34
1348.41
1347.53
1346.7
1345.92
1345.2
1344.57
1344.04
1343.63
1343.35
1343.25
1261.02
1261.44
1261.88
1262.35
1262.86
1263.4
1263.97
1264.57
1265.21
1265.89
1266.59
1267.34
1268.12
1268.94
1269.79
1270.68
1271.6
1272.56
1273.55
1274.57
1275.63
1276.72
1277.83
1278.97
1280.15
1281.34
1282.57
1283.81
1285.09
1286.38
1287.7
1289.04
1290.4
1291.78
1293.19
1294.61
1296.06
1297.52
1299
1300.5
1302.01
1303.54
1305.08
1306.64
1308.21
1309.79
1311.38
1312.98
1314.59
1316.2
1317.82
1319.44
1321.05
1322.67
1324.27
1325.87
1327.45
1329.03
1330.6
1332.15
1333.68
1335.2
1336.7
1338.17
1339.62
1341.05
1342.45
1343.82
1345.15
1346.45
1347.72
1348.95
1350.14
1351.28
1352.39
1353.45
1354.47
1355.44
1356.36
1357.24
1358.06
1358.84
1359.56
1360.23
1360.86
1361.42
1361.94
1362.41
1362.82
1363.19
1363.51
1363.78
1364.01
1364.19
1364.33
1364.43
1364.49
1364.51
1364.49
1364.42
1364.3
1364.14
1363.94
1363.68
1363.39
1363.05
1362.67
1362.25
1361.8
1361.3
1360.76
1360.19
1359.58
1358.94
1358.27
1357.56
1356.82
1356.05
1355.26
1354.43
1353.58
1352.71
1351.82
1350.9
1349.97
1349.01
1348.05
1347.07
1346.08
1345.09
1344.09
1343.08
1342.08
1341.08
1340.08
1339.1
1338.13
1337.18
1336.25
1335.35
1334.47
1333.64
1332.84
1332.1
1331.42
1330.8
1330.28
1329.85
1329.55
1329.37
1256.2
1256.45
1256.74
1257.07
1257.43
1257.82
1258.25
1258.71
1259.21
1259.74
1260.31
1260.92
1261.56
1262.25
1262.98
1263.75
1264.56
1265.42
1266.31
1267.24
1268.2
1269.19
1270.22
1271.28
1272.37
1273.49
1274.63
1275.79
1276.98
1278.2
1279.43
1280.68
1281.96
1283.25
1284.56
1285.9
1287.25
1288.62
1290
1291.41
1292.83
1294.27
1295.72
1297.18
1298.66
1300.15
1301.65
1303.16
1304.68
1306.2
1307.72
1309.25
1310.78
1312.31
1313.83
1315.34
1316.84
1318.34
1319.83
1321.3
1322.76
1324.2
1325.62
1327.02
1328.4
1329.75
1331.08
1332.38
1333.64
1334.88
1336.08
1337.24
1338.37
1339.46
1340.51
1341.51
1342.47
1343.39
1344.26
1345.09
1345.87
1346.6
1347.28
1347.91
1348.49
1349.02
1349.5
1349.94
1350.32
1350.65
1350.94
1351.18
1351.38
1351.53
1351.64
1351.72
1351.75
1351.74
1351.69
1351.6
1351.47
1351.31
1351.09
1350.84
1350.55
1350.22
1349.85
1349.44
1348.99
1348.51
1348
1347.44
1346.86
1346.25
1345.6
1344.93
1344.22
1343.49
1342.73
1341.95
1341.15
1340.32
1339.47
1338.61
1337.72
1336.82
1335.91
1334.99
1334.06
1333.12
1332.17
1331.23
1330.28
1329.34
1328.4
1327.47
1326.55
1325.65
1324.77
1323.92
1323.09
1322.3
1321.54
1320.83
1320.17
1319.58
1319.06
1318.64
1318.32
1318.1
1253.22
1253.37
1253.55
1253.76
1253.98
1254.24
1254.53
1254.84
1255.19
1255.56
1255.98
1256.42
1256.9
1257.43
1258.02
1258.66
1259.35
1260.08
1260.86
1261.68
1262.53
1263.43
1264.36
1265.33
1266.33
1267.37
1268.43
1269.53
1270.64
1271.78
1272.94
1274.12
1275.32
1276.53
1277.77
1279.02
1280.3
1281.59
1282.9
1284.22
1285.57
1286.92
1288.3
1289.68
1291.08
1292.49
1293.91
1295.35
1296.79
1298.23
1299.69
1301.14
1302.59
1304.04
1305.49
1306.93
1308.37
1309.79
1311.21
1312.62
1314.01
1315.38
1316.74
1318.08
1319.39
1320.69
1321.95
1323.19
1324.4
1325.58
1326.72
1327.83
1328.91
1329.94
1330.94
1331.89
1332.81
1333.68
1334.51
1335.29
1336.03
1336.72
1337.36
1337.96
1338.5
1339
1339.45
1339.85
1340.2
1340.51
1340.77
1340.98
1341.15
1341.28
1341.37
1341.41
1341.42
1341.39
1341.32
1341.21
1341.07
1340.89
1340.68
1340.42
1340.13
1339.8
1339.44
1339.04
1338.6
1338.13
1337.63
1337.09
1336.53
1335.94
1335.31
1334.66
1333.99
1333.29
1332.56
1331.81
1331.04
1330.25
1329.44
1328.61
1327.77
1326.92
1326.05
1325.17
1324.28
1323.39
1322.49
1321.59
1320.69
1319.79
1318.9
1318.02
1317.15
1316.29
1315.45
1314.64
1313.85
1313.09
1312.37
1311.69
1311.06
1310.48
1309.98
1309.55
1309.23
1308.99
1251.17
1251.26
1251.38
1251.51
1251.66
1251.84
1252.04
1252.27
1252.52
1252.81
1253.12
1253.47
1253.85
1254.28
1254.74
1255.26
1255.81
1256.42
1257.06
1257.75
1258.48
1259.25
1260.06
1260.9
1261.79
1262.71
1263.67
1264.67
1265.71
1266.78
1267.87
1268.98
1270.11
1271.26
1272.43
1273.62
1274.82
1276.05
1277.29
1278.55
1279.82
1281.12
1282.42
1283.74
1285.07
1286.42
1287.77
1289.14
1290.51
1291.9
1293.29
1294.68
1296.07
1297.45
1298.83
1300.22
1301.59
1302.96
1304.32
1305.67
1307.01
1308.33
1309.63
1310.91
1312.18
1313.42
1314.63
1315.82
1316.98
1318.1
1319.2
1320.26
1321.29
1322.28
1323.24
1324.15
1325.02
1325.86
1326.65
1327.39
1328.09
1328.75
1329.36
1329.92
1330.44
1330.91
1331.33
1331.7
1332.03
1332.31
1332.54
1332.73
1332.88
1332.98
1333.05
1333.08
1333.06
1333
1332.91
1332.79
1332.65
1332.46
1332.24
1331.98
1331.69
1331.36
1331
1330.6
1330.18
1329.71
1329.22
1328.7
1328.15
1327.58
1326.97
1326.34
1325.69
1325.01
1324.31
1323.59
1322.85
1322.08
1321.31
1320.51
1319.7
1318.88
1318.05
1317.21
1316.36
1315.5
1314.64
1313.78
1312.92
1312.06
1311.21
1310.36
1309.53
1308.71
1307.91
1307.13
1306.37
1305.65
1304.95
1304.3
1303.68
1303.12
1302.63
1302.22
1301.89
1301.65
1249.62
1249.67
1249.73
1249.81
1249.91
1250.03
1250.18
1250.35
1250.55
1250.78
1251.03
1251.32
1251.64
1252
1252.4
1252.83
1253.3
1253.82
1254.38
1254.97
1255.61
1256.29
1257.01
1257.77
1258.57
1259.41
1260.28
1261.2
1262.15
1263.13
1264.14
1265.18
1266.23
1267.31
1268.4
1269.51
1270.64
1271.79
1272.95
1274.13
1275.32
1276.54
1277.77
1279.03
1280.3
1281.59
1282.89
1284.2
1285.52
1286.85
1288.19
1289.53
1290.88
1292.17
1293.51
1294.85
1296.18
1297.5
1298.81
1300.11
1301.4
1302.67
1303.93
1305.16
1306.38
1307.58
1308.75
1309.89
1311.01
1312.1
1313.15
1314.17
1315.16
1316.12
1317.03
1317.91
1318.75
1319.55
1320.3
1321.02
1321.69
1322.32
1322.9
1323.44
1323.93
1324.37
1324.77
1325.11
1325.42
1325.67
1325.89
1326.06
1326.18
1326.27
1326.32
1326.33
1326.29
1326.22
1326.1
1325.97
1325.82
1325.63
1325.4
1325.15
1324.85
1324.52
1324.16
1323.77
1323.35
1322.89
1322.41
1321.9
1321.36
1320.8
1320.21
1319.6
1318.96
1318.3
1317.62
1316.92
1316.2
1315.46
1314.71
1313.94
1313.16
1312.37
1311.56
1310.75
1309.93
1309.11
1308.28
1307.46
1306.63
1305.8
1304.98
1304.16
1303.36
1302.57
1301.8
1301.05
1300.32
1299.62
1298.95
1298.32
1297.72
1297.18
1296.7
1296.29
1295.96
1295.73
1248.49
1248.48
1248.5
1248.53
1248.58
1248.65
1248.74
1248.87
1249.02
1249.19
1249.4
1249.63
1249.9
1250.2
1250.54
1250.92
1251.34
1251.79
1252.29
1252.83
1253.41
1254.03
1254.7
1255.41
1256.15
1256.94
1257.76
1258.62
1259.51
1260.43
1261.38
1262.36
1263.36
1264.38
1265.42
1266.48
1267.55
1268.65
1269.75
1270.88
1272.01
1273.17
1274.35
1275.54
1276.76
1277.98
1279.22
1280.47
1281.73
1283
1284.28
1285.57
1286.88
1288.19
1289.47
1290.76
1292.03
1293.3
1294.56
1295.81
1297.04
1298.27
1299.47
1300.66
1301.83
1302.97
1304.09
1305.19
1306.26
1307.3
1308.31
1309.29
1310.24
1311.15
1312.03
1312.87
1313.68
1314.45
1315.18
1315.87
1316.52
1317.12
1317.68
1318.19
1318.66
1319.08
1319.45
1319.78
1320.07
1320.3
1320.5
1320.65
1320.76
1320.83
1320.86
1320.86
1320.81
1320.72
1320.64
1320.53
1320.37
1320.18
1319.94
1319.68
1319.38
1319.05
1318.69
1318.29
1317.87
1317.42
1316.94
1316.44
1315.91
1315.35
1314.77
1314.17
1313.55
1312.9
1312.24
1311.56
1310.86
1310.14
1309.41
1308.66
1307.9
1307.14
1306.36
1305.57
1304.78
1303.99
1303.19
1302.38
1301.58
1300.78
1299.98
1299.19
1298.41
1297.65
1296.9
1296.17
1295.46
1294.79
1294.13
1293.51
1292.93
1292.39
1291.91
1291.51
1291.19
1290.99
1247.65
1247.61
1247.59
1247.58
1247.58
1247.6
1247.66
1247.74
1247.84
1247.97
1248.13
1248.32
1248.54
1248.79
1249.08
1249.41
1249.77
1250.18
1250.63
1251.12
1251.65
1252.22
1252.84
1253.5
1254.21
1254.95
1255.73
1256.55
1257.4
1258.28
1259.19
1260.13
1261.1
1262.08
1263.09
1264.11
1265.16
1266.22
1267.29
1268.38
1269.49
1270.62
1271.76
1272.91
1274.08
1275.27
1276.46
1277.67
1278.89
1280.11
1281.35
1282.59
1283.86
1285.17
1286.41
1287.66
1288.9
1290.13
1291.35
1292.56
1293.75
1294.94
1296.11
1297.26
1298.39
1299.5
1300.58
1301.65
1302.68
1303.69
1304.67
1305.61
1306.53
1307.41
1308.26
1309.07
1309.85
1310.6
1311.3
1311.96
1312.59
1313.17
1313.7
1314.19
1314.64
1315.04
1315.39
1315.7
1315.97
1316.18
1316.36
1316.5
1316.59
1316.65
1316.67
1316.66
1316.62
1316.56
1316.51
1316.39
1316.24
1316.04
1315.8
1315.54
1315.23
1314.9
1314.54
1314.14
1313.72
1313.27
1312.8
1312.3
1311.78
1311.23
1310.66
1310.07
1309.46
1308.83
1308.18
1307.51
1306.82
1306.12
1305.41
1304.68
1303.94
1303.19
1302.43
1301.67
1300.89
1300.12
1299.34
1298.56
1297.78
1297
1296.22
1295.45
1294.7
1293.95
1293.22
1292.51
1291.82
1291.16
1290.53
1289.92
1289.34
1288.81
1288.34
1287.95
1287.64
1287.46
1429.45
1430.05
1430.45
1430.73
1430.94
1431.1
1431.21
1431.26
1431.27
1431.23
1431.14
1431.01
1430.84
1430.63
1430.38
1430.1
1429.79
1429.45
1429.08
1428.69
1428.27
1427.84
1427.39
1426.92
1426.43
1425.94
1425.43
1424.91
1424.39
1423.86
1423.32
1422.78
1422.24
1421.69
1421.14
1420.59
1420.04
1419.48
1418.93
1418.38
1417.84
1417.29
1416.75
1416.21
1415.68
1415.16
1414.64
1414.13
1413.63
1413.13
1412.65
1412.17
1411.71
1411.25
1410.81
1410.36
1409.92
1409.49
1409.05
1408.61
1408.17
1407.73
1407.29
1406.85
1406.41
1405.98
1405.55
1405.13
1404.71
1404.3
1403.89
1403.48
1403.07
1402.66
1402.23
1401.8
1401.34
1400.86
1400.36
1399.82
1399.25
1398.66
1398.03
1397.38
1396.71
1396.02
1395.32
1394.62
1393.91
1393.21
1392.53
1391.86
1391.23
1390.64
1390.12
1389.67
1389.33
1389.12
1389.16
1389.35
1404.37
1404.71
1404.93
1405.07
1405.14
1405.15
1405.13
1405.07
1404.97
1404.84
1404.68
1404.48
1404.26
1404.01
1403.74
1403.44
1403.12
1402.77
1402.41
1402.03
1401.63
1401.22
1400.79
1400.35
1399.9
1399.44
1398.97
1398.49
1398.01
1397.52
1397.03
1396.53
1396.03
1395.53
1395.03
1394.52
1394.02
1393.51
1393
1392.5
1391.99
1391.49
1391
1390.5
1390.02
1389.53
1389.05
1388.58
1388.11
1387.66
1387.21
1386.77
1386.34
1385.92
1385.5
1385.09
1384.69
1384.28
1383.88
1383.48
1383.07
1382.67
1382.26
1381.85
1381.45
1381.06
1380.66
1380.28
1379.9
1379.53
1379.16
1378.79
1378.42
1378.05
1377.67
1377.28
1376.88
1376.45
1376
1375.53
1375.03
1374.51
1373.96
1373.39
1372.81
1372.22
1371.62
1371.01
1370.41
1369.81
1369.22
1368.65
1368.11
1367.6
1367.14
1366.73
1366.4
1366.17
1366.11
1366.15
1380.66
1380.86
1380.97
1381
1380.98
1380.91
1380.81
1380.67
1380.51
1380.32
1380.1
1379.87
1379.61
1379.34
1379.04
1378.73
1378.4
1378.05
1377.69
1377.32
1376.94
1376.54
1376.14
1375.72
1375.3
1374.87
1374.43
1373.99
1373.55
1373.1
1372.64
1372.19
1371.73
1371.27
1370.81
1370.34
1369.87
1369.41
1368.94
1368.48
1368.01
1367.56
1367.1
1366.64
1366.19
1365.75
1365.3
1364.87
1364.44
1364.01
1363.6
1363.19
1362.8
1362.41
1362.03
1361.66
1361.29
1360.92
1360.55
1360.18
1359.8
1359.43
1359.05
1358.68
1358.31
1357.94
1357.59
1357.24
1356.89
1356.56
1356.23
1355.9
1355.57
1355.24
1354.9
1354.55
1354.19
1353.82
1353.42
1353
1352.56
1352.1
1351.61
1351.11
1350.6
1350.08
1349.56
1349.04
1348.51
1347.99
1347.49
1346.99
1346.52
1346.07
1345.66
1345.3
1344.99
1344.76
1344.65
1344.66
1360.28
1360.36
1360.38
1360.33
1360.25
1360.13
1359.97
1359.79
1359.59
1359.36
1359.12
1358.85
1358.58
1358.28
1357.98
1357.66
1357.33
1356.98
1356.63
1356.27
1355.9
1355.52
1355.13
1354.74
1354.34
1353.94
1353.53
1353.12
1352.7
1352.29
1351.87
1351.45
1351.03
1350.6
1350.17
1349.74
1349.31
1348.88
1348.44
1348.01
1347.59
1347.16
1346.74
1346.32
1345.9
1345.49
1345.08
1344.67
1344.27
1343.87
1343.49
1343.11
1342.75
1342.39
1342.05
1341.7
1341.36
1341.02
1340.68
1340.34
1340
1339.65
1339.3
1338.95
1338.61
1338.27
1337.94
1337.62
1337.31
1337
1336.71
1336.41
1336.12
1335.82
1335.52
1335.21
1334.89
1334.56
1334.21
1333.83
1333.44
1333.02
1332.59
1332.15
1331.69
1331.23
1330.77
1330.31
1329.86
1329.4
1328.96
1328.52
1328.1
1327.71
1327.34
1327.01
1326.73
1326.51
1326.39
1326.38
1343.26
1343.26
1343.21
1343.11
1342.98
1342.83
1342.64
1342.43
1342.21
1341.96
1341.7
1341.42
1341.13
1340.83
1340.52
1340.2
1339.87
1339.53
1339.19
1338.84
1338.48
1338.12
1337.75
1337.38
1337
1336.62
1336.23
1335.85
1335.46
1335.07
1334.69
1334.3
1333.91
1333.51
1333.11
1332.71
1332.31
1331.9
1331.5
1331.1
1330.7
1330.31
1329.92
1329.53
1329.14
1328.75
1328.37
1327.98
1327.61
1327.24
1326.88
1326.53
1326.2
1325.87
1325.55
1325.23
1324.92
1324.61
1324.3
1323.98
1323.66
1323.33
1323
1322.68
1322.36
1322.04
1321.74
1321.44
1321.16
1320.88
1320.61
1320.35
1320.08
1319.81
1319.55
1319.27
1318.98
1318.69
1318.37
1318.04
1317.69
1317.31
1316.92
1316.52
1316.11
1315.7
1315.29
1314.89
1314.48
1314.08
1313.68
1313.3
1312.92
1312.57
1312.24
1311.94
1311.68
1311.47
1311.35
1311.34
1329.3
1329.23
1329.14
1329.01
1328.86
1328.68
1328.47
1328.25
1328.01
1327.75
1327.48
1327.2
1326.9
1326.6
1326.29
1325.97
1325.65
1325.31
1324.98
1324.64
1324.3
1323.95
1323.6
1323.24
1322.88
1322.52
1322.16
1321.8
1321.44
1321.07
1320.71
1320.35
1319.99
1319.62
1319.25
1318.87
1318.49
1318.11
1317.73
1317.36
1316.99
1316.62
1316.26
1315.89
1315.53
1315.17
1314.8
1314.44
1314.08
1313.74
1313.4
1313.08
1312.77
1312.46
1312.17
1311.88
1311.59
1311.31
1311.02
1310.73
1310.43
1310.12
1309.8
1309.49
1309.19
1308.9
1308.61
1308.34
1308.08
1307.83
1307.58
1307.34
1307.1
1306.86
1306.62
1306.37
1306.11
1305.85
1305.57
1305.27
1304.94
1304.6
1304.24
1303.87
1303.51
1303.14
1302.77
1302.41
1302.05
1301.69
1301.33
1300.98
1300.65
1300.33
1300.03
1299.76
1299.51
1299.32
1299.2
1299.18
1317.97
1317.85
1317.72
1317.57
1317.4
1317.21
1317
1316.77
1316.52
1316.26
1315.98
1315.7
1315.4
1315.1
1314.79
1314.48
1314.16
1313.83
1313.51
1313.18
1312.85
1312.52
1312.18
1311.84
1311.5
1311.16
1310.81
1310.47
1310.13
1309.79
1309.45
1309.12
1308.77
1308.43
1308.08
1307.73
1307.37
1307.01
1306.65
1306.3
1305.95
1305.61
1305.27
1304.93
1304.59
1304.24
1303.9
1303.55
1303.21
1302.88
1302.57
1302.27
1301.98
1301.7
1301.42
1301.16
1300.89
1300.63
1300.36
1300.09
1299.81
1299.51
1299.21
1298.92
1298.63
1298.35
1298.09
1297.83
1297.59
1297.36
1297.14
1296.92
1296.7
1296.48
1296.26
1296.04
1295.81
1295.56
1295.31
1295.04
1294.74
1294.43
1294.09
1293.75
1293.42
1293.08
1292.75
1292.42
1292.09
1291.77
1291.45
1291.13
1290.83
1290.54
1290.26
1290.01
1289.79
1289.61
1289.49
1289.46
1308.81
1308.64
1308.5
1308.35
1308.17
1307.98
1307.76
1307.52
1307.27
1307
1306.73
1306.44
1306.15
1305.85
1305.55
1305.24
1304.92
1304.61
1304.29
1303.98
1303.66
1303.34
1303.01
1302.69
1302.36
1302.03
1301.71
1301.38
1301.06
1300.74
1300.42
1300.11
1299.79
1299.46
1299.13
1298.8
1298.46
1298.12
1297.78
1297.44
1297.11
1296.79
1296.47
1296.15
1295.83
1295.5
1295.17
1294.84
1294.51
1294.2
1293.9
1293.62
1293.35
1293.09
1292.84
1292.59
1292.34
1292.1
1291.85
1291.6
1291.33
1291.05
1290.76
1290.48
1290.2
1289.94
1289.69
1289.45
1289.22
1289.01
1288.8
1288.6
1288.4
1288.21
1288
1287.8
1287.59
1287.37
1287.14
1286.89
1286.62
1286.32
1286.01
1285.69
1285.38
1285.08
1284.77
1284.47
1284.17
1283.88
1283.58
1283.29
1283.01
1282.74
1282.49
1282.26
1282.05
1281.88
1281.77
1281.73
1301.44
1301.21
1301.07
1300.92
1300.74
1300.54
1300.32
1300.08
1299.83
1299.57
1299.29
1299.01
1298.72
1298.42
1298.12
1297.82
1297.51
1297.2
1296.9
1296.59
1296.28
1295.98
1295.66
1295.35
1295.03
1294.72
1294.41
1294.1
1293.79
1293.49
1293.19
1292.89
1292.59
1292.29
1291.97
1291.65
1291.33
1291
1290.67
1290.35
1290.04
1289.73
1289.43
1289.13
1288.83
1288.52
1288.2
1287.88
1287.56
1287.26
1286.98
1286.71
1286.46
1286.22
1285.98
1285.75
1285.52
1285.3
1285.07
1284.83
1284.57
1284.3
1284.02
1283.74
1283.48
1283.23
1282.99
1282.77
1282.56
1282.36
1282.17
1281.98
1281.8
1281.61
1281.43
1281.24
1281.05
1280.85
1280.64
1280.41
1280.16
1279.88
1279.58
1279.28
1278.99
1278.71
1278.43
1278.15
1277.88
1277.61
1277.33
1277.07
1276.8
1276.55
1276.32
1276.1
1275.9
1275.74
1275.63
1275.59
1295.51
1295.4
1295.28
1295.13
1294.95
1294.74
1294.51
1294.27
1294.01
1293.75
1293.47
1293.19
1292.9
1292.61
1292.31
1292.01
1291.71
1291.41
1291.11
1290.82
1290.52
1290.23
1289.93
1289.63
1289.32
1289.02
1288.72
1288.43
1288.14
1287.86
1287.58
1287.3
1287.02
1286.73
1286.43
1286.13
1285.82
1285.5
1285.19
1284.89
1284.59
1284.31
1284.03
1283.75
1283.46
1283.16
1282.86
1282.55
1282.25
1281.96
1281.69
1281.44
1281.2
1280.98
1280.76
1280.55
1280.34
1280.13
1279.91
1279.69
1279.45
1279.18
1278.91
1278.65
1278.39
1278.15
1277.93
1277.72
1277.52
1277.33
1277.16
1276.98
1276.81
1276.64
1276.47
1276.3
1276.11
1275.93
1275.73
1275.51
1275.27
1275
1274.72
1274.43
1274.15
1273.88
1273.62
1273.35
1273.09
1272.83
1272.57
1272.31
1272.05
1271.8
1271.57
1271.35
1271.16
1271
1270.88
1270.82
1290.95
1291
1290.91
1290.76
1290.58
1290.37
1290.14
1289.9
1289.64
1289.37
1289.1
1288.82
1288.54
1288.25
1287.96
1287.66
1287.37
1287.07
1286.79
1286.5
1286.22
1285.93
1285.64
1285.35
1285.06
1284.77
1284.48
1284.2
1283.92
1283.65
1283.38
1283.12
1282.85
1282.58
1282.3
1282
1281.7
1281.4
1281.1
1280.81
1280.53
1280.25
1279.99
1279.72
1279.45
1279.16
1278.87
1278.56
1278.27
1278
1277.74
1277.5
1277.27
1277.06
1276.85
1276.65
1276.46
1276.26
1276.06
1275.85
1275.61
1275.36
1275.1
1274.84
1274.59
1274.36
1274.14
1273.94
1273.75
1273.58
1273.41
1273.25
1273.09
1272.93
1272.76
1272.6
1272.43
1272.25
1272.06
1271.86
1271.63
1271.37
1271.09
1270.81
1270.55
1270.29
1270.03
1269.78
1269.53
1269.28
1269.03
1268.77
1268.53
1268.29
1268.06
1267.85
1267.66
1267.49
1267.38
1267.31
1287.5
1287.56
1287.47
1287.33
1287.15
1286.94
1286.72
1286.48
1286.22
1285.96
1285.69
1285.42
1285.14
1284.86
1284.57
1284.28
1283.99
1283.7
1283.42
1283.15
1282.87
1282.59
1282.31
1282.03
1281.74
1281.45
1281.17
1280.9
1280.63
1280.37
1280.11
1279.86
1279.6
1279.34
1279.07
1278.78
1278.49
1278.19
1277.9
1277.61
1277.34
1277.07
1276.82
1276.56
1276.3
1276.02
1275.73
1275.43
1275.14
1274.88
1274.63
1274.39
1274.18
1273.97
1273.77
1273.58
1273.39
1273.21
1273.02
1272.81
1272.58
1272.33
1272.07
1271.82
1271.58
1271.35
1271.14
1270.95
1270.77
1270.6
1270.44
1270.28
1270.13
1269.98
1269.82
1269.67
1269.5
1269.34
1269.16
1268.97
1268.75
1268.49
1268.22
1267.95
1267.7
1267.45
1267.21
1266.97
1266.73
1266.49
1266.25
1266.01
1265.77
1265.54
1265.33
1265.12
1264.95
1264.79
1264.68
1264.61
1294.77
1295.63
1296.62
1297.78
1298.96
1300.23
1301.54
1302.93
1304.24
1305.53
1306.83
1308.06
1309.13
1310.21
1311.25
1312.18
1313
1313.8
1314.57
1315.28
1315.88
1316.46
1317.05
1317.63
1318.16
1318.59
1319.03
1319.43
1319.75
1319.97
1320.17
1320.32
1320.44
1320.53
1320.6
1320.64
1320.58
1320.47
1320.35
1320.2
1320.05
1319.86
1319.65
1319.4
1319.12
1318.8
1318.45
1318.06
1317.65
1317.18
1293.67
1294.55
1295.49
1296.59
1297.68
1298.85
1300.06
1301.36
1302.57
1303.76
1304.98
1306.14
1307.14
1308.16
1309.14
1310.03
1310.79
1311.56
1312.3
1312.98
1313.54
1314.09
1314.65
1315.21
1315.72
1316.12
1316.55
1316.94
1317.24
1317.45
1317.63
1317.78
1317.89
1317.98
1318.04
1318.08
1318.02
1317.92
1317.8
1317.66
1317.51
1317.34
1317.13
1316.9
1316.63
1316.32
1315.99
1315.63
1315.23
1314.79
1292.6
1293.51
1294.4
1295.44
1296.44
1297.53
1298.64
1299.85
1300.96
1302.06
1303.21
1304.3
1305.22
1306.18
1307.11
1307.95
1308.67
1309.41
1310.11
1310.77
1311.28
1311.8
1312.34
1312.88
1313.37
1313.75
1314.16
1314.54
1314.83
1315.02
1315.19
1315.32
1315.43
1315.51
1315.58
1315.62
1315.55
1315.45
1315.34
1315.21
1315.06
1314.9
1314.7
1314.48
1314.22
1313.94
1313.62
1313.28
1312.9
1312.49
1291.56
1292.51
1293.34
1294.33
1295.24
1296.24
1297.26
1298.39
1299.41
1300.42
1301.5
1302.52
1303.37
1304.28
1305.16
1305.96
1306.63
1307.33
1308.01
1308.63
1309.11
1309.6
1310.11
1310.63
1311.11
1311.46
1311.85
1312.22
1312.5
1312.67
1312.83
1312.96
1313.06
1313.13
1313.2
1313.24
1313.17
1313.07
1312.97
1312.84
1312.71
1312.55
1312.36
1312.15
1311.91
1311.63
1311.33
1311.01
1310.66
1310.27
1290.55
1291.53
1292.31
1293.25
1294.08
1295
1295.93
1296.98
1297.91
1298.83
1299.85
1300.81
1301.59
1302.45
1303.29
1304.04
1304.66
1305.34
1305.98
1306.58
1307.02
1307.48
1307.97
1308.47
1308.93
1309.26
1309.64
1309.99
1310.26
1310.41
1310.56
1310.68
1310.77
1310.84
1310.9
1310.95
1310.88
1310.78
1310.68
1310.56
1310.43
1310.28
1310.11
1309.9
1309.67
1309.41
1309.13
1308.82
1308.49
1308.13
1289.56
1290.6
1291.32
1292.21
1292.95
1293.81
1294.65
1295.62
1296.47
1297.3
1298.26
1299.17
1299.86
1300.68
1301.48
1302.19
1302.77
1303.41
1304.03
1304.6
1305
1305.44
1305.91
1306.39
1306.83
1307.13
1307.5
1307.85
1308.1
1308.24
1308.38
1308.48
1308.57
1308.63
1308.69
1308.75
1308.67
1308.58
1308.48
1308.36
1308.24
1308.1
1307.93
1307.74
1307.52
1307.28
1307.01
1306.72
1306.41
1306.07
1288.61
1289.69
1290.35
1291.21
1291.86
1292.64
1293.4
1294.31
1295.07
1295.82
1296.72
1297.58
1298.2
1298.97
1299.73
1300.41
1300.94
1301.56
1302.15
1302.7
1303.06
1303.47
1303.92
1304.39
1304.82
1305.09
1305.44
1305.78
1306.02
1306.14
1306.27
1306.37
1306.45
1306.51
1306.57
1306.63
1306.54
1306.45
1306.35
1306.25
1306.13
1306
1305.84
1305.66
1305.45
1305.22
1304.96
1304.69
1304.4
1304.08
1287.68
1288.82
1289.42
1290.23
1290.8
1291.52
1292.19
1293.04
1293.71
1294.39
1295.23
1296.04
1296.59
1297.32
1298.04
1298.68
1299.17
1299.76
1300.33
1300.86
1301.18
1301.57
1302
1302.45
1302.87
1303.11
1303.46
1303.79
1304.01
1304.12
1304.24
1304.33
1304.4
1304.46
1304.51
1304.58
1304.49
1304.4
1304.31
1304.21
1304.1
1303.97
1303.82
1303.65
1303.45
1303.23
1303
1302.74
1302.46
1302.17
1286.77
1287.98
1288.51
1289.29
1289.77
1290.43
1291.01
1291.81
1292.4
1293
1293.78
1294.55
1295.03
1295.71
1296.4
1297.01
1297.45
1298.02
1298.57
1299.08
1299.37
1299.73
1300.14
1300.58
1300.99
1301.2
1301.54
1301.86
1302.08
1302.17
1302.28
1302.37
1302.43
1302.48
1302.53
1302.61
1302.51
1302.42
1302.33
1302.24
1302.14
1302.02
1301.87
1301.71
1301.53
1301.32
1301.1
1300.86
1300.6
1300.32
1285.88
1287.18
1287.62
1288.38
1288.78
1289.37
1289.87
1290.61
1291.12
1291.65
1292.38
1293.1
1293.51
1294.16
1294.82
1295.39
1295.79
1296.34
1296.87
1297.36
1297.61
1297.95
1298.34
1298.77
1299.17
1299.36
1299.68
1300
1300.21
1300.28
1300.39
1300.47
1300.52
1300.57
1300.62
1300.7
1300.6
1300.51
1300.43
1300.34
1300.24
1300.13
1300
1299.84
1299.67
1299.48
1299.26
1299.04
1298.8
1298.55
1285.01
1286.4
1286.77
1287.5
1287.81
1288.35
1288.77
1289.46
1289.89
1290.34
1291.03
1291.71
1292.05
1292.66
1293.28
1293.83
1294.18
1294.71
1295.21
1295.69
1295.9
1296.23
1296.6
1297.02
1297.4
1297.57
1297.89
1298.2
1298.4
1298.45
1298.56
1298.62
1298.68
1298.72
1298.77
1298.86
1298.75
1298.66
1298.58
1298.5
1298.41
1298.3
1298.18
1298.04
1297.87
1297.69
1297.49
1297.28
1297.06
1296.83
1284.17
1285.66
1285.94
1286.65
1286.88
1287.36
1287.7
1288.35
1288.7
1289.08
1289.73
1290.37
1290.63
1291.21
1291.8
1292.32
1292.62
1293.13
1293.62
1294.08
1294.25
1294.56
1294.91
1295.32
1295.7
1295.83
1296.15
1296.46
1296.64
1296.68
1296.78
1296.84
1296.89
1296.92
1296.98
1297.07
1296.96
1296.87
1296.8
1296.72
1296.64
1296.54
1296.42
1296.29
1296.13
1295.96
1295.78
1295.58
1295.38
1295.17
1283.34
1284.96
1285.14
1285.84
1285.98
1286.41
1286.67
1287.28
1287.55
1287.86
1288.47
1289.07
1289.25
1289.81
1290.37
1290.86
1291.12
1291.61
1292.07
1292.52
1292.65
1292.94
1293.27
1293.67
1294.05
1294.15
1294.46
1294.77
1294.94
1294.96
1295.06
1295.11
1295.16
1295.19
1295.24
1295.34
1295.22
1295.13
1295.07
1294.99
1294.92
1294.82
1294.71
1294.59
1294.45
1294.29
1294.12
1293.94
1293.75
1293.55
1282.54
1284.3
1284.39
1285.08
1285.12
1285.51
1285.69
1286.26
1286.45
1286.69
1287.25
1287.83
1287.93
1288.46
1288.99
1289.45
1289.66
1290.14
1290.58
1291.02
1291.11
1291.38
1291.69
1292.08
1292.45
1292.52
1292.83
1293.13
1293.3
1293.3
1293.39
1293.44
1293.48
1293.5
1293.55
1293.67
1293.54
1293.45
1293.39
1293.32
1293.25
1293.16
1293.06
1292.95
1292.81
1292.66
1292.51
1292.34
1292.17
1291.99
1281.78
1283.68
1283.69
1284.37
1284.32
1284.66
1284.75
1285.3
1285.41
1285.57
1286.09
1286.64
1286.66
1287.16
1287.66
1288.1
1288.26
1288.72
1289.14
1289.57
1289.62
1289.87
1290.17
1290.55
1290.91
1290.95
1291.25
1291.55
1291.71
1291.69
1291.78
1291.82
1291.85
1291.87
1291.92
1292.05
1291.91
1291.82
1291.76
1291.7
1291.64
1291.56
1291.46
1291.35
1291.23
1291.09
1290.95
1290.8
1290.64
1290.48
1281.29
1283.49
1283.52
1284.18
1284.09
1284.38
1284.34
1284.63
1284.51
1284.51
1284.99
1285.51
1285.45
1285.92
1286.39
1286.81
1286.92
1287.36
1287.76
1288.19
1288.19
1288.42
1288.71
1289.08
1289.43
1289.43
1289.73
1290.03
1290.17
1290.14
1290.22
1290.25
1290.28
1290.3
1290.34
1290.48
1290.33
1290.25
1290.19
1290.13
1290.08
1290
1289.91
1289.81
1289.7
1289.57
1289.44
1289.3
1289.16
1289.02
1280.33
1283.32
1283.39
1284.08
1284
1284.28
1284.16
1284.11
1283.96
1284.32
1284.36
1284.62
1284.33
1284.74
1285.19
1285.58
1285.63
1286.07
1286.44
1286.86
1286.82
1287.03
1287.3
1287.66
1288.01
1287.97
1288.26
1288.56
1288.7
1288.64
1288.72
1288.75
1288.77
1288.78
1288.82
1288.97
1288.81
1288.73
1288.68
1288.62
1288.57
1288.5
1288.42
1288.33
1288.22
1288.11
1287.98
1287.86
1287.73
1287.61
1280.95
1283.26
1283.31
1284.01
1283.94
1284.24
1284.19
1284.36
1284.12
1284.04
1283.96
1283.78
1284.1
1284.28
1284.38
1284.52
1284.41
1284.83
1285.19
1285.6
1285.5
1285.7
1285.95
1286.3
1286.65
1286.57
1286.86
1287.15
1287.28
1287.2
1287.27
1287.29
1287.31
1287.32
1287.36
1287.52
1287.35
1287.26
1287.22
1287.17
1287.12
1287.05
1286.98
1286.89
1286.8
1286.69
1286.58
1286.46
1286.35
1286.25
1280.5
1283.19
1283.26
1283.98
1283.91
1284.22
1284.14
1284.16
1283.9
1284.1
1284.16
1284.23
1283.95
1283.95
1283.92
1283.85
1284.14
1284.24
1284.32
1284.52
1284.28
1284.44
1284.67
1285.01
1285.36
1285.23
1285.52
1285.8
1285.92
1285.82
1285.89
1285.9
1285.91
1285.91
1285.95
1286.12
1285.94
1285.86
1285.81
1285.76
1285.72
1285.66
1285.59
1285.51
1285.42
1285.33
1285.22
1285.12
1285.03
1284.93
1280.68
1283.17
1283.23
1283.96
1283.9
1284.21
1284.14
1284.22
1283.98
1284.03
1284
1283.87
1283.91
1284.1
1284.15
1284.09
1283.89
1283.97
1283.94
1283.75
1283.99
1284.05
1284.11
1284.17
1284.26
1283.96
1284.23
1284.52
1284.63
1284.49
1284.56
1284.57
1284.58
1284.57
1284.6
1284.79
1284.58
1284.5
1284.47
1284.42
1284.38
1284.32
1284.26
1284.19
1284.11
1284.02
1283.92
1283.84
1283.75
1283.67
1280.59
1283.15
1283.21
1283.94
1283.89
1284.2
1284.13
1284.2
1283.95
1284.06
1284.06
1284.04
1283.9
1283.98
1283.97
1283.83
1283.95
1284.09
1284.12
1284.07
1283.86
1283.91
1283.97
1283.82
1283.5
1283.68
1283.65
1283.61
1283.49
1283.25
1283.3
1283.3
1283.3
1283.29
1283.32
1283.51
1283.29
1283.21
1283.18
1283.14
1283.1
1283.05
1282.99
1282.92
1282.85
1282.77
1282.68
1282.6
1282.53
1282.47
1280.56
1283.15
1283.19
1283.93
1283.88
1284.19
1284.12
1284.19
1283.95
1284.05
1284.04
1283.97
1283.9
1284.03
1284.04
1283.95
1283.89
1283.99
1283.98
1283.77
1283.83
1283.93
1283.99
1283.97
1283.79
1283.46
1283.38
1283.13
1282.94
1282.93
1282.85
1282.72
1282.58
1282.41
1282.3
1282.44
1282.13
1282.02
1281.98
1281.93
1281.89
1281.83
1281.78
1281.72
1281.65
1281.57
1281.5
1281.43
1281.38
1281.32
1280.51
1283.14
1283.18
1283.92
1283.87
1284.18
1284.11
1284.19
1283.95
1284.05
1284.04
1283.98
1283.91
1284.01
1284.01
1283.9
1283.91
1284.03
1284.03
1283.92
1283.83
1283.9
1283.95
1283.85
1283.5
1283.48
1283.49
1283.37
1283.06
1282.76
1282.7
1282.61
1282.48
1282.27
1281.9
1281.6
1281.64
1281.63
1281.61
1281.55
1281.48
1281.39
1281.29
1281.19
1281.08
1280.99
1280.9
1280.83
1280.77
1280.73
1280.46
1283.15
1283.17
1283.9
1283.86
1284.17
1284.1
1284.18
1283.95
1284.04
1284.03
1283.98
1283.91
1284.01
1284.01
1283.92
1283.91
1284.01
1284.01
1283.85
1283.84
1283.91
1283.96
1283.89
1283.64
1283.44
1283.4
1283.17
1282.87
1282.77
1282.72
1282.61
1282.47
1282.28
1282.08
1281.99
1281.75
1281.65
1281.59
1281.51
1281.43
1281.33
1281.22
1281.11
1281.01
1280.91
1280.82
1280.74
1280.68
1280.63
1280.42
1283.16
1283.16
1283.89
1283.85
1284.17
1284.09
1284.18
1283.94
1284.04
1284.03
1283.98
1283.91
1284.01
1284.01
1283.91
1283.91
1284.01
1284.01
1283.87
1283.84
1283.91
1283.96
1283.87
1283.59
1283.46
1283.43
1283.25
1282.95
1282.75
1282.69
1282.59
1282.46
1282.26
1281.94
1281.63
1281.56
1281.54
1281.51
1281.45
1281.39
1281.29
1281.19
1281.08
1280.98
1280.88
1280.79
1280.72
1280.66
1280.61
1280.38
1283.18
1283.15
1283.88
1283.84
1284.16
1284.08
1284.17
1283.94
1284.04
1284.02
1283.98
1283.91
1284.01
1284.01
1283.91
1283.91
1284.01
1284.01
1283.87
1283.85
1283.91
1283.95
1283.87
1283.6
1283.45
1283.42
1283.22
1282.92
1282.76
1282.71
1282.6
1282.46
1282.26
1282
1281.82
1281.67
1281.6
1281.55
1281.48
1281.4
1281.3
1281.19
1281.08
1280.98
1280.88
1280.79
1280.71
1280.65
1280.6
1280.34
1283.2
1283.15
1283.88
1283.84
1284.15
1284.08
1284.16
1283.94
1284.04
1284.02
1283.98
1283.91
1284
1284
1283.91
1283.91
1284.01
1284.01
1283.87
1283.85
1283.9
1283.95
1283.87
1283.6
1283.45
1283.42
1283.23
1282.93
1282.76
1282.7
1282.59
1282.46
1282.26
1281.98
1281.74
1281.61
1281.57
1281.53
1281.46
1281.39
1281.29
1281.19
1281.08
1280.98
1280.88
1280.79
1280.72
1280.66
1280.6
1280.3
1283.23
1283.14
1283.87
1283.83
1284.15
1284.07
1284.16
1283.94
1284.04
1284.02
1283.98
1283.91
1284
1284
1283.91
1283.92
1284.01
1284
1283.87
1283.85
1283.9
1283.95
1283.86
1283.6
1283.46
1283.42
1283.23
1282.93
1282.77
1282.7
1282.59
1282.45
1282.26
1281.98
1281.77
1281.64
1281.58
1281.54
1281.46
1281.39
1281.29
1281.19
1281.08
1280.98
1280.88
1280.79
1280.72
1280.66
1280.6
1280.2
1283.25
1283.14
1283.86
1283.83
1284.14
1284.06
1284.15
1283.94
1284.03
1284.01
1283.98
1283.91
1284
1284
1283.91
1283.92
1284.01
1284
1283.87
1283.86
1283.9
1283.95
1283.86
1283.6
1283.46
1283.41
1283.23
1282.93
1282.77
1282.7
1282.59
1282.45
1282.26
1281.98
1281.76
1281.63
1281.57
1281.53
1281.46
1281.39
1281.29
1281.19
1281.08
1280.98
1280.88
1280.79
1280.72
1280.66
1280.6
1280.12
1283.26
1283.14
1283.85
1283.82
1284.13
1284.06
1284.15
1283.94
1284.03
1284.01
1283.97
1283.91
1284
1284
1283.91
1283.92
1284.01
1284
1283.87
1283.86
1283.9
1283.95
1283.85
1283.6
1283.46
1283.41
1283.22
1282.93
1282.77
1282.7
1282.59
1282.45
1282.26
1281.98
1281.76
1281.64
1281.58
1281.53
1281.46
1281.39
1281.29
1281.19
1281.08
1280.98
1280.88
1280.79
1280.72
1280.66
1280.6
1316.62
1316.31
1316.2
1316.17
1316.14
1316.07
1315.92
1315.69
1315.38
1314.95
1314.29
1313.46
1312.51
1311.45
1310.25
1308.92
1307.53
1306.05
1304.52
1302.92
1301.28
1299.65
1298.01
1296.29
1294.6
1292.99
1291.42
1289.81
1288.25
1286.79
1285.35
1283.99
1282.72
1281.41
1280.17
1278.91
1277.73
1276.55
1275.5
1274.58
1273.83
1273.15
1272.26
1271.43
1270.74
1270.13
1269.55
1269.11
1268.82
1268.49
1314.27
1313.98
1313.87
1313.83
1313.81
1313.74
1313.6
1313.38
1313.1
1312.68
1312.06
1311.26
1310.35
1309.35
1308.21
1306.93
1305.61
1304.18
1302.72
1301.17
1299.59
1298.04
1296.47
1294.81
1293.16
1291.61
1290.12
1288.54
1287.03
1285.63
1284.22
1282.9
1281.72
1280.43
1279.26
1278
1276.87
1275.65
1274.62
1273.71
1273.05
1272.54
1271.53
1270.61
1269.96
1269.38
1268.71
1268.3
1268.2
1267.97
1312
1311.72
1311.62
1311.58
1311.56
1311.49
1311.36
1311.16
1310.89
1310.5
1309.9
1309.14
1308.28
1307.32
1306.24
1305.02
1303.76
1302.39
1300.99
1299.5
1297.98
1296.5
1295.01
1293.38
1291.77
1290.3
1288.89
1287.33
1285.85
1284.52
1283.14
1281.87
1280.79
1279.5
1278.43
1277.13
1276.09
1274.77
1273.77
1272.84
1272.27
1272.11
1270.82
1269.75
1269.21
1268.68
1267.79
1267.41
1267.79
1268.8
1309.82
1309.55
1309.45
1309.41
1309.39
1309.32
1309.21
1309.02
1308.77
1308.41
1307.83
1307.1
1306.28
1305.38
1304.35
1303.18
1301.98
1300.66
1299.33
1297.89
1296.42
1295.02
1293.6
1292.01
1290.45
1289.04
1287.72
1286.17
1284.72
1283.48
1282.12
1280.88
1279.95
1278.61
1277.68
1276.28
1275.4
1273.89
1272.95
1271.93
1271.44
1272
1270.08
1268.78
1268.56
1269.59
1268.23
1266.72
1265.71
1265.67
1307.71
1307.46
1307.36
1307.33
1307.3
1307.24
1307.13
1306.96
1306.72
1306.39
1305.84
1305.14
1304.36
1303.51
1302.54
1301.42
1300.28
1299.01
1297.74
1296.35
1294.93
1293.6
1292.26
1290.7
1289.17
1287.83
1286.62
1285.07
1283.64
1282.5
1281.15
1279.92
1279.2
1277.73
1277.03
1275.41
1274.85
1272.97
1272.19
1270.95
1270.48
1272.72
1270.69
1268.57
1266.99
1266.73
1266.91
1266.6
1266.51
1266.54
1305.68
1305.44
1305.35
1305.31
1305.29
1305.23
1305.13
1304.97
1304.76
1304.45
1303.92
1303.25
1302.51
1301.72
1300.79
1299.72
1298.64
1297.42
1296.22
1294.87
1293.5
1292.23
1290.99
1289.44
1287.94
1286.67
1285.59
1284.01
1282.6
1281.6
1280.22
1278.97
1278.56
1276.82
1276.52
1274.46
1274.52
1271.94
1271.67
1271.7
1269.81
1268.93
1268.86
1268.1
1267.61
1267.44
1266.95
1266.27
1265.75
1265.5
1303.72
1303.5
1303.41
1303.38
1303.35
1303.3
1303.21
1303.06
1302.86
1302.59
1302.08
1301.43
1300.73
1299.99
1299.12
1298.09
1297.07
1295.89
1294.75
1293.45
1292.12
1290.92
1289.78
1288.24
1286.75
1285.55
1284.63
1282.99
1281.58
1280.76
1279.32
1278
1278.08
1275.82
1276.22
1273.35
1274.86
1272.33
1270.37
1269.75
1269.68
1269.7
1268.93
1267.89
1267.01
1266.54
1266.3
1265.96
1265.72
1265.61
1301.84
1301.63
1301.55
1301.51
1301.49
1301.44
1301.36
1301.22
1301.04
1300.79
1300.31
1299.69
1299.02
1298.33
1297.51
1296.52
1295.56
1294.41
1293.35
1292.09
1290.78
1289.66
1288.62
1287.08
1285.6
1284.47
1283.75
1282.01
1280.57
1280
1278.47
1276.97
1277.81
1274.69
1276.67
1273.27
1271.64
1271.06
1270.4
1269.83
1269.12
1268.63
1268.21
1267.56
1267.03
1266.73
1266.41
1265.98
1265.6
1265.31
1300.02
1299.82
1299.75
1299.72
1299.7
1299.65
1299.58
1299.45
1299.29
1299.07
1298.6
1298
1297.37
1296.73
1295.96
1295
1294.11
1292.99
1292
1290.77
1289.49
1288.44
1287.52
1285.96
1284.48
1283.41
1282.95
1281.05
1279.57
1279.34
1277.66
1275.87
1278.26
1274.54
1273.09
1272.64
1271.99
1270.94
1269.92
1269.33
1268.95
1268.77
1268.3
1267.62
1266.97
1266.5
1266.12
1265.73
1265.38
1265.1
1298.27
1298.09
1298.01
1297.98
1297.97
1297.92
1297.86
1297.74
1297.59
1297.4
1296.95
1296.38
1295.78
1295.19
1294.46
1293.53
1292.71
1291.61
1290.7
1289.5
1288.24
1287.26
1286.49
1284.88
1283.38
1282.38
1282.25
1280.13
1278.56
1278.8
1277.01
1276.24
1274.5
1273.99
1273.48
1272.24
1271.31
1270.57
1269.92
1269.45
1268.94
1268.48
1267.98
1267.38
1266.82
1266.37
1265.97
1265.57
1265.2
1264.89
1296.57
1296.4
1296.34
1296.31
1296.29
1296.25
1296.19
1296.09
1295.96
1295.79
1295.36
1294.8
1294.24
1293.7
1293.02
1292.11
1291.36
1290.27
1289.44
1288.27
1287.02
1286.12
1285.51
1283.85
1282.32
1281.36
1281.67
1279.24
1277.54
1278.98
1275.86
1275.16
1274.8
1273.54
1272.76
1272.03
1271.44
1270.69
1269.9
1269.31
1268.79
1268.36
1267.85
1267.26
1266.7
1266.22
1265.8
1265.39
1265.01
1264.68
1294.93
1294.78
1294.72
1294.69
1294.67
1294.64
1294.58
1294.49
1294.37
1294.23
1293.82
1293.28
1292.74
1292.25
1291.62
1290.73
1290.05
1288.97
1288.23
1287.08
1285.84
1285.01
1284.59
1282.85
1281.28
1280.35
1281.22
1278.46
1277.83
1276.18
1275.59
1274.8
1274.1
1273.38
1272.93
1272.06
1271.3
1270.54
1269.84
1269.26
1268.71
1268.22
1267.69
1267.11
1266.57
1266.08
1265.64
1265.22
1264.83
1264.48
1293.34
1293.2
1293.14
1293.11
1293.1
1293.07
1293.02
1292.93
1292.83
1292.73
1292.33
1291.8
1291.3
1290.86
1290.27
1289.4
1288.8
1287.71
1287.07
1285.94
1284.69
1283.93
1283.75
1281.89
1280.28
1279.35
1281.31
1277.65
1276.96
1276.48
1275.24
1274.64
1274.26
1273.38
1272.75
1271.94
1271.26
1270.53
1269.81
1269.21
1268.63
1268.11
1267.56
1266.99
1266.44
1265.94
1265.49
1265.06
1264.66
1264.29
1291.8
1291.67
1291.62
1291.59
1291.58
1291.55
1291.51
1291.43
1291.34
1291.27
1290.88
1290.37
1289.9
1289.51
1288.97
1288.1
1287.59
1286.49
1285.96
1284.84
1283.58
1282.88
1282.98
1280.98
1279.36
1279.57
1277.77
1277.26
1276.62
1275.88
1275.2
1274.62
1274.08
1273.29
1272.72
1271.92
1271.22
1270.48
1269.77
1269.15
1268.55
1268
1267.44
1266.87
1266.32
1265.81
1265.34
1264.9
1264.49
1264.11
1290.31
1290.19
1290.15
1290.12
1290.11
1290.08
1290.05
1289.98
1289.9
1289.86
1289.49
1288.99
1288.54
1288.2
1287.71
1286.85
1286.43
1285.3
1284.9
1283.78
1282.5
1281.87
1282.3
1280.21
1279.37
1278.45
1278.1
1277.01
1276.53
1276.06
1275.19
1274.58
1274.08
1273.28
1272.68
1271.89
1271.18
1270.45
1269.74
1269.1
1268.48
1267.91
1267.33
1266.75
1266.2
1265.68
1265.2
1264.75
1264.32
1263.93
1288.87
1288.76
1288.72
1288.7
1288.69
1288.66
1288.64
1288.57
1288.51
1288.5
1288.14
1287.65
1287.23
1286.95
1286.5
1285.63
1285.31
1284.15
1283.88
1282.77
1281.46
1280.89
1282.02
1279.32
1278.83
1278.42
1277.59
1276.97
1276.49
1275.91
1275.17
1274.57
1274.04
1273.26
1272.65
1271.86
1271.16
1270.42
1269.71
1269.05
1268.42
1267.82
1267.23
1266.64
1266.08
1265.56
1265.06
1264.6
1264.16
1263.76
1287.48
1287.38
1287.35
1287.32
1287.32
1287.29
1287.27
1287.21
1287.17
1287.19
1286.84
1286.36
1285.97
1285.73
1285.34
1284.46
1284.25
1283.03
1282.92
1281.82
1280.5
1280.78
1279.33
1279.09
1278.62
1278.17
1277.74
1276.96
1276.47
1275.94
1275.19
1274.57
1274.03
1273.25
1272.63
1271.84
1271.13
1270.39
1269.67
1269
1268.35
1267.74
1267.13
1266.54
1265.97
1265.43
1264.93
1264.45
1264
1263.58
1286.13
1286.05
1286.02
1285.99
1285.99
1285.97
1285.96
1285.91
1285.87
1285.93
1285.59
1285.12
1284.75
1284.57
1284.22
1283.32
1283.25
1281.95
1282.03
1281.02
1280.4
1279.73
1279.67
1278.9
1278.57
1278.21
1277.64
1276.97
1276.48
1275.93
1275.21
1274.58
1274.02
1273.25
1272.61
1271.83
1271.11
1270.36
1269.64
1268.95
1268.29
1267.66
1267.04
1266.44
1265.86
1265.31
1264.79
1264.31
1263.85
1263.42
1284.84
1284.77
1284.74
1284.72
1284.72
1284.7
1284.69
1284.65
1284.63
1284.72
1284.38
1283.92
1283.58
1283.46
1283.16
1282.23
1282.31
1280.95
1281.5
1280.22
1280.05
1279.94
1279.26
1278.89
1278.55
1278.16
1277.66
1276.99
1276.49
1275.94
1275.23
1274.6
1274.01
1273.25
1272.59
1271.81
1271.09
1270.33
1269.6
1268.91
1268.23
1267.58
1266.95
1266.34
1265.75
1265.19
1264.66
1264.16
1263.69
1263.25
1283.6
1283.54
1283.51
1283.49
1283.49
1283.47
1283.47
1283.44
1283.43
1283.57
1283.23
1282.78
1282.46
1282.4
1282.16
1281.21
1281.55
1280.75
1280.17
1280.23
1280
1279.65
1279.39
1278.89
1278.55
1278.17
1277.67
1277.02
1276.51
1275.95
1275.25
1274.61
1274.01
1273.25
1272.58
1271.8
1271.07
1270.31
1269.57
1268.86
1268.17
1267.51
1266.86
1266.24
1265.64
1265.07
1264.53
1264.02
1263.54
1263.09
1282.41
1282.36
1282.34
1282.32
1282.32
1282.3
1282.31
1282.28
1282.28
1282.46
1282.14
1281.69
1281.4
1281.46
1281.39
1280.93
1280.43
1280.5
1280.67
1280.09
1279.93
1279.74
1279.33
1278.9
1278.57
1278.17
1277.68
1277.05
1276.53
1275.96
1275.28
1274.63
1274.01
1273.25
1272.57
1271.79
1271.05
1270.28
1269.53
1268.81
1268.11
1267.43
1266.78
1266.14
1265.53
1264.96
1264.41
1263.89
1263.4
1262.93
1281.28
1281.24
1281.22
1281.2
1281.21
1281.19
1281.21
1281.19
1281.23
1281.53
1281.3
1281.06
1281.04
1280.85
1280.6
1280.74
1280.86
1280.55
1280.25
1280.11
1279.95
1279.7
1279.36
1278.92
1278.59
1278.19
1277.7
1277.07
1276.55
1275.98
1275.3
1274.65
1274.02
1273.26
1272.57
1271.78
1271.03
1270.26
1269.5
1268.77
1268.05
1267.36
1266.69
1266.05
1265.43
1264.84
1264.28
1263.75
1263.25
1262.77
1280.69
1280.65
1280.65
1280.65
1280.7
1280.73
1280.79
1280.81
1280.83
1280.61
1280.67
1280.82
1280.93
1281.04
1281
1280.77
1280.5
1280.46
1280.43
1280.11
1279.95
1279.72
1279.37
1278.94
1278.61
1278.2
1277.72
1277.1
1276.58
1276
1275.33
1274.66
1274.03
1273.26
1272.56
1271.77
1271.01
1270.23
1269.47
1268.72
1268
1267.3
1266.61
1265.96
1265.33
1264.73
1264.16
1263.62
1263.1
1262.62
1280.58
1280.55
1280.55
1280.55
1280.59
1280.63
1280.7
1280.75
1280.86
1281.07
1281
1280.88
1280.9
1280.84
1280.69
1280.71
1280.65
1280.49
1280.37
1280.12
1279.96
1279.73
1279.39
1278.97
1278.63
1278.22
1277.74
1277.14
1276.6
1276.02
1275.35
1274.69
1274.04
1273.27
1272.56
1271.77
1271
1270.21
1269.44
1268.68
1267.94
1267.23
1266.54
1265.87
1265.23
1264.62
1264.04
1263.48
1262.96
1262.47
1280.56
1280.52
1280.52
1280.52
1280.56
1280.59
1280.66
1280.69
1280.75
1280.68
1280.74
1280.81
1280.88
1280.92
1280.82
1280.74
1280.61
1280.49
1280.39
1280.13
1279.98
1279.74
1279.41
1278.99
1278.65
1278.24
1277.76
1277.17
1276.63
1276.04
1275.38
1274.71
1274.05
1273.28
1272.56
1271.76
1270.99
1270.19
1269.41
1268.64
1267.89
1267.17
1266.46
1265.78
1265.13
1264.51
1263.92
1263.35
1262.82
1262.32
1280.55
1280.52
1280.51
1280.51
1280.55
1280.59
1280.65
1280.69
1280.79
1280.88
1280.86
1280.84
1280.88
1280.89
1280.78
1280.73
1280.62
1280.5
1280.4
1280.15
1279.99
1279.75
1279.43
1279.02
1278.68
1278.26
1277.79
1277.2
1276.66
1276.07
1275.41
1274.73
1274.06
1273.3
1272.56
1271.76
1270.98
1270.17
1269.38
1268.6
1267.84
1267.1
1266.39
1265.7
1265.04
1264.4
1263.8
1263.23
1262.68
1262.17
1280.56
1280.52
1280.51
1280.51
1280.56
1280.59
1280.65
1280.69
1280.77
1280.8
1280.82
1280.84
1280.88
1280.9
1280.79
1280.74
1280.63
1280.51
1280.41
1280.16
1280
1279.77
1279.45
1279.05
1278.7
1278.28
1277.81
1277.23
1276.69
1276.09
1275.44
1274.76
1274.08
1273.31
1272.57
1271.76
1270.97
1270.15
1269.35
1268.56
1267.79
1267.04
1266.32
1265.61
1264.94
1264.3
1263.68
1263.1
1262.55
1262.02
1280.56
1280.52
1280.52
1280.51
1280.56
1280.59
1280.65
1280.69
1280.77
1280.82
1280.83
1280.84
1280.89
1280.9
1280.8
1280.75
1280.64
1280.52
1280.42
1280.18
1280.02
1279.78
1279.47
1279.08
1278.73
1278.31
1277.84
1277.27
1276.72
1276.12
1275.46
1274.78
1274.1
1273.32
1272.57
1271.76
1270.96
1270.14
1269.33
1268.53
1267.74
1266.98
1266.24
1265.53
1264.85
1264.19
1263.57
1262.97
1262.41
1261.88
1280.56
1280.52
1280.52
1280.52
1280.56
1280.59
1280.65
1280.69
1280.77
1280.82
1280.83
1280.84
1280.89
1280.9
1280.8
1280.75
1280.65
1280.53
1280.43
1280.2
1280.04
1279.8
1279.49
1279.1
1278.76
1278.34
1277.87
1277.3
1276.76
1276.15
1275.5
1274.81
1274.11
1273.34
1272.58
1271.76
1270.95
1270.12
1269.3
1268.49
1267.7
1266.92
1266.18
1265.45
1264.76
1264.09
1263.45
1262.85
1262.28
1261.73
1280.56
1280.52
1280.52
1280.52
1280.56
1280.59
1280.65
1280.69
1280.77
1280.82
1280.83
1280.85
1280.89
1280.9
1280.81
1280.76
1280.66
1280.54
1280.45
1280.21
1280.06
1279.82
1279.51
1279.13
1278.79
1278.36
1277.9
1277.34
1276.79
1276.18
1275.53
1274.83
1274.13
1273.36
1272.59
1271.76
1270.94
1270.11
1269.28
1268.46
1267.65
1266.87
1266.11
1265.37
1264.67
1263.99
1263.34
1262.73
1262.14
1261.59
1268
1267.58
1267.4
1267.45
1267.4
1266.71
1265.98
1265.55
1265.38
1265.43
1265.53
1265.78
1265.01
1263.74
1262.61
1261.86
1261.63
1261.56
1261.16
1260.44
1259.66
1258.87
1258.05
1257.4
1256.88
1256.42
1256.03
1255.6
1254.64
1253.55
1253.5
1253.01
1251.46
1250.67
1250.07
1249.71
1249.63
1250.16
1249.42
1248.67
1248.24
1248.09
1248.25
1248.21
1247.81
1247.48
1247.31
1247.27
1247.25
1247.11
1267.22
1266.68
1266.63
1267.16
1268.2
1267.5
1266.35
1265.15
1264.28
1263.85
1263.2
1262.93
1263.01
1262.51
1262.08
1261.76
1261.59
1261.3
1260.73
1259.99
1259.18
1258.36
1257.57
1256.77
1256.2
1255.64
1255.03
1254.36
1253.37
1252.28
1252.77
1252.76
1251.65
1251.02
1250.48
1250.09
1249.79
1250.39
1249.18
1248.09
1247.58
1247.47
1248.02
1248.13
1247.35
1246.87
1246.67
1246.75
1246.83
1246.57
1267.9
1266.64
1265.56
1264.88
1264.97
1265.33
1265.05
1264.72
1264.42
1264.23
1263.94
1263.8
1263.37
1262.63
1261.89
1261.28
1260.94
1260.58
1260.06
1259.4
1258.66
1257.89
1257.15
1256.38
1255.69
1255.17
1254.54
1253.83
1252.81
1251.52
1251.01
1250.9
1250.08
1249.6
1249.12
1248.77
1248.59
1249.6
1249.87
1248.77
1248.24
1247.64
1248.01
1248.58
1246.79
1246.16
1245.94
1246.27
1246.7
1246.06
1266
1265.85
1265.75
1265.77
1265.92
1265.65
1265.11
1264.48
1263.87
1263.5
1263
1262.59
1262.29
1261.8
1261.33
1260.9
1260.59
1260.22
1259.67
1259
1258.27
1257.51
1256.75
1256.05
1255.3
1254.65
1253.97
1253.3
1252.32
1251.18
1250.92
1250.77
1249.91
1249.31
1248.68
1248.17
1247.55
1247.64
1247.6
1246.94
1246.72
1246.4
1247.07
1247.93
1247.69
1246.93
1246.43
1246.29
1247.27
1245.47
1266.2
1265.74
1265.27
1264.87
1264.71
1264.59
1264.28
1263.93
1263.55
1263.3
1262.92
1262.56
1262.19
1261.65
1261.1
1260.58
1260.17
1259.73
1259.17
1258.52
1257.81
1257.07
1256.34
1255.6
1254.96
1254.19
1253.53
1252.78
1251.94
1250.83
1250.42
1250.13
1249.33
1248.77
1248.16
1247.7
1247.2
1247.32
1247.29
1246.59
1246.16
1245.62
1245.53
1245.79
1245.48
1245.21
1245.04
1245.54
1246.62
1246.64
1265.35
1265.13
1264.94
1264.79
1264.74
1264.56
1264.2
1263.78
1263.31
1262.93
1262.5
1262.08
1261.67
1261.17
1260.66
1260.16
1259.72
1259.25
1258.69
1258.04
1257.35
1256.62
1255.9
1255.16
1254.49
1253.73
1253.14
1252.23
1251.54
1250.5
1249.98
1249.69
1248.92
1248.4
1247.79
1247.33
1246.85
1246.74
1246.58
1245.97
1245.61
1245.17
1245.1
1245.32
1245.02
1244.6
1244.26
1244.09
1244.32
1244.18
1265.43
1265.15
1264.85
1264.54
1264.3
1264.05
1263.72
1263.34
1262.92
1262.54
1262.12
1261.69
1261.26
1260.76
1260.25
1259.73
1259.26
1258.76
1258.19
1257.55
1256.87
1256.15
1255.43
1254.7
1254.02
1253.25
1252.62
1251.78
1251.08
1250.23
1249.55
1249.19
1248.48
1247.98
1247.42
1246.97
1246.51
1246.29
1246.07
1245.54
1245.19
1244.81
1244.62
1244.63
1244.34
1243.99
1243.72
1243.59
1243.77
1243.6
1265.05
1264.78
1264.51
1264.23
1263.99
1263.71
1263.36
1262.98
1262.56
1262.15
1261.72
1261.27
1260.83
1260.32
1259.81
1259.29
1258.79
1258.27
1257.7
1257.06
1256.38
1255.68
1254.97
1254.24
1253.55
1252.78
1252.12
1251.31
1250.62
1249.87
1249.16
1248.7
1248.12
1247.56
1246.97
1246.59
1246.16
1245.87
1245.6
1245.13
1244.79
1244.44
1244.21
1244.11
1243.83
1243.53
1243.28
1243.09
1243.08
1242.88
1264.83
1264.55
1264.25
1263.95
1263.66
1263.35
1262.99
1262.6
1262.18
1261.76
1261.32
1260.87
1260.41
1259.9
1259.39
1258.86
1258.35
1257.81
1257.22
1256.59
1255.92
1255.22
1254.52
1253.79
1253.09
1252.32
1251.65
1250.86
1250.16
1249.44
1248.75
1248.27
1247.75
1247.16
1246.58
1246.13
1245.75
1245.47
1245.16
1244.72
1244.39
1244.07
1243.81
1243.65
1243.38
1243.1
1242.87
1242.65
1242.54
1242.34
1264.59
1264.29
1263.98
1263.66
1263.34
1263.01
1262.64
1262.24
1261.82
1261.39
1260.94
1260.48
1260.01
1259.5
1258.98
1258.45
1257.92
1257.37
1256.77
1256.14
1255.48
1254.78
1254.08
1253.35
1252.65
1251.89
1251.2
1250.43
1249.74
1249.03
1248.36
1247.84
1247.3
1246.74
1246.26
1245.75
1245.3
1245.03
1244.72
1244.31
1244
1243.68
1243.41
1243.21
1242.95
1242.68
1242.45
1242.23
1242.08
1241.87
1264.36
1264.04
1263.72
1263.39
1263.05
1262.7
1262.31
1261.91
1261.48
1261.04
1260.58
1260.11
1259.62
1259.11
1258.59
1258.05
1257.5
1256.94
1256.34
1255.71
1255.04
1254.35
1253.65
1252.93
1252.22
1251.46
1250.77
1250.01
1249.33
1248.63
1247.97
1247.43
1246.88
1246.34
1245.85
1245.42
1244.94
1244.57
1244.28
1243.87
1243.59
1243.29
1243.02
1242.79
1242.52
1242.27
1242.04
1241.82
1241.64
1241.43
1264.15
1263.81
1263.48
1263.13
1262.77
1262.4
1262.01
1261.59
1261.15
1260.71
1260.24
1259.75
1259.26
1258.74
1258.21
1257.66
1257.1
1256.53
1255.92
1255.29
1254.62
1253.93
1253.24
1252.51
1251.8
1251.05
1250.35
1249.61
1248.93
1248.25
1247.6
1247.04
1246.49
1245.95
1245.46
1245.02
1244.62
1244.16
1243.86
1243.49
1243.16
1242.84
1242.61
1242.38
1242.11
1241.86
1241.63
1241.41
1241.21
1241.01
1263.94
1263.6
1263.24
1262.88
1262.51
1262.12
1261.71
1261.29
1260.84
1260.38
1259.9
1259.41
1258.9
1258.38
1257.84
1257.28
1256.72
1256.13
1255.52
1254.88
1254.22
1253.53
1252.83
1252.11
1251.4
1250.64
1249.95
1249.21
1248.54
1247.87
1247.24
1246.67
1246.12
1245.59
1245.09
1244.64
1244.22
1243.79
1243.46
1243.15
1242.76
1242.44
1242.14
1241.97
1241.69
1241.44
1241.23
1241.01
1240.8
1240.59
1263.75
1263.39
1263.02
1262.64
1262.25
1261.85
1261.43
1260.99
1260.54
1260.07
1259.58
1259.08
1258.56
1258.03
1257.48
1256.92
1256.34
1255.75
1255.13
1254.49
1253.83
1253.14
1252.44
1251.72
1251.01
1250.26
1249.56
1248.83
1248.16
1247.51
1246.88
1246.31
1245.76
1245.23
1244.74
1244.28
1243.85
1243.42
1243.07
1242.75
1242.38
1242.12
1241.75
1241.53
1241.29
1241.01
1240.83
1240.61
1240.4
1240.19
1263.55
1263.18
1262.8
1262.41
1262.01
1261.59
1261.16
1260.71
1260.24
1259.76
1259.27
1258.76
1258.23
1257.69
1257.13
1256.56
1255.98
1255.38
1254.76
1254.12
1253.45
1252.76
1252.07
1251.34
1250.63
1249.88
1249.19
1248.47
1247.8
1247.15
1246.53
1245.96
1245.41
1244.88
1244.39
1243.93
1243.5
1243.08
1242.71
1242.37
1242.01
1241.73
1241.43
1241.11
1240.9
1240.63
1240.37
1240.21
1240
1239.79
1263.37
1262.98
1262.59
1262.18
1261.77
1261.34
1260.89
1260.43
1259.96
1259.47
1258.96
1258.44
1257.91
1257.36
1256.8
1256.22
1255.63
1255.02
1254.4
1253.75
1253.08
1252.4
1251.7
1250.98
1250.27
1249.52
1248.82
1248.11
1247.45
1246.8
1246.19
1245.62
1245.07
1244.55
1244.05
1243.59
1243.16
1242.74
1242.36
1242.01
1241.65
1241.35
1241.05
1240.74
1240.51
1240.3
1239.99
1239.79
1239.59
1239.36
1263.19
1262.79
1262.38
1261.96
1261.54
1261.09
1260.64
1260.17
1259.68
1259.18
1258.67
1258.14
1257.59
1257.04
1256.47
1255.88
1255.29
1254.68
1254.04
1253.4
1252.73
1252.04
1251.35
1250.62
1249.92
1249.17
1248.47
1247.77
1247.11
1246.47
1245.86
1245.29
1244.74
1244.22
1243.72
1243.26
1242.83
1242.41
1242.03
1241.67
1241.31
1241
1240.69
1240.39
1240.14
1239.91
1239.68
1239.41
1239.2
1238.99
1263.01
1262.6
1262.18
1261.75
1261.31
1260.86
1260.39
1259.91
1259.41
1258.9
1258.38
1257.84
1257.29
1256.72
1256.15
1255.56
1254.95
1254.34
1253.7
1253.05
1252.38
1251.7
1251
1250.28
1249.57
1248.83
1248.14
1247.43
1246.78
1246.14
1245.54
1244.96
1244.42
1243.9
1243.41
1242.94
1242.51
1242.09
1241.7
1241.34
1240.98
1240.66
1240.35
1240.05
1239.79
1239.54
1239.31
1239.05
1238.84
1238.67
1262.83
1262.41
1261.98
1261.54
1261.09
1260.62
1260.14
1259.65
1259.15
1258.63
1258.09
1257.55
1256.99
1256.42
1255.83
1255.24
1254.63
1254.01
1253.37
1252.72
1252.05
1251.36
1250.67
1249.95
1249.24
1248.49
1247.81
1247.11
1246.46
1245.83
1245.23
1244.66
1244.11
1243.59
1243.1
1242.63
1242.2
1241.78
1241.39
1241.02
1240.66
1240.33
1240.02
1239.72
1239.45
1239.19
1238.95
1238.7
1238.49
1238.31
1262.66
1262.23
1261.79
1261.33
1260.87
1260.39
1259.91
1259.4
1258.89
1258.36
1257.82
1257.26
1256.7
1256.12
1255.53
1254.93
1254.31
1253.69
1253.04
1252.39
1251.72
1251.03
1250.34
1249.62
1248.92
1248.17
1247.49
1246.8
1246.16
1245.52
1244.92
1244.35
1243.81
1243.29
1242.8
1242.33
1241.89
1241.47
1241.08
1240.71
1240.35
1240.02
1239.71
1239.4
1239.13
1238.86
1238.61
1238.36
1238.15
1237.95
1262.49
1262.05
1261.6
1261.13
1260.66
1260.17
1259.67
1259.16
1258.63
1258.1
1257.55
1256.98
1256.41
1255.82
1255.23
1254.62
1254
1253.38
1252.73
1252.08
1251.4
1250.72
1250.02
1249.3
1248.61
1247.86
1247.19
1246.49
1245.86
1245.23
1244.63
1244.06
1243.52
1243
1242.51
1242.04
1241.6
1241.18
1240.78
1240.41
1240.05
1239.72
1239.4
1239.1
1238.82
1238.55
1238.29
1238.05
1237.82
1237.62
1262.32
1261.87
1261.41
1260.93
1260.45
1259.95
1259.44
1258.92
1258.38
1257.84
1257.28
1256.71
1256.13
1255.54
1254.93
1254.32
1253.7
1253.07
1252.42
1251.77
1251.09
1250.4
1249.72
1248.99
1248.31
1247.56
1246.89
1246.2
1245.57
1244.94
1244.35
1243.78
1243.23
1242.71
1242.22
1241.75
1241.31
1240.89
1240.49
1240.12
1239.76
1239.42
1239.1
1238.8
1238.51
1238.25
1237.99
1237.74
1237.51
1237.31
1262.16
1261.7
1261.22
1260.74
1260.24
1259.73
1259.21
1258.68
1258.14
1257.58
1257.02
1256.44
1255.85
1255.25
1254.64
1254.03
1253.4
1252.77
1252.11
1251.47
1250.79
1250.1
1249.42
1248.69
1248.01
1247.26
1246.6
1245.91
1245.29
1244.66
1244.07
1243.5
1242.96
1242.44
1241.94
1241.48
1241.03
1240.61
1240.21
1239.83
1239.47
1239.13
1238.81
1238.51
1238.22
1237.95
1237.69
1237.45
1237.22
1237
1261.99
1261.52
1261.04
1260.55
1260.04
1259.52
1258.99
1258.45
1257.9
1257.33
1256.76
1256.17
1255.58
1254.98
1254.36
1253.74
1253.11
1252.48
1251.82
1251.17
1250.49
1249.81
1249.12
1248.4
1247.73
1246.97
1246.33
1245.63
1245.01
1244.39
1243.8
1243.23
1242.69
1242.17
1241.68
1241.21
1240.76
1240.34
1239.94
1239.56
1239.19
1238.85
1238.53
1238.22
1237.94
1237.66
1237.4
1237.16
1236.93
1236.71
1261.83
1261.35
1260.86
1260.36
1259.84
1259.31
1258.77
1258.22
1257.66
1257.09
1256.5
1255.91
1255.31
1254.7
1254.08
1253.46
1252.82
1252.19
1251.52
1250.88
1250.2
1249.52
1248.84
1248.11
1247.45
1246.69
1246.06
1245.36
1244.75
1244.13
1243.54
1242.97
1242.43
1241.91
1241.42
1240.94
1240.5
1240.07
1239.67
1239.29
1238.92
1238.58
1238.26
1237.95
1237.66
1237.39
1237.13
1236.88
1236.65
1236.43
1261.68
1261.18
1260.68
1260.17
1259.64
1259.1
1258.55
1257.99
1257.42
1256.84
1256.25
1255.65
1255.05
1254.43
1253.81
1253.19
1252.54
1251.91
1251.24
1250.6
1249.92
1249.24
1248.56
1247.83
1247.18
1246.41
1245.79
1245.09
1244.49
1243.87
1243.29
1242.72
1242.18
1241.66
1241.16
1240.69
1240.24
1239.81
1239.41
1239.02
1238.66
1238.32
1237.99
1237.68
1237.39
1237.11
1236.85
1236.61
1236.38
1236.16
1261.52
1261.02
1260.51
1259.98
1259.45
1258.9
1258.34
1257.77
1257.19
1256.6
1256.01
1255.4
1254.79
1254.17
1253.54
1252.92
1252.26
1251.64
1250.96
1250.33
1249.65
1248.97
1248.29
1247.56
1246.92
1246.15
1245.54
1244.84
1244.24
1243.63
1243.04
1242.47
1241.93
1241.41
1240.92
1240.44
1239.99
1239.56
1239.16
1238.77
1238.4
1238.06
1237.73
1237.42
1237.13
1236.85
1236.59
1236.34
1236.11
1235.9
1261.36
1260.85
1260.33
1259.8
1259.25
1258.69
1258.13
1257.55
1256.96
1256.37
1255.76
1255.15
1254.53
1253.91
1253.28
1252.65
1251.99
1251.37
1250.69
1250.07
1249.38
1248.7
1248.03
1247.3
1246.67
1245.89
1245.29
1244.59
1244
1243.39
1242.8
1242.24
1241.69
1241.17
1240.68
1240.2
1239.75
1239.32
1238.91
1238.52
1238.16
1237.81
1237.48
1237.17
1236.87
1236.59
1236.33
1236.09
1235.86
1235.64
1261.21
1260.69
1260.16
1259.62
1259.06
1258.49
1257.92
1257.33
1256.74
1256.13
1255.52
1254.9
1254.28
1253.65
1253.02
1252.39
1251.72
1251.11
1250.42
1249.81
1249.11
1248.44
1247.77
1247.04
1246.42
1245.63
1245.06
1244.35
1243.77
1243.16
1242.57
1242.01
1241.46
1240.94
1240.45
1239.97
1239.52
1239.08
1238.67
1238.28
1237.91
1237.56
1237.23
1236.92
1236.62
1236.35
1236.08
1235.84
1235.61
1235.39
1261.06
1260.53
1259.99
1259.44
1258.87
1258.3
1257.71
1257.12
1256.51
1255.9
1255.29
1254.66
1254.04
1253.4
1252.76
1252.13
1251.46
1250.86
1250.15
1249.56
1248.86
1248.19
1247.52
1246.79
1246.18
1245.38
1244.82
1244.11
1243.54
1242.94
1242.35
1241.78
1241.24
1240.72
1240.22
1239.74
1239.29
1238.86
1238.44
1238.05
1237.68
1237.33
1236.99
1236.68
1236.38
1236.1
1235.84
1235.59
1235.36
1235.15
1246.97
1246.89
1246.85
1246.82
1246.77
1246.74
1246.76
1246.8
1246.86
1246.95
1247.07
1247.21
1247.38
1247.58
1247.82
1248.11
1248.43
1248.79
1249.19
1249.63
1250.12
1250.65
1251.22
1251.84
1252.5
1253.21
1253.95
1254.73
1255.54
1256.38
1257.26
1258.17
1259.1
1260.05
1261.03
1262.02
1263.04
1264.07
1265.11
1266.18
1267.26
1268.35
1269.47
1270.59
1271.73
1272.89
1274.05
1275.23
1276.42
1277.61
1278.82
1280.04
1281.27
1282.53
1283.75
1284.96
1286.18
1287.38
1288.57
1289.75
1290.93
1292.08
1293.23
1294.35
1295.46
1296.54
1297.61
1298.65
1299.66
1300.64
1301.6
1302.53
1303.42
1304.28
1305.1
1305.9
1306.66
1307.38
1308.06
1308.7
1309.31
1309.87
1310.39
1310.86
1311.29
1311.67
1312.01
1312.3
1312.55
1312.75
1312.91
1313.04
1313.12
1313.16
1313.18
1313.16
1313.12
1313.08
1313.01
1312.89
1312.73
1312.53
1312.29
1312.02
1311.72
1311.39
1311.02
1310.63
1310.22
1309.77
1309.3
1308.81
1308.29
1307.75
1307.19
1306.61
1306.01
1305.39
1304.75
1304.09
1303.42
1302.73
1302.03
1301.32
1300.59
1299.86
1299.12
1298.37
1297.62
1296.86
1296.1
1295.34
1294.58
1293.82
1293.06
1292.31
1291.57
1290.84
1290.13
1289.44
1288.77
1288.13
1287.51
1286.92
1286.35
1285.84
1285.38
1284.99
1284.69
1284.5
1246.33
1246.22
1246.21
1246.17
1246.05
1245.96
1245.94
1245.97
1245.99
1246.02
1246.1
1246.19
1246.31
1246.46
1246.66
1246.89
1247.16
1247.48
1247.83
1248.23
1248.66
1249.15
1249.68
1250.25
1250.87
1251.54
1252.24
1252.98
1253.75
1254.56
1255.4
1256.27
1257.17
1258.09
1259.03
1260
1260.98
1261.99
1263.01
1264.04
1265.1
1266.16
1267.25
1268.34
1269.46
1270.58
1271.72
1272.86
1274.02
1275.19
1276.37
1277.55
1278.75
1279.97
1281.16
1282.35
1283.53
1284.71
1285.88
1287.03
1288.18
1289.31
1290.43
1291.53
1292.61
1293.68
1294.72
1295.73
1296.72
1297.69
1298.62
1299.53
1300.4
1301.24
1302.05
1302.82
1303.56
1304.26
1304.93
1305.56
1306.14
1306.69
1307.19
1307.65
1308.07
1308.44
1308.76
1309.04
1309.28
1309.47
1309.62
1309.73
1309.8
1309.84
1309.84
1309.81
1309.76
1309.7
1309.61
1309.48
1309.32
1309.11
1308.87
1308.6
1308.3
1307.97
1307.61
1307.22
1306.8
1306.37
1305.9
1305.41
1304.9
1304.37
1303.82
1303.25
1302.65
1302.04
1301.42
1300.77
1300.11
1299.44
1298.75
1298.05
1297.34
1296.62
1295.9
1295.16
1294.43
1293.69
1292.95
1292.21
1291.46
1290.71
1289.97
1289.24
1288.52
1287.81
1287.12
1286.45
1285.8
1285.17
1284.57
1283.99
1283.44
1282.94
1282.49
1282.11
1281.81
1281.62
1245.67
1245.54
1245.64
1245.64
1245.39
1245.21
1245.18
1245.24
1245.2
1245.18
1245.23
1245.28
1245.34
1245.44
1245.6
1245.78
1246
1246.27
1246.57
1246.92
1247.31
1247.74
1248.22
1248.76
1249.34
1249.96
1250.62
1251.32
1252.05
1252.82
1253.62
1254.46
1255.32
1256.21
1257.12
1258.06
1259.01
1259.99
1260.98
1261.99
1263.01
1264.05
1265.11
1266.18
1267.26
1268.35
1269.46
1270.58
1271.71
1272.85
1274
1275.15
1276.32
1277.5
1278.67
1279.83
1280.98
1282.13
1283.27
1284.41
1285.53
1286.63
1287.73
1288.81
1289.86
1290.9
1291.92
1292.92
1293.88
1294.83
1295.74
1296.62
1297.48
1298.3
1299.09
1299.84
1300.56
1301.25
1301.9
1302.51
1303.08
1303.61
1304.1
1304.55
1304.95
1305.31
1305.62
1305.89
1306.11
1306.29
1306.43
1306.53
1306.59
1306.61
1306.6
1306.57
1306.5
1306.42
1306.32
1306.19
1306.01
1305.8
1305.56
1305.29
1304.99
1304.65
1304.3
1303.91
1303.5
1303.06
1302.6
1302.12
1301.62
1301.09
1300.55
1299.99
1299.4
1298.8
1298.18
1297.55
1296.9
1296.24
1295.56
1294.88
1294.18
1293.48
1292.77
1292.06
1291.34
1290.61
1289.89
1289.17
1288.44
1287.71
1286.99
1286.27
1285.57
1284.88
1284.2
1283.55
1282.91
1282.31
1281.72
1281.16
1280.62
1280.13
1279.68
1279.31
1279.02
1278.82
1244.86
1244.79
1245.2
1245.33
1244.75
1244.42
1244.43
1244.65
1244.48
1244.38
1244.46
1244.47
1244.44
1244.5
1244.63
1244.76
1244.93
1245.16
1245.42
1245.71
1246.05
1246.42
1246.86
1247.35
1247.89
1248.47
1249.09
1249.74
1250.43
1251.16
1251.93
1252.73
1253.55
1254.41
1255.29
1256.2
1257.12
1258.07
1259.03
1260.01
1261.01
1262.02
1263.05
1264.09
1265.14
1266.21
1267.29
1268.38
1269.48
1270.59
1271.71
1272.84
1273.97
1275.12
1276.26
1277.39
1278.52
1279.64
1280.76
1281.87
1282.96
1284.05
1285.12
1286.17
1287.21
1288.22
1289.22
1290.19
1291.14
1292.06
1292.95
1293.82
1294.65
1295.45
1296.22
1296.96
1297.66
1298.33
1298.96
1299.56
1300.12
1300.64
1301.11
1301.54
1301.93
1302.28
1302.58
1302.83
1303.04
1303.21
1303.34
1303.42
1303.47
1303.49
1303.47
1303.42
1303.34
1303.25
1303.14
1302.99
1302.81
1302.6
1302.36
1302.08
1301.78
1301.44
1301.09
1300.7
1300.29
1299.86
1299.41
1298.93
1298.44
1297.92
1297.38
1296.83
1296.25
1295.66
1295.05
1294.43
1293.79
1293.14
1292.48
1291.8
1291.12
1290.44
1289.74
1289.04
1288.34
1287.63
1286.93
1286.22
1285.51
1284.79
1284.09
1283.39
1282.71
1282.03
1281.37
1280.73
1280.12
1279.53
1278.97
1278.42
1277.89
1277.4
1276.97
1276.6
1276.31
1276.1
1245.72
1245.23
1245.11
1245.59
1244.01
1243.49
1243.62
1244.33
1243.78
1243.55
1243.77
1243.74
1243.57
1243.61
1243.75
1243.81
1243.94
1244.14
1244.35
1244.61
1244.88
1245.2
1245.59
1246.04
1246.54
1247.07
1247.65
1248.26
1248.91
1249.59
1250.32
1251.08
1251.87
1252.69
1253.54
1254.41
1255.31
1256.23
1257.16
1258.11
1259.08
1260.07
1261.07
1262.08
1263.1
1264.14
1265.19
1266.25
1267.32
1268.4
1269.5
1270.6
1271.71
1272.82
1273.93
1275.04
1276.14
1277.24
1278.33
1279.42
1280.49
1281.55
1282.59
1283.62
1284.64
1285.63
1286.61
1287.56
1288.48
1289.38
1290.26
1291.1
1291.91
1292.69
1293.44
1294.16
1294.85
1295.5
1296.12
1296.7
1297.25
1297.75
1298.21
1298.63
1299.01
1299.34
1299.63
1299.87
1300.07
1300.23
1300.34
1300.42
1300.46
1300.46
1300.43
1300.37
1300.28
1300.17
1300.05
1299.9
1299.71
1299.5
1299.25
1298.97
1298.67
1298.33
1297.98
1297.6
1297.19
1296.76
1296.31
1295.84
1295.35
1294.84
1294.31
1293.76
1293.2
1292.61
1292.02
1291.41
1290.78
1290.14
1289.49
1288.83
1288.16
1287.49
1286.81
1286.12
1285.43
1284.74
1284.06
1283.36
1282.67
1281.97
1281.28
1280.6
1279.93
1279.28
1278.63
1278.01
1277.41
1276.84
1276.29
1275.76
1275.24
1274.76
1274.33
1273.97
1273.69
1273.47
1243.91
1243.87
1244.59
1245.47
1245.12
1244.13
1243.69
1244.81
1242.98
1242.58
1243.27
1243.14
1242.67
1242.72
1242.99
1242.9
1243
1243.2
1243.35
1243.59
1243.8
1244.05
1244.41
1244.82
1245.29
1245.78
1246.3
1246.86
1247.46
1248.11
1248.79
1249.51
1250.26
1251.05
1251.86
1252.71
1253.57
1254.46
1255.37
1256.29
1257.23
1258.19
1259.16
1260.14
1261.14
1262.15
1263.17
1264.2
1265.24
1266.3
1267.36
1268.43
1269.51
1270.6
1271.68
1272.77
1273.85
1274.92
1275.99
1277.04
1278.09
1279.13
1280.15
1281.16
1282.15
1283.13
1284.08
1285.01
1285.91
1286.79
1287.64
1288.47
1289.26
1290.02
1290.76
1291.46
1292.13
1292.76
1293.37
1293.93
1294.46
1294.95
1295.41
1295.81
1296.18
1296.5
1296.78
1297.01
1297.19
1297.34
1297.44
1297.51
1297.54
1297.53
1297.49
1297.42
1297.31
1297.2
1297.06
1296.9
1296.71
1296.49
1296.24
1295.96
1295.65
1295.32
1294.97
1294.59
1294.18
1293.76
1293.31
1292.85
1292.36
1291.86
1291.34
1290.8
1290.24
1289.66
1289.08
1288.48
1287.86
1287.23
1286.59
1285.94
1285.29
1284.63
1283.96
1283.29
1282.62
1281.95
1281.27
1280.6
1279.92
1279.24
1278.56
1277.9
1277.25
1276.61
1275.98
1275.37
1274.79
1274.24
1273.71
1273.18
1272.68
1272.2
1271.78
1271.43
1271.14
1270.93
1243.21
1242.9
1242.85
1242.97
1242.83
1242.56
1243.09
1244.22
1244.17
1242.89
1243.25
1242.8
1241.61
1241.78
1242.43
1241.96
1242.07
1242.35
1242.37
1242.66
1242.78
1242.96
1243.31
1243.68
1244.13
1244.57
1245.05
1245.56
1246.11
1246.71
1247.35
1248.02
1248.74
1249.49
1250.27
1251.08
1251.91
1252.77
1253.64
1254.54
1255.45
1256.38
1257.32
1258.28
1259.25
1260.22
1261.21
1262.22
1263.23
1264.26
1265.3
1266.34
1267.4
1268.46
1269.51
1270.57
1271.62
1272.67
1273.72
1274.75
1275.78
1276.79
1277.79
1278.78
1279.75
1280.7
1281.63
1282.54
1283.42
1284.28
1285.12
1285.92
1286.69
1287.44
1288.15
1288.83
1289.49
1290.11
1290.7
1291.25
1291.77
1292.24
1292.68
1293.08
1293.43
1293.74
1294.01
1294.23
1294.41
1294.54
1294.63
1294.69
1294.7
1294.69
1294.64
1294.55
1294.44
1294.31
1294.17
1294
1293.81
1293.58
1293.33
1293.04
1292.74
1292.4
1292.05
1291.67
1291.27
1290.85
1290.41
1289.95
1289.47
1288.97
1288.46
1287.92
1287.37
1286.81
1286.23
1285.64
1285.04
1284.42
1283.79
1283.15
1282.51
1281.86
1281.21
1280.55
1279.89
1279.24
1278.58
1277.92
1277.26
1276.59
1275.93
1275.28
1274.65
1274.02
1273.41
1272.81
1272.25
1271.72
1271.2
1270.69
1270.2
1269.73
1269.32
1268.97
1268.69
1268.46
1242.57
1242.33
1242.26
1242.34
1242.08
1241.72
1241.64
1241.87
1241.84
1241.62
1242.69
1243.45
1242.28
1241.77
1242.5
1240.89
1241.12
1241.66
1241.36
1241.85
1241.8
1241.87
1242.27
1242.59
1243.06
1243.44
1243.89
1244.34
1244.85
1245.39
1245.99
1246.62
1247.29
1248
1248.74
1249.52
1250.32
1251.15
1251.99
1252.86
1253.74
1254.64
1255.56
1256.49
1257.42
1258.37
1259.33
1260.31
1261.29
1262.3
1263.31
1264.33
1265.35
1266.38
1267.42
1268.45
1269.48
1270.5
1271.52
1272.54
1273.54
1274.53
1275.51
1276.47
1277.42
1278.35
1279.26
1280.15
1281.01
1281.85
1282.66
1283.45
1284.2
1284.93
1285.62
1286.29
1286.93
1287.53
1288.1
1288.64
1289.15
1289.61
1290.04
1290.43
1290.77
1291.07
1291.32
1291.53
1291.7
1291.82
1291.91
1291.95
1291.96
1291.93
1291.87
1291.78
1291.66
1291.52
1291.37
1291.2
1290.99
1290.76
1290.5
1290.22
1289.91
1289.58
1289.22
1288.85
1288.45
1288.03
1287.59
1287.14
1286.66
1286.17
1285.67
1285.14
1284.6
1284.04
1283.47
1282.89
1282.3
1281.69
1281.07
1280.45
1279.81
1279.18
1278.54
1277.9
1277.26
1276.61
1275.98
1275.33
1274.68
1274.03
1273.38
1272.75
1272.13
1271.52
1270.92
1270.34
1269.79
1269.28
1268.78
1268.29
1267.79
1267.33
1266.93
1266.59
1266.31
1266.08
1242.08
1241.86
1241.71
1241.64
1241.39
1241.12
1241.02
1241.14
1240.99
1240.57
1240.7
1240.91
1240.56
1241.31
1242.45
1241.58
1241.06
1241.44
1240.17
1241.29
1240.83
1240.71
1241.32
1241.52
1242.08
1242.37
1242.79
1243.19
1243.66
1244.16
1244.72
1245.3
1245.93
1246.59
1247.3
1248.04
1248.81
1249.6
1250.41
1251.25
1252.1
1252.98
1253.86
1254.76
1255.67
1256.59
1257.52
1258.46
1259.42
1260.4
1261.38
1262.38
1263.38
1264.38
1265.39
1266.4
1267.4
1268.41
1269.4
1270.39
1271.37
1272.34
1273.3
1274.24
1275.17
1276.08
1276.97
1277.83
1278.68
1279.5
1280.29
1281.05
1281.79
1282.49
1283.17
1283.82
1284.44
1285.03
1285.59
1286.12
1286.61
1287.06
1287.48
1287.85
1288.19
1288.48
1288.72
1288.92
1289.08
1289.19
1289.26
1289.3
1289.3
1289.26
1289.19
1289.09
1288.96
1288.81
1288.66
1288.48
1288.27
1288.03
1287.77
1287.49
1287.17
1286.84
1286.49
1286.11
1285.72
1285.3
1284.87
1284.42
1283.95
1283.47
1282.97
1282.45
1281.91
1281.36
1280.8
1280.24
1279.65
1279.06
1278.45
1277.83
1277.21
1276.59
1275.97
1275.34
1274.7
1274.08
1273.45
1272.83
1272.19
1271.55
1270.91
1270.3
1269.7
1269.1
1268.51
1267.95
1267.42
1266.92
1266.44
1265.96
1265.47
1265.02
1264.62
1264.28
1264.01
1263.78
1241.63
1241.42
1241.23
1241.09
1240.87
1240.63
1240.49
1240.44
1240.27
1239.94
1239.97
1240
1239.61
1239.64
1240.05
1239.78
1240.59
1241.58
1240.38
1241.42
1239.87
1239.39
1240.55
1240.41
1241.24
1241.31
1241.78
1242.07
1242.54
1242.98
1243.52
1244.06
1244.64
1245.26
1245.92
1246.63
1247.36
1248.12
1248.91
1249.71
1250.53
1251.38
1252.24
1253.11
1253.98
1254.87
1255.77
1256.69
1257.62
1258.57
1259.53
1260.5
1261.47
1262.45
1263.44
1264.42
1265.4
1266.38
1267.35
1268.32
1269.28
1270.22
1271.16
1272.08
1272.99
1273.88
1274.74
1275.59
1276.42
1277.21
1277.99
1278.73
1279.45
1280.14
1280.8
1281.43
1282.03
1282.6
1283.15
1283.66
1284.14
1284.59
1284.99
1285.36
1285.68
1285.96
1286.19
1286.38
1286.53
1286.63
1286.7
1286.73
1286.72
1286.67
1286.59
1286.48
1286.34
1286.19
1286.03
1285.84
1285.63
1285.39
1285.13
1284.84
1284.52
1284.19
1283.84
1283.47
1283.07
1282.66
1282.23
1281.78
1281.32
1280.85
1280.36
1279.84
1279.31
1278.77
1278.22
1277.66
1277.09
1276.51
1275.9
1275.3
1274.69
1274.08
1273.47
1272.85
1272.23
1271.62
1271.01
1270.41
1269.78
1269.15
1268.53
1267.93
1267.34
1266.76
1266.19
1265.63
1265.12
1264.64
1264.18
1263.71
1263.23
1262.78
1262.38
1262.05
1261.78
1261.56
1241.21
1241
1240.8
1240.63
1240.42
1240.2
1240.02
1239.89
1239.72
1239.44
1239.35
1239.28
1238.96
1238.91
1239.08
1238.77
1238.83
1239.28
1239.08
1240.48
1240.64
1239.48
1240.39
1239.13
1240.69
1240.21
1240.86
1240.97
1241.48
1241.84
1242.39
1242.87
1243.42
1243.99
1244.62
1245.3
1245.99
1246.71
1247.47
1248.24
1249.03
1249.84
1250.68
1251.52
1252.36
1253.22
1254.09
1254.97
1255.88
1256.8
1257.74
1258.68
1259.63
1260.59
1261.55
1262.5
1263.46
1264.42
1265.37
1266.31
1267.25
1268.17
1269.09
1269.99
1270.87
1271.74
1272.59
1273.42
1274.22
1275
1275.76
1276.48
1277.18
1277.85
1278.49
1279.1
1279.69
1280.25
1280.78
1281.28
1281.75
1282.18
1282.58
1282.93
1283.25
1283.52
1283.74
1283.92
1284.06
1284.15
1284.21
1284.23
1284.21
1284.16
1284.07
1283.95
1283.81
1283.64
1283.48
1283.29
1283.07
1282.83
1282.57
1282.27
1281.96
1281.62
1281.27
1280.9
1280.51
1280.1
1279.68
1279.23
1278.78
1278.31
1277.83
1277.32
1276.8
1276.27
1275.72
1275.18
1274.62
1274.04
1273.45
1272.85
1272.25
1271.66
1271.06
1270.45
1269.84
1269.24
1268.66
1268.06
1267.45
1266.83
1266.22
1265.63
1265.06
1264.5
1263.94
1263.39
1262.89
1262.44
1262
1261.53
1261.06
1260.61
1260.22
1259.9
1259.63
1259.41
1240.79
1240.59
1240.39
1240.21
1240
1239.79
1239.6
1239.43
1239.26
1239
1238.84
1238.72
1238.46
1238.34
1238.36
1238.1
1238.01
1238.31
1237.91
1238.44
1238.42
1238.87
1239.88
1239.12
1240.99
1238.92
1240.15
1239.82
1240.53
1240.72
1241.34
1241.72
1242.26
1242.78
1243.37
1244.03
1244.69
1245.37
1246.1
1246.84
1247.59
1248.38
1249.18
1249.99
1250.81
1251.63
1252.47
1253.32
1254.2
1255.1
1256.01
1256.93
1257.86
1258.79
1259.72
1260.66
1261.59
1262.52
1263.45
1264.37
1265.29
1266.19
1267.08
1267.96
1268.83
1269.68
1270.51
1271.31
1272.1
1272.86
1273.59
1274.3
1274.98
1275.63
1276.25
1276.85
1277.42
1277.96
1278.48
1278.97
1279.43
1279.85
1280.24
1280.58
1280.89
1281.15
1281.36
1281.53
1281.66
1281.75
1281.79
1281.8
1281.78
1281.72
1281.62
1281.5
1281.34
1281.17
1281
1280.81
1280.59
1280.35
1280.08
1279.79
1279.47
1279.14
1278.79
1278.42
1278.03
1277.63
1277.2
1276.76
1276.32
1275.86
1275.38
1274.88
1274.37
1273.84
1273.31
1272.77
1272.22
1271.65
1271.07
1270.48
1269.89
1269.31
1268.73
1268.13
1267.53
1266.95
1266.37
1265.8
1265.2
1264.59
1263.98
1263.41
1262.86
1262.31
1261.76
1261.23
1260.74
1260.3
1259.89
1259.43
1258.96
1258.52
1258.13
1257.81
1257.55
1257.32
1240.39
1240.19
1239.99
1239.8
1239.6
1239.39
1239.2
1239.02
1238.83
1238.6
1238.42
1238.26
1238.03
1237.86
1237.8
1237.58
1237.43
1237.57
1237.2
1237.43
1237.39
1237.35
1237.82
1238.11
1239.17
1239.17
1240.19
1238.54
1239.75
1239.54
1240.41
1240.6
1241.16
1241.61
1242.16
1242.83
1243.44
1244.09
1244.79
1245.5
1246.22
1246.97
1247.75
1248.54
1249.32
1250.1
1250.9
1251.73
1252.59
1253.46
1254.35
1255.24
1256.14
1257.05
1257.96
1258.87
1259.78
1260.69
1261.6
1262.5
1263.39
1264.27
1265.15
1266
1266.85
1267.68
1268.49
1269.27
1270.04
1270.78
1271.5
1272.18
1272.84
1273.47
1274.08
1274.66
1275.21
1275.74
1276.25
1276.73
1277.18
1277.59
1277.96
1278.3
1278.59
1278.85
1279.05
1279.22
1279.33
1279.41
1279.45
1279.45
1279.42
1279.35
1279.25
1279.11
1278.95
1278.78
1278.6
1278.41
1278.19
1277.94
1277.67
1277.37
1277.06
1276.72
1276.38
1276.01
1275.63
1275.22
1274.8
1274.37
1273.93
1273.48
1273.01
1272.52
1272.01
1271.49
1270.96
1270.44
1269.9
1269.34
1268.76
1268.18
1267.61
1267.04
1266.47
1265.88
1265.29
1264.72
1264.17
1263.61
1263.02
1262.41
1261.82
1261.26
1260.73
1260.19
1259.65
1259.12
1258.65
1258.24
1257.84
1257.39
1256.92
1256.48
1256.1
1255.79
1255.54
1255.31
1239.99
1239.79
1239.59
1239.41
1239.21
1239.01
1238.82
1238.63
1238.44
1238.22
1238.03
1237.86
1237.64
1237.46
1237.34
1237.15
1236.95
1237
1236.69
1236.76
1236.69
1236.51
1236.87
1236.85
1237.36
1237.75
1238.53
1238.83
1239.73
1238.25
1239.68
1239.45
1240.14
1240.47
1240.99
1241.7
1242.23
1242.84
1243.54
1244.21
1244.89
1245.63
1246.39
1247.14
1247.89
1248.63
1249.4
1250.2
1251.03
1251.88
1252.74
1253.62
1254.49
1255.37
1256.26
1257.15
1258.03
1258.92
1259.81
1260.68
1261.56
1262.42
1263.27
1264.11
1264.93
1265.74
1266.53
1267.3
1268.05
1268.77
1269.46
1270.13
1270.77
1271.38
1271.97
1272.53
1273.07
1273.59
1274.08
1274.55
1274.99
1275.39
1275.76
1276.08
1276.37
1276.61
1276.81
1276.97
1277.07
1277.14
1277.17
1277.16
1277.12
1277.05
1276.94
1276.8
1276.63
1276.45
1276.27
1276.08
1275.86
1275.61
1275.33
1275.03
1274.72
1274.38
1274.04
1273.68
1273.3
1272.9
1272.48
1272.05
1271.61
1271.17
1270.71
1270.23
1269.72
1269.21
1268.69
1268.18
1267.66
1267.11
1266.53
1265.96
1265.39
1264.84
1264.28
1263.71
1263.12
1262.56
1262.02
1261.49
1260.91
1260.3
1259.72
1259.18
1258.66
1258.14
1257.6
1257.09
1256.63
1256.23
1255.86
1255.42
1254.95
1254.51
1254.13
1253.83
1253.58
1253.36
1239.6
1239.4
1239.21
1239.02
1238.83
1238.63
1238.44
1238.25
1238.07
1237.86
1237.67
1237.49
1237.28
1237.1
1236.95
1236.77
1236.57
1236.53
1236.27
1236.24
1236.15
1235.97
1236.2
1236.04
1236.39
1236.54
1236.76
1237.36
1237.98
1238.45
1239.67
1238.22
1239.26
1239.34
1239.83
1240.65
1241.07
1241.64
1242.35
1242.98
1243.62
1244.33
1245.08
1245.81
1246.51
1247.22
1247.95
1248.72
1249.52
1250.35
1251.2
1252.05
1252.9
1253.76
1254.62
1255.48
1256.35
1257.21
1258.07
1258.93
1259.78
1260.62
1261.45
1262.27
1263.07
1263.86
1264.63
1265.39
1266.11
1266.82
1267.49
1268.14
1268.76
1269.36
1269.93
1270.47
1270.99
1271.5
1271.98
1272.43
1272.86
1273.26
1273.61
1273.93
1274.21
1274.45
1274.64
1274.78
1274.88
1274.94
1274.96
1274.95
1274.9
1274.82
1274.71
1274.56
1274.38
1274.19
1274.01
1273.81
1273.59
1273.34
1273.07
1272.76
1272.44
1272.11
1271.77
1271.41
1271.03
1270.64
1270.22
1269.8
1269.37
1268.93
1268.48
1268.01
1267.51
1267
1266.49
1265.99
1265.48
1264.94
1264.37
1263.8
1263.24
1262.7
1262.16
1261.59
1261.02
1260.47
1259.95
1259.43
1258.86
1258.26
1257.69
1257.16
1256.66
1256.15
1255.62
1255.11
1254.66
1254.29
1253.94
1253.51
1253.04
1252.59
1252.22
1251.92
1251.69
1251.46
1239.21
1239.01
1238.83
1238.64
1238.45
1238.26
1238.08
1237.89
1237.71
1237.51
1237.32
1237.14
1236.94
1236.76
1236.6
1236.43
1236.22
1236.15
1235.92
1235.82
1235.73
1235.53
1235.67
1235.5
1235.75
1235.69
1235.84
1236.18
1236.3
1237.12
1237.57
1238.34
1238.84
1238.21
1238.67
1239.74
1239.93
1240.46
1241.23
1241.79
1242.37
1243.07
1243.83
1244.53
1245.19
1245.86
1246.55
1247.29
1248.07
1248.88
1249.71
1250.53
1251.36
1252.2
1253.03
1253.87
1254.72
1255.56
1256.4
1257.24
1258.06
1258.88
1259.69
1260.49
1261.28
1262.05
1262.8
1263.53
1264.24
1264.92
1265.58
1266.21
1266.81
1267.39
1267.94
1268.47
1268.98
1269.46
1269.93
1270.38
1270.8
1271.18
1271.53
1271.84
1272.11
1272.34
1272.53
1272.66
1272.75
1272.8
1272.81
1272.79
1272.74
1272.66
1272.53
1272.38
1272.19
1272
1271.82
1271.62
1271.4
1271.15
1270.87
1270.56
1270.24
1269.91
1269.57
1269.21
1268.84
1268.45
1268.03
1267.61
1267.19
1266.76
1266.32
1265.85
1265.35
1264.85
1264.35
1263.86
1263.37
1262.83
1262.27
1261.7
1261.16
1260.63
1260.1
1259.54
1258.97
1258.43
1257.93
1257.43
1256.87
1256.27
1255.71
1255.19
1254.71
1254.22
1253.69
1253.18
1252.75
1252.4
1252.08
1251.65
1251.18
1250.73
1250.36
1250.07
1249.84
1249.63
1238.8
1238.6
1238.45
1238.27
1238.09
1237.9
1237.71
1237.53
1237.35
1237.17
1236.98
1236.8
1236.62
1236.44
1236.27
1236.11
1235.91
1235.8
1235.6
1235.47
1235.37
1235.17
1235.24
1235.07
1235.22
1235.13
1235.23
1235.32
1235.4
1235.91
1236.07
1237.18
1237.38
1238.6
1237.55
1239.05
1238.79
1239.29
1240.2
1240.65
1241.16
1241.86
1242.63
1243.31
1243.92
1244.54
1245.2
1245.91
1246.67
1247.46
1248.27
1249.07
1249.88
1250.69
1251.5
1252.32
1253.14
1253.96
1254.78
1255.6
1256.41
1257.2
1257.99
1258.77
1259.54
1260.29
1261.02
1261.73
1262.43
1263.09
1263.73
1264.34
1264.92
1265.48
1266.01
1266.52
1267.01
1267.49
1267.95
1268.38
1268.79
1269.17
1269.51
1269.81
1270.08
1270.3
1270.48
1270.61
1270.69
1270.72
1270.73
1270.7
1270.64
1270.56
1270.43
1270.26
1270.07
1269.88
1269.69
1269.49
1269.27
1269.01
1268.73
1268.42
1268.1
1267.77
1267.43
1267.08
1266.71
1266.32
1265.91
1265.49
1265.07
1264.65
1264.22
1263.76
1263.26
1262.76
1262.27
1261.8
1261.31
1260.79
1260.22
1259.66
1259.13
1258.62
1258.1
1257.55
1256.98
1256.46
1255.97
1255.5
1254.94
1254.34
1253.78
1253.28
1252.82
1252.34
1251.82
1251.31
1250.89
1250.57
1250.27
1249.85
1249.37
1248.92
1248.56
1248.27
1248.05
1247.84
1238.43
1238.24
1238.03
1237.89
1237.73
1237.55
1237.36
1237.18
1237.01
1236.83
1236.65
1236.48
1236.3
1236.13
1235.96
1235.8
1235.61
1235.49
1235.31
1235.17
1235.07
1234.87
1234.89
1234.72
1234.79
1234.69
1234.73
1234.75
1234.82
1235.04
1235.16
1235.78
1235.97
1237.1
1237.22
1239.05
1237.62
1238.1
1239.3
1239.56
1239.97
1240.68
1241.49
1242.14
1242.69
1243.26
1243.88
1244.56
1245.31
1246.09
1246.88
1247.67
1248.45
1249.24
1250.03
1250.82
1251.62
1252.42
1253.22
1254.01
1254.8
1255.58
1256.35
1257.11
1257.85
1258.58
1259.3
1260
1260.67
1261.31
1261.93
1262.52
1263.09
1263.63
1264.14
1264.63
1265.11
1265.57
1266.02
1266.44
1266.85
1267.21
1267.55
1267.84
1268.1
1268.31
1268.49
1268.61
1268.68
1268.71
1268.7
1268.67
1268.61
1268.52
1268.38
1268.21
1268.01
1267.81
1267.63
1267.42
1267.2
1266.95
1266.66
1266.35
1266.02
1265.69
1265.35
1265.01
1264.65
1264.25
1263.84
1263.42
1263.01
1262.6
1262.19
1261.73
1261.23
1260.73
1260.25
1259.79
1259.32
1258.8
1258.23
1257.67
1257.15
1256.66
1256.16
1255.61
1255.05
1254.53
1254.07
1253.61
1253.06
1252.46
1251.91
1251.42
1250.98
1250.52
1249.99
1249.49
1249.09
1248.78
1248.52
1248.1
1247.61
1247.16
1246.8
1246.53
1246.32
1246.11
1238.08
1237.94
1237.69
1237.52
1237.32
1237.19
1237.01
1236.85
1236.67
1236.5
1236.33
1236.16
1235.99
1235.82
1235.66
1235.51
1235.33
1235.2
1235.03
1234.89
1234.78
1234.6
1234.59
1234.43
1234.45
1234.33
1234.33
1234.32
1234.33
1234.47
1234.52
1234.83
1234.94
1235.42
1235.88
1236.38
1237.79
1236.98
1238.61
1238.5
1238.79
1239.53
1240.43
1241.04
1241.51
1242.02
1242.6
1243.26
1243.98
1244.76
1245.54
1246.31
1247.06
1247.83
1248.6
1249.37
1250.15
1250.93
1251.71
1252.48
1253.25
1254.01
1254.76
1255.49
1256.22
1256.93
1257.63
1258.31
1258.96
1259.59
1260.19
1260.76
1261.31
1261.83
1262.32
1262.8
1263.26
1263.7
1264.14
1264.56
1264.95
1265.32
1265.64
1265.93
1266.18
1266.39
1266.55
1266.67
1266.73
1266.75
1266.74
1266.7
1266.63
1266.54
1266.4
1266.22
1266.01
1265.81
1265.62
1265.42
1265.2
1264.94
1264.65
1264.33
1264
1263.67
1263.34
1263
1262.64
1262.25
1261.83
1261.41
1261.01
1260.61
1260.2
1259.75
1259.25
1258.75
1258.28
1257.83
1257.38
1256.86
1256.3
1255.74
1255.22
1254.75
1254.27
1253.72
1253.16
1252.65
1252.21
1251.79
1251.24
1250.63
1250.08
1249.61
1249.2
1248.75
1248.22
1247.72
1247.32
1247.04
1246.82
1246.4
1245.9
1245.45
1245.09
1244.82
1244.63
1244.43
1237.74
1237.59
1237.4
1237.19
1236.98
1236.82
1236.64
1236.51
1236.35
1236.18
1236.01
1235.85
1235.69
1235.53
1235.37
1235.22
1235.06
1234.93
1234.77
1234.63
1234.52
1234.35
1234.32
1234.16
1234.15
1234.04
1234.01
1233.96
1233.94
1234.02
1234
1234.22
1234.17
1234.45
1234.68
1235.06
1236.28
1236.36
1238.56
1237.46
1237.59
1238.42
1239.45
1240
1240.37
1240.81
1241.35
1241.99
1242.7
1243.47
1244.25
1244.99
1245.72
1246.47
1247.21
1247.97
1248.72
1249.48
1250.24
1251
1251.75
1252.49
1253.21
1253.93
1254.64
1255.34
1256.02
1256.68
1257.31
1257.92
1258.5
1259.06
1259.58
1260.08
1260.56
1261.01
1261.46
1261.89
1262.32
1262.73
1263.11
1263.47
1263.79
1264.07
1264.31
1264.52
1264.68
1264.79
1264.84
1264.85
1264.83
1264.78
1264.72
1264.62
1264.47
1264.28
1264.06
1263.86
1263.67
1263.47
1263.25
1262.99
1262.7
1262.37
1262.04
1261.7
1261.37
1261.04
1260.68
1260.29
1259.87
1259.46
1259.05
1258.67
1258.28
1257.82
1257.33
1256.82
1256.36
1255.93
1255.49
1254.98
1254.41
1253.85
1253.35
1252.89
1252.43
1251.89
1251.32
1250.82
1250.41
1250.01
1249.46
1248.85
1248.3
1247.85
1247.46
1247.02
1246.49
1245.99
1245.61
1245.36
1245.18
1244.75
1244.24
1243.78
1243.43
1243.17
1242.99
1242.81
1237.41
1237.24
1237.06
1236.87
1236.7
1236.5
1236.31
1236.13
1236.01
1235.87
1235.7
1235.55
1235.39
1235.24
1235.09
1234.95
1234.8
1234.67
1234.52
1234.38
1234.28
1234.12
1234.07
1233.92
1233.89
1233.78
1233.73
1233.67
1233.62
1233.66
1233.6
1233.73
1233.62
1233.8
1233.82
1234.06
1234.7
1235.1
1235.7
1237.65
1236.41
1237.33
1238.59
1239.03
1239.27
1239.64
1240.14
1240.75
1241.45
1242.22
1243
1243.71
1244.42
1245.15
1245.87
1246.6
1247.34
1248.09
1248.83
1249.56
1250.29
1251.01
1251.72
1252.42
1253.11
1253.79
1254.45
1255.1
1255.72
1256.31
1256.87
1257.4
1257.91
1258.39
1258.84
1259.28
1259.71
1260.13
1260.54
1260.95
1261.33
1261.68
1261.99
1262.26
1262.5
1262.7
1262.86
1262.96
1263
1263
1262.97
1262.92
1262.85
1262.75
1262.6
1262.4
1262.17
1261.96
1261.77
1261.57
1261.36
1261.1
1260.8
1260.47
1260.12
1259.79
1259.46
1259.14
1258.78
1258.39
1257.97
1257.55
1257.15
1256.78
1256.4
1255.95
1255.45
1254.94
1254.48
1254.07
1253.66
1253.15
1252.57
1252.01
1251.52
1251.08
1250.64
1250.1
1249.53
1249.04
1248.65
1248.29
1247.73
1247.11
1246.57
1246.13
1245.77
1245.35
1244.82
1244.31
1243.94
1243.71
1243.58
1243.15
1242.62
1242.16
1241.81
1241.56
1241.39
1241.23
1237.1
1236.91
1236.73
1236.54
1236.38
1236.19
1236.05
1235.83
1235.65
1235.54
1235.4
1235.25
1235.1
1234.96
1234.81
1234.68
1234.54
1234.41
1234.28
1234.15
1234.04
1233.9
1233.84
1233.7
1233.65
1233.54
1233.48
1233.42
1233.34
1233.35
1233.26
1233.34
1233.2
1233.27
1233.26
1233.34
1233.75
1233.92
1234.49
1235.7
1236.28
1236.4
1237.9
1238.13
1238.2
1238.5
1238.96
1239.54
1240.24
1241.02
1241.8
1242.48
1243.16
1243.87
1244.57
1245.28
1246
1246.73
1247.45
1248.17
1248.88
1249.58
1250.27
1250.96
1251.63
1252.29
1252.94
1253.57
1254.17
1254.74
1255.28
1255.8
1256.28
1256.74
1257.18
1257.6
1258.01
1258.41
1258.82
1259.22
1259.59
1259.94
1260.24
1260.5
1260.74
1260.93
1261.09
1261.18
1261.22
1261.21
1261.17
1261.11
1261.04
1260.93
1260.78
1260.57
1260.33
1260.11
1259.92
1259.73
1259.51
1259.26
1258.95
1258.61
1258.26
1257.92
1257.6
1257.28
1256.93
1256.54
1256.11
1255.69
1255.3
1254.94
1254.57
1254.13
1253.62
1253.11
1252.65
1252.26
1251.87
1251.37
1250.78
1250.22
1249.73
1249.32
1248.9
1248.36
1247.78
1247.3
1246.93
1246.61
1246.06
1245.42
1244.88
1244.46
1244.13
1243.73
1243.18
1242.67
1242.31
1242.11
1242.04
1241.6
1241.05
1240.59
1240.24
1240
1239.85
1239.7
1236.8
1236.6
1236.42
1236.23
1236.06
1235.88
1235.74
1235.58
1235.37
1235.22
1235.06
1234.96
1234.82
1234.68
1234.55
1234.42
1234.29
1234.17
1234.04
1233.92
1233.82
1233.69
1233.62
1233.49
1233.44
1233.33
1233.26
1233.19
1233.11
1233.09
1232.98
1233.01
1232.86
1232.86
1232.83
1232.81
1233.08
1233.1
1233.48
1234.17
1234.87
1235.22
1237.74
1237.32
1237.14
1237.38
1237.81
1238.37
1239.06
1239.86
1240.65
1241.29
1241.93
1242.63
1243.3
1244
1244.7
1245.41
1246.12
1246.82
1247.52
1248.2
1248.87
1249.54
1250.19
1250.84
1251.47
1252.08
1252.66
1253.22
1253.74
1254.24
1254.7
1255.14
1255.56
1255.96
1256.35
1256.74
1257.14
1257.53
1257.9
1258.24
1258.54
1258.8
1259.02
1259.22
1259.37
1259.46
1259.48
1259.46
1259.41
1259.35
1259.28
1259.17
1259.01
1258.79
1258.54
1258.31
1258.12
1257.93
1257.72
1257.46
1257.15
1256.8
1256.44
1256.1
1255.78
1255.47
1255.13
1254.74
1254.3
1253.87
1253.49
1253.15
1252.8
1252.36
1251.84
1251.32
1250.87
1250.5
1250.14
1249.63
1249.04
1248.47
1247.99
1247.61
1247.22
1246.67
1246.08
1245.6
1245.26
1244.99
1244.43
1243.77
1243.23
1242.84
1242.53
1242.15
1241.59
1241.07
1240.72
1240.56
1240.54
1240.09
1239.52
1239.05
1238.71
1238.49
1238.35
1238.22
1236.51
1236.31
1236.12
1235.93
1235.76
1235.58
1235.43
1235.28
1235.12
1234.95
1234.78
1234.63
1234.54
1234.42
1234.28
1234.17
1234.04
1233.93
1233.81
1233.7
1233.6
1233.48
1233.41
1233.3
1233.23
1233.13
1233.06
1232.99
1232.89
1232.86
1232.74
1232.74
1232.59
1232.54
1232.48
1232.41
1232.56
1232.55
1232.73
1233.17
1233.49
1234.01
1234.72
1237.51
1236.12
1236.29
1236.69
1237.23
1237.91
1238.73
1239.56
1240.14
1240.74
1241.43
1242.08
1242.76
1243.44
1244.13
1244.83
1245.51
1246.19
1246.85
1247.51
1248.16
1248.8
1249.43
1250.05
1250.64
1251.21
1251.74
1252.25
1252.73
1253.17
1253.59
1253.99
1254.37
1254.74
1255.12
1255.51
1255.89
1256.26
1256.6
1256.88
1257.13
1257.36
1257.55
1257.7
1257.78
1257.8
1257.76
1257.7
1257.63
1257.56
1257.45
1257.28
1257.05
1256.79
1256.56
1256.37
1256.18
1255.98
1255.72
1255.4
1255.03
1254.67
1254.33
1254.02
1253.71
1253.38
1252.98
1252.54
1252.1
1251.72
1251.4
1251.07
1250.63
1250.1
1249.58
1249.13
1248.78
1248.45
1247.95
1247.34
1246.77
1246.3
1245.94
1245.58
1245.02
1244.42
1243.95
1243.64
1243.42
1242.84
1242.17
1241.62
1241.25
1240.98
1240.63
1240.05
1239.52
1239.18
1239.04
1239.1
1238.63
1238.04
1237.57
1237.23
1237.02
1236.89
1236.79
1236.23
1236.03
1235.84
1235.65
1235.47
1235.29
1235.14
1234.98
1234.83
1234.67
1234.55
1234.37
1234.23
1234.15
1234.03
1233.92
1233.8
1233.69
1233.59
1233.48
1233.39
1233.28
1233.21
1233.1
1233.04
1232.95
1232.87
1232.8
1232.7
1232.66
1232.54
1232.5
1232.35
1232.27
1232.2
1232.09
1232.15
1232.11
1232.19
1232.43
1232.59
1232.88
1233.51
1234.69
1236.28
1235.28
1235.61
1236.12
1236.79
1237.66
1238.53
1239.03
1239.58
1240.27
1240.89
1241.55
1242.21
1242.89
1243.58
1244.24
1244.9
1245.55
1246.19
1246.82
1247.44
1248.06
1248.66
1249.24
1249.79
1250.31
1250.8
1251.26
1251.68
1252.09
1252.46
1252.82
1253.17
1253.54
1253.92
1254.3
1254.67
1255
1255.28
1255.52
1255.73
1255.92
1256.07
1256.15
1256.15
1256.1
1256.03
1255.96
1255.89
1255.78
1255.6
1255.36
1255.09
1254.85
1254.66
1254.48
1254.28
1254.02
1253.69
1253.31
1252.94
1252.59
1252.29
1252
1251.68
1251.27
1250.82
1250.38
1250
1249.7
1249.4
1248.96
1248.41
1247.88
1247.44
1247.11
1246.82
1246.31
1245.68
1245.1
1244.64
1244.31
1243.99
1243.42
1242.8
1242.33
1242.06
1241.9
1241.3
1240.6
1240.06
1239.71
1239.48
1239.15
1238.55
1238
1237.68
1237.57
1237.72
1237.22
1236.6
1236.12
1235.79
1235.59
1235.49
1235.41
1235.96
1235.76
1235.57
1235.38
1235.2
1235.02
1234.86
1234.7
1234.55
1234.4
1234.28
1234.15
1233.97
1233.86
1233.77
1233.68
1233.57
1233.47
1233.37
1233.27
1233.18
1233.08
1233.01
1232.92
1232.85
1232.77
1232.69
1232.62
1232.53
1232.47
1232.35
1232.3
1232.15
1232.05
1231.96
1231.84
1231.83
1231.77
1231.77
1231.88
1231.96
1232.09
1232.51
1233.28
1234.12
1235.31
1234.62
1235.04
1235.7
1236.62
1237.58
1237.95
1238.45
1239.16
1239.73
1240.39
1241.03
1241.69
1242.36
1243.01
1243.66
1244.28
1244.9
1245.51
1246.12
1246.73
1247.32
1247.89
1248.42
1248.92
1249.39
1249.83
1250.24
1250.62
1250.97
1251.31
1251.65
1252
1252.37
1252.75
1253.12
1253.44
1253.71
1253.94
1254.15
1254.34
1254.49
1254.57
1254.55
1254.49
1254.4
1254.33
1254.26
1254.15
1253.97
1253.71
1253.42
1253.18
1252.99
1252.82
1252.63
1252.37
1252.03
1251.64
1251.25
1250.91
1250.61
1250.34
1250.02
1249.61
1249.14
1248.7
1248.32
1248.04
1247.77
1247.33
1246.77
1246.22
1245.78
1245.48
1245.23
1244.72
1244.07
1243.48
1243.03
1242.73
1242.45
1241.87
1241.22
1240.76
1240.52
1240.44
1239.81
1239.08
1238.54
1238.21
1238.02
1237.72
1237.09
1236.53
1236.22
1236.14
1236.38
1235.85
1235.2
1234.72
1234.4
1234.21
1234.12
1234.08
1235.69
1235.5
1235.31
1235.12
1234.94
1234.76
1234.6
1234.43
1234.29
1234.14
1234.01
1233.89
1233.76
1233.61
1233.48
1233.45
1233.35
1233.25
1233.15
1233.06
1232.98
1232.89
1232.83
1232.74
1232.68
1232.6
1232.52
1232.45
1232.36
1232.3
1232.18
1232.12
1231.98
1231.86
1231.76
1231.62
1231.58
1231.49
1231.45
1231.47
1231.46
1231.54
1231.74
1232.25
1232.68
1233.48
1234.42
1234.08
1234.65
1235.62
1236.72
1236.9
1237.34
1238.1
1238.61
1239.26
1239.87
1240.52
1241.18
1241.81
1242.44
1243.05
1243.65
1244.25
1244.84
1245.43
1246.01
1246.57
1247.08
1247.57
1248.02
1248.44
1248.83
1249.19
1249.53
1249.84
1250.16
1250.49
1250.86
1251.24
1251.6
1251.92
1252.19
1252.41
1252.61
1252.8
1252.96
1253.02
1253
1252.91
1252.82
1252.74
1252.67
1252.57
1252.38
1252.11
1251.8
1251.55
1251.36
1251.2
1251.03
1250.77
1250.41
1250.01
1249.61
1249.26
1248.97
1248.71
1248.41
1247.99
1247.51
1247.05
1246.69
1246.43
1246.19
1245.75
1245.16
1244.6
1244.17
1243.9
1243.7
1243.18
1242.5
1241.9
1241.46
1241.19
1240.96
1240.35
1239.69
1239.23
1239.02
1239.03
1238.37
1237.6
1237.06
1236.75
1236.61
1236.33
1235.68
1235.1
1234.8
1234.75
1235.1
1234.53
1233.85
1233.36
1233.05
1232.87
1232.81
1232.8
1235.44
1235.24
1235.05
1234.87
1234.69
1234.51
1234.34
1234.18
1234.03
1233.88
1233.76
1233.64
1233.52
1233.41
1233.23
1233.17
1233.13
1233.04
1232.95
1232.87
1232.79
1232.71
1232.64
1232.57
1232.51
1232.43
1232.36
1232.3
1232.21
1232.15
1232.03
1231.96
1231.82
1231.7
1231.59
1231.44
1231.37
1231.26
1231.18
1231.14
1231.08
1231.1
1231.18
1231.45
1231.69
1232.1
1232.79
1233.58
1233.71
1234.68
1235.97
1235.88
1236.25
1237.1
1237.51
1238.17
1238.75
1239.39
1240.04
1240.65
1241.27
1241.85
1242.44
1243.01
1243.59
1244.18
1244.74
1245.29
1245.78
1246.25
1246.69
1247.09
1247.46
1247.8
1248.11
1248.41
1248.7
1249.02
1249.38
1249.76
1250.13
1250.45
1250.7
1250.91
1251.11
1251.3
1251.46
1251.52
1251.48
1251.38
1251.27
1251.18
1251.12
1251.03
1250.84
1250.55
1250.22
1249.96
1249.77
1249.62
1249.47
1249.21
1248.84
1248.42
1248
1247.65
1247.37
1247.14
1246.85
1246.42
1245.92
1245.45
1245.09
1244.85
1244.66
1244.21
1243.6
1243.02
1242.59
1242.35
1242.22
1241.69
1240.97
1240.35
1239.93
1239.7
1239.52
1238.89
1238.19
1237.73
1237.56
1237.67
1236.96
1236.15
1235.61
1235.34
1235.25
1235
1234.31
1233.71
1233.42
1233.4
1233.88
1233.25
1232.54
1232.05
1231.75
1231.58
1231.54
1231.58
1235.19
1234.99
1234.8
1234.62
1234.44
1234.27
1234.1
1233.94
1233.79
1233.64
1233.52
1233.39
1233.28
1233.18
1233.07
1232.91
1232.87
1232.82
1232.75
1232.68
1232.61
1232.53
1232.47
1232.4
1232.34
1232.27
1232.21
1232.15
1232.06
1232
1231.89
1231.81
1231.68
1231.56
1231.44
1231.29
1231.2
1231.07
1230.96
1230.89
1230.78
1230.75
1230.75
1230.87
1230.93
1231.16
1231.46
1232.12
1232.84
1233.92
1235.37
1234.86
1235.16
1236.16
1236.43
1237.12
1237.66
1238.3
1238.94
1239.53
1240.13
1240.69
1241.26
1241.82
1242.38
1242.95
1243.51
1244.04
1244.52
1244.97
1245.4
1245.78
1246.12
1246.45
1246.74
1247.01
1247.28
1247.59
1247.94
1248.32
1248.7
1249.01
1249.25
1249.45
1249.64
1249.84
1250.01
1250.07
1250.01
1249.88
1249.76
1249.67
1249.62
1249.54
1249.34
1249.02
1248.68
1248.41
1248.22
1248.09
1247.95
1247.7
1247.31
1246.87
1246.44
1246.08
1245.82
1245.6
1245.33
1244.9
1244.37
1243.89
1243.53
1243.32
1243.18
1242.72
1242.08
1241.48
1241.05
1240.85
1240.79
1240.24
1239.48
1238.85
1238.43
1238.24
1238.13
1237.46
1236.73
1236.27
1236.13
1236.37
1235.61
1234.75
1234.21
1233.96
1233.93
1233.72
1232.98
1232.36
1232.09
1232.09
1232.71
1232.02
1231.27
1230.79
1230.5
1230.34
1230.33
1230.42
1234.94
1234.75
1234.56
1234.38
1234.2
1234.03
1233.87
1233.71
1233.56
1233.41
1233.28
1233.16
1233.05
1232.96
1232.88
1232.73
1232.61
1232.59
1232.55
1232.48
1232.42
1232.36
1232.3
1232.24
1232.18
1232.12
1232.06
1232
1231.92
1231.86
1231.76
1231.67
1231.55
1231.43
1231.31
1231.16
1231.05
1230.91
1230.79
1230.68
1230.54
1230.47
1230.42
1230.43
1230.38
1230.45
1230.56
1230.88
1231.61
1232.45
1235.34
1233.88
1234.07
1235.31
1235.37
1236.12
1236.61
1237.24
1237.87
1238.43
1239.03
1239.56
1240.11
1240.65
1241.2
1241.77
1242.31
1242.83
1243.3
1243.73
1244.14
1244.5
1244.83
1245.13
1245.4
1245.64
1245.9
1246.19
1246.54
1246.92
1247.3
1247.61
1247.85
1248.03
1248.22
1248.42
1248.59
1248.65
1248.57
1248.43
1248.28
1248.19
1248.15
1248.08
1247.87
1247.54
1247.18
1246.89
1246.71
1246.59
1246.48
1246.23
1245.82
1245.36
1244.91
1244.55
1244.3
1244.11
1243.86
1243.41
1242.86
1242.36
1242.01
1241.83
1241.75
1241.28
1240.6
1239.97
1239.55
1239.38
1239.41
1238.83
1238.03
1237.38
1236.98
1236.83
1236.8
1236.08
1235.3
1234.85
1234.75
1235.13
1234.29
1233.38
1232.85
1232.63
1232.66
1232.49
1231.69
1231.05
1230.8
1230.82
1231.61
1230.84
1230.05
1229.59
1229.33
1229.22
1229.27
1229.72
1284.5
1284.51
1284.42
1284.28
1284.1
1283.9
1283.68
1283.44
1283.19
1282.93
1282.66
1282.39
1282.12
1281.84
1281.56
1281.27
1280.99
1280.71
1280.43
1280.16
1279.89
1279.62
1279.35
1279.07
1278.79
1278.51
1278.24
1277.97
1277.71
1277.46
1277.21
1276.96
1276.72
1276.46
1276.2
1275.92
1275.63
1275.33
1275.05
1274.77
1274.5
1274.25
1274
1273.76
1273.5
1273.23
1272.94
1272.65
1272.37
1272.1
1271.86
1271.63
1271.42
1271.23
1271.04
1270.85
1270.67
1270.49
1270.31
1270.11
1269.89
1269.64
1269.39
1269.14
1268.9
1268.68
1268.47
1268.28
1268.11
1267.95
1267.8
1267.65
1267.5
1267.36
1267.21
1267.06
1266.91
1266.75
1266.58
1266.4
1266.18
1265.94
1265.67
1265.41
1265.17
1264.93
1264.7
1264.47
1264.24
1264.01
1263.79
1263.56
1263.33
1263.11
1262.9
1262.71
1262.54
1262.39
1262.29
1262.22
1281.58
1281.55
1281.45
1281.31
1281.13
1280.93
1280.72
1280.48
1280.23
1279.98
1279.72
1279.45
1279.18
1278.91
1278.63
1278.35
1278.07
1277.79
1277.52
1277.26
1277
1276.74
1276.47
1276.2
1275.92
1275.65
1275.38
1275.12
1274.87
1274.62
1274.38
1274.15
1273.91
1273.66
1273.41
1273.13
1272.85
1272.56
1272.28
1272.01
1271.75
1271.5
1271.27
1271.03
1270.78
1270.52
1270.23
1269.94
1269.66
1269.4
1269.17
1268.95
1268.75
1268.56
1268.38
1268.2
1268.03
1267.86
1267.68
1267.49
1267.28
1267.03
1266.78
1266.53
1266.3
1266.08
1265.88
1265.7
1265.53
1265.38
1265.23
1265.09
1264.95
1264.81
1264.67
1264.53
1264.38
1264.23
1264.07
1263.9
1263.69
1263.46
1263.2
1262.95
1262.71
1262.48
1262.26
1262.04
1261.83
1261.61
1261.39
1261.17
1260.96
1260.74
1260.55
1260.36
1260.2
1260.06
1259.96
1259.89
1278.75
1278.69
1278.59
1278.44
1278.27
1278.07
1277.85
1277.62
1277.38
1277.12
1276.87
1276.61
1276.34
1276.07
1275.8
1275.52
1275.24
1274.97
1274.71
1274.46
1274.2
1273.95
1273.69
1273.42
1273.15
1272.88
1272.62
1272.37
1272.12
1271.89
1271.65
1271.43
1271.2
1270.96
1270.71
1270.44
1270.16
1269.88
1269.6
1269.34
1269.09
1268.85
1268.62
1268.4
1268.16
1267.9
1267.62
1267.33
1267.05
1266.8
1266.57
1266.36
1266.17
1265.98
1265.81
1265.64
1265.47
1265.31
1265.14
1264.96
1264.75
1264.51
1264.26
1264.01
1263.78
1263.57
1263.38
1263.2
1263.04
1262.9
1262.76
1262.62
1262.49
1262.36
1262.22
1262.09
1261.95
1261.8
1261.65
1261.49
1261.29
1261.06
1260.81
1260.57
1260.34
1260.12
1259.91
1259.7
1259.5
1259.29
1259.08
1258.87
1258.66
1258.46
1258.27
1258.09
1257.94
1257.8
1257.71
1257.64
1276.01
1275.93
1275.81
1275.67
1275.49
1275.3
1275.09
1274.85
1274.61
1274.36
1274.11
1273.86
1273.6
1273.33
1273.06
1272.78
1272.51
1272.25
1271.99
1271.75
1271.5
1271.25
1271
1270.74
1270.47
1270.21
1269.95
1269.71
1269.47
1269.24
1269.02
1268.8
1268.58
1268.35
1268.11
1267.85
1267.57
1267.29
1267.02
1266.76
1266.52
1266.29
1266.07
1265.85
1265.62
1265.37
1265.09
1264.81
1264.53
1264.29
1264.06
1263.86
1263.67
1263.5
1263.33
1263.17
1263.01
1262.85
1262.7
1262.52
1262.31
1262.08
1261.83
1261.59
1261.36
1261.15
1260.96
1260.79
1260.64
1260.5
1260.37
1260.24
1260.11
1259.99
1259.86
1259.73
1259.6
1259.46
1259.32
1259.16
1258.98
1258.75
1258.5
1258.27
1258.05
1257.84
1257.64
1257.44
1257.25
1257.05
1256.85
1256.65
1256.45
1256.26
1256.08
1255.91
1255.76
1255.63
1255.54
1255.47
1273.35
1273.26
1273.14
1272.99
1272.81
1272.62
1272.41
1272.18
1271.94
1271.69
1271.45
1271.2
1270.94
1270.68
1270.41
1270.14
1269.87
1269.62
1269.37
1269.13
1268.89
1268.65
1268.4
1268.14
1267.88
1267.63
1267.38
1267.14
1266.91
1266.68
1266.47
1266.26
1266.05
1265.83
1265.6
1265.34
1265.07
1264.79
1264.52
1264.27
1264.03
1263.81
1263.6
1263.4
1263.18
1262.93
1262.65
1262.37
1262.1
1261.86
1261.64
1261.44
1261.26
1261.1
1260.94
1260.78
1260.63
1260.48
1260.33
1260.17
1259.96
1259.73
1259.48
1259.24
1259.02
1258.82
1258.63
1258.47
1258.32
1258.19
1258.06
1257.94
1257.82
1257.7
1257.58
1257.45
1257.33
1257.2
1257.07
1256.92
1256.74
1256.52
1256.28
1256.05
1255.84
1255.64
1255.45
1255.27
1255.08
1254.89
1254.7
1254.51
1254.32
1254.13
1253.96
1253.8
1253.66
1253.54
1253.45
1253.38
1270.79
1270.68
1270.55
1270.4
1270.22
1270.03
1269.83
1269.6
1269.36
1269.12
1268.87
1268.63
1268.38
1268.12
1267.86
1267.59
1267.33
1267.07
1266.83
1266.6
1266.37
1266.14
1265.9
1265.64
1265.39
1265.13
1264.89
1264.65
1264.43
1264.22
1264.01
1263.81
1263.61
1263.4
1263.17
1262.92
1262.65
1262.38
1262.12
1261.87
1261.64
1261.43
1261.23
1261.03
1260.82
1260.58
1260.3
1260.02
1259.75
1259.51
1259.3
1259.11
1258.94
1258.78
1258.63
1258.48
1258.33
1258.19
1258.05
1257.9
1257.7
1257.46
1257.22
1256.98
1256.76
1256.57
1256.39
1256.23
1256.09
1255.96
1255.84
1255.72
1255.61
1255.5
1255.38
1255.26
1255.14
1255.02
1254.9
1254.76
1254.59
1254.37
1254.14
1253.92
1253.72
1253.53
1253.35
1253.17
1252.99
1252.81
1252.63
1252.45
1252.27
1252.09
1251.93
1251.77
1251.64
1251.51
1251.44
1251.36
1268.31
1268.19
1268.05
1267.89
1267.72
1267.53
1267.33
1267.1
1266.87
1266.63
1266.39
1266.15
1265.91
1265.65
1265.39
1265.13
1264.87
1264.62
1264.38
1264.16
1263.94
1263.71
1263.48
1263.23
1262.97
1262.73
1262.49
1262.26
1262.04
1261.84
1261.64
1261.45
1261.26
1261.06
1260.83
1260.58
1260.32
1260.05
1259.79
1259.55
1259.33
1259.12
1258.93
1258.74
1258.54
1258.31
1258.04
1257.75
1257.49
1257.26
1257.05
1256.87
1256.7
1256.55
1256.4
1256.26
1256.12
1255.99
1255.86
1255.71
1255.51
1255.28
1255.04
1254.8
1254.59
1254.39
1254.22
1254.07
1253.93
1253.81
1253.7
1253.59
1253.48
1253.37
1253.26
1253.15
1253.03
1252.92
1252.8
1252.68
1252.51
1252.3
1252.07
1251.86
1251.67
1251.49
1251.31
1251.14
1250.98
1250.8
1250.63
1250.46
1250.29
1250.12
1249.96
1249.81
1249.69
1249.57
1249.49
1249.42
1265.92
1265.78
1265.64
1265.48
1265.31
1265.12
1264.92
1264.7
1264.46
1264.22
1263.99
1263.75
1263.52
1263.27
1263.01
1262.75
1262.49
1262.25
1262.02
1261.8
1261.59
1261.37
1261.14
1260.9
1260.65
1260.4
1260.17
1259.95
1259.74
1259.54
1259.35
1259.17
1258.99
1258.79
1258.58
1258.33
1258.07
1257.8
1257.55
1257.31
1257.1
1256.9
1256.72
1256.54
1256.35
1256.12
1255.85
1255.57
1255.31
1255.08
1254.88
1254.7
1254.54
1254.4
1254.26
1254.12
1253.99
1253.86
1253.74
1253.6
1253.41
1253.17
1252.93
1252.7
1252.49
1252.3
1252.14
1251.99
1251.86
1251.74
1251.63
1251.53
1251.43
1251.32
1251.22
1251.11
1251
1250.9
1250.79
1250.67
1250.52
1250.31
1250.08
1249.88
1249.69
1249.52
1249.36
1249.2
1249.04
1248.87
1248.71
1248.54
1248.38
1248.22
1248.07
1247.93
1247.81
1247.69
1247.62
1247.54
1263.61
1263.46
1263.31
1263.15
1262.98
1262.79
1262.59
1262.37
1262.14
1261.9
1261.67
1261.44
1261.21
1260.97
1260.71
1260.45
1260.2
1259.96
1259.74
1259.53
1259.33
1259.12
1258.89
1258.65
1258.4
1258.16
1257.93
1257.72
1257.52
1257.32
1257.14
1256.97
1256.79
1256.61
1256.41
1256.16
1255.9
1255.64
1255.39
1255.16
1254.95
1254.76
1254.59
1254.42
1254.24
1254.01
1253.74
1253.46
1253.2
1252.97
1252.78
1252.61
1252.46
1252.32
1252.19
1252.06
1251.93
1251.81
1251.7
1251.57
1251.38
1251.15
1250.9
1250.68
1250.47
1250.28
1250.12
1249.98
1249.86
1249.74
1249.64
1249.54
1249.45
1249.35
1249.25
1249.15
1249.05
1248.94
1248.85
1248.74
1248.59
1248.39
1248.17
1247.96
1247.79
1247.63
1247.47
1247.32
1247.17
1247.01
1246.86
1246.7
1246.54
1246.38
1246.25
1246.11
1246
1245.88
1245.82
1245.74
1261.37
1261.22
1261.06
1260.89
1260.72
1260.54
1260.35
1260.13
1259.89
1259.66
1259.43
1259.21
1258.99
1258.75
1258.5
1258.23
1257.98
1257.75
1257.54
1257.33
1257.14
1256.94
1256.72
1256.48
1256.23
1256
1255.77
1255.56
1255.37
1255.18
1255.01
1254.84
1254.68
1254.51
1254.31
1254.07
1253.81
1253.55
1253.3
1253.07
1252.87
1252.69
1252.52
1252.37
1252.2
1251.98
1251.71
1251.42
1251.17
1250.95
1250.76
1250.6
1250.45
1250.32
1250.19
1250.06
1249.94
1249.83
1249.73
1249.6
1249.42
1249.19
1248.95
1248.72
1248.52
1248.34
1248.18
1248.04
1247.92
1247.82
1247.72
1247.63
1247.54
1247.44
1247.35
1247.25
1247.16
1247.06
1246.97
1246.87
1246.73
1246.54
1246.32
1246.12
1245.95
1245.8
1245.65
1245.51
1245.36
1245.22
1245.07
1244.92
1244.77
1244.62
1244.49
1244.36
1244.25
1244.14
1244.08
1243.99
1259.21
1259.05
1258.88
1258.72
1258.55
1258.37
1258.18
1257.96
1257.72
1257.49
1257.27
1257.05
1256.84
1256.61
1256.35
1256.09
1255.84
1255.61
1255.41
1255.21
1255.03
1254.83
1254.62
1254.38
1254.14
1253.91
1253.69
1253.48
1253.29
1253.11
1252.95
1252.79
1252.64
1252.47
1252.28
1252.04
1251.78
1251.52
1251.28
1251.06
1250.86
1250.69
1250.53
1250.39
1250.23
1250.02
1249.74
1249.45
1249.2
1248.98
1248.8
1248.65
1248.51
1248.38
1248.26
1248.14
1248.03
1247.92
1247.82
1247.71
1247.53
1247.3
1247.06
1246.83
1246.63
1246.45
1246.3
1246.17
1246.06
1245.96
1245.86
1245.78
1245.69
1245.6
1245.51
1245.42
1245.33
1245.24
1245.16
1245.07
1244.94
1244.75
1244.53
1244.34
1244.18
1244.04
1243.9
1243.76
1243.62
1243.48
1243.34
1243.2
1243.06
1242.91
1242.79
1242.66
1242.57
1242.46
1242.4
1242.31
1257.12
1256.95
1256.78
1256.61
1256.44
1256.27
1256.08
1255.86
1255.62
1255.39
1255.17
1254.97
1254.76
1254.53
1254.28
1254.02
1253.77
1253.54
1253.34
1253.16
1252.98
1252.8
1252.59
1252.35
1252.11
1251.88
1251.67
1251.47
1251.28
1251.11
1250.95
1250.81
1250.66
1250.5
1250.32
1250.08
1249.82
1249.57
1249.33
1249.11
1248.92
1248.75
1248.61
1248.47
1248.32
1248.11
1247.83
1247.55
1247.29
1247.08
1246.91
1246.76
1246.63
1246.51
1246.39
1246.28
1246.17
1246.07
1245.98
1245.88
1245.7
1245.47
1245.23
1245
1244.81
1244.63
1244.49
1244.36
1244.25
1244.15
1244.07
1243.99
1243.9
1243.82
1243.74
1243.65
1243.57
1243.48
1243.41
1243.32
1243.2
1243.01
1242.8
1242.62
1242.47
1242.33
1242.2
1242.07
1241.94
1241.81
1241.68
1241.54
1241.4
1241.27
1241.15
1241.03
1240.94
1240.83
1240.78
1240.68
1255.1
1254.92
1254.74
1254.57
1254.4
1254.24
1254.05
1253.83
1253.59
1253.36
1253.15
1252.94
1252.74
1252.52
1252.27
1252.01
1251.76
1251.54
1251.35
1251.17
1251
1250.83
1250.62
1250.39
1250.15
1249.92
1249.71
1249.51
1249.34
1249.17
1249.02
1248.88
1248.74
1248.6
1248.42
1248.19
1247.93
1247.67
1247.43
1247.22
1247.03
1246.87
1246.74
1246.61
1246.47
1246.27
1245.99
1245.7
1245.45
1245.24
1245.08
1244.93
1244.81
1244.69
1244.58
1244.48
1244.37
1244.28
1244.2
1244.1
1243.93
1243.69
1243.45
1243.23
1243.04
1242.87
1242.73
1242.6
1242.5
1242.41
1242.33
1242.25
1242.17
1242.1
1242.02
1241.94
1241.85
1241.78
1241.71
1241.64
1241.52
1241.34
1241.13
1240.95
1240.8
1240.67
1240.55
1240.43
1240.31
1240.18
1240.06
1239.93
1239.8
1239.67
1239.56
1239.44
1239.36
1239.25
1239.2
1239.1
1253.14
1252.95
1252.76
1252.59
1252.43
1252.26
1252.08
1251.86
1251.62
1251.39
1251.18
1250.98
1250.79
1250.58
1250.32
1250.06
1249.81
1249.6
1249.41
1249.24
1249.08
1248.92
1248.72
1248.48
1248.24
1248.02
1247.81
1247.62
1247.45
1247.29
1247.15
1247.01
1246.89
1246.75
1246.58
1246.35
1246.08
1245.83
1245.59
1245.39
1245.2
1245.05
1244.93
1244.81
1244.68
1244.49
1244.2
1243.91
1243.66
1243.46
1243.3
1243.16
1243.04
1242.93
1242.83
1242.73
1242.63
1242.54
1242.47
1242.39
1242.22
1241.97
1241.73
1241.51
1241.32
1241.16
1241.02
1240.9
1240.8
1240.72
1240.64
1240.57
1240.5
1240.42
1240.35
1240.27
1240.2
1240.13
1240.06
1240
1239.89
1239.71
1239.5
1239.33
1239.19
1239.07
1238.96
1238.84
1238.73
1238.61
1238.49
1238.37
1238.25
1238.12
1238.02
1237.9
1237.83
1237.72
1237.68
1237.57
1251.24
1251.04
1250.84
1250.67
1250.51
1250.35
1250.17
1249.95
1249.7
1249.47
1249.27
1249.08
1248.9
1248.69
1248.43
1248.17
1247.92
1247.71
1247.53
1247.37
1247.22
1247.07
1246.87
1246.63
1246.39
1246.17
1245.97
1245.78
1245.61
1245.46
1245.33
1245.2
1245.08
1244.96
1244.8
1244.56
1244.3
1244.04
1243.81
1243.61
1243.43
1243.29
1243.17
1243.07
1242.95
1242.76
1242.47
1242.17
1241.92
1241.73
1241.57
1241.44
1241.33
1241.23
1241.13
1241.03
1240.94
1240.85
1240.79
1240.72
1240.56
1240.31
1240.06
1239.85
1239.66
1239.5
1239.36
1239.25
1239.16
1239.08
1239
1238.94
1238.87
1238.8
1238.73
1238.66
1238.59
1238.52
1238.47
1238.41
1238.32
1238.14
1237.93
1237.76
1237.64
1237.52
1237.41
1237.3
1237.2
1237.08
1236.97
1236.85
1236.74
1236.62
1236.53
1236.41
1236.35
1236.24
1236.2
1236.09
1249.39
1249.18
1248.98
1248.8
1248.65
1248.49
1248.32
1248.09
1247.84
1247.61
1247.41
1247.23
1247.06
1246.86
1246.6
1246.33
1246.08
1245.88
1245.7
1245.55
1245.42
1245.27
1245.07
1244.84
1244.6
1244.38
1244.18
1244
1243.84
1243.69
1243.56
1243.45
1243.34
1243.22
1243.07
1242.83
1242.57
1242.31
1242.08
1241.88
1241.71
1241.57
1241.46
1241.37
1241.27
1241.09
1240.79
1240.48
1240.24
1240.05
1239.9
1239.78
1239.67
1239.58
1239.48
1239.39
1239.3
1239.22
1239.17
1239.11
1238.95
1238.7
1238.45
1238.23
1238.05
1237.89
1237.76
1237.66
1237.57
1237.49
1237.42
1237.36
1237.3
1237.24
1237.17
1237.1
1237.03
1236.97
1236.93
1236.88
1236.79
1236.61
1236.41
1236.25
1236.13
1236.02
1235.92
1235.82
1235.72
1235.61
1235.51
1235.39
1235.29
1235.17
1235.08
1234.97
1234.91
1234.81
1234.78
1234.66
1247.6
1247.38
1247.17
1246.99
1246.84
1246.69
1246.53
1246.29
1246.04
1245.81
1245.61
1245.44
1245.28
1245.09
1244.82
1244.54
1244.3
1244.1
1243.93
1243.79
1243.66
1243.53
1243.34
1243.1
1242.86
1242.64
1242.44
1242.27
1242.11
1241.97
1241.85
1241.74
1241.64
1241.54
1241.4
1241.16
1240.89
1240.63
1240.41
1240.21
1240.05
1239.91
1239.81
1239.74
1239.64
1239.47
1239.16
1238.85
1238.61
1238.42
1238.28
1238.17
1238.07
1237.98
1237.89
1237.8
1237.71
1237.64
1237.6
1237.55
1237.39
1237.14
1236.89
1236.68
1236.49
1236.34
1236.21
1236.11
1236.03
1235.96
1235.89
1235.84
1235.78
1235.72
1235.66
1235.59
1235.53
1235.48
1235.44
1235.4
1235.32
1235.14
1234.94
1234.78
1234.67
1234.57
1234.47
1234.38
1234.29
1234.19
1234.09
1233.98
1233.88
1233.77
1233.69
1233.58
1233.53
1233.43
1233.4
1233.27
1245.86
1245.62
1245.41
1245.23
1245.08
1244.95
1244.79
1244.54
1244.28
1244.05
1243.86
1243.7
1243.55
1243.37
1243.09
1242.81
1242.57
1242.37
1242.21
1242.08
1241.96
1241.84
1241.65
1241.41
1241.17
1240.95
1240.76
1240.59
1240.44
1240.31
1240.19
1240.09
1240
1239.91
1239.79
1239.54
1239.26
1239.01
1238.78
1238.59
1238.43
1238.31
1238.22
1238.15
1238.07
1237.91
1237.58
1237.27
1237.03
1236.85
1236.72
1236.61
1236.52
1236.43
1236.35
1236.26
1236.18
1236.12
1236.09
1236.05
1235.89
1235.63
1235.38
1235.17
1234.99
1234.84
1234.72
1234.62
1234.54
1234.48
1234.42
1234.37
1234.31
1234.26
1234.2
1234.14
1234.08
1234.03
1234
1233.97
1233.9
1233.72
1233.52
1233.37
1233.26
1233.17
1233.08
1232.99
1232.91
1232.81
1232.72
1232.62
1232.53
1232.42
1232.35
1232.24
1232.2
1232.09
1232.07
1231.94
1244.17
1243.92
1243.7
1243.52
1243.38
1243.25
1243.1
1242.85
1242.58
1242.35
1242.16
1242.01
1241.88
1241.7
1241.42
1241.13
1240.89
1240.7
1240.54
1240.42
1240.32
1240.21
1240.03
1239.78
1239.53
1239.32
1239.13
1238.97
1238.82
1238.7
1238.59
1238.5
1238.42
1238.33
1238.22
1237.97
1237.69
1237.43
1237.21
1237.02
1236.87
1236.75
1236.67
1236.62
1236.55
1236.4
1236.06
1235.74
1235.5
1235.33
1235.2
1235.1
1235.02
1234.94
1234.86
1234.78
1234.7
1234.64
1234.62
1234.6
1234.44
1234.17
1233.92
1233.71
1233.54
1233.39
1233.28
1233.18
1233.11
1233.05
1233
1232.95
1232.9
1232.85
1232.79
1232.74
1232.68
1232.64
1232.61
1232.6
1232.53
1232.36
1232.15
1232.01
1231.91
1231.83
1231.74
1231.66
1231.58
1231.49
1231.41
1231.31
1231.23
1231.12
1231.06
1230.96
1230.92
1230.81
1230.8
1230.65
1242.53
1242.27
1242.04
1241.86
1241.72
1241.6
1241.47
1241.21
1240.92
1240.69
1240.51
1240.37
1240.25
1240.09
1239.8
1239.5
1239.26
1239.07
1238.93
1238.82
1238.72
1238.63
1238.45
1238.2
1237.95
1237.74
1237.55
1237.4
1237.26
1237.13
1237.03
1236.95
1236.88
1236.81
1236.71
1236.45
1236.17
1235.91
1235.69
1235.51
1235.36
1235.25
1235.18
1235.13
1235.08
1234.94
1234.59
1234.26
1234.03
1233.86
1233.74
1233.65
1233.57
1233.5
1233.42
1233.35
1233.27
1233.22
1233.21
1233.2
1233.05
1232.77
1232.52
1232.31
1232.14
1232
1231.89
1231.8
1231.73
1231.68
1231.63
1231.59
1231.54
1231.5
1231.44
1231.39
1231.34
1231.3
1231.28
1231.27
1231.22
1231.05
1230.84
1230.7
1230.61
1230.53
1230.46
1230.38
1230.31
1230.23
1230.15
1230.06
1229.98
1229.88
1229.82
1229.72
1229.69
1229.58
1229.57
1229.42
1240.93
1240.66
1240.43
1240.25
1240.11
1240.01
1239.89
1239.61
1239.32
1239.09
1238.91
1238.78
1238.68
1238.53
1238.22
1237.92
1237.68
1237.5
1237.36
1237.26
1237.18
1237.1
1236.92
1236.66
1236.41
1236.2
1236.03
1235.87
1235.74
1235.62
1235.52
1235.45
1235.39
1235.33
1235.25
1234.98
1234.7
1234.44
1234.22
1234.04
1233.9
1233.79
1233.73
1233.7
1233.67
1233.53
1233.17
1232.83
1232.6
1232.44
1232.33
1232.25
1232.17
1232.11
1232.04
1231.97
1231.9
1231.85
1231.85
1231.85
1231.7
1231.42
1231.17
1230.97
1230.8
1230.66
1230.56
1230.47
1230.41
1230.36
1230.31
1230.28
1230.24
1230.2
1230.15
1230.1
1230.05
1230.02
1230.01
1230.01
1229.96
1229.79
1229.59
1229.46
1229.38
1229.3
1229.24
1229.16
1229.1
1229.02
1228.95
1228.86
1228.79
1228.7
1228.64
1228.54
1228.52
1228.41
1228.41
1228.25
1239.39
1239.1
1238.86
1238.68
1238.55
1238.46
1238.36
1238.06
1237.76
1237.53
1237.36
1237.24
1237.16
1237.02
1236.7
1236.39
1236.15
1235.97
1235.84
1235.75
1235.68
1235.63
1235.45
1235.18
1234.93
1234.72
1234.55
1234.4
1234.27
1234.16
1234.07
1234
1233.95
1233.91
1233.84
1233.56
1233.27
1233.01
1232.8
1232.63
1232.49
1232.39
1232.34
1232.32
1232.3
1232.18
1231.8
1231.46
1231.23
1231.08
1230.98
1230.9
1230.83
1230.77
1230.71
1230.64
1230.58
1230.53
1230.54
1230.56
1230.42
1230.13
1229.88
1229.68
1229.51
1229.37
1229.28
1229.2
1229.14
1229.1
1229.06
1229.02
1228.99
1228.95
1228.91
1228.87
1228.82
1228.8
1228.79
1228.81
1228.77
1228.61
1228.41
1228.28
1228.21
1228.14
1228.08
1228.01
1227.95
1227.88
1227.81
1227.73
1227.67
1227.57
1227.53
1227.43
1227.41
1227.3
1227.31
1227.14
1237.89
1237.58
1237.33
1237.15
1237.03
1236.96
1236.88
1236.57
1236.25
1236.02
1235.86
1235.75
1235.68
1235.56
1235.23
1234.9
1234.66
1234.49
1234.37
1234.29
1234.24
1234.2
1234.02
1233.75
1233.49
1233.29
1233.12
1232.98
1232.85
1232.75
1232.67
1232.61
1232.57
1232.53
1232.49
1232.19
1231.9
1231.64
1231.44
1231.27
1231.13
1231.04
1231
1231
1230.99
1230.89
1230.48
1230.14
1229.92
1229.77
1229.68
1229.61
1229.55
1229.49
1229.44
1229.37
1229.31
1229.27
1229.3
1229.34
1229.19
1228.9
1228.64
1228.44
1228.28
1228.15
1228.07
1228
1227.95
1227.92
1227.89
1227.87
1227.84
1227.81
1227.77
1227.74
1227.7
1227.69
1227.72
1227.77
1227.77
1227.62
1227.44
1227.37
1227.36
1227.38
1227.38
1227.36
1227.34
1227.31
1227.27
1227.21
1227.17
1227.08
1227.05
1226.95
1226.94
1226.82
1226.83
1226.66
1236.44
1236.11
1235.86
1235.68
1235.56
1235.5
1235.46
1235.12
1234.78
1234.55
1234.4
1234.3
1234.26
1234.16
1233.8
1233.46
1233.23
1233.06
1232.96
1232.88
1232.84
1232.83
1232.65
1232.37
1232.11
1231.91
1231.74
1231.61
1231.49
1231.39
1231.31
1231.27
1231.23
1231.21
1231.19
1230.88
1230.59
1230.32
1230.13
1229.96
1229.83
1229.75
1229.72
1229.73
1229.74
1229.65
1229.23
1228.88
1228.66
1228.53
1228.45
1228.39
1228.35
1228.3
1228.26
1228.2
1228.15
1228.13
1228.2
1228.3
1228.2
1227.99
1227.89
1227.85
1227.8
1227.75
1227.7
1227.65
1227.6
1227.54
1227.48
1227.43
1227.37
1227.32
1227.26
1227.21
1227.13
1227.04
1226.92
1226.8
1226.69
1226.69
1226.73
1226.77
1226.78
1226.77
1226.76
1226.72
1226.68
1226.63
1226.58
1226.5
1226.45
1226.36
1226.31
1226.2
1226.17
1226.03
1226.02
1225.84
1235.04
1234.68
1234.42
1234.25
1234.14
1234.1
1234.09
1233.71
1233.36
1233.14
1232.99
1232.91
1232.89
1232.81
1232.43
1232.08
1231.85
1231.69
1231.59
1231.53
1231.5
1231.51
1231.33
1231.04
1230.78
1230.58
1230.42
1230.3
1230.18
1230.09
1230.02
1229.98
1229.96
1229.95
1229.96
1229.63
1229.33
1229.07
1228.88
1228.72
1228.61
1228.55
1228.55
1228.61
1228.68
1228.65
1228.4
1228.34
1228.27
1228.19
1228.12
1228.06
1227.99
1227.92
1227.85
1227.78
1227.69
1227.59
1227.44
1227.27
1227.2
1227.24
1227.31
1227.37
1227.41
1227.43
1227.44
1227.43
1227.42
1227.4
1227.38
1227.36
1227.32
1227.28
1227.23
1227.18
1227.13
1227.08
1227.05
1227.02
1226.96
1226.84
1226.7
1226.64
1226.6
1226.58
1226.54
1226.49
1226.43
1226.36
1226.29
1226.2
1226.13
1226.01
1225.95
1225.82
1225.78
1225.63
1225.61
1225.42
1233.69
1233.3
1233.04
1232.86
1232.77
1232.74
1232.78
1232.36
1231.99
1231.77
1231.64
1231.56
1231.57
1231.53
1231.1
1230.74
1230.52
1230.37
1230.28
1230.23
1230.21
1230.26
1230.08
1229.77
1229.51
1229.32
1229.17
1229.05
1228.95
1228.87
1228.82
1228.81
1228.82
1228.85
1228.92
1228.78
1228.71
1228.59
1228.5
1228.39
1228.28
1228.16
1228.01
1227.84
1227.65
1227.51
1227.57
1227.74
1227.82
1227.85
1227.86
1227.85
1227.83
1227.8
1227.76
1227.72
1227.67
1227.64
1227.66
1227.69
1227.63
1227.52
1227.48
1227.46
1227.44
1227.41
1227.38
1227.35
1227.31
1227.27
1227.22
1227.17
1227.12
1227.06
1227
1226.94
1226.88
1226.81
1226.75
1226.68
1226.62
1226.58
1226.55
1226.53
1226.49
1226.46
1226.42
1226.36
1226.29
1226.21
1226.14
1226.04
1225.96
1225.84
1225.77
1225.64
1225.58
1225.43
1225.4
1225.2
1232.39
1231.97
1231.7
1231.53
1231.44
1231.43
1231.52
1231.06
1230.66
1230.46
1230.33
1230.27
1230.31
1230.3
1229.84
1229.47
1229.25
1229.12
1229.06
1229.04
1229.06
1229.18
1229.24
1229.15
1229.03
1228.92
1228.82
1228.72
1228.61
1228.51
1228.39
1228.26
1228.11
1227.93
1227.74
1227.76
1227.92
1227.97
1228
1228
1228.01
1228
1228.01
1228.02
1228.01
1227.97
1227.86
1227.88
1227.87
1227.83
1227.79
1227.75
1227.71
1227.66
1227.6
1227.54
1227.48
1227.43
1227.37
1227.29
1227.25
1227.26
1227.29
1227.32
1227.34
1227.34
1227.33
1227.31
1227.29
1227.26
1227.23
1227.2
1227.16
1227.11
1227.05
1226.98
1226.92
1226.85
1226.79
1226.74
1226.68
1226.6
1226.53
1226.48
1226.44
1226.4
1226.35
1226.28
1226.21
1226.12
1226.04
1225.93
1225.85
1225.72
1225.64
1225.5
1225.44
1225.28
1225.25
1225.04
1231.13
1230.68
1230.41
1230.24
1230.16
1230.17
1230.34
1229.81
1229.39
1229.21
1229.12
1229.09
1229.19
1229.46
1229.28
1229.08
1228.93
1228.77
1228.63
1228.46
1228.28
1228.07
1228.04
1228.21
1228.27
1228.3
1228.3
1228.29
1228.27
1228.25
1228.22
1228.21
1228.18
1228.16
1228.14
1228.1
1228.12
1228.08
1228.03
1227.97
1227.91
1227.86
1227.8
1227.72
1227.63
1227.56
1227.57
1227.69
1227.74
1227.74
1227.74
1227.72
1227.69
1227.66
1227.62
1227.57
1227.51
1227.48
1227.46
1227.45
1227.39
1227.34
1227.34
1227.34
1227.34
1227.33
1227.32
1227.29
1227.27
1227.24
1227.2
1227.16
1227.11
1227.06
1227
1226.94
1226.87
1226.81
1226.76
1226.7
1226.64
1226.57
1226.5
1226.45
1226.41
1226.36
1226.31
1226.23
1226.16
1226.06
1225.98
1225.86
1225.77
1225.64
1225.56
1225.42
1225.35
1225.19
1225.15
1224.94
1229.93
1229.44
1229.17
1229.03
1228.98
1229.04
1229.57
1229.37
1229.1
1228.89
1228.7
1228.48
1228.24
1228.1
1228.28
1228.36
1228.4
1228.4
1228.39
1228.36
1228.33
1228.3
1228.37
1228.4
1228.36
1228.31
1228.26
1228.2
1228.14
1228.09
1228.03
1227.98
1227.9
1227.82
1227.73
1227.75
1227.86
1227.88
1227.89
1227.87
1227.85
1227.83
1227.81
1227.78
1227.74
1227.68
1227.64
1227.71
1227.74
1227.73
1227.72
1227.69
1227.66
1227.62
1227.58
1227.53
1227.48
1227.44
1227.41
1227.37
1227.33
1227.3
1227.31
1227.32
1227.33
1227.32
1227.31
1227.28
1227.26
1227.23
1227.19
1227.16
1227.11
1227.06
1227
1226.94
1226.87
1226.81
1226.75
1226.7
1226.63
1226.57
1226.49
1226.44
1226.39
1226.33
1226.27
1226.2
1226.12
1226.02
1225.93
1225.81
1225.72
1225.59
1225.5
1225.35
1225.28
1225.11
1225.07
1224.86
1229.51
1229.18
1228.95
1228.72
1228.5
1228.21
1228.03
1228.31
1228.4
1228.45
1228.42
1228.38
1228.33
1228.43
1228.43
1228.35
1228.29
1228.23
1228.18
1228.1
1228.03
1227.95
1227.98
1228.1
1228.13
1228.13
1228.11
1228.09
1228.06
1228.02
1227.99
1227.96
1227.92
1227.88
1227.82
1227.81
1227.89
1227.88
1227.87
1227.85
1227.82
1227.79
1227.77
1227.73
1227.68
1227.62
1227.6
1227.68
1227.71
1227.71
1227.7
1227.67
1227.65
1227.61
1227.57
1227.52
1227.47
1227.43
1227.41
1227.38
1227.33
1227.3
1227.3
1227.32
1227.32
1227.31
1227.3
1227.27
1227.25
1227.22
1227.19
1227.15
1227.1
1227.05
1226.99
1226.93
1226.87
1226.81
1226.75
1226.69
1226.63
1226.57
1226.49
1226.44
1226.38
1226.32
1226.25
1226.17
1226.09
1225.99
1225.9
1225.78
1225.68
1225.54
1225.45
1225.3
1225.23
1225.05
1225.01
1224.79
1280.78
1283.24
1283.13
1283.84
1283.81
1284.12
1284.05
1284.14
1283.94
1284.03
1284.01
1283.97
1283.91
1284
1283.99
1283.91
1283.92
1284.01
1284
1283.87
1283.87
1283.9
1283.95
1283.85
1283.6
1283.47
1283.41
1283.22
1282.93
1282.78
1282.7
1282.59
1282.45
1282.25
1281.98
1281.76
1281.64
1281.58
1281.53
1281.46
1281.39
1281.29
1281.19
1281.08
1280.98
1280.88
1280.79
1280.72
1280.66
1280.6
1280.9
1283.21
1283.13
1283.83
1283.81
1284.12
1284.04
1284.14
1283.93
1284.03
1284
1283.97
1283.91
1283.99
1283.99
1283.92
1283.92
1284.01
1283.99
1283.87
1283.87
1283.9
1283.95
1283.84
1283.6
1283.47
1283.41
1283.22
1282.93
1282.78
1282.7
1282.59
1282.44
1282.25
1281.98
1281.77
1281.64
1281.58
1281.53
1281.46
1281.39
1281.29
1281.19
1281.08
1280.98
1280.88
1280.79
1280.72
1280.66
1280.61
1281.05
1283.19
1283.13
1283.82
1283.8
1284.11
1284.03
1284.13
1283.93
1284.03
1284
1283.97
1283.91
1283.99
1283.99
1283.92
1283.92
1284
1283.99
1283.88
1283.87
1283.9
1283.94
1283.83
1283.6
1283.47
1283.41
1283.21
1282.93
1282.79
1282.7
1282.59
1282.44
1282.25
1281.98
1281.77
1281.64
1281.58
1281.53
1281.46
1281.39
1281.29
1281.19
1281.08
1280.98
1280.88
1280.79
1280.72
1280.66
1280.61
1281.21
1283.17
1283.14
1283.8
1283.78
1284.09
1284.02
1284.12
1283.93
1284.02
1283.99
1283.97
1283.91
1283.99
1283.98
1283.92
1283.92
1284
1283.99
1283.88
1283.88
1283.91
1283.94
1283.83
1283.6
1283.47
1283.41
1283.21
1282.93
1282.8
1282.7
1282.59
1282.44
1282.24
1281.98
1281.78
1281.65
1281.58
1281.53
1281.46
1281.38
1281.29
1281.19
1281.08
1280.98
1280.88
1280.79
1280.72
1280.66
1280.61
1281.36
1283.13
1283.16
1283.78
1283.77
1284.08
1284.01
1284.11
1283.93
1284.02
1283.99
1283.97
1283.91
1283.99
1283.98
1283.92
1283.93
1284
1283.99
1283.88
1283.88
1283.91
1283.93
1283.83
1283.61
1283.48
1283.41
1283.21
1282.94
1282.8
1282.7
1282.58
1282.43
1282.24
1281.98
1281.78
1281.65
1281.58
1281.53
1281.46
1281.38
1281.29
1281.18
1281.08
1280.98
1280.88
1280.79
1280.72
1280.66
1280.61
1281.52
1283.07
1283.19
1283.75
1283.75
1284.07
1284
1284.11
1283.93
1284.02
1283.99
1283.97
1283.91
1283.98
1283.98
1283.92
1283.93
1284
1283.99
1283.89
1283.89
1283.91
1283.93
1283.82
1283.61
1283.48
1283.4
1283.21
1282.94
1282.8
1282.7
1282.58
1282.43
1282.23
1281.98
1281.78
1281.66
1281.58
1281.53
1281.46
1281.38
1281.29
1281.18
1281.08
1280.97
1280.88
1280.79
1280.72
1280.66
1280.61
1281.68
1283.03
1283.21
1283.72
1283.73
1284.06
1283.99
1284.1
1283.92
1284.02
1283.98
1283.97
1283.91
1283.98
1283.98
1283.92
1283.93
1284
1283.98
1283.89
1283.89
1283.91
1283.93
1283.82
1283.61
1283.48
1283.4
1283.21
1282.94
1282.81
1282.7
1282.58
1282.42
1282.23
1281.98
1281.78
1281.67
1281.59
1281.53
1281.46
1281.38
1281.29
1281.18
1281.08
1280.97
1280.88
1280.79
1280.72
1280.66
1280.61
1281.84
1282.98
1283.21
1283.7
1283.71
1284.06
1283.97
1284.09
1283.92
1284.01
1283.98
1283.97
1283.91
1283.98
1283.97
1283.93
1283.93
1284
1283.98
1283.9
1283.89
1283.91
1283.92
1283.81
1283.61
1283.48
1283.4
1283.21
1282.95
1282.81
1282.7
1282.58
1282.42
1282.23
1281.98
1281.78
1281.67
1281.59
1281.53
1281.46
1281.38
1281.28
1281.18
1281.08
1280.97
1280.88
1280.79
1280.72
1280.66
1280.61
1282.02
1282.92
1283.21
1283.67
1283.7
1284.05
1283.95
1284.08
1283.92
1284.01
1283.98
1283.97
1283.91
1283.98
1283.97
1283.93
1283.93
1283.99
1283.98
1283.9
1283.9
1283.91
1283.92
1283.81
1283.62
1283.48
1283.4
1283.2
1282.95
1282.82
1282.7
1282.57
1282.42
1282.22
1281.98
1281.78
1281.68
1281.59
1281.53
1281.46
1281.38
1281.28
1281.18
1281.08
1280.97
1280.88
1280.79
1280.72
1280.66
1280.61
1282.2
1282.85
1283.21
1283.64
1283.68
1284.04
1283.93
1284.07
1283.91
1284.01
1283.97
1283.97
1283.91
1283.97
1283.97
1283.93
1283.94
1283.99
1283.98
1283.91
1283.9
1283.92
1283.91
1283.81
1283.62
1283.49
1283.4
1283.2
1282.96
1282.82
1282.7
1282.57
1282.41
1282.22
1281.99
1281.79
1281.68
1281.59
1281.53
1281.45
1281.38
1281.28
1281.18
1281.07
1280.97
1280.88
1280.79
1280.72
1280.66
1280.61
1282.38
1282.78
1283.22
1283.61
1283.67
1284.04
1283.9
1284.06
1283.91
1284.01
1283.97
1283.96
1283.91
1283.97
1283.97
1283.93
1283.94
1283.99
1283.99
1283.91
1283.91
1283.92
1283.91
1283.81
1283.62
1283.49
1283.39
1283.2
1282.97
1282.82
1282.7
1282.57
1282.41
1282.22
1281.99
1281.79
1281.68
1281.59
1281.53
1281.45
1281.38
1281.28
1281.18
1281.07
1280.97
1280.88
1280.79
1280.72
1280.66
1280.61
1282.57
1282.71
1283.21
1283.58
1283.65
1284.02
1283.88
1284.05
1283.9
1284
1283.96
1283.96
1283.91
1283.97
1283.97
1283.94
1283.94
1283.99
1283.99
1283.92
1283.91
1283.92
1283.91
1283.8
1283.63
1283.49
1283.39
1283.21
1282.97
1282.83
1282.7
1282.57
1282.4
1282.22
1281.99
1281.79
1281.68
1281.6
1281.53
1281.45
1281.38
1281.28
1281.18
1281.07
1280.97
1280.87
1280.79
1280.71
1280.66
1280.61
1282.78
1282.61
1283.23
1283.55
1283.64
1284
1283.85
1284.05
1283.89
1284
1283.96
1283.96
1283.91
1283.97
1283.96
1283.94
1283.94
1283.99
1283.99
1283.93
1283.92
1283.92
1283.91
1283.8
1283.63
1283.5
1283.39
1283.21
1282.98
1282.83
1282.7
1282.56
1282.4
1282.21
1281.99
1281.8
1281.68
1281.6
1281.53
1281.45
1281.37
1281.28
1281.18
1281.07
1280.97
1280.87
1280.79
1280.71
1280.66
1280.61
1282.97
1282.52
1283.28
1283.49
1283.62
1283.97
1283.83
1284.04
1283.89
1284
1283.95
1283.96
1283.91
1283.97
1283.96
1283.94
1283.94
1283.99
1283.99
1283.93
1283.92
1283.93
1283.91
1283.8
1283.63
1283.5
1283.39
1283.21
1282.98
1282.84
1282.7
1282.56
1282.4
1282.21
1281.99
1281.8
1281.69
1281.6
1281.53
1281.45
1281.37
1281.27
1281.17
1281.07
1280.97
1280.87
1280.79
1280.71
1280.66
1280.61
1283.12
1282.45
1283.34
1283.44
1283.6
1283.94
1283.8
1284.02
1283.88
1283.99
1283.94
1283.96
1283.91
1283.97
1283.96
1283.94
1283.95
1283.99
1283.99
1283.94
1283.93
1283.93
1283.9
1283.8
1283.64
1283.5
1283.39
1283.21
1282.99
1282.84
1282.7
1282.56
1282.39
1282.21
1281.99
1281.81
1281.69
1281.6
1281.53
1281.45
1281.37
1281.27
1281.17
1281.07
1280.97
1280.87
1280.79
1280.71
1280.65
1280.61
1283.3
1282.36
1283.39
1283.39
1283.58
1283.9
1283.78
1284.01
1283.87
1283.99
1283.93
1283.96
1283.91
1283.97
1283.96
1283.95
1283.95
1284
1283.99
1283.95
1283.94
1283.93
1283.9
1283.8
1283.64
1283.51
1283.39
1283.21
1282.99
1282.85
1282.71
1282.56
1282.39
1282.2
1281.99
1281.81
1281.69
1281.61
1281.53
1281.45
1281.37
1281.27
1281.17
1281.07
1280.96
1280.87
1280.78
1280.71
1280.65
1280.61
1283.48
1282.26
1283.46
1283.33
1283.56
1283.87
1283.76
1284
1283.86
1283.98
1283.93
1283.95
1283.91
1283.96
1283.95
1283.95
1283.95
1284
1284
1283.95
1283.94
1283.94
1283.9
1283.8
1283.65
1283.51
1283.39
1283.21
1283
1282.85
1282.71
1282.56
1282.39
1282.2
1281.99
1281.81
1281.69
1281.61
1281.53
1281.45
1281.37
1281.27
1281.17
1281.06
1280.96
1280.87
1280.78
1280.71
1280.65
1280.6
1283.68
1282.14
1283.52
1283.27
1283.54
1283.83
1283.74
1283.99
1283.85
1283.97
1283.92
1283.95
1283.91
1283.96
1283.95
1283.95
1283.96
1284
1284
1283.96
1283.95
1283.94
1283.9
1283.81
1283.65
1283.52
1283.4
1283.22
1283.01
1282.85
1282.71
1282.55
1282.38
1282.2
1281.99
1281.82
1281.69
1281.61
1281.53
1281.45
1281.37
1281.27
1281.17
1281.06
1280.96
1280.87
1280.78
1280.7
1280.65
1280.6
1283.9
1282.01
1283.58
1283.21
1283.51
1283.79
1283.71
1283.97
1283.84
1283.96
1283.91
1283.95
1283.91
1283.96
1283.95
1283.95
1283.96
1284
1284
1283.97
1283.96
1283.95
1283.91
1283.81
1283.66
1283.52
1283.4
1283.22
1283.01
1282.86
1282.71
1282.55
1282.38
1282.19
1281.99
1281.82
1281.7
1281.61
1281.53
1281.45
1281.36
1281.27
1281.17
1281.06
1280.96
1280.86
1280.78
1280.7
1280.65
1280.6
1284.13
1281.85
1283.65
1283.14
1283.48
1283.75
1283.69
1283.96
1283.83
1283.96
1283.9
1283.95
1283.91
1283.95
1283.95
1283.95
1283.96
1284
1284
1283.97
1283.97
1283.96
1283.91
1283.81
1283.66
1283.53
1283.4
1283.22
1283.02
1282.86
1282.71
1282.55
1282.38
1282.19
1281.99
1281.82
1281.7
1281.61
1281.53
1281.45
1281.36
1281.27
1281.16
1281.06
1280.96
1280.86
1280.78
1280.7
1280.64
1280.6
1284.38
1281.68
1283.71
1283.07
1283.44
1283.71
1283.66
1283.95
1283.82
1283.95
1283.89
1283.94
1283.91
1283.95
1283.95
1283.95
1283.97
1284.01
1284.01
1283.98
1283.98
1283.96
1283.91
1283.82
1283.67
1283.53
1283.4
1283.23
1283.03
1282.87
1282.71
1282.55
1282.37
1282.19
1281.99
1281.83
1281.7
1281.61
1281.53
1281.45
1281.36
1281.26
1281.16
1281.06
1280.95
1280.86
1280.78
1280.7
1280.64
1280.6
1284.63
1281.48
1283.76
1283.01
1283.4
1283.66
1283.63
1283.94
1283.81
1283.94
1283.88
1283.93
1283.91
1283.95
1283.94
1283.96
1283.97
1284.01
1284.01
1283.99
1283.99
1283.97
1283.91
1283.82
1283.68
1283.54
1283.41
1283.23
1283.03
1282.87
1282.71
1282.55
1282.37
1282.19
1281.99
1281.83
1281.71
1281.61
1281.53
1281.45
1281.36
1281.26
1281.16
1281.05
1280.95
1280.85
1280.77
1280.7
1280.63
1280.6
1284.9
1281.27
1283.81
1282.94
1283.36
1283.62
1283.61
1283.92
1283.8
1283.93
1283.88
1283.92
1283.91
1283.94
1283.94
1283.96
1283.97
1284.01
1284.02
1284
1284
1283.97
1283.92
1283.82
1283.68
1283.54
1283.41
1283.24
1283.04
1282.88
1282.71
1282.55
1282.37
1282.18
1281.99
1281.83
1281.71
1281.61
1281.53
1281.45
1281.36
1281.26
1281.16
1281.05
1280.95
1280.85
1280.77
1280.69
1280.63
1280.59
1285.17
1281.05
1283.85
1282.87
1283.31
1283.57
1283.6
1283.89
1283.78
1283.91
1283.88
1283.92
1283.9
1283.94
1283.94
1283.96
1283.98
1284.02
1284.02
1284.01
1284
1283.98
1283.93
1283.83
1283.69
1283.55
1283.42
1283.24
1283.05
1282.88
1282.71
1282.55
1282.37
1282.18
1281.99
1281.83
1281.71
1281.61
1281.53
1281.45
1281.36
1281.26
1281.16
1281.05
1280.95
1280.85
1280.77
1280.69
1280.63
1280.59
1285.44
1280.8
1283.88
1282.81
1283.27
1283.54
1283.57
1283.87
1283.76
1283.9
1283.87
1283.91
1283.9
1283.94
1283.94
1283.96
1283.98
1284.02
1284.03
1284.02
1284.01
1283.99
1283.93
1283.83
1283.7
1283.56
1283.42
1283.25
1283.05
1282.89
1282.72
1282.55
1282.36
1282.18
1281.99
1281.83
1281.71
1281.61
1281.53
1281.45
1281.36
1281.26
1281.16
1281.05
1280.94
1280.85
1280.76
1280.69
1280.62
1280.59
1285.72
1280.54
1283.9
1282.75
1283.22
1283.53
1283.53
1283.86
1283.75
1283.89
1283.86
1283.91
1283.9
1283.94
1283.94
1283.96
1283.98
1284.02
1284.03
1284.03
1284.02
1283.99
1283.94
1283.84
1283.7
1283.56
1283.42
1283.25
1283.06
1282.89
1282.72
1282.54
1282.36
1282.18
1281.99
1281.83
1281.71
1281.61
1281.53
1281.45
1281.36
1281.26
1281.15
1281.05
1280.94
1280.84
1280.76
1280.69
1280.62
1280.58
1286
1280.27
1283.91
1282.69
1283.16
1283.51
1283.5
1283.84
1283.74
1283.87
1283.86
1283.9
1283.89
1283.93
1283.94
1283.96
1283.98
1284.03
1284.04
1284.03
1284.03
1284
1283.95
1283.84
1283.71
1283.57
1283.43
1283.26
1283.06
1282.9
1282.72
1282.54
1282.36
1282.17
1281.99
1281.83
1281.71
1281.61
1281.53
1281.45
1281.36
1281.26
1281.15
1281.04
1280.94
1280.84
1280.75
1280.69
1280.61
1280.58
1286.28
1279.97
1283.91
1282.63
1283.1
1283.49
1283.46
1283.81
1283.73
1283.86
1283.85
1283.9
1283.89
1283.93
1283.94
1283.96
1283.99
1284.03
1284.04
1284.04
1284.04
1284.01
1283.95
1283.85
1283.72
1283.57
1283.43
1283.26
1283.07
1282.9
1282.72
1282.54
1282.36
1282.17
1281.99
1281.84
1281.71
1281.62
1281.53
1281.45
1281.36
1281.26
1281.15
1281.04
1280.94
1280.84
1280.75
1280.68
1280.61
1280.58
1286.56
1279.66
1283.89
1282.58
1283.05
1283.47
1283.42
1283.79
1283.72
1283.85
1283.84
1283.89
1283.89
1283.93
1283.94
1283.96
1283.99
1284.03
1284.05
1284.05
1284.05
1284.02
1283.96
1283.85
1283.72
1283.58
1283.44
1283.27
1283.08
1282.9
1282.72
1282.54
1282.36
1282.17
1281.99
1281.84
1281.71
1281.62
1281.53
1281.45
1281.36
1281.26
1281.15
1281.04
1280.93
1280.83
1280.75
1280.68
1280.6
1280.57
1286.84
1279.34
1283.87
1282.53
1282.98
1283.46
1283.38
1283.77
1283.71
1283.84
1283.84
1283.89
1283.88
1283.92
1283.93
1283.96
1283.99
1284.03
1284.05
1284.06
1284.05
1284.02
1283.96
1283.86
1283.73
1283.59
1283.44
1283.28
1283.08
1282.91
1282.73
1282.54
1282.36
1282.17
1281.99
1281.84
1281.71
1281.62
1281.53
1281.45
1281.36
1281.26
1281.15
1281.04
1280.93
1280.83
1280.74
1280.68
1280.6
1280.57
1287.12
1278.99
1283.82
1282.48
1282.9
1283.44
1283.36
1283.75
1283.7
1283.83
1283.83
1283.88
1283.88
1283.92
1283.93
1283.96
1283.99
1284.04
1284.06
1284.07
1284.06
1284.03
1283.97
1283.86
1283.74
1283.59
1283.45
1283.28
1283.09
1282.91
1282.73
1282.54
1282.36
1282.16
1281.99
1281.84
1281.71
1281.62
1281.53
1281.45
1281.36
1281.26
1281.15
1281.04
1280.93
1280.83
1280.74
1280.68
1280.6
1280.56
1287.39
1278.63
1283.77
1282.44
1282.83
1283.42
1283.34
1283.73
1283.69
1283.82
1283.82
1283.88
1283.88
1283.92
1283.93
1283.97
1283.99
1284.04
1284.07
1284.07
1284.07
1284.04
1283.98
1283.87
1283.74
1283.6
1283.45
1283.29
1283.09
1282.92
1282.73
1282.54
1282.35
1282.16
1281.98
1281.84
1281.71
1281.62
1281.53
1281.45
1281.36
1281.26
1281.15
1281.03
1280.92
1280.82
1280.73
1280.67
1280.6
1280.56
1287.67
1278.26
1283.7
1282.4
1282.75
1283.4
1283.32
1283.7
1283.68
1283.81
1283.82
1283.87
1283.87
1283.92
1283.93
1283.97
1284
1284.04
1284.07
1284.08
1284.08
1284.05
1283.98
1283.88
1283.75
1283.6
1283.46
1283.29
1283.1
1282.92
1282.73
1282.54
1282.35
1282.16
1281.98
1281.83
1281.71
1281.62
1281.53
1281.45
1281.36
1281.26
1281.15
1281.03
1280.92
1280.82
1280.73
1280.67
1280.59
1280.55
1287.94
1277.87
1283.62
1282.37
1282.67
1283.37
1283.3
1283.69
1283.67
1283.8
1283.81
1283.87
1283.87
1283.91
1283.93
1283.97
1284
1284.05
1284.08
1284.09
1284.09
1284.05
1283.99
1283.88
1283.75
1283.61
1283.46
1283.3
1283.1
1282.92
1282.73
1282.54
1282.35
1282.16
1281.98
1281.83
1281.71
1281.62
1281.53
1281.45
1281.36
1281.26
1281.15
1281.03
1280.92
1280.82
1280.73
1280.67
1280.59
1280.55
1288.21
1277.47
1283.52
1282.34
1282.59
1283.36
1283.29
1283.67
1283.66
1283.79
1283.8
1283.86
1283.87
1283.91
1283.93
1283.97
1284
1284.05
1284.08
1284.1
1284.09
1284.06
1284
1283.89
1283.76
1283.61
1283.47
1283.3
1283.11
1282.93
1282.73
1282.54
1282.35
1282.16
1281.98
1281.83
1281.71
1281.61
1281.53
1281.45
1281.36
1281.26
1281.15
1281.03
1280.92
1280.81
1280.72
1280.66
1280.59
1280.55
1288.48
1277.06
1283.4
1282.32
1282.51
1283.34
1283.28
1283.66
1283.66
1283.78
1283.79
1283.85
1283.86
1283.91
1283.93
1283.97
1284
1284.05
1284.09
1284.1
1284.1
1284.07
1284
1283.89
1283.76
1283.62
1283.47
1283.31
1283.11
1282.93
1282.74
1282.54
1282.35
1282.15
1281.98
1281.83
1281.71
1281.61
1281.53
1281.45
1281.36
1281.26
1281.15
1281.03
1280.91
1280.81
1280.72
1280.66
1280.59
1280.54
1288.74
1276.63
1283.27
1282.3
1282.43
1283.32
1283.26
1283.65
1283.65
1283.78
1283.79
1283.85
1283.86
1283.9
1283.92
1283.96
1284
1284.05
1284.09
1284.11
1284.11
1284.08
1284.01
1283.9
1283.77
1283.63
1283.48
1283.31
1283.12
1282.93
1282.74
1282.54
1282.35
1282.15
1281.98
1281.83
1281.71
1281.61
1281.53
1281.45
1281.36
1281.26
1281.15
1281.03
1280.91
1280.81
1280.71
1280.66
1280.59
1280.54
1288.98
1276.19
1283.13
1282.29
1282.35
1283.3
1283.25
1283.64
1283.65
1283.78
1283.79
1283.84
1283.86
1283.9
1283.92
1283.96
1284
1284.06
1284.1
1284.12
1284.12
1284.08
1284.02
1283.91
1283.78
1283.63
1283.48
1283.31
1283.12
1282.94
1282.74
1282.54
1282.35
1282.15
1281.98
1281.83
1281.71
1281.61
1281.53
1281.45
1281.36
1281.26
1281.15
1281.02
1280.91
1280.8
1280.71
1280.65
1280.59
1280.54
1289.23
1275.74
1282.96
1282.28
1282.27
1283.28
1283.24
1283.62
1283.64
1283.77
1283.79
1283.84
1283.85
1283.9
1283.92
1283.96
1284.01
1284.06
1284.1
1284.13
1284.13
1284.09
1284.02
1283.91
1283.78
1283.64
1283.49
1283.32
1283.13
1282.94
1282.74
1282.54
1282.35
1282.15
1281.97
1281.83
1281.71
1281.61
1281.53
1281.45
1281.36
1281.26
1281.15
1281.02
1280.91
1280.8
1280.71
1280.65
1280.58
1280.53
1289.47
1275.27
1282.78
1282.28
1282.18
1283.26
1283.22
1283.61
1283.64
1283.77
1283.78
1283.84
1283.85
1283.9
1283.92
1283.96
1284.01
1284.06
1284.11
1284.13
1284.13
1284.1
1284.03
1283.92
1283.79
1283.64
1283.48
1283.31
1283.12
1282.94
1282.74
1282.54
1282.35
1282.15
1281.97
1281.83
1281.71
1281.61
1281.53
1281.45
1281.36
1281.26
1281.15
1281.02
1280.91
1280.8
1280.7
1280.65
1280.58
1280.53
1280.56
1280.52
1280.52
1280.52
1280.56
1280.59
1280.66
1280.69
1280.77
1280.82
1280.84
1280.85
1280.89
1280.9
1280.82
1280.77
1280.67
1280.56
1280.46
1280.24
1280.08
1279.84
1279.54
1279.17
1278.82
1278.4
1277.94
1277.38
1276.83
1276.22
1275.57
1274.87
1274.16
1273.38
1272.6
1271.77
1270.94
1270.09
1269.25
1268.42
1267.6
1266.8
1266.03
1265.28
1264.56
1263.87
1263.21
1262.58
1261.98
1261.42
1280.56
1280.52
1280.52
1280.52
1280.56
1280.59
1280.66
1280.7
1280.78
1280.82
1280.84
1280.86
1280.9
1280.91
1280.83
1280.78
1280.69
1280.58
1280.48
1280.27
1280.11
1279.87
1279.58
1279.22
1278.87
1278.45
1277.99
1277.44
1276.89
1276.28
1275.62
1274.92
1274.2
1273.41
1272.62
1271.78
1270.93
1270.07
1269.22
1268.37
1267.54
1266.72
1265.93
1265.17
1264.43
1263.72
1263.04
1262.4
1261.78
1261.2
1280.56
1280.52
1280.52
1280.52
1280.56
1280.59
1280.66
1280.7
1280.78
1280.82
1280.84
1280.86
1280.9
1280.92
1280.84
1280.79
1280.71
1280.6
1280.51
1280.3
1280.15
1279.91
1279.63
1279.27
1278.92
1278.5
1278.05
1277.5
1276.95
1276.33
1275.67
1274.97
1274.24
1273.44
1272.64
1271.79
1270.93
1270.06
1269.19
1268.33
1267.48
1266.64
1265.83
1265.05
1264.29
1263.56
1262.87
1262.21
1261.58
1260.98
1280.56
1280.52
1280.52
1280.52
1280.56
1280.59
1280.66
1280.7
1280.78
1280.82
1280.85
1280.87
1280.91
1280.92
1280.85
1280.81
1280.73
1280.62
1280.54
1280.34
1280.18
1279.95
1279.67
1279.32
1278.98
1278.56
1278.11
1277.56
1277.01
1276.4
1275.74
1275.02
1274.29
1273.49
1272.67
1271.81
1270.94
1270.05
1269.17
1268.28
1267.41
1266.56
1265.73
1264.92
1264.15
1263.4
1262.68
1262
1261.35
1260.74
1280.56
1280.53
1280.52
1280.52
1280.56
1280.59
1280.66
1280.71
1280.78
1280.83
1280.85
1280.88
1280.91
1280.93
1280.87
1280.83
1280.75
1280.65
1280.57
1280.38
1280.23
1280
1279.73
1279.38
1279.04
1278.63
1278.18
1277.64
1277.09
1276.47
1275.8
1275.09
1274.34
1273.53
1272.7
1271.83
1270.95
1270.04
1269.14
1268.24
1267.35
1266.48
1265.62
1264.8
1264
1263.23
1262.49
1261.79
1261.12
1260.49
1280.56
1280.53
1280.52
1280.52
1280.57
1280.6
1280.66
1280.71
1280.79
1280.83
1280.86
1280.88
1280.92
1280.94
1280.88
1280.85
1280.78
1280.68
1280.6
1280.42
1280.27
1280.05
1279.79
1279.45
1279.11
1278.7
1278.25
1277.72
1277.17
1276.55
1275.88
1275.16
1274.4
1273.59
1272.74
1271.86
1270.96
1270.04
1269.12
1268.2
1267.29
1266.39
1265.51
1264.66
1263.84
1263.04
1262.28
1261.56
1260.87
1260.22
1280.56
1280.53
1280.53
1280.53
1280.57
1280.6
1280.66
1280.71
1280.79
1280.83
1280.86
1280.89
1280.93
1280.95
1280.9
1280.87
1280.81
1280.72
1280.64
1280.47
1280.33
1280.11
1279.85
1279.52
1279.19
1278.78
1278.34
1277.81
1277.26
1276.64
1275.97
1275.24
1274.47
1273.65
1272.79
1271.89
1270.98
1270.04
1269.1
1268.16
1267.22
1266.3
1265.4
1264.52
1263.67
1262.85
1262.07
1261.32
1260.6
1259.93
1280.57
1280.53
1280.53
1280.53
1280.57
1280.6
1280.67
1280.72
1280.8
1280.84
1280.87
1280.9
1280.94
1280.97
1280.92
1280.9
1280.84
1280.76
1280.69
1280.52
1280.38
1280.17
1279.92
1279.6
1279.27
1278.87
1278.43
1277.91
1277.35
1276.73
1276.06
1275.33
1274.55
1273.72
1272.85
1271.94
1271.01
1270.05
1269.09
1268.12
1267.16
1266.21
1265.28
1264.37
1263.49
1262.64
1261.83
1261.06
1260.32
1259.62
1280.57
1280.53
1280.53
1280.53
1280.57
1280.6
1280.67
1280.72
1280.8
1280.84
1280.88
1280.92
1280.96
1280.98
1280.95
1280.93
1280.88
1280.8
1280.73
1280.58
1280.45
1280.24
1280
1279.69
1279.37
1278.97
1278.53
1278.01
1277.46
1276.84
1276.16
1275.43
1274.64
1273.8
1272.92
1271.99
1271.04
1270.07
1269.08
1268.09
1267.1
1266.12
1265.16
1264.22
1263.31
1262.43
1261.58
1260.78
1260.01
1259.29
1280.57
1280.53
1280.53
1280.53
1280.57
1280.61
1280.67
1280.72
1280.81
1280.85
1280.89
1280.93
1280.97
1281
1280.97
1280.96
1280.92
1280.84
1280.78
1280.64
1280.51
1280.32
1280.09
1279.79
1279.47
1279.08
1278.64
1278.13
1277.58
1276.96
1276.28
1275.54
1274.74
1273.89
1272.99
1272.05
1271.09
1270.09
1269.08
1268.06
1267.04
1266.03
1265.03
1264.05
1263.11
1262.19
1261.32
1260.48
1259.69
1258.94
1280.57
1280.53
1280.53
1280.53
1280.58
1280.61
1280.68
1280.72
1280.82
1280.86
1280.9
1280.94
1280.99
1281.02
1281
1280.99
1280.96
1280.9
1280.84
1280.71
1280.59
1280.4
1280.18
1279.89
1279.58
1279.19
1278.77
1278.26
1277.71
1277.09
1276.41
1275.66
1274.86
1273.99
1273.08
1272.13
1271.14
1270.12
1269.09
1268.04
1266.98
1265.93
1264.9
1263.88
1262.9
1261.94
1261.03
1260.16
1259.34
1258.56
1280.57
1280.53
1280.53
1280.53
1280.58
1280.61
1280.68
1280.73
1280.82
1280.86
1280.91
1280.96
1281
1281.04
1281.03
1281.03
1281
1280.95
1280.9
1280.78
1280.67
1280.49
1280.28
1280.01
1279.7
1279.32
1278.9
1278.4
1277.85
1277.23
1276.55
1275.8
1274.98
1274.11
1273.19
1272.22
1271.21
1270.17
1269.1
1268.02
1266.93
1265.84
1264.76
1263.7
1262.67
1261.68
1260.73
1259.82
1258.96
1258.14
1280.57
1280.53
1280.53
1280.54
1280.58
1280.62
1280.68
1280.73
1280.83
1280.87
1280.92
1280.97
1281.02
1281.07
1281.06
1281.07
1281.05
1281.01
1280.97
1280.87
1280.76
1280.6
1280.4
1280.13
1279.83
1279.47
1279.05
1278.56
1278.01
1277.39
1276.7
1275.95
1275.13
1274.25
1273.31
1272.33
1271.3
1270.23
1269.13
1268.01
1266.88
1265.74
1264.62
1263.51
1262.43
1261.4
1260.4
1259.44
1258.52
1257.65
1280.56
1280.53
1280.53
1280.54
1280.58
1280.62
1280.69
1280.73
1280.84
1280.88
1280.93
1280.99
1281.04
1281.09
1281.1
1281.11
1281.11
1281.08
1281.05
1280.95
1280.86
1280.71
1280.52
1280.27
1279.98
1279.62
1279.21
1278.73
1278.18
1277.57
1276.88
1276.12
1275.29
1274.4
1273.46
1272.45
1271.4
1270.31
1269.17
1268.01
1266.83
1265.65
1264.47
1263.31
1262.19
1261.09
1260.02
1258.98
1258.03
1257.17
1280.56
1280.53
1280.53
1280.54
1280.59
1280.62
1280.69
1280.74
1280.84
1280.9
1280.95
1281.01
1281.07
1281.12
1281.14
1281.16
1281.17
1281.15
1281.13
1281.05
1280.97
1280.83
1280.66
1280.42
1280.14
1279.79
1279.39
1278.91
1278.37
1277.76
1277.07
1276.31
1275.48
1274.58
1273.62
1272.6
1271.53
1270.4
1269.23
1268.03
1266.8
1265.56
1264.33
1263.1
1261.89
1260.69
1259.56
1258.54
1257.6
1256.72
1280.56
1280.53
1280.54
1280.54
1280.59
1280.63
1280.7
1280.75
1280.85
1280.91
1280.96
1281.03
1281.09
1281.15
1281.18
1281.21
1281.23
1281.22
1281.22
1281.16
1281.09
1280.96
1280.8
1280.58
1280.31
1279.98
1279.59
1279.12
1278.58
1277.97
1277.28
1276.52
1275.69
1274.79
1273.82
1272.78
1271.69
1270.53
1269.32
1268.07
1266.78
1265.46
1264.14
1262.79
1261.51
1260.32
1259.2
1258.16
1257.14
1256.18
1280.56
1280.53
1280.54
1280.54
1280.59
1280.63
1280.7
1280.75
1280.86
1280.92
1280.98
1281.05
1281.12
1281.19
1281.23
1281.27
1281.3
1281.31
1281.31
1281.27
1281.22
1281.11
1280.96
1280.75
1280.5
1280.18
1279.8
1279.34
1278.81
1278.2
1277.52
1276.76
1275.93
1275.03
1274.04
1272.98
1271.85
1270.65
1269.38
1268.05
1266.65
1265.26
1263.87
1262.54
1261.26
1260.04
1258.83
1257.67
1256.58
1255.57
1280.56
1280.53
1280.54
1280.54
1280.59
1280.63
1280.7
1280.76
1280.86
1280.94
1280.99
1281.08
1281.15
1281.23
1281.28
1281.33
1281.38
1281.4
1281.42
1281.39
1281.36
1281.26
1281.14
1280.95
1280.71
1280.4
1280.03
1279.58
1279.06
1278.46
1277.78
1277.03
1276.19
1275.26
1274.23
1273.14
1271.97
1270.72
1269.4
1268.01
1266.63
1265.21
1263.8
1262.43
1261.03
1259.66
1258.36
1257.12
1255.98
1255.06
1280.56
1280.53
1280.54
1280.55
1280.6
1280.64
1280.71
1280.77
1280.87
1280.95
1281.01
1281.1
1281.18
1281.27
1281.33
1281.4
1281.46
1281.5
1281.53
1281.53
1281.51
1281.43
1281.33
1281.15
1280.93
1280.64
1280.28
1279.85
1279.34
1278.75
1278.08
1277.31
1276.44
1275.5
1274.52
1273.43
1272.25
1270.98
1269.63
1268.22
1266.8
1265.28
1263.75
1262.2
1260.7
1259.25
1257.86
1256.54
1255.51
1254.54
1280.56
1280.53
1280.54
1280.55
1280.6
1280.64
1280.71
1280.78
1280.88
1280.97
1281.03
1281.13
1281.22
1281.31
1281.39
1281.47
1281.55
1281.6
1281.66
1281.67
1281.67
1281.62
1281.53
1281.38
1281.18
1280.9
1280.56
1280.14
1279.64
1279.06
1278.38
1277.61
1276.79
1275.9
1274.93
1273.84
1272.64
1271.34
1269.94
1268.44
1266.85
1265.23
1263.6
1261.97
1260.37
1258.83
1257.36
1256.06
1254.98
1253.58
1280.56
1280.53
1280.54
1280.55
1280.6
1280.65
1280.72
1280.79
1280.88
1280.99
1281.06
1281.16
1281.26
1281.36
1281.46
1281.55
1281.64
1281.71
1281.79
1281.83
1281.85
1281.82
1281.75
1281.62
1281.44
1281.18
1280.86
1280.45
1279.97
1279.39
1278.71
1278
1277.22
1276.33
1275.32
1274.21
1272.98
1271.63
1270.17
1268.61
1266.95
1265.24
1263.5
1261.76
1260.06
1258.36
1256.77
1255.49
1253.89
1252.46
1280.55
1280.53
1280.54
1280.55
1280.61
1280.65
1280.73
1280.8
1280.89
1281.01
1281.08
1281.19
1281.29
1281.41
1281.52
1281.63
1281.73
1281.83
1281.92
1281.98
1282.03
1282.02
1281.98
1281.87
1281.71
1281.47
1281.16
1280.77
1280.3
1279.72
1279.11
1278.42
1277.62
1276.74
1275.73
1274.62
1273.37
1271.98
1270.47
1268.84
1267.1
1265.3
1263.45
1261.57
1259.61
1257.69
1256.22
1254.76
1253.08
1251.86
1280.55
1280.53
1280.54
1280.55
1280.61
1280.66
1280.73
1280.81
1280.9
1281.02
1281.11
1281.22
1281.33
1281.46
1281.58
1281.7
1281.83
1281.94
1282.05
1282.14
1282.21
1282.22
1282.2
1282.12
1281.98
1281.76
1281.47
1281.1
1280.63
1280.1
1279.51
1278.82
1278.04
1277.17
1276.18
1275.05
1273.78
1272.37
1270.81
1269.12
1267.3
1265.4
1263.36
1261.26
1259.31
1257.53
1255.91
1254.12
1252.69
1251.32
1280.55
1280.52
1280.54
1280.56
1280.61
1280.66
1280.74
1280.82
1280.91
1281.04
1281.13
1281.25
1281.37
1281.51
1281.65
1281.78
1281.92
1282.05
1282.19
1282.3
1282.38
1282.43
1282.43
1282.37
1282.25
1282.05
1281.77
1281.42
1280.98
1280.48
1279.9
1279.23
1278.48
1277.62
1276.63
1275.51
1274.23
1272.79
1271.2
1269.45
1267.56
1265.56
1263.31
1261.21
1259.22
1257.63
1255.68
1253.7
1252.06
1250.6
1280.55
1280.52
1280.54
1280.56
1280.61
1280.67
1280.74
1280.82
1280.93
1281.06
1281.15
1281.28
1281.41
1281.55
1281.71
1281.86
1282.02
1282.17
1282.32
1282.46
1282.56
1282.63
1282.66
1282.62
1282.52
1282.34
1282.08
1281.73
1281.34
1280.85
1280.29
1279.65
1278.92
1278.07
1277.11
1275.99
1274.71
1273.26
1271.62
1269.82
1267.87
1265.79
1263.65
1261.43
1259.33
1257.44
1255.18
1253.18
1251.45
1249.89
1280.55
1280.52
1280.54
1280.56
1280.62
1280.67
1280.74
1280.83
1280.94
1281.08
1281.18
1281.31
1281.45
1281.6
1281.77
1281.93
1282.11
1282.28
1282.45
1282.61
1282.74
1282.83
1282.88
1282.87
1282.78
1282.62
1282.38
1282.07
1281.68
1281.22
1280.69
1280.07
1279.36
1278.55
1277.6
1276.49
1275.22
1273.75
1272.09
1270.25
1268.24
1266.1
1263.85
1261.52
1259.43
1257.17
1254.79
1252.74
1250.88
1249.21
1280.54
1280.52
1280.54
1280.56
1280.62
1280.68
1280.75
1280.85
1280.95
1281.1
1281.2
1281.34
1281.48
1281.65
1281.83
1282
1282.2
1282.39
1282.57
1282.77
1282.91
1283.02
1283.1
1283.11
1283.05
1282.91
1282.68
1282.39
1282.03
1281.59
1281.08
1280.49
1279.82
1279.03
1278.1
1277.02
1275.74
1274.27
1272.59
1270.73
1268.67
1266.48
1264.14
1261.76
1259.55
1256.98
1254.53
1252.35
1250.35
1248.54
1280.54
1280.52
1280.54
1280.56
1280.62
1280.68
1280.75
1280.86
1280.96
1281.12
1281.22
1281.37
1281.52
1281.69
1281.88
1282.07
1282.28
1282.49
1282.71
1282.93
1283.1
1283.22
1283.32
1283.36
1283.31
1283.19
1282.99
1282.72
1282.37
1281.95
1281.47
1280.92
1280.27
1279.51
1278.61
1277.55
1276.28
1274.81
1273.13
1271.25
1269.18
1266.94
1264.53
1262.12
1259.66
1256.93
1254.39
1252.04
1249.84
1247.2
1280.54
1280.52
1280.54
1280.56
1280.62
1280.69
1280.76
1280.88
1280.97
1281.13
1281.24
1281.4
1281.54
1281.74
1281.92
1282.14
1282.37
1282.59
1282.84
1283.05
1283.3
1283.44
1283.54
1283.59
1283.57
1283.46
1283.28
1283.03
1282.71
1282.32
1281.87
1281.34
1280.74
1280
1279.12
1278.08
1276.82
1275.08
1272.96
1271.18
1269.57
1267.45
1265.02
1262.57
1259.87
1257.04
1254.37
1251.3
1248.67
1246.53
1280.54
1280.52
1280.54
1280.57
1280.62
1280.69
1280.76
1280.89
1280.98
1281.14
1281.27
1281.42
1281.57
1281.8
1281.97
1282.22
1282.45
1282.69
1282.96
1283.16
1283.43
1283.67
1283.79
1283.83
1283.82
1283.74
1283.57
1283.34
1283.05
1282.68
1282.26
1281.78
1281.19
1280.49
1279.63
1278.62
1276.84
1274.86
1273.24
1271.4
1269.33
1268.05
1265.63
1263.11
1260.22
1257.28
1253.77
1250.99
1248.36
1245.98
1280.53
1280.51
1280.54
1280.57
1280.63
1280.7
1280.77
1280.89
1280.99
1281.15
1281.3
1281.44
1281.62
1281.84
1282.03
1282.28
1282.53
1282.79
1283.07
1283.3
1283.55
1283.81
1284.04
1284.12
1284.07
1284
1283.85
1283.64
1283.38
1283.05
1282.66
1282.2
1281.64
1280.96
1280.14
1278.51
1276.81
1275.46
1273.87
1272.06
1270.37
1268.79
1266.34
1263.72
1260.58
1257.14
1254.1
1251.09
1248.7
1246.26
1280.53
1280.51
1280.54
1280.57
1280.63
1280.7
1280.78
1280.9
1281.01
1281.17
1281.31
1281.47
1281.66
1281.88
1282.08
1282.35
1282.61
1282.89
1283.19
1283.44
1283.71
1283.94
1284.19
1284.43
1284.35
1284.25
1284.13
1283.95
1283.72
1283.41
1283.04
1282.61
1282.09
1281.43
1280.12
1278.52
1277.37
1276.06
1274.53
1273.43
1271.87
1269.55
1267.13
1264.48
1261.16
1257.94
1254.97
1252.02
1248.79
1245.78
1280.53
1280.51
1280.54
1280.57
1280.63
1280.7
1280.79
1280.91
1281.02
1281.18
1281.33
1281.5
1281.69
1281.92
1282.14
1282.41
1282.69
1282.98
1283.3
1283.58
1283.87
1284.12
1284.33
1284.6
1284.68
1284.51
1284.41
1284.26
1284.05
1283.76
1283.41
1283.01
1282.52
1281.71
1279.9
1279.05
1277.92
1276.73
1276.37
1274.7
1272.61
1270.4
1268.05
1265.36
1262.5
1259.32
1255.97
1252.46
1248.84
1245.38
1280.53
1280.51
1280.54
1280.57
1280.64
1280.71
1280.79
1280.92
1281.03
1281.2
1281.35
1281.52
1281.72
1281.96
1282.19
1282.47
1282.77
1283.08
1283.41
1283.71
1284.02
1284.29
1284.52
1284.71
1285
1284.81
1284.68
1284.55
1284.37
1284.1
1283.78
1283.4
1282.95
1281.07
1280.37
1279.57
1278.47
1278.55
1277.12
1275.4
1273.43
1271.39
1269.06
1266.48
1263.62
1260.42
1256.95
1253.19
1249.12
1245.13
1280.52
1280.51
1280.53
1280.58
1280.64
1280.71
1280.8
1280.93
1281.04
1281.21
1281.36
1281.54
1281.75
1281.99
1282.23
1282.53
1282.84
1283.16
1283.51
1283.82
1284.15
1284.45
1284.72
1284.88
1285.21
1285.15
1284.94
1284.84
1284.69
1284.44
1284.14
1283.79
1282.62
1281.49
1280.82
1280
1280.23
1279.2
1277.81
1276.14
1274.36
1272.38
1270.15
1267.69
1264.91
1261.78
1258.26
1254.31
1249.74
1245.15
1280.52
1280.5
1280.53
1280.58
1280.64
1280.71
1280.81
1280.93
1281.05
1281.22
1281.38
1281.56
1281.78
1282.03
1282.27
1282.58
1282.9
1283.24
1283.6
1283.94
1284.29
1284.61
1284.91
1285.11
1285.33
1285.5
1285.19
1285.12
1285
1284.77
1284.48
1284.08
1282.43
1281.82
1281.26
1281.03
1280.98
1279.84
1278.5
1276.93
1275.26
1273.4
1271.31
1269
1266.39
1263.41
1259.95
1255.9
1250.84
1245.64
1280.52
1280.5
1280.53
1280.58
1280.64
1280.71
1280.8
1280.93
1281.05
1281.22
1281.38
1281.57
1281.79
1282.05
1282.31
1282.63
1282.96
1283.32
1283.7
1284.06
1284.44
1284.79
1285.09
1285.32
1285.45
1285.82
1285.47
1285.39
1285.3
1285.09
1284.82
1283.15
1282.73
1282.16
1281.76
1282.4
1281.52
1280.43
1279.17
1277.73
1276.17
1274.43
1272.53
1270.42
1268.04
1265.32
1262.07
1258.1
1252.61
1247.04
1280.51
1280.5
1280.54
1280.58
1280.64
1280.72
1280.82
1280.95
1281.06
1281.24
1281.4
1281.59
1281.82
1282.08
1282.36
1282.69
1283.03
1283.4
1283.8
1284.19
1284.58
1284.94
1285.27
1285.51
1285.6
1286.01
1285.79
1285.65
1285.6
1285.4
1284.81
1283.48
1282.96
1282.62
1283.19
1282.89
1282.03
1281.01
1279.84
1278.51
1277.05
1275.47
1273.76
1271.92
1269.85
1267.49
1264.63
1260.99
1255.29
1250
1280.51
1280.5
1280.54
1280.59
1280.65
1280.72
1280.83
1280.96
1281.08
1281.26
1281.43
1281.63
1281.86
1282.13
1282.41
1282.75
1283.11
1283.49
1283.9
1284.3
1284.71
1285.09
1285.42
1285.67
1285.82
1286.12
1286.11
1285.9
1285.9
1285.7
1284.02
1283.73
1283.28
1283.21
1284.07
1283.34
1282.54
1281.58
1280.49
1279.26
1277.93
1276.52
1275.02
1273.45
1271.75
1269.87
1267.64
1264.67
1259.34
1255.51
1280.51
1280.5
1280.54
1280.59
1280.65
1280.73
1280.84
1280.97
1281.09
1281.27
1281.44
1281.65
1281.89
1282.16
1282.45
1282.8
1283.17
1283.57
1283.99
1284.4
1284.83
1285.2
1285.56
1285.85
1286.04
1286.25
1286.45
1286.14
1286.18
1285.45
1284.29
1283.93
1283.69
1284.93
1284.46
1283.78
1283.02
1282.12
1281.12
1279.99
1278.8
1277.56
1276.28
1275.01
1273.74
1272.48
1271.2
1269.65
1266.73
1266.27
1260.87
1260.33
1259.78
1259.22
1258.64
1258.05
1257.46
1256.85
1256.24
1255.62
1255
1254.36
1253.74
1253.09
1252.44
1251.82
1251.15
1250.55
1249.83
1249.25
1248.55
1247.88
1247.22
1246.48
1245.9
1245.09
1244.54
1243.83
1243.27
1242.67
1242.08
1241.51
1240.97
1240.45
1239.95
1239.47
1239.01
1238.58
1238.16
1237.77
1237.39
1237.04
1236.7
1236.39
1236.09
1235.81
1235.55
1235.3
1235.07
1234.85
1260.65
1260.09
1259.53
1258.95
1258.36
1257.76
1257.15
1256.53
1255.91
1255.28
1254.64
1254
1253.37
1252.71
1252.07
1251.45
1250.76
1250.17
1249.44
1248.89
1248.18
1247.52
1246.85
1246.1
1245.56
1244.72
1244.21
1243.48
1242.95
1242.35
1241.75
1241.19
1240.64
1240.12
1239.62
1239.14
1238.68
1238.24
1237.83
1237.43
1237.05
1236.69
1236.36
1236.04
1235.74
1235.45
1235.19
1234.94
1234.71
1234.49
1260.41
1259.84
1259.25
1258.66
1258.06
1257.44
1256.82
1256.19
1255.55
1254.91
1254.27
1253.62
1252.98
1252.32
1251.67
1251.06
1250.35
1249.79
1249.03
1248.52
1247.79
1247.13
1246.47
1245.73
1245.2
1244.34
1243.88
1243.13
1242.61
1242.02
1241.42
1240.85
1240.31
1239.79
1239.28
1238.8
1238.34
1237.9
1237.48
1237.08
1236.7
1236.34
1236
1235.67
1235.37
1235.09
1234.82
1234.57
1234.34
1234.12
1260.15
1259.57
1258.97
1258.36
1257.74
1257.11
1256.47
1255.83
1255.18
1254.53
1253.87
1253.21
1252.58
1251.9
1251.26
1250.66
1249.92
1249.41
1248.69
1248.05
1247.39
1246.74
1246.09
1245.43
1244.75
1243.95
1243.51
1242.76
1242.27
1241.7
1241.08
1240.51
1239.97
1239.44
1238.94
1238.45
1237.99
1237.55
1237.12
1236.72
1236.33
1235.97
1235.62
1235.3
1234.99
1234.71
1234.44
1234.19
1233.96
1233.74
1259.88
1259.28
1258.66
1258.04
1257.4
1256.75
1256.1
1255.45
1254.79
1254.12
1253.45
1252.79
1252.17
1251.46
1250.82
1250.26
1249.58
1248.91
1248.33
1247.55
1246.97
1246.34
1245.69
1245.12
1244.3
1243.65
1243.04
1242.37
1241.95
1241.36
1240.73
1240.16
1239.61
1239.09
1238.58
1238.1
1237.63
1237.18
1236.75
1236.35
1235.96
1235.59
1235.24
1234.91
1234.6
1234.31
1234.04
1233.79
1233.56
1233.34
1259.59
1258.97
1258.34
1257.69
1257.04
1256.38
1255.71
1255.04
1254.37
1253.68
1253.01
1252.34
1251.73
1251
1250.48
1249.77
1249.18
1248.39
1247.86
1247.14
1246.55
1245.92
1245.28
1244.7
1243.94
1243.41
1242.6
1241.93
1241.55
1241
1240.37
1239.8
1239.25
1238.73
1238.22
1237.73
1237.26
1236.81
1236.38
1235.96
1235.57
1235.2
1234.85
1234.51
1234.2
1233.91
1233.64
1233.38
1233.15
1232.93
1259.28
1258.64
1257.99
1257.32
1256.65
1255.97
1255.29
1254.6
1253.91
1253.22
1252.55
1251.87
1251.3
1250.64
1250.02
1249.22
1248.65
1247.95
1247.39
1246.71
1246.11
1245.5
1244.87
1244.28
1243.56
1243.07
1242.25
1241.56
1241.1
1240.6
1240
1239.43
1238.88
1238.35
1237.85
1237.35
1236.88
1236.42
1235.99
1235.57
1235.17
1234.8
1234.44
1234.1
1233.79
1233.49
1233.22
1232.96
1232.73
1232.51
1258.95
1258.29
1257.62
1256.93
1256.24
1255.54
1254.83
1254.12
1253.45
1252.75
1252.06
1251.49
1250.82
1250.17
1249.42
1248.73
1248.16
1247.49
1246.91
1246.26
1245.67
1245.06
1244.44
1243.85
1243.16
1242.63
1241.88
1241.27
1240.68
1240.19
1239.63
1239.05
1238.5
1237.98
1237.47
1236.97
1236.49
1236.03
1235.59
1235.17
1234.77
1234.38
1234.02
1233.68
1233.36
1233.06
1232.78
1232.53
1232.29
1232.07
1258.6
1257.92
1257.22
1256.52
1255.79
1255.06
1254.35
1253.64
1252.99
1252.25
1251.69
1251.03
1250.21
1249.56
1248.9
1248.24
1247.65
1247.01
1246.42
1245.8
1245.21
1244.61
1244
1243.42
1242.76
1242.2
1241.5
1240.96
1240.26
1239.8
1239.24
1238.66
1238.12
1237.59
1237.08
1236.58
1236.1
1235.63
1235.19
1234.76
1234.35
1233.96
1233.59
1233.25
1232.92
1232.62
1232.34
1232.08
1231.84
1231.62
1258.22
1257.52
1256.79
1256.05
1255.3
1254.57
1253.85
1253.13
1252.5
1251.86
1251.18
1250.38
1249.63
1249.01
1248.37
1247.73
1247.13
1246.51
1245.93
1245.32
1244.74
1244.16
1243.56
1242.98
1242.34
1241.78
1241.12
1240.65
1239.84
1239.41
1238.83
1238.27
1237.73
1237.2
1236.69
1236.19
1235.7
1235.23
1234.77
1234.34
1233.92
1233.53
1233.16
1232.8
1232.47
1232.16
1231.88
1231.61
1231.37
1231.15
1257.82
1257.07
1256.3
1255.54
1254.8
1254.06
1253.31
1252.69
1252.02
1251.3
1250.47
1249.77
1249.08
1248.45
1247.82
1247.19
1246.6
1245.99
1245.42
1244.84
1244.27
1243.7
1243.12
1242.55
1241.93
1241.36
1240.73
1240.26
1239.49
1239.03
1238.41
1237.88
1237.34
1236.81
1236.29
1235.79
1235.3
1234.82
1234.35
1233.91
1233.49
1233.09
1232.71
1232.35
1232.01
1231.69
1231.4
1231.13
1230.89
1230.67
1257.34
1256.56
1255.8
1255.05
1254.29
1253.51
1252.89
1252.24
1251.36
1250.56
1249.85
1249.18
1248.51
1247.87
1247.25
1246.64
1246.05
1245.47
1244.9
1244.34
1243.78
1243.23
1242.66
1242.1
1241.51
1240.94
1240.32
1239.79
1239.2
1238.64
1238.01
1237.49
1236.95
1236.41
1235.89
1235.39
1234.89
1234.4
1233.93
1233.48
1233.05
1232.64
1232.25
1231.89
1231.54
1231.21
1230.92
1230.64
1230.39
1230.17
1256.84
1256.07
1255.31
1254.51
1253.72
1253.07
1252.38
1251.5
1250.64
1249.92
1249.24
1248.56
1247.9
1247.27
1246.66
1246.06
1245.49
1244.93
1244.38
1243.83
1243.3
1242.76
1242.21
1241.66
1241.08
1240.51
1239.92
1239.33
1238.9
1238.24
1237.63
1237.1
1236.56
1236.02
1235.5
1234.99
1234.48
1233.98
1233.5
1233.04
1232.61
1232.19
1231.79
1231.42
1231.06
1230.72
1230.42
1230.14
1229.89
1229.66
1256.37
1255.58
1254.74
1253.92
1253.25
1252.51
1251.6
1250.76
1250
1249.29
1248.59
1247.92
1247.27
1246.65
1246.06
1245.48
1244.92
1244.38
1243.85
1243.32
1242.81
1242.28
1241.73
1241.16
1240.55
1239.91
1239.37
1238.84
1238.44
1237.54
1236.91
1236.37
1235.82
1235.28
1234.84
1234.57
1234.04
1233.28
1232.73
1232.28
1232.11
1231.74
1231.33
1230.94
1230.57
1230.18
1229.86
1229.61
1229.36
1229.14
1255.86
1255
1254.14
1253.44
1252.66
1251.71
1250.85
1250.07
1249.32
1248.61
1247.91
1247.25
1246.62
1246.02
1245.44
1244.88
1244.35
1243.8
1243.14
1242.6
1242.17
1241.54
1240.92
1240.4
1239.87
1239.33
1238.77
1238.22
1237.75
1237.07
1236.53
1235.98
1235.43
1234.89
1234.35
1233.81
1233.29
1232.79
1232.3
1231.81
1231.35
1230.91
1230.85
1230.47
1229.91
1229.33
1229.01
1228.71
1228.45
1228.52
1255.28
1254.39
1253.64
1252.81
1251.82
1250.94
1250.13
1249.36
1248.61
1247.89
1247.21
1246.57
1245.95
1245.36
1244.71
1244.2
1243.43
1242.86
1242.39
1241.92
1241.44
1240.95
1240.47
1239.97
1239.46
1238.93
1238.38
1237.86
1237.35
1236.7
1236.34
1235.66
1235.06
1234.51
1233.96
1233.42
1232.89
1232.38
1231.87
1231.38
1230.9
1230.44
1229.98
1229.58
1229.17
1228.81
1228.48
1228.17
1227.89
1227.64
1254.71
1253.87
1252.99
1251.95
1251.03
1250.19
1249.38
1248.6
1247.85
1247.15
1246.45
1245.77
1245.21
1244.29
1243.75
1243.25
1242.76
1242.3
1241.85
1241.52
1241.02
1240.49
1240.02
1239.54
1239.32
1238.9
1238.18
1237.62
1237.23
1236.75
1236.25
1235.7
1235.12
1234.6
1233.89
1233.04
1232.53
1232.32
1231.82
1231.29
1230.83
1230.41
1229.57
1229.08
1228.66
1228.28
1227.94
1227.62
1227.33
1227.07
1254.16
1253.16
1252.09
1251.14
1250.25
1249.4
1248.55
1247.66
1246.74
1246.2
1245.32
1244.72
1244.15
1243.62
1243.17
1242.66
1242.17
1241.82
1241.8
1241.38
1240.96
1240.47
1240
1239.59
1239.12
1238.62
1238.1
1237.61
1237.05
1236.43
1235.9
1235.36
1234.81
1234.26
1233.71
1233.14
1232.6
1232.06
1231.52
1231
1230.48
1229.99
1229.52
1229.07
1228.31
1227.75
1227.39
1227.06
1226.76
1226.49
1253.35
1252.24
1251.23
1250.22
1249.38
1248.21
1247.35
1246.58
1245.87
1245.21
1244.79
1244.3
1243.46
1242.93
1242.9
1242.52
1242.1
1241.69
1241.28
1240.88
1240.48
1240.08
1239.66
1239.21
1238.73
1238.25
1237.73
1237.27
1236.7
1236.1
1235.57
1235.03
1234.48
1233.92
1233.37
1232.81
1232.24
1231.69
1231.14
1230.6
1230.07
1229.56
1229.07
1228.6
1228.17
1227.72
1226.97
1226.64
1226.56
1226.42
1252.34
1251.27
1250.04
1249.08
1248.16
1247.28
1246.46
1245.7
1245.02
1244.75
1244.21
1243.68
1243.18
1242.73
1242.3
1241.89
1241.51
1241.13
1240.76
1240.38
1239.93
1239.41
1239.07
1238.78
1238.36
1237.89
1237.38
1236.94
1236.36
1235.79
1235.26
1234.72
1234.17
1233.61
1233.04
1232.48
1231.91
1231.34
1230.78
1230.22
1229.67
1229.14
1228.63
1228.14
1227.68
1227.25
1226.85
1226.48
1226.15
1225.84
1251.29
1250.23
1249.18
1248.23
1247.6
1246.67
1245.86
1245.23
1244.57
1243.96
1243.4
1242.9
1242.45
1242.03
1241.64
1241.28
1240.91
1240.53
1240.25
1239.58
1238.97
1238.62
1238.25
1238.25
1238.01
1237.55
1237.04
1236.65
1236.04
1235.5
1234.97
1234.43
1233.88
1233.32
1232.76
1232.18
1231.6
1231.02
1230.45
1229.87
1229.31
1228.75
1228.21
1227.7
1227.21
1226.75
1226.33
1225.94
1225.58
1225.26
1250.78
1249.51
1248.57
1247.66
1246.72
1245.85
1245.06
1244.35
1243.71
1243.13
1242.61
1242.15
1241.74
1241.3
1240.85
1240.58
1239.83
1239.44
1239.14
1238.85
1238.54
1238.22
1237.87
1237.77
1237.69
1237.24
1236.76
1236.37
1235.76
1235.25
1234.72
1234.19
1233.64
1233.08
1232.51
1231.94
1231.35
1230.76
1230.17
1229.59
1228.99
1228.41
1227.69
1227.17
1226.76
1226.3
1225.85
1225.43
1225.05
1224.71
1250.07
1248.89
1247.78
1246.75
1245.8
1244.94
1244.16
1243.47
1242.86
1242.32
1241.73
1241.34
1240.72
1240.07
1239.77
1239.49
1239.23
1238.97
1238.71
1238.44
1238.16
1237.85
1237.62
1237.78
1237.41
1236.98
1236.54
1236.09
1235.53
1235.03
1234.51
1233.98
1233.44
1232.88
1232.32
1231.74
1231.14
1230.54
1229.95
1229.36
1228.7
1227.11
1226.45
1225.87
1225.32
1224.9
1225.35
1224.97
1224.56
1224.19
1249.27
1248.05
1246.9
1245.84
1244.88
1244.03
1243.27
1242.5
1241.98
1241.05
1240.42
1240.05
1239.74
1239.47
1239.22
1238.98
1238.76
1238.53
1238.3
1238.06
1237.81
1237.77
1237.9
1237.55
1237.16
1236.74
1236.33
1235.86
1235.33
1234.84
1234.33
1233.81
1233.27
1232.73
1232.16
1231.59
1230.99
1229.84
1228.69
1228.55
1227.41
1226.81
1226.2
1225.59
1225
1224.42
1223.86
1223.7
1224.09
1223.71
1248.49
1247.2
1246.01
1244.93
1243.88
1243.02
1241.96
1241.03
1240.51
1240.07
1239.71
1239.4
1239.14
1238.91
1238.73
1238.5
1238.32
1238.13
1237.93
1237.92
1238.19
1237.96
1237.65
1237.31
1236.94
1236.53
1236.14
1235.66
1235.16
1234.68
1234.18
1233.67
1233.14
1232.6
1232.05
1231.48
1230.42
1229.18
1228.57
1227.95
1227.8
1227.68
1226.86
1226.17
1225.81
1225.03
1223.52
1222.98
1222.46
1222.05
1247.72
1246.36
1245.05
1243.78
1242.28
1241.45
1240.77
1240.19
1239.72
1239.33
1239.02
1238.77
1238.56
1239.07
1239.01
1238.4
1238.15
1238.42
1238.36
1238.16
1237.94
1237.69
1237.41
1237.09
1236.74
1236.35
1235.97
1235.49
1235.03
1234.56
1234.07
1233.56
1233.04
1232.51
1231.97
1231.41
1230.79
1229.97
1229.26
1228.76
1228.37
1227.76
1227.11
1226.45
1225.79
1225.15
1224.51
1223.93
1222.31
1221.46
1246.92
1244.97
1243.43
1242.3
1241.34
1240.54
1239.88
1239.52
1239.05
1238.61
1238.73
1238.97
1238.81
1238.67
1238.55
1238.44
1238.32
1238.19
1238.04
1237.87
1237.68
1237.45
1237.19
1236.89
1236.56
1236.19
1235.81
1235.35
1234.91
1234.45
1233.97
1233.47
1232.97
1232.45
1231.91
1231.37
1230.81
1230.23
1229.62
1229
1228.36
1227.71
1227.04
1226.35
1225.66
1224.98
1224.31
1223.66
1223.07
1221.99
1245.4
1243.87
1242.52
1241.34
1240.39
1239.65
1239.57
1239.36
1239
1238.73
1238.53
1238.38
1238.27
1238.19
1238.11
1238.04
1237.96
1237.87
1237.75
1237.61
1237.43
1237.23
1236.99
1236.72
1236.4
1236.06
1235.67
1235.24
1234.81
1234.36
1233.89
1233.41
1232.91
1232.41
1231.89
1231.35
1230.8
1230.23
1229.62
1229.01
1228.37
1227.71
1227.03
1226.32
1225.6
1224.86
1224.14
1223.43
1222.77
1222.18
1244.65
1242.98
1241.59
1241.18
1240.24
1239.49
1238.92
1238.51
1238.22
1238.03
1237.9
1237.81
1237.76
1237.72
1237.7
1237.67
1237.63
1237.57
1237.48
1237.36
1237.21
1237.03
1236.81
1236.56
1236.26
1235.94
1235.55
1235.14
1234.73
1234.29
1233.83
1233.36
1232.88
1232.39
1231.88
1231.36
1230.81
1230.25
1229.66
1229.05
1228.42
1227.77
1227.08
1226.35
1225.6
1224.82
1224.03
1223.25
1222.5
1221.82
1244.1
1242.87
1241.35
1240.12
1239.18
1238.48
1237.98
1237.65
1237.44
1237.33
1237.27
1237.26
1237.26
1237.28
1237.31
1237.32
1237.32
1237.29
1237.24
1237.14
1237.01
1236.84
1236.65
1236.41
1236.14
1235.83
1235.45
1235.06
1234.66
1234.23
1233.79
1233.32
1232.86
1232.38
1231.89
1231.38
1230.85
1230.31
1229.74
1229.14
1228.52
1227.87
1227.18
1226.45
1225.67
1224.85
1223.99
1223.13
1222.28
1221.48
1243.87
1241.86
1240.22
1238.96
1238.04
1237.41
1237.01
1236.77
1236.66
1236.64
1236.66
1236.72
1236.79
1236.87
1236.94
1236.99
1237.02
1237.04
1237.01
1236.94
1236.83
1236.67
1236.5
1236.28
1236.04
1235.73
1235.37
1235
1234.6
1234.19
1233.76
1233.3
1232.85
1232.4
1231.92
1231.43
1230.92
1230.4
1229.84
1229.26
1228.65
1228.03
1227.35
1226.61
1225.81
1224.95
1224.04
1223.08
1222.1
1221.17
1242.98
1240.71
1238.95
1237.67
1236.81
1236.28
1236
1235.88
1235.88
1235.95
1236.07
1236.2
1236.34
1236.47
1236.59
1236.68
1236.75
1236.8
1236.81
1236.75
1236.66
1236.52
1236.36
1236.17
1235.95
1235.65
1235.3
1234.94
1234.56
1234.16
1233.74
1233.28
1232.85
1232.43
1231.97
1231.49
1231.01
1230.51
1229.97
1229.4
1228.81
1228.23
1227.57
1226.84
1226.04
1225.15
1224.18
1223.11
1222
1220.89
1241.98
1239.39
1237.5
1236.23
1235.48
1235.09
1234.95
1234.98
1235.11
1235.29
1235.5
1235.71
1235.9
1236.09
1236.26
1236.4
1236.5
1236.59
1236.62
1236.59
1236.51
1236.38
1236.24
1236.06
1235.87
1235.57
1235.24
1234.9
1234.53
1234.14
1233.74
1233.27
1232.85
1232.47
1232.02
1231.56
1231.11
1230.63
1230.11
1229.55
1228.99
1228.46
1227.85
1227.14
1226.35
1225.45
1224.43
1223.26
1221.97
1220.64
1240.8
1237.8
1235.8
1234.61
1234.02
1233.83
1233.88
1234.08
1234.34
1234.64
1234.95
1235.24
1235.5
1235.74
1235.96
1236.13
1236.27
1236.39
1236.46
1236.44
1236.37
1236.24
1236.13
1235.97
1235.8
1235.52
1235.19
1234.87
1234.5
1234.13
1233.75
1233.26
1232.86
1232.52
1232.09
1231.64
1231.21
1230.77
1230.27
1229.72
1229.18
1228.74
1228.18
1227.51
1226.74
1225.86
1224.81
1223.55
1222.07
1220.45
1239.29
1235.82
1233.77
1232.76
1232.43
1232.5
1232.79
1233.18
1233.59
1234.02
1234.43
1234.8
1235.11
1235.41
1235.68
1235.88
1236.06
1236.22
1236.32
1236.31
1236.25
1236.12
1236.02
1235.88
1235.75
1235.47
1235.15
1234.84
1234.48
1234.12
1233.72
1233.19
1232.81
1232.53
1232.11
1231.72
1231.33
1230.93
1230.45
1229.88
1229.38
1229.04
1228.56
1227.93
1227.21
1226.38
1225.35
1224.02
1222.34
1220.35
1237.26
1233.26
1231.34
1230.66
1230.72
1231.14
1231.7
1232.3
1232.88
1233.43
1233.95
1234.4
1234.75
1235.11
1235.43
1235.65
1235.86
1236.07
1236.2
1236.2
1236.14
1235.99
1235.92
1235.8
1235.68
1235.05
1234.39
1234.11
1233.85
1233.94
1233.78
1233.23
1232.86
1232.66
1232.24
1231.8
1231.45
1231.11
1230.65
1230.05
1228.77
1227.75
1227.36
1226.78
1226.13
1225.4
1224.75
1224.7
1222.85
1220.4
1234.39
1229.89
1228.4
1228.31
1228.91
1229.76
1230.64
1231.48
1232.21
1232.88
1233.52
1234.03
1234.41
1234.83
1235.2
1235.43
1235.66
1235.94
1236.11
1235.95
1235.84
1235.74
1235.24
1233.08
1232.85
1233.75
1234.75
1234.6
1234.11
1232.14
1231.54
1231.17
1231.76
1232.74
1232.34
1231.87
1231.58
1231.33
1230.89
1230.06
1229.26
1229.39
1228.99
1228.1
1227.63
1227.38
1226.89
1225.66
1223.7
1220.74
1229.89
1225.05
1224.76
1225.69
1227.05
1228.41
1229.64
1230.71
1231.58
1232.36
1233.13
1233.71
1234.09
1234.57
1235
1235.23
1235.42
1235.58
1233.3
1229.64
1229.32
1230.15
1230.84
1230.14
1227.67
1226.69
1228.2
1231.75
1233.81
1229.86
1198.31
1189.87
1189.73
1189.22
1189.41
1190.16
1192.15
1190.54
1190.12
1190.4
1189.85
1192.65
1220.22
1227.23
1226.07
1224.68
1225.2
1226.95
1225.34
1221.83
1221.02
1217.23
1219.97
1222.69
1225.06
1226.99
1228.51
1229.9
1230.76
1231.28
1231.64
1230.8
1229.45
1230.93
1234.58
1228.71
1193.74
1199.9
1226.1
1229.6
1228.48
1190.23
1190.51
1190.71
1190.04
1222.65
1206.78
1190.98
1191.17
1190.47
1189.73
1189.9
1189.72
1191.78
1210.52
1213.85
1193.61
1189.98
1190.14
1200.89
1193.76
1190.21
1190.1
1190.23
1190.29
1190.08
1190.1
1189.93
1188.77
1187.3
1205.86
1209.19
1215.97
1220.11
1223.42
1223.52
1225.22
1228.57
1230.33
1211.01
1206.73
1221.4
1219.61
1187.29
1186.47
1186.69
1186.64
1186.79
1187.43
1216.89
1224.37
1220.66
1216.59
1224.83
1234.83
1234.15
1234.65
1235.02
1234.79
1234.68
1234.75
1236.37
1236.67
1235.25
1233.92
1233.26
1232.83
1231.37
1231.53
1231.82
1231.8
1229.88
1228.53
1228.21
1227.99
1227.62
1227.6
1227.27
1223.06
1192.34
1234.65
1234.46
1234.27
1234.09
1233.92
1233.75
1233.59
1233.43
1233.28
1233.14
1233.01
1232.89
1232.78
1232.68
1232.6
1232.51
1232.38
1232.3
1232.28
1232.25
1232.19
1232.14
1232.1
1232.05
1232
1231.93
1231.88
1231.82
1231.75
1231.69
1231.6
1231.51
1231.4
1231.28
1231.15
1231.01
1230.88
1230.74
1230.6
1230.47
1230.3
1230.19
1230.08
1230.01
1229.88
1229.81
1229.78
1229.94
1230.37
1231.39
1232.23
1233.75
1232.76
1234.41
1234.06
1234.94
1235.34
1235.98
1236.61
1237.12
1237.72
1238.21
1238.74
1239.26
1239.78
1240.34
1240.87
1241.39
1241.82
1242.23
1242.63
1242.96
1243.26
1243.55
1243.79
1244
1244.22
1244.5
1244.84
1245.24
1245.62
1245.93
1246.15
1246.32
1246.49
1246.7
1246.89
1246.95
1246.84
1246.67
1246.51
1246.41
1246.38
1246.34
1246.12
1245.76
1245.36
1245.07
1244.88
1244.79
1244.72
1244.47
1244.04
1243.54
1243.07
1242.7
1242.47
1242.32
1242.09
1241.63
1241.04
1240.52
1240.17
1240.04
1240.04
1239.55
1238.82
1238.16
1237.73
1237.61
1237.77
1237.15
1236.28
1235.61
1235.22
1235.14
1235.22
1234.43
1233.59
1233.14
1233.08
1233.67
1232.72
1231.74
1231.21
1231.04
1231.15
1231.03
1230.15
1229.49
1229.28
1229.35
1230.52
1230.11
1229.61
1229.21
1228.82
1228.45
1228.01
1227.76
1234.29
1234.1
1233.92
1233.74
1233.57
1233.4
1233.25
1233.09
1232.95
1232.81
1232.69
1232.57
1232.46
1232.36
1232.28
1232.2
1232.13
1232.03
1231.95
1231.95
1231.92
1231.88
1231.85
1231.81
1231.78
1231.73
1231.68
1231.63
1231.56
1231.51
1231.42
1231.35
1231.24
1231.12
1231
1230.86
1230.73
1230.58
1230.43
1230.28
1230.11
1229.96
1229.81
1229.67
1229.49
1229.35
1229.26
1229.31
1229.52
1230.17
1231.04
1232.04
1232.24
1234.09
1232.4
1233.64
1233.81
1234.49
1235.12
1235.56
1236.17
1236.59
1237.11
1237.59
1238.08
1238.65
1239.15
1239.66
1240.06
1240.44
1240.82
1241.12
1241.39
1241.66
1241.86
1242.02
1242.21
1242.46
1242.8
1243.21
1243.61
1243.92
1244.12
1244.26
1244.42
1244.64
1244.87
1244.91
1244.78
1244.56
1244.37
1244.27
1244.27
1244.25
1244.02
1243.62
1243.18
1242.86
1242.69
1242.63
1242.62
1242.37
1241.9
1241.35
1240.85
1240.48
1240.28
1240.18
1240
1239.51
1238.86
1238.3
1237.95
1237.88
1238.03
1237.5
1236.68
1235.98
1235.55
1235.49
1235.86
1235.16
1234.19
1233.49
1233.12
1233.11
1233.37
1232.46
1231.53
1231.1
1231.09
1232
1230.86
1229.77
1229.28
1229.18
1229.46
1230.18
1229.78
1229.17
1228.73
1228.23
1227.83
1228.16
1228.29
1228.38
1228.38
1228.35
1228.31
1228.57
1233.92
1233.73
1233.55
1233.37
1233.21
1233.05
1232.89
1232.75
1232.61
1232.48
1232.35
1232.24
1232.13
1232.04
1231.96
1231.88
1231.82
1231.77
1231.68
1231.64
1231.6
1231.61
1231.59
1231.56
1231.53
1231.51
1231.49
1231.44
1231.38
1231.32
1231.25
1231.18
1231.08
1230.98
1230.86
1230.73
1230.6
1230.45
1230.29
1230.13
1229.94
1229.78
1229.6
1229.42
1229.2
1229.01
1228.87
1228.83
1228.98
1229.33
1229.8
1230.24
1230.8
1231.35
1232.38
1232.66
1232.21
1232.99
1233.64
1233.94
1234.62
1234.92
1235.43
1235.88
1236.33
1236.91
1237.37
1237.9
1238.25
1238.59
1238.97
1239.22
1239.46
1239.7
1239.87
1239.98
1240.11
1240.34
1240.68
1241.11
1241.54
1241.85
1242.02
1242.13
1242.27
1242.51
1242.78
1242.83
1242.64
1242.37
1242.15
1242.05
1242.08
1242.12
1241.87
1241.41
1240.92
1240.58
1240.41
1240.4
1240.48
1240.23
1239.7
1239.09
1238.55
1238.17
1238
1237.98
1237.87
1237.33
1236.6
1236
1235.65
1235.65
1236
1235.41
1234.48
1233.71
1233.28
1233.29
1233.95
1233.13
1232.02
1231.29
1230.95
1231.03
1231.54
1230.45
1229.4
1229.01
1229.09
1230.69
1230.17
1229.47
1228.87
1228.37
1227.89
1227.82
1228.24
1228.26
1228.3
1228.29
1228.69
1228.65
1228.43
1228.24
1228.05
1227.89
1227.67
1227.63
1233.54
1233.35
1233.17
1233
1232.83
1232.67
1232.53
1232.38
1232.25
1232.13
1232.01
1231.9
1231.8
1231.71
1231.63
1231.56
1231.5
1231.46
1231.42
1231.36
1231.32
1231.29
1231.31
1231.31
1231.28
1231.27
1231.25
1231.23
1231.2
1231.15
1231.09
1231.01
1230.92
1230.83
1230.72
1230.6
1230.47
1230.33
1230.17
1230
1229.81
1229.63
1229.43
1229.23
1229
1228.78
1228.6
1228.52
1228.57
1228.77
1229.05
1229.25
1229.51
1229.8
1231.05
1231.1
1232.06
1231.61
1232.2
1232.25
1233.09
1233.19
1233.73
1234.12
1234.51
1235.14
1235.54
1236.12
1236.39
1236.69
1237.07
1237.27
1237.46
1237.7
1237.82
1237.86
1237.94
1238.13
1238.48
1238.94
1239.41
1239.72
1239.85
1239.91
1240.04
1240.3
1240.65
1240.69
1240.45
1240.11
1239.84
1239.74
1239.82
1239.93
1239.67
1239.13
1238.58
1238.2
1238.03
1238.09
1238.31
1238.05
1237.45
1236.75
1236.16
1235.77
1235.65
1235.72
1235.71
1235.1
1234.27
1233.61
1233.26
1233.34
1233.99
1233.29
1232.2
1231.37
1230.93
1231.01
1232.09
1231.07
1229.77
1229.02
1228.73
1228.97
1230.38
1229.92
1229.11
1228.49
1227.85
1227.47
1227.9
1228.05
1228.13
1228.13
1228.15
1228.47
1228.4
1228.09
1227.93
1227.72
1227.65
1227.86
1227.91
1227.93
1227.87
1227.82
1227.72
1227.82
1233.14
1232.96
1232.78
1232.61
1232.44
1232.29
1232.15
1232.01
1231.88
1231.77
1231.66
1231.56
1231.46
1231.38
1231.31
1231.24
1231.18
1231.14
1231.11
1231.07
1231.07
1231.02
1231
1231.04
1231.04
1231.03
1231.02
1231
1230.98
1230.96
1230.93
1230.86
1230.79
1230.69
1230.59
1230.48
1230.36
1230.22
1230.06
1229.9
1229.71
1229.52
1229.32
1229.1
1228.86
1228.63
1228.43
1228.31
1228.28
1228.38
1228.5
1228.61
1228.66
1228.74
1229.44
1229.47
1230.78
1230.96
1231.85
1230.47
1231.68
1231.36
1232.03
1232.33
1232.62
1233.37
1233.63
1234.32
1234.47
1234.71
1235.14
1235.26
1235.39
1235.64
1235.71
1235.66
1235.67
1235.84
1236.19
1236.69
1237.23
1237.54
1237.62
1237.62
1237.71
1238.01
1238.47
1238.51
1238.18
1237.76
1237.44
1237.35
1237.48
1237.71
1237.41
1236.78
1236.15
1235.73
1235.56
1235.69
1236.12
1235.84
1235.13
1234.34
1233.68
1233.28
1233.22
1233.41
1233.54
1232.83
1231.85
1231.14
1230.78
1230.93
1232.03
1231.15
1229.84
1228.94
1228.51
1228.7
1230.64
1230.19
1229.41
1228.69
1228.02
1227.4
1227.23
1227.76
1227.76
1227.84
1227.87
1228.4
1228.35
1228.06
1227.81
1227.63
1227.43
1227.52
1227.78
1227.73
1227.73
1227.66
1227.83
1227.93
1227.88
1227.84
1227.74
1227.68
1227.57
1227.62
1232.73
1232.55
1232.37
1232.2
1232.04
1231.89
1231.75
1231.62
1231.5
1231.39
1231.29
1231.2
1231.11
1231.04
1230.97
1230.91
1230.86
1230.82
1230.8
1230.77
1230.77
1230.77
1230.74
1230.75
1230.75
1230.78
1230.79
1230.78
1230.77
1230.75
1230.73
1230.7
1230.65
1230.57
1230.48
1230.36
1230.25
1230.12
1229.97
1229.82
1229.64
1229.45
1229.24
1229.02
1228.78
1228.54
1228.34
1228.18
1228.1
1228.11
1228.12
1228.13
1228.12
1228.13
1228.47
1228.34
1228.92
1229.14
1230.15
1230.36
1231.14
1229.4
1230.37
1230.51
1230.62
1231.63
1231.62
1232.57
1232.49
1232.65
1233.21
1233.18
1233.25
1233.54
1233.55
1233.38
1233.31
1233.43
1233.8
1234.36
1235
1235.32
1235.32
1235.23
1235.28
1235.63
1236.27
1236.29
1235.86
1235.33
1234.95
1234.85
1235.06
1235.48
1235.12
1234.37
1233.64
1233.15
1232.98
1233.2
1233.95
1233.62
1232.76
1231.84
1231.1
1230.68
1230.69
1231.06
1231.41
1230.53
1229.34
1228.57
1228.21
1228.48
1230.55
1230.17
1229.39
1228.62
1227.86
1227.18
1226.88
1227.38
1227.48
1227.54
1227.51
1227.58
1228.08
1228.05
1227.66
1227.44
1227.19
1227.19
1227.44
1227.49
1227.49
1227.48
1227.42
1227.61
1227.75
1227.62
1227.6
1227.51
1227.6
1227.73
1227.72
1227.71
1227.64
1227.59
1227.51
1227.56
1232.31
1232.12
1231.95
1231.78
1231.62
1231.48
1231.34
1231.22
1231.1
1231
1230.91
1230.82
1230.75
1230.69
1230.63
1230.58
1230.54
1230.51
1230.48
1230.47
1230.47
1230.48
1230.49
1230.49
1230.49
1230.5
1230.55
1230.56
1230.56
1230.56
1230.54
1230.51
1230.47
1230.43
1230.37
1230.27
1230.16
1230.03
1229.89
1229.75
1229.57
1229.39
1229.19
1228.97
1228.74
1228.5
1228.29
1228.12
1227.99
1227.94
1227.87
1227.8
1227.75
1227.64
1227.84
1227.65
1227.91
1227.84
1228.14
1228.44
1229.32
1229.58
1229.76
1228.72
1228.48
1230.02
1229.45
1230.94
1230.44
1230.48
1231.31
1231.03
1231.01
1231.42
1231.35
1231.02
1230.84
1230.92
1231.3
1231.94
1232.74
1233.06
1232.96
1232.75
1232.73
1233.14
1234.07
1234.06
1233.47
1232.8
1232.34
1232.24
1232.56
1233.25
1232.81
1231.87
1231.03
1230.47
1230.27
1230.58
1231.88
1231.42
1230.33
1229.24
1228.41
1228
1228.12
1228.74
1230.13
1229.77
1228.98
1228.21
1227.44
1226.74
1226.53
1227.08
1227.15
1227.19
1227.17
1227.27
1227.87
1227.88
1227.56
1227.25
1227
1226.77
1226.85
1227.16
1227.11
1227.15
1227.09
1227.34
1227.47
1227.41
1227.35
1227.31
1227.24
1227.38
1227.55
1227.47
1227.48
1227.42
1227.51
1227.63
1227.62
1227.61
1227.55
1227.51
1227.43
1227.49
1231.87
1231.68
1231.51
1231.35
1231.19
1231.05
1230.92
1230.8
1230.69
1230.6
1230.51
1230.44
1230.37
1230.32
1230.27
1230.24
1230.21
1230.19
1230.17
1230.16
1230.17
1230.18
1230.2
1230.22
1230.26
1230.26
1230.29
1230.31
1230.35
1230.36
1230.35
1230.34
1230.31
1230.27
1230.22
1230.16
1230.09
1229.97
1229.84
1229.69
1229.52
1229.35
1229.16
1228.95
1228.73
1228.5
1228.29
1228.1
1227.95
1227.84
1227.72
1227.6
1227.5
1227.32
1227.39
1227.13
1227.25
1227.05
1227.11
1227.08
1227.3
1227.54
1228.4
1228.82
1227.91
1228.86
1226.96
1229.6
1228.26
1228.14
1229.55
1228.8
1228.65
1229.32
1229.11
1228.56
1228.26
1228.29
1228.69
1229.42
1230.48
1230.78
1230.53
1230.17
1230.04
1230.51
1231.92
1231.83
1231.01
1230.18
1229.61
1229.52
1229.96
1231.1
1230.49
1229.29
1228.32
1227.67
1227.43
1227.85
1230.32
1230.18
1229.54
1228.83
1228.04
1227.31
1226.68
1226.21
1226.31
1226.83
1226.82
1226.82
1226.78
1226.91
1227.55
1227.6
1227.27
1226.94
1226.65
1226.42
1226.46
1226.75
1226.78
1226.77
1226.74
1226.71
1226.97
1227.14
1227
1226.99
1226.9
1227.06
1227.21
1227.21
1227.19
1227.18
1227.14
1227.27
1227.43
1227.36
1227.37
1227.33
1227.42
1227.52
1227.52
1227.52
1227.46
1227.44
1227.37
1227.42
1231.42
1231.23
1231.06
1230.9
1230.75
1230.61
1230.48
1230.37
1230.27
1230.18
1230.1
1230.04
1229.98
1229.94
1229.91
1229.88
1229.87
1229.86
1229.85
1229.86
1229.87
1229.89
1229.92
1229.95
1229.99
1230.03
1230.06
1230.08
1230.12
1230.14
1230.17
1230.17
1230.16
1230.13
1230.09
1230.03
1229.96
1229.89
1229.79
1229.66
1229.5
1229.33
1229.14
1228.94
1228.74
1228.52
1228.31
1228.12
1227.95
1227.8
1227.65
1227.48
1227.34
1227.13
1227.1
1226.8
1226.79
1226.5
1226.47
1226.27
1226.28
1226.21
1226.31
1226.58
1226.98
1228.12
1226.66
1229.14
1225.82
1225.54
1228.11
1226.44
1226.1
1227.3
1226.88
1225.99
1225.55
1225.51
1225.94
1226.78
1228.25
1228.52
1228.04
1227.47
1227.19
1227.68
1229.9
1229.64
1228.48
1227.41
1226.74
1226.66
1227.28
1229.69
1229.51
1228.74
1227.98
1227.16
1226.33
1225.64
1225.6
1226.28
1226.39
1226.44
1226.42
1226.4
1226.51
1226.69
1227.16
1227.14
1226.78
1226.45
1226.17
1225.94
1226.03
1226.34
1226.36
1226.35
1226.31
1226.31
1226.59
1226.77
1226.69
1226.61
1226.55
1226.49
1226.67
1226.86
1226.79
1226.82
1226.78
1226.93
1227.07
1227.08
1227.06
1227.07
1227.04
1227.17
1227.3
1227.25
1227.28
1227.24
1227.33
1227.42
1227.42
1227.43
1227.38
1227.37
1227.31
1227.36
1230.95
1230.76
1230.59
1230.43
1230.28
1230.15
1230.03
1229.92
1229.83
1229.75
1229.68
1229.62
1229.58
1229.55
1229.53
1229.52
1229.51
1229.52
1229.53
1229.55
1229.57
1229.6
1229.63
1229.67
1229.72
1229.77
1229.82
1229.87
1229.9
1229.93
1229.97
1229.99
1230
1229.99
1229.96
1229.92
1229.87
1229.79
1229.7
1229.61
1229.49
1229.34
1229.16
1228.97
1228.77
1228.56
1228.36
1228.16
1227.98
1227.81
1227.63
1227.44
1227.27
1227.02
1226.92
1226.6
1226.5
1226.16
1226.03
1225.74
1225.64
1225.45
1225.38
1225.39
1225.01
1225.8
1225.24
1226.85
1226.38
1224.94
1227.64
1223.77
1223.24
1225.53
1224.69
1223.28
1222.69
1222.58
1223.04
1223.97
1226.16
1226.31
1225.48
1224.6
1224.12
1224.59
1228.52
1228.57
1227.88
1227.15
1226.29
1225.48
1224.78
1224.95
1225.77
1225.8
1225.85
1225.74
1225.75
1225.97
1226.7
1226.87
1226.66
1226.37
1226.03
1225.75
1225.58
1225.45
1225.63
1225.92
1225.89
1225.86
1225.83
1225.83
1226.14
1226.34
1226.26
1226.18
1226.11
1226.07
1226.24
1226.43
1226.42
1226.4
1226.38
1226.36
1226.53
1226.7
1226.64
1226.69
1226.66
1226.81
1226.93
1226.95
1226.95
1226.97
1226.95
1227.07
1227.17
1227.15
1227.19
1227.16
1227.25
1227.33
1227.33
1227.35
1227.31
1227.3
1227.25
1227.3
1230.46
1230.28
1230.11
1229.95
1229.8
1229.67
1229.56
1229.46
1229.37
1229.3
1229.24
1229.2
1229.16
1229.14
1229.14
1229.14
1229.15
1229.17
1229.19
1229.23
1229.26
1229.31
1229.35
1229.4
1229.45
1229.51
1229.57
1229.63
1229.69
1229.74
1229.78
1229.81
1229.83
1229.84
1229.84
1229.82
1229.78
1229.72
1229.64
1229.55
1229.44
1229.32
1229.19
1229.02
1228.83
1228.63
1228.42
1228.22
1228.03
1227.85
1227.66
1227.45
1227.25
1226.99
1226.83
1226.5
1226.33
1225.97
1225.76
1225.42
1225.22
1224.96
1224.75
1224.68
1224.3
1224.72
1223.69
1224.61
1223.94
1223.94
1225.44
1224.24
1222.77
1224.75
1222.58
1220.36
1219.69
1219.47
1219.98
1220.91
1224.85
1225.39
1225.02
1224.41
1223.53
1222.64
1222.8
1224.01
1224.3
1224.56
1224.64
1224.81
1225.1
1225.91
1226.1
1225.8
1225.5
1225.14
1224.9
1224.73
1224.9
1225.28
1225.35
1225.38
1225.33
1225.3
1225.35
1225.41
1225.67
1225.84
1225.74
1225.65
1225.6
1225.57
1225.76
1225.96
1225.95
1225.93
1225.92
1225.91
1226.08
1226.25
1226.25
1226.24
1226.24
1226.23
1226.39
1226.53
1226.5
1226.57
1226.55
1226.69
1226.79
1226.83
1226.84
1226.87
1226.86
1226.97
1227.07
1227.06
1227.1
1227.09
1227.16
1227.24
1227.24
1227.26
1227.23
1227.23
1227.19
1227.23
1229.97
1229.78
1229.61
1229.45
1229.31
1229.18
1229.07
1228.98
1228.9
1228.84
1228.79
1228.75
1228.73
1228.73
1228.73
1228.75
1228.77
1228.81
1228.85
1228.9
1228.95
1229.01
1229.07
1229.13
1229.2
1229.26
1229.33
1229.4
1229.47
1229.54
1229.59
1229.64
1229.67
1229.7
1229.71
1229.71
1229.69
1229.65
1229.59
1229.51
1229.41
1229.3
1229.17
1229.03
1228.88
1228.71
1228.51
1228.31
1228.11
1227.91
1227.72
1227.49
1227.28
1227.01
1226.81
1226.48
1226.25
1225.89
1225.63
1225.27
1224.99
1224.69
1224.37
1224.23
1223.74
1223.95
1223.09
1223.59
1222.94
1222.13
1223.02
1221.9
1221.39
1222.92
1222.71
1220.3
1219.29
1218.66
1218.51
1218.06
1218.95
1220.61
1221.2
1221.69
1222.01
1222.56
1223.83
1224.4
1224.34
1224.22
1223.97
1223.83
1223.71
1224.04
1224.54
1224.57
1224.61
1224.52
1224.53
1224.61
1224.96
1225.24
1225.23
1225.19
1225.09
1225.03
1225.05
1225.07
1225.26
1225.44
1225.4
1225.38
1225.38
1225.39
1225.58
1225.75
1225.75
1225.74
1225.76
1225.77
1225.92
1226.06
1226.08
1226.08
1226.11
1226.12
1226.26
1226.38
1226.38
1226.45
1226.45
1226.58
1226.67
1226.71
1226.73
1226.77
1226.78
1226.87
1226.97
1226.96
1227.01
1227.01
1227.08
1227.16
1227.16
1227.18
1227.16
1227.16
1227.13
1227.17
1229.46
1229.27
1229.1
1228.94
1228.8
1228.68
1228.57
1228.48
1228.41
1228.36
1228.32
1228.3
1228.29
1228.3
1228.32
1228.35
1228.39
1228.44
1228.5
1228.56
1228.63
1228.71
1228.78
1228.86
1228.94
1229.02
1229.09
1229.17
1229.25
1229.33
1229.4
1229.47
1229.52
1229.56
1229.59
1229.6
1229.6
1229.58
1229.54
1229.48
1229.4
1229.3
1229.19
1229.05
1228.91
1228.75
1228.6
1228.42
1228.22
1228.01
1227.8
1227.57
1227.34
1227.07
1226.84
1226.52
1226.25
1225.89
1225.59
1225.22
1224.89
1224.56
1224.18
1223.98
1223.45
1223.49
1222.69
1222.86
1222.26
1221.63
1222.03
1221.02
1219.94
1220.62
1219.94
1218.3
1217.62
1217.31
1217.9
1218.7
1220.17
1220.99
1221.19
1221.25
1221.24
1221.25
1221.77
1222.6
1222.88
1223.14
1223.22
1223.4
1223.56
1224.04
1224.4
1224.36
1224.33
1224.23
1224.24
1224.27
1224.5
1224.74
1224.79
1224.81
1224.79
1224.78
1224.83
1224.87
1225.05
1225.19
1225.19
1225.18
1225.21
1225.23
1225.4
1225.53
1225.56
1225.57
1225.61
1225.63
1225.77
1225.89
1225.92
1225.95
1225.99
1226.01
1226.14
1226.25
1226.26
1226.34
1226.35
1226.47
1226.56
1226.6
1226.63
1226.68
1226.7
1226.78
1226.88
1226.87
1226.93
1226.94
1227
1227.07
1227.08
1227.1
1227.08
1227.09
1227.07
1227.11
1228.93
1228.74
1228.57
1228.42
1228.28
1228.15
1228.05
1227.97
1227.91
1227.86
1227.84
1227.83
1227.83
1227.85
1227.89
1227.93
1227.99
1228.06
1228.13
1228.22
1228.31
1228.4
1228.49
1228.59
1228.68
1228.77
1228.87
1228.96
1229.04
1229.13
1229.21
1229.29
1229.36
1229.42
1229.46
1229.49
1229.51
1229.51
1229.49
1229.46
1229.39
1229.29
1229.21
1229.08
1228.96
1228.81
1228.65
1228.49
1228.32
1228.14
1227.91
1227.68
1227.44
1227.16
1226.91
1226.59
1226.3
1225.94
1225.62
1225.24
1224.89
1224.53
1224.12
1223.87
1223.33
1223.23
1222.52
1222.43
1221.91
1221.23
1221.28
1220.45
1219.62
1219.93
1219.33
1217.71
1216.88
1216.46
1216.64
1217.14
1218
1219.11
1219.71
1220.18
1220.59
1221.01
1221.83
1222.5
1222.69
1222.86
1222.91
1223.06
1223.17
1223.53
1223.86
1223.91
1223.95
1223.93
1223.99
1224.05
1224.27
1224.46
1224.53
1224.56
1224.56
1224.57
1224.63
1224.69
1224.84
1224.96
1224.98
1225
1225.04
1225.08
1225.23
1225.35
1225.39
1225.42
1225.47
1225.51
1225.63
1225.74
1225.78
1225.82
1225.87
1225.9
1226.01
1226.12
1226.15
1226.23
1226.26
1226.36
1226.45
1226.49
1226.53
1226.58
1226.62
1226.69
1226.78
1226.79
1226.84
1226.86
1226.92
1226.99
1227
1227.02
1227.01
1227.03
1227.01
1227.05
1228.39
1228.2
1228.03
1227.87
1227.74
1227.62
1227.51
1227.44
1227.39
1227.36
1227.34
1227.35
1227.37
1227.4
1227.45
1227.51
1227.58
1227.67
1227.76
1227.86
1227.97
1228.08
1228.2
1228.31
1228.42
1228.53
1228.64
1228.75
1228.85
1228.94
1229.04
1229.13
1229.21
1229.28
1229.34
1229.39
1229.42
1229.43
1229.43
1229.42
1229.38
1229.31
1229.25
1229.12
1229.02
1228.88
1228.74
1228.57
1228.4
1228.22
1228.03
1227.81
1227.57
1227.29
1227.01
1226.7
1226.4
1226.04
1225.7
1225.32
1224.95
1224.58
1224.16
1223.85
1223.32
1223.12
1222.48
1222.23
1221.74
1221.09
1220.91
1220.21
1219.41
1219.34
1218.71
1217.45
1216.83
1216.55
1216.88
1217.44
1218.37
1219.22
1219.69
1220.05
1220.39
1220.72
1221.37
1221.91
1222.19
1222.44
1222.57
1222.77
1222.94
1223.27
1223.55
1223.62
1223.7
1223.71
1223.78
1223.86
1224.04
1224.2
1224.27
1224.33
1224.35
1224.39
1224.45
1224.52
1224.66
1224.76
1224.8
1224.84
1224.89
1224.95
1225.07
1225.18
1225.23
1225.28
1225.33
1225.39
1225.5
1225.6
1225.65
1225.7
1225.75
1225.8
1225.9
1226
1226.04
1226.12
1226.16
1226.26
1226.35
1226.39
1226.44
1226.49
1226.53
1226.6
1226.68
1226.7
1226.76
1226.78
1226.84
1226.9
1226.92
1226.95
1226.94
1226.96
1226.95
1226.99
1227.44
1227.53
1227.48
1227.32
1227.18
1227.07
1226.69
1226.69
1226.85
1226.84
1226.84
1226.85
1226.89
1226.93
1227
1227.07
1227.17
1227.27
1227.38
1227.51
1227.63
1227.76
1227.89
1228.03
1228.16
1228.29
1228.42
1228.54
1228.66
1228.77
1228.87
1228.97
1229.06
1229.15
1229.22
1229.29
1229.33
1229.36
1229.38
1229.37
1229.36
1229.33
1229.26
1229.18
1229.1
1228.95
1228.83
1228.67
1228.5
1228.33
1228.12
1227.91
1227.69
1227.44
1227.16
1226.84
1226.53
1226.17
1225.82
1225.45
1225.07
1224.68
1224.26
1223.91
1223.4
1223.11
1222.53
1222.18
1221.7
1221.08
1220.76
1220.14
1219.42
1219.15
1218.58
1217.59
1217.05
1216.78
1216.97
1217.41
1218.1
1218.84
1219.34
1219.77
1220.17
1220.57
1221.14
1221.65
1221.94
1222.18
1222.34
1222.54
1222.74
1223.01
1223.28
1223.36
1223.46
1223.5
1223.58
1223.68
1223.84
1223.98
1224.06
1224.12
1224.17
1224.22
1224.29
1224.37
1224.48
1224.58
1224.63
1224.68
1224.74
1224.81
1224.92
1225.03
1225.09
1225.14
1225.2
1225.27
1225.37
1225.46
1225.52
1225.58
1225.64
1225.7
1225.79
1225.89
1225.93
1226.02
1226.07
1226.16
1226.24
1226.29
1226.35
1226.4
1226.45
1226.51
1226.59
1226.62
1226.68
1226.71
1226.76
1226.82
1226.84
1226.87
1226.87
1226.89
1226.89
1226.93
1226.89
1227.1
1226.89
1226.42
1226.2
1226.06
1225.97
1225.9
1225.86
1226
1226.32
1226.35
1226.4
1226.46
1226.53
1226.63
1226.74
1226.87
1227
1227.14
1227.29
1227.44
1227.59
1227.74
1227.9
1228.05
1228.19
1228.33
1228.47
1228.6
1228.71
1228.83
1228.93
1229.03
1229.11
1229.19
1229.26
1229.3
1229.34
1229.35
1229.35
1229.32
1229.26
1229.23
1229.15
1229.04
1228.94
1228.77
1228.61
1228.45
1228.25
1228.03
1227.81
1227.55
1227.3
1227.01
1226.7
1226.34
1225.98
1225.61
1225.22
1224.83
1224.4
1224.03
1223.54
1223.19
1222.65
1222.24
1221.76
1221.18
1220.77
1220.2
1219.55
1219.17
1218.63
1217.84
1217.4
1217.16
1217.32
1217.67
1218.24
1218.85
1219.3
1219.7
1220.09
1220.47
1220.97
1221.42
1221.71
1221.96
1222.14
1222.36
1222.56
1222.8
1223.04
1223.15
1223.26
1223.32
1223.41
1223.52
1223.65
1223.78
1223.87
1223.94
1224
1224.06
1224.13
1224.22
1224.32
1224.42
1224.48
1224.54
1224.61
1224.68
1224.78
1224.88
1224.95
1225.01
1225.08
1225.15
1225.25
1225.34
1225.4
1225.47
1225.53
1225.6
1225.68
1225.78
1225.83
1225.92
1225.97
1226.06
1226.14
1226.2
1226.25
1226.31
1226.36
1226.43
1226.5
1226.53
1226.59
1226.63
1226.68
1226.74
1226.76
1226.8
1226.8
1226.83
1226.83
1226.87
1226.73
1226.54
1226.36
1225.95
1225.58
1225.46
1225.37
1225.31
1225.28
1225.28
1225.33
1225.83
1225.9
1225.97
1225.9
1225.89
1226.27
1226.45
1226.61
1226.77
1226.94
1227.11
1227.28
1227.46
1227.63
1227.8
1227.97
1228.13
1228.28
1228.43
1228.57
1228.69
1228.81
1228.92
1229.02
1229.11
1229.18
1229.25
1229.3
1229.33
1229.34
1229.33
1229.3
1229.26
1229.18
1229.13
1229.02
1228.89
1228.74
1228.6
1228.38
1228.17
1227.97
1227.7
1227.43
1227.14
1226.85
1226.52
1226.17
1225.8
1225.41
1225.01
1224.58
1224.19
1223.72
1223.33
1222.81
1222.38
1221.9
1221.34
1220.89
1220.35
1219.76
1219.32
1218.82
1218.19
1217.81
1217.6
1217.7
1217.96
1218.4
1218.9
1219.3
1219.68
1220.06
1220.42
1220.85
1221.25
1221.53
1221.79
1221.98
1222.19
1222.39
1222.62
1222.83
1222.96
1223.08
1223.16
1223.26
1223.36
1223.48
1223.61
1223.69
1223.77
1223.84
1223.91
1223.99
1224.07
1224.17
1224.26
1224.33
1224.4
1224.48
1224.55
1224.65
1224.75
1224.82
1224.89
1224.96
1225.04
1225.13
1225.22
1225.29
1225.36
1225.43
1225.5
1225.58
1225.67
1225.73
1225.82
1225.88
1225.96
1226.04
1226.1
1226.16
1226.22
1226.28
1226.34
1226.42
1226.45
1226.51
1226.55
1226.6
1226.66
1226.69
1226.72
1226.73
1226.76
1226.77
1226.8
1226.18
1225.96
1225.77
1225.61
1225.41
1224.84
1224.76
1224.71
1224.69
1224.7
1224.74
1225.24
1225.4
1225.16
1225.15
1225.27
1225.4
1225.7
1226.21
1226.4
1226.59
1226.78
1226.98
1227.17
1227.37
1227.56
1227.75
1227.93
1228.1
1228.27
1228.42
1228.57
1228.7
1228.82
1228.93
1229.03
1229.12
1229.2
1229.26
1229.31
1229.34
1229.35
1229.33
1229.31
1229.25
1229.19
1229.07
1229
1228.86
1228.71
1228.54
1228.33
1228.14
1227.86
1227.59
1227.32
1227.03
1226.68
1226.34
1225.98
1225.62
1225.22
1224.79
1224.38
1223.93
1223.51
1223.02
1222.56
1222.09
1221.56
1221.09
1220.57
1220.02
1219.57
1219.11
1218.58
1218.24
1218.06
1218.1
1218.3
1218.63
1219.02
1219.38
1219.72
1220.06
1220.4
1220.78
1221.13
1221.4
1221.65
1221.85
1222.06
1222.25
1222.46
1222.66
1222.79
1222.92
1223.01
1223.11
1223.22
1223.33
1223.44
1223.54
1223.62
1223.7
1223.77
1223.85
1223.94
1224.03
1224.12
1224.2
1224.27
1224.35
1224.43
1224.53
1224.62
1224.7
1224.77
1224.85
1224.93
1225.01
1225.1
1225.18
1225.25
1225.32
1225.4
1225.48
1225.57
1225.63
1225.72
1225.78
1225.87
1225.95
1226.01
1226.07
1226.13
1226.19
1226.26
1226.33
1226.37
1226.43
1226.47
1226.52
1226.58
1226.61
1226.65
1226.66
1226.69
1226.71
1226.74
1225.58
1225.35
1225.16
1225
1224.87
1224.77
1224.15
1224.09
1224.09
1224.11
1224.32
1224.8
1224.9
1224.81
1224.64
1224.79
1224.95
1225.12
1225.31
1225.96
1226.25
1226.45
1226.67
1226.88
1227.11
1227.32
1227.53
1227.73
1227.93
1228.11
1228.28
1228.45
1228.6
1228.74
1228.86
1228.98
1229.07
1229.16
1229.24
1229.29
1229.34
1229.36
1229.37
1229.35
1229.32
1229.26
1229.18
1229.09
1228.97
1228.8
1228.69
1228.49
1228.28
1228.05
1227.79
1227.51
1227.25
1226.87
1226.53
1226.18
1225.83
1225.42
1225.01
1224.61
1224.17
1223.73
1223.25
1222.79
1222.33
1221.81
1221.34
1220.84
1220.33
1219.88
1219.44
1219
1218.69
1218.51
1218.51
1218.64
1218.89
1219.2
1219.5
1219.8
1220.1
1220.41
1220.74
1221.05
1221.3
1221.54
1221.74
1221.94
1222.13
1222.32
1222.5
1222.64
1222.77
1222.88
1222.98
1223.08
1223.19
1223.3
1223.39
1223.48
1223.56
1223.64
1223.72
1223.81
1223.9
1223.99
1224.07
1224.15
1224.23
1224.31
1224.41
1224.5
1224.58
1224.66
1224.74
1224.82
1224.9
1224.99
1225.07
1225.14
1225.22
1225.3
1225.38
1225.47
1225.54
1225.62
1225.69
1225.77
1225.85
1225.92
1225.98
1226.05
1226.11
1226.17
1226.24
1226.29
1226.35
1226.39
1226.44
1226.5
1226.53
1226.57
1226.59
1226.63
1226.65
1226.68
1224.98
1224.74
1224.54
1224.36
1224.23
1224.15
1224.1
1223.56
1223.47
1223.84
1224.19
1224.28
1224.4
1224.54
1224.46
1224.31
1224.5
1224.7
1224.91
1225.13
1225.9
1226.13
1226.36
1226.6
1226.85
1227.09
1227.32
1227.54
1227.76
1227.96
1228.15
1228.34
1228.51
1228.66
1228.8
1228.93
1229.04
1229.14
1229.22
1229.29
1229.35
1229.39
1229.41
1229.41
1229.38
1229.34
1229.28
1229.2
1229.09
1228.95
1228.81
1228.62
1228.4
1228.23
1227.99
1227.69
1227.41
1227.11
1226.76
1226.41
1226.08
1225.64
1225.23
1224.84
1224.42
1223.96
1223.51
1223.05
1222.59
1222.08
1221.63
1221.14
1220.67
1220.22
1219.81
1219.41
1219.13
1218.95
1218.91
1218.99
1219.17
1219.4
1219.65
1219.9
1220.17
1220.44
1220.72
1221
1221.23
1221.45
1221.65
1221.84
1222.02
1222.2
1222.37
1222.51
1222.64
1222.75
1222.85
1222.96
1223.06
1223.17
1223.26
1223.35
1223.43
1223.52
1223.6
1223.69
1223.78
1223.87
1223.95
1224.03
1224.12
1224.2
1224.29
1224.38
1224.47
1224.55
1224.63
1224.71
1224.8
1224.89
1224.97
1225.04
1225.12
1225.2
1225.29
1225.37
1225.45
1225.53
1225.6
1225.68
1225.76
1225.83
1225.9
1225.96
1226.03
1226.09
1226.16
1226.21
1226.27
1226.32
1226.37
1226.42
1226.46
1226.5
1226.52
1226.56
1226.58
1226.62
1224.41
1224.15
1223.93
1223.74
1223.57
1223.52
1223.49
1223.46
1223.46
1223.56
1223.65
1223.76
1223.91
1224.07
1224.26
1224.05
1224.07
1224.29
1224.53
1224.89
1225.59
1225.83
1225.46
1225.44
1226.55
1226.89
1227.14
1227.37
1227.6
1227.82
1228.03
1228.23
1228.42
1228.6
1228.76
1228.9
1229.02
1229.13
1229.23
1229.31
1229.37
1229.42
1229.45
1229.46
1229.45
1229.42
1229.37
1229.3
1229.2
1229.08
1228.94
1228.77
1228.57
1228.38
1228.14
1227.87
1227.55
1227.32
1226.99
1226.62
1226.26
1225.89
1225.48
1225.08
1224.69
1224.2
1223.75
1223.3
1222.86
1222.35
1221.93
1221.44
1221
1220.57
1220.17
1219.81
1219.53
1219.35
1219.29
1219.32
1219.44
1219.61
1219.81
1220.02
1220.25
1220.49
1220.73
1220.97
1221.19
1221.39
1221.58
1221.76
1221.93
1222.1
1222.26
1222.4
1222.53
1222.64
1222.74
1222.85
1222.95
1223.05
1223.14
1223.23
1223.32
1223.41
1223.49
1223.58
1223.67
1223.76
1223.84
1223.93
1224.01
1224.1
1224.19
1224.28
1224.36
1224.45
1224.53
1224.62
1224.7
1224.79
1224.87
1224.95
1225.03
1225.11
1225.2
1225.28
1225.36
1225.44
1225.52
1225.6
1225.68
1225.75
1225.82
1225.88
1225.95
1226.01
1226.08
1226.13
1226.19
1226.24
1226.3
1226.35
1226.39
1226.43
1226.46
1226.5
1226.52
1226.56
1223.86
1223.58
1223.35
1222.63
1221.78
1221.69
1222.46
1222.9
1222.96
1223.03
1223.14
1223.28
1223.44
1223.63
1223.84
1224.04
1223.68
1223.92
1224.25
1225.01
1225.28
1225.3
1224.57
1224.9
1225.69
1226.7
1226.97
1227.22
1227.46
1227.68
1227.92
1228.14
1228.35
1228.54
1228.72
1228.87
1229.01
1229.13
1229.24
1229.33
1229.4
1229.46
1229.49
1229.52
1229.52
1229.5
1229.46
1229.39
1229.31
1229.2
1229.07
1228.91
1228.72
1228.53
1228.3
1228.04
1227.75
1227.49
1227.17
1226.81
1226.42
1226.12
1225.73
1225.3
1224.88
1224.46
1224.01
1223.57
1223.16
1222.61
1222.23
1221.73
1221.31
1220.89
1220.51
1220.17
1219.91
1219.72
1219.63
1219.62
1219.69
1219.82
1219.97
1220.15
1220.34
1220.54
1220.76
1220.97
1221.16
1221.35
1221.53
1221.7
1221.86
1222.02
1222.17
1222.31
1222.44
1222.55
1222.65
1222.75
1222.85
1222.95
1223.04
1223.13
1223.22
1223.31
1223.4
1223.48
1223.57
1223.66
1223.75
1223.83
1223.92
1224.01
1224.09
1224.18
1224.27
1224.36
1224.44
1224.53
1224.61
1224.7
1224.78
1224.87
1224.95
1225.03
1225.12
1225.2
1225.28
1225.36
1225.44
1225.52
1225.6
1225.67
1225.74
1225.81
1225.88
1225.94
1226.01
1226.06
1226.12
1226.18
1226.23
1226.28
1226.32
1226.37
1226.4
1226.44
1226.47
1226.51
1223.37
1222.03
1221.5
1221.3
1221.17
1221.08
1221.02
1221.33
1222.4
1222.52
1222.65
1222.82
1223
1223.21
1223.44
1223.69
1223.83
1223.99
1224.45
1224.75
1225.02
1224.09
1224.27
1224.61
1226.04
1226.55
1226.83
1227.09
1227.12
1226.77
1227.3
1228.06
1228.29
1228.5
1228.68
1228.85
1229
1229.14
1229.26
1229.36
1229.44
1229.5
1229.55
1229.57
1229.58
1229.57
1229.54
1229.49
1229.41
1229.31
1229.19
1229.04
1228.86
1228.67
1228.45
1228.2
1227.93
1227.66
1227.34
1227.01
1226.64
1226.31
1225.92
1225.5
1225.05
1224.7
1224.27
1223.82
1223.37
1222.92
1222.52
1222.01
1221.62
1221.19
1220.83
1220.5
1220.24
1220.05
1219.94
1219.9
1219.93
1220.02
1220.13
1220.27
1220.43
1220.61
1220.79
1220.98
1221.15
1221.32
1221.49
1221.65
1221.8
1221.95
1222.1
1222.23
1222.36
1222.47
1222.57
1222.67
1222.76
1222.86
1222.95
1223.04
1223.13
1223.22
1223.31
1223.4
1223.48
1223.57
1223.66
1223.75
1223.83
1223.92
1224.01
1224.1
1224.19
1224.27
1224.36
1224.45
1224.53
1224.62
1224.71
1224.79
1224.87
1224.96
1225.04
1225.13
1225.21
1225.29
1225.37
1225.45
1225.53
1225.6
1225.67
1225.74
1225.81
1225.88
1225.94
1226
1226.06
1226.11
1226.17
1226.22
1226.26
1226.31
1226.34
1226.38
1226.42
1226.45
1221.51
1221.19
1220.93
1220.73
1220.59
1220.5
1220.46
1220.46
1220.52
1221.73
1222.19
1222.38
1222.59
1222.82
1223.07
1223.34
1223.62
1223.91
1224.19
1224.49
1223.72
1223.68
1224
1225.29
1226.13
1226.42
1226.71
1226.99
1226.59
1226.63
1226.86
1227.37
1228.23
1228.46
1228.66
1228.84
1229
1229.15
1229.28
1229.39
1229.48
1229.55
1229.6
1229.64
1229.65
1229.65
1229.62
1229.58
1229.51
1229.41
1229.3
1229.16
1228.99
1228.81
1228.59
1228.36
1228.09
1227.82
1227.51
1227.19
1226.83
1226.49
1226.11
1225.71
1225.28
1224.91
1224.48
1224.03
1223.54
1223.21
1222.72
1222.33
1221.94
1221.49
1221.12
1220.8
1220.54
1220.34
1220.21
1220.16
1220.16
1220.21
1220.29
1220.4
1220.53
1220.67
1220.83
1220.99
1221.15
1221.31
1221.46
1221.61
1221.76
1221.9
1222.04
1222.17
1222.29
1222.4
1222.5
1222.59
1222.69
1222.78
1222.87
1222.96
1223.05
1223.14
1223.23
1223.32
1223.41
1223.49
1223.58
1223.67
1223.76
1223.84
1223.93
1224.02
1224.11
1224.2
1224.29
1224.37
1224.46
1224.55
1224.63
1224.72
1224.8
1224.89
1224.97
1225.06
1225.14
1225.22
1225.3
1225.39
1225.46
1225.54
1225.61
1225.68
1225.75
1225.81
1225.88
1225.94
1226
1226.06
1226.11
1226.16
1226.21
1226.25
1226.29
1226.33
1226.37
1226.41
1221.02
1220.67
1220.39
1220.18
1220.03
1219.94
1219.91
1219.93
1220.01
1220.14
1221.04
1221.97
1222.21
1222.46
1222.73
1223.01
1223.31
1223.62
1223.89
1222.94
1223.07
1223.42
1223.76
1224.72
1225.98
1226.3
1226.6
1226.9
1226.79
1226.51
1226.76
1226.99
1227.84
1228.43
1228.64
1228.83
1229
1229.16
1229.3
1229.42
1229.52
1229.6
1229.66
1229.7
1229.72
1229.72
1229.7
1229.66
1229.6
1229.51
1229.41
1229.27
1229.11
1228.93
1228.73
1228.5
1228.24
1227.97
1227.67
1227.35
1227.01
1226.67
1226.29
1225.9
1225.49
1225.1
1224.68
1224.25
1223.78
1223.41
1222.9
1222.59
1222.16
1221.84
1221.41
1221.07
1220.81
1220.61
1220.47
1220.39
1220.36
1220.38
1220.44
1220.52
1220.62
1220.74
1220.87
1221.02
1221.16
1221.3
1221.44
1221.58
1221.72
1221.85
1221.98
1222.11
1222.23
1222.34
1222.43
1222.53
1222.62
1222.71
1222.8
1222.89
1222.98
1223.07
1223.16
1223.25
1223.33
1223.42
1223.51
1223.6
1223.69
1223.77
1223.86
1223.95
1224.04
1224.13
1224.22
1224.31
1224.39
1224.48
1224.57
1224.65
1224.74
1224.83
1224.91
1225
1225.08
1225.16
1225.24
1225.32
1225.4
1225.48
1225.55
1225.62
1225.69
1225.76
1225.83
1225.88
1225.95
1226
1226.05
1226.11
1226.15
1226.2
1226.24
1226.29
1226.32
1226.36
1220.55
1220.16
1219.85
1219.63
1219.72
1219.75
1219.37
1219.41
1219.51
1219.66
1220.16
1221.57
1221.85
1222.13
1222.41
1222.71
1223.04
1222.29
1222.09
1222.47
1222.83
1223.2
1223.56
1223.92
1225.47
1226.19
1226.51
1226.82
1227.13
1226.44
1226.67
1226.92
1227.3
1228.4
1228.63
1228.83
1229.01
1229.17
1229.32
1229.45
1229.57
1229.66
1229.73
1229.77
1229.8
1229.8
1229.78
1229.75
1229.69
1229.61
1229.51
1229.38
1229.23
1229.05
1228.85
1228.63
1228.38
1228.11
1227.82
1227.51
1227.17
1226.83
1226.46
1226.08
1225.68
1225.29
1224.87
1224.45
1224
1223.61
1223.14
1222.79
1222.32
1222.07
1221.74
1221.36
1221.06
1220.85
1220.7
1220.6
1220.55
1220.55
1220.58
1220.63
1220.71
1220.81
1220.92
1221.04
1221.17
1221.3
1221.43
1221.56
1221.69
1221.81
1221.94
1222.06
1222.18
1222.28
1222.38
1222.47
1222.56
1222.65
1222.74
1222.83
1222.92
1223.01
1223.09
1223.18
1223.27
1223.36
1223.45
1223.53
1223.62
1223.71
1223.8
1223.89
1223.98
1224.07
1224.15
1224.24
1224.33
1224.42
1224.51
1224.59
1224.68
1224.77
1224.85
1224.94
1225.02
1225.11
1225.19
1225.27
1225.35
1225.42
1225.5
1225.57
1225.64
1225.71
1225.77
1225.83
1225.89
1225.95
1226
1226.06
1226.11
1226.16
1226.2
1226.24
1226.28
1226.32
1221.66
1219.72
1219.32
1219.33
1220.45
1220.43
1220.42
1219.15
1219.02
1219.7
1220.97
1221.23
1221.52
1221.82
1222.12
1221.71
1221.09
1221.48
1221.85
1222.23
1222.62
1223
1223.38
1223.76
1225.35
1226.09
1226.42
1226.75
1227.07
1226.82
1226.59
1226.85
1227.09
1228.23
1228.62
1228.82
1229.01
1229.18
1229.34
1229.49
1229.61
1229.71
1229.79
1229.84
1229.87
1229.88
1229.86
1229.83
1229.78
1229.7
1229.6
1229.48
1229.33
1229.17
1228.97
1228.75
1228.51
1228.25
1227.96
1227.65
1227.33
1226.98
1226.62
1226.25
1225.85
1225.46
1225.05
1224.63
1224.2
1223.8
1223.36
1222.99
1222.56
1222.2
1221.93
1221.67
1221.33
1221.07
1220.91
1220.8
1220.73
1220.7
1220.71
1220.74
1220.8
1220.87
1220.97
1221.07
1221.18
1221.3
1221.42
1221.54
1221.66
1221.78
1221.9
1222.02
1222.13
1222.23
1222.33
1222.42
1222.51
1222.6
1222.69
1222.77
1222.86
1222.95
1223.03
1223.12
1223.21
1223.3
1223.39
1223.47
1223.56
1223.65
1223.74
1223.83
1223.92
1224.01
1224.1
1224.19
1224.27
1224.36
1224.45
1224.54
1224.63
1224.71
1224.8
1224.89
1224.97
1225.05
1225.13
1225.22
1225.3
1225.37
1225.45
1225.52
1225.59
1225.66
1225.72
1225.78
1225.85
1225.9
1225.96
1226.01
1226.06
1226.11
1226.16
1226.2
1226.24
1226.28
1221.23
1220.66
1220.11
1220.04
1219.93
1219.88
1219.91
1220
1220.07
1219.75
1220.21
1220.88
1221.21
1221.55
1221.05
1220.51
1220.87
1221.24
1221.61
1222.01
1222.41
1222.82
1223.22
1224.18
1225.64
1226.01
1226.35
1226.68
1227.01
1227.33
1226.61
1226.79
1227.03
1227.98
1228.61
1228.83
1229.01
1228.6
1228.91
1229.52
1229.65
1229.76
1229.85
1229.91
1229.94
1229.96
1229.94
1229.91
1229.86
1229.79
1229.69
1229.58
1229.44
1229.27
1229.08
1228.87
1228.63
1228.37
1228.09
1227.79
1227.47
1227.13
1226.77
1226.4
1226.01
1225.62
1225.22
1224.81
1224.38
1223.99
1223.56
1223.18
1222.77
1222.41
1222.07
1221.85
1221.62
1221.29
1221.09
1220.98
1220.89
1220.84
1220.83
1220.84
1220.88
1220.94
1221.01
1221.1
1221.2
1221.3
1221.41
1221.52
1221.64
1221.76
1221.87
1221.98
1222.09
1222.19
1222.28
1222.37
1222.46
1222.55
1222.63
1222.72
1222.81
1222.89
1222.98
1223.07
1223.16
1223.24
1223.33
1223.42
1223.51
1223.6
1223.69
1223.78
1223.87
1223.95
1224.04
1224.13
1224.22
1224.31
1224.4
1224.49
1224.57
1224.66
1224.75
1224.84
1224.92
1225
1225.09
1225.17
1225.25
1225.33
1225.4
1225.47
1225.54
1225.61
1225.68
1225.74
1225.8
1225.86
1225.91
1225.97
1226.02
1226.07
1226.12
1226.16
1226.21
1226.25
1220.79
1220.23
1219.8
1219.51
1219.36
1219.32
1219.39
1219.52
1219.71
1218.72
1217.66
1219.17
1220.93
1221.31
1221.4
1220.28
1220.63
1221
1221.38
1221.79
1222.22
1222.65
1223.87
1225.22
1225.58
1225.94
1226.28
1226.62
1226.96
1227.29
1227.48
1226.74
1226.99
1227.18
1228.23
1228.68
1228.11
1227.98
1228.2
1228.4
1229.6
1229.81
1229.91
1229.97
1230.02
1230.03
1230.02
1230
1229.95
1229.87
1229.78
1229.67
1229.53
1229.37
1229.19
1228.98
1228.75
1228.49
1228.21
1227.92
1227.6
1227.26
1226.91
1226.54
1226.16
1225.77
1225.37
1224.97
1224.55
1224.15
1223.73
1223.36
1222.96
1222.6
1222.26
1221.97
1221.81
1221.54
1221.28
1221.14
1221.04
1220.97
1220.94
1220.94
1220.96
1221
1221.05
1221.13
1221.21
1221.31
1221.41
1221.51
1221.62
1221.73
1221.84
1221.95
1222.06
1222.15
1222.24
1222.33
1222.42
1222.5
1222.59
1222.67
1222.76
1222.85
1222.93
1223.02
1223.11
1223.19
1223.28
1223.37
1223.46
1223.55
1223.64
1223.73
1223.82
1223.9
1223.99
1224.08
1224.17
1224.26
1224.35
1224.44
1224.53
1224.62
1224.7
1224.79
1224.87
1224.96
1225.04
1225.12
1225.2
1225.28
1225.36
1225.43
1225.5
1225.57
1225.64
1225.7
1225.76
1225.82
1225.87
1225.93
1225.98
1226.03
1226.08
1226.13
1226.17
1226.21
1220.34
1219.69
1219.21
1218.9
1218.76
1218.76
1218.86
1219.05
1219.03
1216.93
1217.25
1217.59
1218.93
1221.08
1221.38
1221.05
1220.41
1220.78
1221.16
1221.58
1222.36
1223.99
1224.74
1225.13
1225.51
1225.87
1226.23
1226.57
1226.91
1227.25
1227.57
1227.47
1226.92
1227.16
1227.37
1227.59
1227.8
1228.03
1228.2
1228.37
1228.49
1229.38
1229.97
1230.04
1230.08
1230.1
1230.1
1230.08
1230.03
1229.96
1229.87
1229.76
1229.62
1229.47
1229.29
1229.08
1228.85
1228.6
1228.33
1228.03
1227.72
1227.39
1227.04
1226.67
1226.3
1225.91
1225.51
1225.11
1224.7
1224.31
1223.9
1223.52
1223.13
1222.78
1222.45
1222.13
1221.89
1221.74
1221.49
1221.29
1221.17
1221.1
1221.05
1221.02
1221.03
1221.05
1221.09
1221.15
1221.23
1221.31
1221.41
1221.51
1221.61
1221.71
1221.82
1221.92
1222.03
1222.12
1222.21
1222.29
1222.38
1222.46
1222.55
1222.63
1222.72
1222.8
1222.89
1222.97
1223.06
1223.15
1223.24
1223.32
1223.41
1223.5
1223.59
1223.68
1223.77
1223.86
1223.95
1224.04
1224.13
1224.22
1224.31
1224.4
1224.48
1224.57
1224.66
1224.75
1224.83
1224.92
1225
1225.08
1225.16
1225.24
1225.32
1225.39
1225.46
1225.53
1225.6
1225.66
1225.72
1225.78
1225.83
1225.89
1225.94
1226
1226.05
1226.1
1226.14
1226.18
1219.87
1219.1
1218.56
1218.25
1218.13
1218.17
1218.33
1218.59
1217.28
1216.52
1216.89
1217.28
1217.69
1219.14
1221.25
1221.7
1221.57
1220.74
1221.39
1222.67
1223.72
1224.2
1224.64
1225.06
1225.45
1225.82
1226.18
1226.53
1226.87
1227.21
1227.54
1227.86
1227.28
1227.12
1227.35
1227.57
1227.82
1228.03
1228.22
1228.39
1228.53
1228.68
1229.76
1230.1
1230.15
1230.18
1230.18
1230.15
1230.11
1230.04
1229.95
1229.84
1229.71
1229.56
1229.38
1229.18
1228.95
1228.7
1228.43
1228.14
1227.83
1227.5
1227.15
1226.79
1226.42
1226.04
1225.65
1225.25
1224.84
1224.45
1224.05
1223.67
1223.29
1222.94
1222.61
1222.29
1222
1221.85
1221.69
1221.46
1221.29
1221.21
1221.14
1221.11
1221.09
1221.1
1221.13
1221.18
1221.24
1221.32
1221.41
1221.5
1221.6
1221.7
1221.8
1221.9
1222
1222.09
1222.17
1222.26
1222.34
1222.43
1222.51
1222.59
1222.68
1222.76
1222.85
1222.93
1223.02
1223.11
1223.19
1223.28
1223.37
1223.46
1223.55
1223.64
1223.73
1223.82
1223.91
1224
1224.09
1224.18
1224.27
1224.36
1224.44
1224.53
1224.62
1224.71
1224.79
1224.88
1224.96
1225.04
1225.12
1225.2
1225.28
1225.35
1225.42
1225.49
1225.56
1225.62
1225.68
1225.74
1225.8
1225.85
1225.91
1225.96
1226.01
1226.07
1226.11
1226.15
1219.34
1218.45
1217.84
1217.53
1217.45
1217.56
1217.8
1218.13
1218.19
1216.13
1216.55
1217
1217.45
1217.93
1220.9
1221.55
1221.94
1222.31
1222.67
1223.07
1223.58
1224.09
1224.56
1225
1225.4
1225.78
1226.13
1226.49
1226.84
1227.18
1227.52
1227.85
1228.15
1227.17
1227.33
1227.59
1227.82
1228.04
1228.24
1228.41
1228.56
1228.83
1230.02
1230.16
1230.21
1230.24
1230.25
1230.23
1230.18
1230.12
1230.03
1229.92
1229.79
1229.64
1229.47
1229.27
1229.05
1228.8
1228.53
1228.24
1227.93
1227.61
1227.26
1226.91
1226.54
1226.16
1225.77
1225.37
1224.97
1224.58
1224.18
1223.8
1223.43
1223.08
1222.75
1222.44
1222.16
1221.93
1221.8
1221.65
1221.42
1221.31
1221.23
1221.18
1221.16
1221.15
1221.17
1221.2
1221.26
1221.33
1221.41
1221.49
1221.59
1221.68
1221.78
1221.88
1221.98
1222.07
1222.15
1222.23
1222.31
1222.39
1222.47
1222.56
1222.64
1222.72
1222.81
1222.89
1222.98
1223.07
1223.15
1223.24
1223.33
1223.42
1223.51
1223.6
1223.69
1223.78
1223.87
1223.96
1224.05
1224.14
1224.23
1224.32
1224.41
1224.49
1224.58
1224.67
1224.76
1224.84
1224.93
1225.01
1225.09
1225.17
1225.24
1225.32
1225.39
1225.46
1225.53
1225.59
1225.65
1225.71
1225.76
1225.82
1225.87
1225.93
1225.99
1226.04
1226.08
1226.12
1218.73
1217.69
1217.02
1216.73
1216.72
1216.91
1217.24
1217.67
1218.16
1216.75
1216.24
1216.74
1217.23
1219.06
1221
1221.42
1221.78
1222.13
1222.43
1222.84
1223.43
1223.99
1224.5
1224.95
1225.37
1225.74
1226.1
1226.45
1226.8
1227.16
1227.5
1227.84
1228.15
1228.15
1227.34
1227.57
1227.83
1228.05
1228.25
1228.43
1228.7
1229.96
1230.14
1230.22
1230.27
1230.3
1230.31
1230.3
1230.26
1230.19
1230.11
1230
1229.88
1229.73
1229.55
1229.36
1229.14
1228.89
1228.62
1228.34
1228.03
1227.7
1227.36
1227.01
1226.64
1226.26
1225.88
1225.49
1225.09
1224.7
1224.3
1223.93
1223.56
1223.21
1222.88
1222.57
1222.3
1222.06
1221.87
1221.76
1221.57
1221.41
1221.32
1221.25
1221.21
1221.19
1221.2
1221.23
1221.27
1221.33
1221.41
1221.49
1221.58
1221.67
1221.77
1221.86
1221.96
1222.04
1222.12
1222.2
1222.28
1222.36
1222.44
1222.52
1222.61
1222.69
1222.77
1222.86
1222.94
1223.03
1223.12
1223.2
1223.29
1223.38
1223.47
1223.56
1223.65
1223.74
1223.83
1223.92
1224.01
1224.1
1224.19
1224.28
1224.37
1224.46
1224.55
1224.64
1224.72
1224.81
1224.89
1224.97
1225.06
1225.13
1225.21
1225.29
1225.36
1225.43
1225.49
1225.56
1225.62
1225.68
1225.73
1225.79
1225.84
1225.9
1225.96
1226.01
1226.06
1226.1
1217.95
1216.78
1216.07
1215.84
1215.93
1216.24
1216.68
1217.2
1217.77
1218.36
1217.07
1216.84
1218.76
1220.45
1220.91
1221.31
1221.64
1222.02
1218.14
1206.37
1219.2
1223.93
1224.46
1224.93
1225.35
1225.72
1226.07
1226.41
1226.77
1227.13
1227.49
1227.83
1228.15
1228.45
1227.9
1227.58
1227.83
1228.05
1228.26
1228.84
1229.94
1230.09
1230.19
1230.27
1230.33
1230.36
1230.38
1230.36
1230.33
1230.27
1230.18
1230.08
1229.96
1229.81
1229.63
1229.44
1229.22
1228.98
1228.71
1228.42
1228.12
1227.79
1227.45
1227.1
1226.74
1226.36
1225.98
1225.59
1225.2
1224.8
1224.41
1224.04
1223.67
1223.33
1223
1222.7
1222.43
1222.18
1221.98
1221.8
1221.7
1221.52
1221.39
1221.32
1221.27
1221.23
1221.23
1221.24
1221.28
1221.34
1221.41
1221.49
1221.57
1221.66
1221.75
1221.84
1221.94
1222.02
1222.1
1222.18
1222.25
1222.33
1222.41
1222.49
1222.58
1222.66
1222.74
1222.83
1222.91
1223
1223.08
1223.17
1223.26
1223.35
1223.44
1223.53
1223.62
1223.71
1223.8
1223.89
1223.98
1224.07
1224.16
1224.25
1224.34
1224.43
1224.52
1224.6
1224.69
1224.78
1224.86
1224.94
1225.02
1225.1
1225.18
1225.26
1225.33
1225.4
1225.46
1225.53
1225.59
1225.65
1225.7
1225.76
1225.81
1225.87
1225.93
1225.99
1226.04
1226.08
1216.88
1215.65
1214.94
1214.83
1215.08
1215.54
1216.11
1216.74
1217.4
1218.06
1218.69
1219.28
1219.84
1220.36
1220.84
1221.23
1221.59
1214.98
1199.67
1200.27
1200.54
1210.98
1224.42
1224.94
1225.37
1225.71
1226.04
1226.38
1226.74
1227.11
1227.47
1227.83
1228.16
1228.46
1228.74
1228.32
1227.82
1228.13
1229.17
1229.85
1230.01
1230.13
1230.23
1230.32
1230.38
1230.42
1230.43
1230.42
1230.39
1230.33
1230.25
1230.15
1230.03
1229.88
1229.71
1229.52
1229.3
1229.06
1228.79
1228.5
1228.2
1227.87
1227.54
1227.19
1226.83
1226.45
1226.07
1225.69
1225.29
1224.9
1224.51
1224.14
1223.78
1223.43
1223.11
1222.81
1222.54
1222.29
1222.08
1221.86
1221.77
1221.65
1221.47
1221.37
1221.31
1221.27
1221.25
1221.26
1221.29
1221.34
1221.41
1221.48
1221.57
1221.65
1221.74
1221.83
1221.92
1222
1222.08
1222.15
1222.23
1222.31
1222.39
1222.47
1222.55
1222.63
1222.71
1222.79
1222.88
1222.96
1223.05
1223.14
1223.23
1223.31
1223.4
1223.49
1223.58
1223.67
1223.76
1223.86
1223.95
1224.04
1224.13
1224.22
1224.31
1224.4
1224.49
1224.57
1224.66
1224.75
1224.83
1224.91
1225
1225.08
1225.15
1225.23
1225.3
1225.37
1225.44
1225.5
1225.56
1225.62
1225.67
1225.73
1225.79
1225.85
1225.91
1225.97
1226.02
1226.05
1215.29
1214.22
1213.6
1213.7
1214.17
1214.82
1215.55
1216.3
1217.05
1217.78
1218.47
1219.12
1219.73
1220.3
1220.83
1220.67
1207.22
1199.01
1199.59
1200.03
1200.4
1200.77
1203.67
1224.37
1225.39
1225.71
1226.02
1226.34
1226.7
1227.09
1227.46
1227.83
1228.16
1228.46
1228.74
1229
1229.11
1229.46
1229.7
1229.88
1230.04
1230.16
1230.27
1230.36
1230.43
1230.47
1230.49
1230.48
1230.45
1230.39
1230.32
1230.22
1230.1
1229.96
1229.79
1229.6
1229.38
1229.14
1228.87
1228.58
1228.27
1227.95
1227.61
1227.26
1226.91
1226.54
1226.16
1225.77
1225.38
1224.99
1224.6
1224.23
1223.87
1223.53
1223.21
1222.91
1222.64
1222.39
1222.18
1221.96
1221.82
1221.72
1221.57
1221.43
1221.36
1221.3
1221.27
1221.27
1221.3
1221.34
1221.41
1221.48
1221.56
1221.65
1221.73
1221.82
1221.91
1221.99
1222.06
1222.13
1222.21
1222.29
1222.36
1222.44
1222.52
1222.6
1222.68
1222.77
1222.85
1222.94
1223.02
1223.11
1223.2
1223.28
1223.37
1223.46
1223.55
1223.64
1223.73
1223.83
1223.92
1224.01
1224.1
1224.19
1224.28
1224.37
1224.46
1224.55
1224.63
1224.72
1224.8
1224.89
1224.97
1225.05
1225.13
1225.2
1225.28
1225.34
1225.41
1225.48
1225.54
1225.6
1225.65
1225.71
1225.76
1225.82
1225.89
1225.94
1226
1226.03
1212.82
1212.44
1212.04
1212.46
1213.22
1214.1
1215
1215.89
1216.73
1217.53
1218.28
1218.99
1219.65
1220.28
1220.88
1217.71
1198.83
1198.93
1199.4
1199.85
1200.26
1200.68
1201.22
1207.13
1225.36
1225.72
1226
1226.29
1226.66
1227.07
1227.45
1227.84
1228.18
1228.47
1228.74
1229
1229.25
1229.49
1229.71
1229.9
1230.06
1230.2
1230.31
1230.4
1230.47
1230.52
1230.54
1230.53
1230.49
1230.44
1230.38
1230.29
1230.17
1230.03
1229.87
1229.68
1229.46
1229.21
1228.94
1228.65
1228.34
1228.02
1227.68
1227.34
1226.98
1226.61
1226.24
1225.85
1225.46
1225.07
1224.68
1224.31
1223.96
1223.62
1223.3
1223
1222.73
1222.49
1222.27
1222.05
1221.89
1221.74
1221.67
1221.49
1221.4
1221.33
1221.29
1221.28
1221.3
1221.35
1221.41
1221.48
1221.56
1221.64
1221.72
1221.81
1221.89
1221.97
1222.04
1222.12
1222.19
1222.26
1222.34
1222.42
1222.5
1222.58
1222.66
1222.74
1222.82
1222.91
1222.99
1223.08
1223.17
1223.26
1223.35
1223.43
1223.53
1223.62
1223.71
1223.8
1223.89
1223.98
1224.07
1224.16
1224.25
1224.34
1224.43
1224.52
1224.61
1224.69
1224.78
1224.86
1224.94
1225.03
1225.1
1225.18
1225.25
1225.32
1225.39
1225.45
1225.51
1225.57
1225.62
1225.68
1225.74
1225.8
1225.87
1225.93
1225.98
1226.01
1204.05
1210.07
1210.25
1211.14
1212.26
1213.41
1214.5
1215.52
1216.45
1217.32
1218.13
1218.89
1219.6
1220.28
1220.95
1221.65
1205.04
1198.75
1199.22
1199.67
1200.12
1200.57
1201.06
1211.01
1225.41
1225.73
1225.97
1226.23
1226.61
1227.06
1227.45
1227.85
1228.2
1228.49
1228.74
1228.99
1229.25
1229.5
1229.73
1229.93
1230.09
1230.23
1230.34
1230.44
1230.51
1230.56
1230.58
1230.55
1230.52
1230.47
1230.41
1230.34
1230.24
1230.1
1229.94
1229.75
1229.53
1229.29
1229.01
1228.72
1228.41
1228.08
1227.74
1227.4
1227.04
1226.68
1226.3
1225.92
1225.53
1225.14
1224.75
1224.38
1224.03
1223.7
1223.39
1223.09
1222.82
1222.57
1222.35
1222.14
1221.96
1221.79
1221.71
1221.56
1221.43
1221.35
1221.3
1221.29
1221.3
1221.34
1221.41
1221.48
1221.56
1221.64
1221.72
1221.8
1221.88
1221.96
1222.03
1222.1
1222.17
1222.24
1222.32
1222.4
1222.47
1222.55
1222.63
1222.72
1222.8
1222.88
1222.97
1223.05
1223.14
1223.23
1223.32
1223.41
1223.5
1223.59
1223.68
1223.77
1223.86
1223.95
1224.05
1224.14
1224.23
1224.32
1224.41
1224.5
1224.58
1224.67
1224.75
1224.84
1224.92
1225
1225.08
1225.16
1225.23
1225.3
1225.36
1225.43
1225.49
1225.55
1225.6
1225.66
1225.71
1225.78
1225.85
1225.91
1225.96
1226
1184.06
1206.16
1207.94
1209.64
1211.27
1212.74
1214.04
1215.18
1216.21
1217.15
1218.01
1218.8
1219.55
1220.27
1220.99
1221.77
1222.65
1198.84
1199.04
1199.48
1199.95
1200.39
1208.3
1224.81
1225.51
1225.74
1225.94
1226.16
1226.56
1227.05
1227.45
1227.88
1228.23
1228.51
1228.74
1228.98
1229.24
1229.51
1229.75
1229.95
1230.12
1230.25
1230.37
1230.47
1230.55
1230.59
1230.6
1230.59
1230.56
1230.52
1230.45
1230.37
1230.29
1230.17
1230.01
1229.82
1229.61
1229.36
1229.08
1228.78
1228.47
1228.14
1227.8
1227.46
1227.1
1226.74
1226.37
1225.99
1225.6
1225.2
1224.82
1224.45
1224.1
1223.77
1223.46
1223.17
1222.9
1222.65
1222.42
1222.21
1222.03
1221.85
1221.72
1221.63
1221.48
1221.37
1221.31
1221.29
1221.3
1221.34
1221.41
1221.48
1221.55
1221.63
1221.71
1221.79
1221.87
1221.95
1222.01
1222.08
1222.15
1222.23
1222.3
1222.38
1222.45
1222.53
1222.61
1222.69
1222.77
1222.86
1222.94
1223.03
1223.12
1223.2
1223.29
1223.38
1223.47
1223.57
1223.66
1223.75
1223.84
1223.93
1224.02
1224.11
1224.2
1224.29
1224.38
1224.47
1224.56
1224.65
1224.73
1224.82
1224.9
1224.98
1225.06
1225.13
1225.21
1225.28
1225.34
1225.41
1225.47
1225.53
1225.58
1225.63
1225.69
1225.75
1225.83
1225.89
1225.95
1225.98
1228.03
1228.12
1228.25
1228.29
1228.32
1228.32
1228.59
1228.54
1228.38
1228.27
1228.17
1228.07
1227.94
1227.91
1228.05
1228.09
1228.12
1228.1
1228.08
1228.04
1228.02
1227.97
1228.02
1228.1
1228.11
1228.09
1228.07
1228.04
1228
1227.97
1227.93
1227.9
1227.85
1227.81
1227.75
1227.76
1227.84
1227.84
1227.84
1227.81
1227.79
1227.77
1227.74
1227.71
1227.67
1227.61
1227.59
1227.67
1227.69
1227.69
1227.68
1227.66
1227.63
1227.59
1227.55
1227.5
1227.45
1227.42
1227.39
1227.37
1227.32
1227.29
1227.3
1227.31
1227.31
1227.3
1227.29
1227.27
1227.24
1227.21
1227.18
1227.14
1227.1
1227.05
1226.99
1226.93
1226.86
1226.8
1226.75
1226.69
1226.63
1226.57
1226.49
1226.44
1226.38
1226.32
1226.24
1226.16
1226.06
1225.96
1225.86
1225.74
1225.64
1225.5
1225.41
1225.25
1225.17
1225
1224.95
1224.73
1228.5
1228.31
1228.19
1228.06
1227.97
1227.82
1227.76
1227.96
1228.03
1228.07
1228.04
1228.01
1227.96
1228.01
1228.08
1228.06
1228.05
1228.02
1227.99
1227.95
1227.92
1227.87
1227.91
1228.01
1228.02
1228.02
1228.01
1227.98
1227.95
1227.92
1227.89
1227.86
1227.82
1227.79
1227.73
1227.74
1227.81
1227.81
1227.81
1227.78
1227.76
1227.74
1227.72
1227.68
1227.64
1227.59
1227.57
1227.65
1227.67
1227.67
1227.66
1227.64
1227.61
1227.57
1227.53
1227.49
1227.44
1227.41
1227.38
1227.36
1227.31
1227.28
1227.29
1227.3
1227.3
1227.29
1227.28
1227.26
1227.23
1227.21
1227.17
1227.13
1227.09
1227.04
1226.98
1226.92
1226.86
1226.8
1226.74
1226.69
1226.63
1226.57
1226.49
1226.44
1226.38
1226.32
1226.24
1226.15
1226.05
1225.93
1225.83
1225.71
1225.6
1225.46
1225.36
1225.2
1225.12
1224.94
1224.89
1224.67
1227.79
1227.82
1227.88
1227.87
1227.87
1227.82
1227.94
1228.03
1228
1227.99
1227.94
1227.9
1227.85
1227.87
1227.96
1227.97
1227.97
1227.95
1227.93
1227.89
1227.88
1227.84
1227.87
1227.96
1227.98
1227.98
1227.96
1227.94
1227.91
1227.88
1227.85
1227.83
1227.79
1227.75
1227.7
1227.71
1227.78
1227.78
1227.78
1227.76
1227.74
1227.71
1227.69
1227.66
1227.63
1227.57
1227.56
1227.63
1227.65
1227.65
1227.64
1227.62
1227.59
1227.56
1227.52
1227.47
1227.43
1227.39
1227.37
1227.34
1227.31
1227.28
1227.28
1227.29
1227.29
1227.28
1227.27
1227.25
1227.23
1227.2
1227.16
1227.13
1227.08
1227.03
1226.98
1226.92
1226.86
1226.8
1226.74
1226.69
1226.63
1226.57
1226.49
1226.44
1226.38
1226.32
1226.24
1226.15
1226.05
1225.93
1225.81
1225.68
1225.57
1225.43
1225.32
1225.16
1225.08
1224.9
1224.84
1224.61
1227.89
1227.83
1227.83
1227.78
1227.76
1227.71
1227.76
1227.87
1227.89
1227.9
1227.86
1227.84
1227.8
1227.82
1227.91
1227.91
1227.91
1227.89
1227.88
1227.84
1227.83
1227.79
1227.83
1227.92
1227.93
1227.93
1227.92
1227.9
1227.87
1227.85
1227.81
1227.79
1227.75
1227.73
1227.68
1227.69
1227.76
1227.75
1227.75
1227.73
1227.71
1227.69
1227.67
1227.64
1227.61
1227.56
1227.55
1227.61
1227.63
1227.63
1227.62
1227.6
1227.57
1227.54
1227.5
1227.46
1227.42
1227.38
1227.36
1227.33
1227.3
1227.27
1227.27
1227.28
1227.28
1227.28
1227.26
1227.24
1227.22
1227.19
1227.16
1227.12
1227.08
1227.03
1226.97
1226.91
1226.85
1226.8
1226.74
1226.69
1226.63
1226.57
1226.49
1226.44
1226.38
1226.32
1226.24
1226.15
1226.05
1225.93
1225.81
1225.67
1225.54
1225.39
1225.29
1225.13
1225.04
1224.85
1224.8
1224.56
1227.72
1227.69
1227.72
1227.69
1227.68
1227.65
1227.7
1227.81
1227.82
1227.83
1227.8
1227.78
1227.75
1227.77
1227.84
1227.85
1227.86
1227.84
1227.83
1227.8
1227.79
1227.76
1227.79
1227.88
1227.88
1227.89
1227.88
1227.86
1227.83
1227.81
1227.78
1227.76
1227.72
1227.7
1227.65
1227.67
1227.73
1227.72
1227.72
1227.7
1227.69
1227.67
1227.65
1227.62
1227.59
1227.54
1227.53
1227.59
1227.61
1227.61
1227.6
1227.58
1227.56
1227.52
1227.49
1227.44
1227.4
1227.37
1227.35
1227.32
1227.29
1227.26
1227.27
1227.28
1227.28
1227.27
1227.26
1227.23
1227.21
1227.18
1227.15
1227.11
1227.07
1227.02
1226.97
1226.91
1226.85
1226.79
1226.74
1226.69
1226.63
1226.57
1226.49
1226.44
1226.38
1226.32
1226.24
1226.15
1226.05
1225.93
1225.81
1225.66
1225.54
1225.37
1225.26
1225.09
1225
1224.82
1224.76
1224.52
1227.64
1227.62
1227.64
1227.62
1227.62
1227.59
1227.64
1227.73
1227.75
1227.76
1227.74
1227.72
1227.7
1227.72
1227.78
1227.8
1227.8
1227.79
1227.78
1227.75
1227.75
1227.72
1227.76
1227.83
1227.84
1227.85
1227.84
1227.82
1227.8
1227.78
1227.75
1227.73
1227.69
1227.67
1227.63
1227.64
1227.7
1227.7
1227.7
1227.68
1227.66
1227.64
1227.62
1227.59
1227.57
1227.52
1227.52
1227.57
1227.59
1227.59
1227.58
1227.56
1227.54
1227.51
1227.47
1227.43
1227.39
1227.36
1227.34
1227.31
1227.28
1227.26
1227.26
1227.27
1227.27
1227.26
1227.25
1227.23
1227.2
1227.18
1227.14
1227.11
1227.06
1227.02
1226.96
1226.91
1226.85
1226.79
1226.74
1226.68
1226.62
1226.57
1226.49
1226.44
1226.38
1226.32
1226.24
1226.15
1226.05
1225.93
1225.81
1225.67
1225.54
1225.37
1225.24
1225.06
1224.97
1224.78
1224.72
1224.48
1227.56
1227.55
1227.57
1227.55
1227.55
1227.53
1227.59
1227.66
1227.68
1227.69
1227.68
1227.67
1227.65
1227.68
1227.73
1227.74
1227.75
1227.74
1227.73
1227.71
1227.71
1227.68
1227.72
1227.79
1227.79
1227.81
1227.8
1227.78
1227.76
1227.74
1227.71
1227.7
1227.66
1227.65
1227.6
1227.62
1227.67
1227.67
1227.67
1227.65
1227.64
1227.62
1227.6
1227.57
1227.55
1227.5
1227.5
1227.55
1227.57
1227.57
1227.56
1227.54
1227.52
1227.49
1227.45
1227.42
1227.38
1227.35
1227.32
1227.3
1227.27
1227.25
1227.25
1227.26
1227.26
1227.25
1227.24
1227.22
1227.2
1227.17
1227.14
1227.1
1227.06
1227.01
1226.96
1226.9
1226.85
1226.79
1226.73
1226.68
1226.62
1226.57
1226.5
1226.44
1226.38
1226.32
1226.25
1226.15
1226.05
1225.93
1225.81
1225.67
1225.54
1225.37
1225.24
1225.05
1224.94
1224.75
1224.69
1224.44
1227.48
1227.48
1227.5
1227.48
1227.5
1227.48
1227.53
1227.6
1227.61
1227.63
1227.62
1227.62
1227.6
1227.63
1227.68
1227.68
1227.7
1227.69
1227.69
1227.66
1227.67
1227.65
1227.68
1227.75
1227.75
1227.77
1227.76
1227.75
1227.72
1227.71
1227.68
1227.66
1227.63
1227.62
1227.58
1227.6
1227.64
1227.64
1227.64
1227.63
1227.61
1227.59
1227.58
1227.55
1227.53
1227.49
1227.49
1227.53
1227.54
1227.55
1227.54
1227.52
1227.5
1227.47
1227.44
1227.4
1227.37
1227.34
1227.31
1227.29
1227.26
1227.24
1227.24
1227.25
1227.25
1227.24
1227.23
1227.21
1227.19
1227.16
1227.13
1227.1
1227.05
1227.01
1226.96
1226.9
1226.84
1226.79
1226.73
1226.68
1226.62
1226.56
1226.5
1226.44
1226.39
1226.32
1226.25
1226.15
1226.06
1225.93
1225.82
1225.67
1225.54
1225.37
1225.24
1225.05
1224.93
1224.72
1224.65
1224.41
1227.41
1227.41
1227.43
1227.42
1227.44
1227.43
1227.47
1227.54
1227.55
1227.57
1227.56
1227.57
1227.55
1227.58
1227.63
1227.63
1227.65
1227.64
1227.64
1227.62
1227.63
1227.61
1227.64
1227.7
1227.7
1227.72
1227.72
1227.71
1227.69
1227.67
1227.65
1227.63
1227.6
1227.59
1227.56
1227.57
1227.61
1227.61
1227.61
1227.6
1227.59
1227.57
1227.55
1227.53
1227.5
1227.47
1227.47
1227.51
1227.52
1227.52
1227.52
1227.5
1227.48
1227.46
1227.42
1227.39
1227.35
1227.33
1227.3
1227.28
1227.25
1227.23
1227.23
1227.24
1227.24
1227.23
1227.22
1227.2
1227.18
1227.16
1227.12
1227.09
1227.05
1227.01
1226.95
1226.9
1226.84
1226.79
1226.73
1226.68
1226.62
1226.56
1226.49
1226.44
1226.39
1226.32
1226.25
1226.16
1226.06
1225.94
1225.82
1225.67
1225.55
1225.37
1225.24
1225.05
1224.93
1224.72
1224.63
1224.37
1227.35
1227.34
1227.37
1227.36
1227.38
1227.38
1227.42
1227.48
1227.49
1227.51
1227.51
1227.51
1227.51
1227.53
1227.58
1227.57
1227.59
1227.59
1227.59
1227.58
1227.59
1227.58
1227.6
1227.66
1227.66
1227.68
1227.68
1227.67
1227.65
1227.64
1227.61
1227.6
1227.57
1227.56
1227.53
1227.55
1227.58
1227.58
1227.58
1227.57
1227.56
1227.54
1227.53
1227.5
1227.48
1227.45
1227.46
1227.49
1227.5
1227.5
1227.5
1227.48
1227.46
1227.44
1227.41
1227.37
1227.34
1227.31
1227.29
1227.27
1227.25
1227.23
1227.23
1227.23
1227.23
1227.23
1227.22
1227.2
1227.18
1227.15
1227.12
1227.09
1227.05
1227
1226.95
1226.9
1226.84
1226.79
1226.73
1226.68
1226.62
1226.56
1226.49
1226.44
1226.38
1226.32
1226.25
1226.16
1226.06
1225.94
1225.82
1225.67
1225.55
1225.38
1225.25
1225.05
1224.94
1224.72
1224.63
1224.36
1227.28
1227.28
1227.31
1227.31
1227.32
1227.33
1227.36
1227.42
1227.43
1227.46
1227.45
1227.46
1227.46
1227.48
1227.52
1227.52
1227.54
1227.54
1227.55
1227.53
1227.54
1227.54
1227.56
1227.62
1227.61
1227.64
1227.63
1227.63
1227.61
1227.6
1227.58
1227.57
1227.54
1227.53
1227.51
1227.52
1227.55
1227.55
1227.56
1227.54
1227.54
1227.52
1227.51
1227.48
1227.46
1227.44
1227.44
1227.47
1227.48
1227.48
1227.48
1227.46
1227.44
1227.42
1227.39
1227.36
1227.33
1227.3
1227.28
1227.26
1227.24
1227.22
1227.22
1227.22
1227.22
1227.22
1227.21
1227.19
1227.17
1227.14
1227.11
1227.08
1227.04
1227
1226.95
1226.9
1226.84
1226.79
1226.73
1226.68
1226.62
1226.56
1226.49
1226.44
1226.38
1226.32
1226.25
1226.16
1226.06
1225.94
1225.82
1225.68
1225.55
1225.38
1225.25
1225.05
1224.94
1224.72
1224.63
1224.36
1227.21
1227.22
1227.24
1227.25
1227.27
1227.28
1227.31
1227.36
1227.37
1227.4
1227.39
1227.41
1227.41
1227.43
1227.47
1227.47
1227.49
1227.49
1227.5
1227.49
1227.5
1227.5
1227.52
1227.58
1227.57
1227.6
1227.59
1227.59
1227.58
1227.56
1227.55
1227.53
1227.51
1227.5
1227.48
1227.5
1227.52
1227.52
1227.53
1227.52
1227.51
1227.49
1227.48
1227.46
1227.44
1227.42
1227.42
1227.44
1227.45
1227.46
1227.45
1227.44
1227.42
1227.4
1227.38
1227.35
1227.32
1227.29
1227.27
1227.25
1227.23
1227.21
1227.21
1227.22
1227.22
1227.21
1227.2
1227.18
1227.16
1227.14
1227.11
1227.08
1227.04
1227
1226.95
1226.9
1226.84
1226.79
1226.73
1226.68
1226.62
1226.56
1226.49
1226.44
1226.38
1226.32
1226.25
1226.16
1226.06
1225.94
1225.83
1225.68
1225.55
1225.38
1225.25
1225.06
1224.94
1224.72
1224.63
1224.36
1227.15
1227.16
1227.18
1227.19
1227.21
1227.22
1227.25
1227.3
1227.31
1227.34
1227.34
1227.35
1227.36
1227.38
1227.41
1227.42
1227.44
1227.44
1227.45
1227.44
1227.46
1227.46
1227.48
1227.53
1227.53
1227.55
1227.55
1227.55
1227.54
1227.53
1227.51
1227.5
1227.48
1227.47
1227.46
1227.47
1227.49
1227.49
1227.5
1227.49
1227.48
1227.47
1227.46
1227.44
1227.42
1227.4
1227.4
1227.42
1227.43
1227.44
1227.43
1227.42
1227.41
1227.38
1227.36
1227.33
1227.3
1227.28
1227.26
1227.24
1227.22
1227.21
1227.21
1227.21
1227.21
1227.2
1227.19
1227.18
1227.16
1227.13
1227.11
1227.08
1227.04
1227
1226.95
1226.9
1226.84
1226.79
1226.73
1226.68
1226.62
1226.56
1226.49
1226.44
1226.38
1226.32
1226.25
1226.16
1226.06
1225.94
1225.83
1225.68
1225.55
1225.38
1225.25
1225.06
1224.94
1224.73
1224.63
1224.36
1227.09
1227.1
1227.12
1227.13
1227.15
1227.17
1227.2
1227.24
1227.25
1227.28
1227.28
1227.3
1227.31
1227.32
1227.36
1227.37
1227.39
1227.39
1227.4
1227.4
1227.41
1227.42
1227.44
1227.49
1227.49
1227.51
1227.5
1227.51
1227.5
1227.49
1227.48
1227.47
1227.45
1227.44
1227.43
1227.44
1227.46
1227.46
1227.47
1227.46
1227.45
1227.44
1227.43
1227.41
1227.4
1227.38
1227.38
1227.4
1227.41
1227.41
1227.41
1227.4
1227.39
1227.37
1227.34
1227.32
1227.29
1227.27
1227.25
1227.23
1227.21
1227.2
1227.2
1227.2
1227.2
1227.2
1227.19
1227.17
1227.15
1227.13
1227.1
1227.07
1227.03
1226.99
1226.95
1226.9
1226.84
1226.79
1226.73
1226.68
1226.62
1226.56
1226.49
1226.44
1226.38
1226.32
1226.25
1226.16
1226.06
1225.94
1225.83
1225.68
1225.56
1225.38
1225.25
1225.06
1224.94
1224.73
1224.64
1224.36
1227.02
1227.04
1227.06
1227.07
1227.1
1227.11
1227.14
1227.18
1227.2
1227.22
1227.23
1227.25
1227.26
1227.27
1227.3
1227.31
1227.33
1227.34
1227.35
1227.35
1227.37
1227.38
1227.4
1227.44
1227.44
1227.46
1227.46
1227.47
1227.46
1227.45
1227.44
1227.43
1227.42
1227.41
1227.4
1227.41
1227.43
1227.43
1227.44
1227.43
1227.43
1227.42
1227.41
1227.39
1227.38
1227.36
1227.37
1227.38
1227.39
1227.39
1227.39
1227.38
1227.37
1227.35
1227.33
1227.3
1227.28
1227.26
1227.24
1227.22
1227.21
1227.19
1227.2
1227.19
1227.2
1227.19
1227.18
1227.17
1227.15
1227.12
1227.1
1227.07
1227.03
1226.99
1226.94
1226.9
1226.84
1226.79
1226.74
1226.68
1226.62
1226.56
1226.49
1226.44
1226.38
1226.32
1226.25
1226.16
1226.06
1225.94
1225.83
1225.68
1225.56
1225.39
1225.25
1225.06
1224.94
1224.73
1224.64
1224.36
1226.96
1226.98
1227
1227.02
1227.04
1227.06
1227.09
1227.12
1227.14
1227.16
1227.17
1227.19
1227.2
1227.22
1227.25
1227.26
1227.28
1227.29
1227.3
1227.31
1227.32
1227.33
1227.36
1227.4
1227.4
1227.42
1227.42
1227.43
1227.42
1227.42
1227.41
1227.4
1227.39
1227.38
1227.38
1227.38
1227.4
1227.4
1227.41
1227.4
1227.4
1227.39
1227.38
1227.37
1227.36
1227.34
1227.35
1227.36
1227.37
1227.37
1227.37
1227.36
1227.35
1227.33
1227.31
1227.29
1227.27
1227.25
1227.23
1227.22
1227.2
1227.19
1227.19
1227.19
1227.19
1227.18
1227.17
1227.16
1227.14
1227.12
1227.09
1227.07
1227.03
1226.99
1226.94
1226.9
1226.84
1226.79
1226.74
1226.68
1226.62
1226.56
1226.49
1226.44
1226.38
1226.32
1226.25
1226.16
1226.06
1225.95
1225.83
1225.69
1225.56
1225.39
1225.26
1225.06
1224.94
1224.73
1224.64
1224.36
1226.9
1226.92
1226.94
1226.96
1226.98
1227
1227.03
1227.06
1227.08
1227.11
1227.12
1227.14
1227.15
1227.17
1227.19
1227.2
1227.23
1227.23
1227.25
1227.26
1227.28
1227.29
1227.31
1227.35
1227.36
1227.38
1227.37
1227.39
1227.38
1227.38
1227.37
1227.36
1227.35
1227.35
1227.35
1227.35
1227.37
1227.37
1227.38
1227.38
1227.37
1227.36
1227.36
1227.34
1227.34
1227.32
1227.33
1227.34
1227.34
1227.35
1227.35
1227.34
1227.33
1227.31
1227.3
1227.28
1227.26
1227.24
1227.22
1227.21
1227.19
1227.18
1227.18
1227.18
1227.18
1227.18
1227.17
1227.15
1227.14
1227.11
1227.09
1227.06
1227.03
1226.99
1226.94
1226.9
1226.84
1226.79
1226.74
1226.68
1226.62
1226.56
1226.49
1226.44
1226.38
1226.32
1226.25
1226.16
1226.06
1225.95
1225.83
1225.69
1225.56
1225.39
1225.26
1225.06
1224.94
1224.73
1224.64
1224.36
1226.84
1226.85
1226.88
1226.9
1226.92
1226.95
1226.97
1227
1227.02
1227.05
1227.06
1227.08
1227.09
1227.11
1227.14
1227.15
1227.17
1227.18
1227.2
1227.21
1227.23
1227.25
1227.27
1227.3
1227.31
1227.34
1227.33
1227.34
1227.34
1227.34
1227.33
1227.33
1227.32
1227.32
1227.32
1227.33
1227.34
1227.34
1227.35
1227.35
1227.35
1227.34
1227.33
1227.32
1227.32
1227.3
1227.31
1227.31
1227.32
1227.32
1227.32
1227.32
1227.31
1227.3
1227.28
1227.26
1227.24
1227.23
1227.21
1227.2
1227.19
1227.18
1227.18
1227.18
1227.18
1227.17
1227.16
1227.15
1227.13
1227.11
1227.09
1227.06
1227.03
1226.99
1226.94
1226.9
1226.85
1226.8
1226.74
1226.69
1226.62
1226.56
1226.49
1226.44
1226.38
1226.32
1226.25
1226.16
1226.07
1225.95
1225.84
1225.69
1225.57
1225.39
1225.26
1225.06
1224.94
1224.73
1224.64
1224.36
1226.77
1226.79
1226.82
1226.84
1226.86
1226.89
1226.91
1226.94
1226.97
1226.99
1227.01
1227.02
1227.04
1227.06
1227.08
1227.1
1227.12
1227.13
1227.15
1227.16
1227.18
1227.2
1227.22
1227.26
1227.27
1227.29
1227.29
1227.3
1227.3
1227.3
1227.3
1227.3
1227.29
1227.29
1227.29
1227.3
1227.31
1227.31
1227.32
1227.32
1227.32
1227.31
1227.31
1227.3
1227.29
1227.28
1227.29
1227.29
1227.3
1227.3
1227.3
1227.3
1227.29
1227.28
1227.27
1227.25
1227.23
1227.22
1227.21
1227.19
1227.18
1227.17
1227.17
1227.17
1227.17
1227.17
1227.16
1227.14
1227.13
1227.11
1227.08
1227.06
1227.03
1226.99
1226.94
1226.9
1226.85
1226.8
1226.74
1226.69
1226.62
1226.56
1226.49
1226.44
1226.38
1226.32
1226.25
1226.16
1226.07
1225.95
1225.84
1225.69
1225.57
1225.39
1225.26
1225.06
1224.94
1224.73
1224.64
1224.36
1226.71
1226.73
1226.76
1226.78
1226.81
1226.83
1226.86
1226.89
1226.91
1226.93
1226.95
1226.97
1226.98
1227
1227.02
1227.04
1227.06
1227.08
1227.1
1227.11
1227.14
1227.16
1227.18
1227.21
1227.22
1227.25
1227.25
1227.26
1227.26
1227.26
1227.26
1227.26
1227.26
1227.26
1227.26
1227.27
1227.28
1227.28
1227.29
1227.29
1227.29
1227.29
1227.29
1227.28
1227.27
1227.26
1227.27
1227.27
1227.28
1227.28
1227.28
1227.28
1227.27
1227.26
1227.25
1227.24
1227.22
1227.21
1227.2
1227.19
1227.18
1227.17
1227.17
1227.17
1227.17
1227.16
1227.15
1227.14
1227.12
1227.1
1227.08
1227.06
1227.02
1226.99
1226.94
1226.9
1226.85
1226.8
1226.75
1226.69
1226.62
1226.56
1226.49
1226.44
1226.38
1226.32
1226.25
1226.16
1226.07
1225.95
1225.84
1225.69
1225.57
1225.4
1225.26
1225.07
1224.94
1224.73
1224.64
1224.36
1226.65
1226.67
1226.7
1226.72
1226.75
1226.77
1226.8
1226.83
1226.85
1226.88
1226.89
1226.91
1226.93
1226.95
1226.97
1226.99
1227.01
1227.03
1227.05
1227.07
1227.09
1227.11
1227.14
1227.17
1227.18
1227.21
1227.21
1227.22
1227.22
1227.23
1227.23
1227.23
1227.23
1227.23
1227.23
1227.24
1227.25
1227.26
1227.26
1227.27
1227.27
1227.26
1227.26
1227.26
1227.25
1227.24
1227.25
1227.25
1227.26
1227.26
1227.26
1227.26
1227.26
1227.25
1227.24
1227.22
1227.21
1227.2
1227.19
1227.18
1227.17
1227.16
1227.16
1227.16
1227.16
1227.16
1227.15
1227.14
1227.12
1227.1
1227.08
1227.05
1227.02
1226.99
1226.95
1226.9
1226.85
1226.8
1226.75
1226.69
1226.62
1226.56
1226.49
1226.44
1226.38
1226.32
1226.25
1226.16
1226.07
1225.95
1225.84
1225.7
1225.57
1225.4
1225.26
1225.07
1224.94
1224.73
1224.64
1224.36
1226.59
1226.61
1226.64
1226.66
1226.69
1226.72
1226.75
1226.77
1226.8
1226.82
1226.84
1226.86
1226.88
1226.89
1226.92
1226.93
1226.96
1226.98
1227
1227.02
1227.05
1227.07
1227.1
1227.13
1227.14
1227.16
1227.17
1227.18
1227.19
1227.19
1227.19
1227.2
1227.2
1227.2
1227.2
1227.21
1227.22
1227.23
1227.24
1227.24
1227.24
1227.24
1227.24
1227.24
1227.23
1227.23
1227.23
1227.23
1227.24
1227.24
1227.24
1227.24
1227.24
1227.23
1227.22
1227.21
1227.2
1227.19
1227.18
1227.17
1227.17
1227.16
1227.16
1227.16
1227.16
1227.15
1227.15
1227.13
1227.11
1227.09
1227.07
1227.05
1227.02
1226.99
1226.95
1226.9
1226.85
1226.81
1226.75
1226.7
1226.62
1226.57
1226.49
1226.44
1226.38
1226.32
1226.25
1226.16
1226.07
1225.95
1225.84
1225.7
1225.57
1225.4
1225.26
1225.07
1224.94
1224.74
1224.64
1224.36
1226.54
1226.56
1226.59
1226.61
1226.64
1226.67
1226.7
1226.72
1226.75
1226.77
1226.79
1226.81
1226.83
1226.85
1226.87
1226.89
1226.91
1226.93
1226.95
1226.98
1227.01
1227.03
1227.06
1227.09
1227.11
1227.13
1227.14
1227.15
1227.15
1227.16
1227.16
1227.17
1227.17
1227.17
1227.18
1227.19
1227.2
1227.21
1227.22
1227.22
1227.22
1227.22
1227.22
1227.22
1227.22
1227.21
1227.21
1227.21
1227.22
1227.22
1227.23
1227.23
1227.23
1227.22
1227.21
1227.2
1227.19
1227.18
1227.18
1227.17
1227.16
1227.16
1227.16
1227.15
1227.16
1227.15
1227.14
1227.13
1227.11
1227.09
1227.07
1227.05
1227.02
1226.99
1226.95
1226.91
1226.86
1226.81
1226.76
1226.7
1226.62
1226.57
1226.49
1226.44
1226.38
1226.32
1226.25
1226.17
1226.07
1225.96
1225.84
1225.7
1225.57
1225.4
1225.26
1225.07
1224.94
1224.74
1224.64
1224.36
1226.49
1226.51
1226.54
1226.56
1226.59
1226.62
1226.65
1226.68
1226.7
1226.73
1226.75
1226.76
1226.78
1226.8
1226.82
1226.84
1226.86
1226.89
1226.91
1226.94
1226.97
1227
1227.02
1227.05
1227.07
1227.09
1227.1
1227.12
1227.12
1227.13
1227.13
1227.14
1227.14
1227.15
1227.16
1227.16
1227.18
1227.18
1227.19
1227.2
1227.2
1227.2
1227.2
1227.2
1227.2
1227.19
1227.19
1227.2
1227.2
1227.21
1227.21
1227.21
1227.21
1227.21
1227.2
1227.19
1227.18
1227.18
1227.17
1227.16
1227.16
1227.15
1227.15
1227.15
1227.15
1227.15
1227.14
1227.13
1227.11
1227.09
1227.07
1227.05
1227.02
1226.99
1226.95
1226.91
1226.86
1226.82
1226.76
1226.7
1226.63
1226.57
1226.49
1226.44
1226.38
1226.32
1226.25
1226.17
1226.07
1225.96
1225.85
1225.7
1225.58
1225.4
1225.26
1225.06
1224.94
1224.74
1224.64
1224.36
1226.44
1226.46
1226.49
1226.52
1226.55
1226.58
1226.61
1226.63
1226.66
1226.68
1226.7
1226.72
1226.74
1226.76
1226.78
1226.8
1226.82
1226.85
1226.87
1226.9
1226.93
1226.96
1226.99
1227.02
1227.04
1227.06
1227.07
1227.09
1227.1
1227.1
1227.11
1227.11
1227.12
1227.13
1227.13
1227.14
1227.16
1227.16
1227.17
1227.18
1227.18
1227.18
1227.19
1227.18
1227.18
1227.18
1227.18
1227.18
1227.19
1227.19
1227.2
1227.2
1227.2
1227.2
1227.19
1227.18
1227.18
1227.17
1227.17
1227.16
1227.16
1227.15
1227.15
1227.15
1227.15
1227.15
1227.14
1227.13
1227.1
1227.09
1227.07
1227.05
1227.03
1227
1226.95
1226.91
1226.87
1226.82
1226.77
1226.71
1226.63
1226.57
1226.49
1226.44
1226.38
1226.32
1226.26
1226.17
1226.08
1225.96
1225.85
1225.7
1225.58
1225.4
1225.26
1225.06
1224.94
1224.74
1224.64
1224.36
1226.4
1226.42
1226.45
1226.47
1226.5
1226.53
1226.56
1226.59
1226.62
1226.64
1226.66
1226.68
1226.7
1226.71
1226.73
1226.76
1226.78
1226.81
1226.84
1226.87
1226.9
1226.93
1226.96
1226.99
1227.01
1227.03
1227.05
1227.06
1227.07
1227.08
1227.08
1227.09
1227.1
1227.11
1227.11
1227.12
1227.14
1227.14
1227.16
1227.16
1227.17
1227.17
1227.17
1227.17
1227.17
1227.17
1227.17
1227.17
1227.17
1227.18
1227.18
1227.19
1227.19
1227.19
1227.18
1227.18
1227.17
1227.16
1227.16
1227.16
1227.15
1227.15
1227.15
1227.15
1227.15
1227.14
1227.14
1227.13
1227.1
1227.09
1227.07
1227.05
1227.03
1227
1226.96
1226.92
1226.87
1226.83
1226.78
1226.71
1226.63
1226.57
1226.49
1226.44
1226.38
1226.33
1226.26
1226.17
1226.08
1225.96
1225.85
1225.7
1225.58
1225.4
1225.26
1225.06
1224.94
1224.73
1224.64
1224.36
1226.35
1226.38
1226.41
1226.43
1226.46
1226.5
1226.53
1226.56
1226.58
1226.61
1226.63
1226.64
1226.66
1226.67
1226.7
1226.72
1226.74
1226.77
1226.8
1226.83
1226.87
1226.9
1226.93
1226.96
1226.98
1227.01
1227.02
1227.04
1227.05
1227.06
1227.06
1227.07
1227.08
1227.09
1227.1
1227.11
1227.12
1227.13
1227.14
1227.14
1227.15
1227.15
1227.16
1227.16
1227.16
1227.15
1227.15
1227.15
1227.16
1227.16
1227.17
1227.18
1227.18
1227.18
1227.18
1227.17
1227.17
1227.16
1227.16
1227.15
1227.15
1227.15
1227.15
1227.15
1227.15
1227.14
1227.14
1227.13
1227.1
1227.08
1227.07
1227.06
1227.03
1227
1226.96
1226.92
1226.87
1226.83
1226.78
1226.72
1226.63
1226.58
1226.49
1226.44
1226.38
1226.33
1226.26
1226.17
1226.08
1225.96
1225.85
1225.71
1225.58
1225.4
1225.26
1225.06
1224.94
1224.73
1224.64
1224.36
1226.32
1226.34
1226.37
1226.4
1226.43
1226.46
1226.49
1226.52
1226.55
1226.57
1226.59
1226.61
1226.62
1226.64
1226.66
1226.68
1226.71
1226.74
1226.77
1226.8
1226.84
1226.87
1226.91
1226.94
1226.96
1226.98
1227
1227.01
1227.02
1227.03
1227.04
1227.05
1227.06
1227.07
1227.08
1227.09
1227.1
1227.11
1227.12
1227.13
1227.14
1227.14
1227.15
1227.15
1227.15
1227.14
1227.14
1227.14
1227.15
1227.15
1227.16
1227.17
1227.17
1227.17
1227.17
1227.16
1227.16
1227.16
1227.16
1227.15
1227.15
1227.15
1227.15
1227.14
1227.15
1227.14
1227.14
1227.13
1227.1
1227.08
1227.07
1227.06
1227.03
1227.01
1226.96
1226.92
1226.88
1226.84
1226.79
1226.72
1226.64
1226.58
1226.49
1226.44
1226.38
1226.33
1226.26
1226.18
1226.08
1225.96
1225.85
1225.71
1225.58
1225.41
1225.25
1225.06
1224.93
1224.73
1224.64
1224.36
1226.28
1226.3
1226.33
1226.36
1226.39
1226.42
1226.46
1226.49
1226.52
1226.54
1226.56
1226.57
1226.59
1226.6
1226.62
1226.65
1226.67
1226.7
1226.74
1226.77
1226.81
1226.85
1226.88
1226.91
1226.94
1226.96
1226.98
1226.99
1227
1227.01
1227.02
1227.03
1227.04
1227.05
1227.06
1227.07
1227.09
1227.1
1227.11
1227.12
1227.13
1227.13
1227.14
1227.14
1227.14
1227.13
1227.13
1227.13
1227.13
1227.14
1227.15
1227.16
1227.16
1227.16
1227.16
1227.16
1227.16
1227.15
1227.15
1227.15
1227.15
1227.15
1227.15
1227.15
1227.15
1227.15
1227.14
1227.13
1227.1
1227.08
1227.07
1227.06
1227.04
1227.01
1226.97
1226.93
1226.88
1226.84
1226.79
1226.73
1226.64
1226.58
1226.48
1226.44
1226.39
1226.33
1226.27
1226.18
1226.08
1225.97
1225.85
1225.71
1225.58
1225.41
1225.25
1225.06
1224.93
1224.73
1224.64
1224.36
1226.25
1226.27
1226.3
1226.32
1226.36
1226.39
1226.43
1226.46
1226.49
1226.51
1226.53
1226.54
1226.55
1226.57
1226.59
1226.61
1226.64
1226.67
1226.71
1226.74
1226.79
1226.82
1226.86
1226.89
1226.92
1226.94
1226.96
1226.97
1226.98
1227
1227.01
1227.02
1227.02
1227.04
1227.05
1227.06
1227.07
1227.08
1227.1
1227.1
1227.11
1227.12
1227.13
1227.13
1227.13
1227.12
1227.12
1227.12
1227.12
1227.13
1227.14
1227.15
1227.15
1227.16
1227.16
1227.15
1227.15
1227.15
1227.15
1227.15
1227.15
1227.15
1227.15
1227.15
1227.15
1227.15
1227.14
1227.13
1227.1
1227.08
1227.07
1227.06
1227.04
1227.02
1226.97
1226.93
1226.89
1226.85
1226.8
1226.73
1226.64
1226.58
1226.48
1226.44
1226.39
1226.34
1226.27
1226.18
1226.09
1225.97
1225.85
1225.71
1225.58
1225.41
1225.25
1225.05
1224.93
1224.73
1224.64
1224.36
1226.21
1226.24
1226.26
1226.29
1226.33
1226.36
1226.4
1226.43
1226.46
1226.48
1226.5
1226.51
1226.52
1226.53
1226.55
1226.58
1226.61
1226.64
1226.68
1226.72
1226.76
1226.8
1226.84
1226.87
1226.9
1226.92
1226.94
1226.96
1226.97
1226.98
1226.99
1227
1227.01
1227.02
1227.03
1227.05
1227.06
1227.07
1227.09
1227.09
1227.1
1227.11
1227.12
1227.12
1227.12
1227.11
1227.11
1227.11
1227.11
1227.12
1227.13
1227.14
1227.15
1227.15
1227.15
1227.15
1227.15
1227.15
1227.15
1227.15
1227.15
1227.15
1227.15
1227.15
1227.15
1227.15
1227.14
1227.13
1227.1
1227.08
1227.07
1227.07
1227.05
1227.02
1226.98
1226.93
1226.89
1226.85
1226.81
1226.74
1226.64
1226.58
1226.48
1226.43
1226.39
1226.34
1226.27
1226.19
1226.09
1225.97
1225.86
1225.71
1225.58
1225.41
1225.25
1225.05
1224.92
1224.73
1224.64
1224.36
1226.18
1226.21
1226.23
1226.26
1226.3
1226.33
1226.37
1226.41
1226.43
1226.46
1226.47
1226.48
1226.49
1226.5
1226.52
1226.55
1226.58
1226.61
1226.65
1226.69
1226.74
1226.78
1226.82
1226.86
1226.88
1226.91
1226.92
1226.94
1226.95
1226.96
1226.97
1226.99
1227
1227.01
1227.02
1227.03
1227.05
1227.06
1227.07
1227.08
1227.09
1227.1
1227.11
1227.11
1227.11
1227.11
1227.1
1227.1
1227.1
1227.11
1227.12
1227.14
1227.14
1227.15
1227.15
1227.15
1227.15
1227.15
1227.15
1227.15
1227.15
1227.15
1227.15
1227.15
1227.16
1227.15
1227.15
1227.13
1227.1
1227.08
1227.07
1227.07
1227.05
1227.02
1226.98
1226.94
1226.89
1226.86
1226.81
1226.74
1226.64
1226.58
1226.48
1226.43
1226.39
1226.34
1226.28
1226.19
1226.09
1225.97
1225.86
1225.71
1225.59
1225.41
1225.24
1225.05
1224.92
1224.73
1224.64
1224.36
1226.16
1226.18
1226.2
1226.23
1226.27
1226.31
1226.35
1226.38
1226.41
1226.43
1226.45
1226.45
1226.46
1226.47
1226.49
1226.52
1226.55
1226.58
1226.62
1226.67
1226.72
1226.76
1226.81
1226.84
1226.87
1226.89
1226.91
1226.93
1226.94
1226.95
1226.96
1226.97
1226.98
1227
1227.01
1227.02
1227.04
1227.05
1227.07
1227.07
1227.09
1227.09
1227.1
1227.1
1227.11
1227.1
1227.09
1227.09
1227.1
1227.1
1227.11
1227.13
1227.14
1227.14
1227.15
1227.15
1227.15
1227.15
1227.15
1227.15
1227.16
1227.15
1227.15
1227.15
1227.16
1227.16
1227.15
1227.14
1227.1
1227.08
1227.07
1227.07
1227.06
1227.03
1226.98
1226.94
1226.9
1226.86
1226.82
1226.74
1226.64
1226.58
1226.47
1226.43
1226.39
1226.34
1226.28
1226.19
1226.09
1225.97
1225.86
1225.72
1225.59
1225.41
1225.24
1225.04
1224.92
1224.73
1224.64
1224.36
1226.13
1226.15
1226.17
1226.2
1226.24
1226.28
1226.32
1226.36
1226.39
1226.41
1226.42
1226.43
1226.43
1226.44
1226.46
1226.5
1226.52
1226.56
1226.6
1226.64
1226.7
1226.75
1226.79
1226.83
1226.85
1226.88
1226.9
1226.91
1226.92
1226.94
1226.95
1226.96
1226.97
1226.99
1227
1227.01
1227.03
1227.04
1227.06
1227.07
1227.08
1227.09
1227.09
1227.1
1227.1
1227.09
1227.08
1227.08
1227.09
1227.1
1227.11
1227.13
1227.13
1227.14
1227.14
1227.14
1227.15
1227.15
1227.15
1227.16
1227.16
1227.16
1227.15
1227.15
1227.16
1227.16
1227.15
1227.14
1227.1
1227.08
1227.08
1227.08
1227.06
1227.03
1226.99
1226.94
1226.9
1226.86
1226.83
1226.75
1226.64
1226.58
1226.47
1226.42
1226.39
1226.35
1226.28
1226.2
1226.1
1225.98
1225.86
1225.72
1225.59
1225.41
1225.24
1225.04
1224.91
1224.73
1224.64
1224.36
1226.1
1226.12
1226.15
1226.17
1226.21
1226.26
1226.3
1226.34
1226.37
1226.39
1226.4
1226.41
1226.4
1226.41
1226.43
1226.47
1226.5
1226.53
1226.57
1226.62
1226.68
1226.73
1226.78
1226.81
1226.84
1226.87
1226.88
1226.9
1226.91
1226.92
1226.94
1226.95
1226.96
1226.98
1226.99
1227.01
1227.02
1227.04
1227.05
1227.06
1227.07
1227.08
1227.09
1227.09
1227.1
1227.09
1227.07
1227.07
1227.08
1227.09
1227.1
1227.12
1227.13
1227.14
1227.14
1227.14
1227.15
1227.15
1227.16
1227.16
1227.16
1227.16
1227.16
1227.15
1227.17
1227.16
1227.15
1227.14
1227.1
1227.08
1227.08
1227.08
1227.07
1227.04
1226.99
1226.94
1226.9
1226.87
1226.83
1226.75
1226.64
1226.58
1226.47
1226.42
1226.39
1226.35
1226.29
1226.2
1226.1
1225.98
1225.86
1225.72
1225.59
1225.41
1225.23
1225.03
1224.91
1224.73
1224.64
1224.36
1226.08
1226.1
1226.12
1226.15
1226.19
1226.23
1226.28
1226.32
1226.35
1226.38
1226.38
1226.38
1226.38
1226.39
1226.4
1226.44
1226.47
1226.51
1226.55
1226.6
1226.67
1226.72
1226.77
1226.8
1226.83
1226.86
1226.87
1226.89
1226.9
1226.91
1226.93
1226.94
1226.95
1226.97
1226.98
1227
1227.01
1227.03
1227.04
1227.05
1227.06
1227.07
1227.08
1227.09
1227.09
1227.08
1227.07
1227.07
1227.07
1227.08
1227.1
1227.12
1227.13
1227.14
1227.14
1227.14
1227.15
1227.15
1227.16
1227.16
1227.16
1227.16
1227.16
1227.16
1227.17
1227.17
1227.16
1227.14
1227.1
1227.08
1227.08
1227.08
1227.07
1227.04
1226.99
1226.95
1226.91
1226.87
1226.84
1226.75
1226.64
1226.57
1226.46
1226.42
1226.39
1226.35
1226.29
1226.2
1226.1
1225.98
1225.87
1225.72
1225.59
1225.41
1225.22
1225.03
1224.9
1224.73
1224.64
1224.35
1226.06
1226.08
1226.09
1226.12
1226.16
1226.21
1226.26
1226.31
1226.34
1226.36
1226.37
1226.36
1226.35
1226.36
1226.38
1226.42
1226.44
1226.48
1226.53
1226.58
1226.65
1226.71
1226.76
1226.79
1226.82
1226.85
1226.86
1226.88
1226.89
1226.9
1226.92
1226.93
1226.94
1226.96
1226.97
1226.99
1227.01
1227.02
1227.04
1227.05
1227.06
1227.07
1227.08
1227.09
1227.09
1227.08
1227.06
1227.06
1227.06
1227.08
1227.09
1227.12
1227.13
1227.14
1227.14
1227.14
1227.15
1227.15
1227.16
1227.17
1227.17
1227.17
1227.16
1227.16
1227.17
1227.17
1227.16
1227.15
1227.09
1227.08
1227.08
1227.09
1227.08
1227.05
1227
1226.95
1226.91
1226.88
1226.85
1226.76
1226.64
1226.57
1226.46
1226.41
1226.4
1226.36
1226.3
1226.21
1226.11
1225.98
1225.87
1225.72
1225.59
1225.4
1225.22
1225.02
1224.9
1224.73
1224.63
1224.35
1226.04
1226.05
1226.07
1226.09
1226.14
1226.19
1226.25
1226.29
1226.33
1226.35
1226.35
1226.34
1226.32
1226.33
1226.35
1226.39
1226.42
1226.46
1226.5
1226.56
1226.64
1226.7
1226.75
1226.78
1226.81
1226.84
1226.85
1226.87
1226.88
1226.89
1226.91
1226.92
1226.94
1226.95
1226.97
1226.98
1227
1227.02
1227.03
1227.04
1227.05
1227.06
1227.08
1227.08
1227.09
1227.08
1227.05
1227.05
1227.06
1227.07
1227.09
1227.11
1227.12
1227.14
1227.14
1227.14
1227.15
1227.15
1227.16
1227.17
1227.17
1227.17
1227.16
1227.16
1227.18
1227.17
1227.16
1227.15
1227.09
1227.08
1227.08
1227.09
1227.08
1227.05
1227
1226.95
1226.91
1226.88
1226.86
1226.76
1226.64
1226.57
1226.45
1226.41
1226.4
1226.36
1226.3
1226.21
1226.11
1225.99
1225.87
1225.73
1225.6
1225.4
1225.21
1225.02
1224.89
1224.72
1224.63
1224.35
1226.02
1226.03
1226.04
1226.07
1226.11
1226.17
1226.23
1226.28
1226.32
1226.34
1226.34
1226.32
1226.3
1226.3
1226.32
1226.37
1226.4
1226.43
1226.48
1226.54
1226.62
1226.69
1226.74
1226.78
1226.81
1226.83
1226.85
1226.86
1226.87
1226.89
1226.9
1226.91
1226.93
1226.94
1226.96
1226.97
1226.98
1227
1227.02
1227.04
1227.05
1227.06
1227.07
1227.08
1227.08
1227.07
1227.05
1227.05
1227.05
1227.07
1227.08
1227.11
1227.12
1227.14
1227.14
1227.15
1227.15
1227.15
1227.17
1227.17
1227.17
1227.17
1227.16
1227.16
1227.18
1227.18
1227.17
1227.15
1227.09
1227.07
1227.08
1227.09
1227.09
1227.06
1227
1226.95
1226.91
1226.89
1226.87
1226.76
1226.64
1226.57
1226.44
1226.4
1226.4
1226.36
1226.31
1226.22
1226.11
1225.99
1225.87
1225.73
1225.6
1225.41
1225.21
1225.01
1224.89
1224.72
1224.63
1224.35
1226
1226.01
1226.02
1226.04
1226.09
1226.15
1226.22
1226.27
1226.31
1226.33
1226.32
1226.3
1226.27
1226.27
1226.29
1226.35
1226.37
1226.41
1226.46
1226.52
1226.61
1226.68
1226.73
1226.77
1226.8
1226.82
1226.84
1226.85
1226.87
1226.88
1226.89
1226.91
1226.92
1226.94
1226.96
1226.96
1226.98
1227
1227.01
1227.03
1227.05
1227.06
1227.07
1227.08
1227.08
1227.07
1227.04
1227.04
1227.03
1227.04
1227.06
1227.11
1227.12
1227.14
1227.14
1227.15
1227.15
1227.16
1227.17
1227.18
1227.18
1227.18
1227.17
1227.17
1227.18
1227.18
1227.17
1227.16
1227.09
1227.07
1227.07
1227.1
1227.09
1227.06
1227.01
1226.95
1226.92
1226.89
1226.88
1226.77
1226.63
1226.56
1226.44
1226.4
1226.4
1226.37
1226.31
1226.22
1226.12
1225.99
1225.87
1225.73
1225.6
1225.41
1225.21
1225
1224.88
1224.72
1224.63
1224.35
1289.83
1274.59
1282.5
1282.27
1282.06
1283.17
1283.12
1283.51
1283.58
1283.74
1283.77
1283.83
1283.85
1283.89
1283.92
1283.96
1284.01
1284.07
1284.11
1284.14
1284.15
1284.11
1284.04
1283.93
1283.79
1283.64
1283.47
1283.3
1283.11
1282.93
1282.74
1282.54
1282.34
1282.14
1281.97
1281.83
1281.71
1281.61
1281.53
1281.45
1281.36
1281.26
1281.14
1281.02
1280.9
1280.8
1280.7
1280.64
1280.57
1280.53
1290.29
1273.61
1282.05
1282.34
1281.87
1283.05
1283.03
1283.41
1283.46
1283.61
1283.72
1283.82
1283.84
1283.89
1283.92
1283.96
1284.01
1284.07
1284.12
1284.16
1284.16
1284.12
1284.05
1283.94
1283.8
1283.66
1283.5
1283.31
1283.12
1282.93
1282.73
1282.54
1282.34
1282.14
1281.97
1281.83
1281.71
1281.61
1281.53
1281.45
1281.37
1281.26
1281.14
1281.02
1280.9
1280.79
1280.69
1280.63
1280.57
1280.52
1290.68
1272.47
1281.48
1282.34
1281.76
1283.16
1283.14
1283.43
1283.45
1283.58
1283.65
1283.78
1283.84
1283.88
1283.91
1283.96
1284.01
1284.08
1284.14
1284.17
1284.18
1284.14
1284.06
1283.95
1283.81
1283.67
1283.52
1283.34
1283.13
1282.94
1282.73
1282.54
1282.34
1282.14
1281.96
1281.82
1281.71
1281.61
1281.53
1281.45
1281.37
1281.26
1281.14
1281.01
1280.89
1280.78
1280.69
1280.62
1280.56
1280.52
1291.01
1271.1
1280.73
1282.31
1281.73
1283.12
1283.15
1283.54
1283.61
1283.71
1283.46
1283.49
1283.47
1283.46
1283.51
1283.66
1283.9
1284.07
1284.15
1284.19
1284.2
1284.16
1284.08
1283.96
1283.82
1283.68
1283.53
1283.36
1283.16
1282.95
1282.74
1282.54
1282.34
1282.13
1281.96
1281.82
1281.7
1281.61
1281.53
1281.45
1281.37
1281.27
1281.14
1281.01
1280.89
1280.78
1280.68
1280.61
1280.55
1280.51
1291.42
1269.48
1279.73
1282.29
1281.38
1282.75
1282.84
1283.38
1283.58
1283.72
1283.54
1283.11
1283.13
1283.18
1283.21
1283.26
1283.51
1283.98
1284.16
1284.21
1284.22
1284.18
1284.1
1283.97
1283.84
1283.69
1283.54
1283.37
1283.18
1282.98
1282.76
1282.55
1282.34
1282.12
1281.95
1281.82
1281.7
1281.6
1281.53
1281.46
1281.37
1281.26
1281.14
1281
1280.88
1280.77
1280.68
1280.6
1280.54
1280.5
1291.99
1267.48
1278.45
1281.96
1280.06
1281.74
1281.81
1282.28
1283.05
1283.68
1283.39
1283.09
1283.12
1283.17
1283.21
1283.26
1283.31
1283.63
1284.11
1284.23
1284.24
1284.2
1284.11
1283.99
1283.85
1283.7
1283.55
1283.38
1283.19
1282.99
1282.77
1282.54
1282.33
1282.12
1281.92
1281.68
1281.17
1280.17
1279.71
1279.73
1279.77
1279.65
1279.49
1279.39
1279.44
1279.52
1279.42
1279.2
1278.84
1278.67
1292.24
1264.75
1276.79
1281.41
1279.78
1281.7
1281.79
1282.18
1282.24
1282.66
1283.34
1283.47
1283.5
1283.2
1283.21
1283.26
1283.31
1283.38
1283.9
1284.24
1284.26
1284.22
1284.13
1284
1283.86
1283.71
1283.56
1283.39
1283.2
1283
1282.77
1282.54
1282.33
1280.93
1280.1
1279.97
1279.86
1279.77
1279.71
1279.64
1279.55
1279.45
1279.32
1279.18
1279.04
1278.93
1278.83
1278.76
1278.7
1278.66
1291.72
1262.22
1274.54
1282.33
1280.27
1281.86
1281.76
1282.17
1282.23
1282.34
1282.79
1283.43
1283.19
1283.16
1283.2
1283.26
1283.31
1283.37
1283.54
1284.26
1284.29
1284.25
1284.15
1284.02
1283.87
1283.72
1283.57
1283.4
1283.21
1283
1282.77
1282.54
1282.25
1281.92
1281.64
1281.33
1280.58
1279.79
1279.71
1279.65
1279.88
1280.03
1279.87
1279.64
1279.52
1279.51
1279.44
1279.16
1278.71
1278.65
1291.64
1259.28
1271.66
1282.46
1280.48
1282.8
1282.84
1282.84
1282.24
1282.33
1282.34
1282.65
1283.54
1283.62
1283.32
1283.25
1283.31
1283.38
1283.78
1284.28
1284.32
1284.27
1284.17
1284
1283.83
1283.68
1283.55
1283.42
1283.22
1283
1282.77
1282.53
1282.31
1282.13
1281.99
1281.87
1281.81
1281.75
1281.69
1281.63
1281.55
1281.44
1281.3
1281.16
1281.01
1280.89
1280.79
1280.72
1280.64
1280.49
1291.86
1256.74
1268.84
1283.42
1280.52
1282.96
1283.06
1283.46
1283.46
1283.35
1283.13
1283.22
1283.48
1283.77
1283.81
1283.78
1283.79
1283.91
1284.15
1284.32
1284.35
1284.28
1284.08
1283.92
1283.77
1283.62
1283.56
1283.44
1283.24
1283.02
1282.76
1282.49
1282.25
1282.08
1281.95
1281.86
1281.8
1281.75
1281.7
1281.63
1281.54
1281.42
1281.28
1281.13
1281.01
1280.87
1280.78
1280.71
1280.67
1280.65
1286.28
1252.87
1264.51
1284.47
1280.85
1283.08
1283.19
1283.63
1283.71
1283.81
1283.82
1283.89
1283.9
1283.96
1284.03
1284.09
1284.16
1284.24
1284.28
1284.28
1284.31
1284.26
1284.16
1284.02
1283.89
1283.76
1283.61
1283.45
1283.25
1283.03
1282.62
1282.16
1281.93
1281.75
1281.59
1281.8
1281.8
1281.77
1281.72
1281.66
1281.56
1281.43
1281.29
1281.14
1280.99
1280.86
1280.76
1280.69
1280.65
1280.63
1284.01
1247.85
1258.29
1285.17
1281.24
1283.08
1283.17
1283.62
1283.7
1283.8
1283.81
1283.87
1283.89
1283.96
1284.02
1284.09
1284.16
1284.25
1284.32
1284.37
1284.41
1284.37
1284.26
1284.1
1283.94
1283.78
1283.63
1283.47
1283.27
1283.04
1282.76
1282.4
1282.09
1281.91
1281.83
1281.82
1281.79
1281.76
1281.72
1281.67
1281.58
1281.46
1281.31
1281.14
1280.98
1280.84
1280.74
1280.67
1280.63
1280.61
1288.2
1002.12
1201.07
1285.84
1281.9
1283.09
1283.13
1283.63
1283.7
1283.78
1283.8
1283.86
1283.88
1283.95
1284.01
1284.08
1284.16
1284.25
1284.35
1284.42
1284.46
1284.42
1284.29
1284.12
1283.95
1283.8
1283.65
1283.49
1283.29
1283.06
1282.8
1282.54
1282.3
1282.1
1281.94
1281.83
1281.78
1281.76
1281.72
1281.67
1281.59
1281.46
1281.31
1281.13
1280.97
1280.83
1280.72
1280.65
1280.61
1280.6
1290.93
678.084
973.519
1277.82
1282.99
1283.03
1283.17
1283.64
1283.71
1283.77
1283.78
1283.84
1283.87
1283.94
1284
1284.08
1284.16
1284.26
1284.37
1284.46
1284.51
1284.46
1284.33
1284.15
1283.97
1283.81
1283.66
1283.51
1283.31
1283.07
1282.8
1282.53
1282.28
1282.08
1281.92
1281.81
1281.77
1281.75
1281.73
1281.68
1281.6
1281.47
1281.31
1281.12
1280.95
1280.81
1280.7
1280.63
1280.59
1280.57
1233.29
495.85
718.616
1178.98
1284.59
1282.61
1281.44
1283.3
1283.68
1283.76
1283.77
1283.83
1283.85
1283.92
1284
1284.07
1284.16
1284.26
1284.39
1284.5
1284.56
1284.52
1284.37
1284.17
1283.98
1283.83
1283.68
1283.53
1283.33
1283.08
1282.81
1282.52
1282.26
1281.98
1281.73
1281.61
1281.65
1281.74
1281.73
1281.69
1281.61
1281.48
1281.31
1281.11
1280.75
1280.11
1279.76
1279.65
1279.67
1279.88
693.399
110.472
254.137
819.789
726.469
604.119
602.74
620.815
624.523
624.452
624.203
625.739
626.437
628.415
630.75
632.601
634.824
637.998
642.142
645.977
648.122
646.809
642.327
636.314
631.278
627.093
623.386
619.228
613.331
606.129
597.928
589.585
582.072
576.11
571.452
568.985
568.309
568.191
568.015
567.113
564.896
561.187
556.071
550.263
545.256
541.545
538.661
537.009
536.323
535.974
848.491
23.6376
5.24768
91.7982
22.093
0.0553595
0.0383991
0.00456813
0.0012567
0.00150046
0.0162392
0.0453515
0.110843
0.188735
0.171849
0.329469
0.492842
0.634406
0.479246
0.345717
0.23026
0.131347
0.0574874
0.0207723
0.00206993
-0.000227561
-0.000208715
0.000761693
0.0153975
0.0159085
0.0163115
0.0166682
0.0170212
0.0173372
0.0174878
0.00958489
0.00181288
0.00186105
0.00196334
0.00249475
0.00285298
0.0130993
0.0453377
0.0562437
0.0306137
0.0118306
0.00238045
0.00210599
0.00355388
0.00516759
1388.92
139.488
0.537945
0.0637734
0.0150944
0.052
0.0365748
0.00982658
0.00228386
0.00215787
0.446832
0.520433
0.519829
0.283931
0.169964
0.453531
0.655382
0.64322
0.628322
0.619831
0.630483
0.642217
0.642312
0.641892
0.0639336
0.000692042
0.000631863
0.00851229
0.479232
0.487802
0.487958
0.488287
0.487988
0.488468
0.488143
0.253884
0.00235496
0.00218424
0.00210902
0.00257122
0.0028763
0.0127898
0.045022
0.0561482
0.0551382
0.0262266
0.00246344
0.00226445
0.0451033
0.100521
757.159
18.4794
0.0369883
0.00362784
0.0153039
0.0352391
0.0330663
0.0123134
0.00174381
0.00162037
0.00112899
0.00238006
0.00716808
0.0102311
0.00924642
0.00381113
0.00284059
0.0067068
0.00948182
0.00954155
0.00981371
0.0105313
0.012094
0.0119822
0.0122819
0.00250042
0.000107127
0.00045959
-0.000474984
5.06205e-05
0.000359544
0.000509334
0.000837518
0.00121329
0.00123545
0.00181208
0.00249134
0.00215765
0.00203119
0.00252563
0.00283354
0.0036157
0.00373324
0.003772
0.00287461
0.00225797
0.00225017
0.00205164
0.00200512
0.00185158
30.73
-0.229479
0.041086
0.00273538
-0.00245319
0.00260244
0.00137588
0.00220375
0.00201596
0.00169059
0.00112395
0.000561701
0.000329167
0.000281975
0.00066864
0.000299104
-0.000228202
-0.000464763
-0.000581867
-0.000811129
-0.000973723
-0.00109789
-0.00121322
-0.00137048
-0.000156509
0.000366069
0.000368707
0.000562109
-0.000399364
-0.000149531
0.000201082
0.000524389
0.00083087
0.00102083
0.00120115
0.00131831
0.00200166
0.00197861
0.00203421
0.00252277
0.00281176
0.00357294
0.00367119
0.00371086
0.00278233
0.00217591
0.00219933
0.0020472
0.00197129
0.00181769
328.582
-0.202636
0.0304592
-0.00570478
0.00218485
0.00258518
0.00109933
0.00174411
0.00180564
0.00165522
0.00118024
0.000645438
0.000393125
0.000241883
0.00057119
0.000255635
-0.000200308
-0.000454675
-0.000591624
-0.000813981
-0.000949707
-0.00106193
-0.00109436
-0.00124352
-0.000309213
2.54194e-05
0.000136067
0.000455097
-0.000316291
-9.18137e-05
0.000193597
0.000494402
0.000792883
0.000991824
0.0012039
0.00131365
0.00191862
0.00191572
0.00200532
0.00249957
0.00278234
0.00354984
0.00365402
0.00369286
0.00276321
0.0021048
0.00213037
0.00195163
0.00191645
0.00176311
420.975
-0.0637232
0.0226052
-0.00763087
0.00484542
0.00239379
0.00140502
0.00176294
0.00183769
0.00168275
0.00118988
0.00067479
0.000406457
0.000269015
0.000551959
0.000215759
-0.000185958
-0.000436829
-0.000573595
-0.000781869
-0.000907421
-0.00102694
-0.00103104
-0.00118924
-0.000290975
2.06077e-05
0.000150622
0.00037484
-0.000234174
-5.05985e-05
0.000202585
0.000488235
0.000767619
0.000966967
0.00119419
0.00132342
0.00186154
0.00187394
0.00197056
0.00247931
0.00275425
0.00430624
0.00800529
0.00684563
0.00346448
0.00207666
0.00206412
0.00189816
0.00186467
0.0017108
13.6462
-0.0603284
0.00552194
-0.00798609
0.00575221
0.00221616
0.00169487
0.00178347
0.00187259
0.00166752
0.00121437
0.000705538
0.000455893
0.000256211
0.000506501
0.000182578
-0.000174438
-0.000424696
-0.000564373
-0.000761502
-0.000877383
-0.000987574
-0.000972322
-0.00110274
-0.000305463
-1.45283e-05
0.000113445
0.000318402
-0.000176577
-1.39361e-05
0.000205827
0.000474466
0.000738082
0.000941906
0.0011878
0.00132965
0.00180109
0.00183077
0.0019195
0.00246162
0.00693016
0.0365126
0.0472412
0.0473185
0.023983
0.00236942
0.00195689
0.00184445
0.00181268
0.00166377
-0.0967582
-0.0583255
0.00463845
-0.00760409
0.00573232
0.00213229
0.00179617
0.00180001
0.00189096
0.00163465
0.00123428
0.000728896
0.000484134
0.000266589
0.000473999
0.000153559
-0.000166905
-0.00041332
-0.000552491
-0.00073986
-0.000848587
-0.000949469
-0.000930834
-0.00101669
-0.000319439
-3.93133e-05
7.88322e-05
0.000285633
-0.000130555
1.42905e-05
0.000208384
0.000461038
0.000708304
0.000915711
0.00118069
0.0013367
0.00174899
0.00177953
0.00186368
0.027921
0.0477859
0.0475364
0.0472673
0.047356
0.0315934
0.00226743
0.00185621
0.00180301
0.00177957
0.00164232
0.445432
-0.0462759
0.00795285
-0.00721059
0.00536224
0.00204148
0.00188353
0.00180429
0.00189905
0.00160585
0.001249
0.000750534
0.000509328
0.000273724
0.000443016
0.000125052
-0.000163033
-0.000404894
-0.000542637
-0.00072113
-0.000823907
-0.000910479
-0.000901155
-0.000943822
-0.000326196
-6.17146e-05
4.61463e-05
0.000256864
-9.55129e-05
3.68567e-05
0.000219905
0.000463782
0.000692306
0.000893207
0.00117854
0.00135431
0.00171134
0.00172781
0.00513855
0.0336424
0.0379132
0.0431463
0.047293
0.0473954
0.00967457
0.0017286
0.00176669
0.00173164
0.00169318
0.00156438
0.00678665
-0.0388669
0.00815672
-0.00683116
0.00485797
0.001968
0.00192608
0.00179405
0.00189878
0.00157457
0.00125734
0.000766718
0.000526621
0.000280955
0.000413214
9.79669e-05
-0.000161747
-0.000398329
-0.000533647
-0.000704106
-0.000801655
-0.000879537
-0.000861123
-0.000889182
-0.00033114
-8.54782e-05
2.55192e-05
0.000234143
-6.768e-05
5.48556e-05
0.000212939
0.000437365
0.000651619
0.00501924
0.023349
0.0246003
0.0249141
0.0249521
0.017582
0.00291365
0.00110741
0.000827612
0.0106738
0.0306219
0.0295912
0.00509885
0.00168269
0.00166876
0.0016385
0.00151859
-0.0277465
-0.0332369
0.00834594
-0.00650676
0.00442321
0.00190237
0.00194579
0.00177315
0.0018914
0.0015426
0.00126227
0.000779916
0.000542108
0.000288462
0.000386253
7.49564e-05
-0.000161481
-0.000392235
-0.000524462
-0.000687448
-0.000780048
-0.000854879
-0.000819213
-0.000842392
-0.000334601
-0.000111295
1.72866e-05
0.000281057
8.0976e-05
0.000179609
0.000261605
0.000429357
0.000623709
0.00290788
0.0175061
0.0245981
0.0237793
0.0134381
0.00309953
0.0010563
0.00107564
0.000805136
0.00040241
0.00230485
0.0097224
0.0091223
0.0019446
0.00160892
0.00158586
0.0014741
-0.0246003
-0.028898
0.00820609
-0.00618719
0.00408584
0.00182999
0.00195189
0.00174704
0.00188065
0.00151277
0.00126576
0.000791425
0.000556904
0.000295056
0.000361718
5.4192e-05
-0.000162691
-0.0003872
-0.000515863
-0.0006718
-0.000759973
-0.000829568
-0.000790182
-0.00079622
-0.000335155
-0.00013007
4.1387e-06
0.000247281
0.000217755
0.000330996
0.000467319
0.000669205
0.000781516
0.000754956
0.000719316
0.00137835
0.00129147
0.0010749
0.00122456
0.00102598
0.0010442
0.000781746
0.000423998
0.000180765
0.000689254
0.00145163
0.00167649
0.00157498
0.00153494
0.00143092
-0.0220312
-0.0255332
0.00774675
-0.00588682
0.00381879
0.00175095
0.00195658
0.00171632
0.00186642
0.00148391
0.00126683
0.000800615
0.000569756
0.00030029
0.000338912
3.47424e-05
-0.000165121
-0.000383178
-0.000507944
-0.000657213
-0.000741199
-0.00080634
-0.000762986
-0.000759752
-0.000334796
-0.000145896
-4.36065e-06
0.000176508
5.21182e-05
0.000308916
0.000457922
0.00057327
0.000615666
0.000678033
0.000574758
0.000699752
0.000931247
0.00104115
0.00118547
0.00100186
0.00101411
0.000757206
0.000439811
0.000221327
0.000620281
0.00119629
0.00145434
0.00149593
0.00148583
0.00138907
-0.020002
-0.022778
0.00709829
-0.0055518
0.00362804
0.00168628
0.00195797
0.00168227
0.00184944
0.00145605
0.00126583
0.000807735
0.000580648
0.000304208
0.000317654
1.65207e-05
-0.000168515
-0.000380044
-0.000500718
-0.000643525
-0.000723465
-0.000784282
-0.000738779
-0.00072772
-0.000332706
-0.000158545
-1.1693e-05
0.000150017
-1.33742e-05
9.09622e-05
0.000211143
0.000389751
0.00055347
0.000657906
0.000570881
0.000696725
0.000905824
0.00101019
0.00114874
0.000977974
0.000985314
0.000735469
0.000448225
0.000259206
0.000610336
0.00114104
0.0013924
0.00144322
0.00143821
0.0013483
-0.018164
-0.0204888
0.0064029
-0.0052459
0.00346263
0.00160935
0.0019546
0.00164694
0.00183026
0.00142916
0.001263
0.000812954
0.000589561
0.000306833
0.000297752
-6.64682e-07
-0.000172677
-0.00037771
-0.000494119
-0.00063056
-0.000706874
-0.000763762
-0.000716854
-0.000699033
-0.000331321
-0.000167844
-1.85443e-05
0.000133128
-5.59137e-06
9.06802e-05
0.000204261
0.000379043
0.000534433
0.000639368
0.000565625
0.000692351
0.000882681
0.000981441
0.00111396
0.00095443
0.000957769
0.000715638
0.000453179
0.000292255
0.00060094
0.00109133
0.00133504
0.00139284
0.00139238
0.00130887
-0.0166293
-0.0186104
0.0057557
-0.00497375
0.00321297
0.00154194
0.00194759
0.00161046
0.00180949
0.00140319
0.00125853
0.000816374
0.000596481
0.000308178
0.000279024
-1.69734e-05
-0.000177457
-0.00037606
-0.000488007
-0.000618392
-0.000691505
-0.000744476
-0.000696876
-0.00067275
-0.000330534
-0.000174829
-2.57127e-05
0.000117335
8.88919e-07
9.42218e-05
0.00020238
0.000369408
0.000516399
0.000621699
0.00055955
0.000686785
0.000862217
0.000954382
0.00108096
0.000931354
0.00093137
0.000697237
0.000456574
0.000320139
0.00059208
0.00104629
0.00128169
0.00134466
0.00134816
0.00127064
-0.0153393
-0.016984
0.00512705
-0.00466522
0.00292423
0.00149957
0.00192905
0.00157267
0.0017879
0.00137757
0.00125233
0.00081796
0.000601404
0.000308242
0.000261291
-3.25398e-05
-0.000182722
-0.000374917
-0.000482415
-0.000607137
-0.000677138
-0.000726168
-0.000679124
-0.000648658
-0.00032845
-0.000180666
-3.28974e-05
0.000102585
5.57877e-06
9.62342e-05
0.00019997
0.000359996
0.000499482
0.000604809
0.000553152
0.000679458
0.000843173
0.000928703
0.0010496
0.000908818
0.000906013
0.000680082
0.000458666
0.000343827
0.000583788
0.00100523
0.00123184
0.00129849
0.00130543
0.00123354
-0.0142369
-0.015564
0.00449068
-0.00435804
0.00265453
0.00144
0.00191583
0.0015298
0.0017667
0.00135317
0.00124495
0.000817856
0.000604258
0.000307011
0.000244399
-4.75131e-05
-0.000188286
-0.000374323
-0.00047745
-0.000596692
-0.000663468
-0.000708758
-0.000659545
-0.000628173
-0.000326957
-0.000185582
-3.9669e-05
8.89959e-05
9.07048e-06
9.72614e-05
0.000197201
0.000350824
0.000483551
0.000588599
0.000546201
0.000670823
0.000823478
0.000904199
0.00101966
0.000886804
0.000881543
0.000663957
0.000459793
0.000364139
0.000576174
0.000967518
0.00118491
0.00125406
0.00126397
0.00119739
-0.0132852
-0.0143029
0.00388331
-0.00403433
0.00241878
0.00135696
0.00190329
0.00147891
0.00173786
0.00132643
0.0012349
0.0008159
0.000605216
0.00030445
0.000228132
-6.18243e-05
-0.000194274
-0.000373955
-0.000473116
-0.000586653
-0.000650432
-0.000692151
-0.000638061
-0.000612393
-0.000325233
-0.000189758
-4.59812e-05
7.65514e-05
1.16673e-05
9.75791e-05
0.000194207
0.000341941
0.000468548
0.000573106
0.000538582
0.00066219
0.000803949
0.00088107
0.000991173
0.000865557
0.000858056
0.000648863
0.000460205
0.000381341
0.000568942
0.000932776
0.00114088
0.00121165
0.00122409
0.00116251
1280.51
1280.5
1280.54
1280.59
1280.65
1280.73
1280.84
1280.98
1281.11
1281.29
1281.46
1281.67
1281.92
1282.21
1282.51
1282.87
1283.26
1283.66
1284.09
1284.52
1284.97
1285.39
1285.79
1286.11
1286.35
1286.48
1286.91
1286.5
1286.41
1284.92
1284.59
1284.33
1284.5
1285.43
1285
1284.39
1283.7
1282.9
1282.01
1281.03
1280.05
1279.06
1278.12
1277.31
1276.7
1276.5
1277.05
1279
1284.66
1301.48
1280.5
1280.49
1280.54
1280.59
1280.65
1280.74
1280.85
1280.99
1281.12
1281.31
1281.49
1281.7
1281.95
1282.25
1282.57
1282.94
1283.33
1283.76
1284.24
1284.71
1285.2
1285.67
1286.12
1286.48
1286.76
1286.88
1287.34
1286.65
1285.56
1285.38
1285.05
1285.31
1286.47
1286.13
1285.71
1285.18
1284.58
1283.9
1283.16
1282.38
1281.64
1280.97
1280.44
1280.12
1280.13
1280.71
1282.13
1284.92
1290.87
1299.56
1280.5
1280.49
1280.54
1280.6
1280.65
1280.75
1280.86
1281
1281.14
1281.33
1281.52
1281.75
1282.01
1282.29
1282.61
1283.01
1283.44
1283.91
1284.42
1284.95
1285.48
1285.99
1286.45
1286.85
1287.14
1286.99
1286.37
1286.14
1286.13
1285.75
1285.9
1287.33
1287.1
1286.79
1286.42
1285.97
1285.46
1284.9
1284.28
1283.72
1283.21
1282.82
1282.64
1282.7
1283.17
1284.19
1285.95
1288.73
1293.36
1298.01
1280.49
1280.49
1280.54
1280.6
1280.66
1280.76
1280.87
1281.02
1281.16
1281.35
1281.55
1281.79
1282.06
1282.38
1282.74
1283.15
1283.6
1284.1
1284.63
1285.17
1285.73
1286.2
1286.32
1286.28
1285.93
1286.23
1286.4
1286.88
1286.62
1286.5
1288.06
1287.96
1287.71
1287.43
1287.11
1286.73
1286.31
1285.84
1285.39
1284.99
1284.68
1284.56
1284.61
1284.94
1285.66
1286.86
1288.62
1291.07
1294.59
1297.91
1280.49
1280.48
1280.54
1280.6
1280.67
1280.77
1280.87
1280.97
1281.01
1281.05
1281.1
1281.21
1281.4
1281.7
1282.09
1282.68
1283.52
1284.2
1284.64
1284.97
1285.24
1284.83
1285.41
1285.94
1286.4
1286.76
1286.94
1287.46
1287.5
1288.74
1288.74
1288.57
1288.31
1288.05
1287.77
1287.45
1287.11
1286.73
1286.41
1286.16
1286.04
1286.06
1286.28
1286.78
1287.6
1288.8
1290.4
1292.41
1295.05
1297.46
1278.74
1279.12
1279.77
1280.09
1280.16
1280.13
1279.66
1279.23
1279.38
1279.59
1279.8
1280.06
1280.36
1280.71
1281.1
1281.55
1282.04
1282.63
1283.18
1283.81
1284.47
1285.14
1285.78
1286.37
1286.89
1287.33
1287.62
1288.45
1289.71
1289.48
1289.39
1289.13
1288.86
1288.62
1288.37
1288.1
1287.83
1287.57
1287.33
1287.21
1287.19
1287.32
1287.64
1288.2
1289.03
1290.14
1291.52
1293.15
1295.16
1296.96
1278.65
1278.65
1278.68
1278.73
1278.82
1278.93
1279.07
1279.23
1279.4
1279.61
1279.83
1280.09
1280.4
1280.77
1281.18
1281.65
1282.17
1282.74
1283.37
1284.04
1284.75
1285.46
1286.16
1286.81
1287.41
1287.94
1289.35
1290.42
1290.44
1290.19
1289.99
1289.66
1289.36
1289.11
1288.88
1288.67
1288.46
1288.27
1288.13
1288.07
1288.12
1288.31
1288.68
1289.24
1290.02
1291
1292.17
1293.5
1295.07
1296.48
1278.64
1278.64
1278.67
1278.73
1278.82
1278.94
1279.08
1279.24
1279.42
1279.63
1279.86
1280.13
1280.45
1280.83
1281.25
1281.75
1282.29
1282.89
1283.56
1284.27
1285.02
1285.79
1286.55
1287.29
1288.43
1290.45
1291.02
1291.26
1291.17
1290.86
1290.55
1290.13
1289.78
1289.51
1289.3
1289.11
1288.96
1288.83
1288.75
1288.74
1288.83
1289.03
1289.39
1289.92
1290.62
1291.48
1292.46
1293.54
1294.81
1295.93
1280.2
1279.88
1279.79
1279.86
1280
1280.2
1280.48
1280.73
1280.91
1280.97
1280.47
1280.17
1280.5
1280.99
1281.58
1282.24
1282.93
1283.53
1284.02
1284.84
1286.21
1287.66
1288.71
1289.78
1290.57
1291.3
1291.88
1292.15
1291.98
1291.54
1291.09
1290.53
1290.1
1289.79
1289.57
1289.42
1289.32
1289.24
1289.2
1289.22
1289.31
1289.49
1289.81
1290.28
1290.89
1291.62
1292.45
1293.34
1294.37
1295.29
1280.65
1280.66
1280.69
1280.75
1280.84
1280.96
1281.13
1281.3
1281.48
1281.71
1281.97
1282.28
1282.62
1283.03
1283.48
1284.01
1284.6
1285.26
1286
1286.79
1287.62
1288.48
1289.37
1290.28
1291.21
1292.1
1292.83
1293.13
1292.87
1292.22
1291.59
1290.84
1290.27
1289.89
1289.67
1289.56
1289.52
1289.49
1289.48
1289.52
1289.59
1289.7
1289.94
1290.33
1290.86
1291.5
1292.19
1292.93
1293.77
1294.52
1280.63
1280.65
1280.68
1280.74
1280.84
1280.96
1281.13
1281.31
1281.49
1281.73
1281.99
1282.31
1282.66
1283.08
1283.55
1284.09
1284.71
1285.4
1286.17
1287
1287.88
1288.8
1289.77
1290.78
1291.88
1292.97
1293.9
1294.24
1293.86
1292.91
1292.08
1291.03
1290.24
1289.76
1289.53
1289.5
1289.55
1289.59
1289.62
1289.68
1289.71
1289.66
1289.77
1290.08
1290.56
1291.12
1291.73
1292.33
1293
1293.63
1280.61
1280.63
1280.67
1280.74
1280.83
1280.97
1281.13
1281.31
1281.5
1281.74
1282.01
1282.33
1282.69
1283.12
1283.61
1284.17
1284.81
1285.53
1286.33
1287.2
1288.13
1289.11
1290.15
1291.28
1292.57
1293.92
1295.11
1295.5
1294.95
1293.62
1292.55
1291.09
1289.97
1289.34
1289.11
1289.21
1289.44
1289.59
1289.67
1289.81
1289.79
1289.46
1289.36
1289.59
1290.06
1290.62
1291.18
1291.67
1292.15
1292.61
1280.6
1280.62
1280.65
1280.73
1280.83
1280.96
1281.13
1281.32
1281.51
1281.75
1282.02
1282.35
1282.72
1283.16
1283.66
1284.24
1284.9
1285.65
1286.48
1287.38
1288.35
1289.39
1290.51
1291.76
1293.26
1294.91
1296.46
1296.95
1296.21
1294.39
1293.11
1291.07
1289.48
1288.66
1288.5
1288.9
1289.43
1289.68
1289.75
1290.06
1289.87
1288.6
1287.4
1282.16
1283.67
1289.65
1290.47
1290.91
1291.22
1291.45
1280.58
1280.6
1280.64
1280.72
1280.82
1280.96
1281.13
1281.32
1281.52
1281.76
1282.04
1282.37
1282.75
1283.2
1283.72
1284.32
1285
1285.78
1286.64
1287.59
1288.61
1289.71
1290.91
1292.29
1294.02
1296.03
1298.14
1298.88
1297.97
1295.39
1293.58
1290.2
1277.13
1253.41
1259.74
1274.76
1269.19
1238.92
1213.8
1187.71
1117.63
946.667
863.371
909.058
953.693
1008.41
1062.49
1068.35
1040.83
1018.94
1280.37
1280.57
1280.62
1280.7
1280.81
1280.95
1281.12
1281.32
1281.51
1281.75
1282.03
1282.36
1282.75
1283.2
1283.73
1284.33
1285.02
1285.81
1286.69
1287.67
1288.73
1289.91
1291.14
1292.59
1294.53
1297.01
1300.05
1301.04
1297.71
1239.36
1063.51
845.731
641.189
540.675
428.873
381.802
424.507
481.65
434.37
514.343
780.342
657.198
539.311
540.291
540.427
513.428
513.31
512.976
512.985
512.953
535.799
536.211
537.45
539.56
542.036
545.581
549.782
554.626
559.343
564.922
571.508
579.248
588.204
598.65
610.578
624.241
639.766
657.193
676.425
697.022
718.377
739.434
760.239
781.852
809.235
843.218
860.928
827.117
669.035
325.14
337.146
340.95
345.326
348.105
350.106
351.391
352.243
353.392
354.854
355.899
357.162
391.84
822.91
824.173
824.655
825.062
825.304
824.91
824.72
617.656
0.00519448
0.0136078
0.00706727
0.00280695
0.00300282
0.00296467
0.00295618
0.0101386
0.0550626
0.119596
0.131729
0.118269
0.0736816
0.0180456
0.0046266
0.00549159
0.0069352
0.00868742
0.0107936
0.013278
0.01633
0.227152
0.887388
2.33744
5.39105
11.3993
20.3795
47.4813
233.598
282.027
635.911
700.07
703.867
697.183
714.476
723.754
727.01
729.763
732.435
734.589
735.497
736.2
827.376
826.342
825.917
825.787
824.953
825.476
825.715
808.158
0.100568
0.074454
0.00693271
0.00282264
0.00287449
0.00271713
0.00254618
0.00931202
0.0536887
0.118741
0.130589
0.11666
0.071539
0.0148251
0.000899661
0.00116583
0.00161053
0.00221505
0.00301363
0.00401763
0.00525388
0.00671775
0.00968496
0.0147494
0.0386973
0.0609381
0.120038
0.244154
80.1471
213.123
178.821
214.48
294.148
362.374
429.139
471.806
503.614
518.834
519.393
524.74
526.599
496.679
433.241
411.7
411.186
411.349
411.085
407.216
394.668
394.689
0.00185318
0.00215795
0.00237674
0.00267988
0.00318574
0.00384808
0.00419536
0.00425477
0.00370439
0.00274578
0.00206946
0.000930815
0.00115961
0.00151727
0.00191818
0.00247809
0.00324897
0.00422648
0.00546322
0.0069911
0.00896657
0.0114005
0.0155529
0.0210275
0.104147
0.05435
0.0586813
0.051965
-0.000204358
6.56676
0.494245
0.457808
0.420653
0.38118
0.351974
1.82184
8.10213
13.209
15.2034
14.0724
9.6038
5.84931
0.528207
0.0321935
0.0126855
0.00804111
0.00610022
0.00760216
0.0157132
0.0252314
0.00188429
0.00250338
0.00404463
0.0112406
0.0223503
0.0228006
0.0226329
0.0223765
0.0207374
0.00131528
0.000745992
0.000831615
0.00105573
0.00140813
0.00182001
0.00238815
0.00316139
0.0041406
0.00538609
0.00693244
0.00893687
0.0114271
0.015448
0.0204288
0.297686
0.317509
0.0597246
0.0624695
0.0130473
0.0156818
1.48769
1.64927
1.64633
1.36528
0.553256
0.016802
0.0108505
0.00616146
0.00440325
0.00551662
0.00688903
0.00904417
0.0107092
0.0094798
0.00782329
0.00755266
0.00776493
0.00815667
0.00870207
0.00933173
0.00174751
0.011635
0.0233758
0.0232081
0.0228818
0.0227368
0.0225692
0.0160148
0.00483974
0.000841739
0.000674123
0.000739811
0.000964436
0.00130774
0.00171935
0.00228636
0.0030549
0.00402692
0.00525789
0.00679678
0.00876881
0.0111804
0.0146762
0.0191552
0.215154
0.318689
0.187387
0.0465799
0.0139468
0.0113147
0.556212
1.67133
0.939527
0.00213007
0.00253675
0.0350819
0.00905962
0.0471458
0.119426
0.0189325
0.00906609
0.0090492
0.0109058
0.0111019
0.0100192
0.00941108
0.00917686
0.00930335
0.00960506
0.00978637
0.00199097
0.00265745
0.00339094
0.00280625
0.00149231
0.00113007
0.00095713
0.000818314
0.00070958
0.000694338
0.000627888
0.00065891
0.000881341
0.00122675
0.00163952
0.00220545
0.00296974
0.00393461
0.00514815
0.00664881
0.00853849
0.010821
0.0137683
0.0176148
0.0212259
0.31886
0.323139
0.0374742
0.0138734
0.0106412
0.0015659
0.0011126
-0.00336555
0.000767975
0.00300761
0.00811565
0.00450235
0.25366
0.25452
0.224553
0.0091332
0.00794996
0.00882999
0.00901337
0.00873597
0.00854512
0.00848105
0.0085548
0.00868388
0.00875824
0.00162715
0.00152194
0.00145023
0.00130804
0.00118841
0.0010684
0.000902228
0.000764015
0.000651973
0.000625636
0.000583636
0.000585457
0.00078493
0.00114205
0.00155444
0.00211406
0.00286854
0.00381721
0.00500214
0.00643459
0.00820007
0.0103259
0.0128121
0.0158989
0.0176594
0.260346
0.321184
0.325418
0.0574322
0.00949514
0.00263657
-0.000412533
-0.000493797
0.00180827
0.00297965
0.00372304
0.00361814
0.167228
0.258154
0.259406
0.0745902
0.00725797
0.00768615
0.00797415
0.00805772
0.0080414
0.00807401
0.00812635
0.00817108
0.00819281
0.00159108
0.00147027
0.00139607
0.00125579
0.00113647
0.00101388
0.000849719
0.000711915
0.000597304
0.000561276
0.000527399
0.000531676
0.000682944
0.00105045
0.00146419
0.00201253
0.00275221
0.00367723
0.00482516
0.0061941
0.00782727
0.00975334
0.0118692
0.0143564
0.0158021
0.0169887
0.320855
0.321703
0.0746938
0.0086713
0.00409158
0.00191749
0.00152088
0.00258964
0.00308049
0.00339969
0.00432616
0.00219348
0.103195
0.263878
0.157672
0.00630188
0.00675463
0.00711496
0.00734493
0.00747852
0.00758494
0.00765413
0.00767532
0.00766193
0.00152624
0.00141865
0.00134482
0.00120651
0.00108746
0.000962736
0.000800437
0.00066263
0.000545306
0.000500843
0.000460928
0.000492228
0.000586022
0.000952285
0.00137187
0.00190501
0.00262638
0.003523
0.00462893
0.00593028
0.00744708
0.00919642
0.0109772
0.0130081
0.0141881
0.013996
0.063073
0.0687307
0.0364301
0.0119606
0.00493296
0.00331093
0.00275321
0.00319742
0.00336495
0.00340671
0.00323642
0.00265257
0.00222298
0.179272
0.160354
0.00535791
0.00594764
0.00645052
0.00680098
0.00704271
0.00721115
0.00731125
0.00733517
0.00731172
0.00147893
0.00137094
0.00129637
0.00115996
0.00104119
0.000914714
0.000754091
0.000615964
0.000495913
0.000444074
0.000399021
0.000454257
0.000496389
0.000844966
0.00127843
0.00179394
0.00249428
0.00335967
0.00442106
0.00565354
0.00706063
0.00864875
0.0101318
0.0119603
0.0128433
0.0125907
0.0104467
0.0106297
0.0087803
0.0107498
0.00591429
0.00417758
0.00360761
0.00363296
0.00361997
0.00357938
0.00406703
0.00362958
0.00277035
0.0118356
0.150506
0.020602
0.00550038
0.00606212
0.00648359
0.00678611
0.00699697
0.00712954
0.00717648
0.00717614
0.00143347
0.00132559
0.00125047
0.00111589
0.000997468
0.000869597
0.000710509
0.000571895
0.000449189
0.000390552
0.00034107
0.000400605
0.000434614
0.000730941
0.00118259
0.00168124
0.00235843
0.00319096
0.0042071
0.00537196
0.00667983
0.00812639
0.00943437
0.0111019
0.0115292
0.0114942
0.00995435
0.00982658
0.00828458
0.00737334
0.00619928
0.00475798
0.0041857
0.00404592
0.00392361
0.00382058
0.00550226
0.00544443
0.00399986
0.00345503
0.0306453
0.0328573
0.00654051
0.0058567
0.00630635
0.00664963
0.00691306
0.00709779
0.00719573
0.00724988
0.00138976
0.0012824
0.00120691
0.00107414
0.000956151
0.00082721
0.000669563
0.000530389
0.00040514
0.000340037
0.000286552
0.000332215
0.000394958
0.000618935
0.00108366
0.00156847
0.00222097
0.00301994
0.00399139
0.00509114
0.00630932
0.00760446
0.00891389
0.0101802
0.0104813
0.0105903
0.00943957
0.00919595
0.007918
0.00712835
0.00612555
0.0051768
0.00457734
0.00436111
0.00418847
0.00405643
0.00517234
0.00582957
0.00576983
0.00409785
0.00384576
0.015167
0.00856839
0.00582165
0.00627237
0.00664457
0.00695611
0.00720313
0.00737946
0.00751411
0.00134771
0.00124119
0.00116552
0.00103455
0.000917098
0.000787381
0.000631116
0.000491368
0.000363708
0.000292457
0.000235385
0.000267928
0.000354693
0.000513308
0.000981891
0.00145696
0.00208371
0.00284898
0.00377727
0.00481562
0.00595134
0.00708209
0.00845791
0.00927463
0.0096811
0.00980302
0.0089385
0.00863284
0.0075663
0.00696581
0.00602522
0.00541211
0.00489071
0.00458845
0.00439882
0.00425843
0.00413583
0.00610156
0.0061479
0.00499359
0.00435757
0.0048466
0.00813919
0.0062297
0.0063185
0.00671784
0.00708241
0.00740912
0.00769802
0.00793648
0.00130715
0.00120182
0.00112613
0.000996969
0.000880168
0.000749939
0.000595024
0.00045473
0.000324815
0.000247735
0.000187236
0.00020781
0.000316258
0.000414229
0.000875906
0.00134776
0.00194808
0.00267991
0.00356718
0.00454907
0.00560969
0.00666188
0.0079512
0.00849252
0.00899358
0.00913203
0.00845606
0.00816366
0.00725774
0.00680592
0.00593243
0.00552137
0.00505824
0.00474229
0.00455149
0.00441337
0.0043119
0.0046514
0.00642559
0.00511648
0.00469604
0.00510592
0.00573993
0.00632967
0.00645409
0.00681536
0.00724435
0.00767116
0.00811321
0.00849353
0.00126809
0.00116414
0.00108859
0.000961265
0.000845225
0.00071472
0.000561147
0.000420359
0.000288371
0.000205765
0.00014177
0.000151243
0.000281225
0.00032493
0.000762261
0.00124172
0.00181528
0.00251404
0.00336289
0.00429237
0.0052688
0.00636839
0.00736393
0.00787091
0.00834741
0.00853542
0.00801276
0.00775847
0.00697419
0.00664635
0.00587206
0.00546049
0.00509196
0.00483977
0.00464905
0.00451802
0.00443229
0.00440297
0.00463125
0.0051139
0.00503017
0.00529705
0.00567306
0.00624076
0.00653766
0.0068921
0.00738889
0.00793728
0.00858709
0.00915629
0.0012304
0.00112802
0.00105278
0.000927305
0.000812139
0.00068157
0.000529347
0.00038814
0.000254264
0.000166421
9.87168e-05
9.80221e-05
0.000229987
0.00026606
0.00064183
0.00113952
0.00168636
0.00235232
0.00316584
0.0040455
0.00492792
0.00611006
0.00680131
0.00735933
0.0077833
0.00798963
0.0075986
0.00740613
0.00670055
0.00646895
0.00578386
0.00542199
0.00509888
0.00487992
0.00469898
0.00457381
0.00449853
0.00448543
0.00456134
0.00501573
0.00513424
0.00543789
0.00576662
0.00610014
0.00648413
0.00690277
0.00745109
0.00813477
0.00905814
0.00986721
0.00119398
0.00109334
0.00101852
0.000894946
0.000780766
0.000650324
0.000499478
0.000357945
0.000222369
0.000129571
5.7935e-05
4.81785e-05
0.00016278
0.000231141
0.000523867
0.00103895
0.00156209
0.00219539
0.00297712
0.00380908
0.00466056
0.00578818
0.00630465
0.00691011
0.00729748
0.00751316
0.00720564
0.00709737
0.00645289
0.00624582
0.00567642
0.00537416
0.00508203
0.00487763
0.00470698
0.00458549
0.00451465
0.00450676
0.00458915
0.00477339
0.00513101
0.00558847
0.00672708
0.00625863
0.00636729
0.00677797
0.00735369
0.00816034
0.00941534
0.0105741
0.00115863
0.00105986
0.000985614
0.000863993
0.000750924
0.000620789
0.000471368
0.000329626
0.000192541
9.50547e-05
1.93569e-05
1.59681e-06
9.97008e-05
0.000196138
0.000414603
0.000937096
0.00144286
0.00204373
0.00279657
0.0035728
0.00448207
0.00538601
0.00589181
0.00650232
0.00686311
0.00709048
0.00683063
0.00681159
0.00624657
0.00600966
0.00555783
0.0053002
0.00503482
0.00484287
0.00468074
0.00455971
0.00448679
0.00447379
0.00455064
0.00473391
0.00514155
0.0537677
0.00990678
0.00601907
0.00618354
0.00648682
0.00701955
0.00789627
0.00955186
0.011777
0.0011246
0.00102779
0.000954202
0.000834561
0.000722664
0.000592975
0.000444997
0.000303117
0.0001647
6.27791e-05
-1.703e-05
-4.20314e-05
4.13621e-05
0.000162868
0.000314679
0.00083116
0.00132885
0.00189799
0.0026233
0.00333962
0.00432105
0.00498986
0.00554567
0.00612786
0.0064724
0.00670752
0.00648928
0.00652718
0.00606171
0.00580025
0.00543137
0.00520828
0.00496563
0.00478365
0.00462706
0.00450403
0.00442275
0.00439447
0.00444959
0.00460436
0.0212165
0.0822749
0.0824878
0.00593035
0.00587994
0.00597405
0.00629282
0.0069637
0.00857977
0.0123172
1155.61
1196.81
1203.57
1207.18
1209.74
1211.76
1213.38
1214.49
1215.54
1216.85
1217.84
1218.69
1219.48
1220.25
1221
1221.77
1222.59
1223.3
1215.06
1207.73
1211.65
1220.08
1225.39
1225.49
1225.58
1225.79
1219.77
1207.96
1211.05
1222.15
1227.49
1227.93
1228.29
1228.53
1228.73
1228.96
1229.23
1229.52
1229.78
1229.99
1230.16
1230.29
1230.41
1230.5
1230.58
1230.64
1230.66
1230.65
1230.63
1230.58
1230.53
1230.47
1230.39
1230.27
1230.11
1229.93
1229.71
1229.46
1229.17
1228.86
1228.54
1228.21
1227.88
1227.54
1227.19
1226.83
1226.46
1226.08
1225.69
1225.29
1224.91
1224.54
1224.19
1223.87
1223.56
1223.27
1223.01
1222.76
1222.52
1222.31
1222.11
1221.93
1221.77
1221.66
1221.55
1221.4
1221.32
1221.3
1221.31
1221.35
1221.41
1221.48
1221.55
1221.63
1221.7
1221.78
1221.86
1221.93
1221.99
1222.06
1222.13
1222.2
1222.27
1222.35
1222.42
1222.5
1222.58
1222.66
1222.74
1222.83
1222.91
1223
1223.08
1223.17
1223.26
1223.35
1223.44
1223.53
1223.62
1223.71
1223.81
1223.9
1223.99
1224.08
1224.17
1224.26
1224.35
1224.44
1224.53
1224.62
1224.7
1224.79
1224.87
1224.95
1225.03
1225.1
1225.18
1225.25
1225.31
1225.38
1225.44
1225.5
1225.55
1225.6
1225.66
1225.71
1225.79
1225.86
1225.92
1225.96
1149.22
1153.26
1171.7
1206.86
1209.41
1211.41
1213.03
1214.12
1215.33
1216.39
1217.72
1218.62
1219.45
1220.23
1220.99
1221.74
1222.48
1223.17
1223.81
1224.35
1224.79
1225.16
1225.48
1225.71
1217.81
1201.51
1199.72
1200.08
1200.38
1200.71
1201.47
1222.79
1228.4
1228.57
1228.69
1228.89
1229.19
1229.54
1229.84
1230.06
1230.22
1230.34
1230.44
1230.55
1230.66
1230.72
1230.74
1230.73
1230.72
1230.69
1230.66
1230.59
1230.51
1230.4
1230.25
1230.07
1229.85
1229.58
1229.29
1228.98
1228.66
1228.32
1227.98
1227.64
1227.29
1226.95
1226.59
1226.21
1225.81
1225.42
1225.03
1224.66
1224.32
1224
1223.7
1223.41
1223.14
1222.89
1222.65
1222.43
1222.22
1222.03
1221.85
1221.7
1221.61
1221.47
1221.35
1221.32
1221.33
1221.36
1221.42
1221.48
1221.55
1221.62
1221.69
1221.76
1221.83
1221.9
1221.97
1222.03
1222.1
1222.17
1222.24
1222.31
1222.38
1222.46
1222.54
1222.62
1222.7
1222.78
1222.87
1222.95
1223.04
1223.13
1223.22
1223.31
1223.4
1223.49
1223.58
1223.67
1223.76
1223.86
1223.95
1224.04
1224.12
1224.22
1224.31
1224.4
1224.49
1224.58
1224.64
1224.72
1224.81
1224.91
1224.99
1225.07
1225.14
1225.11
1225.12
1225.24
1225.37
1225.46
1225.51
1225.56
1225.56
1225.48
1225.56
1225.66
1225.85
1225.93
1198.95
1156
1158.46
1160.17
1178.8
1211.59
1213.11
1214.41
1215.47
1216.64
1217.76
1218.65
1219.47
1220.19
1220.97
1221.74
1222.45
1223.11
1223.73
1224.29
1224.79
1225.25
1225.69
1226.1
1205.66
1199.28
1199.52
1199.87
1200.2
1200.58
1200.94
1217.85
1228.54
1228.62
1228.6
1228.77
1229.15
1229.59
1229.94
1230.15
1230.28
1230.38
1230.5
1230.64
1230.75
1230.82
1230.84
1230.84
1230.81
1230.78
1230.75
1230.7
1230.63
1230.53
1230.39
1230.21
1230
1229.74
1229.44
1229.12
1228.78
1228.44
1228.1
1227.76
1227.42
1227.07
1226.7
1226.32
1225.93
1225.53
1225.14
1224.76
1224.43
1224.12
1223.83
1223.54
1223.27
1223.01
1222.77
1222.54
1222.32
1222.12
1221.94
1221.76
1221.61
1221.52
1221.38
1221.33
1221.34
1221.36
1221.42
1221.49
1221.55
1221.61
1221.68
1221.75
1221.81
1221.88
1221.94
1222
1222.07
1222.13
1222.2
1222.27
1222.35
1222.42
1222.5
1222.58
1222.66
1222.74
1222.83
1222.91
1223
1223.09
1223.17
1223.27
1223.36
1223.45
1223.54
1223.63
1223.72
1223.82
1223.91
1224
1224.08
1224.17
1224.26
1224.36
1224.45
1224.53
1224.54
1224.62
1224.71
1224.85
1224.95
1225.03
1225.1
1224.99
1225.04
1225.11
1225.19
1225.35
1225.34
1225.31
1225.37
1225.44
1225.53
1225.6
1225.65
1225.72
1205.69
1203.24
1159.51
1160.89
1161.98
1168.52
1210.77
1215.02
1216.05
1217.01
1217.91
1218.75
1219.48
1220.23
1220.97
1221.75
1222.47
1223.12
1223.74
1224.31
1224.85
1225.36
1225.86
1226.41
1226.99
1206.56
1199.2
1199.56
1199.86
1206.24
1222.73
1228.44
1228.51
1228.8
1206.17
1197.15
1207.43
1229.54
1230.13
1230.3
1230.36
1230.4
1230.5
1230.7
1230.87
1230.95
1230.95
1230.91
1230.86
1230.83
1230.82
1230.8
1230.75
1230.67
1230.54
1230.37
1230.15
1229.89
1229.59
1229.26
1228.91
1228.57
1228.22
1227.88
1227.55
1227.2
1226.83
1226.44
1226.03
1225.62
1225.21
1224.85
1224.53
1224.22
1223.93
1223.67
1223.39
1223.13
1222.88
1222.65
1222.43
1222.21
1222.01
1221.82
1221.64
1221.52
1221.42
1221.32
1221.32
1221.32
1221.39
1221.49
1221.55
1221.61
1221.67
1221.73
1221.8
1221.86
1221.91
1221.97
1222.04
1222.1
1222.17
1222.24
1222.31
1222.38
1222.46
1222.54
1222.62
1222.7
1222.78
1222.87
1222.96
1223.04
1223.13
1223.22
1223.31
1223.41
1223.5
1223.59
1223.68
1223.77
1223.87
1223.96
1224.04
1224.13
1224.22
1224.32
1224.41
1224.48
1224.5
1224.59
1224.67
1224.75
1224.89
1224.99
1225.07
1225.09
1225.01
1225.08
1225.13
1225.19
1225.24
1225.39
1225.43
1225.41
1225.5
1225.57
1225.62
1225.65
1209.06
1210.1
1206.99
1178.21
1162.25
1163.06
1210.55
1215.58
1216.46
1217.33
1218.17
1218.95
1219.63
1220.37
1221.1
1221.88
1222.54
1223.18
1223.79
1224.37
1224.92
1225.46
1225.99
1226.54
1227.12
1227.72
1219.7
1216.63
1222.45
1228.88
1229.13
1228.85
1211.21
1195.91
1196.14
1196.46
1196.7
1197.17
1228.22
1230.51
1230.44
1230.37
1230.45
1230.76
1231.01
1231.09
1231.05
1230.96
1230.87
1230.85
1230.88
1230.88
1230.87
1230.81
1230.7
1230.53
1230.31
1230.05
1229.73
1229.37
1229.02
1228.67
1228.33
1228.01
1227.68
1227.35
1226.99
1226.59
1226.16
1225.71
1225.28
1224.92
1224.62
1224.33
1224.04
1223.79
1223.51
1223.25
1223
1222.74
1222.5
1222.29
1222.08
1221.87
1221.68
1221.5
1221.39
1221.29
1221.28
1221.33
1221.4
1221.49
1221.56
1221.61
1221.66
1221.72
1221.78
1221.83
1221.89
1221.95
1222.01
1222.07
1222.13
1222.2
1222.27
1222.34
1222.42
1222.5
1222.58
1222.66
1222.74
1222.83
1222.91
1223
1223.09
1223.18
1223.27
1223.37
1223.46
1223.55
1223.64
1223.73
1223.83
1223.92
1224.01
1224.09
1224.19
1224.29
1224.38
1224.47
1224.47
1224.55
1224.68
1224.77
1224.84
1224.91
1224.99
1225.1
1225.18
1225.24
1225.16
1225.22
1225.35
1225.45
1225.52
1225.59
1225.69
1225.59
1225.6
1225.63
1211.76
1212.38
1213.08
1213.83
1201.75
1169.89
1204.9
1216.07
1216.9
1217.72
1218.5
1219.25
1219.96
1220.65
1221.36
1222.03
1222.65
1222.87
1223.81
1224.46
1225.02
1225.56
1226.1
1226.63
1227.18
1227.72
1228.22
1228.63
1228.96
1229.26
1229.53
1208.13
1195.42
1195.6
1195.89
1196.16
1196.38
1206.4
1230.78
1230.76
1230.59
1214.77
1203.49
1227.3
1231.26
1231.32
1231.19
1230.99
1230.82
1230.8
1230.91
1230.96
1230.99
1230.97
1230.87
1230.71
1230.49
1230.21
1229.87
1229.47
1229.09
1228.75
1228.41
1228.11
1227.83
1227.52
1227.16
1226.75
1226.29
1225.8
1225.33
1224.97
1224.71
1224.45
1224.18
1223.91
1223.63
1223.36
1223.1
1222.82
1222.58
1222.34
1222.11
1221.91
1221.71
1221.5
1221.3
1221.26
1221.26
1221.37
1221.46
1221.51
1221.57
1221.61
1221.66
1221.71
1221.76
1221.81
1221.86
1221.92
1221.97
1222.03
1222.1
1222.16
1222.23
1222.31
1222.38
1222.46
1222.54
1222.62
1222.7
1222.79
1222.87
1222.96
1223.05
1223.14
1223.23
1223.33
1223.42
1223.51
1223.6
1223.69
1223.79
1223.88
1223.98
1224.07
1224.16
1224.25
1224.33
1224.41
1224.49
1224.6
1224.69
1224.77
1224.85
1224.93
1225
1225.07
1225.15
1225.22
1225.28
1225.34
1225.36
1225.41
1225.46
1225.53
1225.66
1225.76
1225.82
1225.83
1214.06
1214.37
1214.83
1215.33
1215.88
1190.71
1169.93
1184.25
1217.36
1218.18
1218.91
1219.61
1220.29
1220.95
1221.6
1222.02
1222.07
1222.67
1223.27
1224.58
1225.15
1225.69
1226.21
1226.74
1227.25
1227.76
1228.24
1228.68
1229.08
1229.48
1229.89
1230.32
1197.16
1195.24
1195.49
1201.44
1223.69
1230.74
1230.45
1227.76
1196.89
1191.46
1191.77
1192.15
1224.75
1231.66
1231.36
1230.98
1230.67
1230.69
1230.95
1231.04
1231.12
1231.16
1231.08
1230.91
1230.69
1230.4
1230.02
1229.54
1229.13
1228.79
1228.44
1228.17
1227.96
1227.7
1227.38
1226.96
1226.44
1225.87
1225.34
1225.01
1224.83
1224.58
1224.31
1224.06
1223.77
1223.49
1223.21
1222.94
1222.69
1222.44
1222.18
1221.95
1221.73
1221.48
1221.21
1221.17
1221.26
1221.37
1221.49
1221.54
1221.58
1221.62
1221.65
1221.7
1221.74
1221.79
1221.84
1221.89
1221.94
1222
1222.06
1222.13
1222.2
1222.27
1222.34
1222.42
1222.5
1222.58
1222.66
1222.75
1222.83
1222.91
1223
1223.09
1223.19
1223.29
1223.38
1223.41
1223.46
1223.56
1223.73
1223.84
1223.94
1224.03
1224.13
1224.22
1224.31
1224.4
1224.49
1224.57
1224.66
1224.74
1224.82
1224.89
1224.96
1225.04
1225.11
1225.19
1225.24
1225.31
1225.32
1225.36
1225.43
1225.49
1225.65
1225.75
1225.81
1225.83
1215.95
1216.12
1216.43
1216.79
1217.2
1210.94
1169.35
1169.52
1185.46
1218.78
1219.42
1220.04
1220.66
1221.27
1221.87
1221.67
1222.27
1222.85
1223.68
1224.76
1225.3
1225.82
1226.31
1226.83
1227.35
1227.84
1228.31
1228.76
1229.19
1229.62
1230.06
1230.54
1228.32
1219.5
1222.96
1231.34
1231.97
1228.59
1197.24
1190.59
1190.88
1191.22
1191.44
1197.86
1231.73
1232.14
1231.66
1214.68
1188.07
1191.65
1226.84
1231.19
1231.32
1231.43
1231.34
1231.15
1230.92
1230.63
1230.19
1229.57
1229.11
1228.77
1228.41
1228.18
1228.09
1227.9
1227.63
1227.21
1226.63
1225.92
1225.25
1224.97
1224.94
1224.72
1224.45
1224.23
1223.93
1223.63
1223.36
1223.12
1222.85
1222.57
1222.3
1222.01
1221.77
1220.36
1204.48
1208.22
1219.04
1221.37
1221.54
1221.58
1221.61
1221.63
1221.66
1221.69
1221.73
1221.77
1221.81
1221.86
1221.91
1221.97
1222.03
1222.09
1222.16
1222.23
1222.3
1222.38
1222.46
1222.54
1222.62
1222.71
1222.79
1222.83
1222.89
1222.98
1223.08
1223.25
1223.34
1223.44
1223.47
1223.48
1223.58
1223.67
1223.81
1224
1224.09
1224.18
1224.27
1224.36
1224.45
1224.54
1224.62
1224.71
1224.79
1224.86
1224.93
1225.01
1225.08
1225.17
1225.22
1225.28
1225.28
1225.31
1225.39
1225.42
1225.51
1225.59
1225.71
1225.82
1215.26
1217.7
1217.87
1218.1
1218.37
1218.68
1187.34
1169.01
1168.86
1197.86
1220.01
1220.54
1221.08
1221.63
1222.18
1222.52
1222.88
1223.61
1224.41
1224.95
1225.44
1225.94
1226.44
1226.94
1227.45
1227.94
1228.4
1228.85
1229.29
1229.73
1230.17
1230.62
1231.08
1231.49
1231.81
1232.09
1232.32
1203.74
1190.15
1190.34
1190.49
1201.11
1225.66
1233.24
1233.03
1232.81
1199.85
1187.45
1187.18
1186.9
1186.62
1186.65
1215.75
1231.84
1231.69
1231.44
1231.21
1230.97
1230.5
1209.87
1214.96
1228.29
1228.31
1228.14
1228.25
1228.15
1227.96
1227.55
1226.88
1221.51
1188.74
1198.96
1223.5
1224.87
1224.63
1224.44
1224.11
1223.78
1223.5
1223.28
1223.05
1222.73
1222.41
1222.08
1221.87
1208.9
1194.99
1194.96
1195.11
1200.47
1221.69
1221.68
1221.67
1221.67
1221.68
1221.7
1221.73
1221.77
1221.81
1221.85
1221.89
1221.93
1221.99
1222.06
1222.13
1222.2
1222.27
1222.35
1222.43
1222.51
1222.59
1222.67
1222.73
1222.77
1222.86
1222.95
1223.08
1223.22
1223.31
1223.36
1223.35
1223.45
1223.55
1223.69
1223.88
1223.97
1224.06
1224.16
1224.25
1224.34
1224.43
1224.51
1224.6
1224.68
1224.77
1224.84
1224.9
1224.98
1225.06
1225.15
1225.2
1225.16
1224.99
1224.89
1224.64
1223.71
1223.74
1223.86
1224.36
1225.85
1214.13
1219.13
1219.19
1219.36
1219.59
1219.87
1220.22
1173.2
1168.14
1168.03
1194.45
1220.98
1221.51
1221.99
1222.49
1223.03
1223.59
1224.13
1224.66
1225.17
1225.63
1226.12
1226.6
1227.09
1227.58
1228.04
1228.5
1228.95
1229.38
1229.82
1230.25
1230.68
1231.11
1231.5
1231.86
1232.2
1232.53
1229.53
1211.87
1212.86
1225.66
1233.7
1233.75
1233.64
1233.55
1233.51
1212.44
1186.92
1186.53
1186.39
1186.33
1186.38
1186.4
1221.18
1232.1
1231.74
1231.57
1231.52
1216.41
1189.6
1188.4
1186.97
1186.31
1193.5
1226.12
1228.5
1228.51
1228.09
1224.2
1188.37
1187.68
1187.29
1186.9
1186.76
1198.39
1224.67
1224.31
1223.9
1223.63
1223.46
1223.27
1222.91
1222.56
1206.75
1194.43
1194.59
1194.72
1194.71
1208.02
1222.04
1221.89
1221.79
1221.74
1221.73
1221.72
1221.73
1221.76
1221.79
1221.82
1221.86
1221.9
1221.95
1221.99
1222.05
1222.11
1222.18
1222.26
1222.35
1222.43
1222.51
1222.52
1222.57
1222.66
1222.8
1222.93
1223.03
1223.12
1223.21
1223.25
1223.25
1223.34
1223.44
1223.65
1223.78
1223.87
1223.96
1224.05
1224.15
1224.24
1224.33
1224.39
1224.47
1224.57
1224.68
1224.76
1224.82
1224.82
1224.84
1224.93
1225.08
1225.19
1225.26
1222.2
1214.11
1214.24
1215.2
1225.38
1225.86
1225.9
1225.88
1216.19
1220.35
1220.37
1220.48
1220.65
1220.91
1221.23
1220.56
1167.43
1167.45
1167.45
1172.54
1221.58
1222.4
1222.77
1223.31
1223.89
1224.42
1224.92
1225.41
1225.87
1226.33
1226.79
1227.25
1227.7
1228.15
1228.59
1229.03
1229.47
1229.9
1230.32
1230.74
1231.14
1231.54
1231.92
1232.27
1232.6
1232.92
1233.25
1233.48
1233.67
1233.81
1233.9
1233.92
1233.94
1234
1234.17
1225.32
1185.71
1185.61
1185.71
1189.79
1228.7
1233.28
1232.12
1231.64
1231.77
1232.1
1232.39
1201.74
1187.78
1186.42
1185.6
1185.5
1185.77
1186.39
1208.31
1228.86
1227.82
1224.14
1187.72
1186.66
1186.93
1186.97
1186.34
1217.39
1224.46
1223.97
1223.72
1223.67
1217.05
1195.95
1195.41
1195
1195
1214.05
1222.08
1222.23
1222.37
1222.22
1222
1221.89
1221.81
1221.77
1221.75
1221.76
1221.78
1221.8
1221.83
1221.87
1221.9
1221.94
1221.99
1222.06
1222.13
1222.2
1222.27
1222.35
1222.43
1222.49
1222.49
1222.57
1222.66
1222.82
1222.94
1222.98
1223.07
1223.17
1223.26
1223.38
1223.5
1223.6
1223.7
1223.77
1223.78
1223.87
1223.96
1224.07
1224.25
1224.34
1224.41
1224.48
1224.57
1224.67
1224.77
1224.84
1222.62
1221.63
1221.74
1222.62
1225
1225.28
1219.34
1214.02
1214.21
1215.03
1225.16
1225.94
1225.96
1223.81
1221.43
1221.33
1221.28
1221.36
1221.52
1221.76
1222.05
1222.4
1213.87
1173.9
1166.91
1167.01
1167.01
1175.44
1186.21
1212.96
1224.36
1224.84
1225.28
1225.72
1226.15
1226.58
1227
1227.43
1227.86
1228.29
1228.71
1229.14
1229.57
1230
1230.41
1230.81
1231.2
1231.59
1231.99
1232.36
1232.66
1232.92
1233.15
1233.38
1233.65
1233.91
1234.08
1234.16
1234.22
1234.28
1234.31
1234.23
1229.16
1218.31
1222.13
1232.75
1234.78
1233.86
1232.38
1231.26
1231.51
1232.58
1233.49
1233.53
1232.44
1199.14
1184.22
1184.63
1185.74
1191.64
1229.9
1229.76
1227.82
1226.91
1226.28
1219.09
1212.77
1216.58
1223.16
1225.3
1224.43
1223.78
1223.72
1223.92
1220.77
1212.09
1214.34
1219.69
1222.46
1222.95
1223.04
1222.97
1222.66
1222.3
1222.06
1221.95
1221.86
1221.82
1221.77
1221.77
1221.78
1221.79
1221.82
1221.87
1221.92
1221.97
1222.02
1222.07
1222.13
1222.2
1222.28
1222.36
1222.44
1222.48
1222.49
1222.58
1222.66
1222.82
1222.94
1223.04
1223.14
1223.23
1223.32
1223.42
1223.52
1223.61
1223.72
1223.8
1223.79
1223.88
1223.98
1224.17
1224.26
1224.34
1224.4
1224.49
1224.6
1224.71
1224.74
1222.69
1222.47
1223.95
1225.16
1225.27
1219.65
1216.41
1216.55
1220.04
1225.29
1226.06
1225.96
1226.01
1223.76
1216.23
1222.11
1222.01
1221.96
1222.05
1222.23
1222.5
1222.83
1223.19
1223.6
1220.89
1203.2
1194.64
1196.4
1174.42
1174.65
1179.8
1211.41
1217.15
1222.55
1225.95
1226.28
1226.64
1227.01
1227.4
1227.8
1228.21
1228.62
1229.04
1229.46
1229.88
1230.29
1230.67
1231.03
1231.44
1231.89
1232.3
1232.57
1232.73
1232.84
1233.05
1233.43
1233.87
1234.12
1234.22
1234.31
1234.41
1234.31
1233.81
1233.12
1233.14
1234.24
1235.7
1236.13
1234.77
1231.99
1230
1230.7
1233.17
1235.26
1235.42
1233.14
1229.38
1219.52
1217.6
1224.63
1232.65
1233.43
1230.73
1227.24
1225.67
1225.27
1226.76
1229.24
1230.12
1228.36
1225.36
1223.9
1223.26
1223.2
1224.02
1225.17
1224.98
1223.76
1222.92
1222.74
1222.75
1222.97
1222.97
1222.66
1222.27
1222.09
1221.97
1221.88
1221.83
1221.8
1221.8
1221.81
1221.82
1221.84
1221.87
1221.92
1221.98
1222.03
1222.08
1222.13
1222.2
1222.28
1222.37
1222.47
1222.56
1222.62
1222.7
1222.78
1222.86
1222.96
1223.07
1223.18
1223.26
1223.35
1223.44
1223.54
1223.64
1223.76
1223.85
1223.93
1224.02
1224.12
1224.21
1224.3
1224.38
1224.47
1224.56
1224.65
1224.74
1224.83
1224.95
1225.08
1225.18
1225.26
1225.32
1225.39
1225.5
1225.71
1225.9
1225.99
1226.07
1226.04
1226.06
1226.13
1226.4
1144.21
1154.73
1157.35
1166.7
1178.49
1195.6
1214.2
1223.77
1224.06
1224.38
1224.66
1224.89
1225.08
1225.15
1225.27
1225.58
1225.8
1226.01
1226.23
1226.49
1226.79
1227.11
1227.46
1227.82
1228.2
1228.59
1228.98
1229.38
1229.79
1230.24
1230.64
1230.92
1231.14
1231.55
1232.23
1232.82
1233.01
1232.88
1232.6
1232.66
1233.38
1234.36
1234.69
1234.62
1234.74
1235.13
1235.07
1233.58
1230.8
1230.12
1233.51
1238.07
1239.73
1237.14
1230.05
1222.99
1225.67
1234.39
1239.71
1239.39
1234.22
1224.83
1220.3
1225.12
1234.26
1237.94
1238.01
1232.4
1224.64
1220.85
1219.27
1221.12
1232.68
1235.37
1230.29
1224.5
1221.44
1220.62
1220.48
1217.8
1219.54
1218.75
1222.04
1221.56
1221.63
1216.12
1199.5
1195.96
1202.92
1217.49
1218.46
1210.59
1193.41
1190.04
1194.98
1204.62
1205.83
1203.19
1196.55
1193.84
1195.02
1199.28
1202.26
1201.65
1198.05
1194.9
1195.57
1199.59
1206.2
1208.24
1207.46
1204.75
1203.61
1204.3
1207.05
1211.64
1215.28
1216.34
1216.37
1216.49
1217.08
1218.78
1223.22
1223.77
1223.85
1223.94
1224.04
1224.14
1224.23
1224.32
1224.4
1224.49
1224.58
1224.67
1224.78
1224.9
1225.03
1225.12
1225.22
1225.32
1225.48
1225.69
1225.9
1225.96
1225.99
1226
1226.01
1226.07
1226.21
1226.48
209.495
208.314
206.579
204.806
202.333
200.711
201.403
213.875
234.281
257.358
277.901
294.338
309.492
316.114
325.129
335.155
346.047
355.074
365.36
377.848
391.832
407.02
423.149
439.941
457.148
474.48
491.5
508.04
525.253
544.584
562.626
571.287
575.199
589.032
624.082
656.962
660.383
649.199
622.059
616.5
646.358
711.76
719.462
707.968
713.277
750.445
766.604
693.76
501.557
446.381
580.713
918.956
1071.54
968.349
454.918
144.383
199.723
665.453
1110.3
1121.51
795.041
213.783
97.5879
173.063
686.394
1067.43
1037.71
698.265
245.273
118.787
57.6954
122.297
661.591
885.02
645.721
253.572
141.57
97.6979
87.0949
230.979
491.9
443.752
243.54
144.649
147.14
181.842
275.969
284.394
230.802
151.522
142.582
158.418
192.676
196.985
182.69
159.337
157.239
163.015
177.478
184.441
182.193
174.026
168.744
170.317
178.847
189.248
189.481
184.993
177.512
176.683
179.572
187.92
193.725
193.548
191.629
188.945
188.661
189.422
192.133
196.334
198.607
198.455
197.56
198.657
200.908
203.727
206.79
209.714
212.33
214.803
217.321
219.885
222.401
225.055
228.407
232.542
236.327
238.789
240.973
244.231
249.932
258.352
265.891
266.569
265.689
263.091
262.319
264.099
270.664
282.097
0.0133968
0.00162646
0.00267943
0.00368985
0.00575657
0.00869487
0.0103702
0.0057745
-0.00184532
-0.00951974
-0.0150555
-0.0178344
-0.0191383
-0.018277
-0.0174098
-0.0158904
-0.014613
-0.0142919
-0.0151923
-0.0164535
-0.0178341
-0.0193241
-0.0207569
-0.0220385
-0.0231505
-0.0241676
-0.0252365
-0.0263038
-0.0268338
-0.0266943
-0.0271542
-0.0291442
-0.0314868
-0.0308356
-0.0285438
-0.02748
-0.0277356
-0.0324125
-0.0358651
-0.0351484
-0.0286176
-0.0275031
-0.0283368
-0.0316261
-0.0303755
-0.0258688
-0.0231145
-0.0412793
-0.0524136
-0.0403489
-0.0176575
-0.00481124
0.000315306
-0.04251
-0.0820266
-0.0235883
0.00313488
-0.0149059
0.00724152
-0.00476069
-0.100784
-0.0556472
-0.000956397
0.0167102
-0.0103624
-0.00437205
-0.0198241
-0.0721027
-0.0528325
-0.0147408
0.0263561
0.0436881
-0.00835327
-0.0234131
-0.0540732
-0.0383021
-0.0120174
0.0143469
0.0255839
0.0166553
-0.0133505
-0.0277027
-0.0167382
0.00251801
0.00553097
0.00815719
-0.0077699
-0.0117164
-0.00795713
0.00715544
0.0100231
0.00676767
-0.000331398
-0.00180968
0.000307423
0.0052369
0.00562796
0.00470025
0.00167806
0.000119379
0.000601269
0.00254554
0.00413367
0.00421319
0.00272554
0.000500633
0.000642963
0.00150192
0.00346686
0.00373631
0.00347589
0.00208827
0.00111128
0.00136728
0.00185605
0.00262466
0.00275596
0.00273275
0.00247227
0.00189964
0.00160913
0.00192999
0.00243716
0.00244973
0.0022299
0.00211723
0.00203285
0.00195224
0.00190382
0.00188226
0.00187219
0.00187328
0.00191853
0.00196983
0.00187639
0.00158704
0.00139364
0.001568
0.00191191
0.00193084
0.00160449
0.00054964
-0.00027719
-4.66096e-05
0.000563682
0.00154305
0.00223179
0.00245861
0.00171005
0.000360045
-0.000117303
-0.00073411
-0.00088287
-0.00091079
-0.000796206
-0.000526183
-0.000122406
0.000350798
0.000697185
0.00132188
0.00198123
0.00258783
0.0030004
0.00339018
0.0038381
0.00433353
0.0048173
0.00531736
0.00580591
0.00627132
0.0067238
0.00715655
0.00757323
0.00798793
0.00840763
0.00881988
0.00919599
0.00953703
0.00992311
0.010404
0.0108311
0.0109829
0.0109632
0.0111444
0.0115333
0.0119841
0.0123218
0.0121566
0.0119032
0.0120493
0.01242
0.0123303
0.0120653
0.0117123
0.0118005
0.0127008
0.013428
0.0119058
0.0107525
0.0113662
0.0119107
0.0118333
0.0114105
0.0087645
0.00631126
0.0115263
0.0129685
0.0108054
0.0109215
0.00961752
0.00482212
0.00683345
0.0110251
0.0111461
0.00833548
0.00726519
0.00621355
0.00418304
0.00551561
0.00806295
0.0108951
0.0124412
0.00560691
0.00205904
0.000732919
0.0016522
0.00381437
0.00568733
0.00670956
0.00516604
0.00324651
0.00193841
0.0020782
0.0039946
0.00380893
0.00342484
0.00235095
0.0015398
0.000915731
0.00226815
0.00240589
0.00251148
0.00197681
0.00167711
0.00148237
0.00170826
0.00172329
0.00180276
0.00155761
0.00133665
0.00120486
0.00121192
0.00123081
0.0012567
0.0012222
0.000944227
0.000809238
0.000729869
0.000760373
0.000746965
0.00076048
0.000661937
0.000527328
0.000462326
0.000389145
0.000380998
0.000365885
0.000355068
0.000316274
0.000249287
0.000182381
0.00014521
0.000135624
0.000117416
6.96926e-05
3.99219e-05
2.39773e-05
9.85055e-06
5.15803e-07
-5.60605e-06
-8.11908e-06
-2.32438e-06
1.71973e-05
3.80954e-05
4.69138e-05
4.81825e-05
3.34034e-05
3.20751e-05
7.47012e-05
0.000105626
0.000171096
0.000167833
6.55885e-05
3.19519e-07
-0.000124292
-0.000134838
-0.000112167
-4.08512e-06
7.60131e-05
0.00014855
-0.000154635
-0.000110349
-3.10639e-05
4.65931e-05
9.82282e-05
2.45067e-05
-0.000311775
-0.000970487
-0.00186943
-0.00280094
-0.00362017
-0.00424472
-0.00469215
-0.00494806
-0.00498346
-0.00489343
-0.0048225
-0.00480873
-0.0048435
-0.00493202
-0.00507247
-0.00525371
-0.00546118
-0.00567336
-0.00586988
-0.00604582
-0.00620274
-0.00633572
-0.00643108
-0.00648634
-0.00653655
-0.00662903
-0.00672825
-0.00671081
-0.00658521
-0.00645462
-0.00641784
-0.00656163
-0.00669447
-0.00654862
-0.00618259
-0.0059366
-0.00584955
-0.00589313
-0.00587032
-0.00574334
-0.00583804
-0.00664272
-0.00675403
-0.00551623
-0.0042575
-0.00348506
-0.00375172
-0.00601951
-0.00666932
-0.00312043
-0.000889803
-0.00120465
-0.00218897
-0.00481719
-0.00824332
-0.00548809
-0.00113337
0.000416047
-0.000816668
-0.00265813
-0.00535589
-0.00732563
-0.00441664
-0.000219712
0.00394678
0.00467106
0.000329231
-0.00344231
-0.0056001
-0.0040749
-0.00105606
0.00228493
0.00409619
0.00237029
-0.000220383
-0.00191496
-0.00101853
0.000612443
0.00135531
0.0012512
4.34505e-06
-0.000516005
0.000129208
0.00177195
0.00244141
0.00232051
0.00151805
0.00119398
0.00143868
0.00194512
0.00209058
0.00193668
0.00159979
0.00136172
0.00135435
0.00150509
0.00165689
0.00164886
0.0014291
0.00118462
0.00109112
0.00117468
0.00135033
0.00139745
0.00133367
0.00114069
0.000973437
0.000933081
0.00096489
0.00103856
0.00106649
0.00104708
0.000975681
0.000869823
0.000805151
0.000810681
0.000860536
0.000867199
0.000819381
0.0007775
0.00074281
0.000714225
0.000694325
0.000682068
0.000675077
0.000674655
0.000683853
0.000682962
0.000652521
0.000603344
0.000571941
0.000589166
0.000643674
0.000621257
0.000540123
0.000345117
0.000176306
0.000161046
0.000236094
0.000415103
0.000566822
0.000621392
0.000436597
0.000146604
-0.00158225
-0.00145606
-0.00134045
-0.0012635
-0.00121351
-0.00120562
-0.00126627
-0.00138524
-0.00151685
-0.00162821
-0.00173127
-0.00184274
-0.00196402
-0.00205062
-0.00206907
-0.00202799
-0.00197895
-0.00194769
-0.00193135
-0.00193262
-0.00194966
-0.00197758
-0.00201252
-0.00205427
-0.00210041
-0.00214924
-0.00220073
-0.0022501
-0.00229072
-0.00232606
-0.00236728
-0.00242058
-0.00246186
-0.00245598
-0.00241083
-0.00236765
-0.00238003
-0.00246205
-0.00252947
-0.00249141
-0.00237295
-0.00231744
-0.00233106
-0.00237628
-0.00235826
-0.0023007
-0.00237334
-0.00271149
-0.00277468
-0.00234947
-0.00180075
-0.00153024
-0.00171741
-0.00251025
-0.00271664
-0.00135177
-0.000413906
-0.00052971
-0.000908236
-0.00193207
-0.00328526
-0.00216532
-0.000542437
7.21739e-05
-0.000413285
-0.00113736
-0.00220843
-0.00304527
-0.00171062
6.21615e-05
0.00189226
0.00220776
0.000432585
-0.00121598
-0.00240046
-0.00164267
-0.000404452
0.00116856
0.0021541
0.00154577
0.000385985
-0.000439616
-6.91135e-05
0.000502043
0.000877875
0.000883331
0.000363729
0.00017382
0.000494449
0.0012096
0.00163396
0.00167128
0.00136934
0.00123712
0.00135804
0.00158132
0.00166728
0.00159313
0.00143796
0.00131781
0.00129119
0.00134116
0.00139251
0.00137659
0.00126204
0.00112997
0.00106897
0.00108524
0.00115531
0.00117635
0.00113479
0.00102029
0.000924785
0.000889509
0.00089466
0.000925035
0.000937099
0.000919166
0.000870798
0.000800306
0.000756122
0.000753599
0.000777775
0.000780912
0.000749615
0.000717271
0.000691523
0.000672028
0.000658225
0.000648724
0.000643091
0.000641064
0.000643969
0.000637947
0.000612522
0.000574857
0.000553339
0.000559288
0.000590121
0.000560676
0.000495255
0.000352879
0.000237173
0.000216475
0.000264808
0.000380113
0.000486798
0.000516983
0.00037086
0.000156821
-0.00212084
-0.00196241
-0.00181099
-0.00171979
-0.00167373
-0.0016746
-0.00172858
-0.00183204
-0.00196421
-0.00210248
-0.00223502
-0.00235501
-0.00245597
-0.0025301
-0.00257599
-0.00259609
-0.0026031
-0.00260815
-0.00261384
-0.00262375
-0.00264035
-0.00266413
-0.00269421
-0.00272923
-0.0027666
-0.00280448
-0.00284134
-0.00287567
-0.00290634
-0.00292918
-0.00294272
-0.00295272
-0.00296015
-0.00296674
-0.00295594
-0.00293482
-0.00291863
-0.00291539
-0.00291108
-0.00288068
-0.00282553
-0.00277609
-0.00274361
-0.00272699
-0.002705
-0.00267407
-0.00266615
-0.00271028
-0.00266552
-0.00247103
-0.0022467
-0.00208989
-0.00206069
-0.00222453
-0.00217759
-0.00166987
-0.00123752
-0.00118633
-0.00133383
-0.00173302
-0.00216986
-0.00174592
-0.00108587
-0.000766083
-0.000891013
-0.00119077
-0.00161364
-0.00182521
-0.001211
-0.000331689
0.00056437
0.000749096
6.27173e-05
-0.000739599
-0.00124089
-0.00084871
-0.000313006
0.00051199
0.00106722
0.000886404
0.000406998
1.37336e-05
0.000111971
0.000338656
0.000552773
0.000594204
0.000414907
0.000363776
0.000559486
0.000941043
0.00121525
0.00129651
0.0012091
0.00116724
0.00123218
0.00134757
0.00140016
0.00136735
0.00129503
0.00123086
0.0012049
0.0012147
0.00122525
0.00120649
0.00114192
0.00106662
0.00102256
0.00101764
0.00103887
0.001038
0.0010093
0.000942553
0.000881591
0.000848701
0.000839532
0.000845048
0.000844869
0.000830253
0.000796136
0.000752409
0.000720468
0.000710778
0.000715239
0.000713526
0.00069446
0.000669149
0.000648369
0.00063174
0.000619172
0.000609396
0.000603579
0.00059998
0.000599267
0.000592567
0.000574869
0.000549326
0.00053254
0.000529288
0.000538236
0.000509363
0.000457947
0.00035806
0.000277927
0.000254143
0.000280631
0.000349682
0.000411805
0.000424385
0.000316245
0.000174582
-0.00254096
-0.00237845
-0.00222535
-0.00212057
-0.00204792
-0.00200445
-0.00199047
-0.0020031
-0.00203525
-0.00207892
-0.00212777
-0.00217677
-0.00222145
-0.00225775
-0.00228318
-0.00229782
-0.00230636
-0.00231278
-0.0023195
-0.0023286
-0.00234135
-0.00235809
-0.00237853
-0.00240196
-0.00242726
-0.00245328
-0.00247885
-0.00250264
-0.00252315
-0.00253828
-0.00255131
-0.00256239
-0.00257903
-0.00258821
-0.0025863
-0.00257827
-0.00257141
-0.00256704
-0.00255914
-0.00253987
-0.00251074
-0.00248218
-0.00245918
-0.00244131
-0.00242241
-0.00240174
-0.00238712
-0.00237875
-0.00232844
-0.00221708
-0.00208794
-0.00198436
-0.00193215
-0.00193517
-0.00184966
-0.00161164
-0.00140209
-0.00134029
-0.00139445
-0.00154986
-0.00168469
-0.00149718
-0.00119449
-0.00101903
-0.00103465
-0.00115437
-0.00131324
-0.00133944
-0.000999271
-0.000504233
-3.20362e-05
9.22793e-05
-0.000178653
-0.000552842
-0.000783745
-0.000600849
-0.000275937
0.000192087
0.000521258
0.000489908
0.000287251
9.70638e-05
0.000126711
0.000244525
0.00036733
0.000413701
0.000366517
0.000377904
0.000519852
0.00075738
0.000949393
0.00103896
0.00103608
0.00103966
0.00108981
0.00116199
0.00120091
0.00118864
0.0011543
0.00111928
0.00110018
0.00109758
0.00109495
0.00107736
0.0010364
0.000989359
0.000957003
0.000945835
0.000948601
0.000941202
0.000917685
0.000873773
0.000831509
0.000803849
0.000790982
0.000787581
0.000781213
0.00076778
0.000743564
0.000713162
0.000689213
0.000677715
0.000675285
0.000672426
0.000658923
0.000639876
0.000622944
0.000608788
0.000597806
0.000589026
0.000582654
0.000578394
0.000575389
0.000568203
0.000554272
0.00053403
0.000519502
0.000512999
0.000511107
0.000482208
0.000437457
0.0003626
0.000302863
0.00027919
0.000292744
0.00033937
0.000374542
0.000376013
0.000290584
0.000186617
-0.00276714
-0.00261672
-0.00246966
-0.00236345
-0.00228224
-0.00222299
-0.00218532
-0.00216711
-0.00216456
-0.0021731
-0.00218852
-0.00220728
-0.00222624
-0.00224278
-0.00225537
-0.00226377
-0.00226919
-0.00227323
-0.00227732
-0.00228264
-0.00229002
-0.00229982
-0.00231203
-0.00232629
-0.00234201
-0.00235849
-0.002375
-0.00239075
-0.00240502
-0.00241722
-0.00242839
-0.00243907
-0.00244071
-0.00244016
-0.00243816
-0.00243206
-0.00242374
-0.00241477
-0.00240293
-0.00238554
-0.0023633
-0.00234
-0.00231786
-0.00229679
-0.00227461
-0.00225057
-0.00222591
-0.00219774
-0.00214816
-0.00207091
-0.00198249
-0.00190189
-0.00184039
-0.00179465
-0.0017116
-0.00157466
-0.00145237
-0.00139449
-0.00139716
-0.00144426
-0.0014721
-0.00136939
-0.00121188
-0.00110422
-0.00108148
-0.00111184
-0.00115204
-0.00111464
-0.000904533
-0.000609583
-0.000336752
-0.000239199
-0.000334615
-0.000497937
-0.000593295
-0.000489277
-0.000277036
2.39406e-06
0.000211815
0.000237658
0.000161638
7.78069e-05
9.39614e-05
0.0001633
0.00024254
0.000290017
0.000298613
0.000338797
0.000450323
0.000613196
0.000756387
0.00084337
0.000877152
0.000904881
0.000950851
0.00100387
0.00103661
0.00103663
0.00102234
0.00100442
0.00099215
0.000986802
0.000980529
0.000965792
0.000938419
0.000907358
0.000883429
0.000871011
0.000866135
0.000856332
0.000836944
0.000806151
0.000775678
0.000753163
0.000739884
0.00073282
0.000724734
0.000712537
0.000693904
0.000671625
0.000653183
0.000642132
0.000636998
0.000631663
0.000620739
0.000607183
0.000594451
0.000584012
0.000574507
0.000566954
0.00056091
0.000556556
0.000552329
0.000545434
0.000533183
0.000517652
0.000504312
0.000494818
0.000487626
0.000461696
0.000422447
0.000363528
0.000317096
0.000294303
0.000298147
0.000331909
0.000350403
0.000340503
0.00027504
0.000193127
-0.00289021
-0.00276278
-0.00262614
-0.00252025
-0.00243254
-0.0023604
-0.00230384
-0.00226182
-0.00223235
-0.00221295
-0.0022013
-0.00219525
-0.00219251
-0.00219135
-0.00219051
-0.0021894
-0.0021881
-0.00218708
-0.00218692
-0.00218813
-0.0021911
-0.002196
-0.00220277
-0.00221118
-0.00222084
-0.00223127
-0.00224192
-0.00225222
-0.00226166
-0.00226976
-0.00227655
-0.00228207
-0.00228418
-0.00227929
-0.00227447
-0.00227598
-0.00226955
-0.00226043
-0.00224887
-0.00223393
-0.00221591
-0.00219626
-0.00217592
-0.00215489
-0.00213222
-0.00210716
-0.00207921
-0.00204603
-0.00200078
-0.00194137
-0.00187449
-0.00180844
-0.00174819
-0.00169165
-0.00161947
-0.00152829
-0.00144567
-0.00139318
-0.0013718
-0.0013706
-0.00135783
-0.0012899
-0.00119583
-0.00112137
-0.00108469
-0.00107286
-0.0010604
-0.00100285
-0.000860647
-0.000673329
-0.000500916
-0.000419045
-0.000435999
-0.00049448
-0.000519534
-0.000444378
-0.000301299
-0.000122439
2.03056e-05
6.65417e-05
5.12295e-05
2.37496e-05
4.14605e-05
8.98107e-05
0.000148405
0.000195583
0.000228446
0.000280376
0.000372681
0.000493869
0.000606747
0.000688013
0.000737329
0.000777192
0.000821731
0.000865995
0.000896234
0.000904121
0.000901382
0.000894101
0.00088761
0.000883188
0.000877217
0.000865946
0.000847385
0.000826305
0.000808586
0.000797032
0.000789526
0.00077945
0.000763652
0.000741259
0.000718668
0.000700515
0.00068814
0.000679875
0.00067149
0.000660792
0.000646232
0.000629536
0.000615151
0.000605304
0.000599398
0.000593746
0.00058512
0.000574795
0.000564448
0.00055616
0.000548503
0.000542268
0.000537382
0.000533196
0.000528889
0.000522486
0.000511613
0.000499909
0.000487338
0.000475801
0.000465559
0.000442203
0.000410538
0.000361577
0.000324315
0.000302408
0.000301131
0.000323245
0.000332467
0.000312867
0.000263876
0.000196314
-0.00296242
-0.0028473
-0.00272073
-0.00261735
-0.00252677
-0.00244731
-0.00237951
-0.00232305
-0.00227698
-0.00223999
-0.00221078
-0.00218798
-0.00217005
-0.00215571
-0.00214397
-0.00213413
-0.00212589
-0.0021192
-0.00211417
-0.00211093
-0.00210954
-0.00211001
-0.00211222
-0.00211594
-0.00212088
-0.00212664
-0.00213281
-0.00213894
-0.00214462
-0.00214944
-0.00215311
-0.00215526
-0.00215478
-0.00215043
-0.00215192
-0.00214732
-0.00214223
-0.00213235
-0.00212063
-0.00210679
-0.00209073
-0.00207295
-0.00205378
-0.00203317
-0.00201059
-0.00198541
-0.0019569
-0.00192356
-0.00188259
-0.00183333
-0.00177869
-0.0017225
-0.00166717
-0.00161195
-0.00154997
-0.00148152
-0.00141849
-0.00137052
-0.00133878
-0.00131679
-0.00128842
-0.00123584
-0.00117045
-0.00111263
-0.00107146
-0.00104103
-0.00100675
-0.000945782
-0.000841345
-0.00071274
-0.000593569
-0.000522578
-0.000504248
-0.000510676
-0.000500232
-0.0004377
-0.000334297
-0.000210895
-0.000107016
-5.57045e-05
-4.21505e-05
-3.97769e-05
-1.71468e-05
2.30972e-05
7.17839e-05
0.00011798
0.000160725
0.000216266
0.000295832
0.000392522
0.00048576
0.000560592
0.000615361
0.000660696
0.00070459
0.00074483
0.000774302
0.000787277
0.000791548
0.000791214
0.000789441
0.000787309
0.000783239
0.000775423
0.000762996
0.000748641
0.0007357
0.000725968
0.000718318
0.000709162
0.000696465
0.00067981
0.000662797
0.000648318
0.000637497
0.000629424
0.000621579
0.000612462
0.000601036
0.000588353
0.000577117
0.000568768
0.000563098
0.000557893
0.000551119
0.000543288
0.000535408
0.000528756
0.000522741
0.000517784
0.000513716
0.000509947
0.000506025
0.00050032
0.000491292
0.000481074
0.000469756
0.00045836
0.000446627
0.000423991
0.000397808
0.000357771
0.000326608
0.000305713
0.000303262
0.000312997
0.000316586
0.00029366
0.000255387
0.00019765
-0.00300483
-0.00289782
-0.00277839
-0.00267642
-0.00258315
-0.00249784
-0.0024215
-0.00235442
-0.00229631
-0.00224662
-0.00220471
-0.00216964
-0.00214034
-0.0021159
-0.00209547
-0.00207833
-0.00206402
-0.00205225
-0.00204287
-0.00203573
-0.00203071
-0.00202766
-0.00202639
-0.00202666
-0.00202818
-0.00203061
-0.0020336
-0.0020368
-0.00203988
-0.00204253
-0.00204452
-0.0020457
-0.00204624
-0.00204649
-0.00203717
-0.00203086
-0.00202734
-0.00201929
-0.00200799
-0.00199507
-0.00198037
-0.00196392
-0.00194583
-0.001926
-0.00190406
-0.00187954
-0.00185184
-0.00182007
-0.001783
-0.00174045
-0.0016938
-0.00164495
-0.00159526
-0.00154467
-0.001491
-0.00143527
-0.00138306
-0.00133883
-0.00130312
-0.00127287
-0.00123898
-0.00119401
-0.00114253
-0.00109371
-0.00105193
-0.00101412
-0.000971993
-0.000913657
-0.000831895
-0.000736902
-0.000647699
-0.000584864
-0.000551065
-0.000531974
-0.000504227
-0.000448571
-0.000368628
-0.000277295
-0.000197007
-0.000146342
-0.000119244
-0.000101083
-7.39916e-05
-3.67108e-05
7.05184e-06
5.20218e-05
9.81277e-05
0.000153505
0.000223981
0.000305143
0.000384966
0.000453672
0.000509206
0.000556405
0.000599642
0.000637852
0.000667231
0.000683546
0.000692293
0.000696683
0.00069867
0.000699116
0.000697418
0.000692774
0.000684897
0.000675389
0.00066625
0.000658649
0.000652002
0.000644329
0.000634351
0.000621889
0.000609044
0.000597671
0.00058864
0.000581465
0.000574622
0.000567093
0.000558184
0.000548547
0.000539861
0.000533079
0.000528159
0.000523745
0.000518534
0.000512702
0.000506849
0.000501768
0.000497218
0.000493443
0.00049024
0.000487162
0.00048369
0.000478732
0.000471167
0.000462264
0.000452079
0.000441128
0.00042906
0.000408629
0.000384556
0.000352766
0.000325178
0.000306903
0.000301822
0.000303442
0.000303322
0.000279825
0.000248397
0.000197822
-0.00303469
-0.00293151
-0.00281494
-0.00271174
-0.00261438
-0.00252297
-0.00243901
-0.00236322
-0.00229574
-0.00223648
-0.00218519
-0.00214108
-0.00210343
-0.00207148
-0.00204446
-0.00202165
-0.00200252
-0.00198666
-0.00197374
-0.00196346
-0.00195556
-0.00194981
-0.00194594
-0.00194367
-0.0019427
-0.00194272
-0.00194341
-0.00194445
-0.00194556
-0.00194643
-0.00194682
-0.00194647
-0.00194528
-0.00194338
-0.00193852
-0.00192835
-0.00191959
-0.00191809
-0.00190814
-0.0018961
-0.0018825
-0.00186717
-0.00185011
-0.0018312
-0.00181019
-0.00178675
-0.00176044
-0.00173073
-0.00169707
-0.00165943
-0.00161853
-0.00157543
-0.00153095
-0.00148539
-0.00143826
-0.00139055
-0.00134509
-0.00130421
-0.0012676
-0.00123429
-0.00119924
-0.00115874
-0.00111472
-0.00107136
-0.00103062
-0.000990743
-0.000946971
-0.000893051
-0.000825881
-0.000751221
-0.000680042
-0.000623649
-0.000583736
-0.000552637
-0.000517041
-0.000466121
-0.000400811
-0.00032894
-0.000263582
-0.000215502
-0.000182375
-0.000155955
-0.000125802
-8.96289e-05
-4.85553e-05
-4.92318e-06
4.15696e-05
9.51207e-05
0.000158678
0.000229244
0.000299417
0.000362611
0.000416784
0.000463905
0.000506243
0.000543192
0.000572636
0.000591149
0.000602856
0.000610549
0.000615487
0.000618348
0.000618993
0.000617139
0.000612786
0.00060696
0.000600919
0.000595449
0.000590272
0.000584288
0.000576713
0.000567494
0.000557908
0.000549177
0.000541954
0.000535995
0.000530368
0.000524383
0.000517579
0.000510364
0.000503806
0.000498547
0.000494611
0.000491152
0.000487322
0.000483147
0.000478978
0.000475332
0.000472099
0.000469418
0.000467088
0.000464735
0.000461852
0.000457672
0.000451331
0.00044363
0.000434496
0.000424173
0.00041235
0.000394019
0.000372334
0.000346036
0.000321767
0.000305688
0.000297574
0.000295269
0.00029231
0.000268953
0.000242208
0.000197177
-0.00306513
-0.00296031
-0.00284092
-0.00273233
-0.00262795
-0.00252872
-0.00243658
-0.00235258
-0.00227708
-0.0022102
-0.00215171
-0.00210097
-0.00205734
-0.00202009
-0.00198841
-0.00196159
-0.00193906
-0.00192031
-0.00190488
-0.00189239
-0.0018825
-0.00187489
-0.00186924
-0.00186525
-0.0018626
-0.00186099
-0.00186013
-0.00185972
-0.0018595
-0.00185918
-0.00185852
-0.00185725
-0.00185512
-0.00185188
-0.00184647
-0.0018377
-0.0018362
-0.0018288
-0.00181968
-0.00180798
-0.00179507
-0.00178064
-0.00176452
-0.0017466
-0.00172667
-0.0017045
-0.00167977
-0.00165219
-0.00162149
-0.00158771
-0.00155126
-0.00151277
-0.00147284
-0.00143183
-0.00138986
-0.00134773
-0.00130699
-0.00126887
-0.00123322
-0.00119933
-0.00116477
-0.00112735
-0.0010879
-0.00104827
-0.00100928
-0.000969793
-0.000927067
-0.000877746
-0.000820551
-0.000758917
-0.000699324
-0.000648212
-0.000606699
-0.000570543
-0.000532049
-0.000484951
-0.00042931
-0.000369858
-0.000314399
-0.000269353
-0.000233948
-0.000203433
-0.000171509
-0.00013591
-9.65774e-05
-5.43629e-05
-8.84134e-06
4.222e-05
0.000100248
0.000163099
0.000225975
0.000284298
0.000336185
0.000382207
0.000423409
0.000459333
0.000488774
0.000508709
0.000522401
0.000532436
0.000539666
0.000544625
0.000547379
0.000547915
0.000546367
0.000543435
0.000539957
0.000536485
0.000532912
0.000528633
0.000523183
0.000516577
0.000509625
0.000503157
0.00049766
0.000493026
0.000488682
0.000484166
0.000479166
0.000473949
0.000469204
0.000465372
0.000462501
0.000460053
0.000457466
0.000454706
0.000451975
0.000449611
0.00044756
0.00044589
0.000444404
0.00044278
0.000440555
0.000437154
0.000431893
0.000425271
0.000417137
0.000407584
0.000396343
0.000379906
0.000360752
0.000337882
0.000316869
0.000301739
0.000292919
0.000287825
0.000282553
0.000259845
0.000236444
0.00019594
-0.00310695
-0.00299303
-0.00286307
-0.00274321
-0.0026275
-0.00251767
-0.00241604
-0.00232369
-0.00224096
-0.00216791
-0.00210409
-0.00204879
-0.00200128
-0.00196071
-0.00192623
-0.00189707
-0.00187259
-0.0018522
-0.00183537
-0.00182166
-0.00181066
-0.00180201
-0.00179537
-0.00179038
-0.00178675
-0.00178417
-0.00178237
-0.00178108
-0.00178006
-0.00177904
-0.00177781
-0.00177615
-0.00177391
-0.00177097
-0.00176751
-0.00176415
-0.00175233
-0.00174159
-0.0017387
-0.00172799
-0.0017159
-0.00170242
-0.00168729
-0.0016704
-0.00165163
-0.00163079
-0.00160769
-0.00158215
-0.00155404
-0.00152342
-0.00149057
-0.00145589
-0.00141983
-0.00138275
-0.00134494
-0.001307
-0.00126987
-0.00123422
-0.00120004
-0.00116689
-0.00113348
-0.00109851
-0.00106227
-0.00102551
-0.000988514
-0.00095051
-0.000909872
-0.000864787
-0.000814774
-0.000761978
-0.00071036
-0.000663689
-0.000622736
-0.000585098
-0.000546236
-0.000502472
-0.000453596
-0.000402495
-0.000353936
-0.000311836
-0.000276046
-0.000243763
-0.000211058
-0.000175999
-0.000138046
-9.73175e-05
-5.3375e-05
-4.99343e-06
4.84573e-05
0.000105372
0.000162488
0.000216513
0.000265779
0.000310181
0.000350055
0.000384981
0.000414282
0.000435093
0.000450091
0.000461792
0.000470789
0.000477492
0.000482056
0.000484604
0.000485321
0.000484716
0.00048338
0.000481715
0.000479716
0.000477058
0.000473482
0.00046904
0.00046427
0.000459751
0.000455853
0.000452543
0.000449469
0.000446322
0.000442897
0.000439367
0.000436188
0.00043367
0.00043186
0.000430414
0.000428954
0.000427424
0.000425938
0.000424717
0.000423726
0.000422983
0.0004223
0.00042139
0.000419842
0.000417201
0.000412912
0.000407274
0.000400097
0.00039139
0.000380924
0.000366212
0.000349229
0.000329241
0.000310811
0.00029662
0.00028749
0.000280525
0.000273591
0.000251846
0.000230885
0.000194289
-0.00317039
-0.00303658
-0.0028847
-0.00274551
-0.0026129
-0.00248911
-0.00237644
-0.00227565
-0.00218662
-0.00210894
-0.00204171
-0.00198395
-0.00193464
-0.00189276
-0.00185731
-0.00182747
-0.0018025
-0.00178173
-0.00176461
-0.00175067
-0.00173943
-0.00173053
-0.00172359
-0.00171828
-0.00171427
-0.00171128
-0.00170907
-0.00170737
-0.00170596
-0.00170459
-0.00170307
-0.00170119
-0.00169875
-0.00169557
-0.00169148
-0.00168617
-0.00167636
-0.00167411
-0.00166683
-0.00165562
-0.00164403
-0.0016313
-0.00161708
-0.00160122
-0.0015836
-0.0015641
-0.00154258
-0.00151894
-0.00149313
-0.00146521
-0.00143536
-0.0014039
-0.00137113
-0.0013374
-0.001303
-0.00126842
-0.00123422
-0.00120085
-0.00116824
-0.00113636
-0.00110445
-0.00107157
-0.00103781
-0.00100343
-0.000968473
-0.000932371
-0.000894147
-0.000852794
-0.000808187
-0.000761721
-0.000715913
-0.000673038
-0.000633638
-0.000596322
-0.000558372
-0.000517591
-0.000473717
-0.00042853
-0.000385011
-0.000345605
-0.000310376
-0.000277636
-0.000244845
-0.000210448
-0.000173761
-0.000134561
-9.24456e-05
-4.6719e-05
2.83314e-06
5.49696e-05
0.000107368
0.000157585
0.000204176
0.000246705
0.000285125
0.000319022
0.000348026
0.000369296
0.000385131
0.000398016
0.000408353
0.000416459
0.000422535
0.000426755
0.000429314
0.000430605
0.000431067
0.000431005
0.00043047
0.000429305
0.000427376
0.000424759
0.000421825
0.000418994
0.00041655
0.000414502
0.000412638
0.000410753
0.000408712
0.000406632
0.000404819
0.000403493
0.000402699
0.00040221
0.00040177
0.00040132
0.000400924
0.000400719
0.000400676
0.000400779
0.000400848
0.000400627
0.000399745
0.000397835
0.000394429
0.000389698
0.000383435
0.000375605
0.000366013
0.000352883
0.000337792
0.000320263
0.000303938
0.000290705
0.000281425
0.000273313
0.000265258
0.000244864
0.00022523
0.000192195
-0.00326564
-0.00309614
-0.00290495
-0.00273567
-0.00257979
-0.00243885
-0.00231433
-0.00220584
-0.00211222
-0.0020321
-0.00196387
-0.00190604
-0.00185721
-0.00181609
-0.00178156
-0.00175267
-0.00172863
-0.00170873
-0.00169241
-0.00167915
-0.00166849
-0.00166006
-0.00165348
-0.0016484
-0.00164454
-0.00164164
-0.00163945
-0.00163774
-0.00163629
-0.0016349
-0.00163339
-0.00163157
-0.00162929
-0.00162642
-0.00162292
-0.00161918
-0.00161558
-0.00160596
-0.00159332
-0.00158681
-0.00157733
-0.00156582
-0.00155268
-0.0015379
-0.00152147
-0.00150328
-0.00148329
-0.00146142
-0.00143766
-0.00141207
-0.0013848
-0.00135607
-0.00132615
-0.00129529
-0.00126377
-0.00123195
-0.00120023
-0.00116891
-0.00113804
-0.00110759
-0.00107717
-0.00104615
-0.00101447
-0.000982156
-0.000949179
-0.000915073
-0.000879239
-0.000841125
-0.000800739
-0.000759017
-0.000717684
-0.000678092
-0.000640643
-0.000604521
-0.000568052
-0.000529966
-0.000489966
-0.000449174
-0.000409516
-0.000372522
-0.000338312
-0.000305854
-0.000273444
-0.000239852
-0.000204414
-0.000166758
-0.00012654
-8.33512e-05
-3.71845e-05
1.09666e-05
5.93887e-05
0.000106211
0.000150193
0.000190754
0.000227652
0.000260482
0.000289029
0.000310449
0.000326795
0.000340495
0.000351822
0.000361038
0.000368357
0.000373947
0.000378004
0.000380853
0.000382826
0.000384166
0.000384956
0.000385134
0.000384647
0.000383585
0.000382212
0.000380846
0.00037971
0.000378836
0.000378099
0.000377365
0.000376546
0.000375724
0.000375109
0.000374858
0.00037501
0.000375416
0.000375899
0.000376404
0.000376963
0.000377662
0.000378466
0.000379337
0.000380104
0.000380533
0.000380293
0.000379074
0.000376478
0.000372589
0.000367196
0.000360243
0.000351568
0.000339891
0.000326482
0.000311047
0.000296499
0.000284189
0.000274922
0.000266159
0.000257392
0.000238519
0.000219734
0.00018963
-0.00340081
-0.00317296
-0.00291603
-0.00270351
-0.00251858
-0.00235906
-0.00222389
-0.00211035
-0.00201536
-0.00193613
-0.00187006
-0.00181502
-0.00176921
-0.00173104
-0.0016993
-0.00167299
-0.00165125
-0.00163338
-0.00161884
-0.00160711
-0.00159777
-0.00159043
-0.00158477
-0.00158044
-0.00157718
-0.00157476
-0.00157295
-0.00157155
-0.00157036
-0.0015692
-0.00156789
-0.00156627
-0.00156421
-0.00156153
-0.00155812
-0.00155397
-0.00154881
-0.00153967
-0.00153266
-0.00152568
-0.00151652
-0.00150574
-0.00149347
-0.0014797
-0.00146438
-0.00144747
-0.00142891
-0.00140868
-0.00138678
-0.00136326
-0.00133824
-0.00131189
-0.0012844
-0.00125602
-0.00122696
-0.00119751
-0.00116795
-0.00113853
-0.00110925
-0.00108028
-0.00105139
-0.00102205
-0.000992162
-0.000961676
-0.000930574
-0.000898409
-0.000864833
-0.000829523
-0.00079253
-0.000754489
-0.00071674
-0.000680011
-0.000644617
-0.000610063
-0.000575292
-0.000539649
-0.00050277
-0.000465381
-0.000428796
-0.000393958
-0.000360962
-0.000329199
-0.000297463
-0.00026479
-0.000230607
-0.000194483
-0.000156147
-0.000115344
-7.21678e-05
-2.7433e-05
1.75575e-05
6.13295e-05
0.000102823
0.000141412
0.000176765
0.000208483
0.000236444
0.000257798
0.000274406
0.000288632
0.000300675
0.000310757
0.000319073
0.00032577
0.000331054
0.000335188
0.000338426
0.000340982
0.000342948
0.000344318
0.000345088
0.00034536
0.000345325
0.000345233
0.000345264
0.00034546
0.000345755
0.000346061
0.000346325
0.000346601
0.00034704
0.000347751
0.000348771
0.000349999
0.000351312
0.000352663
0.000354065
0.000355565
0.000357125
0.00035869
0.000360098
0.000361134
0.000361501
0.000360932
0.00035908
0.000355974
0.000351406
0.000345313
0.00033756
0.000327221
0.000315322
0.000301695
0.000288678
0.000277246
0.000268122
0.000259038
0.000249842
0.000232235
0.000214521
0.000187219
-0.00357008
-0.00325424
-0.00289649
-0.00262855
-0.00241306
-0.00223816
-0.00209764
-0.00198481
-0.0018939
-0.00182031
-0.00176043
-0.00171154
-0.00167146
-0.00163849
-0.0016114
-0.00158916
-0.00157095
-0.00155615
-0.00154425
-0.00153478
-0.00152736
-0.00152168
-0.0015174
-0.00151423
-0.00151194
-0.00151033
-0.00150919
-0.00150837
-0.00150767
-0.00150694
-0.00150603
-0.00150479
-0.00150309
-0.0015008
-0.00149777
-0.00149401
-0.00148928
-0.00148273
-0.00147651
-0.00146907
-0.00146026
-0.00145016
-0.00143873
-0.00142591
-0.00141168
-0.00139598
-0.00137878
-0.00136007
-0.00133984
-0.00131816
-0.00129512
-0.00127085
-0.00124552
-0.0012193
-0.00119238
-0.00116498
-0.00113734
-0.00110963
-0.00108195
-0.00105441
-0.0010269
-0.000999108
-0.000970823
-0.000941957
-0.000912623
-0.000882279
-0.000850758
-0.000817888
-0.000783683
-0.00074856
-0.00071381
-0.000679605
-0.000646218
-0.000613345
-0.000580265
-0.000546851
-0.00051256
-0.000477895
-0.000443849
-0.000410944
-0.00037922
-0.000348374
-0.000317492
-0.00028581
-0.000252886
-0.000218262
-0.000181748
-0.00014317
-0.000102663
-6.09199e-05
-1.89435e-05
2.20664e-05
6.12123e-05
9.78719e-05
0.000131684
0.000162261
0.000189538
0.000210664
0.000227343
0.000241878
0.000254426
0.000265163
0.000274257
0.000281848
0.000288133
0.000293323
0.000297623
0.000301224
0.000304218
0.000306634
0.000308498
0.000309916
0.00031103
0.000312047
0.000313114
0.000314275
0.000315506
0.000316745
0.000317966
0.000319205
0.00032057
0.00032214
0.000323948
0.000325924
0.000327981
0.000330082
0.000332226
0.000334436
0.000336669
0.000338858
0.00034085
0.000342447
0.000343382
0.000343417
0.000342251
0.000339873
0.000336086
0.000330825
0.000323976
0.000314869
0.000304335
0.000292291
0.000280615
0.000270017
0.000261123
0.000251947
0.000242534
0.00022606
0.000209271
0.000185099
-0.00375381
-0.00329854
-0.00280184
-0.0024765
-0.0022401
-0.00206216
-0.00192806
-0.00182597
-0.00174711
-0.00168534
-0.00163637
-0.00159718
-0.00156556
-0.00153991
-0.0015191
-0.00150222
-0.0014886
-0.00147772
-0.00146916
-0.00146254
-0.00145756
-0.00145395
-0.00145143
-0.00144975
-0.00144873
-0.00144818
-0.00144797
-0.00144793
-0.00144792
-0.0014478
-0.00144744
-0.00144671
-0.00144552
-0.00144368
-0.00144103
-0.0014377
-0.0014335
-0.00142882
-0.00142382
-0.0014163
-0.00140796
-0.00139854
-0.00138791
-0.00137602
-0.00136281
-0.00134826
-0.00133234
-0.00131502
-0.00129634
-0.00127631
-0.00125503
-0.0012326
-0.00120916
-0.00118484
-0.0011598
-0.00113423
-0.0011083
-0.00108219
-0.00105594
-0.00102975
-0.0010036
-0.000977235
-0.000950364
-0.000922926
-0.000895273
-0.000866602
-0.000836952
-0.000806227
-0.000774344
-0.000741544
-0.00070939
-0.000677427
-0.000645936
-0.000614715
-0.000583213
-0.000551862
-0.000519767
-0.000487322
-0.000455437
-0.000424278
-0.000393799
-0.000363983
-0.00033405
-0.000303385
-0.000271713
-0.000238535
-0.000203763
-0.000167258
-0.000129161
-9.0082e-05
-5.07957e-05
-1.23058e-05
2.46355e-05
5.94321e-05
9.17278e-05
0.000121146
0.00014767
0.000168446
0.000185053
0.000199734
0.000212614
0.000223828
0.000233523
0.000241829
0.000248923
0.000254977
0.000260171
0.000264666
0.00026855
0.000271875
0.000274689
0.000277092
0.000279197
0.000281179
0.00028316
0.000285184
0.000287253
0.000289324
0.00029139
0.000293473
0.000295653
0.000297985
0.0003005
0.000303148
0.00030587
0.000308634
0.000311432
0.00031427
0.000317099
0.000319845
0.000322366
0.000324476
0.000325934
0.000326529
0.000325994
0.000324292
0.00032124
0.000316776
0.000310802
0.000302834
0.000293543
0.000282902
0.000272419
0.000262609
0.000254007
0.000244893
0.000235422
0.000219993
0.000204045
0.00018231
-0.00417415
-0.00326542
-0.00257823
-0.00221129
-0.00197889
-0.00182117
-0.00171218
-0.00163457
-0.00157747
-0.00153427
-0.0015009
-0.00147472
-0.00145394
-0.00143734
-0.0014241
-0.00141359
-0.00140533
-0.00139901
-0.00139431
-0.00139098
-0.00138881
-0.0013876
-0.00138712
-0.00138717
-0.00138763
-0.00138837
-0.00138925
-0.00139017
-0.00139102
-0.00139167
-0.00139196
-0.00139182
-0.00139115
-0.00138969
-0.00138719
-0.00138442
-0.00138179
-0.00138129
-0.00137569
-0.00136734
-0.00135926
-0.00135048
-0.00134064
-0.00132964
-0.00131743
-0.00130395
-0.0012892
-0.00127317
-0.00125586
-0.00123733
-0.00121763
-0.00119684
-0.00117509
-0.00115247
-0.00112911
-0.00110517
-0.00108079
-0.00105611
-0.00103125
-0.00100632
-0.000981362
-0.000956363
-0.000930765
-0.000904534
-0.000878521
-0.000851365
-0.000823387
-0.000794584
-0.000764666
-0.000733648
-0.000703863
-0.000673925
-0.000644188
-0.000614511
-0.000584382
-0.000554984
-0.000524778
-0.000494151
-0.00046416
-0.000434588
-0.000405271
-0.000376528
-0.000347583
-0.000317921
-0.000287479
-0.000255676
-0.000222557
-0.000187981
-0.000152075
-0.000115407
-7.85537e-05
-4.23854e-05
-7.51758e-06
2.54876e-05
5.62979e-05
8.45529e-05
0.000110271
0.00013061
0.000147039
0.00016174
0.000174814
0.000186364
0.000196514
0.000205385
0.000213129
0.000219894
0.000225834
0.000231087
0.000235738
0.000239855
0.000243488
0.000246736
0.000249697
0.000252521
0.000255303
0.000258092
0.000260907
0.000263716
0.000266526
0.000269345
0.000272241
0.000275246
0.00027839
0.000281638
0.000284949
0.000288296
0.000291667
0.000295054
0.000298407
0.000301647
0.000304639
0.000307212
0.000309147
0.000310255
0.000310298
0.000309224
0.000306863
0.000303157
0.000298022
0.00029111
0.000282961
0.000273581
0.000264174
0.000255112
0.000246838
0.000237891
0.000228475
0.00021402
0.000198896
0.000178893
-0.00415769
-0.0026355
-0.00199415
-0.00173148
-0.00158897
-0.00150335
-0.00145022
-0.00141511
-0.0013904
-0.00137217
-0.00135834
-0.00134767
-0.00133936
-0.00133295
-0.00132812
-0.00132458
-0.00132218
-0.00132081
-0.0013203
-0.00132054
-0.00132143
-0.00132282
-0.00132456
-0.00132652
-0.00132863
-0.00133078
-0.00133289
-0.00133489
-0.00133669
-0.00133815
-0.00133911
-0.00133956
-0.00133955
-0.00133882
-0.0013375
-0.0013382
-0.00134169
-0.00133614
-0.00132552
-0.00132009
-0.00131334
-0.00130544
-0.00129645
-0.00128633
-0.00127505
-0.00126258
-0.00124892
-0.00123406
-0.00121802
-0.00120083
-0.00118254
-0.00116323
-0.00114298
-0.00112188
-0.00110003
-0.00107756
-0.0010546
-0.00103128
-0.00100767
-0.000983903
-0.000960103
-0.000936471
-0.000912018
-0.000886658
-0.000862352
-0.000836588
-0.000810142
-0.000783166
-0.000754984
-0.00072504
-0.000697513
-0.000669508
-0.000641408
-0.000613157
-0.000584144
-0.000556655
-0.000528103
-0.00049896
-0.000470685
-0.000442577
-0.000414317
-0.000386671
-0.000358728
-0.000330036
-0.0003008
-0.000270297
-0.000238739
-0.000205956
-0.000172046
-0.000137569
-0.000102919
-6.88828e-05
-3.59452e-05
-4.63667e-06
2.47451e-05
5.18596e-05
7.67446e-05
9.6597e-05
0.000112773
0.000127402
0.000140562
0.000152332
0.000162818
0.000172127
0.000180391
0.000187736
0.000194294
0.000200187
0.000205493
0.000210293
0.000214635
0.000218608
0.000222306
0.000225868
0.000229346
0.000232815
0.00023629
0.00023975
0.000243215
0.00024668
0.000250205
0.000253806
0.000257511
0.000261296
0.000265131
0.000268996
0.000272874
0.000276749
0.000280567
0.000284248
0.000287666
0.00029066
0.000293033
0.000294615
0.000295192
0.000294703
0.00029299
0.000290002
0.000285661
0.000279724
0.000272619
0.000264376
0.000255942
0.00024759
0.000239671
0.000230971
0.000221688
0.000208147
0.000193821
0.000175379
1225.98
1225.98
1225.99
1226.01
1226.06
1226.13
1226.2
1226.26
1226.29
1226.31
1226.3
1226.28
1226.24
1226.24
1226.26
1226.32
1226.35
1226.38
1226.43
1226.5
1226.6
1226.67
1226.72
1226.76
1226.79
1226.81
1226.83
1226.84
1226.86
1226.87
1226.88
1226.9
1226.91
1226.93
1226.95
1226.96
1226.97
1226.99
1227.01
1227.02
1227.04
1227.05
1227.07
1227.08
1227.08
1227.07
1227.04
1227.02
1227.02
1227.04
1227.05
1227.09
1227.12
1227.14
1227.14
1227.15
1227.16
1227.16
1227.17
1227.18
1227.18
1227.18
1227.17
1227.17
1227.19
1227.19
1227.18
1227.16
1227.09
1227.07
1227.08
1227.1
1227.1
1227.07
1227.01
1226.95
1226.92
1226.9
1226.89
1226.77
1226.63
1226.56
1226.43
1226.39
1226.4
1226.37
1226.32
1226.22
1226.12
1225.99
1225.88
1225.73
1225.6
1225.41
1225.2
1225
1224.88
1224.72
1224.63
1224.35
1225.94
1225.95
1225.95
1225.97
1226.03
1226.1
1226.17
1226.23
1226.27
1226.29
1226.28
1226.24
1226.2
1226.2
1226.23
1226.29
1226.31
1226.35
1226.4
1226.48
1226.58
1226.65
1226.71
1226.75
1226.78
1226.8
1226.82
1226.83
1226.84
1226.86
1226.87
1226.89
1226.9
1226.92
1226.94
1226.95
1226.97
1227
1227.01
1227.01
1227.01
1227.03
1227.06
1227.08
1227.08
1227.07
1227.02
1227.01
1227.01
1227.03
1227.05
1227.09
1227.11
1227.14
1227.14
1227.15
1227.16
1227.16
1227.18
1227.19
1227.19
1227.18
1227.17
1227.17
1227.19
1227.19
1227.18
1227.16
1227.09
1227.07
1227.08
1227.11
1227.1
1227.07
1227.01
1226.96
1226.92
1226.9
1226.89
1226.78
1226.63
1226.56
1226.43
1226.39
1226.4
1226.38
1226.32
1226.23
1226.12
1226
1225.88
1225.74
1225.61
1225.41
1225.2
1224.99
1224.87
1224.72
1224.63
1224.35
1225.86
1225.91
1225.91
1225.93
1225.99
1226.07
1226.15
1226.2
1226.22
1226.25
1226.24
1226.2
1226.15
1226.16
1226.19
1226.26
1226.28
1226.31
1226.37
1226.45
1226.57
1226.64
1226.7
1226.74
1226.77
1226.79
1226.8
1226.82
1226.83
1226.84
1226.86
1226.87
1226.89
1226.91
1226.93
1226.94
1226.97
1226.99
1227.01
1227.01
1227
1227.02
1227.04
1227.07
1227.08
1227.07
1227.02
1227.02
1227.01
1227.03
1227.05
1227.1
1227.12
1227.14
1227.14
1227.16
1227.16
1227.16
1227.18
1227.19
1227.19
1227.19
1227.18
1227.18
1227.2
1227.2
1227.19
1227.17
1227.08
1227.07
1227.08
1227.11
1227.11
1227.08
1227.02
1226.96
1226.93
1226.91
1226.9
1226.78
1226.63
1226.56
1226.42
1226.39
1226.41
1226.38
1226.33
1226.23
1226.12
1226
1225.88
1225.74
1225.61
1225.41
1225.19
1224.99
1224.87
1224.72
1224.63
1224.35
1225.65
1225.67
1225.82
1225.88
1225.95
1226.05
1226.13
1226.21
1226.09
1225.99
1225.98
1225.99
1226.08
1226.1
1226.15
1226.24
1226.25
1226.27
1226.33
1226.43
1226.56
1226.64
1226.69
1226.72
1226.75
1226.78
1226.79
1226.8
1226.74
1226.76
1226.82
1226.86
1226.88
1226.9
1226.92
1226.94
1226.97
1226.99
1227
1226.99
1227
1227.02
1227.06
1227.08
1227.08
1227.07
1227.01
1227.02
1227.01
1227.04
1227.07
1227.12
1227.13
1227.14
1227.14
1227.16
1227.17
1227.17
1227.19
1227.2
1227.2
1227.2
1227.18
1227.18
1227.2
1227.2
1227.19
1227.17
1227.08
1227.06
1227.08
1227.12
1227.12
1227.09
1227.02
1226.96
1226.93
1226.92
1226.91
1226.78
1226.63
1226.56
1226.41
1226.38
1226.41
1226.39
1226.34
1226.24
1226.13
1226
1225.88
1225.74
1225.61
1225.41
1225.19
1224.98
1224.87
1224.73
1224.63
1224.35
1225.63
1225.6
1225.57
1225.73
1225.91
1226.02
1226.12
1226.21
1226.23
1225.99
1225.96
1225.89
1225.79
1225.79
1225.92
1226.22
1226.22
1226.23
1226.29
1226.4
1226.55
1226.64
1226.68
1226.72
1226.74
1226.76
1226.78
1226.8
1226.74
1226.72
1226.73
1226.77
1226.87
1226.9
1226.92
1226.94
1226.97
1226.99
1227
1227
1227
1227.02
1227.07
1227.09
1227.09
1227.07
1227
1227.02
1227.03
1227.05
1227.07
1227.13
1227.13
1227.15
1227.15
1227.16
1227.17
1227.17
1227.19
1227.21
1227.2
1227.18
1227.15
1227.15
1227.19
1227.21
1227.2
1227.18
1227.08
1227.06
1227.09
1227.13
1227.13
1227.09
1227.02
1226.96
1226.93
1226.93
1226.93
1226.78
1226.62
1226.4
1225.24
1224.79
1225.18
1226.01
1226.34
1226.24
1226.12
1225.95
1225.83
1225.69
1225.6
1225.41
1225.18
1224.98
1224.86
1224.73
1224.63
1224.35
1225.64
1225.56
1225.51
1225.51
1225.81
1226
1226.11
1226.21
1226.14
1225.96
1225.94
1225.88
1225.93
1225.99
1226.07
1226.2
1223.6
1219.92
1221.76
1225.22
1226.51
1226.65
1226.69
1226.72
1226.74
1226.76
1226.78
1226.79
1226.7
1226.71
1226.73
1226.75
1226.86
1226.89
1226.92
1226.94
1226.96
1226.99
1227.01
1227.02
1227.03
1227.04
1227.05
1227.08
1227.09
1227.06
1226.99
1227.01
1227.02
1227.05
1227.07
1227.13
1227.14
1227.15
1227.15
1227.17
1227.17
1227.17
1227.2
1227.21
1227.21
1227.17
1227.09
1227.09
1227.12
1227.2
1227.21
1227.18
1227.07
1227.06
1227.1
1227.15
1227.15
1227.1
1227.02
1226.96
1226.94
1226.94
1226.94
1226.78
1226.61
1226.56
1224.43
1224.08
1224.13
1225.32
1226.35
1226.25
1226.09
1225.92
1225.84
1225.73
1225.59
1225.39
1225.15
1224.88
1224.65
1224.54
1224.62
1224.35
1225.81
1225.75
1225.65
1225.62
1225.64
1225.81
1226.09
1226.22
1226.28
1226.25
1226.21
1226.09
1225.91
1225.91
1226.03
1226.21
1218.7
1217.19
1217.24
1217.27
1223.74
1226.67
1226.71
1226.73
1226.75
1226.76
1226.78
1226.73
1226.69
1226.71
1226.74
1226.84
1226.87
1226.89
1226.92
1226.93
1226.96
1226.99
1227.01
1227.02
1227.03
1226.97
1226.87
1226.9
1227.03
1227.06
1226.98
1227.01
1227.02
1227.05
1226.99
1226.87
1226.74
1226.77
1226.89
1227.15
1227.18
1227.18
1227.21
1227.22
1227.22
1227.18
1227.09
1227.1
1227.21
1227.23
1227.21
1227.19
1227.06
1227.05
1227.07
1227.11
1227.11
1227.09
1227.02
1226.92
1226.7
1226.53
1226.66
1226.72
1226.6
1226.55
1225.45
1224.07
1224.87
1226.16
1226.37
1226.26
1226.07
1225.9
1225.8
1225.75
1225.62
1225.04
1222.75
1222.04
1223.33
1224.72
1224.63
1224.34
1225.81
1225.74
1220.76
1216.6
1222.34
1225.99
1226.14
1226.25
1226.31
1226.31
1226.23
1226.05
1225.8
1225.8
1225.99
1226.23
1220.54
1217.14
1217.19
1217.23
1224.87
1226.72
1226.73
1226.74
1226.75
1226.77
1226.7
1226.7
1226.72
1226.79
1226.83
1226.86
1226.87
1226.9
1226.92
1226.93
1226.96
1226.99
1227.01
1227.02
1227.04
1226.48
1226.45
1226.49
1226.95
1227.06
1226.95
1227
1227.01
1227.05
1227.07
1224.8
1224.31
1224.79
1226.56
1227.17
1227.18
1227.17
1227.19
1227.22
1227.2
1227.1
1226.9
1226.98
1227.11
1227.07
1226.96
1226.92
1226.69
1226.7
1227.03
1226.69
1225.33
1225.23
1225.13
1225.15
1225.67
1226.48
1226.56
1225.4
1223.08
1222.47
1223.32
1225.71
1226.65
1226.5
1226.38
1226.25
1226.03
1225.9
1225.81
1225.76
1225.63
1223.71
1221.84
1221.67
1223.01
1224.67
1224.63
1224.34
1225.83
1221.1
1211.33
1211.41
1218.26
1225.76
1226.13
1226.31
1226.36
1226.39
1226.26
1226.02
1207.54
1201.29
1202.89
1220.29
1226.79
1226.99
1227.02
1226.97
1226.81
1226.76
1226.75
1226.76
1226.77
1226.77
1226.74
1226.76
1226.8
1226.83
1226.84
1226.86
1226.85
1226.85
1226.88
1226.93
1226.98
1227.01
1226.87
1226.56
1226.55
1226.85
1227.07
1227.11
1226.86
1223.81
1223.53
1224.56
1226.23
1226.99
1227.07
1227.09
1224.75
1224.12
1224.06
1225.22
1226.92
1227.18
1227.05
1226.69
1226.66
1226.68
1226.73
1226.84
1227.03
1227.07
1227.06
1226.23
1220.91
1220.63
1224.09
1226.99
1227.22
1227.13
1224.46
1222.83
1222.85
1224.46
1226.59
1224.22
1218.01
1217.59
1217.61
1220.72
1226.67
1226.51
1226.39
1226.26
1226.06
1225.9
1225.82
1225.76
1225.64
1223.69
1221.83
1221.66
1221.5
1224.29
1224.63
1224.3
1225.85
1218.19
1211.15
1211.26
1211.24
1211.4
1215.7
1226.42
1226.46
1226.49
1226.36
1209.45
1200.92
1201.09
1201.47
1201.53
1219.89
1227.01
1227.02
1226.97
1226.84
1226.8
1226.78
1226.78
1226.78
1226.78
1226.79
1226.8
1226.8
1226.82
1226.84
1226.86
1226.86
1226.86
1226.88
1226.93
1226.99
1227.02
1226.2
1224.67
1224.65
1226.07
1227.04
1227.14
1227.16
1224.84
1214.52
1214.34
1214.31
1214.33
1218.36
1226.38
1227.33
1225.82
1224.02
1223.98
1223.89
1224.79
1227
1227.26
1227.24
1227.01
1223.2
1222.61
1222.69
1225.38
1226.76
1223.57
1219.22
1219.25
1219.29
1224.22
1227.3
1223.37
1222.88
1222.82
1225.11
1226.34
1226.3
1217.72
1217.58
1217.57
1218.18
1224.1
1226.69
1226.53
1226.4
1226.28
1226.16
1226.03
1225.91
1225.77
1225.64
1224.06
1221.84
1222.3
1224.06
1224.74
1224.64
1224.32
1210.8
1210.84
1211.03
1211.13
1211.46
1223.28
1226.62
1226.55
1226.58
1226.62
1216.12
1200.69
1200.93
1201.64
1221.04
1227.24
1227.1
1227.06
1227.03
1226.97
1226.87
1226.83
1226.8
1226.79
1226.79
1226.79
1226.8
1226.81
1226.81
1226.82
1226.84
1226.86
1226.88
1226.86
1226.91
1226.96
1227
1227.03
1227.07
1226.1
1223.96
1224.01
1224.01
1226.51
1227.2
1221.54
1214.3
1214.31
1214.3
1214.31
1214.28
1224.51
1227.45
1227.44
1227.44
1226.64
1223.99
1223.91
1226.04
1227.28
1224.67
1223.46
1223.43
1225.89
1227.02
1221.46
1219.1
1219.15
1219.19
1220.34
1225.44
1227.35
1227.33
1227
1223.84
1222.8
1222.75
1225.58
1226.27
1222.76
1219.43
1221.04
1225.1
1226.85
1226.72
1226.55
1226.41
1226.28
1226.17
1226.04
1225.91
1225.77
1225.49
1225.12
1225.02
1224.9
1224.86
1224.76
1224.64
1224.34
1216.26
1220.59
1225.34
1226.63
1226.89
1226.78
1226.71
1226.66
1226.69
1226.76
1223.94
1209.28
1213.57
1224.92
1227.51
1227.33
1227.17
1227.1
1227.05
1226.99
1226.9
1226.85
1226.82
1226.81
1226.8
1226.8
1226.81
1226.82
1226.83
1226.84
1226.85
1226.87
1226.85
1226.87
1226.93
1226.97
1227.01
1227.05
1226.16
1225.27
1225.48
1226.37
1225.97
1224.77
1224.81
1225.01
1225.31
1225.28
1225.23
1225.25
1225.58
1226.55
1227.47
1227.46
1227.45
1227.19
1226.48
1226.26
1226.54
1227.29
1227.37
1226.05
1224.09
1224.67
1227.08
1227.06
1226.51
1225.75
1225.87
1226.39
1227.18
1227.41
1227.36
1227.32
1227.04
1226.35
1226.16
1226.39
1227.05
1227.42
1227.5
1227.43
1227.29
1226.99
1226.74
1226.56
1226.42
1226.29
1226.17
1226.04
1225.92
1225.78
1225.66
1225.61
1225.55
1225.36
1225.12
1224.8
1224.64
1224.35
1226.71
1226.84
1226.91
1226.94
1226.92
1226.84
1226.79
1226.77
1226.8
1226.88
1227.19
1227.72
1227.83
1227.77
1227.53
1227.37
1227.23
1227.15
1227.08
1227.02
1226.94
1226.89
1226.86
1226.84
1226.82
1226.82
1226.82
1226.83
1226.83
1226.85
1226.86
1226.88
1226.9
1226.92
1226.95
1226.98
1227.02
1227.07
1227.13
1227.22
1227.3
1227.34
1227.38
1227.39
1227.42
1227.65
1227.84
1227.85
1227.87
1227.87
1227.8
1227.61
1227.53
1227.48
1227.46
1227.43
1227.43
1227.42
1227.37
1227.36
1227.39
1227.5
1227.57
1227.57
1227.56
1227.61
1227.67
1227.77
1227.85
1227.79
1227.62
1227.46
1227.4
1227.4
1227.47
1227.48
1227.43
1227.32
1227.28
1227.42
1227.48
1227.42
1227.28
1227.01
1226.77
1226.58
1226.43
1226.3
1226.18
1226.05
1225.92
1225.78
1225.67
1225.61
1225.53
1225.36
1225.11
1224.81
1224.64
1224.35
1226.73
1226.84
1226.89
1226.92
1226.89
1226.81
1226.76
1226.76
1226.78
1226.88
1227.28
1227.7
1227.78
1227.76
1227.55
1227.35
1227.21
1227.12
1227.05
1226.98
1226.91
1226.86
1226.83
1226.81
1226.8
1226.8
1226.8
1226.81
1226.82
1226.83
1226.84
1226.86
1226.88
1226.9
1226.93
1226.97
1227.01
1227.06
1227.15
1227.25
1227.31
1227.35
1227.39
1227.42
1227.49
1227.67
1227.83
1227.85
1227.88
1227.87
1227.78
1227.61
1227.52
1227.47
1227.43
1227.42
1227.41
1227.39
1227.34
1227.34
1227.37
1227.49
1227.58
1227.57
1227.57
1227.6
1227.66
1227.79
1227.83
1227.77
1227.6
1227.42
1227.37
1227.38
1227.46
1227.46
1227.4
1227.28
1227.27
1227.42
1227.47
1227.42
1227.26
1226.97
1226.73
1226.54
1226.4
1226.28
1226.16
1226.03
1225.88
1225.32
1225.25
1225.52
1225.13
1223.13
1219.41
1214.94
1212.22
1209.39
292.578
297.053
297.134
296.066
292.146
285.426
281.741
281.916
283.485
290.669
309.958
329.217
330.105
324.825
313.758
303.297
297.492
294.943
293.1
290.853
288.548
287.497
287.47
287.606
287.956
288.448
288.973
289.466
289.912
290.34
290.794
291.316
291.929
292.63
293.435
294.369
295.543
297.377
300.481
303.978
305.438
305.887
306.418
307.267
310.395
318.156
323.136
323.102
322.886
321.983
317.828
311.114
308.34
307.781
307.098
307.132
307.009
306.056
303.792
303.568
305.312
310.409
312.825
311.55
310.674
311.715
314.528
320.114
321.431
318.421
310.672
303.663
303.244
305.318
309.151
309.252
306.021
301.019
302.313
309.149
311.835
310.003
303.787
293.114
284.868
280.117
277.073
274.446
271.67
268.618
265.327
261.919
259.922
259.352
258.048
254.392
249.332
244.566
242.02
237.298
-0.00122433
-0.00171889
-0.00147696
-0.000834574
-0.000155263
0.00147838
0.00263885
0.00271592
0.00307616
0.00193786
-0.000666878
-0.00444351
-0.00451874
-0.00273523
-0.000662855
0.000630171
0.00119399
0.00110622
0.000969772
0.00110584
0.00134869
0.00136835
0.00119092
0.00104304
0.000919353
0.000818589
0.000744124
0.000698416
0.000680904
0.000683746
0.000698128
0.00071418
0.000728752
0.000747076
0.000768306
0.000796961
0.00085128
0.000834973
0.000561633
0.000235848
0.000315154
0.00054103
0.000749684
0.000991796
0.000780127
-0.000171179
-0.000623943
-0.000333903
-3.45822e-05
-1.45215e-05
0.000408884
0.00125383
0.00146309
0.00120676
0.00123324
0.0011845
0.00117294
0.0013542
0.00172127
0.00186312
0.00167537
0.00114553
0.001023
0.00142111
0.00166989
0.00167924
0.00138051
0.000732874
0.000543033
0.00072916
0.00158896
0.00215963
0.00192357
0.00138425
0.000826862
0.000725552
0.00106772
0.00161711
0.00120693
0.000365138
-5.59724e-05
-9.28129e-05
0.00020107
0.000846759
0.00119159
0.00103962
0.000797046
0.00055783
0.000400544
0.000289916
0.000252274
0.000282501
0.000144233
-0.00016159
-0.000301236
-0.000184333
0.000149004
0.000277638
0.000395649
0.000214836
8.65943e-05
4.57242e-05
-7.82383e-05
-0.000251523
-0.000363716
-0.000420646
-0.000341772
-0.000267641
-8.78981e-05
0.000211379
0.00016559
3.59741e-05
-8.12085e-05
-0.000326353
-0.000557118
-0.000614095
-0.000602008
-0.000571144
-0.000546298
-0.000481909
-0.000394295
-0.000317544
-0.000256345
-0.000180077
-0.000112136
-5.87421e-05
-1.52259e-05
2.14351e-05
5.3378e-05
8.10624e-05
0.000105337
0.000126139
0.000143338
0.000156439
0.000165281
0.000177308
0.000192584
0.000207403
0.000208758
0.000179478
0.000161823
0.000142107
0.000160344
0.000214975
0.00031773
0.000271967
0.000293097
0.000213894
0.000200117
0.000130269
0.000141356
0.000181586
0.000323237
0.000406119
0.000523171
0.000604665
0.00067447
0.000724036
0.000785095
0.000844927
0.000926969
0.000918809
0.000904871
0.000870756
0.000840537
0.0008842
0.000913791
0.000803833
0.000794511
0.000652874
0.000620656
0.000660455
0.000656215
0.000644534
0.000569708
0.000488973
0.000407035
0.000423065
0.000399386
0.000336998
0.000246448
9.03453e-05
4.79789e-05
-1.76425e-05
-4.14927e-06
-1.30162e-05
-3.74631e-05
-8.44847e-05
-0.000117343
-0.00014259
-0.000144398
-0.000113311
-9.56416e-05
-8.23428e-05
-4.68242e-05
-8.47431e-05
1.51677e-05
-8.98771e-06
8.84836e-05
3.36128e-05
-0.000146116
-0.000340513
-0.000309588
-0.000233048
-7.30672e-05
0.000200859
0.00046423
0.000560723
0.000547263
0.00036133
-0.000233244
-0.000934839
-0.00110774
-0.000918879
-0.000562348
-0.00025812
-6.06125e-05
1.42315e-05
4.9531e-05
0.000126872
0.000216896
0.000258735
0.000261561
0.000268208
0.000271517
0.000273477
0.000277043
0.000284021
0.000295224
0.000309565
0.000325591
0.00034096
0.000354887
0.000367726
0.000378944
0.000391757
0.000403321
0.000388975
0.00032764
0.000255423
0.000258817
0.000292078
0.000348849
0.000400812
0.000360609
0.000161829
5.781e-05
7.72728e-05
0.000129918
0.0001422
0.000270372
0.000488376
0.000623699
0.000640924
0.000712704
0.00075863
0.000808224
0.000891162
0.00101106
0.00107508
0.00106942
0.000963499
0.00093273
0.000990718
0.00102345
0.00103473
0.000964271
0.000768761
0.000724381
0.00068249
0.000821759
0.000952397
0.000892596
0.000770567
0.000608553
0.00053134
0.000537743
0.00062755
0.000508361
0.000305767
0.000162364
4.83862e-05
7.31932e-05
0.000142207
0.00021766
0.000170428
0.00010255
1.63541e-05
-4.5326e-05
-9.20515e-05
-0.000109786
-8.96032e-05
-9.65261e-05
-0.000118783
-0.000105444
-9.97725e-05
3.31485e-05
4.43271e-05
0.000136817
6.93752e-05
-2.38899e-05
-0.000136723
-0.000157319
-0.000125256
-2.65084e-05
0.000147136
0.000317919
0.000372045
0.000356563
0.000217552
-0.000180414
-0.000576314
-0.000700406
-0.000571849
-0.000445495
-0.000251796
-9.75982e-05
-2.16822e-05
3.22313e-05
0.000103472
0.000179818
0.000218453
0.000230571
0.000244655
0.000254876
0.000263435
0.000272679
0.000284019
0.000297594
0.000312754
0.000328411
0.00034236
0.000354019
0.00036435
0.000372677
0.000381557
0.000388468
0.000372227
0.000325631
0.000271093
0.000271526
0.000293967
0.000334127
0.000368902
0.000325838
0.00018316
0.00010025
0.000104975
0.00014431
0.00016751
0.000282698
0.000473618
0.000592407
0.000622235
0.000690801
0.000739973
0.000792572
0.00087039
0.000980145
0.00103883
0.00103229
0.000945514
0.000918342
0.000970857
0.00100212
0.00100213
0.000927366
0.000752918
0.000702407
0.000670866
0.000804063
0.00092492
0.000859498
0.000743142
0.000587559
0.000516287
0.00052525
0.000609662
0.000481977
0.000275954
0.000133677
3.32323e-05
6.3047e-05
0.0001426
0.000225758
0.000165234
9.45539e-05
3.44987e-06
-6.20722e-05
-0.000114688
-0.00012926
-9.9532e-05
-9.94032e-05
-0.000125014
-0.00011877
-9.98384e-05
3.11284e-05
5.17904e-05
0.000140701
7.59185e-05
4.39169e-05
-4.23686e-05
-6.95099e-05
-5.27819e-05
1.09036e-05
0.000125826
0.000226582
0.000264053
0.000244254
9.43142e-05
-0.000142017
-0.000396884
-0.000509177
-0.000465444
-0.000375349
-0.000239282
-0.000118626
-4.14038e-05
2.08553e-05
8.56154e-05
0.000150604
0.000191148
0.000213272
0.000232214
0.000246343
0.000258056
0.000269257
0.000281763
0.000295648
0.000310101
0.000324328
0.000336939
0.000347208
0.000355606
0.000361493
0.000366995
0.000369248
0.00035514
0.00032075
0.000280692
0.000277666
0.000290104
0.000315851
0.000334969
0.00029638
0.000200036
0.000133145
0.000130216
0.000159068
0.000187328
0.000284292
0.000436798
0.000542661
0.000589209
0.000655973
0.000708795
0.000763926
0.00083357
0.000924398
0.000975819
0.00097808
0.000919639
0.00089822
0.000933109
0.000950514
0.000943176
0.000879244
0.000740091
0.000687899
0.00065266
0.000749649
0.000832929
0.00077837
0.000682399
0.000553722
0.00048623
0.000480059
0.000532636
0.000421222
0.000248627
0.000123231
2.68105e-05
4.41836e-05
9.73675e-05
0.000157841
0.000102964
3.859e-05
-4.8629e-05
-0.000111218
-0.000152241
-0.000149893
-0.00011434
-0.000107937
-0.000124724
-0.000112438
-9.53315e-05
2.25038e-05
4.24855e-05
0.000124366
7.21963e-05
8.52198e-05
1.50954e-05
-1.15221e-05
-3.11086e-06
3.96507e-05
0.000119364
0.000179514
0.000202352
0.000175305
4.16947e-05
-0.000106363
-0.000294658
-0.000390878
-0.000379899
-0.000314699
-0.000212946
-0.000114381
-4.09137e-05
2.17175e-05
8.27552e-05
0.000140918
0.000181275
0.000207603
0.000228712
0.000244802
0.000258111
0.000270255
0.000282736
0.000295817
0.000309091
0.000321974
0.000333424
0.000342795
0.000350306
0.000355219
0.000358604
0.000358065
0.000344987
0.000317516
0.000286227
0.000281248
0.000287753
0.000303778
0.000313498
0.000278547
0.000206524
0.000150852
0.000145562
0.000168953
0.000200599
0.00028588
0.000414859
0.000510529
0.000565037
0.000629316
0.000683586
0.000738258
0.000803728
0.000882483
0.000929365
0.000935256
0.000893252
0.000876423
0.000903047
0.000909343
0.000898486
0.000839801
0.000723153
0.000669991
0.000635688
0.000704278
0.000759512
0.000713447
0.0006289
0.000520739
0.000455154
0.000442879
0.000470492
0.000370767
0.00022129
0.000110669
1.83244e-05
2.73595e-05
5.93232e-05
0.000101576
5.04308e-05
-1.17173e-05
-9.48232e-05
-0.000145478
-0.000166502
-0.00015658
-0.000125825
-0.00011683
-0.000126375
-0.000108717
-9.24168e-05
1.54629e-05
3.587e-05
0.000111942
7.12438e-05
0.00011343
5.60393e-05
3.04198e-05
3.19181e-05
5.86263e-05
0.000112366
0.000150674
0.000163267
0.000116662
2.9298e-05
-7.96871e-05
-0.000225713
-0.000305351
-0.0003083
-0.000263105
-0.000185911
-0.000104751
-3.72847e-05
2.2952e-05
8.02094e-05
0.000133416
0.000172999
0.000201431
0.000224019
0.000241628
0.000256216
0.000269196
0.000281853
0.000294527
0.000307032
0.000318933
0.000329424
0.000337929
0.00034452
0.000348456
0.000350265
0.000347992
0.000335798
0.00031316
0.000287819
0.00028148
0.000283822
0.000292971
0.000296152
0.000265741
0.000207969
0.000162278
0.000156532
0.000176328
0.000209252
0.000285166
0.000396925
0.000484165
0.000542507
0.000604634
0.000659573
0.00071357
0.000775764
0.000845859
0.000889292
0.000897888
0.000867301
0.000854408
0.000874349
0.000873805
0.000860313
0.000806776
0.000702741
0.00065214
0.000617798
0.000659815
0.000698596
0.000657955
0.000582012
0.000487219
0.000424903
0.000407083
0.000418438
0.000328334
0.000195088
9.54164e-05
7.05166e-06
1.21374e-05
2.55404e-05
5.66817e-05
4.59159e-06
-5.50729e-05
-0.000124266
-0.000156295
-0.00017
-0.000163325
-0.000136351
-0.000125095
-0.000129238
-0.000107149
-9.068e-05
9.41797e-06
3.13142e-05
0.00010321
7.11085e-05
0.000133133
8.51941e-05
6.0774e-05
5.6875e-05
7.17519e-05
0.00010574
0.000131525
0.000132704
8.52784e-05
2.69039e-05
-6.33305e-05
-0.000176067
-0.000241471
-0.000251381
-0.000220173
-0.000160824
-9.35624e-05
-3.26371e-05
2.39194e-05
7.7339e-05
0.000126524
0.000165055
0.000194491
0.000218059
0.000236813
0.000252411
0.000266093
0.000278977
0.00029143
0.000303393
0.00031454
0.000324243
0.000331984
0.000337739
0.000340808
0.000341427
0.000338035
0.000326711
0.00030764
0.000286466
0.000279129
0.000278409
0.000282562
0.00028134
0.000254896
0.000207573
0.000170036
0.000164446
0.000181654
0.000214469
0.000282291
0.000380283
0.000460421
0.000520421
0.000580682
0.00063583
0.000689112
0.000748439
0.000812107
0.000852708
0.000863638
0.000842642
0.000832433
0.000846083
0.00084214
0.000826128
0.000775765
0.000681548
0.000633521
0.000595867
0.000618884
0.000645585
0.00060689
0.00053856
0.000452989
0.000394995
0.000370118
0.000371907
0.000290148
0.000170576
7.89819e-05
-4.308e-06
-5.51916e-06
-4.7947e-06
1.61209e-05
-3.68361e-05
-8.39076e-05
-0.000133847
-0.000159519
-0.000175605
-0.000171385
-0.000146671
-0.000133116
-0.000132656
-0.000106846
-8.94036e-05
3.90927e-06
2.74444e-05
9.54374e-05
7.12478e-05
0.000146748
0.000105794
8.2699e-05
7.5106e-05
8.22377e-05
0.000102023
0.000117625
0.000105832
7.38406e-05
2.55821e-05
-5.13714e-05
-0.000139086
-0.000193288
-0.000206221
-0.000184496
-0.0001381
-8.18657e-05
-2.73057e-05
2.50495e-05
7.47068e-05
0.000120424
0.000157665
0.000187347
0.00021144
0.000230966
0.000247305
0.00026154
0.000274634
0.000286958
0.000298524
0.000309085
0.000318143
0.000325234
0.000330273
0.000332622
0.00033235
0.000328256
0.000317732
0.000301234
0.000282999
0.000274994
0.000272042
0.000272586
0.000268432
0.000245097
0.000205982
0.000174814
0.000169753
0.000185092
0.000217032
0.000277969
0.000364874
0.000438921
0.000499144
0.000557667
0.000612649
0.000665143
0.000722013
0.000780916
0.000819443
0.000831348
0.000819335
0.000810516
0.000819866
0.000813198
0.000795339
0.00074709
0.000660909
0.000612467
0.000572327
0.00058248
0.000597367
0.000559507
0.000496884
0.000419212
0.000364538
0.000335368
0.000330112
0.000255214
0.000147134
6.22162e-05
-1.59205e-05
-2.41944e-05
-3.22061e-05
-2.0988e-05
-6.43927e-05
-9.31752e-05
-0.000136334
-0.000164802
-0.000182878
-0.000180042
-0.000156858
-0.000141092
-0.000136482
-0.000108181
-8.85478e-05
-1.15534e-06
2.40743e-05
8.85265e-05
7.16167e-05
0.000156045
0.000120375
9.85924e-05
8.85884e-05
9.03308e-05
0.000100703
0.000106803
9.03693e-05
6.73268e-05
2.30878e-05
-4.12059e-05
-0.000110742
-0.000156194
-0.000170034
-0.000154808
-0.000117965
-7.05442e-05
-2.18816e-05
2.61873e-05
7.22134e-05
0.00011481
0.000150586
0.000180009
0.000204268
0.000224264
0.000241126
0.00025579
0.000269076
0.000281338
0.000292621
0.000302734
0.000311267
0.000317809
0.000322244
0.000324006
0.000323068
0.000318575
0.000308729
0.000294094
0.000278009
0.00026957
0.000265
0.000262958
0.000256884
0.000236089
0.000203385
0.000177302
0.000172965
0.000186921
0.000217555
0.00027263
0.00035049
0.000419212
0.00047873
0.000535591
0.000590139
0.000641819
0.000696647
0.000751966
0.000789006
0.000800569
0.000796295
0.000789528
0.000795779
0.000786827
0.000767562
0.000720915
0.000641131
0.000591519
0.000548367
0.000548592
0.000553023
0.000515494
0.000457277
0.00038627
0.000334168
0.000303271
0.000292253
0.000223056
0.000124684
4.57069e-05
-2.84839e-05
-4.18111e-05
-5.78449e-05
-4.58522e-05
-7.20182e-05
-9.4381e-05
-0.000140254
-0.00017142
-0.000190925
-0.000189137
-0.000166983
-0.000149057
-0.000140445
-0.000110336
-8.82051e-05
-5.79184e-06
2.1163e-05
8.24648e-05
7.21911e-05
0.000162235
0.000130638
0.000110067
9.84721e-05
9.62401e-05
9.95983e-05
9.91122e-05
8.35665e-05
6.1388e-05
2.14166e-05
-3.2071e-05
-8.85595e-05
-0.000127093
-0.000140794
-0.000130082
-0.000100414
-6.01058e-05
-1.67684e-05
2.71548e-05
6.97146e-05
0.00010943
0.000143627
0.000172457
0.000196612
0.000216837
0.000234047
0.000249035
0.000262495
0.000274744
0.000285836
0.000295609
0.000303721
0.000309805
0.000313734
0.000315018
0.0003136
0.000308904
0.000299606
0.000286372
0.000271913
0.000263204
0.00025747
0.000253593
0.000246308
0.000227657
0.000200028
0.000178081
0.00017454
0.000187431
0.000216527
0.00026656
0.000336897
0.00040089
0.000459124
0.00051438
0.000568315
0.000619185
0.000672327
0.000725114
0.000759403
0.00077366
0.000773097
0.000769643
0.000773407
0.000762842
0.000742425
0.000697003
0.00062205
0.000571184
0.000524944
0.000516405
0.000512026
0.000474421
0.000419664
0.000354268
0.000304654
0.000272754
0.000257484
0.000193308
0.00010309
2.96848e-05
-4.10282e-05
-5.88703e-05
-7.48428e-05
-5.2106e-05
-7.0066e-05
-9.63455e-05
-0.00014509
-0.000178653
-0.000199627
-0.000198705
-0.000177133
-0.000157028
-0.00014455
-0.000112381
-8.8185e-05
-9.93555e-06
1.86385e-05
7.71227e-05
7.29232e-05
0.000166136
0.000137737
0.000118252
0.000105603
0.000100331
9.87005e-05
9.44367e-05
7.90943e-05
5.68171e-05
2.133e-05
-2.39907e-05
-7.08799e-05
-0.000103894
-0.000116972
-0.000109444
-8.5263e-05
-5.07622e-05
-1.21789e-05
2.78385e-05
6.71129e-05
0.00010413
0.000136681
0.000164696
0.000188541
0.000208805
0.00022622
0.00024145
0.000255066
0.000267339
0.000278309
0.000287833
0.000295608
0.000301312
0.00030482
0.000305722
0.000303982
0.000299186
0.000290333
0.000278212
0.000265013
0.000256157
0.000249605
0.000244445
0.000236452
0.000219654
0.000196122
0.000177591
0.000174853
0.000186885
0.000214341
0.000259987
0.000323938
0.000383676
0.000440273
0.000493969
0.000547177
0.000597255
0.000649036
0.000700142
0.000730306
0.000750624
0.000750838
0.000750278
0.000752467
0.000740984
0.000719654
0.000675158
0.000603826
0.000551496
0.000502196
0.000485864
0.000473893
0.000435883
0.000383875
0.00032327
0.000276039
0.000243691
0.000225372
0.000165643
8.24403e-05
1.43125e-05
-5.35431e-05
-7.12818e-05
-7.64206e-05
-4.70801e-05
-6.78308e-05
-9.87258e-05
-0.000150226
-0.000186435
-0.000209001
-0.000208766
-0.000187376
-0.000165039
-0.000148892
-0.000114424
-8.83233e-05
-1.3536e-05
1.64792e-05
7.25171e-05
7.37734e-05
0.00016832
0.000142488
0.000123964
0.000110638
0.000103116
9.8071e-05
9.10198e-05
7.56576e-05
5.3903e-05
2.2138e-05
-1.6928e-05
-5.65573e-05
-8.51397e-05
-9.74099e-05
-9.21687e-05
-7.22652e-05
-4.25662e-05
-8.21226e-06
2.81736e-05
6.43469e-05
9.88141e-05
0.000129683
0.000156732
0.000180112
0.00020027
0.000217778
0.000233182
0.00024694
0.000259266
0.000270173
0.000279519
0.000287027
0.000292419
0.000295576
0.000296193
0.000294232
0.000289394
0.000280934
0.000269729
0.00025753
0.000248626
0.00024152
0.000235494
0.000227152
0.00021199
0.000191836
0.000176172
0.000174212
0.000185515
0.000211313
0.000253093
0.000311509
0.000367377
0.000422123
0.000474303
0.000526717
0.000576026
0.000626727
0.000675663
0.000704305
0.000728876
0.000730299
0.000731484
0.000732878
0.000721014
0.000699029
0.000655238
0.0005866
0.000532591
0.000480203
0.00045688
0.000438214
0.000399555
0.000349759
0.000293315
0.000248361
0.000216058
0.000195608
0.000139857
6.30479e-05
-5.65213e-07
-6.48702e-05
-7.2671e-05
-6.54686e-05
-3.95554e-05
-6.56239e-05
-0.000100946
-0.000155617
-0.000194791
-0.000219037
-0.000219326
-0.000197764
-0.000173114
-0.000153435
-0.000116707
-8.85988e-05
-1.6683e-05
1.46905e-05
6.86823e-05
7.46983e-05
0.000169159
0.000145489
0.000127804
0.000114072
0.000104919
9.75086e-05
8.84467e-05
7.3051e-05
5.20661e-05
2.33632e-05
-1.0772e-05
-4.47907e-05
-6.9788e-05
-8.1214e-05
-7.76538e-05
-6.1154e-05
-3.54804e-05
-4.89396e-06
2.8134e-05
6.13819e-05
9.34259e-05
0.000122599
0.000148581
0.000171378
0.000191317
0.00020883
0.000224357
0.000238246
0.00025065
0.000261541
0.000270769
0.00027807
0.000283205
0.000286073
0.000286493
0.000284363
0.000279529
0.000271448
0.000261012
0.000249637
0.000240765
0.00023331
0.00022673
0.000218302
0.000204618
0.000187306
0.00017409
0.000172874
0.00018353
0.000207696
0.000246021
0.00029954
0.000351852
0.000404625
0.000455329
0.000506917
0.00055549
0.000605381
0.00065147
0.00068153
0.000707878
0.00071107
0.000713639
0.000714669
0.000702757
0.000680369
0.000637118
0.000570456
0.000514578
0.000459045
0.000429329
0.00040465
0.000365166
0.000317177
0.000264412
0.000221656
0.000189793
0.000167917
0.000115807
4.48676e-05
-1.51354e-05
-6.93798e-05
-6.1812e-05
-5.00276e-05
-3.19565e-05
-6.29349e-05
-0.000102988
-0.000161303
-0.000203719
-0.000229722
-0.000230389
-0.000208336
-0.000181267
-0.000157886
-0.000119158
-8.89661e-05
-1.94877e-05
1.3238e-05
6.54387e-05
7.56714e-05
0.000168857
0.000147155
0.000130218
0.000116278
0.000105949
9.6899e-05
8.64333e-05
7.10572e-05
5.0902e-05
2.47782e-05
-5.39484e-06
-3.4995e-05
-5.70674e-05
-6.76892e-05
-6.53992e-05
-5.16678e-05
-2.94198e-05
-2.2058e-06
2.77198e-05
5.8206e-05
8.79368e-05
0.000115414
0.000140258
0.000162388
0.00018202
0.000199471
0.00021508
0.000229094
0.000241599
0.000252515
0.000261675
0.000268818
0.00027374
0.000276382
0.00027666
0.000274393
0.000269619
0.000261911
0.000252137
0.000241467
0.000232692
0.000225046
0.000218152
0.000209834
0.000197511
0.000182644
0.000171561
0.00017105
0.000181116
0.000203695
0.000238882
0.000287987
0.000336996
0.000387732
0.000437001
0.000487753
0.00053564
0.000584994
0.000628602
0.000660515
0.000687624
0.000692883
0.000696847
0.000697835
0.000686096
0.000663522
0.000620695
0.000555443
0.000497528
0.000438764
0.000403095
0.000372921
0.000332481
0.000285998
0.000236548
0.000195938
0.000164818
0.000142066
9.33312e-05
2.74746e-05
-2.64295e-05
-6.30974e-05
-4.39572e-05
-3.49964e-05
-2.38999e-05
-5.97315e-05
-0.000104925
-0.000167301
-0.000213214
-0.000241051
-0.000241965
-0.000219127
-0.000189546
-0.000162084
-0.000121665
-8.93789e-05
-2.19873e-05
1.20732e-05
6.26075e-05
7.66882e-05
0.000167377
0.000147645
0.000131554
0.000117542
0.000106374
9.61978e-05
8.47752e-05
6.94831e-05
5.01696e-05
2.62502e-05
-6.87458e-07
-2.67434e-05
-4.64057e-05
-5.62939e-05
-5.49913e-05
-4.35618e-05
-2.42749e-05
-1.02396e-07
2.69491e-05
5.48203e-05
8.23351e-05
0.000108126
0.000131787
0.000153184
0.000172444
0.00018978
0.000205445
0.000219582
0.000232208
0.000243185
0.000252321
0.000259344
0.000264091
0.000266563
0.000266725
0.000264348
0.000259698
0.00025235
0.000243168
0.000233122
0.000224499
0.000216788
0.000209763
0.000201701
0.000190658
0.000177944
0.000168757
0.00016891
0.000178433
0.000199479
0.000231762
0.000276822
0.000322728
0.000371397
0.000419274
0.000469199
0.000516465
0.000565513
0.000606923
0.000640798
0.000668332
0.000675705
0.000681072
0.000682293
0.000670923
0.000648357
0.000605873
0.000541589
0.000481478
0.000419379
0.000378069
0.00034279
0.000301299
0.000256103
0.000209697
0.0001712
0.000141061
0.000117866
7.22407e-05
1.06635e-05
-2.99528e-05
-4.74661e-05
-2.50517e-05
-2.00393e-05
-1.52068e-05
-5.60981e-05
-0.000106795
-0.000173612
-0.000223273
-0.000253021
-0.000254058
-0.000230172
-0.000197992
-0.00016677
-0.000124171
-8.98118e-05
-2.42032e-05
1.11594e-05
6.01336e-05
7.77471e-05
0.000165264
0.000146977
0.000131997
0.000118093
0.000106334
9.54064e-05
8.33451e-05
6.81975e-05
4.97172e-05
2.7708e-05
3.45582e-06
-1.97068e-05
-3.73632e-05
-4.65979e-05
-4.60861e-05
-3.66142e-05
-1.99279e-05
1.47976e-06
2.5857e-05
5.12399e-05
7.66224e-05
0.000100743
0.00012319
0.000143806
0.000162644
0.000179828
0.000195529
0.000209791
0.000222561
0.000233631
0.000242779
0.000249714
0.000254323
0.000256655
0.000256717
0.000254267
0.000249794
0.000242795
0.00023416
0.000224687
0.00021626
0.000208582
0.000201569
0.000193878
0.000184057
0.000173282
0.000165816
0.000166597
0.000175622
0.000195182
0.00022473
0.00026603
0.000308988
0.000355581
0.000402107
0.000451224
0.000497944
0.000546895
0.00058621
0.000622229
0.000650033
0.0006595
0.00066627
0.000667963
0.00065714
0.000634759
0.00059257
0.000528907
0.000466448
0.000400888
0.000354149
0.000314052
0.000271443
0.000227379
0.000183823
0.000147422
0.000118456
9.5162e-05
5.2203e-05
-2.26249e-06
-2.4518e-05
-2.77314e-05
-6.67171e-06
-4.75226e-06
-5.91929e-06
-5.20913e-05
-0.000108623
-0.000180248
-0.000233904
-0.000265638
-0.00026668
-0.000241497
-0.000206532
-0.000172183
-0.000126729
-9.02421e-05
-2.61563e-05
1.04681e-05
5.79761e-05
7.88471e-05
0.000163409
0.000146533
0.000131288
0.000117989
0.000105856
9.4558e-05
8.2093e-05
6.71181e-05
4.94528e-05
2.91276e-05
7.14649e-06
-1.36078e-05
-2.95722e-05
-3.82285e-05
-3.83686e-05
-3.06017e-05
-1.62408e-05
2.62714e-06
2.4497e-05
4.74955e-05
7.0813e-05
9.32753e-05
0.000114483
0.000134283
0.000152663
0.000169665
0.00018539
0.000199786
0.00021272
0.000223913
0.000233106
0.000239978
0.000244479
0.00024668
0.00024666
0.000244178
0.000239919
0.00023327
0.000225155
0.000216223
0.000208033
0.000200466
0.000193579
0.00018635
0.000177719
0.000168734
0.00016287
0.000164254
0.000172824
0.000190936
0.000217859
0.000255607
0.000295726
0.000340244
0.000385456
0.000433787
0.00048005
0.00052914
0.000566253
0.000604693
0.000632673
0.000644207
0.000652405
0.000654777
0.000644664
0.000622638
0.000580724
0.000517409
0.000452453
0.00038328
0.000331232
0.000286512
0.000242735
0.000199702
0.000158873
0.000124576
9.69479e-05
7.37907e-05
3.29937e-05
-7.68541e-06
-1.15634e-05
-8.24547e-06
1.16515e-05
1.09704e-05
3.93162e-06
-4.7752e-05
-0.000110458
-0.000187265
-0.000245167
-0.000278965
-0.000279888
-0.000253145
-0.000215168
-0.000177475
-0.000129328
-9.063e-05
-2.78613e-05
9.97728e-06
5.60977e-05
7.99884e-05
0.000161558
0.000146056
0.000130813
0.000117668
0.000104531
9.35366e-05
8.10305e-05
6.62336e-05
4.93618e-05
3.05598e-05
1.05503e-05
-8.14715e-06
-2.26555e-05
-3.07957e-05
-3.14901e-05
-2.52525e-05
-1.30209e-05
3.47642e-06
2.29614e-05
4.36444e-05
6.49379e-05
8.57403e-05
0.000105679
0.000124627
0.000142515
0.000159312
0.000175054
0.000189593
0.000202715
0.000214059
0.000223325
0.00023016
0.000234565
0.000236637
0.000236559
0.000234078
0.000230071
0.000223779
0.000216177
0.000207778
0.000199861
0.000192473
0.000185806
0.000179121
0.000171678
0.000164402
0.000160074
0.00016206
0.000170215
0.000186899
0.000211251
0.000245576
0.000282913
0.000325347
0.000369269
0.000416833
0.000462733
0.000512126
0.000546957
0.000588067
0.000616164
0.000629757
0.000639434
0.000642679
0.000633432
0.000611929
0.000570295
0.000507124
0.000439514
0.00036654
0.000309206
0.000259961
0.000214974
0.000172924
0.000134774
0.000102619
7.64928e-05
5.34532e-05
1.72074e-05
-5.55389e-06
4.77902e-06
1.08658e-05
3.0318e-05
2.72494e-05
1.43809e-05
-4.31078e-05
-0.000112384
-0.000194781
-0.000257211
-0.000293158
-0.000293828
-0.000265242
-0.000224035
-0.000182501
-0.000131906
-9.09443e-05
-2.93268e-05
9.67479e-06
5.45253e-05
8.11608e-05
0.000159315
0.000144557
0.000130396
0.000117186
0.000103657
9.18814e-05
7.988e-05
6.54299e-05
4.92933e-05
3.18374e-05
1.35262e-05
-3.42446e-06
-1.66942e-05
-2.43809e-05
-2.55493e-05
-2.0684e-05
-1.03942e-05
3.92051e-06
2.11685e-05
3.96409e-05
5.89869e-05
7.8167e-05
9.68427e-05
0.000114933
0.000132321
0.000148906
0.000164669
0.000179363
0.000192695
0.000204217
0.000213581
0.000220404
0.000224709
0.000226657
0.000226549
0.000224085
0.000220353
0.000214419
0.000207312
0.000199427
0.000191798
0.000184625
0.000178236
0.000172136
0.000165845
0.000160171
0.000157287
0.000159849
0.000167622
0.000182903
0.000204772
0.000235828
0.000270495
0.000310885
0.000353586
0.000400417
0.000446063
0.000494925
0.000529515
0.00057227
0.000600532
0.000616144
0.000627308
0.00063155
0.000623285
0.000602418
0.000561056
0.000497844
0.000427448
0.000350573
0.00028805
0.000234472
0.000188294
0.000147189
0.000111619
8.15947e-05
5.70167e-05
3.37884e-05
7.6234e-06
2.68883e-06
2.05827e-05
2.9461e-05
4.87825e-05
4.35856e-05
2.50678e-05
-3.82718e-05
-0.000114285
-0.000202452
-0.000269539
-0.000307647
-0.000307955
-0.000277332
-0.000232809
-0.000187413
-0.000134396
-9.11936e-05
-3.06079e-05
9.52219e-06
5.32974e-05
8.23205e-05
-0.0123178
-0.013026
0.00325605
-0.00368539
0.00217174
0.00125099
0.00188522
0.00142677
0.00170841
0.00128974
0.00121451
0.000804573
0.000603193
0.000299732
0.000209793
-7.83023e-05
-0.000201027
-0.000375769
-0.000467756
-0.000576224
-0.000637451
-0.000674151
-0.000612785
-0.000597503
-0.000321977
-0.000193793
-5.28039e-05
6.33069e-05
1.3708e-05
9.70788e-05
0.00019039
0.000331688
0.000452274
0.000556078
0.000529905
0.000652216
0.000783471
0.000856117
0.00096026
0.000842516
0.000832589
0.000632971
0.000459629
0.000397007
0.00055955
0.000895586
0.00109396
0.00116601
0.00118094
0.00112459
-0.0113445
-0.0118149
0.00259344
-0.00331651
0.00191565
0.00112024
0.00184702
0.00136481
0.00167649
0.00125642
0.00119734
0.000797269
0.000593409
0.00029186
0.000189066
-9.64397e-05
-0.000211883
-0.000372883
-0.000465069
-0.000563819
-0.000616816
-0.000653813
-0.000594116
-0.000578514
-0.000319114
-0.000197561
-6.03968e-05
4.91614e-05
1.46093e-05
9.53412e-05
0.00018539
0.000319558
0.000434402
0.0005374
0.000520426
0.000638911
0.000761536
0.000828808
0.000926858
0.000817052
0.000804888
0.000615833
0.000457305
0.000410073
0.000547299
0.000855965
0.00104408
0.00111692
0.00113422
0.00108311
-0.0104296
-0.0104618
0.00198798
-0.00296718
0.00168372
0.00100394
0.00178001
0.00128577
0.0016293
0.0012204
0.00117786
0.000786966
0.000584902
0.000280967
0.000166705
-0.000117644
-0.000217212
-0.000373475
-0.00046376
-0.000551365
-0.000595854
-0.000632964
-0.000579309
-0.000555967
-0.000316237
-0.000200779
-6.78483e-05
3.54837e-05
1.44665e-05
9.2697e-05
0.00017983
0.000307494
0.000416505
0.000518433
0.00051052
0.00062329
0.000739159
0.00080143
0.000893584
0.00079126
0.000777021
0.000598672
0.000456176
0.000417283
0.000535143
0.000817523
0.000995
0.00106793
0.00108724
0.00104109
-0.00959117
-0.00940806
0.00140553
-0.00264526
0.00147014
0.000896021
0.00171442
0.0012053
0.00158076
0.00117228
0.00114394
0.00076494
0.000573412
0.000267111
0.000145052
-0.000136732
-0.000227697
-0.000378983
-0.00045858
-0.000539207
-0.000580541
-0.000611948
-0.000558374
-0.000533446
-0.000312822
-0.000203599
-7.51435e-05
2.232e-05
1.33947e-05
8.92511e-05
0.000173675
0.000295657
0.000398684
0.000498971
0.000499051
0.000607107
0.000716489
0.000773988
0.000860415
0.000765194
0.000748905
0.000581273
0.000455939
0.00041863
0.000522547
0.00078008
0.000946458
0.00101888
0.00103983
0.00099839
-0.00883445
-0.00854673
0.000923073
-0.00235723
0.00127545
0.000790856
0.00164779
0.00112536
0.00152828
0.00112735
0.00111185
0.00074163
0.000553819
0.000250708
0.000116526
-0.000145124
-0.00024912
-0.00038057
-0.000453699
-0.00052575
-0.000562753
-0.000590118
-0.000539177
-0.000511777
-0.000309046
-0.000205922
-8.21959e-05
9.75401e-06
1.15367e-05
8.51069e-05
0.000166963
0.00028322
0.000380954
0.000479173
0.000485795
0.000590862
0.00069346
0.000746545
0.000827501
0.000739002
0.000720623
0.000563595
0.0004532
0.000417031
0.000508334
0.000743305
0.000898575
0.000969955
0.000992181
0.00095518
-0.00807571
-0.00761336
0.000494531
-0.00211159
0.00110192
0.000689086
0.00157719
0.00104851
0.00147584
0.00108237
0.00107656
0.000720331
0.000528451
0.000231676
9.88683e-05
-0.000169945
-0.000268429
-0.000383728
-0.000448871
-0.00051222
-0.000544319
-0.000567749
-0.000519027
-0.00049049
-0.000304796
-0.000207682
-8.8889e-05
-2.10623e-06
9.06458e-06
8.04081e-05
0.000159836
0.000270264
0.000363253
0.000459204
0.000471317
0.000573934
0.00066998
0.00071911
0.000794937
0.000712787
0.000692206
0.000546078
0.000446518
0.000413235
0.000493913
0.000707053
0.000851417
0.000921236
0.000944378
0.000911528
-0.00738591
-0.00686292
0.000138816
-0.00190387
0.000951115
0.000591183
0.00150253
0.000974018
0.00142283
0.00104081
0.00104341
0.000683085
0.000508437
0.000209931
9.34975e-05
-0.000208079
-0.000290618
-0.000386924
-0.000444032
-0.000497828
-0.000525061
-0.000544715
-0.000498684
-0.00046958
-0.000299973
-0.000208762
-9.50658e-05
-1.31241e-05
6.16712e-06
7.5306e-05
0.000152376
0.000257179
0.000345611
0.000439068
0.000455813
0.000556207
0.000646112
0.000691707
0.000762825
0.000686659
0.00066366
0.000528605
0.000436526
0.000407563
0.000479514
0.000671377
0.000804979
0.000872763
0.00089648
0.000867487
-0.00674176
-0.00614807
-0.000153092
-0.00173116
0.000821036
0.000498232
0.00142361
0.000902389
0.00136778
0.0010014
0.00100672
0.000665128
0.000479819
0.0001863
8.86653e-05
-0.000250912
-0.000314684
-0.000391246
-0.000439856
-0.000483194
-0.000504809
-0.000521027
-0.00047783
-0.000448875
-0.000294437
-0.00020901
-0.000100537
-2.31455e-05
3.04081e-06
6.99544e-05
0.000144676
0.000243984
0.000328048
0.000418797
0.000439298
0.000537766
0.00062195
0.00066437
0.000731286
0.000660736
0.000635009
0.000510528
0.000425658
0.000399857
0.000464098
0.000636161
0.000759245
0.000824578
0.000848544
0.000823114
-0.00615249
-0.00553563
-0.000382979
-0.00159015
0.000710014
0.000412081
0.00134073
0.000832357
0.00131317
0.000964494
0.000968775
0.000622451
0.000455961
0.000163503
7.36109e-05
-0.000277944
-0.000344927
-0.00039635
-0.000435895
-0.000469068
-0.000483836
-0.000496692
-0.000456415
-0.000428211
-0.000288014
-0.000208242
-0.000105095
-3.20103e-05
-1.18629e-07
6.45051e-05
0.000136829
0.000230739
0.000310592
0.000398422
0.000421838
0.000518611
0.000597623
0.000637144
0.000700457
0.000635151
0.000606244
0.000491968
0.000413997
0.000390316
0.000447598
0.000601306
0.000714193
0.000776716
0.000800626
0.000778464
-0.00557491
-0.00496963
-0.00055354
-0.00147236
0.000613618
0.000333646
0.00125364
0.000766827
0.00125328
0.000931569
0.00093069
0.0006173
0.000414355
0.000140808
2.32874e-05
-0.000283767
-0.000378044
-0.000403421
-0.000431241
-0.000455391
-0.000462667
-0.000471726
-0.00043435
-0.0004074
-0.000280519
-0.000206263
-0.00010853
-3.95679e-05
-3.12723e-06
5.91005e-05
0.000128923
0.000217512
0.000293275
0.000377971
0.000403474
0.00049875
0.000573318
0.000610087
0.000670492
0.000610051
0.000577495
0.000473179
0.000400946
0.000379074
0.00042998
0.000566723
0.000669797
0.000729203
0.000752776
0.000733591
-0.00503788
-0.00446777
-0.000672839
-0.00136974
0.000531669
0.000266002
0.00116307
0.000701315
0.00120046
0.000902371
0.000911162
0.000605329
0.000380234
0.000124151
-3.44836e-05
-0.000292021
-0.00041384
-0.000413858
-0.000427046
-0.000441194
-0.000441842
-0.000446402
-0.000411519
-0.00038627
-0.000271771
-0.000202887
-0.000110652
-4.56896e-05
-5.81945e-06
5.38702e-05
0.000121044
0.000204364
0.000276133
0.000357468
0.000384004
0.000478319
0.000549351
0.000583269
0.000641565
0.000585584
0.000548884
0.000454036
0.000386533
0.000366288
0.000411204
0.000532323
0.000626018
0.000682055
0.000705035
0.000688543
-0.00453402
-0.00400993
-0.000743178
-0.00128129
0.000457905
0.00020731
0.00106796
0.000645287
0.00113087
0.000879762
0.000887228
0.000553642
0.000376068
0.00011012
-8.45156e-05
-0.000296729
-0.000448188
-0.000423209
-0.000423483
-0.000425962
-0.000420805
-0.000421139
-0.000387945
-0.000364695
-0.000261631
-0.000197963
-0.000111309
-5.02801e-05
-8.05554e-06
4.89271e-05
0.000113269
0.000191359
0.000259214
0.000336953
0.0003655
0.000455033
0.000526202
0.00055676
0.00061387
0.000561904
0.000520368
0.000434387
0.000370768
0.000352008
0.000391249
0.000498066
0.000582811
0.000635277
0.000657435
0.00064336
-0.00405912
-0.00358696
-0.000779652
-0.0011905
0.000396073
0.000164466
0.000971001
0.000597692
0.00107139
0.000867884
0.000852852
0.000547446
0.000353189
9.50972e-05
-0.000129255
-0.00029974
-0.000468827
-0.000442292
-0.000421616
-0.00041106
-0.000399108
-0.000396316
-0.000363726
-0.000342617
-0.000250011
-0.000191391
-0.000110398
-5.32805e-05
-9.72205e-06
4.43671e-05
0.000105668
0.000178553
0.000242557
0.000316462
0.000348338
0.00042909
0.000503817
0.000530474
0.000587598
0.000539184
0.000491896
0.000414202
0.000353531
0.000336266
0.000370146
0.000463898
0.000540122
0.000588862
0.000609995
0.000598074
-0.00362155
-0.00320467
-0.000772812
-0.00111885
0.000334224
0.000126446
0.00086986
0.00054942
0.00102025
0.000843912
0.000833469
0.000515142
0.000341652
8.18271e-05
-0.00016158
-0.000321236
-0.000462563
-0.000460133
-0.000420748
-0.000396137
-0.000376036
-0.000371712
-0.000339079
-0.000319958
-0.000236881
-0.000183126
-0.000107864
-5.46708e-05
-1.07336e-05
4.02677e-05
9.83027e-05
0.000166002
0.000226183
0.000296051
0.00033038
0.000402732
0.000481496
0.000505447
0.000562859
0.000517613
0.000463402
0.000393414
0.000334922
0.000319091
0.000347922
0.000429757
0.000497887
0.00054279
0.000562722
0.000552705
-0.00319801
-0.0028244
-0.00075699
-0.00101376
0.000285535
0.000115549
0.000765332
0.000511951
0.00095802
0.000828983
0.000814623
0.000502361
0.000326337
7.1671e-05
-0.000186473
-0.000344073
-0.000438041
-0.000482483
-0.000422989
-0.00038398
-0.000352998
-0.000347395
-0.000314357
-0.000296723
-0.000222259
-0.00017317
-0.000103697
-5.44603e-05
-1.10266e-05
3.66925e-05
9.12291e-05
0.000153757
0.000210117
0.000275813
0.000311884
0.000378452
0.000454803
0.000483105
0.000540498
0.00049738
0.00043478
0.000371968
0.000314944
0.000300463
0.000324588
0.00039557
0.00045603
0.000497024
0.000515606
0.000507259
-0.002817
-0.00250659
-0.000705616
-0.000953062
0.000229136
9.50448e-05
0.000650615
0.00048195
0.000898555
0.000803067
0.000794301
0.000481897
0.000313557
6.42108e-05
-0.000201732
-0.000348809
-0.000436109
-0.000476687
-0.000428748
-0.000369686
-0.000328021
-0.000322556
-0.000289402
-0.000272905
-0.000206191
-0.000161564
-9.79213e-05
-5.26849e-05
-1.05583e-05
3.36905e-05
8.44954e-05
0.000141865
0.000194382
0.000255812
0.000293075
0.000356254
0.000427478
0.000458489
0.000522294
0.000478665
0.000405916
0.000349583
0.000293555
0.000280361
0.000300146
0.000361257
0.000414463
0.00045151
0.000468619
0.000461726
-0.00242318
-0.00213868
-0.000628431
-0.000827045
0.000188506
0.0001243
0.000534375
0.000423204
0.000842725
0.000792003
0.000766199
0.000468803
0.000299181
5.53125e-05
-0.000206531
-0.00035182
-0.000443574
-0.00044885
-0.000436225
-0.000363344
-0.000305322
-0.000298553
-0.000264386
-0.000248413
-0.000188682
-0.000148337
-9.05643e-05
-4.93851e-05
-9.29277e-06
3.1305e-05
7.81474e-05
0.00013037
0.000179002
0.000236074
0.000273981
0.000333351
0.000403757
0.000430676
0.000507518
0.000462663
0.000376245
0.000326
0.000270954
0.000258763
0.000274588
0.000326726
0.000373085
0.000406177
0.000421713
0.000416077
-0.00209997
-0.00189991
-0.00060644
-0.000741256
0.000120659
0.000132226
0.0003782
0.000365829
0.000778261
0.000760208
0.000728526
0.00044972
0.000282035
5.07212e-05
-0.000202634
-0.00034322
-0.000435004
-0.000415481
-0.000435257
-0.000346251
-0.000278239
-0.000272628
-0.000238734
-0.000223145
-0.000169821
-0.00013358
-8.16982e-05
-4.46285e-05
-7.21508e-06
2.95645e-05
7.22217e-05
0.000119303
0.000163992
0.000216631
0.000254671
0.000310408
0.000379919
0.000406124
0.000493079
0.000449142
0.000345198
0.000301673
0.000247359
0.000235646
0.000247891
0.000291872
0.000331778
0.000360933
0.00037482
0.000370264
-0.00167137
-0.00149777
-0.000424045
-0.000632213
0.000144723
0.000201803
0.000229159
0.000280315
0.000717758
0.000727865
0.00069038
0.000430428
0.000262644
5.18553e-05
-0.000190813
-0.000330077
-0.000424857
-0.000389461
-0.00043842
-0.000356162
-0.000259489
-0.000249379
-0.000212738
-0.000196692
-0.000149337
-0.00011714
-7.12458e-05
-3.83892e-05
-4.2548e-06
2.85316e-05
6.67769e-05
0.000108712
0.000149372
0.000197509
0.000235193
0.000287467
0.000356501
0.000383916
0.000481744
0.000437643
0.000313218
0.000274947
0.000222331
0.000210937
0.000220014
0.000256581
0.000290411
0.000315663
0.000327844
0.000324215
-0.00146879
-0.00140647
-0.000456674
-0.000565037
0.000122051
0.000115016
0.000147891
0.000214188
0.000622181
0.000652357
0.000627378
0.00040175
0.000232953
5.52038e-05
-0.000172827
-0.000304013
-0.000397622
-0.000364273
-0.000376805
-0.000318903
-0.000223883
-0.000219134
-0.000184936
-0.000169413
-0.000127816
-9.95036e-05
-5.95641e-05
-3.09308e-05
-5.41456e-07
2.81289e-05
6.1772e-05
9.85629e-05
0.000135105
0.000178683
0.00021554
0.000264503
0.000333295
0.000361772
0.000476605
0.000429459
0.0002797
0.000244958
0.000195347
0.000184519
0.000190898
0.000220727
0.000248836
0.000270232
0.000280668
0.000277832
-0.00088679
-0.000833918
-0.000137679
-0.00038803
0.000191344
0.000186474
3.01212e-05
0.000118034
0.000543558
0.00060081
0.000582941
0.000366233
0.000207894
5.97509e-05
-0.000147534
-0.000276937
-0.000368847
-0.000339715
-0.000401377
-0.000371237
-0.000216169
-0.000197952
-0.000156238
-0.000139034
-0.000103163
-7.90744e-05
-4.54989e-05
-2.14297e-05
4.58013e-06
2.88569e-05
5.76023e-05
8.91604e-05
0.000121421
0.000160344
0.000195881
0.000241663
0.000310244
0.000340231
0.000477213
0.000425814
0.000243255
0.000212469
0.000166253
0.000156288
0.000160478
0.000184174
0.000206886
0.000224478
0.000233142
0.00023099
-0.000963677
-0.00106766
-0.000317101
-0.00046455
0.000132696
9.87389e-05
-8.28418e-06
6.97536e-05
0.000404535
0.000451476
0.000468868
0.00029532
0.000182176
5.62759e-05
-0.000123557
-0.000221987
-0.000313538
-0.000274805
-0.000252906
-0.000248575
-0.000156406
-0.000154694
-0.000124403
-0.000110744
-8.06791e-05
-6.03226e-05
-3.26191e-05
-1.2699e-05
8.93766e-06
2.89797e-05
5.28457e-05
7.92756e-05
0.000107221
0.000141481
0.000175277
0.000218019
0.000285976
0.000317199
0.00048367
0.000427345
0.000202715
0.000176348
0.00013485
0.000126122
0.00012867
0.000146756
0.000164354
0.000178187
0.000185062
0.000183507
6.21482e-05
-8.34823e-05
0.000154703
-0.000160485
0.000194026
0.000307753
-0.000140188
-5.15832e-05
0.000342696
0.000434541
0.000457621
0.000250495
0.000158654
4.9491e-05
-8.85398e-05
-0.000173233
-0.000268182
-0.000264302
-0.000442398
-0.000427398
-0.000181787
-0.000143897
-8.9453e-05
-6.86852e-05
-4.50114e-05
-2.97956e-05
-9.57696e-06
4.712e-06
2.04992e-05
3.5289e-05
5.34542e-05
7.42838e-05
9.75289e-05
0.000126929
0.000158458
0.000198427
0.000265831
0.000305691
0.000527988
0.00044224
0.0001578
0.000135418
0.000100971
9.39138e-05
9.53945e-05
0.000108321
0.00012105
0.000131175
0.000136266
0.000135262
-0.000717073
-0.000813259
-0.000238656
-0.000303674
4.82017e-05
-1.73867e-08
-1.32115e-05
1.46275e-05
0.000142309
0.000147023
0.00017933
0.000168052
9.44347e-05
2.9664e-05
-5.33399e-05
-0.000113895
-0.000134122
-0.000131154
2.27727e-05
-3.37139e-05
-3.70193e-05
-6.22864e-05
-5.76296e-05
-5.2764e-05
-3.64306e-05
-2.52408e-05
-1.0568e-05
3.42255e-07
1.20675e-05
2.30499e-05
3.62424e-05
5.15182e-05
6.9263e-05
9.22607e-05
0.00011891
0.000152587
0.000209672
0.000231537
0.000352476
0.000388565
9.31658e-05
8.65528e-05
6.42016e-05
6.01725e-05
6.1353e-05
6.96197e-05
7.77618e-05
8.42737e-05
8.76183e-05
8.71439e-05
0.00155292
0.000590291
0.000357667
-3.72566e-05
4.53882e-05
0.000466347
-0.000233263
-0.0002144
0.000140628
0.000316313
0.000379204
0.000138489
5.27539e-05
1.82629e-05
-1.34807e-05
-3.78474e-05
-8.29486e-05
-9.92063e-05
-0.000764152
-0.000688172
-0.000181164
-8.49755e-05
1.17542e-06
3.19842e-05
5.42185e-05
6.19776e-05
6.99981e-05
7.48437e-05
8.00844e-05
8.63481e-05
9.61733e-05
0.00011132
0.000133706
0.000166537
0.000210989
0.000272159
0.000376183
0.000477119
0.00116361
0.000869433
6.50134e-05
4.08789e-05
2.38277e-05
2.23102e-05
2.28965e-05
2.6059e-05
2.9131e-05
3.15853e-05
3.28836e-05
3.27964e-05
0.00108755
0.000993019
0.000920085
0.000802627
0.000691976
0.000562879
0.000416437
0.000274316
0.000134473
2.7694e-05
-5.69433e-05
-8.98964e-05
-2.24125e-05
0.00012717
0.000216132
0.000694326
0.00120179
0.00173457
0.00242774
0.00314013
0.00405529
0.00458697
0.00518558
0.00572617
0.00605833
0.00629398
0.00613501
0.00619882
0.0058398
0.00559207
0.00527589
0.00508275
0.00486431
0.00469287
0.0045411
0.00441491
0.00431935
0.0042637
0.00427219
0.00431871
0.0811289
0.0826791
0.0828823
0.0806634
0.00557902
0.00509737
0.00482491
0.00442421
0.00369998
0.00190183
0.00104707
0.000955024
0.000882879
0.000767774
0.000658523
0.000530248
0.000385445
0.000243024
0.00010157
-1.04939e-05
-0.000100927
-0.000143296
-9.30729e-05
5.93374e-05
0.000150201
0.000517474
0.00105994
0.00154545
0.00220094
0.00299183
0.00364805
0.00420495
0.00479503
0.00529619
0.00561659
0.00585069
0.00576245
0.00582717
0.00554601
0.00537448
0.00509737
0.00491971
0.00472282
0.0045598
0.00440929
0.00427528
0.0041584
0.00406158
0.00399556
0.00391235
0.0671037
0.0830208
0.083192
0.0833768
0.0707629
0.00450661
0.00384274
0.00337638
0.00271633
0.00157393
0.00100617
0.00091676
0.000845559
0.000732925
0.000625232
0.000498017
0.000354949
0.000212335
6.93712e-05
-4.79013e-05
-0.000144441
-0.000196795
-0.000163188
-3.57916e-05
0.000115762
0.000338781
0.000907709
0.00135132
0.00202751
0.00274217
0.0032659
0.00386145
0.00441383
0.00488274
0.00519417
0.00542647
0.00540518
0.00545839
0.0052289
0.00511169
0.00491147
0.00473105
0.00455563
0.00439922
0.00424935
0.00410699
0.00397031
0.00383573
0.00370029
0.00354231
0.00320156
0.0827509
0.083549
0.0837015
0.0837716
0.0439206
0.00293378
0.0024815
0.00190064
0.00113335
0.000964662
0.000878084
0.000807993
0.000698004
0.000592057
0.000466168
0.000324987
0.000182339
3.80217e-05
-8.43713e-05
-0.000187254
-0.000250079
-0.000232608
-0.000129792
4.35221e-05
0.000237223
0.000710012
0.00120341
0.00182697
0.00240344
0.00294716
0.00352969
0.00404394
0.00448516
0.00478946
0.00501897
0.00504953
0.00509629
0.00495004
0.00481494
0.00468815
0.0045194
0.00436687
0.00421642
0.0040687
0.00392008
0.00396896
0.00426608
0.00342732
0.00322012
0.00291429
0.0141068
0.0839714
0.0841677
0.0841436
0.0509893
0.00221904
0.0019087
0.00150522
0.0010284
0.000922715
0.000839125
0.000770308
0.000663136
0.000559127
0.00043484
0.000295709
0.000153214
7.72747e-06
-0.000119654
-0.000229046
-0.000302746
-0.000301443
-0.000221784
-6.9342e-05
0.000161374
0.000517918
0.0010666
0.00155522
0.00211217
0.00265756
0.00320323
0.00368584
0.00410266
0.0044006
0.00462663
0.0046952
0.00472958
0.00467889
0.00455246
0.00443905
0.00429132
0.00416245
0.00401781
0.00387379
0.00377844
0.00469626
0.00453169
0.00418999
0.00298313
0.00266513
0.00230961
0.028903
0.08488
0.0788937
0.00900925
0.00171517
0.00155234
0.00131181
0.00103245
0.000880384
0.000799932
0.000732563
0.000628387
0.000526524
0.000404131
0.000267241
0.000125128
-2.13026e-05
-0.000153491
-0.000269479
-0.000354365
-0.000369381
-0.000312681
-0.000181306
3.29895e-05
0.000367511
0.000873633
0.00131883
0.00185897
0.00237275
0.00288432
0.00333954
0.00373465
0.00402648
0.004249
0.00434379
0.00437312
0.0043853
0.00429128
0.00419525
0.00405904
0.00394329
0.00380828
0.00380159
0.00465619
0.00451418
0.00433273
0.00413362
0.00300499
0.00247533
0.00216112
0.00177349
0.0164167
0.006119
0.00148671
0.00152607
0.0014368
0.00126162
0.00110227
0.000837716
0.000760541
0.000694801
0.000593816
0.000494323
0.000374134
0.000239708
9.82541e-05
-4.88477e-05
-0.0001856
-0.000308179
-0.000404475
-0.000435931
-0.000402489
-0.000291003
-9.91295e-05
0.000213041
0.000670523
0.00110018
0.00160759
0.00209171
0.00257401
0.00300485
0.00338058
0.00366642
0.00388621
0.00400058
0.00404835
0.00407184
0.00399038
0.00393118
0.00383475
0.00371438
0.00402257
0.00463893
0.0044879
0.00432364
0.00414906
0.00385682
0.00262697
0.00236761
0.00214185
0.00190046
0.0017042
0.00158924
0.00154369
0.00148192
0.00139469
0.00129641
0.00331655
0.000794757
0.000720992
0.000657069
0.000559481
0.000462597
0.000344945
0.000213237
7.27701e-05
-7.46721e-05
-0.000215673
-0.000344731
-0.000452571
-0.000500556
-0.000490816
-0.000400177
-0.000231206
5.47801e-05
0.000472946
0.000881904
0.00135843
0.00181684
0.00227268
0.00268161
0.00303998
0.0033198
0.00353743
0.00366621
0.0037362
0.00375691
0.00370836
0.00364988
0.00359254
0.00347101
0.00422932
0.00443631
0.00429217
0.00413813
0.0039767
0.00288936
0.00244705
0.00229169
0.00214972
0.00202173
0.00193141
0.0017772
0.00163796
0.00151914
0.00141525
0.00256506
0.0037396
0.000751557
0.000681324
0.000619414
0.000525438
0.00043142
0.000316656
0.000187958
4.88623e-05
-9.85254e-05
-0.000243373
-0.000378677
-0.000498097
-0.000562662
-0.000577167
-0.000508576
-0.000364702
-0.000104725
0.000278639
0.000665482
0.00111425
0.00154894
0.00198056
0.0023697
0.0027124
0.00298604
0.00320153
0.00334025
0.00342608
0.00344883
0.00345317
0.00339564
0.00334496
0.00322445
0.00313381
0.00404977
0.00409694
0.00395597
0.00322863
0.00244637
0.00232052
0.0022152
0.00214942
0.0033667
0.0427264
0.0173225
0.0017109
0.001541
0.00141707
0.00195733
0.00300937
0.000708164
0.000641577
0.00058188
0.000491741
0.000400862
0.000289358
0.000164002
2.67212e-05
-0.000120144
-0.000268326
-0.000409511
-0.000540439
-0.000621561
-0.00066097
-0.000615491
-0.000499369
-0.000264921
8.68968e-05
0.000452321
0.00087572
0.0012884
0.00169792
0.00206904
0.00239743
0.00266472
0.00287777
0.00302326
0.00311879
0.00314875
0.00317719
0.00312819
0.00309422
0.00300321
0.00289914
0.00278261
0.00323568
0.00302128
0.00242837
0.00228174
0.00218063
0.00211534
0.00211433
0.0333934
0.0477332
0.0476498
0.020148
0.0014929
0.00135692
0.00125733
0.0011867
0.00066462
0.000601784
0.000544505
0.000458435
0.000370984
0.000263137
0.000141496
6.54056e-06
-0.000139253
-0.000290125
-0.000436684
-0.00057891
-0.000676459
-0.000741553
-0.000720224
-0.000634657
-0.000425633
-0.000102024
0.000242832
0.000643224
0.0010356
0.00142497
0.00177955
0.00209474
0.00235548
0.00256579
0.0027162
0.0028195
0.00286468
0.00289076
0.00286208
0.00284119
0.00278835
0.00266997
0.00256666
0.00245121
0.00234841
0.00223795
0.00210976
0.00200315
0.00194269
0.0192704
0.0483291
0.0482338
0.0481191
0.0408207
0.00141863
0.00120772
0.00112686
0.00106141
0.000620962
0.000561972
0.000507321
0.000425562
0.000341842
0.000238071
0.000120562
-1.14852e-05
-0.000155564
-0.000308338
-0.000459597
-0.000612727
-0.000726437
-0.000818107
-0.000821999
-0.000770242
-0.000586784
-0.00028793
3.73059e-05
0.000417175
0.000790922
0.00116191
0.00150118
0.00180402
0.00205799
0.00226518
0.00241903
0.00252883
0.00258929
0.00262396
0.00262004
0.00257939
0.00255046
0.00244879
0.00235554
0.00224969
0.00217924
0.00208594
0.0019157
0.00177903
0.00438738
0.0489536
0.0488604
0.0487135
0.0485695
0.0264389
0.00109478
0.00102671
0.000973164
0.000923703
0.000577218
0.000522164
0.000470352
0.000393149
0.00031348
0.000214229
0.000101317
-2.71641e-05
-0.000168778
-0.000322505
-0.000477593
-0.000641006
-0.000770429
-0.000889661
-0.000919898
-0.000906011
-0.000748552
-0.000470747
-0.000164001
0.000197962
0.000554687
0.000908889
0.00123386
0.001525
0.0017719
0.00197545
0.00213119
0.00224563
0.00231668
0.00235822
0.00237342
0.00232668
0.0023115
0.00224176
0.00214109
0.00210563
0.00201192
0.00189146
0.00170981
0.00154378
0.00136112
0.0392722
0.0493425
0.0492125
0.0354766
0.00120547
0.000880566
0.000861172
0.00083083
0.000796401
0.000533406
0.00048237
0.000433609
0.000361215
0.000285929
0.000191666
8.38631e-05
-4.03107e-05
-0.000178591
-0.000332147
-0.000489953
-0.000662743
-0.000807184
-0.000955034
-0.0010128
-0.0010421
-0.000911486
-0.000650481
-0.000360918
-1.4067e-05
0.000327165
0.000666065
0.000977512
0.00125737
0.00149683
0.00169614
0.00185233
0.00196995
0.00204857
0.00209603
0.00211666
0.0020906
0.00207724
0.00204391
0.00195233
0.00190328
0.00182913
0.00169435
0.00151263
0.00135451
0.00115986
0.00272983
0.0349723
0.0264089
0.00184757
0.000731701
0.000746924
0.000740918
0.000722251
0.000696011
0.000489532
0.000442588
0.000397091
0.00032976
0.000259205
0.000170421
6.82894e-05
-5.07513e-05
-0.000184703
-0.000336762
-0.000495902
-0.0006768
-0.000835234
-0.00101277
-0.00109932
-0.00117897
-0.00107667
-0.000827253
-0.000553378
-0.000218598
0.000108614
0.000433557
0.000732066
0.00100083
0.0012324
0.00142681
0.00158219
0.00170183
0.00178631
0.00184058
0.00186879
0.00186431
0.00184528
0.00182994
0.00175856
0.00168108
0.00160434
0.00149213
0.00137242
0.00123841
0.00108142
0.000888473
0.000727917
0.000674911
0.000689014
0.000702124
0.000699458
0.000683823
0.000659492
0.000629303
0.000445586
0.000402803
0.000360782
0.000298771
0.000233304
0.000150513
5.46635e-05
-5.83298e-05
-0.000186817
-0.000335835
-0.000494607
-0.000681886
-0.000852847
-0.00106105
-0.00117762
-0.00131758
-0.00124597
-0.00100134
-0.000741445
-0.000415343
-0.000100704
0.000211456
0.000497402
0.000755081
0.000978173
0.00116694
0.00132033
0.00144088
0.00152971
0.00159016
0.00162538
0.00163195
0.00162387
0.00162353
0.00157584
0.00151478
0.00143046
0.00135082
0.00125968
0.00115709
0.00104466
0.000923582
0.000819009
0.000762377
0.000737517
0.000717089
0.000692411
0.000662882
0.000629047
0.000591512
0.000401539
0.000362983
0.000324647
0.000268212
0.0002082
0.000131936
4.30262e-05
-6.29168e-05
-0.000184662
-0.000328851
-0.000485186
-0.000676546
-0.000857971
-0.00109753
-0.00124527
-0.00145958
-0.0014224
-0.00117316
-0.000925301
-0.000604028
-0.000300543
-1.47841e-07
0.000273364
0.000519762
0.000733712
0.000915966
0.00106623
0.00118668
0.00127873
0.00134503
0.00138823
0.00140845
0.00140769
0.00141673
0.00139641
0.00135193
0.00130282
0.00122412
0.00115713
0.00108425
0.00100612
0.00092716
0.000857429
0.000806497
0.000768595
0.00073436
0.000699663
0.000662909
0.000623399
0.000580846
0.000357345
0.000323078
0.000288629
0.000238026
0.000183841
0.000114655
3.3385e-05
-6.44181e-05
-0.000177994
-0.000315309
-0.000466724
-0.000659139
-0.000848184
-0.00111914
-0.00129886
-0.00160756
-0.00161063
-0.0013433
-0.00110516
-0.000784311
-0.000490631
-0.000201239
5.98051e-05
0.000294409
0.000498477
0.000673203
0.000819212
0.000938489
0.0010327
0.00110411
0.00115491
0.00118661
0.00119929
0.00120983
0.00122406
0.00117916
0.00116429
0.00112247
0.00105685
0.00100967
0.000959546
0.000908022
0.0008603
0.000819291
0.000782923
0.00074787
0.000712054
0.000674217
0.000633561
0.000589539
0.000312933
0.000283015
0.000252653
0.000208131
0.000160147
9.85999e-05
2.57057e-05
-6.27846e-05
-0.000166623
-0.000294748
-0.000438289
-0.000627848
-0.000820618
-0.00112173
-0.00133344
-0.00176559
-0.0018179
-0.00151247
-0.0012812
-0.000955725
-0.000670541
-0.000391764
-0.000143441
7.85246e-05
0.000271775
0.000437895
0.000578413
0.00069541
0.000790717
0.000866398
0.000924415
0.000966484
0.000994008
0.00100859
0.001038
0.00102967
0.00100715
0.00101082
0.000978615
0.000935329
0.000907035
0.00087717
0.00084775
0.000820105
0.000793481
0.000766608
0.000738499
0.000708446
0.000675947
0.000640616
0.000268214
0.000242705
0.000216617
0.000178419
0.000137006
8.36642e-05
1.9907e-05
-5.80249e-05
-0.000150422
-0.000266775
-0.000398986
-0.000580689
-0.000771898
-0.0010997
-0.00134162
-0.00194028
-0.00205599
-0.00168182
-0.00145373
-0.00111789
-0.000839903
-0.00057172
-0.000336746
-0.000128404
5.27206e-05
0.000209111
0.000342828
0.000456355
0.000551628
0.000630617
0.000695055
0.000746504
0.00078664
0.000814496
0.00084741
0.000874487
0.000857988
0.000867345
0.000878068
0.000859322
0.000845285
0.000832917
0.000819336
0.000804862
0.00078938
0.000772449
0.00075373
0.000733043
0.000710349
0.000685734
0.000223062
0.000202024
0.000180389
0.000148745
0.000114262
6.9685e-05
1.58366e-05
-5.0277e-05
-0.000129383
-0.000231127
-0.000348064
-0.000515623
-0.000698311
-0.00104546
-0.00131272
-0.00214399
-0.00234385
-0.00185346
-0.00162328
-0.00127087
-0.000998927
-0.000741655
-0.000521101
-0.000327542
-0.000160067
-1.47363e-05
0.000110855
0.000219554
0.000313515
0.000394622
0.000464425
0.000524178
0.000575227
0.000616071
0.000659471
0.000709
0.000719347
0.000732509
0.000767259
0.000783203
0.000773106
0.000784074
0.000793582
0.000799951
0.000804317
0.000806835
0.000807362
0.00080577
0.000801968
0.000795811
0.000177303
0.000160799
0.000143782
0.000118906
9.16953e-05
5.64223e-05
1.32175e-05
-3.98679e-05
-0.000103736
-0.000187793
-0.000285036
-0.000430775
-0.000596047
-0.00094573
-0.00123296
-0.00238781
-0.00269441
-0.00201883
-0.00178177
-0.00140865
-0.00114322
-0.000898822
-0.000694849
-0.000518082
-0.000366086
-0.000233574
-0.000117419
-1.46409e-05
7.70917e-05
0.000159595
0.000234208
0.000301847
0.000363443
0.000418575
0.00046812
0.00052762
0.00057287
0.000595616
0.000629302
0.000679211
0.000699545
0.000701952
0.000718492
0.000730937
0.000739113
0.000743943
0.00074585
0.000745314
0.000742966
0.000739682
0.000130844
0.000118961
0.000106723
8.88208e-05
6.92093e-05
4.37649e-05
1.1891e-05
-2.55881e-05
-7.35659e-05
-0.000136701
-0.000209157
-0.000322633
-0.000457559
-0.000778931
-0.00106541
-0.00264621
-0.00311834
-0.00214757
-0.00190385
-0.00151228
-0.00125722
-0.00103117
-0.00084867
-0.000693596
-0.000561813
-0.000447074
-0.000345405
-0.000253534
-0.000168975
-8.96789e-05
-1.41906e-05
5.84008e-05
0.000128827
0.000197259
0.000262991
0.00033372
0.000408794
0.000463535
0.000524484
0.000585134
0.00064866
0.00069966
0.000754451
0.000810216
0.000864731
0.000917139
0.00096675
0.00101289
0.00105507
0.00109227
8.45591e-05
7.73504e-05
7.00089e-05
5.92321e-05
4.75143e-05
3.24098e-05
1.31515e-05
-7.29847e-06
-3.55222e-05
-7.56647e-05
-0.00011854
-0.000186566
-0.000267503
-0.00049933
-0.000711907
-0.00303575
-0.00408832
-0.00247666
-0.00216786
-0.00172663
-0.00145435
-0.00122593
-0.0010459
-0.000894639
-0.000765575
-0.000651485
-0.000547976
-0.000451811
-0.000361032
-0.000274378
-0.000191146
-0.000111292
-3.50428e-05
3.70871e-05
0.00010401
0.000163868
0.000226126
0.000293578
0.00034318
0.000380595
0.000416984
0.000435029
0.000438811
0.000441349
0.00043959
0.000433075
0.00042279
0.000409913
0.000395782
0.000383197
3.19885e-05
2.95447e-05
2.71311e-05
2.35499e-05
1.9751e-05
1.48718e-05
9.0936e-06
3.24282e-06
-4.77526e-06
-1.91984e-05
-3.24025e-05
-5.54337e-05
-9.19375e-05
-0.000287482
-0.000721081
-0.00599807
-0.00682152
-0.00392124
-0.00324576
-0.00266861
-0.00232154
-0.00206573
-0.00187766
-0.00173013
-0.00160905
-0.00150259
-0.00140243
-0.0013022
-0.00119736
-0.00108473
-0.000962222
-0.000828932
-0.000684765
-0.000530298
-0.000366752
-0.000198656
-2.36552e-05
0.000172086
0.000358384
0.000539756
0.000743672
0.000949651
0.0011383
0.00131859
0.0014935
0.00166241
0.00182428
0.00197809
0.00212239
0.00225472
-0.0047523
-0.00458862
-0.00362998
-0.00322508
-0.00287383
-0.00250444
-0.00214916
-0.00182563
-0.00154518
-0.00131018
-0.00111641
-0.000956229
-0.000820435
-0.00069904
-0.000581493
-0.000455903
-0.00031168
-0.000142848
0.000109735
0.000482152
0.00100757
0.00177715
0.00291497
0.00466768
0.00716446
0.00983201
0.0114437
0.0119726
0.011452
0.0101373
0.00842981
0.00674612
0.00541243
0.00442293
0.00372251
0.00324363
0.00292816
0.00273064
0.00262011
0.00257761
0.00258956
0.00264645
0.00274257
0.00287314
0.00303448
0.00321949
0.00341692
0.00369558
0.00436877
0.00472011
-0.000770223
-0.00180268
-0.00205157
-0.00209354
-0.00200141
-0.0018097
-0.00158256
-0.00136158
-0.00116047
-0.000983783
-0.000830818
-0.000697584
-0.000578383
-0.000465788
-0.000351105
-0.000223823
-6.96467e-05
0.000132739
0.000396954
0.000759583
0.00128205
0.00203726
0.00315643
0.00473633
0.00700117
0.00946975
0.0110254
0.0115204
0.011034
0.00980361
0.00820745
0.00664681
0.00543677
0.00451459
0.0038453
0.00336934
0.00304058
0.00282053
0.00268114
0.00260231
0.00257053
0.00257793
0.00261739
0.00268181
0.00276316
0.00284593
0.00289894
0.00289261
0.00279857
0.00230566
8.79822e-05
-0.000547618
-0.000869637
-0.00102878
-0.00107175
-0.00103387
-0.000965499
-0.00086346
-0.000745746
-0.000629074
-0.000518129
-0.000413728
-0.000313475
-0.000212345
-0.000103886
2.06889e-05
0.00017335
0.000370487
0.00062778
0.000980329
0.00147326
0.00216965
0.00319186
0.00455985
0.00680563
0.0366684
0.0798067
0.0785798
0.025877
0.00955817
0.00794233
0.0064212
0.00529195
0.00444977
0.00384079
0.0033934
0.00307285
0.00284647
0.0026906
0.00258786
0.00252483
0.00249131
0.00247753
0.00247333
0.00246795
0.00244763
0.00239422
0.0022872
0.00209623
0.00173071
0.000490296
8.11835e-05
-0.000181916
-0.000345076
-0.000426013
-0.000447336
-0.000427904
-0.000394513
-0.000345486
-0.000277504
-0.000206797
-0.000134718
-6.025e-05
1.9623e-05
0.000110232
0.00021869
0.000354113
0.000528902
0.000757751
0.00106451
0.00148079
0.00204888
0.00283673
0.003928
0.0502457
0.278378
0.278941
0.279271
0.279521
0.11554
0.00754199
0.00591555
0.00488095
0.00418242
0.00364884
0.00326102
0.00297971
0.00277262
0.00262062
0.00251034
0.00243065
0.0023718
0.0023248
0.00228071
0.00222988
0.00216135
0.00206281
0.00192174
0.00172434
0.00144927
0.000743847
0.000499794
0.000316541
0.000189037
0.000106412
5.92962e-05
5.63995e-05
6.08803e-05
6.87679e-05
8.29754e-05
0.000114026
0.000151322
0.000195484
0.000248766
0.000314548
0.000398054
0.000506127
0.000646838
0.000829877
0.00106816
0.00137643
0.00177066
0.00226989
0.00528431
0.232562
0.279773
0.279829
0.280014
0.280544
0.281253
0.125167
0.00495131
0.00416271
0.00368351
0.00330019
0.00301731
0.00280071
0.00263089
0.00249745
0.00239199
0.00230651
0.00223363
0.00216642
0.00209806
0.00202149
0.00192947
0.00181491
0.00167174
0.00149549
0.00128388
0.000948951
0.000817733
0.000720416
0.000652004
0.000594526
0.000545809
0.000507081
0.000483799
0.000462449
0.000441749
0.000430749
0.000431963
0.000443156
0.000465853
0.000502418
0.000555743
0.000629825
0.000729101
0.000857158
0.00101692
0.00120612
0.00141199
0.00160208
0.00165651
0.243679
0.281113
0.28067
0.265492
0.281573
0.282889
0.283829
0.0389243
0.00316166
0.0029895
0.00282484
0.00268279
0.00255723
0.00244039
0.00233559
0.00224479
0.00216321
0.00208674
0.00201106
0.00193178
0.00184448
0.00174502
0.00162985
0.00149668
0.00134492
0.00117658
0.00360372
0.00284215
0.00136645
0.00109927
0.00106545
0.00102025
0.000965274
0.000901009
0.000840328
0.000784241
0.000736068
0.000699003
0.000675074
0.000664971
0.000669716
0.000690619
0.000728829
0.000785284
0.000859386
0.000946795
0.00103551
0.00109783
0.00108145
0.000838858
0.0110688
0.118628
0.031916
7.51134e-05
0.126113
0.284906
0.285855
0.0507457
0.00208254
0.00227418
0.0023355
0.0023239
0.00227834
0.00221923
0.0021516
0.00208166
0.00201088
0.00193851
0.00186287
0.00178194
0.00169359
0.00159593
0.00148759
0.00136817
0.00123846
0.00110077
0.00291391
0.00245562
0.0318465
0.0278257
0.00358264
0.00153601
0.00143887
0.00133039
0.00121688
0.00111147
0.00101996
0.000943704
0.000883707
0.000840337
0.000813487
0.000802632
0.000807102
0.000825127
0.000853463
0.000885292
0.000906709
0.000891752
0.000797164
0.000546236
-0.000158845
-0.000660802
-0.000437808
-0.000283596
-0.000681848
0.0452974
0.0272104
0.00200278
0.0014094
0.00176553
0.00193559
0.00201042
0.00202917
0.00201308
0.00197485
0.00192331
0.00186317
0.00179708
0.0017257
0.00164833
0.00156428
0.00147307
0.00137457
0.00126921
0.00115814
0.00104324
0.00151233
0.00124864
0.0025824
0.120661
0.123573
0.0493054
0.00193794
0.00175559
0.00157953
0.0014141
0.00127188
0.00115445
0.0010595
0.000985163
0.000929621
0.000890935
0.000866644
0.000853708
0.000847406
0.000840664
0.000821651
0.000771506
0.000662954
0.000462751
5.84677e-05
-0.000190826
-0.000153795
-0.000147137
-0.000303599
-0.000422109
-5.35011e-05
0.000674769
0.00119806
0.00151055
0.00169197
0.0017898
0.00183105
0.00183728
0.00181893
0.00178132
0.00173198
0.00167323
0.00160644
0.001534
0.00145516
0.00137181
0.0012844
0.00119225
0.00109554
0.000996294
0.00114497
0.00111925
0.00107781
0.0541065
0.126656
0.127454
0.114318
0.00458714
0.00188536
0.00165561
0.00146481
0.00131164
0.00118831
0.00108981
0.00101243
0.000952802
0.000907525
0.000872536
0.000843138
0.000812774
0.000772552
0.000710182
0.000610526
0.000460712
0.000384967
0.000286302
0.000247427
6.72441e-05
4.04555e-05
7.87433e-05
0.000352914
0.000795627
0.00116128
0.00140623
0.00156106
0.0016498
0.00169024
0.00169723
0.00168146
0.00165102
0.00161091
0.00156238
0.00150446
0.00143903
0.00136855
0.00129255
0.00121598
0.0011363
0.00105058
0.000962565
0.00100753
0.000958227
0.000898218
0.000802557
0.0497974
0.130649
0.131123
0.132174
0.0215287
0.00178556
0.00156742
0.00139214
0.00125459
0.00114424
0.00105575
0.000985034
0.000928175
0.000881093
0.000839219
0.000797423
0.000749292
0.000687317
0.00060398
0.000495589
0.000410509
0.000314846
0.000251179
0.000286876
0.000445449
0.000508555
0.000638972
0.00095714
0.00123351
0.00141175
0.00152227
0.00158138
0.00160371
0.00160058
0.00157957
0.00154585
0.00150282
0.00145272
0.00139753
0.00134398
0.00128544
0.00121834
0.00114872
0.001079
0.00100902
0.000936006
0.000876269
0.000826813
0.000770477
0.000702801
0.000631936
0.0492929
0.133446
0.133848
0.134909
0.0126183
0.00156516
0.00138198
0.00124672
0.0011404
0.00105453
0.000984688
0.000926996
0.000877717
0.000833151
0.000789323
0.000742146
0.000687361
0.000621616
0.000545854
0.000461067
0.000403728
0.00040214
0.000556384
0.000793744
0.000921289
0.000924507
0.00114572
0.00138387
0.00150498
0.00155987
0.00157186
0.00156118
0.00153693
0.00150321
0.00146268
0.00141698
0.00136718
0.00131396
0.00125783
0.00119921
0.00113854
0.0010771
0.00101531
0.000953318
0.000896444
0.000759025
0.000717548
0.00067045
0.000618524
0.000565203
0.000503122
0.0778533
0.136402
0.136839
0.105424
0.00142999
0.00125863
0.00115186
0.00107241
0.00100679
0.000951451
0.000904056
0.00086204
0.000822955
0.000784351
0.000743791
0.000699319
0.000649996
0.000597725
0.000547015
0.000517236
0.000525329
0.000605987
0.000937502
0.000965136
0.00117779
0.00398651
0.00390526
0.00169294
0.00166883
0.00160992
0.00154889
0.00149404
0.00144219
0.00139162
0.00134133
0.0012906
0.00123898
0.00118624
0.00113233
0.00107744
0.00102181
0.000966028
0.000910378
0.00085485
0.00066482
0.000628287
0.000585948
0.000539421
0.000491707
0.0004422
0.000381567
0.123572
0.1388
0.139068
0.0507803
0.00107189
0.00100227
0.000958107
0.000922758
0.000891752
0.000863291
0.000836042
0.00080876
0.000780369
0.000749931
0.000716885
0.00068164
0.000646404
0.000615651
0.000600489
0.000611356
0.000649687
0.000719093
0.00083062
0.000995753
0.0544505
0.0774279
0.02247
0.00182181
0.00166325
0.00153821
0.00144987
0.00138028
0.00132077
0.0012671
0.00121652
0.0011673
0.00111846
0.00106973
0.0010209
0.00097191
0.000922673
0.000873232
0.000823959
0.000594563
0.000554261
0.000512754
0.000459469
0.000396653
0.000337078
0.000252078
0.0784499
0.141159
0.141208
0.0713042
0.000790816
0.000798682
0.000806808
0.000813226
0.000815112
0.000812101
0.000804725
0.000793314
0.000778084
0.000759337
0.000737595
0.000713921
0.00069044
0.000670669
0.000661032
0.000667381
0.000690533
0.000731604
0.000793079
0.000862624
0.0596882
0.0783694
0.0786121
0.045748
0.00163518
0.00146186
0.0013601
0.00128966
0.00123254
0.00118291
0.00113752
0.00109416
0.00105162
0.00100915
0.000966298
0.000923113
0.000879654
0.00083617
0.000792844
0.000550182
0.000502839
0.000464135
0.000411537
0.000319767
0.000230564
0.000112602
0.0756632
0.143505
0.143446
0.0430726
0.000503145
0.000591942
0.000655061
0.000704504
0.00074006
0.000763411
0.000776865
0.000782176
0.000780664
0.000773518
0.000761972
0.000747447
0.000731807
0.000717502
0.000708174
0.00070669
0.000712598
0.000724401
0.000739592
0.000740734
0.000667532
0.0708089
0.0795498
0.0797871
0.0380896
0.00126341
0.0011956
0.00115437
0.00111753
0.00108332
0.00105037
0.00101719
0.000983133
0.000948008
0.0009119
0.000874956
0.000837379
0.000799424
0.000761335
0.000534273
0.000482034
0.000444768
0.000367957
0.000273848
0.000139306
-2.97019e-05
0.0692527
0.144372
0.113181
0.000686494
0.000275324
0.000424098
0.000535302
0.000621479
0.000685362
0.000731148
0.000762558
0.000782436
0.000792904
0.000795703
0.000792489
0.000784781
0.000774189
0.000762338
0.00075121
0.000742153
0.000734374
0.000725817
0.0007134
0.00068987
0.000635966
0.00486125
0.0801626
0.0808539
0.0747662
0.00216071
0.000982636
0.00098841
0.000985293
0.000974569
0.000959203
0.00093952
0.000916065
0.000889512
0.000860496
0.000829594
0.000797323
0.000764145
0.000730445
0.000540951
0.000486234
0.000445053
0.000360134
0.0002547
0.000101066
-8.8999e-05
0.011081
0.0957441
0.0235131
-5.7271e-05
0.00018098
0.000354674
0.000489755
0.000593731
0.000672112
0.000730283
0.000772356
0.00080152
0.000820111
0.000829804
0.000832316
0.00082905
0.000821355
0.000810231
0.000796596
0.000780965
0.00076247
0.000739174
0.000708203
0.000665461
0.000604012
0.000527624
0.0428818
0.0821694
0.0709513
0.00162648
0.000815377
0.000852102
0.000873953
0.000883001
0.000882397
0.000874058
0.000859301
0.00083947
0.000815755
0.00078917
0.000760556
0.000730606
0.000699865
0.000601464
0.000555741
0.000525787
0.000464389
0.000379854
0.000254482
0.000123917
-4.98278e-05
-0.000179987
-6.68785e-05
0.000182408
0.000309001
0.000443437
0.00055418
0.000644111
0.000715715
0.000771609
0.000814072
0.000845164
0.000866792
0.000879604
0.000884783
0.000883469
0.00087689
0.000865609
0.0008498
0.000829572
0.000804203
0.000772126
0.000731077
0.000678707
0.000612695
0.000528207
0.0290062
0.0834179
0.0233497
0.000573795
0.000685737
0.000752441
0.000795579
0.000821637
0.000832714
0.000832538
0.000823607
0.000807686
0.00078651
0.000761598
0.000734167
0.00070516
0.000675289
0.000659031
0.000628935
0.000602855
0.000578331
0.000515137
0.000453484
0.000393556
0.000328877
0.000290548
0.00033307
0.000420886
0.000511381
0.000595521
0.000671909
0.000738923
0.000795833
0.000842729
0.000880055
0.000908572
0.000929535
0.000943426
0.000949252
0.00094819
0.000941516
0.00092982
0.00091255
0.000889501
0.000859967
0.000822323
0.000774094
0.000712397
0.000634164
0.000523766
0.0309975
0.0343722
0.00293304
0.00057854
0.000673993
0.000737811
0.000781408
0.00080723
0.000818758
0.000818098
0.000807444
0.000788787
0.000764258
0.000735974
0.000705557
0.000674158
0.000642571
0.000786788
0.000774107
0.000758525
0.000738955
0.000722439
0.000696933
0.000669014
0.000646437
0.000638423
0.000657011
0.000695027
0.000741101
0.000789588
0.000837162
0.000881355
0.000920608
0.000954087
0.000981398
0.00100252
0.00101818
0.00102892
0.00103286
0.00103013
0.00102173
0.00100901
0.000991397
0.000968457
0.000939747
0.000904164
0.000860117
0.000805692
0.000738898
0.000649928
0.00204778
0.0112932
0.00452697
0.000701004
0.000770933
0.000830041
0.000858616
0.000873465
0.000881217
0.000876868
0.000859789
0.000831848
0.000796548
0.00075765
0.00071756
0.000677682
0.000638888
0.000736873
0.000735422
0.000734295
0.000733175
0.000732309
0.000788882
0.000772189
0.000740302
0.000752495
0.00077484
0.000805708
0.000841732
0.000880094
0.000918546
0.000955267
0.000988867
0.00101845
0.00104343
0.00106347
0.00107889
0.00109057
0.00109621
0.00109577
0.0010892
0.00107777
0.00106161
0.00104023
0.00101394
0.000982548
0.000945595
0.000902924
0.000862071
0.000811044
0.000742502
0.000713061
0.000815008
0.000986292
0.00102351
0.0010432
0.00088957
0.000893795
0.000894545
0.000882958
0.000853246
0.000804958
0.000747245
0.000690331
0.000637907
0.000590213
0.000547144
0.00112229
0.00114433
0.0011616
0.00117532
0.0011973
0.00125827
0.00126584
0.00123981
0.00121666
0.00122646
0.001238
0.00125049
0.00126302
0.00127474
0.00128485
0.0012927
0.0012979
0.00130016
0.00129936
0.00129572
0.00129043
0.00128209
0.00126972
0.00125406
0.00123607
0.00121884
0.00120228
0.00118506
0.00116665
0.00114703
0.00112673
0.00112007
0.00110824
0.00108705
0.0010791
0.00116655
0.00133722
0.00132287
0.00122366
0.00125669
0.00127372
0.00128099
0.00127638
0.00123474
0.0011367
0.00101383
0.000896612
0.000794655
0.000705976
0.000629415
0.000378697
0.000386871
0.000401296
0.000418923
0.000470278
0.000529148
0.000558357
0.000591295
0.000570402
0.000605257
0.000646019
0.000687313
0.000728508
0.000768917
0.000807903
0.000844808
0.00087919
0.000910643
0.000938903
0.000963823
0.000986045
0.00100555
0.00101937
0.00102837
0.00102989
0.00101994
0.000999381
0.000973902
0.000945549
0.000915019
0.000883035
0.000856061
0.000838025
0.000796954
0.000763063
0.000765575
0.000818915
0.000748503
0.00069796
0.000686423
0.000676956
0.000741179
0.000894518
0.000848125
0.000600232
0.000398642
0.000286465
0.000229375
0.000192479
0.000167682
0.00236969
0.00246629
0.00255393
0.00263409
0.00273112
0.00283111
0.00288707
0.00291206
0.00291507
0.0029443
0.00296273
0.00297109
0.00296994
0.00296003
0.00294235
0.00291795
0.00288784
0.00285305
0.00281461
0.00277347
0.00273077
0.00268818
0.00264594
0.00260386
0.00256522
0.00253832
0.00252537
0.00252044
0.00252176
0.00252909
0.00254231
0.00256208
0.00258885
0.00261919
0.00265835
0.00270941
0.00277499
0.00285969
0.00296903
0.00311065
0.00330457
0.00357044
0.00397583
0.00367582
0.00258578
0.00183154
0.00135007
0.00101638
0.000774194
0.000597618
0.00130432
0.000107877
-0.000449607
-0.000765316
-0.000943701
-0.00104398
-0.0011027
-0.00113872
-0.00116191
-0.00117764
-0.00118897
-0.00119758
-0.00120449
-0.00121036
-0.00121558
-0.0012204
-0.001225
-0.00122954
-0.00123406
-0.00123859
-0.00124316
-0.0012477
-0.00125214
-0.00125644
-0.00126056
-0.00126444
-0.00126804
-0.00127133
-0.00127429
-0.00127684
-0.00127897
-0.0012809
-0.0012833
-0.00128649
-0.00128923
-0.00129074
-0.00128482
-0.00127538
-0.00127169
-0.00126756
-0.00126183
-0.00125493
-0.00124694
-0.00123784
-0.00122763
-0.00121628
-0.00120382
-0.00119024
-0.00117555
-0.00115979
-0.00114301
-0.00112526
-0.00110661
-0.00108713
-0.00106691
-0.00104603
-0.00102464
-0.00100281
-0.000980675
-0.000958242
-0.000935698
-0.000913853
-0.000890563
-0.000865816
-0.000843842
-0.000819606
-0.00079484
-0.000770083
-0.000743563
-0.000713964
-0.000689277
-0.000663582
-0.000637328
-0.00061067
-0.000582442
-0.000557299
-0.000530572
-0.000502835
-0.000476486
-0.000450061
-0.000422974
-0.00039671
-0.000370024
-0.000342472
-0.00031467
-0.00028563
-0.000255807
-0.000224964
-0.000193145
-0.000160952
-0.000128579
-9.6767e-05
-6.58611e-05
-3.63627e-05
-8.52749e-06
1.7334e-05
4.12482e-05
6.04957e-05
7.63156e-05
9.07728e-05
0.000103928
0.000115836
0.000126585
0.00013627
0.000144998
0.000152879
0.000160022
0.000166532
0.000172485
0.000177959
0.00018301
0.000187712
0.000192162
0.000196467
0.000200658
0.000204846
0.000209006
0.000213154
0.000217304
0.000221448
0.000225639
0.000229879
0.000234195
0.000238568
0.00024298
0.000247413
0.000251846
0.000256261
0.000260599
0.000264778
0.000268682
0.00027216
0.000275038
0.000277158
0.000278334
0.000278494
0.000277497
0.000275293
0.000271808
0.00026689
0.000260858
0.000253773
0.000246351
0.000238789
0.000231333
0.000223023
0.000213975
0.000201402
0.000187881
0.000171002
0.00107445
0.000377475
-4.18459e-05
-0.000328215
-0.000530213
-0.000673741
-0.000777806
-0.000854942
-0.000913343
-0.000958489
-0.000994103
-0.00102275
-0.00104628
-0.00106597
-0.00108277
-0.00109734
-0.00111023
-0.00112184
-0.0011324
-0.00114213
-0.00115118
-0.00115958
-0.00116736
-0.00117459
-0.00118133
-0.00118763
-0.00119351
-0.00119907
-0.00120466
-0.00121038
-0.00121551
-0.00122032
-0.00122508
-0.00122595
-0.00122328
-0.00121873
-0.00121482
-0.00121415
-0.00121243
-0.00120914
-0.00120452
-0.00119879
-0.00119197
-0.00118406
-0.00117506
-0.001165
-0.00115388
-0.0011417
-0.00112849
-0.00111427
-0.00109909
-0.001083
-0.00106603
-0.00104826
-0.00102974
-0.00101058
-0.000990859
-0.000970697
-0.000950203
-0.000929019
-0.000907714
-0.000888253
-0.000864467
-0.000842611
-0.000823507
-0.000800392
-0.000777302
-0.000754935
-0.00072701
-0.000700917
-0.000680703
-0.000656533
-0.000632121
-0.000606806
-0.000578209
-0.000556741
-0.000532117
-0.000505106
-0.000480985
-0.000456604
-0.000430608
-0.000406099
-0.000380962
-0.000354667
-0.000328621
-0.000301186
-0.00027331
-0.000244577
-0.000214924
-0.000185119
-0.000155061
-0.000125548
-9.67454e-05
-6.91581e-05
-4.29772e-05
-1.8493e-05
4.32344e-06
2.28471e-05
3.81876e-05
5.23454e-05
6.53693e-05
7.72946e-05
8.81952e-05
9.8148e-05
0.000107242
0.00011557
0.000123222
0.000130287
0.000136837
0.000142945
0.000148668
0.000154068
0.00015925
0.00016427
0.000169185
0.000174082
0.000178925
0.000183788
0.000188631
0.000193472
0.000198348
0.000203252
0.000208214
0.000213213
0.000218242
0.000223286
0.00022832
0.000233321
0.000238231
0.000242966
0.00024742
0.00025145
0.0002549
0.000257628
0.000259468
0.000260343
0.000260126
0.000258769
0.000256205
0.000252341
0.000247409
0.000241483
0.000235087
0.000228366
0.000221484
0.000213694
0.00020505
0.000193472
0.000180813
0.000165418
0.00115697
0.000697066
0.000335136
4.88956e-05
-0.000175325
-0.000349851
-0.000486132
-0.000593399
-0.000678668
-0.000747195
-0.000802928
-0.000848829
-0.00088713
-0.00091949
-0.000947152
-0.000971084
-0.000992077
-0.00101071
-0.00102742
-0.00104253
-0.00105631
-0.00106888
-0.0010804
-0.00109113
-0.00110124
-0.0011107
-0.0011196
-0.00112811
-0.00113636
-0.0011423
-0.00114612
-0.00114917
-0.00115019
-0.00115125
-0.00115352
-0.00115396
-0.00115427
-0.00115415
-0.00115283
-0.00115039
-0.00114687
-0.00114228
-0.00113663
-0.00112992
-0.00112216
-0.00111338
-0.00110357
-0.00109277
-0.00108099
-0.00106827
-0.00105464
-0.00104013
-0.00102478
-0.00100864
-0.000991769
-0.000974239
-0.000956198
-0.000937731
-0.000918769
-0.00089742
-0.000878095
-0.000860781
-0.000839671
-0.000820618
-0.000800823
-0.000779517
-0.000757954
-0.000736196
-0.000711186
-0.000690293
-0.00066948
-0.000646499
-0.000624888
-0.000597259
-0.000573424
-0.00055654
-0.000532709
-0.000504475
-0.000483182
-0.000461399
-0.0004357
-0.000413223
-0.00038987
-0.000364647
-0.000340552
-0.000314625
-0.00028873
-0.000262092
-0.000234458
-0.000206986
-0.000179101
-0.000151816
-0.000125041
-9.93401e-05
-7.48116e-05
-5.17375e-05
-3.00878e-05
-1.23744e-05
2.39123e-06
1.61435e-05
2.89199e-05
4.07394e-05
5.16637e-05
6.1754e-05
7.10824e-05
7.97267e-05
8.77629e-05
9.52656e-05
0.000102301
0.000108934
0.000115221
0.000121221
0.000127022
0.000132664
0.000138229
0.000143742
0.000149215
0.000154709
0.000160164
0.000165649
0.000171142
0.000176655
0.000182213
0.000187792
0.000193396
0.000199008
0.000204602
0.000210154
0.000215605
0.000220871
0.000225855
0.000230423
0.000234433
0.000237757
0.000240245
0.000241819
0.000242366
0.000241837
0.000240171
0.000237311
0.000233423
0.000228581
0.000223165
0.000217278
0.000211021
0.000203819
0.000195675
0.000185052
0.000173256
0.000159206
0.00110512
0.000786415
0.000504488
0.000261734
5.66857e-05
-0.000114519
-0.000256791
-0.000374957
-0.000473307
-0.000555518
-0.000624604
-0.000683067
-0.000732937
-0.000775769
-0.000812753
-0.000844966
-0.000873285
-0.000898332
-0.000920534
-0.000940572
-0.000959055
-0.000976028
-0.000991688
-0.00100625
-0.0010193
-0.00103078
-0.00104107
-0.00105003
-0.00105723
-0.00106401
-0.00107111
-0.00107691
-0.00108142
-0.0010856
-0.00108898
-0.00109105
-0.00109237
-0.00109293
-0.00109255
-0.0010912
-0.00108882
-0.0010854
-0.00108095
-0.00107547
-0.00106897
-0.00106147
-0.00105299
-0.00104355
-0.00103318
-0.0010219
-0.00100976
-0.00099677
-0.000982969
-0.000968399
-0.000953106
-0.000937166
-0.000920809
-0.000903724
-0.000884215
-0.000865859
-0.000850241
-0.000832952
-0.000813963
-0.000795804
-0.0007772
-0.000757772
-0.000737898
-0.00071765
-0.000695971
-0.00067577
-0.000655538
-0.000634309
-0.000613306
-0.00058874
-0.000570745
-0.000552654
-0.000526186
-0.000501759
-0.000486421
-0.000465652
-0.000437919
-0.000418165
-0.000397109
-0.000372187
-0.000350447
-0.000325855
-0.000302019
-0.000277494
-0.000251687
-0.000226549
-0.000200675
-0.000175574
-0.000150743
-0.000126905
-0.000104018
-8.23784e-05
-6.196e-05
-4.51234e-05
-3.10149e-05
-1.77622e-05
-5.33622e-06
6.26571e-06
1.70975e-05
2.72052e-05
3.6645e-05
4.54844e-05
5.37852e-05
6.16101e-05
6.90197e-05
7.6071e-05
8.28166e-05
8.93116e-05
9.5628e-05
0.000101805
0.000107913
0.000113965
0.000120004
0.000126035
0.000132048
0.000138095
0.000144127
0.000150197
0.000156292
0.000162398
0.000168527
0.000174659
0.000180766
0.000186827
0.000192782
0.000198546
0.000204033
0.000209113
0.00021366
0.00021756
0.000220675
0.000222925
0.000224213
0.000224487
0.00022369
0.000221788
0.000218894
0.000215076
0.0002106
0.00020554
0.000199945
0.000193382
0.000185811
0.000176118
0.000165187
0.000152379
0.00104821
0.000817111
0.00059837
0.000398153
0.000219121
6.15708e-05
-7.57258e-05
-0.000194708
-0.000297513
-0.000386223
-0.000463167
-0.00052957
-0.000586999
-0.000636643
-0.000680002
-0.000718657
-0.00075322
-0.000784226
-0.000812197
-0.000837994
-0.000861463
-0.000882309
-0.000900954
-0.000917598
-0.000932733
-0.00094678
-0.000959554
-0.000971079
-0.000981369
-0.000990909
-0.000999491
-0.00100687
-0.00101313
-0.00101855
-0.00102305
-0.00102652
-0.00102911
-0.00103084
-0.00103164
-0.00103146
-0.00103027
-0.00102807
-0.00102485
-0.00102063
-0.00101541
-0.00100921
-0.00100205
-0.000993959
-0.000984973
-0.000975121
-0.000964427
-0.000952915
-0.000940614
-0.000927553
-0.000913777
-0.000899381
-0.000884652
-0.000867625
-0.000849905
-0.000835483
-0.00082009
-0.000803672
-0.000786776
-0.000770014
-0.000752876
-0.000735117
-0.000716843
-0.000698142
-0.000678686
-0.000659691
-0.00064071
-0.000621185
-0.000601629
-0.000580639
-0.000562106
-0.00054326
-0.000519798
-0.000502216
-0.000486771
-0.000461438
-0.000438156
-0.000424135
-0.000403734
-0.000376955
-0.000358614
-0.000334751
-0.000313058
-0.000290829
-0.000266541
-0.000243836
-0.000219761
-0.000196833
-0.000173834
-0.000151837
-0.000130566
-0.00011037
-9.12435e-05
-7.53298e-05
-6.19502e-05
-4.9277e-05
-3.72914e-05
-2.60097e-05
-1.53771e-05
-5.36487e-06
4.06965e-06
1.29878e-05
2.14372e-05
2.94696e-05
3.71417e-05
4.45027e-05
5.15995e-05
5.84838e-05
6.52141e-05
7.18286e-05
7.83832e-05
8.48948e-05
9.14004e-05
9.78975e-05
0.000104404
0.000110922
0.000117437
0.000123995
0.000130553
0.000137137
0.000143741
0.000150338
0.000156912
0.000163437
0.000169855
0.000176079
0.000182037
0.000187602
0.000192659
0.00019711
0.000200823
0.000203722
0.000205721
0.000206766
0.000206802
0.000205807
0.000203855
0.000201001
0.000197426
0.00019318
0.000188276
0.000182388
0.000175446
0.000166657
0.000156587
0.000144925
0.000999463
0.000822759
0.000649516
0.000484709
0.000331385
0.000191198
6.44616e-05
-4.92362e-05
-0.000147126
-0.000231738
-0.000313538
-0.000386621
-0.000448709
-0.000503886
-0.000554086
-0.000599409
-0.000639711
-0.00067586
-0.0007086
-0.000737896
-0.000763996
-0.000787816
-0.000809559
-0.000829374
-0.000847513
-0.000864087
-0.000879171
-0.000892863
-0.000905252
-0.000916513
-0.000926648
-0.000935637
-0.000943527
-0.000950417
-0.000956313
-0.000961197
-0.000965126
-0.000968115
-0.000970137
-0.000971176
-0.000971217
-0.000970257
-0.000968296
-0.000965343
-0.00096141
-0.000956518
-0.00095069
-0.000943955
-0.000936346
-0.000927892
-0.000918619
-0.000908546
-0.000897699
-0.000886099
-0.000873771
-0.00086079
-0.000847352
-0.000831268
-0.000815899
-0.000802952
-0.000788225
-0.000773327
-0.000758295
-0.000743126
-0.000727555
-0.000711421
-0.000694693
-0.000677463
-0.000659756
-0.00064218
-0.000624627
-0.000606684
-0.000588599
-0.000569927
-0.000552195
-0.000534343
-0.000514614
-0.000496999
-0.000479913
-0.000457499
-0.000441436
-0.000426888
-0.000401777
-0.000381569
-0.000367345
-0.000341211
-0.000321797
-0.000302405
-0.00027875
-0.000258858
-0.000236288
-0.000215597
-0.000194285
-0.00017412
-0.000154419
-0.000135664
-0.000117896
-0.000102928
-9.0344e-05
-7.83206e-05
-6.68515e-05
-5.59831e-05
-4.56451e-05
-3.58308e-05
-2.65113e-05
-1.76239e-05
-9.13688e-06
-1.00826e-06
6.81703e-06
1.43807e-05
2.17219e-05
2.88899e-05
3.59329e-05
4.28853e-05
4.97929e-05
5.66741e-05
6.35573e-05
7.0443e-05
7.73477e-05
8.42659e-05
9.12023e-05
9.81637e-05
0.000105128
0.000112132
0.000119137
0.000126146
0.000133141
0.00014008
0.000146913
0.000153557
0.000159949
0.000165964
0.000171498
0.000176468
0.000180746
0.00018426
0.000186935
0.000188712
0.00018954
0.0001894
0.000188334
0.000186388
0.000183677
0.000180229
0.000176033
0.000170846
0.000164575
0.000156665
0.000147447
0.000136849
0.000959947
0.00081898
0.00067839
0.000541442
0.000410448
0.000287756
0.000173886
7.04944e-05
-1.24631e-05
-9.56026e-05
-0.000176255
-0.000259543
-0.000328569
-0.00038789
-0.000440971
-0.000488213
-0.000531188
-0.000570313
-0.00060595
-0.000638263
-0.000667676
-0.000694567
-0.000719165
-0.00074167
-0.000762284
-0.000781158
-0.000798417
-0.000814171
-0.00082852
-0.000841573
-0.00085339
-0.000864004
-0.000873464
-0.000881831
-0.000889137
-0.000895398
-0.000900648
-0.000904906
-0.000908173
-0.000910448
-0.000911728
-0.000912016
-0.000911315
-0.000909636
-0.000906994
-0.00090341
-0.000898906
-0.000893518
-0.000887271
-0.000880198
-0.00087232
-0.000863662
-0.000854243
-0.00084408
-0.000833175
-0.000821568
-0.000809329
-0.000794329
-0.000780289
-0.000768148
-0.000754725
-0.00074181
-0.000728929
-0.000715599
-0.000701621
-0.000686914
-0.000671379
-0.000655436
-0.000639212
-0.000623058
-0.000607079
-0.000590677
-0.000574007
-0.000557141
-0.000540717
-0.000524082
-0.000506673
-0.000490051
-0.000473606
-0.00045499
-0.000438598
-0.000422514
-0.000400848
-0.000388402
-0.000367072
-0.000344459
-0.000331753
-0.000313396
-0.000287913
-0.000271909
-0.000250054
-0.000231832
-0.000212033
-0.000193737
-0.000175541
-0.000158214
-0.000141895
-0.000127854
-0.000116135
-0.000104818
-9.39239e-05
-8.3555e-05
-7.35931e-05
-6.40694e-05
-5.49685e-05
-4.62124e-05
-3.77922e-05
-2.96755e-05
-2.18026e-05
-1.41408e-05
-6.66033e-06
6.88066e-07
7.94305e-06
1.51337e-05
2.2299e-05
2.94579e-05
3.663e-05
4.3819e-05
5.10367e-05
5.82785e-05
6.55474e-05
7.28413e-05
8.01575e-05
8.75054e-05
9.48518e-05
0.000102219
0.000109567
0.000116863
0.000124063
0.000131086
0.000137866
0.000144289
0.000150262
0.000155714
0.000160517
0.000164604
0.000167914
0.000170378
0.00017195
0.00017261
0.000172378
0.000171285
0.000169399
0.00016673
0.000163251
0.000158778
0.000153206
0.000146152
0.000137777
0.000128174
0.000927659
0.000812433
0.000700044
0.00058628
0.000471553
0.000361608
0.000257122
0.000171725
8.81604e-05
5.85777e-06
-7.03404e-05
-0.00014287
-0.000218913
-0.000279583
-0.00033335
-0.000382577
-0.000427791
-0.0004693
-0.000507386
-0.000542259
-0.00057422
-0.000603566
-0.000630532
-0.000655319
-0.00067811
-0.000699058
-0.000718294
-0.000735935
-0.000752083
-0.000766834
-0.000780261
-0.000792421
-0.00080337
-0.000813161
-0.000821836
-0.000829426
-0.000835964
-0.000841475
-0.000845973
-0.000849469
-0.000851971
-0.000853487
-0.000854027
-0.000853603
-0.000852231
-0.000849935
-0.000846737
-0.000842671
-0.000837764
-0.000832046
-0.00082554
-0.000818273
-0.000810263
-0.000801523
-0.000792036
-0.000781784
-0.000770582
-0.000756051
-0.000743092
-0.000733911
-0.000724272
-0.0007137
-0.000702168
-0.000689806
-0.000676657
-0.000662874
-0.000648766
-0.000634142
-0.000618479
-0.000603062
-0.000588462
-0.000573222
-0.000557734
-0.000542429
-0.000527507
-0.000512125
-0.000496483
-0.000481264
-0.000465874
-0.000449542
-0.000433974
-0.000418467
-0.000400496
-0.000385659
-0.000365782
-0.000351155
-0.000338711
-0.00031508
-0.000297214
-0.000284812
-0.000260871
-0.000245747
-0.000226954
-0.000210588
-0.000193865
-0.00017795
-0.000163226
-0.000150031
-0.000139265
-0.000128702
-0.000118414
-0.00010863
-9.91073e-05
-8.99544e-05
-8.11713e-05
-7.26365e-05
-6.43801e-05
-5.63799e-05
-4.85606e-05
-4.08999e-05
-3.33835e-05
-2.59559e-05
-1.85871e-05
-1.12569e-05
-3.92888e-06
3.41426e-06
1.07853e-05
1.81885e-05
2.56335e-05
3.31166e-05
4.0636e-05
4.81884e-05
5.57743e-05
6.33907e-05
7.10289e-05
7.86832e-05
8.6323e-05
9.39213e-05
0.000101428
0.000108777
0.000115893
0.000122678
0.000129049
0.000134936
0.000140217
0.000144833
0.000148728
0.00015183
0.000154094
0.000155499
0.000156044
0.00015575
0.00015465
0.000152737
0.000149974
0.00014622
0.000141365
0.000135144
0.0001276
0.000118932
0.000898851
0.00080441
0.000718253
0.000618459
0.000510563
0.000419617
0.00034131
0.000256018
0.00017196
9.50167e-05
2.30562e-05
-4.42478e-05
-0.000119899
-0.000181888
-0.000235851
-0.000285802
-0.000332056
-0.000374872
-0.000414447
-0.000450976
-0.000484711
-0.000515883
-0.000544693
-0.000571314
-0.000595907
-0.000618613
-0.000639559
-0.000658854
-0.000676601
-0.000692889
-0.000707794
-0.000721383
-0.000733713
-0.00074484
-0.000754809
-0.00076366
-0.000771428
-0.000778143
-0.000783827
-0.000788501
-0.000792179
-0.000794879
-0.000796613
-0.0007974
-0.000797254
-0.000796203
-0.000794269
-0.000791485
-0.000787876
-0.000783476
-0.000778311
-0.000772416
-0.00076582
-0.000758557
-0.000750648
-0.000742145
-0.000733023
-0.000721784
-0.00071256
-0.000707167
-0.000699861
-0.000689336
-0.000677245
-0.000664514
-0.000651446
-0.000638097
-0.000624507
-0.000610669
-0.00059663
-0.000583461
-0.000570965
-0.000556577
-0.000541518
-0.000526821
-0.000513028
-0.000498447
-0.000484209
-0.000470572
-0.000456346
-0.00044173
-0.000427461
-0.000412985
-0.000397385
-0.000382924
-0.0003665
-0.000351812
-0.000337745
-0.000317895
-0.00030802
-0.000287889
-0.000270349
-0.000259877
-0.000239147
-0.000224757
-0.000209331
-0.000194625
-0.000181891
-0.00016934
-0.000159688
-0.000149909
-0.000140217
-0.000131116
-0.000122067
-0.000113353
-0.000104988
-9.67486e-05
-8.87445e-05
-8.09645e-05
-7.32933e-05
-6.57265e-05
-5.82754e-05
-5.08655e-05
-4.34781e-05
-3.61061e-05
-2.87101e-05
-2.12746e-05
-1.37957e-05
-6.26841e-06
1.31658e-06
8.95565e-06
1.66427e-05
2.43752e-05
3.21519e-05
3.99692e-05
4.78202e-05
5.5689e-05
6.3564e-05
7.14022e-05
7.91566e-05
8.6773e-05
9.4167e-05
0.00010126
0.000107982
0.000114244
0.000119952
0.00012505
0.000129476
0.000133158
0.000136057
0.000138148
0.000139412
0.000139862
0.000139506
0.00013832
0.000136265
0.000133227
0.000129094
0.000123685
0.000116958
0.000109174
0.000882432
0.000804379
0.000718943
0.000631746
0.000547554
0.000470249
0.000395711
0.000318606
0.000241725
0.000169764
0.000101924
3.56784e-05
-3.70795e-05
-9.57035e-05
-0.000148631
-0.000198134
-0.000244409
-0.000287596
-0.000327816
-0.000365241
-0.000400064
-0.000432454
-0.000462567
-0.000490546
-0.000516527
-0.00054063
-0.000562968
-0.000583643
-0.000602748
-0.000620365
-0.00063657
-0.000651428
-0.000665
-0.00067734
-0.000688495
-0.000698508
-0.000707417
-0.000715257
-0.000722054
-0.000727836
-0.000732623
-0.000736438
-0.000739298
-0.000741227
-0.000742241
-0.000742369
-0.000741633
-0.000740067
-0.000737696
-0.000734557
-0.000730681
-0.000726114
-0.000720903
-0.000715125
-0.000708882
-0.000702396
-0.000696128
-0.000690352
-0.000686307
-0.000678613
-0.00066583
-0.000654328
-0.000643141
-0.000631933
-0.000620611
-0.000609032
-0.000596919
-0.000583267
-0.000565087
-0.000552558
-0.000544847
-0.000533834
-0.000521474
-0.000510113
-0.000499059
-0.000484772
-0.000471098
-0.000458721
-0.000445103
-0.000431776
-0.000418941
-0.000405596
-0.00039178
-0.000378371
-0.000364105
-0.000350396
-0.000336947
-0.000321015
-0.000308603
-0.000290934
-0.000281721
-0.000264855
-0.000248085
-0.000239695
-0.000222362
-0.000207902
-0.000198121
-0.000185476
-0.000177317
-0.000168382
-0.000159193
-0.000150929
-0.000142339
-0.000134118
-0.000126288
-0.000118391
-0.000110716
-0.000103264
-9.58282e-05
-8.84364e-05
-8.11516e-05
-7.38522e-05
-6.65351e-05
-5.92177e-05
-5.18467e-05
-4.44095e-05
-3.69133e-05
-2.93538e-05
-2.17172e-05
-1.40076e-05
-6.23796e-06
1.59088e-06
9.47816e-06
1.74197e-05
2.54063e-05
3.34213e-05
4.14557e-05
4.94627e-05
5.7405e-05
6.52258e-05
7.28377e-05
8.01855e-05
8.71954e-05
9.37698e-05
9.98494e-05
0.000105374
0.000110267
0.000114465
0.000117941
0.000120658
0.000122581
0.000123717
0.000124059
0.00012357
0.000122204
0.000119872
0.000116459
0.000111837
0.000105912
9.89686e-05
0.000863802
0.000791863
0.000719033
0.000646978
0.000574423
0.000501067
0.000429445
0.000360639
0.000293604
0.000228819
0.000166561
9.53035e-05
3.31639e-05
-2.0671e-05
-7.16457e-05
-0.000119838
-0.000165298
-0.000208042
-0.000248165
-0.000285799
-0.000321066
-0.000354083
-0.000384964
-0.000413818
-0.000440752
-0.000465864
-0.000489249
-0.000510994
-0.00053118
-0.000549882
-0.000567169
-0.000583103
-0.000597742
-0.000611137
-0.000623336
-0.000634383
-0.000644317
-0.000653174
-0.000660985
-0.00066778
-0.000673584
-0.000678425
-0.000682324
-0.000685306
-0.000687393
-0.000688613
-0.000688989
-0.000688554
-0.000687335
-0.000685367
-0.00068268
-0.000679315
-0.000675307
-0.000670696
-0.00066551
-0.000659743
-0.000653116
-0.000644556
-0.000642086
-0.000637355
-0.000625452
-0.00061492
-0.000604858
-0.000594809
-0.000584731
-0.000574694
-0.000564913
-0.000556206
-0.000551012
-0.000541863
-0.000526048
-0.000511932
-0.000494133
-0.000481803
-0.000474433
-0.000464174
-0.000455514
-0.000446737
-0.000433496
-0.000420709
-0.000408856
-0.000396271
-0.000383875
-0.000371668
-0.000359075
-0.000346714
-0.000334352
-0.000320902
-0.000308771
-0.00029456
-0.000283285
-0.000267869
-0.000259418
-0.000246318
-0.000228899
-0.000222229
-0.000213574
-0.000197963
-0.000192171
-0.00018418
-0.000175038
-0.000167977
-0.00015976
-0.000152076
-0.000144945
-0.000137389
-0.000130108
-0.000123107
-0.000115982
-0.000108827
-0.000101814
-9.47111e-05
-8.75441e-05
-8.03778e-05
-7.31235e-05
-6.577e-05
-5.83465e-05
-5.08473e-05
-4.32477e-05
-3.55537e-05
-2.77877e-05
-1.99464e-05
-1.20309e-05
-4.04318e-06
4.00073e-06
1.20857e-05
2.02034e-05
2.83089e-05
3.63684e-05
4.43194e-05
5.20861e-05
5.96265e-05
6.68546e-05
7.36826e-05
8.00761e-05
8.5954e-05
9.12434e-05
9.58957e-05
9.98843e-05
0.000103159
0.000105679
0.00010744
0.000108428
0.0001086
0.0001079
0.000106252
0.000103549
9.96889e-05
9.45471e-05
8.84055e-05
0.000834196
0.000765966
0.000700642
0.000641839
0.000586533
0.000523186
0.000460216
0.000398165
0.000337384
0.000278195
0.000211867
0.000148191
9.50497e-05
4.41897e-05
-4.41746e-06
-5.07656e-05
-9.47823e-05
-0.000136471
-0.000175907
-0.000213162
-0.000248306
-0.000281413
-0.000312557
-0.000341818
-0.000369273
-0.000394998
-0.000419067
-0.000441551
-0.000462518
-0.000482033
-0.000500154
-0.000516937
-0.000532437
-0.0005467
-0.000559772
-0.000571696
-0.000582509
-0.000592249
-0.000600948
-0.000608638
-0.000615348
-0.000621105
-0.000625935
-0.000629865
-0.00063292
-0.000635129
-0.000636515
-0.000637112
-0.000636948
-0.000636059
-0.000634478
-0.000632252
-0.00062943
-0.00062608
-0.000622288
-0.000618207
-0.000614248
-0.000610936
-0.00060207
-0.000592105
-0.000586599
-0.000579336
-0.000571273
-0.000562834
-0.00055415
-0.000545298
-0.000536325
-0.000527369
-0.000518889
-0.000508026
-0.000496906
-0.000488195
-0.00048348
-0.000474618
-0.000458428
-0.000441627
-0.000429857
-0.000422465
-0.000414021
-0.000406423
-0.000398302
-0.000386445
-0.000374356
-0.000362893
-0.00035159
-0.000340624
-0.000329491
-0.000317939
-0.000306831
-0.000294883
-0.000284065
-0.000271664
-0.000261578
-0.000248459
-0.000238851
-0.000234095
-0.000218401
-0.000208782
-0.000206602
-0.000198245
-0.000187208
-0.000182344
-0.000174104
-0.000166891
-0.00016083
-0.000153533
-0.000146699
-0.000140322
-0.000133561
-0.000126668
-0.00012005
-0.000113222
-0.000106267
-9.9351e-05
-9.23026e-05
-8.51113e-05
-7.78482e-05
-7.05047e-05
-6.30304e-05
-5.54349e-05
-4.77602e-05
-3.9995e-05
-3.21355e-05
-2.41834e-05
-1.6163e-05
-8.08945e-06
3.32915e-08
8.16026e-06
1.62619e-05
2.42697e-05
3.21227e-05
3.97763e-05
4.71501e-05
5.41719e-05
6.08068e-05
6.69609e-05
7.25786e-05
7.76222e-05
8.20466e-05
8.5803e-05
8.88544e-05
9.11781e-05
9.27593e-05
9.35467e-05
9.3479e-05
9.24905e-05
9.0477e-05
8.73523e-05
8.2973e-05
7.75979e-05
0.000799885
0.000745017
0.000689202
0.000632801
0.000578968
0.000536308
0.000481332
0.000425671
0.000370852
0.000310747
0.000247433
0.000196052
0.000146739
9.91094e-05
5.32116e-05
9.17892e-06
-3.29102e-05
-7.30725e-05
-0.000111331
-0.00014771
-0.000182237
-0.000214951
-0.000245897
-0.000275123
-0.000302682
-0.000328628
-0.000353015
-0.000375898
-0.00039733
-0.000417363
-0.000436048
-0.000453431
-0.00046956
-0.000484477
-0.000498224
-0.00051084
-0.000522362
-0.000532826
-0.000542264
-0.000550708
-0.000558187
-0.000564731
-0.000570368
-0.000575124
-0.000579027
-0.000582104
-0.000584384
-0.000585893
-0.000586665
-0.000586727
-0.000586116
-0.000584861
-0.000583
-0.000580558
-0.000577552
-0.00057393
-0.000569451
-0.000563641
-0.000560825
-0.00055773
-0.000550329
-0.000543119
-0.000535911
-0.000528573
-0.000521059
-0.000513389
-0.00050558
-0.000497661
-0.000489702
-0.000480879
-0.000471754
-0.00046306
-0.00045515
-0.000445098
-0.000435865
-0.000431823
-0.000423404
-0.000407816
-0.000391643
-0.000380994
-0.000375746
-0.000369924
-0.000362419
-0.000353268
-0.000342488
-0.000332395
-0.000322232
-0.000312292
-0.000302365
-0.000292183
-0.00028243
-0.000272108
-0.000262745
-0.000252438
-0.000243319
-0.000236103
-0.000223664
-0.000220091
-0.000215221
-0.000204142
-0.000197854
-0.000195849
-0.00018527
-0.000177914
-0.000173947
-0.000166545
-0.000160105
-0.000154716
-0.000148363
-0.000141685
-0.000135637
-0.000129145
-0.000122431
-0.00011588
-0.000109126
-0.000102159
-9.5141e-05
-8.80538e-05
-8.07919e-05
-7.33733e-05
-6.58785e-05
-5.82778e-05
-5.05601e-05
-4.27227e-05
-3.48091e-05
-2.68331e-05
-1.87874e-05
-1.07211e-05
-2.65503e-06
5.33064e-06
1.31913e-05
2.08792e-05
2.8325e-05
3.54657e-05
4.22584e-05
4.86118e-05
5.44878e-05
5.9843e-05
6.46232e-05
6.87824e-05
7.22995e-05
7.51209e-05
7.72294e-05
7.85801e-05
7.91043e-05
7.87402e-05
7.73881e-05
7.4967e-05
7.1325e-05
6.66828e-05
0.00077545
0.000727083
0.000677885
0.000628071
0.000577866
0.000529417
0.000494637
0.000445596
0.000391437
0.000330254
0.000281459
0.000234703
0.000189095
0.000144716
0.000101741
6.02985e-05
2.04199e-05
-1.78811e-05
-5.45857e-05
-8.96857e-05
-0.000123182
-0.000155088
-0.000185421
-0.000214207
-0.000241478
-0.000267268
-0.000291613
-0.000314553
-0.000336126
-0.000356374
-0.000375335
-0.000393049
-0.000409555
-0.00042489
-0.000439091
-0.000452193
-0.000464229
-0.000475234
-0.000485238
-0.000494272
-0.000502366
-0.000509549
-0.000515848
-0.000521291
-0.000525907
-0.000529721
-0.000532764
-0.000535062
-0.000536646
-0.000537546
-0.000537799
-0.000537441
-0.000536523
-0.000535102
-0.000533254
-0.000531098
-0.000529051
-0.000527725
-0.000520048
-0.000511584
-0.000508711
-0.000504185
-0.000498666
-0.000492708
-0.000486425
-0.00047989
-0.000473148
-0.00046623
-0.000459154
-0.000451666
-0.00044395
-0.000436296
-0.000428775
-0.000420489
-0.000412162
-0.000404913
-0.000395454
-0.000386951
-0.000383679
-0.000376291
-0.000361501
-0.000344787
-0.000335352
-0.000333451
-0.000329318
-0.000322661
-0.000313277
-0.000304324
-0.000295257
-0.00028657
-0.000277973
-0.000269261
-0.000260978
-0.000252455
-0.000244443
-0.000237383
-0.000228301
-0.000222934
-0.000217581
-0.000209682
-0.000208275
-0.000200345
-0.000190542
-0.000188879
-0.00018636
-0.000176384
-0.000169617
-0.000166122
-0.000160242
-0.000153446
-0.000148324
-0.000142229
-0.000135723
-0.000129687
-0.000123316
-0.000116603
-0.000109913
-0.000103197
-9.62317e-05
-8.90549e-05
-8.18307e-05
-7.44898e-05
-6.70007e-05
-5.93562e-05
-5.16344e-05
-4.38473e-05
-3.59643e-05
-2.80452e-05
-2.00947e-05
-1.2216e-05
-4.43282e-06
3.20651e-06
1.06424e-05
1.78198e-05
2.46878e-05
3.11588e-05
3.72095e-05
4.27859e-05
4.7841e-05
5.23264e-05
5.62305e-05
5.94746e-05
6.20427e-05
6.38966e-05
6.49672e-05
6.51836e-05
6.44527e-05
6.27005e-05
5.97657e-05
5.58233e-05
0.000750086
0.000707342
0.000663769
0.000619541
0.000574829
0.000529832
0.000492863
0.00045156
0.000397521
0.000351064
0.000307473
0.000264586
0.000222524
0.000181446
0.000141507
0.000102772
6.52855e-05
2.90931e-05
-5.76551e-06
-3.92645e-05
-7.1386e-05
-0.000102124
-0.000131479
-0.000159459
-0.000186077
-0.000211353
-0.000235307
-0.000257966
-0.000279357
-0.000299508
-0.00031845
-0.000336213
-0.000352829
-0.000368328
-0.000382743
-0.000396103
-0.00040844
-0.000419782
-0.000430159
-0.0004396
-0.000448134
-0.000455786
-0.000462588
-0.000468563
-0.00047374
-0.000478145
-0.000481807
-0.000484749
-0.000487003
-0.000488594
-0.000489555
-0.000489915
-0.000489712
-0.000488977
-0.000487747
-0.000486042
-0.000483956
-0.000481574
-0.000477204
-0.000472964
-0.000469677
-0.000465587
-0.00046089
-0.000455864
-0.000450558
-0.000445009
-0.000439245
-0.000433287
-0.000427139
-0.000420726
-0.000414126
-0.000407467
-0.000400777
-0.000393775
-0.000386664
-0.000379797
-0.000372174
-0.000364567
-0.000358088
-0.000349513
-0.000341818
-0.000338783
-0.000331563
-0.000313602
-0.000304092
-0.000301814
-0.000299305
-0.000294277
-0.00028609
-0.000278343
-0.000270585
-0.000263223
-0.000256062
-0.000248936
-0.000242117
-0.000235737
-0.000228545
-0.000223342
-0.00021859
-0.000212862
-0.000208758
-0.000201927
-0.000197928
-0.000197119
-0.000189327
-0.000180261
-0.000178382
-0.00017609
-0.000169721
-0.000161216
-0.000157853
-0.000152277
-0.000145691
-0.000140441
-0.000134582
-0.000128095
-0.000121816
-0.000115618
-0.000109024
-0.000102129
-9.52702e-05
-8.82896e-05
-8.11165e-05
-7.37313e-05
-6.62871e-05
-5.87888e-05
-5.11573e-05
-4.34766e-05
-3.57211e-05
-2.80404e-05
-2.04258e-05
-1.29236e-05
-5.58663e-06
1.54071e-06
8.39749e-06
1.48937e-05
2.10279e-05
2.67336e-05
3.19759e-05
3.67018e-05
4.09022e-05
4.4486e-05
4.74454e-05
4.97325e-05
5.1289e-05
5.20316e-05
5.18759e-05
5.07443e-05
4.84857e-05
4.52128e-05
0.000723537
0.000685598
0.000646807
0.000607342
0.000567311
0.000527415
0.00048679
0.000445863
0.000405391
0.000365205
0.000325401
0.00028611
0.00024748
0.000209653
0.000172714
0.000136724
0.000101748
6.78413e-05
3.5051e-05
3.41234e-06
-2.70466e-05
-5.63083e-05
-8.43609e-05
-0.000111201
-0.000136829
-0.000161252
-0.000184481
-0.000206529
-0.000227415
-0.000247157
-0.000265777
-0.000283299
-0.000299746
-0.000315143
-0.000329516
-0.000342891
-0.000355295
-0.000366753
-0.000377292
-0.000386938
-0.000395718
-0.000403657
-0.000410783
-0.000417119
-0.000422693
-0.000427529
-0.000431655
-0.000435093
-0.000437871
-0.000440014
-0.000441551
-0.000442507
-0.000442916
-0.000442807
-0.000442211
-0.000441148
-0.000439639
-0.000437643
-0.000434714
-0.000431912
-0.000429268
-0.000425769
-0.000421916
-0.000417762
-0.000413346
-0.000408699
-0.00040384
-0.000398785
-0.000393541
-0.000388094
-0.00038248
-0.000376757
-0.000370941
-0.00036495
-0.000358863
-0.000352816
-0.000346499
-0.000340148
-0.000334126
-0.000327468
-0.000320934
-0.000315652
-0.000309279
-0.000305968
-0.00029911
-0.000282325
-0.000273855
-0.000272614
-0.000271477
-0.000267659
-0.000260669
-0.000254149
-0.000247856
-0.000241928
-0.000236292
-0.000230773
-0.000224939
-0.000220387
-0.000216346
-0.000211943
-0.000207999
-0.000203215
-0.000199012
-0.000195599
-0.000189236
-0.000185567
-0.000184154
-0.00017998
-0.000171656
-0.000166684
-0.000165356
-0.000159714
-0.000151631
-0.000147711
-0.000142679
-0.000136204
-0.000130384
-0.000124976
-0.000118827
-0.0001122
-0.000105816
-9.93167e-05
-9.25441e-05
-8.54663e-05
-7.8386e-05
-7.12892e-05
-6.40002e-05
-5.66538e-05
-4.91671e-05
-4.17829e-05
-3.44349e-05
-2.71645e-05
-2.00222e-05
-1.30343e-05
-6.28057e-06
1.38927e-07
6.25884e-06
1.19957e-05
1.73289e-05
2.21988e-05
2.66049e-05
3.04374e-05
3.37063e-05
3.63485e-05
3.83156e-05
3.95214e-05
3.98905e-05
3.93318e-05
3.77035e-05
3.50629e-05
0.000696724
0.000662678
0.000627741
0.000592111
0.000555946
0.000519276
0.000482356
0.000445428
0.000408593
0.000371948
0.000335592
0.000299646
0.000264252
0.000229506
0.000195477
0.000162231
0.000129832
9.83337e-05
6.77826e-05
3.82154e-05
9.66326e-06
-1.78515e-05
-4.43112e-05
-6.97055e-05
-9.40279e-05
-0.000117278
-0.000139458
-0.000160574
-0.000180636
-0.000199657
-0.000217651
-0.000234633
-0.000250623
-0.00026564
-0.000279704
-0.000292836
-0.00030506
-0.000316397
-0.000326871
-0.000336504
-0.000345323
-0.000353348
-0.000360606
-0.000367118
-0.000372912
-0.000378008
-0.000382432
-0.000386206
-0.000389355
-0.000391901
-0.00039387
-0.000395284
-0.000396173
-0.00039656
-0.000396467
-0.000395907
-0.000394876
-0.00039322
-0.000390625
-0.000389682
-0.00038866
-0.000385254
-0.000381929
-0.000378477
-0.000374827
-0.000370979
-0.000366939
-0.000362716
-0.000358315
-0.000353743
-0.000349018
-0.000344173
-0.00033922
-0.000334144
-0.000328982
-0.000323787
-0.00031847
-0.000313125
-0.000307892
-0.000302474
-0.000297093
-0.000292091
-0.000286705
-0.000282031
-0.000276421
-0.000273903
-0.000267789
-0.000252022
-0.000244877
-0.0002457
-0.000245567
-0.000242466
-0.000236691
-0.000231459
-0.000226891
-0.000222259
-0.000217572
-0.000213787
-0.000210463
-0.000206978
-0.000203583
-0.000199881
-0.000196289
-0.000192971
-0.000188687
-0.000185004
-0.000182018
-0.000178064
-0.00017189
-0.000170652
-0.000167235
-0.00015977
-0.000154507
-0.000152944
-0.000148305
-0.000140469
-0.000134831
-0.000130879
-0.000125329
-0.000118785
-0.000113013
-0.000107183
-0.000100899
-9.41321e-05
-8.75044e-05
-8.09469e-05
-7.40904e-05
-6.71778e-05
-6.00189e-05
-5.30399e-05
-4.6065e-05
-3.91268e-05
-3.22828e-05
-2.55229e-05
-1.89684e-05
-1.27397e-05
-6.7388e-06
-1.07758e-06
4.24155e-06
9.14942e-06
1.3666e-05
1.76439e-05
2.11281e-05
2.40356e-05
2.63299e-05
2.7923e-05
2.87519e-05
2.87049e-05
2.76578e-05
2.56046e-05
0.000668929
0.00063762
0.000605478
0.000572685
0.00053938
0.000505738
0.000471936
0.000438115
0.000404381
0.000370844
0.000337614
0.000304789
0.000272455
0.000240679
0.000209527
0.000179055
0.000149317
0.000120358
9.22176e-05
6.49287e-05
3.852e-05
1.30133e-05
-1.15728e-05
-3.52257e-05
-5.79359e-05
-7.96985e-05
-0.000100512
-0.000120377
-0.000139298
-0.000157283
-0.00017434
-0.000190481
-0.000205719
-0.000220068
-0.000233545
-0.000246166
-0.000257951
-0.000268917
-0.000279085
-0.000288476
-0.00029711
-0.000305009
-0.000312194
-0.000318687
-0.000324511
-0.000329685
-0.000334234
-0.000338176
-0.000341536
-0.000344332
-0.000346589
-0.000348325
-0.000349569
-0.00035034
-0.00035066
-0.000350539
-0.000349959
-0.000348757
-0.000346711
-0.000346945
-0.00034659
-0.000343558
-0.000340779
-0.000337963
-0.000335
-0.00033187
-0.000328567
-0.000325097
-0.000321466
-0.000317684
-0.000313765
-0.00030973
-0.000305591
-0.000301354
-0.00029704
-0.000292678
-0.000288249
-0.000283801
-0.000279386
-0.000274922
-0.000270496
-0.000266236
-0.000261871
-0.000257656
-0.00025308
-0.000249232
-0.000244543
-0.000242848
-0.000237613
-0.00022266
-0.00021703
-0.000220766
-0.000220885
-0.000218034
-0.000214313
-0.000210134
-0.000206359
-0.000203379
-0.00020077
-0.000198059
-0.000195279
-0.000192323
-0.000189338
-0.000186398
-0.000183104
-0.000179938
-0.000177011
-0.000173707
-0.000169511
-0.000166693
-0.000163091
-0.000157327
-0.00015575
-0.000152889
-0.000146336
-0.000139728
-0.000137453
-0.00013421
-0.000128857
-0.000121274
-0.000116182
-0.000111461
-0.000105836
-9.92506e-05
-9.31422e-05
-8.73497e-05
-8.10155e-05
-7.46423e-05
-6.78365e-05
-6.13897e-05
-5.4906e-05
-4.84051e-05
-4.19718e-05
-3.55217e-05
-2.92662e-05
-2.33583e-05
-1.75878e-05
-1.21177e-05
-6.92639e-06
-2.09661e-06
2.43112e-06
6.43717e-06
1.00312e-05
1.3102e-05
1.5629e-05
1.75205e-05
1.87324e-05
1.91255e-05
1.86005e-05
1.70892e-05
0.000645237
0.000614859
0.000583793
0.000552271
0.000520494
0.000488629
0.000456815
0.000425164
0.000393773
0.000362736
0.000332128
0.000302003
0.000272414
0.000243402
0.00021501
0.000187272
0.000160221
0.000133885
0.000108288
8.3453e-05
5.93984e-05
3.61398e-05
1.36907e-05
-7.93888e-06
-2.87408e-05
-4.87102e-05
-6.78439e-05
-8.61419e-05
-0.000103606
-0.000120239
-0.000136048
-0.00015104
-0.000165224
-0.000178611
-0.000191214
-0.000203047
-0.000214123
-0.000224459
-0.000234071
-0.000242977
-0.000251196
-0.000258745
-0.000265644
-0.000271911
-0.000277568
-0.000282632
-0.000287125
-0.000291064
-0.000294472
-0.000297366
-0.000299771
-0.000301709
-0.000303211
-0.00030431
-0.000305053
-0.000305486
-0.0003057
-0.000305975
-0.000306633
-0.000302998
-0.000298981
-0.000298777
-0.000297618
-0.000295819
-0.000293684
-0.000291304
-0.000288714
-0.000285946
-0.000283019
-0.000279953
-0.000276762
-0.000273465
-0.000270073
-0.0002666
-0.000263061
-0.000259475
-0.000255847
-0.000252204
-0.000248571
-0.000244935
-0.000241331
-0.00023781
-0.000234282
-0.000230833
-0.000227284
-0.000223902
-0.000220199
-0.000217212
-0.000213511
-0.000212582
-0.000208204
-0.000193772
-0.000189575
-0.000196235
-0.000198002
-0.000194595
-0.000191287
-0.000189016
-0.000187095
-0.000185107
-0.00018293
-0.000180573
-0.000178128
-0.000175638
-0.000172991
-0.000170352
-0.000167766
-0.000164992
-0.000161846
-0.000159109
-0.000156076
-0.000152165
-0.000149372
-0.000146025
-0.000140593
-0.00013786
-0.000135838
-0.000131729
-0.000125291
-0.000119547
-0.000116798
-0.000112597
-0.000107539
-0.000100272
-9.45225e-05
-9.00059e-05
-8.43338e-05
-7.86634e-05
-7.21146e-05
-6.63637e-05
-6.05275e-05
-5.45722e-05
-4.86744e-05
-4.25979e-05
-3.67431e-05
-3.13107e-05
-2.58867e-05
-2.07316e-05
-1.57915e-05
-1.11675e-05
-6.72919e-06
-2.83028e-06
7.56815e-07
3.87497e-06
6.52577e-06
8.61085e-06
1.01172e-05
1.0864e-05
1.07906e-05
9.77087e-06
0.000611505
0.000580836
0.000550092
0.000519434
0.000488992
0.000458865
0.000429132
0.000399848
0.000371062
0.000342804
0.000315101
0.000287968
0.000261423
0.00023548
0.000210152
0.000185453
0.000161396
0.000137992
0.000115252
9.31882e-05
7.18096e-05
5.1125e-05
3.11427e-05
1.18691e-05
-6.69e-06
-2.45308e-05
-4.16502e-05
-5.80473e-05
-7.37222e-05
-8.8677e-05
-0.000102915
-0.000116441
-0.000129262
-0.000141385
-0.00015282
-0.000163577
-0.000173667
-0.000183105
-0.000191902
-0.000200074
-0.000207637
-0.000214604
-0.000220995
-0.000226824
-0.00023211
-0.000236869
-0.000241118
-0.000244874
-0.000248155
-0.000250978
-0.000253363
-0.000255326
-0.000256894
-0.000258088
-0.000258936
-0.000259461
-0.000259681
-0.000259648
-0.000259407
-0.00025819
-0.000256828
-0.000255943
-0.000254711
-0.000253205
-0.000251497
-0.000249615
-0.000247571
-0.000245382
-0.00024306
-0.00024062
-0.000238074
-0.000235437
-0.000232718
-0.000229934
-0.000227094
-0.000224216
-0.000221308
-0.00021839
-0.000215479
-0.000212579
-0.000209708
-0.000206888
-0.000204093
-0.000201353
-0.00019861
-0.000195953
-0.000193214
-0.000190635
-0.000187754
-0.000185472
-0.000182461
-0.000181291
-0.000174579
-0.000167337
-0.000170849
-0.000173541
-0.000172641
-0.000171013
-0.000169472
-0.000168116
-0.000166474
-0.000164577
-0.000162567
-0.000160485
-0.000158323
-0.000156148
-0.000153968
-0.000151685
-0.000149233
-0.000146888
-0.000144388
-0.000141516
-0.000138963
-0.000136185
-0.000132578
-0.000129638
-0.000126855
-0.000123228
-0.000117914
-0.000115505
-0.000112508
-0.000108293
-0.000102447
-9.65068e-05
-9.33495e-05
-8.92503e-05
-8.39834e-05
-7.91654e-05
-7.22187e-05
-6.73621e-05
-6.24682e-05
-5.72013e-05
-5.20229e-05
-4.63119e-05
-4.09297e-05
-3.61966e-05
-3.12413e-05
-2.6531e-05
-2.19745e-05
-1.76984e-05
-1.34429e-05
-9.81085e-06
-6.35831e-06
-3.32217e-06
-6.70584e-07
1.48749e-06
3.18963e-06
4.18875e-06
4.48289e-06
3.89794e-06
0.000601831
0.000565961
0.000530929
0.000496988
0.000464229
0.000432686
0.000402355
0.000373199
0.000345164
0.000318187
0.000292203
0.000267148
0.000242964
0.000219599
0.000197009
0.000175156
0.000154012
0.000133551
0.000113754
9.46058e-05
7.60956e-05
5.82147e-05
4.09579e-05
2.43211e-05
8.30214e-06
-7.10122e-06
-2.189e-05
-3.60658e-05
-4.96298e-05
-6.25843e-05
-7.49322e-05
-8.66772e-05
-9.78243e-05
-0.000108379
-0.000118349
-0.000127742
-0.000136567
-0.000144835
-0.000152555
-0.00015974
-0.000166404
-0.000172557
-0.000178215
-0.000183392
-0.000188102
-0.000192359
-0.000196178
-0.000199574
-0.000202563
-0.000205157
-0.000207375
-0.000209232
-0.000210749
-0.000211945
-0.000212845
-0.000213467
-0.000213824
-0.000213919
-0.000213741
-0.000213049
-0.000212224
-0.000211415
-0.000210441
-0.00020931
-0.000208037
-0.000206623
-0.000205073
-0.0002034
-0.000201615
-0.00019973
-0.000197756
-0.000195706
-0.00019359
-0.000191421
-0.000189208
-0.000186965
-0.000184701
-0.000182432
-0.00018017
-0.000177925
-0.000175707
-0.000173531
-0.000171389
-0.000169295
-0.000167234
-0.000165239
-0.000163263
-0.000161403
-0.000159528
-0.0001579
-0.000156222
-0.000155698
-0.000156684
-0.000152297
-0.000139623
-0.000137515
-0.000145951
-0.000149098
-0.000147998
-0.000147211
-0.000145808
-0.000144124
-0.000142442
-0.000140715
-0.000138948
-0.000137189
-0.000135415
-0.000133581
-0.000131673
-0.000129789
-0.00012782
-0.000125677
-0.000123599
-0.000121379
-0.000118793
-0.000116368
-0.000113935
-0.000111108
-0.000107539
-0.000104739
-0.000101674
-9.80284e-05
-9.29864e-05
-9.01321e-05
-8.75683e-05
-8.2976e-05
-7.88389e-05
-7.34265e-05
-6.84558e-05
-6.51322e-05
-6.06876e-05
-5.60852e-05
-5.19093e-05
-4.62088e-05
-4.11604e-05
-3.75705e-05
-3.32481e-05
-2.91242e-05
-2.51022e-05
-2.13507e-05
-1.73143e-05
-1.41605e-05
-1.09835e-05
-8.17183e-06
-5.65809e-06
-3.56763e-06
-1.77694e-06
-6.47687e-07
-8.6112e-08
-3.0271e-07
0.000508702
0.000474167
0.000442149
0.000412265
0.000384253
0.000357882
0.000332941
0.000309247
0.000286644
0.000264999
0.000244203
0.00022417
0.000204828
0.000186124
0.000168017
0.000150478
0.000133487
0.000117024
0.000101076
8.56294e-05
7.06771e-05
5.62129e-05
4.22338e-05
2.8738e-05
1.57253e-05
3.19531e-06
-8.85093e-06
-2.04125e-05
-3.14887e-05
-4.20797e-05
-5.21863e-05
-6.18102e-05
-7.09539e-05
-7.96213e-05
-8.78167e-05
-9.5546e-05
-0.000102816
-0.000109633
-0.000116007
-0.000121946
-0.000127461
-0.000132561
-0.000137258
-0.000141563
-0.000145488
-0.000149044
-0.000152244
-0.000155099
-0.000157623
-0.000159826
-0.000161723
-0.000163325
-0.000164649
-0.000165705
-0.000166511
-0.000167081
-0.000167414
-0.000167491
-0.000167275
-0.00016677
-0.000166439
-0.000166181
-0.000165468
-0.000164529
-0.000163544
-0.000162483
-0.000161329
-0.000160084
-0.000158756
-0.00015735
-0.000155876
-0.000154342
-0.000152758
-0.000151134
-0.000149478
-0.000147801
-0.00014611
-0.000144417
-0.000142733
-0.000141067
-0.000139426
-0.000137821
-0.000136251
-0.000134724
-0.000133237
-0.000131803
-0.000130412
-0.000129096
-0.000127817
-0.00012666
-0.000125498
-0.000124562
-0.000123961
-0.00012224
-0.000122276
-0.000116672
-0.000110655
-0.000114263
-0.000120802
-0.000124619
-0.000123216
-0.000120884
-0.000118713
-0.000116692
-0.000114884
-0.000113326
-0.000111851
-0.000110377
-0.000108909
-0.00010749
-0.000106047
-0.000104529
-0.000103001
-0.000101375
-9.95582e-05
-9.77388e-05
-9.58394e-05
-9.37038e-05
-9.12056e-05
-8.89081e-05
-8.64468e-05
-8.37002e-05
-8.03551e-05
-7.75903e-05
-7.4929e-05
-7.15066e-05
-6.80637e-05
-6.34624e-05
-6.11944e-05
-5.79983e-05
-5.3991e-05
-5.03987e-05
-4.61516e-05
-4.16595e-05
-3.86842e-05
-3.55306e-05
-3.16897e-05
-2.82111e-05
-2.49055e-05
-2.19277e-05
-1.78868e-05
-1.55493e-05
-1.28251e-05
-1.0396e-05
-8.17729e-06
-6.32483e-06
-4.54038e-06
-3.42996e-06
-2.72438e-06
-2.65027e-06
0.000563839
0.000505893
0.000454341
0.000408848
0.0003687
0.000333189
0.000301663
0.000273533
0.000248275
0.000225434
0.000204619
0.000185502
0.000167811
0.00015132
0.00013585
0.000121269
0.000107469
9.43514e-05
8.18378e-05
6.9866e-05
5.83885e-05
4.73689e-05
3.67808e-05
2.66049e-05
1.68258e-05
7.42735e-06
-1.59946e-06
-1.02573e-05
-1.85481e-05
-2.64739e-05
-3.40365e-05
-4.1238e-05
-4.8081e-05
-5.45685e-05
-6.07039e-05
-6.64915e-05
-7.19362e-05
-7.70435e-05
-8.18198e-05
-8.62716e-05
-9.04065e-05
-9.42323e-05
-9.77576e-05
-0.000100991
-0.000103941
-0.000106617
-0.000109029
-0.000111186
-0.000113098
-0.000114774
-0.000116226
-0.000117461
-0.000118489
-0.000119314
-0.000119966
-0.000120478
-0.000120865
-0.000121158
-0.000121534
-0.000122254
-0.000120167
-0.00011763
-0.000117817
-0.000117846
-0.000117463
-0.000116867
-0.000116133
-0.000115311
-0.000114421
-0.000113463
-0.000112445
-0.000111377
-0.000110269
-0.00010913
-0.000107966
-0.000106785
-0.000105586
-0.000104384
-0.000103197
-0.000102031
-0.000100888
-9.97743e-05
-9.86922e-05
-9.76468e-05
-9.66394e-05
-9.56774e-05
-9.4761e-05
-9.39062e-05
-9.31102e-05
-9.24133e-05
-9.17958e-05
-9.13432e-05
-9.10796e-05
-9.06462e-05
-9.14301e-05
-9.39963e-05
-9.16603e-05
-8.34685e-05
-8.28097e-05
-8.66754e-05
-8.7779e-05
-8.78319e-05
-8.74777e-05
-8.69841e-05
-8.62965e-05
-8.53451e-05
-8.42722e-05
-8.31077e-05
-8.19778e-05
-8.09576e-05
-7.99444e-05
-7.89051e-05
-7.78493e-05
-7.67335e-05
-7.55145e-05
-7.42501e-05
-7.29034e-05
-7.14074e-05
-6.9712e-05
-6.80361e-05
-6.62376e-05
-6.42711e-05
-6.20291e-05
-5.99589e-05
-5.79014e-05
-5.54848e-05
-5.30165e-05
-5.00586e-05
-4.78278e-05
-4.53099e-05
-4.24692e-05
-3.96426e-05
-3.60624e-05
-3.38259e-05
-3.21168e-05
-2.89482e-05
-2.60914e-05
-2.34418e-05
-2.09922e-05
-1.81825e-05
-1.57799e-05
-1.39411e-05
-1.17083e-05
-9.78583e-06
-8.039e-06
-6.64914e-06
-4.85832e-06
-3.95558e-06
-3.27507e-06
-3.01951e-06
0.000151788
0.000142698
0.000136694
0.000132062
0.00012802
0.000124079
0.000119936
0.000115427
0.000110489
0.000105116
9.9339e-05
9.32073e-05
8.67733e-05
8.00799e-05
7.31819e-05
6.62675e-05
5.94811e-05
5.28005e-05
4.62137e-05
3.97258e-05
3.33479e-05
2.70927e-05
2.09736e-05
1.50035e-05
9.19726e-06
3.57205e-06
-1.85997e-06
-7.0928e-06
-1.21208e-05
-1.69391e-05
-2.15438e-05
-2.59323e-05
-3.01031e-05
-3.40556e-05
-3.77903e-05
-4.13087e-05
-4.4613e-05
-4.77063e-05
-5.05922e-05
-5.3275e-05
-5.57595e-05
-5.8051e-05
-6.0155e-05
-6.20773e-05
-6.38242e-05
-6.54017e-05
-6.68166e-05
-6.80751e-05
-6.91847e-05
-7.0152e-05
-7.09861e-05
-7.16961e-05
-7.2297e-05
-7.28066e-05
-7.32185e-05
-7.35148e-05
-7.368e-05
-7.36752e-05
-7.33221e-05
-7.18599e-05
-7.04567e-05
-7.09874e-05
-7.1517e-05
-7.11557e-05
-7.07833e-05
-7.03863e-05
-6.99263e-05
-6.93881e-05
-6.87813e-05
-6.81309e-05
-6.74483e-05
-6.67408e-05
-6.60134e-05
-6.52715e-05
-6.45196e-05
-6.37655e-05
-6.30198e-05
-6.22827e-05
-6.15464e-05
-6.08173e-05
-6.0101e-05
-5.94024e-05
-5.87242e-05
-5.80697e-05
-5.7441e-05
-5.6842e-05
-5.62752e-05
-5.57484e-05
-5.52652e-05
-5.48443e-05
-5.44916e-05
-5.42525e-05
-5.41643e-05
-5.41583e-05
-5.46795e-05
-5.61807e-05
-5.80289e-05
-6.36196e-05
-6.71269e-05
-6.14619e-05
-5.52862e-05
-5.32784e-05
-5.212e-05
-5.12079e-05
-5.03957e-05
-4.9545e-05
-4.85212e-05
-4.71521e-05
-4.59766e-05
-4.53732e-05
-4.49876e-05
-4.46554e-05
-4.43061e-05
-4.38923e-05
-4.33873e-05
-4.28083e-05
-4.2143e-05
-4.13704e-05
-4.04768e-05
-3.95462e-05
-3.85305e-05
-3.74159e-05
-3.61668e-05
-3.49561e-05
-3.37253e-05
-3.23204e-05
-3.08675e-05
-2.92094e-05
-2.78138e-05
-2.63103e-05
-2.46597e-05
-2.30042e-05
-2.10893e-05
-1.95632e-05
-1.82773e-05
-1.655e-05
-1.49095e-05
-1.33077e-05
-1.17725e-05
-9.806e-06
-9.26068e-06
-7.69409e-06
-6.33915e-06
-5.15706e-06
-4.08986e-06
-3.03078e-06
-2.07162e-06
-1.48943e-06
-9.01341e-07
-5.54852e-07
0.000468246
0.000369331
0.000292319
0.000232646
0.000186352
0.000150337
0.000122222
0.000100173
8.27734e-05
6.89319e-05
5.78085e-05
4.87567e-05
4.1276e-05
3.49722e-05
2.95575e-05
2.49461e-05
2.10551e-05
1.76873e-05
1.47036e-05
1.20097e-05
9.53876e-06
7.2431e-06
5.08923e-06
3.0537e-06
1.12053e-06
-7.20825e-07
-2.47722e-06
-4.15349e-06
-5.75264e-06
-7.27668e-06
-8.72695e-06
-1.01045e-05
-1.14102e-05
-1.26448e-05
-1.38094e-05
-1.49047e-05
-1.59319e-05
-1.68922e-05
-1.77869e-05
-1.86174e-05
-1.93852e-05
-2.00919e-05
-2.07392e-05
-2.13288e-05
-2.18623e-05
-2.23414e-05
-2.27677e-05
-2.31424e-05
-2.34671e-05
-2.37423e-05
-2.39691e-05
-2.41475e-05
-2.42786e-05
-2.43638e-05
-2.44018e-05
-2.43882e-05
-2.43195e-05
-2.4189e-05
-2.4104e-05
-2.47714e-05
-2.5126e-05
-2.5138e-05
-2.49812e-05
-2.42746e-05
-2.39885e-05
-2.37739e-05
-2.35708e-05
-2.33668e-05
-2.31557e-05
-2.29362e-05
-2.27077e-05
-2.24708e-05
-2.22264e-05
-2.19758e-05
-2.17201e-05
-2.1461e-05
-2.11998e-05
-2.0937e-05
-2.06729e-05
-2.041e-05
-2.01498e-05
-1.98938e-05
-1.96425e-05
-1.93968e-05
-1.91571e-05
-1.89246e-05
-1.86999e-05
-1.8485e-05
-1.82806e-05
-1.80905e-05
-1.79137e-05
-1.7755e-05
-1.76134e-05
-1.74423e-05
-1.72503e-05
-1.69223e-05
-1.58295e-05
-1.39197e-05
-9.49095e-06
-8.39276e-06
-1.18438e-05
-1.33887e-05
-1.39867e-05
-1.41986e-05
-1.42338e-05
-1.42093e-05
-1.42571e-05
-1.4524e-05
-1.46945e-05
-1.45255e-05
-1.42535e-05
-1.39591e-05
-1.36658e-05
-1.33742e-05
-1.30789e-05
-1.27801e-05
-1.24699e-05
-1.21405e-05
-1.1786e-05
-1.14261e-05
-1.10466e-05
-1.06448e-05
-1.02105e-05
-9.78906e-06
-9.36296e-06
-8.88877e-06
-8.40374e-06
-7.86304e-06
-7.40003e-06
-6.90839e-06
-6.37549e-06
-5.84255e-06
-5.24897e-06
-4.7622e-06
-4.35613e-06
-3.83311e-06
-3.33071e-06
-2.83876e-06
-2.38792e-06
-1.8194e-06
-1.56213e-06
-1.11308e-06
-7.22924e-07
-3.57606e-07
-2.33419e-09
5.00064e-07
4.30027e-07
7.24297e-07
1.02631e-06
1.23122e-06
0.000156063
0.000142047
0.000128526
0.000115714
0.000103316
8.96253e-05
7.75438e-05
6.39536e-05
4.86591e-05
3.24012e-05
1.55969e-05
1.90952e-07
-1.1985e-05
-1.92514e-05
-2.08557e-05
-1.73189e-05
-8.93435e-06
3.24039e-06
1.82454e-05
3.44648e-05
5.18138e-05
6.93137e-05
8.66625e-05
0.000103854
0.000120726
0.000137102
0.000152915
0.000167812
0.00018141
0.000193162
0.000202676
0.000209503
0.000213692
0.000215517
0.000215392
0.000212941
0.000209512
0.000203935
0.000197314
0.000189931
0.000182582
0.000175627
0.000169534
0.000164036
0.000158879
0.000154752
0.000153245
0.000156318
0.000163656
0.000177407
0.000196683
0.000224356
0.000256305
0.000294555
0.000336057
0.000382153
0.000427697
0.000475065
0.000511848
0.000554984
0.000583576
0.000601321
0.000614028
0.0006194
0.00061228
0.000592131
0.000550978
0.000487421
0.000413736
0.000332517
0.000264495
0.000206554
0.000159184
0.000119071
8.60768e-05
5.82803e-05
3.51013e-05
1.35529e-05
3.51024e-06
1.51212e-05
3.66935e-05
4.87616e-05
6.79917e-05
6.09307e-05
3.67117e-05
-3.26369e-05
-0.000115873
-0.000210241
-0.000282402
-0.000322831
-0.000322701
-0.000289795
-0.000241753
-0.000192406
-0.000137016
-9.15132e-05
-3.20228e-05
9.41121e-06
5.21366e-05
8.36167e-05
0.000151511
0.000138218
0.000125261
0.000112838
0.000101073
8.7736e-05
7.43123e-05
6.06634e-05
4.69474e-05
3.19052e-05
1.6343e-05
2.17625e-06
-9.16895e-06
-1.61111e-05
-1.81313e-05
-1.59066e-05
-9.37905e-06
7.63636e-07
1.35842e-05
2.7528e-05
4.28679e-05
5.86522e-05
7.46197e-05
9.08899e-05
0.000107248
0.000123438
0.000139356
0.000154534
0.000168484
0.000180551
0.000190288
0.000197117
0.000201162
0.000202866
0.000202734
0.000200271
0.000197196
0.000191969
0.00018582
0.000178905
0.000171795
0.000165028
0.000159234
0.000154358
0.00015032
0.00014767
0.000147432
0.000150931
0.000157728
0.000169777
0.000186277
0.000210462
0.000239647
0.000275724
0.000316091
0.000361558
0.000407221
0.00045311
0.000492729
0.000535926
0.000565136
0.000585078
0.000599413
0.000606095
0.00060032
0.000581062
0.000540092
0.000475721
0.000398085
0.000311772
0.000237867
0.000175554
0.000127073
8.80516e-05
5.76248e-05
3.20694e-05
9.78649e-06
-2.07352e-06
7.84368e-06
2.94979e-05
5.34991e-05
6.87897e-05
8.81364e-05
7.94915e-05
4.97019e-05
-2.59491e-05
-0.000116946
-0.000218148
-0.000295891
-0.000338839
-0.000338126
-0.000302556
-0.000250709
-0.000197351
-0.000139655
-9.19342e-05
-3.35147e-05
9.33765e-06
5.09745e-05
8.51925e-05
0.000146237
0.000133636
0.00012125
0.000109154
9.73568e-05
8.51398e-05
7.15965e-05
5.79342e-05
4.36627e-05
3.07213e-05
1.62284e-05
3.02061e-06
-7.79726e-06
-1.43971e-05
-1.67023e-05
-1.5783e-05
-1.10947e-05
-2.7485e-06
8.00781e-06
1.96747e-05
3.3022e-05
4.7078e-05
6.16217e-05
7.69553e-05
9.28065e-05
0.000108827
0.000124901
0.000140433
0.00015482
0.000167289
0.000177306
0.000184124
0.000188009
0.00018959
0.00018946
0.000186975
0.000184329
0.000179452
0.000173781
0.000167329
0.000160441
0.000153847
0.000148374
0.000144148
0.000141227
0.000140006
0.000140996
0.000144928
0.000151146
0.000161407
0.000175036
0.000195694
0.000222104
0.000256028
0.000295351
0.000340345
0.000386413
0.000430758
0.000473642
0.00051667
0.000546864
0.000568924
0.000585001
0.00059319
0.000588977
0.000570837
0.000530099
0.000464588
0.000382514
0.000290511
0.000210471
0.000143829
9.43267e-05
5.65108e-05
2.86867e-05
5.10776e-06
-1.3622e-05
-8.3203e-06
1.81203e-05
4.37516e-05
7.04529e-05
8.90252e-05
0.000108852
9.89468e-05
6.37242e-05
-1.85756e-05
-0.000117848
-0.000226475
-0.000310234
-0.000355828
-0.000354291
-0.000315605
-0.00025963
-0.000202162
-0.000142146
-9.22842e-05
-3.48395e-05
9.38896e-06
4.99632e-05
8.69602e-05
0.00014028
0.000128348
0.000116523
0.000104788
9.30833e-05
8.1033e-05
6.82956e-05
5.56408e-05
4.1198e-05
2.81541e-05
1.49404e-05
2.85e-06
-7.67577e-06
-1.39152e-05
-1.63899e-05
-1.67815e-05
-1.396e-05
-7.22636e-06
1.54614e-06
1.0874e-05
2.22484e-05
3.45215e-05
4.75581e-05
6.19297e-05
7.72803e-05
9.31539e-05
0.00010945
0.000125428
0.000140369
0.000153335
0.000163688
0.000170487
0.000174176
0.000175612
0.000175494
0.000172958
0.000170887
0.000166317
0.000161138
0.00015519
0.000148511
0.00014206
0.000136931
0.000133398
0.00013163
0.000131857
0.000134124
0.000138538
0.000144136
0.0001525
0.000162979
0.00018003
0.000203592
0.000235342
0.000273701
0.000318433
0.000365162
0.000407777
0.000454552
0.00049717
0.000528729
0.000552858
0.00057085
0.000580786
0.000578413
0.000561688
0.000521302
0.000454366
0.000367252
0.000268791
0.000182152
0.00011108
6.06434e-05
2.42238e-05
-9.15147e-07
-2.29849e-05
-2.99943e-05
-4.90819e-06
2.9773e-05
5.8231e-05
8.78442e-05
0.000109912
0.000130663
0.000119841
7.9162e-05
-1.03413e-05
-0.000118665
-0.000235535
-0.00032594
-0.000374379
-0.000371719
-0.000329324
-0.00026875
-0.000206927
-0.000144491
-9.24964e-05
-3.59656e-05
9.58718e-06
4.91138e-05
8.89443e-05
0.000133641
0.000122355
0.000111074
9.97266e-05
8.82557e-05
7.64141e-05
6.41347e-05
5.17444e-05
3.90164e-05
2.50748e-05
1.28437e-05
1.76475e-06
-7.66724e-06
-1.45219e-05
-1.83128e-05
-1.90318e-05
-1.69947e-05
-1.27358e-05
-6.5715e-06
8.18574e-07
1.04334e-05
2.09271e-05
3.23508e-05
4.57429e-05
6.0618e-05
7.6375e-05
9.29818e-05
0.000109537
0.000125164
0.000138728
0.000149515
0.000156271
0.000159684
0.000160951
0.000160886
0.000158161
0.00015685
0.000152592
0.00014792
0.000142514
0.000136012
0.000129647
0.000124844
0.000122045
0.000121462
0.000123201
0.000126846
0.000131799
0.000136731
0.000143035
0.000149943
0.000163276
0.000183992
0.000213554
0.000251061
0.000295815
0.000342088
0.00038595
0.00043508
0.000477462
0.000510741
0.000536929
0.00055702
0.00056895
0.000568724
0.000553762
0.000513909
0.000445284
0.000352434
0.000246607
0.000152802
7.71712e-05
2.59387e-05
-8.82642e-06
-3.1472e-05
-4.88643e-05
-3.6723e-05
4.36032e-06
4.13301e-05
7.30433e-05
0.000105614
0.000131418
0.000153609
0.000142293
9.61614e-05
-1.13651e-06
-0.000119339
-0.000245337
-0.000343084
-0.000394597
-0.000390464
-0.000343692
-0.000277997
-0.000211567
-0.000146626
-9.25352e-05
-3.68762e-05
9.93503e-06
4.8419e-05
9.11661e-05
0.000126339
0.00011568
0.000104931
9.39904e-05
8.2822e-05
7.12777e-05
5.93746e-05
4.71872e-05
3.49142e-05
2.19574e-05
1.02458e-05
-3.30949e-07
-8.80624e-06
-1.6312e-05
-2.14124e-05
-2.24297e-05
-2.11089e-05
-1.92062e-05
-1.55433e-05
-9.69208e-06
-2.9597e-06
6.10943e-06
1.58444e-05
2.81968e-05
4.27349e-05
5.84122e-05
7.54522e-05
9.27433e-05
0.000109207
0.000123517
0.000134923
0.00014152
0.000144489
0.000145581
0.000145596
0.000142496
0.000141189
0.000138642
0.000134773
0.000129373
0.000122963
0.000116698
0.000112045
0.000109988
0.00011067
0.000114056
0.000119233
0.000124815
0.000129064
0.000133023
0.000136224
0.000145485
0.000163134
0.000190525
0.000227334
0.000272391
0.000317104
0.000365733
0.000414899
0.00045756
0.000492892
0.000521179
0.00054357
0.00055776
0.000560031
0.000547251
0.000508201
0.000437647
0.000338243
0.00022395
0.000122259
4.18933e-05
-9.92595e-06
-4.27736e-05
-6.33662e-05
-6.71603e-05
-3.36998e-05
1.4647e-05
5.31078e-05
8.82128e-05
0.00012377
0.000153603
0.000177845
0.000166535
0.000114949
9.16761e-06
-0.000119854
-0.000255978
-0.000361868
-0.000416723
-0.000410695
-0.00035876
-0.000287339
-0.000216022
-0.000148484
-9.23534e-05
-3.75439e-05
1.04395e-05
4.79051e-05
9.36569e-05
0.000118405
0.000108356
9.81321e-05
8.76151e-05
7.67859e-05
6.55683e-05
5.4013e-05
4.21273e-05
3.01989e-05
1.79763e-05
6.68604e-06
-3.57057e-06
-1.21411e-05
-1.94016e-05
-2.45919e-05
-2.67735e-05
-2.71209e-05
-2.65951e-05
-2.48211e-05
-2.09463e-05
-1.69579e-05
-1.01508e-05
-2.19603e-06
9.06464e-06
2.34728e-05
3.91738e-05
5.67963e-05
7.50142e-05
9.25138e-05
0.000107769
0.000120004
0.000126304
0.000128591
0.000129393
0.000128415
0.000127063
0.000124901
0.000124132
0.000121181
0.000115797
0.000109366
0.000103055
9.85135e-05
9.72498e-05
9.95242e-05
0.000104436
0.000111174
0.000117721
0.000121326
0.000122652
0.000122377
0.000127015
0.000140714
0.000166109
0.000202373
0.000247018
0.000293365
0.000344881
0.000394024
0.000437624
0.000475187
0.000505648
0.000530559
0.0005473
0.000552465
0.00054238
0.000504517
0.000431835
0.0003249
0.000200791
9.03018e-05
4.97738e-06
-4.71308e-05
-7.80188e-05
-9.28745e-05
-7.5709e-05
-2.51552e-05
2.49504e-05
6.52954e-05
0.000103746
0.000142341
0.000176559
0.000203578
0.000192876
0.00013581
2.0718e-05
-0.000120209
-0.000267603
-0.000382568
-0.000441084
-0.000432645
-0.000374602
-0.000296747
-0.000220219
-0.000149993
-9.1895e-05
-3.79366e-05
1.11084e-05
4.75881e-05
9.64523e-05
0.000109881
0.000100428
9.07231e-05
8.0642e-05
7.01756e-05
5.9294e-05
4.80646e-05
3.64983e-05
2.4896e-05
1.31691e-05
2.2086e-06
-7.80697e-06
-1.64068e-05
-2.35513e-05
-2.89142e-05
-3.20771e-05
-3.38841e-05
-3.4865e-05
-3.51121e-05
-3.38492e-05
-3.17293e-05
-2.78265e-05
-2.11752e-05
-1.10755e-05
2.59105e-06
1.85709e-05
3.69334e-05
5.63277e-05
7.51195e-05
9.1475e-05
0.000103614
0.000110708
0.000113134
0.000112619
0.000110357
0.000110818
0.000108886
0.000108741
0.000106594
0.000101782
9.52227e-05
8.85813e-05
8.41886e-05
8.37497e-05
8.77486e-05
9.44229e-05
0.000102989
0.000110708
0.000113701
0.000112122
0.000108055
0.000107401
0.000116576
0.000140097
0.000176101
0.000220693
0.000270216
0.000322662
0.000372578
0.000417757
0.000457647
0.000490376
0.000518043
0.00053765
0.000546167
0.000539399
0.000503267
0.000428317
0.00031267
0.000177077
5.66362e-05
-3.39095e-05
-8.59748e-05
-0.000115089
-0.000114546
-7.4492e-05
-1.6001e-05
3.56647e-05
7.79198e-05
0.000119648
0.000161348
0.000200377
0.000231039
0.000221684
0.000159092
3.3691e-05
-0.000120407
-0.000280383
-0.000405516
-0.000468078
-0.000456587
-0.000391298
-0.000306175
-0.000224073
-0.000151064
-9.10965e-05
-3.80183e-05
1.19474e-05
4.74753e-05
9.95896e-05
0.000100821
9.19536e-05
8.2764e-05
7.31261e-05
6.30362e-05
5.24921e-05
4.15674e-05
3.02971e-05
1.89677e-05
7.60321e-06
-3.11939e-06
-1.29696e-05
-2.15382e-05
-2.86886e-05
-3.42849e-05
-3.82313e-05
-4.13038e-05
-4.39186e-05
-4.62797e-05
-4.77298e-05
-4.81807e-05
-4.68286e-05
-4.14408e-05
-3.25499e-05
-2.01105e-05
-3.5343e-06
1.57794e-05
3.66776e-05
5.71069e-05
7.48598e-05
8.70232e-05
9.48174e-05
9.71875e-05
9.51469e-05
9.24884e-05
9.25774e-05
9.19186e-05
9.28407e-05
9.17367e-05
8.74647e-05
8.05804e-05
7.33514e-05
6.89133e-05
6.93325e-05
7.50417e-05
8.40373e-05
9.49797e-05
0.000104022
0.00010641
0.000101647
9.24439e-05
8.57651e-05
9.06977e-05
0.000112198
0.000148373
0.000194443
0.000245579
0.000299649
0.000350905
0.000397945
0.000440298
0.000475397
0.000506075
0.000528887
0.00054128
0.000538588
0.00050494
0.000427674
0.000301881
0.000152722
2.08735e-05
-7.519e-05
-0.000127033
-0.000150183
-0.000126714
-6.7939e-05
-6.83867e-06
4.7004e-05
9.0978e-05
0.000135918
0.000180792
0.000225128
0.000260479
0.000253401
0.00018522
4.82965e-05
-0.000120452
-0.000294511
-0.000431101
-0.000498183
-0.000482847
-0.000408921
-0.000315552
-0.000227471
-0.000151595
-8.98871e-05
-3.77497e-05
1.29561e-05
4.75723e-05
0.000103105
9.12977e-05
8.30067e-05
7.43286e-05
6.51378e-05
5.54299e-05
4.52183e-05
3.4576e-05
2.35653e-05
1.24459e-05
1.32661e-06
-9.25011e-06
-1.90104e-05
-2.75607e-05
-3.47413e-05
-4.05312e-05
-4.50932e-05
-4.93001e-05
-5.35868e-05
-5.81745e-05
-6.25034e-05
-6.59325e-05
-6.72788e-05
-6.41139e-05
-5.65945e-05
-4.46034e-05
-2.74609e-05
-6.78301e-06
1.60511e-05
3.8585e-05
5.81966e-05
7.16434e-05
7.88613e-05
7.97545e-05
7.6615e-05
7.34047e-05
7.33602e-05
7.40619e-05
7.64879e-05
7.67304e-05
7.29844e-05
6.54994e-05
5.72964e-05
5.25631e-05
5.38967e-05
6.16135e-05
7.32758e-05
8.70838e-05
9.79404e-05
9.98075e-05
9.16651e-05
7.58086e-05
6.21491e-05
6.26769e-05
8.21391e-05
0.000118933
0.000166959
0.00022008
0.000276295
0.000329148
0.000378189
0.000423167
0.000460743
0.000494697
0.000521079
0.000537941
0.000540248
0.000510131
0.000430642
0.000292946
0.000127596
-1.75003e-05
-0.000119487
-0.000171114
-0.000177962
-0.000129442
-6.10152e-05
2.80864e-06
5.90379e-05
0.000104472
0.000152546
0.000200651
0.000250871
0.000292177
0.000288565
0.00021472
6.47837e-05
-0.000120346
-0.00031021
-0.000459785
-0.000531985
-0.00051181
-0.000427538
-0.000324773
-0.000230274
-0.000151467
-8.8187e-05
-3.70881e-05
1.41128e-05
4.78904e-05
0.000107039
8.1403e-05
7.36814e-05
6.55115e-05
5.67683e-05
4.74422e-05
3.7552e-05
2.71666e-05
1.63658e-05
5.38809e-06
-5.59849e-06
-1.6128e-05
-2.58798e-05
-3.44374e-05
-4.16343e-05
-4.75178e-05
-5.24891e-05
-5.76844e-05
-6.36515e-05
-7.06149e-05
-7.81191e-05
-8.49581e-05
-8.94277e-05
-8.91501e-05
-8.31195e-05
-7.09951e-05
-5.32933e-05
-3.08761e-05
-5.56616e-06
1.96556e-05
4.16168e-05
5.64612e-05
6.30731e-05
6.20482e-05
5.71247e-05
5.29425e-05
5.30084e-05
5.52957e-05
5.97287e-05
6.17166e-05
5.85394e-05
5.00629e-05
4.03181e-05
3.49576e-05
3.72659e-05
4.73695e-05
6.21566e-05
7.94792e-05
9.28192e-05
9.43774e-05
8.25142e-05
5.87927e-05
3.66548e-05
3.19236e-05
4.95306e-05
8.75438e-05
0.000138108
0.00019382
0.000252587
0.000307291
0.000358497
0.000406281
0.000446434
0.000483943
0.000514281
0.00053628
0.0005447
0.000519555
0.00043816
0.000286391
0.000101512
-5.91856e-05
-0.000167774
-0.00021489
-0.000197295
-0.000127011
-5.40646e-05
1.32162e-05
7.18268e-05
0.000118407
0.00016951
0.000220876
0.000277628
0.000326431
0.000327837
0.000248243
8.34433e-05
-0.000120104
-0.000327737
-0.000492119
-0.000570206
-0.000543941
-0.000447201
-0.000333692
-0.000232309
-0.000150538
-8.59062e-05
-3.59866e-05
1.54175e-05
4.8394e-05
0.00011143
7.12504e-05
6.40911e-05
5.64271e-05
4.81303e-05
3.91817e-05
2.95978e-05
1.94383e-05
8.79282e-06
-2.12189e-06
-1.30972e-05
-2.36934e-05
-3.3535e-05
-4.21362e-05
-4.93073e-05
-5.51159e-05
-6.02088e-05
-6.61963e-05
-7.38239e-05
-8.33477e-05
-9.44575e-05
-0.000105326
-0.00011358
-0.000116405
-0.000111922
-9.98768e-05
-8.13487e-05
-5.6694e-05
-2.81928e-05
4.65725e-07
2.54397e-05
4.19214e-05
4.78151e-05
4.41437e-05
3.65232e-05
3.08916e-05
3.12317e-05
3.55182e-05
4.26404e-05
4.6935e-05
4.44202e-05
3.44042e-05
2.23011e-05
1.58327e-05
1.91868e-05
3.21672e-05
5.06848e-05
7.23815e-05
8.91022e-05
9.07134e-05
7.46898e-05
4.14728e-05
8.66717e-06
-2.18798e-06
1.38773e-05
5.39365e-05
0.000107855
0.000166785
0.000228525
0.000285337
0.000338878
0.000389663
0.000432484
0.000473828
0.000508523
0.000536402
0.000552269
0.000534086
0.000451449
0.000282901
7.42121e-05
-0.000105207
-0.00022149
-0.000253583
-0.0002084
-0.000124356
-4.65167e-05
2.45357e-05
8.54521e-05
0.000132786
0.000186768
0.000241378
0.000305377
0.000363561
0.000372035
0.000286613
0.000104615
-0.000119751
-0.000347386
-0.000528765
-0.000613749
-0.000579806
-0.000467935
-0.000342102
-0.000233355
-0.000148643
-8.29449e-05
-3.43886e-05
1.71585e-05
4.87637e-05
0.000116287
6.09791e-05
5.43772e-05
4.72164e-05
3.93634e-05
3.07855e-05
2.14897e-05
1.15209e-05
9.65386e-07
-9.97767e-06
-2.10734e-05
-3.18776e-05
-4.19403e-05
-5.06411e-05
-5.77281e-05
-6.3204e-05
-6.79937e-05
-7.44872e-05
-8.37139e-05
-9.60107e-05
-0.00011132
-0.000127076
-0.000140017
-0.00014659
-0.00014386
-0.00013169
-0.000112015
-8.44932e-05
-5.1848e-05
-1.87853e-05
1.00963e-05
2.86826e-05
3.35945e-05
2.61133e-05
1.45544e-05
6.85975e-06
7.68953e-06
1.45973e-05
2.53387e-05
3.27306e-05
3.10597e-05
1.87385e-05
3.06668e-06
-5.20774e-06
-6.91593e-07
1.58265e-05
3.88423e-05
6.60193e-05
8.7335e-05
8.95973e-05
6.90042e-05
2.38661e-05
-2.2491e-05
-4.04965e-05
-2.5437e-05
1.78044e-05
7.61334e-05
0.000139012
0.000204158
0.000263312
0.000319349
0.000373335
0.000418893
0.000464349
0.000503805
0.000538373
0.000563257
0.000554779
0.000472108
0.000283386
4.53119e-05
-0.000157079
-0.000278917
-0.000286701
-0.000214903
-0.000121851
-3.7996e-05
3.69302e-05
0.000100019
0.00014761
0.000204259
0.000262017
0.000334023
0.000403887
0.000422186
0.00033088
0.000128687
-0.000119336
-0.000369488
-0.000570476
-0.000663744
-0.000620096
-0.000489717
-0.000349714
-0.00023314
-0.000145588
-7.91941e-05
-3.22414e-05
1.93129e-05
4.89993e-05
0.000121615
5.07538e-05
4.47054e-05
3.80453e-05
3.06335e-05
2.24194e-05
1.33927e-05
3.57562e-06
-6.95961e-06
-1.80386e-05
-2.94138e-05
-4.06101e-05
-5.10821e-05
-5.99801e-05
-6.69279e-05
-7.16927e-05
-7.55314e-05
-8.20986e-05
-9.27859e-05
-0.000108077
-0.000128396
-0.00015023
-0.000169107
-0.000180381
-0.00017965
-0.000166971
-0.000145802
-0.000114627
-7.65498e-05
-3.78324e-05
-3.84417e-06
1.75884e-05
2.11687e-05
8.12819e-06
-9.18039e-06
-1.97619e-05
-1.81023e-05
-7.65829e-06
7.96799e-06
1.95896e-05
1.91097e-05
3.3959e-06
-1.76511e-05
-2.87324e-05
-2.28503e-05
-1.89325e-06
2.65799e-05
6.06369e-05
8.8186e-05
9.20713e-05
6.66505e-05
6.24489e-06
-5.77719e-05
-8.41758e-05
-6.92026e-05
-2.11925e-05
4.28871e-05
0.000110599
0.000179555
0.000241252
0.000299923
0.000357311
0.000405644
0.000455471
0.000500089
0.0005422
0.000577905
0.000582906
0.000502302
0.000289229
1.42334e-05
-0.000217138
-0.000336753
-0.000315067
-0.000221714
-0.000118781
-2.82082e-05
5.06059e-05
0.000115649
0.000162874
0.000221891
0.00028259
0.000363363
0.000447705
0.000479602
0.000382401
0.000156097
-0.000118943
-0.000394401
-0.000618021
-0.000721627
-0.000665658
-0.000512442
-0.000356134
-0.000231326
-0.000141143
-7.4536e-05
-2.9494e-05
2.15487e-05
4.93824e-05
0.000127404
4.07654e-05
3.5264e-05
2.91057e-05
2.21357e-05
1.42813e-05
5.50713e-06
-4.19639e-06
-1.47884e-05
-2.61293e-05
-3.79771e-05
-4.98144e-05
-6.09754e-05
-7.02487e-05
-7.70476e-05
-8.0557e-05
-8.24355e-05
-8.84163e-05
-0.000100299
-0.000118775
-0.000145198
-0.000174784
-0.000201361
-0.000218717
-0.000220278
-0.000206414
-0.000183376
-0.000147585
-0.000102307
-5.63364e-05
-1.56403e-05
9.81869e-06
1.16828e-05
-9.55999e-06
-3.53338e-05
-4.98993e-05
-4.68309e-05
-3.14978e-05
-9.25993e-06
8.20493e-06
9.53617e-06
-1.1107e-05
-4.02542e-05
-5.55973e-05
-4.79725e-05
-2.13175e-05
1.38052e-05
5.64793e-05
9.24503e-05
9.95161e-05
6.93904e-05
-1.0945e-05
-9.86074e-05
-0.000134876
-0.000118408
-6.33989e-05
8.13402e-06
8.17258e-05
0.00015482
0.000219202
0.000280624
0.000341599
0.000392708
0.000447136
0.000497277
0.000547818
0.000596295
0.000619952
0.000544992
0.000302326
-1.9797e-05
-0.000286687
-0.000395906
-0.000341322
-0.000229732
-0.000114571
-1.68046e-05
6.58241e-05
0.000132486
0.000178576
0.000239551
0.000302808
0.000393038
0.000495259
0.000545952
0.000442942
0.000187304
-0.000118716
-0.000422517
-0.000672755
-0.000789316
-0.000717577
-0.000535881
-0.000360817
-0.000227506
-0.000135031
-6.88397e-05
-2.60885e-05
2.38286e-05
4.98459e-05
0.000133573
3.12254e-05
2.62687e-05
2.06158e-05
1.4093e-05
6.60046e-06
-1.93092e-06
-1.15532e-05
-2.22762e-05
-3.40242e-05
-4.65878e-05
-5.94054e-05
-7.16809e-05
-8.16563e-05
-8.84337e-05
-8.99129e-05
-8.82279e-05
-9.26191e-05
-0.000105226
-0.000126964
-0.000160957
-0.000200671
-0.000237494
-0.000262984
-0.000267188
-0.000250905
-0.000225612
-0.000184066
-0.000129095
-7.38633e-05
-2.43408e-05
7.05595e-06
6.92662e-06
-2.65643e-05
-6.49949e-05
-8.49967e-05
-7.94905e-05
-5.72516e-05
-2.6067e-05
-4.87406e-07
3.7817e-06
-2.39049e-05
-6.53407e-05
-8.70951e-05
-7.70033e-05
-4.28648e-05
3.77783e-07
5.37654e-05
0.00010104
0.000113765
7.99104e-05
-2.69578e-05
-0.000147199
-0.000194959
-0.000174308
-0.000109134
-2.80076e-05
5.2699e-05
0.000130088
0.000197217
0.00026148
0.000326196
0.000380045
0.00043929
0.000495158
0.000554979
0.000618314
0.000667593
0.000604549
0.000325155
-5.81227e-05
-0.000364877
-0.000459786
-0.000370888
-0.000238
-0.000108633
-3.32014e-06
8.28913e-05
0.000150703
0.000194708
0.000257137
0.000322254
0.00042249
0.000546757
0.000623331
0.000514902
0.000222745
-0.000118944
-0.000454288
-0.00073601
-0.000869302
-0.000777306
-0.000559642
-0.000363043
-0.000221156
-0.000126969
-6.19573e-05
-2.19704e-05
2.61018e-05
5.0291e-05
0.000140042
2.23651e-05
1.79567e-05
1.28173e-05
6.75531e-06
-3.6084e-07
-8.64387e-06
-1.82031e-05
-2.91269e-05
-4.14385e-05
-5.50094e-05
-6.92681e-05
-8.33071e-05
-9.45731e-05
-0.00010179
-0.000100145
-9.22942e-05
-9.35909e-05
-0.00010613
-0.000130917
-0.000174442
-0.000227695
-0.000278511
-0.000315253
-0.000322518
-0.000301512
-0.000273628
-0.000225066
-0.000156801
-8.98947e-05
-2.87991e-05
1.16766e-05
9.75437e-06
-4.22564e-05
-0.000100024
-0.000127312
-0.000117472
-8.5294e-05
-4.20664e-05
-5.22568e-06
4.02555e-06
-3.35378e-05
-9.38392e-05
-0.000125265
-0.00011128
-6.70589e-05
-1.38901e-05
5.26338e-05
0.000114906
0.000137202
0.000102376
-4.05077e-05
-0.000207014
-0.000267864
-0.000238433
-0.000158583
-6.52179e-05
2.40185e-05
0.000105552
0.000175361
0.000242528
0.000311089
0.000367645
0.000431663
0.000493398
0.00056279
0.000643837
0.000727943
0.000686014
0.000361459
-0.000103706
-0.000454948
-0.000532135
-0.000406647
-0.00024549
-0.000100185
1.29288e-05
0.00010209
0.000170542
0.000211209
0.000274383
0.000340458
0.000450816
0.000601806
0.000714748
0.00060158
0.00026279
-0.000120029
-0.000490074
-0.000808523
-0.000964808
-0.000846555
-0.000582852
-0.000361774
-0.00021134
-0.0001169
-5.37545e-05
-1.71032e-05
2.79522e-05
5.0978e-05
0.000146772
1.44331e-05
1.05764e-05
5.96693e-06
3.9303e-07
-6.31286e-06
-1.43161e-05
-2.38034e-05
-3.49708e-05
-4.79954e-05
-6.29122e-05
-7.92216e-05
-9.59992e-05
-0.000109595
-0.00011847
-0.000112167
-9.38083e-05
-8.98083e-05
-0.000101018
-0.000127982
-0.000183651
-0.000255386
-0.000325822
-0.000378705
-0.00038957
-0.000359483
-0.000328829
-0.000272022
-0.00018509
-0.000103835
-2.77399e-05
2.70213e-05
2.48927e-05
-5.54895e-05
-0.000143652
-0.000180456
-0.00016277
-0.000116036
-5.67414e-05
-4.39688e-06
1.3531e-05
-3.74266e-05
-0.000127162
-0.000173383
-0.000152642
-9.45105e-05
-2.92021e-05
5.30678e-05
0.000134876
0.000172868
0.000143436
-4.9269e-05
-0.000283675
-0.000358709
-0.000312625
-0.000211673
-0.000102888
-3.54e-06
8.1444e-05
0.000153678
0.000223812
0.000296245
0.000355346
0.000422713
0.000493019
0.000571086
0.000671251
0.000802494
0.000797043
0.000416996
-0.000155293
-0.000565569
-0.000621783
-0.000448045
-0.000250772
-8.81897e-05
3.26013e-05
0.000123892
0.000192138
0.000228113
0.000290975
0.000356849
0.000476687
0.000659403
0.00082423
0.000707568
0.000307578
-0.000122673
-0.000530121
-0.000891596
-0.00108022
-0.000927545
-0.00060422
-0.00035562
-0.000197325
-0.000104276
-4.42308e-05
-1.14674e-05
2.92653e-05
5.16515e-05
0.000153552
7.68038e-06
4.38247e-06
3.292e-07
-4.71114e-06
-1.09449e-05
-1.85984e-05
-2.79529e-05
-3.93506e-05
-5.31957e-05
-6.98063e-05
-8.89338e-05
-0.000109874
-0.000127578
-0.000140955
-0.000127883
-9.1553e-05
-7.91856e-05
-8.71494e-05
-0.000114014
-0.000185331
-0.00028276
-0.000381404
-0.00045834
-0.000473594
-0.000426085
-0.000392836
-0.000327004
-0.000213184
-0.000115139
-2.00146e-05
5.76776e-05
6.04055e-05
-6.40242e-05
-0.000201712
-0.000250362
-0.000218117
-0.000149652
-6.92689e-05
4.00086e-06
3.71616e-05
-3.09166e-05
-0.00016752
-0.000236996
-0.000203648
-0.000125827
-4.56364e-05
5.48567e-05
0.000161326
0.000224443
0.000213873
-4.8995e-05
-0.000386595
-0.000475294
-0.000398869
-0.000267732
-0.000139918
-2.8808e-05
5.80372e-05
0.000132178
0.000205428
0.000281596
0.000341787
0.000414183
0.000493016
0.000579378
0.00069821
0.000891756
0.000950255
0.000501109
-0.000211704
-0.000708302
-0.000740319
-0.000494107
-0.000251652
-7.12374e-05
5.65045e-05
0.000148789
0.000215554
0.000245455
0.000306707
0.00037077
0.000498428
0.000717785
0.000957129
0.000839499
0.000356632
-0.000128077
-0.00057469
-0.000986654
-0.00122176
-0.00102356
-0.000621677
-0.000342798
-0.000178734
-8.80733e-05
-3.33569e-05
-5.04933e-06
3.02393e-05
5.11694e-05
0.000159927
2.35002e-06
-3.78158e-07
-3.8375e-06
-8.27561e-06
-1.39377e-05
-2.11148e-05
-3.01958e-05
-4.17029e-05
-5.63597e-05
-7.49344e-05
-9.77504e-05
-0.000124818
-0.000149557
-0.000173753
-0.00015107
-8.34369e-05
-5.89824e-05
-6.10016e-05
-8.2395e-05
-0.000174198
-0.000307744
-0.000447825
-0.000562152
-0.000583198
-0.000502285
-0.000467403
-0.000392985
-0.000239367
-0.000123418
-4.97265e-06
0.000109817
0.000130465
-6.33061e-05
-0.000285155
-0.000346985
-0.000286996
-0.000185535
-7.81201e-05
2.2266e-05
8.16443e-05
-5.55522e-06
-0.000218305
-0.000325786
-0.000267544
-0.000161207
-6.26752e-05
5.77491e-05
0.000193633
0.000295681
0.000331224
-3.17434e-05
-0.000531967
-0.000629803
-0.00049891
-0.000325055
-0.000174503
-5.00531e-05
3.56816e-05
0.000110853
0.000187667
0.000267089
0.000327137
0.000407149
0.0004915
0.000586138
0.000721659
0.000994487
0.00116173
0.000627685
-0.000279632
-0.000900094
-0.000897849
-0.000542322
-0.000244732
-4.74357e-05
8.58824e-05
0.000177372
0.000241247
0.000263523
0.000321747
0.000382043
0.000514125
0.000772924
0.00112072
0.00100698
0.000408037
-0.000138317
-0.000623945
-0.0010938
-0.00139823
-0.00113914
-0.000631526
-0.000320897
-0.000154475
-6.8112e-05
-2.07998e-05
2.15207e-06
3.07714e-05
4.89276e-05
0.000165138
-1.34013e-06
-3.48431e-06
-6.30062e-06
-1.0041e-05
-1.49851e-05
-2.14849e-05
-3.00347e-05
-4.13568e-05
-5.65784e-05
-7.71125e-05
-0.00010441
-0.000140122
-0.000176603
-0.000225277
-0.00018921
-6.55831e-05
-2.64155e-05
-1.8809e-05
-2.21678e-05
-0.00014174
-0.000325691
-0.000527488
-0.000703176
-0.00073333
-0.000589317
-0.000554487
-0.000472903
-0.000259949
-0.000128868
1.636e-05
0.000189979
0.000258928
-4.40593e-05
-0.000414152
-0.000487139
-0.000372914
-0.000221005
-8.07653e-05
5.15007e-05
0.000153484
5.36491e-05
-0.000283413
-0.000456829
-0.000348064
-0.000199598
-7.88966e-05
6.07566e-05
0.000227515
0.000386931
0.000523092
1.81679e-05
-0.000746892
-0.000841446
-0.000612878
-0.000379864
-0.000203764
-6.50347e-05
1.48815e-05
8.97017e-05
0.000170655
0.000251654
0.000313338
0.000398574
0.000488751
0.000589824
0.00073588
0.0011013
0.00145264
0.000823037
-0.000366213
-0.00116825
-0.00110868
-0.00058684
-0.000224751
-1.4371e-05
0.000122159
0.000211373
0.000271116
0.000283498
0.000336684
0.000390394
0.000520512
0.000815289
0.00132318
0.00122341
0.00045675
-0.000156744
-0.000677168
-0.00121042
-0.00162157
-0.00128059
-0.000627718
-0.000286768
-0.00012312
-4.43772e-05
-6.19112e-06
1.0158e-05
3.062e-05
4.51705e-05
0.000167858
-3.22077e-06
-4.76541e-06
-6.88195e-06
-9.80322e-06
-1.38325e-05
-1.93654e-05
-2.6972e-05
-3.75469e-05
-5.26581e-05
-7.45507e-05
-0.000106772
-0.000154198
-0.000209596
-0.000311019
-0.000257336
-3.06736e-05
1.84146e-05
4.25199e-05
8.76537e-05
-7.27919e-05
-0.000323908
-0.000618956
-0.000904398
-0.000952828
-0.000693166
-0.000656329
-0.000562249
-0.000267042
-0.000134126
3.61985e-05
0.000297668
0.000485258
1.89678e-05
-0.00062395
-0.000700271
-0.000478899
-0.000251775
-7.66212e-05
8.60028e-05
0.000253599
0.000179283
-0.000360574
-0.000662158
-0.000449327
-0.000238934
-9.37148e-05
5.80232e-05
0.000247827
0.000488665
0.000839539
0.000139173
-0.0010777
-0.00114194
-0.000736455
-0.000425418
-0.000223984
-7.14999e-05
-5.22383e-06
6.74449e-05
0.00015228
0.00023537
0.000297287
0.000384503
0.000481718
0.000584558
0.000730372
0.00118684
0.00186006
0.00113719
-0.00047753
-0.00155273
-0.00139548
-0.00061532
-0.000184204
3.04074e-05
0.000165916
0.000252399
0.000307419
0.000306889
0.000350275
0.000391177
0.000505988
0.000816515
0.00157301
0.00151379
0.000496733
-0.000184289
-0.000729171
-0.00132831
-0.00191109
-0.00145773
-0.000600235
-0.000236617
-8.35821e-05
-1.68085e-05
1.0596e-05
1.86372e-05
2.89521e-05
3.93759e-05
0.000166723
-3.22975e-06
-4.18563e-06
-5.55823e-06
-7.52733e-06
-1.04125e-05
-1.46262e-05
-2.07469e-05
-2.97414e-05
-4.3535e-05
-6.53434e-05
-0.000102168
-0.000162891
-0.000244967
-0.000455656
-0.000395509
4.59889e-05
7.11357e-05
0.000132533
0.000305539
6.09763e-05
-0.000275192
-0.000720095
-0.00122853
-0.00131003
-0.000835209
-0.000764479
-0.000634727
-0.000255261
-0.000156139
2.60604e-05
0.000410557
0.000910768
0.000239528
-0.00098211
-0.00106037
-0.000608044
-0.000273657
-7.20164e-05
0.000116041
0.000387822
0.000499143
-0.000407768
-0.00103811
-0.000578396
-0.000278743
-0.000107138
3.969e-05
0.000222726
0.000594887
0.00143692
0.000455626
-0.00162095
-0.00160118
-0.000852719
-0.000450097
-0.00023043
-6.47996e-05
-3.06764e-05
3.73441e-05
0.000132157
0.000216688
0.000274274
0.000359631
0.000462985
0.000555976
0.000693318
0.00120513
0.00248203
0.00168313
-0.000624556
-0.00213547
-0.00180536
-0.000598993
-0.000107961
9.06545e-05
0.000217629
0.000286109
0.000325135
0.000316341
0.000333488
0.000347399
0.000410729
0.000699546
0.00194738
0.00197255
0.000544569
-0.000200294
-0.000757418
-0.00143326
-0.0023112
-0.00169089
-0.000529295
-0.000163864
-3.41465e-05
1.44927e-05
2.91325e-05
2.73986e-05
2.35684e-05
3.23552e-05
0.000163747
-4.20344e-07
-7.41417e-07
-1.24725e-06
-1.94906e-06
-3.22215e-06
-5.47673e-06
-9.06923e-06
-1.44771e-05
-2.30167e-05
-3.66128e-05
-6.28241e-05
-0.000103574
-0.000220464
-0.000743638
-0.000719304
0.000315094
0.000220625
0.000313467
0.000783844
0.000293806
-0.000180418
-0.000849942
-0.00181586
-0.00185387
-0.000823531
-0.000737745
-0.000797824
-0.000260196
-0.000213588
-6.59119e-06
0.000592787
0.00193598
0.000904945
-0.00185523
-0.00184011
-0.000738176
-0.00025025
-1.78473e-05
0.000255327
0.000749382
0.00138643
-0.000525595
-0.00200635
-0.000752384
-0.000301585
-5.85645e-05
7.95806e-05
0.000199187
0.000820259
0.00269792
0.00120523
-0.00281392
-0.0024916
-0.000898946
-0.00043078
-0.000210052
-1.78996e-05
-6.58463e-05
-1.25275e-05
0.000128765
0.000201377
0.000266197
0.000353199
0.000474162
0.000550614
0.000713555
0.0013745
0.00362479
0.00263688
-0.00101374
-0.00338847
-0.00252377
-0.000483362
2.8072e-05
0.000170938
0.000293004
0.000283949
0.000259382
0.000267465
0.000263192
0.000296731
0.0004193
0.000914445
0.0028862
0.00274466
0.000568671
-0.000218864
-0.000811483
-0.00161028
-0.00302295
-0.00208118
-0.000382853
-6.06803e-05
2.38238e-05
5.14724e-05
4.71667e-05
3.55721e-05
6.97023e-06
4.04731e-05
0.000161129
1.42771e-06
1.46523e-06
1.49515e-06
1.55548e-06
1.36824e-06
6.67306e-07
-7.92615e-07
-3.42124e-06
-8.65231e-06
-1.84696e-05
-5.53675e-05
-0.000162614
-0.000418771
-0.00161746
-0.0011684
0.000949925
0.000615068
0.000224707
0.000796124
-0.00021976
-0.000901594
-0.00165559
-0.00283908
-0.00194463
0.000181738
-0.000911217
-0.00187266
-0.000647264
-0.00028557
0.0001338
0.000937101
0.00277822
0.00074623
-0.00403145
-0.00255541
-0.000504043
6.56537e-05
0.000344921
0.000720586
0.00139524
0.00169643
-0.00218856
-0.00318722
-0.000611664
-6.06216e-05
6.62782e-05
0.000297628
0.00058405
0.000793226
0.0029552
0.000936223
-0.0052233
-0.00313347
-0.000657657
-0.000246995
-0.000126049
-2.70425e-05
5.29701e-05
5.81613e-05
0.000115523
0.00024408
0.000322013
0.000418738
0.000569757
0.000735824
0.00103871
0.00241947
0.00406566
0.00201527
-0.00245904
-0.00464732
-0.00250224
-6.546e-05
0.000269377
0.000344505
0.000442532
0.000557031
0.00056429
0.00050407
0.000576331
0.000680499
0.000861316
0.00127571
0.0025521
0.00219699
-0.000193884
-0.000847177
-0.00144371
-0.00222595
-0.00361522
-0.00192015
-9.42418e-05
7.99596e-05
0.00010542
0.000109155
9.40936e-05
7.56085e-05
3.56176e-05
-2.80315e-05
7.97876e-06
)
;

boundaryField
{
    inlet
    {
        type            zeroGradient;
    }
    outlet
    {
        type            zeroGradient;
    }
    bottom
    {
        type            fixedFluxPressure;
        gradient        uniform 0;
        value           nonuniform List<scalar> 
442
(
1337.99
1342.54
1349.49
1357.61
1366.12
1374.53
1382.58
1390.13
1397.12
1403.53
1409.38
1414.69
1419.51
1423.86
1427.78
1431.32
1434.5
1437.36
1439.93
1442.25
1444.34
1446.25
1447.99
1449.59
1451.06
1452.4
1453.61
1454.7
1455.66
1456.48
1457.18
1457.75
1458.19
1458.5
1458.7
1458.77
1458.71
1458.53
1458.24
1457.82
1457.29
1456.64
1455.89
1455.02
1454.05
1452.99
1451.83
1450.6
1449.29
1447.92
1446.57
1445.74
1445.63
1445.85
1446.14
1446.28
1446.13
1445.59
1444.59
1443.11
1441.13
1438.67
1435.75
1432.42
1428.7
1424.65
1420.31
1415.75
1411.01
1406.15
1401.21
1396.23
1391.26
1386.33
1381.48
1376.73
1372.1
1367.61
1363.28
1359.11
1355.12
1351.31
1347.69
1344.24
1340.98
1337.9
1334.99
1332.26
1329.69
1327.27
1325.01
1322.88
1320.9
1319.05
1317.32
1315.7
1314.2
1312.79
1311.48
1310.26
1309.1
1307.97
1306.82
1305.67
1304.52
1303.36
1302.2
1301.04
1299.89
1298.75
1297.63
1296.52
1295.44
1294.38
1293.36
1292.39
1291.46
1290.58
1289.77
1289.03
1288.38
1287.81
1287.35
1287.01
1286.79
1286.73
1286.81
1287.04
1287.4
1287.88
1288.48
1289.18
1289.98
1290.85
1291.8
1292.82
1293.9
1295.02
1296.19
1297.39
1298.63
1299.88
1301.16
1302.44
1303.74
1305.04
1306.34
1307.64
1308.94
1310.22
1311.49
1312.76
1314.07
1315.42
1316.8
1318.22
1319.67
1321.16
1322.69
1324.25
1325.84
1327.48
1329.14
1330.85
1332.58
1334.36
1336.16
1338
1339.88
1341.78
1343.72
1345.69
1347.69
1349.73
1351.79
1353.89
1356.01
1358.16
1360.34
1362.54
1364.78
1367.03
1369.31
1371.62
1373.94
1376.29
1378.65
1381.04
1383.44
1385.85
1388.28
1390.73
1393.18
1395.64
1398.11
1400.59
1403.07
1405.56
1408.04
1410.53
1413.01
1415.5
1417.98
1420.47
1422.93
1425.31
1427.63
1429.94
1432.23
1434.5
1436.75
1438.96
1441.14
1443.28
1445.37
1447.42
1449.43
1451.38
1453.28
1455.12
1456.91
1458.64
1460.3
1461.9
1463.44
1464.91
1466.31
1467.64
1468.9
1470.09
1471.21
1472.26
1473.23
1474.13
1474.96
1475.72
1476.41
1477.03
1477.59
1478.08
1478.5
1478.86
1479.17
1479.43
1479.65
1479.85
1480.06
1480.21
1480.27
1480.22
1480.07
1479.84
1479.53
1479.15
1478.7
1478.18
1477.6
1476.95
1476.23
1475.45
1474.6
1473.7
1472.73
1471.7
1470.62
1469.48
1468.29
1467.05
1465.76
1464.43
1463.05
1461.63
1460.17
1458.68
1457.16
1455.61
1454.03
1452.44
1450.84
1449.22
1447.6
1445.98
1444.37
1442.77
1441.19
1439.65
1438.15
1436.69
1435.29
1433.97
1432.72
1431.58
1430.55
1429.65
1428.89
1428.31
1427.93
1427.79
1427.99
1428.65
1429.45
1430.05
1430.45
1430.73
1430.94
1431.1
1431.21
1431.26
1431.27
1431.23
1431.14
1431.01
1430.84
1430.63
1430.38
1430.1
1429.79
1429.45
1429.08
1428.69
1428.27
1427.84
1427.39
1426.92
1426.43
1425.94
1425.43
1424.91
1424.39
1423.86
1423.32
1422.78
1422.24
1421.69
1421.14
1420.59
1420.04
1419.48
1418.93
1418.38
1417.84
1417.29
1416.75
1416.21
1415.68
1415.16
1414.64
1414.13
1413.63
1413.13
1412.65
1412.17
1411.71
1411.25
1410.81
1410.36
1409.92
1409.49
1409.05
1408.61
1408.17
1407.73
1407.29
1406.85
1406.41
1405.98
1405.55
1405.13
1404.71
1404.3
1403.89
1403.48
1403.07
1402.66
1402.23
1401.8
1401.34
1400.86
1400.36
1399.82
1399.25
1398.66
1398.03
1397.38
1396.71
1396.02
1395.32
1394.62
1393.91
1393.21
1392.53
1391.86
1391.23
1390.64
1390.12
1389.67
1389.33
1389.12
1389.16
1389.35
1337.99
1332.61
1325.78
1319.21
1313.53
1308.91
1305.37
1302.67
1300.48
1298.65
1297.14
1295.89
1294.77
1293.67
1292.6
1291.56
1290.55
1289.56
1288.61
1287.68
1286.77
1285.88
1285.01
1284.17
1283.34
1282.54
1281.78
1281.29
1280.33
1280.95
1280.5
1280.68
1280.59
1280.56
1280.51
1280.46
1280.42
1280.38
1280.34
1280.3
1280.2
1280.12
)
;
    }
    atmosphere
    {
        type            fixedValue;
        value           uniform 0;
    }
    bridgeDeck
    {
        type            fixedFluxPressure;
        gradient        uniform 0;
        value           nonuniform List<scalar> 
170
(
1205.86
1209.19
1215.97
1220.11
1223.42
1223.52
1225.22
1228.57
1230.33
1211.01
1206.73
1221.4
1219.61
1187.29
1186.47
1186.69
1186.64
1186.79
1187.43
1216.89
1224.37
1220.66
1216.59
1224.83
1234.83
1234.15
1234.65
1235.02
1234.79
1234.68
1234.75
1236.37
1236.67
1235.25
1233.92
1233.26
1232.83
1231.37
1231.53
1231.82
1231.8
1229.88
1228.53
1228.21
1227.99
1227.62
1227.6
1227.27
1223.06
1192.34
1301.48
1299.56
1298.01
1297.91
1297.46
1296.96
1296.48
1295.93
1295.29
1294.52
1293.63
1292.61
1291.45
1018.94
512.953
617.656
808.158
394.689
0.0252314
0.00933173
0.00978637
0.00875824
0.00819281
0.00766193
0.00731172
0.00717614
0.00724988
0.00751411
0.00793648
0.00849353
0.00915629
0.00986721
0.0105741
0.011777
0.0123172
1155.61
1149.22
1198.95
1205.69
1209.06
1211.76
1214.06
1215.95
1215.26
1214.13
1216.19
1221.43
1222.11
1144.21
209.495
0.0133968
-0.000117303
-0.000154635
-0.00158225
-0.00212084
-0.00254096
-0.00276714
-0.00289021
-0.00296242
-0.00300483
-0.00303469
-0.00306513
-0.00310695
-0.00317039
-0.00326564
-0.00340081
-0.00357008
-0.00375381
-0.00417415
-0.00415769
-0.0047523
-0.00458862
-0.00362998
-0.00322508
-0.00287383
-0.00250444
-0.00214916
-0.00182563
-0.00154518
-0.00131018
-0.00111641
-0.000956229
-0.000820435
-0.00069904
-0.000581493
-0.000455903
-0.00031168
-0.000142848
0.000109735
0.000482152
0.00100757
0.00177715
0.00291497
0.00466768
0.00716446
0.00983201
0.0114437
0.0119726
0.011452
0.0101373
0.00842981
0.00674612
0.00541243
0.00442293
0.00372251
0.00324363
0.00292816
0.00273064
0.00262011
0.00257761
0.00258956
0.00264645
0.00274257
0.00287314
0.00303448
0.00321949
0.00341692
0.00369558
0.00436877
0.00472011
)
;
    }
    frontAndBack
    {
        type            empty;
    }
}


// ************************************************************************* //
