/*--------------------------------*- C++ -*----------------------------------*\
| =========                 |                                                 |
| \\      /  F ield         | OpenFOAM: The Open Source CFD Toolbox           |
|  \\    /   O peration     | Version:  2412                                  |
|   \\  /    A nd           | Website:  www.openfoam.com                      |
|    \\/     M anipulation  |                                                 |
\*---------------------------------------------------------------------------*/
FoamFile
{
    version     2.0;
    format      ascii;
    arch        "LSB;label=32;scalar=64";
    class       volScalarField;
    location    "30";
    object      pff;
}
// * * * * * * * * * * * * * * * * * * * * * * * * * * * * * * * * * * * * * //

dimensions      [ 1 -1 -2 0 0 0 0 ];

internalField   nonuniform List<scalar> 
55050
(
571.789
575.746
576.164
576.696
577.316
578.003
578.741
579.514
580.311
581.121
581.938
582.759
583.583
584.407
585.234
586.062
586.893
587.724
588.553
589.375
590.189
590.99
591.777
592.548
593.304
594.044
594.771
595.485
596.188
596.881
597.568
598.25
598.93
599.61
600.293
600.983
601.679
602.384
603.097
603.819
604.544
605.275
606.006
606.738
607.467
608.197
608.925
609.653
610.379
614.774
572.458
575.141
575.522
576.007
576.578
577.218
577.911
578.641
579.395
580.163
580.938
581.718
582.5
583.286
584.075
584.869
585.666
586.467
587.267
588.064
588.851
589.626
590.385
591.13
591.858
592.573
593.272
593.96
594.637
595.305
595.967
596.624
597.28
597.937
598.598
599.264
599.94
600.625
601.321
602.024
602.734
603.446
604.161
604.873
605.586
606.296
607.008
607.719
608.433
611.605
569.74
571.421
571.648
571.945
572.301
572.71
573.161
573.64
574.132
574.632
575.136
575.642
576.15
576.661
577.177
577.698
578.227
578.761
579.299
579.834
580.364
580.882
581.389
581.884
582.368
582.84
583.303
583.758
584.205
584.647
585.084
585.519
585.952
586.388
586.826
587.271
587.723
588.185
588.655
589.133
589.616
590.101
590.583
591.066
591.545
592.024
592.502
592.983
593.468
595.554
567.83
568.813
568.941
569.116
569.334
569.597
569.898
570.217
570.54
570.862
571.184
571.505
571.828
572.154
572.484
572.822
573.169
573.526
573.892
574.257
574.615
574.963
575.3
575.627
575.944
576.254
576.557
576.855
577.147
577.435
577.721
578.005
578.289
578.574
578.863
579.158
579.46
579.772
580.095
580.425
580.76
581.093
581.425
581.751
582.076
582.398
582.721
583.046
583.375
584.733
566.515
567.022
567.086
567.18
567.307
567.475
567.694
567.915
568.127
568.33
568.528
568.724
568.92
569.118
569.321
569.532
569.756
569.996
570.251
570.506
570.751
570.983
571.205
571.417
571.622
571.82
572.014
572.204
572.391
572.575
572.757
572.938
573.12
573.303
573.49
573.682
573.882
574.094
574.319
574.555
574.793
575.027
575.255
575.479
575.697
575.913
576.129
576.347
576.569
577.438
565.639
565.833
565.856
565.895
565.954
566.053
566.255
566.423
566.558
566.677
566.788
566.896
567.004
567.113
567.227
567.348
567.483
567.643
567.838
568.025
568.193
568.346
568.487
568.619
568.746
568.868
568.987
569.103
569.216
569.329
569.44
569.55
569.661
569.774
569.889
570.01
570.14
570.282
570.443
570.621
570.799
570.968
571.127
571.278
571.423
571.565
571.707
571.851
571.999
572.539
423.692
421.527
430.548
465.952
493.217
546.836
565.4
565.528
565.601
565.655
565.702
565.747
565.793
565.839
565.888
565.941
566.007
566.103
566.291
566.44
566.554
566.648
566.731
566.806
566.878
566.946
567.012
567.077
567.14
567.203
567.264
567.326
567.388
567.451
567.516
567.585
567.662
567.755
567.871
568.025
568.169
568.295
568.405
568.504
568.597
568.687
568.776
568.868
568.964
569.284
303.824
294.69
287.297
294.295
291.793
295.726
302.457
317.548
334.674
353.954
374.617
396.329
418.886
442.52
466.562
491.442
517.276
552.707
565.392
565.511
565.576
565.621
565.658
565.692
565.723
565.753
565.781
565.809
565.837
565.864
565.891
565.917
565.944
565.971
566
566.03
566.066
566.114
566.193
566.365
566.496
566.588
566.66
566.721
566.775
566.827
566.879
566.932
566.991
567.164
278.431
268.645
260.082
266.464
263.699
267.544
267.505
269.478
270.819
272.601
274.587
276.702
278.928
281.493
283.924
286.522
289.169
291.688
298.709
309.037
320.833
333.327
346.321
359.631
373.167
386.805
400.407
413.938
427.158
440.219
452.912
465.429
477.669
489.725
501.661
513.587
525.605
537.968
553.476
565.404
565.518
565.576
565.613
565.641
565.666
565.689
565.713
565.737
565.765
565.84
257.149
247.026
237.446
243.156
240.196
243.897
243.824
245.736
247.032
248.709
250.537
252.418
254.346
256.565
258.611
260.794
262.995
265.055
267.121
268.933
270.804
272.736
274.798
276.923
279.115
281.348
283.537
285.67
287.628
289.514
291.209
292.84
294.329
295.711
297.012
298.26
299.467
300.673
301.918
304.433
309.542
315.529
321.979
328.776
335.887
343.595
352.234
362.479
375.87
395.415
239.009
228.858
218.441
223.465
220.326
223.916
223.861
225.772
227.124
228.849
230.721
232.626
234.572
236.803
238.867
241.064
243.267
245.327
247.363
249.099
250.84
252.616
254.502
256.422
258.384
260.377
262.309
264.162
265.835
267.404
268.789
270.109
271.298
272.378
273.38
274.321
275.225
276.13
277.08
277.981
278.997
279.931
280.825
281.668
282.398
283.104
283.774
284.416
285.118
285.648
223.263
213.28
202.298
206.462
203.05
206.484
206.46
208.394
209.833
211.631
213.574
215.524
217.511
219.781
221.89
224.127
226.356
228.441
230.479
232.212
233.939
235.711
237.599
239.518
241.48
243.485
245.426
247.283
248.96
250.506
251.873
253.175
254.354
255.421
256.406
257.321
258.198
259.07
259.988
260.862
261.844
262.73
263.565
264.326
264.952
265.524
266.016
266.418
266.757
266.738
629.249
628.675
622.872
617.769
613.257
609.248
605.671
602.467
599.587
596.987
594.633
592.492
590.539
588.749
587.105
585.59
584.192
582.898
581.7
580.585
579.547
578.575
577.665
576.809
576.005
575.248
574.537
573.869
573.246
572.66
572.113
571.596
571.112
570.651
570.218
569.803
569.41
569.034
567.444
568.18
569.58
569.165
568.79
568.457
568.152
567.876
567.619
567.379
567.148
566.938
628.263
625.976
620.406
615.493
611.142
607.27
603.813
600.714
597.929
595.416
593.142
591.076
589.191
587.466
585.881
584.423
583.078
581.838
580.69
579.627
578.635
577.712
576.844
576.032
575.266
574.547
573.87
573.237
572.645
572.094
571.577
571.094
570.637
570.207
569.797
569.41
569.04
568.688
567.577
568.449
569.211
568.818
568.472
568.154
567.871
567.611
567.373
567.149
566.937
566.739
606.373
604.894
601.266
598.047
595.181
592.621
590.328
588.268
586.415
584.743
583.231
581.858
580.606
579.459
578.406
577.436
576.545
575.724
574.97
574.272
573.626
573.022
572.458
571.927
571.428
570.956
570.513
570.099
569.716
569.361
569.032
568.723
568.434
568.16
567.901
567.653
567.419
567.196
566.538
567.084
567.525
567.284
567.061
566.863
566.682
566.521
566.373
566.238
566.109
565.992
591.678
590.73
588.39
586.296
584.421
582.737
581.223
579.859
578.63
577.524
576.525
575.62
574.795
574.039
573.342
572.701
572.112
571.576
571.086
570.639
570.225
569.841
569.48
569.142
568.821
568.516
568.227
567.959
567.716
567.496
567.294
567.107
566.932
566.767
566.609
566.458
566.313
566.177
565.823
566.148
566.373
566.229
566.098
565.976
565.867
565.774
565.692
565.618
565.55
565.488
581.801
581.206
579.723
578.384
577.174
576.079
575.088
574.19
573.382
572.658
572.009
571.423
570.89
570.399
569.944
569.521
569.134
568.79
568.483
568.207
567.954
567.72
567.501
567.293
567.094
566.901
566.715
566.538
566.392
566.266
566.155
566.052
565.956
565.866
565.779
565.695
565.613
565.528
565.363
565.553
565.641
565.566
565.493
565.423
565.358
565.315
565.281
565.251
565.223
565.199
575.185
574.825
573.915
573.082
572.319
571.622
570.983
570.398
569.869
569.406
568.997
568.633
568.302
567.994
567.703
567.425
567.166
566.954
566.776
566.621
566.481
566.352
566.23
566.115
566.002
565.887
565.765
565.637
565.561
565.506
565.459
565.416
565.377
565.339
565.303
565.268
565.229
565.18
519.262
565.224
565.242
565.211
565.179
565.144
522.904
493.242
468.701
446.64
426.816
409.697
570.796
570.592
570.063
569.569
569.11
568.682
568.28
567.901
567.552
567.268
567.03
566.823
566.635
566.457
566.281
566.094
565.949
565.786
565.705
565.638
565.579
565.524
565.473
565.424
565.375
565.319
565.243
524.635
489.351
460.451
434.004
409.769
387.49
367.098
348.616
332.198
318.386
308.105
303.127
353.229
336.606
320.131
306.177
296.352
294.718
294.193
293.482
292.539
291.359
290.062
567.939
567.836
567.56
567.294
567.041
566.798
566.56
566.311
566.055
565.906
565.797
565.705
565.623
565.543
565.456
565.379
565.267
509.691
476.476
446.66
419.381
394.244
371.088
349.876
330.713
314.082
301.325
296.656
294.036
291.471
289.004
286.704
284.478
282.346
280.298
278.074
275.313
271.738
267.985
267.029
263.643
261.088
258.946
256.801
254.502
252.03
249.441
246.793
244.165
241.638
566.144
566.106
565.995
565.883
565.775
565.667
565.55
565.395
522.734
471.442
435.683
404.557
377.338
353.242
332.039
314.234
301.071
298.044
295.075
292.113
289.156
286.197
283.261
280.358
277.467
274.591
271.712
268.841
266.026
263.259
260.542
257.969
255.442
252.818
249.97
246.717
242.697
238.242
234.607
232.07
228.522
224.708
220.794
216.742
212.589
208.362
204.168
200.146
196.381
192.795
491.332
472.325
441.91
408.916
377.059
348.547
324.022
305.326
296.863
293.848
290.995
288.146
285.517
282.939
280.37
277.955
275.478
273.024
270.488
267.89
265.227
262.489
259.704
256.898
254.053
251.172
248.25
245.322
242.432
239.578
236.718
233.793
230.641
227.162
223.172
218.631
213.571
208.481
204.101
200.012
195.148
189.824
184.193
178.481
172.898
167.349
162.149
157.709
153.889
150.217
289.399
287.933
286.263
284.269
281.963
279.809
277.586
275.552
273.5
271.443
269.4
267.228
265.147
262.983
260.696
258.452
256.044
253.606
251.07
248.463
245.787
243.024
240.208
237.375
234.499
231.581
228.614
225.636
222.682
219.645
216.366
212.765
208.741
204.308
199.311
193.731
187.745
181.776
176.267
170.66
164.441
158.018
151.609
145.758
140.463
135.13
127.163
116.305
108.638
101.199
268.039
267.025
266.125
264.996
263.506
262.002
260.258
258.496
256.562
254.583
252.602
250.483
248.443
246.308
244.036
241.801
239.396
236.956
234.409
231.783
229.088
226.296
223.447
220.584
217.679
214.727
211.717
208.678
205.532
202.079
198.203
193.924
189.16
183.894
177.966
171.425
164.581
157.735
151.339
145.175
138.952
132.96
118.147
105.558
96.329
87.2616
79.61
74.4373
70.9477
66.2596
566.813
566.806
566.814
566.806
566.785
566.755
566.715
566.67
566.62
566.567
566.512
566.457
566.403
566.353
566.307
566.267
566.234
566.21
566.197
566.197
566.211
566.242
566.293
566.368
566.459
566.516
566.535
566.566
566.62
566.693
566.784
566.891
567.011
567.143
567.285
567.436
567.595
567.76
567.931
568.106
568.285
568.466
568.65
568.834
569.019
569.202
569.383
569.558
569.727
569.867
566.62
566.621
566.628
566.62
566.601
566.572
566.536
566.494
566.447
566.397
566.346
566.295
566.245
566.197
566.153
566.115
566.084
566.062
566.049
566.048
566.06
566.088
566.134
566.202
566.288
566.34
566.355
566.384
566.435
566.503
566.588
566.688
566.799
566.922
567.054
567.195
567.343
567.497
567.656
567.819
567.985
568.154
568.325
568.497
568.67
568.842
569.012
569.179
569.339
569.479
565.921
565.919
565.921
565.915
565.903
565.885
565.863
565.837
565.807
565.777
565.744
565.712
565.681
565.651
565.623
565.599
565.579
565.566
565.558
565.556
565.562
565.577
565.603
565.64
565.687
565.717
565.728
565.746
565.777
565.819
565.871
565.932
566
566.075
566.157
566.243
566.334
566.429
566.526
566.627
566.729
566.834
566.94
567.047
567.156
567.265
567.374
567.482
567.587
567.681
565.45
565.446
565.446
565.441
565.434
565.424
565.411
565.396
565.379
565.361
565.343
565.324
565.306
565.289
565.273
565.259
565.247
565.24
565.236
565.235
565.237
565.243
565.253
565.269
565.288
565.3
565.306
565.317
565.333
565.356
565.383
565.416
565.453
565.495
565.54
565.587
565.638
565.69
565.745
565.801
565.858
565.917
565.977
566.039
566.102
566.167
566.235
566.303
566.37
566.432
565.184
565.182
565.18
565.178
565.175
565.17
565.164
565.157
565.15
565.142
565.134
565.126
565.118
565.11
565.103
565.096
565.089
564.79
564.086
563.683
563.511
563.607
563.996
564.684
565.087
565.095
565.098
565.102
565.109
565.117
565.128
565.14
565.155
565.172
565.19
565.21
565.231
565.253
565.276
565.3
565.325
565.35
565.376
565.403
565.431
565.467
565.503
565.543
565.582
565.621
399.57
399.894
401.228
402.275
402.606
402.107
400.823
398.886
396.47
393.765
390.953
388.21
385.702
383.609
382.131
381.5
381.973
383.86
387.438
392.906
400.59
410.847
424.021
440.198
460.11
471.567
473.079
477.698
485.024
498.672
502.766
508.375
514.365
521.084
527.21
533.367
539.469
545.676
551.626
555.041
557.767
560.304
562.542
564.285
565.091
565.122
565.139
565.155
565.172
565.19
288.782
287.436
285.645
283.557
281.327
279.04
276.74
274.479
272.315
270.279
268.362
266.525
264.721
262.933
261.189
259.543
258.03
256.662
255.439
254.387
253.516
252.82
252.294
251.978
252.263
253.181
254.662
256.685
258.825
261.542
266.527
272.909
280.255
288.379
297.336
306.997
317.282
328.165
339.735
352.249
365.328
378.722
392.321
406.062
419.915
433.723
447.242
460.377
473.199
486.189
239.194
236.712
234.097
231.378
228.553
225.607
222.6
219.699
217.033
214.621
212.393
210.248
208.129
206.078
204.238
202.733
201.595
200.806
200.347
200.248
200.544
201.257
202.396
203.948
205.965
208.268
210.738
213.433
216.272
219.249
222.22
225.242
228.308
231.391
234.484
237.58
240.703
243.905
247.189
250.527
253.888
257.267
260.687
264.144
267.638
271.156
274.684
278.19
281.629
284.924
189.3
185.83
182.4
178.998
175.462
171.789
168.265
165.117
162.394
159.995
157.769
155.572
153.381
151.338
149.66
148.398
147.504
146.923
146.645
146.734
147.223
148.109
149.394
151.043
153.071
155.397
157.938
160.646
163.558
166.744
170.166
173.806
177.684
181.704
185.823
190.001
194.215
198.495
202.887
207.348
211.801
216.202
220.574
224.949
229.328
233.673
237.945
242.138
246.254
250.247
146.57
143.081
139.864
136.774
133.301
125.21
116.057
109.168
103.48
98.488
94.0476
89.7574
85.5752
82.2127
79.8192
77.7009
75.9051
74.3878
73.5114
73.3328
73.8179
74.8235
76.3941
78.5611
81.5171
85.2254
89.5328
94.3529
99.5258
106.121
114.813
124.726
133.058
136.755
140.562
144.52
148.634
152.81
157.174
161.748
166.503
171.373
176.263
181.191
186.198
191.208
196.145
200.977
205.755
210.469
94.0392
87.9801
83.0974
79.1301
73.914
68.2608
63.8477
59.9517
55.9026
51.71
47.9635
45.4153
44.5962
43.692
41.8908
40.6849
40.5902
41.034
40.6932
40.3824
40.3835
40.3977
40.8439
41.7294
43.0256
44.4106
45.7352
47.5301
48.6145
51.4034
57.2713
62.8353
67.6914
72.4797
77.3899
82.8347
89.6783
97.4614
106.05
115.833
127.387
134.533
138.83
143.148
147.679
152.378
157.172
162.026
166.964
171.964
61.4791
57.3187
53.4325
50.7147
48.5043
43.5489
39.2989
36.3993
34.9057
33.076
30.5799
25.5085
9.83991
6.81751
5.18632
3.6551
2.35624
1.68816
1.46968
1.32285
1.21627
1.17363
1.17327
1.21984
1.41365
1.70892
2.1774
3.1458
4.46134
16.1414
34.574
40.0248
42.0649
44.296
46.6991
49.3419
53.5274
59.1925
64.1495
68.8197
73.615
79.1824
85.8248
92.9105
101.007
110.281
121.071
132.302
136.492
140.843
570.013
570.439
570.952
571.473
572.007
572.558
573.128
573.724
574.344
574.995
575.675
576.387
577.132
577.912
578.725
579.577
580.464
581.391
582.352
583.354
584.389
585.465
586.572
587.721
588.9
590.12
591.369
592.659
593.974
595.327
596.702
598.115
599.547
601.016
602.504
604.03
605.576
607.159
608.763
610.404
612.064
613.759
615.468
617.207
618.953
620.72
622.488
624.27
626.049
627.835
629.622
631.414
633.223
635.054
610.486
609.737
636.356
637.875
639.42
640.985
642.546
644.111
645.671
647.228
648.783
650.333
651.883
653.427
654.976
656.518
658.069
659.613
661.168
662.715
664.274
665.819
667.373
668.905
670.441
671.949
673.454
674.927
676.393
677.824
679.247
680.633
682.012
683.356
684.694
686.002
687.311
688.599
689.897
691.194
692.524
693.887
686.527
659.099
653.244
654.321
655.314
656.232
657.09
657.896
658.654
659.372
660.05
660.696
661.306
661.891
662.445
662.98
663.486
663.981
664.45
664.916
665.359
665.807
666.236
666.679
667.108
667.559
668.004
668.48
668.957
669.476
670.005
670.588
671.191
671.861
672.563
673.346
674.176
675.102
676.091
677.195
678.381
679.7
681.125
682.706
684.418
686.312
688.369
690.64
693.111
695.833
698.809
702.083
705.681
693.076
569.593
570.018
570.502
570.995
571.502
572.024
572.568
573.135
573.729
574.35
575.002
575.684
576.399
577.146
577.929
578.746
579.601
580.491
581.419
582.381
583.383
584.415
585.488
586.59
587.733
588.905
590.117
591.355
592.632
593.932
595.267
596.622
598.013
599.421
600.866
602.328
603.828
605.347
606.904
608.48
610.093
611.723
613.385
615.058
616.756
618.457
620.174
621.889
623.613
625.333
627.054
628.779
630.516
632.323
602.249
615.111
633.482
634.99
636.509
638.018
639.535
641.044
642.552
644.057
645.556
647.056
648.549
650.046
651.536
653.033
654.525
656.028
657.525
659.034
660.535
662.046
663.541
665.041
666.517
667.993
669.439
670.879
672.286
673.685
675.048
676.403
677.722
679.034
680.314
681.589
682.838
684.089
685.326
686.579
687.839
689.14
684.56
653.576
649.951
650.972
651.915
652.795
653.618
654.393
655.124
655.815
656.472
657.093
657.687
658.249
658.791
659.303
659.801
660.273
660.738
661.18
661.622
662.044
662.475
662.891
663.323
663.746
664.194
664.64
665.121
665.607
666.139
666.685
667.29
667.919
668.62
669.358
670.182
671.058
672.035
673.082
674.247
675.503
676.897
678.404
680.073
681.882
683.88
686.05
688.443
691.048
693.913
697.051
700.501
693.107
567.761
568.031
568.339
568.654
568.98
569.318
569.67
570.04
570.428
570.837
571.265
571.715
572.186
572.681
573.198
573.74
574.307
574.9
575.516
576.159
576.824
577.515
578.226
578.964
579.722
580.507
581.311
582.142
582.99
583.862
584.747
585.654
586.572
587.513
588.465
589.441
590.43
591.443
592.47
593.522
594.588
595.678
596.778
597.898
599.021
600.157
601.292
602.433
603.569
604.706
605.833
606.95
608.049
597.877
583.985
608.824
609.987
611.045
612.059
613.068
614.065
615.06
616.052
617.04
618.026
619.008
619.991
620.97
621.953
622.931
623.917
624.9
625.892
626.881
627.879
628.871
629.867
630.85
631.833
632.797
633.756
634.693
635.624
636.531
637.431
638.306
639.175
640.02
640.86
641.678
642.493
643.291
644.09
644.881
645.683
646.49
643.513
623.429
621.04
621.678
622.278
622.839
623.369
623.87
624.344
624.794
625.22
625.628
626.013
626.384
626.735
627.075
627.397
627.712
628.011
628.307
628.59
628.876
629.15
629.432
629.707
629.994
630.278
630.582
630.886
631.216
631.553
631.923
632.306
632.73
633.175
633.67
634.194
634.778
635.401
636.095
636.84
637.667
638.559
639.548
640.616
641.797
643.076
644.485
646.015
647.696
649.527
651.534
653.729
648.974
566.49
566.652
566.838
567.031
567.231
567.44
567.661
567.894
568.143
568.406
568.684
568.975
569.282
569.603
569.941
570.296
570.67
571.061
571.47
571.895
572.338
572.795
573.269
573.756
574.261
574.781
575.32
575.872
576.442
577.021
577.613
578.213
578.826
579.445
580.079
580.72
581.378
582.045
582.73
583.425
584.139
584.863
585.604
586.35
587.106
587.862
588.623
589.38
590.137
590.887
591.63
592.357
593.056
586.456
585.994
593.656
594.387
595.08
595.759
596.424
597.086
597.743
598.398
599.051
599.701
600.351
600.998
601.646
602.292
602.943
603.592
604.249
604.906
605.572
606.237
606.909
607.574
608.24
608.893
609.543
610.176
610.804
611.415
612.02
612.608
613.19
613.755
614.315
614.858
615.396
615.918
616.437
616.943
617.447
617.942
618.441
616.48
603.423
601.833
602.224
602.595
602.949
603.285
603.606
603.912
604.203
604.482
604.746
605
605.24
605.473
605.693
605.907
606.11
606.311
606.501
606.692
606.874
607.06
607.24
607.426
607.609
607.802
607.994
608.201
608.41
608.639
608.874
609.133
609.402
609.701
610.016
610.367
610.74
611.155
611.598
612.092
612.622
613.21
613.844
614.545
615.302
616.137
617.04
618.033
619.109
620.289
621.571
622.972
619.897
565.66
565.748
565.849
565.956
566.069
566.189
566.315
566.454
566.606
566.769
566.942
567.126
567.319
567.522
567.737
567.964
568.205
568.462
568.73
569.011
569.301
569.603
569.912
570.233
570.564
570.909
571.265
571.636
572.015
572.403
572.794
573.193
573.594
574.003
574.416
574.838
575.267
575.707
576.155
576.618
577.09
577.577
578.073
578.579
579.085
579.595
580.101
580.608
581.11
581.61
582.099
582.577
583.029
578.813
578.624
583.501
583.945
584.392
584.833
585.272
585.707
586.141
586.573
587.003
587.432
587.86
588.288
588.714
589.143
589.572
590.006
590.442
590.886
591.335
591.791
592.248
592.707
593.158
593.605
594.041
594.471
594.887
595.298
595.696
596.089
596.469
596.845
597.208
597.567
597.913
598.253
598.581
598.902
599.21
599.512
599.802
598.507
590.041
588.981
589.205
589.426
589.641
589.85
590.052
590.247
590.434
590.613
590.785
590.948
591.106
591.255
591.401
591.538
591.673
591.801
591.928
592.05
592.172
592.29
592.411
592.529
592.652
592.774
592.903
593.033
593.175
593.318
593.476
593.639
593.819
594.008
594.218
594.44
594.688
594.951
595.244
595.558
595.906
596.281
596.695
597.142
597.635
598.167
598.752
599.384
600.076
600.825
601.642
602.528
600.546
565.209
565.245
565.287
565.332
565.381
565.433
565.49
565.562
565.643
565.736
565.836
565.942
566.054
566.173
566.3
566.435
566.585
566.747
566.921
567.102
567.291
567.484
567.683
567.888
568.101
568.324
568.559
568.807
569.062
569.319
569.578
569.836
570.097
570.358
570.625
570.895
571.171
571.453
571.744
572.044
572.357
572.682
573.019
573.361
573.705
574.046
574.385
574.721
575.055
575.384
575.711
576.025
576.325
573.698
573.615
576.661
576.934
577.215
577.499
577.783
578.067
578.351
578.633
578.914
579.195
579.475
579.754
580.034
580.315
580.598
580.884
581.177
581.476
581.786
582.103
582.424
582.743
583.058
583.364
583.664
583.952
584.234
584.505
584.772
585.028
585.281
585.525
585.764
585.994
586.219
586.434
586.641
586.835
587.019
587.188
587.345
586.482
581.053
580.338
580.454
580.573
580.697
580.822
580.945
581.067
581.184
581.298
581.407
581.512
581.612
581.708
581.8
581.89
581.975
582.059
582.139
582.219
582.295
582.373
582.448
582.527
582.603
582.684
582.764
582.85
582.937
583.032
583.13
583.237
583.349
583.473
583.604
583.749
583.903
584.075
584.258
584.462
584.68
584.922
585.182
585.469
585.779
586.118
586.485
586.887
587.319
587.791
588.299
588.849
587.589
496.17
537.604
547.21
553.014
558.127
562.293
564.887
565.137
565.171
565.209
565.253
565.299
565.348
565.402
565.458
565.523
565.604
565.698
565.802
565.912
566.025
566.142
566.261
566.384
566.512
566.648
566.798
566.968
567.139
567.309
567.475
567.639
567.801
567.964
568.127
568.293
568.462
568.637
568.817
569.007
569.208
569.425
569.657
569.893
570.126
570.354
570.577
570.798
571.016
571.233
571.448
571.663
571.864
570.299
570.236
572.069
572.235
572.409
572.588
572.768
572.949
573.13
573.311
573.491
573.671
573.85
574.03
574.209
574.39
574.573
574.76
574.954
575.158
575.376
575.605
575.838
576.067
576.289
576.503
576.706
576.902
577.089
577.27
577.444
577.613
577.776
577.935
578.088
578.236
578.377
578.512
578.637
578.751
578.851
578.936
579
578.426
575.006
574.522
574.56
574.615
574.678
574.748
574.821
574.893
574.965
575.035
575.102
575.167
575.23
575.289
575.348
575.403
575.457
575.508
575.559
575.607
575.656
575.703
575.752
575.799
575.848
575.896
575.948
575.999
576.055
576.112
576.175
576.239
576.31
576.385
576.468
576.556
576.654
576.757
576.873
576.997
577.134
577.281
577.444
577.619
577.812
578.019
578.246
578.49
578.755
579.04
579.347
579.675
578.892
287.659
292.414
302.695
316.616
332.668
350.372
369.661
390.565
412.704
435.95
460.32
485.975
513.196
553.56
562.157
564.973
565.148
565.188
565.235
565.286
565.339
565.393
565.448
565.505
565.564
565.63
565.711
565.835
565.953
566.06
566.16
566.256
566.35
566.442
566.534
566.626
566.722
566.819
566.922
567.031
567.153
567.294
567.465
567.631
567.789
567.938
568.081
568.22
568.359
568.497
568.64
568.785
568.934
568.073
567.983
569.014
569.111
569.216
569.324
569.434
569.545
569.656
569.767
569.878
569.989
570.099
570.21
570.321
570.432
570.546
570.664
570.79
570.929
571.087
571.265
571.443
571.614
571.773
571.921
572.059
572.189
572.312
572.428
572.541
572.648
572.753
572.852
572.949
573.041
573.128
573.209
573.282
573.343
573.391
573.42
573.43
573.04
570.955
570.613
570.601
570.611
570.638
570.673
570.713
570.754
570.796
570.837
570.876
570.915
570.952
570.988
571.021
571.055
571.086
571.117
571.146
571.176
571.204
571.232
571.26
571.289
571.316
571.346
571.375
571.406
571.438
571.472
571.507
571.546
571.587
571.632
571.679
571.732
571.788
571.85
571.916
571.99
572.069
572.157
572.251
572.355
572.466
572.588
572.719
572.862
573.015
573.178
573.352
573.533
573.068
254.021
257.777
261.424
264.895
268.198
271.39
274.514
277.613
280.691
283.755
286.781
289.756
292.689
296.104
305.626
318.959
334.855
352.386
371.169
390.969
411.649
433.072
455.157
477.894
501.385
526.001
563.533
565.24
565.312
565.367
565.415
565.459
565.501
565.541
565.581
565.621
565.662
565.705
565.749
565.799
565.857
565.94
566.089
566.215
566.318
566.408
566.492
566.573
566.654
566.736
566.824
566.925
567.05
566.665
566.511
567.021
567.073
567.131
567.191
567.253
567.315
567.378
567.441
567.504
567.566
567.629
567.691
567.754
567.817
567.882
567.951
568.027
568.118
568.236
568.395
568.546
568.675
568.789
568.889
568.979
569.063
569.14
569.212
569.281
569.347
569.41
569.471
569.528
569.584
569.634
569.681
569.72
569.75
569.767
569.768
569.74
569.48
568.261
568.001
567.954
567.941
567.947
567.962
567.981
568.003
568.025
568.046
568.068
568.088
568.108
568.127
568.146
568.163
568.181
568.197
568.213
568.228
568.243
568.258
568.273
568.288
568.303
568.318
568.333
568.349
568.366
568.384
568.403
568.422
568.444
568.467
568.492
568.519
568.549
568.581
568.617
568.655
568.698
568.743
568.794
568.848
568.907
568.971
569.041
569.115
569.195
569.279
569.366
569.452
569.201
215.097
219.731
224.419
229.055
233.553
237.877
242.023
246.029
249.913
253.705
257.405
261.025
264.565
267.994
271.266
274.395
277.459
280.551
283.745
287.044
290.474
293.987
297.533
301.054
304.48
307.761
311.04
320.491
332.451
345.685
359.681
374.211
389.099
404.313
419.95
436.088
452.713
469.836
487.515
505.848
525.065
550.607
565.318
565.411
565.467
565.51
565.548
565.585
565.621
565.659
565.703
565.762
565.865
565.663
565.596
565.775
565.798
565.823
565.849
565.877
565.905
565.932
565.96
565.988
566.016
566.044
566.071
566.099
566.127
566.156
566.187
566.223
566.272
566.355
566.543
566.683
566.782
566.857
566.92
566.973
567.021
567.065
567.106
567.145
567.182
567.217
567.25
567.282
567.312
567.339
567.363
567.383
567.395
567.399
567.385
567.349
567.173
566.508
566.263
566.205
566.188
566.186
566.191
566.199
566.207
566.216
566.226
566.235
566.243
566.252
566.26
566.267
566.275
566.282
566.288
566.295
566.301
566.307
566.313
566.319
566.325
566.331
566.337
566.343
566.349
566.356
566.363
566.37
566.378
566.386
566.396
566.405
566.416
566.428
566.441
566.455
566.471
566.488
566.506
566.527
566.549
566.573
566.599
566.627
566.657
566.689
566.722
566.755
566.785
566.675
176.956
181.965
187.115
192.395
197.735
203.027
208.194
213.232
218.134
222.921
227.586
232.138
236.577
240.892
245.019
248.908
252.561
256.045
259.455
262.808
266.181
269.55
272.894
276.189
279.379
282.447
285.378
288.161
290.817
293.401
295.948
298.53
301.127
303.694
306.163
308.627
311.081
313.541
316.02
318.513
321.009
323.528
329.014
338.103
348.651
359.941
371.694
383.798
396.23
409.099
422.849
438.833
460.008
351.743
397.274
404.123
411.985
420.76
430.044
439.549
449.095
458.571
467.91
477.071
486.03
494.773
503.29
511.578
519.635
527.467
535.083
542.51
549.803
557.959
565.446
565.573
565.635
565.674
565.703
565.728
565.749
565.768
565.786
565.803
565.819
565.834
565.849
565.862
565.875
565.887
565.897
565.905
565.909
565.908
565.898
565.869
565.771
565.453
516.535
509.957
508.409
508.946
510.483
512.47
514.623
516.779
518.851
520.793
522.58
524.206
525.661
526.954
528.071
529.021
529.788
530.38
530.788
531.02
531.083
530.991
530.761
530.403
529.937
529.36
528.693
527.92
527.117
526.252
525.416
524.643
524.012
523.529
523.24
523.149
523.222
523.616
524.212
525.335
526.73
528.719
531.133
534.082
537.545
541.405
545.692
549.796
553.45
555.023
552.06
539.545
145.302
149.851
154.648
159.805
165.275
170.876
176.479
182.076
187.64
193.161
198.602
203.957
209.205
214.336
219.302
224.045
228.522
232.757
236.831
240.752
244.623
248.43
252.172
255.843
259.387
262.801
266.055
269.117
271.966
274.637
277.162
279.625
282.036
284.406
286.685
288.888
291.027
293.121
295.182
297.211
299.209
301.185
303.156
305.144
307.155
309.184
311.218
313.256
315.307
317.379
319.488
321.695
324.48
322.777
324.574
326.504
328.242
329.887
331.472
333.006
334.489
335.915
337.282
338.587
339.828
341.004
342.113
343.155
344.127
345.031
345.865
346.634
347.339
347.984
349.102
351.622
354.573
357.628
360.67
363.649
366.549
369.363
372.092
374.736
377.3
379.785
382.189
384.507
386.728
388.818
390.708
392.281
393.32
393.443
391.929
387.401
377.503
345.074
343.436
342.971
342.651
342.399
342.178
341.96
341.739
341.51
341.273
341.031
340.784
340.537
340.291
340.05
339.807
339.562
339.303
339.029
338.728
338.395
338.027
337.623
337.187
336.717
336.219
335.683
335.109
334.473
333.819
333.112
332.374
331.604
330.841
330.067
329.303
328.522
327.671
326.836
325.891
325.059
324.106
323.255
322.337
321.442
320.547
319.625
318.785
317.779
316.813
315.56
314.181
313.02
620.109
592.521
608.714
609.639
610.494
611.293
612.031
612.716
613.353
613.939
614.485
614.983
615.448
615.867
616.261
616.609
616.938
617.222
617.492
617.719
617.936
618.111
618.281
618.409
618.536
618.622
618.71
618.759
618.812
618.828
618.849
618.835
618.829
618.789
618.758
618.695
618.642
618.56
618.488
618.39
618.302
618.189
618.089
617.965
617.854
617.723
617.604
617.467
617.343
617.204
617.078
616.939
616.813
616.676
616.553
616.421
616.304
616.179
616.071
615.955
615.859
615.757
615.675
615.588
615.525
615.458
615.415
615.371
615.355
615.337
615.35
615.363
615.409
615.457
615.542
615.63
615.758
615.892
616.07
616.256
616.491
616.738
617.04
617.359
617.737
618.139
618.608
619.108
619.683
620.298
620.997
621.747
622.592
623.502
624.518
625.619
626.839
628.165
629.638
606.908
622.527
595.729
606.857
607.745
608.57
609.33
610.04
610.697
611.305
611.871
612.389
612.874
613.313
613.724
614.092
614.438
614.741
615.028
615.273
615.507
615.699
615.885
616.03
616.173
616.276
616.378
616.443
616.511
616.541
616.577
616.577
616.585
616.558
616.54
616.49
616.449
616.379
616.319
616.231
616.154
616.051
615.96
615.846
615.743
615.62
615.509
615.379
615.262
615.128
615.008
614.873
614.751
614.617
614.497
614.366
614.25
614.126
614.017
613.9
613.801
613.696
613.609
613.518
613.447
613.373
613.322
613.268
613.24
613.21
613.207
613.205
613.233
613.263
613.326
613.391
613.494
613.6
613.748
613.902
614.101
614.311
614.569
614.842
615.17
615.518
615.927
616.362
616.865
617.402
618.016
618.673
619.416
620.215
621.11
622.076
623.149
624.314
625.602
626.998
612.197
603.156
585.227
592.486
593.069
593.602
594.103
594.564
594.992
595.391
595.757
596.099
596.411
596.702
596.965
597.212
597.43
597.637
597.815
597.985
598.128
598.264
598.374
598.481
598.562
598.642
598.696
598.752
598.782
598.816
598.825
598.839
598.83
598.826
598.8
598.78
598.74
598.706
598.654
598.608
598.545
598.489
598.417
598.353
598.275
598.204
598.12
598.044
597.957
597.878
597.789
597.709
597.62
597.539
597.452
597.373
597.289
597.214
597.134
597.065
596.992
596.93
596.865
596.813
596.758
596.717
596.675
596.648
596.621
596.61
596.599
596.608
596.617
596.647
596.678
596.732
596.789
596.871
596.957
597.072
597.192
597.343
597.502
597.695
597.9
598.143
598.4
598.701
599.021
599.389
599.782
600.228
600.706
601.244
601.822
602.467
603.163
603.932
604.767
605.687
596.057
590.158
578.129
582.809
583.181
583.53
583.851
584.149
584.426
584.681
584.919
585.137
585.341
585.526
585.7
585.855
586.001
586.128
586.249
586.353
586.451
586.533
586.611
586.672
586.732
586.775
586.818
586.845
586.874
586.886
586.9
586.9
586.902
586.89
586.881
586.859
586.841
586.81
586.783
586.745
586.711
586.666
586.626
586.576
586.531
586.477
586.429
586.372
586.321
586.262
586.21
586.151
586.097
586.039
585.986
585.929
585.879
585.824
585.776
585.726
585.682
585.636
585.598
585.559
585.528
585.496
585.473
585.45
585.437
585.424
585.423
585.423
585.435
585.448
585.475
585.504
585.549
585.596
585.66
585.727
585.814
585.905
586.018
586.137
586.28
586.432
586.61
586.799
587.018
587.252
587.518
587.803
588.124
588.469
588.855
589.269
589.729
590.224
590.769
591.36
585.172
581.39
573.333
576.28
576.518
576.737
576.941
577.129
577.304
577.466
577.615
577.755
577.882
578.001
578.108
578.209
578.298
578.382
578.455
578.524
578.582
578.637
578.682
578.725
578.758
578.79
578.811
578.833
578.845
578.858
578.861
578.865
578.861
578.858
578.846
578.836
578.818
578.803
578.78
578.76
578.732
578.708
578.676
578.648
578.614
578.583
578.546
578.513
578.476
578.441
578.403
578.368
578.329
578.295
578.257
578.223
578.186
578.154
578.119
578.089
578.057
578.03
578.002
577.979
577.955
577.938
577.919
577.908
577.896
577.891
577.886
577.89
577.893
577.906
577.919
577.942
577.967
578.002
578.038
578.087
578.138
578.203
578.27
578.353
578.44
578.544
578.654
578.782
578.919
579.076
579.243
579.432
579.635
579.863
580.107
580.378
580.669
580.99
581.335
581.713
577.813
575.463
570.098
571.888
572.033
572.167
572.292
572.407
572.514
572.612
572.704
572.789
572.867
572.938
573.005
573.065
573.121
573.17
573.217
573.256
573.294
573.325
573.355
573.378
573.401
573.417
573.433
573.442
573.452
573.456
573.461
573.459
573.459
573.453
573.448
573.438
573.429
573.416
573.404
573.387
573.372
573.353
573.336
573.315
573.295
573.272
573.252
573.228
573.206
573.181
573.159
573.134
573.111
573.087
573.065
573.041
573.019
572.996
572.976
572.954
572.936
572.916
572.9
572.883
572.87
572.857
572.847
572.837
572.832
572.826
572.825
572.825
572.829
572.835
572.846
572.857
572.875
572.895
572.921
572.948
572.984
573.021
573.067
573.116
573.174
573.237
573.309
573.387
573.477
573.572
573.681
573.797
573.928
574.068
574.224
574.391
574.576
574.773
574.99
575.221
572.854
571.458
567.936
568.952
569.036
569.115
569.186
569.253
569.315
569.372
569.425
569.474
569.518
569.56
569.598
569.633
569.664
569.693
569.719
569.743
569.762
569.782
569.797
569.811
569.822
569.833
569.84
569.847
569.85
569.853
569.853
569.854
569.851
569.849
569.843
569.839
569.831
569.824
569.814
569.806
569.794
569.784
569.771
569.76
569.746
569.733
569.719
569.705
569.69
569.676
569.661
569.647
569.632
569.618
569.603
569.589
569.575
569.562
569.548
569.536
569.523
569.512
569.501
569.492
569.482
569.475
569.468
569.463
569.458
569.456
569.454
569.455
569.456
569.46
569.465
569.474
569.483
569.496
569.51
569.529
569.548
569.572
569.598
569.629
569.662
569.702
569.744
569.792
569.844
569.904
569.967
570.039
570.116
570.201
570.293
570.395
570.503
570.621
570.747
570.884
569.534
568.765
566.513
567.024
567.067
567.108
567.146
567.18
567.212
567.242
567.269
567.294
567.318
567.339
567.359
567.376
567.393
567.407
567.42
567.432
567.442
567.451
567.459
567.466
567.472
567.476
567.48
567.482
567.484
567.484
567.485
567.484
567.483
567.48
567.477
567.473
567.47
567.464
567.46
567.453
567.448
567.441
567.434
567.426
567.419
567.411
567.404
567.395
567.387
567.379
567.371
567.362
567.354
567.345
567.338
567.329
567.322
567.314
567.306
567.299
567.292
567.285
567.279
567.273
567.269
567.264
567.26
567.257
567.255
567.253
567.252
567.252
567.253
567.255
567.258
567.262
567.268
567.274
567.283
567.292
567.303
567.315
567.331
567.347
567.366
567.386
567.41
567.436
567.466
567.497
567.533
567.571
567.614
567.66
567.71
567.764
567.824
567.887
567.955
568.027
567.346
566.967
565.612
565.799
565.817
565.833
565.848
565.862
565.875
565.887
565.898
565.908
565.917
565.925
565.933
565.94
565.946
565.952
565.956
565.961
565.965
565.968
565.971
565.973
565.975
565.977
565.978
565.978
565.979
565.979
565.978
565.978
565.976
565.975
565.973
565.972
565.969
565.967
565.965
565.962
565.959
565.956
565.953
565.95
565.946
565.943
565.939
565.935
565.931
565.928
565.924
565.92
565.916
565.913
565.909
565.906
565.902
565.899
565.895
565.892
565.889
565.886
565.883
565.881
565.878
565.876
565.875
565.873
565.872
565.871
565.871
565.871
565.871
565.872
565.873
565.875
565.877
565.88
565.884
565.888
565.892
565.898
565.904
565.911
565.919
565.928
565.938
565.95
565.962
565.976
565.99
566.007
566.025
566.045
566.066
566.089
566.113
566.14
566.168
566.197
565.943
565.799
445.698
450.371
453.388
456.63
459.703
462.443
464.925
467.002
468.823
470.238
471.369
472.183
472.672
472.906
472.855
472.573
472.044
471.323
470.434
469.387
468.219
466.934
465.554
464.051
462.511
460.804
459.161
457.255
455.495
453.468
451.514
449.472
447.377
445.389
443.206
441.259
439.024
437.025
434.753
432.612
430.341
428.05
425.808
423.505
421.381
419.237
417.324
415.451
413.694
411.966
410.131
408.391
406.581
404.756
403.098
401.244
399.553
397.788
396.136
394.477
392.967
391.514
390.257
389.129
388.193
387.248
386.437
385.541
384.864
384.22
383.678
383.486
383.416
383.615
384.032
384.612
385.445
386.454
387.808
389.327
391.212
393.308
395.888
398.57
401.561
404.624
408.063
411.734
415.951
420.697
426.086
432.234
438.981
445.445
452.695
459.172
467.513
474.174
481.481
397.88
323.309
323.659
322.78
321.981
321.229
320.466
319.773
319.047
318.397
317.695
317.028
316.353
315.657
314.978
314.281
313.595
312.892
312.204
311.53
310.87
310.236
309.628
309.046
308.468
307.942
307.372
306.912
306.333
305.907
305.344
304.878
304.381
303.89
303.488
302.983
302.653
302.141
301.809
301.296
300.896
300.407
299.916
299.458
298.95
298.556
298.122
297.826
297.544
297.331
297.131
296.82
296.573
296.269
295.933
295.726
295.342
295.067
294.7
294.38
294.007
293.691
293.346
293.082
292.852
292.718
292.513
292.363
292.074
291.908
291.679
291.44
291.369
291.263
291.242
291.254
291.25
291.291
291.306
291.412
291.467
291.615
291.739
292.045
292.225
292.437
292.489
292.598
292.602
292.691
292.801
292.978
293.355
293.792
293.689
293.863
293.228
293.729
292.988
293.202
306.683
303.245
303.124
302.254
301.358
300.493
299.619
298.824
298.014
297.296
296.544
295.84
295.134
294.419
293.726
293.025
292.344
291.657
290.996
290.358
289.744
289.156
288.601
288.071
287.551
287.084
286.584
286.191
285.695
285.342
284.866
284.481
284.064
283.659
283.327
282.906
282.634
282.196
281.92
281.477
281.139
280.715
280.291
279.895
279.45
279.111
278.729
278.475
278.25
278.101
277.973
277.718
277.531
277.29
277.014
276.876
276.556
276.342
276.033
275.76
275.424
275.135
274.803
274.55
274.335
274.224
274.04
273.916
273.644
273.507
273.3
273.087
273.039
272.947
272.937
272.953
272.947
272.974
272.967
273.037
273.049
273.14
273.209
273.458
273.578
273.726
273.71
273.755
273.687
273.685
273.68
273.706
273.942
274.219
273.955
273.963
273.194
273.55
272.678
272.804
208.39
198.922
187.88
190.985
187.233
190.375
190.371
192.33
193.867
195.748
197.768
199.769
201.81
204.137
206.308
208.596
210.866
212.989
215.043
216.786
218.512
220.289
222.189
224.116
226.091
228.123
230.086
231.962
233.657
235.19
236.545
237.839
239.019
240.085
241.067
241.97
242.832
243.683
244.578
245.433
246.4
247.279
248.111
248.868
249.487
250.043
250.509
250.874
251.154
251.107
194.037
185.498
174.954
176.913
172.834
175.429
175.37
177.269
178.851
180.766
182.818
184.841
186.921
189.291
191.519
193.851
196.165
198.334
200.413
202.179
203.917
205.71
207.63
209.577
211.58
213.654
215.653
217.562
219.286
220.812
222.158
223.448
224.633
225.707
226.694
227.592
228.445
229.28
230.152
230.989
231.94
232.809
233.637
234.39
235.003
235.546
235.991
236.325
236.556
236.491
179.803
172.69
163.121
164.172
159.955
161.801
161.604
163.295
164.804
166.634
168.608
170.565
172.61
174.952
177.174
179.492
181.809
183.995
186.08
187.859
189.601
191.402
193.337
195.305
197.343
199.468
201.512
203.465
205.229
206.754
208.095
209.384
210.582
211.672
212.672
213.573
214.424
215.248
216.102
216.922
217.856
218.714
219.54
220.289
220.899
221.43
221.856
222.161
222.349
222.261
165.788
160.568
152.37
152.969
148.93
150.037
149.685
151.042
152.351
153.968
155.734
157.507
159.401
161.585
163.687
165.879
168.104
170.229
172.252
173.995
175.699
177.468
179.38
181.337
183.388
185.543
187.613
189.597
191.395
192.919
194.253
195.539
196.751
197.861
198.879
199.789
200.643
201.459
202.297
203.102
204.019
204.867
205.69
206.437
207.045
207.568
207.978
208.257
208.405
208.292
152.347
149.266
142.752
143.274
139.763
140.318
139.882
140.866
141.924
143.267
144.746
146.243
147.874
149.773
151.643
153.593
155.612
157.566
159.425
161.051
162.647
164.311
166.126
168.003
169.998
172.114
174.146
176.107
177.9
179.4
180.706
181.972
183.184
184.302
185.329
186.243
187.094
187.901
188.719
189.506
190.399
191.231
192.046
192.789
193.393
193.907
194.301
194.557
194.667
194.527
140.385
139.118
134.639
135.17
132.438
132.67
132.236
132.922
133.738
134.791
135.94
137.093
138.362
139.891
141.48
143.125
144.853
146.535
148.134
149.572
150.989
152.475
154.113
155.824
157.664
159.637
161.535
163.382
165.096
166.523
167.762
168.968
170.139
171.231
172.237
173.129
173.957
174.738
175.524
176.278
177.131
177.931
178.722
179.446
180.036
180.534
180.907
181.136
181.208
181.037
130.497
129.266
120.625
121.968
115.767
115.991
114.836
116.411
118.374
120.884
123.606
126.306
129.352
132.155
133.44
134.747
136.125
137.453
138.711
139.924
141.129
142.398
143.802
145.277
146.869
148.608
150.29
151.938
153.49
154.782
155.904
156.999
158.075
159.088
160.026
160.857
161.631
162.358
163.087
163.789
164.575
165.316
166.054
166.733
167.29
167.755
168.098
168.292
168.323
168.117
111.689
110.625
104.09
105.017
100.113
100.107
99.1827
100.512
102.293
104.511
106.869
109.137
111.689
114.71
117.794
120.913
124.263
127.493
130.555
132.314
133.288
134.314
135.445
136.628
137.892
139.343
140.777
142.183
143.516
144.625
145.588
146.524
147.457
148.349
149.176
149.913
150.6
151.248
151.898
152.525
153.22
153.876
154.53
155.136
155.635
156.049
156.347
156.501
156.487
156.244
96.8759
95.2171
88.6635
89.2904
85.1128
85.0348
84.416
85.615
87.3382
89.5218
91.8792
94.1277
96.67
99.5207
102.251
104.956
107.842
110.57
113.05
115.377
117.685
120.166
122.927
125.841
128.971
132.017
133.194
134.337
135.412
136.302
137.069
137.805
138.562
139.316
140.016
140.64
141.224
141.779
142.337
142.877
143.465
144.019
144.57
145.08
145.502
145.849
146.091
146.199
146.142
145.87
82.3636
80.1907
73.6829
73.9972
70.5963
70.5726
70.3605
71.5944
73.2426
75.2993
77.5569
79.7564
82.3014
85.1362
87.8525
90.541
93.3953
96.0766
98.4498
100.467
102.429
104.566
106.932
109.417
112.074
115.063
117.953
120.768
123.416
125.615
127.507
129.306
131.205
132.15
132.717
133.221
133.694
134.146
134.601
135.044
135.515
135.955
136.388
136.785
137.113
137.378
137.555
137.616
137.529
137.249
68.1756
65.4067
59.0302
59.0471
56.4892
56.6178
56.8702
58.2954
60.0328
62.0152
64.0668
66.0988
68.5701
71.3453
74.0353
76.7218
79.5622
82.2203
84.5524
86.4772
88.333
90.4036
92.7059
95.1383
97.7618
100.555
103.129
105.613
107.904
109.782
111.365
112.828
114.292
115.754
117.108
118.317
119.46
120.571
121.7
122.816
123.98
125.057
126.099
127.05
127.833
128.453
128.845
128.925
128.591
127.733
54.248
50.5821
44.5153
44.3399
42.7008
43.0876
43.8519
45.5587
47.5216
49.6327
51.5591
53.4256
55.6976
58.2942
60.8922
63.5321
66.3173
68.9227
71.2097
73.0529
74.8027
76.8118
79.0736
81.4881
84.1129
86.9031
89.4569
91.9272
94.1749
96.0087
97.5378
98.9115
100.217
101.466
102.616
103.642
104.618
105.575
106.556
107.533
108.531
109.436
110.286
111.048
111.67
112.155
112.449
112.476
112.143
111.36
40.3547
35.2402
29.9154
29.825
29.1163
29.8446
31.1407
33.2506
35.5185
37.9392
39.9126
41.8163
43.9012
46.2343
48.6361
51.1527
53.8052
56.3055
58.5215
60.2704
61.8922
63.8076
66.0087
68.3986
71.0068
73.7919
76.345
78.8258
81.0476
82.8563
84.3648
85.686
86.9058
88.0701
89.1417
90.1026
91.0248
91.9412
92.8945
93.8607
94.838
95.7097
96.503
97.1998
97.7638
98.1985
98.4566
98.4664
98.1367
97.3884
25.8791
19.2512
14.9861
15.3459
15.5328
16.7081
18.5044
21.0871
23.7506
26.7888
28.8701
30.991
33.1608
35.2882
37.4721
39.8361
42.2661
44.5551
46.6684
48.3045
49.7753
51.551
53.6523
55.993
58.5467
61.2866
63.8231
66.2931
68.4706
70.2357
71.7239
73.0078
74.1534
75.2412
76.2377
77.1319
77.9969
78.8701
79.7966
80.7586
81.7334
82.5983
83.359
84.0062
84.5197
84.9091
85.1344
85.131
84.8143
84.1127
10.259
4.1904
1.58263
2.08784
2.81606
4.40435
6.63534
9.19222
12.137
15.788
18.3032
20.5511
23.1651
25.3258
27.3297
29.643
31.9095
33.8919
35.8723
37.4049
38.7128
40.2731
42.2177
44.4674
46.9117
49.5394
52.0255
54.4433
56.5515
58.2446
59.6948
60.9464
62.0226
63.0344
63.9535
64.7719
65.5656
66.378
67.2579
68.1972
69.1612
70.0276
70.7708
71.3798
71.8485
72.1948
72.3889
72.3794
72.0932
71.4634
0
0
0
0
0
0
0
0
0.347854
4.22338
8.3189
10.3905
13.1611
16.1061
17.8735
20.2194
22.7028
24.3306
26.1605
27.7257
28.9281
30.2114
31.9483
34.0563
36.3301
38.771
41.1231
43.4435
45.455
47.0453
48.4241
49.6331
50.6409
51.5766
52.4216
53.1631
53.879
54.6166
55.4265
56.3127
57.239
58.0983
58.831
59.4135
59.8481
60.1595
60.3299
60.3284
60.1
59.5795
0
0
0
0
0
0
0
0
0
0
0
1.84503e-09
1.95273
6.61241
8.83463
11.1101
14.0898
15.6211
17.188
19.037
20.3901
21.3916
22.8434
24.7935
26.9157
29.1919
31.3025
33.4777
35.3836
36.8551
38.0994
39.2325
40.1793
41.0433
41.8173
42.4844
43.1229
43.7798
44.5026
45.3061
46.1613
46.9868
47.7013
48.2643
48.6783
48.9695
49.1316
49.1576
49.0149
48.6443
0
0
0
0
0
0
0
0
0
0
0
0
0
0
0
0.294216
4.01614
6.90103
8.52566
10.63
12.4782
13.4677
14.5603
16.3654
18.423
20.7824
22.5646
24.5356
26.4218
27.8162
28.8618
29.8855
30.7987
31.6237
32.3524
32.9574
33.5163
34.085
34.7073
35.4046
36.1577
36.9083
37.5784
38.1176
38.521
38.8079
38.9808
39.0495
39.0003
38.7939
0
0
0
0
0
0
0
0
0
0
0
0
0
0
0
0
0
0
0
0.18027
2.25848
4.1501
5.95172
8.10068
10.4077
12.9395
14.6323
16.3182
18.3096
19.8476
20.643
21.4767
22.3749
23.2541
24.0298
24.6174
25.1037
25.5812
26.0991
26.6801
27.3123
27.9553
28.5532
29.0559
29.4474
29.7307
29.9149
30.0159
30.0345
29.9592
0
0
0
0
0
0
0
0
0
0
0
0
0
0
0
0
0
0
0
0
0
0
0
0
0.196716
3.43761
6.4586
8.46916
10.3816
12.4505
13.1422
13.6493
14.3583
15.3258
16.3733
17.1174
17.5977
18.0179
18.4575
18.9389
19.448
19.9603
20.4452
20.8695
21.2162
21.4669
21.6342
21.7321
21.776
21.7747
0
0
0
0
0
0
0
0
0
0
0
0
0
0
0
0
0
0
0
0
0
0
0
0
0
0
0
0
0.502255
3.25323
4.63473
5.56588
6.35326
7.12794
8.19221
9.7084
10.3706
10.8189
11.2389
11.6885
12.1401
12.5638
12.9219
13.1963
13.4106
13.5535
13.6449
13.6914
13.715
13.7309
0
0
0
0
0
0
0
0
0
0
0
0
0
0
0
0
0
0
0
0
0
0
0
0
0
0
0
0
0
0
0
0
0
0
0
0.14919
0.788865
1.42944
2.07731
2.78066
3.49601
4.16163
4.7231
5.13647
5.41631
5.57474
5.65585
5.68926
5.70134
5.70643
0
0
0
0
0
0
0
0
0
0
0
0
0
0
0
0
0
0
0
0
0
0
0
0
0
0
0
0
0
0
0
0
0
0
0
0
0
0
0
0
0
0
0
0
0
0
0
0
0
0
0
0
0
0
0
0
0
0
0
0
0
0
0
0
0
0
0
0
0
0
0
0
0
0
0
0
0
0
0
0
0
0
0
0
0
0
0
0
0
0
0
0
0
0
0
0
0
0
0
0
0
0
0
0
0
0
0
0
0
0
0
0
0
0
0
0
0
0
0
0
0
0
0
0
0
0
0
0
0
0
0
0
0
0
0
0
0
0
0
0
0
0
0
0
0
0
0
0
0
0
0
0
0
0
0
0
0
0
0
0
0
0
0
0
0
0
0
0
0
0
0
0
0
0
0
0
0
0
0
0
0
0
0
0
0
0
0
0
0
0
0
0
0
0
0
0
0
0
0
0
0
0
0
0
0
0
0
0
0
0
0
0
0
0
0
0
0
0
0
0
0
0
0
0
0
0
0
0
0
0
0
0
0
0
0
0
0
0
0
0
0
0
0
0
0
0
0
0
0
0
0
0
0
0
0
0
0
0
0
0
0
0
0
0
0
0
0
0
0
0
0
0
0
0
0
0
0
0
0
0
0
0
0
0
0
0
0
0
0
0
0
0
0
0
0
0
0
0
0
0
0
0
0
0
0
0
0
0
0
0
0
0
0
0
0
0
0
0
0
0
0
0
0
0
0
0
0
0
0
0
0
0
0
0
0
0
0
0
0
0
0
0
0
0
0
0
0
0
0
0
0
0
0
0
0
0
0
0
0
0
0
0
0
0
0
0
0
0
0
0
0
0
0
0
0
0
0
0
0
0
0
0
0
0
0
0
0
0
0
0
0
0
0
0
0
0
0
0
0
0
252.107
251.179
250.346
249.307
247.922
246.5
244.836
243.136
241.268
239.342
237.401
235.318
233.304
231.187
228.925
226.696
224.285
221.833
219.267
216.613
213.889
211.057
208.161
205.257
202.314
199.32
196.245
193.008
189.464
185.504
181.06
176.163
170.644
164.52
157.684
150.338
143.26
136.562
127.905
111.959
99.2312
89.2526
79.788
72.7393
67.8394
61.5034
55.886
51.6214
49.3267
45.3207
237.285
236.417
235.624
234.644
233.335
231.975
230.376
228.729
226.917
225.034
223.123
221.061
219.057
216.943
214.679
212.442
210.008
207.526
204.924
202.227
199.463
196.583
193.637
190.691
187.716
184.675
181.449
177.87
173.898
169.477
164.461
158.911
152.609
145.779
138.777
131.717
113.429
99.3935
88.7413
79.2544
71.3369
65.4654
57.954
51.8693
48.5283
40.6709
33.3601
28.5733
24.6448
12.9627
222.875
222.056
221.301
220.375
219.135
217.83
216.29
214.69
212.928
211.082
209.19
207.136
205.129
203.003
200.727
198.472
196.007
193.487
190.846
188.108
185.314
182.406
179.437
176.484
173.499
170.375
166.927
163.023
158.687
153.814
148.223
142.203
135.773
123.861
106.837
92.8688
82.6008
73.3808
66.4444
58.4077
51.2749
47.4006
36.0594
28.2759
21.8623
11.2354
7.11576
4.64203
2.12846
0
208.748
207.971
207.252
206.376
205.2
203.945
202.458
200.901
199.186
197.373
195.495
193.444
191.426
189.286
187.002
184.737
182.258
179.724
177.076
174.337
171.566
168.698
165.785
162.89
159.907
156.687
153.063
148.909
144.257
139.157
133.507
119.583
104.051
90.7461
80.1024
70.3491
62.9868
53.9931
47.7369
37.5377
27.7564
16.0811
9.6571
5.74806
3.00048
0
0
0
0
0
194.841
194.101
193.418
192.591
191.478
190.273
188.841
187.332
185.668
183.896
182.042
180.011
177.999
175.871
173.615
171.385
168.952
166.478
163.905
161.255
158.606
155.89
153.141
150.361
147.398
144.126
140.421
136.267
131.665
116.999
103.166
91.0872
80.2067
70.2238
61.6182
51.9047
45.1064
33.5291
26.2627
8.76838
4.06774
0
0
0
0
0
0
0
0
0
181.221
180.514
179.87
179.097
178.055
176.913
175.551
174.109
172.519
170.817
169.025
167.064
165.116
163.064
160.913
158.796
156.513
154.217
151.838
149.396
146.98
144.529
142.033
139.41
136.585
133.469
126.12
114.694
103.436
92.6844
81.8618
72.1455
62.4417
52.5276
44.3202
31.5123
24.3948
7.44483
3.07615
0
0
0
0
0
0
0
0
0
0
0
168.18
167.504
166.908
166.201
165.248
164.191
162.931
161.59
160.112
158.528
156.86
155.05
153.251
151.37
149.417
147.506
145.478
143.486
141.418
139.286
137.225
135.163
133.016
128.378
120.522
112.377
103.529
94.1703
84.6824
75.2355
64.7866
55.1997
45.3459
32.3435
20.5582
5.8478
0.75833
0
0
0
0
0
0
0
0
0
0
0
0
0
156.2
155.558
155.018
154.391
153.551
152.608
151.485
150.284
148.96
147.542
146.058
144.485
142.927
141.305
139.63
138.003
136.341
134.766
133.117
130.723
125.518
120.399
114.987
108.985
102.43
95.3248
87.2371
78.0908
68.5205
59.0079
48.0005
36.6947
24.1414
5.36055
0
0
0
0
0
0
0
0
0
0
0
0
0
0
0
0
145.738
145.141
144.67
144.138
143.431
142.627
141.671
140.64
139.503
138.289
137.053
135.799
134.566
133.277
131.944
128.369
124.354
120.693
116.883
112.896
108.989
104.781
99.9394
94.3496
87.9172
80.6987
72.2675
62.6768
52.617
42.6786
27.2994
5.91259
0.0764054
0
0
0
0
0
0
0
0
0
0
0
0
0
0
0
0
0
137.062
136.539
136.156
135.737
135.186
134.552
133.793
132.967
132.045
129.68
126.604
123.621
120.725
117.736
114.7
111.692
108.622
105.685
102.571
99.217
95.7019
91.6187
86.6771
80.8562
74.082
66.4487
57.4935
47.1413
34.046
19.0211
3.52627
0
0
0
0
0
0
0
0
0
0
0
0
0
0
0
0
0
0
0
127.048
125.666
124.74
123.772
122.512
121.045
119.293
117.369
115.219
112.91
110.57
108.205
105.831
103.364
100.855
98.27
95.5109
92.8358
89.9747
86.7537
83.2474
79.0451
73.8839
67.7358
60.5142
52.3292
42.3185
27.0931
5.13974
0
0
0
0
0
0
0
0
0
0
0
0
0
0
0
0
0
0
0
0
0
110.65
109.513
108.803
108.08
107.13
105.99
104.601
103.036
101.255
99.2998
97.2373
95.0712
92.8372
90.5155
88.1804
85.7527
83.2101
80.8123
78.1078
74.8775
71.2601
66.869
61.4217
54.8233
46.786
36.399
21.64
3.4692
0
0
0
0
0
0
0
0
0
0
0
0
0
0
0
0
0
0
0
0
0
0
96.6442
95.6371
95.0435
94.4482
93.6471
92.6553
91.4172
89.9916
88.3517
86.546
84.6377
82.6192
80.5006
78.3125
76.1613
73.9503
71.6716
69.473
66.7691
63.4288
59.6366
54.9956
49.0909
41.3289
28.8316
7.70375
0.109134
0
0
0
0
0
0
0
0
0
0
0
0
0
0
0
0
0
0
0
0
0
0
0
83.3641
82.4806
81.9887
81.5017
80.8263
79.9575
78.8436
77.5344
76.0226
74.3611
72.6077
70.7448
68.7693
66.7638
64.8807
62.9374
60.836
58.6457
55.8268
52.3156
48.2589
43.1073
35.7237
22.6421
3.70483
0
0
0
0
0
0
0
0
0
0
0
0
0
0
0
0
0
0
0
0
0
0
0
0
0
70.7495
69.9909
69.5892
69.1945
68.6284
67.8677
66.868
65.6744
64.3026
62.8033
61.2214
59.5419
57.7797
56.0163
54.4018
52.6106
50.502
48.1873
45.1836
41.3634
36.5785
29.3314
16.9389
2.4747
0
0
0
0
0
0
0
0
0
0
0
0
0
0
0
0
0
0
0
0
0
0
0
0
0
0
58.9513
58.3248
58.0027
57.6826
57.207
56.5368
55.6404
54.5646
53.3432
52.0296
50.6496
49.1903
47.6661
46.0858
44.5804
42.7708
40.519
37.991
34.6156
29.7496
21.8835
8.59595
0.321464
0
0
0
0
0
0
0
0
0
0
0
0
0
0
0
0
0
0
0
0
0
0
0
0
0
0
0
48.1613
47.6867
47.4465
47.1922
46.7888
46.193
45.3882
44.4293
43.3528
42.2125
41.0251
39.7539
38.3681
36.7798
35.2246
33.3092
30.7473
27.7779
23.3367
14.9349
3.20839
0
0
0
0
0
0
0
0
0
0
0
0
0
0
0
0
0
0
0
0
0
0
0
0
0
0
0
0
0
38.4867
38.1695
38.0017
37.7959
37.4406
36.9018
36.1768
35.3277
34.3735
33.341
32.262
31.0716
29.6863
27.8954
26.2455
24.1078
20.8229
16.3964
10.3714
1.37107
0
0
0
0
0
0
0
0
0
0
0
0
0
0
0
0
0
0
0
0
0
0
0
0
0
0
0
0
0
0
29.802
29.609
29.4757
29.2813
28.9421
28.4409
27.7894
27.0505
26.1987
25.1989
24.148
22.9569
21.418
19.2022
17.6195
14.421
10.7682
3.08745
0
0
0
0
0
0
0
0
0
0
0
0
0
0
0
0
0
0
0
0
0
0
0
0
0
0
0
0
0
0
0
0
21.7133
21.5941
21.4613
21.2524
20.9221
20.4812
19.9526
19.3633
18.5803
17.5055
16.4275
15.0842
13.0214
10.6354
8.94093
3.32133
0.222866
0
0
0
0
0
0
0
0
0
0
0
0
0
0
0
0
0
0
0
0
0
0
0
0
0
0
0
0
0
0
0
0
0
13.7104
13.6229
13.4906
13.3071
13.0736
12.805
12.4762
11.9945
11.0242
9.91612
8.284
6.37219
3.37238
0.637652
0
0
0
0
0
0
0
0
0
0
0
0
0
0
0
0
0
0
0
0
0
0
0
0
0
0
0
0
0
0
0
0
0
0
0
0
5.69429
5.62752
5.4995
5.27911
4.9435
4.48403
3.87286
2.98442
1.48769
0.191178
0
0
0
0
0
0
0
0
0
0
0
0
0
0
0
0
0
0
0
0
0
0
0
0
0
0
0
0
0
0
0
0
0
0
0
0
0
0
0
0
0
0
0
0
0
0
0
0
0
0
0
0
0
0
0
0
0
0
0
0
0
0
0
0
0
0
0
0
0
0
0
0
0
0
0
0
0
0
0
0
0
0
0
0
0
0
0
0
0
0
0
0
0
0
0
0
0
0
0
0
0
0
0
0
0
0
0
0
0
0
0
0
0
0
0
0
0
0
0
0
0
0
0
0
0
0
0
0
0
0
0
0
0
0
0
0
0
0
0
0
0
0
0
0
0
0
0
0
0
0
0
0
0
0
0
0
0
0
0
0
0
0
0
0
0
0
0
0
0
0
0
0
0
0
0
0
0
0
0
0
0
0
0
0
0
0
0
0
0
0
0
0
0
0
0
0
0
0
0
0
0
0
0
0
0
0
0
0
0
0
0
0
0
0
0
0
0
0
0
0
0
0
0
0
0
0
0
0
0
0
0
0
0
0
0
0
0
0
0
0
0
0
0
0
0
0
0
0
0
0
0
0
0
0
0
0
0
0
0
0
0
0
0
0
0
0
0
0
0
0
0
0
0
0
0
0
0
0
0
0
0
0
0
0
0
0
0
0
0
0
0
0
0
0
0
0
0
0
0
0
0
0
0
0
0
0
0
0
0
0
0
0
0
0
0
0
0
0
0
0
0
0
0
0
0
0
0
0
0
0
0
0
0
0
0
0
0
0
0
0
0
0
0
0
0
0
0
0
0
0
0
0
0
0
0
0
0
0
0
0
0
0
0
0
0
0
0
0
0
0
0
0
0
0
0
0
0
0
0
0
0
0
0
0
0
0
0
0
0
0
0
0
0
0
0
0
0
0
0
0
0
0
0
0
0
0
0
0
0
0
0
0
0
0
0
0
0
0
0
0
0
0
0
0
0
0
0
0
0
0
0
0
0
0
0
0
0
0
0
0
39.0912
34.2816
30.8234
29.8765
14.2143
8.66919
6.52478
4.82241
3.19164
1.69175
0.650592
0
0
0
0
0
0
0
0
0
0
0
0
0
0
0
0
0
0
0
0
0.758221
1.62954
2.3325
3.03224
3.95172
22.2697
39.2301
42.7546
45.3475
48.1945
51.8443
56.6619
61.4801
66.053
70.6671
75.7586
81.7479
88.0656
95.2296
8.3298
5.90662
3.91539
1.59684
0
0
0
0
0
0
0
0
0
0
0
0
0
0
0
0
0
0
0
0
0
0
0
0
0
0
0
0
0
0
0
0
0
0
1.79565
2.58479
3.53684
3.61733
31.8829
42.2895
44.9552
48.2149
51.9245
56.5336
60.9043
65.1812
0
0
0
0
0
0
0
0
0
0
0
0
0
0
0
0
0
0
0
0
0
0
0
0
0
0
0
0
0
0
0
0
0
0
0
0
0
0
0
0
0
0
0
0.314956
2.506
3.33135
3.8276
29.1419
41.3968
44.5502
0
0
0
0
0
0
0
0
0
0
0
0
0
0
0
0
0
0
0
0
0
0
0
0
0
0
0
0
0
0
0
0
0
0
0
0
0
0
0
0
0
0
0
0
0
0
0
0
0.0365391
2.80697
0
0
0
0
0
0
0
0
0
0
0
0
0
0
0
0
0
0
0
0
0
0
0
0
0
0
0
0
0
0
0
0
0
0
0
0
0
0
0
0
0
0
0
0
0
0
0
0
0
0
0
0
0
0
0
0
0
0
0
0
0
0
0
0
0
0
0
0
0
0
0
0
0
0
0
0
0
0
0
0
0
0
0
0
0
0
0
0
0
0
0
0
0
0
0
0
0
0
0
0
0
0
0
0
0
0
0
0
0
0
0
0
0
0
0
0
0
0
0
0
0
0
0
0
0
0
0
0
0
0
0
0
0
0
0
0
0
0
0
0
0
0
0
0
0
0
0
0
0
0
0
0
0
0
0
0
0
0
0
0
0
0
0
0
0
0
0
0
0
0
0
0
0
0
0
0
0
0
0
0
0
0
0
0
0
0
0
0
0
0
0
0
0
0
0
0
0
0
0
0
0
0
0
0
0
0
0
0
0
0
0
0
0
0
0
0
0
0
0
0
0
0
0
0
0
0
0
0
0
0
0
0
0
0
0
0
0
0
0
0
0
0
0
0
0
0
0
0
0
0
0
0
0
0
0
0
0
0
0
0
0
0
0
0
0
0
0
0
0
0
0
0
0
0
0
0
0
0
0
0
0
0
0
0
0
0
0
0
0
0
0
0
0
0
0
0
0
0
0
0
0
0
0
0
0
0
0
0
0
0
0
0
0
0
0
0
0
0
0
0
0
0
0
0
0
0
0
0
0
0
0
0
0
0
0
0
0
0
0
0
0
0
0
0
0
0
0
0
0
0
0
0
0
0
0
0
0
0
0
0
0
0
0
0
0
0
0
0
0
0
0
0
0
0
0
0
0
0
0
0
0
0
0
0
0
0
0
0
0
0
0
0
0
0
0
0
0
0
0
0
0
0
0
0
0
0
0
0
0
0
0
0
0
0
0
0
0
0
0
0
0
0
0
0
0
0
0
0
0
0
0
0
0
0
0
0
0
0
0
0
0
0
0
0
0
0
0
0
0
0
0
0
0
0
0
0
0
0
0
0
0
0
0
0
0
0
0
0
0
0
0
0
0
0
0
0
0
0
0
0
0
0
0
0
0
0
0
0
0
0
0
0
0
0
0
0
0
0
0
0
0
0
0
0
0
0
0
0
0
0
0
0
0
0
0
0
0
0
0
0
0
0
0
0
0
0
0
0
0
0
0
0
0
0
0
0
0
0
0
0
0
0
0
0
0
0
0
0
0
0
0
0
0
0
0
0
0
0
0
0
0
0
0
0
0
0
0
0
0
0
0
0
0
0
0
0
0
0
0
0
0
0
0
0
0
0
0
0
0
0
0
0
0
0
0
0
0
0
0
0
0
0
0
0
0
0
0
0
0
0
0
0
0
0
0
0
0
0
0
0
0
0
0
0
0
0
0
0
0
0
0
0
0
0
0
0
0
0
0
0
0
0
0
0
0
0
0
0
0
0
0
0
0
0
0
0
0
0
0
0
0
0
0
0
0
0
0
0
0
0
0
0
0
0
0
0
0
0
0
0
0
0
0
0
0
0
0
0
0
0
0
0
0
0
0
0
0
0
0
0
0
0
0
0
0
0
0
0
0
0
0
0
0
0
0
0
0
0
0
0
0
0
0
0
0
0
0
0
0
0
0
0
0
0
0
0
0
0
0
0
0
0
0
0
0
0
0
0
0
0
0
0
0
0
0
0
0
0
0
0
0
0
0
0
0
0
0
0
0
0
0
0
0
0
0
0
0
0
0
0
0
0
0
0
0
0
0
0
0
0
0
0
0
0
0
0
0
0
0
0
0
0
0
0
0
0
0
0
0
0
0
0
0
0
0
0
0
0
0
0
0
0
0
0
0
0
0
0
0
0
0
0
0
0
0
0
0
0
0
0
0
0
0
0
0
0
0
0
0
0
0
0
0
0
0
0
0
0
0
0
0
0
0
0
0
0
0
0
0
0
0
0
0
0
0
0
0
0
0
0
0
0
0
0
0
0
0
0
0
0
0
0
0
0
0
0
0
0
0
0
0
0
0
0
0
0
0
0
0
0
0
0
0
0
0
0
0
0
0
0
0
0
0
0
0
0
0
0
0
0
0
0
0
0
0
0
0
0
0
0
0
0
0
0
0
0
0
0
0
0
0
0
0
0
0
0
0
0
0
0
0
0
0
0
0
0
0
0
0
0
0
0
0
0
0
0
0
0
0
0
0
0
0
0
0
0
0
0
0
0
0
0
0
0
0
0
0
0
0
0
0
0
0
0
0
0
0
0
0
0
0
0
0
0
0
0
0
0
0
0
0
0
0
0
0
0
0
0
0
0
0
0
0
0
0
0
0
0
0
0
0
0
0
0
0
0
0
0
0
0
0
0
0
0
0
0
0
0
0
0
0
0
0
0
0
0
0
0
0
0
0
0
0
0
0
0
0
0
0
0
0
0
0
0
0
0
0
0
0
0
0
0
0
0
0
0
0
0
0
0
0
0
0
0
0
0
0
0
0
0
0
0
0
0
0
0
0
0
0
0
0
0
0
0
0
0
0
0
0
0
0
0
0
0
0
0
0
0
0
0
0
0
0
0
0
0
0
0
0
0
0
0
0
0
0
0
0
0
0
0
0
0
0
0
0
0
0
0
0
0
0
0
0
0
0
0
0
0
0
0
0
0
0
0
0
0
0
0
0
0
0
0
0
0
0
0
0
0
0
0
0
0
0
0
0
0
0
0
0
0
0
0
0
0
0
0
0
0
0
0
0
0
0
0
0
0
0
0
0
0
0
0
0
0
0
0
0
0
0
0
0
0
0
0
0
0
0
0
0
0
0
0
0
0
0
0
0
0
0
0
0
0
0
0
0
0
0
0
0
0
0
0
0
0
0
0
0
0
0
0
0
0
0
0
0
0
0
0
0
0
0
0
0
0
0
0
0
0
0
0
103.388
112.606
123.51
133.278
137.94
142.879
147.962
153.281
158.899
164.683
170.498
176.341
182.167
187.944
193.618
199.13
204.4
209.419
214.239
218.839
223.328
227.7
231.966
236.129
240.133
243.981
247.634
251.071
254.272
257.26
260.06
262.744
265.33
267.844
270.267
272.611
274.887
277.106
279.268
281.382
283.455
285.491
287.493
289.458
291.389
293.282
295.129
296.936
298.717
300.483
302.255
304.079
306.089
307.551
309.081
310.804
312.382
313.829
315.175
316.439
317.624
318.733
319.766
320.724
321.609
322.421
323.161
323.83
324.426
324.952
325.409
325.8
326.131
326.403
326.624
326.795
326.926
327.017
327.073
327.093
327.082
327.04
326.969
326.871
326.748
326.6
326.426
326.232
326.024
325.807
325.577
325.338
325.084
324.814
324.503
324.151
323.919
322.425
322.303
322.103
321.841
321.533
321.198
320.837
320.462
320.075
319.684
319.295
318.911
318.538
318.18
317.843
317.522
317.217
316.915
316.613
316.3
315.968
315.613
315.231
314.825
314.392
313.938
313.455
312.942
312.372
311.757
311.075
310.359
309.604
308.851
308.083
307.326
306.546
305.69
304.837
303.856
302.975
301.949
301.019
299.998
298.997
297.974
296.923
295.961
294.855
293.842
292.643
291.556
290.829
69.5509
74.3549
79.8536
85.9596
93.3283
102.136
112.326
124.533
134.168
139.265
144.502
150
155.829
161.85
167.917
173.97
179.886
185.622
191.193
196.525
201.709
206.739
211.631
216.389
220.957
225.338
229.482
233.373
236.989
240.352
243.484
246.45
249.277
251.999
254.611
257.131
259.57
261.939
264.247
266.503
268.711
270.868
272.975
275.035
277.049
279.014
280.93
282.805
284.647
286.476
288.317
290.209
292.176
293.936
295.633
297.358
298.972
300.457
301.839
303.137
304.349
305.477
306.523
307.488
308.372
309.178
309.905
310.556
311.129
311.626
312.048
312.4
312.688
312.914
313.085
313.199
313.266
313.286
313.264
313.201
313.103
312.972
312.809
312.619
312.402
312.16
311.89
311.601
311.298
310.989
310.67
310.35
310.03
309.719
309.406
309.118
308.905
308.256
308.077
307.853
307.579
307.255
306.898
306.51
306.102
305.678
305.247
304.812
304.381
303.959
303.553
303.17
302.809
302.468
302.136
301.81
301.477
301.127
300.755
300.358
299.938
299.491
299.024
298.531
298.009
297.434
296.809
296.115
295.38
294.602
293.822
293.027
292.25
291.455
290.585
289.715
288.713
287.811
286.758
285.808
284.759
283.739
282.694
281.633
280.676
279.592
278.613
277.461
276.441
275.591
48.0392
52.1382
56.6792
60.831
65.1834
70.0027
75.6247
81.6847
89.0089
97.7125
107.658
119.673
132.714
138.025
143.521
149.314
155.349
161.461
167.57
173.526
179.364
185.068
190.633
196.051
201.27
206.28
211.012
215.454
219.576
223.391
226.922
230.231
233.352
236.33
239.174
241.909
244.546
247.1
249.581
252.001
254.366
256.674
258.926
261.121
263.256
265.33
267.351
269.323
271.254
273.17
275.096
277.062
279.066
280.955
282.725
284.464
286.101
287.613
289.03
290.364
291.608
292.764
293.832
294.814
295.711
296.525
297.255
297.903
298.47
298.958
299.368
299.707
299.976
300.179
300.321
300.401
300.428
300.403
300.332
300.216
300.062
299.872
299.651
299.402
299.128
298.834
298.516
298.182
297.838
297.491
297.136
296.781
296.433
296.1
295.765
295.455
295.154
294.656
294.433
294.181
293.892
293.554
293.182
292.775
292.344
291.892
291.428
290.954
290.479
290.009
289.554
289.123
288.718
288.337
287.971
287.615
287.257
286.883
286.488
286.072
285.633
285.168
284.684
284.177
283.645
283.063
282.428
281.723
280.971
280.17
279.361
278.536
277.738
276.927
276.045
275.16
274.141
273.218
272.144
271.174
270.101
269.064
268
266.932
265.981
264.92
263.975
262.867
261.891
260.958
3.51946
3.89069
33.287
41.4086
44.9228
49.3917
54.764
59.1591
63.7686
68.9024
74.5619
80.7947
88.5071
97.5655
107.967
121.054
133.455
138.945
144.689
150.627
156.775
162.956
169.087
175.127
181.018
186.714
192.115
197.205
201.931
206.295
210.315
214.044
217.527
220.817
223.94
226.929
229.801
232.575
235.264
237.883
240.44
242.934
245.365
247.729
250.025
252.253
254.419
256.527
258.589
260.628
262.664
264.704
266.732
268.652
270.456
272.193
273.795
275.303
276.742
278.101
279.371
280.55
281.641
282.646
283.564
284.397
285.144
285.807
286.388
286.892
287.324
287.683
287.969
288.181
288.323
288.391
288.393
288.329
288.203
288.02
287.785
287.502
287.18
286.823
286.441
286.045
285.648
285.24
284.827
284.417
284.007
283.607
283.222
282.86
282.497
282.161
281.805
281.377
281.131
280.855
280.55
280.201
279.816
279.394
278.944
278.469
277.976
277.468
276.951
276.433
275.926
275.443
274.989
274.564
274.16
273.769
273.38
272.977
272.555
272.114
271.654
271.17
270.669
270.149
269.607
269.017
268.374
267.661
266.895
266.075
265.238
264.382
263.56
262.733
261.841
260.942
259.908
258.964
257.87
256.88
255.785
254.732
253.648
252.573
251.626
250.588
249.673
248.605
247.666
246.689
0
0
0
0.679923
3.35853
3.98327
21.8214
39.8136
43.8613
49.491
55.2254
59.5669
64.4982
70.1193
75.9673
83.0898
91.5476
101.203
113.066
127.812
135.967
141.726
147.722
154.009
160.382
166.683
172.748
178.54
183.957
188.968
193.578
197.822
201.749
205.421
208.878
212.168
215.316
218.345
221.276
224.124
226.901
229.609
232.247
234.813
237.303
239.717
242.058
244.332
246.552
248.734
250.888
253.005
255.058
257.005
258.861
260.601
262.198
263.718
265.162
266.522
267.8
268.998
270.12
271.164
272.13
273.016
273.82
274.544
275.187
275.759
276.259
276.682
277.024
277.28
277.452
277.533
277.528
277.434
277.256
276.997
276.663
276.26
275.798
275.285
274.735
274.166
273.605
273.035
272.463
271.903
271.366
270.878
270.417
269.995
269.589
269.218
268.82
268.422
268.158
267.861
267.539
267.177
266.779
266.344
265.88
265.387
264.871
264.333
263.779
263.216
262.656
262.118
261.61
261.137
260.688
260.259
259.834
259.396
258.94
258.469
257.983
257.478
256.958
256.426
255.874
255.277
254.625
253.904
253.125
252.288
251.422
250.533
249.683
248.839
247.938
247.025
245.976
245.009
243.894
242.881
241.765
240.693
239.59
238.505
237.558
236.542
235.654
234.623
233.712
232.717
0
0
0
0
0
0
0
0.180776
3.59175
3.89134
33.1276
39.9704
45.4119
52.4804
56.926
61.9776
67.6221
73.3464
80.2268
88.2862
97.7672
109.148
123.26
134.579
140.532
146.749
153.148
159.512
165.601
171.307
176.599
181.456
185.921
190.055
193.912
197.557
201.024
204.346
207.549
210.653
213.674
216.616
219.48
222.263
224.96
227.57
230.093
232.537
234.914
237.236
239.507
241.711
243.832
245.863
247.807
249.623
251.321
252.912
254.388
255.771
257.08
258.324
259.503
260.616
261.661
262.635
263.535
264.361
265.11
265.781
266.368
266.865
267.269
267.572
267.775
267.871
267.862
267.746
267.526
267.204
266.788
266.282
265.695
265.039
264.324
263.563
262.777
261.969
261.152
260.344
259.568
258.866
258.208
257.62
257.111
256.661
256.207
255.808
255.521
255.198
254.856
254.477
254.065
253.616
253.139
252.632
252.099
251.538
250.952
250.346
249.735
249.139
248.573
248.046
247.548
247.075
246.609
246.129
245.631
245.121
244.603
244.072
243.532
242.985
242.423
241.817
241.155
240.423
239.631
238.776
237.881
236.954
236.071
235.206
234.293
233.365
232.3
231.306
230.169
229.128
227.988
226.894
225.769
224.672
223.721
222.725
221.859
220.861
219.974
218.975
0
0
0
0
0
0
0
0
0
0
0
2.22697
4.21244
19.1223
37.7117
43.3053
51.1034
55.5393
60.8122
66.5575
72.5233
79.4261
87.3276
97.034
108.79
123.592
134.886
140.974
147.184
153.391
159.338
164.854
169.936
174.619
178.948
183.009
186.844
190.498
194.005
197.39
200.674
203.865
206.966
209.973
212.881
215.686
218.389
220.999
223.527
225.985
228.372
230.678
232.898
235.041
237.112
239.079
240.934
242.653
244.239
245.728
247.14
248.482
249.758
250.967
252.108
253.181
254.181
255.106
255.952
256.708
257.365
257.919
258.366
258.701
258.921
259.022
259.006
258.87
258.619
258.255
257.784
257.212
256.546
255.795
254.968
254.07
253.11
252.105
251.072
250.026
248.975
247.959
246.985
246.088
245.314
244.637
244.047
243.584
243.246
242.883
242.505
242.099
241.664
241.197
240.704
240.184
239.635
239.055
238.443
237.8
237.138
236.484
235.856
235.268
234.715
234.19
233.677
233.148
232.599
232.041
231.482
230.919
230.354
229.789
229.216
228.599
227.922
227.176
226.367
225.495
224.569
223.6
222.679
221.788
220.863
219.919
218.839
217.817
216.655
215.583
214.418
213.301
212.153
211.041
210.084
209.105
208.257
207.292
206.427
205.439
0
0
0
0
0
0
0
0
0
0
0
0
0
0
1.28233
4.24005
18.6626
36.3987
43.1283
50.7418
55.4167
61.1666
66.8203
73.239
80.4495
88.9907
99.4094
112.081
127.959
136.35
142.288
148.158
153.804
159.068
163.922
168.461
172.715
176.741
180.582
184.269
187.833
191.285
194.63
197.866
200.987
203.988
206.869
209.643
212.322
214.917
217.428
219.852
222.191
224.464
226.674
228.799
230.817
232.7
234.451
236.097
237.654
239.129
240.528
241.852
243.101
244.274
245.367
246.377
247.297
248.117
248.827
249.423
249.9
250.253
250.482
250.582
250.555
250.402
250.126
249.731
249.222
248.607
247.892
247.087
246.196
245.223
244.176
243.068
241.914
240.722
239.479
238.219
236.966
235.743
234.579
233.516
232.608
231.926
231.451
230.995
230.541
230.074
229.594
229.092
228.571
228.028
227.458
226.857
226.22
225.542
224.833
224.12
223.427
222.773
222.155
221.57
221.003
220.418
219.81
219.194
218.585
217.981
217.385
216.8
216.214
215.586
214.891
214.128
213.303
212.416
211.463
210.453
209.49
208.573
207.637
206.684
205.597
204.553
203.375
202.277
201.093
199.959
198.796
197.673
196.71
195.75
194.923
193.993
193.158
192.198
0
0
0
0
0
0
0
0
0
0
0
0
0
0
0
0
0
1.99167
3.76105
27.8076
36.7351
45.9275
51.2172
56.786
62.7084
68.9706
75.9256
83.7423
93.167
104.466
118.199
132.683
138.219
143.649
148.919
153.94
158.642
163.07
167.272
171.276
175.129
178.844
182.435
185.9
189.233
192.429
195.49
198.43
201.263
204.001
206.648
209.203
211.68
214.095
216.452
218.732
220.909
222.957
224.877
226.684
228.394
230.013
231.545
232.992
234.354
235.629
236.815
237.906
238.895
239.772
240.529
241.16
241.661
242.029
242.262
242.357
242.319
242.147
241.848
241.426
240.887
240.239
239.489
238.645
237.714
236.699
235.611
234.455
233.244
231.984
230.655
229.284
227.885
226.46
225.004
223.594
222.262
221.22
220.473
219.804
219.173
218.562
217.979
217.4
216.815
216.217
215.601
214.959
214.285
213.569
212.813
212.042
211.28
210.554
209.861
209.206
208.575
207.929
207.257
206.578
205.913
205.264
204.633
204.025
203.427
202.792
202.083
201.307
200.472
199.581
198.615
197.576
196.581
195.643
194.707
193.76
192.688
191.644
190.471
189.367
188.186
187.054
185.896
184.78
183.823
182.89
182.09
181.21
180.418
179.513
0
0
0
0
0
0
0
0
0
0
0
0
0
0
0
0
0
0
0
0
3.84071
5.03508
32.5974
40.5567
48.1884
53.5629
59.8111
66.0794
73.0503
80.5098
89.2545
99.5099
111.528
125.63
134.817
139.855
144.796
149.591
154.154
158.474
162.617
166.588
170.414
174.098
177.633
181.016
184.249
187.351
190.339
193.224
196.015
198.714
201.339
203.906
206.417
208.852
211.186
213.396
215.48
217.447
219.309
221.071
222.737
224.308
225.784
227.162
228.439
229.609
230.665
231.597
232.399
233.063
233.588
233.967
234.203
234.293
234.242
234.053
233.731
233.282
232.714
232.035
231.252
230.375
229.411
228.365
227.25
226.065
224.826
223.536
222.174
220.77
219.32
217.824
216.258
214.676
213.061
211.716
210.656
209.687
208.796
207.956
207.183
206.444
205.718
204.995
204.27
203.535
202.784
202.006
201.192
200.356
199.521
198.713
197.934
197.192
196.482
195.765
195.025
194.284
193.565
192.871
192.207
191.58
190.976
190.343
189.632
188.858
188.031
187.156
186.205
185.167
184.163
183.225
182.308
181.39
180.363
179.354
178.222
177.146
176.003
174.905
173.785
172.704
171.775
170.886
170.126
169.311
168.583
167.76
0
0
0
0
0
0
0
0
0
0
0
0
0
0
0
0
0
0
0
0
0
0
1.53821
3.60604
29.2655
36.7109
45.9737
51.4596
58.0061
64.4076
71.4778
78.8659
87.0671
96.314
106.869
119.053
132.172
136.859
141.483
146.033
150.437
154.642
158.683
162.56
166.272
169.818
173.201
176.449
179.578
182.604
185.536
188.38
191.157
193.881
196.547
199.138
201.629
204
206.244
208.37
210.383
212.289
214.089
215.784
217.373
218.853
220.22
221.469
222.591
223.578
224.423
225.121
225.667
226.06
226.299
226.384
226.32
226.112
225.768
225.293
224.696
223.986
223.171
222.261
221.265
220.19
219.05
217.841
216.58
215.272
213.895
212.483
211.026
209.522
207.948
206.334
204.642
203.166
201.909
200.715
199.601
198.545
197.548
196.594
195.67
194.764
193.873
192.99
192.113
191.229
190.323
189.399
188.47
187.56
186.671
185.815
184.996
184.182
183.357
182.551
181.781
181.05
180.362
179.723
179.124
178.506
177.813
177.062
176.268
175.439
174.537
173.538
172.561
171.649
170.773
169.911
168.959
168.018
166.965
165.954
164.883
163.853
162.806
161.792
160.915
160.086
159.38
158.642
157.993
157.272
0
0
0
0
0
0
0
0
0
0
0
0
0
0
0
0
0
0
0
0
0
0
0
0
0.00508517
3.67755
25.845
34.6172
44.6116
50.3967
57.1983
63.8979
71.0386
78.3365
85.9851
94.5191
104.094
114.892
127.226
134.599
138.916
143.208
147.41
151.443
155.295
158.967
162.464
165.825
169.065
172.206
175.259
178.232
181.151
184.025
186.84
189.581
192.227
194.753
197.157
199.439
201.604
203.654
205.589
207.409
209.111
210.694
212.151
213.478
214.666
215.709
216.598
217.329
217.899
218.305
218.548
218.629
218.554
218.33
217.964
217.464
216.839
216.098
215.252
214.31
213.282
212.178
211.011
209.779
208.497
207.172
205.783
204.366
202.91
201.417
199.866
198.278
196.609
195.12
193.806
192.517
191.284
190.094
188.939
187.817
186.728
185.662
184.617
183.59
182.578
181.569
180.549
179.517
178.481
177.462
176.455
175.474
174.53
173.597
172.664
171.769
170.929
170.15
169.441
168.803
168.216
167.626
166.969
166.263
165.523
164.762
163.936
163.01
162.093
161.233
160.415
159.619
158.758
157.905
156.953
156.028
155.054
154.114
153.161
152.236
151.43
150.673
150.025
149.369
148.803
148.191
0
0
0
0
0
0
0
0
0
0
0
0
0
0
0
0
0
0
0
0
0
0
0
0
0
0
0
3.62314
24.1317
34.0833
44.0886
50.3854
57.3767
64.2921
71.253
78.5856
86.0834
94.0694
102.818
112.48
123.34
132.967
136.974
140.963
144.885
148.636
152.2
155.632
158.938
162.151
165.285
168.353
171.385
174.383
177.326
180.201
182.987
185.659
188.213
190.646
192.96
195.154
197.225
199.17
200.987
202.673
204.222
205.629
206.885
207.984
208.919
209.686
210.281
210.702
210.951
211.03
210.947
210.708
210.323
209.8
209.149
208.379
207.502
206.529
205.47
204.337
203.143
201.887
200.584
199.241
197.837
196.411
194.953
193.466
191.936
190.377
188.75
187.287
185.977
184.666
183.383
182.129
180.897
179.688
178.506
177.343
176.2
175.075
173.967
172.866
171.758
170.645
169.532
168.436
167.352
166.29
165.262
164.246
163.23
162.246
161.328
160.491
159.753
159.118
158.549
157.989
157.374
156.722
156.046
155.36
154.618
153.778
152.939
152.143
151.385
150.652
149.877
149.11
148.259
147.428
146.555
145.714
144.864
144.039
143.312
142.629
142.041
141.462
140.975
140.467
0
0
0
0
0
0
0
0
0
0
0
0
0
0
0
0
0
0
0
0
0
0
0
0
0
0
0
0
0
3.5575
25.0494
35.2793
44.4822
51.2481
58.0358
65.2831
72.397
79.6706
87.0331
94.4979
102.51
111.332
121.059
131.812
135.463
139.061
142.608
146.05
149.368
152.6
155.762
158.875
161.974
165.053
168.082
171.057
173.955
176.747
179.432
182.002
184.455
186.786
188.988
191.057
192.99
194.781
196.424
197.912
199.24
200.399
201.382
202.187
202.811
203.251
203.509
203.588
203.498
203.247
202.846
202.303
201.628
200.832
199.925
198.921
197.832
196.669
195.448
194.166
192.839
191.475
190.05
188.608
187.138
185.647
184.122
182.578
180.976
179.534
178.233
176.917
175.613
174.326
173.058
171.811
170.584
169.374
168.181
167.007
165.853
164.712
163.572
162.433
161.298
160.184
159.086
158.014
156.979
155.962
154.948
153.954
153.025
152.176
151.43
150.802
150.247
149.71
149.129
148.527
147.909
147.287
146.618
145.86
145.101
144.371
143.667
142.985
142.277
141.582
140.821
140.076
139.301
138.558
137.82
137.11
136.476
135.876
135.351
134.845
134.43
134.013
0
0
0
0
0
0
0
0
0
0
0
0
0
0
0
0
0
0
0
0
0
0
0
0
0
0
0
0
0
0
4.12085e-06
3.99977
26.5594
38.0885
45.3022
52.6264
59.6739
66.9697
74.18
81.2383
88.3571
95.5645
103.043
111.067
119.742
129.267
134.154
137.351
140.561
143.735
146.855
149.953
153.065
156.166
159.227
162.252
165.217
168.087
170.87
173.546
176.115
178.566
180.887
183.072
185.116
187.011
188.748
190.321
191.723
192.946
193.982
194.83
195.486
195.949
196.219
196.301
196.208
195.949
195.535
194.974
194.276
193.452
192.516
191.481
190.359
189.164
187.91
186.598
185.241
183.848
182.395
180.927
179.433
177.923
176.388
174.841
173.244
171.806
170.504
169.184
167.866
166.563
165.281
164.022
162.787
161.57
160.373
159.196
158.045
156.919
155.805
154.7
153.604
152.534
151.487
150.473
149.506
148.566
147.646
146.744
145.898
145.125
144.428
143.82
143.273
142.746
142.188
141.624
141.05
140.474
139.859
139.171
138.485
137.821
137.173
136.539
135.891
135.257
134.574
133.905
133.214
132.554
131.909
130.426
128.65
126.961
125.465
124.058
122.927
121.846
0
0
0
0
0
0
0
0
0
0
0
0
0
0
0
0
0
0
0
0
0
0
0
0
0
0
0
0
0
0
0
0
1.08983
5.30608
28.8725
40.294
47.3295
54.6789
61.9558
69.0706
76.175
83.2202
90.1738
97.0641
103.998
111.212
118.83
126.957
133.019
135.871
138.779
141.771
144.822
147.87
150.901
153.917
156.892
159.782
162.613
165.349
167.995
170.534
172.948
175.23
177.372
179.363
181.189
182.846
184.325
185.615
186.708
187.604
188.299
188.788
189.073
189.161
189.068
188.803
188.377
187.798
187.076
186.224
185.254
184.183
183.022
181.788
180.494
179.143
177.75
176.319
174.829
173.325
171.797
170.259
168.705
167.149
165.551
164.117
162.817
161.502
160.189
158.895
157.63
156.399
155.199
154.026
152.879
151.757
150.668
149.617
148.593
147.587
146.596
145.633
144.699
143.807
142.968
142.162
141.387
140.641
139.929
139.27
138.65
138.072
137.533
137.011
136.471
135.938
135.4
134.856
134.277
133.643
133.017
132.405
131.796
130.091
128.132
126.24
124.264
122.339
120.379
118.519
116.722
115.014
113.442
111.921
110.539
109.251
108.215
107.264
0
0
0
0
0
0
0
0
0
0
0
0
0
0
0
0
0
0
0
0
0
0
0
0
0
0
0
0
0
0
0
0
0
0
3.08612
21.5843
33.2724
42.6985
50.033
57.2002
64.4377
71.6092
78.611
85.4553
92.1379
98.6533
105.039
111.457
118.103
125.084
132.054
134.678
137.466
140.344
143.265
146.203
149.116
151.958
154.778
157.51
160.179
162.758
165.222
167.567
169.781
171.847
173.75
175.484
177.036
178.392
179.544
180.491
181.228
181.748
182.051
182.148
182.056
181.786
181.348
180.749
179.999
179.112
178.102
176.987
175.779
174.497
173.156
171.759
170.323
168.851
167.323
165.784
164.225
162.667
161.107
159.559
157.986
156.586
155.321
154.051
152.791
151.56
150.369
149.225
148.124
147.061
146.032
145.033
144.071
143.155
142.278
141.429
140.598
139.793
139.014
138.286
137.611
136.959
136.329
135.728
135.142
134.573
134.016
133.47
132.939
132.416
131.882
130.646
128.973
127.273
125.484
123.593
121.755
119.948
118.115
116.244
114.354
112.536
110.68
108.866
107.021
105.26
103.567
101.952
100.445
98.9688
97.5945
96.3165
95.2737
94.3453
0
0
0
0
0
0
0
0
0
0
0
0
0
0
0
0
0
0
0
0
0
0
0
0
0
0
0
0
0
0
0
0
0
0
0
0.000524463
5.13527
26.4137
38.2238
45.6524
52.9709
60.2849
67.4014
74.3443
81.1174
87.6758
94.034
100.106
105.877
111.575
117.455
123.763
131.021
133.945
136.548
139.3
142.048
144.768
147.503
150.159
152.787
155.339
157.794
160.153
162.396
164.502
166.453
168.243
169.855
171.268
172.474
173.472
174.253
174.803
175.124
175.23
175.141
174.866
174.414
173.79
173.007
172.078
171.021
169.854
168.594
167.26
165.87
164.43
162.958
161.458
159.913
158.364
156.806
155.265
153.746
152.262
150.778
149.477
148.312
147.157
146.025
144.932
143.888
142.901
141.965
141.075
140.221
139.4
138.614
137.87
137.167
136.502
135.852
135.216
134.596
134.02
133.487
132.958
132.426
131.9
130.692
129.015
127.366
125.727
124.086
122.427
120.734
119.105
117.482
115.816
114.053
112.214
110.425
108.666
106.87
104.99
103.059
101.183
99.3175
97.5151
95.6971
93.9403
92.2458
90.6438
89.1685
87.7375
86.3836
85.1141
84.0441
83.1014
0
0
0
0
0
0
0
0
0
0
0
0
0
0
0
0
0
0
0
0
0
0
0
0
0
0
0
0
0
0
0
0
0
0
0
0
0
2.85917
20.3532
32.8918
41.792
49.2365
56.458
63.5108
70.3975
77.0697
83.5665
89.7326
95.5461
101.101
106.455
111.791
117.499
123.434
130.097
133.542
135.909
138.412
140.956
143.455
145.969
148.418
150.795
153.103
155.314
157.408
159.362
161.172
162.815
164.262
165.506
166.546
167.363
167.937
168.271
168.384
168.296
168.015
167.545
166.892
166.07
165.097
163.991
162.775
161.469
160.094
158.672
157.214
155.739
154.254
152.745
151.249
149.762
148.315
146.917
145.584
144.279
143.161
142.17
141.203
140.267
139.376
138.535
137.748
137.011
136.315
135.654
135.024
134.419
133.841
133.291
132.775
132.266
131.756
130.262
128.684
127.206
125.733
124.213
122.644
121.046
119.437
117.865
116.311
114.722
113.061
111.335
109.66
108.026
106.367
104.602
102.74
100.908
99.1319
97.3692
95.5338
93.6014
91.6592
89.7547
87.9538
86.1704
84.4097
82.6647
80.9993
79.4966
78.0958
76.7887
75.5597
74.482
73.5168
0
0
0
0
0
0
0
0
0
0
0
0
0
0
0
0
0
0
0
0
0
0
0
0
0
0
0
0
0
0
0
0
0
0
0
0
0
0
0.0708267
5.96835
27.376
38.281
45.7896
52.9362
59.9505
66.7511
73.381
79.6525
85.5721
91.2321
96.6806
101.997
107.377
112.614
118.032
123.756
129.729
133.203
135.353
137.605
139.906
142.169
144.392
146.578
148.686
150.702
152.599
154.376
156.002
157.442
158.693
159.75
160.584
161.164
161.498
161.61
161.519
161.228
160.737
160.054
159.196
158.185
157.046
155.803
154.481
153.108
151.705
150.289
148.88
147.49
146.105
144.756
143.437
142.18
140.995
139.896
138.846
137.967
137.194
136.446
135.729
135.054
134.422
133.828
133.266
132.731
132.216
131.721
130.252
128.752
127.295
125.899
124.508
123.088
121.616
120.136
118.715
117.309
115.859
114.329
112.725
111.091
109.501
107.958
106.391
104.731
102.978
101.259
99.6027
97.9633
96.2269
94.3623
92.4884
90.679
88.9378
87.1682
85.2833
83.3237
81.3925
79.5884
77.8474
76.1203
74.3625
72.6354
71.0598
69.6478
68.3855
67.2231
66.1766
65.2084
0
0
0
0
0
0
0
0
0
0
0
0
0
0
0
0
0
0
0
0
0
0
0
0
0
0
0
0
0
0
0
0
0
0
0
0
0
0
0
0
4.06605
22.879
34.9825
42.6239
49.7558
56.7025
63.4704
69.8473
75.858
81.6195
87.1651
92.5803
98.0828
103.401
108.585
113.708
118.778
124.028
129.441
132.881
134.803
136.783
138.778
140.756
142.694
144.564
146.334
148.013
149.563
150.94
152.148
153.184
153.997
154.554
154.867
154.965
154.865
154.562
154.053
153.349
152.474
151.457
150.327
149.112
147.843
146.549
145.254
143.973
142.728
141.527
140.361
139.251
138.186
137.187
136.264
135.431
134.655
134.014
133.44
132.88
132.334
131.815
130.528
129.031
127.591
126.187
124.797
123.416
122.046
120.687
119.341
118.019
116.693
115.319
113.864
112.373
110.919
109.497
108.056
106.539
104.928
103.264
101.636
100.077
98.5189
96.8708
95.1115
93.3553
91.6656
90.0302
88.3282
86.4878
84.5953
82.7523
81.0129
79.2965
77.4793
75.5506
73.6211
71.8179
70.1189
68.4577
66.7487
65.0158
63.3878
61.9495
60.7125
59.6139
58.6206
57.6731
0
0
0
0
0
0
0
0
0
0
0
0
0
0
0
0
0
0
0
0
0
0
0
0
0
0
0
0
0
0
0
0
0
0
0
0
0
0
0
0
0
2.32971
18.7218
31.7029
39.7711
46.9039
53.8156
60.3049
66.3996
72.2606
77.8904
83.3974
89.0238
94.438
99.688
104.929
109.9
114.643
119.43
124.184
129.012
132.501
134.153
135.814
137.531
139.182
140.757
142.281
143.691
144.942
146.055
147.019
147.767
148.264
148.531
148.605
148.492
148.183
147.673
146.979
146.133
145.172
144.127
143.028
141.906
140.787
139.696
138.643
137.642
136.698
135.801
134.968
134.18
133.438
132.747
132.123
131.228
129.693
128.275
126.853
125.413
123.996
122.625
121.299
120
118.708
117.395
116.048
114.679
113.31
111.949
110.614
109.283
107.907
106.444
104.929
103.433
101.978
100.528
99.0188
97.408
95.7226
94.0565
92.4684
90.91
89.278
87.5231
85.7367
84.0081
82.3644
80.6941
78.8916
76.9971
75.1252
73.377
71.7009
69.9551
68.0776
66.167
64.3711
62.7101
61.1205
59.4881
57.7945
56.1582
54.7047
53.4801
52.4286
51.4868
50.5693
0
0
0
0
0
0
0
0
0
0
0
0
0
0
0
0
0
0
0
0
0
0
0
0
0
0
0
0
0
0
0
0
0
0
0
0
0
0
0
0
0
0
0.216906
8.79406
27.921
37.2116
44.3883
51.0078
57.1895
63.1494
68.8528
74.4472
80.1942
85.6933
91.0084
96.3732
101.391
106.243
111.082
115.416
119.764
124.088
128.215
131.958
133.395
134.733
136.057
137.385
138.601
139.673
140.645
141.496
142.14
142.547
142.754
142.8
142.684
142.388
141.913
141.281
140.532
139.706
138.832
137.934
137.035
136.158
135.324
134.54
133.802
133.104
132.44
131.821
130.228
128.409
126.663
125.03
123.47
122.169
120.927
119.653
118.314
116.948
115.586
114.259
112.962
111.674
110.364
109.008
107.616
106.211
104.815
103.451
102.102
100.719
99.249
97.7125
96.1776
94.6848
93.222
91.7205
90.1181
88.4201
86.7177
85.0962
83.5334
81.9214
80.1814
78.3734
76.6042
74.9435
73.3003
71.5436
69.6607
67.7657
66.0017
64.3558
62.6806
60.8633
58.9819
57.196
55.5673
54.0419
52.489
50.8555
49.2389
47.7832
46.5654
45.5449
44.6449
43.7567
0
0
0
0
0
0
0
0
0
0
0
0
0
0
0
0
0
0
0
0
0
0
0
0
0
0
0
0
0
0
0
0
0
0
0
0
0
0
0
0
0
0
0
0
5.49142
24.7697
34.911
41.9131
48.2105
54.2737
60.0464
65.7272
71.5902
77.1655
82.5356
88.0148
93.0808
98.0417
102.995
107.401
111.863
115.957
119.665
123.468
127.163
130.52
132.415
133.515
134.485
135.34
136.154
136.87
137.391
137.701
137.852
137.882
137.781
137.531
137.134
136.617
136.021
135.383
134.728
134.067
133.404
132.754
132.133
131.254
129.479
127.764
126.08
124.453
122.852
121.269
119.699
118.173
116.664
115.396
114.176
112.923
111.595
110.224
108.838
107.479
106.156
104.853
103.535
102.171
100.759
99.3213
97.8868
96.4908
95.1232
93.7346
92.2641
90.7134
89.1426
87.6107
86.1297
84.6365
83.0498
81.3489
79.6143
77.9561
76.385
74.7958
73.0806
71.2623
69.4544
67.7701
66.1495
64.4415
62.5832
60.6726
58.8879
57.2624
55.6543
53.9016
52.0571
50.2833
48.6815
47.2075
45.7242
44.1571
42.5759
41.1275
39.9145
38.911
38.0429
37.1852
0
0
0
0
0
0
0
0
0
0
0
0
0
0
0
0
0
0
0
0
0
0
0
0
0
0
0
0
0
0
0
0
0
0
0
0
0
0
0
0
0
0
0
0
0
4.80771
22.268
32.5961
39.3887
45.5999
51.4551
57.2287
63.2033
68.85
74.264
79.8523
84.9618
90.0168
95.0911
99.5629
104.168
108.366
112.155
115.976
119.38
122.392
125.407
128.276
130.717
132.065
132.741
133.324
133.726
133.952
134.064
134.097
134.033
133.851
133.554
133.167
132.723
132.251
131.771
130.393
128.788
127.159
125.543
123.972
122.441
120.925
119.393
117.856
116.295
114.74
113.186
111.662
110.146
108.874
107.647
106.395
105.065
103.684
102.274
100.881
99.5269
98.2054
96.882
95.5173
94.0951
92.6306
91.1591
89.728
88.3402
86.9493
85.485
83.9281
82.3266
80.7542
79.2499
77.7632
76.198
74.5044
72.7435
71.0468
69.4612
67.8949
66.2121
64.3956
62.5537
60.8404
59.2354
57.5755
55.7534
53.8359
52.0272
50.4094
48.8618
47.1747
45.3725
43.6106
42.0308
40.5923
39.1657
37.6654
36.1281
34.6942
33.4871
32.4921
31.6495
30.8327
0
0
0
0
0
0
0
0
0
0
0
0
0
0
0
0
0
0
0
0
0
0
0
0
0
0
0
0
0
0
0
0
0
0
0
0
0
0
0
0
0
0
0
0
0
0
4.27615
19.9687
30.1452
36.9772
43.0159
48.9237
55.0143
60.736
66.183
71.8767
77.029
82.1662
87.367
91.8804
96.6367
100.939
104.814
108.795
112.307
115.389
118.37
121.052
123.259
125.199
127.074
128.637
129.662
130.223
130.547
130.709
130.628
130.226
129.513
128.556
127.435
126.215
124.932
123.594
122.185
120.709
119.189
117.649
116.124
114.614
113.092
111.561
110.002
108.44
106.875
105.333
103.801
102.518
101.281
100.03
98.7007
97.3152
95.8869
94.462
93.0749
91.7334
90.4061
89.0462
87.6233
86.1411
84.6357
83.167
81.7564
80.3644
78.9123
77.3581
75.7326
74.1196
72.5861
71.1023
69.5622
67.8853
66.1063
64.3692
62.7622
61.216
59.5692
57.7659
55.8963
54.1496
52.5515
50.9359
49.1586
47.2438
45.4109
43.7879
42.289
40.6687
38.913
37.1615
35.5989
34.1779
32.7976
31.3655
29.8773
28.4632
27.2691
26.2886
25.4791
24.727
0
0
0
0
0
0
0
0
0
0
0
0
0
0
0
0
0
0
0
0
0
0
0
0
0
0
0
0
0
0
0
0
0
0
0
0
0
0
0
0
0
0
0
0
0
0
0
3.82425
17.6854
27.5907
34.4359
40.6976
46.9628
52.7907
58.2694
64.0673
69.2686
74.4764
79.8106
84.3485
89.2637
93.6571
97.6023
101.763
105.385
108.552
111.687
114.491
116.771
118.756
120.619
122.129
123.085
123.611
123.968
124.204
124.206
123.89
123.266
122.401
121.367
120.211
118.957
117.617
116.201
114.716
113.179
111.613
110.055
108.517
106.979
105.442
103.882
102.316
100.739
99.1754
97.6232
96.3268
95.0818
93.833
92.5092
91.1251
89.6846
88.2313
86.8108
85.447
84.1163
82.7661
81.3512
79.8606
78.3259
76.8182
75.3813
73.9877
72.552
71.009
69.3678
67.7156
66.1476
64.6618
63.1473
61.495
59.7064
57.9295
56.2941
54.7626
53.1512
51.3709
49.4813
47.6992
46.0995
44.5222
42.7995
40.9009
39.052
37.4175
35.9662
34.4166
32.7156
30.9761
29.4328
28.0209
26.6884
25.3202
23.8709
22.469
21.2948
20.3498
19.6015
18.9468
0
0
0
0
0
0
0
0
0
0
0
0
0
0
0
0
0
0
0
0
0
0
0
0
0
0
0
0
0
0
0
0
0
0
0
0
0
0
0
0
0
0
0
0
0
0
0
0
3.24106
14.9739
24.4696
32.0204
38.8068
44.9038
50.4565
56.3683
61.6382
66.9063
72.3834
76.9347
82.0166
86.4929
90.4984
94.8521
98.5622
101.808
105.124
108.061
110.43
112.529
114.539
116.155
117.167
117.744
118.186
118.517
118.583
118.291
117.665
116.785
115.728
114.546
113.26
111.884
110.432
108.912
107.342
105.743
104.149
102.576
101.017
99.4728
97.9152
96.3485
94.7641
93.1794
91.604
90.2904
89.0362
87.7912
86.4773
85.1008
83.6545
82.1768
80.7225
79.3337
77.999
76.6621
75.2625
73.7725
72.2147
70.6677
69.2009
67.8047
66.3881
64.8634
63.2151
61.527
59.9206
58.4282
56.9384
55.3169
53.5272
51.7135
50.0446
48.5237
46.946
45.198
43.2988
41.4853
39.8783
38.3375
36.6811
34.815
32.9683
31.334
29.9566
28.4957
26.8593
25.1361
23.6288
22.2533
21.0244
19.6967
18.2341
16.7845
15.6049
14.7087
14.0096
13.4336
0
0
0
0
0
0
0
0
0
0
0
0
0
0
0
0
0
0
0
0
0
0
0
0
0
0
0
0
0
0
0
0
0
0
0
0
0
0
0
0
0
0
0
0
0
0
0
0
0
1.87422
10.7053
20.6845
29.5141
36.6732
42.5343
48.6285
54.018
59.3428
64.9742
69.5363
74.7893
79.3478
83.4038
87.9675
91.7476
95.0693
98.5857
101.641
104.089
106.321
108.499
110.234
111.312
111.961
112.517
112.959
113.091
112.815
112.176
111.265
110.171
108.948
107.622
106.208
104.718
103.164
101.562
99.9313
98.2998
96.69
95.1059
93.5528
92.0001
90.4385
88.8512
87.2476
85.646
84.3102
83.0443
81.8031
80.5028
79.1399
77.6944
76.1966
74.7078
73.2902
71.9494
70.6278
69.2495
67.7684
66.1937
64.6078
63.1069
61.7054
60.3094
58.8097
57.1626
55.443
53.7953
52.2929
50.8279
49.2453
47.466
45.6235
43.9222
42.4148
40.8748
39.1728
37.2796
35.4512
33.8444
32.3584
30.776
28.9415
27.0955
25.4595
24.1956
22.844
21.2524
19.506
18.0237
16.6947
15.6738
14.3892
12.8766
11.3038
10.0405
9.28416
8.51898
7.70624
0
0
0
0
0
0
0
0
0
0
0
0
0
0
0
0
0
0
0
0
0
0
0
0
0
0
0
0
0
0
0
0
0
0
0
0
0
0
0
0
0
0
0
0
0
0
0
0
0
0
0.0129536
5.04175
16.4551
26.7211
33.781
40.4356
46.1125
51.5291
57.3271
61.9143
67.3338
71.9849
76.0801
80.8719
84.7089
88.1003
91.8419
94.9982
97.5188
99.9059
102.258
104.102
105.243
105.977
106.667
107.228
107.421
107.155
106.496
105.554
104.421
103.157
101.79
100.337
98.812
97.2269
95.5979
93.9399
92.2746
90.6276
89.016
87.4521
85.9057
84.3555
82.7738
81.1582
79.5318
78.1694
76.8871
75.6469
74.3618
73.0184
71.5826
70.0722
68.5501
67.0977
65.7433
64.4336
63.0799
61.6163
60.0329
58.4095
56.8672
55.4516
54.0714
52.6037
50.9696
49.2265
47.5367
46.0168
44.5752
43.0466
41.2969
39.4439
37.7245
36.2477
34.7662
33.1275
31.2527
29.4299
27.85
26.4887
24.9908
23.1542
21.2554
19.5189
18.2508
16.8673
15.2066
13.3216
11.7765
10.3985
8.96428
7.15648
5.50254
3.82468
2.49282
1.55027
0.718542
0
288.965
287.598
287.182
286.371
285.505
284.652
283.784
282.99
282.184
281.473
280.731
280.036
279.335
278.624
277.93
277.229
276.547
275.86
275.203
274.566
273.957
273.373
272.824
272.296
271.782
271.318
270.827
270.436
269.955
269.604
269.142
268.763
268.352
267.958
267.625
267.217
266.938
266.51
266.225
265.784
265.44
265.012
264.584
264.181
263.734
263.388
263.002
262.738
262.518
262.382
262.271
262.022
261.843
261.615
261.352
261.234
260.933
260.735
260.438
260.169
259.834
259.537
259.191
258.92
258.695
258.581
258.395
258.273
258.001
257.875
257.677
257.479
257.444
257.362
257.36
257.382
257.379
257.404
257.392
257.447
257.441
257.505
257.554
257.788
257.897
258.035
258.015
258.067
258.007
258.005
257.986
257.976
258.195
258.448
258.173
258.177
257.446
257.829
257.003
257.183
274.07
272.934
272.362
271.582
270.746
269.91
269.052
268.26
267.462
266.759
266.029
265.344
264.649
263.942
263.249
262.547
261.866
261.179
260.525
259.89
259.285
258.702
258.158
257.632
257.122
256.658
256.173
255.782
255.313
254.961
254.51
254.132
253.725
253.339
253.002
252.604
252.316
251.893
251.598
251.157
250.804
250.369
249.934
249.521
249.068
248.712
248.321
248.044
247.825
247.699
247.603
247.356
247.184
246.969
246.721
246.621
246.339
246.156
245.872
245.605
245.268
244.963
244.602
244.312
244.073
243.952
243.763
243.641
243.37
243.256
243.067
242.886
242.866
242.794
242.8
242.828
242.828
242.851
242.833
242.873
242.849
242.886
242.914
243.131
243.227
243.357
243.337
243.4
243.351
243.353
243.323
243.281
243.482
243.712
243.431
243.435
242.75
243.158
242.385
242.609
259.621
258.621
257.971
257.209
256.398
255.578
254.732
253.94
253.15
252.454
251.736
251.06
250.37
249.666
248.974
248.273
247.593
246.907
246.256
245.624
245.025
244.445
243.905
243.382
242.876
242.414
241.935
241.544
241.088
240.735
240.294
239.919
239.515
239.135
238.797
238.407
238.111
237.693
237.387
236.946
236.583
236.14
235.698
235.274
234.814
234.448
234.052
233.761
233.541
233.424
233.34
233.097
232.932
232.731
232.501
232.421
232.161
231.993
231.722
231.458
231.119
230.804
230.427
230.116
229.861
229.73
229.536
229.413
229.143
229.042
228.864
228.702
228.698
228.639
228.656
228.69
228.695
228.715
228.692
228.715
228.673
228.682
228.687
228.883
228.967
229.089
229.072
229.148
229.113
229.12
229.081
229.005
229.184
229.388
229.1
229.105
228.471
228.899
228.182
228.441
245.493
244.589
243.904
243.157
242.368
241.565
240.729
239.937
239.151
238.461
237.754
237.086
236.399
235.698
235.005
234.305
233.624
232.941
232.294
231.664
231.07
230.493
229.958
229.437
228.935
228.474
228.002
227.612
227.166
226.814
226.384
226.011
225.612
225.237
224.897
224.514
224.209
223.797
223.479
223.038
222.663
222.213
221.762
221.325
220.858
220.481
220.08
219.772
219.549
219.441
219.367
219.125
218.97
218.784
218.577
218.52
218.284
218.133
217.875
217.612
217.272
216.946
216.552
216.217
215.943
215.798
215.596
215.47
215.203
215.115
214.95
214.811
214.825
214.781
214.81
214.853
214.864
214.884
214.855
214.862
214.801
214.781
214.761
214.935
215.005
215.119
215.108
215.201
215.183
215.196
215.148
215.039
215.19
215.365
215.069
215.074
214.493
214.94
214.28
214.567
231.631
230.798
230.102
229.368
228.598
227.81
226.984
226.189
225.406
224.72
224.022
223.358
222.672
221.971
221.276
220.576
219.896
219.214
218.57
217.943
217.353
216.779
216.246
215.727
215.228
214.768
214.301
213.911
213.476
213.124
212.705
212.334
211.939
211.569
211.227
210.85
210.537
210.128
209.799
209.357
208.971
208.511
208.05
207.6
207.126
206.737
206.33
206.005
205.775
205.672
205.604
205.365
205.218
205.051
204.87
204.838
204.631
204.498
204.254
203.992
203.65
203.313
202.903
202.542
202.246
202.083
201.871
201.74
201.476
201.401
201.251
201.135
201.169
201.143
201.187
201.241
201.26
201.28
201.247
201.239
201.159
201.109
201.062
201.21
201.264
201.372
201.37
201.481
201.483
201.503
201.446
201.304
201.423
201.563
201.258
201.265
200.739
201.203
200.603
200.912
217.976
217.198
216.505
215.784
215.032
214.258
213.443
212.643
211.861
211.175
210.483
209.821
209.134
208.432
207.736
207.037
206.36
205.682
205.042
204.419
203.833
203.262
202.733
202.216
201.721
201.261
200.798
200.409
199.984
199.632
199.223
198.855
198.466
198.1
197.758
197.386
197.066
196.661
196.322
195.88
195.483
195.016
194.545
194.084
193.602
193.204
192.792
192.45
192.211
192.107
192.04
191.801
191.663
191.515
191.365
191.358
191.183
191.07
190.843
190.585
190.244
189.899
189.476
189.092
188.773
188.588
188.364
188.226
187.969
187.904
187.77
187.678
187.73
187.722
187.782
187.848
187.877
187.899
187.863
187.841
187.745
187.667
187.591
187.707
187.743
187.842
187.85
187.979
188.001
188.028
187.965
187.793
187.874
187.975
187.663
187.67
187.204
187.678
187.147
187.473
204.511
203.781
203.102
202.397
201.666
200.91
200.109
199.308
198.526
197.842
197.154
196.494
195.808
195.109
194.418
193.728
193.06
192.394
191.765
191.151
190.575
190.014
189.492
188.982
188.494
188.039
187.584
187.197
186.784
186.434
186.037
185.674
185.292
184.933
184.593
184.23
183.907
183.51
183.165
182.728
182.325
181.857
181.383
180.915
180.432
180.029
179.619
179.266
179.016
178.903
178.828
178.59
178.458
178.329
178.208
178.223
178.082
177.992
177.786
177.539
177.207
176.862
176.437
176.04
175.702
175.495
175.258
175.113
174.865
174.808
174.689
174.62
174.684
174.692
174.764
174.84
174.878
174.904
174.869
174.836
174.729
174.627
174.523
174.6
174.612
174.696
174.712
174.853
174.892
174.927
174.863
174.671
174.708
174.764
174.453
174.459
174.061
174.527
174.083
174.417
191.339
190.658
190.006
189.328
188.627
187.899
187.125
186.334
185.562
184.884
184.205
183.552
182.876
182.192
181.52
180.852
180.208
179.568
178.964
178.374
177.82
177.28
176.778
176.286
175.815
175.373
174.933
174.555
174.158
173.816
173.435
173.083
172.715
172.368
172.036
171.687
171.37
170.989
170.648
170.225
169.827
169.368
168.902
168.44
167.966
167.567
167.17
166.817
166.557
166.426
166.334
166.097
165.97
165.855
165.759
165.79
165.683
165.616
165.437
165.21
164.898
164.567
164.156
163.762
163.416
163.188
162.943
162.79
162.557
162.503
162.399
162.348
162.415
162.435
162.512
162.593
162.64
162.669
162.639
162.599
162.488
162.37
162.242
162.274
162.258
162.319
162.338
162.478
162.53
162.57
162.511
162.315
162.306
162.313
162.017
162.02
161.697
162.13
161.792
162.126
178.731
178.108
177.5
176.866
176.21
175.527
174.799
174.041
173.296
172.636
171.977
171.343
170.691
170.039
169.404
168.778
168.178
167.583
167.02
166.471
165.956
165.453
164.985
164.526
164.086
163.671
163.259
162.899
162.526
162.199
161.843
161.508
161.162
160.833
160.518
160.191
159.889
159.534
159.207
158.811
158.429
157.994
157.55
157.107
156.656
156.272
155.899
155.558
155.294
155.142
155.025
154.792
154.666
154.563
154.488
154.524
154.449
154.403
154.256
154.056
153.776
153.469
153.089
152.713
152.372
152.131
151.883
151.724
151.512
151.457
151.367
151.329
151.391
151.417
151.493
151.573
151.626
151.66
151.636
151.595
151.486
151.36
151.216
151.2
151.154
151.188
151.203
151.331
151.389
151.43
151.38
151.194
151.142
151.102
150.833
150.832
150.586
150.965
150.743
151.067
167.068
166.516
165.969
165.396
164.801
164.182
163.52
162.817
162.12
161.496
160.869
160.266
159.654
159.05
158.468
157.9
157.358
156.823
156.317
155.823
155.359
154.907
154.486
154.073
153.677
153.3
152.926
152.594
152.254
151.949
151.624
151.315
150.995
150.691
150.4
150.102
149.823
149.5
149.197
148.836
148.481
148.081
147.671
147.259
146.841
146.482
146.142
145.825
145.565
145.394
145.254
145.03
144.907
144.814
144.755
144.79
144.742
144.715
144.599
144.429
144.185
143.91
143.57
143.226
142.902
142.657
142.414
142.254
142.066
142.01
141.931
141.904
141.956
141.985
142.056
142.132
142.188
142.225
142.209
142.169
142.068
141.941
141.788
141.73
141.658
141.665
141.674
141.782
141.838
141.875
141.834
141.665
141.578
141.499
141.265
141.259
141.086
141.4
141.288
141.595
156.68
156.207
155.731
155.23
154.707
154.162
153.578
152.945
152.312
151.735
151.151
150.588
150.023
149.475
148.955
148.452
147.973
147.503
147.059
146.625
146.219
145.825
145.459
145.1
144.754
144.423
144.094
143.798
143.496
143.222
142.932
142.653
142.365
142.09
141.826
141.56
141.308
141.023
140.749
140.426
140.105
139.745
139.373
138.997
138.618
138.293
137.999
137.719
137.479
137.302
137.151
136.948
136.836
136.755
136.711
136.742
136.716
136.703
136.616
136.477
136.273
136.037
135.746
135.447
135.157
134.924
134.7
134.55
134.391
134.336
134.271
134.251
134.293
134.322
134.386
134.456
134.512
134.55
134.542
134.505
134.414
134.293
134.143
134.057
133.969
133.955
133.959
134.044
134.092
134.12
134.084
133.937
133.83
133.726
133.533
133.523
133.414
133.661
133.638
133.915
147.699
147.304
146.902
146.475
146.027
145.557
145.054
144.498
143.935
143.411
142.874
142.356
141.842
141.351
140.89
140.449
140.031
139.622
139.236
138.861
138.512
138.178
137.873
137.576
137.29
137.014
136.739
136.489
136.234
135.999
135.752
135.512
135.263
135.023
134.794
134.564
134.346
134.102
133.863
133.585
133.302
132.986
132.657
132.32
131.979
131.682
130.855
130.062
129.356
128.791
128.298
127.727
127.415
127.211
127.13
127.235
127.224
127.231
127.037
126.682
126.145
125.504
124.725
123.915
123.117
122.451
121.828
121.406
121.003
120.85
120.692
120.659
120.768
120.867
121.058
121.267
121.449
121.578
121.576
121.471
121.218
120.862
120.417
120.102
119.815
119.738
119.748
119.955
120.084
120.146
120.04
119.647
119.28
118.92
118.443
118.408
118.228
118.818
118.942
119.687
140.068
139.745
139.412
139.055
138.679
138.284
137.862
137.391
136.909
136.449
135.97
135.507
135.051
134.621
134.22
133.838
133.475
133.121
132.787
132.463
132.162
131.878
131.479
130.69
129.931
129.202
128.479
127.817
127.149
126.527
125.878
125.241
124.581
123.94
123.329
122.722
122.144
121.504
120.868
120.137
119.383
118.542
117.657
116.743
115.81
114.986
114.239
113.512
112.85
112.293
111.803
111.296
111.032
110.886
110.871
111.016
111.085
111.154
111.038
110.755
110.296
109.721
109.018
108.276
107.534
106.897
106.316
105.924
105.582
105.449
105.329
105.327
105.444
105.569
105.78
106.011
106.225
106.38
106.403
106.304
106.06
105.701
105.252
104.9
104.604
104.517
104.543
104.742
104.881
104.935
104.824
104.443
104.036
103.633
103.213
103.173
103.095
103.609
103.86
104.541
133.695
133.433
133.159
132.861
132.545
132.209
131.852
130.929
129.601
128.314
126.962
125.658
124.397
123.225
122.141
121.112
120.138
119.19
118.295
117.426
116.619
115.858
115.162
114.491
113.848
113.229
112.62
112.059
111.498
110.973
110.427
109.884
109.318
108.762
108.23
107.697
107.183
106.617
106.044
105.389
104.705
103.939
103.125
102.273
101.392
100.594
99.8443
99.1086
98.4325
97.8462
97.3291
96.8379
96.5923
96.4816
96.5182
96.712
96.8545
96.9853
96.9298
96.6877
96.2574
95.6885
94.9859
94.2357
93.4823
92.8246
92.2391
91.8443
91.5257
91.4003
91.3039
91.3279
91.4646
91.6256
91.873
92.1483
92.4107
92.6058
92.6567
92.56
92.3029
91.9128
91.4306
91.0338
90.7189
90.626
90.6723
90.8906
91.0575
91.116
90.9914
90.5857
90.1201
89.6611
89.2478
89.1993
89.1831
89.6876
90.0335
90.7068
121.045
120.368
119.655
118.868
118.026
117.12
116.144
115.04
113.89
112.754
111.551
110.387
109.267
108.226
107.259
106.336
105.458
104.602
103.789
102.998
102.257
101.554
100.899
100.265
99.6572
99.0751
98.5067
97.9829
97.4647
96.9781
96.4756
95.9717
95.444
94.9209
94.4163
93.9075
93.4099
92.8623
92.3002
91.6625
90.9916
90.2458
89.4504
88.6158
87.7505
86.9566
86.2015
85.4576
84.768
84.1532
83.6109
83.1314
82.889
82.7911
82.8516
83.0665
83.2547
83.4246
83.4138
83.204
82.7955
82.2297
81.5275
80.7737
80.0168
79.347
78.7602
78.3603
78.0563
77.9302
77.8492
77.8889
78.0371
78.2242
78.4984
78.8073
79.1099
79.3414
79.42
79.3277
79.062
78.6491
78.1454
77.7181
77.3925
77.2937
77.3517
77.5787
77.7656
77.8279
77.6917
77.2703
76.7641
76.2657
75.8628
75.8022
75.8326
76.3187
76.7376
77.3936
106.57
105.962
105.319
104.606
103.839
103.005
102.1
101.07
99.9958
98.9244
97.7921
96.6955
95.6418
94.6559
93.7304
92.8402
91.9892
91.1595
90.3691
89.6028
88.8843
88.2063
87.5741
86.9667
86.3858
85.8305
85.2921
84.7933
84.3043
83.8427
83.3702
82.8946
82.3955
81.8959
81.4117
80.9203
80.4332
79.8973
79.3396
78.7147
78.0577
77.3378
76.5739
75.775
74.9484
74.1818
73.4315
72.6807
71.98
71.3424
70.7811
70.3106
70.054
69.9417
69.9885
70.1814
70.3707
70.5393
70.5442
70.3497
69.9537
69.39
68.6952
67.9504
67.2044
66.5341
65.9497
65.5386
65.2364
65.0955
65.0161
65.0555
65.1998
65.3971
65.6797
66.0022
66.3244
66.5767
66.6757
66.5902
66.3252
65.9076
65.4058
64.9702
64.6463
64.54
64.5955
64.8107
65.0002
65.0594
64.9159
64.4969
63.9777
63.4659
63.0832
63.0089
63.0711
63.5201
63.9832
64.6011
93.6658
93.0498
92.4046
91.6996
90.9501
90.1446
89.2798
88.3181
87.3206
86.3218
85.2772
84.2615
83.2801
82.3474
81.4567
80.5904
79.7557
78.9424
78.1645
77.4125
76.7058
76.0432
75.4272
74.8415
74.2834
73.7506
73.2359
72.7536
72.2824
71.833
71.3778
70.9191
70.4392
69.9553
69.484
69.0028
68.5215
67.9947
67.4406
66.8299
66.192
65.5075
64.7907
64.0512
63.2948
62.5877
61.8579
61.0915
60.375
59.7195
59.1465
58.6809
58.3967
58.2471
58.2456
58.3743
58.5174
58.6383
58.6184
58.4084
58.0031
57.4328
56.7504
56.0256
55.3006
54.6343
54.0478
53.6121
53.2909
53.113
53.0107
53.0239
53.1391
53.3216
53.5872
53.8966
54.2089
54.456
54.5586
54.4777
54.2228
53.8224
53.3497
52.9312
52.622
52.5058
52.5422
52.7195
52.8855
52.9286
52.7807
52.3838
51.8841
51.39
51.0387
50.9513
51.0286
51.4201
51.8891
52.441
82.3953
81.7349
81.0546
80.3265
79.5673
78.7683
77.929
77.0267
76.103
75.1802
74.2298
73.2997
72.3915
71.5108
70.6542
69.8116
68.9943
68.1992
67.4363
66.6997
66.0038
65.3509
64.7443
64.1746
63.6351
63.121
62.6254
62.1544
61.6935
61.2483
60.8004
60.347
59.8748
59.3962
58.9266
58.4394
57.9535
57.431
56.8812
56.2863
55.6686
55.0189
54.3518
53.6825
53.0161
52.3946
51.7061
50.9067
50.164
49.4938
48.917
48.4558
48.1447
47.9524
47.8859
47.9285
47.9955
48.0376
47.9557
47.6949
47.2509
46.6608
45.9955
45.301
44.603
43.9423
43.3505
42.8842
42.5303
42.2944
42.1387
42.0894
42.1357
42.259
42.4654
42.7269
42.9917
43.1982
43.2777
43.1922
42.9528
42.5896
42.1707
41.7917
41.5054
41.3732
41.37
41.4786
41.5869
41.593
41.4391
41.0823
40.6363
40.1937
39.8861
39.7878
39.8595
40.1699
40.5949
41.0459
72.7705
72.0575
71.3344
70.573
69.7898
68.9796
68.145
67.2766
66.4028
65.5373
64.6618
63.8027
62.9579
62.1214
61.2952
60.4764
59.6804
58.9115
58.1767
57.4682
56.7925
56.1532
55.5474
54.9823
54.4528
53.9524
53.4724
53.0125
52.5616
52.1215
51.6807
51.2318
50.7681
50.2948
49.8213
49.3072
48.7971
48.2666
47.7182
47.1369
46.5345
45.909
45.2818
44.6778
44.0985
43.5588
42.9225
42.0796
41.3075
40.6279
40.0563
39.605
39.2833
39.0651
38.9475
38.9162
38.9102
38.8712
38.711
38.3801
37.8853
37.2752
36.6323
35.9758
35.3124
34.6672
34.0798
33.5969
33.2191
32.9272
32.7077
32.579
32.5306
32.5553
32.6574
32.823
32.9914
33.1107
33.1267
33.0129
32.7799
32.4565
32.0952
31.7564
31.4822
31.3146
31.2426
31.2463
31.2567
31.1976
31.0291
30.7237
30.3606
30.0005
29.7488
29.6417
29.683
29.8833
30.2026
30.5095
64.4367
63.6899
62.9425
62.1619
61.3615
60.5356
59.6866
58.8208
57.9632
57.1253
56.2942
55.4826
54.6857
53.8797
53.0739
52.2723
51.4963
50.7573
50.0614
49.3927
48.7469
48.1283
47.5147
46.9411
46.4103
45.9168
45.449
45.0013
44.5629
44.1329
43.7058
43.2709
42.8273
42.37
41.8974
41.3474
40.798
40.2458
39.6924
39.1182
38.5222
37.9075
37.3068
36.7532
36.2383
35.7492
35.1609
34.2845
33.4942
32.8143
32.2553
31.821
31.5071
31.2877
31.151
31.0801
31.0284
30.9298
30.6996
30.3006
29.7612
29.1454
28.533
27.9191
27.3
26.6905
26.1311
25.6624
25.2922
24.979
24.725
24.5435
24.421
24.3514
24.3376
24.3752
24.4117
24.4054
24.3184
24.1408
23.8794
23.5548
23.1983
22.8435
22.5259
22.2793
22.1035
21.9763
21.8633
21.7193
21.5259
21.2694
20.9976
20.7338
20.5452
20.437
20.4334
20.512
20.6822
20.8146
56.9007
56.1435
55.3935
54.614
53.8129
52.978
52.1046
51.2192
50.3525
49.5212
48.7139
47.9323
47.1685
46.3777
45.5789
44.7827
44.0186
43.3041
42.646
42.0177
41.4017
40.8037
40.1803
39.5936
39.0561
38.565
38.1065
37.6705
37.2456
36.8288
36.4191
36.0037
35.5857
35.1504
34.686
34.1172
33.5349
32.9606
32.3993
31.8255
31.2271
30.6112
30.0217
29.4989
29.0219
28.5519
28.0147
27.1241
26.3295
25.6555
25.1103
24.693
24.3924
24.1823
24.046
23.9619
23.8885
23.7509
23.4599
22.9935
22.4167
21.8103
21.2309
20.646
20.0644
19.4979
18.9809
18.5531
18.2183
17.9258
17.6842
17.501
17.3622
17.257
17.1816
17.1326
17.0683
16.9476
16.7377
16.4309
16.0204
15.5206
14.985
14.4727
14.0419
13.7226
13.4856
13.2917
13.1201
12.946
12.7682
12.5837
12.4178
12.2686
12.1622
12.0866
12.0561
12.0464
12.0718
12.0255
49.8096
49.0522
48.3066
47.5369
46.7458
45.9113
45.0122
44.0979
43.2095
42.3759
41.5861
40.8287
40.091
39.3075
38.5081
37.7079
36.9478
36.25
35.6236
35.0318
34.4428
33.8652
33.241
32.6456
32.1015
31.6114
31.1589
30.732
30.3173
29.9107
29.5147
29.1158
28.7211
28.3089
27.8626
27.3139
26.7169
26.1275
25.5586
24.9799
24.3702
23.7403
23.1423
22.6314
22.179
21.7119
21.219
20.3032
19.5023
18.8323
18.2965
17.8898
17.5961
17.3887
17.2505
17.1561
17.0613
16.874
16.4929
15.9541
15.3536
14.7393
14.1475
13.5352
12.9577
12.4091
11.9162
11.5274
11.2213
10.9473
10.7294
10.5628
10.4405
10.3545
10.2907
10.2311
10.1272
9.91057
9.50487
8.84299
7.94483
7.04794
6.40608
6.06524
6.00206
5.9514
5.86531
5.75854
5.63879
5.49928
5.34863
5.18618
5.0313
4.88998
4.78596
4.72693
4.71659
4.74119
4.77916
4.67493
43.0114
42.2524
41.506
40.7443
39.967
39.1429
38.2249
37.2839
36.3698
35.5298
34.7561
34.0235
33.3121
32.5429
31.7445
30.9367
30.1759
29.4886
28.8887
28.3301
27.7696
27.2234
26.621
26.0254
25.4765
24.9855
24.5342
24.1092
23.6949
23.2868
22.8886
22.4928
22.118
21.7267
21.2963
20.8079
20.1975
19.5879
19.0045
18.4114
17.7781
17.1196
16.4899
15.9917
15.5564
15.0659
14.5058
13.4821
12.6517
11.9825
11.4587
11.0692
10.7867
10.5772
10.4316
10.3201
10.185
9.90711
9.43634
8.88684
8.13885
7.35497
6.59536
5.84457
5.09715
4.34376
3.64924
3.06838
2.60003
2.19331
1.87839
1.65021
1.49651
1.40245
1.3471
1.29373
1.18253
0.955986
0.628213
0.296286
0.0663374
7.78408e-05
0
0
0
0
0
0
0
0
0
0
0
0
0
0
0
0
0
0
36.4562
35.6928
34.9376
34.1781
33.414
32.6124
31.6944
30.7393
29.8007
28.9516
28.1922
27.4868
26.8094
26.0791
25.2893
24.4699
23.6997
23.009
22.4234
21.8922
21.3603
20.8583
20.3066
19.7098
19.149
18.6505
18.1922
17.7595
17.332
16.9057
16.4794
16.0579
15.7053
15.334
14.877
14.3883
13.6965
13.0273
12.4015
11.7759
11.1094
10.4416
9.80751
9.36655
8.87464
8.20273
7.17245
5.80153
4.71413
3.81579
3.09646
2.55522
2.15974
1.87944
1.69004
1.54481
1.35964
1.00841
0.518933
0.132603
1.98089e-06
0
0
0
0
0
0
0
0
0
0
0
0
0
0
0
0
0
0
0
0
0
0
0
0
0
0
0
0
0
0
0
0
0
0
0
0
0
0
0
30.1287
29.3629
28.593
27.8299
27.0798
26.3173
25.4325
24.4782
23.5131
22.6457
21.8939
21.2194
20.5861
19.9314
19.1482
18.3011
17.5017
16.7793
16.1748
15.6574
15.1613
14.6532
14.0959
13.4347
12.8152
12.2814
11.799
11.3525
10.9115
10.4818
10.0374
9.58294
9.23538
8.85384
8.30912
7.33017
6.36013
5.5115
4.68841
3.8374
2.90728
1.97655
1.18383
0.603248
0.203209
0.000971684
0
0
0
0
0
0
0
0
0
0
0
0
0
0
0
0
0
0
0
0
0
0
0
0
0
0
0
0
0
0
0
0
0
0
0
0
0
0
0
0
0
0
0
0
0
0
0
0
0
0
0
0
0
0
24.0581
23.292
22.501
21.7286
20.9992
20.2979
19.4863
18.5311
17.515
16.5944
15.8202
15.1888
14.5585
13.9404
13.0877
12.1567
11.3042
10.5532
9.91417
9.37135
8.95504
8.32382
7.33246
6.3666
5.57004
4.88387
4.25328
3.65148
3.04578
2.44717
1.8408
1.28327
0.804798
0.409929
0.0779036
0
0
0
0
0
0
0
0
0
0
0
0
0
0
0
0
0
0
0
0
0
0
0
0
0
0
0
0
0
0
0
0
0
0
0
0
0
0
0
0
0
0
0
0
0
0
0
0
0
0
0
0
0
0
0
0
0
0
0
0
0
0
0
0
0
18.3115
17.5305
16.6927
15.8868
15.1854
14.5329
13.7682
12.7477
11.6315
10.6138
9.763
9.20211
8.50596
7.55746
6.25263
5.00863
3.87336
2.88491
2.05439
1.36478
0.797556
0.273464
0
0
0
0
0
0
0
0
0
0
0
0
0
0
0
0
0
0
0
0
0
0
0
0
0
0
0
0
0
0
0
0
0
0
0
0
0
0
0
0
0
0
0
0
0
0
0
0
0
0
0
0
0
0
0
0
0
0
0
0
0
0
0
0
0
0
0
0
0
0
0
0
0
0
0
0
0
0
12.7933
11.9555
11.0263
10.1223
9.47941
8.80895
7.74729
6.14129
4.62031
3.25448
2.17447
1.34365
0.580901
0
0
0
0
0
0
0
0
0
0
0
0
0
0
0
0
0
0
0
0
0
0
0
0
0
0
0
0
0
0
0
0
0
0
0
0
0
0
0
0
0
0
0
0
0
0
0
0
0
0
0
0
0
0
0
0
0
0
0
0
0
0
0
0
0
0
0
0
0
0
0
0
0
0
0
0
0
0
0
0
0
0
0
0
0
0
0
6.692
5.50742
4.17451
2.92085
1.88634
0.932742
0
0
0
0
0
0
0
0
0
0
0
0
0
0
0
0
0
0
0
0
0
0
0
0
0
0
0
0
0
0
0
0
0
0
0
0
0
0
0
0
0
0
0
0
0
0
0
0
0
0
0
0
0
0
0
0
0
0
0
0
0
0
0
0
0
0
0
0
0
0
0
0
0
0
0
0
0
0
0
0
0
0
0
0
0
0
0
0
0
0
0
0
0
0
0
0
0
0
0
0
0
0
0
0
0
0
0
0
0
0
0
0
0
0
0
0
0
0
0
0
0
0
0
0
0
0
0
0
0
0
0
0
0
0
0
0
0
0
0
0
0
0
0
0
0
0
0
0
0
0
0
0
0
0
0
0
0
0
0
0
0
0
0
0
0
0
0
0
0
0
0
0
0
0
0
0
0
0
0
0
0
0
0
0
0
0
0
0
0
0
0
0
0
0
0
0
0
0
0
0
0
0
0
0
0
0
0
0
0
0
0
0
0
0
0
0
0
0
0
0
0
0
0
0
0
0
0
0
0
0
0
0
0
0
0
0
0
0
0
0
0
0
0
0
0
0
0
0
0
0
0
0
0
0
0
0
0
0
0
0
0
0
0
0
0
0
0
0
0
0
0
0
0
0
0
0
0
0
0
0
0
0
0
0
0
0
0
0
0
0
0
0
0
0
0
0
0
0
0
0
0
0
0
0
0
0
0
0
0
0
0
0
0
0
0
0
0
0
0
0
0
0
0
0
0
0
0
0
0
0
0
0
0
0
0
0
0
0
0
0
0
0
0
0
0
0
0
0
0
0
0
0
0
0
0
0
0
0
0
0
0
0
0
0
0
0
0
0
0
0
0
0
0
0
0
0
0
0
0
0
0
0
0
0
0
0
0
0
0
0
0
0
0
0
0
0
0
0
0
0
0
0
0
0
0
0
0
0
0
0
0
0
0
0
0
0
0
0
0
0
0
0
0
0
0
0
0
0
0
0
0
0
0
0
0
0
0
0
0
0
0
0
0
0
0
0
0
0
0
0
0
0
0
0
0
0
0
0
0
0
0
0
0
0
0
0
0
0
0
0
0
0
0
0
0
0
0
0
0
0
0
0
0
0
0
0
0
0
0
0
0
0
0
0
0
0
0
0
0
0
0
0
0
0
0
0
0
0
0
0
0
0
0
0
0
0
0
0
0
0
0
0
0
0
0
0
0
0
0
0
0
0
0
0
0
0
0
0
0
0
0
0
0
0
0
0
0
0
0
0
0
0
0
0
0
0
0
0
0
0
0
0
0
0
0
0
0
0
0
0
0
0
0
0
0
0
0
0
0
0
0
0
0
0
0
0
0
0
0
0
0
0
0
0
0
0
0
0
0
0
0
0
0
0
0
0
0
0
0
0
0
0
0
0
0
0
0
0
0
0
0
0
0
0
0
0
0
0
0
0
0
0
0
0
0
0
0
0
0
0
0
0
0
0
0
0
0
0
0
0
0
0
0
0
0
0
0
0
0
0
0
0
0
0
0
0
0
0
0
0
0
0
0
0
0
0
0
0
0
0
0
0
0
0
0
0
0
0
0
0
0
0
0
0
0
0
0
0
0
0
0
0
0
0
0
0
0
0
0
0
0
0
0
0
0
0
0
0
0
0
0
0
0
0
0
0
0
0
0
0
0
0
0
0
0
0
0
0
0
0
0
0
0
0
0
0
0
0
0
0
0
0
0
0
0
0
0
0
0
0
0
0
0
0
0
0
0
0
0
0
0
0
0
0
0
0
0
0
0
0
0
0
0
0
0
0
0
0
0
0
0
0
0
0
0
0
0
0
0
0
0
0
0
0
0
0
0
0
0
0
0
0
0
0
0
0
0
0
0
0
0
0
0
0
0
0
0
0
0
0
0
0
0
0
0
0
0
0
0
0
0
0
0
0
0
0
0
0
0
0
0
0
0
0
0
0
0
0
0
0
0
0
0
0
0
0
0
0
0
0
0
0
0
0
0
0
0
0
0
0
0
0
0
0
0
0
0
0
0
0
0
0
0
0
0
0
0
0
0
0
0
0
0
0
0
0
0
0
0
0
0
0
0
0
0
0
0
0
0
0
0
0
0
0
0
0
0
0
0
0
0
0
0
0
0
0
0
0
0
0
0
0
0
0
0
0
0
0
0
0
0
0
0
0
0
0
0
0
0
0
0
0
0
0
0
0
0
0
0
0
0
0
0
0
0
0
0
0
0
0
0
0
0
0
0
0
0
0
0
0
0
0
0
0
0
0
0
0
0
0
0
0
0
0
0
0
0
0
0
0
0
0
0
0
0
0
0
0
0
0
0
0
0
0
0
0
0
0
0
0
0
0
0
0
0
0
0
0
0
0
0
0
0
0
0
0
0
0
0
0
0
0
0
0
0
0
0
0
0
0
0
0
0
0
0
0
0
0
0
0
0
0
0
0
0
0
0
0
0
0
0
0
0
0
0
0
0
0
0
0
0
0
0
0
0
0
0
0
0
0
0
0
0
0
0
0
0
0
0
0
0
0
0
0
0
0
0
0
0
0
0
0
0
0
0
0
0
0
0
0
0
0
0
0
0
0
0
0
0
0
0
0
0
0
0
0
0
0
0
0
0
0
0
0
0
0
0
0
0
0
0
0
0
0
0
0
0
0
0
0
0
0
0
0
0
0
0
0
0
0
0
0
0
0
0
0
0
0
0
0
0
0
0
0
0
0
0
0
0
0
0
0
0
0
0
0
0
0
0
0
0
0
0
0
0
0
0
0
0
0
0
0
0
0
0
0
0
0
0
0
0
0
0
0
0
0
0
0
0
0
0
0
0
0
0
0
0
0
0
0
0
0
0
0
0
0
0
0
0
0
0
0
0
0
0
0
0
0
0
0
0
0
0
0
0
0
0
0
0
0
0
0
0
0
0
0
0
0
0
0
0
0
0
0
0
0
0
0
0
0
0
0
0
0
0
0
0
0
0
0
0
0
0
0
0
0
0
0
0
0
0
0
0
0
0
0
0
0
0
0
0
0
0
0
0
0
0
0
0
0
0
0
0
0
0
0
0
0
0
0
0
0
0
0
0
0
0
0
0
0
0
0
0
0
0
0
0
0
0
0
0
0
0
0
0
0
0
0
0
0
0
0
0
0
0
0
0
0
0
0
0
0
0
0
0
0
0
0
0
0
0
0
0
0
0
0
0
0
0
0
0
0
0
0
0
0
0
0
0
0
0
0
0
0
0
0
0
0
0
0
0
0
0
0
0
0
0
0
0
0
0
0
0
0
0
0
0
0
0
0
0
0
0
0
0
0
0
0
0
0
0
0
0
0
0
0
0
0
0
0
0
0
0
0
0
0
0
0
0
0
0
0
0
0
0
0
0
0
0
0
0
0
0
0
0
0
0
0
0
0
0
0
0
0
0
0
0
0
0
0
0
0
0
0
0
0
0
0
0
0
0
0
0
0
0
0
0
0
0
0
0
0
0
0
0
0
0
0
0
0
0
0
0
0
0
0
0
0
0
0
0
0
0
0
0
0
0
0
0
0
0
0
0
0
0
0
0
0
0
0
0
0
0
0
0
0
0
0
0
0
0
0
0
0
0
0
0
0
0
0
0
0
0
0
0
0
0
0
0
0
0
0
0
0
0
0
0
0
0
0
0
0
0
0
0
0
0
0
0
0
0
0
0
0
0
0
0
0
0
0
0
0
0
0
0
0
0
0
0
0
0
0
0
0
0
0
0
0
0
0
0
0
0
0
0
0
0
0
0
0
0
0
0
0
0
0
0
0
0
0
0
0
0
0
0
0
0
0
0
0
0
0
0
0
0
0
0
0
0
0
0
0
0
0
0
0
0
0
0
0
0
0
0
0
0
0
0
0
0
0
0
0
0
0
0
0
0
0
0
0
0
0
0
0
0
0
0
0
0
0
0
0
0
0
0
0
0
0
0
0
0
0
0
0
0
0
0
0
0
0
0
0
0
0
0
0
0
0
0
0
0
0
0
0
0
0
0
0
0
0
0
0
0
0
0
0
0
0
0
0
0
0
0
0
0
0
0
0
0
0
0
0
0
0
0
0
0
0
0
0
0
0
0
0
0
0
0
0
0
0
0
0
0
0
0
0
0
0
0
0
0
0
0
0
0
0
0
0
0
0
0
0
0
0
0
0
0
0
0
0
0
0
0
0
0
0
0
0
0
0
0
0
0
0
0
0
0
0
0
0
0
0
0
0
0
0
0
0
0
0
0
0
0
0
0
0
0
0
0
0
0
0
0
0
0
0
0
0
0
0
0
0
0
0
0
0
0
0
0
0
0
0
0
0
0
0
0
0
0
0
0
0
0
0
0
0
0
0
0
0
0
0
0
0
0
0
0
0
0
0
0
0
0
0
0
0
0
0
0
0
0
0
0
0
0
0
0
0
0
0
0
0
0
0
0
0
0
0
0
0
0
0
0
0
0
0
0
0
0
0
0
0
0
0
0
0
0
0
0
0
0
0
0
0
0
0
0
0
0
0
0
0
0
0
0
0
0
0
0
0
0
0
0
0
0
0
0
0
0
0
0
0
0
0
0
0
0
0
0
0
0
0
0
0
0
0
0
0
0
0
0
0
0
0
0
0
0
0
0
0
0
0
0
0
0
0
0
0
0
0
0
0
0
0
0
0
0
0
0
0
0
0
0
0
0
0
0
0
0
0
0
0
0
0
0
0
0
0
0
0
0
0
0
0
0
0
0
0
0
0
0
0
0
0
0
0
0
0
0
0
0
0
0
0
0
0
0
0
0
0
0
0
0
0
0
0
0
0
0
0
0
0
0
0
0
0
0
0
0
0
0
0
0
0
0
0
0
0
0
0
0
0
0
0
0
0
0
0
0
0
0
0
0
0
0
0
0
0
0
0
0
0
0
0
0
0
0
0
0
0
0
0
0
0
0
0
0
0
0
0
0
0
0
0
0
0
0
0
0
0
0
0
0
0
0
0
0
0
0
0
0
0
0
0
0
0
0
0
0
0
0
0
0
0
0
0
0
0
0
0
0
0
0
0
0
0
0
0
0
0
0
0
0
0
0
0
0
0
0
0
0
0
0
0
0
0
0
0
0
0
0
0
0
0
0
0
0
0
0
0
0
0
0
0
0
0
0
0
0
0
0
0
0
0
0
0
0
0
0
0
0
0
0
0
0
0
0
0
0
0
0
0
0
0
0
0
0
0
0
0
0
0
0
0
0
0
0
0
0
0
0
0
0
0
0
0
0
0
0
0
0
0
0
0
0
0
0
0
0
0
0
0
0
0
0
0
0
0
0
0
0
0
0
0
0
0
0
0
0
0
0
0
0
0
0
0
0
0
0
0
0
0
0
0
0
0
0
0
0
0
0
0
0
0
0
0
0
0
0
0
0
0
0
0
0
0
0
0
0
0
0
0
0
0
0
0
0
0
0
0
0
0
0
0
0
0
0
0
0
0
0
0
0
0
0
0
0
0
0
0
0
0
0
0
0
0
0
0
0
0
0
0
0
0
0
0
0
0
0
0
0
0
0
0
0
0
0
0
0
0
0
0
0
0
0
0
0
0
0
0
0
0
0
0
0
0
0
0
0
0
0
0
0
0
0
0
0
0
0
0
0
0
0
0
0
0
0
0
0
0
0
0
0
0
0
0
0
0
0
0
0
0
0
0
0
0
0
0
0
0
0
0
0
0
0
0
0
0
0
0
0
0
0
0
0
0
0
0
0
0
0
0
0
0
0
0
0
0
0
0
0
0
0
0
0
0
0
0
0
0
0
0
0
0
0
0
0
0
0
0
0
0
0
0
0
0
0
0
0
0
0
0
0
0
0
0
0
0
0
0
0
0
0
0
0
0
0
0
0
0
0
0
0
0
0
0
0
0
0
0
0
0
0
0
0
0
0
0
0
0
0
0
0
0
0
0
0
0
0
0
0
0
0
0
0
0
0
0
0
0
0
0
0
0
0
0
0
0
0
0
0
0
0
0
0
0
0
0
0
0
0
0
0
0
0
0
0
0
0
0
0
0
0
0
0
0
0
0
0
0
0
0
0
0
0
0
0
0
0
0
0
0
0
0
0
0
0
0
0
0
0
0
0
0
0
0
0
0
0
0
0
0
0
0
0
0
0
0
0
0
0
0
0
0
0
0
0
0
0
0
0
0
0
0
0
0
0
0
0
0
0
0
0
0
0
0
0
0
0
0
0
0
0
0
0
0
0
0
0
0
0
0
0
0
0
0
0
0
0
0
0
0
0
0
0
0
0
0
0
0
0
0
0
0
0
0
0
0
0
0
0
0
0
0
0
0
0
0
0
0
0
0
0
0
0
0
0
0
0
0
0
0
0
0
0
0
0
0
0
0
0
0
0
0
0
0
0
0
0
0
0
0
0
0
0
0
0
0
0
0
0
0
0
0
0
0
0
0
0
0
0
0
0
0
0
0
0
0
0
0
0
0
0
0
0
0
0
0
0
0
0
0
0
0
0
0
0
0
0
0
0
0
0
0
0
0
0
0
0
0
0
0
0
0
0
0
0
0
0
0
0
0
0
0
0
0
0
0
0
0
0
0
0
0
0
0
0
0
0
0
0
0
0
0
0
0
0
0
0
0
0
0
0
0
0
0
0
0
0
0
0
0
0
0
0
0
0
0
0
0
0
0
0
0
0
0
0
0
0
0
0
0
0
0
0
0
0
0
0
0
0
0
0
0
0
0
0
0
0
0
0
0
0
0
0
0
0
0
0
0
0
0
0
0
0
0
0
0
0
0
0
0
0
0
0
0
0
0
0
0
0
0
0
0
0
0
0
0
0
0
0
0
0
0
0
0
0
0
0
0
0
0
0
0
0
0
0
0
0
0
0
0
0
0
0
0
0
0
0
0
0
0
0
0
0
0
0
0
0
0
0
0
0
0
0
0
0
0
0
0
0
0
0
0
0
0
0
0
0
0
0
0
0
0
0
0
0
0
0
0
0
0
0
0
0
0
0
0
0
0
0
0
0
0
0
0
0
0
0
0
0
0
0
0
0
0
0
0
0
0
0
0
0
0
0
0
0
0
0
0
0
0
0
0
0
0
0
0
0
0
0
0
0
0
0
0
0
0
0
0
0
0
0
0
0
0
0
0
0
0
0
0
0
0
0
0
0
0
0
0
0
0
0
0
0
0
0
0
0
0
0
0
0
0
0
0
0
0
0
0
0
0
0
0
0
0
0
0
0
0
0
0
0
0
0
0
0
0
0
0
0
0
0
0
0
0
0
0
0
0
0
0
0
0
0
0
0
0
0
0
0
0
0
0
0
0
0
0
0
0
0
0
0
0
0
0
0
0
0
0
0
0
0
0
0
0
0
0
0
0
0
0
0
0
0
0
0
0
0
0
0
0
0
0
0
0
0
0
0
0
0
0
0
0
0
0
0
0
0
0
0
0
0
0
0
0
0
0
0
0
0
0
0
0
0
0
0
0
0
0
0
0
0
0
0
0
0
0
0
0
0
0
0
0
0
0
0
0
0
0
0
0
0
0
0
0
0
0
0
0
0
0
0
0
0
0
0
0
0
0
0
0
0
0
0
0
0
0
0
0
0
0
0
0
0
0
0
0
0
0
0
0
0
0
0
0
0
0
0
0
0
0
0
0
0
0
0
0
0
0
0
0
0
0
0
0
0
0
0
0
0
0
0
0
0
0
0
0
0
0
0
0
0
0
0
0
0
0
0
0
0
0
0
0
0
0
0
0
0
0
0
0
0
0
0
0
0
0
0
0
0
0
0
0
0
0
0
0
0
0
0
0
0
0
0
0
0
0
0
0
0
0
0
0
0
0
0
0
0
0
0
0
0
0
0
0
0
0
0
0
0
0
0
0
0
0
0
0
0
0
0
0
0
0
0
0
0
0
0
0
0
0
0
0
0
0
0
0
0
0
0
0
0
0
0
0
0
0
0
0
0
0
0
0
0
0
0
0
0
0
0
0
0
0
0
0
0
0
0
0
0
0
0
0
0
0
0
0
0
0
0
0
0
0
0
0
0
0
0
0
0
0
0
0
0
0
0
0
0
0
0
0
0
0
0
0
0
0
0
0
0
0
0
0
0
0
0
0
0
0
0
0
0
0
0
0
0
0
0
0
0
0
0
0
0
0
0
0
0
0
0
0
0
0
0
0
0
0
0
0
0
0
0
0
0
0
0
0
0
0
0
0
0
0
0
0
0
0
0
0
0
0
0
0
0
0
0
0
0
0
0
0
0
0
0
0
0
0
0
0
0
0
0
0
0
0
0
0
0
0
0
0
0
0
0
0
0
0
0
0
0
0
0
0
0
0
0
0
0
0
0
0
0
0
0
0
0
0
0
0
0
0
0
0
0
0
0
0
0
0
0
0
0
0
0
0
0
0
0
0
0
0
0
0
0
0
0
0
0
0
0
0
0
0
0
0
0
0
0
0
0
0
0
0
0
0
0
0
0
0
0
0
0
0
0
0
0
0
0
0
0
0
0
0
0
0
0
0
0
0
0
0
0
0
0
0
0
0
0
0
0
0
0
0
0
0
0
0
0
0
0
0
0
0
0
0
0
0
0
0
0
0
0
0
0
0
0
0
0
0
0
0
0
0
0
0
0
0
0
0
0
0
0
0
0
0
0
0
0
0
0
0
0
0
0
0
0
0
0
0
0
0
0
0
0
0
0
0
0
0
0
0
0
0
0
0
0
0
0
0
0
0
0
0
0
0
0
0
0
0
0
0
0
0
0
0
0
0
0
0
0
0
0
0
0
0
0
0
0
0
0
0
0
0
0
0
0
0
0
0
0
0
0
0
0
0
0
0
0
0
0
0
0
0
0
0
0
0
0
0
0
0
0
0
0
0
0
0
0
0
0
0
0
0
0
0
0
0
0
0
0
0
0
0
0
0
0
0
0
0
0
0
0
0
0
0
0
0
0
0
0
0
0
0
0
0
0
0
0
0
0
0
0
0
0
0
0
0
0
0
0
0
0
0
0
0
0
0
0
0
0
0
0
0
0
0
0
0
0
0
0
0
0
0
0
0
0
0
0
0
0
0
0
0
0
0
0
0
0
0
0
0
0
0
0
0
0
0
0
0
0
0
0
0
0
0
0
0
0
0
0
0
0
0
0
0
0
0
0
0
0
0
0
0
0
0
0
0
0
0
0
0
0
0
0
0
0
0
0
0
0
0
0
0
0
0
0
0
0
0
0
0
0
0
0
0
0
0
0
0
0
0
0
0
0
0
0
0
0
0
0
0
0
0
0
0
0
0
0
0
0
0
0
0
0
0
0
0
0
0
0
0
0
0
0
0
0
0
0
0
0
0
0
0
0
0
0
0
0
0
0
0
0
0
0
0
0
0
0
0
0
0
0
0
0
0
0
0
0
0
0
0
0
0
0
0
0
0
0
0
0
0
0
0
0
0
0
0
0
0
0
0
0
0
0
0
0
0
0
0
0
0
0
0
0
0
0
0
0
0
0
0
0
0
0
0
0
0
0
0
0
0
0
0
0
0
0
0
0
0
0
0
0
0
0
0
0
0
0
0
0
0
0
0
0
0
0
0
0
0
0
0
0
0
0
0
0
0
0
0
0
0
0
0
0
0
0
0
0
0
0
0
0
0
0
0
0
0
0
0
0
0
0
0
0
0
0
0
0
0
0
0
0
0
0
0
0
0
0
0
0
0
0
0
0
0
0
0
0
0
0
0
0
0
0
0
0
0
0
0
0
0
0
0
0
0
0
0
0
0
0
0
0
0
0
0
0
0
0
0
0
0
0
0
0
0
0
0
0
0
0
0
0
0
0
0
0
0
0
0
0
0
0
0
0
0
0
0
0
0
0
0
0
0
0
0
0
0
0
0
0
0
0
0
0
0
0
0
0
0
0
0
0
0
0
0
0
0
0
0
0
0
0
0
0
0
0
0
0
0
0
0
0
0
0
0
0
0
0
0
0
0
0
0
0
0
0
0
0
0
0
0
0
0
0
0
0
0
0
0
0
0
0
0
0
0
0
0
0
0
0
0
0
0
0
0
0
0
0
0
0
0
0
0
0
0
0
0
0
0
0
0
0
0
0
0
0
0
0
0
0
0
0
0
0
0
0
0
0
0
0
0
0
0
0
0
0
0
0
0
0
0
0
0
0
0
0
0
0
0
0
0
0
0
0
0
0
0
0
0
0
0
0
0
0
0
0
0
0
0
0
0
0
0
0
0
0
0
0
0
0
0
0
0
0
0
0
0
0
0
0
0
0
0
0
0
0
0
0
0
0
0
0
0
0
0
0
0
0
0
0
0
0
0
0
0
0
0
0
0
0
0
0
0
0
0
0
0
0
0
0
0
0
0
0
0
0
0
0
0
0
0
0
0
0
0
0
0
0
0
0
0
0
0
0
0
0
0
0
0
0
0
0
0
0
0
0
0
0
0
0
0
0
0
0
0
0
0
0
0
0
0
0
0
0
0
0
0
0
0
0
0
0
0
0
0
0
0
0
0
0
0
0
0
0
0
0
0
0
0
0
0
0
0
0
0
0
0
0
0
0
0
0
0
0
0
0
0
0
0
0
0
0
0
0
0
0
0
0
0
0
0
0
0
0
0
0
0
0
0
0
0
0
0
0
0
0
0
0
0
0
0
0
0
0
0
0
0
0
0
0
0
0
0
0
0
0
0
0
0
0
0
0
0
0
0
0
0
0
0
0
0
0
0
0
0
0
0
0
0
0
0
0
0
0
0
0
0
0
0
0
0
0
0
0
0
0
0
0
0
0
0
0
0
0
0
0
0
0
0
0
0
0
0
0
0
0
0
0
0
0
0
0
0
0
0
0
0
0
0
0
0
0
0
0
0
0
0
0
0
0
0
0
0
0
0
0
0
0
0
0
0
0
0
0
0
0
0
0
0
0
0
0
0
0
0
0
0
0
0
0
0
0
0
0
0
0
0
0
0
0
0
0
0
0
0
0
0
0
0
0
0
0
0
0
0
0
0
0
0
0
0
0
0
0
0
0
0
0
0
0
0
0
0
0
0
0
0
0
0
0
0
0
0
0
0
0
0
0
0
0
0
0
0
0
0
0
0
0
0
0
0
0
0
0
0
0
0
0
0
0
0
0
0
0
0
0
0
0
0
0
0
0
0
0
0
0
0
0
0
0
0
0
0
0
0
0
0
0
0
0
0
0
0
0
0
0
0
0
0
0
0
0
0
0
0
0
0
0
0
0
0
0
0
0
0
0
0
0
0
0
0
0
0
0
0
0
0
0
0
0
0
0
0
0
0
0
0
0
0
0
0
0
0
0
0
0
0
0
0
0
0
0
0
0
0
0
0
0
0
0
0
0
0
0
0
0
0
0
0
0
0
0
0
0
0
0
0
0
0
0
0
0
0
0
0
0
0
0
0
0
0
0
0
0
0
0
0
0
0
0
0
0
0
0
0
0
0
0
0
0
0
0
0
0
0
0
0
0
0
0
0
0
0
0
0
0
0
0
0
0
0
0
0
0
0
0
0
0
0
0
0
0
0
0
0
0
0
0
0
0
0
0
0
0
0
0
0
0
0
0
0
0
0
0
0
0
0
0
0
0
0
0
0
0
0
0
0
0
0
0
0
0
0
0
0
0
0
0
0
0
0
0
0
0
0
0
0
0
0
0
0
0
0
0
0
0
0
0
0
0
0
0
0
0
0
0
0
0
0
0
0
0
0
0
0
0
0
0
0
0
0
0
0
0
0
0
0
0
0
0
0
0
0
0
0
0
0
0
0
0
0
0
0
0
0
0
0
0
0
0
0
0
0
0
0
0
0
0
0
0
0
0
0
0
0
0
0
0
0
0
0
0
0
0
0
0
0
0
0
0
0
0
0
0
0
0
0
0
0
0
0
0
0
0
0
0
0
0
0
0
0
0
0
0
0
0
0
0
0
0
0
0
0
0
0
0
0
0
0
0
0
0
0
0
0
0
0
0
0
0
0
0
0
0
0
0
0
0
0
0
0
0
0
0
0
0
0
0
0
0
0
0
0
0
0
0
0
0
0
0
0
0
0
0
0
0
0
0
0
0
0
0
0
0
0
0
0
0
0
0
0
0
0
0
0
0
0
0
0
0
0
0
0
0
0
0
0
0
0
0
0
0
0
0
0
0
0
0
0
0
0
0
0
0
0
0
0
0
0
0
0
0
0
0
0
0
0
0
0
0
0
0
0
0
0
0
0
0
0
0
0
0
0
0
0
0
0
0
0
0
0
0
0
0
0
0
0
0
0
0
0
0
0
0
0
0
0
0
0
0
0
0
0
0
0
0
0
0
0
0
0
0
0
0
0
0
0
0
0
0
0
0
0
0
0
0
0
0
0
0
0
0
0
0
0
0
0
0
0
0
0
0
0
0
0
0
0
0
0
0
0
0
0
0
0
0
0
0
0
0
0
0
0
0
0
0
0
0
0
0
0
0
0
0
0
0
0
0
0
0
0
0
0
0
0
0
0
0
0
0
0
0
0
0
0
0
0
0
0
0
0
0
0
0
0
0
0
0
0
0
0
0
0
0
0
0
0
0
0
0
0
0
0
0
0
0
0
0
0
0
0
0
0
0
0
0
0
0
0
0
0
0
0
0
0
0
0
0
0
0
0
0
0
0
0
0
0
0
0
0
0
0
0
0
0
0
0
0
0
0
0
0
0
0
0
0
0
0
0
0
0
0
0
0
0
0
0
0
0
0
0
0
0
0
0
0
0
0
0
0
0
0
0
0
0
0
0
0
0
0
0
0
0
0
0
0
0
0
0
0
0
0
0
0
0
0
0
0
0
0
0
0
0
0
0
0
0
0
0
0
0
0
0
0
0
0
0
0
0
0
0
0
0
0
0
0
0
0
0
0
0
0
0
0
0
0
0
0
0
0
0
0
0
0
0
0
0
0
0
0
0
0
0
0
0
0
0
0
0
0
0
0
0
0
0
0
0
0
0
0
0
0
0
0
0
0
0
0
0
0
0
0
0
0
0
0
0
0
0
0
0
0
0
0
0
0
0
0
0
0
0
0
0
0
0
0
0
0
0
0
0
0
0
0
0
0
0
0
0
0
0
0
0
0
0
0
0
0
0
0
0
0
0
0
0
0
0
0
0
0
0
0
0
0
0
0
0
0
0
0
0
0
0
0
0
0
0
0
0
0
0
0
0
0
0
0
0
0
0
0
0
0
0
0
0
0
0
0
0
0
0
0
0
0
0
0
0
0
0
0
0
0
0
0
0
0
0
0
0
0
0
0
0
0
0
0
0
0
0
0
0
0
0
0
0
0
0
0
0
0
0
0
0
0
0
0
0
0
0
0
0
0
0
0
0
0
0
0
0
0
0
0
0
0
0
0
0
0
0
0
0
0
0
0
0
0
0
0
0
0
0
0
0
0
0
0
0
0
0
0
0
0
0
0
0
0
0
0
0
0
0
0
0
0
0
0
0
0
0
0
0
0
0
0
0
0
0
0
0
0
0
0
0
0
0
0
0
0
0
0
0
0
0
0
0
0
0
0
0
0
0
0
0
0
0
0
0
0
0
0
0
0
0
0
0
0
0
0
0
0
0
0
0
0
0
0
0
0
0
0
0
0
0
0
0
0
0
0
0
0
0
0
0
0
0
0
0
0
0
0
0
0
0
0
0
0
0
0
0
0
0
0
0
0
0
0
0
0
0
0
0
0
0
0
0
0
0
0
0
0
0
0
0
0
0
0
0
0
0
0
0
0
0
0
0
0
0
0
0
0
0
0
0
0
0
0
0
0
0
0
0
0
0
0
0
0
0
0
0
0
0
0
0
0
0
0
0
0
0
0
0
0
0
0
0
0
0
0
0
0
0
0
0
0
0
0
0
0
0
0
0
0
0
0
0
0
0
0
0
0
0
0
0
0
0
0
0
0
0
0
0
0
0
0
0
0
0
0
0
0
0
0
0
0
0
0
0
0
0
0
0
0
0
0
0
0
0
0
0
0
0
0
0
0
0
0
0
0
0
0
0
0
0
0
0
0
0
0
0
0
0
0
0
0
0
0
0
0
0
0
0
0
0
0
0
0
0
0
0
0
0
0
0
0
0
0
0
0
0
0
0
0
0
0
0
0
0
0
0
0
0
0
0
0
0
2.94026
11.7914
21.5833
30.4655
37.0535
42.7513
48.7928
53.4452
59.0354
63.7968
67.9332
72.9714
76.8671
80.3225
84.3314
87.5773
90.1639
92.7439
95.2824
97.2242
98.4277
99.274
100.133
100.824
101.072
100.806
100.123
99.1478
97.9777
96.6701
95.2569
93.7595
92.1966
90.583
88.9312
87.2475
85.5465
83.8554
82.2075
80.6274
79.0884
77.5537
75.9834
74.3603
72.7081
71.3102
70.0028
68.7582
67.4879
66.1666
64.7459
63.228
61.6714
60.1746
58.7963
57.4947
56.1641
54.7214
53.1357
51.4765
49.8867
48.4496
47.0818
45.6493
44.038
42.284
40.5623
39.0294
37.6288
36.166
34.4586
32.6123
30.8965
29.5026
28.1502
26.5842
24.7068
22.8601
21.2499
20.0814
18.6727
16.8076
14.8456
13.0709
11.7877
9.06706
6.84222
4.55289
2.77833
1.45464
0
0
0
0
0
0
0
0
0
0
0
0
0
0
0
0
0
0
0
0
0
0
0
0
0
0
0
0
0
0
0
0
0
0
0
0
0
0
0
0
0
0
0
0
0
0
0
0
0
0
0
0
0
0
0
0
0
0
0
0
0
0
4.10022
15.4686
24.3107
31.6042
38.3743
43.3315
49.12
54.0595
58.2452
63.5677
67.545
71.0513
75.4141
78.7387
81.3878
84.2372
86.9904
89.0296
90.3005
91.3025
92.3863
93.2274
93.5246
93.2445
92.5297
91.5201
90.3148
88.967
87.5074
85.9616
84.3573
82.7163
81.0503
79.3551
77.6309
75.8981
74.2053
72.5997
71.067
69.5597
68.022
66.4111
64.7417
63.2988
61.9496
60.6867
59.43
58.1455
56.762
55.2548
53.6683
52.113
50.6879
49.3874
48.098
46.7066
45.1458
43.4649
41.8258
40.361
39.0223
37.6646
36.1122
34.3698
32.632
31.1028
29.8149
28.4638
26.7954
24.9027
23.0989
21.6943
20.4688
18.9439
16.9964
15.1042
13.1713
11.1342
8.65044
6.19532
3.76712
2.20227
1.02133
0
0
0
0
0
0
0
0
0
0
0
0
0
0
0
0
0
0
0
0
0
0
0
0
0
0
0
0
0
0
0
0
0
0
0
0
0
0
0
0
0
0
0
0
0
0
0
0
0
0
0
0
0
0
0
0
0
0
0
0
0
0
0
0
0
0
0
0
1.41032
5.4064
16.7973
25.8221
31.8578
38.2256
43.4531
47.7942
53.3459
57.4705
60.981
65.7633
69.1578
71.8381
75.0457
78.0155
80.123
81.4609
82.6817
84.044
85.0335
85.36
85.0494
84.298
83.2572
82.0226
80.6383
79.1306
77.5286
75.874
74.1996
72.5184
70.815
69.0715
67.2936
65.542
63.893
62.3536
60.8685
59.3677
57.7778
56.0982
54.6053
53.2011
51.906
50.6574
49.4186
48.0898
46.6144
45.0182
43.4172
41.9457
40.6626
39.4413
38.1285
36.6204
34.9475
33.2968
31.8488
30.6205
29.3734
27.8767
26.1125
24.3177
22.7244
21.5701
20.3363
18.6752
16.7166
14.9067
13.1827
10.5186
8.19659
5.75374
3.51226
1.866
0
0
0
0
0
0
0
0
0
0
0
0
0
0
0
0
0
0
0
0
0
0
0
0
0
0
0
0
0
0
0
0
0
0
0
0
0
0
0
0
0
0
0
0
0
0
0
0
0
0
0
0
0
0
0
0
0
0
0
0
0
0
0
0
0
0
0
0
0
0
0
0
0
0
0
0
2.63133
7.98554
17.3108
25.9687
31.8035
36.9682
42.573
47.0367
50.4965
55.7075
59.2015
61.8458
65.524
68.7052
70.8376
72.2464
73.7823
75.4806
76.6017
76.9338
76.5809
75.7964
74.7349
73.4831
72.0731
70.5219
68.858
67.1404
65.4211
63.7187
62.0139
60.2638
58.4468
56.627
54.9147
53.3549
51.8931
50.4471
48.9029
47.2389
45.7109
44.255
42.9285
41.701
40.5365
39.2954
37.8858
36.3142
34.704
33.2137
32.0176
30.9219
29.7058
28.2401
26.5379
24.8239
23.3217
22.2308
21.1068
19.6477
17.8479
16.0244
14.0772
11.8682
9.58142
7.33632
4.92789
3.11167
1.66074
0
0
0
0
0
0
0
0
0
0
0
0
0
0
0
0
0
0
0
0
0
0
0
0
0
0
0
0
0
0
0
0
0
0
0
0
0
0
0
0
0
0
0
0
0
0
0
0
0
0
0
0
0
0
0
0
0
0
0
0
0
0
0
0
0
0
0
0
0
0
0
0
0
0
0
0
0
0
0
0
0
0
0
3.35813
9.46498
17.1913
25.001
30.7262
36.1342
39.6569
45.1232
48.8516
51.3294
55.5875
58.9783
61.0626
62.546
64.534
66.6224
67.8346
68.1417
67.733
66.9179
65.8402
64.578
63.1535
61.567
59.8357
58.0364
56.2515
54.5161
52.8265
51.1018
49.2753
47.4016
45.6219
44.0469
42.6317
41.2793
39.8238
38.2207
36.701
35.2324
33.9149
32.7742
31.7296
30.5957
29.2476
27.6729
26.0135
24.4266
23.3215
22.3976
21.2731
19.8438
18.1035
16.3596
14.4442
12.098
10.0111
7.99531
5.73264
3.71861
2.07647
0
0
0
0
0
0
0
0
0
0
0
0
0
0
0
0
0
0
0
0
0
0
0
0
0
0
0
0
0
0
0
0
0
0
0
0
0
0
0
0
0
0
0
0
0
0
0
0
0
0
0
0
0
0
0
0
0
0
0
0
0
0
0
0
0
0
0
0
0
0
0
0
0
0
0
0
0
0
0
0
0
0
0
0
0
0
0
0
0
0
0
3.63995
8.30497
16.645
23.3811
28.5553
33.6704
38.2435
40.3939
45.2275
48.8346
50.7536
52.3071
54.9102
57.4228
58.6518
58.9003
58.4254
57.5804
56.4844
55.215
53.7954
52.2007
50.4172
48.5335
46.6772
44.9168
43.2928
41.6598
39.8891
38.0206
36.2182
34.7012
33.4048
32.183
30.8263
29.2706
27.7347
26.2129
24.8636
23.847
22.9586
21.9304
20.642
19.057
17.3502
15.3984
13.758
11.1847
9.47951
7.58474
5.50267
3.69848
2.11775
0
0
0
0
0
0
0
0
0
0
0
0
0
0
0
0
0
0
0
0
0
0
0
0
0
0
0
0
0
0
0
0
0
0
0
0
0
0
0
0
0
0
0
0
0
0
0
0
0
0
0
0
0
0
0
0
0
0
0
0
0
0
0
0
0
0
0
0
0
0
0
0
0
0
0
0
0
0
0
0
0
0
0
0
0
0
0
0
0
0
0
0
0
0
0
0
0
0
0
3.48159
5.40679
16.3568
19.3402
27.2847
29.2827
34.3935
38.4074
40.092
41.649
44.9415
47.815
48.9626
49.14
48.6167
47.7586
46.6539
45.4021
44.0463
42.5195
40.7552
38.8462
36.9834
35.2855
33.8045
32.3104
30.6117
28.7385
26.8767
25.4449
24.3343
23.2461
21.9814
20.4625
18.8895
17.2469
15.3876
13.0057
11.1641
9.67768
7.94285
6.01951
4.17206
2.70658
1.37701
0
0
0
0
0
0
0
0
0
0
0
0
0
0
0
0
0
0
0
0
0
0
0
0
0
0
0
0
0
0
0
0
0
0
0
0
0
0
0
0
0
0
0
0
0
0
0
0
0
0
0
0
0
0
0
0
0
0
0
0
0
0
0
0
0
0
0
0
0
0
0
0
0
0
0
0
0
0
0
0
0
0
0
0
0
0
0
0
0
0
0
0
0
0
0
0
0
0
0
0
0
0
0
0
0
0
0
2.09081
3.60697
12.2956
17.5972
21.3687
27.8493
29.5147
30.8255
34.8653
37.894
38.9596
39.1125
38.6079
37.7921
36.7425
35.5861
34.3738
32.9807
31.2693
29.344
27.5036
25.9563
24.6511
23.2599
21.5962
19.6496
17.4702
15.4732
12.2958
10.5358
8.8892
7.03379
5.34502
3.86514
2.32376
0.00244285
0
0
0
0
0
0
0
0
0
0
0
0
0
0
0
0
0
0
0
0
0
0
0
0
0
0
0
0
0
0
0
0
0
0
0
0
0
0
0
0
0
0
0
0
0
0
0
0
0
0
0
0
0
0
0
0
0
0
0
0
0
0
0
0
0
0
0
0
0
0
0
0
0
0
0
0
0
0
0
0
0
0
0
0
0
0
0
0
0
0
0
0
0
0
0
0
0
0
0
0
0
0
0
0
0
0
0
0
0
0
0
0
0
0
0
0
0
4.00928
4.14708
15.5506
18.2554
18.7927
24.8478
28.1309
29.2331
29.3634
28.9085
28.1458
27.2292
26.2773
25.2316
23.9357
22.1766
20.0299
17.6522
14.1646
11.6563
9.72574
7.62343
5.45282
3.77698
2.21838
0
0
0
0
0
0
0
0
0
0
0
0
0
0
0
0
0
0
0
0
0
0
0
0
0
0
0
0
0
0
0
0
0
0
0
0
0
0
0
0
0
0
0
0
0
0
0
0
0
0
0
0
0
0
0
0
0
0
0
0
0
0
0
0
0
0
0
0
0
0
0
0
0
0
0
0
0
0
0
0
0
0
0
0
0
0
0
0
0
0
0
0
0
0
0
0
0
0
0
0
0
0
0
0
0
0
0
0
0
0
0
0
0
0
0
0
0
0
0
0
0
0
0
0
0
0
0
0.305906
4.11805
3.99411
10.4159
18.3356
19.0065
19.2614
19.1716
18.2901
16.8597
13.5998
11.5967
9.79816
7.68828
5.5034
3.3232
0.00361284
0
0
0
0
0
0
0
0
0
0
0
0
0
0
0
0
0
0
0
0
0
0
0
0
0
0
0
0
0
0
0
0
0
0
0
0
0
0
0
0
0
0
0
0
0
0
0
0
0
0
0
0
0
0
0
0
0
0
0
0
0
0
0
0
0
0
0
0
0
0
0
0
0
0
0
0
0
0
0
0
0
0
0
0
0
0
0
0
0
0
0
0
0
0
0
0
0
0
0
0
0
0
0
0
0
0
0
0
0
0
0
0
0
0
0
0
0
0
0
0
0
0
0
0
0
0
0
0
0
0
0
0
0
0
0
0
0
2.82147
3.98395
4.45032
4.8
4.19594
2.8502
0
0
0
0
0
0
0
0
0
0
0
0
0
0
0
0
0
0
0
0
0
0
0
0
0
0
0
0
0
0
0
0
0
0
0
0
0
0
0
0
0
0
0
0
0
0
0
0
0
0
0
0
0
0
0
0
0
0
0
0
0
0
0
0
0
0
0
0
0
0
0
0
0
0
0
0
0
0
0
0
0
0
0
0
0
0
0
0
0
0
0
0
0
0
0
0
0
0
0
0
0
0
0
0
0
0
0
0
0
0
0
0
0
0
0
0
0
0
0
0
0
0
0
0
0
0
0
0
0
0
0
0
0
0
0
0
0
0
0
0
0
0
0
0
0
0
0
0
0
0
0
0
0
0
0
0
0
0
0
0
0
0
0
0
0
0
0
0
0
0
0
0
0
0
0
0
0
0
0
0
0
0
0
0
0
0
0
0
0
0
0
0
0
0
0
0
0
0
0
0
0
0
0
0
0
0
0
0
0
0
0
0
0
0
0
0
0
0
0
0
0
0
0
0
0
0
0
0
0
0
0
0
0
0
0
0
0
0
0
0
0
0
0
0
0
0
0
0
0
0
0
0
0
0
0
0
0
0
0
0
0
0
0
0
0
0
0
0
0
0
0
0
0
0
0
0
0
0
0
0
0
0
0
0
0
0
0
0
0
0
0
0
0
0
0
0
0
0
0
0
0
0
0
0
0
0
0
0
0
0
0
0
0
0
0
0
0
0
0
0
0
0
0
0
0
0
0
0
0
0
0
0
0
0
0
0
0
0
0
0
0
0
0
0
0
0
0
0
0
0
0
0
0
0
0
0
0
0
0
0
0
0
0
0
0
0
0
0
0
0
0
0
0
0
0
0
0
0
0
0
0
0
0
0
0
0
0
0
0
0
0
0
0
0
0
0
0
0
0
0
0
0
0
0
0
0
0
0
0
0
0
0
0
0
0
0
0
0
0
0
0
0
0
0
0
0
0
0
0
0
0
0
0
0
0
0
0
0
0
0
0
0
0
0
0
0
0
0
0
0
0
0
0
0
0
0
0
0
0
0
0
0
0
0
0
0
0
0
0
0
0
0
0
0
0
0
0
0
0
0
0
0
0
0
0
0
0
0
0
0
0
0
0
0
0
0
0
0
0
0
0
0
0
0
0
0
0
0
0
0
0
0
0
0
0
0
0
0
0
0
0
0
0
0
0
0
0
0
0
0
0
0
0
0
0
0
0
0
0
0
0
0
0
0
0
0
0
0
0
0
0
0
0
0
0
0
0
0
0
0
0
0
0
0
0
0
0
0
0
0
0
0
0
0
0
0
0
0
0
0
0
0
0
0
0
0
0
0
0
0
0
0
0
0
0
0
0
0
0
0
0
0
0
0
0
0
0
0
0
0
0
0
0
0
0
0
0
0
0
0
0
0
0
0
0
0
0
0
0
0
0
0
0
0
0
0
0
0
0
0
0
0
0
0
0
0
0
0
0
0
0
0
0
0
0
0
0
0
0
0
0
0
0
0
0
0
0
0
0
0
0
0
0
0
0
0
0
0
0
0
0
0
0
0
0
0
0
0
0
0
0
0
0
0
0
0
0
0
0
0
0
0
0
0
0
0
0
0
0
0
0
0
0
0
0
0
0
0
0
0
0
0
0
0
0
0
0
0
0
0
0
0
0
0
0
0
0
0
0
0
0
0
0
0
0
0
0
0
0
0
0
0
0
0
0
0
0
0
0
0
0
0
0
0
0
0
0
0
0
0
0
0
0
0
0
0
0
0
0
0
0
0
0
0
0
0
0
0
0
0
0
0
0
0
0
0
0
0
0
0
0
0
0
0
0
0
0
0
0
0
0
0
0
0
0
0
0
0
0
0
0
0
0
0
0
0
0
0
0
0
0
0
0
0
0
0
0
0
0
0
0
0
0
0
0
0
0
0
0
0
0
0
0
0
0
0
0
0
0
0
0
0
0
0
0
0
0
0
0
0
0
0
0
0
0
0
0
0
0
0
0
0
0
0
0
0
0
0
0
0
0
0
0
0
0
0
0
0
0
0
0
0
0
0
0
0
0
0
0
0
0
0
0
0
0
0
0
0
0
0
0
0
0
0
0
0
0
0
0
0
0
0
0
0
0
0
0
0
0
0
0
0
0
0
0
0
0
0
0
0
0
0
0
0
0
0
0
0
0
0
0
0
0
0
0
0
0
0
0
0
0
0
0
0
0
0
0
0
0
0
0
0
0
0
0
0
0
0
0
0
0
0
0
0
0
0
0
0
0
0
0
0
0
0
0
0
0
0
0
0
0
0
0
0
0
0
0
0
0
0
0
0
0
0
0
0
0
0
0
0
0
0
0
0
0
0
0
0
0
0
0
0
0
0
0
0
0
0
0
0
0
0
0
0
0
0
0
0
0
0
0
0
0
0
0
0
0
0
0
0
0
0
0
0
0
0
0
0
0
0
0
0
0
0
0
0
0
0
0
0
0
0
0
0
0
0
0
0
0
0
0
0
0
0
0
0
0
0
0
0
0
0
0
0
0
0
0
0
0
0
0
0
0
0
0
0
0
0
0
0
0
0
0
0
0
0
0
0
0
0
0
0
0
0
0
0
0
0
0
0
0
0
0
0
0
0
0
0
0
0
0
0
0
0
0
0
0
0
0
0
0
0
0
0
0
0
0
0
0
0
0
0
0
0
0
0
0
0
0
0
0
0
0
0
0
0
0
0
0
0
0
0
0
0
0
0
0
0
0
0
0
0
0
0
0
0
0
0
0
0
0
0
0
0
0
0
0
0
0
0
0
0
0
0
0
0
0
0
0
0
0
0
0
0
0
0
0
0
0
0
0
0
0
0
0
0
0
0
0
0
0
0
0
0
0
0
0
0
0
0
0
0
0
0
0
0
0
0
0
0
0
0
0
0
0
0
0
0
0
0
0
0
0
0
0
0
0
0
0
0
0
0
0
0
0
0
0
0
0
0
0
0
0
0
0
0
0
0
0
0
0
0
0
0
0
0
0
0
0
0
0
0
0
0
0
0
0
0
0
0
0
0
0
0
0
0
0
0
0
0
0
0
0
0
0
0
0
0
0
0
0
0
0
0
0
0
0
0
0
0
0
0
0
0
0
0
0
0
0
0
0
0
0
0
0
0
0
0
0
0
0
0
0
0
0
0
0
0
0
0
0
0
0
0
0
0
0
0
0
0
0
0
0
0
0
0
0
0
0
0
0
0
0
0
0
0
0
0
0
0
0
0
0
0
0
0
0
0
0
0
0
0
0
0
0
0
0
0
0
0
0
0
0
0
0
0
0
0
0
0
0
0
0
0
0
0
0
0
0
0
0
0
0
0
0
0
0
0
0
0
0
0
0
0
0
0
0
0
0
0
0
0
0
0
0
0
0
0
0
0
0
0
0
0
0
0
0
0
0
0
0
0
0
0
0
0
0
0
0
0
0
0
0
0
0
0
0
0
0
0
0
0
0
0
0
0
0
0
0
0
0
0
0
0
0
0
0
0
0
0
0
0
0
0
0
0
0
0
0
0
0
0
0
0
0
0
0
0
0
0
0
0
0
0
0
0
0
0
0
0
0
0
0
0
0
0
0
0
0
0
0
0
0
0
0
0
0
0
0
0
0
0
0
0
0
0
0
0
0
0
0
0
0
0
0
0
0
0
0
0
0
0
0
0
0
0
0
0
0
0
0
0
0
0
0
0
0
0
0
0
0
0
0
0
0
0
0
0
0
0
0
0
0
0
0
0
0
0
0
0
0
0
0
0
0
0
0
0
0
0
0
0
0
0
0
0
0
0
0
0
0
0
0
0
0
0
0
0
0
0
0
0
0
0
0
0
0
0
0
0
0
0
0
0
0
0
0
0
0
0
0
0
0
0
0
0
0
0
0
0
0
0
0
0
0
0
0
0
0
0
0
0
0
0
0
0
0
0
0
0
0
0
0
0
0
0
0
0
0
0
0
0
0
0
0
0
0
0
0
0
0
0
0
0
0
0
0
0
0
0
0
0
0
0
0
0
0
0
0
0
0
0
0
0
0
0
0
0
0
0
0
0
0
0
0
0
0
0
0
0
0
0
0
0
0
0
0
0
0
0
0
0
0
0
0
0
0
0
0
0
0
0
0
0
0
0
0
0
0
0
0
0
0
0
0
0
0
0
0
0
0
0
0
0
0
0
0
0
0
0
0
0
0
0
0
0
0
0
0
0
0
0
0
0
0
0
0
0
0
0
0
0
0
0
0
0
0
0
0
0
0
0
0
0
0
0
0
0
0
0
0
0
0
0
0
0
0
0
0
0
0
0
0
0
0
0
0
0
0
0
0
0
0
0
0
0
0
0
0
0
0
0
0
0
0
0
0
0
0
0
0
0
0
0
0
0
0
0
0
0
0
0
0
0
0
0
0
0
0
0
0
0
0
0
0
0
0
0
0
0
0
0
0
0
0
0
0
0
0
0
0
0
0
0
0
0
0
0
0
0
0
0
0
0
0
0
0
0
0
0
0
0
0
0
0
0
0
0
0
0
0
0
0
0
0
0
0
0
0
0
0
0
0
0
0
0
0
0
0
0
0
0
0
0
0
0
0
0
0
0
0
0
0
0
0
0
0
0
0
0
0
0
0
0
0
0
0
0
0
0
0
0
0
0
0
0
0
0
0
0
0
0
0
0
0
0
0
0
0
0
0
0
0
0
0
0
0
0
0
0
0
0
0
0
0
0
0
0
0
0
0
0
0
0
0
0
0
0
0
0
0
0
0
0
0
0
0
0
0
0
0
0
0
0
0
0
0
0
0
0
0
0
0
0
0
0
0
0
0
0
0
0
0
0
0
0
0
0
0
0
0
0
0
0
0
0
0
0
0
0
0
0
0
0
0
0
0
0
0
0
0
0
0
0
0
0
0
0
0
0
0
0
0
0
0
0
0
0
0
0
0
0
0
0
0
0
0
0
0
0
0
0
0
0
0
0
0
0
0
0
0
0
0
0
0
0
0
0
0
0
0
0
0
0
0
0
0
0
0
0
0
0
0
0
0
0
0
0
0
0
0
0
0
0
0
0
0
0
0
0
0
0
0
0
0
0
0
0
0
0
0
0
0
0
0
0
0
0
0
0
0
0
0
0
0
0
0
0
0
0
0
0
0
0
0
0
0
0
0
0
0
0
0
0
0
0
0
0
0
0
0
0
0
0
0
0
0
0
0
0
0
0
0
0
0
0
0
0
0
0
0
0
0
0
0
0
0
0
0
0
0
0
0
0
0
0
0
0
0
0
0
0
0
0
0
0
0
0
0
0
0
0
0
0
0
0
0
0
0
0
0
0
0
0
0
0
0
0
0
0
0
0
0
0
0
0
0
0
0
0
0
0
0
0
0
0
0
0
0
0
0
0
0
0
0
0
0
0
0
0
0
0
0
0
0
0
0
0
0
0
0
0
0
0
0
0
0
0
0
0
0
0
0
0
0
0
0
0
0
0
0
0
0
0
0
0
0
0
0
0
0
0
0
0
0
0
0
0
0
0
0
0
0
0
0
0
0
0
0
0
0
0
0
0
0
0
0
0
0
0
0
0
0
0
0
0
0
0
0
0
0
0
0
0
0
0
0
0
0
0
0
0
0
0
0
0
0
0
0
0
0
0
0
0
0
0
0
0
0
0
0
0
0
0
0
0
0
0
0
0
0
0
0
0
0
0
0
0
0
0
0
0
0
0
0
0
0
0
0
0
0
0
0
0
0
0
0
0
0
0
0
0
0
0
0
0
0
0
0
0
0
0
0
0
0
0
0
0
0
0
0
0
0
0
0
0
0
0
0
0
0
0
0
0
0
0
0
0
0
0
0
0
0
0
0
0
0
0
0
0
0
0
0
0
0
0
0
0
0
0
0
0
0
0
0
0
0
0
0
0
0
0
0
0
0
0
0
0
0
0
0
0
0
0
0
0
0
0
0
0
0
0
0
0
0
0
0
0
0
0
0
0
0
0
0
0
0
0
0
0
0
0
0
0
0
0
0
0
0
0
0
0
0
0
0
0
0
0
0
0
0
0
0
0
0
0
0
0
0
0
0
0
0
0
0
0
0
0
0
0
0
0
0
0
0
0
0
0
0
0
0
0
0
0
0
0
0
0
0
0
0
0
0
0
0
0
0
0
0
0
0
0
0
0
0
0
0
0
0
0
0
0
0
0
0
0
0
0
0
0
0
0
0
0
0
0
0
0
0
0
0
0
0
0
0
0
0
0
0
0
0
0
0
0
0
0
0
0
0
0
0
0
0
0
0
0
0
0
0
0
0
0
0
0
0
0
0
0
0
0
0
0
0
0
0
0
0
0
0
0
0
0
0
0
0
0
0
0
0
0
0
0
0
0
0
0
0
0
0
0
0
0
0
0
0
0
0
0
0
0
0
0
0
0
0
0
0
0
0
0
0
0
0
0
0
0
0
0
0
0
0
0
0
0
0
0
0
0
0
0
0
0
0
0
0
0
0
0
0
0
0
0
0
0
0
0
0
0
0
0
0
0
0
0
0
0
0
0
0
0
0
0
0
0
0
0
0
0
0
0
0
0
0
0
0
0
0
0
0
0
0
0
0
0
0
0
0
0
0
0
0
0
0
0
0
0
0
0
0
0
0
0
0
0
0
0
0
0
0
0
0
0
0
0
0
0
0
0
0
0
0
0
0
0
0
0
0
0
0
0
0
0
0
0
0
0
0
0
0
0
0
0
0
0
0
0
0
0
0
0
0
0
0
0
0
0
0
0
0
0
0
0
0
0
0
0
0
0
0
0
0
0
0
0
0
0
0
0
0
0
0
0
0
0
0
0
0
0
0
0
0
0
0
0
0
0
0
0
0
0
0
0
0
0
0
0
0
0
0
0
0
0
0
0
0
0
0
0
0
0
0
0
0
0
0
0
0
0
0
0
0
0
0
0
0
0
0
0
0
0
0
0
0
0
0
0
0
0
0
0
0
0
0
0
0
0
0
0
0
0
0
0
0
0
0
0
0
0
0
0
0
0
0
0
0
0
0
0
0
0
0
0
0
0
0
0
0
0
0
0
0
0
0
0
0
0
0
0
0
0
0
0
0
0
0
0
0
0
0
0
0
0
0
0
0
0
0
0
0
0
0
0
0
0
0
0
0
0
0
0
0
0
0
0
0
0
0
0
0
0
0
0
0
0
0
0
0
0
0
0
0
0
0
0
0
0
0
0
0
0
0
0
0
0
0
0
0
0
0
0
0
0
0
0
0
0
0
0
0
0
0
0
0
0
0
0
0
0
0
0
0
0
0
0
0
0
0
0
0
0
0
0
0
0
0
0
0
0
0
0
0
0
0
0
0
0
0
0
0
0
0
0
0
0
0
0
0
0
0
0
0
0
0
0
0
0
0
0
0
0
0
0
0
0
0
0
0
0
0
0
0
0
0
0
0
0
0
0
0
0
0
0
0
0
0
0
0
0
0
0
0
0
0
0
0
0
0
0
0
0
0
0
0
0
0
0
0
0
0
0
0
0
0
0
0
0
0
0
0
0
0
0
0
0
0
0
0
0
0
0
0
0
0
0
0
0
0
0
0
0
0
0
0
0
0
0
0
0
0
0
0
0
0
0
0
0
0
0
0
0
0
0
0
0
0
0
0
0
0
0
0
0
0
0
0
0
0
0
0
0
0
0
0
0
0
0
0
0
0
0
0
0
0
0
0
0
0
0
0
0
0
0
0
0
0
0
0
0
0
0
0
0
0
0
0
0
0
0
0
0
0
0
0
0
0
0
0
0
0
0
0
0
0
0
0
0
0
0
0
0
0
0
0
0
0
0
0
0
0
0
0
0
0
0
0
0
0
0
0
0
0
0
0
0
0
0
0
0
0
0
0
0
0
0
0
0
0
0
0
0
0
0
0
0
0
0
0
0
0
0
0
0
0
0
0
0
0
0
0
0
0
0
0
0
0
0
0
0
0
0
0
0
0
0
0
0
0
0
0
0
0
0
0
0
0
0
0
0
0
0
0
0
0
0
0
0
0
0
0
0
0
0
0
0
0
0
0
0
0
0
0
0
0
0
0
0
0
0
0
0
0
0
0
0
0
0
0
0
0
0
0
0
0
0
0
0
0
0
0
0
0
0
0
0
0
0
0
0
0
0
0
0
0
0
0
0
0
0
0
0
0
0
0
0
0
0
0
0
0
0
0
0
0
0
0
0
0
0
0
0
0
0
0
0
0
0
0
0
0
0
0
0
0
0
0
0
0
0
0
0
0
0
0
0
0
0
0
0
0
0
0
0
0
0
0
0
0
0
0
0
0
0
0
0
0
0
0
0
0
0
0
0
0
0
0
0
0
0
0
0
0
0
0
0
0
0
0
0
0
0
0
0
0
0
0
0
0
0
0
0
0
0
0
0
0
0
0
0
0
0
0
0
0
0
0
0
0
0
0
0
0
0
0
0
0
0
0
0
0
0
0
0
0
0
0
0
0
0
0
0
0
0
0
0
0
0
0
0
0
0
0
0
0
0
0
0
0
0
0
0
0
0
0
0
0
0
0
0
0
0
0
0
0
0
0
0
0
0
0
0
0
0
0
0
0
0
0
0
0
0
0
0
0
0
0
0
0
0
0
0
0
0
0
0
0
0
0
0
0
0
0
0
0
0
0
0
0
0
0
0
0
0
0
0
0
0
0
0
0
0
0
0
0
0
0
0
0
0
0
0
0
0
0
0
0
0
0
0
0
0
0
0
0
0
0
0
0
0
0
0
0
0
0
0
0
0
0
0
0
0
0
0
0
0
0
0
0
0
0
0
0
0
0
0
0
0
0
0
0
0
0
0
0
0
0
0
0
0
0
0
0
0
0
0
0
0
0
0
0
0
0
0
0
0
0
0
0
0
0
0
0
0
0
0
0
0
0
0
0
0
0
0
0
0
0
0
0
0
0
0
0
0
0
0
0
0
0
0
0
0
0
0
0
0
0
0
0
0
0
0
0
0
0
0
0
0
0
0
0
0
0
0
0
0
0
0
0
0
0
0
0
0
0
0
0
0
0
0
0
0
0
0
0
0
0
0
0
0
0
0
0
0
0
0
0
0
0
0
0
0
0
0
0
0
0
0
0
0
0
0
0
0
0
0
0
0
0
0
0
0
0
0
0
0
0
0
0
0
0
0
0
0
0
0
0
0
0
0
0
0
0
0
0
0
0
0
0
0
0
0
0
0
0
0
0
0
0
0
0
0
0
0
0
0
0
0
0
0
0
0
0
0
0
0
0
0
0
0
0
0
0
0
0
0
0
0
0
0
0
0
0
0
0
0
0
0
0
0
0
0
0
0
0
0
0
0
0
0
0
0
0
0
0
0
0
0
0
0
0
0
0
0
0
0
0
0
0
0
0
0
0
0
0
0
0
0
0
0
0
0
0
0
0
0
0
0
0
0
0
0
0
0
0
0
0
0
0
0
0
0
0
0
0
0
0
0
0
0
0
0
0
0
0
0
0
0
0
0
0
0
0
0
0
0
0
0
0
0
0
0
0
0
0
0
0
0
0
0
0
0
0
0
0
0
0
0
0
0
0
0
0
0
0
0
0
0
0
0
0
0
0
0
0
0
0
0
0
0
0
0
0
0
0
0
0
0
0
0
0
0
0
0
0
0
0
0
0
0
0
0
0
0
0
0
0
0
0
0
0
0
0
0
0
0
0
0
0
0
0
0
0
0
0
0
0
0
0
0
0
0
0
0
0
0
0
0
0
0
0
0
0
0
0
0
0
0
0
0
0
0
0
0
0
0
0
0
0
0
0
0
0
0
0
0
0
0
0
0
0
0
0
0
0
0
0
0
0
0
0
0
0
0
0
0
0
0
0
0
0
0
0
0
0
0
0
0
0
0
0
0
0
0
0
0
0
0
0
0
0
0
0
0
0
0
0
0
0
0
0
0
0
0
0
0
0
0
0
0
0
0
0
0
0
0
0
0
0
0
0
0
0
0
0
0
0
0
0
0
0
0
0
0
0
0
0
0
0
0
0
0
0
0
0
0
0
0
0
0
0
0
0
0
0
0
0
0
0
0
0
0
0
0
0
0
0
0
0
0
0
0
0
0
0
0
0
0
0
0
0
0
0
0
0
0
0
0
0
0
0
0
0
0
0
0
0
0
0
0
0
0
0
0
0
0
0
0
0
0
0
0
0
0
0
0
0
0
0
0
0
0
0
0
0
0
0
0
0
0
0
0
0
0
0
0
0
0
0
0
0
0
0
0
0
0
0
0
0
0
0
0
0
0
0
0
0
0
0
0
0
0
0
0
0
0
0
0
0
0
0
0
0
0
0
0
0
0
0
0
0
0
0
0
0
0
0
0
0
0
0
0
0
0
0
0
0
0
0
0
0
0
0
0
0
0
0
0
0
0
0
0
0
0
0
0
0
0
0
0
0
0
0
0
0
0
0
0
0
0
0
0
0
0
0
0
0
0
0
0
0
0
0
0
0
0
0
0
0
0
0
0
0
0
0
0
0
0
0
0
0
0
0
0
0
0
0
0
0
0
0
0
0
0
0
0
0
0
0
0
0
0
0
0
0
0
0
0
0
0
0
0
0
0
0
0
0
0
0
0
0
0
0
0
0
0
0
0
0
0
0
0
0
0
0
0
0
0
0
0
0
0
0
0
0
0
0
0
0
0
0
0
0
0
0
0
0
0
0
0
0
0
0
0
0
0
0
0
0
0
0
0
0
0
0
0
0
0
0
0
0
0
0
0
0
0
0
0
0
0
0
0
0
0
0
0
0
0
0
0
0
0
0
0
0
0
0
0
0
0
0
0
0
0
0
0
0
0
0
0
0
0
0
0
0
0
0
0
0
0
0
0
0
0
0
0
0
0
0
0
0
0
0
0
0
0
0
0
0
0
0
0
0
0
0
0
0
0
0
0
0
0
0
0
0
0
0
0
0
0
0
0
0
0
0
0
0
0
0
0
0
0
0
0
0
0
0
0
0
0
0
0
0
0
0
0
0
0
0
0
0
0
0
0
0
0
0
0
0
0
0
0
0
0
0
0
0
0
0
0
0
0
0
0
0
0
0
0
0
0
0
0
0
0
0
0
0
0
0
0
0
0
0
0
0
0
0
0
0
0
0
0
0
0
0
0
0
0
0
0
0
0
0
0
0
0
0
0
0
0
0
0
0
0
0
0
0
0
0
0
0
0
0
0
0
0
0
0
0
0
0
0
0
0
0
0
0
0
0
0
0
0
0
0
0
0
0
0
0
0
0
0
0
0
0
0
0
0
0
0
0
0
0
0
0
0
0
0
0
0
0
0
0
0
0
0
0
0
0
0
0
0
0
0
0
0
0
0
0
0
0
0
0
0
0
0
0
0
0
0
0
0
0
0
0
0
0
0
0
0
0
0
0
0
0
0
0
0
0
0
0
0
0
0
0
0
0
0
0
0
0
0
0
0
0
0
0
0
0
0
0
0
0
0
0
0
0
0
0
0
0
0
0
0
0
0
0
0
0
0
0
0
0
0
0
0
0
0
0
0
0
0
0
0
0
0
0
0
0
0
0
0
0
0
0
0
0
0
0
0
0
0
0
0
0
0
0
0
0
0
0
0
0
0
0
0
0
0
0
0
0
0
0
0
0
0
0
0
0
0
0
0
0
0
0
0
0
0
0
0
0
0
0
0
0
0
0
0
0
0
0
0
0
0
0
0
0
0
0
0
0
0
0
0
0
0
0
0
0
0
0
0
0
0
0
0
0
0
0
0
0
0
0
0
0
0
0
0
0
0
0
0
0
0
0
0
0
0
0
0
0
0
0
0
0
0
0
0
0
0
0
0
0
0
0
0
0
0
0
0
0
0
0
0
0
0
0
0
0
0
0
0
0
0
0
0
0
0
0
0
0
0
0
0
0
0
0
0
0
0
0
0
0
0
0
0
0
0
0
0
0
0
0
0
0
0
0
0
0
0
0
0
0
0
0
0
0
0
0
0
0
0
0
0
0
0
0
0
0
0
0
0
0
0
0
0
0
0
0
0
0
0
0
0
0
0
0
0
0
0
0
0
0
0
0
0
0
0
0
0
0
0
0
0
0
0
0
0
0
0
0
0
0
0
0
0
0
0
0
0
0
0
0
0
0
0
0
0
0
0
0
0
0
0
0
0
0
0
0
0
0
0
0
0
0
0
0
0
0
0
0
0
0
0
0
0
0
0
0
0
0
0
0
0
0
0
0
0
0
0
0
0
0
0
0
0
0
0
0
0
0
0
0
0
0
0
0
0
0
0
0
0
0
0
0
0
0
0
0
0
0
0
0
0
0
0
0
0
0
0
0
0
0
0
0
0
0
0
0
0
0
0
0
0
0
0
0
0
0
0
0
0
0
0
0
0
0
0
0
0
0
0
0
0
0
0
0
0
0
0
0
0
0
0
0
0
0
0
0
0
0
0
0
0
0
0
0
0
0
0
0
0
0
0
0
0
0
0
0
0
0
0
0
0
0
0
0
0
0
0
0
0
0
0
0
0
0
0
0
0
0
0
0
0
0
0
0
0
0
0
0
0
0
0
0
0
0
0
0
0
0
0
0
0
0
0
0
0
0
0
0
0
0
0
0
0
0
0
0
0
0
0
0
0
0
0
0
0
0
0
0
0
0
0
0
0
0
0
0
0
0
0
0
0
0
0
0
0
0
0
0
0
0
0
0
0
0
0
0
0
0
0
0
0
0
0
0
0
0
0
0
0
0
0
0
0
0
0
0
0
0
0
0
0
0
0
0
0
0
0
0
0
0
0
0
0
0
0
0
0
0
0
0
0
0
0
0
0
0
0
0
0
0
0
0
0
0
0
0
0
0
0
0
0
0
0
0
0
0
0
0
0
0
0
0
0
0
0
0
0
0
0
0
0
0
0
0
0
0
0
0
0
0
0
0
0
0
0
0
0
0
0
0
0
0
0
0
0
0
0
0
0
0
0
0
0
0
0
0
0
0
0
0
0
0
0
0
0
0
0
0
0
0
0
0
0
0
0
0
0
0
0
0
0
0
0
0
0
0
0
0
0
0
0
0
0
0
0
0
0
0
0
0
0
0
0
0
0
0
0
0
0
0
0
0
0
0
0
0
0
0
0
0
0
0
0
0
0
0
0
0
0
0
0
0
0
0
0
0
0
0
0
0
0
0
0
0
0
0
0
0
0
0
0
0
0
0
0
0
0
0
0
0
0
0
0
0
0
0
0
0
0
0
0
0
0
0
0
0
0
0
0
0
0
0
0
0
0
0
0
0
0
0
0
0
0
0
0
0
0
0
0
0
0
0
0
0
0
0
0
0
0
0
0
0
0
0
0
0
0
0
0
0
0
0
0
0
0
0
0
0
0
0
0
0
0
0
0
0
0
0
0
0
0
0
0
0
0
0
0
0
0
0
0
0
0
0
0
0
0
0
0
0
0
0
0
0
0
0
0
0
0
0
0
0
0
0
0
0
0
0
0
0
0
0
0
0
0
0
0
0
0
0
0
0
0
0
0
0
0
0
0
0
0
0
0
0
0
0
0
0
0
0
0
0
0
0
0
0
0
0
0
0
0
0
0
0
0
0
0
0
0
0
0
0
0
0
0
0
0
0
0
0
0
0
0
0
0
0
0
0
0
0
0
0
0
0
0
0
0
0
0
0
0
0
0
0
0
0
0
0
0
0
0
0
0
0
0
0
0
0
0
0
0
0
0
0
0
0
0
0
0
0
0
0
0
0
0
0
0
0
0
0
0
0
0
0
0
0
0
0
0
0
0
0
0
0
0
0
0
0
0
0
0
0
0
0
0
0
0
0
0
0
0
0
0
0
0
0
0
0
0
0
0
0
0
0
0
0
0
0
0
0
0
0
0
0
0
0
0
0
0
0
0
0
0
0
0
0
0
0
0
0
0
0
0
0
0
0
0
0
0
0
0
0
0
0
0
0
0
0
0
0
0
0
0
0
0
0
0
0
0
0
0
0
0
0
0
0
0
0
0
0
0
0
0
0
0
0
0
0
0
0
0
0
0
0
0
0
0
0
0
0
0
0
0
0
0
0
0
0
0
0
0
0
0
0
0
0
0
0
0
0
0
0
0
0
0
0
0
0
0
0
0
0
0
0
0
0
0
0
0
0
0
0
0
0
0
0
0
0
0
0
0
0
0
0
0
0
0
0
0
0
0
0
0
0
0
0
0
0
0
0
0
0
0
0
0
0
0
0
0
0
0
0
0
0
0
0
0
0
0
0
0
0
0
0
0
0
0
0
0
0
0
0
0
0
0
0
0
0
0
0
0
0
0
0
0
0
0
0
0
0
0
0
0
0
0
0
0
0
0
0
0
0
0
0
0
0
0
0
0
0
0
0
0
0
0
0
0
0
0
0
0
0
0
0
0
0
0
0
0
0
0
0
0
0
0
0
0
0
0
0
0
0
0
0
0
0
0
0
0
0
0
0
0
0
0
0
0
0
0
0
0
0
0
0
0
0
0
0
0
0
0
0
0
0
0
0
0
0
0
0
0
0
0
0
0
0
0
0
0
0
0
0
0
0
0
0
0
0
0
0
0
0
0
0
0
0
0
0
0
0
0
0
0
0
0
0
0
0
0
0
0
0
0
0
0
0
0
0
0
0
0
0
0
0
0
0
0
0
0
0
0
0
0
0
0
0
0
0
0
0
0
0
0
0
0
0
0
0
0
0
0
0
0
0
0
0
0
0
0
0
0
0
0
0
0
0
0
0
0
0
0
0
0
0
0
0
0
0
0
0
0
0
0
0
0
0
0
0
0
0
0
0
0
0
0
0
0
0
0
0
0
0
0
0
0
0
0
0
0
0
0
0
0
0
0
0
0
0
0
0
0
0
0
0
0
0
0
0
0
0
0
0
0
0
0
0
0
0
0
0
0
0
0
0
0
0
0
0
0
0
0
0
0
0
0
0
0
0
0
0
0
0
0
0
0
0
0
0
0
0
0
0
0
0
0
0
0
0
0
0
0
0
0
0
0
0
0
0
0
0
0
0
0
0
0
0
0
0
0
0
0
0
0
0
0
0
0
0
0
0
0
0
0
0
0
0
0
0
0
0
0
0
0
0
0
0
0
0
0
0
0
0
0
0
0
0
0
0
0
0
0
0
0
0
0
0
0
0
0
0
0
0
0
0
0
0
0
0
0
0
0
0
0
0
0
0
0
0
0
0
0
0
0
0
0
0
0
0
0
0
0
0
0
0
0
0
0
0
0
0
0
0
0
0
0
0
0
0
0
0
0
0
0
0
0
0
0
0
0
0
0
0
0
0
0
0
0
0
0
0
0
0
0
0
0
0
0
0
0
0
0
0
0
0
0
0
0
0
0
0
0
0
0
0
0
0
0
0
0
0
0
0
0
0
0
0
0
0
0
0
0
0
0
0
0
0
0
0
0
0
0
0
0
0
0
0
0
0
0
0
0
0
0
0
0
0
0
0
0
0
0
0
0
0
0
0
0
0
0
0
0
0
0
0
0
0
0
0
0
0
0
0
0
0
0
0
0
0
0
0
0
0
0
0
0
0
0
0
0
0
0
0
0
0
0
0
0
0
0
0
0
0
0
0
0
0
0
0
0
0
0
0
0
0
0
0
0
0
0
0
0
0
0
0
0
0
0
0
0
0
0
0
0
0
0
0
0
0
0
0
0
0
0
0
0
0
0
0
0
0
0
0
0
0
0
0
0
0
0
0
0
0
0
0
0
0
0
0
0
0
0
0
0
0
0
0
0
0
0
0
0
0
0
0
0
0
0
0
0
0
0
0
0
0
0
0
0
0
0
0
0
0
0
0
0
0
0
0
0
0
0
0
0
0
0
0
0
0
0
0
0
0
0
0
0
0
0
0
0
0
0
0
0
0
0
0
0
0
0
0
0
0
0
0
0
0
0
0
0
0
0
0
0
0
0
0
0
0
0
0
0
0
0
0
0
0
0
0
0
0
0
0
0
0
0
0
0
0
0
0
0
0
0
0
0
0
0
0
0
0
0
0
0
0
0
0
0
0
0
0
0
0
0
0
0
0
0
0
0
0
0
0
0
0
0
0
0
0
0
0
0
0
0
0
0
0
0
0
0
0
0
0
0
0
0
0
0
0
0
0
0
0
0
0
0
0
0
0
0
0
0
0
0
0
0
0
0
0
0
0
0
0
0
0
0
0
0
0
0
0
0
0
0
0
0
0
0
0
0
0
0
0
0
0
0
0
0
0
0
0
0
0
0
0
0
0
0
0
0
0
0
0
0
0
0
0
0
0
0
0
0
0
0
0
0
0
0
0
0
0
0
0
0
0
0
0
0
0
0
0
0
0
0
0
0
0
0
0
0
0
0
0
0
0
0
0
0
0
0
0
0
0
0
0
0
0
0
0
0
0
0
0
0
0
0
0
0
0
0
0
0
0
0
0
0
0
0
0
0
0
0
0
0
0
0
0
0
0
0
0
0
0
0
0
0
0
0
0
0
0
0
0
0
0
0
0
0
0
0
0
0
0
0
0
0
0
0
0
0
0
0
0
0
0
0
0
0
0
0
0
0
0
0
0
0
0
0
0
0
0
0
0
0
0
0
0
0
0
0
0
0
0
0
0
0
0
0
0
0
0
0
0
0
0
0
0
0
0
0
0
0
0
0
0
0
0
0
0
0
0
0
0
0
0
0
0
0
0
0
0
0
0
0
0
0
0
0
0
0
0
0
0
0
0
0
0
0
0
0
0
0
0
0
0
0
0
0
0
0
0
0
0
0
0
0
0
0
0
0
0
0
0
0
0
0
0
0
0
0
0
0
0
0
0
0
0
0
0
0
0
0
0
0
0
0
0
0
0
0
0
0
0
0
0
0
0
0
0
0
0
0
0
0
0
0
0
0
0
0
0
0
0
0
0
0
0
0
0
0
0
0
0
0
0
0
0
0
0
0
0
0
0
0
0
0
0
0
0
0
0
0
0
0
0
0
0
0
0
0
0
0
0
0
0
0
0
0
0
0
0
0
0
0
0
0
0
0
0
0
0
0
0
0
0
0
0
0
0
0
0
0
0
0
0
0
0
0
0
0
0
0
0
0
0
0
0
0
0
0
0
0
0
0
0
0
0
0
0
0
0
0
0
0
0
0
0
0
0
0
0
0
0
0
0
0
0
0
0
0
0
0
0
0
0
0
0
0
0
0
0
0
0
0
0
0
0
0
0
0
0
0
0
0
0
0
0
0
0
0
0
0
0
0
0
0
0
0
0
0
0
0
0
0
0
0
0
0
0
0
0
0
0
0
0
0
0
0
0
0
0
0
0
0
0
0
0
0
0
0
0
0
0
0
0
0
0
0
0
0
0
0
0
0
0
0
0
0
0
0
0
0
0
0
0
0
0
0
0
0
0
0
0
0
0
0
0
0
0
0
0
0
0
0
0
0
0
0
0
0
0
0
0
0
0
0
0
0
0
0
0
0
0
0
0
0
0
0
0
0
0
0
0
0
0
0
0
0
0
0
0
0
0
0
0
0
0
0
0
0
0
0
0
0
0
0
0
0
0
0
0
0
0
0
0
0
0
0
0
0
0
0
0
0
0
0
0
0
0
0
0
0
0
0
0
0
0
0
0
0
0
0
0
0
0
0
0
0
0
0
0
0
0
0
0
0
0
0
0
0
0
0
0
0
0
0
0
0
0
0
0
0
0
0
0
0
0
0
0
0
0
0
0
0
0
0
0
0
0
0
0
0
0
0
0
0
0
0
0
0
0
0
0
0
0
0
0
0
0
0
0
0
0
0
0
0
0
0
0
0
0
0
0
0
0
0
0
0
0
0
0
0
0
0
0
0
0
0
0
0
0
0
0
0
0
0
0
0
0
0
0
0
0
0
0
0
0
0
0
0
0
0
0
0
0
0
0
0
0
0
0
0
0
0
0
0
0
0
0
0
0
0
0
0
0
0
0
0
0
0
0
0
0
0
0
0
0
0
0
0
0
0
0
0
0
0
0
0
0
0
0
0
0
0
0
0
0
0
0
0
0
0
0
0
0
0
0
0
0
0
0
0
0
0
0
0
0
0
0
0
0
0
0
0
0
0
0
0
0
0
0
0
0
0
0
0
0
0
0
0
0
0
0
0
0
0
0
0
0
0
0
0
0
0
0
0
0
0
0
0
0
0
0
0
0
0
0
0
0
0
0
0
0
0
0
0
0
0
0
0
0
0
0
0
0
0
0
0
0
0
0
0
0
0
0
0
0
0
0
0
0
0
0
0
0
0
0
0
0
0
0
0
0
0
0
0
0
0
0
0
0
0
0
0
0
0
0
0
0
0
0
0
0
0
0
0
0
0
0
0
0
0
0
0
0
0
0
0
0
0
0
0
0
0
0
0
0
0
0
0
0
0
0
0
0
0
0
0
0
0
0
0
0
0
0
0
0
0
0
0
0
0
0
0
0
0
0
0
0
0
0
0
0
0
0
0
0
0
0
0
0
0
0
0
0
0
0
0
0
0
0
0
0
0
0
0
0
0
0
0
0
0
0
0
0
0
0
0
0
0
0
0
0
0
0
0
0
0
0
0
0
0
0
0
0
0
0
0
0
0
0
0
0
0
0
0
0
0
0
0
0
0
0
0
0
0
0
0
0
0
0
0
0
0
0
0
0
0
0
0
0
0
0
0
0
0
0
0
0
0
0
0
0
0
0
0
0
0
0
0
0
0
0
0
0
0
0
0
0
0
0
0
0
0
0
0
0
0
0
0
0
0
0
0
0
0
0
0
0
0
0
0
0
0
0
0
0
0
0
0
0
0
0
0
0
0
0
0
0
0
0
0
0
0
0
0
0
0
0
0
0
0
0
0
0
0
0
0
0
0
0
0
0
0
0
0
0
0
0
0
0
0
0
0
0
0
0
0
0
0
0
0
0
0
0
0
0
0
0
0
0
0
0
0
0
0
0
0
0
0
0
0
0
0
0
0
0
0
0
0
0
0
0
0
0
0
0
0
0
0
0
0
0
0
0
0
0
0
0
0
0
0
0
0
0
0
0
0
0
0
0
0
0
0
0
0
0
0
0
0
0
0
0
0
0
0
0
0
0
0
0
0
0
0
0
0
0
0
0
0
0
0
0
0
0
0
0
0
0
0
0
0
0
0
0
0
0
0
0
0
0
0
0
0
0
0
0
0
0
0
0
0
0
0
0
0
0
0
0
0
0
0
0
0
0
0
0
0
0
0
0
0
0
0
0
0
0
0
0
0
0
0
0
0
0
0
0
0
0
0
0
0
0
0
0
0
0
0
0
0
0
0
0
0
0
0
0
0
0
0
0
0
0
0
0
0
0
0
0
0
0
0
0
0
0
0
0
0
0
0
0
0
0
0
0
0
0
0
0
0
0
0
0
0
0
0
0
0
0
0
0
0
0
0
0
0
0
0
0
0
0
0
0
0
0
0
0
0
0
0
0
0
0
0
0
0
0
0
0
0
0
0
0
0
0
0
0
0
0
0
0
0
0
0
0
0
0
0
0
0
0
0
0
0
0
0
0
0
0
0
0
0
0
0
0
0
0
0
0
0
0
0
0
0
0
0
0
0
0
0
0
0
0
0
0
0
0
0
0
0
0
0
0
0
0
0
0
0
0
0
0
0
0
0
0
0
0
0
0
0
0
0
0
0
0
0
0
0
0
0
0
0
0
0
0
0
0
0
0
0
0
0
0
0
0
0
0
0
0
0
0
0
0
0
0
0
0
0
0
0
0
0
0
0
0
0
0
0
0
0
0
0
0
0
0
0
0
0
0
0
0
0
0
0
0
0
0
0
0
0
0
0
0
0
0
0
0
0
0
0
0
0
0
0
0
0
0
0
0
0
0
0
0
0
0
0
0
0
0
0
0
0
0
0
0
0
0
0
0
0
0
0
0
0
0
0
0
0
0
0
0
0
0
0
0
0
0
0
0
0
0
0
0
0
0
0
0
0
0
0
0
0
0
0
0
0
0
0
0
0
0
0
0
0
0
0
0
0
0
0
0
0
0
0
0
0
0
0
0
0
0
0
0
0
0
0
0
0
0
0
0
0
0
0
0
0
0
0
0
0
0
0
0
0
0
0
0
0
0
0
0
0
0
0
0
0
0
0
0
0
0
0
0
0
0
0
0
0
0
0
0
0
0
0
0
0
0
0
0
0
0
0
0
0
0
0
0
0
0
0
0
0
0
0
0
0
0
0
0
0
0
0
0
0
0
0
0
0
0
0
0
0
0
0
0
0
0
0
0
0
0
0
0
0
0
0
0
0
0
0
0
0
0
0
0
0
0
0
0
0
0
0
0
0
0
0
0
0
0
0
0
0
0
0
0
0
0
0
0
0
0
0
0
0
0
0
0
0
0
0
0
0
0
0
0
0
0
0
0
0
0
0
0
0
0
0
0
0
0
0
0
0
0
0
0
0
0
0
0
0
0
0
0
0
0
0
0
0
0
0
0
0
0
0
0
0
0
0
0
0
0
0
0
0
0
0
0
0
0
0
0
0
0
0
0
0
0
0
0
0
0
0
0
0
0
0
0
0
0
0
0
0
0
0
0
0
0
0
0
0
0
0
0
0
0
0
0
0
0
0
0
0
0
0
0
0
0
0
0
0
0
0
0
0
0
0
0
0
0
0
0
0
0
0
0
0
0
0
0
0
0
0
0
0
0
0
0
0
0
0
0
0
0
0
0
0
0
0
0
0
0
0
0
0
0
0
0
0
0
0
0
0
0
0
0
0
0
0
0
0
0
0
0
0
0
0
0
0
0
0
0
0
0
0
0
0
0
0
0
0
0
0
0
0
0
0
0
0
0
0
0
0
0
0
0
0
0
0
0
0
0
0
0
0
0
0
0
0
0
0
0
0
0
0
0
0
0
0
0
0
0
0
0
0
0
0
0
0
0
0
0
0
0
0
0
0
0
0
0
0
0
0
0
0
0
0
0
0
0
0
0
0
0
0
0
0
0
0
0
0
0
0
0
0
0
0
0
0
0
0
0
0
0
0
0
0
0
0
0
0
0
0
0
0
0
0
0
0
0
0
0
0
0
0
0
0
0
0
0
0
0
0
0
0
0
0
0
0
0
0
0
0
0
0
0
0
0
0
0
0
0
0
0
0
0
0
0
0
0
0
0
0
0
0
0
0
0
0
0
0
0
0
0
0
0
0
0
0
0
0
0
0
0
0
0
0
0
0
0
0
0
0
0
0
0
0
0
0
0
0
0
0
0
0
0
0
0
0
0
0
0
0
0
0
0
0
0
0
0
0
0
0
0
0
0
0
0
0
0
0
0
0
0
0
0
0
0
0
0
0
0
0
0
0
0
0
0
0
0
0
0
0
0
0
0
0
0
0
0
0
0
0
0
0
0
0
0
0
0
0
0
0
0
0
0
0
0
0
0
0
0
0
0
0
0
0
0
0
0
0
0
0
0
0
0
0
0
0
0
0
0
0
0
0
0
0
0
0
0
0
0
0
0
0
0
0
0
0
0
0
0
0
0
0
0
0
0
0
0
0
0
0
0
0
0
0
0
0
0
0
0
0
0
0
0
0
0
0
0
0
0
0
0
0
0
0
0
0
0
0
0
0
0
0
0
0
0
0
0
0
0
0
0
0
0
0
0
0
0
0
0
0
0
0
0
0
0
0
0
0
0
0
0
0
0
0
0
0
0
0
0
0
0
0
0
0
0
0
0
0
0
0
0
0
0
0
0
0
0
0
0
0
0
0
0
0
0
0
0
0
0
0
0
0
0
0
0
0
0
0
0
0
0
0
0
0
0
0
0
0
0
0
0
0
0
0
0
0
0
0
0
0
0
0
0
0
0
0
0
0
0
0
0
0
0
0
0
0
0
0
0
0
0
0
0
0
0
0
0
0
0
0
0
0
0
0
0
0
0
0
0
0
0
0
0
0
0
0
0
0
0
0
0
0
0
0
0
0
0
0
0
0
0
0
0
0
0
0
0
0
0
0
0
0
0
0
0
0
0
0
0
0
0
0
0
0
0
0
0
0
0
0
0
0
0
0
0
0
0
0
0
0
0
0
0
0
0
0
0
0
0
0
0
0
0
0
0
0
0
0
0
0
0
0
0
0
0
0
0
0
0
0
0
0
0
0
0
0
0
0
0
0
0
0
0
0
0
0
0
0
0
0
0
0
0
0
0
0
0
0
0
0
0
0
0
0
0
0
0
0
0
0
0
0
0
0
0
0
0
0
0
0
0
0
0
0
0
0
0
0
0
0
0
0
0
0
0
0
0
0
0
0
0
0
0
0
0
0
0
0
0
0
0
0
0
0
0
0
0
0
0
0
0
0
0
0
0
0
0
0
0
0
0
0
0
0
0
0
0
0
0
0
0
0
0
0
0
0
0
0
0
0
0
0
0
0
0
0
0
0
0
0
0
0
0
0
0
0
0
0
0
0
0
0
0
0
0
0
0
0
0
0
0
0
0
0
0
0
0
0
0
0
0
0
0
0
0
0
0
0
0
0
0
0
0
0
0
0
0
0
0
0
0
0
0
0
0
0
0
0
0
0
0
0
0
0
0
0
0
0
0
0
0
0
0
0
0
0
0
0
0
0
0
0
0
0
0
0
0
0
0
0
0
0
0
0
0
0
0
0
0
0
0
0
0
0
0
0
0
0
0
0
0
0
0
0
0
0
0
0
0
0
0
0
0
0
0
0
0
0
0
0
0
0
0
0
0
0
0
0
0
0
0
0
0
0
0
0
0
0
0
0
0
0
0
0
0
0
0
0
0
0
0
0
0
0
0
0
0
0
0
0
0
0
0
0
0
0
0
0
0
0
0
0
0
0
0
0
0
0
0
0
0
0
0
0
0
0
0
0
0
0
0
0
0
0
0
0
0
0
0
0
0
0
0
0
0
0
0
0
0
0
0
0
0
0
0
0
0
0
0
0
0
0
0
0
0
0
0
0
0
0
0
0
0
0
0
0
0
0
0
0
0
0
0
0
0
0
0
0
0
0
0
0
0
0
0
0
0
0
0
0
0
0
0
0
0
0
0
0
0
0
0
0
0
0
0
0
0
0
0
0
0
0
0
0
0
0
0
0
0
0
0
0
0
0
0
0
0
0
0
0
0
0
0
0
0
0
0
0
0
0
0
0
0
0
0
0
0
0
0
0
0
0
0
0
0
0
0
0
0
0
0
0
0
0
0
0
0
0
0
0
0
0
0
0
0
0
0
0
0
0
0
0
0
0
0
0
0
0
0
0
0
0
0
0
0
0
0
0
0
0
0
0
0
0
0
0
0
0
0
0
0
0
0
0
0
0
0
0
0
0
0
0
0
0
0
0
0
0
0
0
0
0
0
0
0
0
0
0
0
0
0
0
0
0
0
0
0
0
0
0
0
0
0
0
0
0
0
0
0
0
0
0
0
0
0
0
0
0
0
0
0
0
0
0
0
0
0
0
0
0
0
0
0
0
0
0
0
0
0
0
0
0
0
0
0
0
0
0
0
0
0
0
0
0
0
0
0
0
0
0
0
0
0
0
0
0
0
0
0
0
0
0
0
0
0
0
0
0
0
0
0
0
0
0
0
0
0
0
0
0
0
0
0
0
0
0
0
0
0
0
0
0
0
0
0
0
0
0
0
0
0
0
0
0
0
0
0
0
0
0
0
0
0
0
0
0
0
0
0
0
0
0
0
0
0
0
0
0
0
0
0
0
0
0
0
0
0
0
0
0
0
0
0
0
0
0
0
0
0
0
0
0
0
0
0
0
0
0
0
0
0
0
0
0
0
0
0
0
0
0
0
0
0
0
0
0
0
0
0
0
0
0
0
0
0
0
0
0
0
0
0
0
0
0
0
0
0
0
0
0
0
0
0
0
0
0
0
0
0
0
0
0
0
0
0
0
0
0
0
0
0
0
0
0
0
0
0
0
0
0
0
0
0
0
0
0
0
0
0
0
0
0
0
0
0
0
0
0
0
0
0
0
0
0
0
0
0
0
0
0
0
0
0
0
0
0
0
0
0
0
0
0
0
0
0
0
0
0
0
0
0
0
0
0
0
0
0
0
0
0
0
0
0
0
0
0
0
0
0
0
0
0
0
0
0
0
0
0
0
0
0
0
0
0
0
0
0
0
0
0
0
0
0
0
0
0
0
0
0
0
0
0
0
0
0
0
0
0
0
0
0
0
0
0
0
0
0
0
0
0
0
0
0
0
0
0
0
0
0
0
0
0
0
0
0
0
0
0
0
0
0
0
0
0
0
0
0
0
0
0
0
0
0
0
0
0
0
0
0
0
0
0
0
0
0
0
0
0
0
0
0
0
0
0
0
0
0
0
0
0
0
0
0
0
0
0
0
0
0
0
0
0
0
0
0
0
0
0
0
0
0
0
0
0
0
0
0
0
0
0
0
0
0
0
0
0
0
0
0
0
0
0
0
0
0
0
0
0
0
0
0
0
0
0
0
0
0
0
0
0
0
0
0
0
0
0
0
0
0
0
0
0
0
0
0
0
0
0
0
0
0
0
0
0
0
0
0
0
0
0
0
0
0
0
0
0
0
0
0
0
0
0
0
0
0
0
0
0
0
0
0
0
0
0
0
0
0
0
0
0
0
0
0
0
0
0
0
0
0
0
0
0
0
0
0
0
0
0
0
0
0
0
0
0
0
0
0
0
0
0
0
0
0
0
0
0
0
0
0
0
0
0
0
0
0
0
0
0
0
0
0
0
0
0
0
0
0
0
0
0
0
0
0
0
0
0
0
0
0
0
0
0
0
0
0
0
0
0
0
0
0
0
0
0
0
0
0
0
0
0
0
0
0
0
0
0
0
0
0
0
0
0
0
0
0
0
0
0
0
0
0
0
0
0
0
0
0
0
0
0
0
0
0
0
0
0
0
0
0
0
0
0
0
0
0
0
0
0
0
0
0
0
0
0
0
0
0
0
0
0
0
0
0
0
0
0
0
0
0
0
0
0
0
0
0
0
0
0
0
0
0
0
0
0
0
0
0
0
0
0
0
0
0
0
0
0
0
0
0
0
0
0
0
0
0
0
0
0
0
0
0
0
0
0
0
0
0
0
0
0
0
0
0
0
0
0
0
0
0
0
0
0
0
0
0
0
0
0
0
0
0
0
0
0
0
0
0
0
0
0
0
0
0
0
0
0
0
0
0
0
0
0
0
0
0
0
0
0
0
0
0
0
0
0
0
0
0
0
0
0
0
0
0
0
0
0
0
0
0
0
0
0
0
0
0
0
0
0
0
0
0
0
0
0
0
0
0
0
0
0
0
0
0
0
0
0
0
0
0
0
0
0
0
0
0
0
0
0
0
0
0
0
0
0
0
0
0
0
0
0
0
0
0
0
0
0
0
0
0
0
0
0
0
0
0
0
0
0
0
0
0
0
0
0
0
0
0
0
0
0
0
0
0
0
0
0
0
0
0
0
0
0
0
0
0
0
0
0
0
0
0
0
0
0
0
0
0
0
0
0
0
0
0
0
0
0
0
0
0
0
0
0
0
0
0
0
0
0
0
0
0
0
0
0
0
0
0
0
0
0
0
0
0
0
0
0
0
0
0
0
0
0
0
0
0
0
0
0
0
0
0
0
0
0
0
0
0
0
0
0
0
0
0
0
0
0
0
0
0
0
0
0
0
0
0
0
0
0
0
0
0
0
0
0
0
0
0
0
0
0
0
0
0
0
0
0
0
0
0
0
0
0
0
0
0
0
0
0
0
0
0
0
0
0
0
0
0
0
0
0
0
0
0
0
0
0
0
0
0
0
0
0
0
0
0
0
0
0
0
0
0
0
0
0
0
0
0
0
0
0
0
0
0
0
0
0
0
0
0
0
0
0
0
0
0
0
0
0
0
0
0
0
0
0
0
0
0
0
0
0
0
0
0
0
0
0
0
0
0
0
0
0
0
0
0
0
0
0
0
0
0
0
0
0
0
0
0
0
0
0
0
0
0
0
0
0
0
0
0
0
0
0
0
0
0
0
0
0
0
0
0
0
0
0
0
0
0
0
0
0
0
0
0
0
0
0
0
0
0
0
0
0
0
0
0
0
0
0
0
0
0
0
0
0
0
0
0
0
0
0
0
0
0
0
0
0
0
0
0
0
0
0
0
0
0
0
0
0
0
0
0
0
0
0
0
0
0
0
0
0
0
0
0
0
0
0
0
0
0
0
0
0
0
0
0
0
0
0
0
0
0
0
0
0
0
0
0
0
0
0
0
0
0
0
0
0
0
0
0
0
0
0
0
0
0
0
0
0
0
0
0
0
0
0
0
0
0
0
0
0
0
0
0
0
0
0
0
0
0
0
0
0
0
0
0
0
0
0
0
0
0
0
0
0
0
0
0
0
0
0
0
0
0
0
0
0
0
0
0
0
0
0
0
0
0
0
0
0
0
0
0
0
0
0
0
0
0
0
0
0
0
0
0
0
0
0
0
0
0
0
0
0
0
0
0
0
0
0
0
0
0
0
0
0
0
0
0
0
0
0
0
0
0
0
0
0
0
0
0
0
0
0
0
0
0
0
0
0
0
0
0
0
0
0
0
0
0
0
0
0
0
0
0
0
0
0
0
0
0
0
0
0
0
0
0
0
0
0
0
0
0
0
0
0
0
0
0
0
0
0
0
0
0
0
0
0
0
0
0
0
0
0
0
0
0
0
0
0
0
0
0
0
0
0
0
0
0
0
0
0
0
0
0
0
0
0
0
0
0
0
0
0
0
0
0
0
0
0
0
0
0
0
0
0
0
0
0
0
0
0
0
0
0
0
0
0
0
0
0
0
0
0
0
0
0
0
0
0
0
0
0
0
0
0
0
0
0
0
0
0
0
0
0
0
0
0
0
0
0
0
0
0
0
0
0
0
0
0
0
0
0
0
0
0
0
0
0
0
0
0
0
0
0
0
0
0
0
0
0
0
0
0
0
0
0
0
0
0
0
0
0
0
0
0
0
0
0
0
0
0
0
0
0
0
0
0
0
0
0
0
0
0
0
0
0
0
0
0
0
0
0
0
0
0
0
0
0
0
0
0
0
0
0
0
0
0
0
0
0
0
0
0
0
0
0
0
0
0
0
0
0
0
0
0
0
0
0
0
0
0
0
0
0
0
0
0
0
0
0
0
0
0
0
0
0
0
0
0
0
0
0
0
0
0
0
0
0
0
0
0
0
0
0
0
0
0
0
0
0
0
0
0
0
0
0
0
0
0
0
0
0
0
0
0
0
0
0
0
0
0
0
0
0
0
0
0
0
0
0
0
0
0
0
0
0
0
0
0
0
0
0
0
0
0
0
0
0
0
0
0
0
0
0
0
0
0
0
0
0
0
0
0
0
0
0
0
0
0
0
0
0
0
0
0
0
0
0
0
0
0
0
0
0
0
0
0
0
0
0
0
0
0
0
0
0
0
0
0
0
0
0
0
0
0
0
0
0
0
0
0
0
0
0
0
0
0
0
0
0
0
0
0
0
0
0
0
0
0
0
0
0
0
0
0
0
0
0
0
0
0
0
0
0
0
0
0
0
0
0
0
0
0
0
0
0
0
0
0
0
0
0
0
0
0
0
0
0
0
0
0
0
0
0
0
0
0
0
0
0
0
0
0
0
0
0
0
0
0
0
0
0
0
0
0
0
0
0
0
0
0
0
0
0
0
0
0
0
0
0
0
0
0
0
0
0
0
0
0
0
0
0
0
0
0
0
0
0
0
0
0
0
0
0
0
0
0
0
0
0
0
0
0
0
0
0
0
0
0
0
0
0
0
0
0
0
0
0
0
0
0
0
0
0
0
0
0
0
0
0
0
0
0
0
0
0
0
0
0
0
0
0
0
0
0
0
0
0
0
0
0
0
0
0
0
0
0
0
0
0
0
0
0
0
0
0
0
0
0
0
0
0
0
0
0
0
0
0
0
0
0
0
0
0
0
0
0
0
0
0
0
0
0
0
0
0
0
0
0
0
0
0
0
0
0
0
0
0
0
0
0
0
0
0
0
0
0
0
0
0
0
0
0
0
0
0
0
0
0
0
0
0
0
0
0
0
0
0
0
0
0
0
0
0
0
0
0
0
0
0
0
0
0
0
0
0
0
0
0
0
0
0
0
0
0
0
0
0
0
0
0
0
0
0
0
0
0
0
0
0
0
0
0
0
0
0
0
0
0
0
0
0
0
0
0
0
0
0
0
0
0
0
0
0
0
0
0
0
0
0
0
0
0
0
0
0
0
0
0
0
0
0
0
0
0
0
0
0
0
0
0
0
0
0
0
0
0
0
0
0
0
0
0
0
0
0
0
0
0
0
0
0
0
0
0
0
0
0
0
0
0
0
0
0
0
0
0
0
0
0
0
0
0
0
0
0
0
0
0
0
0
0
0
0
0
0
0
0
0
0
0
0
0
0
0
0
0
0
0
0
0
0
0
0
0
0
0
0
0
0
0
0
0
0
0
0
0
0
0
0
0
0
0
0
0
0
0
0
0
0
0
0
0
0
0
0
0
0
0
0
0
0
0
0
0
0
0
0
0
0
0
0
0
0
0
0
0
0
0
0
0
0
0
0
0
0
0
0
0
0
0
0
0
0
0
0
0
0
0
0
0
0
0
0
0
0
0
0
0
0
0
0
0
0
0
0
0
0
0
0
0
0
0
0
0
0
0
0
0
0
0
0
0
0
0
0
0
0
0
0
0
0
0
0
0
0
0
0
0
0
0
0
0
0
0
0
0
0
0
0
0
0
0
0
0
0
0
0
0
0
0
0
0
0
0
0
0
0
0
0
0
0
0
0
0
0
0
0
0
0
0
0
0
0
0
0
0
0
0
0
0
0
0
0
0
0
0
0
0
0
0
0
0
0
0
0
0
0
0
0
0
0
0
0
0
0
0
0
0
0
0
0
0
0
0
0
0
0
0
0
0
0
0
0
0
0
0
0
0
0
0
0
0
0
0
0
0
0
0
0
0
0
0
0
0
0
0
0
0
0
0
0
0
0
0
0
0
0
0
0
0
0
0
0
0
0
0
0
0
0
0
0
0
0
0
0
0
0
0
0
0
0
0
0
0
0
0
0
0
0
0
0
0
0
0
0
0
0
0
0
0
0
0
0
0
0
0
0
0
0
0
0
0
0
0
0
0
0
0
0
0
0
0
0
0
0
0
0
0
0
0
0
0
0
0
0
0
0
0
0
0
0
0
0
0
0
0
0
0
0
0
0
0
0
0
0
0
0
0
0
0
0
0
0
0
0
0
0
0
0
0
0
0
0
0
0
0
0
0
0
0
0
0
0
0
0
0
0
0
0
0
0
0
0
0
0
0
0
0
0
0
0
0
0
0
0
0
0
0
0
0
0
0
0
0
0
0
0
0
0
0
0
0
0
0
0
0
0
0
0
0
0
0
0
0
0
0
0
0
0
0
0
0
0
0
0
0
0
0
0
0
0
0
0
0
0
0
0
0
0
0
0
0
0
0
0
0
0
0
0
0
0
0
0
0
0
0
0
0
0
0
0
0
0
0
0
0
0
0
0
0
0
0
0
0
0
0
0
0
0
0
0
0
0
0
0
0
0
0
0
0
0
0
0
0
0
0
0
0
0
0
0
0
0
0
0
0
0
0
0
0
0
0
0
0
0
0
0
0
0
0
0
0
0
0
0
0
0
0
0
0
0
0
0
0
0
0
0
0
0
0
0
0
0
0
0
0
0
0
0
0
0
0
0
0
0
0
0
0
0
0
0
0
0
0
0
0
0
0
0
0
0
0
0
0
0
0
0
0
0
0
0
0
0
0
0
0
0
0
0
0
0
0
0
0
0
0
0
0
0
0
0
0
0
0
0
0
0
0
0
0
0
0
0
0
0
0
0
0
0
0
0
0
0
0
0
0
0
0
0
0
0
0
0
0
0
0
0
0
0
0
0
0
0
0
0
0
0
0
0
0
0
0
0
0
0
0
0
0
0
0
0
0
0
0
0
0
0
0
0
0
0
0
0
0
0
0
0
0
0
0
0
0
0
0
0
0
0
0
0
0
0
0
0
0
0
0
0
0
0
0
0
0
0
0
0
0
0
0
0
0
0
0
0
0
0
0
0
0
0
0
0
0
0
0
0
0
0
0
0
0
0
0
0
0
0
0
0
0
0
0
0
0
0
0
0
0
0
0
0
0
0
0
0
0
0
0
0
0
0
0
0
0
0
0
0
0
0
0
0
0
0
0
0
0
0
0
0
0
0
0
0
0
0
0
0
0
0
0
0
0
0
0
0
0
0
0
0
0
0
0
0
0
0
0
0
0
0
0
0
0
0
0
0
0
0
0
0
0
0
0
0
0
0
0
0
0
0
0
0
0
0
0
0
0
0
0
0
0
0
0
0
0
0
0
0
0
0
0
0
0
0
0
0
0
0
0
0
0
0
0
0
0
0
0
0
0
0
0
0
0
0
0
0
0
0
0
0
0
0
0
0
0
0
0
0
0
0
0
0
0
0
0
0
0
0
0
0
0
0
0
0
0
0
0
0
0
0
0
0
0
0
0
0
0
0
0
0
0
0
0
0
0
0
0
0
0
0
0
0
0
0
0
0
0
0
0
0
0
0
0
0
0
0
0
0
0
0
0
0
0
0
0
0
0
0
0
0
0
0
0
0
0
0
0
0
0
0
0
0
0
0
0
0
0
0
0
0
0
0
0
0
0
0
0
0
0
0
0
0
0
0
0
0
0
0
0
0
0
0
0
0
0
0
0
0
0
0
0
0
0
0
0
0
0
0
0
0
0
0
0
0
0
0
0
0
0
0
0
0
0
0
0
0
0
0
0
0
0
0
0
0
0
0
0
0
0
0
0
0
0
0
0
0
0
0
0
0
0
0
0
0
0
0
0
0
0
0
0
0
0
0
0
0
0
0
0
0
0
0
0
0
0
0
0
0
0
0
0
0
0
0
0
0
0
0
0
0
0
0
0
0
0
0
0
0
0
0
0
0
0
0
0
0
0
0
0
0
0
0
0
0
0
0
0
0
0
0
0
0
0
0
0
0
0
0
0
0
0
0
0
0
0
0
0
0
0
0
0
0
0
0
0
0
0
0
0
0
0
0
0
0
0
0
0
0
0
0
0
0
0
0
0
0
0
0
0
0
0
0
0
0
0
0
0
0
0
0
0
0
0
0
0
0
0
0
0
0
0
0
0
0
0
0
0
0
0
0
0
0
0
0
0
0
0
0
0
0
0
0
0
0
0
0
0
0
0
0
0
0
0
0
0
0
0
0
0
0
0
0
0
0
0
0
0
0
0
0
0
0
0
0
0
0
0
0
0
0
0
0
0
0
0
0
0
0
0
0
0
0
0
0
0
0
0
0
0
0
0
0
0
0
0
0
0
0
0
0
0
0
0
0
0
0
0
0
0
0
0
0
0
0
0
0
0
0
0
0
0
0
0
0
0
0
0
0
0
0
0
0
0
0
0
0
0
0
0
0
0
0
0
0
0
0
0
0
0
0
0
0
0
0
0
0
0
0
0
0
0
0
0
0
0
0
0
0
0
0
0
0
0
0
0
0
0
0
0
0
0
0
0
0
0
0
0
0
0
0
0
0
0
0
0
0
0
0
0
0
0
0
0
0
0
0
0
0
0
0
0
0
0
0
0
0
0
0
0
0
0
0
0
0
0
0
0
0
0
0
0
0
0
0
0
0
0
0
0
0
0
0
0
0
0
0
0
0
0
0
0
0
0
0
0
0
0
0
0
0
0
0
0
0
0
0
0
0
0
0
0
0
0
0
0
0
0
0
0
0
0
0
0
0
0
0
0
0
0
0
0
0
0
0
0
0
0
0
0
0
0
0
0
0
0
0
0
0
0
0
0
0
0
0
0
0
0
0
0
0
0
0
0
0
0
0
0
0
0
0
0
0
0
0
0
0
0
0
0
0
0
0
0
0
0
0
0
0
0
0
0
0
0
0
0
0
0
0
0
0
0
0
0
0
0
0
0
0
0
0
0
0
0
0
0
0
0
0
0
0
0
0
0
0
0
0
0
0
0
0
0
0
0
0
0
0
0
0
0
0
0
0
0
0
0
0
0
0
0
0
0
0
0
0
0
0
0
0
0
0
0
0
0
0
0
0
0
0
0
0
0
0
0
0
0
0
0
0
0
0
0
0
0
0
0
0
0
0
0
0
0
0
0
0
0
0
0
0
0
0
0
0
0
0
0
0
0
0
0
0
0
0
0
0
0
0
0
0
0
0
0
0
0
0
0
0
0
0
0
0
0
0
0
0
0
0
0
0
0
0
0
0
0
0
0
0
0
0
0
0
0
0
0
0
0
0
0
0
0
0
0
0
0
0
0
0
0
0
0
0
0
0
0
0
0
0
0
0
0
0
0
0
0
0
0
0
0
0
0
0
0
0
0
0
0
0
0
0
0
0
0
0
0
0
0
0
0
0
0
0
0
0
0
0
0
0
0
0
0
0
0
0
0
0
0
0
0
0
0
0
0
0
0
0
0
0
0
0
0
0
0
0
0
0
0
0
0
0
0
0
0
0
0
0
0
0
0
0
0
0
0
0
0
0
0
0
0
0
0
0
0
0
0
0
0
0
0
0
0
0
0
0
0
0
0
0
0
0
0
0
0
0
0
0
0
0
0
0
0
0
0
0
0
0
0
0
0
0
0
0
0
0
0
0
0
0
0
0
0
0
0
0
0
0
0
0
0
0
0
0
0
0
0
0
0
0
0
0
0
0
0
0
0
0
0
0
0
0
0
0
0
0
0
0
0
0
0
0
0
0
0
0
0
0
0
0
0
0
0
0
0
0
0
0
0
0
0
0
0
0
0
0
0
0
0
0
0
0
0
0
0
0
0
0
0
0
0
0
0
0
0
0
0
0
0
0
0
0
0
0
0
0
0
0
0
0
0
0
0
0
0
0
0
0
0
0
0
0
0
0
0
0
0
0
0
0
0
0
0
0
0
0
0
0
0
0
0
0
0
0
0
0
0
0
0
0
0
0
0
0
0
0
0
0
0
0
0
0
0
0
0
0
0
0
0
0
0
0
0
0
0
0
0
0
0
0
0
0
0
0
0
0
0
0
0
0
0
0
0
0
0
0
0
0
0
0
0
0
0
0
0
0
0
0
0
0
0
0
0
0
0
0
0
0
0
0
0
0
0
0
0
0
0
0
0
0
0
0
0
0
0
0
0
0
0
0
0
0
0
0
0
0
0
0
0
0
0
0
0
0
0
0
0
0
0
0
0
0
0
0
0
0
0
0
0
0
0
0
0
0
0
0
0
0
0
0
0
0
0
0
0
0
0
0
0
0
0
0
0
0
0
0
0
0
0
0
0
0
0
0
0
0
0
0
0
0
0
0
0
0
0
0
0
0
0
0
0
0
0
0
0
0
0
0
0
0
0
0
0
0
0
0
0
0
0
0
0
0
0
0
0
0
0
0
0
0
0
0
0
0
0
0
0
0
0
0
0
0
0
0
0
0
0
0
0
0
0
0
0
0
0
0
0
0
0
0
0
0
0
0
0
0
0
0
0
0
0
0
0
0
0
0
0
0
0
0
0
0
0
0
0
0
0
0
0
0
0
0
0
0
0
0
0
0
0
0
0
0
0
0
0
0
0
0
0
0
0
0
0
0
0
0
0
0
0
0
0
0
0
0
0
0
0
0
0
0
0
0
0
0
0
0
0
0
0
0
0
0
0
0
0
0
0
0
0
0
0
0
0
0
0
0
0
0
0
0
0
0
0
0
0
0
0
0
0
0
0
0
0
0
0
0
0
0
0
0
0
0
0
0
0
0
0
0
0
0
0
0
0
0
0
0
0
0
0
0
0
0
0
0
0
0
0
0
0
0
0
0
0
0
0
0
0
0
0
0
0
0
0
0
0
0
0
0
0
0
0
0
0
0
0
0
0
0
0
0
0
0
0
0
0
0
0
0
0
0
0
0
0
0
0
0
0
0
0
0
0
0
0
0
0
0
0
0
0
0
0
0
0
0
0
0
0
0
0
0
0
0
0
0
0
0
0
0
0
0
0
0
0
0
0
0
0
0
0
0
0
0
0
0
0
0
0
0
0
0
0
0
0
0
0
0
0
0
0
0
0
0
0
0
0
0
0
0
0
0
0
0
0
0
0
0
0
0
0
0
0
0
0
0
0
0
0
0
0
0
0
0
0
0
0
0
0
0
0
0
0
0
0
0
0
0
0
0
0
0
0
0
0
0
0
0
0
0
0
0
0
0
0
0
0
0
0
0
0
0
0
0
0
0
0
0
0
0
0
0
0
0
0
0
0
0
0
0
0
0
0
0
0
0
0
0
0
0
0
0
0
0
0
0
0
0
0
0
0
0
0
0
0
0
0
0
0
0
0
0
0
0
0
0
0
0
0
0
0
0
0
0
0
0
0
0
0
0
0
0
0
0
0
0
0
0
0
0
0
0
0
0
0
0
0
0
0
0
0
0
0
0
0
0
0
0
0
0
0
0
0
0
0
0
0
0
0
0
0
0
0
0
0
0
0
0
0
0
0
0
0
0
0
0
0
0
0
0
0
0
0
0
0
0
0
0
0
0
0
0
0
0
0
0
0
0
0
0
0
0
0
0
0
0
0
0
0
0
0
0
0
0
0
0
0
0
0
0
0
0
0
0
0
0
0
0
0
0
0
0
0
0
0
0
0
0
0
0
0
0
0
0
0
0
0
0
0
0
0
0
0
0
0
0
0
0
0
0
0
0
0
0
0
0
0
0
0
0
0
0
0
0
0
0
0
0
0
0
0
0
0
0
0
0
0
0
0
0
0
0
0
0
0
0
0
0
0
0
0
0
0
0
0
0
0
0
0
0
0
0
0
0
0
0
0
0
0
0
0
0
0
0
0
0
0
0
0
0
0
0
0
0
0
0
0
0
0
0
0
0
0
0
0
0
0
0
0
0
0
0
0
0
0
0
0
0
0
0
0
0
0
0
0
0
0
0
0
0
0
0
0
0
0
0
0
0
0
0
0
0
0
0
0
0
0
0
0
0
0
0
0
0
0
0
0
0
0
0
0
0
0
0
0
0
0
0
0
0
0
0
0
0
0
0
0
0
0
0
0
0
0
0
0
0
0
0
0
0
0
0
0
0
0
0
0
0
0
0
0
0
0
0
0
0
0
0
0
0
0
0
0
0
0
0
0
0
0
0
0
0
0
0
0
0
0
0
0
0
0
0
0
0
0
0
0
0
0
0
0
0
0
0
0
0
0
0
0
0
0
0
0
0
0
0
0
0
0
0
0
0
0
0
0
0
0
0
0
0
0
0
0
0
0
0
0
0
0
0
0
0
0
0
0
0
0
0
0
0
0
0
0
0
0
0
0
0
0
0
0
0
0
0
0
0
0
0
0
0
0
0
0
0
0
0
0
0
0
0
0
0
0
0
0
0
0
0
0
0
0
0
0
0
0
0
0
0
0
0
0
0
0
0
0
0
0
0
0
0
0
0
0
0
0
0
0
0
0
0
0
0
0
0
0
0
0
0
0
0
0
0
0
0
0
0
0
0
0
0
0
0
0
0
0
0
0
0
0
0
0
0
0
0
0
0
0
0
0
0
0
0
0
0
0
0
0
0
0
0
0
0
0
0
0
0
0
0
0
0
0
0
0
0
0
0
0
0
0
0
0
0
0
0
0
0
0
0
0
0
0
0
0
0
0
0
0
0
0
0
0
0
0
0
0
0
0
0
0
0
0
0
0
0
0
0
0
0
0
0
0
0
0
0
0
0
0
0
0
0
0
0
0
0
0
0
0
0
0
0
0
0
0
0
0
0
0
0
0
0
0
0
0
0
0
0
0
0
0
0
0
0
0
0
0
0
0
0
0
0
0
0
0
0
0
0
0
0
0
0
0
0
0
0
0
0
0
0
0
0
0
0
0
0
0
0
0
0
0
0
0
0
0
0
0
0
0
0
0
0
0
0
0
0
0
0
0
0
0
0
0
0
0
0
0
0
0
0
0
0
0
0
0
0
0
0
0
0
0
0
0
0
0
0
0
0
0
0
0
0
0
0
0
0
0
0
0
0
0
0
0
0
0
0
0
0
0
0
0
0
0
0
0
0
0
0
0
0
0
0
0
0
0
0
0
0
0
0
0
0
0
0
0
0
0
0
0
0
0
0
0
0
0
0
0
0
0
0
0
0
0
0
0
0
0
0
0
0
0
0
0
0
0
0
0
0
0
0
0
0
0
0
0
0
0
0
0
0
0
0
0
0
0
0
0
0
0
0
0
0
0
0
0
0
0
0
0
0
0
0
0
0
0
0
0
0
0
0
0
0
0
0
0
0
0
0
0
0
0
0
0
0
0
0
0
0
0
0
0
0
0
0
0
0
0
0
0
0
0
0
0
0
0
0
0
0
0
0
0
0
0
0
0
0
0
0
0
0
0
0
0
0
0
0
0
0
0
0
0
0
0
0
0
0
0
0
0
0
0
0
0
0
0
0
0
0
0
0
0
0
0
0
0
0
0
0
0
0
0
0
0
0
0
0
0
0
0
0
0
0
0
0
0
0
0
0
0
0
0
0
0
0
0
0
0
0
0
0
0
0
0
0
0
0
0
0
0
0
0
0
0
0
0
0
0
0
0
0
0
0
0
0
0
0
0
0
0
0
0
0
0
0
0
0
0
0
0
0
0
0
0
0
0
0
0
0
0
0
0
0
0
0
0
0
0
0
0
0
0
0
0
0
0
0
0
0
0
0
0
0
0
0
0
0
0
0
0
0
0
0
0
0
0
0
0
0
0
0
0
0
0
0
0
0
0
0
0
0
0
0
0
0
0
0
0
0
0
0
0
0
0
0
0
0
0
0
0
0
0
0
0
0
0
0
0
0
0
0
0
0
0
0
0
0
0
0
0
0
0
0
0
0
0
0
0
0
0
0
0
0
0
0
0
0
0
0
0
0
0
0
0
0
0
0
0
0
0
0
0
0
0
0
0
0
0
0
0
0
0
0
0
0
0
0
0
0
0
0
0
0
0
0
0
0
0
0
0
0
0
0
0
0
0
0
0
0
0
0
0
0
0
0
0
0
0
0
0
0
0
0
0
0
0
0
0
0
0
0
0
0
0
0
0
0
0
0
0
0
0
0
0
0
0
0
0
0
0
0
0
0
0
0
0
0
0
0
0
0
0
0
0
0
0
0
0
0
0
0
0
0
0
0
0
0
0
0
0
0
0
0
0
0
0
0
0
0
0
0
0
0
0
0
0
0
0
0
0
0
0
0
0
0
0
0
0
0
0
0
0
0
0
0
0
0
0
0
0
0
0
0
0
0
0
0
0
0
0
0
0
0
0
0
0
0
0
0
0
0
0
0
0
0
0
0
0
0
0
0
0
0
0
0
0
0
0
0
0
0
0
0
0
0
0
0
0
0
0
0
0
0
0
0
0
0
0
0
0
0
0
0
0
0
0
0
0
0
0
0
0
0
0
0
0
0
0
0
0
0
0
0
0
0
0
0
0
0
0
0
0
0
0
0
0
0
0
0
0
0
0
0
0
0
0
0
0
0
0
0
0
0
0
0
0
0
0
0
0
0
0
0
0
0
0
0
0
0
0
0
0
0
0
0
0
0
0
0
0
0
0
0
0
0
0
0
0
0
0
0
0
0
0
0
0
0
0
0
0
0
0
0
0
0
0
0
0
0
0
0
0
0
0
0
0
0
0
0
0
0
0
0
0
0
0
0
0
0
0
0
0
0
0
0
0
0
0
0
0
0
0
0
0
0
0
0
0
0
0
0
0
0
0
0
0
0
0
0
0
0
0
0
0
0
0
0
0
0
0
0
0
0
0
0
0
0
0
0
0
0
0
0
0
0
0
0
0
0
0
0
0
0
0
0
0
0
0
0
0
0
0
0
0
0
0
0
0
0
0
0
0
0
0
0
0
0
0
0
0
0
0
0
0
0
0
0
0
0
0
0
0
0
0
0
0
0
0
0
0
0
0
0
0
0
0
0
0
0
0
0
0
0
0
0
0
0
0
0
0
0
0
0
0
0
0
0
0
0
0
0
0
0
0
0
0
0
0
0
0
0
0
0
0
0
0
0
0
0
0
0
0
0
0
0
0
0
0
0
0
0
0
0
0
0
0
0
0
0
0
0
0
0
0
0
0
0
0
0
0
0
0
0
0
0
0
0
0
0
0
0
0
0
0
0
0
0
0
0
0
0
0
0
0
0
0
0
0
0
0
0
0
0
0
0
0
0
0
0
0
0
0
0
0
0
0
0
0
0
0
0
0
0
0
0
0
0
0
0
0
0
0
0
0
0
0
0
0
0
0
0
0
0
0
0
0
0
0
0
0
0
0
0
0
0
0
0
0
0
0
0
0
0
0
0
0
0
0
0
0
0
0
0
0
0
0
0
0
0
0
0
0
0
0
0
0
0
0
0
0
0
0
0
0
0
0
0
0
0
0
0
0
0
0
0
0
0
0
0
0
0
0
0
0
0
0
0
0
0
0
0
0
0
0
0
0
0
0
0
0
0
0
0
0
0
0
0
0
0
0
0
0
0
0
0
0
0
0
0
0
0
0
0
0
0
0
0
0
0
0
0
0
0
0
0
0
0
0
0
0
0
0
0
0
0
0
0
0
0
0
0
0
0
0
0
0
0
0
0
0
0
0
0
0
0
0
0
0
0
0
0
0
0
0
0
0
0
0
0
0
0
0
0
0
0
0
0
0
0
0
0
0
0
0
0
0
0
0
0
0
0
0
0
0
0
0
0
0
0
0
0
0
0
0
0
0
0
0
0
0
0
0
0
0
0
0
0
0
0
0
0
0
0
0
0
0
0
0
0
0
0
0
0
0
0
0
0
0
0
0
0
0
0
0
0
0
0
0
0
0
0
0
0
0
0
0
0
0
0
0
0
0
0
0
0
0
0
0
0
0
0
0
0
0
0
0
0
0
0
0
0
0
0
0
0
0
0
0
0
0
0
0
0
0
0
0
0
0
0
0
0
0
0
0
0
0
0
0
0
0
0
0
0
0
0
0
0
0
0
0
0
0
0
0
0
0
0
0
0
0
0
0
0
0
0
0
0
0
0
0
0
0
0
0
0
0
0
0
0
0
0
0
0
0
0
0
0
0
0
0
0
0
0
0
0
0
0
0
0
0
0
0
0
0
0
0
0
0
0
0
0
0
0
0
0
0
0
0
0
0
0
0
0
0
0
0
0
0
0
0
0
0
0
0
0
0
0
0
0
0
0
0
0
0
0
0
0
0
0
0
0
0
0
0
0
0
0
0
0
0
0
0
0
0
0
0
0
0
0
0
0
0
0
0
0
0
0
0
0
0
0
0
0
0
0
0
0
0
0
0
0
0
0
0
0
0
0
0
0
0
0
0
0
0
0
0
0
0
0
0
0
0
0
0
0
0
0
0
0
0
0
0
0
0
0
0
0
0
0
0
0
0
0
0
0
0
0
0
0
0
0
0
0
0
0
0
0
0
0
0
0
0
0
0
0
0
0
0
0
0
0
0
0
0
0
0
0
0
0
0
0
0
0
0
0
0
0
0
0
0
0
0
0
0
0
0
0
0
0
0
0
0
0
0
0
0
0
0
0
0
0
0
0
0
0
0
0
0
0
0
0
0
0
0
0
0
0
0
0
0
0
0
0
0
0
0
0
0
0
0
0
0
0
0
0
0
0
0
0
0
0
0
0
0
0
0
0
0
0
0
0
0
0
0
0
0
0
0
0
0
0
0
0
0
0
0
0
0
0
0
0
0
0
0
0
0
0
0
0
0
0
0
0
0
0
0
0
0
0
0
0
0
0
0
0
0
0
0
0
0
0
0
0
0
0
0
0
0
0
0
0
0
0
0
0
0
0
0
0
0
0
0
0
0
0
0
0
0
0
0
0
0
0
0
0
0
0
0
0
0
0
0
0
0
0
0
0
0
0
0
0
0
0
0
0
0
0
0
0
0
0
0
0
0
0
0
0
0
0
0
0
0
0
0
0
0
0
0
0
0
0
0
0
0
0
0
0
0
0
0
0
0
0
0
0
0
0
0
0
0
0
0
0
0
0
0
0
0
0
0
0
0
0
0
0
0
0
0
0
0
0
0
0
0
0
0
0
0
0
0
0
0
0
0
0
0
0
0
0
0
0
0
0
0
0
0
0
0
0
0
0
0
0
0
0
0
0
0
0
0
0
0
0
0
0
0
0
0
0
0
0
0
0
0
0
0
0
0
0
0
0
0
0
0
0
0
0
0
0
0
0
0
0
0
0
0
0
0
0
0
0
0
0
0
0
0
0
0
0
0
0
0
0
0
0
0
0
0
0
0
0
0
0
0
0
0
0
0
0
0
0
0
0
0
0
0
0
0
0
0
0
0
0
0
0
0
0
0
0
0
0
0
0
0
0
0
0
0
0
0
0
0
0
0
0
0
0
0
0
0
0
0
0
0
0
0
0
0
0
0
0
0
0
0
0
0
0
0
0
0
0
0
0
0
0
0
0
0
0
0
0
0
0
0
0
0
0
0
0
0
0
0
0
0
0
0
0
0
0
0
0
0
0
0
0
0
0
0
0
0
0
0
0
0
0
0
0
0
0
0
0
0
0
0
0
0
0
0
0
0
0
0
0
0
0
0
0
0
0
0
0
0
0
0
0
0
0
0
0
0
0
0
0
0
0
0
0
0
0
0
0
0
0
0
0
0
0
0
0
0
0
0
0
0
0
0
0
0
0
0
0
0
0
0
0
0
0
0
0
0
0
0
0
0
0
0
0
0
0
0
0
0
0
0
0
0
0
0
0
0
0
0
0
0
0
0
0
0
0
0
0
0
0
0
0
0
0
0
0
0
0
0
0
0
0
0
0
0
0
0
0
0
0
0
0
0
0
0
0
0
0
0
0
0
0
0
0
0
0
0
0
0
0
0
0
0
0
0
0
0
0
0
0
0
0
0
0
0
0
0
0
0
0
0
0
0
0
0
0
0
0
0
0
0
0
0
0
0
0
0
0
0
0
0
0
0
0
0
0
0
0
0
0
0
0
0
0
0
0
0
0
0
0
0
0
0
0
0
0
0
0
0
0
0
0
0
0
0
0
0
0
0
0
0
0
0
0
0
0
0
0
0
0
0
0
0
0
0
0
0
0
0
0
0
0
0
0
0
0
0
0
0
0
0
0
0
0
0
0
0
0
0
0
0
0
0
0
0
0
0
0
0
0
0
0
0
0
0
0
0
0
0
0
0
0
0
0
0
0
0
0
0
0
0
0
0
0
0
0
0
0
0
0
0
0
0
0
0
0
0
0
0
0
0
0
0
0
0
0
0
0
0
0
0
0
0
0
0
0
0
0
0
0
0
0
0
0
0
0
0
0
0
0
0
0
0
0
0
0
0
0
0
0
0
0
0
0
0
0
0
0
0
0
0
0
0
0
0
0
0
0
0
0
0
0
0
0
0
0
0
0
0
0
0
0
0
0
0
0
0
0
0
0
0
0
0
0
0
0
0
0
0
0
0
0
0
0
0
0
0
0
0
0
0
0
0
0
0
0
0
0
0
0
0
0
0
0
0
0
0
0
0
0
0
0
0
0
0
0
0
0
0
0
0
0
0
0
0
0
0
0
0
0
0
0
0
0
0
0
0
0
0
0
0
0
0
0
0
0
0
0
0
0
0
0
0
0
0
0
0
0
0
0
0
0
0
0
0
0
0
0
0
0
0
0
0
0
0
0
0
0
0
0
0
0
0
0
0
0
0
0
0
0
0
0
0
0
0
0
0
0
0
0
0
0
0
0
0
0
0
0
0
0
0
0
0
0
0
0
0
0
0
0
0
0
0
0
0
0
0
0
0
0
0
0
0
0
0
0
0
0
0
0
0
0
0
0
0
0
0
0
0
0
0
0
0
0
0
0
0
0
0
0
0
0
0
0
0
0
0
0
0
0
0
0
0
0
0
0
0
0
0
0
0
0
0
0
0
0
0
0
0
0
0
0
0
0
0
0
0
0
0
0
0
0
0
0
0
0
0
0
0
0
0
0
0
0
0
0
0
0
0
0
0
0
0
0
0
0
0
0
0
0
0
0
0
0
0
0
0
0
0
0
0
0
0
0
0
0
0
0
0
0
0
0
0
0
0
0
0
0
0
0
0
0
0
0
0
0
0
0
0
0
0
0
0
0
0
0
0
0
0
0
0
0
0
0
0
0
0
0
0
0
0
0
0
0
0
0
0
0
0
0
0
0
0
0
0
0
0
0
0
0
0
0
0
0
0
0
0
0
0
0
0
0
0
0
0
0
0
0
0
0
0
0
0
0
0
0
0
0
0
0
0
0
0
0
0
0
0
0
0
0
0
0
0
0
0
0
0
0
0
0
0
0
0
0
0
0
0
0
0
0
0
0
0
0
0
0
0
0
0
0
0
0
0
0
0
0
0
0
0
0
0
0
0
0
0
0
0
0
0
0
0
0
0
0
0
0
0
0
0
0
0
0
0
0
0
0
0
0
0
0
0
0
0
0
0
0
0
0
0
0
0
0
0
0
0
0
0
0
0
0
0
0
0
0
0
0
0
0
0
0
0
0
0
0
0
0
0
0
0
0
0
0
0
0
0
0
0
0
0
0
0
0
0
0
0
0
0
0
0
0
0
0
0
0
0
0
0
0
0
0
0
0
0
0
0
0
0
0
0
0
0
0
0
0
0
0
0
0
0
0
0
0
0
0
0
0
0
0
0
0
0
0
0
0
0
0
0
0
0
0
0
0
0
0
0
0
0
0
0
0
0
0
0
0
0
0
0
0
0
0
0
0
0
0
0
0
0
0
0
0
0
0
0
0
0
0
0
0
0
0
0
0
0
0
0
0
0
0
0
0
0
0
0
0
0
0
0
0
0
0
0
0
0
0
0
0
0
0
0
0
0
0
0
0
0
0
0
0
0
0
0
0
0
0
0
0
0
0
0
0
0
0
0
0
0
0
0
0
0
0
0
0
0
0
0
0
0
0
0
0
0
0
0
0
0
0
0
0
0
0
0
0
0
0
0
0
0
0
0
0
0
0
0
0
0
0
0
0
0
0
0
0
0
0
0
0
0
0
0
0
0
0
0
0
0
0
0
0
0
0
0
0
0
0
0
0
0
0
0
0
0
0
0
0
0
0
0
0
0
0
0
0
0
0
0
0
0
0
0
0
0
0
0
0
0
0
0
0
0
0
0
0
0
0
0
0
0
0
0
0
0
0
0
0
0
0
0
0
0
0
0
0
0
0
0
0
0
0
0
0
0
0
0
0
0
0
0
0
0
0
0
0
0
0
0
0
0
0
0
0
0
0
0
0
0
0
0
0
0
0
0
0
0
0
0
0
0
0
0
0
0
0
0
0
0
0
0
0
0
0
0
0
0
0
0
0
0
0
0
0
0
0
0
0
0
0
0
0
0
0
0
0
0
0
0
0
0
0
0
0
0
0
0
0
0
0
0
0
0
0
0
0
0
0
0
0
0
0
0
0
0
0
0
0
0
0
0
0
0
0
0
0
0
0
0
0
0
0
0
0
0
0
0
0
0
0
0
0
0
0
0
0
0
0
0
0
0
0
0
0
0
0
0
0
0
0
0
0
0
0
0
0
0
0
0
0
0
0
0
0
0
0
0
0
0
0
0
0
0
0
0
0
0
0
0
0
0
0
0
0
0
0
0
0
0
0
0
0
0
0
0
0
0
0
0
0
0
0
0
0
0
0
0
0
0
0
0
0
0
0
0
0
0
0
0
0
0
0
0
0
0
0
0
0
0
0
0
0
0
0
0
0
0
0
0
0
0
0
0
0
0
0
0
0
0
0
0
0
0
0
0
0
0
0
0
0
0
0
0
0
0
0
0
0
0
0
0
0
0
0
0
0
0
0
0
0
0
0
0
0
0
0
0
0
0
0
0
0
0
0
0
0
0
0
0
0
0
0
0
0
0
0
0
0
0
0
0
0
0
0
0
0
0
0
0
0
0
0
0
0
0
0
0
0
0
0
0
0
0
0
0
0
0
0
0
0
0
0
0
0
0
0
0
0
0
0
0
0
0
0
0
0
0
0
0
0
0
0
0
0
0
0
0
0
0
0
0
0
0
0
0
0
0
0
0
0
0
0
0
0
0
0
0
0
0
0
0
0
0
0
0
0
0
0
0
0
0
0
0
0
0
0
0
0
0
0
0
0
0
0
0
0
0
0
0
0
0
0
0
0
0
0
0
0
0
0
0
0
0
0
0
0
0
0
0
0
0
0
0
0
0
0
0
0
0
0
0
0
0
0
0
0
0
0
0
0
0
0
0
0
0
0
0
0
0
0
0
0
0
0
0
0
0
0
0
0
0
0
0
0
0
0
0
0
0
0
0
0
0
0
0
0
0
0
0
0
0
0
0
0
0
0
0
0
0
0
0
0
0
0
0
0
0
0
0
0
0
0
0
0
0
0
0
0
0
0
0
0
0
0
0
0
0
0
0
0
0
0
0
0
0
0
0
0
0
0
0
0
0
0
0
0
0
0
0
0
0
0
0
0
0
0
0
0
0
0
0
0
0
0
0
0
0
0
0
0
0
0
0
0
0
0
0
0
0
0
0
0
0
0
0
0
0
0
0
0
0
0
0
0
0
0
0
0
0
0
0
0
0
0
0
0
0
0
0
0
0
0
0
0
0
0
0
0
0
0
0
0
0
0
0
0
0
0
0
0
0
0
0
0
0
0
0
0
0
0
0
0
0
0
0
0
0
0
0
0
0
0
0
0
0
0
0
0
0
0
0
0
0
0
0
0
0
0
0
0
0
0
0
0
0
0
0
0
0
0
0
0
0
0
0
0
0
0
0
0
0
0
0
0
0
0
0
0
0
0
0
0
0
0
0
0
0
0
0
0
0
0
0
0
0
0
0
0
0
0
0
0
0
0
0
0
0
0
0
0
0
0
0
0
0
0
0
0
0
0
0
0
0
0
0
0
0
0
0
0
0
0
0
0
0
0
0
0
0
0
0
0
0
0
0
0
0
0
0
0
0
0
0
0
0
0
0
0
0
0
0
0
0
0
0
0
0
0
0
0
0
0
0
0
0
0
0
0
0
0
0
0
0
0
0
0
0
0
0
0
0
0
0
0
0
0
0
0
0
0
0
0
0
0
0
0
0
0
0
0
0
0
0
0
0
0
0
0
0
0
0
0
0
0
0
0
0
0
0
0
0
0
0
0
0
0
0
0
0
0
0
0
0
0
0
0
0
0
0
0
0
0
0
0
0
0
0
0
0
0
0
0
0
0
0
0
0
0
0
0
0
0
0
0
0
0
0
0
0
0
0
0
0
0
0
0
0
0
0
0
0
0
0
0
0
0
0
0
0
0
0
0
0
0
0
0
0
0
0
0
0
0
0
0
0
0
0
0
0
0
0
0
0
0
0
0
0
0
0
0
0
0
0
0
0
0
0
0
0
0
0
0
0
0
0
0
0
0
0
0
0
0
0
0
0
0
0
0
0
0
0
0
0
0
0
0
0
0
0
0
0
0
0
0
0
0
0
0
0
0
0
0
0
0
0
0
0
0
0
0
0
0
0
0
0
0
0
0
0
0
0
0
0
0
0
0
0
0
0
0
0
0
0
0
0
0
0
0
0
0
0
0
0
0
0
0
0
0
0
0
0
0
0
0
0
0
0
0
0
0
0
0
0
0
0
0
0
0
0
0
0
0
0
0
0
0
0
0
0
0
0
0
0
0
0
0
0
0
0
0
0
0
0
0
0
0
0
0
0
0
0
0
0
0
0
0
0
0
0
0
0
0
0
0
0
0
0
0
0
0
0
0
0
0
0
0
0
0
0
0
0
0
0
0
0
0
0
0
0
0
0
0
0
0
0
0
0
0
0
0
0
0
0
0
0
0
0
0
0
0
0
0
0
0
0
0
0
0
0
0
0
0
0
0
0
0
0
0
0
0
0
0
0
0
0
0
0
0
0
0
0
0
0
0
0
0
0
0
0
0
0
0
0
0
0
0
0
0
0
0
0
0
0
0
0
0
0
0
0
0
0
0
0
0
0
0
0
0
0
0
0
0
0
0
0
0
0
0
0
0
0
0
0
0
0
0
0
0
0
0
0
0
0
0
0
0
0
0
0
0
0
0
0
0
0
0
0
0
0
0
0
0
0
0
0
0
0
0
0
0
0
0
0
0
0
0
0
0
0
0
0
0
0
0
0
0
0
0
0
0
0
0
0
0
0
0
0
0
0
0
0
0
0
0
0
0
0
0
0
0
0
0
0
0
0
0
0
0
0
0
0
0
0
0
0
0
0
0
0
0
0
0
0
0
0
0
0
0
0
0
0
0
0
0
0
0
0
0
0
0
0
0
0
0
0
0
0
0
0
0
0
0
0
0
0
0
0
0
0
0
0
0
0
0
0
0
0
0
0
0
0
0
0
0
0
0
0
0
0
0
0
0
0
0
0
0
0
0
0
0
0
0
0
0
0
0
0
0
0
0
0
0
0
0
0
0
0
0
0
0
0
0
0
0
0
0
0
0
0
0
0
0
0
0
0
0
0
0
0
0
0
0
0
0
0
0
0
0
0
0
0
0
0
0
0
0
0
0
0
0
0
0
0
0
0
0
0
0
0
0
0
0
0
0
0
0
0
0
0
0
0
0
0
0
0
0
0
0
0
0
0
0
0
0
0
0
0
0
0
0
0
0
0
0
0
0
0
0
0
0
0
0
0
0
0
0
0
0
0
0
0
0
0
0
0
0
0
0
0
0
0
0
0
0
0
0
0
0
0
0
0
0
0
0
0
0
0
0
0
0
0
0
0
0
0
0
0
0
0
0
0
0
0
0
0
0
0
0
0
0
0
0
0
0
0
0
0
0
0
0
0
0
0
0
0
0
0
0
0
0
0
0
0
0
0
0
0
0
0
0
0
0
0
0
0
0
0
0
0
0
0
0
0
0
0
0
0
0
0
0
0
0
0
0
0
0
0
0
0
0
0
0
0
0
0
0
0
0
0
0
0
0
0
0
0
0
0
0
0
0
0
0
0
0
0
0
0
0
0
0
0
0
0
0
0
0
0
0
0
0
0
0
0
0
0
0
0
0
0
0
0
0
0
0
0
0
0
0
0
0
0
0
0
0
0
0
0
0
0
0
0
0
0
0
0
0
0
0
0
0
0
0
0
0
0
0
0
0
0
0
0
0
0
0
0
0
0
0
0
0
0
0
0
0
0
0
0
0
0
0
0
0
0
0
0
0
0
0
0
0
0
0
0
0
0
0
0
0
0
0
0
0
0
0
0
0
0
0
0
0
0
0
0
0
0
0
0
0
0
0
0
0
0
0
0
0
0
0
0
0
0
0
0
0
0
0
0
0
0
0
0
0
0
0
0
0
0
0
0
0
0
0
0
0
0
0
0
0
0
0
0
0
0
0
0
0
0
0
0
0
0
0
0
0
0
0
0
0
0
0
0
0
0
0
0
0
0
0
0
0
0
0
0
0
0
0
0
0
0
0
0
0
0
0
0
0
0
0
0
0
0
0
0
0
0
0
0
0
0
0
0
0
0
0
0
0
0
0
0
0
0
0
0
0
0
0
0
0
0
0
0
0
0
0
0
0
0
0
0
0
0
0
0
0
0
0
0
0
0
0
0
0
0
0
0
0
0
0
0
0
0
0
0
0
0
0
0
0
0
0
0
0
0
0
0
0
0
0
0
0
0
0
0
0
0
0
0
0
0
0
0
0
0
0
0
0
0
0
0
0
0
0
0
0
0
0
0
0
0
0
0
0
0
0
0
0
0
0
0
0
0
0
0
0
0
0
0
0
0
0
0
0
0
0
0
0
0
0
0
0
0
0
0
0
0
0
0
0
0
0
0
0
0
0
0
0
0
0
0
0
0
0
0
0
0
0
0
0
0
0
0
0
0
0
0
0
0
0
0
0
0
0
0
0
0
0
0
0
0
0
0
0
0
0
0
0
0
0
0
0
0
0
0
0
0
0
0
0
0
0
0
0
0
0
0
0
0
0
0
0
0
0
0
0
0
0
0
0
0
0
0
0
0
0
0
0
0
0
0
0
0
0
0
0
0
0
0
0
0
0
0
0
0
0
0
0
0
0
0
0
0
0
0
0
0
0
0
0
0
0
0
0
0
0
0
0
0
0
0
0
0
0
0
0
0
0
0
0
0
0
0
0
0
0
0
0
0
0
0
0
0
0
0
0
0
0
0
0
0
0
0
0
0
0
0
0
0
0
0
0
0
0
0
0
0
0
0
0
0
0
0
0
0
0
0
0
0
0
0
0
0
0
0
0
0
0
0
0
0
0
0
0
0
0
0
0
0
0
0
0
0
0
0
0
0
0
0
0
0
0
0
0
0
0
0
0
0
0
0
0
0
0
0
0
0
0
0
0
0
0
0
0
0
0
0
0
0
0
0
0
0
0
0
0
0
0
0
0
0
0
0
0
0
0
0
0
0
0
0
0
0
0
0
0
0
0
0
0
0
0
0
0
0
0
0
0
0
0
0
0
0
0
0
0
0
0
0
0
0
0
0
0
0
0
0
0
0
0
0
0
0
0
0
0
0
0
0
0
0
0
0
0
0
0
0
0
0
0
0
0
0
0
0
0
0
0
0
0
0
0
0
0
0
0
0
0
0
0
0
0
0
0
0
0
0
0
0
0
0
0
0
0
0
0
0
0
0
0
0
0
0
0
0
0
0
0
0
0
0
0
0
0
0
0
0
0
0
0
0
0
0
0
0
0
0
0
0
0
0
0
0
0
0
0
0
0
0
0
0
0
0
0
0
0
0
0
0
0
0
0
0
0
0
0
0
0
0
0
0
0
0
0
0
0
0
0
0
0
0
0
0
0
0
0
0
0
0
0
0
0
0
0
0
0
0
0
0
0
0
0
0
0
0
0
0
0
0
0
0
0
0
0
0
0
0
0
0
0
0
0
0
0
0
0
0
0
0
0
0
0
0
0
0
0
0
0
0
0
0
0
0
0
0
0
0
0
0
0
0
0
0
0
0
0
0
0
0
0
0
0
0
0
0
0
0
0
0
0
0
0
0
0
0
0
0
0
0
0
0
0
0
0
0
0
0
0
0
0
0
0
0
0
0
0
0
0
0
0
0
0
0
0
0
0
0
0
0
0
0
0
0
0
0
0
0
0
0
0
0
0
0
0
0
0
0
0
0
0
0
0
0
0
0
0
0
0
0
0
0
0
0
0
0
0
0
0
0
0
0
0
0
0
0
0
0
0
0
0
0
0
0
0
0
0
0
0
0
0
0
0
0
0
0
0
0
0
0
0
0
0
0
0
0
0
0
0
0
0
0
0
0
0
0
0
0
0
0
0
0
0
0
0
0
0
0
0
0
0
0
0
0
0
0
0
0
0
0
0
0
0
0
0
0
0
0
0
0
0
0
0
0
0
0
0
0
0
0
0
0
0
0
0
0
0
0
0
0
0
0
0
0
0
0
0
0
0
0
0
0
0
0
0
0
0
0
0
0
0
0
0
0
0
0
0
0
0
0
0
0
0
0
0
0
0
0
0
0
0
0
0
0
0
0
0
0
0
0
0
0
0
0
0
0
0
0
0
0
0
0
0
0
0
0
0
0
0
0
0
0
0
0
0
0
0
0
0
0
0
0
0
0
0
0
0
0
0
0
0
0
0
0
0
0
0
0
0
0
0
0
0
0
0
0
0
0
0
0
0
0
0
0
0
0
0
0
0
0
0
0
0
0
0
0
0
0
0
0
0
0
0
0
0
0
0
0
0
0
0
0
0
0
0
0
0
0
0
0
0
0
0
0
0
0
0
0
0
0
0
0
0
0
0
0
0
0
0
0
0
0
0
0
0
0
0
0
0
0
0
0
0
0
0
0
0
0
0
0
0
0
0
0
0
0
0
0
0
0
0
0
0
0
0
0
0
0
0
0
0
0
0
0
0
0
0
0
0
0
0
0
0
0
0
0
0
0
0
0
0
0
0
0
0
0
0
0
0
0
0
0
0
0
0
0
0
0
0
0
0
0
0
0
0
0
0
0
0
0
0
0
0
0
0
0
0
0
0
0
0
0
0
0
0
0
0
0
0
0
0
0
0
0
0
0
0
0
0
0
0
0
0
0
0
0
0
0
0
0
0
0
0
0
0
0
0
0
0
0
0
0
0
0
0
0
0
0
0
0
0
0
0
0
0
0
0
0
0
0
0
0
0
0
0
0
0
0
0
0
0
0
0
0
0
0
0
0
0
0
0
0
0
0
0
0
0
0
0
0
0
0
0
0
0
0
0
0
0
0
0
0
0
0
0
0
0
0
0
0
0
0
0
0
0
0
0
0
0
0
0
0
0
0
0
0
0
0
0
0
0
0
0
0
0
0
0
0
0
0
0
0
0
0
0
0
0
0
0
0
0
0
0
0
0
0
0
0
0
0
0
0
0
0
0
0
0
0
0
0
0
0
0
0
0
0
0
0
0
0
0
0
0
0
0
0
0
0
0
0
0
0
0
0
0
0
0
0
0
0
0
0
0
0
0
0
0
0
0
0
0
0
0
0
0
0
0
0
0
0
0
0
0
0
0
0
0
0
0
0
0
0
0
0
0
0
0
0
0
0
0
0
0
0
0
0
0
0
0
0
0
0
0
0
0
0
0
0
0
0
0
0
0
0
0
0
0
0
0
0
0
0
0
0
0
0
0
0
0
0
0
0
0
0
0
0
0
0
0
0
0
0
0
0
0
0
0
0
0
0
0
0
0
0
0
0
0
0
0
0
0
0
0
0
0
0
0
0
0
0
0
0
0
0
0
0
0
0
0
0
0
0
0
0
0
0
0
0
0
0
0
0
0
0
0
0
0
0
0
0
0
0
0
0
0
0
0
0
0
0
0
0
0
0
0
0
0
0
0
0
0
0
0
0
0
0
0
0
0
0
0
0
0
0
0
0
0
0
0
0
0
0
0
0
0
0
0
0
0
0
0
0
0
0
0
0
0
0
0
0
0
0
0
0
0
0
0
0
0
0
0
0
0
0
0
0
0
0
0
0
0
0
0
0
0
0
0
0
0
0
0
0
0
0
0
0
0
0
0
0
0
0
0
0
0
0
0
0
0
0
0
0
0
0
0
0
0
0
0
0
0
0
0
0
0
0
0
0
0
0
0
0
0
0
0
0
0
0
0
0
0
0
0
0
0
0
0
0
0
0
0
0
0
0
0
0
0
0
0
0
0
0
0
0
0
0
0
0
0
0
0
0
0
0
0
0
0
0
0
0
0
0
0
0
0
0
0
0
0
0
0
0
0
0
0
0
0
0
0
0
0
0
0
0
0
0
0
0
0
0
0
0
0
0
0
0
0
0
0
0
0
0
0
0
0
0
0
0
0
0
0
0
0
0
0
0
0
0
0
0
0
0
0
0
0
0
0
0
0
0
0
0
0
0
0
0
0
0
0
0
0
0
0
0
0
0
0
0
0
0
0
0
0
0
0
0
0
0
0
0
0
0
0
0
0
0
0
0
0
0
0
0
0
0
0
0
0
0
0
0
0
0
0
0
0
0
0
0
0
0
0
0
0
0
0
0
0
0
0
0
0
0
0
0
0
0
0
0
0
0
0
0
0
0
0
0
0
0
0
0
0
0
0
0
0
0
0
0
0
0
0
0
0
0
0
0
0
0
0
0
0
0
0
0
0
0
0
0
0
0
0
0
0
0
0
0
0
0
0
0
0
0
0
0
0
0
0
0
0
0
0
0
0
0
0
0
0
0
0
0
0
0
0
0
0
0
0
0
0
0
0
0
0
0
0
0
0
0
0
0
0
0
0
0
0
0
0
0
0
0
0
0
0
0
0
0
0
0
0
0
0
0
0
0
0
0
0
0
0
0
0
0
0
0
0
0
0
0
0
0
0
0
0
0
0
0
0
0
0
0
0
0
0
0
0
0
0
0
0
0
0
0
0
0
0
0
0
0
0
0
0
0
0
0
0
0
0
0
0
0
0
0
0
0
0
0
0
0
0
0
0
0
0
0
0
0
0
0
0
0
0
0
0
0
0
0
0
0
0
0
0
0
0
0
0
0
0
0
0
0
0
0
0
0
0
0
0
0
0
0
0
0
0
0
0
0
0
0
0
0
0
0
0
0
0
0
0
0
0
0
0
0
0
0
0
0
0
0
0
0
0
0
0
0
0
0
0
0
0
0
0
0
0
0
0
0
0
0
0
0
0
0
0
0
0
0
0
0
0
0
0
0
0
0
0
0
0
0
0
0
0
0
0
0
0
0
0
0
0
0
0
0
0
0
0
0
0
0
0
0
0
0
0
0
0
0
0
0
0
0
0
0
0
0
0
0
0
0
0
0
0
0
0
0
0
0
0
0
0
0
0
0
0
0
0
0
0
0
0
0
0
0
0
0
0
0
0
0
0
0
0
0
0
0
0
0
0
0
0
0
0
0
0
0
0
0
0
0
0
0
0
0
0
0
0
0
0
0
0
0
0
0
0
0
0
0
0
0
0
0
0
0
0
0
0
0
0
0
0
0
0
0
0
0
0
0
0
0
0
0
0
0
0
0
0
0
0
0
0
0
0
0
0
0
0
0
0
0
0
0
0
0
0
0
0
0
0
0
0
0
0
0
0
0
0
0
0
0
0
0
0
0
0
0
0
0
0
0
0
0
0
0
0
0
0
0
0
0
0
0
0
0
0
0
0
0
0
0
0
0
0
0
0
0
0
0
0
0
0
0
0
0
0
0
0
0
0
0
0
0
0
0
0
0
0
0
0
0
0
0
0
0
0
0
0
0
0
0
0
0
0
0
0
0
0
0
0
0
0
0
0
0
0
0
0
0
0
0
0
0
0
0
0
0
0
0
0
0
0
0
0
0
0
0
0
0
0
0
0
0
0
0
0
0
0
0
0
0
0
0
0
0
0
0
0
0
0
0
0
0
0
0
0
0
0
0
0
0
0
0
0
0
0
0
0
0
0
0
0
0
0
0
0
0
0
0
0
0
0
0
0
0
0
0
0
0
0
0
0
0
0
0
0
0
0
0
0
0
0
0
0
0
0
0
0
0
0
0
0
0
0
0
0
0
0
0
0
0
0
0
0
0
0
0
0
0
0
0
0
0
0
0
0
0
0
0
0
0
0
0
0
0
0
0
0
0
0
0
0
0
0
0
0
0
0
0
0
0
0
0
0
0
0
0
0
0
0
0
0
0
0
0
0
0
0
0
0
0
0
0
0
0
0
0
0
0
0
0
0
0
0
0
0
0
0
0
0
0
0
0
0
0
0
0
0
0
0
0
0
0
0
0
0
0
0
0
0
0
0
0
0
0
0
0
0
0
0
0
0
0
0
0
0
0
0
0
0
0
0
0
0
0
0
0
0
0
0
0
0
0
0
0
0
0
0
0
0
0
0
0
0
0
0
0
0
0
0
0
0
0
0
0
0
0
0
0
0
0
0
0
0
0
0
0
0
0
0
0
0
0
0
0
0
0
0
0
0
0
0
0
0
0
0
0
0
0
0
0
0
0
0
0
0
0
0
0
0
0
0
0
0
0
0
0
0
0
0
0
0
0
0
0
0
0
0
0
0
0
0
0
0
0
0
0
0
0
0
0
0
0
0
0
0
0
0
0
0
0
0
0
0
0
0
0
0
0
0
0
0
0
0
0
0
0
0
0
0
0
0
0
0
0
0
0
0
0
0
0
0
0
0
0
0
0
0
0
0
0
0
0
0
0
0
0
0
0
0
0
0
0
0
0
0
0
0
0
0
0
0
0
0
0
0
0
0
0
0
0
0
0
0
0
0
0
0
0
0
0
0
0
0
0
0
0
0
0
0
0
0
0
0
0
0
0
0
0
0
0
0
0
0
0
0
0
0
0
0
0
0
0
0
0
0
0
0
0
0
0
0
0
0
0
0
0
0
0
0
0
0
0
0
0
0
0
0
0
0
0
0
0
0
0
0
0
0
0
0
0
0
0
0
0
0
0
0
0
0
0
0
0
0
0
0
0
0
0
0
0
0
0
0
0
0
0
0
0
0
0
0
0
0
0
0
0
0
0
0
0
0
0
0
0
0
0
0
0
0
0
0
0
0
0
0
0
0
0
0
0
0
0
0
0
0
0
0
0
0
0
0
0
0
0
0
0
0
0
0
0
0
0
0
0
0
0
0
0
0
0
0
0
0
0
0
0
0
0
0
0
0
0
0
0
0
0
0
0
0
0
0
0
0
0
0
0
0
0
0
0
0
0
0
0
0
0
0
0
0
0
0
0
0
0
0
0
0
0
0
0
0
0
0
0
0
0
0
0
0
0
0
0
0
0
0
0
0
0
0
0
0
0
0
0
0
0
0
0
0
0
0
0
0
0
0
0
0
0
0
0
0
0
0
0
0
0
0
0
0
0
0
0
0
0
0
0
0
0
0
0
0
0
0
0
0
0
0
0
0
0
0
0
0
0
0
0
0
0
0
0
0
0
0
0
0
0
0
0
0
0
0
0
0
0
0
0
0
0
0
0
0
0
0
0
0
0
0
0
0
0
0
0
0
0
0
0
0
0
0
0
0
0
0
0
0
0
0
0
0
0
0
0
0
0
0
0
0
0
0
0
0
0
0
0
0
0
0
0
0
0
0
0
0
0
0
0
0
0
0
0
0
0
0
0
0
0
0
0
0
0
0
0
0
0
0
0
0
0
0
0
0
0
0
0
0
0
0
0
0
0
0
0
0
0
0
0
0
0
0
0
0
0
0
0
0
0
0
0
0
0
0
0
0
0
0
0
0
0
0
0
0
0
0
0
0
0
0
0
0
0
0
0
0
0
0
0
0
0
0
0
0
0
0
0
0
0
0
0
0
0
0
0
0
0
0
0
0
0
0
0
0
0
0
0
0
0
0
0
0
0
0
0
0
0
0
0
0
0
0
0
0
0
0
0
0
0
0
0
0
0
0
0
0
0
0
0
0
0
0
0
0
0
0
0
0
0
0
0
0
0
0
0
0
0
0
0
0
0
0
0
0
0
0
0
0
0
0
0
0
0
0
0
0
0
0
0
0
0
0
0
0
0
0
0
0
0
0
0
0
0
0
0
0
0
0
0
0
0
0
0
0
0
0
0
0
0
0
0
0
0
0
0
0
0
0
0
0
0
0
0
0
0
0
0
0
0
0
0
0
0
0
0
0
0
0
0
0
0
0
0
0
0
0
0
0
0
0
0
0
0
0
0
0
0
0
0
0
0
0
0
0
0
0
0
0
0
0
0
0
0
0
0
0
0
0
0
0
0
0
0
0
0
0
0
0
0
0
0
0
0
0
0
0
0
0
0
0
0
0
0
0
0
0
0
0
0
0
0
0
0
0
0
0
0
0
0
0
0
0
0
0
0
0
0
0
0
0
0
0
0
0
0
0
0
0
0
0
0
0
0
0
0
0
0
0
0
0
0
0
0
0
0
0
0
0
0
0
0
0
0
0
0
0
0
0
0
0
0
0
0
0
0
0
0
0
0
0
0
0
0
0
0
0
0
0
0
0
0
0
0
0
0
0
0
0
0
0
0
0
0
0
0
0
0
0
0
0
0
0
0
0
0
0
0
0
0
0
0
0
0
0
0
0
0
0
0
0
0
0
0
0
0
0
0
0
0
0
0
0
0
0
0
0
0
0
0
0
0
0
0
0
0
0
0
0
0
0
0
0
0
0
0
0
0
0
0
0
0
0
0
0
0
0
0
0
0
0
0
0
0
0
0
0
0
0
0
0
0
0
0
0
0
0
0
0
0
0
0
0
0
0
0
0
0
0
0
0
0
0
0
0
0
0
0
0
0
0
0
0
0
0
0
0
0
0
0
0
0
0
0
0
0
0
0
0
0
0
0
0
0
0
0
0
0
0
0
0
0
0
0
0
0
0
0
0
0
0
0
0
0
0
0
0
0
0
0
0
0
0
0
0
0
0
0
0
0
0
0
0
0
0
0
0
0
0
0
0
0
0
0
0
0
0
0
0
0
0
0
0
0
0
0
0
0
0
0
0
0
0
0
0
0
0
0
0
0
0
0
0
0
0
0
0
0
0
0
0
0
0
0
0
0
0
0
0
0
0
0
0
0
0
0
0
0
0
0
0
0
0
0
0
0
0
0
0
0
0
0
0
0
0
0
0
0
0
0
0
0
0
0
0
0
0
0
0
0
0
0
0
0
0
0
0
0
0
0
0
0
0
0
0
0
0
0
0
0
0
0
0
0
0
0
0
0
0
0
0
0
0
0
0
0
0
0
0
0
0
0
0
0
0
0
0
0
0
0
0
0
0
0
0
0
0
0
0
0
0
0
0
0
0
0
0
0
0
0
0
0
0
0
0
0
0
0
0
0
0
0
0
0
0
0
0
0
0
0
0
0
0
0
0
0
0
0
0
0
0
0
0
0
0
0
0
0
0
0
0
0
0
0
0
0
0
0
0
0
0
0
0
0
0
0
0
0
0
0
0
0
0
0
0
0
0
0
0
0
0
0
0
0
0
0
0
0
0
0
0
0
0
0
0
0
0
0
0
0
0
0
0
0
0
0
0
0
0
0
0
0
0
0
0
0
0
0
0
0
0
0
0
0
0
0
0
0
0
0
0
0
0
0
0
0
0
0
0
0
0
0
0
0
0
0
0
0
0
0
0
0
0
0
0
0
0
0
0
0
0
0
0
0
0
0
0
0
0
0
0
0
0
0
0
0
0
0
0
0
0
0
0
0
0
0
0
0
0
0
0
0
0
0
0
0
0
0
0
0
0
0
0
0
0
0
0
0
0
0
0
0
0
0
0
0
0
0
0
0
0
0
0
0
0
0
0
0
0
0
0
0
0
0
0
0
0
0
0
0
0
0
0
0
0
0
0
0
0
0
0
0
0
0
0
0
0
0
0
0
0
0
0
0
0
0
0
0
0
0
0
0
0
0
0
0
0
0
0
0
0
0
0
0
0
0
0
0
0
0
0
0
0
0
0
0
0
0
0
0
0
0
0
0
0
0
0
0
0
0
0
0
0
0
0
0
0
0
0
0
0
0
0
0
0
0
0
0
0
0
0
0
0
0
0
0
0
0
0
0
0
0
0
0
0
0
0
0
0
0
0
0
0
0
0
0
0
0
0
0
0
0
0
0
0
0
0
0
0
0
0
0
0
0
0
0
0
0
0
0
0
0
0
0
0
0
0
0
0
0
0
0
0
0
0
0
0
0
0
0
0
0
0
0
0
0
0
0
0
0
0
0
0
0
0
0
0
0
0
0
0
0
0
0
0
0
0
0
0
0
0
0
0
0
0
0
0
0
0
0
0
0
0
0
0
0
0
0
0
0
0
0
0
0
0
0
0
0
0
0
0
0
0
0
0
0
0
0
0
0
0
0
0
0
0
0
0
0
0
0
0
0
0
0
0
0
0
0
0
0
0
0
0
0
0
0
0
0
0
0
0
0
0
0
0
0
0
0
0
0
0
0
0
0
0
0
0
0
0
0
0
0
0
0
0
0
0
0
0
0
0
0
0
0
0
0
0
0
0
0
0
0
0
0
0
0
0
0
0
0
0
0
0
0
0
0
0
0
0
0
0
0
0
0
0
0
0
0
0
0
0
0
0
0
0
0
0
0
0
0
0
0
0
0
0
0
0
0
0
0
0
0
0
0
0
0
0
0
0
0
0
0
0
0
0
0
0
0
0
0
0
0
0
0
0
0
0
0
0
0
0
0
0
0
0
0
0
0
0
0
0
0
0
0
0
0
0
0
0
0
0
0
0
0
0
0
0
0
0
0
0
0
0
0
0
0
0
0
0
0
0
0
0
0
0
0
0
0
0
0
0
0
0
0
0
0
0
0
0
0
0
0
0
0
0
0
0
0
0
0
0
0
0
0
0
0
0
0
0
0
0
0
0
0
0
0
0
0
0
0
0
0
0
0
0
0
0
0
0
0
0
0
0
0
0
0
0
0
0
0
0
0
0
0
0
0
0
0
0
0
0
0
0
0
0
0
0
0
0
0
0
0
0
0
0
0
0
0
0
0
0
0
0
0
0
0
0
0
0
0
0
0
0
0
0
0
0
0
0
0
0
0
0
0
0
0
0
0
0
0
0
0
0
0
0
0
0
0
0
0
0
0
0
0
0
0
0
0
0
0
0
0
0
0
0
0
0
0
0
0
0
0
0
0
0
0
0
0
0
0
0
0
0
0
0
0
0
0
0
0
0
0
0
0
0
0
0
0
0
0
0
0
0
0
0
0
0
0
0
0
0
0
0
0
0
0
0
0
0
0
0
0
0
0
0
0
0
0
0
0
0
0
0
0
0
0
0
0
0
0
0
0
0
0
0
0
0
0
0
0
0
0
0
0
0
0
0
0
0
0
0
0
0
0
0
0
0
0
0
0
0
0
0
0
0
0
0
0
0
0
0
0
0
0
0
0
0
0
0
0
0
0
0
0
0
0
0
0
0
0
0
0
0
0
0
0
0
0
0
0
0
0
0
0
0
0
0
0
0
0
0
0
0
0
0
0
0
0
0
0
0
0
0
0
0
0
0
0
0
0
0
0
0
0
0
0
0
0
0
0
0
0
0
0
0
0
0
0
0
0
0
0
0
0
0
0
0
0
0
0
0
0
0
0
0
0
0
0
0
0
0
0
0
0
0
0
0
0
0
0
0
0
0
0
0
0
0
0
0
0
0
0
0
0
0
0
0
0
0
0
0
0
0
0
0
0
0
0
0
0
0
0
0
0
0
0
0
0
0
0
0
0
0
0
0
0
0
0
0
0
0
0
0
0
0
0
0
0
0
0
0
0
0
0
0
0
0
0
0
0
0
0
0
0
0
0
0
0
0
0
0
0
0
0
0
0
0
0
0
0
0
0
0
0
0
0
0
0
0
0
0
0
0
0
0
0
0
0
0
0
0
0
0
0
0
0
0
0
0
0
0
0
0
0
0
0
0
0
0
0
0
0
0
0
0
0
0
0
0
0
0
0
0
0
0
0
0
0
0
0
0
0
0
0
0
0
0
0
0
0
0
0
0
0
0
0
0
0
0
0
0
0
0
0
0
0
0
0
0
0
0
0
0
0
0
0
0
0
0
0
0
0
0
0
0
0
0
0
0
0
0
0
0
0
0
0
0
0
0
0
0
0
0
0
0
0
0
0
0
0
0
0
0
0
0
0
0
0
0
0
0
0
0
0
0
0
0
0
0
0
0
0
0
0
0
0
0
0
0
0
0
0
0
0
0
0
0
0
0
0
0
0
0
0
0
0
0
0
0
0
0
0
0
0
0
0
0
0
0
0
0
0
0
0
0
0
0
0
0
0
0
0
0
0
0
0
0
0
0
0
0
0
0
0
0
0
0
0
0
0
0
0
0
0
0
0
0
0
0
0
0
0
0
0
0
0
0
0
0
0
0
0
0
0
0
0
0
0
0
0
0
0
0
0
0
0
0
0
0
0
0
0
0
0
0
0
0
0
0
0
0
0
0
0
0
0
0
0
0
0
0
0
0
0
0
0
0
0
0
0
0
0
0
0
0
0
0
0
0
0
0
0
0
0
0
0
0
0
0
0
0
0
0
0
0
0
0
0
0
0
0
0
0
0
0
0
0
0
0
0
0
0
0
0
0
0
0
0
0
0
0
0
0
0
0
0
0
0
0
0
0
0
0
0
0
0
0
0
0
0
0
0
0
0
0
0
0
0
0
0
0
0
0
0
0
0
0
0
0
0
0
0
0
0
0
0
0
0
0
0
0
0
0
0
0
0
0
0
0
0
0
0
0
0
0
0
0
0
0
0
0
0
0
0
0
0
0
0
0
0
0
0
0
0
0
0
0
0
0
0
0
0
0
0
0
0
0
0
0
0
0
0
0
0
0
0
0
0
0
0
0
0
0
0
0
0
0
0
0
0
0
0
0
0
0
0
0
0
0
0
0
0
0
0
0
0
0
0
0
0
0
0
0
0
0
0
0
0
0
0
0
0
0
0
0
0
0
0
0
0
0
0
0
0
0
0
0
0
0
0
0
0
0
0
0
0
0
0
0
0
0
0
0
0
0
0
0
0
0
0
0
0
0
0
0
0
0
0
0
0
0
0
0
0
0
0
0
0
0
0
0
0
0
0
0
0
0
0
0
0
0
0
0
0
0
0
0
0
0
0
0
0
0
0
0
0
0
0
0
0
0
0
0
0
0
0
0
0
0
0
0
0
0
0
0
0
0
0
0
0
0
0
0
0
0
0
0
0
0
0
0
0
0
0
0
0
0
0
0
0
0
0
0
0
0
0
0
0
0
0
0
0
0
0
0
0
0
0
0
0
0
0
0
0
0
0
0
0
0
0
0
0
0
0
0
0
0
0
0
0
0
0
0
0
0
0
0
0
0
0
0
0
0
0
0
0
0
0
0
0
0
0
0
0
0
0
0
0
0
0
0
0
0
0
0
0
0
0
0
0
0
0
0
0
0
0
0
0
0
0
0
0
0
0
0
0
0
0
0
0
0
0
0
0
0
0
0
0
0
0
0
0
0
0
0
0
0
0
0
0
0
0
0
0
0
0
0
0
0
0
0
0
0
0
0
0
0
0
0
0
0
0
0
0
0
0
0
0
0
0
0
0
0
0
0
0
0
0
0
0
0
0
0
0
0
0
0
0
0
0
0
0
0
0
0
0
0
0
0
0
0
0
0
0
0
0
0
0
0
0
0
0
0
0
0
0
0
0
0
0
0
0
0
0
0
0
0
0
0
0
0
0
0
0
0
0
0
0
0
0
0
0
0
0
0
0
0
0
0
0
0
0
0
0
0
0
0
0
0
0
0
0
0
0
0
0
0
0
0
0
0
0
0
0
0
0
0
0
0
0
0
0
0
0
0
0
0
0
0
0
0
0
0
0
0
0
0
0
0
0
0
0
0
0
0
0
0
0
0
0
0
0
0
0
0
0
0
0
0
0
0
0
0
0
0
0
0
0
0
0
0
0
0
0
0
0
0
0
0
0
0
0
0
0
0
0
0
0
0
0
0
0
0
0
0
0
0
0
0
0
0
0
0
0
0
0
0
0
0
0
0
0
0
0
0
0
0
0
0
0
0
0
0
0
0
0
0
0
0
0
0
0
0
0
0
0
0
0
0
0
0
0
0
0
0
0
0
0
0
0
0
0
0
0
0
0
0
0
0
0
0
0
0
0
0
0
0
0
0
0
0
0
0
0
0
0
0
0
0
0
0
0
0
0
0
0
0
0
0
0
0
0
0
0
0
0
0
0
0
0
0
0
0
0
0
0
0
0
0
0
0
0
0
0
0
0
0
0
0
0
0
0
0
0
0
0
0
0
0
0
0
0
0
0
0
0
0
0
0
0
0
0
0
0
0
0
0
0
0
0
0
0
0
0
0
0
0
0
0
0
0
0
0
0
0
0
0
0
0
0
0
0
0
0
0
0
0
0
0
0
0
0
0
0
0
0
0
0
0
0
0
0
0
0
0
0
0
0
0
0
0
0
0
0
0
0
0
0
0
0
0
0
0
0
0
0
0
0
0
0
0
0
0
0
0
0
0
0
0
0
0
0
0
0
0
0
0
0
0
0
0
0
0
0
0
0
0
0
0
0
0
0
0
0
0
0
0
0
0
0
0
0
0
0
0
0
0
0
0
0
0
0
0
0
0
0
0
0
0
0
0
0
0
0
0
0
0
0
0
0
0
0
0
0
0
0
0
0
0
0
0
0
0
0
0
0
0
0
0
0
0
0
0
0
0
0
0
0
0
0
0
0
0
0
0
0
0
0
0
0
0
0
0
0
0
0
0
0
0
0
0
0
0
0
0
0
0
0
0
0
0
0
0
0
0
0
0
0
0
0
0
0
0
0
0
0
0
0
0
0
0
0
0
0
0
0
0
0
0
0
0
0
0
0
0
0
0
0
0
0
0
0
0
0
0
0
0
0
0
0
0
0
0
0
0
0
0
0
0
0
0
0
0
0
0
0
0
0
0
0
0
0
0
0
0
0
0
0
0
0
0
0
0
0
0
0
0
0
0
0
0
0
0
0
0
0
0
0
0
0
0
0
0
0
0
0
0
0
0
0
0
0
0
0
0
0
0
0
0
0
0
0
0
0
0
0
0
0
0
0
0
0
0
0
0
0
0
0
0
0
0
0
0
0
0
0
0
0
0
0
0
0
0
0
0
0
0
0
0
0
0
0
0
0
0
0
0
0
0
0
0
0
0
0
0
0
0
0
0
0
0
0
0
0
0
0
0
0
0
0
0
0
0
0
0
0
0
0
0
0
0
0
0
0
0
0
0
0
0
0
0
0
0
0
0
0
0
0
0
0
0
0
0
0
0
0
0
0
0
0
0
0
0
0
0
0
0
0
0
0
0
0
0
0
0
0
0
0
0
0
0
0
0
0
0
0
0
0
0
0
0
0
0
0
0
0
0
0
0
0
0
0
0
0
0
0
0
0
0
0
0
0
0
0
0
0
0
0
0
0
0
0
0
0
0
0
0
0
0
0
0
0
0
0
0
0
0
0
0
0
0
0
0
0
0
0
0
0
0
0
0
0
0
0
0
0
0
0
0
0
0
0
0
0
0
0
0
0
0
0
0
0
0
0
0
0
0
0
0
0
0
0
0
0
0
0
0
0
0
0
0
0
0
0
0
0
0
0
0
0
0
0
0
0
0
0
0
0
0
0
0
0
0
0
0
0
0
0
0
0
0
0
0
0
0
0
0
0
0
0
0
0
0
0
0
0
0
0
0
0
0
0
0
0
0
0
0
0
0
0
0
0
0
0
0
0
0
0
0
0
0
0
0
0
0
0
0
0
0
0
0
0
0
0
0
0
0
0
0
0
0
0
0
0
0
0
0
0
0
0
0
0
0
0
0
0
0
0
0
0
0
0
0
0
0
0
0
0
0
0
0
0
0
0
0
0
0
0
0
0
0
0
0
0
0
0
0
0
0
0
0
0
0
0
0
0
0
0
0
0
0
0
0
0
0
0
0
0
0
0
0
0
0
0
0
0
0
0
0
0
0
0
0
0
0
0
0
0
0
0
0
0
0
0
0
0
0
0
0
0
0
0
0
0
0
0
0
0
0
0
0
0
0
0
0
0
0
0
0
0
0
0
0
0
0
0
0
0
0
0
0
0
0
0
0
0
0
0
0
0
0
0
0
0
0
0
0
0
0
0
0
0
0
0
0
0
0
0
0
0
0
0
0
0
0
0
0
0
0
0
0
0
0
0
0
0
0
0
0
0
0
0
0
0
0
0
0
0
0
0
0
0
0
0
0
0
0
0
0
0
0
0
0
0
0
0
0
0
0
0
0
0
0
0
0
0
0
0
0
0
0
0
0
0
0
0
0
0
0
0
0
0
0
0
0
0
0
0
0
0
0
0
0
0
0
0
0
0
0
0
0
0
0
0
0
0
0
0
0
0
0
0
0
0
0
0
0
0
0
0
0
0
0
0
0
0
0
0
0
0
0
0
0
0
0
0
0
0
0
0
0
0
0
0
0
0
0
0
0
0
0
0
0
0
0
0
0
0
0
0
0
0
0
0
0
0
0
0
0
0
0
0
0
0
0
0
0
0
0
0
0
0
0
0
0
0
0
0
0
0
0
0
0
0
0
0
0
0
0
0
0
0
0
0
0
0
0
0
0
0
0
0
0
0
0
0
0
0
0
0
0
0
0
0
0
0
0
0
0
0
0
0
0
0
0
0
0
0
0
0
0
0
0
0
0
0
0
0
0
0
0
0
0
0
0
0
0
0
0
0
0
0
0
0
0
0
0
0
0
0
0
0
0
0
0
0
0
0
0
0
0
0
0
0
0
0
0
0
0
0
0
0
0
0
0
0
0
0
0
0
0
0
0
0
0
0
0
0
0
0
0
0
0
0
0
0
0
0
0
0
0
0
0
0
0
0
0
0
0
0
0
0
0
0
0
0
0
0
0
0
0
0
0
0
0
0
0
0
0
0
0
0
0
0
0
0
0
0
0
0
0
0
0
0
0
0
0
0
0
0
0
0
0
0
0
0
0
0
0
0
0
0
0
0
0
0
0
0
0
0
0
0
0
0
0
0
0
0
0
0
0
0
0
0
0
0
0
0
0
0
0
0
0
0
0
0
0
0
0
0
0
0
0
0
0
0
0
0
0
0
0
0
0
0
0
0
0
0
0
0
0
0
0
0
0
0
0
0
0
0
0
0
0
0
0
0
0
0
0
0
0
0
0
0
0
0
0
0
0
0
0
0
0
0
0
0
0
0
0
0
0
0
0
0
0
0
0
0
0
0
0
0
0
0
0
0
0
0
0
0
0
0
0
0
0
0
0
0
0
0
0
0
0
0
0
0
0
0
0
0
0
0
0
0
0
0
0
0
0
0
0
0
0
0
0
0
0
0
0
0
0
0
0
0
0
0
0
0
0
0
0
0
0
0
0
0
0
0
0
0
0
0
0
0
0
0
0
0
0
0
0
0
0
0
0
0
0
0
0
0
0
0
0
0
0
0
0
0
0
0
0
0
0
0
0
0
0
0
0
0
0
0
0
0
0
0
0
0
0
0
0
0
0
0
0
0
0
0
0
0
0
0
0
0
0
0
0
0
0
0
0
0
0
0
0
0
0
0
0
0
0
0
0
0
0
0
0
0
0
0
0
0
0
0
0
0
0
0
0
0
0
0
0
0
0
0
0
0
0
0
0
0
0
0
0
0
0
0
0
0
0
0
0
0
0
0
0
0
0
0
0
0
0
0
0
0
0
0
0
0
0
0
0
0
0
0
0
0
0
0
0
0
0
0
0
0
0
0
0
0
0
0
0
0
0
0
0
0
0
0
0
0
0
0
0
0
0
0
0
0
0
0
0
0
0
0
0
0
0
0
0
0
0
0
0
0
0
0
0
0
0
0
0
0
0
0
0
0
0
0
0
0
0
0
0
0
0
0
0
0
0
0
0
0
0
0
0
0
0
0
0
0
0
0
0
0
0
0
0
0
0
0
0
0
0
0
0
0
0
0
0
0
0
0
0
0
0
0
0
0
0
0
0
0
0
0
0
0
0
0
0
0
0
0
0
0
0
0
0
0
0
0
0
0
0
0
0
0
0
0
0
0
0
0
0
0
0
0
0
0
0
0
0
0
0
0
0
0
0
0
0
0
0
0
0
0
0
0
0
0
0
0
0
0
0
0
0
0
0
0
0
0
0
0
0
0
0
0
0
0
0
0
0
0
0
0
0
0
0
0
0
0
0
0
0
0
0
0
0
0
0
0
0
0
0
0
0
0
0
0
0
0
0
0
0
0
0
0
0
0
0
0
0
0
0
0
0
0
0
0
0
0
0
0
0
0
0
0
0
0
0
0
0
0
0
0
0
0
0
0
0
0
0
0
0
0
0
0
0
0
0
0
0
0
0
0
0
0
0
0
0
0
0
0
0
0
0
0
0
0
0
0
0
0
0
0
0
0
0
0
0
0
0
0
0
0
0
0
0
0
0
0
0
0
0
0
0
0
0
0
0
0
0
0
0
0
0
0
0
0
0
0
0
0
0
0
0
0
0
0
0
0
0
0
0
0
0
0
0
0
0
0
0
0
0
0
0
0
0
0
0
0
0
0
0
0
0
0
0
0
0
0
0
0
0
0
0
0
0
0
0
0
0
0
0
0
0
0
0
0
0
0
0
0
0
0
0
0
0
0
0
0
0
0
0
0
0
0
0
0
0
0
0
0
0
0
0
0
0
0
0
0
0
0
0
0
0
0
0
0
0
0
0
0
0
0
0
0
0
0
0
0
0
0
0
0
0
0
0
0
0
0
0
0
0
0
0
0
0
0
0
0
0
0
0
0
0
0
0
0
0
0
0
0
0
0
0
0
0
0
0
0
0
0
0
0
0
0
0
0
0
0
0
0
0
0
0
0
0
0
0
0
0
0
0
0
0
0
0
0
0
0
0
0
0
0
0
0
0
0
0
0
0
0
0
0
0
0
0
0
0
0
0
0
0
0
0
0
0
0
0
0
0
0
0
0
0
0
0
0
0
0
0
0
0
0
0
0
0
0
0
0
0
0
0
0
0
0
0
0
0
0
0
0
0
0
0
0
0
0
0
0
0
0
0
0
0
0
0
0
0
0
0
0
0
0
0
0
0
0
0
0
0
0
0
0
0
0
0
0
0
0
0
0
0
0
0
0
0
0
0
0
0
0
0
0
0
0
0
0
0
0
0
0
0
0
0
0
0
0
0
0
0
0
0
0
0
0
0
0
0
0
0
0
0
0
0
0
0
0
0
0
0
0
0
0
0
0
0
0
0
0
0
0
0
0
0
0
0
0
0
0
0
0
0
0
0
0
0
0
0
0
0
0
0
0
0
0
0
0
0
0
0
0
0
0
0
0
0
0
0
0
0
0
0
0
0
0
0
0
0
0
0
0
0
0
0
0
0
0
0
0
0
0
0
0
0
0
0
0
0
0
0
0
0
0
0
0
0
0
0
0
0
0
0
0
0
0
0
0
0
0
0
0
0
0
0
0
0
0
0
0
0
0
0
0
0
0
0
0
0
0
0
0
0
0
0
0
0
0
0
0
0
0
0
0
0
0
0
0
0
0
0
0
0
0
0
0
0
0
0
0
0
0
0
0
0
0
0
0
0
0
0
0
0
0
0
0
0
0
0
0
0
0
0
0
0
0
0
0
0
0
0
0
0
0
0
0
0
0
0
0
0
0
0
0
0
0
0
0
0
0
0
0
0
0
0
0
0
0
0
0
0
0
0
0
0
0
0
0
0
0
0
0
0
0
0
0
0
0
0
0
0
0
0
0
0
0
0
0
0
0
0
0
0
0
0
0
0
0
0
0
0
0
0
0
0
0
0
0
0
0
0
0
0
0
0
0
0
0
0
0
0
0
0
0
0
0
0
0
0
0
0
0
0
0
0
0
0
0
0
0
0
0
0
0
0
0
0
0
0
0
0
0
0
0
0
0
0
0
0
0
0
0
0
0
0
0
0
0
0
0
0
0
0
0
0
0
0
0
0
0
0
0
0
0
0
0
0
0
0
0
0
0
0
0
0
0
0
0
0
0
0
0
0
0
0
0
0
0
0
0
0
0
0
0
0
0
0
0
0
0
0
0
0
0
0
0
0
0
0
0
0
0
0
0
0
0
0
0
0
0
0
0
0
0
0
0
0
0
0
0
0
0
0
0
0
0
0
0
0
0
0
0
0
0
0
0
0
0
0
0
0
0
0
0
0
0
0
0
0
0
0
0
0
0
0
0
0
0
0
0
0
0
0
0
0
0
0
0
0
0
0
0
0
0
0
0
0
0
0
0
0
0
0
0
0
0
0
0
0
0
0
0
0
0
0
0
0
0
0
0
0
0
0
0
0
0
0
0
0
0
0
0
0
0
0
0
0
0
0
0
0
0
0
0
0
0
0
0
0
0
0
0
0
0
0
0
0
0
0
0
0
0
0
0
0
0
0
0
0
0
0
0
0
0
0
0
0
0
0
0
0
0
0
0
0
0
0
0
0
0
0
0
0
0
0
0
0
0
0
0
0
0
0
0
0
0
0
0
0
0
0
0
0
0
0
0
0
0
0
0
0
0
0
0
0
0
0
0
0
0
0
0
0
0
0
0
0
0
0
0
0
0
0
0
0
0
0
0
0
0
0
0
0
0
0
0
0
0
0
0
0
0
0
0
0
0
0
0
0
0
0
0
0
0
0
0
0
0
0
0
0
0
0
0
0
0
0
0
0
0
0
0
0
0
0
0
0
0
0
0
0
0
0
0
0
0
0
0
0
0
0
0
0
0
0
0
0
0
0
0
0
0
0
0
0
0
0
0
0
0
0
0
0
0
0
0
0
0
0
0
0
0
0
0
0
0
0
0
0
0
0
0
0
0
0
0
0
0
0
0
0
0
0
0
0
0
0
0
0
0
0
0
0
0
0
0
0
0
0
0
0
0
0
0
0
0
0
0
0
0
0
0
0
0
0
0
0
0
0
0
0
0
0
0
0
0
0
0
0
0
0
0
0
0
0
0
0
0
0
0
0
0
0
0
0
0
0
0
0
0
0
0
0
0
0
0
0
0
0
0
0
0
0
0
0
0
0
0
0
0
0
0
0
0
0
0
0
0
0
0
0
0
0
0
0
0
0
0
0
0
0
0
0
0
0
0
0
0
0
0
0
0
0
0
0
0
0
0
0
0
0
0
0
0
0
0
0
0
0
0
0
0
0
0
0
0
0
0
0
0
0
0
0
0
0
0
0
0
0
0
0
0
0
0
0
0
0
0
0
0
0
0
0
0
0
0
0
0
0
0
0
0
0
0
0
0
0
0
0
0
0
0
0
0
0
0
0
0
0
0
0
0
0
0
0
0
0
0
0
0
0
0
0
0
0
0
0
0
0
0
0
0
0
0
0
0
0
0
0
0
0
0
0
0
0
0
0
0
0
0
0
0
0
0
0
0
0
0
0
0
0
0
0
0
0
0
0
0
0
0
0
0
0
0
0
0
0
0
0
0
0
0
0
0
0
0
0
0
0
0
0
0
0
0
0
0
0
0
0
0
0
0
0
0
0
0
0
0
0
0
0
0
0
0
0
0
0
0
0
0
0
0
0
0
0
0
0
0
0
0
0
0
0
0
0
0
0
0
0
0
0
0
0
0
0
0
0
0
0
0
0
0
0
0
0
0
0
0
0
0
0
0
0
0
0
0
0
0
0
0
0
0
0
0
0
0
0
0
0
0
0
0
0
0
0
0
0
0
0
0
0
0
0
0
0
0
0
0
0
0
0
0
0
0
0
0
0
0
0
0
0
0
0
0
0
0
0
0
0
0
0
0
0
0
0
0
0
0
0
0
0
0
0
0
0
0
0
0
0
0
0
0
0
0
0
0
0
0
0
0
0
0
0
0
0
0
0
0
0
0
0
0
0
0
0
0
0
0
0
0
0
0
0
0
0
0
0
0
0
0
0
0
0
0
0
0
0
0
0
0
0
0
0
0
0
0
0
0
0
0
0
0
0
0
0
0
0
0
0
0
0
0
0
0
0
0
0
0
0
0
0
0
0
0
0
0
0
0
0
0
0
0
0
0
0
0
0
0
0
0
0
0
0
0
0
0
0
0
0
0
0
0
0
0
0
0
0
0
0
0
0
0
0
0
0
0
0
0
0
0
0
0
0
0
0
0
0
0
0
0
0
0
0
0
0
0
0
0
0
0
0
0
0
0
0
0
0
0
0
0
0
0
0
0
0
0
0
0
0
0
0
0
0
0
0
0
0
0
0
0
0
0
0
0
0
0
0
0
)
;

boundaryField
{
    inlet
    {
        type            calculated;
        value           uniform 0;
    }
    outlet
    {
        type            calculated;
        value           nonuniform List<scalar> 
142
(
606.908
612.197
596.057
585.172
577.813
572.854
569.534
567.346
565.943
481.481
293.202
272.804
257.183
242.609
228.441
214.567
200.912
187.473
174.417
162.126
151.067
141.595
133.915
119.687
104.541
90.7068
77.3936
64.6011
52.441
41.0459
30.5095
20.8146
12.0255
4.67493
0
0
0
0
0
0
0
0
0
0
0
0
0
0
0
0
0
0
0
0
0
0
0
0
0
0
0
0
0
0
0
0
0
0
0
0
0
0
0
0
0
0
0
0
0
0
0
0
0
0
0
0
0
0
0
0
0
0
0
0
0
0
0
0
0
0
0
0
0
0
0
0
0
0
0
0
0
0
0
0
0
0
0
0
0
0
0
0
0
0
0
0
0
0
0
0
0
0
0
0
0
0
0
0
0
0
0
0
)
;
    }
    bottom
    {
        type            calculated;
        value           nonuniform List<scalar> 
442
(
571.789
575.746
576.164
576.696
577.316
578.003
578.741
579.514
580.311
581.121
581.938
582.759
583.583
584.407
585.234
586.062
586.893
587.724
588.553
589.375
590.189
590.99
591.777
592.548
593.304
594.044
594.771
595.485
596.188
596.881
597.568
598.25
598.93
599.61
600.293
600.983
601.679
602.384
603.097
603.819
604.544
605.275
606.006
606.738
607.467
608.197
608.925
609.653
610.379
614.774
629.249
628.675
622.872
617.769
613.257
609.248
605.671
602.467
599.587
596.987
594.633
592.492
590.539
588.749
587.105
585.59
584.192
582.898
581.7
580.585
579.547
578.575
577.665
576.809
576.005
575.248
574.537
573.869
573.246
572.66
572.113
571.596
571.112
570.651
570.218
569.803
569.41
569.034
567.444
568.18
569.58
569.165
568.79
568.457
568.152
567.876
567.619
567.379
567.148
566.938
566.813
566.806
566.814
566.806
566.785
566.755
566.715
566.67
566.62
566.567
566.512
566.457
566.403
566.353
566.307
566.267
566.234
566.21
566.197
566.197
566.211
566.242
566.293
566.368
566.459
566.516
566.535
566.566
566.62
566.693
566.784
566.891
567.011
567.143
567.285
567.436
567.595
567.76
567.931
568.106
568.285
568.466
568.65
568.834
569.019
569.202
569.383
569.558
569.727
569.867
570.013
570.439
570.952
571.473
572.007
572.558
573.128
573.724
574.344
574.995
575.675
576.387
577.132
577.912
578.725
579.577
580.464
581.391
582.352
583.354
584.389
585.465
586.572
587.721
588.9
590.12
591.369
592.659
593.974
595.327
596.702
598.115
599.547
601.016
602.504
604.03
605.576
607.159
608.763
610.404
612.064
613.759
615.468
617.207
618.953
620.72
622.488
624.27
626.049
627.835
629.622
631.414
633.223
635.054
610.486
609.737
636.356
637.875
639.42
640.985
642.546
644.111
645.671
647.228
648.783
650.333
651.883
653.427
654.976
656.518
658.069
659.613
661.168
662.715
664.274
665.819
667.373
668.905
670.441
671.949
673.454
674.927
676.393
677.824
679.247
680.633
682.012
683.356
684.694
686.002
687.311
688.599
689.897
691.194
692.524
693.887
686.527
659.099
653.244
654.321
655.314
656.232
657.09
657.896
658.654
659.372
660.05
660.696
661.306
661.891
662.445
662.98
663.486
663.981
664.45
664.916
665.359
665.807
666.236
666.679
667.108
667.559
668.004
668.48
668.957
669.476
670.005
670.588
671.191
671.861
672.563
673.346
674.176
675.102
676.091
677.195
678.381
679.7
681.125
682.706
684.418
686.312
688.369
690.64
693.111
695.833
698.809
702.083
705.681
693.076
620.109
592.521
608.714
609.639
610.494
611.293
612.031
612.716
613.353
613.939
614.485
614.983
615.448
615.867
616.261
616.609
616.938
617.222
617.492
617.719
617.936
618.111
618.281
618.409
618.536
618.622
618.71
618.759
618.812
618.828
618.849
618.835
618.829
618.789
618.758
618.695
618.642
618.56
618.488
618.39
618.302
618.189
618.089
617.965
617.854
617.723
617.604
617.467
617.343
617.204
617.078
616.939
616.813
616.676
616.553
616.421
616.304
616.179
616.071
615.955
615.859
615.757
615.675
615.588
615.525
615.458
615.415
615.371
615.355
615.337
615.35
615.363
615.409
615.457
615.542
615.63
615.758
615.892
616.07
616.256
616.491
616.738
617.04
617.359
617.737
618.139
618.608
619.108
619.683
620.298
620.997
621.747
622.592
623.502
624.518
625.619
626.839
628.165
629.638
606.908
571.789
572.458
569.74
567.83
566.515
565.639
423.692
303.824
278.431
257.149
239.009
223.263
208.39
194.037
179.803
165.788
152.347
140.385
130.497
111.689
96.8759
82.3636
68.1756
54.248
40.3547
25.8791
10.259
0
0
0
0
0
0
0
0
0
0
0
0
0
0
0
)
;
    }
    atmosphere
    {
        type            calculated;
        value           uniform 0;
    }
    bridgeDeck
    {
        type            calculated;
        value           uniform 0;
    }
    frontAndBack
    {
        type            empty;
    }
}


// ************************************************************************* //
