/*--------------------------------*- C++ -*----------------------------------*\
| =========                 |                                                 |
| \\      /  F ield         | OpenFOAM: The Open Source CFD Toolbox           |
|  \\    /   O peration     | Version:  2412                                  |
|   \\  /    A nd           | Website:  www.openfoam.com                      |
|    \\/     M anipulation  |                                                 |
\*---------------------------------------------------------------------------*/
FoamFile
{
    version     2.0;
    format      ascii;
    arch        "LSB;label=32;scalar=64";
    class       volScalarField;
    location    "30";
    object      ps;
}
// * * * * * * * * * * * * * * * * * * * * * * * * * * * * * * * * * * * * * //

dimensions      [ 1 -1 -2 0 0 0 0 ];

internalField   nonuniform List<scalar> 
55050
(
6.75738e-10
1.59489e-09
7.90379e-09
1.32388e-08
3.0496e-08
4.76238e-08
7.27227e-08
9.8598e-08
1.26759e-07
1.53362e-07
1.78193e-07
1.99949e-07
2.1892e-07
2.35062e-07
2.49281e-07
2.61983e-07
2.73739e-07
2.84849e-07
2.95462e-07
3.05802e-07
3.15012e-07
3.23279e-07
3.3086e-07
3.37359e-07
3.42848e-07
3.47005e-07
3.50325e-07
3.52973e-07
3.545e-07
3.56206e-07
3.58319e-07
3.54883e-07
3.52293e-07
3.49961e-07
3.52495e-07
3.52572e-07
3.52967e-07
3.54269e-07
3.54638e-07
3.54984e-07
3.55907e-07
3.57262e-07
3.58874e-07
3.6082e-07
3.62183e-07
3.63291e-07
3.63312e-07
3.62904e-07
3.61253e-07
3.58819e-07
1.57101e-09
3.26802e-09
6.07514e-09
8.58432e-09
1.10605e-08
1.26068e-08
1.37359e-08
1.45257e-08
1.51667e-08
1.56947e-08
1.62201e-08
1.68291e-08
1.75026e-08
1.82615e-08
1.91674e-08
2.01164e-08
2.11597e-08
2.21552e-08
2.31938e-08
2.426e-08
2.54549e-08
2.65715e-08
2.76391e-08
2.85585e-08
2.94791e-08
3.03386e-08
3.11e-08
3.18223e-08
3.24804e-08
3.37015e-08
3.50805e-08
3.70935e-08
3.90278e-08
3.93088e-08
3.9359e-08
3.88317e-08
3.83653e-08
3.79366e-08
3.76822e-08
3.74096e-08
3.72043e-08
3.69847e-08
3.6809e-08
3.6501e-08
3.61348e-08
3.56187e-08
3.50232e-08
3.43506e-08
3.36539e-08
3.29212e-08
4.39049e-09
6.16008e-09
9.25298e-09
1.08899e-08
1.21887e-08
1.30258e-08
1.42592e-08
1.56405e-08
1.73486e-08
1.92664e-08
2.12685e-08
2.34993e-08
2.58339e-08
2.83091e-08
3.09828e-08
3.37877e-08
3.67844e-08
3.96715e-08
4.24724e-08
4.51842e-08
4.8125e-08
5.08965e-08
5.35098e-08
5.57843e-08
5.79775e-08
5.99942e-08
6.1934e-08
6.36193e-08
6.52804e-08
6.73389e-08
6.95643e-08
7.16545e-08
7.31046e-08
7.46529e-08
7.51489e-08
7.59516e-08
7.66079e-08
7.7154e-08
7.76909e-08
7.75637e-08
7.77585e-08
7.76973e-08
7.77727e-08
7.72297e-08
7.65853e-08
7.55156e-08
7.43458e-08
7.28798e-08
7.14575e-08
6.97575e-08
9.19071e-09
9.71565e-09
1.12495e-08
1.04168e-08
1.039e-08
1.0802e-08
1.17537e-08
1.27958e-08
1.41621e-08
1.59536e-08
1.81439e-08
2.10278e-08
2.43662e-08
2.81588e-08
3.23329e-08
3.70535e-08
4.22105e-08
4.75902e-08
5.27125e-08
5.74903e-08
6.23174e-08
6.69374e-08
7.12997e-08
7.53258e-08
7.90949e-08
8.23901e-08
8.57378e-08
8.87185e-08
9.17617e-08
9.50234e-08
9.84268e-08
1.00962e-07
1.03255e-07
1.05075e-07
1.05967e-07
1.0687e-07
1.08188e-07
1.09675e-07
1.12282e-07
1.13531e-07
1.16911e-07
1.18725e-07
1.20507e-07
1.20145e-07
1.19526e-07
1.18022e-07
1.16873e-07
1.1511e-07
1.14071e-07
1.12179e-07
1.60481e-08
1.34891e-08
1.21931e-08
9.46036e-09
9.40226e-09
1.01227e-08
1.11005e-08
1.20482e-08
1.33496e-08
1.51636e-08
1.7554e-08
2.09729e-08
2.51722e-08
3.0076e-08
3.56212e-08
4.20823e-08
4.92236e-08
5.70907e-08
6.46422e-08
7.15042e-08
7.83815e-08
8.50533e-08
9.15054e-08
9.79163e-08
1.03817e-07
1.09011e-07
1.14344e-07
1.19382e-07
1.2444e-07
1.29862e-07
1.35076e-07
1.38904e-07
1.44237e-07
1.48845e-07
1.52089e-07
1.54102e-07
1.57473e-07
1.60545e-07
1.67008e-07
1.70869e-07
1.80512e-07
1.90007e-07
1.96347e-07
1.98667e-07
1.98995e-07
1.99668e-07
2.00472e-07
2.00894e-07
2.02941e-07
2.02947e-07
2.41535e-08
1.6309e-08
1.19974e-08
8.44345e-09
8.64173e-09
9.70279e-09
1.10392e-08
1.23002e-08
1.3906e-08
1.60841e-08
1.89687e-08
2.30832e-08
2.8314e-08
3.45804e-08
4.16822e-08
4.99169e-08
5.90404e-08
6.90758e-08
7.87832e-08
8.77593e-08
9.63936e-08
1.0493e-07
1.1325e-07
1.21568e-07
1.29251e-07
1.36239e-07
1.43191e-07
1.5015e-07
1.57364e-07
1.65092e-07
1.72244e-07
1.79487e-07
1.89286e-07
1.97608e-07
2.05204e-07
2.11487e-07
2.212e-07
2.31467e-07
2.48713e-07
2.62275e-07
2.84537e-07
3.05264e-07
3.20585e-07
3.29377e-07
3.33635e-07
3.45062e-07
3.54408e-07
3.64577e-07
3.76038e-07
3.84178e-07
3.3014e-08
1.82553e-08
1.16118e-08
7.91953e-09
8.22596e-09
9.6698e-09
1.15762e-08
1.34235e-08
1.56102e-08
1.84447e-08
2.21741e-08
2.73192e-08
3.39108e-08
4.18487e-08
5.06977e-08
6.08227e-08
7.20237e-08
8.43653e-08
9.65851e-08
1.08194e-07
1.19065e-07
1.30221e-07
1.4117e-07
1.52331e-07
1.62619e-07
1.72441e-07
1.81591e-07
1.912e-07
2.01302e-07
2.11984e-07
2.22721e-07
2.34026e-07
2.47461e-07
2.59759e-07
2.71777e-07
2.85225e-07
3.06487e-07
3.31459e-07
3.66395e-07
3.97233e-07
4.39502e-07
4.71183e-07
4.95917e-07
5.13587e-07
5.28263e-07
5.62379e-07
5.92608e-07
6.23689e-07
6.49451e-07
6.75471e-07
4.26738e-08
1.96243e-08
1.13143e-08
7.66402e-09
8.02814e-09
9.82771e-09
1.22777e-08
1.47641e-08
1.76074e-08
2.10786e-08
2.56048e-08
3.18246e-08
3.97754e-08
4.92541e-08
5.96481e-08
7.12557e-08
8.40748e-08
9.82885e-08
1.12673e-07
1.268e-07
1.40554e-07
1.54984e-07
1.69111e-07
1.84313e-07
1.98205e-07
2.12514e-07
2.25659e-07
2.39904e-07
2.54649e-07
2.71142e-07
2.88686e-07
3.06472e-07
3.24439e-07
3.41973e-07
3.59909e-07
3.82151e-07
4.20259e-07
4.65154e-07
5.13757e-07
5.58037e-07
6.08318e-07
6.40031e-07
6.66762e-07
6.86703e-07
7.13834e-07
7.63161e-07
8.11879e-07
8.58001e-07
8.85639e-07
9.23047e-07
5.38425e-08
2.09273e-08
1.11334e-08
7.43744e-09
7.80528e-09
9.796e-09
1.25654e-08
1.54635e-08
1.87396e-08
2.25863e-08
2.76405e-08
3.46841e-08
4.35931e-08
5.40966e-08
6.56039e-08
7.81368e-08
9.20183e-08
1.07344e-07
1.23076e-07
1.39292e-07
1.56088e-07
1.73772e-07
1.90191e-07
2.08751e-07
2.2597e-07
2.44807e-07
2.62801e-07
2.82645e-07
3.02876e-07
3.2764e-07
3.56029e-07
3.82905e-07
4.07929e-07
4.32301e-07
4.59308e-07
4.90794e-07
5.47483e-07
6.11345e-07
6.5542e-07
6.95874e-07
7.31843e-07
7.46825e-07
7.61852e-07
7.72308e-07
7.96849e-07
8.30911e-07
8.66384e-07
8.9672e-07
9.04771e-07
9.20539e-07
6.67853e-08
2.24081e-08
1.09449e-08
7.03781e-09
7.26189e-09
9.18095e-09
1.19365e-08
1.48171e-08
1.80795e-08
2.19247e-08
2.71506e-08
3.45266e-08
4.36808e-08
5.43633e-08
6.61761e-08
7.9074e-08
9.34233e-08
1.08973e-07
1.2502e-07
1.42241e-07
1.61235e-07
1.81204e-07
1.98429e-07
2.18305e-07
2.37442e-07
2.59369e-07
2.81438e-07
3.06195e-07
3.31159e-07
3.64792e-07
4.04731e-07
4.39471e-07
4.71503e-07
5.01726e-07
5.35842e-07
5.7336e-07
6.39059e-07
7.06106e-07
7.28412e-07
7.48389e-07
7.60551e-07
7.57662e-07
7.57124e-07
7.58848e-07
7.69771e-07
7.85866e-07
8.0225e-07
8.15236e-07
8.1395e-07
8.09507e-07
8.02251e-08
2.39522e-08
1.07257e-08
6.49172e-09
6.43953e-09
8.05568e-09
1.05154e-08
1.30564e-08
1.59203e-08
1.9419e-08
2.44511e-08
3.16304e-08
4.04071e-08
5.04785e-08
6.16853e-08
7.43211e-08
8.84179e-08
1.03326e-07
1.18632e-07
1.35262e-07
1.54537e-07
1.74866e-07
1.91553e-07
2.10222e-07
2.29319e-07
2.52195e-07
2.76586e-07
3.04615e-07
3.33469e-07
3.75107e-07
4.22838e-07
4.61824e-07
4.97156e-07
5.29695e-07
5.64278e-07
6.00097e-07
6.58167e-07
7.05915e-07
7.03001e-07
7.00664e-07
6.94464e-07
6.83167e-07
6.76989e-07
6.75871e-07
6.82041e-07
6.91755e-07
7.03853e-07
7.17946e-07
7.27749e-07
7.31035e-07
9.2272e-08
2.54876e-08
1.08059e-08
6.24877e-09
5.91112e-09
7.14957e-09
9.19581e-09
1.13189e-08
1.36551e-08
1.66397e-08
2.12608e-08
2.79518e-08
3.60837e-08
4.52159e-08
5.54108e-08
6.7407e-08
8.08169e-08
9.477e-08
1.09038e-07
1.24401e-07
1.42484e-07
1.6148e-07
1.77055e-07
1.92915e-07
2.10717e-07
2.32986e-07
2.58105e-07
2.87568e-07
3.19712e-07
3.67108e-07
4.16572e-07
4.56429e-07
4.90629e-07
5.2148e-07
5.50629e-07
5.77876e-07
6.17067e-07
6.38143e-07
6.22114e-07
6.07773e-07
5.95783e-07
5.85973e-07
5.83293e-07
5.83391e-07
5.89368e-07
5.97974e-07
6.0995e-07
6.2342e-07
6.40079e-07
6.5446e-07
3.55019e-07
3.51135e-07
3.46834e-07
3.42076e-07
3.36902e-07
3.32017e-07
3.27873e-07
3.24289e-07
3.21154e-07
3.18388e-07
3.16009e-07
3.13929e-07
3.11975e-07
3.10123e-07
3.08372e-07
3.06755e-07
3.05401e-07
3.04381e-07
3.0384e-07
3.03886e-07
3.04541e-07
3.05743e-07
3.07389e-07
3.09426e-07
3.11822e-07
3.14513e-07
3.17427e-07
3.2054e-07
3.23931e-07
3.27716e-07
3.31928e-07
3.36492e-07
3.41283e-07
3.46146e-07
3.50941e-07
3.55589e-07
3.60106e-07
3.64578e-07
3.69136e-07
3.73922e-07
3.78967e-07
3.84284e-07
3.89864e-07
3.95613e-07
4.01299e-07
4.06711e-07
4.11837e-07
4.16869e-07
4.21894e-07
4.26551e-07
3.20782e-08
3.12341e-08
3.05394e-08
2.99932e-08
2.96024e-08
2.9368e-08
2.91987e-08
2.91651e-08
2.92287e-08
2.94129e-08
2.97117e-08
3.01083e-08
3.07068e-08
3.13341e-08
3.22944e-08
3.31345e-08
3.422e-08
3.52992e-08
3.6241e-08
3.73016e-08
3.82964e-08
3.93619e-08
4.04363e-08
4.15954e-08
4.27964e-08
4.39602e-08
4.50257e-08
4.59442e-08
4.67058e-08
4.73108e-08
4.77593e-08
4.80577e-08
4.82384e-08
4.83015e-08
4.82521e-08
4.81233e-08
4.79469e-08
4.77162e-08
4.74122e-08
4.70305e-08
4.65961e-08
4.61404e-08
4.56871e-08
4.52518e-08
4.4864e-08
4.45981e-08
4.45848e-08
4.49553e-08
4.56845e-08
4.64494e-08
6.7976e-08
6.59599e-08
6.45576e-08
6.33963e-08
6.26296e-08
6.22877e-08
6.21859e-08
6.27004e-08
6.33491e-08
6.43283e-08
6.56474e-08
6.718e-08
6.95428e-08
7.18616e-08
7.59297e-08
7.92304e-08
8.31396e-08
8.67915e-08
8.89736e-08
9.14849e-08
9.27541e-08
9.41374e-08
9.52008e-08
9.65736e-08
9.82136e-08
1.00005e-07
1.01904e-07
1.03834e-07
1.05668e-07
1.0736e-07
1.0898e-07
1.1047e-07
1.11768e-07
1.12813e-07
1.13562e-07
1.14085e-07
1.14437e-07
1.14615e-07
1.14616e-07
1.14486e-07
1.14308e-07
1.14128e-07
1.13925e-07
1.13649e-07
1.13311e-07
1.13048e-07
1.13093e-07
1.13642e-07
1.14644e-07
1.15684e-07
1.11616e-07
1.09358e-07
1.10402e-07
1.10675e-07
1.11574e-07
1.12939e-07
1.14288e-07
1.18327e-07
1.21133e-07
1.24696e-07
1.28387e-07
1.32458e-07
1.37654e-07
1.43019e-07
1.52073e-07
1.59171e-07
1.64751e-07
1.69229e-07
1.69637e-07
1.71192e-07
1.6911e-07
1.67378e-07
1.64952e-07
1.6316e-07
1.61848e-07
1.61089e-07
1.60918e-07
1.61461e-07
1.62753e-07
1.64718e-07
1.67209e-07
1.69864e-07
1.72719e-07
1.75713e-07
1.7864e-07
1.81331e-07
1.83679e-07
1.85614e-07
1.87113e-07
1.88282e-07
1.89328e-07
1.90315e-07
1.91058e-07
1.91319e-07
1.91112e-07
1.90791e-07
1.90837e-07
1.91538e-07
1.92762e-07
1.93995e-07
2.11294e-07
2.08969e-07
2.26022e-07
2.32227e-07
2.38018e-07
2.43133e-07
2.45028e-07
2.57821e-07
2.6072e-07
2.66527e-07
2.68374e-07
2.71473e-07
2.70116e-07
2.71309e-07
2.73939e-07
2.74345e-07
2.7272e-07
2.705e-07
2.6616e-07
2.61595e-07
2.56215e-07
2.51399e-07
2.46455e-07
2.41891e-07
2.37889e-07
2.34637e-07
2.32391e-07
2.31533e-07
2.32356e-07
2.34951e-07
2.3898e-07
2.43672e-07
2.48424e-07
2.53135e-07
2.57936e-07
2.62947e-07
2.68073e-07
2.72994e-07
2.77353e-07
2.80952e-07
2.83853e-07
2.86242e-07
2.88154e-07
2.89449e-07
2.90043e-07
2.90113e-07
2.90064e-07
2.90306e-07
2.90955e-07
2.91674e-07
4.19062e-07
4.17151e-07
4.89822e-07
5.09215e-07
5.16371e-07
5.14675e-07
5.00047e-07
5.10551e-07
4.928e-07
4.85706e-07
4.66895e-07
4.5216e-07
4.26579e-07
4.06975e-07
3.90512e-07
3.77769e-07
3.66846e-07
3.58294e-07
3.50232e-07
3.43214e-07
3.37305e-07
3.32129e-07
3.2752e-07
3.22971e-07
3.1842e-07
3.1404e-07
3.10303e-07
3.07917e-07
3.07405e-07
3.09043e-07
3.12449e-07
3.16891e-07
3.2202e-07
3.2783e-07
3.3434e-07
3.41498e-07
3.49059e-07
3.56543e-07
3.6336e-07
3.69013e-07
3.73304e-07
3.76173e-07
3.77703e-07
3.78061e-07
3.77459e-07
3.76152e-07
3.74446e-07
3.72665e-07
3.71007e-07
3.69363e-07
7.37605e-07
7.49023e-07
9.03881e-07
9.30031e-07
9.08103e-07
8.54416e-07
7.8535e-07
7.43395e-07
6.79719e-07
6.37144e-07
5.92739e-07
5.58974e-07
5.28914e-07
5.03806e-07
4.8308e-07
4.66549e-07
4.53657e-07
4.45004e-07
4.38498e-07
4.33621e-07
4.30183e-07
4.27576e-07
4.2501e-07
4.21668e-07
4.17322e-07
4.12275e-07
4.07417e-07
4.04071e-07
4.03178e-07
4.05394e-07
4.10375e-07
4.17188e-07
4.25231e-07
4.34333e-07
4.44409e-07
4.55265e-07
4.66485e-07
4.77399e-07
4.87183e-07
4.95146e-07
5.01014e-07
5.04665e-07
5.0623e-07
5.06005e-07
5.04369e-07
5.01733e-07
4.98525e-07
4.95165e-07
4.9194e-07
4.88824e-07
9.59795e-07
1.004e-06
1.1257e-06
1.13302e-06
1.06385e-06
9.50623e-07
8.44983e-07
7.52985e-07
6.81259e-07
6.23315e-07
5.89121e-07
5.65539e-07
5.51166e-07
5.38524e-07
5.286e-07
5.21523e-07
5.18226e-07
5.18259e-07
5.18955e-07
5.20166e-07
5.22258e-07
5.24765e-07
5.26762e-07
5.27347e-07
5.26242e-07
5.2396e-07
5.21898e-07
5.21899e-07
5.25126e-07
5.32216e-07
5.42852e-07
5.5566e-07
5.69304e-07
5.83363e-07
5.98072e-07
6.13611e-07
6.29612e-07
6.45113e-07
6.58915e-07
6.70063e-07
6.78092e-07
6.82863e-07
6.84581e-07
6.83687e-07
6.80742e-07
6.76342e-07
6.71085e-07
6.65532e-07
6.601e-07
6.54868e-07
9.17062e-07
9.58667e-07
9.37472e-07
9.49638e-07
9.25929e-07
8.75241e-07
8.24049e-07
7.54687e-07
6.85142e-07
6.33863e-07
6.07928e-07
5.91047e-07
5.87159e-07
5.80575e-07
5.77428e-07
5.77434e-07
5.82614e-07
5.89917e-07
5.97046e-07
6.04843e-07
6.14407e-07
6.2535e-07
6.36343e-07
6.45753e-07
6.52536e-07
6.57038e-07
6.61366e-07
6.68345e-07
6.79219e-07
6.94501e-07
7.13818e-07
7.35037e-07
7.56333e-07
7.77335e-07
7.98674e-07
8.20759e-07
8.4303e-07
8.64074e-07
8.82278e-07
8.96458e-07
9.06075e-07
9.11124e-07
9.12027e-07
9.09477e-07
9.04284e-07
8.97265e-07
8.89198e-07
8.8079e-07
8.72579e-07
8.64742e-07
8.06843e-07
8.24244e-07
8.20463e-07
8.61639e-07
9.44112e-07
9.75737e-07
9.53414e-07
8.74643e-07
7.91861e-07
7.4133e-07
7.21228e-07
7.01864e-07
7.0511e-07
6.89223e-07
6.77341e-07
6.68693e-07
6.6961e-07
6.74122e-07
6.80658e-07
6.90063e-07
7.04094e-07
7.22148e-07
7.42368e-07
7.61815e-07
7.77868e-07
7.90014e-07
8.01115e-07
8.15734e-07
8.35297e-07
8.60252e-07
8.90244e-07
9.22409e-07
9.5435e-07
9.85362e-07
1.0161e-06
1.04681e-06
1.07654e-06
1.10344e-06
1.12565e-06
1.14198e-06
1.15205e-06
1.15618e-06
1.15513e-06
1.14993e-06
1.14167e-06
1.13138e-06
1.12001e-06
1.10839e-06
1.09714e-06
1.0865e-06
7.36377e-07
7.52669e-07
7.56697e-07
8.16588e-07
9.59069e-07
1.04614e-06
1.03949e-06
9.5259e-07
8.81432e-07
8.5252e-07
8.5817e-07
8.52256e-07
8.8475e-07
8.50886e-07
8.21013e-07
7.89541e-07
7.71722e-07
7.60449e-07
7.56017e-07
7.58705e-07
7.70679e-07
7.90647e-07
8.15976e-07
8.42094e-07
8.64837e-07
8.82883e-07
8.9986e-07
9.21963e-07
9.50392e-07
9.85492e-07
1.02709e-06
1.07181e-06
1.11631e-06
1.15885e-06
1.19962e-06
1.23848e-06
1.27413e-06
1.30461e-06
1.32818e-06
1.34399e-06
1.35211e-06
1.35331e-06
1.34878e-06
1.33986e-06
1.32786e-06
1.31396e-06
1.29921e-06
1.28451e-06
1.27052e-06
1.25751e-06
6.66891e-07
6.89089e-07
6.99713e-07
7.53574e-07
8.83276e-07
9.89642e-07
1.00077e-06
9.42373e-07
9.14513e-07
9.22753e-07
9.57056e-07
9.73512e-07
1.04929e-06
9.93739e-07
9.45629e-07
8.91255e-07
8.51749e-07
8.21402e-07
8.02754e-07
7.96034e-07
8.03437e-07
8.22624e-07
8.49752e-07
8.78687e-07
9.04654e-07
9.26596e-07
9.49455e-07
9.80119e-07
1.01867e-06
1.06532e-06
1.11967e-06
1.17743e-06
1.23372e-06
1.28537e-06
1.33202e-06
1.37345e-06
1.40868e-06
1.43623e-06
1.45505e-06
1.46499e-06
1.46673e-06
1.46151e-06
1.45082e-06
1.4362e-06
1.41902e-06
1.40049e-06
1.38166e-06
1.36338e-06
1.34626e-06
1.33052e-06
4.30334e-07
4.33227e-07
4.35703e-07
4.38231e-07
4.4071e-07
4.42595e-07
4.43365e-07
4.42965e-07
4.41924e-07
4.41078e-07
4.4105e-07
4.41899e-07
4.43173e-07
4.44258e-07
4.44715e-07
4.4441e-07
4.43456e-07
4.42067e-07
4.40436e-07
4.38667e-07
4.36765e-07
4.34665e-07
4.32288e-07
4.29636e-07
4.26882e-07
4.24375e-07
4.22239e-07
4.20266e-07
4.1832e-07
4.16401e-07
4.14555e-07
4.12814e-07
4.11174e-07
4.09618e-07
4.08133e-07
4.06714e-07
4.05368e-07
4.04105e-07
4.02938e-07
4.0189e-07
4.00989e-07
4.00276e-07
3.99793e-07
3.99579e-07
3.99669e-07
4.00097e-07
4.00901e-07
4.02073e-07
4.03468e-07
4.04647e-07
4.67796e-08
4.63666e-08
4.53022e-08
4.39276e-08
4.25556e-08
4.13766e-08
4.04656e-08
3.98163e-08
3.93774e-08
3.90891e-08
3.89032e-08
3.87803e-08
3.86835e-08
3.85821e-08
3.84616e-08
3.83237e-08
3.81773e-08
3.80259e-08
3.786e-08
3.76587e-08
3.73944e-08
3.70379e-08
3.65683e-08
3.59926e-08
3.53448e-08
3.46708e-08
3.39895e-08
3.32914e-08
3.25813e-08
3.18704e-08
3.117e-08
3.04894e-08
2.98334e-08
2.92045e-08
2.86038e-08
2.80319e-08
2.74887e-08
2.69741e-08
2.64886e-08
2.60333e-08
2.56099e-08
2.52193e-08
2.4861e-08
2.45348e-08
2.42461e-08
2.40121e-08
2.3865e-08
2.38374e-08
2.39258e-08
2.40365e-08
1.16213e-07
1.15901e-07
1.14847e-07
1.13345e-07
1.11628e-07
1.0986e-07
1.08186e-07
1.06738e-07
1.05589e-07
1.04725e-07
1.04066e-07
1.03508e-07
1.02952e-07
1.02324e-07
1.01579e-07
1.00705e-07
9.97059e-08
9.85894e-08
9.73491e-08
9.59556e-08
9.43604e-08
9.25042e-08
9.03442e-08
8.78801e-08
8.51913e-08
8.24402e-08
7.96946e-08
7.6938e-08
7.42054e-08
7.15414e-08
6.89812e-08
6.65502e-08
6.42724e-08
6.21639e-08
6.02305e-08
5.8471e-08
5.68791e-08
5.54448e-08
5.41563e-08
5.30004e-08
5.19621e-08
5.10249e-08
5.01727e-08
4.93959e-08
4.87004e-08
4.8116e-08
4.7691e-08
4.74679e-08
4.74298e-08
4.74342e-08
1.94681e-07
1.94565e-07
1.93876e-07
1.93011e-07
1.92167e-07
1.91328e-07
1.90422e-07
1.89436e-07
1.88415e-07
1.87393e-07
1.86338e-07
1.85162e-07
1.8376e-07
1.82055e-07
1.8001e-07
1.77624e-07
1.74912e-07
1.71894e-07
1.68582e-07
1.64975e-07
1.61053e-07
1.56789e-07
1.52158e-07
1.47159e-07
1.41858e-07
1.36471e-07
1.31169e-07
1.26009e-07
1.21082e-07
1.1647e-07
1.1223e-07
1.08389e-07
1.04955e-07
1.01919e-07
9.9267e-08
9.69819e-08
9.50407e-08
9.3413e-08
9.20627e-08
9.09502e-08
9.00312e-08
8.92606e-08
8.85982e-08
8.80177e-08
8.75111e-08
8.70934e-08
8.68024e-08
8.6681e-08
8.67231e-08
8.67882e-08
2.9191e-07
2.91281e-07
2.89922e-07
2.88244e-07
2.86531e-07
2.84842e-07
2.83113e-07
2.81249e-07
2.79169e-07
2.76798e-07
2.74061e-07
2.70884e-07
2.67203e-07
2.62994e-07
2.58265e-07
2.5307e-07
2.47491e-07
2.41614e-07
2.35511e-07
2.29224e-07
2.22762e-07
2.1612e-07
2.09282e-07
2.02244e-07
1.95066e-07
1.87999e-07
1.8126e-07
1.74913e-07
1.69047e-07
1.63739e-07
1.59026e-07
1.5491e-07
1.51363e-07
1.48361e-07
1.45891e-07
1.43931e-07
1.42435e-07
1.41335e-07
1.4057e-07
1.40094e-07
1.39841e-07
1.39724e-07
1.39663e-07
1.39603e-07
1.39525e-07
1.39445e-07
1.39407e-07
1.39477e-07
1.3969e-07
1.39948e-07
3.67351e-07
3.64606e-07
3.6126e-07
3.57614e-07
3.53809e-07
3.49809e-07
3.45536e-07
3.40955e-07
3.36075e-07
3.30917e-07
3.25545e-07
3.19905e-07
3.13945e-07
3.07644e-07
3.00994e-07
2.94036e-07
2.86872e-07
2.79636e-07
2.72431e-07
2.65323e-07
2.58315e-07
2.51372e-07
2.44433e-07
2.3745e-07
2.30454e-07
2.23677e-07
2.17344e-07
2.11524e-07
2.06268e-07
2.01618e-07
1.97587e-07
1.94187e-07
1.914e-07
1.89293e-07
1.87957e-07
1.87324e-07
1.87166e-07
1.87246e-07
1.87506e-07
1.87995e-07
1.88684e-07
1.89414e-07
1.90017e-07
1.90415e-07
1.90625e-07
1.90714e-07
1.90777e-07
1.90919e-07
1.91231e-07
1.91679e-07
4.85442e-07
4.81357e-07
4.7668e-07
4.7173e-07
4.66665e-07
4.61447e-07
4.5597e-07
4.50271e-07
4.44269e-07
4.37901e-07
4.31088e-07
4.23817e-07
4.16049e-07
4.07774e-07
3.98988e-07
3.89784e-07
3.80299e-07
3.70663e-07
3.6099e-07
3.51369e-07
3.41845e-07
3.32462e-07
3.23237e-07
3.14199e-07
3.05437e-07
2.97259e-07
2.89946e-07
2.83556e-07
2.78105e-07
2.73621e-07
2.70097e-07
2.67615e-07
2.66152e-07
2.65916e-07
2.67199e-07
2.69463e-07
2.71672e-07
2.73202e-07
2.74383e-07
2.75678e-07
2.77085e-07
2.78265e-07
2.78941e-07
2.79041e-07
2.78713e-07
2.78202e-07
2.77735e-07
2.77462e-07
2.77492e-07
2.77823e-07
6.49479e-07
6.43407e-07
6.36724e-07
6.29721e-07
6.22548e-07
6.1538e-07
6.07891e-07
5.9977e-07
5.9098e-07
5.81519e-07
5.7137e-07
5.60476e-07
5.48869e-07
5.36614e-07
5.23793e-07
5.1053e-07
4.96986e-07
4.83344e-07
4.69786e-07
4.56487e-07
4.43591e-07
4.31278e-07
4.19704e-07
4.09018e-07
3.99364e-07
3.91023e-07
3.842e-07
3.78874e-07
3.75003e-07
3.72653e-07
3.71934e-07
3.7312e-07
3.76093e-07
3.81064e-07
3.88518e-07
3.96766e-07
4.03204e-07
4.06951e-07
4.09731e-07
4.12664e-07
4.15353e-07
4.17103e-07
4.17612e-07
4.17019e-07
4.15745e-07
4.14279e-07
4.12996e-07
4.12136e-07
4.11834e-07
4.12078e-07
8.56932e-07
8.48537e-07
8.39629e-07
8.30772e-07
8.21841e-07
8.12314e-07
8.02176e-07
7.91326e-07
7.79672e-07
7.67218e-07
7.53978e-07
7.39955e-07
7.2517e-07
7.09666e-07
6.93519e-07
6.76859e-07
6.5988e-07
6.42839e-07
6.26027e-07
6.09721e-07
5.94156e-07
5.79604e-07
5.6635e-07
5.54676e-07
5.44795e-07
5.36937e-07
5.31235e-07
5.27705e-07
5.26436e-07
5.27708e-07
5.31793e-07
5.38861e-07
5.48478e-07
5.60454e-07
5.74816e-07
5.88888e-07
5.99532e-07
6.0664e-07
6.12976e-07
6.19402e-07
6.24893e-07
6.2858e-07
6.30345e-07
6.30605e-07
6.29971e-07
6.28988e-07
6.28015e-07
6.27246e-07
6.26789e-07
6.26629e-07
1.07613e-06
1.06557e-06
1.05473e-06
1.04329e-06
1.03146e-06
1.01915e-06
1.00614e-06
9.92383e-07
9.77936e-07
9.62862e-07
9.47154e-07
9.30745e-07
9.13567e-07
8.9561e-07
8.76937e-07
8.57683e-07
8.38074e-07
8.18452e-07
7.99245e-07
7.80878e-07
7.63667e-07
7.47891e-07
7.33882e-07
7.22022e-07
7.12647e-07
7.05994e-07
7.02174e-07
7.01272e-07
7.03497e-07
7.09191e-07
7.18549e-07
7.31416e-07
7.47062e-07
7.6459e-07
7.82809e-07
7.99207e-07
8.12473e-07
8.24284e-07
8.36247e-07
8.4795e-07
8.58407e-07
8.67004e-07
8.73671e-07
8.78632e-07
8.82131e-07
8.84287e-07
8.85156e-07
8.84871e-07
8.83682e-07
8.81811e-07
1.24521e-06
1.23241e-06
1.21906e-06
1.2053e-06
1.1911e-06
1.17634e-06
1.16104e-06
1.14528e-06
1.12911e-06
1.11248e-06
1.09532e-06
1.07753e-06
1.0591e-06
1.04006e-06
1.02049e-06
1.00044e-06
9.80076e-07
9.59696e-07
9.39814e-07
9.21018e-07
9.03768e-07
8.88333e-07
8.74996e-07
8.64138e-07
8.56217e-07
8.51553e-07
8.50272e-07
8.52437e-07
8.58167e-07
8.67671e-07
8.8094e-07
8.97523e-07
9.16454e-07
9.36416e-07
9.55933e-07
9.73684e-07
9.8979e-07
1.00529e-06
1.02066e-06
1.03576e-06
1.05022e-06
1.06367e-06
1.07567e-06
1.08576e-06
1.09337e-06
1.09801e-06
1.09956e-06
1.09844e-06
1.09537e-06
1.09108e-06
1.31548e-06
1.3002e-06
1.28458e-06
1.26867e-06
1.25242e-06
1.23582e-06
1.21893e-06
1.20178e-06
1.18433e-06
1.16655e-06
1.14839e-06
1.12987e-06
1.11104e-06
1.33678e-06
1.36735e-06
2.51206e-06
2.36762e-05
8.36297e-05
0.000152919
0.000218563
0.000251573
0.000251316
0.000223853
0.000176522
0.000113585
5.72321e-05
1.93936e-05
4.78917e-06
9.47492e-07
9.47108e-07
9.6209e-07
9.79799e-07
9.99279e-07
1.01933e-06
1.03882e-06
1.05698e-06
1.07384e-06
1.08991e-06
1.10577e-06
1.1217e-06
1.13753e-06
1.15273e-06
1.16652e-06
1.178e-06
1.18631e-06
1.19095e-06
1.19219e-06
1.19096e-06
1.18844e-06
1.18572e-06
4.04923e-07
4.03658e-07
4.00792e-07
3.96952e-07
3.9303e-07
3.89913e-07
3.88153e-07
3.87824e-07
3.8861e-07
3.90011e-07
3.91543e-07
3.92852e-07
3.93737e-07
3.94107e-07
3.93929e-07
3.93198e-07
3.91926e-07
3.90157e-07
3.87973e-07
3.85489e-07
3.82822e-07
3.8006e-07
3.77238e-07
3.74355e-07
3.71401e-07
3.684e-07
3.65435e-07
3.62649e-07
3.60188e-07
3.58142e-07
3.56505e-07
3.55253e-07
3.54294e-07
3.53454e-07
3.52523e-07
3.51421e-07
3.50188e-07
3.48875e-07
3.47471e-07
3.45922e-07
3.44174e-07
3.42204e-07
3.40034e-07
3.37732e-07
3.35394e-07
3.33102e-07
3.30906e-07
3.28796e-07
3.26715e-07
3.24632e-07
3.22561e-07
3.20663e-07
3.19034e-07
3.1766e-07
3.16376e-07
3.15003e-07
3.13473e-07
3.11749e-07
3.09875e-07
3.07936e-07
3.0599e-07
3.04097e-07
3.02288e-07
3.00573e-07
2.9892e-07
2.97281e-07
2.95609e-07
2.93888e-07
2.92139e-07
2.9041e-07
2.88736e-07
2.87123e-07
2.85547e-07
2.83983e-07
2.82432e-07
2.80938e-07
2.79566e-07
2.78369e-07
2.77348e-07
2.7648e-07
2.75743e-07
2.75094e-07
2.74509e-07
2.73988e-07
2.73531e-07
2.73125e-07
2.72768e-07
2.72464e-07
2.72219e-07
2.72015e-07
2.71808e-07
2.7155e-07
2.71209e-07
2.70817e-07
2.70508e-07
2.70587e-07
2.71256e-07
2.72366e-07
2.73096e-07
2.7347e-07
2.73987e-07
2.74735e-07
2.75582e-07
2.76398e-07
2.77123e-07
2.77756e-07
2.78315e-07
2.78825e-07
2.79308e-07
2.79776e-07
2.80235e-07
2.8069e-07
2.8117e-07
2.81728e-07
2.82393e-07
2.83117e-07
2.83788e-07
2.84316e-07
2.84701e-07
2.85033e-07
2.85407e-07
2.85848e-07
2.86295e-07
2.86665e-07
2.8693e-07
2.87141e-07
2.87398e-07
2.87776e-07
2.88296e-07
2.88933e-07
2.89643e-07
2.90382e-07
2.9112e-07
2.91872e-07
2.92684e-07
2.93577e-07
2.9451e-07
2.95397e-07
2.96165e-07
2.96771e-07
2.97216e-07
2.97521e-07
2.97735e-07
2.9791e-07
2.98118e-07
2.98397e-07
2.98784e-07
2.9923e-07
2.99873e-07
3.00532e-07
2.40054e-08
2.37097e-08
2.31664e-08
2.25047e-08
2.18809e-08
2.14009e-08
2.10911e-08
2.09302e-08
2.08831e-08
2.09179e-08
2.10102e-08
2.1143e-08
2.13051e-08
2.1491e-08
2.16982e-08
2.19247e-08
2.21658e-08
2.24138e-08
2.26599e-08
2.28973e-08
2.31226e-08
2.3335e-08
2.35346e-08
2.37199e-08
2.38883e-08
2.40364e-08
2.41595e-08
2.42458e-08
2.42847e-08
2.42778e-08
2.42456e-08
2.42018e-08
2.41515e-08
2.4109e-08
2.41235e-08
2.42417e-08
2.44581e-08
2.47068e-08
2.49218e-08
2.5081e-08
2.52021e-08
2.53112e-08
2.54211e-08
2.55304e-08
2.5638e-08
2.57442e-08
2.58452e-08
2.59327e-08
2.60046e-08
2.60795e-08
2.61629e-08
2.62089e-08
2.61705e-08
2.60957e-08
2.60727e-08
2.61161e-08
2.61719e-08
2.61865e-08
2.61456e-08
2.60637e-08
2.59605e-08
2.58497e-08
2.57397e-08
2.56345e-08
2.55359e-08
2.54423e-08
2.53458e-08
2.52399e-08
2.51209e-08
2.49912e-08
2.48127e-08
2.45888e-08
2.43678e-08
2.41752e-08
2.39755e-08
2.37625e-08
2.35574e-08
2.33653e-08
2.32116e-08
2.31058e-08
2.3018e-08
2.28793e-08
2.27424e-08
2.2662e-08
2.26238e-08
2.25392e-08
2.24172e-08
2.22802e-08
2.21386e-08
2.19878e-08
2.18229e-08
2.16446e-08
2.14283e-08
2.11863e-08
2.09595e-08
2.0823e-08
2.08248e-08
2.09519e-08
2.10346e-08
2.10196e-08
2.10126e-08
2.1006e-08
2.10005e-08
2.09931e-08
2.09882e-08
2.0992e-08
2.10127e-08
2.10571e-08
2.1126e-08
2.12104e-08
2.1295e-08
2.13673e-08
2.14263e-08
2.1483e-08
2.15523e-08
2.16424e-08
2.1749e-08
2.18602e-08
2.19658e-08
2.20641e-08
2.21616e-08
2.22663e-08
2.23817e-08
2.25056e-08
2.26356e-08
2.27726e-08
2.29213e-08
2.30859e-08
2.32663e-08
2.34574e-08
2.36507e-08
2.38387e-08
2.40185e-08
2.41923e-08
2.43647e-08
2.45393e-08
2.47167e-08
2.48954e-08
2.50729e-08
2.52477e-08
2.54205e-08
2.55926e-08
2.57643e-08
2.59356e-08
2.61074e-08
2.62767e-08
2.64297e-08
2.65512e-08
2.6657e-08
2.67959e-08
4.72399e-08
4.66642e-08
4.57428e-08
4.46648e-08
4.36082e-08
4.26823e-08
4.19252e-08
4.1333e-08
4.08845e-08
4.05554e-08
4.03206e-08
4.01558e-08
4.00435e-08
3.99776e-08
3.99619e-08
4e-08
4.00841e-08
4.01973e-08
4.03295e-08
4.04844e-08
4.06641e-08
4.0858e-08
4.10535e-08
4.12517e-08
4.14654e-08
4.17091e-08
4.20006e-08
4.23224e-08
4.26427e-08
4.29675e-08
4.33523e-08
4.38005e-08
4.43016e-08
4.48225e-08
4.5351e-08
4.59058e-08
4.64914e-08
4.70763e-08
4.76077e-08
4.80498e-08
4.84097e-08
4.87292e-08
4.90396e-08
4.93468e-08
4.96782e-08
5.00542e-08
5.04557e-08
5.08134e-08
5.11044e-08
5.13523e-08
5.15848e-08
5.18071e-08
5.20084e-08
5.21914e-08
5.23631e-08
5.25222e-08
5.26553e-08
5.27449e-08
5.27943e-08
5.28199e-08
5.28332e-08
5.28439e-08
5.28519e-08
5.28473e-08
5.28352e-08
5.28411e-08
5.28719e-08
5.29269e-08
5.29894e-08
5.30726e-08
5.29649e-08
5.26695e-08
5.24824e-08
5.25241e-08
5.25216e-08
5.24125e-08
5.22809e-08
5.2121e-08
5.19641e-08
5.18282e-08
5.16081e-08
5.12474e-08
5.0923e-08
5.08257e-08
5.07903e-08
5.05582e-08
5.02329e-08
4.98706e-08
4.94978e-08
4.91108e-08
4.87185e-08
4.83768e-08
4.78978e-08
4.7306e-08
4.67218e-08
4.62858e-08
4.6114e-08
4.61027e-08
4.60075e-08
4.58154e-08
4.56498e-08
4.5482e-08
4.53267e-08
4.51632e-08
4.49778e-08
4.47771e-08
4.45821e-08
4.44212e-08
4.43174e-08
4.42661e-08
4.42326e-08
4.41773e-08
4.40851e-08
4.39741e-08
4.38811e-08
4.38338e-08
4.38295e-08
4.38425e-08
4.38469e-08
4.38366e-08
4.38243e-08
4.38283e-08
4.38576e-08
4.39096e-08
4.39801e-08
4.40731e-08
4.42009e-08
4.43755e-08
4.46008e-08
4.48683e-08
4.51589e-08
4.54521e-08
4.57358e-08
4.601e-08
4.62842e-08
4.65717e-08
4.68829e-08
4.72172e-08
4.75623e-08
4.7905e-08
4.82447e-08
4.8591e-08
4.8955e-08
4.93472e-08
4.97795e-08
5.02548e-08
5.07541e-08
5.1242e-08
5.17497e-08
5.25284e-08
8.66297e-08
8.60925e-08
8.52869e-08
8.44506e-08
8.37358e-08
8.31968e-08
8.28221e-08
8.25817e-08
8.24527e-08
8.24278e-08
8.24984e-08
8.2638e-08
8.28124e-08
8.30045e-08
8.32291e-08
8.35116e-08
8.38437e-08
8.41858e-08
8.45319e-08
8.49294e-08
8.5384e-08
8.58045e-08
8.61105e-08
8.63553e-08
8.66633e-08
8.71204e-08
8.77483e-08
8.84784e-08
8.9152e-08
8.96839e-08
9.01608e-08
9.07249e-08
9.14287e-08
9.21905e-08
9.28848e-08
9.34596e-08
9.39954e-08
9.46013e-08
9.52241e-08
9.57512e-08
9.60884e-08
9.62833e-08
9.64013e-08
9.64855e-08
9.66663e-08
9.70433e-08
9.75067e-08
9.77788e-08
9.77914e-08
9.76586e-08
9.75076e-08
9.73716e-08
9.72299e-08
9.70913e-08
9.69792e-08
9.68955e-08
9.67757e-08
9.65365e-08
9.62061e-08
9.59056e-08
9.57187e-08
9.56767e-08
9.57351e-08
9.58019e-08
9.5851e-08
9.59678e-08
9.62173e-08
9.66071e-08
9.70428e-08
9.75508e-08
9.77897e-08
9.7731e-08
9.80512e-08
9.87933e-08
9.92027e-08
9.93903e-08
9.96339e-08
9.97801e-08
9.97733e-08
9.964e-08
9.9067e-08
9.82967e-08
9.79731e-08
9.77378e-08
9.71789e-08
9.63865e-08
9.57951e-08
9.52787e-08
9.47614e-08
9.4199e-08
9.36396e-08
9.34072e-08
9.28327e-08
9.18703e-08
9.08805e-08
9.03469e-08
8.99347e-08
8.94751e-08
8.89791e-08
8.83895e-08
8.77778e-08
8.70698e-08
8.64091e-08
8.57346e-08
8.49805e-08
8.41694e-08
8.33406e-08
8.2529e-08
8.17988e-08
8.11845e-08
8.06451e-08
8.01048e-08
7.9517e-08
7.88793e-08
7.82232e-08
7.76015e-08
7.70357e-08
7.65104e-08
7.59927e-08
7.54676e-08
7.49339e-08
7.44052e-08
7.38942e-08
7.34115e-08
7.29667e-08
7.25715e-08
7.22408e-08
7.19886e-08
7.18253e-08
7.17488e-08
7.17353e-08
7.17486e-08
7.17558e-08
7.17418e-08
7.17165e-08
7.17154e-08
7.17787e-08
7.19172e-08
7.20998e-08
7.22899e-08
7.24817e-08
7.2702e-08
7.29809e-08
7.33416e-08
7.38064e-08
7.43804e-08
7.50499e-08
7.57604e-08
7.65588e-08
7.74903e-08
1.40031e-07
1.3982e-07
1.39457e-07
1.39174e-07
1.39078e-07
1.39169e-07
1.3939e-07
1.39678e-07
1.39998e-07
1.4036e-07
1.40803e-07
1.41342e-07
1.41945e-07
1.42554e-07
1.43153e-07
1.43788e-07
1.44506e-07
1.45296e-07
1.46165e-07
1.47196e-07
1.4839e-07
1.49502e-07
1.50232e-07
1.50587e-07
1.50835e-07
1.5126e-07
1.52024e-07
1.53135e-07
1.54423e-07
1.55703e-07
1.56895e-07
1.58016e-07
1.59114e-07
1.60223e-07
1.61347e-07
1.62424e-07
1.63347e-07
1.64086e-07
1.64552e-07
1.64712e-07
1.64545e-07
1.64329e-07
1.64296e-07
1.64497e-07
1.64865e-07
1.65354e-07
1.65683e-07
1.65567e-07
1.65051e-07
1.64351e-07
1.63637e-07
1.62947e-07
1.62265e-07
1.61662e-07
1.61213e-07
1.60924e-07
1.60645e-07
1.60186e-07
1.59583e-07
1.59091e-07
1.58876e-07
1.5896e-07
1.59269e-07
1.59725e-07
1.60301e-07
1.61034e-07
1.61954e-07
1.63077e-07
1.6436e-07
1.65849e-07
1.6737e-07
1.68814e-07
1.70644e-07
1.72621e-07
1.74256e-07
1.75909e-07
1.77682e-07
1.79064e-07
1.8013e-07
1.81057e-07
1.81221e-07
1.80883e-07
1.8109e-07
1.81171e-07
1.80442e-07
1.78985e-07
1.78e-07
1.77305e-07
1.76832e-07
1.7651e-07
1.76256e-07
1.76717e-07
1.7689e-07
1.76391e-07
1.75797e-07
1.75796e-07
1.75958e-07
1.75326e-07
1.74434e-07
1.73084e-07
1.71443e-07
1.69396e-07
1.67447e-07
1.65534e-07
1.63522e-07
1.61495e-07
1.59548e-07
1.57622e-07
1.55822e-07
1.54268e-07
1.52936e-07
1.51686e-07
1.5043e-07
1.49143e-07
1.47784e-07
1.46412e-07
1.45052e-07
1.43721e-07
1.42383e-07
1.41043e-07
1.39685e-07
1.38306e-07
1.36888e-07
1.35458e-07
1.34069e-07
1.32766e-07
1.31575e-07
1.30493e-07
1.29539e-07
1.2874e-07
1.2808e-07
1.27503e-07
1.26941e-07
1.26341e-07
1.25704e-07
1.25091e-07
1.24579e-07
1.24207e-07
1.23919e-07
1.23652e-07
1.23382e-07
1.23143e-07
1.22977e-07
1.22933e-07
1.2306e-07
1.2337e-07
1.23854e-07
1.24458e-07
1.2519e-07
1.26039e-07
1.92084e-07
1.92328e-07
1.92535e-07
1.92908e-07
1.93511e-07
1.94315e-07
1.9526e-07
1.96303e-07
1.97428e-07
1.98625e-07
1.99892e-07
2.01232e-07
2.0265e-07
2.04134e-07
2.05654e-07
2.07188e-07
2.08747e-07
2.10375e-07
2.12133e-07
2.14079e-07
2.16177e-07
2.18172e-07
2.19732e-07
2.2077e-07
2.21524e-07
2.22387e-07
2.23699e-07
2.25546e-07
2.27694e-07
2.29895e-07
2.32011e-07
2.33978e-07
2.35771e-07
2.37409e-07
2.38931e-07
2.40305e-07
2.41429e-07
2.42424e-07
2.4334e-07
2.43986e-07
2.44123e-07
2.4416e-07
2.44661e-07
2.45617e-07
2.46437e-07
2.46738e-07
2.46601e-07
2.46318e-07
2.46067e-07
2.45851e-07
2.45622e-07
2.45354e-07
2.45057e-07
2.44791e-07
2.44622e-07
2.44566e-07
2.4456e-07
2.44495e-07
2.44348e-07
2.44233e-07
2.44298e-07
2.44625e-07
2.45227e-07
2.46092e-07
2.47208e-07
2.48546e-07
2.50077e-07
2.5177e-07
2.53618e-07
2.55656e-07
2.57943e-07
2.60544e-07
2.63528e-07
2.66558e-07
2.69555e-07
2.72877e-07
2.76459e-07
2.79827e-07
2.83232e-07
2.8674e-07
2.89426e-07
2.91499e-07
2.94136e-07
2.96543e-07
2.97644e-07
2.9767e-07
2.98221e-07
2.99077e-07
3.00423e-07
3.02368e-07
3.045e-07
3.07352e-07
3.10244e-07
3.12764e-07
3.14797e-07
3.15892e-07
3.16857e-07
3.15673e-07
3.14067e-07
3.11289e-07
3.07769e-07
3.03472e-07
2.99178e-07
2.9493e-07
2.90567e-07
2.86206e-07
2.82243e-07
2.78395e-07
2.74786e-07
2.71558e-07
2.68766e-07
2.66163e-07
2.6363e-07
2.61248e-07
2.58812e-07
2.56393e-07
2.53887e-07
2.51402e-07
2.48827e-07
2.46234e-07
2.4361e-07
2.40984e-07
2.38221e-07
2.35373e-07
2.32547e-07
2.29838e-07
2.27295e-07
2.24826e-07
2.22485e-07
2.20382e-07
2.18542e-07
2.16936e-07
2.15465e-07
2.14063e-07
2.12753e-07
2.11592e-07
2.10602e-07
2.09818e-07
2.09097e-07
2.08397e-07
2.07656e-07
2.06907e-07
2.06145e-07
2.05467e-07
2.04965e-07
2.04661e-07
2.04579e-07
2.04699e-07
2.05031e-07
2.05502e-07
2.78292e-07
2.78761e-07
2.79329e-07
2.80171e-07
2.81326e-07
2.82746e-07
2.84344e-07
2.86046e-07
2.87803e-07
2.89582e-07
2.91345e-07
2.93065e-07
2.94733e-07
2.9635e-07
2.97908e-07
2.99386e-07
3.00764e-07
3.02029e-07
3.03171e-07
3.04179e-07
3.05028e-07
3.0568e-07
3.06111e-07
3.06359e-07
3.06546e-07
3.06831e-07
3.07341e-07
3.0813e-07
3.09196e-07
3.10492e-07
3.11936e-07
3.13442e-07
3.14944e-07
3.16435e-07
3.1797e-07
3.19589e-07
3.21277e-07
3.2314e-07
3.25265e-07
3.27399e-07
3.29264e-07
3.3096e-07
3.32716e-07
3.34571e-07
3.36392e-07
3.38029e-07
3.39451e-07
3.40718e-07
3.41891e-07
3.43007e-07
3.44081e-07
3.45116e-07
3.461e-07
3.47018e-07
3.47862e-07
3.48648e-07
3.49381e-07
3.50044e-07
3.50639e-07
3.51231e-07
3.51933e-07
3.5284e-07
3.53998e-07
3.55429e-07
3.57131e-07
3.59068e-07
3.61171e-07
3.63365e-07
3.65596e-07
3.67861e-07
3.70204e-07
3.72723e-07
3.7551e-07
3.78627e-07
3.82136e-07
3.86102e-07
3.90536e-07
3.95495e-07
4.01072e-07
4.07017e-07
4.1298e-07
4.19167e-07
4.26267e-07
4.33451e-07
4.3974e-07
4.45524e-07
4.51908e-07
4.5865e-07
4.66384e-07
4.7535e-07
4.8505e-07
4.94902e-07
5.04564e-07
5.13303e-07
5.20925e-07
5.24079e-07
5.25827e-07
5.22778e-07
5.1918e-07
5.13374e-07
5.06637e-07
4.99172e-07
4.91919e-07
4.84911e-07
4.77813e-07
4.70374e-07
4.63615e-07
4.57058e-07
4.50969e-07
4.4522e-07
4.40047e-07
4.35185e-07
4.30573e-07
4.26492e-07
4.22447e-07
4.18486e-07
4.14071e-07
4.09723e-07
4.05216e-07
4.00611e-07
3.95849e-07
3.91096e-07
3.86036e-07
3.80822e-07
3.75544e-07
3.70303e-07
3.65159e-07
3.59779e-07
3.54369e-07
3.49185e-07
3.44312e-07
3.39962e-07
3.36005e-07
3.32476e-07
3.2964e-07
3.27562e-07
3.25967e-07
3.24834e-07
3.23714e-07
3.22691e-07
3.216e-07
3.20446e-07
3.19007e-07
3.17572e-07
3.16211e-07
3.14944e-07
3.13897e-07
3.13178e-07
3.12856e-07
3.12799e-07
4.12697e-07
4.13448e-07
4.14378e-07
4.15579e-07
4.17019e-07
4.18602e-07
4.20203e-07
4.21719e-07
4.23087e-07
4.24282e-07
4.25259e-07
4.25989e-07
4.26481e-07
4.26757e-07
4.26821e-07
4.26675e-07
4.26305e-07
4.25687e-07
4.24796e-07
4.23629e-07
4.22204e-07
4.2058e-07
4.18848e-07
4.17098e-07
4.1542e-07
4.13921e-07
4.12709e-07
4.11852e-07
4.11407e-07
4.11383e-07
4.11769e-07
4.12554e-07
4.13722e-07
4.15281e-07
4.17269e-07
4.19735e-07
4.22723e-07
4.26245e-07
4.3027e-07
4.34664e-07
4.39257e-07
4.43937e-07
4.48721e-07
4.53619e-07
4.58555e-07
4.63413e-07
4.68124e-07
4.72625e-07
4.76831e-07
4.80675e-07
4.84136e-07
4.87214e-07
4.89919e-07
4.92263e-07
4.94271e-07
4.9599e-07
4.97468e-07
4.98746e-07
4.99876e-07
5.00945e-07
5.02067e-07
5.03328e-07
5.04768e-07
5.06402e-07
5.08233e-07
5.10246e-07
5.12406e-07
5.14648e-07
5.16895e-07
5.19098e-07
5.21281e-07
5.23539e-07
5.2601e-07
5.28824e-07
5.32091e-07
5.35898e-07
5.40335e-07
5.4552e-07
5.51572e-07
5.58577e-07
5.66552e-07
5.75505e-07
5.85437e-07
5.96097e-07
6.07294e-07
6.19278e-07
6.32602e-07
6.47207e-07
6.63895e-07
6.82442e-07
7.02957e-07
7.22915e-07
7.42124e-07
7.58812e-07
7.72311e-07
7.77061e-07
7.77497e-07
7.70258e-07
7.61614e-07
7.50455e-07
7.3901e-07
7.27793e-07
7.17663e-07
7.0847e-07
6.99688e-07
6.90493e-07
6.82004e-07
6.73627e-07
6.65818e-07
6.58101e-07
6.50921e-07
6.4437e-07
6.38472e-07
6.33528e-07
6.28892e-07
6.2425e-07
6.18533e-07
6.13118e-07
6.07841e-07
6.02411e-07
5.96542e-07
5.90361e-07
5.83565e-07
5.76431e-07
5.68939e-07
5.61139e-07
5.53052e-07
5.43851e-07
5.34119e-07
5.24142e-07
5.13943e-07
5.04616e-07
4.9564e-07
4.87363e-07
4.8093e-07
4.76688e-07
4.73579e-07
4.71581e-07
4.69423e-07
4.67733e-07
4.65877e-07
4.637e-07
4.60638e-07
4.57606e-07
4.54404e-07
4.51049e-07
4.47887e-07
4.45189e-07
4.43095e-07
4.41534e-07
6.26608e-07
6.26474e-07
6.26232e-07
6.25897e-07
6.25409e-07
6.24704e-07
6.2372e-07
6.22435e-07
6.20867e-07
6.19037e-07
6.1681e-07
6.14117e-07
6.11091e-07
6.07896e-07
6.04595e-07
6.01218e-07
5.97805e-07
5.9433e-07
5.90746e-07
5.87063e-07
5.83314e-07
5.79642e-07
5.76202e-07
5.73055e-07
5.70219e-07
5.67787e-07
5.65924e-07
5.64679e-07
5.64183e-07
5.64383e-07
5.65236e-07
5.66709e-07
5.68731e-07
5.71259e-07
5.74296e-07
5.77836e-07
5.81867e-07
5.86371e-07
5.91333e-07
5.96713e-07
6.02443e-07
6.08452e-07
6.14689e-07
6.21088e-07
6.27561e-07
6.34004e-07
6.40323e-07
6.46425e-07
6.52202e-07
6.57557e-07
6.6243e-07
6.66802e-07
6.70687e-07
6.74124e-07
6.77199e-07
6.79951e-07
6.82465e-07
6.84812e-07
6.87051e-07
6.89248e-07
6.91466e-07
6.93722e-07
6.9598e-07
6.98187e-07
7.00316e-07
7.024e-07
7.04521e-07
7.06725e-07
7.08947e-07
7.11079e-07
7.13067e-07
7.14972e-07
7.16941e-07
7.19143e-07
7.21738e-07
7.24874e-07
7.28725e-07
7.33491e-07
7.3937e-07
7.46514e-07
7.54994e-07
7.6481e-07
7.75932e-07
7.8836e-07
8.02204e-07
8.17903e-07
8.35803e-07
8.56231e-07
8.79252e-07
9.04304e-07
9.31163e-07
9.56569e-07
9.8029e-07
9.99786e-07
1.01337e-06
1.01712e-06
1.01316e-06
1.00184e-06
9.87862e-07
9.72694e-07
9.57894e-07
9.44401e-07
9.32719e-07
9.22433e-07
9.128e-07
9.03076e-07
8.93761e-07
8.84618e-07
8.75919e-07
8.672e-07
8.58957e-07
8.51691e-07
8.45147e-07
8.39516e-07
8.34618e-07
8.29478e-07
8.23942e-07
8.19837e-07
8.16793e-07
8.13636e-07
8.09583e-07
8.04454e-07
7.98502e-07
7.91813e-07
7.8449e-07
7.76534e-07
7.67618e-07
7.56229e-07
7.43483e-07
7.29426e-07
7.13948e-07
7.0012e-07
6.85845e-07
6.72423e-07
6.62899e-07
6.58287e-07
6.55549e-07
6.54599e-07
6.52717e-07
6.52338e-07
6.51331e-07
6.49189e-07
6.45311e-07
6.41523e-07
6.36934e-07
6.31242e-07
6.25458e-07
6.2016e-07
6.15684e-07
6.12337e-07
8.79362e-07
8.76147e-07
8.72278e-07
8.67997e-07
8.6353e-07
8.58936e-07
8.54241e-07
8.49504e-07
8.44861e-07
8.4039e-07
8.35549e-07
8.30041e-07
8.24296e-07
8.18854e-07
8.13863e-07
8.09367e-07
8.05431e-07
8.01805e-07
7.9814e-07
7.94261e-07
7.90088e-07
7.8592e-07
7.82018e-07
7.78359e-07
7.74762e-07
7.71326e-07
7.68448e-07
7.66108e-07
7.64738e-07
7.64007e-07
7.63824e-07
7.64102e-07
7.64711e-07
7.65565e-07
7.66712e-07
7.68176e-07
7.69977e-07
7.72098e-07
7.74581e-07
7.77445e-07
7.80675e-07
7.8426e-07
7.88189e-07
7.92439e-07
7.96972e-07
8.01734e-07
8.06657e-07
8.11659e-07
8.16654e-07
8.21558e-07
8.26306e-07
8.30867e-07
8.35257e-07
8.39534e-07
8.43801e-07
8.48095e-07
8.52504e-07
8.57066e-07
8.61765e-07
8.66549e-07
8.7134e-07
8.76013e-07
8.80398e-07
8.84311e-07
8.87624e-07
8.90382e-07
8.92826e-07
8.95192e-07
8.97494e-07
8.99547e-07
9.01179e-07
9.02392e-07
9.03367e-07
9.04366e-07
9.05644e-07
9.0744e-07
9.10017e-07
9.13664e-07
9.18651e-07
9.25191e-07
9.33425e-07
9.43446e-07
9.55349e-07
9.69282e-07
9.85459e-07
1.00417e-06
1.02556e-06
1.04969e-06
1.07587e-06
1.10342e-06
1.13082e-06
1.15576e-06
1.17694e-06
1.19222e-06
1.20044e-06
1.20063e-06
1.19351e-06
1.18217e-06
1.16892e-06
1.15539e-06
1.14208e-06
1.12957e-06
1.11809e-06
1.10742e-06
1.09675e-06
1.08576e-06
1.07454e-06
1.06346e-06
1.05281e-06
1.04251e-06
1.03294e-06
1.02434e-06
1.016e-06
1.00822e-06
1.00121e-06
9.94135e-07
9.88656e-07
9.86068e-07
9.85347e-07
9.84431e-07
9.81799e-07
9.77279e-07
9.71915e-07
9.65573e-07
9.58726e-07
9.51194e-07
9.41595e-07
9.28097e-07
9.12499e-07
8.9423e-07
8.73669e-07
8.55907e-07
8.36406e-07
8.19423e-07
8.10057e-07
8.0924e-07
8.10051e-07
8.12115e-07
8.11915e-07
8.15528e-07
8.18008e-07
8.18321e-07
8.17126e-07
8.16e-07
8.14069e-07
8.08793e-07
8.02505e-07
7.96455e-07
7.91475e-07
7.88491e-07
1.08612e-06
1.08058e-06
1.07478e-06
1.06916e-06
1.06411e-06
1.0599e-06
1.05659e-06
1.05403e-06
1.05228e-06
1.05144e-06
1.05022e-06
1.04795e-06
1.04548e-06
1.04388e-06
1.04326e-06
1.04357e-06
1.04482e-06
1.04608e-06
1.04615e-06
1.0443e-06
1.04037e-06
1.03518e-06
1.0293e-06
1.02286e-06
1.01562e-06
1.00786e-06
1.00066e-06
9.93781e-07
9.88466e-07
9.83507e-07
9.78826e-07
9.74094e-07
9.69155e-07
9.63878e-07
9.58412e-07
9.52941e-07
9.47686e-07
9.42699e-07
9.38154e-07
9.34177e-07
9.30807e-07
9.28084e-07
9.26038e-07
9.24674e-07
9.23961e-07
9.23841e-07
9.24238e-07
9.25074e-07
9.26285e-07
9.27828e-07
9.29687e-07
9.31884e-07
9.34496e-07
9.37649e-07
9.41492e-07
9.46152e-07
9.51722e-07
9.58205e-07
9.65484e-07
9.7333e-07
9.81436e-07
9.89455e-07
9.97035e-07
1.00384e-06
1.0096e-06
1.01429e-06
1.01815e-06
1.02152e-06
1.02442e-06
1.0266e-06
1.0278e-06
1.02802e-06
1.02757e-06
1.02687e-06
1.02633e-06
1.0263e-06
1.02714e-06
1.02927e-06
1.03304e-06
1.03875e-06
1.04664e-06
1.05696e-06
1.06998e-06
1.08596e-06
1.10509e-06
1.12742e-06
1.15273e-06
1.18037e-06
1.20916e-06
1.23761e-06
1.2638e-06
1.28569e-06
1.30187e-06
1.31163e-06
1.31494e-06
1.31233e-06
1.30491e-06
1.29642e-06
1.28732e-06
1.27824e-06
1.26911e-06
1.26017e-06
1.25156e-06
1.24296e-06
1.23352e-06
1.22252e-06
1.20998e-06
1.1965e-06
1.18295e-06
1.16988e-06
1.15775e-06
1.14655e-06
1.13592e-06
1.12574e-06
1.11602e-06
1.107e-06
1.09939e-06
1.09385e-06
1.08982e-06
1.08557e-06
1.07951e-06
1.0718e-06
1.06349e-06
1.05449e-06
1.04522e-06
1.03535e-06
1.0225e-06
1.0055e-06
9.86456e-07
9.64164e-07
9.40172e-07
9.18525e-07
8.9411e-07
8.76389e-07
8.70697e-07
8.75718e-07
8.79553e-07
8.81946e-07
8.81149e-07
8.86887e-07
8.91827e-07
8.94089e-07
8.96605e-07
8.98454e-07
9.01787e-07
8.99471e-07
8.94848e-07
8.89961e-07
8.86617e-07
8.86213e-07
1.18362e-06
1.18249e-06
1.18271e-06
1.18468e-06
1.18866e-06
1.19463e-06
1.20244e-06
1.21144e-06
1.22122e-06
1.23187e-06
1.24173e-06
1.25007e-06
1.25802e-06
1.26671e-06
1.27606e-06
1.28616e-06
1.29703e-06
1.3068e-06
1.31268e-06
1.31283e-06
1.30758e-06
1.29865e-06
1.28705e-06
1.27376e-06
1.25896e-06
1.24326e-06
1.2287e-06
1.21442e-06
1.20298e-06
1.19135e-06
1.17977e-06
1.16714e-06
1.15349e-06
1.13868e-06
1.12298e-06
1.10686e-06
1.09098e-06
1.07548e-06
1.06071e-06
1.04692e-06
1.03422e-06
1.02272e-06
1.01247e-06
1.0035e-06
9.95776e-07
9.8919e-07
9.83616e-07
9.78927e-07
9.75034e-07
9.71896e-07
9.69516e-07
9.67952e-07
9.67329e-07
9.67826e-07
9.69646e-07
9.72976e-07
9.77944e-07
9.84572e-07
9.92727e-07
1.00211e-06
1.0123e-06
1.02279e-06
1.03312e-06
1.04287e-06
1.05171e-06
1.05948e-06
1.06624e-06
1.07208e-06
1.07686e-06
1.08022e-06
1.08186e-06
1.08187e-06
1.08072e-06
1.07906e-06
1.07741e-06
1.0762e-06
1.07595e-06
1.07723e-06
1.08051e-06
1.08613e-06
1.09442e-06
1.10575e-06
1.12049e-06
1.13886e-06
1.16084e-06
1.186e-06
1.21348e-06
1.24196e-06
1.26979e-06
1.29532e-06
1.31717e-06
1.33428e-06
1.34615e-06
1.35278e-06
1.35451e-06
1.35221e-06
1.34691e-06
1.34108e-06
1.33517e-06
1.32952e-06
1.32388e-06
1.31823e-06
1.31248e-06
1.30621e-06
1.29858e-06
1.28877e-06
1.27661e-06
1.26264e-06
1.24784e-06
1.23305e-06
1.21901e-06
1.2057e-06
1.19336e-06
1.18154e-06
1.17037e-06
1.16015e-06
1.14959e-06
1.13882e-06
1.1283e-06
1.11768e-06
1.10598e-06
1.0934e-06
1.08029e-06
1.06664e-06
1.05266e-06
1.0384e-06
1.02179e-06
1.00278e-06
9.8268e-07
9.60474e-07
9.37624e-07
9.14491e-07
8.88714e-07
8.72962e-07
8.70903e-07
8.79169e-07
8.82504e-07
8.81921e-07
8.78071e-07
8.81551e-07
8.85622e-07
8.88047e-07
8.92466e-07
8.94843e-07
9.01299e-07
9.01621e-07
8.98868e-07
8.95088e-07
8.93582e-07
8.95633e-07
3.0182e-07
3.02873e-07
3.03697e-07
3.04738e-07
3.0605e-07
3.07481e-07
3.08805e-07
3.0994e-07
3.10864e-07
3.11615e-07
3.12254e-07
3.1289e-07
3.13569e-07
3.14239e-07
3.14775e-07
3.15088e-07
3.15145e-07
3.14995e-07
3.14798e-07
3.14815e-07
3.15123e-07
3.15538e-07
3.15855e-07
3.16067e-07
3.16269e-07
3.16505e-07
3.16696e-07
3.16725e-07
3.16594e-07
3.16442e-07
3.16395e-07
3.16466e-07
3.16632e-07
3.16919e-07
3.1739e-07
3.18099e-07
3.19074e-07
3.20291e-07
3.21664e-07
3.23098e-07
3.24587e-07
3.2622e-07
3.28045e-07
3.2996e-07
3.31795e-07
3.33459e-07
3.35005e-07
3.36544e-07
3.37955e-07
3.39006e-07
3.396e-07
3.3995e-07
3.40193e-07
3.40273e-07
3.4011e-07
3.39785e-07
3.39405e-07
3.38921e-07
3.38282e-07
3.37611e-07
3.37093e-07
3.3667e-07
3.36193e-07
3.36686e-07
3.38296e-07
3.40614e-07
3.43086e-07
3.45733e-07
3.48209e-07
3.50364e-07
3.52143e-07
3.53423e-07
3.54287e-07
3.54989e-07
3.55679e-07
3.56291e-07
3.56813e-07
3.57482e-07
3.5847e-07
3.59624e-07
3.60863e-07
3.62188e-07
3.63695e-07
3.65418e-07
3.67284e-07
3.69295e-07
3.71373e-07
3.73486e-07
3.75798e-07
3.77868e-07
3.79634e-07
3.80589e-07
3.8114e-07
3.81069e-07
3.80875e-07
3.80788e-07
3.80871e-07
3.82061e-07
3.82381e-07
3.84717e-07
2.70831e-08
2.73267e-08
2.74225e-08
2.75241e-08
2.76508e-08
2.78054e-08
2.79812e-08
2.8174e-08
2.83797e-08
2.85926e-08
2.88036e-08
2.90025e-08
2.91817e-08
2.93408e-08
2.94867e-08
2.96293e-08
2.97765e-08
2.99294e-08
3.00828e-08
3.0229e-08
3.0363e-08
3.04832e-08
3.05883e-08
3.06782e-08
3.0758e-08
3.08338e-08
3.09014e-08
3.09494e-08
3.09876e-08
3.10521e-08
3.11614e-08
3.12992e-08
3.14432e-08
3.15832e-08
3.17181e-08
3.18489e-08
3.19787e-08
3.21098e-08
3.22443e-08
3.23872e-08
3.25518e-08
3.2752e-08
3.29768e-08
3.32054e-08
3.34251e-08
3.36328e-08
3.3842e-08
3.40584e-08
3.42532e-08
3.43919e-08
3.44933e-08
3.46281e-08
3.48089e-08
3.5001e-08
3.51937e-08
3.54098e-08
3.56443e-08
3.58866e-08
3.61217e-08
3.63542e-08
3.65924e-08
3.68489e-08
3.71312e-08
3.74491e-08
3.77909e-08
3.81412e-08
3.84959e-08
3.88763e-08
3.92693e-08
3.96567e-08
4.00238e-08
4.03512e-08
4.05981e-08
4.07891e-08
4.09979e-08
4.12231e-08
4.14322e-08
4.16206e-08
4.1817e-08
4.20238e-08
4.22438e-08
4.24696e-08
4.27079e-08
4.29282e-08
4.31478e-08
4.33491e-08
4.3541e-08
4.37248e-08
4.38865e-08
4.40268e-08
4.41373e-08
4.42424e-08
4.4311e-08
4.44029e-08
4.44139e-08
4.449e-08
4.44446e-08
4.46234e-08
4.46079e-08
4.49962e-08
5.33196e-08
5.37495e-08
5.40214e-08
5.43797e-08
5.48092e-08
5.52843e-08
5.57772e-08
5.62797e-08
5.6792e-08
5.73141e-08
5.78312e-08
5.83109e-08
5.87244e-08
5.90721e-08
5.93826e-08
5.96872e-08
6.00049e-08
6.03404e-08
6.06879e-08
6.10315e-08
6.13532e-08
6.16448e-08
6.19069e-08
6.21436e-08
6.23678e-08
6.25947e-08
6.28114e-08
6.29738e-08
6.30866e-08
6.32373e-08
6.34844e-08
6.37955e-08
6.4123e-08
6.4453e-08
6.47891e-08
6.51326e-08
6.54785e-08
6.58202e-08
6.61621e-08
6.65298e-08
6.69597e-08
6.74872e-08
6.80884e-08
6.87221e-08
6.93683e-08
7.00294e-08
7.0719e-08
7.14436e-08
7.21237e-08
7.26481e-08
7.30289e-08
7.34602e-08
7.40007e-08
7.45548e-08
7.50807e-08
7.56434e-08
7.62351e-08
7.68538e-08
7.74653e-08
7.80739e-08
7.86817e-08
7.9335e-08
8.00663e-08
8.09026e-08
8.17933e-08
8.27164e-08
8.36888e-08
8.47389e-08
8.58415e-08
8.69476e-08
8.8029e-08
8.90452e-08
8.98941e-08
9.05886e-08
9.12814e-08
9.19696e-08
9.2624e-08
9.32362e-08
9.38734e-08
9.45246e-08
9.52129e-08
9.58933e-08
9.65704e-08
9.72093e-08
9.78543e-08
9.85073e-08
9.91311e-08
9.97733e-08
1.00375e-07
1.00976e-07
1.01465e-07
1.01962e-07
1.02273e-07
1.02643e-07
1.02764e-07
1.03066e-07
1.02995e-07
1.03514e-07
1.0334e-07
1.04016e-07
7.83529e-08
7.89878e-08
7.95895e-08
8.02684e-08
8.09892e-08
8.17206e-08
8.24402e-08
8.31601e-08
8.39077e-08
8.47014e-08
8.55073e-08
8.6234e-08
8.68012e-08
8.72146e-08
8.75494e-08
8.78817e-08
8.82513e-08
8.8664e-08
8.91029e-08
8.95417e-08
8.99591e-08
9.03459e-08
9.07e-08
9.10241e-08
9.13411e-08
9.16829e-08
9.20163e-08
9.2229e-08
9.23087e-08
9.24313e-08
9.27239e-08
9.31169e-08
9.35238e-08
9.39384e-08
9.43804e-08
9.48619e-08
9.53715e-08
9.58861e-08
9.63881e-08
9.69063e-08
9.75073e-08
9.82744e-08
9.9185e-08
1.00173e-07
1.01211e-07
1.02324e-07
1.03558e-07
1.04954e-07
1.06358e-07
1.0747e-07
1.08231e-07
1.09074e-07
1.10177e-07
1.11291e-07
1.12324e-07
1.13426e-07
1.14582e-07
1.15832e-07
1.17118e-07
1.18435e-07
1.19748e-07
1.21138e-07
1.2262e-07
1.24234e-07
1.25914e-07
1.2763e-07
1.29407e-07
1.31302e-07
1.33294e-07
1.35343e-07
1.37403e-07
1.39427e-07
1.41205e-07
1.4277e-07
1.44304e-07
1.4572e-07
1.46952e-07
1.48075e-07
1.49251e-07
1.50464e-07
1.51775e-07
1.53063e-07
1.54289e-07
1.55458e-07
1.56609e-07
1.57815e-07
1.58972e-07
1.60184e-07
1.61258e-07
1.62449e-07
1.63465e-07
1.64596e-07
1.65301e-07
1.6615e-07
1.6649e-07
1.67289e-07
1.67328e-07
1.68587e-07
1.68452e-07
1.69881e-07
1.26858e-07
1.2754e-07
1.28201e-07
1.28891e-07
1.29577e-07
1.3022e-07
1.30807e-07
1.31394e-07
1.32056e-07
1.32836e-07
1.33668e-07
1.34373e-07
1.34805e-07
1.34977e-07
1.35014e-07
1.35045e-07
1.35141e-07
1.35321e-07
1.35566e-07
1.35838e-07
1.36109e-07
1.36361e-07
1.36578e-07
1.36762e-07
1.36957e-07
1.3723e-07
1.3753e-07
1.37621e-07
1.37378e-07
1.37087e-07
1.37048e-07
1.37227e-07
1.37451e-07
1.37726e-07
1.38078e-07
1.38548e-07
1.39108e-07
1.39728e-07
1.40364e-07
1.41022e-07
1.41784e-07
1.42784e-07
1.44022e-07
1.45409e-07
1.46886e-07
1.48484e-07
1.50314e-07
1.52526e-07
1.5491e-07
1.56806e-07
1.57902e-07
1.58944e-07
1.60466e-07
1.62069e-07
1.63537e-07
1.65152e-07
1.66882e-07
1.68833e-07
1.70907e-07
1.73113e-07
1.75378e-07
1.77791e-07
1.80341e-07
1.8307e-07
1.85903e-07
1.88852e-07
1.91923e-07
1.95207e-07
1.9863e-07
2.02208e-07
2.05843e-07
2.0957e-07
2.12994e-07
2.16278e-07
2.19298e-07
2.21771e-07
2.23772e-07
2.25633e-07
2.27651e-07
2.29759e-07
2.32057e-07
2.34295e-07
2.36431e-07
2.38596e-07
2.40753e-07
2.42937e-07
2.45034e-07
2.4721e-07
2.49093e-07
2.51243e-07
2.53361e-07
2.5576e-07
2.57178e-07
2.58885e-07
2.59596e-07
2.61693e-07
2.62217e-07
2.65389e-07
2.65445e-07
2.68463e-07
2.06073e-07
2.06645e-07
2.07282e-07
2.07994e-07
2.0873e-07
2.0939e-07
2.0994e-07
2.10472e-07
2.11051e-07
2.11716e-07
2.12378e-07
2.12804e-07
2.12833e-07
2.12514e-07
2.11988e-07
2.11423e-07
2.10926e-07
2.10593e-07
2.10421e-07
2.1034e-07
2.10295e-07
2.10251e-07
2.10147e-07
2.09999e-07
2.09885e-07
2.09943e-07
2.10116e-07
2.10073e-07
2.09352e-07
2.08258e-07
2.07268e-07
2.06813e-07
2.06466e-07
2.06288e-07
2.06163e-07
2.06286e-07
2.0655e-07
2.06956e-07
2.07424e-07
2.07961e-07
2.08658e-07
2.09698e-07
2.11085e-07
2.12716e-07
2.14485e-07
2.164e-07
2.18597e-07
2.21404e-07
2.24611e-07
2.27202e-07
2.28205e-07
2.28674e-07
2.29686e-07
2.31093e-07
2.32313e-07
2.33863e-07
2.35598e-07
2.37769e-07
2.40165e-07
2.4287e-07
2.45731e-07
2.48858e-07
2.52198e-07
2.55853e-07
2.59775e-07
2.64031e-07
2.68612e-07
2.73574e-07
2.78772e-07
2.84218e-07
2.89928e-07
2.96127e-07
3.02458e-07
3.08814e-07
3.14153e-07
3.1786e-07
3.20959e-07
3.2412e-07
3.27765e-07
3.31607e-07
3.35524e-07
3.39241e-07
3.42855e-07
3.46743e-07
3.5065e-07
3.54355e-07
3.57757e-07
3.61368e-07
3.64655e-07
3.68549e-07
3.72719e-07
3.77111e-07
3.79512e-07
3.82763e-07
3.84304e-07
3.89118e-07
3.91001e-07
3.97517e-07
3.98047e-07
4.0421e-07
3.13199e-07
3.13911e-07
3.15012e-07
3.16489e-07
3.18266e-07
3.20127e-07
3.21937e-07
3.2372e-07
3.25298e-07
3.26582e-07
3.27412e-07
3.27628e-07
3.27253e-07
3.26547e-07
3.2566e-07
3.24796e-07
3.24028e-07
3.23601e-07
3.23403e-07
3.23233e-07
3.23009e-07
3.22738e-07
3.22328e-07
3.2195e-07
3.21834e-07
3.22249e-07
3.23048e-07
3.24015e-07
3.24018e-07
3.23339e-07
3.21858e-07
3.21772e-07
3.21134e-07
3.20797e-07
3.19853e-07
3.19507e-07
3.19293e-07
3.19458e-07
3.19725e-07
3.20122e-07
3.20765e-07
3.21908e-07
3.23544e-07
3.25505e-07
3.27608e-07
3.29803e-07
3.32171e-07
3.3535e-07
3.39168e-07
3.4267e-07
3.43435e-07
3.4285e-07
3.42065e-07
3.42137e-07
3.41683e-07
3.4186e-07
3.42139e-07
3.43194e-07
3.44494e-07
3.46324e-07
3.48408e-07
3.51016e-07
3.54108e-07
3.57933e-07
3.62492e-07
3.67829e-07
3.73864e-07
3.80458e-07
3.87396e-07
3.94563e-07
4.02426e-07
4.11898e-07
4.23223e-07
4.34307e-07
4.42221e-07
4.46421e-07
4.50364e-07
4.55191e-07
4.61464e-07
4.68203e-07
4.74555e-07
4.80375e-07
4.86314e-07
4.93033e-07
4.99769e-07
5.05839e-07
5.11141e-07
5.1706e-07
5.23638e-07
5.31961e-07
5.40474e-07
5.47609e-07
5.51161e-07
5.57429e-07
5.61083e-07
5.71402e-07
5.75621e-07
5.87207e-07
5.87229e-07
5.98511e-07
4.41289e-07
4.41951e-07
4.4362e-07
4.46276e-07
4.49863e-07
4.54029e-07
4.58465e-07
4.62846e-07
4.66406e-07
4.68713e-07
4.69334e-07
4.68396e-07
4.66517e-07
4.64502e-07
4.62708e-07
4.61504e-07
4.60703e-07
4.60544e-07
4.60107e-07
4.58793e-07
4.56685e-07
4.54111e-07
4.51234e-07
4.48966e-07
4.48072e-07
4.4906e-07
4.51334e-07
4.55075e-07
4.5815e-07
4.61974e-07
4.63667e-07
4.70409e-07
4.71496e-07
4.72207e-07
4.68496e-07
4.66786e-07
4.65395e-07
4.65643e-07
4.66426e-07
4.67605e-07
4.69338e-07
4.7161e-07
4.7453e-07
4.77763e-07
4.81172e-07
4.84525e-07
4.87783e-07
4.92163e-07
4.9756e-07
5.04059e-07
5.06905e-07
5.08241e-07
5.078e-07
5.07717e-07
5.0529e-07
5.03268e-07
5.00639e-07
4.99024e-07
4.97285e-07
4.96274e-07
4.95544e-07
4.95841e-07
4.97228e-07
5.00252e-07
5.04914e-07
5.11157e-07
5.18606e-07
5.26718e-07
5.35e-07
5.43119e-07
5.52383e-07
5.65568e-07
5.83437e-07
5.99363e-07
6.07855e-07
6.09574e-07
6.11713e-07
6.16475e-07
6.24825e-07
6.34439e-07
6.43096e-07
6.50709e-07
6.59087e-07
6.69395e-07
6.79753e-07
6.88673e-07
6.95896e-07
7.04897e-07
7.17643e-07
7.34846e-07
7.49803e-07
7.59425e-07
7.63818e-07
7.74885e-07
7.83287e-07
8.03536e-07
8.11586e-07
8.29602e-07
8.27054e-07
8.45226e-07
6.11676e-07
6.12859e-07
6.15846e-07
6.20596e-07
6.27012e-07
6.34494e-07
6.42366e-07
6.49621e-07
6.5488e-07
6.57319e-07
6.56294e-07
6.52545e-07
6.47586e-07
6.42806e-07
6.38971e-07
6.36591e-07
6.35079e-07
6.34243e-07
6.31449e-07
6.25605e-07
6.17535e-07
6.08058e-07
5.98243e-07
5.90681e-07
5.86892e-07
5.87371e-07
5.90479e-07
5.96815e-07
6.03438e-07
6.15791e-07
6.27059e-07
6.55049e-07
6.59291e-07
6.58723e-07
6.39722e-07
6.27682e-07
6.17945e-07
6.14482e-07
6.13864e-07
6.14687e-07
6.17771e-07
6.20263e-07
6.23377e-07
6.26434e-07
6.30224e-07
6.34196e-07
6.38388e-07
6.44483e-07
6.52713e-07
6.65009e-07
6.74953e-07
6.86473e-07
6.96204e-07
7.02763e-07
7.02212e-07
6.99771e-07
6.9549e-07
6.91871e-07
6.87266e-07
6.83306e-07
6.79203e-07
6.76423e-07
6.75262e-07
6.76838e-07
6.81204e-07
6.88279e-07
6.97264e-07
7.07045e-07
7.1668e-07
7.25556e-07
7.36413e-07
7.54203e-07
7.78946e-07
7.97928e-07
8.04115e-07
7.99955e-07
7.96866e-07
7.98736e-07
8.07365e-07
8.18806e-07
8.28873e-07
8.37191e-07
8.47058e-07
8.60879e-07
8.74841e-07
8.86281e-07
8.94105e-07
9.0633e-07
9.27409e-07
9.57004e-07
9.77007e-07
9.86285e-07
9.89685e-07
1.00597e-06
1.02229e-06
1.05692e-06
1.07044e-06
1.0929e-06
1.08534e-06
1.11076e-06
7.89086e-07
7.92365e-07
7.98154e-07
8.06459e-07
8.17034e-07
8.28868e-07
8.40652e-07
8.50715e-07
8.57539e-07
8.6008e-07
8.58032e-07
8.52839e-07
8.46702e-07
8.41165e-07
8.3733e-07
8.3507e-07
8.33277e-07
8.31204e-07
8.25381e-07
8.14622e-07
8.01087e-07
7.85512e-07
7.70653e-07
7.61362e-07
7.5922e-07
7.63511e-07
7.71063e-07
7.8233e-07
7.95709e-07
8.21837e-07
8.55655e-07
9.24319e-07
9.3438e-07
9.24334e-07
8.62088e-07
8.18891e-07
7.8457e-07
7.66945e-07
7.58395e-07
7.53105e-07
7.55417e-07
7.50721e-07
7.45896e-07
7.39363e-07
7.35121e-07
7.32136e-07
7.31253e-07
7.33551e-07
7.4047e-07
7.55206e-07
7.73537e-07
8.02877e-07
8.34533e-07
8.53976e-07
8.58896e-07
8.57495e-07
8.54639e-07
8.51881e-07
8.48117e-07
8.44831e-07
8.40667e-07
8.37282e-07
8.35292e-07
8.36357e-07
8.40774e-07
8.48526e-07
8.58649e-07
8.69802e-07
8.81032e-07
8.91792e-07
9.0639e-07
9.29854e-07
9.59455e-07
9.7897e-07
9.81924e-07
9.72e-07
9.62996e-07
9.61094e-07
9.68634e-07
9.8103e-07
9.92001e-07
1.00044e-06
1.01084e-06
1.02766e-06
1.04505e-06
1.05871e-06
1.06581e-06
1.08058e-06
1.10937e-06
1.14844e-06
1.16742e-06
1.17099e-06
1.16972e-06
1.18883e-06
1.21386e-06
1.2647e-06
1.28328e-06
1.30297e-06
1.28767e-06
1.31744e-06
8.89054e-07
8.94609e-07
9.02829e-07
9.13774e-07
9.27141e-07
9.41672e-07
9.55624e-07
9.67086e-07
9.74976e-07
9.78152e-07
9.76907e-07
9.73126e-07
9.68996e-07
9.65792e-07
9.65162e-07
9.65351e-07
9.64736e-07
9.63122e-07
9.57983e-07
9.48105e-07
9.36654e-07
9.23276e-07
9.13028e-07
9.12414e-07
9.22139e-07
9.39423e-07
9.59641e-07
9.82777e-07
1.01237e-06
1.06083e-06
1.13499e-06
1.25045e-06
1.27828e-06
1.25316e-06
1.12926e-06
1.04316e-06
9.75753e-07
9.38733e-07
9.20665e-07
9.07094e-07
9.10996e-07
8.89352e-07
8.65789e-07
8.37084e-07
8.13116e-07
7.91957e-07
7.7606e-07
7.64417e-07
7.60667e-07
7.68065e-07
7.89837e-07
8.37139e-07
8.93745e-07
9.21154e-07
9.24348e-07
9.17422e-07
9.12851e-07
9.09585e-07
9.08272e-07
9.08057e-07
9.07382e-07
9.06835e-07
9.07143e-07
9.09776e-07
9.15354e-07
9.23777e-07
9.34367e-07
9.46448e-07
9.59924e-07
9.74938e-07
9.96464e-07
1.02604e-06
1.05728e-06
1.07588e-06
1.0784e-06
1.0675e-06
1.05641e-06
1.05261e-06
1.05858e-06
1.07087e-06
1.08241e-06
1.09094e-06
1.10116e-06
1.11968e-06
1.1401e-06
1.15676e-06
1.16464e-06
1.18187e-06
1.21438e-06
1.25307e-06
1.26363e-06
1.25726e-06
1.24794e-06
1.26548e-06
1.29559e-06
1.3601e-06
1.37848e-06
1.38654e-06
1.36075e-06
1.38749e-06
9.00053e-07
9.06591e-07
9.1545e-07
9.2649e-07
9.39387e-07
9.52846e-07
9.65306e-07
9.75322e-07
9.82358e-07
9.85153e-07
9.84538e-07
9.8266e-07
9.80762e-07
9.79538e-07
9.82017e-07
9.83609e-07
9.83356e-07
9.83944e-07
9.83455e-07
9.80169e-07
9.77014e-07
9.72265e-07
9.73472e-07
9.86682e-07
1.01075e-06
1.042e-06
1.07499e-06
1.11078e-06
1.15867e-06
1.22979e-06
1.33899e-06
1.47324e-06
1.52467e-06
1.48554e-06
1.32678e-06
1.22127e-06
1.13754e-06
1.0922e-06
1.07415e-06
1.06078e-06
1.07546e-06
1.03449e-06
9.8975e-07
9.37466e-07
8.92434e-07
8.51639e-07
8.18797e-07
7.90891e-07
7.73203e-07
7.70112e-07
7.92703e-07
8.51317e-07
9.27127e-07
9.56786e-07
9.46264e-07
9.22371e-07
9.05357e-07
8.93987e-07
8.89607e-07
8.87696e-07
8.87428e-07
8.87603e-07
8.888e-07
8.91644e-07
8.97072e-07
9.04858e-07
9.14884e-07
9.27423e-07
9.43455e-07
9.63793e-07
9.93305e-07
1.02806e-06
1.05977e-06
1.07836e-06
1.08534e-06
1.07946e-06
1.07309e-06
1.07089e-06
1.07616e-06
1.08738e-06
1.09901e-06
1.1076e-06
1.11708e-06
1.13567e-06
1.15843e-06
1.18043e-06
1.19393e-06
1.21576e-06
1.24689e-06
1.27685e-06
1.27568e-06
1.2609e-06
1.24354e-06
1.25689e-06
1.28764e-06
1.36074e-06
1.37228e-06
1.36526e-06
1.32865e-06
1.34511e-06
1.01931e-07
2.73405e-08
1.20471e-08
7.24488e-09
6.72026e-09
7.63069e-09
9.17623e-09
1.07557e-08
1.24832e-08
1.48909e-08
1.90216e-08
2.51823e-08
3.2633e-08
4.08865e-08
5.01628e-08
6.15076e-08
7.42193e-08
8.74706e-08
1.01201e-07
1.15989e-07
1.32954e-07
1.50226e-07
1.64949e-07
1.78225e-07
1.94775e-07
2.16426e-07
2.41855e-07
2.71798e-07
3.0668e-07
3.56791e-07
4.03122e-07
4.41379e-07
4.71959e-07
4.98786e-07
5.20236e-07
5.36167e-07
5.56184e-07
5.60576e-07
5.45347e-07
5.301e-07
5.19748e-07
5.16097e-07
5.1983e-07
5.23836e-07
5.31377e-07
5.40193e-07
5.52674e-07
5.65043e-07
5.8251e-07
6.01049e-07
1.10679e-07
3.11311e-08
1.69897e-08
1.18822e-08
1.13226e-08
1.19269e-08
1.25208e-08
1.26853e-08
1.31185e-08
1.45372e-08
1.79223e-08
2.34482e-08
3.00353e-08
3.73365e-08
4.56703e-08
5.62907e-08
6.82471e-08
8.09707e-08
9.46449e-08
1.09837e-07
1.26421e-07
1.4226e-07
1.56551e-07
1.68067e-07
1.83816e-07
2.05648e-07
2.31848e-07
2.62134e-07
2.99294e-07
3.48994e-07
3.88761e-07
4.23012e-07
4.48746e-07
4.69913e-07
4.83176e-07
4.86886e-07
4.90227e-07
4.88197e-07
4.81449e-07
4.71623e-07
4.65143e-07
4.68262e-07
4.78134e-07
4.87473e-07
4.98162e-07
5.07736e-07
5.20076e-07
5.32309e-07
5.50115e-07
5.70013e-07
1.18491e-07
4.12961e-08
3.28547e-08
2.68267e-08
2.66047e-08
2.69098e-08
2.52662e-08
2.1244e-08
1.80738e-08
1.71147e-08
1.89993e-08
2.35847e-08
2.89165e-08
3.49776e-08
4.2137e-08
5.17952e-08
6.28028e-08
7.49416e-08
8.87197e-08
1.05029e-07
1.22106e-07
1.37377e-07
1.51796e-07
1.62835e-07
1.78564e-07
2.01745e-07
2.2954e-07
2.60092e-07
2.98035e-07
3.43086e-07
3.73913e-07
4.0184e-07
4.22604e-07
4.376e-07
4.43961e-07
4.37752e-07
4.30257e-07
4.2889e-07
4.32748e-07
4.30949e-07
4.28481e-07
4.36511e-07
4.50645e-07
4.65395e-07
4.80068e-07
4.91318e-07
5.03679e-07
5.16528e-07
5.35252e-07
5.55922e-07
1.26647e-07
7.02139e-08
7.80717e-08
6.86042e-08
6.96602e-08
6.95572e-08
6.24864e-08
4.71077e-08
3.40717e-08
2.68129e-08
2.50804e-08
2.7784e-08
3.09847e-08
3.50185e-08
4.03285e-08
4.84492e-08
5.8055e-08
6.91737e-08
8.2691e-08
1.00053e-07
1.18151e-07
1.33982e-07
1.49201e-07
1.61178e-07
1.78131e-07
2.03986e-07
2.34447e-07
2.64828e-07
3.00713e-07
3.36514e-07
3.57262e-07
3.77689e-07
3.94109e-07
4.03943e-07
4.05749e-07
3.94297e-07
3.82556e-07
3.83574e-07
3.95343e-07
4.00982e-07
4.01713e-07
4.11799e-07
4.28664e-07
4.48679e-07
4.67558e-07
4.81849e-07
4.9546e-07
5.09059e-07
5.28584e-07
5.4999e-07
1.40272e-07
1.48555e-07
1.94799e-07
1.74192e-07
1.78794e-07
1.77754e-07
1.58187e-07
1.15278e-07
7.77444e-08
5.46327e-08
4.39596e-08
4.21914e-08
4.12046e-08
4.1247e-08
4.30134e-08
4.82058e-08
5.53369e-08
6.43885e-08
7.66072e-08
9.39517e-08
1.13012e-07
1.3031e-07
1.46932e-07
1.61276e-07
1.81355e-07
2.11368e-07
2.45802e-07
2.74859e-07
3.04613e-07
3.27369e-07
3.3804e-07
3.51363e-07
3.64259e-07
3.70715e-07
3.70763e-07
3.59479e-07
3.48823e-07
3.51068e-07
3.65801e-07
3.76185e-07
3.79043e-07
3.88316e-07
4.07541e-07
4.33153e-07
4.56584e-07
4.75833e-07
4.92179e-07
5.05969e-07
5.25161e-07
5.46535e-07
1.76497e-07
3.44131e-07
4.6875e-07
4.17401e-07
4.30367e-07
4.26638e-07
3.80595e-07
2.77902e-07
1.85853e-07
1.26546e-07
9.50731e-08
8.26786e-08
7.27977e-08
6.41376e-08
5.818e-08
5.69279e-08
5.8862e-08
6.34405e-08
7.20788e-08
8.71703e-08
1.06386e-07
1.25295e-07
1.434e-07
1.61318e-07
1.86808e-07
2.22543e-07
2.62266e-07
2.87826e-07
3.06867e-07
3.14643e-07
3.16208e-07
3.23894e-07
3.33793e-07
3.38344e-07
3.39239e-07
3.32515e-07
3.26434e-07
3.2909e-07
3.42658e-07
3.54069e-07
3.58096e-07
3.64389e-07
3.86361e-07
4.17941e-07
4.46608e-07
4.72557e-07
4.92223e-07
5.05137e-07
5.22336e-07
5.42031e-07
2.84927e-07
7.89326e-07
1.05184e-06
9.2701e-07
9.56637e-07
9.45574e-07
8.48841e-07
6.30257e-07
4.29962e-07
2.96804e-07
2.21454e-07
1.86012e-07
1.57475e-07
1.29673e-07
1.06299e-07
9.01745e-08
8.02678e-08
7.46718e-08
7.45073e-08
8.33748e-08
1.00882e-07
1.20256e-07
1.38751e-07
1.60496e-07
1.9303e-07
2.3559e-07
2.81207e-07
3.00038e-07
3.04577e-07
2.97795e-07
2.921e-07
2.96031e-07
3.03137e-07
3.06665e-07
3.1017e-07
3.10156e-07
3.10358e-07
3.14415e-07
3.2551e-07
3.34741e-07
3.3917e-07
3.41731e-07
3.6678e-07
4.03722e-07
4.38053e-07
4.71092e-07
4.93099e-07
5.03942e-07
5.17686e-07
5.33856e-07
5.88633e-07
1.70691e-06
2.16909e-06
1.89122e-06
1.94724e-06
1.91886e-06
1.7361e-06
1.31967e-06
9.29635e-07
6.63546e-07
5.05981e-07
4.26655e-07
3.61992e-07
2.94548e-07
2.33672e-07
1.84635e-07
1.48242e-07
1.19477e-07
9.85062e-08
9.34695e-08
1.05473e-07
1.22233e-07
1.37959e-07
1.61453e-07
2.00134e-07
2.48849e-07
2.98894e-07
3.0737e-07
2.95776e-07
2.76965e-07
2.66375e-07
2.68373e-07
2.7299e-07
2.76065e-07
2.82588e-07
2.89003e-07
2.9565e-07
3.03293e-07
3.13435e-07
3.19316e-07
3.23335e-07
3.23494e-07
3.51543e-07
3.91799e-07
4.30834e-07
4.69345e-07
4.91426e-07
4.99245e-07
5.08818e-07
5.20365e-07
1.34162e-06
3.40182e-06
4.07018e-06
3.51637e-06
3.60019e-06
3.53804e-06
3.22957e-06
2.52396e-06
1.84696e-06
1.37436e-06
1.08294e-06
9.32343e-07
8.06197e-07
6.65021e-07
5.30943e-07
4.15728e-07
3.24728e-07
2.46161e-07
1.78655e-07
1.43914e-07
1.42865e-07
1.50866e-07
1.57103e-07
1.75804e-07
2.1465e-07
2.64858e-07
3.13985e-07
3.09072e-07
2.82151e-07
2.54663e-07
2.41148e-07
2.42342e-07
2.45038e-07
2.4791e-07
2.5658e-07
2.67649e-07
2.79874e-07
2.9287e-07
3.0487e-07
3.08617e-07
3.10984e-07
3.12225e-07
3.43118e-07
3.83522e-07
4.24108e-07
4.64882e-07
4.84484e-07
4.88692e-07
4.94218e-07
5.01301e-07
2.95494e-06
6.15801e-06
6.87198e-06
5.89742e-06
5.98171e-06
5.86881e-06
5.41146e-06
4.36556e-06
3.33235e-06
2.59543e-06
2.12203e-06
1.87766e-06
1.66467e-06
1.40549e-06
1.1468e-06
9.14874e-07
7.24181e-07
5.48992e-07
3.86211e-07
2.91226e-07
2.63323e-07
2.51643e-07
2.35528e-07
2.35244e-07
2.60174e-07
3.00263e-07
3.37178e-07
3.15501e-07
2.74187e-07
2.39643e-07
2.23299e-07
2.23059e-07
2.23654e-07
2.25634e-07
2.34856e-07
2.48507e-07
2.65028e-07
2.83532e-07
2.99589e-07
3.0349e-07
3.02306e-07
3.09113e-07
3.43049e-07
3.79851e-07
4.17025e-07
4.56345e-07
4.71651e-07
4.72116e-07
4.74454e-07
4.78359e-07
5.86531e-06
9.96663e-06
1.02654e-05
8.78019e-06
8.7884e-06
8.62909e-06
8.053e-06
6.74019e-06
5.39203e-06
4.41002e-06
3.75002e-06
3.42008e-06
3.11768e-06
2.70641e-06
2.27119e-06
1.86572e-06
1.52001e-06
1.18164e-06
8.45832e-07
6.40078e-07
5.64129e-07
5.1614e-07
4.55642e-07
4.10055e-07
3.95431e-07
4.03592e-07
4.08398e-07
3.60653e-07
3.002e-07
2.54509e-07
2.31209e-07
2.25274e-07
2.20388e-07
2.18444e-07
2.25858e-07
2.40173e-07
2.59706e-07
2.82333e-07
3.02673e-07
3.07682e-07
3.00201e-07
3.15514e-07
3.52767e-07
3.82092e-07
4.10758e-07
4.45393e-07
4.55916e-07
4.53289e-07
4.54074e-07
4.56872e-07
1.00745e-05
1.40692e-05
1.31797e-05
1.12899e-05
1.11152e-05
1.09736e-05
1.04039e-05
9.10396e-06
7.68878e-06
6.63529e-06
5.88708e-06
5.54802e-06
5.21525e-06
4.67281e-06
4.04944e-06
3.44256e-06
2.90484e-06
2.33731e-06
1.73211e-06
1.34986e-06
1.20226e-06
1.09951e-06
9.63797e-07
8.30585e-07
7.36191e-07
6.78336e-07
6.19011e-07
5.20277e-07
4.21692e-07
3.49474e-07
3.07026e-07
2.84174e-07
2.6343e-07
2.49395e-07
2.50312e-07
2.62858e-07
2.84181e-07
3.09138e-07
3.31398e-07
3.34348e-07
3.15948e-07
3.37991e-07
3.77543e-07
3.96049e-07
4.12883e-07
4.40662e-07
4.47123e-07
4.43072e-07
4.44994e-07
4.49485e-07
1.43598e-05
1.65168e-05
1.37207e-05
1.18723e-05
1.1496e-05
1.15249e-05
1.11963e-05
1.03824e-05
9.38671e-06
8.62658e-06
8.03983e-06
7.86588e-06
7.66186e-06
7.1235e-06
6.40392e-06
5.65761e-06
4.96488e-06
4.15471e-06
3.20885e-06
2.59587e-06
2.36765e-06
2.20477e-06
1.96643e-06
1.69095e-06
1.46472e-06
1.29825e-06
1.12937e-06
9.3174e-07
7.54152e-07
6.22492e-07
5.35479e-07
4.72822e-07
4.13996e-07
3.7019e-07
3.54614e-07
3.60909e-07
3.82386e-07
4.08737e-07
4.27831e-07
4.18291e-07
3.79719e-07
3.99444e-07
4.36936e-07
4.42465e-07
4.46746e-07
4.66556e-07
4.69842e-07
4.66521e-07
4.73498e-07
4.83312e-07
1.57089e-05
1.43277e-05
9.8311e-06
8.8121e-06
8.52831e-06
8.94531e-06
9.16626e-06
9.27102e-06
9.25852e-06
9.26464e-06
9.21043e-06
9.45444e-06
9.63519e-06
9.38033e-06
8.81174e-06
8.13758e-06
7.46477e-06
6.52727e-06
5.27664e-06
4.4436e-06
4.17014e-06
3.98398e-06
3.65215e-06
3.19117e-06
2.78971e-06
2.48361e-06
2.15761e-06
1.79669e-06
1.47895e-06
1.23531e-06
1.06171e-06
9.21326e-07
7.86779e-07
6.82085e-07
6.31894e-07
6.23875e-07
6.42491e-07
6.70456e-07
6.78557e-07
6.3546e-07
5.58613e-07
5.58778e-07
5.84812e-07
5.76295e-07
5.69246e-07
5.80244e-07
5.79575e-07
5.78012e-07
5.94634e-07
6.13898e-07
1.00864e-05
4.73271e-06
9.30867e-07
1.53427e-06
1.99876e-06
3.01569e-06
4.19511e-06
5.24108e-06
6.19345e-06
7.38221e-06
8.18451e-06
9.04265e-06
9.87317e-06
1.02541e-05
1.02085e-05
9.96489e-06
9.64119e-06
8.87468e-06
7.55012e-06
6.63381e-06
6.42207e-06
6.3228e-06
5.99346e-06
5.36848e-06
4.80729e-06
4.38992e-06
3.89536e-06
3.32429e-06
2.80898e-06
2.39372e-06
2.08107e-06
1.81497e-06
1.55616e-06
1.34868e-06
1.2389e-06
1.20531e-06
1.21595e-06
1.24553e-06
1.23248e-06
1.12299e-06
9.77917e-07
9.34649e-07
9.35225e-07
9.12112e-07
8.95731e-07
8.96282e-07
8.87149e-07
8.84599e-07
9.14118e-07
9.46199e-07
8.26704e-08
1.23762e-08
9.40392e-08
2.45545e-07
2.81391e-07
2.8373e-07
5.88428e-07
1.13088e-06
1.87665e-07
2.52828e-06
4.44039e-06
5.67873e-06
7.22895e-06
8.49449e-06
9.27418e-06
9.82191e-06
1.02332e-05
1.00674e-05
9.1058e-06
8.38813e-06
8.40765e-06
8.57491e-06
8.46113e-06
7.82826e-06
7.25206e-06
6.87902e-06
6.30821e-06
5.56535e-06
4.8563e-06
4.24165e-06
3.75313e-06
3.32604e-06
2.90612e-06
2.56173e-06
2.37217e-06
2.30407e-06
2.30095e-06
2.32961e-06
2.28534e-06
2.07237e-06
1.82208e-06
1.71108e-06
1.67294e-06
1.63658e-06
1.61415e-06
1.60228e-06
1.57529e-06
1.56195e-06
1.60241e-06
1.6477e-06
7.02067e-12
1.43364e-10
1.7052e-09
2.80588e-09
1.94706e-09
1.15817e-09
3.18199e-10
5.30856e-11
2.5645e-11
1.62865e-08
6.53229e-07
1.14729e-06
1.32824e-06
3.76287e-06
5.33511e-06
6.57211e-06
7.99433e-06
8.78356e-06
8.65397e-06
8.47811e-06
8.89248e-06
9.49196e-06
9.86127e-06
9.53796e-06
9.25639e-06
9.24422e-06
8.85516e-06
8.14279e-06
7.38509e-06
6.63975e-06
6.00332e-06
5.4367e-06
4.87464e-06
4.40606e-06
4.14706e-06
4.05129e-06
4.03439e-06
4.05737e-06
3.97935e-06
3.64499e-06
3.26703e-06
3.07827e-06
3.00198e-06
2.96245e-06
2.94305e-06
2.92039e-06
2.86307e-06
2.82002e-06
2.85928e-06
2.91258e-06
1.8548e-16
1.20324e-16
4.42809e-17
2.53775e-17
1.4982e-17
1.5436e-17
1.58173e-16
1.55248e-15
7.62758e-14
1.78687e-12
1.3111e-12
2.00006e-12
1.71293e-09
2.09825e-07
8.64767e-07
3.06414e-07
2.53563e-06
4.46216e-06
5.31083e-06
5.75851e-06
6.64751e-06
7.70334e-06
8.69036e-06
9.02553e-06
9.40821e-06
1.01406e-05
1.03292e-05
1.00305e-05
9.55684e-06
8.90383e-06
8.26531e-06
7.68511e-06
7.1014e-06
6.61241e-06
6.356e-06
6.2734e-06
6.26179e-06
6.28082e-06
6.18757e-06
5.77028e-06
5.29612e-06
5.05812e-06
4.9774e-06
4.96588e-06
4.97233e-06
4.95153e-06
4.85558e-06
4.75834e-06
4.77156e-06
4.8209e-06
5.93804e-20
2.05274e-26
9.56747e-28
8.10657e-29
8.39162e-30
1.54118e-27
9.82886e-22
2.73507e-19
2.41271e-17
4.0352e-16
9.55076e-16
5.55104e-15
1.16747e-12
1.45206e-12
1.44475e-12
3.3873e-11
2.29153e-08
5.57744e-07
1.1492e-06
3.73034e-07
1.3127e-06
2.72669e-06
4.3067e-06
5.37968e-06
6.37883e-06
8.06922e-06
9.18378e-06
9.70213e-06
9.94378e-06
9.7497e-06
9.38435e-06
9.02708e-06
8.64075e-06
8.33142e-06
8.21819e-06
8.23178e-06
8.27752e-06
8.31857e-06
8.26237e-06
7.88246e-06
7.43213e-06
7.23409e-06
7.22898e-06
7.30568e-06
7.37983e-06
7.3913e-06
7.26576e-06
7.09881e-06
7.05617e-06
7.08661e-06
1.06055e-24
6.71427e-27
2.57538e-28
1.74773e-29
1.4966e-30
1.50795e-31
2.06871e-28
6.62851e-24
1.00074e-21
9.40384e-21
6.38602e-20
1.23405e-18
2.44157e-16
4.93163e-16
2.16461e-15
8.05488e-14
2.20426e-12
1.66139e-12
1.53181e-12
3.03006e-11
8.74652e-09
1.69551e-07
7.83035e-07
1.14033e-06
4.30084e-07
2.3755e-06
4.61908e-06
6.03478e-06
7.07688e-06
7.75819e-06
8.02163e-06
8.15652e-06
8.17263e-06
8.2414e-06
8.4214e-06
8.63391e-06
8.82159e-06
8.94745e-06
9.00737e-06
8.83614e-06
8.5989e-06
8.57969e-06
8.75751e-06
8.99512e-06
9.18883e-06
9.2794e-06
9.16471e-06
8.94778e-06
8.84016e-06
8.84744e-06
3.56613e-30
5.14902e-32
2.21653e-33
1.56054e-34
1.36197e-35
1.38998e-36
9.87571e-35
4.83406e-29
6.09871e-27
2.17498e-26
8.12556e-25
4.51253e-23
6.31717e-21
1.30417e-20
2.85704e-19
2.11515e-17
3.23041e-16
4.89471e-16
1.97553e-15
4.79754e-14
1.15372e-12
1.3218e-12
1.31569e-12
1.7381e-12
3.25866e-11
2.02699e-08
5.12193e-07
1.16856e-06
4.74281e-07
2.26746e-06
3.63568e-06
4.61678e-06
5.04854e-06
5.36446e-06
5.74573e-06
6.17342e-06
6.61054e-06
6.93096e-06
7.194e-06
7.36447e-06
7.50131e-06
7.77586e-06
8.19457e-06
8.61541e-06
8.95119e-06
9.16247e-06
9.13078e-06
8.9426e-06
8.81721e-06
8.8273e-06
1.58604e-34
3.6207e-36
1.73418e-37
1.27211e-38
1.13601e-39
1.17853e-40
1.35398e-41
2.96972e-33
4.53896e-32
4.32268e-32
6.60297e-30
6.07669e-28
2.16308e-26
5.82725e-26
8.30583e-24
9.37735e-22
4.1303e-21
8.28057e-21
1.95057e-19
7.14051e-18
4.50958e-17
4.17617e-17
2.67326e-16
2.5987e-15
7.89568e-14
2.86309e-12
2.3459e-12
2.65957e-12
2.09659e-10
3.87743e-08
5.84145e-07
2.03509e-06
2.88385e-06
2.50971e-06
1.54175e-06
4.90339e-07
8.85516e-07
1.60556e-06
2.29586e-06
2.98469e-06
3.67564e-06
4.36326e-06
5.02016e-06
5.53915e-06
5.91717e-06
6.20027e-06
6.29924e-06
6.2629e-06
6.22641e-06
6.29554e-06
8.63954e-170
9.49218e-170
1.34991e-169
3.266e-169
3.49038e-164
3.00503e-160
6.83911e-68
2.00834e-36
2.20054e-35
1.22585e-35
9.2881e-34
2.32971e-32
7.57442e-32
2.27191e-31
1.41173e-28
1.14171e-26
9.72901e-27
2.68058e-26
4.53264e-24
1.64793e-22
9.26694e-23
2.73359e-23
3.39793e-21
3.94134e-19
2.49029e-17
5.14995e-16
9.72719e-16
5.28329e-15
3.263e-13
2.36749e-12
2.55023e-12
2.42299e-12
2.16246e-12
1.94102e-12
9.61585e-12
3.31691e-09
5.52996e-08
2.35331e-07
5.10373e-07
8.98557e-07
1.50002e-06
2.30327e-06
3.19923e-06
3.95603e-06
4.37228e-06
4.60159e-06
4.70883e-06
4.8277e-06
4.93091e-06
5.11225e-06
4.5555e-170
5.69898e-170
8.19531e-170
2.00693e-169
2.46239e-164
1.93939e-162
3.99677e-89
1.13221e-39
1.01316e-38
4.15073e-39
8.12425e-37
2.60372e-35
3.03807e-35
6.27879e-35
1.10294e-32
2.23212e-31
6.02491e-32
9.42121e-32
7.28435e-29
1.24152e-27
1.98826e-28
2.71671e-29
8.37659e-27
1.42201e-23
1.42252e-21
8.76269e-21
3.02249e-20
9.12706e-19
6.94077e-17
1.31252e-16
8.23094e-17
1.53429e-16
4.42862e-16
1.07155e-15
2.8355e-15
5.41826e-14
3.23772e-13
6.1156e-13
1.00083e-12
1.48685e-12
2.04937e-12
2.56993e-12
2.96065e-12
3.32057e-12
3.79859e-12
9.93062e-12
1.41369e-10
1.84661e-09
1.11878e-08
3.85963e-08
2.54963e-170
3.55142e-170
5.13338e-170
1.27308e-169
1.774e-164
1.40139e-162
1.38186e-112
4.56512e-43
3.72456e-42
1.28002e-42
7.25079e-40
3.13949e-38
1.98292e-38
3.55359e-38
1.588e-35
1.4139e-34
3.47767e-35
3.42634e-35
6.75863e-33
2.52174e-32
4.17946e-33
5.78816e-34
3.01015e-32
3.24747e-28
2.52636e-26
2.8653e-26
1.89845e-25
3.34779e-23
1.99192e-21
4.92297e-22
7.69798e-23
2.04736e-22
3.61684e-21
3.10883e-20
1.30927e-19
1.23815e-18
8.38349e-19
1.2611e-19
3.20134e-20
4.23786e-19
3.92919e-18
1.72374e-17
4.13109e-17
6.6836e-17
7.94295e-17
7.6915e-17
6.51711e-17
5.4284e-17
5.04133e-17
5.36083e-17
1.51164e-170
2.28786e-170
3.3041e-170
8.31233e-170
1.30281e-164
1.03034e-162
7.36604e-144
1.15672e-46
9.83742e-46
3.08278e-46
6.13259e-43
3.76349e-41
1.59002e-41
2.20333e-41
2.50462e-38
1.7388e-37
3.69793e-38
2.19844e-38
9.4124e-36
2.16188e-35
3.44434e-36
4.66751e-37
1.07174e-35
2.24328e-32
6.87845e-31
1.94971e-31
1.06273e-30
6.66465e-28
1.32875e-26
1.84747e-27
2.32538e-28
7.58477e-29
6.35311e-27
2.36912e-25
1.27658e-24
2.28798e-24
2.60992e-25
2.85408e-26
3.17403e-27
4.43687e-28
8.27737e-26
2.09308e-24
1.14801e-23
2.43512e-23
2.47255e-23
1.44988e-23
5.53123e-24
1.52112e-24
3.74891e-25
8.72122e-26
9.46223e-171
1.51763e-170
2.17778e-170
5.57331e-170
9.73814e-165
7.69817e-163
1.60513e-151
1.5526e-50
1.68023e-49
5.09733e-50
4.73846e-46
4.32423e-44
1.42701e-44
1.43069e-44
4.03592e-41
2.27323e-40
4.57145e-41
1.79089e-41
1.4709e-38
2.26921e-38
3.60811e-39
4.90482e-40
5.00892e-39
3.91276e-35
3.64568e-34
9.7377e-35
2.18555e-34
3.14774e-32
1.29331e-31
1.8976e-32
2.46172e-33
5.59137e-34
1.98813e-32
1.86212e-30
9.66841e-30
2.45987e-30
2.72836e-31
2.9745e-32
3.28864e-33
3.69211e-34
9.78738e-34
3.66043e-32
5.1631e-31
1.6629e-30
1.62968e-30
6.9406e-31
1.62667e-31
3.19597e-32
5.92144e-33
1.04811e-33
6.22489e-171
1.0326e-170
1.46547e-170
3.82987e-170
7.39871e-165
5.8384e-163
2.74128e-152
8.16679e-55
1.62249e-53
5.03357e-54
3.26961e-49
4.66634e-47
1.33025e-47
9.58574e-48
6.4473e-44
3.03921e-43
5.97327e-44
1.73443e-44
2.41424e-41
2.69452e-41
4.29574e-42
5.87346e-43
2.67316e-42
7.71153e-38
5.64661e-37
1.2907e-37
1.77981e-37
4.83034e-35
7.066e-35
1.07367e-35
1.41569e-36
2.11261e-37
5.73527e-36
3.7388e-34
1.08244e-33
2.12765e-34
2.53245e-35
2.89201e-36
3.32715e-37
3.87367e-38
5.93841e-39
3.20251e-37
4.2147e-36
1.27877e-35
1.34194e-35
6.73575e-36
1.93391e-36
3.7144e-37
5.80568e-38
8.09611e-39
4.28093e-171
7.17913e-171
1.00415e-170
2.69294e-170
5.7068e-165
4.49016e-163
6.80537e-153
7.51219e-60
7.23046e-58
2.47224e-58
1.98658e-52
4.68036e-50
1.22353e-50
6.57551e-51
1.00707e-46
4.08664e-46
7.94481e-47
1.89291e-47
4.04786e-44
3.49871e-44
5.58696e-45
7.67789e-46
1.57063e-45
1.60737e-40
9.62133e-40
2.08452e-40
1.81399e-40
8.58029e-38
7.42638e-38
1.13416e-38
1.5196e-39
2.06103e-40
2.26129e-39
3.53953e-37
9.58045e-37
1.58269e-37
1.92009e-38
2.25796e-39
2.66787e-40
3.18189e-41
3.82755e-42
4.6643e-42
1.28033e-40
5.63888e-40
6.64851e-40
3.30351e-40
8.81423e-41
1.56245e-41
2.2707e-42
3.00413e-43
3.057e-171
5.08138e-171
6.99039e-171
1.93483e-170
4.46389e-165
3.49865e-163
1.8632e-153
2.65075e-73
9.64684e-63
4.31575e-63
1.0089e-55
4.15795e-53
1.03336e-53
4.39274e-54
1.46518e-49
5.25667e-49
1.01854e-49
2.14825e-50
6.56027e-47
4.67695e-47
7.49775e-48
1.0379e-48
9.9137e-49
3.31313e-43
1.67218e-42
3.58648e-43
2.1333e-43
1.58772e-40
9.50986e-41
1.46841e-41
2.00737e-42
2.72449e-43
1.03439e-42
3.83058e-40
9.72415e-40
1.55903e-40
1.92976e-41
2.31776e-42
2.79317e-43
3.39845e-44
4.17735e-45
5.78533e-46
4.7668e-45
3.18452e-44
4.4409e-44
2.33382e-44
6.25001e-45
1.1049e-45
1.61343e-46
2.17659e-47
6.15748e-07
6.40518e-07
6.56752e-07
6.98794e-07
7.84771e-07
8.73617e-07
8.98863e-07
8.85361e-07
9.03016e-07
9.4379e-07
9.92945e-07
1.03137e-06
1.14157e-06
1.07588e-06
1.01653e-06
9.50788e-07
8.9832e-07
8.56044e-07
8.28204e-07
8.1606e-07
8.21574e-07
8.41371e-07
8.70227e-07
9.01086e-07
9.29658e-07
9.56089e-07
9.86832e-07
1.02827e-06
1.0793e-06
1.13987e-06
1.20791e-06
1.27716e-06
1.34125e-06
1.39631e-06
1.44203e-06
1.47881e-06
1.50661e-06
1.52502e-06
1.53399e-06
1.53411e-06
1.52659e-06
1.51296e-06
1.49482e-06
1.47365e-06
1.45081e-06
1.4273e-06
1.40409e-06
1.38213e-06
1.3618e-06
1.3425e-06
5.85219e-07
6.0864e-07
6.27781e-07
6.59029e-07
7.06684e-07
7.61823e-07
7.89959e-07
8.11692e-07
8.60141e-07
9.23668e-07
9.76912e-07
1.03544e-06
1.15803e-06
1.10169e-06
1.04025e-06
9.7642e-07
9.22302e-07
8.77282e-07
8.47133e-07
8.3517e-07
8.42951e-07
8.66078e-07
8.98058e-07
9.31927e-07
9.64955e-07
9.99117e-07
1.04192e-06
1.0981e-06
1.16565e-06
1.24301e-06
1.32427e-06
1.40082e-06
1.46615e-06
1.51727e-06
1.55473e-06
1.58009e-06
1.59471e-06
1.5996e-06
1.59579e-06
1.58453e-06
1.56732e-06
1.54578e-06
1.52119e-06
1.49493e-06
1.47282e-06
1.44232e-06
1.41251e-06
1.44183e-06
1.56115e-06
1.3298e-06
5.72063e-07
5.92389e-07
6.10477e-07
6.34307e-07
6.6087e-07
6.88727e-07
7.08447e-07
7.40165e-07
7.95304e-07
8.65846e-07
9.17143e-07
9.86116e-07
1.08883e-06
1.05882e-06
1.00952e-06
9.62397e-07
9.19625e-07
8.8231e-07
8.57856e-07
8.51988e-07
8.65653e-07
8.9361e-07
9.28935e-07
9.66374e-07
1.00579e-06
1.05106e-06
1.10927e-06
1.18235e-06
1.26685e-06
1.35735e-06
1.44324e-06
1.51552e-06
1.57018e-06
1.60702e-06
1.62812e-06
1.6363e-06
1.63424e-06
1.62423e-06
1.60807e-06
1.58751e-06
1.56328e-06
1.543e-06
1.50992e-06
1.48433e-06
1.9297e-06
1.41043e-06
8.57006e-07
7.17425e-06
3.31394e-05
6.94665e-07
5.68084e-07
5.85775e-07
6.00011e-07
6.18956e-07
6.36434e-07
6.49642e-07
6.579e-07
6.81774e-07
7.26978e-07
7.90431e-07
8.37518e-07
9.01451e-07
9.66584e-07
9.64121e-07
9.39148e-07
9.17693e-07
8.9442e-07
8.71643e-07
8.58338e-07
8.61789e-07
8.82041e-07
9.13415e-07
9.50128e-07
9.90355e-07
1.03703e-06
1.09512e-06
1.16897e-06
1.25648e-06
1.35088e-06
1.44178e-06
1.5165e-06
1.56921e-06
1.60062e-06
1.61401e-06
1.61306e-06
1.60159e-06
1.58298e-06
1.5603e-06
1.53531e-06
1.51408e-06
1.46896e-06
1.69959e-06
1.1513e-06
1.1201e-06
1.92141e-05
3.43632e-07
4.2304e-08
1.14922e-08
6.27087e-09
4.49387e-09
5.66552e-07
5.82621e-07
5.92235e-07
6.07588e-07
6.21877e-07
6.28595e-07
6.28167e-07
6.40235e-07
6.71746e-07
7.22402e-07
7.64882e-07
8.15987e-07
8.5559e-07
8.68515e-07
8.66251e-07
8.66579e-07
8.61302e-07
8.5297e-07
8.51052e-07
8.62616e-07
8.86484e-07
9.17354e-07
9.52464e-07
9.94353e-07
1.04837e-06
1.11857e-06
1.20439e-06
1.29849e-06
1.38956e-06
1.46455e-06
1.5138e-06
1.53702e-06
1.53929e-06
1.5264e-06
1.50314e-06
1.47412e-06
1.44498e-06
1.41032e-06
1.41535e-06
1.26603e-06
5.42128e-07
5.58026e-06
1.55136e-07
2.16098e-08
8.39908e-09
5.29129e-09
4.02428e-09
3.2327e-09
2.67423e-09
2.26734e-09
5.62363e-07
5.77339e-07
5.83195e-07
5.95876e-07
6.09534e-07
6.14319e-07
6.09518e-07
6.1322e-07
6.34659e-07
6.74435e-07
7.13436e-07
7.56729e-07
7.91722e-07
8.10259e-07
8.19873e-07
8.30745e-07
8.35662e-07
8.36341e-07
8.41408e-07
8.5628e-07
8.78687e-07
9.05047e-07
9.36963e-07
9.80731e-07
1.04215e-06
1.12191e-06
1.21333e-06
1.30385e-06
1.37916e-06
1.42819e-06
1.44748e-06
1.44149e-06
1.41752e-06
1.38319e-06
1.34457e-06
1.3011e-06
1.54105e-06
9.73699e-07
3.26395e-06
8.91653e-08
1.41477e-08
7.90643e-09
5.66236e-09
4.28649e-09
3.34416e-09
2.67184e-09
2.20663e-09
1.86462e-09
1.60079e-09
1.39298e-09
5.5217e-07
5.66061e-07
5.69848e-07
5.80962e-07
5.9509e-07
6.00856e-07
5.95763e-07
5.95834e-07
6.11843e-07
6.44812e-07
6.82109e-07
7.24135e-07
7.61532e-07
7.84568e-07
8.00211e-07
8.14892e-07
8.23532e-07
8.27071e-07
8.3325e-07
8.45825e-07
8.62513e-07
8.83006e-07
9.13223e-07
9.61127e-07
1.03041e-06
1.11654e-06
1.20701e-06
1.2859e-06
1.33969e-06
1.36235e-06
1.35598e-06
1.32811e-06
1.28538e-06
1.25182e-06
1.44441e-06
8.62241e-07
1.46206e-05
1.56967e-07
2.64982e-08
1.132e-08
6.67628e-09
4.4398e-09
3.2287e-09
2.47194e-09
1.95265e-09
1.57773e-09
1.30185e-09
1.09245e-09
9.28873e-10
7.99012e-10
5.35129e-07
5.4787e-07
5.51274e-07
5.62011e-07
5.77152e-07
5.85474e-07
5.82879e-07
5.82929e-07
5.96859e-07
6.26152e-07
6.62981e-07
7.06095e-07
7.46301e-07
7.74603e-07
7.9543e-07
8.12741e-07
8.21881e-07
8.23809e-07
8.26356e-07
8.32792e-07
8.42677e-07
8.59859e-07
8.9297e-07
9.48981e-07
1.02727e-06
1.11745e-06
1.20269e-06
1.26668e-06
1.29978e-06
1.30116e-06
1.27636e-06
1.25308e-06
1.2662e-06
1.0191e-06
8.28754e-06
1.30466e-07
3.12806e-08
1.35102e-08
7.31049e-09
4.45451e-09
2.98023e-09
2.12623e-09
1.59086e-09
1.22938e-09
9.7108e-10
7.8015e-10
6.36459e-10
5.26007e-10
4.39458e-10
3.70764e-10
5.12602e-07
5.24445e-07
5.28647e-07
5.39922e-07
5.56279e-07
5.67484e-07
5.68619e-07
5.70731e-07
5.84553e-07
6.11869e-07
6.48503e-07
6.93223e-07
7.37105e-07
7.70925e-07
7.96877e-07
8.16721e-07
8.24286e-07
8.21748e-07
8.18047e-07
8.17767e-07
8.24131e-07
8.44658e-07
8.88355e-07
9.58902e-07
1.04991e-06
1.14546e-06
1.22644e-06
1.27871e-06
1.29754e-06
1.28702e-06
1.23303e-06
1.39766e-06
1.02137e-05
1.23175e-07
2.75858e-08
1.1547e-08
6.06574e-09
3.66639e-09
2.41116e-09
1.66506e-09
1.1931e-09
8.80917e-10
6.66538e-10
5.13377e-10
4.00463e-10
3.15641e-10
2.51187e-10
2.01604e-10
1.63057e-10
1.32872e-10
4.87527e-07
4.99151e-07
5.04813e-07
5.17088e-07
5.34473e-07
5.48015e-07
5.52961e-07
5.58012e-07
5.72679e-07
5.98673e-07
6.34684e-07
6.80779e-07
7.28737e-07
7.68431e-07
7.99963e-07
8.22033e-07
8.26581e-07
8.18492e-07
8.09049e-07
8.06314e-07
8.18189e-07
8.54313e-07
9.22118e-07
1.02021e-06
1.1355e-06
1.2473e-06
1.33536e-06
1.38767e-06
1.40475e-06
1.52572e-06
7.35167e-07
5.71565e-08
2.10927e-08
1.03655e-08
5.73797e-09
3.4702e-09
2.22264e-09
1.47464e-09
1.00347e-09
6.95532e-10
4.9014e-10
3.51153e-10
2.55315e-10
1.87716e-10
1.3919e-10
1.03993e-10
7.82926e-11
5.93883e-11
4.53912e-11
3.49721e-11
4.65645e-07
4.77924e-07
4.85212e-07
4.98411e-07
5.16174e-07
5.31056e-07
5.3929e-07
5.47439e-07
5.63417e-07
5.88371e-07
6.23182e-07
6.70157e-07
7.22335e-07
7.68909e-07
8.07399e-07
8.32255e-07
8.34492e-07
8.23189e-07
8.14255e-07
8.21166e-07
8.56838e-07
9.31437e-07
1.04971e-06
1.2035e-06
1.37215e-06
1.52914e-06
1.64504e-06
1.67429e-06
1.50382e-06
4.09954e-06
1.92512e-07
3.71366e-08
1.29931e-08
5.68814e-09
2.89148e-09
1.60645e-09
9.49904e-10
5.85095e-10
3.70525e-10
2.39439e-10
1.5726e-10
1.04869e-10
7.08965e-11
4.84781e-11
3.34801e-11
2.33519e-11
1.64601e-11
1.17313e-11
8.45858e-12
6.17366e-12
4.59487e-07
4.72922e-07
4.8102e-07
4.94237e-07
5.11237e-07
5.26191e-07
5.36887e-07
5.48145e-07
5.66329e-07
5.91166e-07
6.25018e-07
6.73605e-07
7.31753e-07
7.88516e-07
8.38112e-07
8.70095e-07
8.75959e-07
8.70619e-07
8.78832e-07
9.20137e-07
1.01372e-06
1.16931e-06
1.38764e-06
1.65133e-06
1.9283e-06
2.16553e-06
2.22297e-06
9.96103e-07
3.17151e-08
1.00057e-08
4.48504e-09
2.25629e-09
1.27664e-09
7.5777e-10
4.65414e-10
2.905e-10
1.83089e-10
1.15858e-10
7.33886e-11
4.65706e-11
2.96616e-11
1.90228e-11
1.23132e-11
8.05303e-12
5.32671e-12
3.5678e-12
2.4227e-12
1.66919e-12
1.16751e-12
8.2931e-13
4.95885e-07
5.09985e-07
5.16226e-07
5.27274e-07
5.41901e-07
5.55364e-07
5.6751e-07
5.8247e-07
6.05471e-07
6.33128e-07
6.68734e-07
7.23731e-07
7.94785e-07
8.70685e-07
9.4226e-07
9.93608e-07
1.0184e-06
1.0391e-06
1.09672e-06
1.21474e-06
1.42382e-06
1.73179e-06
2.12834e-06
2.576e-06
2.97304e-06
3.03889e-06
5.348e-06
1.30894e-07
1.98816e-08
6.15781e-09
2.48897e-09
1.153e-09
5.90111e-10
3.16561e-10
1.75319e-10
9.85983e-11
5.59997e-11
3.20328e-11
1.84442e-11
1.0717e-11
6.30162e-12
3.76168e-12
2.28436e-12
1.41242e-12
8.8952e-13
5.70824e-13
3.73351e-13
2.4889e-13
1.69086e-13
1.1703e-13
6.30009e-07
6.43013e-07
6.4211e-07
6.47185e-07
6.57495e-07
6.67557e-07
6.80065e-07
7.00624e-07
7.33968e-07
7.70813e-07
8.15894e-07
8.90285e-07
9.90612e-07
1.10439e-06
1.21947e-06
1.31283e-06
1.38357e-06
1.46139e-06
1.61753e-06
1.87053e-06
2.27536e-06
2.8282e-06
3.46084e-06
3.94184e-06
3.16958e-06
1.41641e-07
1.95173e-08
5.47511e-09
2.02371e-09
9.2777e-10
4.61702e-10
2.37421e-10
1.25227e-10
6.63308e-11
3.53121e-11
1.88513e-11
1.01222e-11
5.48274e-12
3.00327e-12
1.66924e-12
9.43907e-13
5.44339e-13
3.20566e-13
1.92852e-13
1.18514e-13
7.43888e-14
4.76828e-14
3.12029e-14
2.08368e-14
1.41927e-14
9.66322e-07
9.75496e-07
9.59308e-07
9.5293e-07
9.56918e-07
9.61551e-07
9.73507e-07
1.00297e-06
1.05494e-06
1.11098e-06
1.18036e-06
1.29792e-06
1.45442e-06
1.63505e-06
1.82316e-06
1.9859e-06
2.13469e-06
2.29912e-06
2.60669e-06
3.04437e-06
3.70956e-06
4.51118e-06
4.9091e-06
1.67895e-06
2.35973e-08
5.08704e-09
1.96865e-09
8.97251e-10
4.35695e-10
2.2013e-10
1.10909e-10
5.51873e-11
2.73913e-11
1.35384e-11
6.72504e-12
3.36887e-12
1.70947e-12
8.81197e-13
4.62268e-13
2.47311e-13
1.35149e-13
7.55463e-14
4.32257e-14
2.53165e-14
1.51733e-14
9.30321e-15
5.83315e-15
3.73847e-15
2.44783e-15
1.63651e-15
1.67201e-06
1.67477e-06
1.63325e-06
1.60851e-06
1.60438e-06
1.60217e-06
1.61302e-06
1.65432e-06
1.73215e-06
1.81711e-06
1.92957e-06
2.11808e-06
2.35791e-06
2.63212e-06
2.91206e-06
3.15299e-06
3.39199e-06
3.63486e-06
4.10439e-06
4.68233e-06
5.44867e-06
5.6603e-06
2.92479e-06
6.77636e-08
9.43076e-09
2.66914e-09
9.95635e-10
4.08493e-10
1.73317e-10
7.52049e-11
3.26214e-11
1.41502e-11
6.2164e-12
2.76825e-12
1.25804e-12
5.84081e-13
2.77501e-13
1.3501e-13
6.72781e-14
3.43655e-14
1.80046e-14
9.68102e-15
5.34325e-15
3.02626e-15
1.75796e-15
1.04686e-15
6.38705e-16
3.99006e-16
2.5506e-16
1.66719e-16
2.94189e-06
2.93807e-06
2.86277e-06
2.81247e-06
2.79876e-06
2.78992e-06
2.79888e-06
2.84979e-06
2.94948e-06
3.06029e-06
3.22234e-06
3.48697e-06
3.80886e-06
4.16676e-06
4.50636e-06
4.77089e-06
5.04223e-06
5.25066e-06
5.71772e-06
5.91514e-06
4.80109e-06
3.50317e-07
2.96212e-08
5.96387e-09
1.67121e-09
5.7472e-10
2.16431e-10
8.26735e-11
3.17098e-11
1.2341e-11
4.85123e-12
1.93552e-12
7.9193e-13
3.32088e-13
1.43247e-13
6.35148e-14
2.89535e-14
1.35658e-14
6.53062e-15
3.23098e-15
1.64317e-15
8.59236e-16
4.6195e-16
2.55242e-16
1.44856e-16
8.43887e-17
5.04326e-17
3.0897e-17
1.93901e-17
1.24557e-17
4.85804e-06
4.85326e-06
4.74507e-06
4.66575e-06
4.64226e-06
4.62976e-06
4.63465e-06
4.68167e-06
4.77058e-06
4.86703e-06
5.03976e-06
5.31795e-06
5.65455e-06
5.99433e-06
6.2542e-06
6.37221e-06
6.45571e-06
6.28283e-06
5.95797e-06
1.62727e-06
1.91995e-08
3.23023e-09
9.64725e-10
3.39791e-10
1.25719e-10
4.75401e-11
1.80757e-11
6.80027e-12
2.55923e-12
9.78219e-13
3.79729e-13
1.50198e-13
6.09696e-14
2.53724e-14
1.08522e-14
4.76724e-15
2.15125e-15
9.97081e-16
4.74613e-16
2.32095e-16
1.16639e-16
6.02568e-17
3.20003e-17
1.74648e-17
9.79132e-18
5.63576e-18
3.32844e-18
2.01569e-18
1.25081e-18
7.94734e-19
7.13802e-06
7.14787e-06
7.0288e-06
6.9299e-06
6.90186e-06
6.89414e-06
6.89378e-06
6.91246e-06
6.908e-06
6.87939e-06
6.93986e-06
7.06626e-06
7.26987e-06
7.33182e-06
7.19488e-06
6.85447e-06
6.03265e-06
4.19072e-06
1.82627e-06
4.96452e-08
6.05091e-09
1.37612e-09
3.85326e-10
1.15261e-10
3.537e-11
1.11823e-11
3.6458e-12
1.21248e-12
4.13244e-13
1.45441e-13
5.26591e-14
1.96093e-14
7.53996e-15
2.98698e-15
1.22067e-15
5.13963e-16
2.22904e-16
9.95365e-17
4.57511e-17
2.16486e-17
1.05467e-17
5.29073e-18
2.73255e-18
1.4525e-18
7.94211e-19
4.46441e-19
2.57818e-19
1.52852e-19
9.2961e-20
5.79498e-20
8.92534e-06
8.98057e-06
8.90411e-06
8.82045e-06
8.80493e-06
8.81838e-06
8.81828e-06
8.77933e-06
8.53264e-06
8.17307e-06
7.88573e-06
7.61219e-06
7.47078e-06
6.67516e-06
5.74804e-06
4.12394e-06
9.99729e-07
2.64422e-08
4.07025e-09
1.0241e-09
2.91785e-10
8.94738e-11
2.77913e-11
8.5785e-12
2.66827e-12
8.48996e-13
2.77873e-13
9.27413e-14
3.16535e-14
1.1112e-14
4.00025e-15
1.4768e-15
5.61168e-16
2.19173e-16
8.81179e-17
3.64458e-17
1.55099e-17
6.79116e-18
3.05975e-18
1.41899e-18
6.77565e-19
3.3319e-19
1.68731e-19
8.79722e-20
4.72019e-20
2.60498e-20
1.47779e-20
8.6116e-21
5.15098e-21
3.15998e-21
8.95171e-06
9.1001e-06
9.14426e-06
9.13345e-06
9.14493e-06
9.1742e-06
9.15318e-06
8.97328e-06
8.29973e-06
7.25493e-06
6.31051e-06
5.47304e-06
4.60804e-06
1.05124e-06
2.29519e-06
1.88196e-07
2.03123e-08
3.91425e-09
9.4493e-10
2.35234e-10
5.8978e-11
1.53976e-11
4.16441e-12
1.15345e-12
3.28564e-13
9.68428e-14
2.95845e-14
9.27735e-15
2.98878e-15
9.93055e-16
3.39312e-16
1.19194e-16
4.31738e-17
1.61043e-17
6.19388e-18
2.45494e-18
1.00286e-18
4.22246e-19
1.83254e-19
8.20014e-20
3.78413e-20
1.80114e-20
8.84149e-21
4.47478e-21
2.3339e-21
1.25375e-21
6.93206e-22
3.94203e-22
2.30374e-22
1.38239e-22
6.48363e-06
6.76055e-06
6.98293e-06
7.08768e-06
7.06371e-06
6.95708e-06
6.73497e-06
6.06791e-06
4.66943e-06
1.4932e-06
1.88504e-06
1.74985e-06
1.81989e-06
1.53133e-07
2.82461e-08
7.74682e-09
1.80103e-09
3.91479e-10
8.61172e-11
1.919e-11
4.42019e-12
1.07526e-12
2.74082e-13
7.20426e-14
1.954e-14
5.48993e-15
1.59948e-15
4.79054e-16
1.47571e-16
4.69059e-17
1.5348e-17
5.16893e-18
1.7964e-18
6.43607e-19
2.37993e-19
9.07944e-20
3.5744e-20
1.45222e-20
6.08994e-21
2.63669e-21
1.17885e-21
5.44315e-22
2.59528e-22
1.27739e-22
6.48717e-23
3.39719e-23
1.83322e-23
1.0186e-23
5.82267e-24
3.42123e-24
5.40893e-06
5.82568e-06
6.22843e-06
6.44517e-06
6.24922e-06
5.83869e-06
5.41509e-06
4.55942e-06
3.00099e-06
3.29157e-07
7.29287e-08
2.80493e-08
1.44385e-08
3.8789e-09
8.4662e-10
1.7303e-10
3.32822e-11
6.45374e-12
1.33048e-12
2.87116e-13
6.48453e-14
1.54189e-14
3.83139e-15
9.80954e-16
2.58896e-16
7.06607e-17
1.99674e-17
5.7993e-18
1.7322e-18
5.33597e-19
1.6923e-19
5.52582e-20
1.86207e-20
6.47095e-21
2.32173e-21
8.59882e-22
3.28848e-22
1.29886e-22
5.29959e-23
2.23441e-23
9.7367e-24
4.38558e-24
2.04153e-24
9.81889e-25
4.87683e-25
2.49988e-25
1.3216e-25
7.20014e-26
4.03895e-26
2.3307e-26
1.00005e-07
1.73436e-07
2.34289e-07
2.66169e-07
2.65934e-07
2.37592e-07
1.93031e-07
1.38652e-07
5.8151e-08
1.09393e-08
1.84729e-09
3.12793e-10
5.67193e-11
9.75308e-12
1.66071e-12
2.93978e-13
5.44181e-14
1.05616e-14
2.18342e-15
4.70849e-16
1.05685e-16
2.48235e-17
6.06857e-18
1.52556e-18
3.94647e-19
1.05363e-19
2.90734e-20
8.24145e-21
2.40178e-21
7.21414e-22
2.2307e-22
7.10206e-23
2.33324e-23
7.90624e-24
2.76642e-24
9.99522e-25
3.73068e-25
1.43891e-25
5.73667e-26
2.36491e-26
1.00831e-26
4.44663e-27
2.02806e-27
9.56333e-28
4.66028e-28
2.34546e-28
1.2183e-28
6.52592e-29
3.60179e-29
2.04635e-29
6.74183e-17
9.10938e-17
1.18888e-16
1.43442e-16
1.55849e-16
1.46435e-16
1.15225e-16
6.68263e-17
1.87953e-17
2.84276e-18
4.09723e-19
6.09642e-20
9.69024e-21
1.62414e-21
2.83212e-22
5.16659e-23
9.8709e-24
1.96202e-24
4.10827e-25
8.91109e-26
2.00041e-26
4.67239e-27
1.13085e-27
2.80702e-28
7.15438e-29
1.87765e-29
5.08301e-30
1.41238e-30
4.03198e-31
1.18534e-31
3.58598e-32
1.11681e-32
3.588e-33
1.18888e-33
4.06777e-34
1.43738e-34
5.2485e-35
1.98116e-35
7.73386e-36
3.12343e-36
1.30537e-36
5.64605e-37
2.52711e-37
1.17016e-37
5.6029e-38
2.77249e-38
1.41681e-38
7.47127e-39
4.062e-39
2.2748e-39
8.52928e-27
7.89711e-28
7.84348e-29
8.38107e-30
9.63959e-31
1.19298e-31
1.58665e-32
2.25131e-33
3.34927e-34
5.12831e-35
8.15831e-36
1.34441e-36
2.32844e-37
4.28134e-38
8.18226e-39
1.62307e-39
3.34055e-40
7.07389e-41
1.55962e-41
3.52617e-42
8.17738e-43
1.95635e-43
4.81394e-44
1.20784e-44
3.09638e-45
8.13575e-46
2.19594e-46
6.06547e-47
1.71689e-47
4.99256e-48
1.49122e-48
4.57832e-49
1.44792e-49
4.71762e-50
1.58572e-50
5.50102e-51
1.9711e-51
7.29917e-52
2.79498e-52
1.10721e-52
4.53918e-53
1.92614e-53
8.45949e-54
3.84454e-54
1.80723e-54
8.78234e-55
4.40907e-55
2.28501e-55
1.22143e-55
6.72799e-56
1.0962e-34
1.06784e-35
1.08887e-36
1.1757e-37
1.34706e-38
1.63997e-39
2.12424e-40
2.92088e-41
4.24997e-42
6.52206e-43
1.04727e-43
1.74427e-44
3.03731e-45
5.61583e-46
1.08135e-46
2.16091e-47
4.47319e-48
9.50514e-49
2.09543e-49
4.72559e-50
1.09073e-50
2.59003e-51
6.31165e-52
1.56641e-52
3.96745e-53
1.02854e-53
2.73559e-54
7.44107e-55
2.07313e-55
5.92972e-56
1.74147e-56
5.25575e-57
1.63339e-57
5.22901e-58
1.72679e-58
5.8857e-59
2.07242e-59
7.5435e-60
2.84025e-60
1.10678e-60
4.46525e-61
1.86549e-61
8.07039e-62
3.61459e-62
1.67539e-62
8.03223e-63
3.98043e-63
2.03746e-63
1.07687e-63
5.8941e-64
8.22506e-40
8.41011e-41
9.00471e-42
1.0136e-42
1.20139e-43
1.50208e-44
1.98478e-45
2.76933e-46
4.08127e-47
6.36742e-48
1.04062e-48
1.7625e-49
3.10625e-50
5.78588e-51
1.11971e-51
2.24362e-52
4.64361e-53
9.83874e-54
2.15534e-54
4.81925e-55
1.10074e-55
2.58031e-56
6.19557e-57
1.51354e-57
3.77015e-58
9.60167e-59
2.50607e-59
6.68649e-60
1.82661e-60
5.12025e-61
1.47335e-61
4.35602e-62
1.32594e-62
4.15736e-63
1.34465e-63
4.48954e-64
1.5489e-64
5.52594e-65
2.04011e-65
7.79855e-66
3.08791e-66
1.26677e-66
5.38412e-67
2.37046e-67
1.08074e-67
5.18248e-68
4.63869e-68
2.34586e-67
1.40632e-66
6.39206e-66
3.15132e-44
3.4111e-45
3.86056e-46
4.57622e-47
5.68909e-48
7.43044e-49
1.02138e-49
1.4769e-50
2.24886e-51
3.62217e-52
6.10898e-53
1.06657e-53
1.93064e-54
3.67563e-55
7.24383e-56
1.47313e-56
3.08314e-57
6.58319e-58
1.44787e-58
3.24096e-59
7.39289e-60
1.72618e-60
4.11984e-61
9.99289e-62
2.46945e-62
6.23459e-63
1.61244e-63
4.26456e-64
1.15569e-64
3.21703e-65
9.20796e-66
2.71394e-66
8.25731e-67
2.59643e-67
8.45472e-68
2.85491e-68
1.00123e-68
3.65155e-69
1.38645e-69
5.48506e-70
2.26223e-70
9.72848e-71
4.36132e-71
2.04165e-71
2.28129e-71
1.55575e-69
4.05973e-68
4.2031e-67
2.64552e-66
1.20326e-65
2.38689e-48
2.72072e-49
3.24586e-50
4.05983e-51
5.337e-52
7.40078e-53
1.08713e-53
1.6968e-54
2.82855e-55
5.08454e-56
9.79842e-57
2.00557e-57
4.36146e-58
1.01856e-58
2.50679e-59
6.45628e-60
1.72799e-60
4.74977e-61
1.34802e-61
3.89891e-62
1.14883e-62
3.45634e-63
1.05953e-63
3.29203e-64
1.03869e-64
3.33447e-65
1.09139e-65
3.63685e-66
1.2358e-66
4.28983e-67
1.5224e-67
5.52908e-68
2.05863e-68
7.86335e-69
3.08566e-69
1.24497e-69
5.16982e-70
2.21121e-70
9.74796e-71
4.4314e-71
2.07804e-71
1.0053e-71
5.01737e-72
2.65963e-72
2.41456e-71
2.8304e-69
7.55007e-68
7.83781e-67
4.92454e-66
2.23174e-65
1.32462e-06
1.30671e-06
1.28854e-06
1.27017e-06
1.25128e-06
1.54593e-06
1.6826e-06
9.21959e-06
0.000109247
0.000487222
0.000433362
2.21663e-05
2.53957e-06
3.70107e-07
8.37854e-08
3.69883e-08
4.65169e-08
1.01111e-07
2.05642e-07
2.90393e-07
3.0006e-07
3.11628e-07
3.30414e-07
3.49127e-07
3.74356e-07
4.20621e-07
5.78782e-07
6.21599e-06
0.000166068
0.000436761
0.000379011
0.000271666
0.000105204
3.26089e-05
1.19923e-05
3.83474e-06
1.08593e-06
1.10153e-06
1.11676e-06
1.13181e-06
1.14649e-06
1.16032e-06
1.17267e-06
1.1829e-06
1.19053e-06
1.19563e-06
1.19896e-06
1.20163e-06
1.20488e-06
1.20978e-06
1.1462e-06
1.23975e-06
1.93825e-05
9.04559e-05
1.15494e-06
1.65306e-07
4.47534e-08
1.35038e-08
6.61161e-09
4.60411e-09
3.6491e-09
3.05129e-09
2.67305e-09
2.39113e-09
2.16655e-09
1.97056e-09
1.81394e-09
1.70391e-09
1.63336e-09
1.59394e-09
1.58056e-09
1.59079e-09
1.77765e-09
5.74623e-09
1.3873e-08
2.61431e-08
4.96e-08
4.45531e-07
8.96468e-06
2.02188e-05
2.62078e-05
2.53189e-05
2.55219e-05
2.77803e-05
3.29708e-05
6.9382e-05
0.00014711
0.000170884
9.28617e-05
2.25625e-05
6.49747e-06
1.53882e-06
1.15747e-06
1.16727e-06
1.17595e-06
1.18421e-06
1.19299e-06
1.20337e-06
1.21649e-06
1.23329e-06
9.28564e-08
2.20233e-08
8.07562e-09
4.89571e-09
3.63651e-09
2.99455e-09
2.55384e-09
2.22024e-09
1.94587e-09
1.72566e-09
1.54794e-09
1.40175e-09
1.28459e-09
1.18789e-09
1.10646e-09
1.03589e-09
9.76719e-10
9.30726e-10
8.97262e-10
8.74757e-10
8.61994e-10
8.58237e-10
8.67809e-10
9.99951e-10
1.59114e-09
3.1109e-09
6.80873e-09
5.28972e-08
9.51154e-07
2.58401e-06
4.08208e-06
5.05433e-06
6.02627e-06
7.0291e-06
8.16156e-06
1.03042e-05
1.21623e-05
1.26507e-05
1.32689e-05
1.39593e-05
1.49852e-05
4.00717e-05
8.02367e-05
0.000101757
2.63536e-05
5.67274e-06
2.17057e-06
1.2212e-06
1.24447e-06
1.27321e-06
3.61993e-09
3.0041e-09
2.53753e-09
2.16308e-09
1.86781e-09
1.6415e-09
1.46102e-09
1.3125e-09
1.18543e-09
1.07687e-09
9.83362e-10
9.02276e-10
8.32647e-10
7.72302e-10
7.19639e-10
6.73319e-10
6.33562e-10
6.01245e-10
5.76387e-10
5.58513e-10
5.47191e-10
5.4226e-10
5.4635e-10
5.62462e-10
6.23664e-10
8.28052e-10
1.45975e-09
8.3735e-09
1.37554e-07
4.43896e-07
8.6811e-07
1.34149e-06
1.84153e-06
2.35615e-06
2.9017e-06
3.56964e-06
4.2476e-06
4.71384e-06
5.33221e-06
5.92387e-06
6.46277e-06
7.32955e-06
7.50339e-06
7.68758e-06
7.90067e-06
8.18257e-06
1.97037e-05
5.36889e-05
7.62222e-05
1.87849e-05
1.96601e-09
1.72044e-09
1.51556e-09
1.34005e-09
1.1898e-09
1.06184e-09
9.51838e-10
8.56249e-10
7.7185e-10
6.975e-10
6.31867e-10
5.73941e-10
5.23289e-10
4.78875e-10
4.39889e-10
4.05687e-10
3.76276e-10
3.51897e-10
3.32469e-10
3.17733e-10
3.07466e-10
3.01641e-10
3.00932e-10
3.10226e-10
3.31081e-10
3.77864e-10
5.08784e-10
1.69891e-09
2.31739e-08
8.73424e-08
2.02939e-07
3.74958e-07
5.95969e-07
8.53704e-07
1.1442e-06
1.47743e-06
1.83091e-06
2.18554e-06
2.58533e-06
2.98757e-06
3.37975e-06
3.7602e-06
4.04702e-06
4.2522e-06
4.53263e-06
4.78285e-06
5.3188e-06
5.43679e-06
5.56472e-06
5.71446e-06
1.22376e-09
1.07674e-09
9.4838e-10
8.35456e-10
7.36483e-10
6.50252e-10
5.7499e-10
5.09021e-10
4.50817e-10
3.99596e-10
3.54513e-10
3.14914e-10
2.80377e-10
2.50251e-10
2.24013e-10
2.0124e-10
1.81762e-10
1.65481e-10
1.52195e-10
1.4166e-10
1.33675e-10
1.28145e-10
1.25253e-10
1.29535e-10
1.42356e-10
1.65358e-10
2.09684e-10
4.49479e-10
4.3843e-09
1.88417e-08
5.08937e-08
1.08526e-07
1.95837e-07
3.12816e-07
4.58543e-07
6.3396e-07
8.31105e-07
1.04967e-06
1.30155e-06
1.57063e-06
1.84938e-06
2.1235e-06
2.37733e-06
2.61801e-06
2.86315e-06
3.09484e-06
3.32975e-06
3.5147e-06
3.64571e-06
3.8249e-06
6.9244e-10
5.9968e-10
5.18845e-10
4.48259e-10
3.86795e-10
3.33495e-10
2.8727e-10
2.47144e-10
2.12266e-10
1.8206e-10
1.55957e-10
1.33482e-10
1.14244e-10
9.78166e-11
8.38323e-11
7.1981e-11
6.20349e-11
5.37922e-11
4.7038e-11
4.15643e-11
3.7192e-11
3.37828e-11
3.12629e-11
2.96758e-11
3.35209e-11
4.49586e-11
6.56793e-11
1.27407e-10
8.9789e-10
4.29191e-09
1.3322e-08
3.22916e-08
6.53334e-08
1.15327e-07
1.84031e-07
2.72841e-07
3.80155e-07
5.07267e-07
6.59778e-07
8.32402e-07
1.02057e-06
1.21575e-06
1.41083e-06
1.60983e-06
1.81309e-06
2.01463e-06
2.2108e-06
2.39286e-06
2.56303e-06
2.73505e-06
3.14454e-10
2.65665e-10
2.23504e-10
1.87176e-10
1.56045e-10
1.29535e-10
1.07052e-10
8.806e-11
7.20815e-11
5.8728e-11
4.76388e-11
3.84941e-11
3.10117e-11
2.49259e-11
2.00057e-11
1.60525e-11
1.29009e-11
1.0408e-11
8.44715e-12
6.91046e-12
5.70937e-12
4.77343e-12
4.04896e-12
3.49721e-12
3.1028e-12
3.81879e-12
8.90059e-12
2.52093e-11
1.76516e-10
9.69124e-10
3.49339e-09
9.64559e-09
2.18471e-08
4.25183e-08
7.37534e-08
1.17316e-07
1.7385e-07
2.44791e-07
3.33379e-07
4.39066e-07
5.60405e-07
6.9356e-07
8.34566e-07
9.84435e-07
1.14169e-06
1.30328e-06
1.46567e-06
1.62514e-06
1.78333e-06
1.94183e-06
1.08572e-10
8.8021e-11
7.07815e-11
5.64468e-11
4.46491e-11
3.50421e-11
2.72947e-11
2.11054e-11
1.62063e-11
1.23669e-11
9.3863e-12
7.0933e-12
5.34436e-12
4.01952e-12
3.02184e-12
2.27429e-12
1.71682e-12
1.30264e-12
9.95412e-13
7.67428e-13
5.97928e-13
4.71565e-13
3.77149e-13
3.06556e-13
2.54318e-13
2.17446e-13
1.93628e-13
1.02085e-12
2.03163e-11
1.73125e-10
8.14596e-10
2.70653e-09
7.04838e-09
1.53193e-08
2.90864e-08
4.98902e-08
7.88839e-08
1.17405e-07
1.6756e-07
2.30259e-07
3.0565e-07
3.92574e-07
4.89287e-07
5.96072e-07
7.12033e-07
8.3541e-07
9.63812e-07
1.09478e-06
1.22851e-06
1.36456e-06
2.70172e-11
2.06663e-11
1.56563e-11
1.17515e-11
8.7455e-12
6.45871e-12
4.73765e-12
3.45489e-12
2.50706e-12
1.81235e-12
1.3067e-12
9.40817e-13
6.77368e-13
4.88296e-13
3.52896e-13
2.56046e-13
1.86809e-13
1.37293e-13
1.01813e-13
7.62986e-14
5.78659e-14
4.44768e-14
3.46999e-14
2.75274e-14
2.22614e-14
1.84898e-14
1.58727e-14
1.40975e-14
1.30114e-14
9.224e-12
1.1183e-10
5.74309e-10
1.94679e-09
5.03813e-09
1.08378e-08
2.04422e-08
3.48954e-08
5.52998e-08
8.31079e-08
1.19475e-07
1.65149e-07
2.20219e-07
2.84247e-07
3.57438e-07
4.39538e-07
5.29749e-07
6.26868e-07
7.29425e-07
8.37018e-07
9.48855e-07
4.53309e-12
3.30089e-12
2.3853e-12
1.71184e-12
1.22121e-12
8.66886e-13
6.12905e-13
4.32006e-13
3.03839e-13
2.13441e-13
1.49908e-13
1.05373e-13
7.42132e-14
5.24251e-14
3.7187e-14
2.6519e-14
1.9039e-14
1.3782e-14
1.00744e-14
7.44699e-15
5.57442e-15
4.23134e-15
3.26193e-15
2.55813e-15
2.04522e-15
1.67862e-15
1.4215e-15
1.24013e-15
1.11435e-15
1.03249e-15
1.10219e-12
4.86167e-11
3.34132e-10
1.25866e-09
3.42487e-09
7.56065e-09
1.44427e-08
2.49056e-08
3.99588e-08
6.06016e-08
8.76842e-08
1.21766e-07
1.6306e-07
2.11906e-07
2.68435e-07
3.32453e-07
4.0348e-07
4.80782e-07
5.63956e-07
6.52402e-07
5.94135e-13
4.22775e-13
2.9901e-13
2.10341e-13
1.47289e-13
1.02752e-13
7.14714e-14
4.96077e-14
3.43858e-14
2.38227e-14
1.65107e-14
1.14579e-14
7.96983e-15
5.56206e-15
3.89883e-15
2.7482e-15
1.95058e-15
1.39607e-15
1.00907e-15
7.37619e-16
5.46083e-16
4.10043e-16
3.12772e-16
2.42775e-16
1.92151e-16
1.56177e-16
1.30984e-16
1.13113e-16
1.00413e-16
9.14952e-17
8.55669e-17
8.43178e-17
1.65344e-11
1.60324e-10
7.236e-10
2.17722e-09
5.09901e-09
1.01139e-08
1.79305e-08
2.93057e-08
4.49809e-08
6.55985e-08
9.16234e-08
1.23502e-07
1.61573e-07
2.05983e-07
2.56672e-07
3.13385e-07
3.75905e-07
4.43882e-07
8.18854e-14
5.69747e-14
3.94424e-14
2.71832e-14
1.8663e-14
1.27734e-14
8.72136e-15
5.94472e-15
4.04822e-15
2.75631e-15
1.87796e-15
1.28154e-15
8.7677e-16
6.01987e-16
4.15246e-16
2.88103e-16
2.01321e-16
1.41889e-16
1.01011e-16
7.27416e-17
5.30678e-17
3.92798e-17
2.95463e-17
2.2626e-17
1.7675e-17
1.41895e-17
1.17643e-17
1.00501e-17
8.82851e-18
7.95707e-18
7.34646e-18
6.94918e-18
6.74448e-18
4.8041e-12
6.77129e-11
3.7195e-10
1.28384e-09
3.29009e-09
6.94989e-09
1.28449e-08
2.156e-08
3.36623e-08
4.96528e-08
6.99929e-08
9.51018e-08
1.25291e-07
1.60733e-07
2.01457e-07
2.47443e-07
2.98559e-07
9.77989e-15
6.70203e-15
4.56982e-15
3.10204e-15
2.09758e-15
1.41385e-15
9.50612e-16
6.38018e-16
4.27778e-16
2.86755e-16
1.92346e-16
1.29222e-16
8.70363e-17
5.88339e-17
3.99579e-17
2.72989e-17
1.87861e-17
1.30406e-17
9.14489e-18
6.48824e-18
4.66455e-18
3.40337e-18
2.5244e-18
1.90704e-18
1.47026e-18
1.16578e-18
9.55524e-19
8.07781e-19
7.02777e-19
6.27764e-19
5.74582e-19
5.38301e-19
5.15859e-19
5.05772e-19
1.46036e-12
2.7215e-11
1.77948e-10
7.05004e-10
2.02533e-09
4.63996e-09
9.05736e-09
1.57634e-08
2.52062e-08
3.78091e-08
5.39748e-08
7.40658e-08
9.83582e-08
1.27035e-07
1.60219e-07
1.97941e-07
1.10759e-15
7.45464e-16
4.992e-16
3.32781e-16
2.20976e-16
1.46259e-16
9.65611e-17
6.36363e-17
4.18958e-17
2.75778e-17
1.81661e-17
1.19863e-17
7.9301e-18
5.26626e-18
3.51444e-18
2.35979e-18
1.5964e-18
1.08965e-18
7.51577e-19
5.24633e-19
3.71215e-19
2.66681e-19
1.94855e-19
1.45082e-19
1.10303e-19
8.6326e-20
6.99182e-20
5.84734e-20
5.03809e-20
4.46163e-20
4.05244e-20
3.76949e-20
3.58584e-20
3.48456e-20
3.45788e-20
5.95137e-13
1.12719e-11
8.28367e-11
3.71711e-10
1.19504e-09
2.99414e-09
6.24305e-09
1.13745e-08
1.87766e-08
2.88082e-08
4.18092e-08
5.80807e-08
7.7863e-08
1.01357e-07
1.28699e-07
1.10429e-16
7.27511e-17
4.76943e-17
3.11315e-17
2.02445e-17
1.31243e-17
8.4883e-18
5.48111e-18
3.53644e-18
2.28184e-18
1.47374e-18
9.53665e-19
6.18955e-19
4.03353e-19
2.64231e-19
1.74219e-19
1.15775e-19
7.76555e-20
5.26543e-20
3.61467e-20
2.51644e-20
1.77957e-20
1.28067e-20
9.39732e-21
7.04555e-21
5.44291e-21
4.35674e-21
3.60525e-21
3.07717e-21
2.70267e-21
2.43738e-21
2.25325e-21
2.13175e-21
2.06074e-21
2.033e-21
1.98671e-17
3.05879e-13
5.09083e-12
3.93988e-11
1.93781e-10
6.83608e-10
1.87219e-09
4.19392e-09
8.06516e-09
1.38512e-08
2.18672e-08
3.23953e-08
4.56843e-08
6.19542e-08
8.13919e-08
8.11354e-18
5.25697e-18
3.38968e-18
2.17628e-18
1.39209e-18
8.87794e-19
5.64883e-19
3.58874e-19
2.27832e-19
1.44663e-19
9.19536e-20
5.85706e-20
3.74238e-20
2.40135e-20
1.54924e-20
1.0062e-20
6.58805e-21
4.35471e-21
2.91052e-21
1.96999e-21
1.35259e-21
9.43677e-22
6.7024e-22
4.85587e-22
3.5961e-22
2.74615e-22
2.17491e-22
1.78246e-22
1.50816e-22
1.31437e-22
1.17731e-22
1.08192e-22
1.0183e-22
9.79921e-23
9.62689e-23
9.64325e-23
3.80442e-15
1.84399e-13
2.56743e-12
1.97642e-11
1.01726e-10
3.85886e-10
1.14036e-09
2.7468e-09
5.60975e-09
1.00887e-08
1.64763e-08
2.5019e-08
3.59315e-08
4.9407e-08
5.12122e-19
3.28179e-19
2.09243e-19
1.32811e-19
8.39714e-20
5.29222e-20
3.32716e-20
2.08825e-20
1.30956e-20
8.2128e-21
5.15579e-21
3.24322e-21
2.04645e-21
1.29678e-21
8.26222e-22
5.29968e-22
3.42718e-22
2.23762e-22
1.47738e-22
9.87934e-23
6.70256e-23
4.62162e-23
3.2449e-23
2.3247e-23
1.7029e-23
1.28705e-23
1.00963e-23
8.20238e-24
6.88502e-24
5.95744e-24
5.30241e-24
4.84563e-24
4.53853e-24
4.34924e-24
4.25738e-24
4.2508e-24
2.2301e-17
4.80092e-15
1.21761e-13
1.43033e-12
1.04893e-11
5.48286e-11
2.17679e-10
6.83533e-10
1.75929e-09
3.82288e-09
7.23214e-09
1.228e-08
1.91983e-08
2.81791e-08
3.66636e-20
2.30688e-20
1.44426e-20
9.00193e-21
5.58948e-21
3.45981e-21
2.13651e-21
1.31728e-21
8.116e-22
5.00146e-22
3.08577e-22
1.90806e-22
1.18375e-22
7.37687e-23
4.62344e-23
2.91811e-23
1.85741e-23
1.19402e-23
7.76467e-24
5.11591e-24
3.42116e-24
2.32626e-24
1.61144e-24
1.13963e-24
8.24552e-25
6.16088e-25
4.78294e-25
3.84975e-25
3.20486e-25
2.75311e-25
2.43524e-25
2.21383e-25
2.06461e-25
1.97175e-25
1.92515e-25
1.91867e-25
4.78465e-20
1.04145e-16
4.89713e-15
8.54299e-14
8.56229e-13
5.91023e-12
3.05703e-11
1.24025e-10
4.0786e-10
1.11037e-09
2.55738e-09
5.09759e-09
9.03421e-09
1.46033e-08
1.96821e-21
1.21899e-21
7.51091e-22
4.60685e-22
2.8146e-22
1.71411e-22
1.04138e-22
6.31658e-23
3.82866e-23
2.32119e-23
1.409e-23
8.57254e-24
5.23355e-24
3.20988e-24
1.98032e-24
1.23058e-24
7.71351e-25
4.88424e-25
3.12946e-25
2.03215e-25
1.33981e-25
8.98527e-26
6.14154e-26
4.2878e-26
3.06419e-26
2.26328e-26
1.73876e-26
1.38641e-26
1.14452e-26
9.75965e-27
8.57799e-27
7.75606e-27
7.20108e-27
6.85292e-27
6.67327e-27
6.63883e-27
1.46034e-25
2.01206e-18
1.81676e-16
4.65804e-15
6.21056e-14
5.44676e-13
3.51053e-12
1.76629e-11
7.21971e-11
2.44523e-10
6.95491e-10
1.68449e-09
3.53476e-09
6.55495e-09
8.42874e-23
5.11033e-23
3.08268e-23
1.85121e-23
1.10743e-23
6.60441e-24
3.92958e-24
2.33466e-24
1.3863e-24
8.23508e-25
4.89893e-25
2.92165e-25
1.74884e-25
1.05194e-25
6.36665e-26
3.88229e-26
2.38874e-26
1.48525e-26
9.34787e-27
5.96483e-27
3.86597e-27
2.54984e-27
1.71485e-27
1.17865e-27
8.29653e-28
6.04162e-28
4.5813e-28
3.60981e-28
2.94811e-28
2.48975e-28
2.1696e-28
1.947e-28
1.79598e-28
1.69979e-28
1.64778e-28
1.63343e-28
1.65322e-28
3.52476e-20
6.43677e-18
2.43299e-16
4.26966e-15
4.65958e-14
3.62943e-13
2.17924e-12
1.06186e-11
4.31408e-11
1.48234e-10
4.34841e-10
1.09838e-09
2.41555e-09
2.04401e-24
1.21438e-24
7.1785e-25
4.22463e-25
2.47692e-25
1.44787e-25
8.44484e-26
4.91897e-26
2.86405e-26
1.66856e-26
9.73664e-27
5.69729e-27
3.34678e-27
1.97616e-27
1.1744e-27
7.03397e-28
4.25238e-28
2.59869e-28
1.60814e-28
1.00931e-28
6.43699e-29
4.17949e-29
2.76843e-29
1.87512e-29
1.30141e-29
9.35288e-30
7.00713e-30
5.4613e-30
4.41656e-30
3.69728e-30
3.19709e-30
2.84995e-30
2.61401e-30
2.46245e-30
2.37825e-30
2.351e-30
2.375e-30
5.58071e-22
2.20376e-19
1.24134e-17
2.86348e-16
3.85676e-15
3.57694e-14
2.50586e-13
1.41123e-12
6.62572e-12
2.6479e-11
9.12394e-11
2.72988e-10
7.12738e-10
1.36828e-26
7.98755e-27
4.63924e-27
2.68253e-27
1.54529e-27
8.87502e-28
5.08608e-28
2.91095e-28
1.66546e-28
9.53491e-29
5.46825e-29
3.14498e-29
1.81611e-29
1.05429e-29
6.16096e-30
3.62904e-30
2.15805e-30
1.29747e-30
7.90084e-31
4.88046e-31
3.06407e-31
1.95894e-31
1.27801e-31
8.5284e-32
5.8333e-32
4.13423e-32
3.05717e-32
2.35404e-32
1.88246e-32
1.55971e-32
1.33609e-32
1.18099e-32
1.07507e-32
1.00598e-32
9.65881e-33
9.49923e-33
9.55397e-33
7.88459e-24
7.3128e-21
6.23411e-19
1.89609e-17
3.14539e-16
3.45308e-15
2.79327e-14
1.78855e-13
9.47573e-13
4.27062e-12
1.66867e-11
5.71843e-11
1.72914e-10
1.18334e-29
6.8041e-30
3.89241e-30
2.21681e-30
1.25778e-30
7.11525e-31
4.01647e-31
2.26444e-31
1.27632e-31
7.19916e-32
4.06821e-32
2.3058e-32
1.31238e-32
7.51053e-33
4.32743e-33
2.5138e-33
1.47454e-33
8.74681e-34
5.25654e-34
3.20532e-34
1.98709e-34
1.25485e-34
8.0896e-35
5.33665e-35
3.61072e-35
2.54086e-35
1.89873e-35
1.56026e-35
1.48163e-35
1.6489e-35
2.03662e-35
2.58566e-35
3.20394e-35
3.78587e-35
4.23806e-35
4.49988e-35
4.55195e-35
9.74719e-26
2.35123e-22
3.0912e-20
1.24619e-18
2.54789e-17
3.30508e-16
3.07421e-15
2.2216e-14
1.31242e-13
6.55263e-13
2.83283e-12
1.07856e-11
3.65518e-11
1.29716e-39
7.35477e-40
4.14885e-40
2.32998e-40
1.30363e-40
7.27253e-41
4.04869e-41
2.25134e-41
1.25169e-41
6.96515e-42
3.88356e-42
2.17222e-42
1.22034e-42
6.8949e-43
3.92308e-43
2.25102e-43
1.30462e-43
7.64863e-44
4.54463e-44
2.74076e-44
1.6811e-44
1.05086e-44
6.70922e-45
4.38588e-45
2.24172e-38
2.65593e-37
1.36432e-36
4.53692e-36
1.13881e-35
2.32914e-35
4.05838e-35
6.20834e-35
8.52109e-35
1.06691e-34
1.23468e-34
1.33464e-34
1.35936e-34
1.02514e-27
7.31249e-24
1.51532e-21
8.15108e-20
2.05801e-18
3.15425e-17
3.36866e-16
2.73914e-15
1.79474e-14
9.84146e-14
4.64545e-13
1.92778e-12
7.13933e-12
3.77429e-56
2.10461e-56
1.16723e-56
6.44268e-57
3.54177e-57
1.94071e-57
1.06087e-57
5.79075e-58
3.15985e-58
1.7266e-58
9.48319e-59
5.29546e-59
3.11674e-59
2.12642e-59
1.9455e-59
2.46873e-59
3.78025e-59
6.11693e-59
9.84683e-59
1.54743e-58
2.36352e-58
3.51562e-58
5.12927e-58
7.93718e-55
6.63169e-38
7.98862e-37
4.15857e-36
1.39835e-35
3.54838e-35
7.33668e-35
1.2917e-34
1.99513e-34
2.76264e-34
3.48684e-34
4.06437e-34
4.42211e-34
4.53051e-34
8.79566e-30
2.19463e-25
7.34687e-23
5.31389e-21
1.66132e-19
3.01072e-18
3.69056e-17
3.37254e-16
2.4453e-15
1.46698e-14
7.51324e-14
3.36489e-13
1.3419e-12
3.38115e-64
2.29061e-64
2.84476e-64
7.21711e-64
2.30287e-63
7.3036e-63
2.19335e-62
6.18678e-62
1.6387e-61
4.08259e-61
9.5899e-61
2.12966e-60
4.48435e-60
8.97915e-60
1.71481e-59
3.13262e-59
5.486e-59
9.23591e-59
1.49788e-58
2.34861e-58
3.5727e-58
5.30265e-58
7.76741e-58
2.18922e-54
1.91976e-37
2.35225e-36
1.24116e-35
4.22075e-35
1.08311e-34
2.26513e-34
4.03168e-34
6.29046e-34
8.79077e-34
1.11873e-33
1.3137e-33
1.43874e-33
1.48262e-33
5.88902e-32
6.33769e-27
3.52315e-24
3.45621e-22
1.34233e-20
2.87969e-19
4.05224e-18
4.15982e-17
3.3343e-16
2.18463e-15
1.21054e-14
5.8241e-14
2.48277e-13
2.46296e-65
9.39844e-65
3.4848e-64
1.23641e-63
4.15263e-63
1.31189e-62
3.88723e-62
1.07992e-61
2.81642e-61
6.90972e-61
1.59883e-60
3.49905e-60
7.26499e-60
1.43523e-59
2.70617e-59
4.88462e-59
8.45865e-59
1.40944e-58
2.26472e-58
3.52369e-58
5.33175e-58
7.90396e-58
1.16716e-57
5.92058e-54
5.44134e-37
6.78466e-36
3.62962e-35
1.2485e-34
3.24135e-34
6.86092e-34
1.23534e-33
1.94813e-33
2.74891e-33
3.52868e-33
4.17544e-33
4.60363e-33
4.77183e-33
4.93708e-33
1.75524e-28
1.67061e-25
2.24422e-23
1.0868e-21
2.76397e-20
4.46668e-19
5.15026e-18
4.56151e-17
3.26137e-16
1.95264e-15
1.00706e-14
4.57338e-14
4.61599e-65
1.74865e-64
6.42074e-64
2.2512e-63
7.45973e-63
2.32255e-62
6.77786e-62
1.85399e-61
4.76077e-61
1.15026e-60
2.62204e-60
5.6558e-60
1.15807e-59
2.25757e-59
4.20335e-59
7.49785e-59
1.28415e-58
2.11825e-58
3.37337e-58
5.21137e-58
7.85254e-58
1.16548e-57
1.74556e-57
1.57059e-53
1.51089e-36
1.91807e-35
1.04068e-34
3.62162e-34
9.51756e-34
2.04063e-33
3.71982e-33
5.93317e-33
8.4585e-33
1.09578e-32
1.30709e-32
1.45122e-32
1.51322e-32
1.49191e-32
4.65833e-30
7.82949e-27
1.45547e-24
8.8248e-23
2.6651e-21
4.94898e-20
6.40981e-19
6.27143e-18
4.89067e-17
3.16163e-16
1.74614e-15
8.43427e-15
8.51821e-65
3.20263e-64
1.16428e-63
4.03327e-63
1.31844e-62
4.0452e-62
1.16264e-61
3.13134e-61
7.91762e-61
1.8841e-60
4.23157e-60
8.99752e-60
1.81716e-59
3.49614e-59
6.429e-59
1.13354e-58
1.92047e-58
3.13693e-58
4.95329e-58
7.6033e-58
1.14262e-57
1.70329e-57
2.60895e-57
4.08838e-53
4.11191e-36
5.31772e-35
2.92721e-34
1.03085e-33
2.74407e-33
5.96532e-33
1.1019e-32
1.77913e-32
2.56457e-32
3.35533e-32
4.03738e-32
4.51639e-32
4.73912e-32
4.70006e-32
1.62487e-31
3.62519e-28
9.43114e-26
7.19194e-24
2.58404e-22
5.51768e-21
8.02849e-20
8.67629e-19
7.3775e-18
5.14729e-17
3.0425e-16
1.56186e-15
1.21718e-06
1.22763e-06
1.24138e-06
1.25849e-06
1.27873e-06
1.30149e-06
1.32626e-06
1.35147e-06
1.37581e-06
1.39919e-06
1.42074e-06
1.44061e-06
1.45946e-06
1.47747e-06
1.49457e-06
1.51145e-06
1.52841e-06
1.54317e-06
1.55092e-06
1.54847e-06
1.53789e-06
1.5217e-06
1.50133e-06
1.47902e-06
1.45561e-06
1.43174e-06
1.40999e-06
1.38861e-06
1.37134e-06
1.35312e-06
1.33493e-06
1.3145e-06
1.2923e-06
1.26847e-06
1.24321e-06
1.21734e-06
1.19189e-06
1.16707e-06
1.14329e-06
1.12088e-06
1.1e-06
1.0808e-06
1.06338e-06
1.04779e-06
1.034e-06
1.02188e-06
1.01128e-06
1.00197e-06
9.93836e-07
9.8679e-07
9.80834e-07
9.7603e-07
9.72509e-07
9.70446e-07
9.70025e-07
9.71405e-07
9.74688e-07
9.79889e-07
9.86902e-07
9.95479e-07
1.00525e-06
1.01581e-06
1.02675e-06
1.03775e-06
1.04854e-06
1.05894e-06
1.06874e-06
1.07767e-06
1.08529e-06
1.09107e-06
1.09467e-06
1.09626e-06
1.0964e-06
1.09581e-06
1.09501e-06
1.09438e-06
1.09464e-06
1.09668e-06
1.1011e-06
1.1082e-06
1.11825e-06
1.13162e-06
1.14859e-06
1.16919e-06
1.19298e-06
1.219e-06
1.24585e-06
1.27189e-06
1.29557e-06
1.3158e-06
1.33202e-06
1.34413e-06
1.35229e-06
1.35682e-06
1.35812e-06
1.35704e-06
1.35432e-06
1.35154e-06
1.34921e-06
1.34735e-06
1.34552e-06
1.34327e-06
1.34015e-06
1.33563e-06
1.32901e-06
1.31968e-06
1.30746e-06
1.29269e-06
1.27621e-06
1.25888e-06
1.24167e-06
1.22486e-06
1.20909e-06
1.1941e-06
1.18007e-06
1.16699e-06
1.15295e-06
1.13795e-06
1.12287e-06
1.10828e-06
1.09354e-06
1.07838e-06
1.06254e-06
1.04618e-06
1.02928e-06
1.01231e-06
9.94751e-07
9.77093e-07
9.59728e-07
9.41459e-07
9.22395e-07
9.01372e-07
8.79179e-07
8.66167e-07
8.64043e-07
8.70722e-07
8.71821e-07
8.69681e-07
8.64303e-07
8.65065e-07
8.6667e-07
8.67866e-07
8.71709e-07
8.72574e-07
8.78544e-07
8.79054e-07
8.76913e-07
8.73122e-07
8.7295e-07
8.76128e-07
1.2545e-06
1.28086e-06
1.31247e-06
1.34902e-06
1.38968e-06
1.43294e-06
1.47786e-06
1.52193e-06
1.56178e-06
1.59639e-06
1.62647e-06
1.6537e-06
1.67719e-06
1.69529e-06
1.70891e-06
1.71998e-06
1.72972e-06
1.737e-06
1.73528e-06
1.72071e-06
1.69872e-06
1.67189e-06
1.64185e-06
1.61114e-06
1.58062e-06
1.55034e-06
1.5225e-06
1.49487e-06
1.47177e-06
1.44725e-06
1.42319e-06
1.39633e-06
1.36783e-06
1.33815e-06
1.30728e-06
1.27608e-06
1.24559e-06
1.21596e-06
1.1875e-06
1.16052e-06
1.13521e-06
1.11174e-06
1.09022e-06
1.07074e-06
1.05337e-06
1.03803e-06
1.02456e-06
1.01267e-06
1.00217e-06
9.92922e-07
9.84921e-07
9.78223e-07
9.72941e-07
9.69206e-07
9.67127e-07
9.66763e-07
9.68119e-07
9.7115e-07
9.7575e-07
9.81755e-07
9.88966e-07
9.97197e-07
1.00632e-06
1.01628e-06
1.027e-06
1.03836e-06
1.05006e-06
1.06158e-06
1.07221e-06
1.08129e-06
1.08844e-06
1.09381e-06
1.09792e-06
1.10126e-06
1.10406e-06
1.10642e-06
1.10936e-06
1.11432e-06
1.12203e-06
1.13262e-06
1.14605e-06
1.16245e-06
1.18185e-06
1.20396e-06
1.22797e-06
1.25259e-06
1.27631e-06
1.29768e-06
1.31571e-06
1.33002e-06
1.34079e-06
1.34847e-06
1.35357e-06
1.35655e-06
1.35785e-06
1.3582e-06
1.35809e-06
1.35837e-06
1.3596e-06
1.36158e-06
1.36364e-06
1.36491e-06
1.36448e-06
1.36154e-06
1.35541e-06
1.34558e-06
1.33188e-06
1.31451e-06
1.29409e-06
1.27154e-06
1.24811e-06
1.22466e-06
1.20224e-06
1.18101e-06
1.16133e-06
1.14297e-06
1.12433e-06
1.10575e-06
1.08814e-06
1.07213e-06
1.05671e-06
1.04096e-06
1.02436e-06
1.00754e-06
9.90338e-07
9.73352e-07
9.57532e-07
9.43416e-07
9.30955e-07
9.17972e-07
9.03942e-07
8.88416e-07
8.74055e-07
8.65515e-07
8.62673e-07
8.65926e-07
8.66293e-07
8.66105e-07
8.62713e-07
8.63497e-07
8.63282e-07
8.62638e-07
8.64398e-07
8.62759e-07
8.67743e-07
8.66422e-07
8.63358e-07
8.58558e-07
8.59788e-07
8.62935e-07
1.30797e-06
1.34969e-06
1.39837e-06
1.4535e-06
1.51385e-06
1.57702e-06
1.6418e-06
1.70511e-06
1.76087e-06
1.80543e-06
1.84045e-06
1.86897e-06
1.88749e-06
1.89271e-06
1.88764e-06
1.87591e-06
1.8604e-06
1.84324e-06
1.81787e-06
1.78191e-06
1.74416e-06
1.70564e-06
1.66764e-06
1.63052e-06
1.59395e-06
1.5575e-06
1.52248e-06
1.4874e-06
1.45631e-06
1.42511e-06
1.39572e-06
1.36523e-06
1.335e-06
1.30537e-06
1.27583e-06
1.24688e-06
1.21893e-06
1.19189e-06
1.16591e-06
1.14116e-06
1.11783e-06
1.09602e-06
1.07582e-06
1.05741e-06
1.04097e-06
1.02659e-06
1.01412e-06
1.00325e-06
9.93675e-07
9.8522e-07
9.77866e-07
9.71683e-07
9.6677e-07
9.63197e-07
9.60967e-07
9.60006e-07
9.6019e-07
9.61379e-07
9.63447e-07
9.66305e-07
9.69937e-07
9.74429e-07
9.79976e-07
9.86831e-07
9.95209e-07
1.00518e-06
1.01654e-06
1.0288e-06
1.04131e-06
1.05345e-06
1.06483e-06
1.0756e-06
1.08604e-06
1.0962e-06
1.10552e-06
1.11357e-06
1.12172e-06
1.13203e-06
1.14538e-06
1.16142e-06
1.1795e-06
1.19924e-06
1.22034e-06
1.24231e-06
1.26433e-06
1.28537e-06
1.30435e-06
1.32047e-06
1.33334e-06
1.34312e-06
1.35027e-06
1.35545e-06
1.35923e-06
1.36209e-06
1.36436e-06
1.36655e-06
1.36876e-06
1.37124e-06
1.37468e-06
1.37876e-06
1.38274e-06
1.38553e-06
1.38594e-06
1.38294e-06
1.37573e-06
1.36374e-06
1.34672e-06
1.32473e-06
1.29829e-06
1.26847e-06
1.23689e-06
1.20509e-06
1.17454e-06
1.14594e-06
1.11984e-06
1.09598e-06
1.07345e-06
1.0527e-06
1.03431e-06
1.01829e-06
1.00288e-06
9.87102e-07
9.70647e-07
9.54692e-07
9.38928e-07
9.23979e-07
9.11368e-07
9.01344e-07
8.93839e-07
8.85647e-07
8.76709e-07
8.6726e-07
8.6148e-07
8.58647e-07
8.57724e-07
8.59259e-07
8.61528e-07
8.64931e-07
8.65764e-07
8.68264e-07
8.67791e-07
8.66565e-07
8.67021e-07
8.64632e-07
8.70846e-07
8.67336e-07
8.62508e-07
8.56815e-07
8.59968e-07
8.62361e-07
4.45613e-06
1.93142e-06
1.47632e-06
1.54381e-06
1.61742e-06
1.69435e-06
1.77368e-06
1.85266e-06
1.92316e-06
1.9784e-06
2.01944e-06
2.0495e-06
2.06227e-06
2.0534e-06
2.02732e-06
1.98925e-06
1.94378e-06
1.89653e-06
1.84347e-06
1.78548e-06
1.73153e-06
1.68007e-06
1.63183e-06
1.58399e-06
1.53549e-06
1.48711e-06
1.43971e-06
1.3931e-06
1.35056e-06
1.3114e-06
1.27636e-06
1.244e-06
1.21486e-06
1.18851e-06
1.16399e-06
1.14117e-06
1.11972e-06
1.09934e-06
1.08001e-06
1.06182e-06
1.04485e-06
1.02905e-06
1.01441e-06
1.00111e-06
9.89454e-07
9.79683e-07
9.71713e-07
9.65174e-07
9.59645e-07
9.54889e-07
9.50886e-07
9.47729e-07
9.45508e-07
9.44229e-07
9.43783e-07
9.43964e-07
9.44524e-07
9.45235e-07
9.45948e-07
9.46634e-07
9.47416e-07
9.4858e-07
9.50548e-07
9.53807e-07
9.58811e-07
9.65862e-07
9.75023e-07
9.86108e-07
9.98746e-07
1.0126e-06
1.02745e-06
1.04348e-06
1.06095e-06
1.0793e-06
1.09689e-06
1.11253e-06
1.12787e-06
1.14555e-06
1.16634e-06
1.18915e-06
1.21244e-06
1.23516e-06
1.25679e-06
1.277e-06
1.29547e-06
1.31191e-06
1.3261e-06
1.33792e-06
1.34746e-06
1.35504e-06
1.36111e-06
1.36619e-06
1.37073e-06
1.37507e-06
1.37928e-06
1.38346e-06
1.38727e-06
1.39059e-06
1.39419e-06
1.39774e-06
1.4005e-06
1.40142e-06
1.39936e-06
1.39335e-06
1.38263e-06
1.36657e-06
1.34482e-06
1.31731e-06
1.28455e-06
1.24779e-06
1.20901e-06
1.17029e-06
1.13341e-06
1.0995e-06
1.06915e-06
1.04223e-06
1.01834e-06
9.97451e-07
9.7958e-07
9.63957e-07
9.48593e-07
9.33061e-07
9.17567e-07
9.03486e-07
8.90213e-07
8.78361e-07
8.6936e-07
8.63059e-07
8.59429e-07
8.54551e-07
8.49096e-07
8.4355e-07
8.43733e-07
8.45113e-07
8.47184e-07
8.49094e-07
8.53926e-07
8.58856e-07
8.61994e-07
8.64443e-07
8.63732e-07
8.62735e-07
8.62812e-07
8.624e-07
8.70183e-07
8.66513e-07
8.61984e-07
8.58007e-07
8.63876e-07
8.66029e-07
6.01524e-06
1.90244e-05
4.42303e-05
4.5229e-05
8.33417e-06
2.84961e-06
1.83294e-06
1.91875e-06
1.9981e-06
2.06238e-06
2.11147e-06
2.14698e-06
2.16163e-06
2.14987e-06
2.11551e-06
2.06493e-06
2.00295e-06
1.93664e-06
1.86543e-06
1.79275e-06
1.72423e-06
1.65699e-06
1.59249e-06
1.5275e-06
1.46207e-06
1.39945e-06
1.34008e-06
1.28352e-06
1.23197e-06
1.18664e-06
1.1472e-06
1.11315e-06
1.08393e-06
1.05862e-06
1.0362e-06
1.01622e-06
9.98097e-07
9.81555e-07
9.66607e-07
9.53332e-07
9.41678e-07
9.31377e-07
9.22182e-07
9.14129e-07
9.07545e-07
9.02771e-07
8.99809e-07
8.98277e-07
8.97682e-07
8.97723e-07
8.98357e-07
8.99665e-07
9.01686e-07
9.04327e-07
9.07353e-07
9.1043e-07
9.13203e-07
9.1537e-07
9.16753e-07
9.17353e-07
9.17366e-07
9.17162e-07
9.17247e-07
9.18199e-07
9.20591e-07
9.24917e-07
9.31513e-07
9.40544e-07
9.52021e-07
9.65969e-07
9.82449e-07
1.00198e-06
1.02502e-06
1.05067e-06
1.07627e-06
1.09985e-06
1.12316e-06
1.14904e-06
1.17793e-06
1.20789e-06
1.23636e-06
1.26168e-06
1.28326e-06
1.30125e-06
1.31613e-06
1.32851e-06
1.33899e-06
1.34806e-06
1.35609e-06
1.36341e-06
1.37028e-06
1.37697e-06
1.38367e-06
1.39044e-06
1.39701e-06
1.40299e-06
1.40756e-06
1.41051e-06
1.41255e-06
1.41337e-06
1.41232e-06
1.40856e-06
1.40131e-06
1.38998e-06
1.37404e-06
1.35295e-06
1.32625e-06
1.29385e-06
1.25626e-06
1.21487e-06
1.17183e-06
1.12946e-06
1.08966e-06
1.05367e-06
1.02202e-06
9.94683e-07
9.71337e-07
9.51445e-07
9.3446e-07
9.19269e-07
9.04418e-07
8.90003e-07
8.76521e-07
8.65042e-07
8.54815e-07
8.46448e-07
8.40966e-07
8.37869e-07
8.36887e-07
8.34008e-07
8.30665e-07
8.27924e-07
8.32113e-07
8.35981e-07
8.4071e-07
8.44437e-07
8.5067e-07
8.53799e-07
8.55127e-07
8.5502e-07
8.52563e-07
8.49951e-07
8.4835e-07
8.49823e-07
8.55467e-07
8.53564e-07
8.51866e-07
8.52036e-07
8.59815e-07
8.63232e-07
3.98781e-06
4.4901e-06
4.56408e-06
4.6557e-06
4.76125e-06
7.59881e-06
3.08492e-05
4.25938e-05
6.35086e-06
2.69041e-06
2.08077e-06
2.11539e-06
2.12985e-06
2.1187e-06
2.08496e-06
2.03476e-06
1.97156e-06
1.90167e-06
1.82595e-06
1.74815e-06
1.67122e-06
1.59284e-06
1.51688e-06
1.44213e-06
1.36979e-06
1.3042e-06
1.24458e-06
1.18852e-06
1.13702e-06
1.09134e-06
1.0513e-06
1.01646e-06
9.8601e-07
9.59202e-07
9.35309e-07
9.13871e-07
8.94542e-07
8.77275e-07
8.62234e-07
8.49604e-07
8.39298e-07
8.30858e-07
8.23751e-07
8.17774e-07
8.13181e-07
8.10417e-07
8.09687e-07
8.10785e-07
8.13301e-07
8.16926e-07
8.21555e-07
8.27161e-07
8.33641e-07
8.40735e-07
8.48047e-07
8.55117e-07
8.61497e-07
8.66821e-07
8.70873e-07
8.73643e-07
8.75322e-07
8.76263e-07
8.7693e-07
8.77861e-07
8.79632e-07
8.82807e-07
8.87889e-07
8.95287e-07
9.05294e-07
9.18242e-07
9.34538e-07
9.55158e-07
9.81093e-07
1.01152e-06
1.04319e-06
1.07364e-06
1.10434e-06
1.1379e-06
1.17438e-06
1.2111e-06
1.24467e-06
1.27286e-06
1.29508e-06
1.31194e-06
1.32462e-06
1.33447e-06
1.34271e-06
1.35029e-06
1.35781e-06
1.36562e-06
1.37383e-06
1.3825e-06
1.39152e-06
1.40068e-06
1.4093e-06
1.41655e-06
1.42119e-06
1.42302e-06
1.42265e-06
1.41982e-06
1.41403e-06
1.40478e-06
1.39177e-06
1.37485e-06
1.35379e-06
1.3282e-06
1.29763e-06
1.26199e-06
1.2218e-06
1.17845e-06
1.13403e-06
1.09077e-06
1.05047e-06
1.01429e-06
9.82721e-07
9.55716e-07
9.32898e-07
9.13572e-07
8.96912e-07
8.81915e-07
8.67913e-07
8.55137e-07
8.44011e-07
8.35168e-07
8.28106e-07
8.23445e-07
8.2167e-07
8.21936e-07
8.23267e-07
8.22317e-07
8.21445e-07
8.22795e-07
8.31058e-07
8.37294e-07
8.45496e-07
8.52264e-07
8.58628e-07
8.58341e-07
8.56001e-07
8.52926e-07
8.47705e-07
8.41563e-07
8.37319e-07
8.38967e-07
8.39662e-07
8.39799e-07
8.40567e-07
8.43903e-07
8.50265e-07
8.55448e-07
2.89334e-06
3.06926e-06
3.20956e-06
3.32255e-06
3.45379e-06
3.67786e-06
3.7388e-06
3.81274e-06
3.93775e-06
9.24696e-06
2.94349e-05
1.40929e-05
3.49323e-06
2.04246e-06
1.93503e-06
1.86786e-06
1.81108e-06
1.75089e-06
1.68438e-06
1.61384e-06
1.54235e-06
1.46781e-06
1.39597e-06
1.32687e-06
1.26185e-06
1.2045e-06
1.1528e-06
1.10314e-06
1.05588e-06
1.01253e-06
9.73513e-07
9.38761e-07
9.07713e-07
8.79775e-07
8.54426e-07
8.31316e-07
8.10274e-07
7.91355e-07
7.74809e-07
7.60902e-07
7.49578e-07
7.40303e-07
7.3236e-07
7.25354e-07
7.19485e-07
7.15358e-07
7.13528e-07
7.14185e-07
7.17197e-07
7.22335e-07
7.29391e-07
7.38141e-07
7.48247e-07
7.59235e-07
7.70547e-07
7.81623e-07
7.91966e-07
8.0118e-07
8.0902e-07
8.15437e-07
8.20564e-07
8.24655e-07
8.2805e-07
8.31157e-07
8.3444e-07
8.38404e-07
8.43566e-07
8.50418e-07
8.59393e-07
8.71019e-07
8.86006e-07
9.05771e-07
9.31929e-07
9.64142e-07
9.9928e-07
1.03466e-06
1.07119e-06
1.11099e-06
1.15383e-06
1.19668e-06
1.23554e-06
1.26763e-06
1.29214e-06
1.30985e-06
1.32236e-06
1.33146e-06
1.3388e-06
1.34568e-06
1.35294e-06
1.36104e-06
1.37007e-06
1.37995e-06
1.3904e-06
1.40095e-06
1.41062e-06
1.41827e-06
1.4223e-06
1.42267e-06
1.41979e-06
1.41353e-06
1.40361e-06
1.38984e-06
1.37233e-06
1.35126e-06
1.32663e-06
1.2982e-06
1.26557e-06
1.22865e-06
1.18793e-06
1.14461e-06
1.10051e-06
1.05759e-06
1.01749e-06
9.81306e-07
9.49541e-07
9.22207e-07
8.98944e-07
8.79176e-07
8.62113e-07
8.47034e-07
8.33722e-07
8.22307e-07
8.13049e-07
8.06393e-07
8.02333e-07
8.01344e-07
8.03407e-07
8.07394e-07
8.11466e-07
8.13433e-07
8.16278e-07
8.23518e-07
8.3646e-07
8.45644e-07
8.5859e-07
8.68579e-07
8.7402e-07
8.70231e-07
8.64961e-07
8.59748e-07
8.52081e-07
8.44111e-07
8.39084e-07
8.40904e-07
8.38369e-07
8.4128e-07
8.4368e-07
8.48292e-07
8.51036e-07
8.56782e-07
2.09394e-06
2.24582e-06
2.39182e-06
2.53128e-06
2.66809e-06
2.80069e-06
2.90357e-06
2.9793e-06
3.07801e-06
3.35462e-06
3.39872e-06
3.44067e-06
4.39141e-06
2.03167e-05
1.8818e-05
3.35846e-06
1.82807e-06
1.59943e-06
1.5096e-06
1.45088e-06
1.39647e-06
1.33973e-06
1.28512e-06
1.23145e-06
1.18004e-06
1.13288e-06
1.08768e-06
1.04154e-06
9.95311e-07
9.51168e-07
9.10396e-07
8.73467e-07
8.40137e-07
8.10015e-07
7.82735e-07
7.57999e-07
7.35596e-07
7.15443e-07
6.97613e-07
6.82249e-07
6.69262e-07
6.58141e-07
6.48161e-07
6.38886e-07
6.30514e-07
6.23797e-07
6.1962e-07
6.18593e-07
6.20913e-07
6.26458e-07
6.34906e-07
6.45794e-07
6.58527e-07
6.72425e-07
6.86807e-07
7.01082e-07
7.1478e-07
7.27545e-07
7.39151e-07
7.4952e-07
7.587e-07
7.66818e-07
7.74048e-07
7.80615e-07
7.86789e-07
7.92901e-07
7.99354e-07
8.06601e-07
8.15119e-07
8.25547e-07
8.38812e-07
8.56626e-07
8.8111e-07
9.12613e-07
9.48679e-07
9.86756e-07
1.02712e-06
1.07134e-06
1.11909e-06
1.16727e-06
1.21154e-06
1.24854e-06
1.277e-06
1.29748e-06
1.31166e-06
1.32157e-06
1.32914e-06
1.33595e-06
1.34305e-06
1.35106e-06
1.36012e-06
1.3701e-06
1.38064e-06
1.39114e-06
1.40045e-06
1.40728e-06
1.40992e-06
1.40853e-06
1.40332e-06
1.39431e-06
1.38141e-06
1.36473e-06
1.34457e-06
1.32131e-06
1.29509e-06
1.26574e-06
1.23291e-06
1.19646e-06
1.15669e-06
1.11451e-06
1.07139e-06
1.02904e-06
9.8899e-07
9.52402e-07
9.1992e-07
8.91659e-07
8.6733e-07
8.46554e-07
8.28737e-07
8.13399e-07
8.00433e-07
7.89848e-07
7.81856e-07
7.76927e-07
7.75452e-07
7.77573e-07
7.82911e-07
7.90228e-07
7.97306e-07
8.03076e-07
8.10093e-07
8.23174e-07
8.40467e-07
8.53114e-07
8.70952e-07
8.83176e-07
8.87152e-07
8.80439e-07
8.73401e-07
8.67273e-07
8.57753e-07
8.52369e-07
8.48767e-07
8.51662e-07
8.48415e-07
8.56355e-07
8.62671e-07
8.69856e-07
8.70534e-07
8.75027e-07
1.49913e-06
1.63636e-06
1.77442e-06
1.91284e-06
2.05065e-06
2.18288e-06
2.30403e-06
2.41523e-06
2.52393e-06
2.63935e-06
2.72301e-06
2.798e-06
2.90634e-06
2.9334e-06
2.97162e-06
3.58763e-06
1.61956e-05
1.0828e-05
2.5738e-06
1.55055e-06
1.30919e-06
1.24234e-06
1.20155e-06
1.1643e-06
1.12678e-06
1.0883e-06
1.04675e-06
1.00106e-06
9.53135e-07
9.05926e-07
8.61507e-07
8.20827e-07
7.83949e-07
7.50681e-07
7.20754e-07
6.93878e-07
6.69742e-07
6.48048e-07
6.28591e-07
6.11291e-07
5.96022e-07
5.82426e-07
5.69988e-07
5.58402e-07
5.47895e-07
5.39244e-07
5.33457e-07
5.3137e-07
5.33395e-07
5.3949e-07
5.49246e-07
5.61998e-07
5.76925e-07
5.93163e-07
6.09939e-07
6.26671e-07
6.42974e-07
6.58602e-07
6.73403e-07
6.873e-07
7.00267e-07
7.123e-07
7.23411e-07
7.33636e-07
7.43018e-07
7.51651e-07
7.59748e-07
7.67677e-07
7.75934e-07
7.85251e-07
7.96703e-07
8.12142e-07
8.33962e-07
8.63136e-07
8.98089e-07
9.36658e-07
9.78686e-07
1.02521e-06
1.07587e-06
1.12781e-06
1.17671e-06
1.21877e-06
1.25203e-06
1.2765e-06
1.29365e-06
1.30562e-06
1.31456e-06
1.32216e-06
1.32962e-06
1.33762e-06
1.34634e-06
1.35567e-06
1.36522e-06
1.37434e-06
1.38189e-06
1.38661e-06
1.38683e-06
1.38318e-06
1.37557e-06
1.36419e-06
1.34911e-06
1.33058e-06
1.30908e-06
1.28505e-06
1.25866e-06
1.22977e-06
1.19802e-06
1.16315e-06
1.12524e-06
1.08485e-06
1.04313e-06
1.00154e-06
9.61628e-07
9.24648e-07
8.91466e-07
8.6233e-07
8.3701e-07
8.15304e-07
7.96844e-07
7.81294e-07
7.68507e-07
7.58429e-07
7.51365e-07
7.47844e-07
7.48446e-07
7.53015e-07
7.60836e-07
7.70649e-07
7.80456e-07
7.89944e-07
8.00195e-07
8.16573e-07
8.36168e-07
8.52138e-07
8.73034e-07
8.86022e-07
8.89382e-07
8.8161e-07
8.75044e-07
8.70805e-07
8.59845e-07
8.61856e-07
8.60273e-07
8.63632e-07
8.58405e-07
8.73287e-07
8.87669e-07
9.00202e-07
9.0019e-07
9.00358e-07
1.06217e-06
1.18091e-06
1.30384e-06
1.43034e-06
1.55926e-06
1.68734e-06
1.81171e-06
1.93267e-06
2.05129e-06
2.16447e-06
2.26735e-06
2.36306e-06
2.44826e-06
2.50684e-06
2.55319e-06
2.6296e-06
2.65328e-06
2.69515e-06
4.1994e-06
1.88124e-05
3.99805e-06
1.68515e-06
1.23775e-06
1.12061e-06
1.07755e-06
1.04221e-06
1.00271e-06
9.57411e-07
9.08649e-07
8.59788e-07
8.13313e-07
7.70449e-07
7.31501e-07
6.96417e-07
6.64969e-07
6.3682e-07
6.11544e-07
5.88663e-07
5.67758e-07
5.48587e-07
5.31053e-07
5.15057e-07
5.00434e-07
4.87127e-07
4.75413e-07
4.65993e-07
4.59803e-07
4.57713e-07
4.60253e-07
4.6749e-07
4.79034e-07
4.9412e-07
5.11739e-07
5.30814e-07
5.50414e-07
5.69907e-07
5.88977e-07
6.07507e-07
6.2545e-07
6.42754e-07
6.59324e-07
6.75024e-07
6.89712e-07
7.03239e-07
7.15423e-07
7.26122e-07
7.35372e-07
7.43483e-07
7.51028e-07
7.58881e-07
7.68267e-07
7.81085e-07
7.99789e-07
8.25716e-07
8.57986e-07
8.94817e-07
9.35723e-07
9.81303e-07
1.03142e-06
1.08399e-06
1.13522e-06
1.18113e-06
1.21894e-06
1.2478e-06
1.26873e-06
1.28388e-06
1.29546e-06
1.30515e-06
1.31405e-06
1.32277e-06
1.33145e-06
1.33999e-06
1.34804e-06
1.355e-06
1.35979e-06
1.36128e-06
1.35804e-06
1.35137e-06
1.34081e-06
1.32673e-06
1.30932e-06
1.28894e-06
1.26616e-06
1.24149e-06
1.21514e-06
1.18699e-06
1.15664e-06
1.12375e-06
1.08818e-06
1.05019e-06
1.01054e-06
9.70427e-07
9.3129e-07
8.94458e-07
8.61008e-07
8.31366e-07
8.05414e-07
7.83116e-07
7.64341e-07
7.48849e-07
7.36426e-07
7.26988e-07
7.20944e-07
7.18816e-07
7.21223e-07
7.27842e-07
7.37642e-07
7.49314e-07
7.61191e-07
7.73404e-07
7.85404e-07
8.01883e-07
8.20947e-07
8.38915e-07
8.59716e-07
8.72341e-07
8.76859e-07
8.70912e-07
8.67726e-07
8.68486e-07
8.57169e-07
8.71355e-07
8.72854e-07
8.74949e-07
8.63686e-07
8.86968e-07
9.13017e-07
9.30884e-07
9.27362e-07
9.17478e-07
7.44165e-07
8.42902e-07
9.4788e-07
1.05848e-06
1.17368e-06
1.29148e-06
1.40992e-06
1.52852e-06
1.64726e-06
1.76302e-06
1.87409e-06
1.9811e-06
2.07872e-06
2.16214e-06
2.23551e-06
2.30067e-06
2.34405e-06
2.37924e-06
2.45362e-06
2.469e-06
2.54207e-06
8.74011e-06
9.22324e-06
2.11546e-06
1.25965e-06
1.01714e-06
9.49767e-07
9.00009e-07
8.51767e-07
8.0384e-07
7.58049e-07
7.15616e-07
6.77001e-07
6.42234e-07
6.1108e-07
5.83146e-07
5.57935e-07
5.34902e-07
5.13556e-07
4.93598e-07
4.74975e-07
4.57791e-07
4.42185e-07
4.28333e-07
4.16573e-07
4.07517e-07
4.02003e-07
4.00922e-07
4.04986e-07
4.14539e-07
4.29415e-07
4.48876e-07
4.71683e-07
4.96342e-07
5.21486e-07
5.46218e-07
5.70193e-07
5.93434e-07
6.16042e-07
6.38021e-07
6.59203e-07
6.79292e-07
6.97927e-07
7.14706e-07
7.29198e-07
7.41067e-07
7.50267e-07
7.57187e-07
7.62623e-07
7.67733e-07
7.73974e-07
7.83297e-07
7.98053e-07
8.1958e-07
8.47175e-07
8.79029e-07
9.14254e-07
9.53384e-07
9.97214e-07
1.04517e-06
1.0946e-06
1.14156e-06
1.18237e-06
1.21506e-06
1.24002e-06
1.25922e-06
1.27476e-06
1.28807e-06
1.29988e-06
1.31049e-06
1.31991e-06
1.32807e-06
1.33468e-06
1.33929e-06
1.34091e-06
1.33859e-06
1.33109e-06
1.32059e-06
1.30616e-06
1.28837e-06
1.26753e-06
1.24406e-06
1.21865e-06
1.19195e-06
1.16435e-06
1.13582e-06
1.10607e-06
1.07469e-06
1.04138e-06
1.00611e-06
9.69206e-07
9.31456e-07
8.94005e-07
8.58091e-07
8.24914e-07
7.95138e-07
7.68894e-07
7.46375e-07
7.27677e-07
7.12651e-07
7.01025e-07
6.92698e-07
6.88099e-07
6.87672e-07
6.91977e-07
7.00512e-07
7.12025e-07
7.2508e-07
7.38087e-07
7.51507e-07
7.63816e-07
7.78697e-07
7.95904e-07
8.14422e-07
8.33583e-07
8.46062e-07
8.53025e-07
8.50976e-07
8.51735e-07
8.57682e-07
8.48244e-07
8.76739e-07
8.84058e-07
8.84088e-07
8.64393e-07
8.97448e-07
9.36413e-07
9.55953e-07
9.43474e-07
9.17579e-07
5.15953e-07
5.95342e-07
6.81789e-07
7.74977e-07
8.74288e-07
9.78536e-07
1.08635e-06
1.19686e-06
1.30958e-06
1.42239e-06
1.53386e-06
1.64383e-06
1.74862e-06
1.84525e-06
1.9351e-06
2.0155e-06
2.08227e-06
2.13884e-06
2.1873e-06
2.21625e-06
2.24523e-06
2.25134e-06
2.27648e-06
3.82907e-06
1.81912e-05
2.42382e-06
1.26101e-06
8.85959e-07
7.97684e-07
7.4413e-07
6.99791e-07
6.59542e-07
6.22994e-07
5.90051e-07
5.60427e-07
5.33713e-07
5.09445e-07
4.87147e-07
4.66391e-07
4.46908e-07
4.28669e-07
4.11864e-07
3.96794e-07
3.83809e-07
3.73349e-07
3.66057e-07
3.62843e-07
3.64833e-07
3.73228e-07
3.89012e-07
4.12555e-07
4.43196e-07
4.7911e-07
5.17677e-07
5.56319e-07
5.9334e-07
6.28222e-07
6.61266e-07
6.92959e-07
7.23517e-07
7.5273e-07
7.80037e-07
8.04644e-07
8.25665e-07
8.42291e-07
8.54035e-07
8.60966e-07
8.63822e-07
8.63905e-07
8.62898e-07
8.62658e-07
8.65255e-07
8.72797e-07
8.86175e-07
9.04193e-07
9.24508e-07
9.45955e-07
9.6978e-07
9.9864e-07
1.03414e-06
1.0751e-06
1.11773e-06
1.15751e-06
1.1914e-06
1.21904e-06
1.24208e-06
1.26232e-06
1.28055e-06
1.29676e-06
1.31068e-06
1.32201e-06
1.33067e-06
1.33653e-06
1.33924e-06
1.33793e-06
1.33172e-06
1.31946e-06
1.3043e-06
1.2848e-06
1.26168e-06
1.23534e-06
1.20637e-06
1.17563e-06
1.14406e-06
1.11239e-06
1.08096e-06
1.04969e-06
1.01825e-06
9.86223e-07
9.53245e-07
9.19184e-07
8.84281e-07
8.4921e-07
8.14906e-07
7.8253e-07
7.5299e-07
7.26818e-07
7.04524e-07
6.86403e-07
6.7236e-07
6.62065e-07
6.55389e-07
6.52679e-07
6.54274e-07
6.60605e-07
6.70888e-07
6.83682e-07
6.97331e-07
7.10183e-07
7.22917e-07
7.34056e-07
7.47503e-07
7.64128e-07
7.83664e-07
8.03117e-07
8.17649e-07
8.28153e-07
8.30729e-07
8.33893e-07
8.42188e-07
8.36909e-07
8.74671e-07
8.89432e-07
8.88681e-07
8.63567e-07
9.04931e-07
9.53218e-07
9.68966e-07
9.43873e-07
9.00629e-07
3.53893e-07
4.16177e-07
4.85504e-07
5.6185e-07
6.44966e-07
7.3424e-07
8.28857e-07
9.28107e-07
1.0314e-06
1.13723e-06
1.24427e-06
1.35185e-06
1.45756e-06
1.55911e-06
1.65663e-06
1.74759e-06
1.82937e-06
1.9032e-06
1.96607e-06
2.01713e-06
2.05859e-06
2.08167e-06
2.09534e-06
2.10884e-06
2.11837e-06
2.65694e-06
1.55784e-05
2.45091e-06
1.17173e-06
7.48383e-07
6.5939e-07
6.13997e-07
5.79412e-07
5.49102e-07
5.21666e-07
4.96606e-07
4.73597e-07
4.52361e-07
4.32653e-07
4.14321e-07
3.97399e-07
3.8214e-07
3.68986e-07
3.58518e-07
3.51472e-07
3.4885e-07
3.52085e-07
3.63139e-07
3.84407e-07
4.18253e-07
4.66029e-07
5.2688e-07
5.97156e-07
6.71157e-07
7.43141e-07
8.09418e-07
8.69148e-07
9.235e-07
9.74101e-07
1.0219e-06
1.06676e-06
1.10762e-06
1.14278e-06
1.17038e-06
1.18895e-06
1.19792e-06
1.19785e-06
1.1903e-06
1.17753e-06
1.16215e-06
1.14665e-06
1.13327e-06
1.12372e-06
1.11802e-06
1.11402e-06
1.10885e-06
1.10179e-06
1.09583e-06
1.09607e-06
1.10634e-06
1.12678e-06
1.15395e-06
1.18303e-06
1.21039e-06
1.23528e-06
1.25899e-06
1.28273e-06
1.3062e-06
1.3281e-06
1.34707e-06
1.3622e-06
1.37318e-06
1.37991e-06
1.38203e-06
1.37857e-06
1.36851e-06
1.35064e-06
1.3293e-06
1.30244e-06
1.27094e-06
1.23542e-06
1.19674e-06
1.15618e-06
1.11518e-06
1.07508e-06
1.03676e-06
1.00059e-06
9.66431e-07
9.33756e-07
9.01834e-07
8.69966e-07
8.37739e-07
8.05215e-07
7.72883e-07
7.41705e-07
7.12776e-07
6.8707e-07
6.65449e-07
6.48393e-07
6.35844e-07
6.27413e-07
6.22928e-07
6.22607e-07
6.26674e-07
6.35295e-07
6.47228e-07
6.60731e-07
6.73883e-07
6.85135e-07
6.95282e-07
7.04071e-07
7.17012e-07
7.35707e-07
7.59152e-07
7.83314e-07
8.03894e-07
8.20261e-07
8.28347e-07
8.33702e-07
8.41958e-07
8.41882e-07
8.78427e-07
8.98315e-07
8.99079e-07
8.76367e-07
9.20501e-07
9.69721e-07
9.7691e-07
9.4056e-07
8.85291e-07
2.39633e-07
2.87553e-07
3.42022e-07
4.03251e-07
4.7128e-07
5.45905e-07
6.26731e-07
7.13306e-07
8.05153e-07
9.0131e-07
1.00074e-06
1.1026e-06
1.20512e-06
1.30639e-06
1.40583e-06
1.50149e-06
1.59125e-06
1.67546e-06
1.75097e-06
1.81781e-06
1.87551e-06
1.91924e-06
1.95161e-06
1.97218e-06
1.97888e-06
2.00516e-06
2.02149e-06
2.40098e-06
1.37765e-05
2.22409e-06
1.01114e-06
6.5387e-07
5.79124e-07
5.46029e-07
5.20231e-07
4.96562e-07
4.7418e-07
4.53165e-07
4.3368e-07
4.15916e-07
4.00198e-07
3.87088e-07
3.77459e-07
3.72519e-07
3.73844e-07
3.83547e-07
4.04591e-07
4.41067e-07
4.98066e-07
5.80683e-07
6.91764e-07
8.29047e-07
9.83772e-07
1.14251e-06
1.29202e-06
1.42421e-06
1.53794e-06
1.63687e-06
1.72567e-06
1.80729e-06
1.882e-06
1.94778e-06
2.00113e-06
2.03832e-06
2.05685e-06
2.05628e-06
2.0383e-06
2.00615e-06
1.96386e-06
1.91553e-06
1.86456e-06
1.81346e-06
1.76336e-06
1.71325e-06
1.66023e-06
1.60177e-06
1.53889e-06
1.4772e-06
1.42415e-06
1.38501e-06
1.36079e-06
1.3489e-06
1.34546e-06
1.34778e-06
1.35565e-06
1.37033e-06
1.39208e-06
1.41882e-06
1.44708e-06
1.47355e-06
1.49583e-06
1.5128e-06
1.52382e-06
1.52795e-06
1.52353e-06
1.50896e-06
1.48272e-06
1.45116e-06
1.41142e-06
1.36469e-06
1.31212e-06
1.25534e-06
1.19657e-06
1.13829e-06
1.08275e-06
1.03163e-06
9.85818e-07
9.45395e-07
9.09626e-07
8.77186e-07
8.46535e-07
8.16387e-07
7.86064e-07
7.55565e-07
7.25623e-07
6.97454e-07
6.72382e-07
6.51578e-07
6.35727e-07
6.24871e-07
6.18673e-07
6.17026e-07
6.20148e-07
6.28208e-07
6.40854e-07
6.55942e-07
6.71006e-07
6.83763e-07
6.93001e-07
6.99789e-07
7.06016e-07
7.19134e-07
7.42289e-07
7.74294e-07
8.09677e-07
8.42308e-07
8.68738e-07
8.84819e-07
8.94762e-07
9.03417e-07
9.08319e-07
9.36711e-07
9.5738e-07
9.60991e-07
9.48744e-07
9.91097e-07
1.0341e-06
1.03245e-06
9.91451e-07
9.33782e-07
1.59572e-07
1.95809e-07
2.37859e-07
2.86097e-07
3.40777e-07
4.0198e-07
4.69628e-07
5.43529e-07
6.23396e-07
7.08644e-07
7.98538e-07
8.92337e-07
9.88771e-07
1.08632e-06
1.18405e-06
1.28029e-06
1.37318e-06
1.4625e-06
1.54574e-06
1.62257e-06
1.69209e-06
1.75111e-06
1.80029e-06
1.83796e-06
1.86407e-06
1.88514e-06
1.89271e-06
1.9153e-06
1.93896e-06
2.40706e-06
1.31095e-05
1.91071e-06
9.0514e-07
6.88795e-07
6.30226e-07
6.03013e-07
5.7815e-07
5.53798e-07
5.30866e-07
5.10545e-07
4.94177e-07
4.83427e-07
4.80517e-07
4.88389e-07
5.10755e-07
5.52389e-07
6.19779e-07
7.21592e-07
8.68267e-07
1.06966e-06
1.33013e-06
1.64251e-06
1.98555e-06
2.32856e-06
2.64244e-06
2.91054e-06
3.13207e-06
3.31686e-06
3.47674e-06
3.61926e-06
3.74586e-06
3.85287e-06
3.93354e-06
3.981e-06
3.99117e-06
3.96432e-06
3.90454e-06
3.8182e-06
3.71242e-06
3.59368e-06
3.46676e-06
3.33446e-06
3.19736e-06
3.05387e-06
2.90141e-06
2.73929e-06
2.57163e-06
2.40701e-06
2.25433e-06
2.11901e-06
2.00247e-06
1.90411e-06
1.82354e-06
1.76181e-06
1.72138e-06
1.70436e-06
1.70983e-06
1.73289e-06
1.76648e-06
1.80364e-06
1.83891e-06
1.8688e-06
1.89071e-06
1.90164e-06
1.89793e-06
1.87647e-06
1.83493e-06
1.78385e-06
1.71891e-06
1.64202e-06
1.55567e-06
1.4633e-06
1.36932e-06
1.27845e-06
1.19468e-06
1.12079e-06
1.05818e-06
1.00686e-06
9.65386e-07
9.31179e-07
9.01154e-07
8.72588e-07
8.43794e-07
8.14319e-07
7.84857e-07
7.56858e-07
7.31963e-07
7.1159e-07
6.96636e-07
6.87307e-07
6.83528e-07
6.85659e-07
6.94482e-07
7.1049e-07
7.32619e-07
7.56724e-07
7.78501e-07
7.94728e-07
8.04572e-07
8.09838e-07
8.14977e-07
8.29475e-07
8.60322e-07
9.08637e-07
9.66023e-07
1.02044e-06
1.06408e-06
1.09302e-06
1.11109e-06
1.12213e-06
1.13116e-06
1.15296e-06
1.17241e-06
1.17901e-06
1.18182e-06
1.22547e-06
1.26491e-06
1.26264e-06
1.22693e-06
1.17639e-06
1.03849e-07
1.30792e-07
1.62726e-07
2.00119e-07
2.43365e-07
2.92744e-07
3.48412e-07
4.10402e-07
4.78632e-07
5.52805e-07
6.32458e-07
7.17028e-07
8.05605e-07
8.97034e-07
9.90354e-07
1.08422e-06
1.17694e-06
1.26782e-06
1.35485e-06
1.43734e-06
1.51433e-06
1.58351e-06
1.64478e-06
1.69639e-06
1.73845e-06
1.77225e-06
1.79505e-06
1.81341e-06
1.81988e-06
1.83827e-06
1.87721e-06
2.6629e-06
6.13023e-06
1.95619e-06
1.13033e-06
1.00463e-06
9.57495e-07
9.19121e-07
8.82783e-07
8.51488e-07
8.29434e-07
8.21302e-07
8.32803e-07
8.71053e-07
9.44457e-07
1.06324e-06
1.24072e-06
1.49391e-06
1.84221e-06
2.30204e-06
2.87725e-06
3.54764e-06
4.26538e-06
4.96592e-06
5.59083e-06
6.10916e-06
6.52281e-06
6.85488e-06
7.13178e-06
7.37035e-06
7.57476e-06
7.73883e-06
7.85072e-06
7.89871e-06
7.8768e-06
7.78711e-06
7.63827e-06
7.44224e-06
7.21128e-06
6.95563e-06
6.68203e-06
6.39375e-06
6.09121e-06
5.77331e-06
5.43956e-06
5.09278e-06
4.74093e-06
4.39491e-06
4.06337e-06
3.75017e-06
3.45693e-06
3.18728e-06
2.94856e-06
2.75039e-06
2.60175e-06
2.50773e-06
2.46641e-06
2.46879e-06
2.50206e-06
2.55296e-06
2.61005e-06
2.66453e-06
2.70885e-06
2.73494e-06
2.73465e-06
2.70159e-06
2.63183e-06
2.544e-06
2.43103e-06
2.29625e-06
2.14481e-06
1.98381e-06
1.82231e-06
1.6697e-06
1.53354e-06
1.41856e-06
1.32668e-06
1.25721e-06
1.20685e-06
1.17024e-06
1.14115e-06
1.11413e-06
1.08584e-06
1.05542e-06
1.02406e-06
9.94017e-07
9.67666e-07
9.46865e-07
9.32672e-07
9.25182e-07
9.24635e-07
9.3258e-07
9.51554e-07
9.8345e-07
1.02662e-06
1.07265e-06
1.1131e-06
1.14225e-06
1.15965e-06
1.1687e-06
1.17684e-06
1.19705e-06
1.24377e-06
1.32355e-06
1.4218e-06
1.51422e-06
1.5868e-06
1.6361e-06
1.66592e-06
1.68033e-06
1.69174e-06
1.71173e-06
1.73134e-06
1.74167e-06
1.76167e-06
1.81824e-06
1.8683e-06
1.88059e-06
1.86021e-06
1.82271e-06
6.54047e-08
8.50723e-08
1.08918e-07
1.37446e-07
1.71127e-07
2.10367e-07
2.55486e-07
3.06699e-07
3.64108e-07
4.27649e-07
4.97098e-07
5.72089e-07
6.52e-07
7.35978e-07
8.23167e-07
9.12471e-07
1.00248e-06
1.09233e-06
1.1803e-06
1.26538e-06
1.34657e-06
1.42205e-06
1.49137e-06
1.55294e-06
1.60669e-06
1.65252e-06
1.6891e-06
1.71829e-06
1.73723e-06
1.75215e-06
1.7576e-06
1.77135e-06
1.88098e-06
4.6967e-06
3.67772e-06
2.4016e-06
2.03019e-06
1.93085e-06
1.85779e-06
1.79661e-06
1.75759e-06
1.7527e-06
1.79544e-06
1.90162e-06
2.08852e-06
2.37571e-06
2.78747e-06
3.35312e-06
4.10358e-06
5.06079e-06
6.22088e-06
7.53513e-06
8.90701e-06
1.02146e-05
1.13534e-05
1.2273e-05
1.29836e-05
1.3533e-05
1.39734e-05
1.43376e-05
1.46352e-05
1.48569e-05
1.49837e-05
1.49975e-05
1.48906e-05
1.46689e-05
1.43487e-05
1.39512e-05
1.34968e-05
1.30013e-05
1.24743e-05
1.19198e-05
1.13387e-05
1.07318e-05
1.01026e-05
9.45863e-06
8.81133e-06
8.17196e-06
7.54611e-06
6.93386e-06
6.33711e-06
5.76699e-06
5.24461e-06
4.79509e-06
4.4401e-06
4.19171e-06
4.04829e-06
3.99574e-06
4.01307e-06
4.07705e-06
4.16606e-06
4.26128e-06
4.34513e-06
4.39938e-06
4.40722e-06
4.35625e-06
4.2396e-06
4.08978e-06
3.89485e-06
3.66032e-06
3.39558e-06
3.11396e-06
2.83285e-06
2.57042e-06
2.34103e-06
2.15329e-06
2.01033e-06
1.91008e-06
1.84554e-06
1.80587e-06
1.7787e-06
1.75332e-06
1.72341e-06
1.68777e-06
1.64906e-06
1.61172e-06
1.58019e-06
1.55763e-06
1.54531e-06
1.5421e-06
1.54807e-06
1.56682e-06
1.60435e-06
1.66583e-06
1.74951e-06
1.83881e-06
1.91739e-06
1.97363e-06
2.0085e-06
2.0291e-06
2.04714e-06
2.08222e-06
2.16073e-06
2.29761e-06
2.46595e-06
2.61914e-06
2.73506e-06
2.81302e-06
2.85722e-06
2.87355e-06
2.88389e-06
2.90362e-06
2.92535e-06
2.94104e-06
2.98039e-06
3.06392e-06
3.14132e-06
3.18118e-06
3.18174e-06
3.15828e-06
3.92433e-08
5.32678e-08
7.073e-08
9.21222e-08
1.17943e-07
1.48664e-07
1.84708e-07
2.26423e-07
2.74063e-07
3.27749e-07
3.87461e-07
4.53031e-07
5.24077e-07
6.00005e-07
6.80121e-07
7.63536e-07
8.49095e-07
9.35898e-07
1.02253e-06
1.10791e-06
1.1909e-06
1.26992e-06
1.34427e-06
1.41258e-06
1.47452e-06
1.5296e-06
1.57692e-06
1.61692e-06
1.64798e-06
1.67236e-06
1.6881e-06
1.70091e-06
1.71567e-06
1.75902e-06
2.14502e-06
1.035e-05
4.74573e-06
4.3431e-06
4.20396e-06
4.08636e-06
4.00974e-06
4.008e-06
4.11195e-06
4.35351e-06
4.7638e-06
5.37523e-06
6.22553e-06
7.35686e-06
8.80854e-06
1.05989e-05
1.27005e-05
1.50125e-05
1.73626e-05
1.95481e-05
2.14055e-05
2.28656e-05
2.39578e-05
2.47691e-05
2.53899e-05
2.58767e-05
2.62469e-05
2.6488e-05
2.65725e-05
2.64755e-05
2.61882e-05
2.57233e-05
2.51089e-05
2.43796e-05
2.35673e-05
2.26961e-05
2.17794e-05
2.08223e-05
1.98264e-05
1.87958e-05
1.7739e-05
1.66684e-05
1.55969e-05
1.4533e-05
1.34754e-05
1.2418e-05
1.13633e-05
1.03336e-05
9.37011e-06
8.52124e-06
7.82874e-06
7.31733e-06
6.98862e-06
6.82375e-06
6.79221e-06
6.85748e-06
6.98314e-06
7.13455e-06
7.27706e-06
7.37513e-06
7.39773e-06
7.32294e-06
7.13944e-06
6.90009e-06
6.58551e-06
6.20374e-06
5.76957e-06
5.30484e-06
4.83939e-06
4.40508e-06
4.02733e-06
3.72196e-06
3.49524e-06
3.34399e-06
3.25562e-06
3.2102e-06
3.18478e-06
3.15947e-06
3.12277e-06
3.07324e-06
3.01659e-06
2.96173e-06
2.91762e-06
2.8907e-06
2.88294e-06
2.88923e-06
2.90834e-06
2.94725e-06
3.01682e-06
3.12761e-06
3.27828e-06
3.43865e-06
3.57965e-06
3.67641e-06
3.73551e-06
3.77331e-06
3.80762e-06
3.86787e-06
3.99655e-06
4.21983e-06
4.48952e-06
4.72215e-06
4.88799e-06
4.9978e-06
5.05512e-06
5.06846e-06
5.07206e-06
5.08925e-06
5.11311e-06
5.13366e-06
5.19224e-06
5.30908e-06
5.41933e-06
5.48648e-06
5.50349e-06
5.48861e-06
2.1885e-08
3.15373e-08
4.39864e-08
5.96911e-08
7.91353e-08
1.02807e-07
1.31183e-07
1.64694e-07
2.03705e-07
2.48482e-07
2.99173e-07
3.55787e-07
4.18151e-07
4.859e-07
5.58518e-07
6.35314e-07
7.15356e-07
7.97793e-07
8.81438e-07
9.65223e-07
1.04808e-06
1.12856e-06
1.20575e-06
1.27834e-06
1.34585e-06
1.40761e-06
1.46291e-06
1.51163e-06
1.55265e-06
1.58685e-06
1.61321e-06
1.63421e-06
1.65087e-06
1.66809e-06
1.69635e-06
1.79657e-06
2.69646e-06
7.32833e-06
8.86254e-06
8.97274e-06
8.89247e-06
8.90031e-06
9.10644e-06
9.57843e-06
1.03657e-05
1.15128e-05
1.30672e-05
1.50745e-05
1.75676e-05
2.05393e-05
2.39132e-05
2.75105e-05
3.10629e-05
3.42772e-05
3.6936e-05
3.89652e-05
4.04288e-05
4.14665e-05
4.22146e-05
4.2756e-05
4.31173e-05
4.32816e-05
4.32131e-05
4.28808e-05
4.2277e-05
4.14238e-05
4.03648e-05
3.91517e-05
3.78315e-05
3.64389e-05
3.49926e-05
3.34991e-05
3.19611e-05
3.0385e-05
2.8784e-05
2.71732e-05
2.55641e-05
2.39583e-05
2.23447e-05
2.07098e-05
1.90578e-05
1.74249e-05
1.58763e-05
1.44884e-05
1.33279e-05
1.24369e-05
1.18242e-05
1.14689e-05
1.13332e-05
1.13671e-05
1.15164e-05
1.1726e-05
1.19371e-05
1.20889e-05
1.21309e-05
1.20284e-05
1.17651e-05
1.14192e-05
1.09618e-05
1.04028e-05
9.76227e-06
9.07079e-06
8.37268e-06
7.71628e-06
7.14126e-06
6.67428e-06
6.32831e-06
6.10098e-06
5.97361e-06
5.91413e-06
5.8845e-06
5.85121e-06
5.79537e-06
5.71568e-06
5.62291e-06
5.53331e-06
5.46358e-06
5.42647e-06
5.42575e-06
5.44573e-06
5.48301e-06
5.55172e-06
5.66753e-06
5.84714e-06
6.08943e-06
6.34556e-06
6.57029e-06
6.70801e-06
6.78163e-06
6.83116e-06
6.87976e-06
6.96551e-06
7.14759e-06
7.46581e-06
7.84212e-06
8.14014e-06
8.33383e-06
8.4647e-06
8.52679e-06
8.52861e-06
8.51735e-06
8.52689e-06
8.55104e-06
8.56998e-06
8.63661e-06
8.77308e-06
8.89923e-06
8.97292e-06
8.98734e-06
8.96601e-06
1.09289e-08
1.71756e-08
2.56814e-08
3.6862e-08
5.11652e-08
6.90647e-08
9.10457e-08
1.1758e-07
1.49102e-07
1.85981e-07
2.28494e-07
2.76803e-07
3.30913e-07
3.90656e-07
4.55702e-07
5.25545e-07
5.9946e-07
6.76694e-07
7.56247e-07
8.37121e-07
9.18302e-07
9.98499e-07
1.07677e-06
1.15182e-06
1.22292e-06
1.28934e-06
1.35039e-06
1.40574e-06
1.45453e-06
1.49701e-06
1.53249e-06
1.56222e-06
1.58637e-06
1.60657e-06
1.62566e-06
1.64127e-06
1.6954e-06
2.06554e-06
9.53521e-06
1.64706e-05
1.80018e-05
1.83392e-05
1.87287e-05
1.95235e-05
2.08298e-05
2.27029e-05
2.51849e-05
2.83004e-05
3.2048e-05
3.63587e-05
4.10833e-05
4.59512e-05
5.06027e-05
5.46779e-05
5.79393e-05
6.03379e-05
6.19893e-05
6.30891e-05
6.3813e-05
6.42643e-05
6.44727e-05
6.4415e-05
6.40471e-05
6.33339e-05
6.22704e-05
6.08896e-05
5.92517e-05
5.7427e-05
5.54797e-05
5.34568e-05
5.13839e-05
4.92697e-05
4.71171e-05
4.49333e-05
4.27318e-05
4.05268e-05
3.83242e-05
3.61159e-05
3.38812e-05
3.16021e-05
2.92878e-05
2.69895e-05
2.47945e-05
2.28033e-05
2.11047e-05
1.97574e-05
1.87788e-05
1.81511e-05
1.78385e-05
1.77826e-05
1.79124e-05
1.81516e-05
1.84145e-05
1.86096e-05
1.86645e-05
1.85308e-05
1.81894e-05
1.77454e-05
1.71598e-05
1.64433e-05
1.56182e-05
1.4721e-05
1.3807e-05
1.29371e-05
1.21634e-05
1.15246e-05
1.10438e-05
1.07226e-05
1.05382e-05
1.04464e-05
1.03926e-05
1.03279e-05
1.02262e-05
1.00884e-05
9.93218e-06
9.78329e-06
9.66883e-06
9.61103e-06
9.61653e-06
9.64273e-06
9.68505e-06
9.77789e-06
9.93911e-06
1.01893e-05
1.05254e-05
1.08804e-05
1.11959e-05
1.13449e-05
1.13882e-05
1.14249e-05
1.14725e-05
1.15633e-05
1.17638e-05
1.21314e-05
1.2554e-05
1.28324e-05
1.2983e-05
1.31087e-05
1.31647e-05
1.31492e-05
1.3117e-05
1.31144e-05
1.31391e-05
1.31404e-05
1.3181e-05
1.32929e-05
1.33919e-05
1.34319e-05
1.34122e-05
1.33595e-05
4.65202e-09
8.26826e-09
1.36634e-08
2.12345e-08
3.13952e-08
4.45869e-08
6.12765e-08
8.19436e-08
1.07053e-07
1.37037e-07
1.72267e-07
2.13021e-07
2.59454e-07
3.11568e-07
3.69206e-07
4.3204e-07
4.99538e-07
5.71075e-07
6.45818e-07
7.22868e-07
8.01284e-07
8.79905e-07
9.57782e-07
1.03372e-06
1.1069e-06
1.17639e-06
1.24151e-06
1.30176e-06
1.35645e-06
1.4055e-06
1.44837e-06
1.48572e-06
1.51741e-06
1.54416e-06
1.56682e-06
1.585e-06
1.60783e-06
1.64322e-06
1.7882e-06
3.27348e-06
2.51518e-05
3.31177e-05
3.49646e-05
3.62514e-05
3.80911e-05
4.06867e-05
4.40724e-05
4.82127e-05
5.30444e-05
5.83899e-05
6.40283e-05
6.96151e-05
7.4744e-05
7.90519e-05
8.2343e-05
8.46328e-05
8.60963e-05
8.69679e-05
8.74385e-05
8.7611e-05
8.75047e-05
8.70846e-05
8.62972e-05
8.51031e-05
8.34999e-05
8.15293e-05
7.92648e-05
7.6793e-05
7.41947e-05
7.15293e-05
6.88306e-05
6.61108e-05
6.33722e-05
6.06188e-05
5.78594e-05
5.51009e-05
5.23403e-05
4.95602e-05
4.67352e-05
4.38517e-05
4.093e-05
3.80357e-05
3.52698e-05
3.27428e-05
3.05511e-05
2.87587e-05
2.7389e-05
2.64324e-05
2.58722e-05
2.56532e-05
2.56903e-05
2.58924e-05
2.61524e-05
2.63483e-05
2.63899e-05
2.62173e-05
2.58148e-05
2.53124e-05
2.46629e-05
2.38751e-05
2.29699e-05
2.19842e-05
2.09732e-05
1.99974e-05
1.91114e-05
1.83615e-05
1.77796e-05
1.73735e-05
1.71192e-05
1.69649e-05
1.68448e-05
1.67003e-05
1.65052e-05
1.62684e-05
1.60154e-05
1.57813e-05
1.56029e-05
1.55137e-05
1.55226e-05
1.55218e-05
1.55104e-05
1.55797e-05
1.57462e-05
1.60284e-05
1.64173e-05
1.68389e-05
1.72363e-05
1.733e-05
1.72525e-05
1.72437e-05
1.72808e-05
1.73489e-05
1.74947e-05
1.78059e-05
1.81379e-05
1.8232e-05
1.82376e-05
1.83472e-05
1.84081e-05
1.83899e-05
1.83462e-05
1.83383e-05
1.83744e-05
1.8329e-05
1.82812e-05
1.82999e-05
1.83173e-05
1.82761e-05
1.81882e-05
1.80738e-05
1.6159e-09
3.36031e-09
6.36663e-09
1.10661e-08
1.78797e-08
2.72281e-08
3.95512e-08
5.53116e-08
7.49808e-08
9.90159e-08
1.27846e-07
1.61836e-07
2.01254e-07
2.46245e-07
2.96806e-07
3.52773e-07
4.13794e-07
4.79387e-07
5.4888e-07
6.21491e-07
6.96367e-07
7.72465e-07
8.48858e-07
9.24431e-07
9.98321e-07
1.0696e-06
1.13745e-06
1.20125e-06
1.26033e-06
1.31448e-06
1.3632e-06
1.40681e-06
1.44505e-06
1.47828e-06
1.50662e-06
1.53015e-06
1.55243e-06
1.57589e-06
1.60254e-06
1.70262e-06
2.2886e-06
2.54149e-05
5.50163e-05
6.0338e-05
6.28157e-05
6.57497e-05
6.95376e-05
7.40744e-05
7.92486e-05
8.47018e-05
9.0206e-05
9.54014e-05
9.99101e-05
0.00010345
0.000105933
0.000107465
0.00010827
0.000108585
0.000108577
0.000108318
0.000107798
0.000106963
0.000105745
0.000104097
0.000102015
9.95417e-05
9.67553e-05
9.37528e-05
9.06278e-05
8.74506e-05
8.4263e-05
8.10816e-05
7.79083e-05
7.47404e-05
7.15758e-05
6.84098e-05
6.52289e-05
6.20101e-05
5.87328e-05
5.53987e-05
5.20468e-05
4.87546e-05
4.5625e-05
4.27583e-05
4.02364e-05
3.81097e-05
3.63985e-05
3.51055e-05
3.42585e-05
3.38188e-05
3.36872e-05
3.37687e-05
3.39501e-05
3.40852e-05
3.4076e-05
3.38551e-05
3.34181e-05
3.29169e-05
3.2299e-05
3.15679e-05
3.07401e-05
2.98476e-05
2.8933e-05
2.80386e-05
2.72064e-05
2.64784e-05
2.58874e-05
2.54424e-05
2.51194e-05
2.48663e-05
2.46188e-05
2.43237e-05
2.39735e-05
2.3597e-05
2.32266e-05
2.28995e-05
2.26564e-05
2.25414e-05
2.25633e-05
2.24739e-05
2.22829e-05
2.22209e-05
2.2304e-05
2.25424e-05
2.2914e-05
2.33561e-05
2.38387e-05
2.38034e-05
2.3492e-05
2.34475e-05
2.35358e-05
2.36121e-05
2.36446e-05
2.37964e-05
2.38878e-05
2.36279e-05
2.34532e-05
2.36293e-05
2.37631e-05
2.37917e-05
2.37646e-05
2.37689e-05
2.38326e-05
2.36945e-05
2.34775e-05
2.33462e-05
2.32534e-05
2.30916e-05
2.29065e-05
2.26955e-05
4.56399e-10
1.11823e-09
2.49421e-09
5.0206e-09
9.16376e-09
1.5375e-08
2.40929e-08
3.57585e-08
5.08308e-08
6.9773e-08
9.30387e-08
1.21046e-07
1.54145e-07
1.92592e-07
2.36516e-07
2.85901e-07
3.40555e-07
4.00146e-07
4.64157e-07
5.31936e-07
6.02731e-07
6.75618e-07
7.49709e-07
8.23966e-07
8.97507e-07
9.69407e-07
1.03884e-06
1.10509e-06
1.1674e-06
1.22544e-06
1.27873e-06
1.32738e-06
1.37105e-06
1.40993e-06
1.44387e-06
1.47291e-06
1.49902e-06
1.52307e-06
1.54652e-06
1.58091e-06
1.65454e-06
2.00375e-06
1.54228e-05
8.2115e-05
9.2095e-05
9.52458e-05
9.84672e-05
0.000102237
0.000106579
0.000110767
0.000114756
0.000118252
0.000120971
0.000122769
0.000123691
0.000123929
0.000123719
0.00012326
0.000122659
0.000121932
0.000121031
0.000119871
0.000118366
0.000116455
0.000114121
0.000111397
0.000108355
0.000105095
0.000101717
9.82978e-05
9.48864e-05
9.15037e-05
8.81513e-05
8.48183e-05
8.14894e-05
7.81469e-05
7.47689e-05
7.13328e-05
6.78303e-05
6.42861e-05
6.076e-05
5.73373e-05
5.4112e-05
5.11572e-05
4.85217e-05
4.62244e-05
4.42743e-05
4.26887e-05
4.15691e-05
4.09072e-05
4.05812e-05
4.05009e-05
4.05653e-05
4.06108e-05
4.05434e-05
4.02881e-05
3.98552e-05
3.94157e-05
3.89153e-05
3.83451e-05
3.77165e-05
3.70575e-05
3.63937e-05
3.57401e-05
3.51154e-05
3.45449e-05
3.40484e-05
3.36252e-05
3.32474e-05
3.28674e-05
3.24374e-05
3.19314e-05
3.13884e-05
3.08759e-05
3.04243e-05
3.00522e-05
2.97905e-05
2.96964e-05
2.97784e-05
2.95361e-05
2.89925e-05
2.86572e-05
2.85638e-05
2.8711e-05
2.90491e-05
2.95246e-05
3.01532e-05
2.99781e-05
2.9366e-05
2.94092e-05
2.97603e-05
3.00278e-05
2.99797e-05
2.99615e-05
2.97559e-05
2.91037e-05
2.89045e-05
2.93787e-05
2.96863e-05
2.97942e-05
2.97687e-05
2.97466e-05
2.97938e-05
2.94847e-05
2.90221e-05
2.87298e-05
2.85402e-05
2.82069e-05
2.78761e-05
2.75087e-05
1.09083e-10
3.09029e-10
8.09297e-10
1.9197e-09
4.08265e-09
7.79533e-09
1.35467e-08
2.17953e-08
3.29898e-08
4.75863e-08
6.60429e-08
8.88057e-08
1.16276e-07
1.48791e-07
1.86585e-07
2.29766e-07
2.78291e-07
3.31966e-07
3.90425e-07
4.53152e-07
5.19509e-07
5.88688e-07
6.59865e-07
7.32077e-07
8.04448e-07
8.76064e-07
9.46095e-07
1.01377e-06
1.07835e-06
1.13931e-06
1.19613e-06
1.24878e-06
1.29689e-06
1.3405e-06
1.3794e-06
1.41348e-06
1.44405e-06
1.47142e-06
1.49679e-06
1.52485e-06
1.56108e-06
1.62054e-06
1.82947e-06
6.95003e-06
0.000105888
0.000122088
0.000124898
0.000126734
0.000129258
0.000130927
0.000132309
0.000133246
0.000133552
0.000133198
0.000132326
0.000131162
0.000129913
0.000128707
0.00012758
0.000126494
0.000125365
0.000124084
0.000122542
0.000120658
0.000118392
0.000115758
0.00011281
0.000109642
0.000106358
0.000103037
9.97296e-05
9.64591e-05
9.32269e-05
9.00154e-05
8.67979e-05
8.35474e-05
8.02394e-05
7.68562e-05
7.34039e-05
6.9927e-05
6.64992e-05
6.32053e-05
6.01235e-05
5.72939e-05
5.47267e-05
5.24054e-05
5.03268e-05
4.85265e-05
4.72072e-05
4.64037e-05
4.59593e-05
4.57871e-05
4.5806e-05
4.58348e-05
4.57891e-05
4.55796e-05
4.52235e-05
4.49046e-05
4.45708e-05
4.41869e-05
4.37597e-05
4.33229e-05
4.28966e-05
4.24796e-05
4.20727e-05
4.1681e-05
4.13029e-05
4.09184e-05
4.04896e-05
3.99747e-05
3.9351e-05
3.8638e-05
3.79508e-05
3.74137e-05
3.70318e-05
3.67536e-05
3.65782e-05
3.6592e-05
3.68167e-05
3.64032e-05
3.53698e-05
3.46703e-05
3.43959e-05
3.45379e-05
3.49871e-05
3.56238e-05
3.64926e-05
3.6266e-05
3.53966e-05
3.57384e-05
3.66565e-05
3.74326e-05
3.73868e-05
3.72372e-05
3.67596e-05
3.58296e-05
3.58726e-05
3.68602e-05
3.72735e-05
3.73007e-05
3.70621e-05
3.67696e-05
3.6559e-05
3.59362e-05
3.51652e-05
3.46988e-05
3.43668e-05
3.37038e-05
3.30847e-05
3.24288e-05
2.33873e-11
7.42918e-11
2.22994e-10
6.17158e-10
1.5431e-09
3.44257e-09
6.84149e-09
1.22633e-08
2.01914e-08
3.10851e-08
4.53992e-08
6.3588e-08
8.60847e-08
1.13275e-07
1.45474e-07
1.82894e-07
2.25611e-07
2.73566e-07
3.26532e-07
3.84127e-07
4.45832e-07
5.10964e-07
5.78775e-07
6.48384e-07
7.18941e-07
7.89552e-07
8.59382e-07
9.27647e-07
9.93586e-07
1.05663e-06
1.11615e-06
1.17196e-06
1.22366e-06
1.27117e-06
1.31429e-06
1.3528e-06
1.38757e-06
1.41878e-06
1.44726e-06
1.4758e-06
1.50638e-06
1.54266e-06
1.59495e-06
1.78839e-06
3.45047e-06
0.000115761
0.000140706
0.000142011
0.000142957
0.000141632
0.000140198
0.000138675
0.000136899
0.00013484
0.000132654
0.000130533
0.000128611
0.000126949
0.000125528
0.000124285
0.000123123
0.000121927
0.000120573
0.00011896
0.000117026
0.000114759
0.000112191
0.000109409
0.000106514
0.000103585
0.000100668
9.7783e-05
9.49292e-05
9.20848e-05
8.92173e-05
8.6298e-05
8.33059e-05
8.02309e-05
7.70887e-05
7.39317e-05
7.08326e-05
6.78642e-05
6.50855e-05
6.25075e-05
6.01129e-05
5.78613e-05
5.5748e-05
5.38324e-05
5.24317e-05
5.16366e-05
5.12515e-05
5.11774e-05
5.13399e-05
5.15331e-05
5.16805e-05
5.16731e-05
5.15174e-05
5.13915e-05
5.12499e-05
5.10109e-05
5.06766e-05
5.02977e-05
4.99137e-05
4.95345e-05
4.91638e-05
4.87991e-05
4.84234e-05
4.8e-05
4.74811e-05
4.6831e-05
4.60518e-05
4.52149e-05
4.45316e-05
4.41973e-05
4.41507e-05
4.41684e-05
4.41817e-05
4.43486e-05
4.47427e-05
4.41952e-05
4.26738e-05
4.16425e-05
4.13008e-05
4.16505e-05
4.24739e-05
4.34086e-05
4.44489e-05
4.42258e-05
4.3189e-05
4.38513e-05
4.5368e-05
4.68029e-05
4.66326e-05
4.61742e-05
4.52978e-05
4.40838e-05
4.42826e-05
4.55091e-05
4.54967e-05
4.49131e-05
4.39572e-05
4.29014e-05
4.19675e-05
4.08202e-05
3.96771e-05
3.88882e-05
3.81284e-05
3.68269e-05
3.56742e-05
3.45432e-05
4.72877e-12
1.63995e-11
5.47423e-11
1.72091e-10
4.98315e-10
1.30164e-09
3.02223e-09
6.21114e-09
1.14254e-08
1.91739e-08
2.99276e-08
4.41411e-08
6.22619e-08
8.47098e-08
1.11852e-07
1.43977e-07
1.81266e-07
2.23774e-07
2.71402e-07
3.23897e-07
3.80861e-07
4.41734e-07
5.05859e-07
5.72444e-07
6.40681e-07
7.0971e-07
7.787e-07
8.46858e-07
9.13413e-07
9.77753e-07
1.03923e-06
1.09749e-06
1.15209e-06
1.20281e-06
1.24947e-06
1.29178e-06
1.33031e-06
1.36519e-06
1.39698e-06
1.42759e-06
1.45816e-06
1.49014e-06
1.52758e-06
1.58092e-06
1.74655e-06
2.70887e-06
0.000109584
0.000143979
0.000147818
0.000144372
0.000140947
0.000137962
0.000135224
0.000132523
0.000129965
0.000127664
0.000125658
0.000123954
0.000122523
0.000121311
0.000120245
0.000119225
0.00011813
0.000116853
0.000115323
0.000113506
0.000111417
0.00010914
0.000106769
0.000104377
0.000102001
9.96468e-05
9.7309e-05
9.49632e-05
9.25775e-05
9.01282e-05
8.76027e-05
8.49989e-05
8.23353e-05
7.96594e-05
7.70286e-05
7.4494e-05
7.20937e-05
6.98191e-05
6.76415e-05
6.55172e-05
6.34542e-05
6.15396e-05
6.01877e-05
5.95523e-05
5.9409e-05
5.9624e-05
6.01034e-05
6.06167e-05
6.10958e-05
6.14261e-05
6.15904e-05
6.17312e-05
6.18047e-05
6.16641e-05
6.13021e-05
6.07918e-05
6.02118e-05
5.96093e-05
5.9014e-05
5.8435e-05
5.78576e-05
5.72419e-05
5.65386e-05
5.57199e-05
5.48044e-05
5.39067e-05
5.33413e-05
5.33969e-05
5.39098e-05
5.43341e-05
5.44756e-05
5.46302e-05
5.49825e-05
5.42895e-05
5.24166e-05
5.11327e-05
5.07686e-05
5.13837e-05
5.26359e-05
5.37135e-05
5.44306e-05
5.39481e-05
5.26553e-05
5.30713e-05
5.44604e-05
5.60795e-05
5.52401e-05
5.39303e-05
5.22094e-05
5.02779e-05
4.98188e-05
5.02777e-05
4.90111e-05
4.71506e-05
4.50208e-05
4.28718e-05
4.09139e-05
3.91061e-05
3.75481e-05
3.61874e-05
3.46358e-05
3.26044e-05
3.09086e-05
2.93341e-05
9.30832e-13
3.46493e-12
1.25628e-11
4.3598e-11
1.42209e-10
4.27018e-10
1.1555e-09
2.76939e-09
5.84366e-09
1.09667e-08
1.86719e-08
2.94395e-08
4.37244e-08
6.19659e-08
8.45687e-08
1.11874e-07
1.44143e-07
1.81529e-07
2.24046e-07
2.7156e-07
3.23793e-07
3.80302e-07
4.40532e-07
5.03785e-07
5.69312e-07
6.36297e-07
7.03927e-07
7.71408e-07
8.37962e-07
9.02945e-07
9.65687e-07
1.02576e-06
1.08265e-06
1.13601e-06
1.18561e-06
1.23116e-06
1.27298e-06
1.31119e-06
1.34615e-06
1.37921e-06
1.41127e-06
1.44312e-06
1.47722e-06
1.51866e-06
1.57816e-06
1.73226e-06
2.48369e-06
9.29298e-05
0.000144064
0.000144327
0.000140992
0.00013799
0.000135616
0.000133326
0.000131257
0.000129464
0.000127861
0.000126435
0.000125179
0.000124078
0.000123106
0.000122192
0.000121238
0.000120155
0.00011888
0.000117376
0.000115654
0.000113797
0.000111889
0.000109994
0.00010813
0.000106282
0.000104436
0.000102566
0.000100645
9.8659e-05
9.66054e-05
9.44889e-05
9.23272e-05
9.01558e-05
8.80114e-05
8.59211e-05
8.39024e-05
8.19348e-05
7.99901e-05
7.80357e-05
7.60977e-05
7.42861e-05
7.30571e-05
7.26124e-05
7.27184e-05
7.31955e-05
7.3914e-05
7.46432e-05
7.53392e-05
7.59254e-05
7.63742e-05
7.67686e-05
7.7037e-05
7.69606e-05
7.65115e-05
7.57758e-05
7.48721e-05
7.38935e-05
7.29064e-05
7.19427e-05
7.10014e-05
7.00492e-05
6.90381e-05
6.7945e-05
6.67883e-05
6.57011e-05
6.50953e-05
6.5398e-05
6.63656e-05
6.69953e-05
6.68984e-05
6.65626e-05
6.63279e-05
6.52623e-05
6.31204e-05
6.14817e-05
6.07732e-05
6.11848e-05
6.23381e-05
6.29325e-05
6.24911e-05
6.11181e-05
5.9204e-05
5.83623e-05
5.83193e-05
5.90245e-05
5.69588e-05
5.43812e-05
5.14616e-05
4.83557e-05
4.64067e-05
4.52211e-05
4.25809e-05
3.9456e-05
3.64831e-05
3.37885e-05
3.12962e-05
2.90607e-05
2.7226e-05
2.53922e-05
2.33618e-05
2.13032e-05
1.972e-05
1.82634e-05
1.81448e-13
7.18445e-13
2.78922e-12
1.04661e-11
3.74491e-11
1.25758e-10
3.88653e-10
1.0805e-09
2.65144e-09
5.70103e-09
1.08472e-08
1.86421e-08
2.95745e-08
4.40983e-08
6.26429e-08
8.55914e-08
1.13259e-07
1.45878e-07
1.8356e-07
2.26278e-07
2.73867e-07
3.25998e-07
3.82219e-07
4.4193e-07
5.04454e-07
5.69031e-07
6.34877e-07
7.0121e-07
7.67252e-07
8.32329e-07
8.95759e-07
9.57049e-07
1.01566e-06
1.07116e-06
1.12321e-06
1.1715e-06
1.21617e-06
1.25732e-06
1.29518e-06
1.33073e-06
1.3647e-06
1.39769e-06
1.4314e-06
1.46921e-06
1.51486e-06
1.57932e-06
1.72857e-06
2.39263e-06
7.70258e-05
0.000138139
0.000143596
0.000143246
0.000142636
0.000141415
0.00014026
0.000139315
0.000138307
0.000137254
0.000136194
0.000135159
0.000134172
0.000133197
0.000132166
0.000131024
0.000129736
0.000128285
0.000126688
0.000125032
0.000123382
0.000121789
0.000120249
0.000118727
0.000117197
0.000115636
0.000114025
0.00011236
0.000110646
0.000108894
0.000107122
0.000105351
0.0001036
0.000101877
0.00010018
9.84823e-05
9.67552e-05
9.49775e-05
9.31835e-05
9.14863e-05
9.03052e-05
8.98505e-05
8.99032e-05
9.02564e-05
9.07609e-05
9.12274e-05
9.16614e-05
9.20811e-05
9.24914e-05
9.29278e-05
9.32326e-05
9.3128e-05
9.25499e-05
9.1573e-05
9.0337e-05
8.89712e-05
8.75737e-05
8.61948e-05
8.4841e-05
8.34772e-05
8.20435e-05
8.05058e-05
7.88635e-05
7.72343e-05
7.61006e-05
7.60698e-05
7.69167e-05
7.72054e-05
7.63256e-05
7.4923e-05
7.34725e-05
7.16145e-05
6.90588e-05
6.67326e-05
6.50809e-05
6.44454e-05
6.45733e-05
6.39622e-05
6.18606e-05
5.91674e-05
5.64147e-05
5.39712e-05
5.18766e-05
5.08338e-05
4.78114e-05
4.44523e-05
4.08398e-05
3.71622e-05
3.42721e-05
3.19962e-05
2.91696e-05
2.59459e-05
2.33738e-05
2.14009e-05
1.94795e-05
1.74885e-05
1.58769e-05
1.43076e-05
1.29187e-05
1.17276e-05
1.08708e-05
1.00024e-05
3.53242e-14
1.48133e-13
6.11223e-13
2.44976e-12
9.43957e-12
3.45891e-11
1.18849e-10
3.75335e-10
1.06376e-09
2.65124e-09
5.76504e-09
1.10475e-08
1.90663e-08
3.0316e-08
4.52461e-08
6.42719e-08
8.77511e-08
1.15972e-07
1.49126e-07
1.87281e-07
2.30373e-07
2.78184e-07
3.30361e-07
3.86406e-07
4.4572e-07
5.07608e-07
5.7133e-07
6.36125e-07
7.01225e-07
7.65937e-07
8.29565e-07
8.91565e-07
9.5137e-07
1.0085e-06
1.06258e-06
1.11319e-06
1.16033e-06
1.20406e-06
1.24454e-06
1.28244e-06
1.31841e-06
1.35297e-06
1.38733e-06
1.42405e-06
1.46525e-06
1.51488e-06
1.58278e-06
1.72892e-06
2.29086e-06
4.62163e-05
0.000131712
0.000147662
0.000152796
0.000153669
0.000153715
0.000153827
0.000153428
0.000152722
0.000151819
0.000150787
0.000149697
0.000148539
0.00014727
0.00014587
0.000144349
0.000142719
0.000141012
0.000139312
0.000137668
0.00013611
0.000134624
0.00013316
0.000131691
0.000130196
0.000128667
0.000127109
0.000125534
0.000123959
0.000122398
0.000120862
0.000119355
0.000117869
0.000116388
0.000114874
0.000113292
0.000111621
0.000109882
0.000108164
0.000106785
0.000105925
0.000105412
0.000105063
0.000104747
0.000104337
0.000103895
0.000103558
0.000103408
0.000103488
0.000103506
0.000103161
0.000102347
0.000101102
9.95562e-05
9.78528e-05
9.61033e-05
9.43622e-05
9.26242e-05
9.0831e-05
8.88902e-05
8.67512e-05
8.44021e-05
8.19281e-05
7.98258e-05
7.88352e-05
7.88348e-05
7.82443e-05
7.63309e-05
7.37013e-05
7.08555e-05
6.79821e-05
6.48561e-05
6.17403e-05
5.89938e-05
5.69521e-05
5.55917e-05
5.36807e-05
5.03886e-05
4.68463e-05
4.3775e-05
4.08739e-05
3.77445e-05
3.53687e-05
3.24309e-05
2.94853e-05
2.64724e-05
2.38187e-05
2.15543e-05
1.9616e-05
1.77395e-05
1.57576e-05
1.44324e-05
1.35556e-05
1.25565e-05
1.13504e-05
1.04903e-05
9.75791e-06
9.41955e-06
8.95882e-06
8.65235e-06
7.43096e-06
6.89727e-15
3.05737e-14
1.336e-13
5.68337e-13
2.33328e-12
9.17472e-12
3.42515e-11
1.1973e-10
3.83877e-10
1.10093e-09
2.76513e-09
6.0328e-09
1.15686e-08
1.9952e-08
3.1677e-08
4.71841e-08
6.68678e-08
9.10584e-08
1.20008e-07
1.53864e-07
1.92652e-07
2.36255e-07
2.8442e-07
3.36745e-07
3.92717e-07
4.51712e-07
5.13043e-07
5.75981e-07
6.39779e-07
7.03733e-07
7.67143e-07
8.2942e-07
8.89978e-07
9.48296e-07
1.00395e-06
1.05649e-06
1.10578e-06
1.15177e-06
1.19458e-06
1.23468e-06
1.2726e-06
1.30883e-06
1.3443e-06
1.38095e-06
1.42041e-06
1.46484e-06
1.51751e-06
1.58769e-06
1.72525e-06
2.12954e-06
1.41361e-05
0.000117475
0.000150081
0.000159682
0.00016264
0.000164615
0.000164999
0.000164752
0.000164133
0.000163187
0.000162073
0.00016079
0.000159307
0.000157627
0.000155812
0.000153906
0.000151961
0.000150052
0.000148215
0.000146467
0.000144792
0.000143146
0.000141508
0.000139866
0.000138221
0.000136586
0.000134978
0.000133415
0.000131905
0.00013045
0.000129038
0.000127647
0.000126244
0.00012478
0.000123208
0.000121495
0.000119638
0.000117683
0.000115834
0.000114236
0.000112806
0.000111437
0.000110031
0.000108493
0.000106901
0.00010547
0.000104363
0.000103703
0.000103078
0.00010223
0.000101035
9.9489e-05
9.7686e-05
9.57425e-05
9.37535e-05
9.17576e-05
8.97171e-05
8.75309e-05
8.50718e-05
8.23097e-05
7.92883e-05
7.60875e-05
7.31448e-05
7.1157e-05
7.00549e-05
6.85381e-05
6.59761e-05
6.26535e-05
5.89414e-05
5.54297e-05
5.2054e-05
4.8797e-05
4.57773e-05
4.29875e-05
4.06728e-05
3.81609e-05
3.48083e-05
3.155e-05
2.91127e-05
2.71813e-05
2.45735e-05
2.22267e-05
2.00391e-05
1.82599e-05
1.66342e-05
1.54918e-05
1.42143e-05
1.31013e-05
1.20399e-05
1.13662e-05
1.07624e-05
1.02767e-05
9.19648e-06
8.16702e-06
7.51488e-06
6.94288e-06
6.65575e-06
7.3173e-06
1.18136e-05
9.19697e-06
8.81129e-07
8.87729e-07
8.96364e-07
9.06252e-07
9.17122e-07
9.27605e-07
9.36976e-07
9.44466e-07
9.49663e-07
9.51407e-07
9.50653e-07
9.49771e-07
9.48299e-07
9.46625e-07
9.5022e-07
9.50078e-07
9.48013e-07
9.50516e-07
9.55244e-07
9.5901e-07
9.62964e-07
9.65359e-07
9.76502e-07
9.99956e-07
1.03108e-06
1.06711e-06
1.10261e-06
1.14164e-06
1.19577e-06
1.27419e-06
1.38258e-06
1.495e-06
1.54679e-06
1.49921e-06
1.36172e-06
1.27691e-06
1.20482e-06
1.16796e-06
1.15904e-06
1.1556e-06
1.18423e-06
1.13151e-06
1.07424e-06
1.01237e-06
9.58719e-07
9.10076e-07
8.69623e-07
8.34814e-07
8.10836e-07
8.06084e-07
8.32505e-07
8.95666e-07
9.80659e-07
1.0222e-06
9.97859e-07
9.51485e-07
9.14264e-07
8.89546e-07
8.7568e-07
8.65897e-07
8.59778e-07
8.54601e-07
8.50925e-07
8.48642e-07
8.49186e-07
8.52808e-07
8.60061e-07
8.71333e-07
8.88123e-07
9.11587e-07
9.46081e-07
9.83029e-07
1.01427e-06
1.03298e-06
1.04577e-06
1.04773e-06
1.05172e-06
1.05355e-06
1.05962e-06
1.0694e-06
1.0805e-06
1.0889e-06
1.09735e-06
1.115e-06
1.13948e-06
1.16923e-06
1.19311e-06
1.22248e-06
1.24976e-06
1.27034e-06
1.26012e-06
1.24287e-06
1.22129e-06
1.23143e-06
1.26184e-06
1.33867e-06
1.34107e-06
1.32219e-06
1.27877e-06
1.28368e-06
8.67584e-07
8.73659e-07
8.81794e-07
8.90224e-07
8.99116e-07
9.06575e-07
9.1313e-07
9.18172e-07
9.2113e-07
9.21721e-07
9.20833e-07
9.21147e-07
9.19239e-07
9.16223e-07
9.20448e-07
9.17158e-07
9.14079e-07
9.20486e-07
9.32287e-07
9.42701e-07
9.4997e-07
9.55113e-07
9.71446e-07
9.99473e-07
1.02976e-06
1.06124e-06
1.08943e-06
1.12146e-06
1.16853e-06
1.23565e-06
1.31211e-06
1.38039e-06
1.4026e-06
1.35648e-06
1.27533e-06
1.22903e-06
1.18257e-06
1.16097e-06
1.15974e-06
1.16673e-06
1.19974e-06
1.1455e-06
1.088e-06
1.0346e-06
9.88006e-07
9.46433e-07
9.10355e-07
8.80335e-07
8.60989e-07
8.66032e-07
9.01096e-07
9.69275e-07
1.05602e-06
1.12885e-06
1.09982e-06
1.02842e-06
9.67511e-07
9.28726e-07
9.02743e-07
8.83192e-07
8.68037e-07
8.53359e-07
8.40367e-07
8.28243e-07
8.19376e-07
8.15304e-07
8.17256e-07
8.24587e-07
8.39328e-07
8.63022e-07
8.98939e-07
9.3407e-07
9.61252e-07
9.7678e-07
9.92991e-07
1.00328e-06
1.02154e-06
1.02668e-06
1.03351e-06
1.03985e-06
1.04841e-06
1.05523e-06
1.06174e-06
1.0776e-06
1.10324e-06
1.14256e-06
1.17972e-06
1.21895e-06
1.24182e-06
1.25558e-06
1.24078e-06
1.22727e-06
1.20644e-06
1.21639e-06
1.24832e-06
1.32564e-06
1.3201e-06
1.29473e-06
1.25083e-06
1.24677e-06
8.65759e-07
8.70856e-07
8.78427e-07
8.85707e-07
8.93753e-07
8.9905e-07
9.03456e-07
9.05601e-07
9.05043e-07
9.03874e-07
9.02902e-07
9.05147e-07
9.02799e-07
8.99897e-07
9.05285e-07
9.00117e-07
9.01471e-07
9.1795e-07
9.40797e-07
9.57036e-07
9.63704e-07
9.67264e-07
9.81921e-07
1.00671e-06
1.02955e-06
1.05018e-06
1.06674e-06
1.0869e-06
1.12099e-06
1.16697e-06
1.2082e-06
1.24006e-06
1.23213e-06
1.19913e-06
1.1638e-06
1.13994e-06
1.11058e-06
1.09564e-06
1.08948e-06
1.09456e-06
1.1112e-06
1.06463e-06
1.0197e-06
9.86753e-07
9.57439e-07
9.3337e-07
9.11121e-07
8.94454e-07
8.88495e-07
9.0989e-07
9.56389e-07
1.03355e-06
1.12118e-06
1.23814e-06
1.21744e-06
1.12507e-06
1.04565e-06
9.98297e-07
9.63703e-07
9.38326e-07
9.16528e-07
8.93329e-07
8.7191e-07
8.49839e-07
8.31502e-07
8.1981e-07
8.16241e-07
8.18461e-07
8.29966e-07
8.52691e-07
8.88289e-07
9.18005e-07
9.36372e-07
9.43971e-07
9.60258e-07
9.78233e-07
1.01103e-06
1.01435e-06
1.01849e-06
1.01475e-06
1.01532e-06
1.0163e-06
1.01824e-06
1.03094e-06
1.05586e-06
1.10307e-06
1.1508e-06
1.19844e-06
1.21654e-06
1.22718e-06
1.21341e-06
1.20883e-06
1.19441e-06
1.20822e-06
1.24467e-06
1.31996e-06
1.3126e-06
1.29092e-06
1.2576e-06
1.25296e-06
8.68564e-07
8.73564e-07
8.81632e-07
8.89349e-07
8.98474e-07
9.02391e-07
9.04337e-07
9.01931e-07
8.95893e-07
8.91915e-07
8.9056e-07
8.9466e-07
8.91805e-07
8.91799e-07
8.98584e-07
8.94986e-07
9.07825e-07
9.40933e-07
9.76486e-07
9.95096e-07
9.98334e-07
9.98342e-07
1.00609e-06
1.02125e-06
1.03376e-06
1.04251e-06
1.04948e-06
1.06002e-06
1.08519e-06
1.11411e-06
1.13723e-06
1.15625e-06
1.14469e-06
1.12759e-06
1.10823e-06
1.08562e-06
1.05686e-06
1.0353e-06
1.01327e-06
1.00205e-06
9.87865e-07
9.50945e-07
9.23393e-07
9.04845e-07
8.87348e-07
8.7701e-07
8.67808e-07
8.63533e-07
8.70548e-07
9.04613e-07
9.59988e-07
1.04461e-06
1.1384e-06
1.29228e-06
1.2869e-06
1.18755e-06
1.10602e-06
1.0602e-06
1.02487e-06
1.00074e-06
9.79079e-07
9.53046e-07
9.29818e-07
9.02568e-07
8.79805e-07
8.64979e-07
8.59132e-07
8.58876e-07
8.70121e-07
8.94625e-07
9.32072e-07
9.56794e-07
9.66091e-07
9.65773e-07
9.84205e-07
1.01205e-06
1.05708e-06
1.05295e-06
1.04796e-06
1.02214e-06
1.00523e-06
9.92786e-07
9.85546e-07
9.93145e-07
1.0135e-06
1.06275e-06
1.1125e-06
1.1624e-06
1.1738e-06
1.18293e-06
1.1734e-06
1.17847e-06
1.17414e-06
1.1937e-06
1.23709e-06
1.30912e-06
1.30995e-06
1.30583e-06
1.29868e-06
1.30844e-06
8.67011e-07
8.74294e-07
8.84724e-07
8.95138e-07
9.0689e-07
9.09919e-07
9.09053e-07
9.01733e-07
8.90709e-07
8.84588e-07
8.83297e-07
8.88125e-07
8.84475e-07
8.89259e-07
8.97549e-07
8.99601e-07
9.25293e-07
9.72892e-07
1.01396e-06
1.02766e-06
1.02513e-06
1.02206e-06
1.0234e-06
1.02951e-06
1.03457e-06
1.03595e-06
1.03871e-06
1.045e-06
1.06836e-06
1.08763e-06
1.10447e-06
1.12226e-06
1.12098e-06
1.118e-06
1.10498e-06
1.08132e-06
1.04746e-06
1.016e-06
9.80059e-07
9.50378e-07
9.09572e-07
8.77998e-07
8.62194e-07
8.41294e-07
8.20976e-07
8.10784e-07
8.05236e-07
8.04742e-07
8.15995e-07
8.51844e-07
9.07898e-07
9.90045e-07
1.09142e-06
1.25544e-06
1.26166e-06
1.17691e-06
1.11692e-06
1.08235e-06
1.05282e-06
1.03501e-06
1.02063e-06
9.97969e-07
9.81407e-07
9.55641e-07
9.35278e-07
9.23669e-07
9.20888e-07
9.23746e-07
9.4041e-07
9.71618e-07
1.01494e-06
1.04035e-06
1.04888e-06
1.04973e-06
1.08032e-06
1.12559e-06
1.18123e-06
1.16982e-06
1.1497e-06
1.08941e-06
1.04497e-06
1.01134e-06
9.90669e-07
9.91267e-07
1.00178e-06
1.0455e-06
1.0868e-06
1.13064e-06
1.13203e-06
1.13776e-06
1.13061e-06
1.13992e-06
1.14566e-06
1.16733e-06
1.2176e-06
1.28614e-06
1.30512e-06
1.33282e-06
1.36844e-06
1.41156e-06
8.61623e-07
8.71714e-07
8.83834e-07
8.96516e-07
9.09084e-07
9.10881e-07
9.08361e-07
8.99571e-07
8.88849e-07
8.85108e-07
8.86974e-07
8.92329e-07
8.88882e-07
8.98508e-07
9.10713e-07
9.2109e-07
9.50399e-07
9.95839e-07
1.0257e-06
1.02614e-06
1.01619e-06
1.01168e-06
1.01179e-06
1.01643e-06
1.02104e-06
1.02283e-06
1.02732e-06
1.03561e-06
1.06257e-06
1.07817e-06
1.09323e-06
1.11153e-06
1.12283e-06
1.13198e-06
1.12404e-06
1.09968e-06
1.06059e-06
1.02295e-06
9.81348e-07
9.41009e-07
8.88147e-07
8.57342e-07
8.44791e-07
8.12412e-07
7.81815e-07
7.63251e-07
7.53864e-07
7.49776e-07
7.5665e-07
7.84714e-07
8.32005e-07
8.99951e-07
1.00101e-06
1.14373e-06
1.15653e-06
1.10377e-06
1.08239e-06
1.06292e-06
1.0373e-06
1.02329e-06
1.01838e-06
9.99762e-07
9.93189e-07
9.73915e-07
9.6127e-07
9.58476e-07
9.64152e-07
9.75435e-07
1.00176e-06
1.04267e-06
1.09446e-06
1.12869e-06
1.15058e-06
1.16824e-06
1.22404e-06
1.29676e-06
1.36373e-06
1.35102e-06
1.31325e-06
1.21403e-06
1.13818e-06
1.08176e-06
1.04825e-06
1.04165e-06
1.03856e-06
1.07226e-06
1.09813e-06
1.13078e-06
1.12042e-06
1.11907e-06
1.10833e-06
1.11348e-06
1.12612e-06
1.14158e-06
1.19579e-06
1.2627e-06
1.30532e-06
1.37535e-06
1.46377e-06
1.55455e-06
8.63465e-07
8.72782e-07
8.81927e-07
8.92001e-07
8.99239e-07
8.9826e-07
8.96345e-07
8.91335e-07
8.87937e-07
8.92858e-07
9.02328e-07
9.09895e-07
9.09341e-07
9.23042e-07
9.43408e-07
9.61505e-07
9.80652e-07
1.00263e-06
1.00628e-06
9.89912e-07
9.73185e-07
9.68055e-07
9.6994e-07
9.78295e-07
9.86787e-07
9.93771e-07
1.00311e-06
1.01792e-06
1.04949e-06
1.067e-06
1.08505e-06
1.10932e-06
1.13321e-06
1.15081e-06
1.14465e-06
1.1157e-06
1.0685e-06
1.0252e-06
9.80276e-07
9.34611e-07
8.79395e-07
8.48124e-07
8.35698e-07
7.96899e-07
7.61372e-07
7.38049e-07
7.25721e-07
7.18427e-07
7.2013e-07
7.38999e-07
7.72708e-07
8.22081e-07
9.12425e-07
1.0136e-06
1.03836e-06
1.01967e-06
1.03614e-06
1.03079e-06
9.97175e-07
9.75148e-07
9.73409e-07
9.51669e-07
9.48853e-07
9.37176e-07
9.34936e-07
9.44407e-07
9.62224e-07
9.84432e-07
1.02074e-06
1.07035e-06
1.13014e-06
1.17877e-06
1.22515e-06
1.27291e-06
1.36077e-06
1.46524e-06
1.5429e-06
1.53277e-06
1.4777e-06
1.34738e-06
1.2468e-06
1.17649e-06
1.13874e-06
1.12897e-06
1.11501e-06
1.14099e-06
1.15235e-06
1.17639e-06
1.1578e-06
1.14806e-06
1.12826e-06
1.12467e-06
1.14054e-06
1.14432e-06
1.20011e-06
1.27377e-06
1.34446e-06
1.46222e-06
1.59767e-06
1.73684e-06
8.79047e-07
8.82815e-07
8.84035e-07
8.85452e-07
8.8121e-07
8.7603e-07
8.76208e-07
8.77331e-07
8.83844e-07
8.99958e-07
9.18533e-07
9.2996e-07
9.34805e-07
9.52385e-07
9.81527e-07
1.0032e-06
1.00658e-06
9.98866e-07
9.76727e-07
9.4805e-07
9.2767e-07
9.21731e-07
9.24051e-07
9.34426e-07
9.45597e-07
9.56736e-07
9.68906e-07
9.8792e-07
1.01629e-06
1.03511e-06
1.05803e-06
1.09275e-06
1.1286e-06
1.15257e-06
1.14665e-06
1.11067e-06
1.05398e-06
1.00302e-06
9.5142e-07
9.00988e-07
8.47083e-07
8.15638e-07
8.02876e-07
7.68222e-07
7.38597e-07
7.20177e-07
7.10664e-07
7.06508e-07
7.09845e-07
7.26596e-07
7.50134e-07
7.89688e-07
8.69547e-07
9.28308e-07
9.70351e-07
9.72197e-07
1.01168e-06
1.0178e-06
9.61392e-07
9.15949e-07
9.0402e-07
8.70001e-07
8.61036e-07
8.54995e-07
8.63295e-07
8.85322e-07
9.16058e-07
9.48987e-07
9.93475e-07
1.04941e-06
1.11439e-06
1.1775e-06
1.24946e-06
1.32805e-06
1.44145e-06
1.56826e-06
1.64625e-06
1.63338e-06
1.56002e-06
1.41434e-06
1.30335e-06
1.23546e-06
1.20799e-06
1.20435e-06
1.19137e-06
1.21809e-06
1.22477e-06
1.25001e-06
1.23348e-06
1.21944e-06
1.19042e-06
1.18224e-06
1.20032e-06
1.19997e-06
1.26288e-06
1.36436e-06
1.48061e-06
1.64796e-06
1.80324e-06
1.98104e-06
8.98632e-07
8.93807e-07
8.85111e-07
8.74802e-07
8.57798e-07
8.48319e-07
8.50199e-07
8.55601e-07
8.68289e-07
8.91652e-07
9.15753e-07
9.30582e-07
9.41921e-07
9.64169e-07
9.97331e-07
1.01801e-06
1.01234e-06
9.89139e-07
9.56529e-07
9.25044e-07
9.05186e-07
8.98935e-07
9.00378e-07
9.10245e-07
9.22929e-07
9.35583e-07
9.47137e-07
9.62654e-07
9.75533e-07
9.84443e-07
1.00224e-06
1.0385e-06
1.07938e-06
1.10702e-06
1.10289e-06
1.06391e-06
1.00404e-06
9.47958e-07
8.89599e-07
8.36129e-07
7.86041e-07
7.55103e-07
7.40789e-07
7.16439e-07
6.99845e-07
6.93263e-07
6.91502e-07
6.97045e-07
7.09717e-07
7.34122e-07
7.57267e-07
8.06234e-07
8.89889e-07
9.20014e-07
9.71264e-07
9.75402e-07
1.01919e-06
1.02886e-06
9.41022e-07
8.63273e-07
8.28336e-07
7.80279e-07
7.63196e-07
7.61195e-07
7.7886e-07
8.11128e-07
8.53101e-07
8.95672e-07
9.48216e-07
1.01152e-06
1.07942e-06
1.15393e-06
1.24376e-06
1.33899e-06
1.45943e-06
1.58517e-06
1.63986e-06
1.60966e-06
1.512e-06
1.36383e-06
1.25611e-06
1.20486e-06
1.20032e-06
1.2134e-06
1.21754e-06
1.25495e-06
1.27078e-06
1.30739e-06
1.30583e-06
1.29444e-06
1.26206e-06
1.26066e-06
1.28556e-06
1.3059e-06
1.3975e-06
1.56392e-06
1.76911e-06
1.98022e-06
2.10907e-06
2.32222e-06
9.05684e-07
8.89779e-07
8.70567e-07
8.48504e-07
8.21305e-07
8.07304e-07
8.08457e-07
8.1458e-07
8.27593e-07
8.51381e-07
8.75653e-07
8.92959e-07
9.12021e-07
9.40667e-07
9.73759e-07
9.92049e-07
9.87046e-07
9.65957e-07
9.38429e-07
9.12872e-07
8.98348e-07
8.94587e-07
8.97597e-07
9.08866e-07
9.26082e-07
9.40043e-07
9.51042e-07
9.57249e-07
9.48551e-07
9.33688e-07
9.28988e-07
9.47182e-07
9.77147e-07
1.00013e-06
9.9844e-07
9.65018e-07
9.13711e-07
8.61771e-07
8.0523e-07
7.54829e-07
7.1152e-07
6.82402e-07
6.66316e-07
6.51742e-07
6.4752e-07
6.52833e-07
6.60165e-07
6.78705e-07
7.0415e-07
7.41981e-07
7.74731e-07
8.52478e-07
9.54734e-07
9.66597e-07
1.01487e-06
1.01056e-06
1.03841e-06
1.03663e-06
9.19319e-07
8.14928e-07
7.54803e-07
7.00664e-07
6.8364e-07
6.87509e-07
7.15942e-07
7.57052e-07
8.08607e-07
8.60823e-07
9.24897e-07
1.00202e-06
1.07382e-06
1.15993e-06
1.25708e-06
1.3467e-06
1.45275e-06
1.54787e-06
1.55063e-06
1.48604e-06
1.35788e-06
1.21064e-06
1.11412e-06
1.08389e-06
1.10391e-06
1.13748e-06
1.16955e-06
1.22379e-06
1.25742e-06
1.30702e-06
1.32536e-06
1.3182e-06
1.28931e-06
1.30709e-06
1.35045e-06
1.42493e-06
1.58528e-06
1.863e-06
2.22195e-06
2.45259e-06
2.50233e-06
2.76536e-06
8.91295e-07
8.62242e-07
8.32134e-07
8.00041e-07
7.65909e-07
7.46018e-07
7.42335e-07
7.45147e-07
7.54308e-07
7.74068e-07
7.963e-07
8.18032e-07
8.47823e-07
8.85638e-07
9.20037e-07
9.38149e-07
9.38045e-07
9.25243e-07
9.07745e-07
8.91359e-07
8.85308e-07
8.87018e-07
8.95688e-07
9.12074e-07
9.38181e-07
9.5513e-07
9.68405e-07
9.6363e-07
9.33899e-07
8.89626e-07
8.53628e-07
8.41428e-07
8.46927e-07
8.55647e-07
8.54419e-07
8.33302e-07
7.99684e-07
7.61745e-07
7.17695e-07
6.76738e-07
6.42464e-07
6.17366e-07
6.01671e-07
5.9363e-07
5.96665e-07
6.08885e-07
6.22907e-07
6.53413e-07
6.91044e-07
7.42369e-07
7.91213e-07
9.06111e-07
1.02701e-06
1.02412e-06
1.06094e-06
1.04318e-06
1.03505e-06
1.00658e-06
8.72209e-07
7.60512e-07
6.87366e-07
6.37749e-07
6.28916e-07
6.43095e-07
6.89663e-07
7.42799e-07
8.04483e-07
8.68673e-07
9.508e-07
1.05095e-06
1.13186e-06
1.2396e-06
1.3312e-06
1.39103e-06
1.46379e-06
1.49948e-06
1.42772e-06
1.31946e-06
1.16667e-06
1.0221e-06
9.4179e-07
9.28706e-07
9.63496e-07
1.01075e-06
1.07098e-06
1.14169e-06
1.19083e-06
1.24229e-06
1.26862e-06
1.25658e-06
1.23198e-06
1.27621e-06
1.35357e-06
1.50539e-06
1.77965e-06
2.20178e-06
2.77621e-06
2.98661e-06
2.9225e-06
3.2542e-06
8.59751e-07
8.18903e-07
7.79779e-07
7.41246e-07
7.03782e-07
6.77787e-07
6.65655e-07
6.61162e-07
6.64198e-07
6.78973e-07
7.00639e-07
7.30618e-07
7.74139e-07
8.23645e-07
8.63702e-07
8.85259e-07
8.90113e-07
8.8352e-07
8.72986e-07
8.63526e-07
8.64612e-07
8.71559e-07
8.86873e-07
9.0896e-07
9.44441e-07
9.65256e-07
9.81654e-07
9.65157e-07
9.15388e-07
8.46102e-07
7.85261e-07
7.48156e-07
7.30139e-07
7.23124e-07
7.20849e-07
7.13362e-07
6.99168e-07
6.78667e-07
6.50705e-07
6.20884e-07
5.94953e-07
5.74816e-07
5.61994e-07
5.58649e-07
5.65806e-07
5.80883e-07
5.98712e-07
6.36865e-07
6.8469e-07
7.47182e-07
8.15912e-07
9.6023e-07
1.08345e-06
1.07258e-06
1.09435e-06
1.05569e-06
1.00182e-06
9.3869e-07
8.04283e-07
7.0486e-07
6.35961e-07
5.96817e-07
5.96601e-07
6.23435e-07
6.97185e-07
7.68844e-07
8.4282e-07
9.22722e-07
1.0293e-06
1.15834e-06
1.25833e-06
1.4097e-06
1.47384e-06
1.47918e-06
1.50047e-06
1.45308e-06
1.29776e-06
1.15163e-06
9.94642e-07
8.63058e-07
8.03404e-07
8.03896e-07
8.44349e-07
8.95881e-07
9.77822e-07
1.05921e-06
1.11326e-06
1.14612e-06
1.15589e-06
1.12548e-06
1.09938e-06
1.1678e-06
1.28944e-06
1.51775e-06
1.92452e-06
2.48447e-06
3.29178e-06
3.45181e-06
3.28654e-06
3.68039e-06
8.36115e-07
7.89778e-07
7.47069e-07
7.06934e-07
6.69544e-07
6.39525e-07
6.18458e-07
6.04369e-07
5.99384e-07
6.08265e-07
6.29946e-07
6.68868e-07
7.26015e-07
7.87999e-07
8.37389e-07
8.66331e-07
8.7725e-07
8.75421e-07
8.68566e-07
8.62831e-07
8.67279e-07
8.77276e-07
8.97026e-07
9.23168e-07
9.64391e-07
9.88256e-07
1.00375e-06
9.73113e-07
9.03552e-07
8.17541e-07
7.43559e-07
6.94226e-07
6.63648e-07
6.48597e-07
6.47752e-07
6.52353e-07
6.54365e-07
6.4861e-07
6.33372e-07
6.12189e-07
5.91315e-07
5.74196e-07
5.64368e-07
5.6561e-07
5.78235e-07
5.97626e-07
6.20228e-07
6.62779e-07
7.19978e-07
7.932e-07
8.8404e-07
1.03843e-06
1.14075e-06
1.1318e-06
1.14067e-06
1.07466e-06
9.82759e-07
8.87692e-07
7.64396e-07
6.82972e-07
6.26411e-07
5.96605e-07
5.99343e-07
6.36016e-07
7.38161e-07
8.32692e-07
9.20763e-07
1.01821e-06
1.14926e-06
1.30178e-06
1.43373e-06
1.65257e-06
1.65617e-06
1.58817e-06
1.54238e-06
1.40418e-06
1.18107e-06
1.01653e-06
8.77463e-07
7.71315e-07
7.31622e-07
7.4549e-07
7.93064e-07
8.48101e-07
9.46578e-07
1.03062e-06
1.07769e-06
1.07147e-06
1.04289e-06
9.88827e-07
9.56077e-07
1.03611e-06
1.19787e-06
1.48111e-06
1.9835e-06
2.63199e-06
3.59209e-06
3.70082e-06
3.50685e-06
3.91465e-06
8.85287e-07
8.41122e-07
8.00672e-07
7.62211e-07
7.25777e-07
6.92852e-07
6.63498e-07
6.38136e-07
6.21466e-07
6.2009e-07
6.37765e-07
6.81369e-07
7.49063e-07
8.23698e-07
8.86418e-07
9.2859e-07
9.50717e-07
9.56902e-07
9.54482e-07
9.51736e-07
9.57464e-07
9.70068e-07
9.93314e-07
1.02471e-06
1.06939e-06
1.09642e-06
1.10556e-06
1.05807e-06
9.69919e-07
8.72458e-07
7.88906e-07
7.28962e-07
6.90039e-07
6.73958e-07
6.80538e-07
6.98939e-07
7.16181e-07
7.2292e-07
7.16402e-07
6.99814e-07
6.79202e-07
6.60804e-07
6.51642e-07
6.58066e-07
6.81211e-07
7.12773e-07
7.4719e-07
7.97183e-07
8.65828e-07
9.52538e-07
1.065e-06
1.20879e-06
1.27135e-06
1.26853e-06
1.26872e-06
1.17921e-06
1.06799e-06
9.50538e-07
8.35309e-07
7.62655e-07
7.12954e-07
6.85127e-07
6.8318e-07
7.23133e-07
8.43109e-07
9.5886e-07
1.06228e-06
1.17528e-06
1.32072e-06
1.47766e-06
1.64805e-06
1.93196e-06
1.8467e-06
1.70618e-06
1.59026e-06
1.38205e-06
1.13383e-06
9.74614e-07
8.63979e-07
7.86049e-07
7.59689e-07
7.85506e-07
8.46581e-07
9.13184e-07
1.02684e-06
1.10668e-06
1.13829e-06
1.08233e-06
1.00901e-06
9.363e-07
8.95551e-07
9.71327e-07
1.15587e-06
1.46531e-06
1.98033e-06
2.6462e-06
3.56393e-06
3.64533e-06
3.51946e-06
3.86925e-06
1.1343e-06
1.09551e-06
1.05832e-06
1.02009e-06
9.80982e-07
9.41473e-07
9.0021e-07
8.58124e-07
8.22285e-07
8.02535e-07
8.09094e-07
8.52168e-07
9.28211e-07
1.01782e-06
1.10047e-06
1.16469e-06
1.20683e-06
1.22782e-06
1.23359e-06
1.23513e-06
1.24316e-06
1.2612e-06
1.29227e-06
1.33637e-06
1.38978e-06
1.42584e-06
1.42986e-06
1.36656e-06
1.26126e-06
1.14828e-06
1.04314e-06
9.55301e-07
8.9579e-07
8.77522e-07
8.98993e-07
9.40212e-07
9.79908e-07
1.00322e-06
1.00526e-06
9.89219e-07
9.6195e-07
9.35005e-07
9.21688e-07
9.34081e-07
9.76415e-07
1.03458e-06
1.0952e-06
1.1643e-06
1.25002e-06
1.35329e-06
1.48118e-06
1.59756e-06
1.60892e-06
1.60414e-06
1.60016e-06
1.50534e-06
1.39415e-06
1.26074e-06
1.13676e-06
1.05553e-06
9.99043e-07
9.6215e-07
9.49071e-07
9.86205e-07
1.10756e-06
1.23638e-06
1.3556e-06
1.48031e-06
1.62616e-06
1.7661e-06
1.96333e-06
2.25983e-06
2.08959e-06
1.90306e-06
1.73303e-06
1.49662e-06
1.26744e-06
1.12968e-06
1.04488e-06
9.88908e-07
9.70053e-07
1.00499e-06
1.08154e-06
1.16693e-06
1.29436e-06
1.36628e-06
1.37825e-06
1.27488e-06
1.16469e-06
1.07782e-06
1.02697e-06
1.09067e-06
1.27971e-06
1.59026e-06
2.04288e-06
2.64775e-06
3.31553e-06
3.39323e-06
3.37689e-06
3.6119e-06
1.78763e-06
1.75178e-06
1.71332e-06
1.66909e-06
1.61939e-06
1.56429e-06
1.50074e-06
1.42984e-06
1.3623e-06
1.31331e-06
1.30191e-06
1.34293e-06
1.42967e-06
1.54002e-06
1.65121e-06
1.74763e-06
1.81953e-06
1.86228e-06
1.87946e-06
1.88582e-06
1.8977e-06
1.92546e-06
1.97371e-06
2.04384e-06
2.12139e-06
2.18175e-06
2.19371e-06
2.12216e-06
1.99818e-06
1.85258e-06
1.69649e-06
1.54659e-06
1.4411e-06
1.41481e-06
1.46271e-06
1.54548e-06
1.6259e-06
1.67901e-06
1.69494e-06
1.67606e-06
1.63179e-06
1.58363e-06
1.55654e-06
1.57402e-06
1.64719e-06
1.75284e-06
1.86183e-06
1.96891e-06
2.08056e-06
2.19962e-06
2.32737e-06
2.39747e-06
2.34548e-06
2.32257e-06
2.32393e-06
2.25386e-06
2.16188e-06
2.01157e-06
1.85562e-06
1.74526e-06
1.66525e-06
1.60688e-06
1.57862e-06
1.61056e-06
1.72077e-06
1.84931e-06
1.97995e-06
2.11228e-06
2.2516e-06
2.36616e-06
2.56182e-06
2.79189e-06
2.57947e-06
2.38329e-06
2.1847e-06
1.95327e-06
1.75801e-06
1.64449e-06
1.57905e-06
1.5376e-06
1.5256e-06
1.57167e-06
1.66132e-06
1.76414e-06
1.89952e-06
1.96258e-06
1.95297e-06
1.81146e-06
1.67488e-06
1.57081e-06
1.50613e-06
1.56492e-06
1.75021e-06
2.04756e-06
2.41899e-06
2.89399e-06
3.26197e-06
3.31439e-06
3.35189e-06
3.45465e-06
3.12792e-06
3.09045e-06
3.04456e-06
2.98645e-06
2.91627e-06
2.83321e-06
2.7318e-06
2.61413e-06
2.49763e-06
2.40623e-06
2.37096e-06
2.4118e-06
2.51488e-06
2.65269e-06
2.79976e-06
2.93612e-06
3.04467e-06
3.11298e-06
3.14136e-06
3.14976e-06
3.1638e-06
3.20325e-06
3.27785e-06
3.38881e-06
3.51182e-06
3.61832e-06
3.65995e-06
3.5935e-06
3.44659e-06
3.2425e-06
2.99413e-06
2.73823e-06
2.55705e-06
2.51956e-06
2.61356e-06
2.76765e-06
2.91883e-06
3.02536e-06
3.06694e-06
3.04317e-06
2.96804e-06
2.87866e-06
2.81975e-06
2.83469e-06
2.94744e-06
3.12218e-06
3.30405e-06
3.46846e-06
3.61385e-06
3.74074e-06
3.84147e-06
3.83723e-06
3.70232e-06
3.64768e-06
3.67479e-06
3.66933e-06
3.62262e-06
3.45663e-06
3.24991e-06
3.09146e-06
2.97107e-06
2.87834e-06
2.82988e-06
2.85421e-06
2.94636e-06
3.05764e-06
3.18611e-06
3.31957e-06
3.45476e-06
3.54943e-06
3.71735e-06
3.84125e-06
3.63356e-06
3.44642e-06
3.23575e-06
3.01514e-06
2.84135e-06
2.74839e-06
2.70135e-06
2.67292e-06
2.67292e-06
2.73916e-06
2.83853e-06
2.94788e-06
3.07922e-06
3.13117e-06
3.09802e-06
2.9282e-06
2.77192e-06
2.64552e-06
2.56742e-06
2.63999e-06
2.8237e-06
3.10481e-06
3.42298e-06
3.75269e-06
3.93358e-06
3.88958e-06
3.89768e-06
3.88195e-06
5.45893e-06
5.41528e-06
5.35679e-06
5.27819e-06
5.17844e-06
5.05473e-06
4.89865e-06
4.71468e-06
4.53053e-06
4.38218e-06
4.31489e-06
4.353e-06
4.47095e-06
4.63406e-06
4.81519e-06
4.99066e-06
5.13527e-06
5.2273e-06
5.26288e-06
5.26735e-06
5.27729e-06
5.3243e-06
5.42621e-06
5.58474e-06
5.76764e-06
5.93701e-06
6.02821e-06
5.98341e-06
5.81353e-06
5.52877e-06
5.14925e-06
4.74807e-06
4.46908e-06
4.42424e-06
4.58932e-06
4.84943e-06
5.10734e-06
5.29758e-06
5.38135e-06
5.35256e-06
5.23185e-06
5.07558e-06
4.95638e-06
4.9471e-06
5.09177e-06
5.34153e-06
5.60591e-06
5.83066e-06
6.00223e-06
6.11542e-06
6.15287e-06
6.0426e-06
5.80908e-06
5.72377e-06
5.81035e-06
5.9196e-06
5.95871e-06
5.79926e-06
5.54472e-06
5.33162e-06
5.15909e-06
5.01866e-06
4.93418e-06
4.93271e-06
4.99054e-06
5.06218e-06
5.16721e-06
5.29232e-06
5.42828e-06
5.51326e-06
5.64837e-06
5.69645e-06
5.51157e-06
5.32779e-06
5.11011e-06
4.89672e-06
4.73923e-06
4.67648e-06
4.66166e-06
4.65526e-06
4.67437e-06
4.76457e-06
4.86231e-06
4.96001e-06
5.07191e-06
5.1079e-06
5.05366e-06
4.8723e-06
4.70975e-06
4.56674e-06
4.48265e-06
4.58038e-06
4.76044e-06
5.01892e-06
5.31137e-06
5.54386e-06
5.64687e-06
5.47488e-06
5.4322e-06
5.3292e-06
8.92941e-06
8.87389e-06
8.79818e-06
8.69482e-06
8.56003e-06
8.38738e-06
8.16577e-06
7.90335e-06
7.63944e-06
7.42188e-06
7.30776e-06
7.32344e-06
7.42951e-06
7.58905e-06
7.77925e-06
7.97436e-06
8.14041e-06
8.24576e-06
8.28138e-06
8.27481e-06
8.27084e-06
8.31208e-06
8.42574e-06
8.61662e-06
8.84887e-06
9.07501e-06
9.22022e-06
9.21226e-06
9.03066e-06
8.66243e-06
8.13826e-06
7.58112e-06
7.20476e-06
7.16208e-06
7.41319e-06
7.79799e-06
8.18387e-06
8.47875e-06
8.61678e-06
8.58344e-06
8.40762e-06
8.16184e-06
7.94989e-06
7.87911e-06
8.01671e-06
8.30849e-06
8.6229e-06
8.86878e-06
9.0206e-06
9.07247e-06
9.00435e-06
8.77077e-06
8.45395e-06
8.36777e-06
8.5601e-06
8.84048e-06
9.02216e-06
8.92918e-06
8.67229e-06
8.42566e-06
8.20233e-06
8.00008e-06
7.84043e-06
7.75838e-06
7.73315e-06
7.73087e-06
7.79049e-06
7.90266e-06
8.0471e-06
8.1398e-06
8.26059e-06
8.2972e-06
8.14974e-06
7.97251e-06
7.7687e-06
7.59182e-06
7.49456e-06
7.51379e-06
7.57722e-06
7.61958e-06
7.65891e-06
7.74603e-06
7.80418e-06
7.86774e-06
7.95479e-06
7.98499e-06
7.93852e-06
7.79532e-06
7.67237e-06
7.54952e-06
7.47357e-06
7.56938e-06
7.70976e-06
7.91693e-06
8.18838e-06
8.38244e-06
8.46582e-06
8.23629e-06
8.1814e-06
8.05936e-06
1.33031e-05
1.32267e-05
1.31274e-05
1.29964e-05
1.28264e-05
1.26064e-05
1.23243e-05
1.19918e-05
1.16557e-05
1.13686e-05
1.11898e-05
1.11455e-05
1.11791e-05
1.1267e-05
1.14057e-05
1.1572e-05
1.17221e-05
1.18149e-05
1.18358e-05
1.18075e-05
1.17746e-05
1.17845e-05
1.18715e-05
1.2046e-05
1.22768e-05
1.25146e-05
1.26879e-05
1.27187e-05
1.25442e-05
1.21186e-05
1.14831e-05
1.08099e-05
1.03674e-05
1.03304e-05
1.06446e-05
1.11214e-05
1.16051e-05
1.1984e-05
1.2163e-05
1.21193e-05
1.189e-05
1.15526e-05
1.12357e-05
1.10709e-05
1.1133e-05
1.13841e-05
1.16518e-05
1.18178e-05
1.18518e-05
1.1762e-05
1.15446e-05
1.11994e-05
1.0859e-05
1.08295e-05
1.11714e-05
1.16648e-05
1.20457e-05
1.21108e-05
1.19433e-05
1.17183e-05
1.14626e-05
1.11834e-05
1.08856e-05
1.06325e-05
1.04437e-05
1.0324e-05
1.03254e-05
1.04385e-05
1.06182e-05
1.07628e-05
1.09169e-05
1.10215e-05
1.09835e-05
1.08854e-05
1.07877e-05
1.07677e-05
1.08836e-05
1.11461e-05
1.14176e-05
1.15794e-05
1.16391e-05
1.16589e-05
1.16222e-05
1.16541e-05
1.17585e-05
1.18624e-05
1.19375e-05
1.19713e-05
1.20178e-05
1.2028e-05
1.20029e-05
1.20345e-05
1.20623e-05
1.21835e-05
1.2466e-05
1.26999e-05
1.28607e-05
1.27196e-05
1.27491e-05
1.27529e-05
1.7979e-05
1.78655e-05
1.77283e-05
1.75614e-05
1.73567e-05
1.71007e-05
1.67839e-05
1.64183e-05
1.60481e-05
1.57166e-05
1.54746e-05
1.53467e-05
1.52393e-05
1.51651e-05
1.5162e-05
1.52218e-05
1.52892e-05
1.53159e-05
1.52844e-05
1.52063e-05
1.51153e-05
1.50527e-05
1.50523e-05
1.513e-05
1.5269e-05
1.54305e-05
1.55627e-05
1.55963e-05
1.54305e-05
1.49886e-05
1.43161e-05
1.36095e-05
1.31461e-05
1.30884e-05
1.33773e-05
1.38304e-05
1.42954e-05
1.46599e-05
1.48133e-05
1.47306e-05
1.44562e-05
1.40609e-05
1.36839e-05
1.34435e-05
1.33678e-05
1.34761e-05
1.35362e-05
1.3463e-05
1.32474e-05
1.29249e-05
1.25276e-05
1.21058e-05
1.18109e-05
1.18762e-05
1.23578e-05
1.30395e-05
1.3627e-05
1.39191e-05
1.39348e-05
1.37951e-05
1.35289e-05
1.31577e-05
1.26699e-05
1.21823e-05
1.17801e-05
1.15182e-05
1.14604e-05
1.15993e-05
1.18623e-05
1.21409e-05
1.24363e-05
1.27547e-05
1.30172e-05
1.32441e-05
1.35581e-05
1.4085e-05
1.49209e-05
1.60186e-05
1.69201e-05
1.73985e-05
1.75164e-05
1.74165e-05
1.73062e-05
1.74459e-05
1.77655e-05
1.82561e-05
1.88588e-05
1.95131e-05
2.01585e-05
2.06825e-05
2.09646e-05
2.10486e-05
2.10471e-05
2.12246e-05
2.18227e-05
2.24328e-05
2.29896e-05
2.32118e-05
2.36001e-05
2.40233e-05
2.2532e-05
2.23468e-05
2.21353e-05
2.19016e-05
2.16446e-05
2.13566e-05
2.10344e-05
2.06833e-05
2.03289e-05
1.99971e-05
1.97291e-05
1.95472e-05
1.92685e-05
1.89646e-05
1.8724e-05
1.8582e-05
1.84708e-05
1.83375e-05
1.81728e-05
1.79801e-05
1.77768e-05
1.75866e-05
1.74301e-05
1.7323e-05
1.72681e-05
1.72452e-05
1.72284e-05
1.71702e-05
1.6961e-05
1.6516e-05
1.58736e-05
1.52054e-05
1.47351e-05
1.45803e-05
1.4689e-05
1.49252e-05
1.51723e-05
1.53411e-05
1.53353e-05
1.51412e-05
1.48107e-05
1.44082e-05
1.40673e-05
1.38384e-05
1.36264e-05
1.35638e-05
1.32226e-05
1.27004e-05
1.21192e-05
1.15151e-05
1.09474e-05
1.04862e-05
1.02464e-05
1.03516e-05
1.0841e-05
1.15511e-05
1.22269e-05
1.26914e-05
1.28826e-05
1.28282e-05
1.25576e-05
1.21274e-05
1.15087e-05
1.08619e-05
1.02921e-05
9.85538e-06
9.65571e-06
9.72152e-06
9.98941e-06
1.03796e-05
1.08849e-05
1.15634e-05
1.2406e-05
1.34843e-05
1.50349e-05
1.73617e-05
2.07876e-05
2.50843e-05
2.80118e-05
2.90737e-05
2.8949e-05
2.8358e-05
2.8202e-05
2.90233e-05
3.07061e-05
3.33687e-05
3.66588e-05
4.01854e-05
4.35523e-05
4.64051e-05
4.85154e-05
4.99404e-05
5.10881e-05
5.24608e-05
5.47885e-05
5.72559e-05
5.95753e-05
6.10504e-05
6.27671e-05
6.46045e-05
2.72133e-05
2.68785e-05
2.65102e-05
2.61302e-05
2.57543e-05
2.53918e-05
2.50458e-05
2.46996e-05
2.43443e-05
2.40005e-05
2.37181e-05
2.35091e-05
2.30554e-05
2.24932e-05
2.19222e-05
2.14673e-05
2.10501e-05
2.0619e-05
2.01937e-05
1.97837e-05
1.93934e-05
1.9021e-05
1.86599e-05
1.83163e-05
1.80106e-05
1.77371e-05
1.74803e-05
1.72176e-05
1.68745e-05
1.63944e-05
1.57954e-05
1.51755e-05
1.46579e-05
1.43037e-05
1.40664e-05
1.38724e-05
1.36922e-05
1.34665e-05
1.31414e-05
1.2728e-05
1.22848e-05
1.18742e-05
1.16059e-05
1.14526e-05
1.12205e-05
1.12116e-05
1.03681e-05
9.10542e-06
8.11902e-06
7.29281e-06
6.64319e-06
6.19077e-06
5.95966e-06
5.97068e-06
6.23734e-06
6.68426e-06
7.16393e-06
7.54132e-06
7.71372e-06
7.7074e-06
7.70348e-06
7.57291e-06
6.94376e-06
6.12375e-06
5.20364e-06
4.25656e-06
3.48526e-06
2.94289e-06
2.59126e-06
2.38361e-06
2.34397e-06
2.54852e-06
3.14852e-06
4.51631e-06
7.3644e-06
1.28461e-05
2.22761e-05
3.44155e-05
4.0112e-05
3.7486e-05
3.24687e-05
3.11199e-05
3.50768e-05
4.39808e-05
5.67696e-05
6.86094e-05
7.90315e-05
8.81876e-05
9.54524e-05
0.000100252
0.000102782
0.000103429
0.00010362
0.000104113
0.000106532
0.000110163
0.000114588
0.000118305
0.000122535
0.00012456
3.18716e-05
3.12378e-05
3.0568e-05
2.99007e-05
2.92729e-05
2.87141e-05
2.82226e-05
2.77377e-05
2.72057e-05
2.66791e-05
2.62403e-05
2.58697e-05
2.51731e-05
2.43134e-05
2.33197e-05
2.24286e-05
2.15656e-05
2.06977e-05
1.98909e-05
1.91748e-05
1.85386e-05
1.79514e-05
1.73866e-05
1.68371e-05
1.63328e-05
1.58676e-05
1.54106e-05
1.49526e-05
1.44752e-05
1.39701e-05
1.34311e-05
1.28692e-05
1.2313e-05
1.17956e-05
1.12222e-05
1.04032e-05
9.69235e-06
9.00465e-06
8.31967e-06
7.66873e-06
7.09956e-06
6.65317e-06
6.39133e-06
6.31031e-06
6.40425e-06
7.16555e-06
5.93327e-06
3.642e-06
2.44273e-06
1.6967e-06
1.24548e-06
9.85599e-07
8.38285e-07
7.5425e-07
7.07159e-07
6.8335e-07
6.72186e-07
6.77797e-07
9.63465e-07
2.60802e-06
4.94203e-06
4.27088e-06
2.88723e-06
1.89946e-06
1.16679e-06
7.15023e-07
4.74196e-07
3.40278e-07
2.63256e-07
2.18383e-07
1.99402e-07
2.22632e-07
3.55918e-07
8.1557e-07
2.16106e-06
5.52325e-06
1.22767e-05
2.0917e-05
2.32286e-05
1.81042e-05
1.19766e-05
8.81609e-06
8.38513e-06
9.2212e-06
1.10613e-05
1.33939e-05
1.61399e-05
1.93358e-05
2.29749e-05
2.70204e-05
3.1257e-05
3.54293e-05
3.92559e-05
4.25468e-05
4.52414e-05
4.74099e-05
4.91904e-05
5.08062e-05
5.23851e-05
5.45879e-05
3.3553e-05
3.24443e-05
3.1325e-05
3.02342e-05
2.92226e-05
2.83255e-05
2.75191e-05
2.66952e-05
2.57613e-05
2.48447e-05
2.40492e-05
2.32994e-05
2.22802e-05
2.11182e-05
1.97703e-05
1.8492e-05
1.72313e-05
1.60039e-05
1.49042e-05
1.39812e-05
1.31763e-05
1.23873e-05
1.16452e-05
1.10158e-05
1.04817e-05
1.00164e-05
9.57252e-06
9.13961e-06
8.72745e-06
8.35307e-06
8.00194e-06
7.65688e-06
7.34402e-06
7.19947e-06
7.13452e-06
5.38387e-06
4.17653e-06
3.2656e-06
2.53482e-06
1.97935e-06
1.59193e-06
1.35785e-06
1.31074e-06
1.76502e-06
3.43648e-06
5.85978e-06
2.95939e-06
1.31928e-06
9.22126e-07
7.5731e-07
6.66284e-07
6.05145e-07
5.59212e-07
5.23889e-07
4.93814e-07
4.66707e-07
4.37394e-07
3.99437e-07
3.53255e-07
3.10132e-07
2.8323e-07
2.67953e-07
2.54073e-07
2.40925e-07
2.26898e-07
2.12446e-07
1.98006e-07
1.83277e-07
1.68621e-07
1.54637e-07
1.40936e-07
1.27636e-07
1.14757e-07
1.02324e-07
9.03744e-08
7.90159e-08
6.84787e-08
5.90546e-08
5.09141e-08
4.39473e-08
3.79276e-08
3.292e-08
2.92125e-08
2.709e-08
8.47533e-08
5.95028e-07
1.43335e-06
2.62149e-06
4.15277e-06
6.09318e-06
8.37431e-06
1.09486e-05
1.37114e-05
1.65652e-05
1.94058e-05
2.21417e-05
2.47012e-05
2.70856e-05
2.92615e-05
3.16744e-05
2.79348e-05
2.64043e-05
2.4922e-05
2.35109e-05
2.22144e-05
2.10541e-05
1.99795e-05
1.8892e-05
1.76988e-05
1.66034e-05
1.56505e-05
1.47321e-05
1.36212e-05
1.24494e-05
1.12929e-05
1.02162e-05
9.16667e-06
8.1958e-06
7.37412e-06
6.79232e-06
6.40221e-06
5.87037e-06
4.66326e-06
4.01075e-06
3.57591e-06
3.24667e-06
2.98114e-06
2.76133e-06
2.57491e-06
2.41261e-06
2.27711e-06
2.24206e-06
2.54871e-06
3.72231e-06
6.62088e-06
3.6655e-06
2.25234e-06
1.73424e-06
1.44269e-06
1.25207e-06
1.11725e-06
1.01524e-06
9.34843e-07
8.66837e-07
8.05768e-07
7.47059e-07
6.90524e-07
6.38601e-07
5.91068e-07
5.46934e-07
5.06045e-07
4.68275e-07
4.33759e-07
4.02579e-07
3.7461e-07
3.49467e-07
3.26163e-07
3.03438e-07
2.80574e-07
2.58638e-07
2.39867e-07
2.23905e-07
2.0982e-07
1.97198e-07
1.85334e-07
1.73938e-07
1.62893e-07
1.51946e-07
1.41115e-07
1.30565e-07
1.20205e-07
1.10092e-07
1.00274e-07
9.08054e-08
8.17295e-08
7.30631e-08
6.48004e-08
5.69251e-08
4.9454e-08
4.24579e-08
3.61346e-08
3.07993e-08
2.66041e-08
2.3541e-08
2.22056e-08
5.71143e-08
1.7797e-07
4.39459e-07
8.82974e-07
1.57297e-06
2.52846e-06
3.76233e-06
5.25613e-06
6.98375e-06
8.89553e-06
1.09247e-05
1.30032e-05
1.50821e-05
1.70844e-05
1.9262e-05
1.69739e-05
1.55962e-05
1.43078e-05
1.31444e-05
1.20639e-05
1.10918e-05
1.01694e-05
9.32233e-06
8.48157e-06
7.84555e-06
7.34122e-06
6.99602e-06
6.48628e-06
5.40665e-06
4.80525e-06
4.42848e-06
4.12204e-06
3.85807e-06
3.66515e-06
3.72541e-06
4.68077e-06
8.05196e-06
5.20224e-06
3.7813e-06
3.2416e-06
2.91169e-06
2.6744e-06
2.48899e-06
2.33563e-06
2.21195e-06
2.10414e-06
2.01308e-06
1.93197e-06
1.85972e-06
1.78289e-06
1.68778e-06
1.57767e-06
1.46923e-06
1.36584e-06
1.26799e-06
1.17556e-06
1.08888e-06
1.00663e-06
9.28359e-07
8.53801e-07
7.82487e-07
7.15235e-07
6.53105e-07
5.96474e-07
5.44958e-07
4.98228e-07
4.55942e-07
4.17854e-07
3.83698e-07
3.53173e-07
3.25908e-07
3.01376e-07
2.79025e-07
2.58419e-07
2.39509e-07
2.22566e-07
2.07328e-07
1.93544e-07
1.81029e-07
1.69426e-07
1.5849e-07
1.48058e-07
1.37943e-07
1.28074e-07
1.18458e-07
1.09037e-07
9.98186e-08
9.08225e-08
8.20871e-08
7.36594e-08
6.55872e-08
5.79127e-08
5.06675e-08
4.38811e-08
3.75925e-08
3.18881e-08
2.69094e-08
2.27582e-08
1.94958e-08
1.73135e-08
1.8445e-08
3.35378e-08
8.56402e-08
2.03717e-07
4.32026e-07
8.07485e-07
1.3622e-06
2.11456e-06
3.07614e-06
4.23842e-06
5.57347e-06
7.04291e-06
8.60577e-06
1.01978e-05
1.19601e-05
9.38698e-06
8.75924e-06
8.20692e-06
7.85283e-06
7.41624e-06
7.10713e-06
6.20434e-06
5.67159e-06
5.27234e-06
4.95556e-06
4.7825e-06
5.25232e-06
8.2158e-06
6.99437e-06
5.04578e-06
4.4977e-06
4.21873e-06
4.04944e-06
3.93885e-06
3.85932e-06
3.80179e-06
3.74017e-06
3.66396e-06
3.526e-06
3.37361e-06
3.22065e-06
3.06897e-06
2.91983e-06
2.77321e-06
2.63079e-06
2.49121e-06
2.35492e-06
2.22165e-06
2.09203e-06
1.96415e-06
1.83703e-06
1.71005e-06
1.58636e-06
1.46749e-06
1.35407e-06
1.2464e-06
1.14467e-06
1.04878e-06
9.58673e-07
8.74383e-07
7.95802e-07
7.2294e-07
6.56281e-07
5.95865e-07
5.41309e-07
4.92205e-07
4.48115e-07
4.08668e-07
3.73482e-07
3.42163e-07
3.14299e-07
2.89423e-07
2.67097e-07
2.46954e-07
2.28767e-07
2.12376e-07
1.97495e-07
1.83955e-07
1.71615e-07
1.60217e-07
1.4955e-07
1.39449e-07
1.29753e-07
1.20369e-07
1.11252e-07
1.02351e-07
9.36501e-08
8.51553e-08
7.68906e-08
6.88953e-08
6.12171e-08
5.3907e-08
4.7014e-08
4.05841e-08
3.46614e-08
2.92977e-08
2.45505e-08
2.04552e-08
1.70299e-08
1.43527e-08
1.2552e-08
1.34328e-08
2.25144e-08
5.17322e-08
1.24062e-07
2.675e-07
5.11118e-07
8.81238e-07
1.40209e-06
2.08527e-06
2.92815e-06
3.91652e-06
5.02659e-06
6.21762e-06
7.57086e-06
6.91083e-06
6.45825e-06
6.08934e-06
5.88764e-06
6.25786e-06
9.23341e-06
7.78282e-06
6.03627e-06
5.62682e-06
5.42857e-06
5.30434e-06
5.22625e-06
5.15874e-06
5.0957e-06
4.98108e-06
4.84938e-06
4.71286e-06
4.57496e-06
4.43618e-06
4.29623e-06
4.1553e-06
4.01171e-06
3.86551e-06
3.71314e-06
3.55685e-06
3.39888e-06
3.24011e-06
3.0814e-06
2.92338e-06
2.7668e-06
2.61209e-06
2.45979e-06
2.3103e-06
2.16413e-06
2.02136e-06
1.88225e-06
1.74749e-06
1.61778e-06
1.49364e-06
1.37533e-06
1.26305e-06
1.15693e-06
1.05706e-06
9.63465e-07
8.76233e-07
7.95238e-07
7.20379e-07
6.52029e-07
5.90173e-07
5.34461e-07
4.84476e-07
4.39756e-07
3.99875e-07
3.64403e-07
3.32909e-07
3.04957e-07
2.80093e-07
2.57908e-07
2.38054e-07
2.20254e-07
2.0422e-07
1.89642e-07
1.7636e-07
1.64238e-07
1.53065e-07
1.42648e-07
1.32826e-07
1.23451e-07
1.14425e-07
1.05685e-07
9.71765e-08
8.88779e-08
8.07845e-08
7.2912e-08
6.52927e-08
5.79709e-08
5.09971e-08
4.44235e-08
3.82995e-08
3.26694e-08
2.75728e-08
2.30412e-08
1.9087e-08
1.5706e-08
1.29005e-08
1.06882e-08
9.13222e-09
9.59013e-09
1.58709e-08
3.74493e-08
9.07658e-08
1.9613e-07
3.76404e-07
6.56077e-07
1.05345e-06
1.57809e-06
2.23054e-06
3.00097e-06
3.86825e-06
4.88204e-06
7.25683e-06
6.68297e-06
6.43493e-06
6.29796e-06
6.20073e-06
6.11209e-06
6.01755e-06
5.91325e-06
5.80153e-06
5.6864e-06
5.56785e-06
5.44503e-06
5.31751e-06
5.18515e-06
5.05415e-06
4.92142e-06
4.78607e-06
4.64712e-06
4.50431e-06
4.3575e-06
4.20691e-06
4.0525e-06
3.89515e-06
3.73801e-06
3.58015e-06
3.42171e-06
3.26277e-06
3.1037e-06
2.94497e-06
2.78708e-06
2.63062e-06
2.47615e-06
2.32415e-06
2.17515e-06
2.0294e-06
1.88747e-06
1.75056e-06
1.61914e-06
1.49354e-06
1.37393e-06
1.26047e-06
1.15327e-06
1.05246e-06
9.58096e-07
8.7023e-07
7.88677e-07
7.13329e-07
6.44508e-07
5.82217e-07
5.26155e-07
4.75925e-07
4.31065e-07
3.91133e-07
3.5568e-07
3.24254e-07
2.96411e-07
2.71699e-07
2.49718e-07
2.30129e-07
2.12634e-07
1.96902e-07
1.82608e-07
1.69589e-07
1.57708e-07
1.46772e-07
1.36602e-07
1.27043e-07
1.17954e-07
1.09236e-07
1.00819e-07
9.26493e-08
8.46986e-08
7.69574e-08
6.9435e-08
6.2158e-08
5.5166e-08
4.85067e-08
4.2231e-08
3.63879e-08
3.10198e-08
2.61612e-08
2.18337e-08
1.80425e-08
1.47778e-08
1.20216e-08
9.74794e-09
7.93556e-09
6.60525e-09
6.57506e-09
1.22384e-08
3.12181e-08
7.58162e-08
1.62783e-07
3.12352e-07
5.42847e-07
8.68103e-07
1.2961e-06
1.82603e-06
2.4501e-06
3.20096e-06
2.24848e-171
3.64881e-171
4.93459e-171
1.41875e-170
3.53746e-165
2.75965e-163
5.55354e-154
2.08282e-141
8.02781e-69
1.87091e-68
5.24377e-59
3.75795e-56
1.18797e-56
4.62126e-57
2.3915e-52
7.97137e-52
2.08508e-52
5.04548e-53
1.26861e-49
9.23602e-50
2.06989e-50
3.96422e-51
1.49514e-51
8.52143e-46
3.79362e-45
1.12629e-45
5.13038e-46
3.70279e-43
2.15891e-43
4.8031e-44
9.43244e-45
1.8118e-45
1.05379e-45
5.76899e-43
1.38467e-42
3.15871e-43
5.60901e-44
9.5769e-45
1.63312e-45
2.80348e-46
4.85024e-47
8.44977e-48
1.71087e-48
2.89651e-48
5.04462e-48
3.43211e-48
1.23296e-48
3.13107e-49
6.92714e-50
1.46946e-50
1.39162e-171
2.17356e-171
2.86054e-171
8.9203e-171
2.50976e-165
1.94011e-163
4.93101e-159
5.98042e-144
4.53544e-84
6.67221e-77
1.56022e-62
2.20854e-59
7.66147e-60
2.94893e-60
2.67291e-55
8.59465e-55
2.47552e-55
6.33732e-56
1.70908e-52
1.25185e-52
3.0195e-53
6.17094e-54
1.7477e-54
1.53719e-48
6.27553e-48
2.07744e-48
8.65737e-49
6.31936e-46
3.60324e-46
8.70386e-47
1.8463e-47
3.80803e-48
1.18512e-48
6.52972e-46
1.54602e-45
3.9193e-46
7.56261e-47
1.39439e-47
2.56017e-48
4.72272e-49
8.76873e-50
1.6379e-50
3.07957e-51
7.42355e-52
5.48284e-52
4.09955e-52
1.78187e-52
5.43124e-53
1.41832e-53
3.52235e-54
8.32496e-172
1.26064e-171
1.61942e-171
5.66141e-171
1.77848e-165
1.35954e-163
5.43135e-162
1.54977e-146
7.37585e-143
2.53111e-93
3.24507e-66
1.03431e-62
3.89961e-63
1.56832e-63
2.60427e-58
8.36124e-58
2.61765e-58
7.18714e-59
2.08839e-55
1.58017e-55
4.06743e-56
8.8258e-57
2.24904e-57
2.57614e-51
9.97701e-51
3.6231e-51
1.47956e-51
1.04306e-48
6.06344e-49
1.57528e-49
3.57868e-50
7.86911e-51
1.98519e-51
7.41393e-49
1.78571e-48
4.95639e-49
1.03513e-49
2.0555e-50
4.05258e-51
8.00802e-52
1.58924e-52
3.16733e-53
6.32722e-54
1.27401e-54
2.93078e-55
9.99366e-56
3.89962e-56
1.31815e-56
3.97564e-57
1.14985e-57
4.7916e-172
7.08317e-172
8.92284e-172
3.64533e-171
1.25899e-165
9.49943e-164
3.76621e-162
3.82936e-149
7.42285e-145
8.87522e-100
4.44035e-70
3.77898e-66
1.53831e-66
6.72306e-67
2.19489e-61
7.26861e-61
2.4645e-61
7.32085e-62
2.2985e-58
1.82894e-58
5.01456e-59
1.15308e-59
2.88623e-60
3.9816e-54
1.50715e-53
5.95491e-54
2.47617e-54
1.64217e-51
9.96138e-52
2.77219e-52
6.70746e-53
1.56372e-53
3.81684e-54
8.28207e-52
2.07178e-51
6.26708e-52
1.41178e-52
3.00942e-53
6.34786e-54
1.33805e-54
2.82457e-55
5.97335e-56
1.26357e-56
2.6681e-57
5.64924e-58
1.24371e-58
2.99878e-59
7.86674e-60
2.18095e-60
6.36204e-61
2.64577e-172
3.83946e-172
4.76951e-172
2.3938e-171
8.90398e-166
6.62023e-164
2.60214e-162
9.35224e-152
7.35148e-147
9.93001e-120
3.65711e-74
1.04635e-69
4.57483e-70
2.24746e-70
1.57948e-64
5.56194e-64
2.04372e-64
6.61681e-65
2.25283e-61
1.90773e-61
5.56884e-62
1.35601e-62
3.46974e-63
5.6149e-57
2.13074e-56
9.12621e-57
3.95272e-57
2.42653e-54
1.55546e-54
4.6232e-55
1.18641e-55
2.92019e-56
7.27931e-57
8.91393e-55
2.35632e-54
7.74304e-55
1.87392e-55
4.27033e-56
9.59296e-57
2.14651e-57
4.79532e-58
1.0704e-58
2.38503e-59
5.2951e-60
1.17004e-60
2.57905e-61
5.72506e-62
1.29886e-62
3.06859e-63
7.74883e-64
1.39824e-172
2.00106e-172
2.46597e-172
1.61031e-171
6.29101e-166
4.60274e-164
1.79177e-162
2.34156e-154
7.25643e-149
3.35548e-136
1.59346e-78
2.12538e-73
9.93033e-74
5.67973e-74
9.57146e-68
3.68478e-67
1.47111e-67
5.22914e-68
1.94394e-64
1.76545e-64
5.48669e-65
1.41453e-65
3.77281e-66
7.14574e-60
2.77861e-59
1.28843e-59
5.89578e-60
3.31946e-57
2.26197e-57
7.16011e-58
1.94236e-58
5.03161e-59
1.30089e-59
9.0695e-58
2.56707e-57
9.13013e-58
2.36429e-58
5.73455e-59
1.36567e-59
3.22886e-60
7.59953e-61
1.78277e-61
4.16715e-62
9.69359e-63
2.24219e-63
5.15685e-64
1.181e-64
2.70618e-65
6.27084e-66
1.49911e-66
7.05702e-173
1.00004e-172
1.23016e-172
1.11249e-171
4.4395e-166
3.19274e-164
1.22982e-162
6.25465e-157
7.24388e-151
1.70456e-138
2.98437e-83
3.0567e-77
1.517e-77
1.0542e-77
4.81653e-71
2.0782e-70
9.04401e-71
3.55611e-71
1.46106e-67
1.42986e-67
4.73182e-68
1.29175e-68
3.63108e-69
8.12039e-63
3.29744e-62
1.65584e-62
8.08364e-63
4.1519e-60
3.01323e-60
1.01305e-60
2.89766e-61
7.8822e-62
2.1236e-62
8.57658e-61
2.62213e-60
1.00551e-60
2.77488e-61
7.13317e-62
1.79334e-62
4.46235e-63
1.10259e-63
2.70997e-64
6.62787e-65
1.6121e-65
3.89863e-66
9.37742e-67
2.24486e-67
5.35994e-68
1.28388e-68
3.12346e-69
3.3943e-173
4.78158e-173
5.91014e-173
7.89131e-172
3.12783e-166
2.20942e-164
8.41516e-163
1.8752e-159
7.42889e-153
2.81674e-140
1.59527e-88
2.99513e-81
1.56651e-81
1.40086e-81
1.98464e-74
9.81217e-74
4.66944e-74
2.04719e-74
9.47289e-71
1.00151e-70
3.52959e-71
1.02034e-71
3.04544e-72
8.15759e-66
3.51749e-65
1.91541e-65
1.00508e-65
4.69161e-63
3.62564e-63
1.29155e-63
3.8877e-64
1.10888e-64
3.11861e-65
7.42982e-64
2.46082e-63
1.01371e-63
2.97069e-64
8.06429e-65
2.13328e-65
5.57061e-66
1.44176e-66
3.70674e-67
9.47624e-68
2.40914e-68
6.09294e-69
1.53441e-69
3.85154e-70
9.65359e-71
2.42639e-71
6.16958e-72
1.55256e-173
2.18298e-173
2.73224e-173
5.73105e-172
2.19882e-166
1.52495e-164
5.74085e-163
2.22065e-161
7.935e-155
6.43488e-142
6.55348e-95
1.91757e-85
1.04673e-85
1.30718e-85
6.60224e-78
3.81404e-77
1.99061e-77
9.81679e-78
5.25188e-74
6.00247e-74
2.25258e-74
6.89405e-75
2.19787e-75
7.17652e-69
3.33535e-68
1.97357e-68
1.12016e-68
4.73487e-66
3.89195e-66
1.46652e-66
4.63959e-67
1.38644e-67
4.07425e-68
5.82512e-67
2.08263e-66
9.18409e-67
2.85004e-67
8.14887e-68
2.26344e-68
6.19356e-69
1.67783e-69
4.5124e-70
1.20672e-70
3.21113e-71
8.51054e-72
2.24995e-72
5.94238e-73
1.57103e-73
4.1739e-74
1.12254e-74
6.73903e-174
9.49898e-174
1.21596e-173
4.24152e-172
1.5412e-166
1.0494e-164
3.90461e-163
1.0732e-161
8.8889e-157
1.54533e-143
3.67878e-110
7.66917e-90
4.32438e-90
8.48292e-90
1.7491e-81
1.20052e-80
6.89171e-81
3.86222e-81
2.4702e-77
3.04886e-77
1.21771e-77
3.94281e-78
1.34996e-78
5.48119e-72
2.7826e-71
1.79405e-71
1.10777e-71
4.22257e-69
3.68656e-69
1.46788e-69
4.87793e-70
1.52673e-70
4.69156e-71
4.09338e-70
1.56278e-69
7.35514e-70
2.41252e-70
7.25606e-71
2.11492e-71
6.0652e-72
1.72142e-72
4.85163e-73
1.36066e-73
3.80216e-74
1.06006e-74
2.95481e-75
8.25047e-76
2.31272e-76
6.53306e-77
1.87228e-77
2.77012e-174
3.93328e-174
5.22254e-174
3.182e-172
1.07619e-166
7.19703e-165
2.64742e-163
7.17751e-162
1.05508e-158
3.72916e-145
1.82418e-116
1.82781e-94
1.05686e-94
3.84291e-94
3.64385e-85
3.01292e-84
1.90795e-84
1.23055e-84
9.78802e-81
1.30107e-80
5.52514e-81
1.8902e-81
6.99012e-82
3.60675e-75
2.02349e-74
1.42638e-74
9.63338e-75
3.2955e-72
3.05142e-72
1.28319e-72
4.47888e-73
1.46847e-73
4.72237e-74
2.55926e-73
1.02414e-72
5.13029e-73
1.77746e-73
5.6256e-74
1.72259e-74
5.18779e-75
1.54707e-75
4.58634e-76
1.35495e-76
3.99586e-77
1.17833e-77
3.48259e-78
1.03387e-78
3.0894e-79
9.32574e-80
2.86287e-80
1.07625e-174
1.54754e-174
2.17773e-174
2.40757e-172
7.48032e-167
4.91673e-165
1.78908e-163
4.79615e-162
2.22852e-160
8.8952e-147
3.65014e-123
2.47431e-99
1.47336e-99
1.24256e-98
5.90368e-89
5.95003e-88
4.16819e-88
3.14489e-88
3.24756e-84
4.6292e-84
2.08703e-84
7.52988e-85
3.0279e-85
2.03144e-78
1.27211e-77
9.84278e-78
7.30718e-78
2.23151e-75
2.18789e-75
9.71614e-76
3.56322e-76
1.22431e-76
4.12291e-77
1.41776e-76
5.78236e-76
3.07628e-76
1.12677e-76
3.76095e-77
1.21368e-77
3.85427e-78
1.21373e-78
3.80654e-79
1.19209e-79
3.73462e-80
1.17245e-80
3.69718e-81
1.17348e-81
3.75537e-82
1.21573e-82
4.01217e-83
3.94403e-175
5.78007e-175
8.92099e-175
1.82948e-172
5.1715e-167
3.34417e-165
1.20473e-163
3.19466e-162
6.584e-161
2.07008e-148
3.80569e-131
1.8201e-104
1.14777e-104
3.0138e-103
7.38027e-93
9.15162e-92
7.11532e-92
6.41528e-92
8.97314e-88
1.36492e-87
6.51961e-88
2.47506e-88
1.09148e-88
9.74219e-82
6.8658e-81
5.85572e-81
4.79975e-81
1.3011e-78
1.34853e-78
6.32592e-79
2.43874e-79
8.78552e-80
3.09901e-80
6.96146e-80
2.78031e-79
1.56808e-79
6.08824e-80
2.15248e-80
7.36068e-81
2.48082e-81
8.30928e-82
2.77817e-82
9.29448e-83
3.11627e-83
1.04855e-83
3.54787e-84
1.20923e-84
4.15644e-85
1.44577e-85
5.14699e-86
1.36045e-175
2.05009e-175
3.66339e-175
1.3918e-172
3.55381e-167
2.26344e-165
8.08122e-164
2.1209e-162
4.254e-161
4.64451e-150
1.2145e-144
7.03194e-110
5.01292e-110
6.13889e-108
7.09771e-97
1.08899e-95
9.44242e-96
1.04505e-95
2.05581e-91
3.32189e-91
1.67733e-91
6.68392e-92
3.26779e-92
3.96276e-85
3.16328e-84
2.98665e-84
2.71256e-84
6.48909e-82
7.09869e-82
3.51909e-82
1.4269e-82
5.39084e-83
1.99114e-83
3.04368e-83
1.12852e-82
6.73665e-83
2.78549e-83
1.05013e-83
3.83567e-84
1.38416e-84
4.97683e-85
1.79007e-85
6.45115e-86
2.33131e-86
8.45453e-87
3.08172e-87
1.13058e-87
4.1786e-88
1.56395e-88
6.0546e-89
4.40872e-176
6.92864e-176
1.55246e-175
1.05765e-172
2.42607e-167
1.5238e-165
5.39862e-164
1.40331e-162
2.80317e-161
9.94285e-152
2.50526e-146
1.39678e-115
1.26805e-115
1.34203e-112
5.26278e-101
1.00087e-99
9.75093e-100
1.36828e-99
3.89856e-95
6.66506e-95
3.55092e-95
1.48202e-95
8.14079e-96
1.36392e-88
1.23897e-87
1.30013e-87
1.31154e-87
2.7532e-85
3.17449e-85
1.66378e-85
7.09762e-86
2.81136e-86
1.08594e-86
1.19246e-86
3.84766e-86
2.42619e-86
1.07539e-86
4.36248e-87
1.71961e-87
6.7166e-88
2.61974e-88
1.02312e-88
4.00167e-89
1.56718e-89
6.14706e-90
2.41839e-90
9.55881e-91
3.80373e-91
1.54176e-91
6.67622e-92
1.34164e-176
2.25397e-176
7.00365e-176
8.01499e-173
1.64435e-167
1.02001e-165
3.59112e-164
9.25416e-163
1.84233e-161
2.01316e-153
5.0939e-148
1.4131e-121
1.97479e-121
4.0894e-117
3.03273e-105
7.14044e-104
7.90271e-104
1.45808e-103
6.12878e-99
1.10484e-98
6.20494e-99
2.70847e-99
1.69698e-99
3.96912e-92
4.11535e-91
4.81492e-91
5.40027e-91
9.89708e-89
1.20113e-88
6.65606e-89
2.98673e-89
1.23909e-89
4.99353e-90
4.20027e-90
1.10179e-89
7.31273e-90
3.50249e-90
1.54585e-90
6.65645e-91
2.84776e-91
1.21748e-91
5.20415e-92
2.221e-92
9.45631e-93
4.01873e-93
1.70921e-93
7.30661e-94
3.16912e-94
1.44744e-94
7.80524e-95
3.84389e-177
7.22341e-177
3.42617e-176
6.05072e-173
1.10593e-167
6.78658e-166
2.37839e-164
6.08343e-163
1.20765e-161
3.82198e-155
9.94907e-150
7.26749e-128
2.05099e-127
1.61584e-121
1.37853e-109
4.00355e-108
5.1144e-108
1.28785e-107
8.02505e-103
1.52266e-102
9.01638e-103
4.11433e-103
2.98614e-103
9.77613e-96
1.15849e-94
1.51431e-94
1.88731e-94
3.00678e-92
3.83426e-92
2.24542e-92
1.0588e-92
4.59173e-93
1.92382e-93
1.32393e-93
2.66402e-93
1.8485e-93
9.64613e-94
4.68863e-94
2.23421e-94
1.05917e-94
5.00735e-95
2.35616e-95
1.10086e-95
5.10842e-96
2.36336e-96
1.10216e-96
5.31501e-97
2.80849e-97
1.82303e-97
1.61121e-97
1.0447e-177
2.38283e-177
1.80843e-176
4.54898e-173
7.37677e-168
4.48673e-166
1.56835e-164
3.98779e-163
7.89989e-162
6.70292e-157
1.82088e-151
1.90345e-134
1.55947e-133
6.64889e-126
5.05487e-114
1.80041e-112
2.71578e-112
9.64515e-112
8.82404e-107
1.76262e-106
1.10147e-106
5.26154e-107
4.48727e-107
2.04405e-99
2.76668e-98
4.04437e-98
5.58924e-98
7.71286e-96
1.03083e-95
6.37091e-96
3.15074e-96
1.42408e-96
6.17467e-97
3.68386e-97
5.49542e-97
3.9384e-97
2.25425e-97
1.22136e-97
6.52224e-98
3.4615e-98
1.82224e-98
9.48419e-99
4.88308e-99
2.51605e-99
1.34559e-99
8.14971e-100
6.31722e-100
6.45826e-100
7.84805e-100
1.00924e-99
2.73599e-178
8.60238e-178
1.00728e-176
3.40725e-173
4.87744e-168
2.9464e-166
1.02973e-164
2.60795e-163
5.16115e-162
1.03986e-158
2.94855e-153
2.55849e-141
1.01618e-139
2.58331e-130
1.54711e-118
6.68102e-117
1.22867e-116
6.28945e-116
8.23398e-111
1.7357e-110
1.14707e-110
5.75668e-111
5.83507e-111
3.64314e-103
5.61857e-102
9.18563e-102
1.40234e-101
1.67045e-99
2.33103e-99
1.51675e-99
7.84333e-100
3.68015e-100
1.64259e-100
8.88234e-101
9.79435e-101
7.11535e-101
4.48446e-101
2.74113e-101
1.66142e-101
9.97377e-102
5.912e-102
3.49764e-102
2.17585e-102
1.62932e-102
1.70702e-102
2.38238e-102
3.69918e-102
5.70516e-102
8.40494e-102
1.16576e-101
7.05832e-179
3.566e-178
5.78198e-177
2.5459e-173
3.19545e-168
1.92118e-166
6.73196e-165
1.70258e-163
3.37072e-162
1.69072e-160
3.41777e-155
1.83054e-148
8.40168e-146
9.28164e-135
4.20692e-123
2.13322e-121
4.98545e-121
3.68982e-120
6.61666e-115
1.47992e-114
1.03805e-114
5.50476e-115
6.68457e-115
5.5771e-107
9.76416e-106
1.78416e-105
2.99349e-105
3.06468e-103
4.44273e-103
3.03242e-103
1.63286e-103
7.91556e-104
3.6163e-104
1.82797e-104
1.52939e-104
1.10086e-104
7.66636e-105
5.37447e-105
3.77884e-105
2.68601e-105
2.08176e-105
2.1216e-105
3.19347e-105
6.05452e-105
1.19668e-104
2.27881e-104
4.07916e-104
6.80735e-104
1.05828e-103
1.52806e-103
1.82667e-179
1.69958e-178
3.36855e-177
1.90216e-173
2.07397e-168
1.24336e-166
4.38214e-165
1.11024e-163
2.20278e-162
3.67537e-161
4.43399e-158
8.82993e-155
1.66483e-151
2.45512e-139
1.08844e-127
6.24172e-126
1.89035e-125
2.02036e-124
4.7708e-119
1.13316e-118
8.37137e-119
4.66697e-119
6.84061e-119
7.46986e-111
1.47497e-109
2.97895e-109
5.43391e-109
4.79951e-107
7.06102e-107
4.92687e-107
2.69559e-107
1.3205e-107
6.05427e-108
2.89377e-108
1.92718e-108
1.32101e-108
9.92346e-109
8.06806e-109
7.4082e-109
9.24739e-109
1.76368e-108
4.22579e-108
1.0388e-107
2.43619e-107
5.34518e-107
1.09403e-106
2.08514e-106
3.69011e-106
6.06214e-106
9.20993e-106
5.21101e-180
9.29823e-179
2.02922e-177
1.44258e-173
1.35974e-168
8.14071e-167
2.8943e-165
7.37042e-164
1.46834e-162
2.44146e-161
3.57793e-160
2.00658e-158
1.62347e-155
5.07842e-144
2.79919e-132
1.78693e-130
7.02919e-130
1.09181e-128
3.28621e-123
8.25573e-123
6.37517e-123
3.70886e-123
6.58673e-123
9.15927e-115
2.02525e-113
4.45696e-113
8.70878e-113
6.66031e-111
9.66708e-111
6.70497e-111
3.63289e-111
1.75721e-111
7.91965e-112
3.56736e-112
1.94264e-112
1.22951e-112
1.02048e-112
1.23865e-112
2.51522e-112
7.18619e-112
2.19693e-111
6.41673e-111
1.74552e-110
4.42637e-110
1.04694e-109
2.31368e-109
4.76996e-109
9.131e-109
1.6184e-108
2.63806e-108
1.72048e-180
5.70237e-179
1.28726e-177
1.1249e-173
9.17119e-169
5.4873e-167
1.97164e-165
5.05981e-164
1.01377e-162
1.68696e-161
2.42906e-160
3.1329e-159
4.09882e-158
1.1183e-148
7.9212e-137
5.31064e-135
2.74543e-134
6.10866e-133
2.23951e-127
5.95223e-127
4.82005e-127
2.92795e-127
6.2875e-127
1.06963e-118
2.63956e-117
6.28361e-117
1.29781e-116
8.5443e-115
1.20839e-114
8.26784e-115
4.40851e-115
2.09244e-115
9.21623e-116
3.9326e-116
1.83285e-116
1.20316e-116
1.9708e-116
6.68692e-116
2.63307e-115
9.83916e-115
3.37391e-114
1.06395e-113
3.10978e-113
8.51156e-113
2.18617e-112
5.27612e-112
1.19244e-111
2.5032e-111
4.84618e-111
8.55573e-111
6.37642e-181
3.77964e-179
8.54988e-178
9.01537e-174
6.35616e-169
3.80031e-167
1.38124e-165
3.57875e-164
7.21903e-163
1.20323e-161
1.72932e-160
2.21917e-159
2.58832e-158
2.71505e-153
2.56231e-141
1.69345e-139
1.15207e-138
3.59362e-137
1.5318e-131
4.32717e-131
3.68439e-131
2.3389e-131
6.04621e-131
1.20826e-122
3.32666e-121
8.51758e-121
1.83662e-120
1.03063e-118
1.40993e-118
9.46685e-119
4.94487e-119
2.29352e-119
9.84622e-120
4.04197e-120
1.96348e-120
3.31812e-120
1.61724e-119
8.17099e-119
3.6839e-118
1.48527e-117
5.44017e-117
1.83773e-116
5.7965e-116
1.72868e-115
4.88168e-115
1.30482e-114
3.27913e-114
7.64527e-114
1.63226e-113
3.13854e-113
2.62039e-181
2.64932e-179
5.91495e-178
7.41628e-174
4.52202e-169
2.70012e-167
9.9281e-166
2.59988e-164
5.2829e-163
8.8251e-162
1.2667e-160
1.61948e-159
1.88094e-158
2.78316e-157
9.60613e-146
5.95591e-144
5.27684e-143
2.24592e-141
1.06368e-135
3.2111e-135
2.87901e-135
1.91244e-135
5.91843e-135
1.33633e-126
4.11194e-125
1.12646e-124
2.50677e-124
1.18506e-122
1.56101e-122
1.02413e-122
5.21941e-123
2.35781e-123
9.86344e-124
4.18091e-124
5.16877e-124
3.14789e-123
2.02828e-122
1.11772e-121
5.37013e-121
2.30319e-120
9.01576e-120
3.2831e-119
1.12868e-118
3.71369e-118
1.16871e-117
3.50525e-117
9.90364e-117
2.58403e-116
6.10562e-116
1.27853e-115
1.18454e-181
1.93464e-179
4.24013e-178
6.24935e-174
3.29915e-169
1.96566e-167
7.30857e-166
1.93511e-164
3.96103e-163
6.63409e-162
9.51411e-161
1.21245e-159
1.40273e-158
1.51527e-157
4.14233e-150
2.35744e-148
2.66921e-147
1.5031e-145
7.57047e-140
2.45115e-139
2.31701e-139
1.61346e-139
5.94001e-139
1.46158e-130
5.03951e-129
1.46945e-128
3.33953e-128
1.3136e-126
1.66044e-126
1.06023e-126
5.25366e-127
2.30712e-127
9.53301e-128
6.87305e-128
4.36816e-127
3.79176e-126
2.65008e-125
1.55563e-124
7.94512e-124
3.63392e-123
1.52924e-122
6.06053e-122
2.299e-121
8.45534e-121
2.99996e-120
1.01857e-119
3.25178e-119
9.50543e-119
2.48015e-118
5.63184e-118
5.84074e-182
1.45701e-179
3.13416e-178
5.38044e-174
2.46544e-169
1.46445e-167
5.5021e-166
1.47266e-164
3.03538e-163
5.09712e-162
7.30596e-161
9.28524e-160
1.07054e-158
1.15139e-157
2.03086e-154
1.06148e-152
1.50499e-151
1.08432e-149
5.56218e-144
1.9349e-143
1.9311e-143
1.41266e-143
6.14511e-143
1.59367e-134
6.17509e-133
1.90676e-132
4.38383e-132
1.41619e-130
1.71248e-130
1.06032e-130
5.09747e-131
2.1781e-131
1.01869e-131
3.83783e-131
4.88427e-130
4.66663e-129
3.48823e-128
2.18175e-127
1.18708e-126
5.81518e-126
2.65171e-125
1.1573e-124
4.90855e-124
2.04038e-123
8.21928e-123
3.16869e-122
1.14228e-121
3.72748e-121
1.06822e-120
2.61506e-120
3.11236e-182
1.12447e-179
2.37861e-178
4.71999e-174
1.88454e-169
1.1152e-167
4.23047e-166
1.144e-164
2.37257e-163
3.99342e-162
5.72146e-161
7.25509e-160
8.34033e-159
8.93629e-158
9.10136e-157
9.03832e-156
8.48563e-155
1.47452e-153
4.24022e-148
1.58612e-147
1.67359e-147
1.29071e-147
6.58994e-147
1.7436e-138
7.61229e-137
2.47783e-136
5.71473e-136
1.49519e-134
1.72395e-134
1.03163e-134
4.80826e-135
2.02639e-135
2.31588e-135
3.77333e-134
5.60202e-133
5.75751e-132
4.60524e-131
3.07398e-130
1.78649e-129
9.42371e-129
4.70281e-128
2.29105e-127
1.0997e-126
5.20097e-126
2.38213e-125
1.0409e-124
4.21975e-124
1.52866e-123
4.78203e-123
1.25471e-122
1.77532e-182
8.85876e-180
1.84679e-178
4.20745e-174
1.47108e-169
8.66892e-168
3.31815e-166
9.05891e-165
1.8885e-163
3.18435e-162
4.55982e-161
5.77105e-160
6.61833e-159
7.06892e-158
7.08916e-157
6.67831e-156
5.90636e-155
4.90394e-154
3.74787e-152
1.63041e-151
3.38517e-151
1.31808e-150
7.92109e-150
1.92385e-142
9.48502e-141
3.24243e-140
7.44586e-140
1.55453e-138
1.70305e-138
9.82037e-139
4.43696e-139
2.11328e-139
1.56673e-138
3.97393e-137
6.42291e-136
7.10014e-135
6.08601e-134
4.34219e-133
2.70318e-132
1.54553e-131
8.54274e-131
4.71097e-130
2.58121e-129
1.39035e-128
7.21838e-128
3.56015e-127
1.61493e-126
6.45802e-126
2.19251e-125
6.13371e-125
1.07419e-182
7.10743e-180
1.46247e-178
3.80167e-174
1.1707e-169
6.86923e-168
2.65184e-166
7.30327e-165
1.52873e-163
2.58041e-162
3.69199e-161
4.66474e-160
5.33908e-159
5.68807e-158
5.68853e-157
5.34447e-156
4.71471e-155
3.90321e-154
3.031e-153
2.18867e-152
1.48078e-151
9.42598e-151
5.65878e-150
2.15267e-146
1.19904e-144
4.29287e-144
9.75261e-144
1.5997e-142
1.6596e-142
9.22715e-143
4.19387e-143
4.91832e-143
1.46271e-141
4.19385e-140
7.33989e-139
8.74024e-138
8.03893e-137
6.13898e-136
4.10657e-135
2.56521e-134
1.59228e-133
1.00656e-132
6.31651e-132
3.85964e-131
2.25961e-130
1.25247e-129
6.32821e-129
2.77944e-128
1.01882e-127
3.02506e-127
6.8385e-183
5.79814e-180
1.17831e-178
3.47463e-174
9.48165e-170
5.54045e-168
2.15683e-166
5.98769e-165
1.2571e-163
2.12233e-162
3.03282e-161
3.82559e-160
4.37148e-159
4.64785e-158
4.63802e-157
4.34798e-156
3.82726e-155
3.16043e-154
2.44499e-153
1.76192e-152
1.18988e-151
7.55774e-151
4.52694e-150
2.7999e-149
2.90074e-148
1.25815e-147
4.52199e-147
3.09457e-146
7.81623e-146
2.60949e-145
9.82319e-145
3.64783e-144
1.41912e-143
8.72004e-143
9.74159e-142
1.1155e-140
1.07235e-139
8.70798e-139
6.26504e-138
4.31296e-137
3.05019e-136
2.23022e-135
1.5992e-134
1.10081e-133
7.22965e-133
4.48892e-132
2.5169e-131
1.20879e-130
4.76185e-130
1.49446e-129
4.54877e-183
4.80421e-180
9.64005e-179
3.207e-174
7.80271e-170
4.54188e-168
1.78304e-166
4.987e-165
1.04909e-163
1.76989e-162
2.52479e-161
3.17927e-160
3.62781e-159
3.85106e-158
3.83647e-157
3.5905e-156
3.15483e-155
2.59928e-154
2.00551e-153
1.44173e-152
9.71299e-152
6.15422e-151
3.6772e-150
2.07181e-149
1.10036e-148
5.50978e-148
2.61256e-147
1.1767e-146
5.01579e-146
2.03703e-145
7.89481e-145
2.92326e-144
1.03474e-143
3.50279e-143
1.13836e-142
3.6026e-142
1.15745e-141
4.07687e-141
1.72028e-140
9.30542e-140
6.48827e-139
5.2136e-138
4.17616e-137
3.19897e-136
2.34499e-135
1.62736e-134
1.0094e-133
5.27961e-133
2.2258e-132
7.35574e-132
3.14317e-183
4.03943e-180
7.99538e-179
2.98517e-174
6.51408e-170
3.7789e-168
1.49643e-166
4.21507e-165
8.87687e-164
1.49525e-162
2.12814e-161
2.67473e-160
3.04809e-159
3.23159e-158
3.21537e-157
3.00553e-156
2.63715e-155
2.16858e-154
1.66915e-153
1.19713e-152
8.0454e-152
5.08453e-151
3.03013e-150
1.70332e-149
9.02967e-149
4.51621e-148
2.13936e-147
9.62604e-147
4.10197e-146
1.66568e-145
6.45525e-145
2.39019e-144
8.45937e-144
2.8603e-143
9.23243e-143
2.84063e-142
8.33858e-142
2.34038e-141
6.29243e-141
1.62661e-140
4.10283e-140
1.06388e-139
3.2514e-139
1.41058e-138
8.66537e-138
6.14201e-137
4.10237e-136
2.31255e-135
1.03723e-134
3.59453e-134
2.24546e-183
3.44373e-180
6.71369e-179
2.79947e-174
5.50923e-170
3.18689e-168
1.27361e-166
3.61195e-165
7.60923e-164
1.2787e-162
1.81484e-161
2.27614e-160
2.59048e-159
2.74355e-158
2.72736e-157
2.54726e-156
2.23276e-155
1.83315e-154
1.40796e-153
1.00761e-152
6.75549e-152
4.25822e-151
2.53084e-150
1.41921e-149
7.5095e-149
3.75069e-148
1.77457e-147
7.97615e-147
3.39699e-146
1.37896e-145
5.34304e-145
1.97811e-144
7.00011e-144
2.36668e-143
7.63958e-143
2.35126e-142
6.90416e-142
1.9376e-141
5.20282e-141
1.33775e-140
3.30017e-140
7.828e-140
1.78995e-139
3.97092e-139
8.66221e-139
1.94968e-138
5.08203e-138
1.66469e-137
6.01027e-137
1.95335e-136
1.65188e-183
2.97437e-180
5.70119e-179
2.64292e-174
4.71419e-170
2.72094e-168
1.09811e-166
3.13505e-165
6.6026e-164
1.10613e-162
1.56477e-161
1.95787e-160
2.22521e-159
2.35451e-158
2.33915e-157
2.18358e-156
1.91266e-155
1.56839e-154
1.20242e-153
8.58815e-153
5.74475e-152
3.61181e-151
2.14081e-150
1.19748e-149
6.32333e-149
3.15327e-148
1.48984e-147
6.68824e-147
2.84643e-146
1.1549e-145
4.47331e-145
1.65568e-144
5.85777e-144
1.9801e-143
6.39151e-143
1.96752e-142
5.77915e-142
1.62231e-141
4.35688e-141
1.12026e-140
2.76303e-140
6.54972e-140
1.49495e-139
3.29657e-139
7.02608e-139
1.44635e-138
2.88023e-138
5.56098e-138
1.04351e-137
1.90218e-137
1.24715e-183
2.60054e-180
4.89165e-179
2.51045e-174
4.07681e-170
2.34925e-168
9.58157e-167
2.75374e-165
5.79494e-164
9.67273e-163
1.36326e-161
1.7013e-160
1.93075e-159
2.04114e-158
2.0269e-157
1.89161e-156
1.65623e-155
1.35686e-154
1.03866e-153
7.40555e-153
4.94318e-152
3.10014e-151
1.83258e-150
1.02244e-149
5.38728e-149
2.68178e-148
1.26509e-147
5.67147e-147
2.41157e-146
9.77815e-146
3.78547e-145
1.40052e-144
4.95335e-144
1.67393e-143
5.40249e-143
1.66318e-142
4.88602e-142
1.37177e-141
3.68417e-141
9.47224e-141
2.33576e-140
5.53463e-140
1.26251e-139
2.78182e-139
5.92272e-139
1.21724e-138
2.41634e-138
4.63245e-138
8.56398e-138
1.52275e-137
9.63593e-184
2.2997e-180
4.23732e-179
2.39829e-174
3.55995e-170
2.04925e-168
8.4528e-167
2.44558e-165
5.14065e-164
8.54536e-163
1.19946e-161
1.49264e-160
1.69125e-159
1.78637e-158
1.77328e-157
1.65477e-156
1.44857e-155
1.18596e-154
9.06711e-154
6.45502e-153
4.30032e-152
2.69064e-151
1.58635e-150
8.8277e-150
4.64072e-149
2.30571e-148
1.0858e-147
4.8602e-147
2.06442e-146
8.36363e-146
3.23569e-145
1.19646e-144
4.22966e-144
1.42884e-143
4.61043e-143
1.41928e-142
4.16968e-142
1.17065e-141
3.14382e-141
8.08182e-141
1.99237e-140
4.71885e-140
1.07576e-139
2.36846e-139
5.03778e-139
1.03415e-138
2.05006e-138
3.92428e-138
7.24287e-138
1.28552e-137
7.60048e-184
2.05521e-180
3.70322e-179
2.30352e-174
3.13656e-170
1.80453e-168
7.53289e-167
2.19407e-165
4.60572e-164
7.62242e-163
1.06526e-161
1.3216e-160
1.49487e-159
1.5775e-158
1.56546e-157
1.46086e-156
1.27878e-155
1.0465e-154
7.99304e-154
5.68302e-153
3.77938e-152
2.3595e-151
1.38762e-150
7.70199e-150
4.0393e-149
2.00274e-148
9.41337e-148
4.20635e-147
1.78448e-146
7.22233e-146
2.79182e-145
1.03162e-144
3.64476e-144
1.23067e-143
3.96975e-143
1.22189e-142
3.58954e-142
1.00766e-141
2.70566e-141
6.95398e-141
1.7138e-140
4.05715e-140
9.24319e-140
2.03341e-139
4.32094e-139
8.85985e-139
1.75405e-138
3.35293e-138
6.17925e-138
1.09504e-137
6.10777e-184
1.85471e-180
3.26331e-179
2.22386e-174
2.78665e-170
1.603e-168
6.77604e-167
1.98696e-165
4.16469e-164
6.86086e-163
9.54479e-162
1.18035e-160
1.33265e-159
1.40497e-158
1.39385e-157
1.30079e-156
1.13875e-155
9.31661e-155
7.1105e-154
5.05005e-153
3.35317e-152
2.08914e-151
1.22567e-150
6.78594e-150
3.55017e-149
1.75633e-148
8.23822e-148
3.67431e-147
1.55658e-146
6.29265e-146
2.43006e-145
8.97192e-145
3.16756e-144
1.06893e-143
3.44663e-143
1.06065e-142
3.11538e-142
8.74376e-142
2.34718e-141
6.031e-141
1.48581e-140
3.5157e-140
8.00444e-140
1.75946e-139
3.73517e-139
7.65025e-139
1.51268e-138
2.88772e-138
5.31458e-138
9.40464e-138
4.99223e-184
1.68897e-180
2.89799e-179
2.15745e-174
2.49518e-170
1.43561e-168
6.14803e-167
1.81503e-165
3.79831e-164
6.22808e-163
8.62418e-162
1.06294e-160
1.19775e-159
1.26151e-158
1.25115e-157
1.1677e-156
1.02236e-155
8.3633e-155
6.3792e-154
4.52654e-153
3.00137e-152
1.86644e-151
1.09252e-150
6.03373e-150
3.14879e-149
1.55411e-148
7.2735e-148
3.23742e-147
1.36932e-146
5.52844e-146
2.13255e-145
7.86599e-145
2.77479e-144
9.3574e-144
3.0157e-143
9.27774e-143
2.7245e-142
7.64448e-142
2.05142e-141
5.26932e-141
1.29768e-140
3.06898e-140
6.98279e-140
1.53363e-139
3.25258e-139
6.65458e-139
1.31424e-138
2.50575e-138
4.60567e-138
8.13935e-138
2.63979e-51
4.96768e-52
9.79329e-53
2.01757e-53
4.33321e-54
9.67999e-55
2.24271e-55
5.36758e-56
1.32497e-56
3.38832e-57
8.89725e-58
2.37393e-58
6.43442e-59
1.79273e-59
5.06965e-60
1.45365e-60
4.22118e-61
1.23381e-61
3.66267e-62
1.09506e-62
3.30541e-63
1.01129e-63
3.13603e-64
9.82387e-65
3.11693e-65
1.00406e-65
3.29226e-66
1.09812e-66
3.73251e-67
1.29531e-67
4.59422e-68
1.66728e-68
6.20198e-69
2.36674e-69
9.27864e-70
3.74054e-70
1.55218e-70
6.63514e-71
2.9238e-71
1.32876e-71
6.22978e-72
3.01349e-72
1.50472e-72
9.04775e-73
4.00478e-71
5.09029e-69
1.38424e-67
1.44051e-66
9.033e-66
4.07811e-65
7.45465e-55
1.65345e-55
3.83513e-56
9.24442e-57
2.30258e-57
5.90168e-58
1.55056e-58
4.16006e-59
1.13862e-59
3.19751e-60
9.1491e-61
2.64423e-61
7.71891e-62
2.30095e-62
6.92444e-63
2.10289e-63
6.43962e-64
1.97784e-64
6.14473e-65
1.91702e-65
6.02192e-66
1.9116e-66
6.13486e-67
1.98548e-67
6.49763e-68
2.15519e-68
7.26421e-69
2.48765e-69
8.67143e-70
3.08254e-70
1.11882e-70
4.1513e-71
1.57737e-71
6.14406e-72
2.45685e-72
1.00962e-72
4.2683e-73
1.85799e-73
8.33343e-74
3.85318e-74
1.83722e-74
9.03446e-75
6.30059e-75
2.60286e-73
8.14395e-71
1.08841e-68
3.02932e-67
3.16115e-66
1.97715e-65
8.88334e-65
2.87146e-58
7.52303e-59
2.05143e-59
5.7546e-60
1.64644e-60
4.78239e-61
1.40589e-61
4.17271e-62
1.25081e-62
3.81383e-63
1.17678e-63
3.64931e-64
1.13787e-64
3.60409e-65
1.14773e-65
3.67484e-66
1.18251e-66
3.80622e-67
1.23528e-67
4.01658e-68
1.31218e-68
4.32103e-69
1.4354e-69
4.8013e-70
1.62153e-70
5.54174e-71
1.92153e-71
6.76116e-72
2.41877e-72
8.81393e-73
3.27585e-73
1.24346e-73
4.82888e-74
1.92076e-74
7.8373e-75
3.28411e-75
1.41488e-75
6.27284e-76
2.864e-76
1.34734e-76
6.53313e-77
3.28101e-77
3.32258e-75
5.14579e-73
1.69391e-70
2.35759e-68
6.72044e-67
7.03097e-66
4.3847e-65
1.9598e-64
1.70462e-61
4.9631e-62
1.52608e-62
4.82796e-63
1.54682e-63
4.98438e-64
1.61025e-64
5.20805e-65
1.68848e-65
5.53173e-66
1.8243e-66
6.02424e-67
1.9936e-67
6.6754e-68
2.24059e-68
7.54103e-69
2.54436e-69
8.57008e-70
2.90302e-70
9.83402e-71
3.34084e-71
1.14146e-71
3.92629e-72
1.35789e-72
4.73453e-73
1.66781e-73
5.95097e-74
2.15196e-74
7.9018e-75
2.95161e-75
1.12322e-75
4.36067e-76
1.73017e-76
7.02483e-77
2.92328e-77
1.24833e-77
5.47689e-78
2.47115e-78
1.14753e-78
5.48756e-79
2.70332e-79
4.23061e-79
6.42653e-75
1.03886e-72
3.56646e-70
5.17254e-68
1.51122e-66
1.58482e-65
9.85103e-65
4.37822e-64
1.86776e-64
5.22216e-65
1.63464e-65
5.45653e-66
1.8743e-66
6.50422e-67
2.26071e-67
7.84379e-68
2.71797e-68
9.48024e-69
3.31756e-69
1.1598e-69
4.05467e-70
1.43018e-70
5.04628e-71
1.78188e-71
6.29543e-72
2.21685e-72
7.83299e-73
2.76314e-73
9.75756e-74
3.45784e-74
1.23111e-74
4.40005e-75
1.58283e-75
5.74278e-76
2.1068e-76
7.82161e-77
2.94444e-77
1.12602e-77
4.3813e-78
1.73715e-78
7.03125e-79
2.90946e-79
1.23277e-79
5.35579e-80
2.38882e-80
1.09499e-80
5.16254e-81
2.50504e-81
1.25157e-81
5.34469e-79
1.26296e-74
2.12184e-72
7.59994e-70
1.1493e-67
3.44416e-66
3.61983e-65
2.24181e-64
9.90284e-64
3.29934e-67
8.40262e-68
2.47956e-68
8.1712e-69
2.86973e-69
1.03866e-69
3.80029e-70
1.39311e-70
5.10353e-71
1.88021e-71
6.94056e-72
2.55697e-72
9.40973e-73
3.4866e-73
1.29042e-73
4.77197e-74
1.76263e-74
6.4794e-75
2.38463e-75
8.74636e-76
3.20523e-76
1.17604e-76
4.32589e-77
1.59455e-77
5.90532e-78
2.20182e-78
8.28606e-79
3.1508e-79
1.2131e-79
4.73798e-80
1.8804e-80
7.5959e-81
3.1289e-81
1.31636e-81
5.66585e-82
2.49855e-82
1.13038e-82
5.25273e-83
2.51063e-83
1.23839e-83
6.38832e-84
1.00732e-78
2.50875e-74
4.38376e-72
1.63884e-69
2.58576e-67
7.95432e-66
8.37668e-65
5.16681e-64
2.26733e-63
6.81476e-70
1.67437e-70
4.72825e-71
1.51619e-71
5.32102e-72
1.96773e-72
7.45932e-73
2.85538e-73
1.09644e-73
4.23965e-74
1.64296e-74
6.35409e-75
2.4534e-75
9.5223e-76
3.68687e-76
1.4241e-76
5.4847e-77
2.09874e-77
8.02166e-78
3.04974e-78
1.15609e-78
4.37759e-79
1.65815e-79
6.2827e-80
2.3875e-80
9.11823e-81
3.5088e-81
1.36232e-81
5.34814e-82
2.12706e-82
8.58619e-83
3.52398e-83
1.4734e-83
6.28646e-84
2.74204e-84
1.22515e-84
5.63682e-85
2.7433e-85
1.60416e-85
1.54918e-85
2.74329e-85
1.92029e-78
5.03608e-74
9.15955e-72
3.57547e-69
5.88957e-67
1.8613e-65
1.96364e-64
1.20579e-63
5.25372e-63
1.39458e-72
3.48925e-73
9.87976e-74
3.16527e-74
1.11948e-74
4.22603e-75
1.65291e-75
6.57588e-76
2.63521e-76
1.06542e-76
4.31966e-77
1.74806e-77
7.05832e-78
2.8599e-78
1.15425e-78
4.63941e-79
1.85565e-79
7.3611e-80
2.90968e-80
1.14182e-80
4.45852e-81
1.73512e-81
6.74107e-82
2.61544e-82
1.01608e-82
3.961e-83
1.55344e-83
6.13896e-84
2.45003e-84
9.89471e-85
4.05163e-85
1.68527e-85
7.13539e-86
3.08379e-86
1.38177e-86
7.3139e-87
7.69997e-87
1.82144e-86
5.17625e-86
1.41244e-85
3.74757e-85
3.69761e-78
1.02141e-73
1.93509e-71
7.89049e-69
1.35777e-66
4.41206e-65
4.66206e-64
2.84875e-63
1.23173e-62
2.68483e-75
7.05685e-76
2.07886e-76
6.87863e-77
2.50896e-77
9.79754e-78
3.97994e-78
1.64985e-78
6.90228e-79
2.91493e-79
1.23415e-79
5.21184e-80
2.19342e-80
9.24247e-81
3.87207e-81
1.61224e-81
6.66604e-82
2.72842e-82
1.1102e-82
4.4766e-83
1.79274e-83
7.14132e-84
2.8348e-84
1.12219e-84
4.44198e-85
1.76197e-85
7.02217e-86
2.81695e-86
1.14002e-86
4.66424e-87
1.93317e-87
8.1372e-88
3.54271e-88
2.09071e-88
4.42213e-88
1.9101e-87
7.65949e-87
2.6297e-86
7.91703e-86
2.17982e-85
5.84946e-85
7.19004e-78
2.09255e-73
4.13253e-71
1.76092e-68
3.16741e-66
1.05922e-64
1.1208e-63
6.81204e-63
2.92111e-62
4.7955e-78
1.34895e-78
4.24062e-79
1.49025e-79
5.74591e-80
2.36391e-80
1.00926e-80
4.38943e-81
1.92326e-81
8.49012e-82
3.74972e-82
1.64851e-82
7.20696e-83
3.14568e-83
1.36202e-83
5.84824e-84
2.4882e-84
1.04612e-84
4.36321e-85
1.80053e-85
7.36737e-86
2.99362e-86
1.21037e-86
4.87456e-87
1.96073e-87
7.89472e-88
3.19035e-88
1.29651e-88
5.31087e-89
2.19793e-89
9.26459e-90
4.76191e-90
1.23655e-89
9.55162e-89
6.08533e-88
3.00939e-87
1.2109e-86
4.12775e-86
1.23506e-85
3.39687e-85
9.21965e-85
1.4115e-77
4.32902e-73
8.91856e-71
3.97296e-68
7.4748e-66
2.57479e-64
2.72782e-63
1.64828e-62
7.00554e-62
7.91926e-81
2.41852e-81
8.28934e-82
3.17262e-82
1.32365e-82
5.84158e-83
2.65306e-83
1.21897e-83
5.61091e-84
2.59009e-84
1.19155e-84
5.43875e-85
2.46134e-85
1.10853e-85
4.94054e-86
2.17888e-86
9.50275e-87
4.08916e-87
1.74249e-87
7.33705e-88
3.05929e-88
1.26509e-88
5.19929e-89
2.12649e-89
8.67855e-90
3.54227e-90
1.44983e-90
5.96293e-91
2.47403e-91
1.11559e-91
1.5235e-91
1.51663e-90
1.82454e-89
1.58058e-88
9.96022e-88
4.85839e-87
1.93267e-86
6.52728e-86
1.93988e-85
5.33149e-85
1.4669e-84
2.79662e-77
9.0407e-73
1.94443e-70
9.05915e-68
1.78393e-65
6.33568e-64
6.71941e-63
4.03463e-62
1.69851e-61
1.20881e-83
4.07942e-84
1.5649e-84
6.70389e-85
3.09305e-85
1.48534e-85
7.23257e-86
3.52214e-86
1.70364e-86
8.21057e-87
3.92403e-87
1.85364e-87
8.6545e-88
4.00885e-88
1.83362e-88
8.28416e-89
3.69541e-89
1.62466e-89
7.0639e-90
3.03226e-90
1.28776e-90
5.41873e-91
2.26422e-91
9.40923e-92
3.89902e-92
1.61481e-92
6.70184e-93
2.79327e-93
1.88368e-93
1.55571e-92
1.95217e-91
2.64816e-90
3.14028e-89
2.65896e-88
1.645e-87
7.90617e-87
3.10732e-86
1.03918e-85
3.06653e-85
8.42592e-85
2.35628e-84
5.59038e-77
1.90524e-72
4.28104e-70
2.0869e-67
4.30413e-65
1.57764e-63
1.67478e-62
9.98787e-62
4.16195e-61
1.71407e-86
6.59827e-87
2.9454e-87
1.45479e-87
7.53918e-88
3.96143e-88
2.06858e-88
1.06538e-88
5.39842e-89
2.70754e-89
1.34041e-89
6.53756e-90
3.14401e-90
1.49679e-90
7.02739e-91
3.25596e-91
1.48848e-91
6.70434e-92
2.98492e-92
1.31182e-92
5.70204e-93
2.45486e-93
1.04914e-93
4.45811e-94
1.88839e-94
7.99178e-95
3.38787e-95
1.44238e-95
1.32056e-93
2.74106e-92
3.50234e-91
4.70403e-90
5.44865e-89
4.51058e-88
2.7389e-87
1.29633e-86
5.03062e-86
1.66499e-85
4.87668e-85
1.3405e-84
3.82169e-84
1.12701e-76
4.04997e-72
9.51442e-70
4.8549e-67
1.04944e-64
3.97413e-63
4.22258e-62
2.49989e-61
1.03034e-60
2.30929e-89
1.07786e-89
5.88588e-90
3.41811e-90
1.98992e-90
1.13685e-90
6.32364e-91
3.42694e-91
1.81358e-91
9.45674e-92
4.8553e-92
2.453e-92
1.22161e-92
6.02195e-93
2.92948e-93
1.40765e-93
6.68019e-94
3.12687e-94
1.44784e-94
6.6227e-95
2.99747e-95
1.34398e-95
5.98193e-96
2.64694e-96
1.16714e-96
5.13924e-97
2.26532e-97
1.12148e-97
2.42197e-93
4.9801e-92
6.29336e-91
8.39484e-90
9.52297e-89
7.71262e-88
4.59546e-87
2.14072e-86
8.19736e-86
2.68342e-85
7.79838e-85
2.1462e-84
6.2597e-84
2.29031e-76
8.67962e-72
2.13349e-69
1.14007e-66
2.58477e-64
1.01239e-62
1.07663e-61
6.3241e-61
2.57577e-60
3.18673e-92
1.97961e-92
1.36395e-92
9.22592e-93
5.93604e-93
3.64558e-93
2.14991e-93
1.2275e-93
6.82836e-94
3.74326e-94
2.02409e-94
1.07989e-94
5.69671e-95
2.98318e-95
1.54588e-95
7.93015e-96
4.02341e-96
2.01491e-96
9.98036e-97
4.87998e-97
2.35759e-97
1.12614e-97
5.32774e-98
2.49974e-98
1.1657e-98
5.41399e-99
2.51721e-99
2.3736e-98
4.45145e-93
9.03293e-92
1.13123e-90
1.50493e-89
1.67608e-88
1.32881e-87
7.76697e-87
3.55888e-86
1.34381e-85
4.34816e-85
1.25334e-84
3.45698e-84
1.03561e-83
4.68944e-76
1.87444e-71
4.82456e-69
2.70112e-66
6.42808e-64
2.60697e-62
2.77475e-61
1.61612e-60
6.499e-60
5.55761e-95
4.84344e-95
4.0745e-95
3.10617e-95
2.17798e-95
1.44048e-95
9.12679e-96
5.61127e-96
3.37484e-96
2.00977e-96
1.18573e-96
6.92407e-97
4.00443e-97
2.29843e-97
1.30309e-97
7.29094e-98
4.0176e-98
2.17487e-98
1.15851e-98
6.06074e-99
3.11683e-99
1.5771e-99
7.86797e-100
3.87672e-100
1.89116e-100
9.15651e-101
5.78358e-101
4.24832e-98
8.15815e-93
1.63512e-91
2.03385e-90
2.71014e-89
2.97011e-88
2.3061e-87
1.32182e-86
5.95358e-86
2.21512e-85
7.07991e-85
2.02342e-84
5.60037e-84
1.73088e-83
9.66874e-76
4.07682e-71
1.09962e-68
6.45305e-66
1.61306e-63
6.78114e-62
7.22432e-61
4.17039e-60
1.65443e-59
1.80892e-97
1.95624e-97
1.85162e-97
1.55055e-97
1.19143e-97
8.66541e-98
6.06323e-98
4.13063e-98
2.75579e-98
1.81826e-98
1.18432e-98
7.59338e-99
4.79002e-99
2.97694e-99
1.81429e-99
1.08378e-99
6.33577e-100
3.61851e-100
2.02346e-100
1.10653e-100
5.92513e-101
3.11101e-101
1.60559e-101
8.16204e-102
4.09777e-102
2.05067e-102
2.81913e-101
7.98387e-98
1.49032e-92
2.95334e-91
3.65753e-90
4.90349e-89
5.29854e-88
4.03017e-87
2.26426e-86
1.00174e-85
3.66963e-85
1.15774e-84
3.27952e-84
9.12236e-84
2.92306e-83
2.00613e-75
8.92352e-71
2.52405e-68
1.55313e-65
4.08105e-63
1.78085e-61
1.89965e-60
1.08634e-59
4.24716e-59
1.30906e-99
1.4929e-99
1.49993e-99
1.357e-99
1.13814e-99
9.06511e-100
6.93584e-100
5.14572e-100
3.71618e-100
2.63575e-100
1.83262e-100
1.24598e-100
8.28595e-101
5.4001e-101
3.43595e-101
2.135e-101
1.29412e-101
7.64322e-102
4.40918e-102
2.48225e-102
1.36559e-102
7.35277e-103
3.88465e-103
2.01825e-103
1.0341e-103
8.02706e-104
5.4072e-101
1.50246e-97
2.71272e-92
5.32167e-91
6.57964e-90
8.91648e-89
9.51594e-88
7.09101e-87
3.90262e-86
1.69447e-85
6.10609e-85
1.90008e-84
5.33286e-84
1.49353e-83
4.9877e-83
4.1849e-75
1.96376e-70
5.82927e-68
3.76352e-65
1.04051e-62
4.71957e-61
5.04286e-60
2.85502e-59
1.09865e-58
1.56077e-101
1.83177e-101
1.92328e-101
1.83967e-101
1.63733e-101
1.38207e-101
1.11649e-101
8.70951e-102
6.5849e-102
4.86854e-102
3.51594e-102
2.47538e-102
1.70052e-102
1.14227e-102
7.47746e-103
4.77287e-103
2.9675e-103
1.79542e-103
1.05961e-103
6.09525e-104
3.42162e-104
1.87733e-104
1.00933e-104
5.32938e-105
2.81038e-105
5.96274e-104
1.08066e-100
2.83738e-97
4.91813e-92
9.56557e-91
1.18432e-89
1.63028e-88
1.72069e-87
1.25587e-86
6.76505e-86
2.87978e-85
1.01982e-84
3.1274e-84
8.69376e-84
2.45673e-83
8.59853e-83
8.77054e-75
4.34222e-70
1.3538e-67
9.17538e-65
2.67153e-62
1.26129e-60
1.35057e-59
7.56402e-59
2.8614e-58
2.13054e-103
2.59376e-103
2.82863e-103
2.81225e-103
2.5983e-103
2.27181e-103
1.8961e-103
1.52469e-103
1.18569e-103
8.99668e-104
6.65628e-104
4.79427e-104
3.36571e-104
2.30768e-104
1.54042e-104
1.00176e-104
6.33928e-105
3.90012e-105
2.33812e-105
1.3648e-105
7.76479e-106
4.31243e-106
2.34397e-106
1.25036e-106
1.51246e-106
1.22823e-103
2.18082e-100
5.4011e-97
8.87754e-92
1.71511e-90
2.13387e-89
2.99909e-88
3.13313e-87
2.23849e-86
1.17897e-85
4.91507e-85
1.70868e-84
5.15911e-84
1.42e-83
4.0597e-83
1.49783e-82
1.84514e-74
9.63788e-70
3.15856e-67
2.24832e-64
6.9003e-62
3.39585e-60
3.64622e-59
2.0188e-58
7.50055e-58
1.35934e-105
1.73172e-105
1.96101e-105
2.01236e-105
1.9101e-105
1.70988e-105
1.45694e-105
1.19348e-105
9.43669e-106
7.26662e-106
5.44821e-106
3.97167e-106
2.8193e-106
1.95259e-106
1.31524e-106
8.62297e-107
5.49533e-107
3.40109e-107
2.04872e-107
1.2001e-107
6.84222e-108
3.80268e-108
2.06555e-108
1.26876e-108
1.89531e-106
2.62975e-103
4.46658e-100
1.0436e-96
1.59476e-91
3.06786e-90
3.85093e-89
5.55535e-88
5.74653e-87
4.01575e-86
2.06537e-85
8.42095e-85
2.87011e-84
8.52328e-84
2.32192e-83
6.73659e-83
2.63539e-82
3.89227e-74
2.14464e-69
7.39332e-67
5.53041e-64
1.79103e-61
9.20174e-60
9.91596e-59
5.42646e-58
1.97775e-57
4.20293e-108
5.65739e-108
6.66466e-108
7.03214e-108
6.80678e-108
6.18023e-108
5.31957e-108
4.38929e-108
3.48745e-108
2.69306e-108
2.02167e-108
1.4736e-108
1.04485e-108
7.22082e-109
4.84799e-109
3.16488e-109
2.00597e-109
1.23321e-109
7.36924e-110
4.27611e-110
2.41114e-110
1.32321e-110
7.51959e-111
3.83934e-109
4.16692e-106
5.64159e-103
9.18656e-100
2.0313e-96
2.80524e-91
5.39027e-90
6.85613e-89
1.02023e-87
1.04505e-86
7.13735e-86
3.58108e-85
1.42642e-84
4.76154e-84
1.38961e-83
3.74604e-83
1.10637e-82
4.60866e-82
8.06997e-74
4.68548e-69
1.69899e-66
1.33551e-63
4.56519e-61
2.45045e-59
2.65202e-58
1.43419e-57
5.1193e-57
1.48173e-110
2.10905e-110
2.57772e-110
2.78368e-110
2.73251e-110
2.50158e-110
2.16234e-110
1.78677e-110
1.41871e-110
1.09289e-110
8.17432e-111
5.93064e-111
4.18291e-111
2.8737e-111
1.9166e-111
1.24215e-111
7.80987e-112
4.75859e-112
2.81557e-112
1.61583e-112
8.99947e-113
5.00581e-113
9.88846e-112
8.36976e-109
9.06351e-106
1.19846e-102
1.88058e-99
3.95903e-96
4.76227e-91
9.17481e-90
1.18777e-88
1.8307e-87
1.85642e-86
1.23832e-85
6.05691e-85
2.35532e-84
7.69542e-84
2.20592e-83
5.88466e-83
1.77437e-82
7.88678e-82
1.61442e-73
9.85757e-69
3.75625e-66
3.09899e-63
1.11687e-60
6.2642e-59
6.81572e-58
3.6411e-57
1.27172e-56
5.92066e-113
8.88573e-113
1.12111e-112
1.23179e-112
1.21876e-112
1.11837e-112
9.65399e-113
7.94676e-113
6.27497e-113
4.80035e-113
3.56249e-113
2.56291e-113
1.79189e-113
1.21998e-113
8.06013e-114
5.1731e-114
3.21943e-114
1.94054e-114
1.13504e-114
6.43356e-115
3.58313e-115
3.13695e-114
2.10617e-111
1.82314e-108
1.95801e-105
2.54258e-102
3.86806e-99
7.80733e-96
7.81849e-91
1.51696e-89
2.00801e-88
3.21683e-87
3.22677e-86
2.10046e-85
1.00076e-84
3.79633e-84
1.21317e-83
3.41392e-83
9.01238e-83
2.78228e-82
1.321e-81
3.11944e-73
1.99887e-68
7.9921e-66
6.90997e-63
2.62268e-60
1.53777e-58
1.68438e-57
8.8906e-57
3.03636e-56
2.61874e-115
4.12178e-115
5.33745e-115
5.93283e-115
5.88569e-115
5.38777e-115
4.62462e-115
3.77748e-115
2.95579e-115
2.23824e-115
1.64324e-115
1.16906e-115
8.08245e-116
5.44116e-116
3.55396e-116
2.25482e-116
1.38683e-116
8.25837e-117
4.76969e-117
2.68678e-117
1.18927e-116
6.39651e-114
4.56846e-111
3.95338e-108
4.23172e-105
5.42718e-102
8.04909e-99
1.56784e-95
1.24387e-90
2.44311e-89
3.32165e-88
5.54639e-87
5.49687e-86
3.48838e-85
1.61756e-84
5.98102e-84
1.86805e-83
5.1574e-83
1.34729e-82
4.27036e-82
2.16577e-81
5.82595e-73
3.90799e-68
1.63702e-65
1.48139e-62
5.91728e-60
3.62998e-58
4.00802e-57
2.09058e-56
6.97435e-56
1.24503e-117
2.04329e-117
2.70183e-117
3.02479e-117
2.9974e-117
2.72839e-117
2.32227e-117
1.87769e-117
1.45272e-117
1.08672e-117
7.87802e-118
5.53296e-118
3.7766e-118
2.51026e-118
1.61888e-118
1.01412e-118
6.15783e-119
3.61943e-119
2.07131e-119
5.3151e-119
2.24734e-116
1.37796e-113
9.88337e-111
8.58901e-108
9.20642e-105
1.17083e-101
1.69886e-98
3.2082e-95
1.92143e-90
3.84332e-89
5.39034e-88
9.40053e-87
9.19106e-86
5.6801e-85
2.56105e-84
9.22269e-84
2.81315e-83
7.61499e-83
1.96842e-82
6.4222e-82
3.47576e-81
1.05269e-72
7.37497e-68
3.23203e-65
3.05694e-62
1.28397e-59
8.24276e-58
9.18699e-57
4.7368e-56
1.54202e-55
6.20039e-120
1.05574e-119
1.4199e-119
1.59607e-119
1.57606e-119
1.42384e-119
1.1999e-119
9.59141e-120
7.32853e-120
5.41005e-120
3.86857e-120
2.67959e-120
1.804e-120
1.18278e-120
7.52532e-121
4.65064e-121
2.78589e-121
1.61982e-121
2.80742e-121
8.93411e-119
4.79976e-116
2.96362e-113
2.14517e-110
1.88015e-107
2.0234e-104
2.55416e-101
3.62873e-98
6.65757e-95
2.8874e-90
5.92217e-89
8.60204e-88
1.5687e-86
1.51038e-85
9.07945e-85
3.97696e-84
1.39367e-83
4.14852e-83
1.10031e-82
2.81404e-82
9.47271e-82
5.461e-81
1.84239e-72
1.34486e-67
6.15551e-65
6.07478e-62
2.68045e-59
1.80079e-57
2.02924e-56
1.03483e-55
3.28428e-55
3.17254e-122
5.58159e-122
7.61306e-122
8.57412e-122
8.42493e-122
7.54698e-122
6.29324e-122
4.97087e-122
3.7495e-122
2.73048e-122
1.92504e-122
1.31445e-122
8.72394e-123
5.63848e-123
3.53697e-123
2.15508e-123
1.2756e-123
1.71705e-123
4.05555e-121
1.89654e-118
1.02381e-115
6.40002e-113
4.69688e-110
4.16092e-107
4.49244e-104
5.61541e-101
7.79862e-98
1.38995e-94
4.22902e-90
8.96394e-89
1.35289e-87
2.58076e-86
2.44223e-85
1.42638e-84
6.06412e-84
2.06638e-83
5.99843e-83
1.55789e-82
3.9415e-82
1.37169e-81
8.40161e-81
3.1265e-72
2.37174e-67
1.13163e-64
1.1632e-61
5.38522e-59
3.78586e-57
4.32123e-56
2.18148e-55
6.74785e-55
1.64577e-124
2.98167e-124
4.11469e-124
4.6361e-124
4.52928e-124
4.02159e-124
3.31795e-124
2.58975e-124
1.92855e-124
1.38547e-124
9.63045e-125
6.48208e-125
4.23985e-125
2.7007e-125
1.66959e-125
1.0046e-125
1.18221e-125
2.11235e-123
8.59511e-121
4.02555e-118
2.19381e-115
1.39562e-112
1.04112e-109
9.31082e-107
1.00415e-103
1.2369e-100
1.67412e-97
2.89467e-94
6.04828e-90
1.33655e-88
2.10102e-87
4.19037e-86
3.88961e-85
2.2046e-84
9.08948e-84
3.00964e-83
8.51507e-83
2.16464e-82
5.41797e-82
1.95236e-81
1.26606e-80
5.14952e-72
4.0486e-67
2.00954e-64
2.14739e-61
1.04156e-58
7.6611e-57
8.87851e-56
4.44272e-55
1.3367e-54
8.57577e-127
1.59522e-126
2.223e-126
2.50303e-126
2.43022e-126
2.1388e-126
1.74625e-126
1.34736e-126
9.90945e-127
7.02526e-127
4.81623e-127
3.19584e-127
2.06011e-127
1.29327e-127
7.89539e-128
9.06481e-128
1.28726e-125
4.47871e-123
1.82521e-120
8.59688e-118
4.75276e-115
3.08625e-112
2.33767e-109
2.09994e-106
2.24687e-103
2.71149e-100
3.56484e-97
5.96933e-94
8.46229e-90
1.96851e-88
3.22715e-87
6.72116e-86
6.10706e-85
3.35551e-84
1.34064e-83
4.31099e-83
1.18854e-82
2.95671e-82
7.31894e-82
2.73441e-81
1.86981e-80
8.24003e-72
6.69544e-67
3.44964e-64
3.82435e-61
1.94013e-58
1.49327e-56
1.75894e-55
8.72757e-55
2.54981e-54
4.4584e-129
8.49197e-129
1.19297e-128
1.34124e-128
1.29397e-128
1.12904e-128
9.12634e-129
6.96429e-129
5.06137e-129
3.54284e-129
2.39676e-129
1.56847e-129
9.9688e-130
6.1829e-130
7.40116e-130
9.5184e-128
2.74659e-125
9.53618e-123
3.90942e-120
1.86066e-117
1.04634e-114
6.93156e-112
5.30338e-109
4.74763e-106
5.00094e-103
5.87995e-100
7.48724e-97
1.21223e-93
1.16045e-89
2.87149e-88
4.90915e-87
1.06571e-85
9.46032e-85
5.03378e-84
1.94776e-83
6.08194e-83
1.63304e-82
3.97038e-82
9.71633e-82
3.7677e-81
2.70566e-80
1.28188e-71
1.07377e-66
5.72953e-64
6.57528e-61
3.48276e-58
2.79981e-56
3.35502e-55
1.65236e-54
4.68148e-54
2.30064e-131
4.47555e-131
6.32815e-131
7.09914e-131
6.80547e-131
5.88936e-131
4.7157e-131
3.56125e-131
2.55941e-131
1.77015e-131
1.18248e-131
7.63755e-132
4.80169e-132
6.04461e-132
7.95893e-130
2.0355e-127
5.88244e-125
2.05143e-122
8.51446e-120
4.1077e-117
2.34643e-114
1.57782e-111
1.20968e-108
1.06942e-105
1.10071e-102
1.25519e-99
1.54472e-96
2.4154e-93
1.56275e-89
4.15874e-88
7.40373e-87
1.67142e-85
1.44684e-84
7.44941e-84
2.79117e-83
8.45691e-83
2.20821e-82
5.24288e-82
1.26836e-81
5.10758e-81
3.8358e-80
1.94103e-71
1.67175e-66
9.21525e-64
1.09194e-60
6.01955e-58
5.04409e-56
6.1561e-55
3.01668e-54
8.28791e-54
1.17407e-133
2.32674e-133
3.30649e-133
3.6998e-133
3.52556e-133
3.02869e-133
2.40564e-133
1.80174e-133
1.28479e-133
8.82815e-134
5.87661e-134
3.8163e-134
5.03128e-134
6.6469e-132
1.68952e-129
4.35471e-127
1.27013e-124
4.49292e-122
1.89811e-119
9.2825e-117
5.35442e-114
3.62198e-111
2.75657e-108
2.38684e-105
2.38437e-102
2.62831e-99
3.12226e-96
4.71193e-93
2.07103e-89
5.99302e-88
1.10784e-86
2.59399e-85
2.18606e-84
1.08866e-83
3.9481e-83
1.15873e-82
2.94005e-82
6.81336e-82
1.62872e-81
6.81571e-81
5.33524e-80
2.86535e-71
2.52953e-66
1.43651e-63
1.75114e-60
1.00144e-57
8.73346e-56
1.0876e-54
5.31671e-54
1.41548e-53
6.33013e-136
1.26379e-135
1.81586e-135
2.07063e-135
2.04302e-135
1.86524e-135
1.6395e-135
1.43937e-135
1.29623e-135
1.22099e-135
1.20572e-135
1.44167e-135
5.58524e-134
1.39282e-131
3.57586e-129
9.35362e-127
2.78351e-124
1.00775e-121
4.34388e-119
2.1454e-116
1.2379e-113
8.33228e-111
6.23671e-108
5.2526e-105
5.0671e-102
5.38544e-99
6.1733e-96
8.9899e-93
2.70688e-89
8.60844e-88
1.64549e-86
3.9851e-85
3.26543e-84
1.57313e-83
5.50982e-83
1.56522e-82
3.85725e-82
8.71654e-82
2.06038e-81
8.9691e-81
7.28828e-80
4.12827e-71
3.72421e-66
2.17218e-63
2.71537e-60
1.60623e-57
1.45474e-55
1.84945e-54
9.03698e-54
2.33032e-53
3.8725e-137
6.86452e-137
1.08707e-136
1.58239e-136
2.17262e-136
2.86469e-136
3.65563e-136
4.54036e-136
5.50168e-136
6.52444e-136
7.59629e-136
1.29085e-135
1.13654e-133
2.90424e-131
7.57413e-129
2.03068e-126
6.22632e-124
2.31978e-121
1.01842e-118
5.04584e-116
2.88062e-113
1.90831e-110
1.39371e-107
1.13533e-104
1.05433e-101
1.07834e-98
1.1931e-95
1.67688e-92
3.49766e-89
1.23414e-87
2.4268e-86
6.06273e-85
4.82786e-84
2.24496e-83
7.58907e-83
2.08588e-82
4.98745e-82
1.09964e-81
2.57209e-81
1.16481e-80
9.78444e-80
5.81227e-71
5.34199e-66
3.19061e-63
4.07705e-60
2.48564e-57
2.33032e-55
3.02275e-54
1.47925e-53
3.69451e-53
2.99007e-137
5.22358e-137
8.33219e-137
1.23536e-136
1.72793e-136
2.31071e-136
2.97694e-136
3.71916e-136
4.52191e-136
5.37206e-136
6.27832e-136
1.57866e-135
2.31762e-133
6.05028e-131
1.61703e-128
4.4845e-126
1.42554e-123
5.46637e-121
2.43014e-118
1.1981e-115
6.69814e-113
4.32571e-110
3.06394e-107
2.40452e-104
2.14531e-101
2.10879e-98
2.25337e-95
3.05851e-92
4.47962e-89
1.76733e-87
3.55437e-86
9.13838e-85
7.06176e-84
3.16547e-83
1.03235e-82
2.74306e-82
6.36544e-82
1.36984e-81
3.17124e-81
1.4936e-80
1.29178e-79
8.00676e-71
7.47557e-66
4.55872e-63
5.93362e-60
3.713e-57
3.58864e-55
4.74203e-54
2.32747e-53
5.63251e-53
2.51773e-137
4.38914e-137
6.99026e-137
1.03532e-136
1.44701e-136
1.93371e-136
2.48985e-136
3.10911e-136
3.77867e-136
4.48757e-136
5.27932e-136
2.33941e-135
4.73324e-133
1.26859e-130
3.50456e-128
1.01155e-125
3.33599e-123
1.30956e-120
5.84779e-118
2.84707e-115
1.54612e-112
9.66061e-110
6.6077e-107
4.98401e-104
4.26544e-101
4.02789e-98
4.15935e-95
5.45744e-92
5.70289e-89
2.52889e-87
5.17078e-86
1.36633e-84
1.02134e-83
4.41127e-83
1.38728e-82
3.5621e-82
8.02865e-82
1.68623e-81
3.86417e-81
1.89196e-80
1.6786e-79
1.08059e-70
1.02203e-65
6.34457e-63
8.38069e-60
5.35831e-57
5.31309e-55
7.13122e-54
3.51113e-53
8.23871e-53
2.14e-137
3.72374e-137
5.92197e-137
8.76209e-137
1.22376e-136
1.63446e-136
2.10363e-136
2.62589e-136
3.19057e-136
3.78864e-136
4.52712e-136
4.00795e-135
9.7334e-133
2.69732e-130
7.75133e-128
2.33137e-125
7.93687e-123
3.16141e-120
1.40593e-117
6.71742e-115
3.52411e-112
2.119e-109
1.39542e-106
1.0103e-103
8.28549e-101
7.51791e-98
7.50628e-95
9.53373e-92
7.23868e-89
3.61562e-87
7.47476e-86
2.02121e-84
1.46072e-83
6.07658e-83
1.84141e-82
4.57455e-82
1.00148e-81
2.05228e-81
4.6564e-81
2.36886e-80
2.14872e-79
1.43059e-70
1.367e-65
8.61372e-63
1.15042e-59
7.47931e-57
7.56559e-55
1.02681e-53
5.06163e-53
1.15233e-52
1.83423e-137
3.18628e-137
5.06067e-137
7.48123e-137
1.04427e-136
1.39415e-136
1.79384e-136
2.23872e-136
2.71987e-136
3.23005e-136
3.99752e-136
7.50846e-135
2.02936e-132
5.85118e-130
1.7527e-127
5.46935e-125
1.90486e-122
7.62225e-120
3.35035e-117
1.564e-114
7.90129e-112
4.5552e-109
2.88274e-106
2.00214e-103
1.57269e-100
1.37197e-97
1.32537e-94
1.63203e-91
9.18985e-89
5.1637e-87
1.07391e-85
2.95977e-84
2.06627e-83
8.27527e-83
2.41713e-82
5.81306e-82
1.23596e-81
2.47095e-81
5.5526e-81
2.93335e-80
2.7118e-79
1.86018e-70
1.79128e-65
1.14254e-62
1.53728e-59
1.01127e-56
1.03698e-54
1.4143e-53
6.94411e-53
1.53437e-52
1.58454e-137
2.74828e-137
4.35992e-137
6.44049e-137
8.98588e-137
1.1993e-136
1.54285e-136
1.92528e-136
2.33908e-136
2.7789e-136
3.71138e-136
1.48493e-134
4.3163e-132
1.29858e-129
4.04184e-127
1.2973e-124
4.57371e-122
1.82163e-119
7.86616e-117
3.57691e-114
1.73786e-111
9.58626e-109
5.82306e-106
3.87846e-103
2.91863e-100
2.44916e-97
2.29166e-94
2.7406e-91
1.1706e-88
7.36642e-87
1.5299e-85
4.2897e-84
2.89096e-83
1.11344e-82
3.14063e-82
7.31251e-82
1.50983e-81
2.94472e-81
6.55655e-81
3.59442e-80
3.3769e-79
2.37835e-70
2.30264e-65
1.4829e-62
2.00312e-59
1.32676e-56
1.36988e-54
1.86255e-53
9.02481e-53
1.93582e-52
1.54839e-64
5.77651e-64
2.07871e-63
7.11372e-63
2.29374e-62
6.9348e-62
1.96294e-61
5.20568e-61
1.29618e-60
3.03814e-60
6.72369e-60
1.40947e-59
2.80819e-59
5.33318e-59
9.68777e-59
1.6887e-58
2.83081e-58
4.58022e-58
7.17445e-58
1.09525e-57
1.64478e-57
2.47276e-57
3.91624e-57
1.04476e-52
1.09734e-35
1.4466e-34
8.08198e-34
2.88095e-33
7.77461e-33
1.71555e-32
3.21456e-32
5.25934e-32
7.67341e-32
1.01501e-31
1.23348e-31
1.39213e-31
1.47243e-31
1.4707e-31
1.45483e-31
1.15325e-29
4.22634e-27
4.09595e-25
1.76354e-23
4.35454e-22
7.15227e-21
8.57373e-20
7.98013e-19
6.0309e-18
3.82824e-17
2.09525e-16
3.35068e-64
1.23799e-63
4.39911e-63
1.48291e-62
4.70126e-62
1.39581e-61
3.87725e-61
1.00881e-60
2.4646e-60
5.66976e-60
1.23207e-59
2.53756e-59
4.9711e-59
9.28949e-59
1.66183e-58
2.85564e-58
4.72419e-58
7.55463e-58
1.17217e-57
1.77944e-57
2.67879e-57
4.09954e-57
6.8982e-57
3.37119e-52
3.71562e-35
5.01053e-34
2.84687e-33
1.02929e-32
2.82291e-32
6.33989e-32
1.20813e-31
2.00751e-31
2.97061e-31
3.97985e-31
4.89202e-31
5.5774e-31
5.95171e-31
5.99065e-31
5.8563e-31
8.92612e-31
1.77035e-28
2.19586e-26
1.13892e-24
3.26202e-23
6.05974e-22
8.06806e-21
8.22747e-20
6.73953e-19
4.59654e-18
2.68324e-17
7.33999e-64
2.68418e-63
9.41191e-63
3.12293e-62
9.72745e-62
2.8342e-61
7.72082e-61
1.96967e-60
4.71886e-60
1.06487e-59
2.27102e-59
4.59351e-59
8.84458e-59
1.62566e-58
2.86313e-58
4.84883e-58
7.91574e-58
1.25124e-57
1.92468e-57
2.91212e-57
4.42079e-57
6.97067e-57
1.28439e-56
1.10913e-51
1.2825e-34
1.7715e-33
1.02397e-32
3.75907e-32
1.04896e-31
2.40078e-31
4.65869e-31
7.87151e-31
1.18266e-30
1.60647e-30
1.99926e-30
2.30455e-30
2.48304e-30
2.52019e-30
2.46897e-30
2.40127e-30
9.13824e-30
1.10781e-27
6.95148e-26
2.31778e-24
4.88099e-23
7.22915e-22
8.08574e-21
7.18508e-20
5.26867e-19
3.28216e-18
1.62737e-63
5.88648e-63
2.03528e-62
6.64221e-62
2.03124e-61
5.80359e-61
1.54943e-60
3.87323e-60
9.09433e-60
2.01205e-59
4.20926e-59
8.35753e-59
1.58096e-58
2.85713e-58
4.95268e-58
8.26431e-58
1.33137e-57
2.08092e-57
3.17746e-57
4.81025e-57
7.42927e-57
1.22708e-56
2.56822e-56
3.72005e-51
4.51521e-34
6.39265e-33
3.76281e-32
1.40442e-31
3.9913e-31
9.32089e-31
1.84441e-30
3.17287e-30
4.84599e-30
6.68153e-30
8.42789e-30
9.8321e-30
1.07058e-29
1.09655e-29
1.07663e-29
1.0459e-29
1.03072e-29
6.17309e-29
4.01144e-27
1.56038e-25
3.73511e-24
6.16533e-23
7.57359e-22
7.30792e-21
5.766e-20
3.83578e-19
3.65106e-63
1.3054e-62
4.44714e-62
1.42636e-61
4.27907e-61
1.19803e-60
3.13244e-60
7.66788e-60
1.76349e-59
3.8231e-59
7.84171e-59
1.52766e-58
2.83784e-58
5.04106e-58
8.59826e-58
1.41338e-57
2.24718e-57
3.47605e-57
5.2802e-57
8.04449e-57
1.28054e-56
2.26232e-56
5.58691e-56
1.27298e-50
1.62093e-33
2.35341e-32
1.41372e-31
5.37103e-31
1.55575e-30
3.7126e-30
7.50209e-30
1.31558e-29
2.04504e-29
2.86552e-29
3.66787e-29
4.33563e-29
4.77607e-29
4.94146e-29
4.86253e-29
4.73482e-29
4.56739e-29
4.59561e-29
2.58321e-28
9.97588e-27
2.71322e-25
5.00179e-24
6.75887e-23
7.09037e-22
6.02522e-21
4.28365e-20
8.28687e-63
2.92656e-62
9.81556e-62
3.09145e-61
9.09079e-61
2.49213e-60
6.377e-60
1.52762e-59
3.43924e-59
7.30191e-59
1.46769e-58
2.80408e-58
5.113e-58
8.92492e-58
1.49738e-57
2.42504e-57
3.80688e-57
5.83527e-57
8.84815e-57
1.36842e-56
2.2865e-56
4.42249e-56
1.3299e-55
4.4478e-50
5.93194e-33
8.84082e-32
5.42959e-31
2.10275e-30
6.21692e-30
1.51814e-29
3.13642e-29
5.61316e-29
8.89154e-29
1.26781e-28
1.64899e-28
1.97766e-28
2.20684e-28
2.3091e-28
2.27743e-28
2.22294e-28
2.14936e-28
2.06133e-28
2.07004e-28
7.82625e-28
1.88514e-26
3.85836e-25
5.74411e-24
6.5605e-23
6.01115e-22
4.57158e-21
1.90236e-62
6.63087e-62
2.18766e-61
6.76003e-61
1.94689e-60
5.22181e-60
1.30672e-59
3.0613e-59
6.74263e-59
1.40112e-58
2.75839e-58
5.16595e-58
9.24181e-58
1.5847e-57
2.61539e-57
4.1742e-57
6.47417e-57
9.85125e-57
1.49909e-56
2.38489e-56
4.2835e-56
9.26121e-56
3.45346e-55
1.58672e-49
2.2145e-32
3.3925e-31
2.13071e-30
8.42541e-30
2.54801e-29
6.37443e-29
1.34768e-28
2.46425e-28
3.98298e-28
5.78753e-28
7.66089e-28
9.33654e-28
1.05698e-27
1.12007e-27
1.11841e-27
1.09379e-27
1.05974e-27
1.01802e-27
9.7091e-28
9.52328e-28
2.08073e-27
2.904e-26
4.65246e-25
5.78687e-24
5.72437e-23
4.66212e-22
4.41577e-62
1.51789e-61
4.92166e-61
1.49076e-60
4.20127e-60
1.10159e-59
2.69392e-59
6.16774e-59
1.32808e-58
2.69951e-58
5.20267e-58
9.54619e-58
1.67512e-57
2.82142e-57
4.58116e-57
7.20662e-57
1.10546e-56
1.67498e-56
2.57948e-56
4.30303e-56
8.53641e-56
2.08785e-55
9.69241e-55
5.78118e-49
8.43622e-32
1.32985e-30
8.54577e-30
3.45625e-29
1.07097e-28
2.74783e-28
5.94962e-28
1.11277e-27
1.83772e-27
2.72559e-27
3.67808e-27
4.56334e-27
5.25051e-27
5.64465e-27
5.70755e-27
5.59691e-27
5.43762e-27
5.23819e-27
5.00721e-27
4.75463e-27
4.55757e-27
6.16261e-27
3.96258e-26
4.89747e-25
5.20435e-24
4.54257e-23
1.0361e-61
3.50927e-61
1.11722e-60
3.31401e-60
9.13097e-60
2.33861e-59
5.58443e-59
1.24857e-58
2.6265e-58
5.21919e-58
9.8412e-58
1.7687e-57
3.044e-57
5.03557e-57
8.04346e-57
1.24779e-56
1.89643e-56
2.87576e-56
4.54001e-56
8.14815e-56
1.83064e-55
5.05747e-55
2.90693e-54
2.15214e-48
3.27998e-31
5.32146e-30
3.50315e-29
1.45197e-28
4.61736e-28
1.21578e-27
2.69757e-27
5.16587e-27
8.7289e-27
1.32362e-26
1.82442e-26
2.30898e-26
2.70575e-26
2.95714e-26
3.03357e-26
2.98296e-26
2.9062e-26
2.80756e-26
2.69142e-26
2.56204e-26
2.42383e-26
2.29196e-26
2.39278e-26
5.87181e-26
4.68988e-25
4.24345e-24
2.45658e-61
8.19096e-61
2.55789e-60
7.42309e-60
1.99769e-59
4.99317e-59
1.16331e-58
2.53804e-58
5.21203e-58
1.01189e-57
1.86619e-57
3.28484e-57
5.54297e-57
9.00383e-57
1.4151e-56
2.16719e-56
3.27331e-56
5.00748e-56
8.25964e-56
1.64422e-55
4.24758e-55
1.30666e-54
9.22306e-54
8.18856e-48
1.30169e-30
2.17329e-29
1.46733e-28
6.24408e-28
2.04141e-27
5.51784e-27
1.25528e-26
2.46331e-26
4.26406e-26
6.62204e-26
9.34218e-26
1.20878e-25
1.44595e-25
1.61029e-25
1.67989e-25
1.65681e-25
1.61905e-25
1.56881e-25
1.50841e-25
1.44017e-25
1.36629e-25
1.28882e-25
1.21109e-25
1.15895e-25
1.42224e-25
4.7267e-25
5.88374e-61
1.9294e-60
5.90388e-60
1.67443e-59
4.39682e-59
1.07148e-58
2.43352e-58
5.17665e-58
1.03709e-57
1.96653e-57
3.54655e-57
6.11123e-57
1.01077e-56
1.61212e-56
2.4944e-56
3.77826e-56
5.69911e-56
8.90502e-56
1.57543e-55
3.58302e-55
1.06382e-54
3.56572e-54
3.0718e-53
3.18509e-47
5.27366e-30
9.05804e-29
6.2776e-28
2.74782e-27
9.24454e-27
2.56593e-26
5.98757e-26
1.20485e-25
2.13904e-25
3.40785e-25
4.93167e-25
6.53937e-25
8.00414e-25
9.10529e-25
9.68505e-25
9.67158e-25
9.47787e-25
9.2086e-25
8.87696e-25
8.49655e-25
8.08049e-25
7.64075e-25
7.18781e-25
6.73222e-25
6.30439e-25
6.14684e-25
1.42303e-60
4.58441e-60
1.37295e-59
3.80106e-59
9.72856e-59
2.30929e-58
5.10792e-58
1.05868e-57
2.06845e-57
3.82928e-57
6.74945e-57
1.13807e-56
1.84465e-56
2.88946e-56
4.40615e-56
6.62122e-56
1.00528e-55
1.63451e-55
3.20313e-55
8.48921e-55
2.85176e-54
1.01823e-53
1.06805e-52
1.26659e-46
2.18138e-29
3.85236e-28
2.74165e-27
1.23638e-26
4.28263e-26
1.22093e-25
2.92313e-25
6.03524e-25
1.09994e-24
1.80034e-24
2.67886e-24
3.64983e-24
4.58114e-24
5.33375e-24
5.79779e-24
5.91613e-24
5.82345e-24
5.68083e-24
5.49593e-24
5.27747e-24
5.03422e-24
4.77423e-24
4.50434e-24
4.23012e-24
3.95624e-24
3.68827e-24
3.47383e-60
1.09811e-59
3.21464e-59
8.67796e-59
2.16259e-58
4.99475e-58
1.07507e-57
2.16999e-57
4.13258e-57
7.46468e-57
1.28526e-56
2.12005e-56
3.36755e-56
5.18329e-56
7.8044e-56
1.16943e-55
1.80939e-55
3.14246e-55
7.04902e-55
2.18235e-54
8.09451e-54
3.02024e-53
3.86193e-52
5.14946e-46
9.21409e-29
1.67202e-27
1.22169e-26
5.68103e-26
2.02796e-25
5.93903e-25
1.45942e-24
3.09381e-24
5.79349e-24
9.75167e-24
1.49532e-23
2.1e-23
2.70934e-23
3.232e-23
3.59353e-23
3.74981e-23
3.71563e-23
3.64429e-23
3.54049e-23
3.41087e-23
3.26255e-23
3.10209e-23
2.93477e-23
2.76438e-23
2.59367e-23
2.42471e-23
8.55414e-60
2.65007e-59
7.57399e-59
1.99122e-58
4.82561e-58
1.08337e-57
2.26767e-57
4.4544e-57
8.26291e-57
1.4555e-56
2.44718e-56
3.94819e-56
6.14704e-56
9.30664e-56
1.38811e-55
2.09134e-55
3.36024e-55
6.44262e-55
1.69413e-54
6.03356e-54
2.40892e-53
9.25914e-53
1.44906e-51
2.1422e-45
3.98022e-28
7.42335e-27
5.56363e-26
2.66631e-25
9.82706e-25
2.96492e-24
7.49159e-24
1.63321e-23
3.14956e-23
5.46205e-23
8.61932e-23
1.24831e-22
1.66848e-22
2.06354e-22
2.36819e-22
2.53133e-22
2.52583e-22
2.48166e-22
2.41676e-22
2.33487e-22
2.24029e-22
2.13751e-22
2.03024e-22
1.92044e-22
1.80934e-22
1.69807e-22
2.12376e-59
6.4397e-59
1.79444e-58
4.58805e-58
1.08006e-57
2.35506e-57
4.78964e-57
9.14802e-57
1.6519e-56
2.83649e-56
4.65573e-56
7.34632e-56
1.12161e-55
1.67351e-55
2.48633e-55
3.81719e-55
6.54242e-55
1.43342e-54
4.44778e-54
1.7757e-53
7.46668e-53
2.92973e-52
5.64343e-51
9.133e-45
1.75854e-27
3.36862e-26
2.58849e-25
1.27791e-24
4.85203e-24
1.50357e-23
3.90613e-23
8.76066e-23
1.7419e-22
3.11914e-22
5.08462e-22
7.62318e-22
1.0582e-21
1.36097e-21
1.62294e-21
1.7979e-21
1.85399e-21
1.82539e-21
1.78326e-21
1.72912e-21
1.66569e-21
1.59612e-21
1.52222e-21
1.44534e-21
1.36688e-21
1.28783e-21
5.31354e-59
1.57462e-58
4.27133e-58
1.06071e-57
2.42307e-57
5.12611e-57
1.01195e-56
1.87786e-56
3.29916e-56
5.52057e-56
8.84417e-56
1.36499e-55
2.04576e-55
3.01865e-55
4.51028e-55
7.20375e-55
1.36357e-54
3.50233e-54
1.26427e-53
5.5044e-53
2.39836e-52
9.52191e-52
2.26768e-50
3.96987e-44
7.90109e-27
1.55372e-25
1.22229e-24
6.20717e-24
2.4217e-23
7.67733e-23
2.04522e-22
4.72686e-22
9.69881e-22
1.79549e-21
3.02605e-21
4.69845e-21
6.78077e-21
9.09538e-21
1.1319e-20
1.31046e-20
1.41288e-20
1.40823e-20
1.37491e-20
1.33464e-20
1.28931e-20
1.24003e-20
1.18754e-20
1.13241e-20
1.07523e-20
1.01663e-20
1.33872e-58
3.87085e-58
1.02065e-57
2.45883e-57
5.44403e-57
1.11604e-56
2.13664e-56
3.84973e-56
6.57734e-56
1.07226e-55
1.6766e-55
2.53223e-55
3.73291e-55
5.48374e-55
8.36979e-55
1.43207e-54
3.09668e-54
9.37169e-54
3.83105e-53
1.77603e-52
7.92713e-52
3.16453e-51
9.36233e-50
1.75433e-43
3.58512e-26
7.22782e-25
5.8223e-24
3.03414e-23
1.21033e-22
3.91536e-22
1.06744e-21
2.53253e-21
5.34971e-21
1.02251e-20
1.7889e-20
2.88634e-20
4.31633e-20
6e-20
7.76849e-20
9.37841e-20
1.05646e-19
1.11073e-19
1.09773e-19
1.07613e-19
1.04762e-19
1.0137e-19
9.7548e-20
9.33828e-20
8.8952e-20
8.43326e-20
3.39343e-58
9.55992e-58
2.44671e-57
5.70985e-57
1.22362e-56
2.42799e-56
4.50457e-56
7.87782e-56
1.30853e-55
2.07747e-55
3.17162e-55
4.69186e-55
6.82584e-55
1.00847e-54
1.61034e-54
3.05948e-54
7.7326e-54
2.71306e-53
1.2189e-52
5.91135e-52
2.67775e-51
1.06905e-50
3.9439e-49
7.84743e-43
1.64374e-25
3.38822e-24
2.78362e-23
1.48602e-22
6.05526e-22
1.99747e-21
5.56335e-21
1.35181e-20
2.93265e-20
5.7727e-20
1.04289e-19
1.74196e-19
2.70246e-19
3.90522e-19
5.26477e-19
6.62664e-19
7.79264e-19
8.56876e-19
8.79635e-19
8.69749e-19
8.52911e-19
8.30541e-19
8.03561e-19
7.72802e-19
7.39088e-19
7.03159e-19
8.64948e-58
2.37046e-57
5.879e-57
1.327e-56
2.74866e-56
5.27573e-56
9.47854e-56
1.60768e-55
2.59442e-55
4.01017e-55
5.97452e-55
8.66765e-55
1.25275e-54
1.89579e-54
3.27644e-54
7.14682e-54
2.1135e-53
8.36951e-53
4.04403e-52
2.02778e-51
9.25344e-51
3.67218e-50
1.6951e-48
3.55842e-42
7.61213e-25
1.60046e-23
1.33659e-22
7.28813e-22
3.02415e-21
1.01463e-20
2.87969e-20
7.14962e-20
1.58954e-19
3.2156e-19
5.98498e-19
1.03275e-18
1.66025e-18
2.49261e-18
3.49783e-18
4.58895e-18
5.63111e-18
6.46912e-18
6.96394e-18
6.99353e-18
6.91339e-18
6.7784e-18
6.59534e-18
6.37298e-18
6.11809e-18
5.83704e-18
2.21577e-57
5.89678e-57
1.41485e-56
3.08345e-56
6.16467e-56
1.14294e-55
1.98625e-55
3.26472e-55
5.11514e-55
7.69222e-55
1.11864e-54
1.59635e-54
2.31997e-54
3.70772e-54
7.23759e-54
1.84551e-53
6.26223e-53
2.72052e-52
1.39106e-51
7.15209e-51
3.26999e-50
1.28303e-49
7.42228e-48
1.63091e-41
3.54573e-24
7.58416e-23
6.41416e-22
3.55846e-21
1.49776e-20
5.09415e-20
1.4683e-19
3.71291e-19
8.43596e-19
1.74972e-18
3.34794e-18
5.9533e-18
9.88842e-18
1.5381e-17
2.24118e-17
3.05773e-17
3.90583e-17
4.67754e-17
5.26314e-17
5.56902e-17
5.54808e-17
5.48127e-17
5.36993e-17
5.21791e-17
5.03121e-17
4.81699e-17
5.69936e-57
1.46963e-56
3.40363e-56
7.14603e-56
1.37644e-55
2.46213e-55
4.13493e-55
6.58155e-55
1.00105e-54
1.46523e-54
2.08266e-54
2.94208e-54
4.39911e-54
7.76944e-54
1.77495e-53
5.24276e-53
1.98111e-52
9.22496e-52
4.93336e-51
2.58986e-50
1.17959e-49
4.54861e-49
3.30464e-47
7.51971e-41
1.65204e-23
3.58396e-22
3.05566e-21
1.71704e-20
7.30287e-20
2.50855e-19
7.31339e-19
1.8761e-18
4.34087e-18
9.20392e-18
1.80546e-17
3.29733e-17
5.63556e-17
9.04434e-17
1.36342e-16
1.92769e-16
2.55171e-16
3.16813e-16
3.70329e-16
4.08815e-16
4.25382e-16
4.23752e-16
4.17949e-16
4.08164e-16
3.94896e-16
3.78834e-16
1.43651e-56
3.58297e-56
7.99422e-56
1.61486e-55
2.99464e-55
5.1658e-55
8.38299e-55
1.29257e-54
1.90976e-54
2.72292e-54
3.79207e-54
5.37e-54
8.59339e-54
1.76476e-53
4.74814e-53
1.57222e-52
6.43804e-52
3.16049e-51
1.75192e-50
9.30622e-50
4.18915e-49
1.57784e-48
1.44184e-46
3.37116e-40
7.4352e-23
1.63081e-21
1.39459e-20
7.90079e-20
3.38304e-19
1.16884e-18
3.4313e-18
8.89001e-18
2.08637e-17
4.50754e-17
9.04063e-17
1.69024e-16
2.95786e-16
4.86977e-16
7.56061e-16
1.10503e-15
1.51093e-15
1.94132e-15
2.35319e-15
2.68696e-15
2.89404e-15
2.94719e-15
2.93594e-15
2.88689e-15
2.80537e-15
2.69889e-15
3.47058e-56
8.36078e-56
1.79535e-55
3.48797e-55
6.22616e-55
1.03588e-54
1.6252e-54
2.42946e-54
3.49039e-54
4.85403e-54
6.65643e-54
9.67588e-54
1.75557e-53
4.32765e-53
1.33144e-52
4.75557e-52
2.06077e-51
1.05285e-50
6.005e-50
3.20706e-49
1.4171e-48
5.18036e-48
5.93867e-46
1.41848e-39
3.12589e-22
6.9122e-21
5.89775e-20
3.35446e-19
1.44118e-18
4.98797e-18
1.4679e-17
3.82402e-17
9.06562e-17
1.98884e-16
4.06859e-16
7.77174e-16
1.38756e-15
2.32884e-15
3.7027e-15
5.58771e-15
7.93238e-15
1.06041e-14
1.335e-14
1.58541e-14
1.77357e-14
1.86386e-14
1.8508e-14
1.82097e-14
1.77565e-14
1.71685e-14
8.0476e-56
1.86963e-55
3.85974e-55
7.20676e-55
1.23797e-54
1.987e-54
3.01592e-54
4.37577e-54
6.11996e-54
8.32131e-54
1.1336e-53
1.76399e-53
3.86301e-53
1.13078e-52
3.79726e-52
1.42021e-51
6.4242e-51
3.38721e-50
1.97691e-49
1.05467e-48
4.54318e-48
1.59728e-47
2.29681e-45
5.58728e-39
1.22367e-21
2.7208e-20
2.30429e-19
1.31071e-18
5.63409e-18
1.94606e-17
5.71711e-17
1.49141e-16
3.55782e-16
7.89701e-16
1.64273e-15
3.20225e-15
5.83631e-15
1.0034e-14
1.62775e-14
2.49455e-14
3.62863e-14
4.9777e-14
6.45135e-14
7.93242e-14
9.23947e-14
1.0106e-13
1.03763e-13
1.02333e-13
1.00037e-13
9.69071e-14
1.79224e-55
4.00866e-55
7.94616e-55
1.42507e-54
2.35591e-54
3.64957e-54
5.36637e-54
7.56761e-54
1.03156e-53
1.37333e-53
1.88712e-53
3.35814e-53
9.23284e-53
3.05767e-52
1.07459e-51
4.1354e-51
1.93609e-50
1.04597e-49
6.21779e-49
3.28479e-48
1.36726e-47
4.60987e-47
8.33439e-45
2.05415e-38
4.44642e-21
9.91864e-20
8.29595e-19
4.70384e-18
2.01844e-17
6.93297e-17
2.0253e-16
5.27184e-16
1.26149e-15
2.82371e-15
5.94788e-15
1.17846e-14
2.19264e-14
3.82392e-14
6.26707e-14
9.68445e-14
1.41564e-13
1.96633e-13
2.6014e-13
3.27681e-13
3.92832e-13
4.48529e-13
4.8609e-13
4.93462e-13
4.84344e-13
4.71105e-13
3.83515e-55
8.24433e-55
1.56741e-54
2.69937e-54
4.2971e-54
6.42864e-54
9.16035e-54
1.25592e-53
1.66956e-53
2.18264e-53
3.11807e-53
6.91042e-53
2.35538e-52
8.27397e-52
2.95252e-51
1.16215e-50
5.5944e-50
3.06802e-49
1.84951e-48
9.65393e-48
3.86677e-47
1.24327e-46
2.8263e-44
7.02515e-38
1.49537e-20
3.34048e-19
2.74654e-18
1.54824e-17
6.62085e-17
2.254e-16
6.52388e-16
1.68937e-15
4.04565e-15
9.11286e-15
1.9371e-14
3.87207e-14
7.25429e-14
1.27267e-13
2.0966e-13
3.26003e-13
4.8124e-13
6.77672e-13
9.11891e-13
1.17218e-12
1.43815e-12
1.68317e-12
1.87731e-12
1.99484e-12
1.99718e-12
1.96844e-12
7.89049e-55
1.62808e-54
2.96575e-54
4.90067e-54
7.50644e-54
1.0845e-53
1.49841e-53
1.99877e-53
2.59442e-53
3.34931e-53
5.24901e-53
1.55753e-52
6.18759e-52
2.19427e-51
7.81447e-51
3.12785e-50
1.54159e-49
8.5544e-49
5.21559e-48
2.67512e-47
1.02322e-46
3.1179e-46
8.92019e-44
2.22819e-37
4.64298e-20
1.03727e-18
8.34926e-18
4.66944e-17
1.98823e-16
6.68862e-16
1.91165e-15
4.91212e-15
1.17525e-14
2.66071e-14
5.698e-14
1.14556e-13
2.15121e-13
3.77498e-13
6.22324e-13
9.71053e-13
1.44454e-12
2.05861e-12
2.81443e-12
3.68753e-12
4.62095e-12
5.52795e-12
6.30558e-12
6.85888e-12
7.1182e-12
7.09284e-12
1.56258e-54
3.08582e-54
5.3738e-54
8.51156e-54
1.25439e-53
1.75151e-53
2.34757e-53
3.04913e-53
3.86901e-53
4.98194e-53
9.3435e-53
3.79665e-52
1.6273e-51
5.61342e-51
1.97705e-50
8.06075e-50
4.04384e-49
2.25636e-48
1.38647e-47
6.95001e-47
2.52023e-46
7.24033e-46
2.61121e-43
6.53738e-37
1.32828e-19
2.96495e-18
2.32813e-17
1.28982e-16
5.46776e-16
1.81275e-15
5.10014e-15
1.29774e-14
3.09826e-14
7.04467e-14
1.51786e-13
3.06128e-13
5.7414e-13
1.00342e-12
1.64815e-12
2.57092e-12
3.84361e-12
5.53644e-12
7.68565e-12
1.02545e-11
1.31053e-11
1.59988e-11
1.86256e-11
2.06699e-11
2.18873e-11
2.20295e-11
2.97283e-54
5.6026e-54
9.31339e-54
1.4124e-53
2.00346e-53
2.70669e-53
3.52624e-53
4.46883e-53
5.55463e-53
7.27456e-53
1.82199e-52
9.64738e-52
4.17299e-51
1.36516e-50
4.74147e-50
1.9794e-49
1.00252e-48
5.5926e-48
3.45478e-47
1.68518e-46
5.75419e-46
1.55196e-45
7.06868e-43
1.77042e-36
3.49607e-19
7.79177e-18
5.95198e-17
3.26327e-16
1.37802e-15
4.49226e-15
1.24058e-14
3.12117e-14
7.43006e-14
1.69612e-13
3.67238e-13
7.40859e-13
1.38179e-12
2.39408e-12
3.90376e-12
6.0747e-12
9.12118e-12
1.32822e-11
1.87194e-11
2.53994e-11
3.30189e-11
4.09975e-11
4.85441e-11
5.4796e-11
5.90129e-11
6.07379e-11
5.42804e-54
9.7311e-54
1.54219e-53
2.24162e-53
3.06594e-53
4.01486e-53
5.09151e-53
6.30161e-53
7.68542e-53
1.06056e-52
3.90421e-52
2.45569e-51
1.02323e-50
3.11928e-50
1.07015e-49
4.61326e-49
2.33295e-48
1.29517e-47
8.03143e-47
3.79976e-46
1.21391e-45
3.06409e-45
1.76513e-42
4.418e-36
8.45786e-19
1.88081e-17
1.39524e-16
7.56583e-16
3.18593e-15
1.0197e-14
2.75642e-14
6.85025e-14
1.62539e-13
3.72537e-13
8.09792e-13
1.62932e-12
3.00852e-12
5.14521e-12
8.30847e-12
1.28914e-11
1.94543e-11
2.86683e-11
4.10072e-11
5.64499e-11
7.4351e-11
9.34589e-11
1.12034e-10
1.28092e-10
1.39804e-10
1.45954e-10
9.50558e-54
1.6182e-53
2.44459e-53
3.40847e-53
4.50035e-53
5.71935e-53
7.06636e-53
8.5447e-53
1.02512e-52
1.58327e-52
8.90177e-52
6.07617e-51
2.36444e-50
6.62814e-50
2.25895e-49
1.0176e-48
5.06148e-48
2.78781e-47
1.73475e-46
7.94555e-46
2.36076e-45
5.56696e-45
4.05763e-42
1.01463e-35
1.88014e-18
4.16756e-17
3.00077e-16
1.60896e-15
6.76463e-15
2.12524e-14
5.60715e-14
1.3759e-13
3.25338e-13
7.4886e-13
1.63315e-12
3.2684e-12
5.94841e-12
1.00046e-11
1.59857e-11
2.47614e-11
3.76093e-11
5.61374e-11
8.13998e-11
1.13258e-10
1.50359e-10
1.90324e-10
2.29895e-10
2.65172e-10
2.92286e-10
3.08397e-10
1.59878e-53
2.57778e-53
3.70936e-53
4.96443e-53
6.33571e-53
7.82308e-53
9.42078e-53
1.113e-52
1.32009e-52
2.48955e-52
2.06043e-51
1.43096e-50
5.08722e-50
1.29753e-49
4.43527e-49
2.11923e-48
1.01647e-47
5.55035e-47
3.46953e-46
1.53821e-45
4.22746e-45
9.3123e-45
8.5733e-42
2.14274e-35
3.84149e-18
8.47462e-17
5.92816e-16
3.14259e-15
1.32063e-14
4.08033e-14
1.0471e-13
2.53724e-13
5.97795e-13
1.3824e-12
3.02383e-12
6.0054e-12
1.07263e-11
1.76924e-11
2.80025e-11
4.34158e-11
6.64313e-11
1.00451e-10
1.47323e-10
2.06182e-10
2.74316e-10
3.47877e-10
4.21799e-10
4.89455e-10
5.43583e-10
5.78314e-10
2.57992e-53
3.92828e-53
5.38317e-53
6.92403e-53
8.55393e-53
1.02701e-52
1.2051e-52
1.3908e-52
1.64742e-52
4.17761e-52
4.64432e-51
3.15863e-50
1.00832e-49
2.32053e-49
8.0626e-49
4.15477e-48
1.87533e-47
1.01786e-46
6.40926e-46
2.75563e-45
6.97227e-45
1.43727e-44
1.66317e-41
4.1599e-35
7.22099e-18
1.58171e-16
1.07764e-15
5.64705e-15
2.37348e-14
7.24731e-14
1.80058e-13
4.31135e-13
1.01199e-12
2.3516e-12
5.16027e-12
1.0153e-11
1.77228e-11
2.86248e-11
4.50167e-11
7.01048e-11
1.07955e-10
1.65209e-10
2.44445e-10
3.42316e-10
4.53944e-10
5.74383e-10
6.97438e-10
8.13133e-10
9.08889e-10
9.73658e-10
3.98722e-53
5.71867e-53
7.46695e-53
9.24614e-53
1.1072e-52
1.29265e-52
1.47631e-52
1.66534e-52
2.00843e-52
7.345e-52
9.88868e-51
6.45697e-50
1.82384e-49
3.76623e-49
1.35202e-48
7.63322e-48
3.15455e-47
1.71399e-46
1.09218e-45
4.57207e-45
1.06106e-44
2.05461e-44
2.9611e-41
7.42788e-35
1.25104e-17
2.71205e-16
1.80719e-15
9.35677e-15
3.93371e-14
1.19695e-13
2.86196e-13
6.78117e-13
1.58534e-12
3.70032e-12
8.15301e-12
1.58777e-11
2.69811e-11
4.26803e-11
6.70034e-11
1.05179e-10
1.62358e-10
2.51019e-10
3.74089e-10
5.21636e-10
6.86382e-10
8.64242e-10
1.04994e-09
1.22948e-09
1.38197e-09
1.48851e-09
5.88996e-53
7.94195e-53
9.89445e-53
1.18182e-52
1.37272e-52
1.55688e-52
1.72818e-52
1.91178e-52
2.42255e-52
1.29503e-51
1.9463e-50
1.21074e-49
2.988e-49
5.52695e-49
2.08598e-48
1.305e-47
4.80806e-47
2.64685e-46
1.71753e-45
7.04243e-45
1.49574e-44
2.73617e-44
4.84327e-41
1.22284e-34
2.00531e-17
4.28264e-16
2.80679e-15
1.43439e-14
6.03022e-14
1.84894e-13
4.23273e-13
9.94786e-13
2.31526e-12
5.4182e-12
1.20089e-11
2.31404e-11
3.81507e-11
5.92417e-11
9.33071e-11
1.4804e-10
2.27545e-10
3.54539e-10
5.32418e-10
7.35915e-10
9.57703e-10
1.19868e-09
1.45639e-09
1.7117e-09
1.93036e-09
2.08359e-09
8.29672e-53
1.05079e-52
1.25188e-52
1.44476e-52
1.62718e-52
1.79014e-52
1.93145e-52
2.11383e-52
2.92801e-52
2.18252e-51
3.48683e-50
2.06795e-49
4.41531e-49
7.34288e-49
2.95753e-48
2.05774e-47
6.63354e-47
3.75815e-46
2.5005e-45
1.01186e-44
1.96648e-44
3.42471e-44
7.31576e-41
1.86991e-34
3.00069e-17
6.2708e-16
4.07249e-15
2.0503e-14
8.61411e-14
2.69124e-13
5.9153e-13
1.38361e-12
3.20289e-12
7.48191e-12
1.67331e-11
3.19016e-11
5.08971e-11
7.79277e-11
1.23603e-10
1.98484e-10
3.01914e-10
4.72248e-10
7.15601e-10
9.74754e-10
1.25179e-09
1.55827e-09
1.89018e-09
2.2193e-09
2.49909e-09
2.68525e-09
1.1115e-52
1.32308e-52
1.5114e-52
1.68665e-52
1.84008e-52
1.96399e-52
2.06838e-52
2.27324e-52
3.55315e-52
3.38929e-51
5.63468e-50
3.20874e-49
5.89581e-49
8.90935e-49
3.86001e-48
2.97264e-47
8.39534e-47
4.96336e-46
3.39884e-45
1.36838e-44
2.438e-44
4.08976e-44
1.03924e-40
2.72965e-34
4.31031e-17
8.5875e-16
5.54514e-15
2.7457e-14
1.15439e-13
3.74986e-13
8.24431e-13
1.93815e-12
4.44208e-12
1.02183e-11
2.30921e-11
4.33692e-11
6.68231e-11
1.01612e-10
1.62575e-10
2.64331e-10
3.90555e-10
5.99415e-10
9.09881e-10
1.21079e-09
1.53324e-09
1.90037e-09
2.30577e-09
2.70844e-09
3.03408e-09
3.21091e-09
1.4129e-52
1.5848e-52
1.73965e-52
1.87699e-52
1.98556e-52
2.06688e-52
2.14451e-52
2.40489e-52
4.26375e-52
4.76231e-51
8.23286e-50
4.54577e-49
7.19349e-49
1.00521e-48
4.67868e-48
3.95078e-47
1.02741e-46
6.31965e-46
4.42495e-45
1.78754e-44
2.91451e-44
4.84183e-44
1.47042e-40
3.9134e-34
6.12632e-17
1.11773e-15
7.373e-15
3.60585e-14
1.50513e-13
5.09425e-13
1.55112e-12
4.0902e-12
9.40905e-12
2.01325e-11
4.04477e-11
7.1525e-11
1.14404e-10
1.84027e-10
2.94331e-10
4.49961e-10
6.33641e-10
8.77087e-10
1.1592e-09
1.46175e-09
1.83243e-09
2.27564e-09
2.75715e-09
3.21055e-09
3.55576e-09
3.64203e-09
1.70277e-52
1.80695e-52
1.90703e-52
1.99395e-52
2.06044e-52
2.11403e-52
2.18292e-52
2.518e-52
4.94879e-52
6.08078e-51
1.11754e-49
6.02059e-49
8.23855e-49
1.08742e-48
5.41966e-48
5.11367e-47
4.236e-46
1.29004e-45
5.7696e-45
2.18346e-44
3.27726e-44
6.25646e-44
2.57691e-40
6.52213e-34
9.35336e-17
1.32505e-15
9.53987e-15
5.11707e-14
2.17567e-13
7.21008e-13
2.00738e-12
4.92491e-12
1.10363e-11
2.30926e-11
4.49289e-11
7.87667e-11
1.29381e-10
2.11137e-10
3.36051e-10
5.02638e-10
7.07094e-10
9.85141e-10
1.3417e-09
1.76513e-09
2.25703e-09
2.81002e-09
3.39531e-09
3.95128e-09
4.39479e-09
4.61482e-09
1.94156e-52
1.95611e-52
1.9927e-52
2.04307e-52
2.08872e-52
2.13316e-52
2.20418e-52
2.608e-52
5.47687e-52
7.6733e-51
1.82073e-49
7.75473e-49
9.0241e-49
1.23133e-48
1.25497e-47
1.74422e-46
7.38e-46
2.37801e-45
1.46883e-44
2.55372e-44
3.52124e-44
6.77562e-44
2.85151e-40
7.16806e-34
1.00586e-16
1.36828e-15
1.04016e-14
5.5252e-14
2.30561e-13
7.61587e-13
2.1086e-12
5.14828e-12
1.14877e-11
2.38771e-11
4.60484e-11
8.22086e-11
1.36546e-10
2.20135e-10
3.48271e-10
5.18182e-10
7.34916e-10
1.02088e-09
1.38967e-09
1.82999e-09
2.34159e-09
2.91378e-09
3.51639e-09
4.0817e-09
4.51726e-09
4.77699e-09
9.78303e-16
4.59707e-15
2.13254e-14
9.64114e-14
4.21342e-13
1.7699e-12
7.11059e-12
2.71121e-11
9.6818e-11
3.17238e-10
9.30304e-10
2.38905e-09
5.32461e-09
1.04061e-08
1.82344e-08
2.93242e-08
4.41281e-08
6.30394e-08
8.63799e-08
1.14388e-07
1.472e-07
1.84826e-07
2.27146e-07
2.73895e-07
3.24689e-07
3.7902e-07
4.36294e-07
4.95852e-07
5.56993e-07
6.1903e-07
6.81263e-07
7.43073e-07
8.03843e-07
8.63009e-07
9.20084e-07
9.74596e-07
1.02627e-06
1.07492e-06
1.12052e-06
1.16337e-06
1.2038e-06
1.24225e-06
1.27936e-06
1.3165e-06
1.35481e-06
1.39553e-06
1.43954e-06
1.48831e-06
1.54498e-06
1.6361e-06
1.89257e-06
3.77509e-06
7.13406e-05
0.000141419
0.000157042
0.000164044
0.000166104
0.00016676
0.000166878
0.000166299
0.000165444
0.000164286
0.000162797
0.000160989
0.000158971
0.000156831
0.000154642
0.000152479
0.000150375
0.000148338
0.000146363
0.000144427
0.000142521
0.000140642
0.0001388
0.000137012
0.000135295
0.000133664
0.000132119
0.000130643
0.000129209
0.00012778
0.000126307
0.000124735
0.000123009
0.00012109
0.000118959
0.000116635
0.000114248
0.000111931
0.000109711
0.000107569
0.00010541
0.000103099
0.000100657
9.82959e-05
9.62268e-05
9.46882e-05
9.32411e-05
9.17466e-05
9.01187e-05
8.83384e-05
8.64435e-05
8.44757e-05
8.24669e-05
8.04187e-05
7.82534e-05
7.58241e-05
7.29849e-05
6.97885e-05
6.64354e-05
6.30594e-05
5.99763e-05
5.76476e-05
5.59138e-05
5.3953e-05
5.14096e-05
4.81812e-05
4.44632e-05
4.11147e-05
3.82269e-05
3.57933e-05
3.35988e-05
3.10357e-05
2.86743e-05
2.63906e-05
2.38222e-05
2.16174e-05
2.01621e-05
1.91303e-05
1.74032e-05
1.58944e-05
1.43868e-05
1.35385e-05
1.27813e-05
1.20361e-05
1.10458e-05
9.86177e-06
8.91757e-06
8.22261e-06
7.88975e-06
1.00166e-05
1.3093e-05
8.36501e-06
7.61534e-06
7.33162e-06
7.17003e-06
7.03838e-06
6.90304e-06
6.75977e-06
1.32495e-16
6.60163e-16
3.25048e-15
1.56004e-14
7.23722e-14
3.22853e-13
1.38022e-12
5.63037e-12
2.1752e-11
7.85565e-11
2.60252e-10
7.73378e-10
2.02088e-09
4.6011e-09
9.18755e-09
1.64072e-08
2.6798e-08
4.08204e-08
5.88648e-08
8.12451e-08
1.08193e-07
1.39833e-07
1.76171e-07
2.17077e-07
2.62298e-07
3.11453e-07
3.64058e-07
4.19546e-07
4.77282e-07
5.36619e-07
5.96879e-07
6.5743e-07
7.17641e-07
7.76915e-07
8.34718e-07
8.9054e-07
9.44013e-07
9.94866e-07
1.04294e-06
1.08833e-06
1.13121e-06
1.17192e-06
1.21095e-06
1.24924e-06
1.28766e-06
1.32709e-06
1.36805e-06
1.41107e-06
1.45665e-06
1.50946e-06
1.57317e-06
1.7132e-06
2.35862e-06
1.54502e-05
9.85631e-05
0.000138351
0.000149497
0.000153207
0.000155722
0.000156211
0.000156329
0.000155839
0.000154752
0.000153092
0.000151009
0.000148678
0.000146226
0.000143756
0.000141311
0.000138899
0.000136535
0.000134228
0.000131992
0.000129832
0.000127765
0.00012581
0.000123978
0.00012227
0.000120661
0.000119106
0.000117548
0.000115927
0.000114184
0.000112265
0.000110133
0.000107775
0.000105186
0.000102389
9.94908e-05
9.66346e-05
9.39725e-05
9.1551e-05
8.921e-05
8.66763e-05
8.38174e-05
8.07684e-05
7.77663e-05
7.51972e-05
7.27142e-05
7.04073e-05
6.83248e-05
6.64792e-05
6.48214e-05
6.32235e-05
6.15632e-05
5.97801e-05
5.77767e-05
5.5372e-05
5.23968e-05
4.90535e-05
4.58503e-05
4.30633e-05
4.07658e-05
3.89718e-05
3.73542e-05
3.55408e-05
3.34588e-05
3.0923e-05
2.81189e-05
2.58806e-05
2.42147e-05
2.32497e-05
2.25611e-05
2.08142e-05
1.90326e-05
1.76374e-05
1.62875e-05
1.54527e-05
1.48451e-05
1.38001e-05
1.28898e-05
1.17335e-05
1.04226e-05
9.49214e-06
8.77099e-06
9.67176e-06
1.59229e-05
9.46939e-06
8.44301e-06
8.16015e-06
8.00713e-06
7.87573e-06
7.75378e-06
7.62805e-06
7.49399e-06
7.3558e-06
7.212e-06
7.06071e-06
6.89945e-06
6.73001e-06
1.71468e-17
9.06469e-17
4.73974e-16
2.41535e-15
1.18889e-14
5.6228e-14
2.54758e-13
1.10271e-12
4.53979e-12
1.76384e-11
6.39072e-11
2.12495e-10
6.36384e-10
1.68681e-09
3.92115e-09
8.01053e-09
1.46066e-08
2.42704e-08
3.74711e-08
5.45967e-08
7.59584e-08
1.01778e-07
1.32174e-07
1.67144e-07
2.06565e-07
2.50186e-07
2.97642e-07
3.48473e-07
4.02135e-07
4.58037e-07
5.15549e-07
5.74049e-07
6.32907e-07
6.91513e-07
7.49298e-07
8.05719e-07
8.60338e-07
9.12806e-07
9.62886e-07
1.0105e-06
1.05566e-06
1.09857e-06
1.1396e-06
1.17939e-06
1.2186e-06
1.25791e-06
1.29775e-06
1.33853e-06
1.38046e-06
1.42588e-06
1.47718e-06
1.54299e-06
1.63166e-06
1.83683e-06
2.84346e-06
2.27647e-05
9.81367e-05
0.000116664
0.000126761
0.00012944
0.000131691
0.000132624
0.000132541
0.000131619
0.000129838
0.000127558
0.00012501
0.00012238
0.000119755
0.000117149
0.000114598
0.000112133
0.000109781
0.000107552
0.000105466
0.000103541
0.000101776
0.000100149
9.8603e-05
9.70541e-05
9.5408e-05
9.3579e-05
9.15093e-05
8.9177e-05
8.66042e-05
8.3856e-05
8.09901e-05
7.80811e-05
7.52751e-05
7.27203e-05
7.05838e-05
6.88694e-05
6.72906e-05
6.54286e-05
6.30431e-05
6.02242e-05
5.72326e-05
5.44666e-05
5.17079e-05
4.92014e-05
4.7154e-05
4.56698e-05
4.46392e-05
4.37387e-05
4.26729e-05
4.13854e-05
3.99038e-05
3.80913e-05
3.56762e-05
3.29032e-05
3.05226e-05
2.89285e-05
2.78348e-05
2.69246e-05
2.61505e-05
2.51216e-05
2.34137e-05
2.1507e-05
2.01058e-05
1.91115e-05
1.79593e-05
1.72602e-05
1.68404e-05
1.53722e-05
1.4421e-05
1.38973e-05
1.21478e-05
1.10559e-05
1.00894e-05
9.48902e-06
1.19948e-05
1.41062e-05
9.53517e-06
8.94272e-06
8.74889e-06
8.62724e-06
8.51976e-06
8.41577e-06
8.31162e-06
8.19547e-06
8.06908e-06
7.92976e-06
7.77987e-06
7.63008e-06
7.47636e-06
7.31958e-06
7.15857e-06
6.99272e-06
6.81943e-06
6.64106e-06
2.1212e-18
1.19075e-17
6.61727e-17
3.58282e-16
1.87187e-15
9.38462e-15
4.50155e-14
2.06143e-13
8.98584e-13
3.70997e-12
1.43996e-11
5.20195e-11
1.7273e-10
5.19315e-10
1.3935e-09
3.30371e-09
6.90984e-09
1.28822e-08
2.18048e-08
3.41574e-08
5.03305e-08
7.06306e-08
9.52721e-08
1.24367e-07
1.57914e-07
1.95792e-07
2.37762e-07
2.83476e-07
3.32495e-07
3.84311e-07
4.38358e-07
4.94048e-07
5.50776e-07
6.07933e-07
6.64934e-07
7.21215e-07
7.76284e-07
8.29725e-07
8.81226e-07
9.30606e-07
9.77761e-07
1.02273e-06
1.0657e-06
1.10715e-06
1.14753e-06
1.18738e-06
1.22708e-06
1.26701e-06
1.30741e-06
1.34975e-06
1.39606e-06
1.44911e-06
1.51079e-06
1.57605e-06
1.68995e-06
2.01648e-06
4.26891e-06
3.0011e-05
8.30166e-05
9.26086e-05
0.000100081
0.000103441
0.000104898
0.000105668
0.000104611
0.000102686
0.000100283
9.76423e-05
9.49895e-05
9.23603e-05
8.98172e-05
8.73859e-05
8.51021e-05
8.29802e-05
8.10426e-05
7.93123e-05
7.77871e-05
7.64384e-05
7.51924e-05
7.39301e-05
7.25163e-05
7.08346e-05
6.88299e-05
6.65152e-05
6.39776e-05
6.13511e-05
5.87284e-05
5.61937e-05
5.38911e-05
5.19513e-05
5.05042e-05
4.95042e-05
4.86012e-05
4.73669e-05
4.56573e-05
4.36481e-05
4.16066e-05
3.97035e-05
3.76819e-05
3.56947e-05
3.40389e-05
3.29352e-05
3.22941e-05
3.17222e-05
3.08665e-05
2.98185e-05
2.88875e-05
2.79582e-05
2.64836e-05
2.45817e-05
2.30396e-05
2.22202e-05
2.13622e-05
2.01583e-05
1.95514e-05
1.92477e-05
1.79945e-05
1.64216e-05
1.59261e-05
1.53556e-05
1.36027e-05
1.24987e-05
1.13929e-05
1.0134e-05
1.10234e-05
1.55282e-05
1.1685e-05
9.70926e-06
9.32097e-06
9.16659e-06
9.04448e-06
8.9214e-06
8.85944e-06
8.78677e-06
8.70223e-06
8.60439e-06
8.49444e-06
8.37466e-06
8.26094e-06
8.14107e-06
8.01139e-06
7.86724e-06
7.71198e-06
7.55462e-06
7.39374e-06
7.22973e-06
7.06167e-06
6.88964e-06
6.71134e-06
6.52938e-06
2.50905e-19
1.497e-18
8.85009e-18
5.09551e-17
2.82774e-16
1.50356e-15
7.63636e-15
3.69723e-14
1.70267e-13
7.43194e-13
3.05893e-12
1.17969e-11
4.23112e-11
1.39827e-10
4.21141e-10
1.14206e-09
2.75844e-09
5.90482e-09
1.12612e-08
1.94348e-08
3.09211e-08
4.61137e-08
6.53157e-08
8.87348e-08
1.16482e-07
1.48558e-07
1.84846e-07
2.25122e-07
2.69057e-07
3.16239e-07
3.66184e-07
4.18365e-07
4.72217e-07
5.27158e-07
5.82605e-07
6.37987e-07
6.92776e-07
7.46506e-07
7.98798e-07
8.49385e-07
8.9807e-07
9.44789e-07
9.89591e-07
1.03271e-06
1.07446e-06
1.11524e-06
1.15538e-06
1.19524e-06
1.2351e-06
1.27599e-06
1.31943e-06
1.36709e-06
1.41982e-06
1.47574e-06
1.54483e-06
1.62951e-06
1.77815e-06
2.30635e-06
7.73488e-06
2.86954e-05
6.38702e-05
7.24448e-05
7.68591e-05
8.1367e-05
8.14573e-05
8.03034e-05
7.86356e-05
7.61464e-05
7.35912e-05
7.1039e-05
6.86251e-05
6.63313e-05
6.41956e-05
6.22304e-05
6.04562e-05
5.88978e-05
5.75737e-05
5.64878e-05
5.55921e-05
5.47645e-05
5.38512e-05
5.2725e-05
5.13348e-05
4.9691e-05
4.78935e-05
4.60684e-05
4.42528e-05
4.24384e-05
4.0675e-05
3.90528e-05
3.77394e-05
3.68222e-05
3.60813e-05
3.51939e-05
3.4142e-05
3.30832e-05
3.21666e-05
3.13126e-05
3.01593e-05
2.86487e-05
2.71424e-05
2.59733e-05
2.51792e-05
2.45466e-05
2.36721e-05
2.26916e-05
2.21516e-05
2.18415e-05
2.1005e-05
1.95215e-05
1.81723e-05
1.77044e-05
1.71366e-05
1.59688e-05
1.46169e-05
1.36036e-05
1.20796e-05
1.0824e-05
1.15384e-05
1.4722e-05
1.54436e-05
1.04395e-05
9.67958e-06
9.43187e-06
9.28885e-06
9.13998e-06
8.97729e-06
8.94365e-06
8.90327e-06
8.84956e-06
8.77116e-06
8.6834e-06
8.62133e-06
8.55924e-06
8.49008e-06
8.40926e-06
8.31364e-06
8.20788e-06
8.10231e-06
7.98972e-06
7.86734e-06
7.7305e-06
7.58195e-06
7.42805e-06
7.26891e-06
7.10527e-06
6.9368e-06
6.76406e-06
6.58547e-06
6.40354e-06
2.83812e-20
1.80164e-19
1.13431e-18
6.95175e-18
4.10132e-17
2.31456e-16
1.24535e-15
6.37628e-15
3.10094e-14
1.42847e-13
6.20879e-13
2.5348e-12
9.67551e-12
3.43548e-11
1.12807e-10
3.39907e-10
9.30051e-10
2.28459e-09
5.00013e-09
9.75617e-09
1.71814e-08
2.77877e-08
4.19753e-08
6.00451e-08
8.22055e-08
1.08565e-07
1.39126e-07
1.73784e-07
2.12327e-07
2.54451e-07
2.99766e-07
3.47822e-07
3.98115e-07
4.50108e-07
5.03245e-07
5.56962e-07
6.10721e-07
6.64021e-07
7.1643e-07
7.67608e-07
8.17283e-07
8.65297e-07
9.11598e-07
9.5627e-07
9.99462e-07
1.04141e-06
1.08236e-06
1.12264e-06
1.16256e-06
1.20289e-06
1.24472e-06
1.28927e-06
1.33723e-06
1.38811e-06
1.44605e-06
1.51102e-06
1.58898e-06
1.70068e-06
1.87996e-06
2.58649e-06
9.62579e-06
2.3481e-05
4.73945e-05
5.91747e-05
6.19196e-05
6.18355e-05
6.28255e-05
6.0673e-05
5.85199e-05
5.63139e-05
5.43036e-05
5.23416e-05
5.05233e-05
4.88296e-05
4.72555e-05
4.58148e-05
4.45507e-05
4.35101e-05
4.2675e-05
4.19292e-05
4.11446e-05
4.02635e-05
3.93038e-05
3.82696e-05
3.72515e-05
3.63341e-05
3.54708e-05
3.4542e-05
3.34522e-05
3.20903e-05
3.05786e-05
2.92714e-05
2.82951e-05
2.74755e-05
2.67624e-05
2.60292e-05
2.53367e-05
2.48442e-05
2.43088e-05
2.34523e-05
2.24147e-05
2.12833e-05
2.0225e-05
1.96371e-05
1.89789e-05
1.79776e-05
1.71831e-05
1.63181e-05
1.52315e-05
1.35542e-05
1.17807e-05
1.16586e-05
1.28721e-05
1.62743e-05
1.52152e-05
1.05751e-05
9.70554e-06
9.38417e-06
9.17789e-06
8.94791e-06
8.71193e-06
8.69566e-06
8.6937e-06
8.67253e-06
8.63428e-06
8.57073e-06
8.5033e-06
8.4763e-06
8.45319e-06
8.42692e-06
8.38509e-06
8.33687e-06
8.29779e-06
8.25665e-06
8.20831e-06
8.14897e-06
8.07416e-06
7.98828e-06
7.89732e-06
7.7969e-06
7.68552e-06
7.55956e-06
7.42119e-06
7.27491e-06
7.12138e-06
6.96169e-06
6.79597e-06
6.62518e-06
6.44844e-06
6.2682e-06
3.07026e-21
2.07609e-20
1.3937e-19
9.10197e-19
5.71439e-18
3.4257e-17
1.95414e-16
1.05867e-15
5.43841e-15
2.64307e-14
1.21141e-13
5.21764e-13
2.10494e-12
7.93134e-12
2.78423e-11
9.07757e-11
2.7335e-10
7.53225e-10
1.87775e-09
4.19437e-09
8.37201e-09
1.50544e-08
2.47726e-08
3.7936e-08
5.48491e-08
7.57197e-08
1.00656e-07
1.29667e-07
1.62657e-07
1.99436e-07
2.39718e-07
2.83142e-07
3.29282e-07
3.77662e-07
4.27772e-07
4.79079e-07
5.31053e-07
5.8318e-07
6.34993e-07
6.86098e-07
7.36159e-07
7.84939e-07
8.32293e-07
8.78193e-07
9.22677e-07
9.65856e-07
1.00785e-06
1.04889e-06
1.08928e-06
1.12961e-06
1.17069e-06
1.21344e-06
1.25851e-06
1.30591e-06
1.35797e-06
1.41476e-06
1.47878e-06
1.55479e-06
1.63838e-06
1.76014e-06
1.94954e-06
2.6669e-06
6.98986e-06
1.7834e-05
3.97489e-05
4.25395e-05
5.14134e-05
4.95847e-05
4.81527e-05
4.70142e-05
4.57293e-05
4.3899e-05
4.22554e-05
4.07399e-05
3.93291e-05
3.80717e-05
3.70388e-05
3.62231e-05
3.54848e-05
3.46006e-05
3.34686e-05
3.22085e-05
3.10468e-05
3.00716e-05
2.93631e-05
2.88656e-05
2.84021e-05
2.78379e-05
2.71832e-05
2.63431e-05
2.53171e-05
2.43431e-05
2.35065e-05
2.2575e-05
2.17151e-05
2.08134e-05
1.97696e-05
1.89787e-05
1.85802e-05
1.8196e-05
1.71582e-05
1.54409e-05
1.33179e-05
1.22708e-05
1.24723e-05
1.3472e-05
1.58604e-05
1.97674e-05
1.17371e-05
9.89066e-06
9.28912e-06
8.98871e-06
8.73219e-06
8.44424e-06
8.17729e-06
8.1656e-06
8.18121e-06
8.17736e-06
8.1492e-06
8.08803e-06
8.02643e-06
8.01542e-06
8.0211e-06
8.02677e-06
8.02818e-06
8.0159e-06
8.00284e-06
8.00581e-06
8.00986e-06
8.01108e-06
8.00083e-06
7.98413e-06
7.96835e-06
7.94759e-06
7.91827e-06
7.87758e-06
7.82153e-06
7.7534e-06
7.6768e-06
7.5887e-06
7.48838e-06
7.37323e-06
7.24496e-06
7.10706e-06
6.96025e-06
6.80577e-06
6.64412e-06
6.47648e-06
6.30255e-06
6.12475e-06
3.17633e-22
2.29092e-21
1.64202e-20
1.14414e-19
7.65226e-19
4.87777e-18
2.95239e-17
1.69364e-16
9.19506e-16
4.71577e-15
2.27853e-14
1.03409e-13
4.39676e-13
1.74813e-12
6.49385e-12
2.25307e-11
7.29136e-11
2.19164e-10
6.06984e-10
1.53209e-09
3.48668e-09
7.11428e-09
1.30666e-08
2.18952e-08
3.40236e-08
4.97607e-08
6.93152e-08
9.28e-08
1.2023e-07
1.51525e-07
1.86509e-07
2.24921e-07
2.66426e-07
3.10624e-07
3.57065e-07
4.05264e-07
4.54719e-07
5.04928e-07
5.55413e-07
6.05741e-07
6.55532e-07
7.04481e-07
7.52367e-07
7.99065e-07
8.44521e-07
8.88746e-07
9.31788e-07
9.73782e-07
1.01492e-06
1.05564e-06
1.09657e-06
1.13841e-06
1.18177e-06
1.22682e-06
1.27512e-06
1.32684e-06
1.38355e-06
1.44716e-06
1.51613e-06
1.59688e-06
1.6807e-06
1.80582e-06
1.98883e-06
2.56706e-06
5.30494e-06
1.38999e-05
2.88135e-05
3.85546e-05
3.63675e-05
3.97606e-05
4.04357e-05
3.75679e-05
3.53786e-05
3.35654e-05
3.20892e-05
3.10659e-05
3.06501e-05
3.05625e-05
3.02827e-05
2.94493e-05
2.81277e-05
2.67183e-05
2.56512e-05
2.50601e-05
2.47562e-05
2.41581e-05
2.30088e-05
2.1548e-05
2.02866e-05
1.96364e-05
1.95693e-05
1.94996e-05
1.84893e-05
1.60308e-05
1.38103e-05
1.2959e-05
1.32402e-05
1.39209e-05
1.5177e-05
1.80638e-05
1.61484e-05
1.07599e-05
9.39274e-06
8.79789e-06
8.45356e-06
8.12384e-06
7.80269e-06
7.56124e-06
7.4346e-06
7.45819e-06
7.48898e-06
7.49387e-06
7.47029e-06
7.41339e-06
7.35988e-06
7.35781e-06
7.37498e-06
7.39361e-06
7.40774e-06
7.4091e-06
7.41218e-06
7.43405e-06
7.46445e-06
7.49592e-06
7.52515e-06
7.54589e-06
7.56552e-06
7.59153e-06
7.61623e-06
7.63728e-06
7.64889e-06
7.65383e-06
7.6557e-06
7.65072e-06
7.63623e-06
7.61002e-06
7.56887e-06
7.51499e-06
7.45066e-06
7.37347e-06
7.28311e-06
7.17767e-06
7.05859e-06
6.92866e-06
6.78859e-06
6.63967e-06
6.48258e-06
6.31866e-06
6.14806e-06
5.97312e-06
3.14349e-23
2.421e-22
1.85542e-21
1.38126e-20
9.8534e-20
6.68543e-19
4.29769e-18
2.61264e-17
1.50012e-16
8.12246e-16
4.13795e-15
1.9783e-14
8.85597e-14
3.7069e-13
1.45052e-12
5.31094e-12
1.82133e-11
5.84799e-11
1.75252e-10
4.86925e-10
1.24161e-09
2.8728e-09
5.98553e-09
1.12304e-08
1.9178e-08
3.02668e-08
4.48137e-08
6.30333e-08
8.50433e-08
1.10869e-07
1.40443e-07
1.73608e-07
2.10125e-07
2.49684e-07
2.91912e-07
3.36385e-07
3.82646e-07
4.30224e-07
4.78648e-07
5.27478e-07
5.76303e-07
6.24772e-07
6.726e-07
7.19584e-07
7.6559e-07
8.10544e-07
8.54424e-07
8.97287e-07
9.3926e-07
9.80636e-07
1.02184e-06
1.0634e-06
1.10588e-06
1.1495e-06
1.19535e-06
1.24367e-06
1.29563e-06
1.35214e-06
1.41303e-06
1.48035e-06
1.55145e-06
1.63401e-06
1.71799e-06
1.84645e-06
2.01091e-06
2.38079e-06
4.03178e-06
2.85968e-05
1.25268e-05
2.77719e-05
3.97373e-05
3.29583e-05
3.08764e-05
2.96706e-05
2.88477e-05
2.7386e-05
2.66907e-05
2.60588e-05
2.46713e-05
2.26992e-05
2.09617e-05
2.00663e-05
2.00152e-05
2.03446e-05
2.00988e-05
1.82114e-05
1.52789e-05
1.34924e-05
1.31721e-05
1.36032e-05
1.42579e-05
1.53261e-05
1.78294e-05
1.14454e-05
9.04584e-06
8.24528e-06
7.83833e-06
7.4971e-06
7.14163e-06
6.80393e-06
6.53341e-06
6.53009e-06
6.57533e-06
6.62138e-06
6.64258e-06
6.63217e-06
6.59832e-06
6.55918e-06
6.54061e-06
6.56306e-06
6.59781e-06
6.63063e-06
6.65691e-06
6.67086e-06
6.68738e-06
6.72138e-06
6.76395e-06
6.8081e-06
6.85027e-06
6.88591e-06
6.92222e-06
6.96661e-06
7.01477e-06
7.06305e-06
7.10913e-06
7.14924e-06
7.18774e-06
7.22835e-06
7.26636e-06
7.30028e-06
7.32604e-06
7.34519e-06
7.35943e-06
7.36596e-06
7.36255e-06
7.34735e-06
7.31771e-06
7.27505e-06
7.22081e-06
7.15292e-06
7.07125e-06
6.97434e-06
6.86342e-06
6.74083e-06
6.60723e-06
6.46384e-06
6.3115e-06
6.15163e-06
5.98466e-06
5.81291e-06
3.0606e-24
2.45783e-23
2.01177e-22
1.60204e-21
1.22055e-20
8.8251e-20
6.03149e-19
3.88917e-18
2.36344e-17
1.35185e-16
7.26423e-16
3.65886e-15
1.72405e-14
7.59088e-14
3.12311e-13
1.20231e-12
4.33968e-12
1.47103e-11
4.68394e-11
1.39805e-10
3.8901e-10
9.99703e-10
2.34638e-09
4.98332e-09
9.55045e-09
1.6632e-08
2.66843e-08
4.0037e-08
5.69108e-08
7.74324e-08
1.01636e-07
1.29469e-07
1.60794e-07
1.95393e-07
2.32982e-07
2.73211e-07
3.15687e-07
3.59983e-07
4.05659e-07
4.5228e-07
4.99429e-07
5.46731e-07
5.93858e-07
6.40546e-07
6.86592e-07
7.31854e-07
7.76241e-07
8.19737e-07
8.62402e-07
9.04433e-07
9.46123e-07
9.8782e-07
1.02996e-06
1.0728e-06
1.11716e-06
1.16327e-06
1.21204e-06
1.26396e-06
1.31935e-06
1.37898e-06
1.44228e-06
1.51131e-06
1.58359e-06
1.66799e-06
1.7522e-06
1.86837e-06
2.00663e-06
2.23466e-06
2.95958e-06
5.01486e-06
4.62891e-05
1.34847e-05
1.57794e-05
2.31209e-05
3.27703e-05
2.76757e-05
2.42345e-05
2.16721e-05
1.86393e-05
1.56985e-05
1.38531e-05
1.34643e-05
1.37942e-05
1.4159e-05
1.41456e-05
1.45865e-05
1.21803e-05
8.1509e-06
7.20403e-06
6.69914e-06
6.27366e-06
5.88708e-06
5.6075e-06
5.40711e-06
5.45206e-06
5.53315e-06
5.60465e-06
5.63239e-06
5.6268e-06
5.59197e-06
5.56253e-06
5.57934e-06
5.61863e-06
5.66687e-06
5.71305e-06
5.75241e-06
5.78502e-06
5.81403e-06
5.8513e-06
5.90391e-06
5.96259e-06
6.02114e-06
6.0766e-06
6.1259e-06
6.17603e-06
6.23314e-06
6.29363e-06
6.35424e-06
6.41284e-06
6.46709e-06
6.52106e-06
6.57847e-06
6.63708e-06
6.69499e-06
6.75062e-06
6.80168e-06
6.8509e-06
6.90024e-06
6.94648e-06
6.98856e-06
7.02345e-06
7.05195e-06
7.07476e-06
7.08953e-06
7.09433e-06
7.08748e-06
7.06676e-06
7.03295e-06
6.98695e-06
6.92692e-06
6.85277e-06
6.76335e-06
6.65968e-06
6.54378e-06
6.41627e-06
6.2783e-06
6.13076e-06
5.97512e-06
5.81204e-06
5.64374e-06
8.08375e-25
2.87024e-24
2.1364e-23
1.78953e-22
1.45544e-21
1.12267e-20
8.1666e-20
5.59099e-19
3.59902e-18
2.17616e-17
1.23404e-16
6.55036e-16
3.24902e-15
1.50437e-14
6.50325e-14
2.62846e-13
9.95607e-13
3.54313e-12
1.18702e-11
3.74671e-11
1.11276e-10
3.09532e-10
7.99838e-10
1.89978e-09
4.10591e-09
8.03266e-09
1.42718e-08
2.33004e-08
3.5462e-08
5.0988e-08
7.00129e-08
9.25838e-08
1.18663e-07
1.4813e-07
1.80791e-07
2.16385e-07
2.5459e-07
2.95042e-07
3.37347e-07
3.81096e-07
4.25886e-07
4.71331e-07
5.17081e-07
5.62837e-07
6.08344e-07
6.53403e-07
6.97863e-07
7.41642e-07
7.84733e-07
8.27239e-07
8.69355e-07
9.1133e-07
9.53494e-07
9.96041e-07
1.03956e-06
1.08431e-06
1.13096e-06
1.17985e-06
1.23142e-06
1.28599e-06
1.34366e-06
1.40506e-06
1.46966e-06
1.54004e-06
1.61233e-06
1.69632e-06
1.78291e-06
1.87588e-06
2.02729e-06
2.19082e-06
2.46087e-06
3.31471e-06
5.23162e-06
9.6205e-06
6.22739e-05
3.43776e-05
2.29461e-05
1.89016e-05
1.67572e-05
1.58865e-05
9.81346e-06
7.06961e-06
6.09423e-06
5.50717e-06
5.03097e-06
4.58134e-06
4.289e-06
4.30271e-06
4.36157e-06
4.42041e-06
4.45489e-06
4.46343e-06
4.45398e-06
4.45563e-06
4.5033e-06
4.56946e-06
4.6414e-06
4.69521e-06
4.74163e-06
4.77934e-06
4.82011e-06
4.87509e-06
4.9393e-06
5.00854e-06
5.07799e-06
5.14506e-06
5.20941e-06
5.27157e-06
5.33747e-06
5.41003e-06
5.4852e-06
5.55982e-06
5.63193e-06
5.70001e-06
5.76776e-06
5.8381e-06
5.90912e-06
5.97919e-06
6.04699e-06
6.11132e-06
6.17472e-06
6.23931e-06
6.30376e-06
6.36698e-06
6.42794e-06
6.48516e-06
6.54044e-06
6.59485e-06
6.64606e-06
6.69321e-06
6.73395e-06
6.76859e-06
6.79726e-06
6.81792e-06
6.82875e-06
6.82825e-06
6.81444e-06
6.78764e-06
6.74838e-06
6.69498e-06
6.62732e-06
6.54447e-06
6.44728e-06
6.33748e-06
6.21566e-06
6.08294e-06
5.94019e-06
5.78891e-06
5.6299e-06
5.46532e-06
3.44788e-24
3.38301e-24
4.98848e-24
2.17732e-23
1.69415e-22
1.37921e-21
1.06776e-20
7.76861e-20
5.30207e-19
3.39161e-18
2.03086e-17
1.1365e-16
5.93514e-16
2.89001e-15
1.31236e-14
5.56564e-14
2.2097e-13
8.23644e-13
2.89018e-12
9.56904e-12
2.99288e-11
8.83529e-11
2.45281e-10
6.35984e-10
1.5252e-09
3.34778e-09
6.67899e-09
1.21106e-08
2.01369e-08
3.11198e-08
4.53022e-08
6.28306e-08
8.37639e-08
1.08079e-07
1.35677e-07
1.66384e-07
1.99963e-07
2.36122e-07
2.74526e-07
3.14813e-07
3.56608e-07
3.99538e-07
4.43247e-07
4.87416e-07
5.31757e-07
5.76033e-07
6.20047e-07
6.6366e-07
7.06802e-07
7.49493e-07
7.9184e-07
8.34005e-07
8.76229e-07
9.18689e-07
9.61806e-07
1.00577e-06
1.05109e-06
1.09801e-06
1.14695e-06
1.1981e-06
1.25172e-06
1.30804e-06
1.36705e-06
1.42975e-06
1.49449e-06
1.56565e-06
1.6383e-06
1.71754e-06
1.80983e-06
1.89623e-06
1.99498e-06
2.14738e-06
2.30801e-06
2.52919e-06
2.95413e-06
4.04434e-06
4.92909e-06
4.56601e-06
3.95638e-06
3.60662e-06
3.40254e-06
3.40395e-06
3.4436e-06
3.48137e-06
3.49621e-06
3.4793e-06
3.46748e-06
3.49614e-06
3.54381e-06
3.59955e-06
3.6543e-06
3.70563e-06
3.75255e-06
3.80558e-06
3.87479e-06
3.95307e-06
4.03624e-06
4.10398e-06
4.17021e-06
4.2342e-06
4.30075e-06
4.37392e-06
4.45199e-06
4.53317e-06
4.61498e-06
4.69585e-06
4.77545e-06
4.85384e-06
4.93405e-06
5.01734e-06
5.10155e-06
5.18486e-06
5.26595e-06
5.34396e-06
5.42101e-06
5.49858e-06
5.57553e-06
5.65089e-06
5.72384e-06
5.7937e-06
5.86218e-06
5.9306e-06
5.99811e-06
6.06407e-06
6.12781e-06
6.18834e-06
6.24686e-06
6.30403e-06
6.35803e-06
6.40818e-06
6.45255e-06
6.49112e-06
6.52371e-06
6.54846e-06
6.56368e-06
6.56794e-06
6.55947e-06
6.53822e-06
6.50444e-06
6.45659e-06
6.39453e-06
6.31745e-06
6.22605e-06
6.12183e-06
6.00535e-06
5.87767e-06
5.73967e-06
5.59284e-06
5.43807e-06
5.27742e-06
2.26093e-23
2.09725e-23
1.94982e-23
1.96298e-23
3.45196e-23
1.77471e-22
1.36144e-21
1.04536e-20
7.56513e-20
5.12332e-19
3.2415e-18
1.91337e-17
1.05238e-16
5.38965e-16
2.57086e-15
1.14376e-14
4.75746e-14
1.85552e-13
6.80656e-13
2.35513e-12
7.70501e-12
2.38654e-11
6.99571e-11
1.93559e-10
5.02631e-10
1.2142e-09
2.701e-09
5.48721e-09
1.0153e-08
1.72077e-08
2.70321e-08
3.98855e-08
5.59255e-08
7.52243e-08
9.77754e-08
1.23497e-07
1.52239e-07
1.83788e-07
2.17881e-07
2.54215e-07
2.92459e-07
3.3227e-07
3.73308e-07
4.1525e-07
4.57794e-07
5.00676e-07
5.43665e-07
5.86584e-07
6.29308e-07
6.71793e-07
7.14063e-07
7.56204e-07
7.98374e-07
8.40714e-07
8.83524e-07
9.26981e-07
9.71456e-07
1.01712e-06
1.06431e-06
1.11314e-06
1.16389e-06
1.2167e-06
1.27164e-06
1.32927e-06
1.3887e-06
1.45227e-06
1.51708e-06
1.58662e-06
1.66159e-06
1.73539e-06
1.81737e-06
1.9089e-06
1.99261e-06
2.08175e-06
2.21129e-06
2.34043e-06
2.47092e-06
2.57296e-06
2.64244e-06
2.68071e-06
2.70608e-06
2.74306e-06
2.78668e-06
2.83169e-06
2.87339e-06
2.90829e-06
2.94567e-06
2.99439e-06
3.05087e-06
3.11238e-06
3.17564e-06
3.2397e-06
3.30376e-06
3.37235e-06
3.44949e-06
3.53252e-06
3.6197e-06
3.6923e-06
3.76546e-06
3.83889e-06
3.91481e-06
3.99495e-06
4.0784e-06
4.16424e-06
4.25102e-06
4.3377e-06
4.42395e-06
4.50973e-06
4.59659e-06
4.68503e-06
4.77368e-06
4.86135e-06
4.94708e-06
5.03029e-06
5.11218e-06
5.19356e-06
5.27363e-06
5.35175e-06
5.42738e-06
5.50013e-06
5.57115e-06
5.64135e-06
5.71019e-06
5.77725e-06
5.84213e-06
5.90416e-06
5.96412e-06
6.02246e-06
6.07776e-06
6.12941e-06
6.17582e-06
6.21673e-06
6.25176e-06
6.27922e-06
6.2975e-06
6.30526e-06
6.30084e-06
6.28395e-06
6.25459e-06
6.21137e-06
6.1541e-06
6.08208e-06
5.99586e-06
5.89674e-06
5.78526e-06
5.66244e-06
5.52914e-06
5.38681e-06
5.23642e-06
5.07994e-06
1.58882e-22
1.4773e-22
1.36479e-22
1.254e-22
1.1606e-22
1.21877e-22
2.5753e-22
1.44211e-21
1.05355e-20
7.51634e-20
5.02502e-19
3.13011e-18
1.81384e-17
9.77236e-17
4.89668e-16
2.28518e-15
9.95598e-15
4.06134e-14
1.55614e-13
5.61804e-13
1.9167e-12
6.1941e-12
1.89877e-11
5.52206e-11
1.5208e-10
3.94771e-10
9.58502e-10
2.15619e-09
4.45321e-09
8.40469e-09
1.4528e-08
2.32246e-08
3.47704e-08
4.93378e-08
6.70128e-08
8.78043e-08
1.1165e-07
1.38421e-07
1.67931e-07
1.99944e-07
2.34188e-07
2.70365e-07
3.08164e-07
3.4728e-07
3.87414e-07
4.2829e-07
4.6966e-07
5.11314e-07
5.53089e-07
5.94889e-07
6.36674e-07
6.78464e-07
7.20343e-07
7.62403e-07
8.04848e-07
8.47826e-07
8.91608e-07
9.36347e-07
9.82293e-07
1.02955e-06
1.0783e-06
1.12865e-06
1.18067e-06
1.23473e-06
1.29031e-06
1.34875e-06
1.40838e-06
1.47115e-06
1.53707e-06
1.60299e-06
1.67379e-06
1.74813e-06
1.81907e-06
1.89418e-06
1.97923e-06
2.05964e-06
2.13838e-06
2.20507e-06
2.26113e-06
2.30783e-06
2.35011e-06
2.39437e-06
2.44046e-06
2.48719e-06
2.53345e-06
2.57813e-06
2.6249e-06
2.67728e-06
2.73432e-06
2.79511e-06
2.85831e-06
2.9236e-06
2.99068e-06
3.06175e-06
3.13883e-06
3.22066e-06
3.30641e-06
3.37864e-06
3.45247e-06
3.5278e-06
3.60573e-06
3.6871e-06
3.77132e-06
3.85778e-06
3.94556e-06
4.03388e-06
4.12241e-06
4.211e-06
4.30043e-06
4.39081e-06
4.48116e-06
4.57057e-06
4.65833e-06
4.74395e-06
4.82806e-06
4.9111e-06
4.99248e-06
5.07169e-06
5.1484e-06
5.22234e-06
5.29428e-06
5.3649e-06
5.43386e-06
5.50088e-06
5.56576e-06
5.62801e-06
5.68818e-06
5.74657e-06
5.80205e-06
5.85409e-06
5.90134e-06
5.94339e-06
5.9797e-06
6.00875e-06
6.02903e-06
6.03922e-06
6.03779e-06
6.02425e-06
5.99841e-06
5.95901e-06
5.90581e-06
5.83821e-06
5.75664e-06
5.66218e-06
5.55539e-06
5.43724e-06
5.30859e-06
5.1708e-06
5.02493e-06
4.87281e-06
1.20923e-21
1.12791e-21
1.04469e-21
9.60627e-22
8.77054e-22
7.96692e-22
7.34604e-22
8.10858e-22
1.97258e-21
1.11985e-20
7.61824e-20
4.98684e-19
3.04405e-18
1.72559e-17
9.08367e-17
4.44655e-16
2.02884e-15
8.65408e-15
3.46205e-14
1.30316e-13
4.6301e-13
1.55717e-12
4.96854e-12
1.50654e-11
4.34348e-11
1.18921e-10
3.08065e-10
7.50307e-10
1.703e-09
3.56931e-09
6.86421e-09
1.21055e-08
1.97131e-08
2.99824e-08
4.31016e-08
5.91712e-08
7.82165e-08
1.00193e-07
1.24996e-07
1.52462e-07
1.82386e-07
2.14526e-07
2.48615e-07
2.84379e-07
3.21539e-07
3.59825e-07
3.98983e-07
4.38792e-07
4.79062e-07
5.19651e-07
5.60472e-07
6.01492e-07
6.42734e-07
6.84242e-07
7.26138e-07
7.6853e-07
8.11609e-07
8.55503e-07
9.00396e-07
9.46383e-07
9.93611e-07
1.04216e-06
1.09207e-06
1.14357e-06
1.19633e-06
1.25114e-06
1.30704e-06
1.36505e-06
1.42514e-06
1.48563e-06
1.54892e-06
1.61407e-06
1.6774e-06
1.74269e-06
1.81177e-06
1.87756e-06
1.93611e-06
1.99202e-06
2.04224e-06
2.08769e-06
2.1307e-06
2.17417e-06
2.21838e-06
2.26309e-06
2.30807e-06
2.35306e-06
2.39994e-06
2.45048e-06
2.50444e-06
2.56156e-06
2.62126e-06
2.68353e-06
2.74837e-06
2.81702e-06
2.89067e-06
2.9687e-06
3.05065e-06
3.12024e-06
3.19206e-06
3.26606e-06
3.3428e-06
3.42273e-06
3.50543e-06
3.59044e-06
3.67709e-06
3.7648e-06
3.85319e-06
3.94208e-06
4.03176e-06
4.12215e-06
4.21245e-06
4.30195e-06
4.39003e-06
4.47626e-06
4.5609e-06
4.64415e-06
4.72553e-06
4.80466e-06
4.88126e-06
4.95516e-06
5.02688e-06
5.09693e-06
5.16509e-06
5.23123e-06
5.29522e-06
5.35677e-06
5.41623e-06
5.47381e-06
5.52861e-06
5.58016e-06
5.62731e-06
5.66955e-06
5.70624e-06
5.73598e-06
5.75735e-06
5.76908e-06
5.76974e-06
5.7587e-06
5.73559e-06
5.6993e-06
5.64953e-06
5.58577e-06
5.50834e-06
5.41817e-06
5.3158e-06
5.20215e-06
5.07806e-06
4.94487e-06
4.80362e-06
4.65607e-06
9.58e-21
8.9694e-21
8.33556e-21
7.68626e-21
7.03201e-21
6.38405e-21
5.7562e-21
5.17579e-21
4.77352e-21
5.5453e-21
1.46958e-20
8.04565e-20
5.0088e-19
2.97513e-18
1.64449e-17
8.44256e-17
4.03356e-16
1.79866e-15
7.51036e-15
2.94622e-14
1.08938e-13
3.80824e-13
1.26205e-12
3.97426e-12
1.19135e-11
3.40229e-11
9.25027e-11
2.38805e-10
5.82291e-10
1.33062e-09
2.82444e-09
5.52745e-09
9.94495e-09
1.65118e-08
2.55446e-08
3.72484e-08
5.17395e-08
6.90585e-08
8.91818e-08
1.12024e-07
1.37451e-07
1.65283e-07
1.95308e-07
2.27299e-07
2.61003e-07
2.96175e-07
3.32571e-07
3.69969e-07
4.08168e-07
4.47001e-07
4.86347e-07
5.26126e-07
5.66308e-07
6.06895e-07
6.47948e-07
6.89533e-07
7.31772e-07
7.7476e-07
8.18625e-07
8.63448e-07
9.09335e-07
9.56359e-07
1.00455e-06
1.05405e-06
1.10466e-06
1.1568e-06
1.2099e-06
1.26446e-06
1.32044e-06
1.37691e-06
1.43497e-06
1.49409e-06
1.55219e-06
1.61097e-06
1.67107e-06
1.72861e-06
1.78108e-06
1.8316e-06
1.87804e-06
1.92138e-06
1.96302e-06
2.00457e-06
2.0464e-06
2.08857e-06
2.13116e-06
2.17424e-06
2.21895e-06
2.26635e-06
2.31653e-06
2.36946e-06
2.42497e-06
2.48318e-06
2.54426e-06
2.60902e-06
2.67824e-06
2.75166e-06
2.82903e-06
2.89516e-06
2.96387e-06
3.03516e-06
3.10932e-06
3.18659e-06
3.26664e-06
3.34913e-06
3.43353e-06
3.51935e-06
3.60624e-06
3.69393e-06
3.78246e-06
3.87159e-06
3.96069e-06
4.04911e-06
4.13631e-06
4.22187e-06
4.30582e-06
4.3882e-06
4.46859e-06
4.54668e-06
4.62225e-06
4.69516e-06
4.76577e-06
4.83444e-06
4.90109e-06
4.96565e-06
5.02808e-06
5.08819e-06
5.14622e-06
5.2023e-06
5.25574e-06
5.30611e-06
5.35241e-06
5.39407e-06
5.43038e-06
5.46006e-06
5.48178e-06
5.49429e-06
5.49628e-06
5.48698e-06
5.46593e-06
5.43211e-06
5.38521e-06
5.32477e-06
5.25104e-06
5.1648e-06
5.06658e-06
4.95727e-06
4.8377e-06
4.70912e-06
4.57262e-06
4.42982e-06
7.96421e-20
7.46687e-20
6.94589e-20
6.41229e-20
5.877e-20
5.34893e-20
4.83586e-20
4.34397e-20
3.87984e-20
3.46117e-20
3.19435e-20
3.83107e-20
1.02835e-19
5.20894e-19
2.92895e-18
1.56928e-17
7.84187e-17
3.65388e-16
1.59186e-15
6.50544e-15
2.50209e-14
9.0855e-14
3.12381e-13
1.01971e-12
3.16779e-12
9.38252e-12
2.65215e-11
7.15393e-11
1.83799e-10
4.47873e-10
1.02826e-09
2.20582e-09
4.38606e-09
8.04652e-09
1.36306e-08
2.14755e-08
3.18054e-08
4.47526e-08
6.03754e-08
7.86673e-08
9.9568e-08
1.22965e-07
1.4871e-07
1.76625e-07
2.065e-07
2.38126e-07
2.7128e-07
3.05753e-07
3.41349e-07
3.77887e-07
4.15228e-07
4.53263e-07
4.91921e-07
5.31166e-07
5.71005e-07
6.11465e-07
6.52615e-07
6.94516e-07
7.37249e-07
7.80872e-07
8.25451e-07
8.71043e-07
9.1766e-07
9.65399e-07
1.01413e-06
1.06408e-06
1.11492e-06
1.16684e-06
1.21975e-06
1.27309e-06
1.32733e-06
1.3821e-06
1.43622e-06
1.49034e-06
1.54458e-06
1.5967e-06
1.64524e-06
1.68974e-06
1.73387e-06
1.77574e-06
1.81623e-06
1.85629e-06
1.89629e-06
1.9364e-06
1.97682e-06
2.01776e-06
2.05999e-06
2.10428e-06
2.15083e-06
2.1998e-06
2.25122e-06
2.30533e-06
2.36237e-06
2.42294e-06
2.48764e-06
2.5564e-06
2.62911e-06
2.69158e-06
2.75682e-06
2.82487e-06
2.89587e-06
2.96994e-06
3.04682e-06
3.12623e-06
3.20774e-06
3.29093e-06
3.37545e-06
3.461e-06
3.54743e-06
3.63443e-06
3.72145e-06
3.80791e-06
3.89331e-06
3.97722e-06
4.05953e-06
4.14015e-06
4.21873e-06
4.29499e-06
4.36874e-06
4.43987e-06
4.50863e-06
4.57527e-06
4.6398e-06
4.7022e-06
4.76249e-06
4.82056e-06
4.87658e-06
4.93063e-06
4.98217e-06
5.03078e-06
5.07562e-06
5.11607e-06
5.15139e-06
5.18039e-06
5.20182e-06
5.21447e-06
5.21711e-06
5.20891e-06
5.18932e-06
5.15743e-06
5.11288e-06
5.05529e-06
4.98485e-06
4.90223e-06
4.80793e-06
4.70282e-06
4.58771e-06
4.46379e-06
4.33212e-06
4.19425e-06
6.65851e-19
6.25791e-19
5.83593e-19
5.39994e-19
4.96075e-19
4.52663e-19
4.10365e-19
3.69642e-19
3.30867e-19
2.94341e-19
2.6042e-19
2.30223e-19
2.11617e-19
2.55045e-19
6.54762e-19
2.98639e-18
1.50571e-17
7.28239e-17
3.30474e-16
1.40593e-15
5.62171e-15
2.1192e-14
7.55396e-14
2.55344e-13
8.20705e-13
2.514e-12
7.35284e-12
2.05587e-11
5.49673e-11
1.40365e-10
3.41261e-10
7.85598e-10
1.69947e-09
3.42732e-09
6.40448e-09
1.10723e-08
1.77868e-08
2.6793e-08
3.82408e-08
5.22048e-08
6.86991e-08
8.76828e-08
1.09071e-07
1.32746e-07
1.58547e-07
1.86309e-07
2.15839e-07
2.46956e-07
2.79478e-07
3.13226e-07
3.48055e-07
3.83842e-07
4.20488e-07
4.57929e-07
4.96136e-07
5.35098e-07
5.74832e-07
6.15371e-07
6.56758e-07
6.99024e-07
7.42204e-07
7.86328e-07
8.31394e-07
8.77451e-07
9.24406e-07
9.72365e-07
1.02113e-06
1.07074e-06
1.12111e-06
1.17186e-06
1.2231e-06
1.27454e-06
1.32543e-06
1.37595e-06
1.42598e-06
1.47419e-06
1.51969e-06
1.56195e-06
1.60351e-06
1.64367e-06
1.68262e-06
1.72094e-06
1.75897e-06
1.79694e-06
1.83508e-06
1.87369e-06
1.91334e-06
1.95462e-06
1.99782e-06
2.04318e-06
2.09087e-06
2.14116e-06
2.19435e-06
2.25093e-06
2.31137e-06
2.37572e-06
2.444e-06
2.50288e-06
2.56463e-06
2.62928e-06
2.69691e-06
2.76754e-06
2.841e-06
2.91702e-06
2.99526e-06
3.07533e-06
3.15689e-06
3.2396e-06
3.32323e-06
3.40743e-06
3.49168e-06
3.57545e-06
3.65827e-06
3.73972e-06
3.81958e-06
3.8977e-06
3.97375e-06
4.04749e-06
4.11875e-06
4.18743e-06
4.2537e-06
4.31776e-06
4.37964e-06
4.4394e-06
4.49706e-06
4.55261e-06
4.60615e-06
4.65773e-06
4.70691e-06
4.75332e-06
4.7962e-06
4.83493e-06
4.86875e-06
4.89654e-06
4.91714e-06
4.92938e-06
4.9321e-06
4.92444e-06
4.90579e-06
4.87532e-06
4.83268e-06
4.77752e-06
4.71001e-06
4.63071e-06
4.54013e-06
4.43909e-06
4.32838e-06
4.20914e-06
4.08242e-06
3.94965e-06
5.54065e-18
5.22141e-18
4.88479e-18
4.53614e-18
4.18026e-18
3.82465e-18
3.47652e-18
3.14043e-18
2.81951e-18
2.51594e-18
2.23109e-18
1.96482e-18
1.71795e-18
1.50013e-18
1.36484e-18
1.60419e-18
3.73251e-18
1.50222e-17
6.8002e-17
2.98615e-16
1.23873e-15
4.84332e-15
1.78854e-14
6.25548e-14
2.07806e-13
6.5737e-13
1.9846e-12
5.7287e-12
1.58328e-11
4.19214e-11
1.06282e-10
2.57428e-10
5.9306e-10
1.29103e-09
2.63531e-09
5.00933e-09
8.83662e-09
1.44876e-08
2.22292e-08
3.223e-08
4.45828e-08
5.93196e-08
7.64227e-08
9.58335e-08
1.17451e-07
1.41157e-07
1.66801e-07
1.94237e-07
2.23304e-07
2.53837e-07
2.85704e-07
3.18776e-07
3.52937e-07
3.88108e-07
4.24237e-07
4.61282e-07
4.99224e-07
5.38065e-07
5.77816e-07
6.1848e-07
6.60061e-07
7.02569e-07
7.45988e-07
7.90325e-07
8.35499e-07
8.81534e-07
9.2829e-07
9.75739e-07
1.02377e-06
1.07211e-06
1.12073e-06
1.16937e-06
1.21749e-06
1.26501e-06
1.31174e-06
1.35684e-06
1.39976e-06
1.44016e-06
1.47822e-06
1.51669e-06
1.554e-06
1.59066e-06
1.62691e-06
1.663e-06
1.69919e-06
1.73576e-06
1.77318e-06
1.81194e-06
1.85233e-06
1.89466e-06
1.93915e-06
1.98611e-06
2.03586e-06
2.08882e-06
2.14538e-06
2.20569e-06
2.26982e-06
2.32528e-06
2.3836e-06
2.44483e-06
2.50899e-06
2.57608e-06
2.64595e-06
2.71836e-06
2.79302e-06
2.86958e-06
2.9477e-06
3.02705e-06
3.10731e-06
3.18812e-06
3.269e-06
3.34945e-06
3.42903e-06
3.50732e-06
3.58406e-06
3.65902e-06
3.73193e-06
3.80254e-06
3.87071e-06
3.93637e-06
3.99961e-06
4.0606e-06
4.11941e-06
4.17611e-06
4.23076e-06
4.28339e-06
4.33408e-06
4.38282e-06
4.42929e-06
4.47312e-06
4.51364e-06
4.55023e-06
4.58212e-06
4.60828e-06
4.62759e-06
4.63895e-06
4.64125e-06
4.63364e-06
4.61547e-06
4.58599e-06
4.54485e-06
4.49175e-06
4.42683e-06
4.35059e-06
4.26353e-06
4.16644e-06
4.06009e-06
3.94557e-06
3.82389e-06
3.69639e-06
4.58541e-17
4.33166e-17
4.06137e-17
3.78012e-17
3.49301e-17
3.20428e-17
2.91931e-17
2.64348e-17
2.37972e-17
2.1296e-17
1.89373e-17
1.67176e-17
1.46407e-17
1.27147e-17
1.09624e-17
9.44515e-18
8.45225e-18
9.42862e-18
1.91196e-17
6.68307e-17
2.71932e-16
1.09017e-15
4.15824e-15
1.50277e-14
5.15444e-14
1.6821e-13
5.2348e-13
1.55679e-12
4.43244e-12
1.21e-11
3.1701e-11
7.97103e-11
1.92077e-10
4.42055e-10
9.66343e-10
1.9922e-09
3.84565e-09
6.91615e-09
1.15791e-08
1.81232e-08
2.67384e-08
3.75351e-08
5.0565e-08
6.58322e-08
8.3297e-08
1.02892e-07
1.24516e-07
1.48063e-07
1.73404e-07
2.00399e-07
2.28935e-07
2.58886e-07
2.90134e-07
3.22601e-07
3.56218e-07
3.90921e-07
4.26662e-07
4.63425e-07
5.01196e-07
5.39951e-07
5.79665e-07
6.20328e-07
6.61906e-07
7.04376e-07
7.47658e-07
7.91723e-07
8.36455e-07
8.81778e-07
9.27558e-07
9.73576e-07
1.01972e-06
1.06576e-06
1.1113e-06
1.15614e-06
1.20003e-06
1.24244e-06
1.28299e-06
1.32151e-06
1.35808e-06
1.39361e-06
1.42934e-06
1.46443e-06
1.49914e-06
1.53364e-06
1.56819e-06
1.60303e-06
1.63856e-06
1.67516e-06
1.71315e-06
1.75284e-06
1.7945e-06
1.83846e-06
1.88505e-06
1.93464e-06
1.98759e-06
2.04408e-06
2.10424e-06
2.15636e-06
2.21128e-06
2.26903e-06
2.32963e-06
2.39306e-06
2.45917e-06
2.52777e-06
2.59858e-06
2.67129e-06
2.74557e-06
2.82108e-06
2.89749e-06
2.97441e-06
3.0514e-06
3.128e-06
3.20377e-06
3.27831e-06
3.35134e-06
3.42259e-06
3.49181e-06
3.55879e-06
3.62338e-06
3.68553e-06
3.7453e-06
3.80283e-06
3.8582e-06
3.9115e-06
3.96283e-06
4.01222e-06
4.05975e-06
4.10539e-06
4.14886e-06
4.18981e-06
4.22765e-06
4.26176e-06
4.29138e-06
4.31552e-06
4.33316e-06
4.34323e-06
4.34469e-06
4.3367e-06
4.31862e-06
4.28973e-06
4.24972e-06
4.19834e-06
4.13571e-06
4.06229e-06
3.97857e-06
3.88532e-06
3.7833e-06
3.67352e-06
3.55698e-06
3.43491e-06
3.60936e-16
3.40991e-16
3.19583e-16
2.97309e-16
2.74714e-16
2.52217e-16
2.30089e-16
2.08545e-16
1.87881e-16
1.68188e-16
1.49475e-16
1.31827e-16
1.1534e-16
1.00076e-16
8.60673e-17
7.34128e-17
6.22068e-17
5.27146e-17
4.6292e-17
4.92586e-17
8.85942e-17
2.71634e-16
9.97328e-16
3.6631e-15
1.29088e-14
4.33669e-14
1.38919e-13
4.24983e-13
1.24391e-12
3.48984e-12
9.4006e-12
2.43438e-11
6.06304e-11
1.45114e-10
3.32936e-10
7.28896e-10
1.51306e-09
2.95712e-09
5.40866e-09
9.2334e-09
1.4738e-08
2.21331e-08
3.15469e-08
4.30476e-08
5.66552e-08
7.23545e-08
9.00959e-08
1.09812e-07
1.31413e-07
1.54794e-07
1.79861e-07
2.06503e-07
2.34614e-07
2.64122e-07
2.94946e-07
3.27013e-07
3.60259e-07
3.94658e-07
4.30177e-07
4.66769e-07
5.04383e-07
5.42997e-07
5.82567e-07
6.2304e-07
6.64323e-07
7.06355e-07
7.49031e-07
7.92246e-07
8.35846e-07
8.79636e-07
9.23461e-07
9.67095e-07
1.01021e-06
1.0526e-06
1.09398e-06
1.13398e-06
1.17236e-06
1.20902e-06
1.24403e-06
1.27757e-06
1.31122e-06
1.34457e-06
1.37755e-06
1.41032e-06
1.44309e-06
1.47608e-06
1.50962e-06
1.54403e-06
1.57964e-06
1.61675e-06
1.65565e-06
1.69668e-06
1.74015e-06
1.78644e-06
1.83585e-06
1.8886e-06
1.94483e-06
1.99361e-06
2.04509e-06
2.09929e-06
2.15623e-06
2.21586e-06
2.27806e-06
2.34265e-06
2.40938e-06
2.47796e-06
2.54807e-06
2.61938e-06
2.69153e-06
2.76416e-06
2.83684e-06
2.90914e-06
2.98064e-06
3.05096e-06
3.11979e-06
3.18688e-06
3.25199e-06
3.3149e-06
3.37551e-06
3.43376e-06
3.48969e-06
3.54344e-06
3.59508e-06
3.64473e-06
3.69248e-06
3.73839e-06
3.78252e-06
3.82483e-06
3.86508e-06
3.90293e-06
3.93783e-06
3.96918e-06
3.99623e-06
4.01806e-06
4.0337e-06
4.04213e-06
4.04238e-06
4.03364e-06
4.01527e-06
3.98664e-06
3.94743e-06
3.89745e-06
3.83684e-06
3.76601e-06
3.68548e-06
3.59597e-06
3.49823e-06
3.39324e-06
3.28195e-06
3.1655e-06
2.57639e-15
2.43779e-15
2.28754e-15
2.13032e-15
1.97086e-15
1.81224e-15
1.65573e-15
1.50206e-15
1.35199e-15
1.20683e-15
1.06813e-15
9.37276e-16
8.15412e-16
7.03344e-16
6.0146e-16
5.09832e-16
4.28788e-16
3.5815e-16
2.9758e-16
2.47666e-16
2.13811e-16
2.21567e-16
3.71807e-16
1.02864e-15
3.43537e-15
1.16454e-14
3.81857e-14
1.19892e-13
3.60106e-13
1.03593e-12
2.86008e-12
7.59328e-12
1.94137e-11
4.78324e-11
1.13537e-10
2.59161e-10
5.66788e-10
1.18108e-09
2.32892e-09
4.31737e-09
7.49272e-09
1.2171e-08
1.85805e-08
2.6864e-08
3.71015e-08
4.93288e-08
6.35445e-08
7.97223e-08
9.78102e-08
1.17738e-07
1.39436e-07
1.62816e-07
1.87789e-07
2.1429e-07
2.42239e-07
2.71563e-07
3.02193e-07
3.34098e-07
3.67224e-07
4.01512e-07
4.36896e-07
4.73349e-07
5.10811e-07
5.49209e-07
5.88438e-07
6.28418e-07
6.69044e-07
7.10193e-07
7.5169e-07
7.93359e-07
8.35022e-07
8.76453e-07
9.17358e-07
9.575e-07
9.96648e-07
1.0345e-06
1.0709e-06
1.10579e-06
1.13924e-06
1.17139e-06
1.20244e-06
1.23401e-06
1.26514e-06
1.29604e-06
1.32687e-06
1.35787e-06
1.3893e-06
1.42147e-06
1.45468e-06
1.48924e-06
1.52545e-06
1.56362e-06
1.60409e-06
1.64719e-06
1.69321e-06
1.74239e-06
1.79487e-06
1.84044e-06
1.88858e-06
1.93933e-06
1.99268e-06
2.04859e-06
2.10693e-06
2.16755e-06
2.2302e-06
2.29461e-06
2.36047e-06
2.42747e-06
2.49525e-06
2.56345e-06
2.63166e-06
2.69948e-06
2.76651e-06
2.83239e-06
2.89683e-06
2.95955e-06
3.02034e-06
3.07902e-06
3.13547e-06
3.18966e-06
3.24162e-06
3.29147e-06
3.3393e-06
3.38522e-06
3.42934e-06
3.47172e-06
3.51241e-06
3.55135e-06
3.58832e-06
3.623e-06
3.65487e-06
3.68334e-06
3.70768e-06
3.72703e-06
3.74045e-06
3.74701e-06
3.74578e-06
3.73599e-06
3.71702e-06
3.68831e-06
3.64958e-06
3.60068e-06
3.54177e-06
3.47324e-06
3.39563e-06
3.30964e-06
3.21603e-06
3.11572e-06
3.00962e-06
2.8988e-06
1.64786e-14
1.5675e-14
1.47737e-14
1.37985e-14
1.27868e-14
1.17646e-14
1.07527e-14
9.74904e-15
8.75956e-15
7.79608e-15
6.87199e-15
5.99961e-15
5.18896e-15
4.44718e-15
3.77816e-15
3.18188e-15
2.65717e-15
2.20253e-15
1.81304e-15
1.48194e-15
1.20448e-15
9.81993e-16
8.36695e-16
8.61358e-16
1.39569e-15
3.59312e-15
1.11404e-14
3.51973e-14
1.07928e-13
3.17429e-13
8.95588e-13
2.42994e-12
6.35242e-12
1.60215e-11
3.90167e-11
9.17502e-11
2.08094e-10
4.53907e-10
9.47519e-10
1.88049e-09
3.52374e-09
6.20045e-09
1.02259e-08
1.58426e-08
2.32054e-08
3.24047e-08
4.34866e-08
5.6465e-08
7.13256e-08
8.80327e-08
1.06541e-07
1.26788e-07
1.48707e-07
1.72241e-07
1.97319e-07
2.23876e-07
2.51843e-07
2.81183e-07
3.11835e-07
3.43732e-07
3.76801e-07
4.1101e-07
4.46283e-07
4.82533e-07
5.19649e-07
5.57541e-07
5.96101e-07
6.35189e-07
6.7462e-07
7.14227e-07
7.53822e-07
7.93175e-07
8.32008e-07
8.70077e-07
9.07161e-07
9.43026e-07
9.77553e-07
1.01073e-06
1.04262e-06
1.07333e-06
1.10301e-06
1.13224e-06
1.16168e-06
1.19083e-06
1.21989e-06
1.24905e-06
1.27854e-06
1.30867e-06
1.3397e-06
1.37194e-06
1.40571e-06
1.44131e-06
1.47907e-06
1.51929e-06
1.56228e-06
1.60824e-06
1.65734e-06
1.7e-06
1.74511e-06
1.79269e-06
1.84274e-06
1.89519e-06
1.94994e-06
2.00681e-06
2.0656e-06
2.12604e-06
2.18783e-06
2.25066e-06
2.31418e-06
2.37806e-06
2.44189e-06
2.5053e-06
2.56793e-06
2.62942e-06
2.6895e-06
2.7479e-06
2.80443e-06
2.85892e-06
2.91128e-06
2.96148e-06
3.00955e-06
3.0556e-06
3.09973e-06
3.14205e-06
3.18267e-06
3.22165e-06
3.25901e-06
3.2947e-06
3.32851e-06
3.3601e-06
3.389e-06
3.41462e-06
3.43625e-06
3.45307e-06
3.46421e-06
3.46877e-06
3.46589e-06
3.45484e-06
3.43503e-06
3.40598e-06
3.36743e-06
3.31928e-06
3.26172e-06
3.19516e-06
3.12014e-06
3.03738e-06
2.94762e-06
2.85175e-06
2.75066e-06
2.64534e-06
9.31474e-14
8.87864e-14
8.39665e-14
7.8743e-14
7.31553e-14
6.73023e-14
6.13136e-14
5.53921e-14
4.96062e-14
4.39853e-14
3.85973e-14
3.35166e-14
2.88086e-14
2.45203e-14
2.06776e-14
1.72857e-14
1.43283e-14
1.17799e-14
9.60779e-15
7.77503e-15
6.24583e-15
4.99113e-15
3.98362e-15
3.21102e-15
2.73389e-15
2.86456e-15
4.70275e-15
1.17221e-14
3.42345e-14
1.01139e-13
2.89752e-13
7.99993e-13
2.13136e-12
5.48348e-12
1.36353e-11
3.28e-11
7.636e-11
1.71948e-10
3.73684e-10
7.80369e-10
1.55609e-09
2.94103e-09
5.23521e-09
8.74642e-09
1.37264e-08
2.034e-08
2.86858e-08
3.88197e-08
5.07645e-08
6.45178e-08
8.00606e-08
9.73574e-08
1.16362e-07
1.3703e-07
1.59306e-07
1.83131e-07
2.08446e-07
2.35208e-07
2.63356e-07
2.92821e-07
3.2353e-07
3.55439e-07
3.88465e-07
4.22514e-07
4.57472e-07
4.93244e-07
5.29711e-07
5.66723e-07
6.04095e-07
6.41667e-07
6.79244e-07
7.16591e-07
7.53442e-07
7.89554e-07
8.24705e-07
8.58702e-07
8.91446e-07
9.22942e-07
9.53261e-07
9.82501e-07
1.01079e-06
1.03826e-06
1.06602e-06
1.09345e-06
1.12074e-06
1.1481e-06
1.17574e-06
1.20393e-06
1.23295e-06
1.26309e-06
1.29466e-06
1.32796e-06
1.3633e-06
1.40098e-06
1.44126e-06
1.48436e-06
1.53042e-06
1.57046e-06
1.61282e-06
1.6575e-06
1.7045e-06
1.75375e-06
1.80514e-06
1.85851e-06
1.91365e-06
1.9703e-06
2.02819e-06
2.08701e-06
2.14643e-06
2.20612e-06
2.2657e-06
2.32483e-06
2.38316e-06
2.44037e-06
2.49618e-06
2.55037e-06
2.60275e-06
2.65317e-06
2.70156e-06
2.74789e-06
2.7922e-06
2.8346e-06
2.87518e-06
2.91406e-06
2.95133e-06
2.98706e-06
3.02125e-06
3.05384e-06
3.0846e-06
3.11323e-06
3.13923e-06
3.16204e-06
3.18098e-06
3.19526e-06
3.20405e-06
3.20651e-06
3.20185e-06
3.18936e-06
3.16853e-06
3.1389e-06
3.10028e-06
3.05263e-06
2.99616e-06
2.93131e-06
2.85864e-06
2.77889e-06
2.6928e-06
2.60125e-06
2.50507e-06
2.40521e-06
4.54956e-13
4.35628e-13
4.13348e-13
3.88432e-13
3.61206e-13
3.32104e-13
3.01759e-13
2.70955e-13
2.40758e-13
2.12046e-13
1.84913e-13
1.59575e-13
1.36284e-13
1.15227e-13
9.65007e-14
8.00997e-14
6.59296e-14
5.38291e-14
4.36101e-14
3.50722e-14
2.80297e-14
2.2298e-14
1.76699e-14
1.39627e-14
1.10187e-14
8.81192e-15
7.58954e-15
8.38712e-15
1.45326e-14
3.56932e-14
9.84418e-14
2.72525e-13
7.35349e-13
1.9231e-12
4.86745e-12
1.19279e-11
2.83293e-11
6.52659e-11
1.45849e-10
3.15621e-10
6.58847e-10
1.31832e-09
2.50911e-09
4.50928e-09
7.61625e-09
1.20863e-08
1.80913e-08
2.57371e-08
3.50856e-08
4.61679e-08
5.8993e-08
7.3551e-08
8.9818e-08
1.07764e-07
1.27348e-07
1.48526e-07
1.71245e-07
1.95463e-07
2.21122e-07
2.48155e-07
2.76493e-07
3.06079e-07
3.36831e-07
3.68649e-07
4.01422e-07
4.35048e-07
4.694e-07
5.04325e-07
5.39641e-07
5.75194e-07
6.10776e-07
6.46156e-07
6.81082e-07
7.1531e-07
7.4862e-07
7.80827e-07
8.11855e-07
8.41717e-07
8.70484e-07
8.98248e-07
9.25115e-07
9.51208e-07
9.76717e-07
1.00258e-06
1.02827e-06
1.05401e-06
1.07999e-06
1.10646e-06
1.13369e-06
1.16196e-06
1.19156e-06
1.2228e-06
1.25597e-06
1.29136e-06
1.3292e-06
1.36971e-06
1.41301e-06
1.45065e-06
1.49046e-06
1.53246e-06
1.57663e-06
1.62288e-06
1.67112e-06
1.72118e-06
1.77286e-06
1.82591e-06
1.88007e-06
1.93505e-06
1.99052e-06
2.04617e-06
2.10166e-06
2.15665e-06
2.21083e-06
2.26389e-06
2.31559e-06
2.36572e-06
2.41409e-06
2.4606e-06
2.50517e-06
2.5478e-06
2.58853e-06
2.62744e-06
2.66466e-06
2.70027e-06
2.73437e-06
2.76701e-06
2.79819e-06
2.82783e-06
2.85568e-06
2.88142e-06
2.90459e-06
2.92464e-06
2.94089e-06
2.95261e-06
2.959e-06
2.95928e-06
2.9527e-06
2.93864e-06
2.9166e-06
2.88622e-06
2.84734e-06
2.8e-06
2.74443e-06
2.68113e-06
2.61069e-06
2.53385e-06
2.45139e-06
2.36413e-06
2.27289e-06
2.17856e-06
1.91728e-12
1.84548e-12
1.75603e-12
1.65169e-12
1.53507e-12
1.40846e-12
1.27538e-12
1.14013e-12
1.00715e-12
8.80447e-13
7.63642e-13
6.56319e-13
5.58436e-13
4.70428e-13
3.92527e-13
3.24636e-13
2.66318e-13
2.16859e-13
1.75378e-13
1.4104e-13
1.12893e-13
8.98813e-14
7.11909e-14
5.61594e-14
4.41166e-14
3.45129e-14
2.70363e-14
2.1708e-14
1.93699e-14
2.31381e-14
4.21842e-14
1.01424e-13
2.65197e-13
6.95049e-13
1.78082e-12
4.43028e-12
1.06933e-11
2.50667e-11
5.71374e-11
1.267e-10
2.72982e-10
5.69349e-10
1.14226e-09
2.18642e-09
3.96039e-09
6.7503e-09
1.08117e-08
1.63235e-08
2.33959e-08
3.20954e-08
4.24605e-08
5.4507e-08
6.82335e-08
8.36272e-08
1.00663e-07
1.19308e-07
1.39523e-07
1.61266e-07
1.84488e-07
2.09126e-07
2.35112e-07
2.62385e-07
2.90863e-07
3.20448e-07
3.51028e-07
3.82498e-07
4.14726e-07
4.47561e-07
4.80825e-07
5.14366e-07
5.47971e-07
5.81419e-07
6.14459e-07
6.46851e-07
6.78383e-07
7.0887e-07
7.38242e-07
7.66512e-07
7.93753e-07
8.20053e-07
8.45508e-07
8.70225e-07
8.94323e-07
9.18622e-07
9.42732e-07
9.66844e-07
9.91186e-07
1.01598e-06
1.04148e-06
1.06798e-06
1.09575e-06
1.12509e-06
1.15627e-06
1.18955e-06
1.22517e-06
1.2633e-06
1.30406e-06
1.33949e-06
1.37695e-06
1.41646e-06
1.45798e-06
1.50143e-06
1.5467e-06
1.59363e-06
1.64203e-06
1.69166e-06
1.74227e-06
1.79357e-06
1.84526e-06
1.89705e-06
1.94861e-06
1.99964e-06
2.04983e-06
2.09892e-06
2.14668e-06
2.19292e-06
2.23747e-06
2.28025e-06
2.32119e-06
2.3603e-06
2.39763e-06
2.43326e-06
2.46729e-06
2.49981e-06
2.53092e-06
2.56064e-06
2.58894e-06
2.61572e-06
2.64074e-06
2.66369e-06
2.68408e-06
2.70138e-06
2.71494e-06
2.72405e-06
2.72798e-06
2.72598e-06
2.71738e-06
2.70162e-06
2.67826e-06
2.647e-06
2.60776e-06
2.56063e-06
2.50592e-06
2.44414e-06
2.37593e-06
2.30206e-06
2.2233e-06
2.14047e-06
2.05433e-06
1.96568e-06
6.96106e-12
6.73801e-12
6.43782e-12
6.07496e-12
5.66373e-12
5.20166e-12
4.70461e-12
4.19609e-12
3.69724e-12
3.22411e-12
2.78676e-12
2.38759e-12
2.02646e-12
1.70382e-12
1.4196e-12
1.17297e-12
9.62014e-13
7.84143e-13
6.35982e-13
5.13128e-13
4.11624e-13
3.28337e-13
2.60517e-13
2.05777e-13
1.62014e-13
1.27007e-13
9.91993e-14
7.74505e-14
6.10298e-14
5.01603e-14
4.74967e-14
6.16155e-14
1.16094e-13
2.71668e-13
6.78415e-13
1.69188e-12
4.12747e-12
9.80203e-12
2.26679e-11
5.11207e-11
1.12506e-10
2.41361e-10
5.02892e-10
1.01102e-09
1.94416e-09
3.54428e-09
6.08619e-09
9.82218e-09
1.49355e-08
2.15394e-08
2.97042e-08
3.94729e-08
5.0867e-08
6.38923e-08
7.85393e-08
9.47901e-08
1.12616e-07
1.31983e-07
1.52846e-07
1.75151e-07
1.98833e-07
2.23831e-07
2.50062e-07
2.77432e-07
3.05834e-07
3.35156e-07
3.65268e-07
3.96022e-07
4.27246e-07
4.58785e-07
4.90431e-07
5.21972e-07
5.53159e-07
5.83762e-07
6.13564e-07
6.42381e-07
6.70147e-07
6.96869e-07
7.22617e-07
7.47477e-07
7.7154e-07
7.94904e-07
8.17675e-07
8.40023e-07
8.62705e-07
8.85377e-07
9.08252e-07
9.31556e-07
9.55532e-07
9.80447e-07
1.00658e-06
1.03419e-06
1.06357e-06
1.09494e-06
1.12852e-06
1.16446e-06
1.20288e-06
1.23625e-06
1.27153e-06
1.3087e-06
1.34773e-06
1.38854e-06
1.431e-06
1.47497e-06
1.52025e-06
1.56662e-06
1.61384e-06
1.66164e-06
1.70973e-06
1.75782e-06
1.80563e-06
1.85287e-06
1.89927e-06
1.94458e-06
1.98859e-06
2.03112e-06
2.07206e-06
2.1113e-06
2.14881e-06
2.1846e-06
2.21872e-06
2.25125e-06
2.28228e-06
2.3119e-06
2.34016e-06
2.36708e-06
2.39262e-06
2.41665e-06
2.43892e-06
2.45909e-06
2.4767e-06
2.49122e-06
2.50203e-06
2.50847e-06
2.50985e-06
2.50549e-06
2.4948e-06
2.47726e-06
2.45254e-06
2.42039e-06
2.38081e-06
2.33395e-06
2.28018e-06
2.22005e-06
2.15425e-06
2.08354e-06
2.00871e-06
1.93054e-06
1.84973e-06
1.76703e-06
2.18043e-11
2.12212e-11
2.0366e-11
1.92829e-11
1.79899e-11
1.65483e-11
1.501e-11
1.3399e-11
1.18053e-11
1.02885e-11
8.8752e-12
7.59162e-12
6.44469e-12
5.42582e-12
4.52697e-12
3.74666e-12
3.0815e-12
2.51913e-12
2.04613e-12
1.65162e-12
1.32548e-12
1.0583e-12
8.41336e-13
6.66538e-13
5.26448e-13
4.14587e-13
3.25815e-13
2.55922e-13
2.01309e-13
1.59058e-13
1.28004e-13
1.0971e-13
1.11832e-13
1.56826e-13
3.02942e-13
6.92002e-13
1.65502e-12
3.93606e-12
9.17351e-12
2.09105e-11
4.66572e-11
1.01943e-10
2.17823e-10
4.53388e-10
9.12978e-10
1.76218e-09
3.22929e-09
5.57824e-09
9.05672e-09
1.385e-08
2.00729e-08
2.77978e-08
3.70711e-08
4.79184e-08
6.03474e-08
7.43545e-08
8.9923e-08
1.07028e-07
1.25631e-07
1.45686e-07
1.67134e-07
1.89914e-07
2.13947e-07
2.39143e-07
2.65398e-07
2.926e-07
3.20621e-07
3.49317e-07
3.78523e-07
4.08081e-07
4.37792e-07
4.6745e-07
4.96815e-07
5.25668e-07
5.53786e-07
5.80977e-07
6.07176e-07
6.32392e-07
6.56684e-07
6.80138e-07
7.0284e-07
7.24881e-07
7.46361e-07
7.67397e-07
7.88652e-07
8.09891e-07
8.31315e-07
8.53163e-07
8.7566e-07
8.99066e-07
9.23646e-07
9.49659e-07
9.77354e-07
1.00695e-06
1.03864e-06
1.07256e-06
1.10879e-06
1.14026e-06
1.17348e-06
1.20846e-06
1.24514e-06
1.28345e-06
1.32325e-06
1.36441e-06
1.40673e-06
1.45001e-06
1.494e-06
1.53845e-06
1.58311e-06
1.62769e-06
1.67194e-06
1.71558e-06
1.75837e-06
1.80009e-06
1.84055e-06
1.8796e-06
1.91711e-06
1.95302e-06
1.98731e-06
2.01997e-06
2.05107e-06
2.08068e-06
2.10887e-06
2.13572e-06
2.16125e-06
2.18547e-06
2.2083e-06
2.22962e-06
2.24913e-06
2.26649e-06
2.28128e-06
2.29296e-06
2.30097e-06
2.30467e-06
2.30344e-06
2.29669e-06
2.2839e-06
2.26464e-06
2.23863e-06
2.20573e-06
2.16599e-06
2.11963e-06
2.06707e-06
2.0089e-06
1.94582e-06
1.87862e-06
1.80804e-06
1.73483e-06
1.65963e-06
1.58307e-06
6.04799e-11
5.92186e-11
5.69769e-11
5.39085e-11
5.02277e-11
4.61526e-11
4.18313e-11
3.7409e-11
3.29353e-11
2.85618e-11
2.45696e-11
2.10348e-11
1.79156e-11
1.51525e-11
1.2693e-11
1.0543e-11
8.68625e-12
7.10066e-12
5.76215e-12
4.6458e-12
3.72588e-12
2.97621e-12
2.37086e-12
1.88471e-12
1.49482e-12
1.1848e-12
9.3945e-13
7.4577e-13
5.93013e-13
4.72265e-13
3.76448e-13
3.02293e-13
2.49543e-13
2.24712e-13
2.49007e-13
3.78801e-13
7.50543e-13
1.67642e-12
3.84347e-12
8.752e-12
1.96422e-11
4.33682e-11
9.41136e-11
2.00352e-10
4.16608e-10
8.3998e-10
1.62619e-09
2.99231e-09
5.19243e-09
8.46894e-09
1.3007e-08
1.89213e-08
2.62853e-08
3.51468e-08
4.5532e-08
5.74525e-08
7.09047e-08
8.58726e-08
1.02328e-07
1.20231e-07
1.39531e-07
1.60167e-07
1.82068e-07
2.05147e-07
2.29304e-07
2.54429e-07
2.80398e-07
3.07073e-07
3.34293e-07
3.61903e-07
3.8971e-07
4.17515e-07
4.45093e-07
4.72227e-07
4.98703e-07
5.2432e-07
5.48996e-07
5.72747e-07
5.95625e-07
6.17712e-07
6.3909e-07
6.59848e-07
6.80078e-07
6.99891e-07
7.1961e-07
7.39578e-07
7.59721e-07
7.80258e-07
8.01425e-07
8.23463e-07
8.46625e-07
8.7116e-07
8.97298e-07
9.25245e-07
9.55166e-07
9.87182e-07
1.02136e-06
1.05101e-06
1.08229e-06
1.11519e-06
1.14965e-06
1.18557e-06
1.22285e-06
1.26133e-06
1.30083e-06
1.34115e-06
1.38207e-06
1.42335e-06
1.46474e-06
1.506e-06
1.54686e-06
1.58709e-06
1.62648e-06
1.66481e-06
1.70192e-06
1.73768e-06
1.77197e-06
1.80475e-06
1.83599e-06
1.86571e-06
1.89396e-06
1.92081e-06
1.94627e-06
1.97042e-06
1.99328e-06
2.01482e-06
2.03494e-06
2.05353e-06
2.07022e-06
2.08472e-06
2.09661e-06
2.1054e-06
2.11055e-06
2.1115e-06
2.1077e-06
2.09864e-06
2.08388e-06
2.06308e-06
2.03605e-06
2.00271e-06
1.96319e-06
1.91774e-06
1.86682e-06
1.81105e-06
1.75113e-06
1.68782e-06
1.62186e-06
1.55391e-06
1.48452e-06
1.41425e-06
1.46039e-10
1.43459e-10
1.38391e-10
1.31223e-10
1.22466e-10
1.12619e-10
1.02097e-10
9.12396e-11
8.03061e-11
6.9705e-11
5.9925e-11
5.13439e-11
4.38799e-11
3.73026e-11
3.14414e-11
2.6195e-11
2.1596e-11
1.76364e-11
1.42839e-11
1.1494e-11
9.20866e-12
7.36084e-12
5.87832e-12
4.69061e-12
3.74687e-12
2.99945e-12
2.40624e-12
1.93354e-12
1.55527e-12
1.25144e-12
1.00564e-12
8.05879e-13
6.46477e-13
5.24705e-13
4.4547e-13
4.27958e-13
5.26395e-13
8.70626e-13
1.7562e-12
3.83448e-12
8.49589e-12
1.87571e-11
4.09894e-11
8.83867e-11
1.8752e-10
3.89553e-10
7.86237e-10
1.52579e-09
2.81627e-09
4.90314e-09
8.02307e-09
1.23592e-08
1.80247e-08
2.50923e-08
3.36088e-08
4.36024e-08
5.50833e-08
6.80467e-08
8.24738e-08
9.8333e-08
1.1558e-07
1.34161e-07
1.54007e-07
1.75039e-07
1.9716e-07
2.20265e-07
2.44235e-07
2.68935e-07
2.94214e-07
3.19916e-07
3.4586e-07
3.71853e-07
3.97681e-07
4.23135e-07
4.48004e-07
4.72094e-07
4.95298e-07
5.17629e-07
5.39137e-07
5.59901e-07
5.80001e-07
5.99521e-07
6.18549e-07
6.3719e-07
6.55572e-07
6.74264e-07
6.93134e-07
7.12394e-07
7.32285e-07
7.53031e-07
7.74874e-07
7.98043e-07
8.22749e-07
8.49173e-07
8.7746e-07
9.07706e-07
9.39961e-07
9.67913e-07
9.97368e-07
1.0283e-06
1.06064e-06
1.09431e-06
1.12919e-06
1.16513e-06
1.20195e-06
1.23947e-06
1.27747e-06
1.31574e-06
1.35404e-06
1.39213e-06
1.4298e-06
1.46682e-06
1.50299e-06
1.53813e-06
1.57209e-06
1.60474e-06
1.636e-06
1.66582e-06
1.69418e-06
1.72111e-06
1.7466e-06
1.77075e-06
1.79352e-06
1.81499e-06
1.83516e-06
1.85399e-06
1.87136e-06
1.88709e-06
1.90092e-06
1.91252e-06
1.92149e-06
1.92739e-06
1.92974e-06
1.92805e-06
1.92185e-06
1.91073e-06
1.89433e-06
1.87239e-06
1.84479e-06
1.81152e-06
1.77273e-06
1.72874e-06
1.68e-06
1.62712e-06
1.5708e-06
1.51176e-06
1.4507e-06
1.38819e-06
1.32472e-06
1.26071e-06
3.1091e-10
3.06433e-10
2.96297e-10
2.81455e-10
2.63065e-10
2.4228e-10
2.20055e-10
1.97019e-10
1.73731e-10
1.51574e-10
1.31072e-10
1.12415e-10
9.61082e-11
8.19612e-11
6.94179e-11
5.80877e-11
4.79279e-11
3.90672e-11
3.15399e-11
2.53077e-11
2.02553e-11
1.62088e-11
1.29948e-11
1.04609e-11
8.45879e-12
6.86382e-12
5.58049e-12
4.53861e-12
3.68741e-12
2.98989e-12
2.41791e-12
1.94629e-12
1.55889e-12
1.24674e-12
1.00283e-12
8.27624e-13
7.36283e-13
7.78119e-13
1.07694e-12
1.91532e-12
3.91329e-12
8.38765e-12
1.8188e-11
3.93396e-11
8.43103e-11
1.78295e-10
3.70056e-10
7.47501e-10
1.45328e-09
2.68836e-09
4.6907e-09
7.69094e-09
1.18686e-08
1.73338e-08
2.41563e-08
3.23829e-08
4.20391e-08
5.31327e-08
6.56551e-08
7.95839e-08
9.48825e-08
1.11502e-07
1.29382e-07
1.48445e-07
1.68604e-07
1.89757e-07
2.11789e-07
2.34573e-07
2.57964e-07
2.8181e-07
3.05937e-07
3.30163e-07
3.54285e-07
3.781e-07
4.01404e-07
4.24007e-07
4.45796e-07
4.66752e-07
4.86934e-07
5.06423e-07
5.25293e-07
5.43625e-07
5.61503e-07
5.79025e-07
5.96315e-07
6.1385e-07
6.31565e-07
6.49661e-07
6.68366e-07
6.87908e-07
7.08509e-07
7.30383e-07
7.53723e-07
7.78692e-07
8.05412e-07
8.33962e-07
8.64374e-07
8.90697e-07
9.18398e-07
9.47442e-07
9.77765e-07
1.00928e-06
1.04186e-06
1.07536e-06
1.10963e-06
1.14448e-06
1.17971e-06
1.21512e-06
1.25049e-06
1.2856e-06
1.32025e-06
1.35423e-06
1.38737e-06
1.41949e-06
1.45046e-06
1.48017e-06
1.50854e-06
1.53554e-06
1.5611e-06
1.58529e-06
1.60805e-06
1.62945e-06
1.64954e-06
1.66831e-06
1.68575e-06
1.7018e-06
1.71635e-06
1.72922e-06
1.74016e-06
1.74887e-06
1.75499e-06
1.75813e-06
1.75789e-06
1.75385e-06
1.74564e-06
1.7329e-06
1.71538e-06
1.69287e-06
1.6653e-06
1.63272e-06
1.5953e-06
1.55334e-06
1.5073e-06
1.45777e-06
1.4054e-06
1.35089e-06
1.29485e-06
1.23781e-06
1.18015e-06
1.1222e-06
5.91084e-10
5.84911e-10
5.67151e-10
5.39873e-10
5.05521e-10
4.66529e-10
4.24992e-10
3.82291e-10
3.38992e-10
2.97332e-10
2.58496e-10
2.23067e-10
1.91186e-10
1.6327e-10
1.38566e-10
1.16244e-10
9.60034e-11
7.80288e-11
6.26785e-11
5.00801e-11
4.00459e-11
3.22119e-11
2.61261e-11
2.13548e-11
1.75503e-11
1.44591e-11
1.19083e-11
9.7827e-12
8.00484e-12
6.51997e-12
5.28611e-12
4.26692e-12
3.423e-12
2.73406e-12
2.18204e-12
1.74976e-12
1.42742e-12
1.22231e-12
1.17719e-12
1.40813e-12
2.18512e-12
4.09971e-12
8.4261e-12
1.79065e-11
3.82994e-11
8.15532e-11
1.7191e-10
3.56492e-10
7.20571e-10
1.40282e-09
2.59871e-09
4.53967e-09
7.45008e-09
1.1504e-08
1.68067e-08
2.34259e-08
3.14042e-08
4.07634e-08
5.15063e-08
6.36209e-08
7.70789e-08
9.18384e-08
1.07844e-07
1.25026e-07
1.43302e-07
1.62578e-07
1.82743e-07
2.03677e-07
2.25241e-07
2.47289e-07
2.69656e-07
2.92166e-07
3.14629e-07
3.36852e-07
3.58637e-07
3.79797e-07
4.00218e-07
4.1986e-07
4.38766e-07
4.57027e-07
4.74718e-07
4.91913e-07
5.08694e-07
5.25153e-07
5.41406e-07
5.57677e-07
5.74355e-07
5.91404e-07
6.09034e-07
6.2747e-07
6.4692e-07
6.67586e-07
6.89644e-07
7.13238e-07
7.38473e-07
7.6541e-07
7.94065e-07
8.18833e-07
8.44859e-07
8.72103e-07
9.00497e-07
9.29949e-07
9.60342e-07
9.91538e-07
1.02338e-06
1.0557e-06
1.08831e-06
1.121e-06
1.1536e-06
1.18588e-06
1.21767e-06
1.24878e-06
1.27902e-06
1.30826e-06
1.33637e-06
1.36323e-06
1.38878e-06
1.41299e-06
1.43578e-06
1.45717e-06
1.47719e-06
1.49585e-06
1.51318e-06
1.52919e-06
1.54384e-06
1.55708e-06
1.56881e-06
1.57885e-06
1.58701e-06
1.593e-06
1.59654e-06
1.59727e-06
1.59487e-06
1.58901e-06
1.57935e-06
1.56564e-06
1.54766e-06
1.52527e-06
1.49841e-06
1.46715e-06
1.43167e-06
1.39224e-06
1.34931e-06
1.30341e-06
1.25518e-06
1.20524e-06
1.15417e-06
1.10241e-06
1.05028e-06
9.98021e-07
1.0018e-09
9.96042e-10
9.69581e-10
9.26235e-10
8.70362e-10
8.06258e-10
7.37774e-10
6.67948e-10
5.97935e-10
5.28026e-10
4.62203e-10
4.01901e-10
3.47216e-10
2.9784e-10
2.53111e-10
2.12147e-10
1.74889e-10
1.4155e-10
1.12863e-10
8.98332e-11
7.22043e-11
5.88784e-11
4.86551e-11
4.05658e-11
3.39421e-11
2.83697e-11
2.3609e-11
1.95249e-11
1.60352e-11
1.308e-11
1.06061e-11
8.56014e-12
6.88248e-12
5.50639e-12
4.39858e-12
3.51932e-12
2.8315e-12
2.3095e-12
1.9484e-12
1.78112e-12
1.91467e-12
2.60756e-12
4.4394e-12
8.65865e-12
1.79149e-11
3.77809e-11
7.98567e-11
1.67765e-10
3.47595e-10
7.02954e-10
1.36983e-09
2.53953e-09
4.43774e-09
7.28275e-09
1.12393e-08
1.64099e-08
2.28565e-08
3.06164e-08
3.97083e-08
5.01246e-08
6.18509e-08
7.48524e-08
8.90803e-08
1.04472e-07
1.20952e-07
1.3843e-07
1.56806e-07
1.75961e-07
1.95766e-07
2.16081e-07
2.36747e-07
2.576e-07
2.78458e-07
2.99138e-07
3.19452e-07
3.39218e-07
3.58317e-07
3.76697e-07
3.94391e-07
4.11476e-07
4.28039e-07
4.44151e-07
4.59889e-07
4.75339e-07
4.90612e-07
5.05839e-07
5.21457e-07
5.3745e-07
5.54023e-07
5.7139e-07
5.89746e-07
6.09273e-07
6.30125e-07
6.52424e-07
6.76257e-07
7.01666e-07
7.28652e-07
7.51942e-07
7.76374e-07
8.01905e-07
8.28462e-07
8.55953e-07
8.84265e-07
9.13265e-07
9.42802e-07
9.72712e-07
1.00282e-06
1.03294e-06
1.06289e-06
1.09247e-06
1.12151e-06
1.14983e-06
1.17728e-06
1.2037e-06
1.22897e-06
1.25301e-06
1.27572e-06
1.29708e-06
1.31705e-06
1.33563e-06
1.35283e-06
1.3687e-06
1.38323e-06
1.39646e-06
1.40836e-06
1.41888e-06
1.42795e-06
1.43542e-06
1.44113e-06
1.44483e-06
1.44627e-06
1.44518e-06
1.44126e-06
1.43424e-06
1.42386e-06
1.40989e-06
1.39215e-06
1.37052e-06
1.34497e-06
1.31555e-06
1.28241e-06
1.24584e-06
1.2062e-06
1.16401e-06
1.11986e-06
1.07434e-06
1.02797e-06
9.81152e-07
9.34129e-07
8.87084e-07
1.53889e-09
1.53798e-09
1.50389e-09
1.44299e-09
1.36219e-09
1.26803e-09
1.16637e-09
1.06228e-09
9.59682e-10
8.562e-10
7.56065e-10
6.63144e-10
5.78013e-10
4.99262e-10
4.254e-10
3.56773e-10
2.93741e-10
2.37016e-10
1.87727e-10
1.49104e-10
1.21033e-10
1.00647e-10
8.51158e-11
7.24936e-11
6.16808e-11
5.21475e-11
4.36854e-11
3.62332e-11
2.977e-11
2.42634e-11
1.96531e-11
1.5854e-11
1.27642e-11
1.02602e-11
8.23564e-12
6.62197e-12
5.34511e-12
4.34142e-12
3.56554e-12
2.99824e-12
2.66226e-12
2.65757e-12
3.2417e-12
4.98388e-12
9.10486e-12
1.81921e-11
3.76969e-11
7.89997e-11
1.65364e-10
3.42331e-10
6.92634e-10
1.35065e-09
2.50455e-09
4.37515e-09
7.17152e-09
1.10534e-08
1.61149e-08
2.24115e-08
2.99744e-08
3.88124e-08
4.89182e-08
6.02663e-08
7.28155e-08
8.65107e-08
1.01283e-07
1.17049e-07
1.33715e-07
1.51168e-07
1.69288e-07
1.87937e-07
2.06969e-07
2.26225e-07
2.45536e-07
2.64727e-07
2.83621e-07
3.02043e-07
3.1987e-07
3.37039e-07
3.53573e-07
3.69542e-07
3.85029e-07
4.00112e-07
4.14862e-07
4.29358e-07
4.43704e-07
4.58023e-07
4.72688e-07
4.87723e-07
5.03319e-07
5.19677e-07
5.3699e-07
5.5542e-07
5.75108e-07
5.96158e-07
6.18636e-07
6.42572e-07
6.6795e-07
6.89816e-07
7.12715e-07
7.36597e-07
7.61388e-07
7.86996e-07
8.13309e-07
8.40198e-07
8.67516e-07
8.95106e-07
9.22798e-07
9.50417e-07
9.77783e-07
1.00472e-06
1.03104e-06
1.0566e-06
1.08123e-06
1.10479e-06
1.12719e-06
1.14832e-06
1.16813e-06
1.18658e-06
1.20365e-06
1.21937e-06
1.23376e-06
1.24686e-06
1.25871e-06
1.26933e-06
1.27872e-06
1.28687e-06
1.2937e-06
1.29911e-06
1.30294e-06
1.30499e-06
1.30504e-06
1.30284e-06
1.29814e-06
1.29069e-06
1.28027e-06
1.26667e-06
1.24974e-06
1.22936e-06
1.2055e-06
1.1782e-06
1.1476e-06
1.11393e-06
1.07755e-06
1.03893e-06
9.98624e-07
9.57202e-07
9.15151e-07
8.72826e-07
8.30428e-07
7.8808e-07
2.15867e-09
2.16971e-09
2.13357e-09
2.05934e-09
1.95635e-09
1.83324e-09
1.69765e-09
1.55625e-09
1.41467e-09
1.27675e-09
1.1397e-09
1.00894e-09
8.86735e-10
7.71408e-10
6.62176e-10
5.57683e-10
4.59951e-10
3.72289e-10
2.97049e-10
2.36575e-10
1.9368e-10
1.63743e-10
1.41308e-10
1.22608e-10
1.05708e-10
9.00229e-11
7.5601e-11
6.26635e-11
5.13797e-11
4.17917e-11
3.38204e-11
2.73048e-11
2.20453e-11
1.78335e-11
1.44396e-11
1.17126e-11
9.53379e-12
7.79334e-12
6.40236e-12
5.29781e-12
4.44814e-12
3.87704e-12
3.68617e-12
4.12508e-12
5.75211e-12
9.76724e-12
1.87158e-11
3.79708e-11
7.87894e-11
1.64278e-10
3.39821e-10
6.8793e-10
1.34222e-09
2.48868e-09
4.34207e-09
7.1045e-09
1.09266e-08
1.58939e-08
2.20537e-08
2.94288e-08
3.80233e-08
4.78214e-08
5.87906e-08
7.08834e-08
8.4038e-08
9.8179e-08
1.13217e-07
1.29048e-07
1.45556e-07
1.62613e-07
1.80079e-07
1.97802e-07
2.15626e-07
2.33385e-07
2.50911e-07
2.6804e-07
2.84646e-07
3.00657e-07
3.16083e-07
3.30995e-07
3.45462e-07
3.59568e-07
3.73383e-07
3.86978e-07
4.00451e-07
4.13915e-07
4.2767e-07
4.41816e-07
4.56499e-07
4.71913e-07
4.88242e-07
5.05634e-07
5.24212e-07
5.44063e-07
5.65239e-07
5.87752e-07
6.11577e-07
6.32066e-07
6.53481e-07
6.75767e-07
6.98848e-07
7.22629e-07
7.46996e-07
7.71822e-07
7.96963e-07
8.22261e-07
8.47552e-07
8.72663e-07
8.97422e-07
9.21655e-07
9.45196e-07
9.67891e-07
9.89602e-07
1.01021e-06
1.02962e-06
1.04777e-06
1.06462e-06
1.08016e-06
1.09441e-06
1.10739e-06
1.11916e-06
1.12979e-06
1.13932e-06
1.14779e-06
1.15523e-06
1.16161e-06
1.16688e-06
1.17093e-06
1.17362e-06
1.17476e-06
1.17414e-06
1.17153e-06
1.16669e-06
1.1594e-06
1.14944e-06
1.13664e-06
1.12084e-06
1.10194e-06
1.07989e-06
1.05474e-06
1.02661e-06
9.95701e-07
9.62355e-07
9.27014e-07
8.90214e-07
8.52496e-07
8.14331e-07
7.76042e-07
7.37792e-07
6.99655e-07
2.77832e-09
2.81148e-09
2.78506e-09
2.7104e-09
2.59745e-09
2.4557e-09
2.29389e-09
2.11999e-09
1.9411e-09
1.76305e-09
1.58878e-09
1.41934e-09
1.25857e-09
1.10899e-09
9.64864e-10
8.19227e-10
6.79395e-10
5.56851e-10
4.60419e-10
3.80669e-10
3.11189e-10
2.58995e-10
2.24416e-10
1.97001e-10
1.71259e-10
1.46207e-10
1.22557e-10
1.01203e-10
8.26848e-11
6.71335e-11
5.43725e-11
4.40572e-11
3.57871e-11
2.91786e-11
2.38924e-11
1.96093e-11
1.61281e-11
1.32982e-11
1.09837e-11
9.08307e-12
7.54111e-12
6.3298e-12
5.46298e-12
5.03291e-12
5.28295e-12
6.76223e-12
1.06536e-11
1.94705e-11
3.85356e-11
7.90505e-11
1.64123e-10
3.39304e-10
6.87425e-10
1.34207e-09
2.48697e-09
4.3318e-09
7.07007e-09
1.08422e-08
1.57233e-08
2.17515e-08
2.89434e-08
3.72945e-08
4.67819e-08
5.73666e-08
6.89945e-08
8.1597e-08
9.50912e-08
1.09381e-07
1.24355e-07
1.39893e-07
1.55862e-07
1.7212e-07
1.88519e-07
2.04904e-07
2.21118e-07
2.37006e-07
2.52442e-07
2.67348e-07
2.81721e-07
2.95627e-07
3.09134e-07
3.22315e-07
3.35246e-07
3.47993e-07
3.60642e-07
3.73298e-07
3.86111e-07
3.99428e-07
4.13269e-07
4.27803e-07
4.432e-07
4.59599e-07
4.77109e-07
4.95802e-07
5.15716e-07
5.36848e-07
5.5916e-07
5.78306e-07
5.98267e-07
6.1898e-07
6.40364e-07
6.62318e-07
6.84724e-07
7.07451e-07
7.30353e-07
7.53274e-07
7.76054e-07
7.98528e-07
8.20532e-07
8.41908e-07
8.62512e-07
8.82213e-07
9.009e-07
9.18488e-07
9.34919e-07
9.50162e-07
9.64213e-07
9.77096e-07
9.88852e-07
9.99541e-07
1.00923e-06
1.01799e-06
1.02588e-06
1.03294e-06
1.03918e-06
1.04456e-06
1.04902e-06
1.05244e-06
1.05468e-06
1.05554e-06
1.05481e-06
1.05227e-06
1.04769e-06
1.04086e-06
1.03158e-06
1.01971e-06
1.00509e-06
9.87636e-07
9.67314e-07
9.44154e-07
9.18271e-07
8.89867e-07
8.59252e-07
8.26852e-07
7.93189e-07
7.58788e-07
7.24103e-07
6.89433e-07
6.54911e-07
6.20563e-07
3.30743e-09
3.37398e-09
3.37774e-09
3.32463e-09
3.2216e-09
3.0776e-09
2.90246e-09
2.70603e-09
2.49742e-09
2.28452e-09
2.07302e-09
1.86735e-09
1.67246e-09
1.4924e-09
1.32343e-09
1.1411e-09
9.61605e-10
8.14026e-10
6.90522e-10
5.83305e-10
4.8974e-10
4.09036e-10
3.44928e-10
3.02592e-10
2.63211e-10
2.23814e-10
1.86406e-10
1.52992e-10
1.24548e-10
1.01134e-10
8.22481e-11
6.7154e-11
5.50969e-11
4.54215e-11
3.76021e-11
3.12231e-11
2.59587e-11
2.15783e-11
1.79268e-11
1.48896e-11
1.23727e-11
1.03084e-11
8.65953e-12
7.43329e-12
6.71413e-12
6.73621e-12
8.03661e-12
1.17796e-11
2.04495e-11
3.93326e-11
7.96238e-11
1.64561e-10
3.40132e-10
6.89949e-10
1.34788e-09
2.49591e-09
4.33805e-09
7.05831e-09
1.07854e-08
1.55824e-08
2.14803e-08
2.84869e-08
3.65901e-08
4.57606e-08
5.59521e-08
6.71033e-08
7.91381e-08
9.19662e-08
1.05484e-07
1.19578e-07
1.34121e-07
1.48981e-07
1.64019e-07
1.7909e-07
1.94049e-07
2.08747e-07
2.23064e-07
2.36916e-07
2.5029e-07
2.63244e-07
2.75844e-07
2.88155e-07
3.00251e-07
3.12196e-07
3.24069e-07
3.35961e-07
3.4799e-07
3.60468e-07
3.73454e-07
3.87114e-07
4.016e-07
4.17037e-07
4.33513e-07
4.51081e-07
4.69757e-07
4.89519e-07
5.10308e-07
5.28083e-07
5.4654e-07
5.65606e-07
5.85187e-07
6.05177e-07
6.25455e-07
6.45887e-07
6.66334e-07
6.86652e-07
7.06693e-07
7.26315e-07
7.45384e-07
7.63774e-07
7.81377e-07
7.98102e-07
8.13882e-07
8.28673e-07
8.42456e-07
8.55235e-07
8.67037e-07
8.77903e-07
8.8789e-07
8.97061e-07
9.0548e-07
9.13201e-07
9.20266e-07
9.26687e-07
9.32446e-07
9.37489e-07
9.41725e-07
9.45025e-07
9.47226e-07
9.48136e-07
9.47542e-07
9.45229e-07
9.40992e-07
9.34643e-07
9.26017e-07
9.14971e-07
9.01397e-07
8.85219e-07
8.66409e-07
8.45005e-07
8.21117e-07
7.9494e-07
7.66764e-07
7.37e-07
7.06155e-07
6.7474e-07
6.43195e-07
6.11796e-07
5.80649e-07
5.49738e-07
3.73566e-09
3.8531e-09
3.91394e-09
3.90262e-09
3.8223e-09
3.684e-09
3.50138e-09
3.28788e-09
3.05548e-09
2.8141e-09
2.57154e-09
2.33402e-09
2.10745e-09
1.89773e-09
1.70994e-09
1.52619e-09
1.3273e-09
1.14005e-09
9.76559e-10
8.37238e-10
7.18065e-10
6.14729e-10
5.2431e-10
4.49329e-10
3.85464e-10
3.23624e-10
2.66662e-10
2.17375e-10
1.76655e-10
1.43983e-10
1.18109e-10
9.7601e-11
8.11724e-11
6.78221e-11
5.68268e-11
4.76696e-11
3.99735e-11
3.34722e-11
2.7978e-11
2.33466e-11
1.94603e-11
1.62229e-11
1.35589e-11
1.14188e-11
9.7951e-12
8.75731e-12
8.5249e-12
9.61839e-12
1.31794e-11
2.16605e-11
4.03177e-11
8.03771e-11
1.65314e-10
3.41798e-10
6.94536e-10
1.35807e-09
2.51257e-09
4.35582e-09
7.06121e-09
1.0744e-08
1.54566e-08
2.12208e-08
2.80369e-08
3.58862e-08
4.47309e-08
5.4517e-08
6.51753e-08
7.66222e-08
8.8761e-08
1.01484e-07
1.14672e-07
1.28202e-07
1.41942e-07
1.5576e-07
1.69518e-07
1.8308e-07
1.96327e-07
2.09175e-07
2.21601e-07
2.33654e-07
2.45396e-07
2.56891e-07
2.68201e-07
2.7939e-07
2.90529e-07
3.017e-07
3.13005e-07
3.24713e-07
3.36901e-07
3.49723e-07
3.63319e-07
3.77794e-07
3.93213e-07
4.096e-07
4.26939e-07
4.45178e-07
4.64233e-07
4.80422e-07
4.97118e-07
5.14243e-07
5.31702e-07
5.49395e-07
5.67213e-07
5.85042e-07
6.02767e-07
6.20276e-07
6.37457e-07
6.5421e-07
6.70441e-07
6.86068e-07
7.01025e-07
7.15259e-07
7.28737e-07
7.41442e-07
7.53375e-07
7.64553e-07
7.75004e-07
7.84765e-07
7.93879e-07
8.02385e-07
8.10322e-07
8.17713e-07
8.24566e-07
8.30865e-07
8.36561e-07
8.41579e-07
8.45808e-07
8.49115e-07
8.51336e-07
8.52287e-07
8.51768e-07
8.49587e-07
8.45564e-07
8.39542e-07
8.31388e-07
8.2099e-07
8.08268e-07
7.93165e-07
7.75662e-07
7.55804e-07
7.33696e-07
7.09524e-07
6.8356e-07
6.56192e-07
6.27915e-07
5.99223e-07
5.70541e-07
5.42128e-07
5.14062e-07
4.86292e-07
4.76779e-09
4.9243e-09
4.90215e-09
4.77798e-09
4.59666e-09
4.38057e-09
4.141e-09
3.88551e-09
3.62027e-09
3.35059e-09
3.08119e-09
2.81665e-09
2.56188e-09
2.32292e-09
2.10847e-09
1.93388e-09
1.73507e-09
1.51449e-09
1.31323e-09
1.14097e-09
9.94643e-10
8.6737e-10
7.5166e-10
6.40704e-10
5.3621e-10
4.42556e-10
3.6071e-10
2.92626e-10
2.38223e-10
1.95765e-10
1.62738e-10
1.36636e-10
1.1546e-10
9.78486e-11
8.29438e-11
7.02092e-11
5.92845e-11
4.99147e-11
4.19067e-11
3.51007e-11
2.93559e-11
2.45451e-11
2.0552e-11
1.72755e-11
1.46391e-11
1.26112e-11
1.12418e-11
1.07326e-11
1.1584e-11
1.49102e-11
2.31292e-11
4.14713e-11
8.12248e-11
1.66209e-10
3.43985e-10
7.007e-10
1.37181e-09
2.53551e-09
4.38262e-09
7.07395e-09
1.07117e-08
1.53362e-08
2.0962e-08
2.75825e-08
3.51688e-08
4.36745e-08
5.30378e-08
6.31819e-08
7.40169e-08
8.54415e-08
9.73448e-08
1.0961e-07
1.22117e-07
1.3474e-07
1.47354e-07
1.59831e-07
1.72057e-07
1.83949e-07
1.95476e-07
2.06676e-07
2.17607e-07
2.28333e-07
2.38907e-07
2.49382e-07
2.59829e-07
2.70316e-07
2.80931e-07
2.91907e-07
3.0332e-07
3.15284e-07
3.27895e-07
3.41221e-07
3.55288e-07
3.70095e-07
3.85609e-07
4.01773e-07
4.1851e-07
4.32631e-07
4.47108e-07
4.61882e-07
4.76887e-07
4.9205e-07
5.07296e-07
5.22548e-07
5.37728e-07
5.52759e-07
5.67567e-07
5.82079e-07
5.96232e-07
6.09964e-07
6.23226e-07
6.35974e-07
6.48178e-07
6.59818e-07
6.70886e-07
6.81384e-07
6.91321e-07
7.00711e-07
7.0957e-07
7.17911e-07
7.25744e-07
7.33067e-07
7.39865e-07
7.46102e-07
7.51716e-07
7.56623e-07
7.60713e-07
7.6386e-07
7.65913e-07
7.6671e-07
7.66073e-07
7.63833e-07
7.59843e-07
7.53978e-07
7.46135e-07
7.36235e-07
7.24223e-07
7.10058e-07
6.93726e-07
6.75271e-07
6.54799e-07
6.32479e-07
6.08563e-07
5.83414e-07
5.57512e-07
5.31332e-07
5.05286e-07
4.79615e-07
4.54377e-07
4.29486e-07
4.96968e-09
5.1071e-09
5.10416e-09
5.0358e-09
4.91649e-09
4.75648e-09
4.56305e-09
4.3432e-09
4.10353e-09
3.84948e-09
3.58551e-09
3.31653e-09
3.04825e-09
2.78756e-09
2.54424e-09
2.33463e-09
2.16889e-09
1.94001e-09
1.70861e-09
1.5032e-09
1.32585e-09
1.16808e-09
1.01668e-09
8.54515e-10
7.05999e-10
5.77353e-10
4.67563e-10
3.78608e-10
3.09586e-10
2.5732e-10
2.17541e-10
1.86087e-10
1.59914e-10
1.37338e-10
1.17547e-10
1.00165e-10
8.4969e-11
7.17869e-11
6.04509e-11
5.07902e-11
4.26311e-11
3.57983e-11
3.01184e-11
2.54271e-11
2.15798e-11
1.84667e-11
1.60331e-11
1.43111e-11
1.34862e-11
1.40386e-11
1.70523e-11
2.49057e-11
4.28095e-11
8.21494e-11
1.6719e-10
3.46622e-10
7.08388e-10
1.38911e-09
2.56483e-09
4.41777e-09
7.09649e-09
1.06865e-08
1.52204e-08
2.0705e-08
2.71203e-08
3.44286e-08
4.2576e-08
5.14932e-08
6.10978e-08
7.1295e-08
8.19812e-08
9.30475e-08
1.04382e-07
1.1587e-07
1.27394e-07
1.38836e-07
1.5009e-07
1.61071e-07
1.71745e-07
1.82138e-07
1.92304e-07
2.02304e-07
2.12186e-07
2.2199e-07
2.31781e-07
2.41617e-07
2.51574e-07
2.61714e-07
2.71808e-07
2.82047e-07
2.9262e-07
3.03679e-07
3.15317e-07
3.27588e-07
3.40509e-07
3.54067e-07
3.68227e-07
3.80264e-07
3.92709e-07
4.0552e-07
4.18647e-07
4.32033e-07
4.45613e-07
4.59321e-07
4.73083e-07
4.86826e-07
5.00477e-07
5.13962e-07
5.2721e-07
5.40156e-07
5.52739e-07
5.64906e-07
5.76616e-07
5.87837e-07
5.98549e-07
6.0874e-07
6.18407e-07
6.27551e-07
6.36176e-07
6.44283e-07
6.5187e-07
6.58927e-07
6.65433e-07
6.71349e-07
6.76614e-07
6.81145e-07
6.84846e-07
6.87601e-07
6.89284e-07
6.89751e-07
6.88848e-07
6.86427e-07
6.82367e-07
6.76572e-07
6.68969e-07
6.595e-07
6.48136e-07
6.34848e-07
6.19616e-07
6.02486e-07
5.83554e-07
5.62982e-07
5.40993e-07
5.17922e-07
4.94234e-07
4.70385e-07
4.46773e-07
4.23624e-07
4.00982e-07
3.78735e-07
6.66957e-06
6.572e-06
6.47007e-06
6.36437e-06
6.25376e-06
6.13449e-06
6.00812e-06
5.88861e-06
5.77077e-06
5.65298e-06
5.53299e-06
5.40904e-06
5.27971e-06
5.14541e-06
5.01266e-06
4.88006e-06
4.74627e-06
4.60987e-06
4.47008e-06
4.32633e-06
4.17857e-06
4.0262e-06
3.87028e-06
3.71429e-06
3.55787e-06
3.40108e-06
3.24388e-06
3.08654e-06
2.92939e-06
2.77291e-06
2.61764e-06
2.46415e-06
2.31296e-06
2.16454e-06
2.01912e-06
1.87732e-06
1.74046e-06
1.60907e-06
1.4835e-06
1.36393e-06
1.25052e-06
1.14338e-06
1.04267e-06
9.48445e-07
8.60749e-07
7.79351e-07
7.04143e-07
6.35406e-07
5.73163e-07
5.17146e-07
4.66986e-07
4.22231e-07
3.82437e-07
3.47149e-07
3.15908e-07
2.88266e-07
2.63773e-07
2.42032e-07
2.22706e-07
2.05491e-07
1.9004e-07
1.76024e-07
1.63271e-07
1.51641e-07
1.4095e-07
1.31027e-07
1.21724e-07
1.12904e-07
1.04469e-07
9.63472e-08
8.8484e-08
8.08494e-08
7.34294e-08
6.6229e-08
5.92695e-08
5.25863e-08
4.62232e-08
4.02285e-08
3.46489e-08
2.95248e-08
2.48872e-08
2.07538e-08
1.7127e-08
1.39959e-08
1.13381e-08
9.11952e-09
7.30106e-09
5.8491e-09
4.74906e-09
4.41639e-09
8.78737e-09
2.25557e-08
5.48086e-08
1.18459e-07
2.27389e-07
3.94561e-07
6.30569e-07
9.40531e-07
1.32624e-06
1.80887e-06
6.61678e-06
6.50291e-06
6.38875e-06
6.27362e-06
6.15651e-06
6.03382e-06
5.90691e-06
5.78337e-06
5.662e-06
5.54206e-06
5.42166e-06
5.29942e-06
5.17322e-06
5.04329e-06
4.91353e-06
4.78361e-06
4.65286e-06
4.52014e-06
4.38474e-06
4.2459e-06
4.10343e-06
3.95636e-06
3.80552e-06
3.65371e-06
3.50098e-06
3.34764e-06
3.19375e-06
3.03959e-06
2.8855e-06
2.73192e-06
2.5794e-06
2.42851e-06
2.27975e-06
2.13362e-06
1.99026e-06
1.85033e-06
1.71506e-06
1.58504e-06
1.46066e-06
1.34216e-06
1.22972e-06
1.1235e-06
1.02366e-06
9.30273e-07
8.43388e-07
7.62758e-07
6.88269e-07
6.20159e-07
5.58452e-07
5.02903e-07
4.53169e-07
4.08828e-07
3.69443e-07
3.3456e-07
3.03723e-07
2.76484e-07
2.52394e-07
2.31058e-07
2.12143e-07
1.9534e-07
1.80301e-07
1.66699e-07
1.5435e-07
1.43108e-07
1.32793e-07
1.23243e-07
1.14314e-07
1.05878e-07
9.7839e-08
9.01272e-08
8.26871e-08
7.54867e-08
6.85087e-08
6.17526e-08
5.5234e-08
4.89817e-08
4.30339e-08
3.74337e-08
3.22237e-08
2.74409e-08
2.31131e-08
1.92552e-08
1.58684e-08
1.29419e-08
1.0453e-08
8.36727e-09
6.64404e-09
5.24107e-09
4.11994e-09
3.2566e-09
2.66578e-09
5.42475e-09
1.60015e-08
4.10253e-08
8.96107e-08
1.71607e-07
2.96563e-07
4.71175e-07
7.01241e-07
1.00068e-06
6.51857e-06
6.39651e-06
6.27525e-06
6.15423e-06
6.03301e-06
5.90896e-06
5.78288e-06
5.65885e-06
5.53671e-06
5.41626e-06
5.29616e-06
5.17543e-06
5.05207e-06
4.92614e-06
4.79989e-06
4.67312e-06
4.54552e-06
4.41626e-06
4.28473e-06
4.15022e-06
4.01248e-06
3.87048e-06
3.72483e-06
3.57771e-06
3.42922e-06
3.27983e-06
3.12968e-06
2.97911e-06
2.82847e-06
2.67823e-06
2.5289e-06
2.38108e-06
2.23528e-06
2.09199e-06
1.95136e-06
1.81402e-06
1.68111e-06
1.55323e-06
1.43078e-06
1.31405e-06
1.20324e-06
1.09853e-06
1.0001e-06
9.08042e-07
8.224e-07
7.42941e-07
6.69561e-07
6.02463e-07
5.41658e-07
4.86913e-07
4.37906e-07
3.94232e-07
3.55469e-07
3.21172e-07
2.90892e-07
2.64182e-07
2.40602e-07
2.19761e-07
2.01323e-07
1.84981e-07
1.70394e-07
1.5724e-07
1.45329e-07
1.34506e-07
1.24597e-07
1.15444e-07
1.06908e-07
9.88678e-08
9.12308e-08
8.39292e-08
7.6909e-08
7.01373e-08
6.35943e-08
5.72758e-08
5.1192e-08
4.53662e-08
3.9831e-08
3.4624e-08
2.97833e-08
2.5342e-08
2.13249e-08
1.77452e-08
1.46033e-08
1.18889e-08
9.58012e-09
7.64445e-09
6.04291e-09
4.73402e-09
3.67768e-09
2.83879e-09
2.18972e-09
1.72384e-09
3.1307e-09
1.18973e-08
3.22475e-08
7.0819e-08
1.34945e-07
2.30781e-07
3.64816e-07
5.46424e-07
6.40289e-06
6.27694e-06
6.15203e-06
6.02779e-06
5.90409e-06
5.7792e-06
5.6536e-06
5.52975e-06
5.40763e-06
5.28726e-06
5.16763e-06
5.04801e-06
4.92675e-06
4.80377e-06
4.68046e-06
4.55654e-06
4.4318e-06
4.3056e-06
4.17743e-06
4.04663e-06
3.91294e-06
3.7754e-06
3.63445e-06
3.49182e-06
3.34759e-06
3.20225e-06
3.05598e-06
2.90917e-06
2.76218e-06
2.61548e-06
2.46959e-06
2.32511e-06
2.18254e-06
2.04238e-06
1.90481e-06
1.77044e-06
1.64036e-06
1.5151e-06
1.3951e-06
1.28064e-06
1.17195e-06
1.06922e-06
9.72637e-07
8.82297e-07
7.98259e-07
7.20308e-07
6.48357e-07
5.8258e-07
5.22973e-07
4.69312e-07
4.21284e-07
3.78501e-07
3.40554e-07
3.0701e-07
2.77427e-07
2.51368e-07
2.28402e-07
2.0814e-07
1.9025e-07
1.74425e-07
1.60333e-07
1.47664e-07
1.36223e-07
1.2585e-07
1.16372e-07
1.07637e-07
9.95115e-08
9.18783e-08
8.46497e-08
7.77608e-08
7.11598e-08
6.48133e-08
5.87002e-08
5.28132e-08
4.71583e-08
4.17539e-08
3.66271e-08
3.18104e-08
2.73368e-08
2.32358e-08
1.95292e-08
1.62283e-08
1.33333e-08
1.08341e-08
8.71017e-09
6.93098e-09
5.46005e-09
4.25833e-09
3.28769e-09
2.51317e-09
1.90397e-09
1.4356e-09
1.09348e-09
1.75426e-09
9.17973e-09
2.60295e-08
5.74553e-08
1.08337e-07
1.84363e-07
2.91901e-07
6.27615e-06
6.149e-06
6.02269e-06
5.89704e-06
5.77213e-06
5.64685e-06
5.52161e-06
5.39809e-06
5.27622e-06
5.15609e-06
5.03692e-06
4.91813e-06
4.79841e-06
4.67759e-06
4.55662e-06
4.43511e-06
4.31287e-06
4.18936e-06
4.06414e-06
3.93658e-06
3.80646e-06
3.67287e-06
3.53617e-06
3.39776e-06
3.25767e-06
3.11637e-06
2.97404e-06
2.83109e-06
2.68789e-06
2.54491e-06
2.40265e-06
2.26173e-06
2.12263e-06
1.98586e-06
1.85163e-06
1.72055e-06
1.59363e-06
1.47138e-06
1.35424e-06
1.24247e-06
1.13631e-06
1.03596e-06
9.41617e-07
8.5336e-07
7.71263e-07
6.95132e-07
6.24902e-07
5.60724e-07
5.02576e-07
4.50241e-07
4.03417e-07
3.61728e-07
3.24775e-07
2.92138e-07
2.63386e-07
2.38093e-07
2.15836e-07
1.96236e-07
1.78963e-07
1.63712e-07
1.50162e-07
1.38015e-07
1.27073e-07
1.17175e-07
1.08151e-07
9.98524e-08
9.21513e-08
8.49357e-08
7.8122e-08
7.16484e-08
6.54659e-08
5.95415e-08
5.38533e-08
4.83916e-08
4.3159e-08
3.81695e-08
3.34454e-08
2.90139e-08
2.49035e-08
2.11396e-08
1.7741e-08
1.47176e-08
1.20689e-08
9.78526e-09
7.84726e-09
6.22639e-09
4.88872e-09
3.79795e-09
2.91861e-09
2.21778e-09
1.66605e-09
1.23795e-09
9.12342e-10
6.74323e-10
8.98864e-10
7.15672e-09
2.12691e-08
4.69112e-08
8.85297e-08
1.50411e-07
6.14136e-06
6.01435e-06
5.88785e-06
5.76183e-06
5.63651e-06
5.51119e-06
5.38631e-06
5.26314e-06
5.14159e-06
5.02173e-06
4.90298e-06
4.78487e-06
4.66632e-06
4.54716e-06
4.42807e-06
4.3086e-06
4.18855e-06
4.06743e-06
3.94485e-06
3.82023e-06
3.69334e-06
3.56338e-06
3.4306e-06
3.29619e-06
3.16011e-06
3.02282e-06
2.88447e-06
2.74548e-06
2.60619e-06
2.4671e-06
2.32868e-06
2.19154e-06
2.05615e-06
1.92303e-06
1.79242e-06
1.66492e-06
1.54149e-06
1.42259e-06
1.30865e-06
1.19995e-06
1.09669e-06
9.991e-07
9.0734e-07
8.21505e-07
7.41668e-07
6.67656e-07
5.99422e-07
5.37099e-07
4.80648e-07
4.29859e-07
3.84441e-07
3.44028e-07
3.08233e-07
2.76645e-07
2.48848e-07
2.24427e-07
2.02971e-07
1.8411e-07
1.67519e-07
1.52896e-07
1.39931e-07
1.2834e-07
1.17927e-07
1.08526e-07
9.99752e-08
9.21286e-08
8.48637e-08
7.80741e-08
7.16804e-08
6.56239e-08
5.98587e-08
5.43528e-08
4.90838e-08
4.40405e-08
3.92226e-08
3.46402e-08
3.03111e-08
2.6258e-08
2.25047e-08
1.90726e-08
1.59777e-08
1.32281e-08
1.0823e-08
8.7529e-09
6.99947e-09
5.53612e-09
4.33137e-09
3.35167e-09
2.56426e-09
1.9387e-09
1.44772e-09
1.06735e-09
7.77021e-10
5.59621e-10
4.0205e-10
3.63198e-10
5.03146e-09
1.69911e-08
3.86379e-08
7.29169e-08
5.99913e-06
5.87296e-06
5.74694e-06
5.62117e-06
5.49596e-06
5.37092e-06
5.24649e-06
5.12373e-06
5.00256e-06
4.88304e-06
4.76471e-06
4.6472e-06
4.52964e-06
4.41185e-06
4.29433e-06
4.17663e-06
4.05854e-06
3.9396e-06
3.81945e-06
3.69755e-06
3.57368e-06
3.44712e-06
3.31805e-06
3.18748e-06
3.05534e-06
2.92203e-06
2.78771e-06
2.65277e-06
2.51754e-06
2.3825e-06
2.24813e-06
2.11499e-06
1.98357e-06
1.85436e-06
1.72766e-06
1.60404e-06
1.48439e-06
1.36916e-06
1.25877e-06
1.15346e-06
1.05345e-06
9.58948e-07
8.70104e-07
7.87008e-07
7.0973e-07
6.38119e-07
5.7214e-07
5.1191e-07
4.57376e-07
4.08334e-07
3.64504e-07
3.25533e-07
2.91042e-07
2.60634e-07
2.33906e-07
2.10454e-07
1.89883e-07
1.71831e-07
1.55981e-07
1.42035e-07
1.29697e-07
1.18694e-07
1.08833e-07
9.99512e-08
9.18886e-08
8.45065e-08
7.76873e-08
7.133e-08
6.53594e-08
5.97204e-08
5.43702e-08
4.92781e-08
4.44219e-08
3.9789e-08
3.53768e-08
3.11922e-08
2.7249e-08
2.35655e-08
2.01612e-08
1.70536e-08
1.42559e-08
1.17746e-08
9.60839e-09
7.74783e-09
6.1757e-09
4.86715e-09
3.79308e-09
2.92258e-09
2.22556e-09
1.67413e-09
1.24327e-09
9.10961e-10
6.58255e-10
4.69069e-10
3.30099e-10
2.30723e-10
1.6416e-10
2.89855e-09
1.33167e-08
3.13253e-08
5.84911e-06
5.72421e-06
5.59912e-06
5.47405e-06
5.34937e-06
5.2249e-06
5.10109e-06
4.97887e-06
4.85819e-06
4.73912e-06
4.62129e-06
4.5044e-06
4.38774e-06
4.27116e-06
4.15503e-06
4.03894e-06
3.92265e-06
3.80574e-06
3.68788e-06
3.56856e-06
3.44756e-06
3.32427e-06
3.19879e-06
3.07197e-06
2.94371e-06
2.81441e-06
2.68417e-06
2.55338e-06
2.42235e-06
2.29155e-06
2.16141e-06
2.03252e-06
1.90531e-06
1.7803e-06
1.65778e-06
1.53833e-06
1.42277e-06
1.31153e-06
1.20499e-06
1.10339e-06
1.00695e-06
9.15841e-07
8.30218e-07
7.50153e-07
6.75715e-07
6.06766e-07
5.43286e-07
4.85369e-07
4.32953e-07
3.85841e-07
3.43764e-07
3.06383e-07
2.7333e-07
2.44218e-07
2.18659e-07
1.96265e-07
1.76652e-07
1.59473e-07
1.44416e-07
1.31192e-07
1.19515e-07
1.09129e-07
9.98431e-08
9.14959e-08
8.3935e-08
7.70272e-08
7.06603e-08
6.47394e-08
5.91932e-08
5.39706e-08
4.90318e-08
4.43476e-08
3.98964e-08
3.56647e-08
3.16481e-08
2.78506e-08
2.42824e-08
2.09579e-08
1.78925e-08
1.51002e-08
1.25914e-08
1.0371e-08
8.43705e-09
6.78032e-09
5.38451e-09
4.22649e-09
3.27938e-09
2.51483e-09
1.90536e-09
1.42554e-09
1.05263e-09
7.66662e-10
5.50449e-10
3.89431e-10
2.7149e-10
1.86707e-10
1.27195e-10
8.73307e-11
1.49042e-09
9.97552e-09
5.69079e-06
5.56749e-06
5.4437e-06
5.31969e-06
5.1959e-06
5.07228e-06
4.94932e-06
4.82783e-06
4.70781e-06
4.58934e-06
4.47212e-06
4.35593e-06
4.24019e-06
4.12476e-06
4.00995e-06
3.89537e-06
3.78079e-06
3.66583e-06
3.55016e-06
3.43334e-06
3.31516e-06
3.19505e-06
3.07309e-06
2.94997e-06
2.8256e-06
2.70034e-06
2.57427e-06
2.44773e-06
2.32106e-06
2.19466e-06
2.06898e-06
1.94456e-06
1.82183e-06
1.70129e-06
1.58325e-06
1.46826e-06
1.35708e-06
1.25011e-06
1.14772e-06
1.05013e-06
9.57549e-07
8.70128e-07
7.88004e-07
7.1124e-07
6.39898e-07
5.73855e-07
5.13093e-07
4.5769e-07
4.07575e-07
3.6256e-07
3.22385e-07
2.86725e-07
2.55226e-07
2.27514e-07
2.03215e-07
1.81954e-07
1.63365e-07
1.47113e-07
1.32894e-07
1.20429e-07
1.09446e-07
9.96989e-08
9.10052e-08
8.32066e-08
7.61572e-08
6.97305e-08
6.38203e-08
5.83372e-08
5.32149e-08
4.84057e-08
4.3873e-08
3.95896e-08
3.55343e-08
3.16934e-08
2.80608e-08
2.46381e-08
2.14325e-08
1.84547e-08
1.57166e-08
1.32286e-08
1.09985e-08
9.02987e-09
7.31996e-09
5.85974e-09
4.6338e-09
3.62062e-09
2.79549e-09
2.1325e-09
1.6067e-09
1.19507e-09
8.77104e-10
6.34838e-10
4.52903e-10
3.18329e-10
2.20382e-10
1.5031e-10
1.01106e-10
6.72844e-11
4.48486e-11
5.00008e-10
5.52375e-06
5.40233e-06
5.28014e-06
5.15753e-06
5.03495e-06
4.9125e-06
4.79063e-06
4.6701e-06
4.55093e-06
4.43326e-06
4.31682e-06
4.20146e-06
4.08672e-06
3.97246e-06
3.85896e-06
3.74586e-06
3.63297e-06
3.51991e-06
3.40641e-06
3.29205e-06
3.17665e-06
3.0597e-06
2.94123e-06
2.82182e-06
2.70138e-06
2.58022e-06
2.45841e-06
2.33627e-06
2.21411e-06
2.09231e-06
1.97131e-06
1.8516e-06
1.7336e-06
1.6178e-06
1.50451e-06
1.39426e-06
1.28775e-06
1.18534e-06
1.08739e-06
9.94089e-07
9.05638e-07
8.22168e-07
7.438e-07
6.70583e-07
6.0257e-07
5.3965e-07
4.81806e-07
4.29098e-07
3.81448e-07
3.38676e-07
3.00534e-07
2.66711e-07
2.36868e-07
2.10644e-07
1.8768e-07
1.67619e-07
1.50109e-07
1.34828e-07
1.21486e-07
1.09811e-07
9.95448e-08
9.04564e-08
8.23683e-08
7.51279e-08
6.85966e-08
6.2655e-08
5.72028e-08
5.2157e-08
4.74557e-08
4.30551e-08
3.89218e-08
3.50304e-08
3.13607e-08
2.78988e-08
2.46372e-08
2.15757e-08
1.87187e-08
1.60739e-08
1.36496e-08
1.14532e-08
9.49022e-09
7.76256e-09
6.26695e-09
4.99446e-09
3.93056e-09
3.0553e-09
2.34604e-09
1.77923e-09
1.33235e-09
9.84731e-10
7.18033e-10
5.16286e-10
3.65903e-10
2.55499e-10
1.75736e-10
1.19071e-10
7.95133e-11
5.23784e-11
3.41114e-11
2.2122e-11
5.34768e-06
5.22838e-06
5.10809e-06
4.98718e-06
4.86613e-06
4.74513e-06
4.62463e-06
4.50531e-06
4.38725e-06
4.27059e-06
4.15513e-06
4.04077e-06
3.92714e-06
3.81414e-06
3.702e-06
3.59042e-06
3.47923e-06
3.3681e-06
3.25677e-06
3.14489e-06
3.03228e-06
2.91851e-06
2.80355e-06
2.68789e-06
2.57144e-06
2.45449e-06
2.33706e-06
2.21947e-06
2.10199e-06
1.985e-06
1.86889e-06
1.75413e-06
1.64112e-06
1.53033e-06
1.42207e-06
1.31684e-06
1.21527e-06
1.11769e-06
1.02443e-06
9.35686e-07
8.51616e-07
7.72339e-07
6.97958e-07
6.28508e-07
5.6403e-07
5.04427e-07
4.49676e-07
3.9982e-07
3.54778e-07
3.14378e-07
2.78382e-07
2.46494e-07
2.18392e-07
1.93731e-07
1.72167e-07
1.53358e-07
1.36971e-07
1.22699e-07
1.10262e-07
9.94011e-08
8.98705e-08
8.14534e-08
7.39798e-08
6.73034e-08
6.12932e-08
5.58374e-08
5.0842e-08
4.62303e-08
4.19452e-08
3.79465e-08
3.4204e-08
3.06945e-08
2.73986e-08
2.43023e-08
2.13976e-08
1.86823e-08
1.61586e-08
1.38314e-08
1.1706e-08
9.78715e-09
8.07797e-09
6.57908e-09
5.2866e-09
4.19176e-09
3.28085e-09
2.53544e-09
1.93491e-09
1.458e-09
1.08452e-09
7.96076e-10
5.76453e-10
4.11619e-10
2.89734e-10
2.00965e-10
1.37334e-10
9.24694e-11
6.13729e-11
4.01722e-11
2.59469e-11
1.65587e-11
5.16234e-06
5.04541e-06
4.92729e-06
4.80837e-06
4.68915e-06
4.5699e-06
4.45106e-06
4.33323e-06
4.21653e-06
4.10113e-06
3.98689e-06
3.87373e-06
3.76138e-06
3.64976e-06
3.53908e-06
3.42909e-06
3.31968e-06
3.21053e-06
3.10144e-06
2.99209e-06
2.88233e-06
2.77178e-06
2.6604e-06
2.54858e-06
2.43623e-06
2.3236e-06
2.21071e-06
2.09784e-06
1.98523e-06
1.87326e-06
1.76226e-06
1.6527e-06
1.54494e-06
1.43942e-06
1.33646e-06
1.23651e-06
1.14013e-06
1.04764e-06
9.59327e-07
8.75367e-07
7.95904e-07
7.21036e-07
6.50846e-07
5.85355e-07
5.24593e-07
4.6847e-07
4.16963e-07
3.70093e-07
3.2778e-07
2.89858e-07
2.56101e-07
2.2623e-07
1.99939e-07
1.76901e-07
1.56785e-07
1.39271e-07
1.24041e-07
1.10805e-07
9.92935e-08
8.92618e-08
8.04789e-08
7.27405e-08
6.58855e-08
5.97745e-08
5.4285e-08
4.93126e-08
4.47701e-08
4.05868e-08
3.67108e-08
3.31054e-08
2.97436e-08
2.6604e-08
2.36686e-08
2.09234e-08
1.83599e-08
1.59745e-08
1.37675e-08
1.17413e-08
9.89854e-09
8.24158e-09
6.77162e-09
5.48796e-09
4.3862e-09
3.45771e-09
2.68962e-09
2.065e-09
1.56516e-09
1.17105e-09
8.64769e-10
6.30119e-10
4.52941e-10
3.21095e-10
2.24432e-10
1.5462e-10
1.04981e-10
7.02521e-11
4.63566e-11
3.01761e-11
1.93833e-11
1.22895e-11
4.9676e-06
4.85327e-06
4.73757e-06
4.62093e-06
4.50385e-06
4.38664e-06
4.26974e-06
4.1537e-06
4.03865e-06
3.92479e-06
3.81201e-06
3.70028e-06
3.58941e-06
3.47935e-06
3.37028e-06
3.26201e-06
3.15448e-06
3.04743e-06
2.94067e-06
2.83395e-06
2.72714e-06
2.61992e-06
2.51222e-06
2.40435e-06
2.29623e-06
2.18809e-06
2.07991e-06
1.97194e-06
1.86443e-06
1.75768e-06
1.65205e-06
1.54792e-06
1.44566e-06
1.34567e-06
1.24825e-06
1.15382e-06
1.06288e-06
9.75708e-07
8.92564e-07
8.13601e-07
7.38944e-07
6.68671e-07
6.02846e-07
5.41476e-07
4.8458e-07
4.32074e-07
3.83931e-07
3.40157e-07
3.00669e-07
2.65309e-07
2.33866e-07
2.06075e-07
1.81648e-07
1.60276e-07
1.41647e-07
1.25456e-07
1.11406e-07
9.92215e-08
8.86485e-08
7.9455e-08
7.14247e-08
6.4367e-08
5.81295e-08
5.25813e-08
4.76081e-08
4.31134e-08
3.90168e-08
3.5254e-08
3.17777e-08
2.8555e-08
2.55618e-08
2.27788e-08
2.01891e-08
1.77792e-08
1.554e-08
1.3467e-08
1.15587e-08
9.81542e-09
8.23783e-09
6.82598e-09
5.57938e-09
4.4962e-09
3.57158e-09
2.79708e-09
2.16064e-09
1.64682e-09
1.23882e-09
9.19754e-10
6.73915e-10
4.87239e-10
3.47561e-10
2.44563e-10
1.69726e-10
1.16142e-10
7.83536e-11
5.21192e-11
3.41992e-11
2.21466e-11
1.41569e-11
8.93385e-12
4.76341e-06
4.6519e-06
4.53887e-06
4.42478e-06
4.31013e-06
4.19527e-06
4.08061e-06
3.96665e-06
3.85356e-06
3.74152e-06
3.63048e-06
3.52045e-06
3.4113e-06
3.303e-06
3.19572e-06
3.08936e-06
2.98387e-06
2.87906e-06
2.77478e-06
2.67084e-06
2.56713e-06
2.46338e-06
2.3595e-06
2.25575e-06
2.15204e-06
2.04855e-06
1.94528e-06
1.84244e-06
1.74023e-06
1.63896e-06
1.53891e-06
1.44046e-06
1.34394e-06
1.24972e-06
1.15808e-06
1.0694e-06
9.84109e-07
9.02455e-07
8.2467e-07
7.50884e-07
6.81199e-07
6.15674e-07
5.54355e-07
4.97236e-07
4.44323e-07
3.9554e-07
3.50853e-07
3.10255e-07
2.73663e-07
2.40928e-07
2.11851e-07
1.86184e-07
1.63658e-07
1.43981e-07
1.2686e-07
1.1201e-07
9.91519e-08
8.8026e-08
7.83948e-08
7.00403e-08
6.27609e-08
5.63798e-08
5.07539e-08
4.57612e-08
4.12963e-08
3.72703e-08
3.36099e-08
3.02569e-08
2.71687e-08
2.43161e-08
2.16777e-08
1.92363e-08
1.69762e-08
1.48842e-08
1.29512e-08
1.11717e-08
9.54298e-09
8.06369e-09
6.73254e-09
5.54782e-09
4.5076e-09
3.60907e-09
2.84699e-09
2.21315e-09
1.69632e-09
1.28254e-09
9.56881e-10
7.04546e-10
5.11968e-10
3.67148e-10
2.59839e-10
1.81465e-10
1.25044e-10
8.49992e-11
5.69881e-11
3.76888e-11
2.45986e-11
1.58516e-11
1.00875e-11
6.3395e-12
4.54978e-06
4.4413e-06
4.3312e-06
4.21993e-06
4.108e-06
3.99578e-06
3.88366e-06
3.7721e-06
3.66128e-06
3.55138e-06
3.44239e-06
3.33434e-06
3.22717e-06
3.12088e-06
3.01564e-06
2.91138e-06
2.80814e-06
2.70578e-06
2.60419e-06
2.50322e-06
2.4028e-06
2.3027e-06
2.20284e-06
2.10341e-06
2.00431e-06
1.9057e-06
1.80756e-06
1.71007e-06
1.6134e-06
1.51782e-06
1.4236e-06
1.33107e-06
1.24052e-06
1.15229e-06
1.06664e-06
9.83893e-07
9.04434e-07
8.2847e-07
7.56202e-07
6.87734e-07
6.23151e-07
5.6249e-07
5.05781e-07
4.53006e-07
4.04161e-07
3.59171e-07
3.18001e-07
2.80633e-07
2.46981e-07
2.16909e-07
1.90229e-07
1.66712e-07
1.46104e-07
1.28135e-07
1.12532e-07
9.9027e-08
8.73606e-08
7.72911e-08
6.85967e-08
6.10744e-08
5.45377e-08
4.88231e-08
4.37978e-08
3.93491e-08
3.53806e-08
3.18111e-08
2.85742e-08
2.56178e-08
2.29039e-08
2.04067e-08
1.81076e-08
1.59912e-08
1.40429e-08
1.22504e-08
1.06042e-08
9.09827e-09
7.72896e-09
6.49346e-09
5.389e-09
4.41243e-09
3.56063e-09
2.82996e-09
2.21491e-09
1.70756e-09
1.29758e-09
9.72461e-10
7.19121e-10
5.24832e-10
3.78089e-10
2.6888e-10
1.88781e-10
1.30857e-10
8.95461e-11
6.04795e-11
4.03092e-11
2.65132e-11
1.72182e-11
1.10452e-11
7e-12
4.38269e-12
4.32681e-06
4.22157e-06
4.11463e-06
4.00646e-06
3.89754e-06
3.78826e-06
3.679e-06
3.57015e-06
3.46193e-06
3.3545e-06
3.24789e-06
3.14214e-06
3.03725e-06
2.93325e-06
2.83032e-06
2.72846e-06
2.62773e-06
2.52806e-06
2.42941e-06
2.33166e-06
2.23477e-06
2.13857e-06
2.04295e-06
1.94807e-06
1.85383e-06
1.76034e-06
1.66757e-06
1.57567e-06
1.48478e-06
1.39513e-06
1.30697e-06
1.22057e-06
1.13619e-06
1.05414e-06
9.74652e-07
8.98007e-07
8.24523e-07
7.54378e-07
6.8774e-07
6.24693e-07
5.65297e-07
5.09576e-07
4.5754e-07
4.09164e-07
3.64432e-07
3.23273e-07
2.85649e-07
2.51532e-07
2.2084e-07
1.93444e-07
1.6917e-07
1.47806e-07
1.29119e-07
1.12856e-07
9.87641e-08
8.65963e-08
7.61115e-08
6.70862e-08
5.93153e-08
5.26109e-08
4.68016e-08
4.17379e-08
3.72974e-08
3.3377e-08
2.98891e-08
2.67605e-08
2.39316e-08
2.1356e-08
1.90003e-08
1.68419e-08
1.48648e-08
1.30551e-08
1.13997e-08
9.88668e-09
8.50673e-09
7.25343e-09
6.12229e-09
5.10948e-09
4.21104e-09
3.42274e-09
2.7405e-09
2.16007e-09
1.67579e-09
1.28012e-09
9.63656e-10
7.1539e-10
5.24069e-10
3.78978e-10
2.70608e-10
1.90831e-10
1.32932e-10
9.14752e-11
6.21817e-11
4.17437e-11
2.76686e-11
1.81074e-11
1.17057e-11
7.47813e-12
4.72185e-12
2.94651e-12
4.0947e-06
3.9929e-06
3.88936e-06
3.78454e-06
3.67892e-06
3.57288e-06
3.46678e-06
3.36099e-06
3.25571e-06
3.1511e-06
3.04722e-06
2.94413e-06
2.84186e-06
2.74049e-06
2.6402e-06
2.54105e-06
2.44315e-06
2.34649e-06
2.25108e-06
2.15686e-06
2.0638e-06
1.97177e-06
1.88068e-06
1.79063e-06
1.70151e-06
1.61341e-06
1.52626e-06
1.4402e-06
1.35533e-06
1.27184e-06
1.18993e-06
1.10985e-06
1.03182e-06
9.56109e-07
8.82918e-07
8.12486e-07
7.45073e-07
6.80828e-07
6.19888e-07
5.62312e-07
5.08145e-07
4.57391e-07
4.1005e-07
3.66086e-07
3.25474e-07
2.88148e-07
2.54066e-07
2.23192e-07
1.9545e-07
1.70718e-07
1.48837e-07
1.29612e-07
1.12828e-07
9.82531e-08
8.56541e-08
7.4803e-08
6.54788e-08
5.74761e-08
5.06068e-08
4.46986e-08
3.95955e-08
3.51615e-08
3.12851e-08
2.78729e-08
2.48463e-08
2.21398e-08
1.97004e-08
1.74875e-08
1.54717e-08
1.36335e-08
1.19592e-08
1.04366e-08
9.05349e-09
7.79881e-09
6.66346e-09
5.64075e-09
4.72566e-09
3.91356e-09
3.19967e-09
2.57896e-09
2.04672e-09
1.59826e-09
1.22792e-09
9.28649e-10
6.92043e-10
5.08636e-10
3.68995e-10
2.64353e-10
1.87098e-10
1.30856e-10
9.04642e-11
6.1824e-11
4.17659e-11
2.78825e-11
1.83886e-11
1.19798e-11
7.71298e-12
4.90958e-12
3.09006e-12
1.92273e-12
3.85372e-06
3.75555e-06
3.65564e-06
3.55444e-06
3.4524e-06
3.3499e-06
3.24729e-06
3.14491e-06
3.04293e-06
2.94153e-06
2.84076e-06
2.74072e-06
2.64146e-06
2.54311e-06
2.44584e-06
2.34979e-06
2.2551e-06
2.16184e-06
2.07004e-06
1.9797e-06
1.89083e-06
1.80331e-06
1.71706e-06
1.63214e-06
1.54844e-06
1.46599e-06
1.38473e-06
1.30474e-06
1.2261e-06
1.14896e-06
1.07349e-06
9.99884e-07
9.2834e-07
8.59073e-07
7.92262e-07
7.28102e-07
6.66803e-07
6.08485e-07
5.53254e-07
5.0115e-07
4.522e-07
4.06396e-07
3.63725e-07
3.24144e-07
2.8762e-07
2.54091e-07
2.23512e-07
1.95844e-07
1.71014e-07
1.4891e-07
1.29387e-07
1.12267e-07
9.73525e-08
8.44319e-08
7.32925e-08
6.37259e-08
5.55305e-08
4.85197e-08
4.25221e-08
3.73816e-08
3.29571e-08
2.91262e-08
2.57886e-08
2.28607e-08
2.02724e-08
1.79661e-08
1.58952e-08
1.40243e-08
1.23279e-08
1.07894e-08
9.39708e-09
8.14012e-09
7.00753e-09
5.98887e-09
5.07537e-09
4.26031e-09
3.53829e-09
2.90418e-09
2.35269e-09
1.87832e-09
1.47596e-09
1.14075e-09
8.67191e-10
6.48848e-10
4.78431e-10
3.48034e-10
2.50016e-10
1.77468e-10
1.24533e-10
8.6418e-11
5.93213e-11
4.02851e-11
2.70631e-11
1.79779e-11
1.18044e-11
7.66012e-12
4.91459e-12
3.11868e-12
1.95759e-12
1.21517e-12
3.60423e-06
3.50988e-06
3.41383e-06
3.3165e-06
3.21834e-06
3.1197e-06
3.02093e-06
2.92232e-06
2.82405e-06
2.72626e-06
2.62904e-06
2.53249e-06
2.43669e-06
2.34179e-06
2.24801e-06
2.15551e-06
2.06448e-06
1.97505e-06
1.88729e-06
1.80126e-06
1.71697e-06
1.63434e-06
1.55328e-06
1.47383e-06
1.39584e-06
1.31932e-06
1.24419e-06
1.17049e-06
1.09827e-06
1.02764e-06
9.5873e-07
8.91702e-07
8.26713e-07
7.6394e-07
7.0353e-07
6.45641e-07
5.90438e-07
5.38013e-07
4.88444e-07
4.41757e-07
3.97961e-07
3.57038e-07
3.18965e-07
2.83695e-07
2.51188e-07
2.21384e-07
1.94237e-07
1.69708e-07
1.47725e-07
1.2819e-07
1.10968e-07
9.58984e-08
8.28023e-08
7.14878e-08
6.17619e-08
5.34357e-08
4.63275e-08
4.02689e-08
3.51057e-08
3.06974e-08
2.69182e-08
2.3659e-08
2.08306e-08
1.83591e-08
1.6183e-08
1.4252e-08
1.25258e-08
1.09739e-08
9.57434e-09
8.3132e-09
7.18027e-09
6.16618e-09
5.2609e-09
4.45474e-09
3.73937e-09
3.10813e-09
2.55549e-09
2.07607e-09
1.66433e-09
1.31463e-09
1.02178e-09
7.80958e-10
5.87036e-10
4.34361e-10
3.16838e-10
2.28133e-10
1.62325e-10
1.14214e-10
7.95094e-11
5.47805e-11
3.73658e-11
2.52342e-11
1.68702e-11
1.11598e-11
7.3005e-12
4.72196e-12
3.02077e-12
1.91208e-12
1.19759e-12
7.4199e-13
3.34667e-06
3.25635e-06
3.16439e-06
3.0712e-06
2.97721e-06
2.88278e-06
2.78821e-06
2.69378e-06
2.59964e-06
2.50594e-06
2.41276e-06
2.32019e-06
2.22836e-06
2.13744e-06
2.04767e-06
1.95925e-06
1.87241e-06
1.78731e-06
1.7041e-06
1.62283e-06
1.54356e-06
1.46622e-06
1.39073e-06
1.31705e-06
1.24507e-06
1.17473e-06
1.10595e-06
1.03872e-06
9.73054e-07
9.09038e-07
8.46759e-07
7.86345e-07
7.27918e-07
6.71617e-07
6.17562e-07
5.65875e-07
5.16683e-07
4.70053e-07
4.26041e-07
3.84657e-07
3.459e-07
3.09741e-07
2.76149e-07
2.45075e-07
2.16475e-07
1.90289e-07
1.66473e-07
1.44985e-07
1.25761e-07
1.0871e-07
9.37113e-08
8.06208e-08
6.92762e-08
5.95051e-08
5.1134e-08
4.39935e-08
3.79211e-08
3.2767e-08
2.83935e-08
2.4676e-08
2.15033e-08
1.87798e-08
1.64271e-08
1.43806e-08
1.25874e-08
1.10042e-08
9.59656e-09
8.33839e-09
7.2112e-09
6.2031e-09
5.30545e-09
4.50995e-09
3.80755e-09
3.18932e-09
2.64746e-09
2.17554e-09
1.76805e-09
1.41963e-09
1.12481e-09
8.78076e-10
6.7447e-10
5.09482e-10
3.78565e-10
2.76993e-10
1.99927e-10
1.42555e-10
1.00537e-10
7.01787e-11
4.85106e-11
3.32162e-11
2.2535e-11
1.51483e-11
1.00874e-11
6.65038e-12
4.33777e-12
2.79838e-12
1.78611e-12
1.12832e-12
7.05497e-13
4.36451e-13
3.08137e-06
2.99528e-06
2.90766e-06
2.81891e-06
2.72944e-06
2.63959e-06
2.54965e-06
2.45985e-06
2.37036e-06
2.28127e-06
2.19268e-06
2.10469e-06
2.01743e-06
1.93109e-06
1.84593e-06
1.76219e-06
1.68012e-06
1.59994e-06
1.5218e-06
1.44581e-06
1.37202e-06
1.30038e-06
1.23081e-06
1.16324e-06
1.09752e-06
1.03357e-06
9.71297e-07
9.10651e-07
8.51623e-07
7.94255e-07
7.38607e-07
6.84771e-07
6.3284e-07
5.8292e-07
5.35104e-07
4.89484e-07
4.46155e-07
4.05164e-07
3.66547e-07
3.30303e-07
2.9642e-07
2.64864e-07
2.35598e-07
2.08569e-07
1.8373e-07
1.61025e-07
1.4041e-07
1.21843e-07
1.05266e-07
9.05957e-08
7.77254e-08
6.65255e-08
5.6851e-08
4.8548e-08
4.14622e-08
3.5443e-08
3.03471e-08
2.60424e-08
2.2408e-08
1.93345e-08
1.67254e-08
1.44977e-08
1.25838e-08
1.09284e-08
9.48633e-09
8.22117e-09
7.10378e-09
6.1123e-09
5.23114e-09
4.45032e-09
3.76239e-09
3.16001e-09
2.63504e-09
2.17935e-09
1.78577e-09
1.44826e-09
1.16154e-09
9.20495e-10
7.20012e-10
5.55054e-10
4.21156e-10
3.14382e-10
2.30966e-10
1.67209e-10
1.1952e-10
8.44829e-11
5.91262e-11
4.09973e-11
2.81759e-11
1.91972e-11
1.29692e-11
8.68714e-12
5.76767e-12
3.79293e-12
2.46853e-12
1.58935e-12
1.01263e-12
6.387e-13
3.98809e-13
2.46419e-13
2.81881e-06
2.73705e-06
2.65391e-06
2.56977e-06
2.48503e-06
2.40002e-06
2.31501e-06
2.23021e-06
2.14574e-06
2.0617e-06
1.97815e-06
1.8952e-06
1.81299e-06
1.73172e-06
1.65165e-06
1.57306e-06
1.49622e-06
1.42134e-06
1.34864e-06
1.27822e-06
1.21015e-06
1.14438e-06
1.08081e-06
1.01937e-06
9.59881e-07
9.0224e-07
8.4632e-07
7.92057e-07
7.39416e-07
6.88407e-07
6.39065e-07
5.91454e-07
5.45642e-07
5.01709e-07
4.59724e-07
4.19757e-07
3.81875e-07
3.46111e-07
3.12486e-07
2.80989e-07
2.51602e-07
2.24285e-07
1.98999e-07
1.75688e-07
1.54305e-07
1.34795e-07
1.17114e-07
1.01222e-07
8.70655e-08
7.45709e-08
6.36421e-08
5.41637e-08
4.60065e-08
3.90338e-08
3.31089e-08
2.80993e-08
2.38793e-08
2.03337e-08
1.73569e-08
1.48544e-08
1.27428e-08
1.09511e-08
9.42167e-09
8.10753e-09
6.97095e-09
5.98137e-09
5.11444e-09
4.35194e-09
3.68079e-09
3.09251e-09
2.58062e-09
2.13854e-09
1.75899e-09
1.4347e-09
1.15922e-09
9.27011e-10
7.33271e-10
5.73374e-10
4.4281e-10
3.37271e-10
2.53027e-10
1.86895e-10
1.35979e-10
9.75836e-11
6.92166e-11
4.86026e-11
3.38247e-11
2.33433e-11
1.59797e-11
1.08515e-11
7.31069e-12
4.88556e-12
3.23741e-12
2.12544e-12
1.38118e-12
8.87977e-13
5.64975e-13
3.55891e-13
2.21959e-13
1.36995e-13
2.56944e-06
2.49197e-06
2.4133e-06
2.33382e-06
2.25389e-06
2.17384e-06
2.09391e-06
2.01429e-06
1.93507e-06
1.85632e-06
1.77809e-06
1.70047e-06
1.62358e-06
1.54765e-06
1.47294e-06
1.39972e-06
1.32828e-06
1.25886e-06
1.19167e-06
1.12682e-06
1.0644e-06
1.00436e-06
9.46596e-07
8.90996e-07
8.37389e-07
7.85644e-07
7.35622e-07
6.87239e-07
6.4044e-07
5.95217e-07
5.51583e-07
5.09582e-07
4.69262e-07
4.30681e-07
3.93895e-07
3.58952e-07
3.25902e-07
2.94764e-07
2.6555e-07
2.38242e-07
2.12816e-07
1.89232e-07
1.67445e-07
1.47403e-07
1.29054e-07
1.12346e-07
9.7235e-08
8.36846e-08
7.16449e-08
6.10495e-08
5.18125e-08
4.38311e-08
3.69898e-08
3.11675e-08
2.62433e-08
2.21007e-08
1.86302e-08
1.57311e-08
1.33121e-08
1.12917e-08
9.59832e-09
8.17164e-09
6.96257e-09
5.93167e-09
5.04743e-09
4.28439e-09
3.62225e-09
3.04577e-09
2.54393e-09
2.10941e-09
1.73647e-09
1.41922e-09
1.1512e-09
9.26013e-10
7.37975e-10
5.82255e-10
4.54652e-10
3.51228e-10
2.68252e-10
2.02273e-10
1.50384e-10
1.10189e-10
7.96056e-11
5.67803e-11
4.00691e-11
2.80183e-11
1.94333e-11
1.33748e-11
9.13513e-12
6.19173e-12
4.16462e-12
2.77919e-12
1.83932e-12
1.20615e-12
7.82869e-13
5.02684e-13
3.19421e-13
2.00956e-13
1.25179e-13
7.71707e-14
2.3334e-06
2.26024e-06
2.18611e-06
2.11137e-06
2.03637e-06
1.96142e-06
1.88674e-06
1.81248e-06
1.73872e-06
1.66548e-06
1.59278e-06
1.5207e-06
1.44936e-06
1.37895e-06
1.30975e-06
1.24203e-06
1.17607e-06
1.11212e-06
1.05039e-06
9.91029e-07
9.34089e-07
8.7954e-07
8.27273e-07
7.77161e-07
7.29027e-07
6.82724e-07
6.38106e-07
5.95076e-07
5.53569e-07
5.13559e-07
4.75047e-07
4.38061e-07
4.02634e-07
3.68812e-07
3.36632e-07
3.06133e-07
2.77348e-07
2.50288e-07
2.24955e-07
2.01329e-07
1.79382e-07
1.59071e-07
1.40352e-07
1.23171e-07
1.07476e-07
9.32164e-08
8.035e-08
6.88411e-08
5.86442e-08
4.96996e-08
4.19302e-08
3.52442e-08
2.95386e-08
2.47059e-08
2.06394e-08
1.72372e-08
1.44039e-08
1.20523e-08
1.01034e-08
8.48723e-09
7.14292e-09
6.01931e-09
5.07495e-09
4.27689e-09
3.59893e-09
3.01991e-09
2.52295e-09
2.09528e-09
1.72757e-09
1.41347e-09
1.14785e-09
9.2548e-10
7.40719e-10
5.88094e-10
4.62798e-10
3.60785e-10
2.78589e-10
2.13058e-10
1.61293e-10
1.20701e-10
8.91577e-11
6.49703e-11
4.67222e-11
3.31995e-11
2.33578e-11
1.62944e-11
1.1281e-11
7.75252e-12
5.28829e-12
3.58012e-12
2.40526e-12
1.6033e-12
1.0599e-12
6.94236e-13
4.50032e-13
2.88563e-13
1.83091e-13
1.15017e-13
7.15439e-14
4.40447e-14
2.1109e-06
2.04215e-06
1.97266e-06
1.90278e-06
1.83285e-06
1.76314e-06
1.69387e-06
1.62514e-06
1.55699e-06
1.48941e-06
1.42239e-06
1.35598e-06
1.29028e-06
1.22547e-06
1.16182e-06
1.09959e-06
1.03906e-06
9.80489e-07
9.24079e-07
8.69978e-07
8.18257e-07
7.68883e-07
7.21748e-07
6.76715e-07
6.33607e-07
5.92269e-07
5.52552e-07
5.14353e-07
4.77597e-07
4.42252e-07
4.08309e-07
3.75782e-07
3.44696e-07
3.15083e-07
2.86973e-07
2.60391e-07
2.3536e-07
2.11884e-07
1.89959e-07
1.69561e-07
1.5066e-07
1.33213e-07
1.17175e-07
1.02491e-07
8.91116e-08
7.6985e-08
6.60711e-08
5.63357e-08
4.77373e-08
4.02219e-08
3.37201e-08
2.815e-08
2.34196e-08
1.94338e-08
1.60986e-08
1.33251e-08
1.10305e-08
9.13929e-09
7.58372e-09
6.30411e-09
5.24879e-09
4.37462e-09
3.64686e-09
3.03807e-09
2.52659e-09
2.09489e-09
1.72894e-09
1.41808e-09
1.15439e-09
9.32363e-10
7.47469e-10
5.95148e-10
4.70644e-10
3.69441e-10
2.8765e-10
2.22052e-10
1.6996e-10
1.28995e-10
9.70393e-11
7.22462e-11
5.31461e-11
3.86004e-11
2.76853e-11
1.96307e-11
1.37887e-11
9.60677e-12
6.64411e-12
4.56168e-12
3.10868e-12
2.10228e-12
1.4107e-12
9.39125e-13
6.19984e-13
4.055e-13
2.62445e-13
1.67991e-13
1.06398e-13
6.6721e-14
4.14327e-14
2.54663e-14
1.90231e-06
1.8381e-06
1.77339e-06
1.70849e-06
1.64375e-06
1.57941e-06
1.51565e-06
1.45254e-06
1.39008e-06
1.32822e-06
1.26692e-06
1.20618e-06
1.14609e-06
1.08683e-06
1.02863e-06
9.71766e-07
9.16503e-07
8.63088e-07
8.11739e-07
7.62608e-07
7.1577e-07
6.71198e-07
6.28789e-07
5.88402e-07
5.49862e-07
5.13014e-07
4.77708e-07
4.4384e-07
4.1133e-07
3.8014e-07
3.50255e-07
3.21681e-07
2.94435e-07
2.68539e-07
2.44015e-07
2.2088e-07
1.99148e-07
1.78817e-07
1.59878e-07
1.42305e-07
1.26067e-07
1.1112e-07
9.74184e-08
8.49102e-08
7.35439e-08
6.32701e-08
5.40496e-08
4.58499e-08
3.8633e-08
3.23499e-08
2.69384e-08
2.2325e-08
1.84281e-08
1.51633e-08
1.2448e-08
1.02052e-08
8.36291e-09
6.85626e-09
5.62736e-09
4.62555e-09
3.80724e-09
3.13625e-09
2.58361e-09
2.12663e-09
1.74744e-09
1.43158e-09
1.16745e-09
9.46184e-10
7.61128e-10
6.07551e-10
4.81567e-10
3.79347e-10
2.97033e-10
2.31064e-10
1.78444e-10
1.36753e-10
1.04016e-10
7.85385e-11
5.88441e-11
4.3676e-11
3.20552e-11
2.32407e-11
1.66453e-11
1.17888e-11
8.27233e-12
5.75848e-12
3.97921e-12
2.72943e-12
1.85792e-12
1.25473e-12
8.40642e-13
5.58665e-13
3.68151e-13
2.40339e-13
1.55244e-13
9.91656e-14
6.26754e-14
3.92233e-14
2.43109e-14
1.49159e-14
1.70809e-06
1.64856e-06
1.58874e-06
1.52894e-06
1.46946e-06
1.41054e-06
1.35231e-06
1.2948e-06
1.238e-06
1.1818e-06
1.12611e-06
1.07092e-06
1.01629e-06
9.62382e-07
9.09427e-07
8.57682e-07
8.0741e-07
7.58856e-07
7.12242e-07
6.67726e-07
6.25394e-07
5.85226e-07
5.47124e-07
5.1095e-07
4.76533e-07
4.43721e-07
4.12367e-07
3.82365e-07
3.53637e-07
3.26139e-07
2.99852e-07
2.74776e-07
2.50922e-07
2.28304e-07
2.06938e-07
1.86833e-07
1.67997e-07
1.50422e-07
1.34096e-07
1.18992e-07
1.05076e-07
9.23073e-08
8.06392e-08
7.00206e-08
6.04007e-08
5.17316e-08
4.39751e-08
3.71006e-08
3.10733e-08
2.58487e-08
2.13708e-08
1.75739e-08
1.43855e-08
1.17311e-08
9.53838e-09
7.74049e-09
6.27528e-09
5.08729e-09
4.1273e-09
3.35256e-09
2.72648e-09
2.21891e-09
1.80583e-09
1.46859e-09
1.19254e-09
9.65813e-10
7.78922e-10
6.24566e-10
4.97244e-10
3.93014e-10
3.08666e-10
2.41131e-10
1.87423e-10
1.4486e-10
1.11245e-10
8.48418e-11
6.42719e-11
4.83755e-11
3.61612e-11
2.67966e-11
1.96438e-11
1.4229e-11
1.01824e-11
7.20534e-12
5.05166e-12
3.51322e-12
2.42508e-12
1.66126e-12
1.12905e-12
7.61087e-13
5.08857e-13
3.37423e-13
2.21853e-13
1.44502e-13
9.31224e-14
5.93434e-14
3.74193e-14
2.3366e-14
1.44531e-14
8.85102e-15
1.5287e-06
1.47394e-06
1.41908e-06
1.3644e-06
1.31017e-06
1.2566e-06
1.20381e-06
1.1518e-06
1.10048e-06
1.04973e-06
9.9943e-07
9.49535e-07
9.00091e-07
8.51247e-07
8.03223e-07
7.56273e-07
7.10652e-07
6.66605e-07
6.24357e-07
5.84078e-07
5.45862e-07
5.09698e-07
4.75497e-07
4.43123e-07
4.12413e-07
3.83217e-07
3.55395e-07
3.28841e-07
3.03477e-07
2.79256e-07
2.56157e-07
2.34176e-07
2.13317e-07
1.9359e-07
1.75002e-07
1.5756e-07
1.41264e-07
1.26103e-07
1.12062e-07
9.91119e-08
8.72197e-08
7.63445e-08
6.64414e-08
5.74603e-08
4.93512e-08
4.20678e-08
3.55732e-08
2.98384e-08
2.48315e-08
2.05122e-08
1.68301e-08
1.37266e-08
1.11371e-08
8.9963e-09
7.24111e-09
5.81343e-09
4.66007e-09
3.73376e-09
2.99289e-09
2.40158e-09
1.92934e-09
1.55119e-09
1.24741e-09
1.00277e-09
8.05329e-10
6.45509e-10
5.15627e-10
4.09795e-10
3.23587e-10
2.53841e-10
1.98028e-10
1.53807e-10
1.18968e-10
9.15773e-11
7.0085e-11
5.32953e-11
4.0277e-11
3.02598e-11
2.2591e-11
1.67264e-11
1.22536e-11
8.87019e-12
6.34279e-12
4.48411e-12
3.14036e-12
2.18121e-12
1.5034e-12
1.02807e-12
6.97278e-13
4.68933e-13
3.12724e-13
2.06815e-13
1.35619e-13
8.81045e-14
5.66315e-14
3.59969e-14
2.26422e-14
1.41062e-14
8.70737e-15
5.32229e-15
1.36449e-06
1.31451e-06
1.26457e-06
1.21491e-06
1.16579e-06
1.1174e-06
1.06982e-06
1.02304e-06
9.7692e-07
9.31313e-07
8.86073e-07
8.41128e-07
7.96511e-07
7.52364e-07
7.08903e-07
6.66375e-07
6.25033e-07
5.85118e-07
5.46862e-07
5.10442e-07
4.75963e-07
4.43425e-07
4.12743e-07
3.83789e-07
3.56406e-07
3.30447e-07
3.05779e-07
2.82297e-07
2.59924e-07
2.38613e-07
2.18339e-07
1.99094e-07
1.80879e-07
1.63698e-07
1.47556e-07
1.32451e-07
1.18381e-07
1.05333e-07
9.32862e-08
8.22136e-08
7.20813e-08
6.28497e-08
5.44753e-08
4.69096e-08
4.01039e-08
3.40134e-08
2.86026e-08
2.38444e-08
1.97093e-08
1.61608e-08
1.31537e-08
1.06356e-08
8.54952e-09
6.83791e-09
5.44608e-09
4.32392e-09
3.426e-09
2.71225e-09
2.14772e-09
1.70252e-09
1.35142e-09
1.07393e-09
8.54005e-10
6.7933e-10
5.4034e-10
4.29388e-10
3.40397e-10
2.6874e-10
2.10969e-10
1.64652e-10
1.27892e-10
9.89805e-11
7.63445e-11
5.86342e-11
4.47879e-11
3.40014e-11
2.56587e-11
1.92551e-11
1.43636e-11
1.06285e-11
7.78183e-12
5.62919e-12
4.02149e-12
2.8396e-12
1.9858e-12
1.377e-12
9.47292e-13
6.46371e-13
4.37304e-13
2.93284e-13
1.9501e-13
1.2858e-13
8.40693e-14
5.44616e-14
3.49113e-14
2.21322e-14
1.38864e-14
8.63157e-15
5.31715e-15
3.24404e-15
1.21549e-06
1.17018e-06
1.12498e-06
1.08013e-06
1.03586e-06
9.92346e-07
9.49655e-07
9.07735e-07
8.66441e-07
8.25587e-07
7.85006e-07
7.44608e-07
7.04418e-07
6.6457e-07
6.2528e-07
5.86794e-07
5.49356e-07
5.13208e-07
4.78582e-07
4.45667e-07
4.14574e-07
3.85312e-07
3.57803e-07
3.31924e-07
3.07525e-07
2.84465e-07
2.62613e-07
2.41869e-07
2.22157e-07
2.03428e-07
1.85656e-07
1.68831e-07
1.5295e-07
1.38013e-07
1.2402e-07
1.10968e-07
9.88474e-08
8.76443e-08
7.73377e-08
6.78987e-08
5.92942e-08
5.14861e-08
4.44325e-08
3.80869e-08
3.24023e-08
2.73354e-08
2.28521e-08
1.89273e-08
1.55338e-08
1.26385e-08
1.02006e-08
8.17389e-09
6.50778e-09
5.15207e-09
4.05943e-09
3.18688e-09
2.49581e-09
1.9525e-09
1.52782e-09
1.19707e-09
9.396e-10
7.38788e-10
5.81735e-10
4.58647e-10
3.61982e-10
2.85773e-10
2.25329e-10
1.77115e-10
1.38536e-10
1.07793e-10
8.35203e-11
6.45154e-11
4.96892e-11
3.81183e-11
2.90859e-11
2.20572e-11
1.66273e-11
1.24656e-11
9.29182e-12
6.87108e-12
5.02716e-12
3.63322e-12
2.59248e-12
1.82783e-12
1.276e-12
8.83052e-13
6.06122e-13
4.12534e-13
2.78315e-13
1.86083e-13
1.23332e-13
8.10566e-14
5.28324e-14
3.41259e-14
2.18151e-14
1.37933e-14
8.63308e-15
5.35428e-15
3.29185e-15
2.00485e-15
1.08134e-06
1.04045e-06
9.99712e-07
9.59339e-07
9.19558e-07
8.80531e-07
8.42314e-07
8.04839e-07
7.67941e-07
7.31412e-07
6.95066e-07
6.58799e-07
6.22627e-07
5.86686e-07
5.51188e-07
5.16378e-07
4.82493e-07
4.4977e-07
4.18443e-07
3.88707e-07
3.6068e-07
3.3438e-07
3.09733e-07
2.86621e-07
2.649e-07
2.44435e-07
2.25099e-07
2.06796e-07
1.8945e-07
1.73013e-07
1.57459e-07
1.42773e-07
1.28951e-07
1.1599e-07
1.03886e-07
9.26326e-08
8.22188e-08
7.26272e-08
6.38359e-08
5.58161e-08
4.85354e-08
4.19575e-08
3.60424e-08
3.07455e-08
2.60218e-08
2.183e-08
1.81375e-08
1.49208e-08
1.21549e-08
9.80988e-09
7.84926e-09
6.23191e-09
4.91343e-09
3.85014e-09
3.0013e-09
2.33027e-09
1.80448e-09
1.39581e-09
1.08017e-09
8.37407e-10
6.50817e-10
5.07115e-10
3.96103e-10
3.10127e-10
2.43365e-10
1.9127e-10
1.50309e-10
1.17854e-10
9.20061e-11
7.14767e-11
5.53116e-11
4.26839e-11
3.28504e-11
2.51839e-11
1.92018e-11
1.45479e-11
1.09547e-11
8.20417e-12
6.10975e-12
4.51421e-12
3.29971e-12
2.38208e-12
1.69734e-12
1.19465e-12
8.32331e-13
5.74731e-13
3.93515e-13
2.67092e-13
1.79645e-13
1.1972e-13
7.90794e-14
5.17979e-14
3.36543e-14
2.16743e-14
1.38175e-14
8.7142e-15
5.44129e-15
3.36763e-15
2.06664e-15
1.25657e-15
9.61217e-07
9.24414e-07
8.87766e-07
8.51479e-07
8.1577e-07
7.80801e-07
7.46621e-07
7.13153e-07
6.80216e-07
6.47588e-07
6.15065e-07
5.82531e-07
5.49995e-07
5.17593e-07
4.85538e-07
4.5407e-07
4.23418e-07
3.93812e-07
3.65485e-07
3.38635e-07
3.13389e-07
2.89767e-07
2.67703e-07
2.47081e-07
2.27764e-07
2.09622e-07
1.92535e-07
1.76407e-07
1.61166e-07
1.46764e-07
1.33173e-07
1.20378e-07
1.08372e-07
9.71501e-08
8.67055e-08
7.70286e-08
6.81065e-08
5.99201e-08
5.24467e-08
4.56578e-08
3.9522e-08
3.40046e-08
2.90678e-08
2.46694e-08
2.07665e-08
1.73198e-08
1.42984e-08
1.16802e-08
9.44258e-09
7.55826e-09
5.99475e-09
4.71568e-09
3.68224e-09
2.85666e-09
2.20408e-09
1.69354e-09
1.29783e-09
9.9369e-10
7.61515e-10
5.85041e-10
4.50983e-10
3.48894e-10
2.70856e-10
2.11007e-10
1.64948e-10
1.29286e-10
1.01417e-10
7.94292e-11
6.19571e-11
4.8097e-11
3.71939e-11
2.86851e-11
2.20646e-11
1.69051e-11
1.28793e-11
9.74738e-12
7.33067e-12
5.48311e-12
4.07874e-12
3.01046e-12
2.19812e-12
1.58481e-12
1.1275e-12
7.92105e-13
5.50708e-13
3.79372e-13
2.59074e-13
1.75332e-13
1.17554e-13
7.80763e-14
5.13929e-14
3.35481e-14
2.17275e-14
1.39527e-14
8.87149e-15
5.58127e-15
3.47733e-15
2.14792e-15
1.31589e-15
7.98867e-16
8.53974e-07
8.20873e-07
7.87917e-07
7.55301e-07
7.23242e-07
6.91904e-07
6.61336e-07
6.31457e-07
6.02077e-07
5.72957e-07
5.43881e-07
5.14718e-07
4.85473e-07
4.5628e-07
4.27354e-07
3.98929e-07
3.71225e-07
3.4446e-07
3.18865e-07
2.94639e-07
2.71914e-07
2.50716e-07
2.30982e-07
2.12602e-07
1.95444e-07
1.79383e-07
1.64303e-07
1.50114e-07
1.36745e-07
1.24148e-07
1.12296e-07
1.01172e-07
9.07669e-08
8.10745e-08
7.20858e-08
6.37891e-08
5.61696e-08
4.92069e-08
4.28779e-08
3.71544e-08
3.20063e-08
2.74006e-08
2.33019e-08
1.96704e-08
1.64657e-08
1.36503e-08
1.11954e-08
9.0804e-09
7.28438e-09
5.78291e-09
4.54702e-09
3.54481e-09
2.74253e-09
2.10778e-09
1.61102e-09
1.22634e-09
9.31262e-10
7.06849e-10
5.37335e-10
4.09832e-10
3.13942e-10
2.41594e-10
1.8675e-10
1.45001e-10
1.1308e-10
8.84994e-11
6.9368e-11
5.43078e-11
4.23487e-11
3.28609e-11
2.53974e-11
1.95753e-11
1.50478e-11
1.15204e-11
8.76839e-12
6.62773e-12
4.97714e-12
3.71724e-12
2.76155e-12
2.03586e-12
1.4847e-12
1.069e-12
7.59322e-13
5.32436e-13
3.69374e-13
2.53841e-13
1.72882e-13
1.16652e-13
7.79579e-14
5.15998e-14
3.38461e-14
2.20187e-14
1.42158e-14
9.10345e-15
5.77371e-15
3.62411e-15
2.25333e-15
1.38937e-15
8.49852e-16
5.15204e-16
7.5829e-07
7.2851e-07
6.98857e-07
6.6952e-07
6.40717e-07
6.12618e-07
5.85278e-07
5.58613e-07
5.32427e-07
5.06468e-07
4.80505e-07
4.54395e-07
4.28135e-07
4.01859e-07
3.75783e-07
3.50135e-07
3.25122e-07
3.0095e-07
2.77843e-07
2.56003e-07
2.35566e-07
2.16562e-07
1.98931e-07
1.82568e-07
1.67348e-07
1.53149e-07
1.39863e-07
1.274e-07
1.15695e-07
1.04699e-07
9.43858e-08
8.47373e-08
7.57434e-08
6.73955e-08
5.96834e-08
5.25937e-08
4.611e-08
4.02113e-08
3.4874e-08
3.00706e-08
2.57722e-08
2.1948e-08
1.85644e-08
1.55847e-08
1.29708e-08
1.06876e-08
8.70807e-09
7.01299e-09
5.58337e-09
4.39722e-09
3.42898e-09
2.65079e-09
2.03363e-09
1.54995e-09
1.17501e-09
8.87416e-10
6.68863e-10
5.04165e-10
3.80864e-10
2.88915e-10
2.20313e-10
1.68921e-10
1.30198e-10
1.00874e-10
7.85546e-11
6.14303e-11
4.81358e-11
3.7682e-11
2.93788e-11
2.27866e-11
1.75993e-11
1.35541e-11
1.04104e-11
7.96251e-12
6.05326e-12
4.56879e-12
3.42529e-12
2.55403e-12
1.89468e-12
1.39503e-12
1.0161e-12
7.30611e-13
5.18139e-13
3.62637e-13
2.51037e-13
1.72099e-13
1.16892e-13
7.86359e-14
5.238e-14
3.45507e-14
2.25841e-14
1.46429e-14
9.42502e-15
6.01948e-15
3.80883e-15
2.38575e-15
1.4806e-15
9.11428e-16
5.56715e-16
3.37053e-16
6.72843e-07
6.46037e-07
6.19342e-07
5.92938e-07
5.67045e-07
5.41844e-07
5.17395e-07
4.93617e-07
4.70308e-07
4.47205e-07
4.24063e-07
4.00724e-07
3.77179e-07
3.5356e-07
3.30084e-07
3.06971e-07
2.84416e-07
2.62611e-07
2.41772e-07
2.22102e-07
2.03739e-07
1.86719e-07
1.70985e-07
1.56437e-07
1.42955e-07
1.30422e-07
1.18737e-07
1.07813e-07
9.75853e-08
8.80097e-08
7.90574e-08
7.07112e-08
6.29595e-08
5.57924e-08
4.91985e-08
4.31628e-08
3.76679e-08
3.26922e-08
2.82123e-08
2.42013e-08
2.06317e-08
1.74745e-08
1.46986e-08
1.227e-08
1.01531e-08
8.31558e-09
6.73196e-09
5.38455e-09
4.25612e-09
3.32705e-09
2.57492e-09
1.97572e-09
1.50473e-09
1.13885e-09
8.5764e-10
6.43705e-10
4.8239e-10
3.61716e-10
2.72e-10
2.05532e-10
1.56235e-10
1.19492e-10
9.19222e-11
7.11164e-11
5.53281e-11
4.32452e-11
3.38804e-11
2.65207e-11
2.06716e-11
1.60237e-11
1.23651e-11
9.5134e-12
7.29916e-12
5.5765e-12
4.23371e-12
3.19037e-12
2.38761e-12
1.7772e-12
1.31642e-12
9.68024e-13
7.04212e-13
5.05693e-13
3.58089e-13
2.50167e-13
1.72815e-13
1.18189e-13
8.00575e-14
5.36937e-14
3.5649e-14
2.34342e-14
1.52652e-14
9.86522e-15
6.33124e-15
4.03344e-15
2.54666e-15
1.59212e-15
9.86406e-16
6.06324e-16
3.69879e-16
2.23664e-16
5.96433e-07
5.72309e-07
5.48276e-07
5.24509e-07
5.01231e-07
4.78633e-07
4.56784e-07
4.35608e-07
4.14898e-07
3.94382e-07
3.73801e-07
3.52984e-07
3.3191e-07
3.10711e-07
2.89605e-07
2.68808e-07
2.48498e-07
2.28853e-07
2.10081e-07
1.92382e-07
1.75899e-07
1.60671e-07
1.46648e-07
1.33731e-07
1.21807e-07
1.10766e-07
1.00508e-07
9.09537e-08
8.20395e-08
7.37222e-08
6.59735e-08
5.87759e-08
5.21169e-08
4.59856e-08
4.03694e-08
3.52525e-08
3.06166e-08
2.64397e-08
2.26987e-08
1.93677e-08
1.64205e-08
1.38302e-08
1.1568e-08
9.6025e-09
7.9011e-09
6.43372e-09
5.17699e-09
4.11465e-09
3.23116e-09
2.5092e-09
1.92935e-09
1.47115e-09
1.11388e-09
8.38448e-10
6.28251e-10
4.69377e-10
3.50286e-10
2.61678e-10
1.96131e-10
1.47796e-10
1.12098e-10
8.55846e-11
6.57457e-11
5.08086e-11
3.94977e-11
3.08577e-11
2.41703e-11
1.89168e-11
1.4739e-11
1.14163e-11
8.80042e-12
6.76276e-12
5.18244e-12
3.95432e-12
2.99784e-12
2.25528e-12
1.68469e-12
1.25174e-12
9.25798e-13
6.79921e-13
4.94041e-13
3.54337e-13
2.50557e-13
1.74742e-13
1.20466e-13
8.2192e-14
5.55234e-14
3.71266e-14
2.45694e-14
1.60964e-14
1.04502e-14
6.73216e-15
4.30848e-15
2.73837e-15
1.72556e-15
1.07694e-15
6.66233e-16
4.08988e-16
2.49207e-16
1.50522e-16
5.28043e-07
5.06351e-07
4.84732e-07
4.6335e-07
4.42432e-07
4.2218e-07
4.02675e-07
3.83847e-07
3.65489e-07
3.4732e-07
3.29066e-07
3.10541e-07
2.91716e-07
2.72721e-07
2.53775e-07
2.3509e-07
2.1683e-07
1.99155e-07
1.82263e-07
1.66354e-07
1.51573e-07
1.37965e-07
1.25482e-07
1.14031e-07
1.03504e-07
9.37959e-08
8.48124e-08
7.64766e-08
6.87283e-08
6.15253e-08
5.48399e-08
4.86542e-08
4.29552e-08
3.7731e-08
3.29682e-08
2.86503e-08
2.47583e-08
2.12705e-08
1.8164e-08
1.54141e-08
1.2996e-08
1.08847e-08
9.05385e-09
7.47479e-09
6.11773e-09
4.95508e-09
3.96552e-09
3.13431e-09
2.44762e-09
1.89034e-09
1.4459e-09
1.09718e-09
8.27092e-10
6.20128e-10
4.6302e-10
3.44826e-10
2.56588e-10
1.91173e-10
1.42946e-10
1.075e-10
8.1399e-11
6.20615e-11
4.76203e-11
3.67648e-11
2.85583e-11
2.22998e-11
1.74617e-11
1.36627e-11
1.06399e-11
8.23397e-12
6.33975e-12
4.86545e-12
3.72359e-12
2.83737e-12
2.14787e-12
1.61309e-12
1.20273e-12
8.92031e-13
6.5876e-13
4.83213e-13
3.50722e-13
2.51264e-13
1.77444e-13
1.23552e-13
8.50091e-14
5.78647e-14
3.89839e-14
2.59887e-14
1.71432e-14
1.11941e-14
7.24384e-15
4.65245e-15
2.96965e-15
1.88336e-15
1.18469e-15
7.38268e-16
4.5612e-16
2.79679e-16
1.70234e-16
1.02711e-16
4.66821e-07
4.4735e-07
4.27929e-07
4.08712e-07
3.89929e-07
3.71794e-07
3.54403e-07
3.37694e-07
3.21462e-07
3.05419e-07
2.89278e-07
2.72838e-07
2.56056e-07
2.39064e-07
2.22083e-07
2.05322e-07
1.88931e-07
1.73051e-07
1.5787e-07
1.43585e-07
1.30345e-07
1.18198e-07
1.07103e-07
9.69696e-08
8.76946e-08
7.91779e-08
7.13304e-08
6.40785e-08
5.73644e-08
5.11474e-08
4.54002e-08
4.01049e-08
3.52477e-08
3.08161e-08
2.67961e-08
2.31708e-08
1.99209e-08
1.7025e-08
1.44608e-08
1.22048e-08
1.02338e-08
8.52461e-09
7.0532e-09
5.79375e-09
4.71928e-09
3.8048e-09
3.03104e-09
2.38487e-09
1.85418e-09
1.42601e-09
1.08651e-09
8.21615e-10
6.17492e-10
4.61751e-10
3.43951e-10
2.55593e-10
1.89796e-10
1.4113e-10
1.05332e-10
7.90827e-11
5.97986e-11
4.5539e-11
3.49055e-11
2.69226e-11
2.08963e-11
1.63074e-11
1.27645e-11
9.98401e-12
7.77065e-12
6.00778e-12
4.61988e-12
3.54064e-12
2.70599e-12
2.05913e-12
1.55642e-12
1.16691e-12
8.68436e-13
6.42944e-13
4.74113e-13
3.47366e-13
2.51865e-13
1.8026e-13
1.27153e-13
8.8403e-14
6.07099e-14
4.12291e-14
2.77014e-14
1.84118e-14
1.21065e-14
7.87972e-15
5.08311e-15
3.25528e-15
2.07272e-15
1.31194e-15
8.23967e-16
5.12805e-16
3.1646e-16
1.93842e-16
1.1787e-16
7.10434e-17
4.12054e-07
3.94616e-07
3.77201e-07
3.59951e-07
3.431e-07
3.26874e-07
3.11386e-07
2.96586e-07
2.82272e-07
2.68154e-07
2.53929e-07
2.39379e-07
2.24451e-07
2.09276e-07
1.94079e-07
1.7907e-07
1.64382e-07
1.50138e-07
1.36512e-07
1.23699e-07
1.11852e-07
1.01026e-07
9.11799e-08
8.22301e-08
7.40766e-08
6.66244e-08
5.97888e-08
5.34999e-08
4.77021e-08
4.23561e-08
3.74351e-08
3.29211e-08
2.88e-08
2.50587e-08
2.16827e-08
1.8655e-08
1.59563e-08
1.35661e-08
1.14627e-08
9.62366e-09
8.02736e-09
6.65263e-09
5.47775e-09
4.47966e-09
3.63428e-09
2.91923e-09
2.31737e-09
1.81719e-09
1.40832e-09
1.0799e-09
8.20616e-10
6.19121e-10
4.64392e-10
3.46667e-10
2.57813e-10
1.91284e-10
1.41817e-10
1.05282e-10
7.84522e-11
5.88158e-11
4.44181e-11
3.37895e-11
2.58735e-11
1.99373e-11
1.54619e-11
1.20589e-11
9.43494e-12
7.37701e-12
5.73817e-12
4.43204e-12
3.40376e-12
2.60495e-12
1.98811e-12
1.51077e-12
1.14024e-12
8.53448e-13
6.33992e-13
4.68551e-13
3.45022e-13
2.52507e-13
1.82915e-13
1.30797e-13
9.21687e-14
6.39919e-14
4.38656e-14
2.97214e-14
1.99154e-14
1.31972e-14
8.65054e-15
5.61275e-15
3.60988e-15
2.30551e-15
1.46463e-15
9.25406e-16
5.80409e-16
3.60817e-16
2.22445e-16
1.36128e-16
8.27001e-17
4.97948e-17
3.63174e-07
3.47598e-07
3.32012e-07
3.16547e-07
3.01438e-07
2.86929e-07
2.73149e-07
2.60063e-07
2.47476e-07
2.35093e-07
2.22601e-07
2.09762e-07
1.9651e-07
1.82977e-07
1.69398e-07
1.5598e-07
1.42845e-07
1.30091e-07
1.17877e-07
1.06397e-07
9.5809e-08
8.61718e-08
7.74496e-08
6.95608e-08
6.241e-08
5.59064e-08
4.99697e-08
4.45334e-08
3.95445e-08
3.49646e-08
3.07677e-08
2.69359e-08
2.34547e-08
2.03107e-08
1.74891e-08
1.49729e-08
1.27435e-08
1.07808e-08
9.06434e-09
7.5732e-09
6.2871e-09
5.18676e-09
4.25288e-09
3.46516e-09
2.80242e-09
2.24492e-09
1.77763e-09
1.39065e-09
1.07536e-09
8.22916e-10
6.24219e-10
4.70244e-10
3.52263e-10
2.62647e-10
1.95092e-10
1.44565e-10
1.07032e-10
7.93419e-11
5.90348e-11
4.41981e-11
3.33395e-11
2.53361e-11
1.9382e-11
1.49214e-11
1.15624e-11
9.0119e-12
7.04789e-12
5.50858e-12
4.28232e-12
3.30433e-12
2.53441e-12
1.93689e-12
1.4762e-12
1.12024e-12
8.44258e-13
6.30872e-13
4.67811e-13
3.45142e-13
2.53801e-13
1.85555e-13
1.343e-13
9.59622e-14
6.75634e-14
4.68497e-14
3.20577e-14
2.16707e-14
1.44812e-14
9.56753e-15
6.25215e-15
4.04441e-15
2.5938e-15
1.65235e-15
1.04749e-15
6.60801e-16
4.13965e-16
2.571e-16
1.58368e-16
9.6834e-17
5.87764e-17
3.53546e-17
4.14208e-184
1.55111e-180
2.59249e-179
2.1029e-174
2.25081e-170
1.29554e-168
5.62309e-167
1.6713e-165
3.49191e-164
5.69919e-163
7.85501e-162
9.6481e-161
1.08496e-159
1.14154e-158
1.13181e-157
1.05639e-156
9.2503e-156
7.5666e-155
5.7689e-154
4.09035e-153
2.70878e-152
1.68154e-151
9.82141e-151
5.41097e-150
2.81673e-149
1.3868e-148
6.47523e-148
2.8758e-147
1.21422e-146
4.89503e-146
1.88588e-145
6.94868e-145
2.4489e-144
8.25184e-144
2.65785e-143
8.17397e-143
2.39971e-142
6.73079e-142
1.80551e-141
4.63591e-141
1.14122e-140
2.69759e-140
6.13377e-140
1.34605e-139
2.85196e-139
5.82873e-139
1.14983e-138
2.18967e-138
4.01984e-138
7.09533e-138
2.89397e-184
1.33306e-180
2.09453e-179
2.0226e-174
1.85503e-170
1.06909e-168
4.77942e-167
1.44078e-165
2.99955e-164
4.84848e-163
6.61882e-162
8.07048e-161
9.0346e-160
9.48421e-159
9.39687e-158
8.77117e-157
7.68173e-156
6.28249e-155
4.78588e-154
3.38838e-153
2.23836e-152
1.38455e-151
8.04988e-151
4.41174e-150
2.28382e-149
1.11819e-148
5.19246e-148
2.29417e-147
9.6443e-147
3.87347e-146
1.48759e-145
5.46637e-145
1.9219e-144
6.46268e-144
2.07825e-143
6.38471e-143
1.87282e-142
5.24783e-142
1.40622e-141
3.607e-141
8.87026e-141
2.09423e-140
4.75486e-140
1.0415e-139
2.20185e-139
4.4895e-139
8.83466e-139
1.67818e-138
3.07288e-138
5.40973e-138
2.04026e-184
1.15952e-180
1.69296e-179
1.97048e-174
1.536e-170
8.87518e-169
4.10747e-167
1.25759e-165
2.60674e-164
4.16759e-163
5.6294e-162
6.80745e-161
7.57915e-160
7.93365e-159
7.85373e-158
7.33128e-157
6.42099e-156
5.24965e-155
3.99592e-154
2.82523e-153
1.86182e-152
1.1474e-151
6.63841e-151
3.61693e-150
1.86036e-149
9.0487e-149
4.17432e-148
1.83262e-147
7.66096e-147
3.06171e-146
1.17086e-145
4.28735e-145
1.5028e-144
5.03978e-144
1.61711e-143
4.96068e-143
1.4536e-142
4.06846e-142
1.08873e-141
2.78895e-141
6.85001e-141
1.61513e-140
3.66135e-140
8.00354e-140
1.68791e-139
3.43279e-139
6.73789e-139
1.27662e-138
2.33163e-138
4.09446e-138
1.45068e-184
1.02324e-180
1.37228e-179
1.95185e-174
1.28051e-170
7.42627e-169
3.57922e-167
1.11477e-165
2.29891e-164
3.63098e-163
4.84648e-162
5.8058e-161
6.42043e-160
6.69458e-159
6.61782e-158
6.17865e-157
5.41214e-156
4.42124e-155
3.36115e-154
2.37254e-153
1.55929e-152
9.57062e-152
5.50713e-151
2.98083e-150
1.52187e-149
7.34535e-149
3.36254e-148
1.46527e-147
6.08397e-147
2.41648e-146
9.19085e-146
3.35024e-145
1.17005e-144
3.91126e-144
1.25137e-143
3.8308e-143
1.12109e-142
3.13418e-142
8.3743e-142
2.14172e-141
5.25239e-141
1.23665e-140
2.79888e-140
6.10531e-140
1.28419e-139
2.60449e-139
5.09816e-139
9.63428e-139
1.75517e-138
3.07476e-138
1.03934e-184
9.18321e-181
1.11909e-179
1.97522e-174
1.07821e-170
6.27446e-169
3.16842e-167
1.00529e-165
2.06129e-164
3.2156e-163
4.23711e-162
5.02265e-161
5.51129e-160
5.71673e-159
5.63445e-158
5.25343e-157
4.59863e-156
3.75101e-155
2.84504e-154
2.00327e-153
1.31221e-152
8.01652e-152
4.58493e-151
2.46352e-150
1.24735e-149
5.96802e-149
2.70828e-148
1.17029e-147
4.82194e-147
1.90163e-146
7.18567e-146
2.60451e-145
9.0562e-145
3.01713e-144
9.61952e-144
2.93621e-143
8.57577e-143
2.39431e-142
6.3871e-142
1.63048e-141
3.99131e-141
9.3818e-141
2.1199e-140
4.61482e-140
9.68136e-140
1.95782e-139
3.82106e-139
7.20046e-139
1.30834e-138
2.28649e-138
7.48698e-185
8.3981e-181
9.22626e-180
2.05303e-174
9.19962e-171
5.36114e-169
2.85206e-167
9.2243e-166
1.87865e-164
2.8945e-163
3.76403e-162
4.41206e-161
4.79646e-160
4.94083e-159
4.84533e-158
4.4991e-157
3.92396e-156
3.19067e-155
2.41157e-154
1.6919e-153
1.10372e-152
6.70768e-152
3.81147e-151
2.03199e-150
1.01976e-149
4.83341e-149
2.17281e-148
9.30418e-148
3.80187e-147
1.48793e-146
5.58275e-146
2.01025e-145
6.95017e-145
2.30716e-144
7.32793e-144
2.22804e-143
6.47915e-143
1.80123e-142
4.79362e-142
1.22171e-141
2.98498e-141
7.00208e-141
1.57922e-140
3.43162e-140
7.18558e-140
1.44954e-139
2.82012e-139
5.29443e-139
9.58335e-139
1.6699e-138
5.40044e-185
7.83783e-181
7.73606e-180
2.20187e-174
8.00995e-171
4.65293e-169
2.61804e-167
8.61486e-166
1.7346e-164
2.63541e-163
3.38183e-162
3.91467e-161
4.20679e-160
4.29111e-159
4.17484e-158
3.84869e-157
3.33491e-156
2.69685e-155
2.02907e-154
1.4173e-153
9.20424e-153
5.56405e-152
3.14138e-151
1.66188e-150
8.26648e-150
3.8809e-149
1.72782e-148
7.32978e-148
2.96955e-147
1.15323e-146
4.29691e-146
1.53715e-145
5.27671e-145
1.7374e-144
5.49376e-144
1.66576e-143
4.83727e-143
1.34312e-142
3.56791e-142
9.07573e-142
2.21261e-141
5.17901e-141
1.16556e-140
2.52664e-140
5.27638e-140
1.06149e-139
2.05955e-139
3.85665e-139
6.96323e-139
1.21019e-138
3.88656e-185
7.47336e-181
6.63397e-180
2.44427e-174
7.12779e-171
4.09078e-169
2.44181e-167
8.15039e-166
1.61098e-164
2.39988e-163
3.03044e-162
3.45713e-161
3.66162e-160
3.68994e-159
3.55316e-158
3.24566e-157
2.78967e-156
2.2404e-155
1.67671e-154
1.16622e-153
7.54082e-153
4.53668e-152
2.54683e-151
1.33805e-150
6.60177e-150
3.07168e-149
1.35483e-148
5.69491e-148
2.28762e-147
8.81638e-147
3.26348e-146
1.16109e-145
3.96789e-145
1.30173e-144
4.09966e-144
1.23781e-143
3.57785e-143
9.90258e-143
2.62524e-142
6.66799e-142
1.6239e-141
3.79417e-141
8.51798e-141
1.84173e-140
3.83738e-140
7.70398e-140
1.49082e-139
2.78162e-139
5.00459e-139
8.67507e-139
2.80426e-185
7.27744e-181
5.84641e-180
2.81966e-174
6.44889e-171
3.60344e-169
2.28485e-167
7.69907e-166
1.4796e-164
2.1452e-163
2.65119e-162
2.97494e-161
3.10353e-160
3.08697e-159
2.94016e-158
2.66135e-157
2.2694e-156
1.81059e-155
1.3484e-154
9.34018e-154
6.01734e-153
3.6066e-152
2.01593e-151
1.05333e-150
5.1626e-150
2.38405e-149
1.04298e-148
4.34747e-148
1.73212e-147
6.625e-147
2.43623e-146
8.6202e-146
2.93305e-145
9.59038e-145
3.01169e-144
9.07351e-144
2.61846e-143
7.2331e-143
1.9131e-142
4.84711e-142
1.17733e-141
2.74396e-141
6.14563e-141
1.32552e-140
2.75525e-140
5.52006e-140
1.0663e-139
1.98613e-139
3.5661e-139
6.1666e-139
2.05642e-185
7.22456e-181
5.33307e-180
3.39132e-174
5.88067e-171
3.11039e-169
2.09499e-167
7.08335e-166
1.3095e-164
1.83543e-163
2.21234e-162
2.43627e-161
2.50496e-160
2.46776e-159
2.33294e-158
2.09749e-157
1.77801e-156
1.41137e-155
1.04681e-154
7.22727e-154
4.64419e-153
2.77691e-152
1.54813e-151
8.06228e-151
3.93428e-150
1.80728e-149
7.85888e-149
3.25341e-148
1.28672e-147
4.88485e-147
1.78407e-146
6.27388e-146
2.12323e-145
6.91166e-145
2.16255e-144
6.4949e-144
1.86983e-143
5.15319e-143
1.35959e-142
3.43543e-142
8.3206e-142
1.93378e-141
4.31938e-141
9.29238e-141
1.92712e-140
3.85372e-140
7.43288e-140
1.38268e-139
2.47965e-139
4.28395e-139
1.5329e-185
7.28252e-181
5.07026e-180
4.25834e-174
5.30471e-171
2.52557e-169
1.80538e-167
6.09974e-166
1.07774e-164
1.45957e-163
1.71955e-162
1.86097e-161
1.88899e-160
1.85237e-159
1.74866e-158
1.57012e-157
1.32906e-156
1.05348e-155
7.80348e-155
5.38e-154
3.45415e-153
2.064e-152
1.14972e-151
5.98031e-151
2.91299e-150
1.33474e-149
5.78387e-149
2.38311e-148
9.36793e-148
3.53069e-147
1.27932e-146
4.46671e-146
1.50142e-145
4.85781e-145
1.51267e-144
4.52697e-144
1.29899e-143
3.56942e-143
9.39026e-143
2.36582e-142
5.71297e-142
1.32384e-141
2.94855e-141
6.32604e-141
1.30895e-140
2.61329e-140
5.03486e-140
9.35838e-140
1.67715e-139
2.8961e-139
1.11953e-185
7.40452e-181
5.07776e-180
5.56897e-174
4.57887e-171
1.80999e-169
1.38394e-167
4.70728e-166
7.9748e-165
1.05023e-163
1.21729e-162
1.2999e-161
1.30649e-160
1.28449e-159
1.22208e-158
1.10497e-157
9.41169e-157
7.50346e-156
5.58415e-155
3.8584e-154
2.47964e-153
1.48114e-152
8.23719e-152
4.27913e-151
2.08387e-150
9.55226e-150
4.13905e-149
1.70193e-148
6.65983e-148
2.49424e-147
8.97094e-147
3.10716e-146
1.03573e-145
3.32386e-145
1.02761e-144
3.05862e-144
8.74264e-144
2.39486e-143
6.28247e-143
1.57856e-142
3.80192e-142
8.78709e-142
1.95174e-141
4.17545e-141
8.61818e-141
1.71791e-140
3.30786e-140
6.14903e-140
1.10233e-139
1.90402e-139
7.59103e-186
7.54809e-181
5.43268e-180
7.60498e-174
3.64545e-171
1.07056e-169
9.00882e-168
3.15283e-166
5.19101e-165
6.7279e-164
7.74042e-163
8.19709e-162
8.17352e-161
8.11371e-160
7.8864e-159
7.26566e-158
6.2931e-157
5.09683e-156
3.84206e-155
2.67333e-154
1.72111e-153
1.02463e-152
5.65515e-152
2.91715e-151
1.41786e-150
6.51343e-150
2.83346e-149
1.16773e-148
4.55934e-148
1.6992e-147
6.07311e-147
2.08884e-146
6.90738e-146
2.19745e-145
6.73376e-145
1.99132e-144
5.67525e-144
1.55218e-143
4.06685e-143
1.02063e-142
2.45502e-142
5.66578e-142
1.2556e-141
2.67761e-141
5.50806e-141
1.0955e-140
2.10843e-140
3.92393e-140
7.04776e-140
1.21935e-139
4.58139e-186
7.59542e-181
5.69887e-180
2.52835e-173
2.60109e-171
5.09407e-170
4.91882e-168
1.80284e-166
2.92045e-165
3.78113e-164
4.36962e-163
4.61745e-162
4.57929e-161
4.58171e-160
4.61861e-159
4.40691e-158
3.92521e-157
3.25628e-156
2.49733e-155
1.75058e-154
1.12406e-153
6.62276e-153
3.59373e-152
1.81666e-151
8.72864e-151
4.01487e-150
1.76122e-149
7.35084e-149
2.89254e-148
1.08011e-147
3.85925e-147
1.32533e-146
4.36941e-146
1.38442e-145
4.21436e-145
1.23547e-144
3.51952e-144
9.64807e-144
2.53359e-143
6.37188e-143
1.53516e-142
3.54871e-142
7.86279e-142
1.67128e-141
3.41953e-141
6.77059e-141
1.30114e-140
2.42551e-140
4.37676e-140
7.60525e-140
2.43755e-186
8.12111e-181
6.08206e-178
2.65173e-173
1.35495e-173
4.61927e-174
1.64931e-174
7.29654e-175
7.66548e-175
2.07292e-174
7.22259e-174
2.60595e-173
9.50715e-173
3.6204e-172
1.52555e-171
6.85286e-171
3.19613e-170
1.53596e-169
7.57862e-169
3.84481e-168
1.99648e-167
1.05708e-166
5.66533e-166
3.0767e-165
1.72596e-164
9.95318e-164
5.82293e-163
3.40048e-162
1.93912e-161
1.08238e-160
5.94371e-160
3.20816e-159
1.69346e-158
8.716e-158
4.35429e-157
2.11964e-156
1.00843e-155
4.59272e-155
1.98182e-154
8.07309e-154
3.09932e-153
1.11985e-152
3.79039e-152
1.19909e-151
3.55262e-151
9.93437e-151
2.6343e-150
6.62197e-150
1.5736e-149
3.54334e-149
1.28511e-186
2.63436e-181
1.34349e-178
3.02732e-176
3.50658e-177
2.60761e-178
1.87952e-179
5.37013e-180
6.92842e-181
6.10199e-181
4.16471e-179
7.0024e-178
4.55199e-177
3.14043e-176
2.01268e-175
1.23282e-174
7.06009e-174
3.83819e-173
1.94671e-172
9.50948e-172
4.36619e-171
1.7033e-170
5.10092e-170
1.0906e-169
1.83678e-169
3.39376e-169
1.59821e-168
9.72802e-168
4.68782e-167
1.96542e-166
4.20729e-166
4.51183e-166
1.21909e-166
3.05575e-167
8.43571e-168
1.21705e-165
8.63136e-163
8.28044e-161
1.15163e-159
8.02487e-159
3.83276e-158
1.33869e-157
3.197e-157
4.61075e-157
3.96073e-157
2.4222e-157
9.16352e-158
4.0427e-158
5.56594e-157
1.8434e-155
9.01556e-187
1.05056e-183
2.94353e-181
8.52169e-180
1.62618e-181
1.36739e-183
8.62593e-186
1.47543e-186
1.19106e-188
1.05561e-189
5.88222e-187
3.83576e-185
4.50213e-184
6.10002e-183
5.27902e-182
3.75249e-181
2.33336e-180
1.24831e-179
5.25379e-179
2.06834e-178
7.78415e-178
2.26982e-177
3.61483e-177
1.85714e-177
1.87254e-179
1.55002e-181
3.09097e-183
2.56894e-182
1.04954e-181
1.62619e-182
9.92543e-184
3.96705e-185
1.01803e-183
6.67557e-181
4.43903e-178
2.96237e-175
1.99224e-172
1.34567e-169
6.97059e-168
9.3032e-167
6.53802e-166
2.83278e-165
6.846e-165
7.01932e-165
2.7285e-165
5.43508e-166
2.89899e-167
1.74115e-168
1.21574e-165
1.04579e-162
1.9252e-189
1.56608e-186
3.05224e-185
1.51375e-183
7.11086e-186
3.10058e-188
1.17217e-190
5.05581e-193
2.40455e-195
1.05743e-197
1.04709e-198
1.84943e-195
5.26379e-194
2.1489e-192
2.55428e-191
1.77924e-190
1.19727e-189
6.64912e-189
2.26822e-188
6.98589e-188
2.17778e-187
4.84892e-187
3.49766e-187
8.92899e-189
7.26524e-191
5.30239e-193
3.68665e-195
2.67814e-197
3.34939e-199
9.56207e-201
3.14213e-202
3.16042e-202
7.18019e-199
1.69129e-195
3.94675e-192
8.06313e-189
1.75432e-185
4.3648e-182
3.40512e-179
1.2278e-177
1.51985e-176
8.84825e-176
2.36171e-175
1.86388e-175
3.48558e-176
2.17503e-177
1.18009e-179
3.45926e-181
8.99375e-178
2.77854e-174
5.94716e-192
2.53199e-189
2.25936e-188
1.90411e-189
7.23556e-192
2.61603e-194
8.11137e-197
2.88848e-199
1.14976e-201
4.22956e-204
1.39247e-206
5.30703e-207
1.43446e-203
1.63747e-200
1.21943e-199
8.59194e-201
3.60168e-202
6.79235e-199
1.22541e-197
5.30736e-197
1.0366e-196
9.11955e-199
7.22889e-201
8.19503e-202
5.30085e-201
4.60264e-203
3.16875e-205
2.25107e-207
2.22681e-209
3.93331e-211
9.02493e-213
8.67375e-211
2.53048e-207
7.4078e-204
2.15966e-200
2.40279e-197
1.84406e-194
9.641e-192
1.60632e-189
2.80394e-188
1.67147e-187
6.68203e-190
2.48316e-192
2.16053e-190
1.01584e-186
1.3024e-187
4.32452e-190
3.25998e-191
1.44745e-187
6.96404e-184
4.24392e-194
2.79599e-193
2.01144e-192
3.93019e-193
1.24078e-195
3.73842e-198
9.48134e-201
2.79546e-203
9.30705e-206
2.85744e-208
7.82381e-211
2.5265e-213
1.18541e-210
2.78406e-207
1.28703e-206
4.07224e-209
1.22026e-211
5.11807e-214
1.81343e-210
4.13172e-207
8.61024e-209
1.6723e-210
3.57311e-212
1.57252e-209
2.67128e-207
2.81263e-209
1.77876e-211
1.03492e-213
5.93456e-216
3.52788e-218
2.41209e-220
1.74333e-218
6.51885e-215
2.35588e-211
8.79859e-208
3.48178e-204
5.93604e-201
9.88497e-199
4.04302e-197
1.23121e-196
4.49661e-199
1.46969e-201
1.82673e-202
1.09028e-198
6.46664e-195
4.0361e-195
1.11611e-197
3.62142e-198
1.48944e-194
6.38568e-191
5.44267e-198
6.46487e-198
1.6903e-196
5.25985e-196
1.37433e-198
3.53142e-201
7.59282e-204
1.92491e-206
5.55121e-209
1.46542e-211
3.41459e-214
7.57618e-217
1.25227e-216
3.43433e-213
7.81092e-213
2.13494e-215
5.57405e-218
1.45489e-220
3.82037e-223
1.28254e-225
1.03813e-225
2.37269e-222
5.16597e-219
1.08062e-215
3.64641e-213
4.01628e-215
2.32265e-217
1.22975e-219
6.38526e-222
3.33499e-224
1.81849e-226
5.20126e-225
2.4049e-221
1.07376e-217
4.96888e-214
2.48795e-210
3.36075e-207
2.33509e-205
2.75236e-204
6.31473e-205
1.95312e-207
5.46047e-210
2.67953e-210
1.93517e-206
1.34805e-202
4.58538e-202
1.09316e-204
4.70012e-204
2.33172e-200
1.17572e-196
2.3268e-205
5.37615e-204
2.27595e-202
5.2039e-199
1.15557e-201
2.58459e-204
4.79918e-207
1.06574e-209
2.70942e-212
6.24829e-215
1.25504e-217
2.37787e-220
1.55059e-222
3.56127e-219
2.89085e-219
6.80698e-222
1.54263e-224
3.4978e-227
7.97315e-230
2.36947e-232
5.60178e-232
1.63129e-228
4.53727e-225
1.15749e-221
5.33134e-219
5.58828e-221
2.93328e-223
1.42066e-225
6.76354e-228
3.2306e-230
1.58547e-232
1.57425e-231
8.98015e-228
4.95243e-224
2.85015e-220
1.79179e-216
2.06674e-213
7.53836e-212
2.75971e-211
2.17293e-213
5.08514e-216
1.11132e-218
5.83224e-218
4.938e-214
4.01637e-210
8.5423e-209
2.10128e-211
2.96611e-209
1.74411e-205
1.03412e-201
5.78887e-213
1.50605e-210
1.11041e-208
2.64648e-202
5.14953e-205
1.02121e-207
1.66141e-210
3.27427e-213
7.42723e-216
1.51332e-218
2.64557e-221
4.30942e-224
7.30676e-227
2.15333e-225
3.59342e-226
7.21604e-229
1.40597e-231
2.74506e-234
5.39089e-237
1.485e-239
3.68994e-238
1.36432e-234
4.83311e-231
1.40124e-227
7.17831e-225
6.7532e-227
3.2265e-229
1.4375e-231
6.31032e-234
2.77609e-236
1.24571e-238
5.33343e-238
3.20099e-234
2.17636e-230
1.55576e-226
1.22082e-222
1.29616e-219
2.94379e-218
3.45303e-218
7.10192e-221
1.33309e-223
2.48741e-226
1.70959e-225
1.65487e-221
1.48085e-217
2.13081e-215
2.35775e-217
7.53103e-214
5.2098e-210
3.62029e-206
6.23158e-222
8.56927e-214
8.97486e-213
5.31017e-206
9.25712e-209
1.65014e-211
2.37454e-214
4.18193e-217
8.50914e-220
1.53865e-222
2.34789e-225
3.28714e-228
4.69667e-231
4.93499e-232
3.51762e-234
6.19657e-237
1.11737e-239
2.10532e-242
4.15635e-245
6.38651e-247
2.36134e-244
1.10811e-240
4.97001e-237
1.62427e-233
8.32666e-231
6.85411e-233
3.00205e-235
1.23701e-237
5.03006e-240
2.08355e-242
1.41675e-242
2.23444e-241
2.86391e-240
8.84276e-237
7.81854e-233
7.61042e-229
7.95254e-226
1.25905e-224
4.6435e-225
8.25414e-228
1.34244e-230
2.16428e-233
6.02502e-233
6.64188e-229
6.32257e-225
6.00987e-222
9.03859e-222
6.53545e-218
5.33284e-214
4.35594e-210
3.5319e-229
8.46458e-218
3.48086e-216
2.63577e-210
4.14992e-213
6.68287e-216
8.49057e-219
1.32927e-221
2.40844e-224
3.8337e-227
5.06061e-230
6.02463e-233
7.19996e-236
9.6881e-239
1.33082e-241
2.02605e-244
3.58507e-247
7.63399e-250
1.94144e-252
2.78089e-253
1.29202e-250
7.71658e-247
4.39274e-243
1.64336e-239
8.09331e-237
5.84139e-239
2.3625e-241
9.04096e-244
3.80219e-246
3.63775e-244
1.40992e-242
2.23428e-241
1.43179e-240
3.11277e-240
3.88987e-239
4.26092e-235
4.59871e-232
5.36685e-231
5.90734e-232
9.16273e-235
1.29063e-237
1.80995e-240
3.26663e-240
4.26832e-236
4.5931e-232
2.56455e-228
1.16474e-225
1.06175e-221
1.02565e-217
9.89097e-214
9.19985e-238
8.67573e-224
1.21516e-221
3.41489e-216
4.56842e-219
7.84116e-222
8.50339e-225
1.12516e-227
1.72794e-230
2.31848e-233
2.55839e-236
2.53625e-239
2.53223e-242
2.60995e-245
2.85488e-248
3.4385e-251
5.27434e-254
3.41872e-255
2.99299e-255
2.60932e-255
2.1589e-255
4.34271e-253
3.12002e-249
1.3857e-245
6.5734e-243
4.23851e-245
1.5925e-247
5.76308e-250
3.86397e-247
3.64145e-244
1.41136e-242
2.23646e-241
1.43305e-240
3.11121e-240
3.10375e-240
2.11e-240
2.50383e-238
2.15439e-237
5.9889e-239
1.2682e-241
2.30586e-242
1.05427e-242
4.59639e-243
1.84599e-241
2.00828e-237
2.36315e-233
1.89788e-229
2.0849e-225
2.38345e-221
2.71369e-217
9.60464e-254
1.14042e-243
7.17203e-241
2.12937e-235
8.00817e-229
1.23641e-227
1.39133e-230
1.8443e-233
2.84505e-236
3.8107e-239
4.14929e-242
4.01855e-245
3.89842e-248
3.87124e-251
4.42827e-254
3.96578e-255
3.642e-255
3.32719e-255
2.99216e-255
2.60863e-255
2.10122e-255
1.48812e-255
2.65381e-255
9.57499e-252
4.52473e-249
2.67369e-251
9.38488e-254
8.73801e-252
3.8676e-247
3.64484e-244
1.41263e-242
2.23838e-241
1.43416e-240
3.11277e-240
3.10373e-240
1.88934e-240
8.1019e-241
2.80666e-241
1.03264e-241
4.74701e-242
2.29306e-242
1.05267e-242
4.57525e-243
1.88807e-243
1.79729e-241
2.50192e-237
3.15147e-233
4.16619e-229
5.62261e-225
7.53978e-221
4.52594e-255
4.52594e-255
4.52594e-255
4.52594e-255
8.77373e-241
1.73215e-233
1.68759e-236
2.01474e-239
2.80676e-242
3.36657e-245
3.24095e-248
2.74703e-251
2.76096e-254
4.32547e-255
4.14781e-255
3.92109e-255
3.64149e-255
3.32667e-255
2.9916e-255
2.60811e-255
2.10071e-255
1.48736e-255
9.22271e-256
5.04998e-256
2.94078e-255
1.12207e-256
3.93513e-257
8.74512e-252
3.87083e-247
3.64785e-244
1.41375e-242
2.24009e-241
1.43515e-240
3.11415e-240
3.10372e-240
1.8883e-240
8.09103e-241
2.79438e-241
1.03083e-241
4.74092e-242
2.29022e-242
1.05124e-242
4.56839e-243
1.87317e-243
7.52002e-244
3.25393e-241
5.04026e-237
8.05299e-233
1.27948e-228
2.01462e-224
4.52594e-255
4.52594e-255
4.52594e-255
4.52594e-255
4.52594e-255
4.52594e-255
4.5259e-255
4.52567e-255
4.52387e-255
4.51418e-255
4.49081e-255
4.45507e-255
4.40066e-255
4.30539e-255
4.14757e-255
3.92076e-255
3.64107e-255
3.32619e-255
2.99109e-255
2.60763e-255
2.10026e-255
1.48684e-255
9.21814e-256
4.99232e-256
2.35795e-256
9.70387e-257
3.92576e-257
8.75171e-252
3.8737e-247
3.65051e-244
1.41475e-242
2.24161e-241
1.43603e-240
3.11538e-240
3.10371e-240
1.88737e-240
8.08245e-241
2.78993e-241
1.02925e-241
4.73544e-242
2.28767e-242
1.04995e-242
4.56221e-243
1.87037e-243
7.32739e-244
3.26704e-244
7.80683e-241
1.49208e-236
2.7821e-232
5.12848e-228
4.52594e-255
4.52594e-255
4.52594e-255
4.52594e-255
4.52594e-255
4.52594e-255
4.5259e-255
4.52567e-255
4.52387e-255
4.51417e-255
4.49078e-255
4.45503e-255
4.40059e-255
4.30528e-255
4.14736e-255
3.92046e-255
3.64069e-255
3.32576e-255
2.99062e-255
2.6072e-255
2.09985e-255
1.48638e-255
9.21406e-256
4.98933e-256
2.35611e-256
9.69434e-257
3.92184e-257
8.75756e-252
3.87625e-247
3.65288e-244
1.41564e-242
2.24296e-241
1.43681e-240
3.11647e-240
3.1037e-240
1.88654e-240
8.07478e-241
2.78595e-241
1.02783e-241
4.7305e-242
2.28536e-242
1.04878e-242
4.55663e-243
1.86784e-243
7.31661e-244
2.85168e-244
2.34738e-244
2.6393e-240
5.75712e-236
1.23883e-231
4.52594e-255
4.52594e-255
4.52594e-255
4.52594e-255
4.52594e-255
4.52594e-255
4.5259e-255
4.52567e-255
4.52387e-255
4.51416e-255
4.49076e-255
4.45499e-255
4.40053e-255
4.30517e-255
4.14718e-255
3.92018e-255
3.64034e-255
3.32535e-255
2.99019e-255
2.6068e-255
2.09947e-255
1.48596e-255
9.2104e-256
4.98667e-256
2.35447e-256
9.68585e-257
3.91835e-257
8.76277e-252
3.87852e-247
3.65498e-244
1.41642e-242
2.24416e-241
1.43751e-240
3.11744e-240
3.10369e-240
1.8858e-240
8.06791e-241
2.78237e-241
1.02655e-241
4.72604e-242
2.28327e-242
1.04772e-242
4.55158e-243
1.86555e-243
7.30687e-244
2.84773e-244
1.17154e-244
5.0454e-244
1.14052e-239
2.85589e-235
4.52594e-255
4.52594e-255
4.52594e-255
4.52594e-255
4.52594e-255
4.52594e-255
4.5259e-255
4.52567e-255
4.52386e-255
4.51416e-255
4.49074e-255
4.45495e-255
4.40047e-255
4.30507e-255
4.147e-255
3.91992e-255
3.64001e-255
3.32498e-255
2.98979e-255
2.60644e-255
2.09914e-255
1.48559e-255
9.20712e-256
4.98428e-256
2.35301e-256
9.67828e-257
3.91525e-257
8.76741e-252
3.88054e-247
3.65686e-244
1.41713e-242
2.24523e-241
1.43813e-240
3.11831e-240
3.10368e-240
1.88513e-240
8.06174e-241
2.77915e-241
1.0254e-241
4.72201e-242
2.28137e-242
1.04677e-242
4.547e-243
1.86348e-243
7.29804e-244
2.8442e-244
1.17002e-244
5.61765e-245
2.6969e-243
6.46497e-239
4.52594e-255
4.52594e-255
4.52594e-255
4.52594e-255
4.52594e-255
4.52594e-255
4.5259e-255
4.52567e-255
4.52386e-255
4.51415e-255
4.49072e-255
4.45492e-255
4.40042e-255
4.30497e-255
4.14684e-255
3.91968e-255
3.63971e-255
3.32464e-255
2.98942e-255
2.6061e-255
2.09883e-255
1.48525e-255
9.20416e-256
4.98214e-256
2.35171e-256
9.67152e-257
3.91249e-257
8.77155e-252
3.88234e-247
3.65853e-244
1.41776e-242
2.24618e-241
1.43868e-240
3.11909e-240
3.10367e-240
1.88454e-240
8.0562e-241
2.77626e-241
1.02436e-241
4.71837e-242
2.27965e-242
1.0459e-242
4.54285e-243
1.86159e-243
7.29001e-244
2.84099e-244
1.16879e-244
5.6055e-245
4.65271e-244
7.15881e-242
4.52594e-255
4.52594e-255
4.52594e-255
4.52594e-255
4.52594e-255
4.52594e-255
4.5259e-255
4.52567e-255
4.52386e-255
4.51414e-255
4.4907e-255
4.45489e-255
4.40037e-255
4.30489e-255
4.1467e-255
3.91946e-255
3.63943e-255
3.32432e-255
2.98908e-255
2.6058e-255
2.09856e-255
1.48495e-255
9.2015e-256
4.98022e-256
2.35054e-256
9.66548e-257
3.91002e-257
8.77525e-252
3.88395e-247
3.66003e-244
1.41832e-242
2.24703e-241
1.43918e-240
3.11979e-240
3.10366e-240
1.884e-240
8.05121e-241
2.77364e-241
1.02343e-241
4.71506e-242
2.27809e-242
1.04511e-242
4.53907e-243
1.85988e-243
7.28271e-244
2.83807e-244
1.16767e-244
5.60135e-245
4.64977e-244
5.33187e-242
4.52594e-255
4.52594e-255
4.52594e-255
4.52594e-255
4.52594e-255
4.52594e-255
4.5259e-255
4.52567e-255
4.52386e-255
4.51413e-255
4.49068e-255
4.45486e-255
4.40033e-255
4.30481e-255
4.14656e-255
3.91926e-255
3.63917e-255
3.32403e-255
2.98876e-255
2.60551e-255
2.0983e-255
1.48467e-255
9.19911e-256
4.97849e-256
2.34949e-256
9.66007e-257
3.90781e-257
8.77856e-252
3.88539e-247
3.66136e-244
1.41882e-242
2.2478e-241
1.43962e-240
3.12041e-240
3.10366e-240
1.88352e-240
8.04672e-241
2.77129e-241
1.02258e-241
4.71205e-242
2.27667e-242
1.04439e-242
4.53563e-243
1.85832e-243
7.27606e-244
2.83541e-244
1.16664e-244
5.59756e-245
4.65235e-244
5.3324e-242
1.37897e-137
2.38836e-137
3.78493e-137
5.58749e-137
7.79289e-137
1.03986e-136
1.33763e-136
1.66915e-136
2.02808e-136
2.41148e-136
3.76686e-136
3.04954e-134
9.39013e-132
2.94235e-129
9.44444e-127
3.08512e-124
1.0901e-121
4.28951e-119
1.81176e-116
8.01025e-114
3.74277e-111
1.97311e-108
1.14979e-105
7.34619e-103
5.29898e-100
4.27981e-97
3.88426e-94
4.51936e-91
1.50037e-88
1.04827e-86
2.16147e-85
6.15213e-84
3.99992e-83
1.48318e-82
4.04e-82
9.10635e-82
1.82591e-81
3.47449e-81
7.66852e-81
4.35858e-80
4.14985e-79
2.99114e-70
2.90508e-65
1.88429e-62
2.54691e-59
1.69021e-56
1.74467e-54
2.34165e-53
1.10426e-52
2.28794e-52
1.04768e-137
1.80922e-137
2.86086e-137
4.21752e-137
5.87756e-137
7.83968e-137
1.00832e-136
1.25823e-136
1.52914e-136
1.8253e-136
5.03828e-136
9.69818e-134
3.17954e-131
1.04133e-128
3.43406e-126
1.13254e-123
3.97326e-121
1.52944e-118
6.25735e-116
2.66574e-113
1.1857e-110
5.89051e-108
3.24751e-105
1.96262e-102
1.33714e-99
1.02468e-96
8.92232e-94
1.00121e-90
2.35946e-88
1.90019e-86
3.85295e-85
1.11888e-83
6.88355e-83
2.41104e-82
6.21311e-82
1.3284e-81
2.53669e-81
4.62896e-81
1.00685e-80
6.07452e-80
5.88964e-79
4.39022e-70
4.27156e-65
2.79377e-62
3.76125e-59
2.48571e-56
2.53638e-54
3.27364e-53
1.42714e-52
2.63471e-52
7.9038e-138
1.3612e-137
2.14817e-137
3.16326e-137
4.40595e-137
5.87619e-137
7.5595e-137
9.43624e-137
1.14747e-136
1.39152e-136
1.13662e-135
3.42658e-133
1.17919e-130
3.9831e-128
1.32946e-125
4.36737e-123
1.50581e-120
5.63378e-118
2.22373e-115
9.11044e-113
3.86023e-110
1.80525e-107
9.39777e-105
5.36356e-102
3.44686e-99
2.50534e-96
2.09604e-93
2.26801e-90
3.9486e-88
3.55821e-86
7.02968e-85
2.07592e-83
1.20737e-82
3.98167e-82
9.66978e-82
1.95358e-81
3.53915e-81
6.17189e-81
1.32304e-80
8.49307e-80
8.34462e-79
6.40427e-70
6.21173e-65
4.08003e-62
5.43341e-59
3.54105e-56
3.52369e-54
4.2933e-53
1.69293e-52
2.74449e-52
5.91844e-138
1.01688e-137
1.60204e-137
2.35705e-137
3.28201e-137
4.37767e-137
5.63487e-137
7.03793e-137
8.56623e-137
1.11483e-136
3.73776e-135
1.33002e-132
4.72998e-130
1.62294e-127
5.41297e-125
1.75375e-122
5.89977e-120
2.13654e-117
8.11824e-115
3.19619e-112
1.29234e-109
5.69489e-107
2.79742e-104
1.50678e-101
9.13315e-99
6.28025e-96
5.0325e-93
5.24151e-90
7.08548e-88
6.87005e-86
1.31097e-84
3.94043e-83
2.15968e-82
6.67863e-82
1.52268e-81
2.89542e-81
4.95624e-81
8.22986e-81
1.73951e-80
1.19106e-79
1.17998e-78
9.28438e-70
8.93321e-65
5.87266e-62
7.68963e-59
4.90012e-56
4.70421e-54
5.34754e-53
1.89933e-52
2.78606e-52
4.39078e-138
7.5319e-138
1.1853e-137
1.74326e-137
2.42725e-137
3.2378e-137
4.16987e-137
5.21079e-137
6.35204e-137
1.12758e-136
1.48427e-134
5.60994e-132
2.03211e-129
6.99614e-127
2.30975e-124
7.32577e-122
2.38846e-119
8.34576e-117
3.05056e-114
1.15458e-111
4.46911e-109
1.86361e-106
8.59843e-104
4.35117e-101
2.47634e-98
1.60867e-95
1.23609e-92
1.23982e-89
1.3633e-87
1.36272e-85
2.5059e-84
7.65654e-83
3.93859e-82
1.13749e-81
2.42504e-81
4.32239e-81
6.96093e-81
1.0964e-80
2.28779e-80
1.67536e-79
1.66522e-78
1.33807e-69
1.27104e-64
8.34269e-62
1.06922e-58
6.6167e-56
6.08082e-54
6.40793e-53
2.05602e-52
2.79636e-52
3.20081e-138
5.49403e-138
8.65982e-138
1.2749e-137
1.77592e-137
2.36792e-137
3.04521e-137
3.8038e-137
4.67234e-137
2.15341e-136
6.54104e-134
2.52862e-131
9.20887e-129
3.15227e-126
1.02471e-123
3.17727e-121
1.00519e-118
3.38588e-116
1.18862e-113
4.31176e-111
1.5962e-108
6.27079e-106
2.71668e-103
1.29069e-100
6.89202e-98
4.2283e-95
3.11885e-92
3.00727e-89
2.78859e-87
2.77973e-85
4.91011e-84
1.52252e-82
7.32195e-82
1.96628e-81
3.90313e-81
6.49243e-81
9.79155e-81
1.45713e-80
3.00854e-80
2.36346e-79
2.34531e-78
1.9179e-69
1.78998e-64
1.17161e-61
1.46577e-58
8.76379e-56
7.67079e-54
7.47492e-53
2.18087e-52
2.79857e-52
2.31328e-138
3.9636e-138
6.24259e-138
9.19418e-138
1.28228e-137
1.71253e-137
2.20659e-137
2.7611e-137
3.53614e-137
7.72842e-136
3.03965e-133
1.18337e-130
4.29934e-128
1.4558e-125
4.64573e-123
1.40604e-120
4.31857e-118
1.40429e-115
4.73631e-113
1.64921e-110
5.8592e-108
2.18076e-105
8.87766e-103
3.95702e-100
1.97977e-97
1.14496e-94
8.09244e-92
7.49098e-89
6.01613e-87
5.81893e-85
9.85263e-84
3.09847e-82
1.3873e-81
3.44657e-81
6.33962e-81
9.79374e-81
1.37638e-80
1.92747e-80
3.9529e-80
3.34309e-79
3.29599e-78
2.73409e-69
2.49516e-64
1.62883e-61
1.98827e-58
1.14442e-55
9.50864e-54
8.56361e-53
2.28704e-52
2.79944e-52
1.65461e-138
2.83265e-138
4.46177e-138
6.5775e-138
9.18689e-138
1.22898e-137
1.58627e-137
1.98921e-137
3.2162e-137
3.53978e-135
1.46685e-132
5.70588e-130
2.0587e-127
6.87747e-125
2.1521e-122
6.35691e-120
1.89694e-117
5.96691e-115
1.93903e-112
6.49454e-110
2.22075e-107
7.87565e-105
3.01763e-102
1.26089e-99
5.89354e-97
3.19432e-94
2.16807e-91
1.9248e-88
1.3534e-86
1.24665e-84
2.02276e-83
6.45377e-82
2.67794e-81
6.11587e-81
1.0365e-80
1.47903e-80
1.9265e-80
2.52887e-80
5.18193e-80
4.73889e-79
4.61833e-78
3.87347e-69
3.43966e-64
2.24296e-61
2.67726e-58
1.48006e-55
1.16439e-53
9.69056e-53
2.38152e-52
2.80039e-52
1.17311e-138
2.00617e-138
3.16139e-138
4.66724e-138
6.5318e-138
8.75722e-138
1.13278e-137
1.42979e-137
5.56875e-137
1.72372e-134
7.23811e-132
2.81063e-129
1.00496e-126
3.30849e-124
1.01497e-121
2.92826e-119
8.50536e-117
2.59704e-114
8.1712e-112
2.63999e-109
8.69674e-107
2.95104e-104
1.06735e-101
4.17911e-99
1.82546e-96
9.289e-94
6.02171e-91
5.09279e-88
3.14101e-86
2.72794e-84
4.24515e-83
1.37594e-81
5.2623e-81
1.09543e-80
1.69846e-80
2.22444e-80
2.66972e-80
3.27351e-80
6.75988e-80
6.72628e-79
6.44062e-78
5.44045e-69
4.67621e-64
3.05567e-61
3.58608e-58
1.90208e-55
1.41327e-53
1.08641e-52
2.46711e-52
2.80143e-52
8.14845e-139
1.39465e-138
2.20089e-138
3.25535e-138
4.56565e-138
6.13467e-138
7.9536e-138
1.03983e-137
2.04519e-136
8.63812e-134
3.60549e-131
1.38889e-128
4.92206e-126
1.60083e-123
4.83231e-121
1.36783e-118
3.88511e-116
1.15619e-113
3.53513e-111
1.10839e-108
3.54952e-106
1.16383e-103
3.99471e-101
1.4683e-98
5.96719e-96
2.82602e-93
1.73148e-90
1.38252e-87
7.45963e-86
6.08581e-84
9.09704e-83
3.00255e-81
1.0511e-80
1.97008e-80
2.76903e-80
3.30352e-80
3.63027e-80
4.14737e-80
8.73234e-80
9.56742e-79
8.91298e-78
7.53405e-69
6.23114e-64
4.10056e-61
4.77778e-58
2.43248e-55
1.70158e-53
1.20734e-52
2.54378e-52
2.8024e-52
5.51046e-139
9.44415e-139
1.49341e-138
2.21436e-138
3.114e-138
4.19548e-138
5.45726e-138
8.91098e-138
1.0004e-135
4.44069e-133
1.84031e-130
7.03195e-128
2.47179e-125
7.95789e-123
2.37002e-120
6.60508e-118
1.84256e-115
5.37164e-113
1.60478e-110
4.90497e-108
1.53141e-105
4.87496e-103
1.5949e-100
5.50136e-98
2.06727e-95
9.00851e-93
5.14312e-90
3.83533e-87
1.8024e-85
1.38178e-83
1.98698e-82
6.70263e-81
2.12784e-80
3.5232e-80
4.43504e-80
4.77772e-80
4.77755e-80
5.0834e-80
1.107e-79
1.3796e-78
1.22056e-77
1.01785e-68
8.04355e-64
5.36933e-61
6.3086e-58
3.09034e-55
2.02696e-53
1.32724e-52
2.60931e-52
2.80308e-52
3.62608e-139
6.22542e-139
9.86928e-139
1.46767e-138
2.07026e-138
2.79776e-138
3.66786e-138
1.53433e-137
5.22188e-135
2.32395e-132
9.56894e-130
3.63085e-127
1.26839e-124
4.05587e-122
1.1965e-119
3.29867e-117
9.08733e-115
2.61105e-112
7.66951e-110
2.29753e-107
7.01613e-105
2.17549e-102
6.81589e-100
2.20784e-97
7.62029e-95
3.01533e-92
1.57574e-89
1.08365e-86
4.41364e-85
3.18839e-83
4.41353e-82
1.52903e-80
4.34461e-80
6.15319e-80
6.83141e-80
6.58413e-80
5.96514e-80
5.9365e-80
1.35582e-79
2.14232e-78
1.66842e-77
1.31983e-68
9.86371e-64
6.75588e-61
8.21264e-58
3.88333e-55
2.37502e-53
1.43715e-52
2.65997e-52
2.80308e-52
2.32631e-139
4.00147e-139
6.36149e-139
9.48993e-139
1.34244e-138
1.81923e-138
2.48689e-138
6.0663e-137
2.791e-134
1.23678e-131
5.06537e-129
1.91202e-126
6.65638e-124
2.12336e-121
6.23584e-119
1.71012e-116
4.68068e-114
1.33388e-111
3.87615e-109
1.14433e-106
3.4297e-104
1.03757e-101
3.12698e-99
9.53595e-97
3.00665e-94
1.06509e-91
4.98892e-89
3.11868e-86
1.0946e-84
7.4888e-83
1.00069e-81
3.59194e-80
8.94394e-80
1.01773e-79
9.81053e-80
8.39042e-80
6.90158e-80
6.51638e-80
1.5754e-79
4.64599e-78
2.64778e-77
2.02723e-68
1.83452e-63
1.47107e-60
1.96251e-57
6.71904e-55
3.14729e-53
1.63917e-52
2.74016e-52
2.80308e-52
1.45625e-139
2.50889e-139
3.99745e-139
5.97793e-139
8.46596e-139
1.14911e-138
2.10251e-138
3.20679e-136
1.53852e-133
6.78617e-131
2.76998e-128
1.04281e-125
3.62936e-123
1.16049e-120
3.41121e-118
9.35783e-116
2.55966e-113
7.27683e-111
2.10336e-108
6.1483e-106
1.81372e-103
5.35469e-101
1.55874e-98
4.4986e-96
1.29497e-93
4.05499e-91
1.66336e-88
9.30626e-86
2.79265e-84
1.84208e-82
2.52482e-81
1.18066e-79
4.6791e-79
5.82642e-79
4.84407e-79
3.49129e-79
2.55247e-79
2.19477e-79
4.67882e-79
7.7716e-76
2.6236e-75
1.92065e-68
1.67743e-63
5.24857e-55
4.66865e-54
1.69447e-53
5.01175e-53
1.69754e-52
2.53496e-52
2.75552e-52
8.96404e-149
1.984e-148
5.8065e-148
3.64348e-146
2.11538e-143
1.33768e-140
7.74194e-138
4.07537e-135
1.95637e-132
8.5794e-130
3.44637e-127
1.26961e-124
4.29868e-122
1.33947e-119
3.84946e-117
1.02843e-114
2.71524e-112
7.37455e-110
2.01397e-107
5.49744e-105
1.49829e-102
4.07393e-100
1.10505e-97
2.98303e-95
7.90992e-93
2.14871e-90
7.43848e-88
3.98438e-85
1.04494e-83
1.34713e-81
3.07666e-80
1.72344e-78
2.14519e-77
3.46862e-77
9.25818e-77
3.266e-75
3.21346e-74
1.26734e-72
7.10999e-70
5.53254e-69
1.17021e-68
2.2633e-63
6.99539e-57
2.45004e-55
2.33564e-54
8.92742e-54
3.19456e-53
1.05711e-52
1.51575e-52
2.0472e-52
3.86022e-154
4.25766e-152
2.7866e-149
2.18148e-146
1.57349e-143
1.03075e-140
6.14004e-138
3.33591e-135
1.65728e-132
7.53875e-130
3.14315e-127
1.20395e-124
4.24508e-122
1.38128e-119
4.15873e-117
1.16435e-114
3.22068e-112
9.14655e-110
2.60025e-107
7.34966e-105
2.06337e-102
5.77663e-100
1.62355e-97
4.59236e-95
1.30689e-92
3.85141e-90
1.45594e-87
1.01936e-84
1.33129e-80
4.08899e-79
8.01015e-78
5.09529e-76
1.28209e-74
1.93087e-73
6.49164e-73
6.92533e-72
1.0149e-70
1.08831e-67
1.49632e-65
9.28804e-65
1.54988e-64
2.30778e-64
1.26485e-72
8.29168e-74
5.95332e-75
2.78971e-76
2.46991e-76
3.11635e-74
7.81228e-75
2.22775e-74
9.05332e-160
1.09525e-156
1.20153e-153
1.18596e-150
1.05374e-147
8.46695e-145
6.15268e-142
4.06409e-139
2.44974e-136
1.3545e-133
6.84603e-131
3.17131e-128
1.34725e-125
5.26208e-123
1.89421e-120
6.31251e-118
2.0697e-115
6.93869e-113
2.31989e-110
7.69826e-108
2.54113e-105
8.43855e-103
2.86999e-100
1.02182e-97
3.96678e-95
1.8122e-92
1.25566e-89
5.4796e-86
2.03643e-80
9.61536e-79
3.57674e-78
5.47636e-77
8.68939e-76
1.13633e-74
1.04688e-73
1.10302e-72
1.14764e-71
9.03632e-71
5.46557e-70
1.76763e-69
1.65416e-69
5.52794e-71
1.13633e-72
5.20054e-74
3.64969e-75
1.57827e-76
4.83847e-78
1.07962e-79
5.26811e-81
1.39531e-78
8.40976e-171
3.67602e-167
1.41714e-163
3.28123e-160
5.59148e-157
7.57516e-154
8.3766e-151
8.10565e-148
7.15768e-145
5.96466e-142
4.31685e-139
2.80761e-136
1.61789e-133
8.47702e-131
4.20045e-128
1.9305e-125
8.60909e-123
3.84107e-120
1.69257e-117
7.37867e-115
3.2472e-112
1.60239e-109
9.96493e-107
8.21198e-104
9.35182e-101
1.2863e-97
2.53772e-94
3.31792e-88
6.95032e-84
1.67762e-81
2.42606e-83
6.86826e-84
3.42336e-81
6.95003e-79
6.72477e-77
2.20527e-75
4.77892e-74
6.61245e-73
5.41333e-72
1.21161e-71
4.69678e-72
3.38796e-73
1.74389e-74
6.66279e-76
2.06333e-77
6.03046e-79
1.75783e-80
5.39297e-82
1.90283e-83
3.029e-82
2.56502e-180
1.17509e-176
3.93902e-173
1.70599e-169
5.88459e-166
1.43811e-162
2.5953e-159
4.08524e-156
6.81991e-153
1.11737e-149
1.17855e-146
9.56762e-144
5.36833e-141
2.14275e-138
1.0017e-135
2.20475e-132
2.42515e-129
6.58548e-127
2.52886e-124
1.15701e-121
6.19829e-119
3.93756e-116
3.02082e-113
7.44871e-110
1.45414e-106
1.25254e-103
2.25405e-100
7.4565e-94
4.37365e-89
2.85928e-86
8.83253e-88
3.02421e-89
1.02841e-90
4.86528e-89
1.83687e-85
8.34987e-82
8.30564e-80
3.282e-78
4.69877e-77
5.84774e-77
6.34451e-78
4.36028e-79
2.45321e-80
1.44297e-81
8.21228e-83
4.71681e-84
2.78004e-85
1.6828e-86
1.07086e-87
4.49265e-87
2.72235e-187
1.71394e-183
9.85859e-180
5.16985e-176
2.47012e-172
1.02509e-168
3.11038e-165
7.66627e-162
1.54116e-158
2.37683e-155
3.01468e-152
3.18722e-149
2.66555e-146
1.57925e-143
6.71711e-141
1.0458e-136
1.70695e-133
5.65178e-131
2.86552e-128
1.83107e-125
1.40694e-122
1.25042e-119
1.26141e-116
3.30473e-113
9.65636e-110
1.54117e-106
1.81061e-103
6.75138e-98
5.58376e-96
8.71204e-93
2.57006e-94
7.7772e-96
2.43465e-97
7.96413e-99
2.72711e-100
9.74677e-102
3.62646e-103
1.405e-104
5.66591e-106
2.3797e-107
1.04001e-108
5.51627e-99
3.48248e-89
4.11865e-90
2.51447e-91
1.42239e-92
8.18286e-94
4.86551e-95
3.46222e-96
1.06115e-92
5.90444e-193
4.48518e-189
3.17083e-185
1.98938e-181
1.10936e-177
5.269e-174
2.21891e-170
7.65097e-167
2.05941e-163
4.30157e-160
7.58699e-157
1.06289e-153
1.15321e-150
8.63972e-148
4.57645e-145
1.22795e-140
2.62176e-137
1.15128e-134
7.98239e-132
6.98005e-129
7.30217e-126
8.78577e-123
1.20863e-119
2.85669e-116
1.97461e-112
1.66672e-108
1.433e-104
2.72293e-100
9.01583e-101
2.52391e-99
2.93433e-100
9.09687e-102
2.81357e-103
9.09869e-105
3.07345e-106
1.08215e-107
3.9688e-109
1.51626e-110
6.02064e-112
2.48657e-113
1.06676e-114
6.28274e-116
3.61267e-97
1.23102e-97
9.13236e-99
5.13535e-100
3.57071e-101
5.95851e-102
2.35095e-102
1.14797e-98
6.18712e-198
5.60106e-194
4.58923e-190
3.23031e-186
2.00493e-182
1.0994e-178
5.28157e-175
2.1599e-171
7.3896e-168
2.08254e-164
4.68937e-161
8.29651e-158
1.13537e-154
1.06106e-151
7.04197e-149
3.13624e-144
8.82107e-141
5.2156e-138
5.04121e-135
6.21168e-132
9.28408e-129
1.63385e-125
3.43773e-122
9.1941e-119
9.09907e-115
2.32669e-110
4.7598e-106
9.29811e-103
2.33149e-103
1.21811e-103
8.50962e-105
2.96922e-106
8.94349e-108
2.80868e-109
9.2049e-111
3.14649e-112
1.12074e-113
4.15454e-115
1.60018e-116
6.40571e-118
2.6635e-119
1.41445e-116
2.85999e-102
1.86313e-102
1.55608e-103
8.69165e-105
5.89958e-106
1.01731e-106
2.70526e-107
9.71088e-105
2.5377e-202
2.62024e-198
2.41533e-194
1.96617e-190
1.41096e-186
8.91484e-183
4.89894e-179
2.32973e-175
9.54664e-172
3.23416e-168
8.81279e-165
1.90109e-161
3.20045e-158
3.67192e-155
3.06474e-152
2.22061e-147
8.26242e-144
6.63849e-141
9.02458e-138
1.5801e-134
3.38752e-131
8.63529e-128
2.64968e-124
1.00955e-120
8.22282e-117
2.47417e-112
5.91937e-108
1.20987e-104
8.83015e-106
1.59834e-106
4.74231e-108
1.32924e-109
3.88382e-111
1.18601e-112
3.78222e-114
1.25849e-115
4.36389e-117
1.57429e-118
5.8996e-120
2.29632e-121
9.28109e-123
9.57402e-117
1.14659e-107
1.67102e-107
1.77983e-108
1.02247e-109
7.33172e-111
1.77403e-111
4.77786e-112
8.71872e-111
3.58094e-206
4.32193e-202
4.64231e-198
4.4046e-194
3.67857e-190
2.68917e-186
1.70081e-182
9.26781e-179
4.33118e-175
1.7019e-171
5.43739e-168
1.38511e-164
2.77112e-161
3.76185e-158
3.86237e-155
4.26059e-150
2.00041e-146
2.06688e-143
3.6907e-140
8.45472e-137
2.35121e-133
7.66806e-130
2.93887e-126
1.34229e-122
8.05448e-119
1.39927e-114
3.39419e-110
1.11694e-106
4.24398e-108
3.67545e-109
1.0188e-110
2.73507e-112
7.64781e-114
2.23668e-115
6.83614e-117
2.1815e-118
7.26067e-120
2.51703e-121
9.07332e-123
3.39877e-124
1.32317e-125
3.30618e-121
4.08262e-113
1.34882e-112
1.93385e-113
1.17809e-114
8.66064e-116
2.83802e-116
8.56124e-117
1.20206e-116
9.58492e-210
1.3619e-205
1.71882e-201
1.91296e-197
1.87012e-193
1.59543e-189
1.17349e-185
7.41048e-182
3.99787e-178
1.81744e-174
6.73556e-171
1.98888e-167
4.59546e-164
7.11116e-161
8.77121e-158
1.356e-152
7.56437e-149
9.39165e-146
2.04009e-142
5.62765e-139
1.85798e-135
7.05776e-132
3.06348e-128
1.52004e-124
8.84453e-121
6.48786e-117
8.02884e-113
1.80604e-109
1.25137e-110
1.01065e-111
2.61632e-113
6.69065e-115
1.78893e-116
5.01479e-118
1.47187e-119
4.51738e-121
1.44798e-122
4.84055e-124
1.68515e-125
6.10128e-127
2.298e-128
4.56113e-128
1.63768e-118
1.08212e-117
2.07429e-118
1.36159e-119
9.6095e-121
3.75843e-121
1.28484e-121
4.6307e-122
3.09987e-213
5.18718e-209
7.6991e-205
1.00653e-200
1.15394e-196
1.15168e-192
9.88409e-189
7.26277e-185
4.5444e-181
2.38593e-177
1.02329e-173
3.4774e-170
9.1619e-167
1.58823e-163
2.35639e-160
4.79705e-155
3.0761e-151
4.42133e-148
1.12029e-144
3.56006e-141
1.33279e-137
5.62698e-134
2.64058e-130
1.35896e-126
7.47875e-123
4.17554e-119
1.94614e-115
2.54014e-112
3.23131e-113
2.74199e-114
6.84126e-116
1.68333e-117
4.33911e-119
1.17451e-120
3.33245e-122
9.89487e-124
3.07015e-125
9.94015e-127
3.35366e-128
1.17769e-129
4.30262e-131
1.67085e-132
8.60832e-124
9.42549e-123
2.29317e-123
1.60899e-124
1.03141e-125
4.0787e-126
1.55292e-126
3.79495e-127
1.01268e-216
1.99079e-212
3.46751e-208
5.31429e-204
7.13161e-200
8.31313e-196
8.31405e-192
7.10116e-188
5.14906e-184
3.12062e-180
1.54623e-176
6.02536e-173
1.80123e-169
3.47793e-166
6.30137e-163
1.61056e-157
1.16911e-153
1.9107e-150
5.52974e-147
1.97986e-143
8.21494e-140
3.76888e-136
1.87246e-132
9.74372e-129
5.0192e-125
2.34405e-121
7.72695e-118
7.14374e-115
9.84702e-116
7.67423e-117
1.8675e-118
4.42297e-120
1.09818e-121
2.86729e-123
7.85671e-125
2.25508e-126
6.76898e-128
2.12168e-129
6.93494e-131
2.36117e-132
8.36966e-134
3.08826e-135
6.79958e-129
1.00866e-127
2.8601e-128
2.08637e-129
1.19337e-130
3.95396e-131
1.62592e-131
3.64116e-132
3.17161e-220
7.30238e-216
1.48815e-211
2.6659e-207
4.17548e-203
5.66889e-199
6.58927e-195
6.52499e-191
5.46881e-187
3.81669e-183
2.18085e-179
9.72022e-176
3.2893e-172
7.069e-169
1.59225e-165
4.91153e-160
4.00426e-156
7.37019e-153
2.40807e-149
9.59788e-146
4.36145e-142
2.15052e-138
1.11771e-134
5.80652e-131
2.82629e-127
1.15049e-123
2.95069e-120
2.04916e-117
3.07335e-118
2.22204e-119
5.30942e-121
1.21069e-122
2.89326e-124
7.28024e-126
1.92482e-127
5.33598e-129
1.54826e-130
4.69457e-132
1.48549e-133
4.89973e-135
1.68373e-136
6.02567e-138
8.81311e-134
1.48441e-132
4.50395e-133
3.30235e-134
1.71413e-135
4.03824e-136
1.73003e-136
3.79092e-137
9.43549e-224
2.53692e-219
6.03174e-215
1.25944e-210
2.29583e-206
3.62048e-202
4.87821e-198
5.58613e-194
5.39806e-190
4.32772e-186
2.83074e-182
1.44009e-178
5.50795e-175
1.32016e-171
3.75337e-168
1.35231e-162
1.2325e-158
2.53993e-155
9.3013e-152
4.09727e-148
2.02544e-144
1.06701e-140
5.7594e-137
2.98401e-133
1.3913e-129
5.07992e-126
1.06962e-122
5.84828e-120
9.53762e-121
6.57857e-122
1.55275e-123
3.41148e-125
7.84274e-127
1.9005e-128
4.84446e-130
1.29607e-131
3.63237e-133
1.06465e-134
3.25882e-136
1.04048e-137
3.46322e-139
1.20116e-140
1.98109e-138
3.22902e-137
9.8704e-138
7.08283e-139
3.4306e-140
5.2485e-141
2.2567e-141
5.00028e-142
2.65613e-227
8.31641e-223
2.30058e-218
5.58374e-214
1.18144e-209
2.1584e-205
3.36252e-201
4.44142e-197
4.93605e-193
4.53506e-189
3.38573e-185
1.96254e-181
8.47516e-178
2.27341e-174
8.24401e-171
3.38022e-165
3.43365e-161
7.89206e-158
3.22369e-154
1.56239e-150
8.3716e-147
4.69851e-143
2.62358e-139
1.36324e-135
6.15958e-132
2.06174e-128
3.70819e-125
1.66041e-122
2.94251e-123
1.97893e-124
4.63861e-126
9.83151e-128
2.17347e-129
5.06907e-131
1.24492e-132
3.21199e-134
8.68862e-136
2.4599e-137
7.27823e-139
2.24769e-140
7.24077e-142
2.43185e-143
7.51862e-143
1.06533e-141
3.17579e-142
2.20175e-143
1.01663e-144
1.01466e-145
4.17937e-146
9.75924e-147
7.11454e-231
2.58652e-226
8.3015e-222
2.33553e-217
5.72013e-213
1.20748e-208
2.16941e-204
3.29697e-200
4.20385e-196
4.4159e-192
3.7545e-188
2.47584e-184
1.20616e-180
3.63733e-177
1.69104e-173
7.73754e-168
8.74252e-164
2.23535e-160
1.01521e-156
5.39905e-153
3.13024e-149
1.86709e-145
1.07785e-141
5.66023e-138
2.50181e-134
7.8125e-131
1.23705e-127
4.68898e-125
9.0252e-126
6.01921e-127
1.40813e-128
2.88402e-130
6.12981e-132
1.37523e-133
3.25211e-135
8.08674e-137
2.11e-138
5.76646e-140
1.64809e-141
4.91954e-143
1.53269e-144
4.98095e-146
5.92864e-147
5.2802e-146
1.51925e-146
1.01636e-147
4.52672e-149
3.16971e-150
1.17929e-150
3.06951e-151
1.85767e-234
7.79528e-230
2.88695e-225
9.36751e-221
2.64348e-216
6.42058e-212
1.32524e-207
2.30915e-203
3.36713e-199
4.03206e-195
3.89372e-191
2.91577e-187
1.60036e-183
5.45453e-180
3.25132e-176
1.63679e-170
2.05399e-166
5.83137e-163
2.9379e-159
1.71163e-155
1.07269e-151
6.7871e-148
4.06074e-144
2.16903e-140
9.45776e-137
2.79573e-133
3.99257e-130
1.31683e-127
2.75167e-128
1.84441e-129
4.32737e-131
8.5826e-133
1.75376e-134
3.78329e-136
8.61033e-138
2.06234e-139
5.18737e-141
1.36763e-142
3.77332e-144
1.08796e-145
3.27588e-147
1.0294e-148
3.71571e-150
3.88152e-150
1.06573e-150
6.91721e-152
2.98834e-153
1.61508e-154
5.07767e-155
1.59315e-155
5.92018e-238
2.69714e-233
1.11194e-228
4.03505e-224
1.27799e-219
3.49311e-215
8.12978e-211
1.59896e-206
2.63211e-202
3.55508e-198
3.86564e-194
3.26611e-190
2.01054e-186
7.76769e-183
5.90601e-179
3.23545e-173
4.50028e-169
1.41585e-165
7.89648e-162
5.03352e-158
3.40758e-154
2.28414e-150
1.42183e-146
7.76595e-143
3.36455e-139
9.53087e-136
1.25213e-132
3.67637e-130
8.3432e-131
5.67849e-132
1.34235e-133
2.58456e-135
5.0782e-137
1.05303e-138
2.30547e-140
5.31648e-142
1.28843e-143
3.27516e-145
8.71807e-147
2.42656e-148
7.05693e-150
2.14281e-151
6.82477e-153
5.95819e-154
1.12625e-154
6.98113e-156
2.92293e-157
1.32329e-158
3.19201e-159
1.3569e-159
1.24255e-239
3.59355e-236
1.2953e-231
4.37043e-227
1.31249e-222
3.47152e-218
7.98106e-214
1.58145e-209
2.67074e-205
3.76002e-201
4.31903e-197
3.91676e-193
2.60886e-189
1.1201e-185
1.0619e-181
6.20706e-176
9.47277e-172
3.2773e-168
2.01121e-164
1.39692e-160
1.01783e-156
7.21509e-153
4.68803e-149
2.62694e-145
1.13718e-141
3.1183e-138
3.83003e-135
1.02043e-132
2.51634e-133
1.75248e-134
4.1929e-136
7.86043e-138
1.48577e-139
2.9611e-141
6.23515e-143
1.38398e-144
3.23082e-146
7.91674e-148
2.03281e-149
5.46152e-151
1.53413e-152
4.50154e-154
1.37939e-155
4.89055e-157
2.87276e-158
1.40422e-159
5.51126e-161
2.19134e-162
2.89173e-163
1.87972e-163
1.1624e-239
2.12233e-237
1.92898e-233
5.54082e-229
1.39429e-224
3.03197e-220
5.63803e-216
8.9279e-212
1.19705e-207
1.33633e-203
1.22179e-199
8.86664e-196
4.87551e-192
2.02156e-188
3.05968e-184
1.55255e-178
2.40091e-174
8.67043e-171
5.62143e-167
4.11844e-163
3.14216e-159
2.30905e-155
1.54444e-151
8.7821e-148
3.77634e-144
1.00271e-140
1.15974e-137
2.84322e-135
7.63423e-136
5.49008e-137
1.34061e-138
2.46579e-140
4.5138e-142
8.7201e-144
1.78683e-145
3.8784e-147
8.9057e-149
2.16161e-150
5.54402e-152
1.50248e-153
4.30598e-155
1.30587e-156
4.19429e-158
1.4353e-159
5.39007e-161
2.12227e-162
8.57109e-164
3.63126e-165
1.76018e-166
4.96339e-167
2.35659e-09
4.29507e-09
4.55393e-09
4.67928e-09
4.78444e-09
4.84504e-09
4.86313e-09
4.82409e-09
4.73473e-09
4.60319e-09
4.43465e-09
4.23472e-09
4.01016e-09
3.76862e-09
3.51966e-09
3.27828e-09
3.06106e-09
2.85598e-09
2.62019e-09
2.37811e-09
2.1458e-09
1.91494e-09
1.67209e-09
1.42886e-09
1.20178e-09
9.99077e-10
8.23423e-10
6.79954e-10
5.6741e-10
4.82796e-10
4.20482e-10
3.70444e-10
3.25307e-10
2.82775e-10
2.43111e-10
2.07256e-10
1.7582e-10
1.48902e-10
1.26203e-10
1.07224e-10
9.14105e-11
7.82362e-11
6.72348e-11
5.80099e-11
5.02341e-11
4.36529e-11
3.80849e-11
3.34197e-11
2.96236e-11
2.67701e-11
2.51247e-11
2.53432e-11
2.89289e-11
3.92663e-11
6.39177e-11
1.19381e-10
2.39668e-10
4.8837e-10
9.69049e-10
1.82348e-09
3.21217e-09
5.2791e-09
8.11795e-09
1.17697e-08
1.62402e-08
2.15158e-08
2.75661e-08
3.43421e-08
4.17803e-08
4.9803e-08
5.8322e-08
6.72441e-08
7.64738e-08
8.5913e-08
9.54612e-08
1.05016e-07
1.14484e-07
1.23785e-07
1.3288e-07
1.41782e-07
1.5053e-07
1.59166e-07
1.67725e-07
1.76235e-07
1.84739e-07
1.93283e-07
2.01918e-07
2.10778e-07
2.19979e-07
2.29641e-07
2.39876e-07
2.50762e-07
2.62341e-07
2.74618e-07
2.87572e-07
3.01162e-07
3.15328e-07
3.27346e-07
3.39735e-07
3.52448e-07
3.65428e-07
3.78614e-07
3.91942e-07
4.05343e-07
4.18746e-07
4.32081e-07
4.45277e-07
4.58266e-07
4.70984e-07
4.83371e-07
4.95371e-07
5.06941e-07
5.18043e-07
5.28653e-07
5.38755e-07
5.48341e-07
5.57411e-07
5.65967e-07
5.74014e-07
5.81549e-07
5.8857e-07
5.95063e-07
6.01007e-07
6.06365e-07
6.11078e-07
6.15067e-07
6.18242e-07
6.20503e-07
6.2174e-07
6.21831e-07
6.20634e-07
6.18018e-07
6.1388e-07
6.08147e-07
6.00771e-07
5.91713e-07
5.80962e-07
5.68512e-07
5.54317e-07
5.38421e-07
5.20919e-07
5.01962e-07
4.81752e-07
4.60581e-07
4.38905e-07
4.17161e-07
3.95733e-07
3.74844e-07
3.54519e-07
3.34632e-07
1.32122e-12
2.54067e-10
2.209e-09
3.80116e-09
3.03044e-09
2.59879e-09
2.43243e-09
2.50321e-09
2.70679e-09
2.95112e-09
3.18921e-09
3.39263e-09
3.54287e-09
3.63147e-09
3.65819e-09
3.6295e-09
3.55655e-09
3.45101e-09
3.31322e-09
3.14419e-09
2.94996e-09
2.74014e-09
2.50972e-09
2.24514e-09
1.95814e-09
1.69734e-09
1.47953e-09
1.28978e-09
1.11985e-09
9.67313e-10
8.39515e-10
7.46226e-10
6.581e-10
5.68929e-10
4.84234e-10
4.10202e-10
3.48713e-10
2.98801e-10
2.58224e-10
2.2476e-10
1.96644e-10
1.72629e-10
1.51867e-10
1.33777e-10
1.1794e-10
1.04059e-10
9.19294e-11
8.14057e-11
7.23696e-11
6.47222e-11
5.8404e-11
5.34528e-11
5.01296e-11
4.9188e-11
5.24733e-11
6.4241e-11
9.39084e-11
1.61205e-10
3.04212e-10
5.88563e-10
1.11296e-09
2.00329e-09
3.39136e-09
5.3867e-09
8.05924e-09
1.14315e-08
1.54911e-08
2.0205e-08
2.55291e-08
3.14053e-08
3.77651e-08
4.45365e-08
5.16441e-08
5.90097e-08
6.65521e-08
7.41877e-08
8.18361e-08
8.94281e-08
9.6922e-08
1.04315e-07
1.11625e-07
1.18878e-07
1.26096e-07
1.33292e-07
1.4049e-07
1.47716e-07
1.55e-07
1.62444e-07
1.70208e-07
1.78345e-07
1.86961e-07
1.96129e-07
2.05882e-07
2.16217e-07
2.27105e-07
2.38504e-07
2.50354e-07
2.60384e-07
2.70699e-07
2.81257e-07
2.9201e-07
3.02908e-07
3.13899e-07
3.24927e-07
3.35937e-07
3.46873e-07
3.57682e-07
3.68311e-07
3.7871e-07
3.88836e-07
3.98645e-07
4.08105e-07
4.17188e-07
4.25875e-07
4.34154e-07
4.42021e-07
4.49471e-07
4.56504e-07
4.63113e-07
4.6929e-07
4.75018e-07
4.80276e-07
4.85036e-07
4.89256e-07
4.92878e-07
4.95832e-07
4.98037e-07
4.99413e-07
4.99875e-07
4.99339e-07
4.97686e-07
4.94813e-07
4.90659e-07
4.85176e-07
4.78354e-07
4.70181e-07
4.60667e-07
4.49821e-07
4.37617e-07
4.24121e-07
4.09387e-07
3.93505e-07
3.76648e-07
3.59041e-07
3.41069e-07
3.23167e-07
3.05733e-07
2.8897e-07
2.72866e-07
2.57222e-07
1.06601e-19
6.21185e-20
5.10049e-14
5.42511e-10
1.4832e-09
1.77056e-09
1.86711e-09
1.93785e-09
2.02921e-09
2.18182e-09
2.39539e-09
2.62921e-09
2.86574e-09
3.08947e-09
3.28532e-09
3.44183e-09
3.55224e-09
3.61426e-09
3.62852e-09
3.59753e-09
3.52695e-09
3.42503e-09
3.29902e-09
3.14269e-09
2.9151e-09
2.66339e-09
2.42099e-09
2.19739e-09
1.98966e-09
1.79021e-09
1.59815e-09
1.41132e-09
1.22727e-09
1.04522e-09
8.78412e-10
7.43988e-10
6.44435e-10
5.71505e-10
5.13369e-10
4.62822e-10
4.16606e-10
3.73759e-10
3.34376e-10
2.98673e-10
2.66696e-10
2.38361e-10
2.13514e-10
1.91947e-10
1.73395e-10
1.57536e-10
1.44014e-10
1.32488e-10
1.22692e-10
1.1452e-10
1.0816e-10
1.04371e-10
1.05087e-10
1.14675e-10
1.4238e-10
2.0653e-10
3.40688e-10
6.00346e-10
1.06636e-09
1.83961e-09
3.02613e-09
4.71791e-09
6.9742e-09
9.81286e-09
1.32083e-08
1.71129e-08
2.14701e-08
2.62252e-08
3.13228e-08
3.67059e-08
4.23153e-08
4.80895e-08
5.39651e-08
5.98838e-08
6.58052e-08
7.17167e-08
7.76206e-08
8.35248e-08
8.94322e-08
9.53404e-08
1.01255e-07
1.07179e-07
1.13125e-07
1.19146e-07
1.25397e-07
1.31947e-07
1.38889e-07
1.46285e-07
1.54165e-07
1.62523e-07
1.71327e-07
1.80533e-07
1.90087e-07
1.9816e-07
2.06447e-07
2.14914e-07
2.23522e-07
2.32231e-07
2.41e-07
2.49787e-07
2.58549e-07
2.67245e-07
2.75834e-07
2.84278e-07
2.9254e-07
3.00586e-07
3.08386e-07
3.15914e-07
3.2315e-07
3.30078e-07
3.36688e-07
3.42974e-07
3.48932e-07
3.54553e-07
3.59825e-07
3.64731e-07
3.69246e-07
3.73341e-07
3.76985e-07
3.80137e-07
3.82748e-07
3.84755e-07
3.86095e-07
3.86705e-07
3.86526e-07
3.85499e-07
3.83539e-07
3.80579e-07
3.76594e-07
3.71568e-07
3.65483e-07
3.58355e-07
3.50194e-07
3.41031e-07
3.30903e-07
3.19849e-07
3.07918e-07
2.9514e-07
2.81581e-07
2.6745e-07
2.53115e-07
2.38956e-07
2.25329e-07
2.12426e-07
2.00215e-07
1.88515e-07
1.00626e-19
3.13911e-20
1.46385e-20
9.84352e-13
1.59202e-10
1.13171e-09
1.66261e-09
1.60427e-09
1.58277e-09
1.59812e-09
1.65914e-09
1.80908e-09
2.05113e-09
2.33064e-09
2.60941e-09
2.87559e-09
3.11821e-09
3.32815e-09
3.49866e-09
3.62577e-09
3.70848e-09
3.74836e-09
3.75125e-09
3.72254e-09
3.66787e-09
3.53241e-09
3.35781e-09
3.17854e-09
2.99862e-09
2.8025e-09
2.56024e-09
2.26911e-09
1.98198e-09
1.71228e-09
1.47111e-09
1.27337e-09
1.13398e-09
1.05035e-09
9.80775e-10
9.07186e-10
8.28292e-10
7.49042e-10
6.75225e-10
6.09778e-10
5.52831e-10
5.03434e-10
4.60487e-10
4.23085e-10
3.90517e-10
3.62162e-10
3.3741e-10
3.1567e-10
2.96426e-10
2.7926e-10
2.63892e-10
2.50229e-10
2.38451e-10
2.292e-10
2.23993e-10
2.26035e-10
2.41746e-10
2.83497e-10
3.73845e-10
5.50528e-10
8.70186e-10
1.40767e-09
2.24686e-09
3.46484e-09
5.11498e-09
7.21477e-09
9.74719e-09
1.26692e-08
1.59342e-08
1.94959e-08
2.33095e-08
2.73326e-08
3.15192e-08
3.58242e-08
4.02126e-08
4.46673e-08
4.91772e-08
5.37344e-08
5.83261e-08
6.29345e-08
6.75468e-08
7.21491e-08
7.67329e-08
8.13195e-08
8.60225e-08
9.09546e-08
9.62037e-08
1.01823e-07
1.07837e-07
1.14238e-07
1.20994e-07
1.28064e-07
1.35402e-07
1.416e-07
1.47959e-07
1.54451e-07
1.61045e-07
1.67711e-07
1.74418e-07
1.81134e-07
1.87828e-07
1.94471e-07
2.01033e-07
2.07487e-07
2.13808e-07
2.19971e-07
2.25952e-07
2.31733e-07
2.37296e-07
2.42628e-07
2.47721e-07
2.52565e-07
2.57152e-07
2.61471e-07
2.65506e-07
2.69231e-07
2.72616e-07
2.75629e-07
2.7824e-07
2.80414e-07
2.82111e-07
2.83286e-07
2.83892e-07
2.83886e-07
2.83229e-07
2.81881e-07
2.798e-07
2.76946e-07
2.73315e-07
2.6892e-07
2.63765e-07
2.57845e-07
2.51175e-07
2.43786e-07
2.35751e-07
2.27142e-07
2.17981e-07
2.08231e-07
1.97926e-07
1.87215e-07
1.76371e-07
1.65729e-07
1.55642e-07
1.46279e-07
1.3759e-07
1.29418e-07
9.53428e-20
1.12439e-20
2.22475e-21
8.06661e-22
1.96539e-11
5.04089e-10
1.01159e-09
8.43838e-10
7.0753e-10
6.10759e-10
5.50885e-10
5.20497e-10
5.16216e-10
5.95675e-10
7.90455e-10
1.08542e-09
1.42862e-09
1.79272e-09
2.15446e-09
2.49712e-09
2.80809e-09
3.07817e-09
3.30168e-09
3.4756e-09
3.6004e-09
3.67898e-09
3.71164e-09
3.70147e-09
3.64449e-09
3.52347e-09
3.3284e-09
3.06973e-09
2.79486e-09
2.55412e-09
2.3518e-09
2.16259e-09
1.98477e-09
1.84136e-09
1.73557e-09
1.60745e-09
1.46059e-09
1.31448e-09
1.19365e-09
1.1025e-09
1.02998e-09
9.66949e-10
9.08652e-10
8.53726e-10
8.02628e-10
7.56193e-10
7.14873e-10
6.78529e-10
6.46677e-10
6.18589e-10
5.93499e-10
5.70761e-10
5.4995e-10
5.30917e-10
5.13839e-10
4.99237e-10
4.87916e-10
4.81106e-10
4.81131e-10
4.92785e-10
5.25822e-10
5.98649e-10
7.42037e-10
1.00039e-09
1.42812e-09
2.08027e-09
3.00336e-09
4.23039e-09
5.77759e-09
7.64312e-09
9.80449e-09
1.22227e-08
1.4854e-08
1.76565e-08
2.05976e-08
2.3652e-08
2.68026e-08
3.00314e-08
3.33155e-08
3.66268e-08
3.99402e-08
4.32278e-08
4.64613e-08
4.96051e-08
5.2775e-08
5.61139e-08
5.97036e-08
6.35944e-08
6.78028e-08
7.2321e-08
7.71201e-08
8.21644e-08
8.7415e-08
9.18569e-08
9.64207e-08
1.01085e-07
1.05826e-07
1.10623e-07
1.15452e-07
1.2029e-07
1.25118e-07
1.29913e-07
1.34656e-07
1.3933e-07
1.43915e-07
1.48395e-07
1.52752e-07
1.56969e-07
1.61034e-07
1.64932e-07
1.68654e-07
1.72187e-07
1.75523e-07
1.78648e-07
1.81546e-07
1.84189e-07
1.86542e-07
1.88572e-07
1.90255e-07
1.9157e-07
1.92488e-07
1.92981e-07
1.93024e-07
1.92591e-07
1.91662e-07
1.90211e-07
1.88219e-07
1.85688e-07
1.82631e-07
1.79056e-07
1.74975e-07
1.70396e-07
1.65336e-07
1.59834e-07
1.5395e-07
1.4774e-07
1.41218e-07
1.34378e-07
1.27201e-07
1.19731e-07
1.12175e-07
1.04805e-07
9.79084e-08
9.16386e-08
8.59958e-08
8.0853e-08
9.12676e-20
8.80238e-21
3.21018e-22
4.99546e-23
2.0456e-23
3.43004e-12
1.28367e-10
2.09862e-10
1.17288e-10
7.51937e-11
5.54652e-11
4.61963e-11
4.26623e-11
4.28864e-11
4.62117e-11
6.68012e-11
1.51871e-10
3.09419e-10
5.31566e-10
8.07687e-10
1.12598e-09
1.46936e-09
1.81937e-09
2.15832e-09
2.47036e-09
2.74305e-09
2.97777e-09
3.17669e-09
3.32877e-09
3.42277e-09
3.45217e-09
3.41329e-09
3.33706e-09
3.24515e-09
3.1431e-09
3.03104e-09
2.90579e-09
2.7698e-09
2.59818e-09
2.40388e-09
2.19665e-09
1.98957e-09
1.84191e-09
1.77712e-09
1.73267e-09
1.67502e-09
1.59997e-09
1.51649e-09
1.43589e-09
1.36564e-09
1.30852e-09
1.26358e-09
1.22849e-09
1.20016e-09
1.17554e-09
1.15229e-09
1.12901e-09
1.10537e-09
1.08208e-09
1.06074e-09
1.04305e-09
1.02998e-09
1.02179e-09
1.02228e-09
1.03314e-09
1.05095e-09
1.07402e-09
1.10463e-09
1.15057e-09
1.22499e-09
1.34525e-09
1.53177e-09
1.81103e-09
2.21831e-09
2.79291e-09
3.5698e-09
4.57057e-09
5.80029e-09
7.24925e-09
8.89582e-09
1.07097e-08
1.26509e-08
1.46739e-08
1.67329e-08
1.87952e-08
2.08526e-08
2.27631e-08
2.43849e-08
2.60031e-08
2.77686e-08
2.97683e-08
3.20364e-08
3.45727e-08
3.736e-08
4.03701e-08
4.35709e-08
4.69316e-08
4.97914e-08
5.27448e-08
5.57763e-08
5.88703e-08
6.20111e-08
6.51829e-08
6.83707e-08
7.15602e-08
7.47382e-08
7.78925e-08
8.10114e-08
8.40831e-08
8.70949e-08
9.00335e-08
9.28856e-08
9.56389e-08
9.82806e-08
1.00796e-07
1.03172e-07
1.05399e-07
1.07467e-07
1.09364e-07
1.11068e-07
1.12541e-07
1.13747e-07
1.14676e-07
1.15321e-07
1.15669e-07
1.15709e-07
1.15433e-07
1.14829e-07
1.13889e-07
1.12608e-07
1.10988e-07
1.0904e-07
1.06776e-07
1.04213e-07
1.01365e-07
9.82408e-08
9.4856e-08
9.12447e-08
8.74611e-08
8.35516e-08
7.95302e-08
7.53715e-08
7.10269e-08
6.64854e-08
6.18829e-08
5.74138e-08
5.33014e-08
4.96715e-08
4.65279e-08
4.37963e-08
8.89674e-20
1.01066e-20
7.6757e-23
5.40703e-24
1.66826e-24
1.00834e-24
2.5249e-13
7.98104e-12
8.97838e-12
4.23456e-12
3.12422e-12
2.65656e-12
2.47661e-12
2.45868e-12
2.55286e-12
2.7413e-12
3.0092e-12
3.46613e-12
1.32169e-11
5.06333e-11
1.31559e-10
2.66214e-10
4.51044e-10
6.78998e-10
9.39305e-10
1.21898e-09
1.50582e-09
1.79121e-09
2.06059e-09
2.29759e-09
2.48324e-09
2.63029e-09
2.79001e-09
2.91892e-09
3.00466e-09
3.0562e-09
3.07439e-09
3.0467e-09
2.97464e-09
2.87112e-09
2.75946e-09
2.67367e-09
2.59973e-09
2.54932e-09
2.52666e-09
2.45551e-09
2.33992e-09
2.20929e-09
2.09714e-09
2.02177e-09
1.98477e-09
1.97211e-09
1.97308e-09
1.97814e-09
1.97986e-09
1.97359e-09
1.95761e-09
1.93301e-09
1.90361e-09
1.8758e-09
1.85602e-09
1.85123e-09
1.86506e-09
1.89099e-09
1.92069e-09
1.95089e-09
1.98122e-09
2.01344e-09
2.04954e-09
2.08957e-09
2.13209e-09
2.17011e-09
2.19443e-09
2.20332e-09
2.19978e-09
2.18979e-09
2.18102e-09
2.18449e-09
2.21823e-09
2.30873e-09
2.4859e-09
2.77287e-09
3.17989e-09
3.71548e-09
4.39942e-09
5.2012e-09
5.86969e-09
6.2267e-09
6.42131e-09
6.66275e-09
7.08457e-09
7.75177e-09
8.6759e-09
9.84596e-09
1.12394e-08
1.2827e-08
1.45773e-08
1.61108e-08
1.77298e-08
1.94192e-08
2.11643e-08
2.29518e-08
2.47699e-08
2.66086e-08
2.84597e-08
3.03164e-08
3.2173e-08
3.40237e-08
3.58617e-08
3.76789e-08
3.94649e-08
4.12091e-08
4.29009e-08
4.4527e-08
4.607e-08
4.75187e-08
4.88628e-08
5.00966e-08
5.12133e-08
5.21972e-08
5.30342e-08
5.36986e-08
5.4177e-08
5.44642e-08
5.45586e-08
5.44719e-08
5.42069e-08
5.3761e-08
5.31342e-08
5.23297e-08
5.13538e-08
5.02175e-08
4.8935e-08
4.75207e-08
4.59854e-08
4.43359e-08
4.25815e-08
4.07453e-08
3.8867e-08
3.69823e-08
3.51024e-08
3.32034e-08
3.12293e-08
2.9128e-08
2.69625e-08
2.48432e-08
2.29165e-08
2.12747e-08
1.99329e-08
1.88979e-08
8.78078e-20
1.17538e-20
2.14235e-25
4.34062e-26
1.99932e-26
1.40648e-26
1.28005e-26
1.68827e-13
5.15425e-13
4.2485e-13
2.42515e-13
1.84462e-13
1.50441e-13
1.29688e-13
1.16791e-13
1.08916e-13
1.04728e-13
1.03469e-13
1.04851e-13
1.08907e-13
1.27601e-13
1.09114e-12
1.39303e-11
4.72782e-11
1.08466e-10
2.02908e-10
3.29544e-10
4.84977e-10
6.62927e-10
8.52669e-10
1.03256e-09
1.19001e-09
1.33376e-09
1.50617e-09
1.68853e-09
1.88917e-09
2.10394e-09
2.30837e-09
2.44687e-09
2.50989e-09
2.53407e-09
2.54863e-09
2.56339e-09
2.58223e-09
2.59554e-09
2.58706e-09
2.5481e-09
2.48374e-09
2.41867e-09
2.38417e-09
2.39788e-09
2.43027e-09
2.47286e-09
2.51121e-09
2.53202e-09
2.53454e-09
2.52274e-09
2.50296e-09
2.4789e-09
2.45452e-09
2.44661e-09
2.44945e-09
2.44661e-09
2.42752e-09
2.39415e-09
2.35822e-09
2.33283e-09
2.33068e-09
2.35819e-09
2.40275e-09
2.40166e-09
2.3015e-09
2.1412e-09
1.96685e-09
1.78636e-09
1.61747e-09
1.47035e-09
1.34775e-09
1.25147e-09
1.18309e-09
1.14226e-09
1.12545e-09
1.12792e-09
1.14193e-09
1.15781e-09
1.16269e-09
1.11766e-09
1.02903e-09
9.04751e-10
7.6147e-10
6.4021e-10
5.61213e-10
5.22767e-10
5.23792e-10
5.6523e-10
6.50041e-10
7.82836e-10
9.28175e-10
1.11416e-09
1.34501e-09
1.62467e-09
1.9564e-09
2.34256e-09
2.78441e-09
3.28197e-09
3.83375e-09
4.43672e-09
5.08623e-09
5.77588e-09
6.49756e-09
7.24146e-09
7.99672e-09
8.75217e-09
9.49559e-09
1.02172e-08
1.09087e-08
1.15628e-08
1.21749e-08
1.27384e-08
1.32451e-08
1.36835e-08
1.40477e-08
1.43358e-08
1.45482e-08
1.46901e-08
1.47629e-08
1.47659e-08
1.47005e-08
1.45688e-08
1.4374e-08
1.41202e-08
1.38129e-08
1.34596e-08
1.30678e-08
1.26433e-08
1.21896e-08
1.17102e-08
1.12137e-08
1.07191e-08
1.02465e-08
9.80859e-09
9.40214e-09
8.99282e-09
8.49482e-09
7.90435e-09
7.25933e-09
6.65339e-09
6.1696e-09
5.81871e-09
5.63064e-09
8.76729e-20
1.37159e-20
7.28417e-32
2.91088e-33
1.81434e-33
2.42797e-33
2.70571e-33
4.41902e-32
1.16153e-14
2.24359e-14
2.04767e-14
1.03391e-14
6.36879e-15
4.31547e-15
3.16117e-15
2.4748e-15
2.05932e-15
1.81291e-15
1.67429e-15
1.60607e-15
1.5868e-15
1.60306e-15
1.64632e-15
1.7192e-15
2.61436e-15
2.19721e-13
5.34161e-12
1.98536e-11
4.70453e-11
8.90054e-11
1.44796e-10
2.09015e-10
2.71201e-10
3.4648e-10
4.34607e-10
5.26258e-10
6.45154e-10
8.19282e-10
9.43134e-10
1.00497e-09
1.01083e-09
1.00305e-09
1.044e-09
1.15286e-09
1.30632e-09
1.48255e-09
1.65431e-09
1.76104e-09
1.82792e-09
1.87907e-09
1.91582e-09
1.89976e-09
1.79558e-09
1.65683e-09
1.56062e-09
1.52794e-09
1.55942e-09
1.658e-09
1.81263e-09
1.9393e-09
2.00519e-09
2.02154e-09
1.99734e-09
1.91131e-09
1.75797e-09
1.6056e-09
1.47904e-09
1.40273e-09
1.37802e-09
1.34634e-09
1.27215e-09
1.18107e-09
1.06898e-09
9.28465e-10
7.60102e-10
6.07336e-10
4.89791e-10
4.01686e-10
3.37829e-10
2.94505e-10
2.67821e-10
2.51915e-10
2.42011e-10
2.31778e-10
2.10285e-10
1.78635e-10
1.4462e-10
1.12394e-10
8.41629e-11
6.3461e-11
4.91335e-11
3.89942e-11
3.17496e-11
2.65532e-11
2.28009e-11
2.00682e-11
1.80731e-11
1.6828e-11
1.59189e-11
1.53323e-11
1.50937e-11
1.52707e-11
1.59791e-11
1.73923e-11
1.97508e-11
2.33716e-11
2.86548e-11
3.60855e-11
4.62257e-11
5.96972e-11
7.71472e-11
9.92063e-11
1.26473e-10
1.59487e-10
1.98693e-10
2.44326e-10
2.96372e-10
3.54496e-10
4.18023e-10
4.85815e-10
5.56616e-10
6.2905e-10
7.01761e-10
7.73544e-10
8.42782e-10
9.07835e-10
9.67326e-10
1.02018e-09
1.06568e-09
1.10342e-09
1.13327e-09
1.15546e-09
1.17077e-09
1.18046e-09
1.18582e-09
1.18791e-09
1.18697e-09
1.18279e-09
1.17898e-09
1.1811e-09
1.19664e-09
1.23121e-09
1.28194e-09
1.28984e-09
1.22811e-09
1.11043e-09
9.93264e-10
9.23744e-10
9.0183e-10
9.1779e-10
9.39318e-20
1.62556e-20
1.98785e-32
5.02702e-35
1.23331e-34
3.13105e-34
4.02507e-34
6.8288e-34
1.5805e-32
9.55543e-18
2.03805e-17
2.43668e-17
7.33048e-18
4.69084e-18
3.48265e-18
2.65493e-18
2.07092e-18
1.67645e-18
1.40236e-18
1.2055e-18
1.06026e-18
9.50369e-19
8.65328e-19
7.9815e-19
7.44022e-19
6.99584e-19
6.6248e-19
6.31004e-19
6.03906e-19
5.80234e-19
1.41411e-18
5.17042e-14
1.42008e-12
4.7044e-12
9.64849e-12
1.41398e-11
1.62953e-11
1.4599e-11
2.23481e-11
2.98131e-11
3.96454e-11
5.17075e-11
6.28835e-11
7.30615e-11
8.63355e-11
1.18592e-10
2.03313e-10
3.16336e-10
4.03678e-10
4.38834e-10
4.2054e-10
3.466e-10
2.50995e-10
1.53786e-10
1.13052e-10
1.07034e-10
1.297e-10
1.8395e-10
2.79725e-10
4.24399e-10
5.74031e-10
6.76943e-10
6.91566e-10
6.23113e-10
5.32519e-10
4.30963e-10
3.28272e-10
2.4498e-10
1.80303e-10
1.31269e-10
9.4382e-11
6.62247e-11
4.56141e-11
3.09452e-11
2.061e-11
1.35369e-11
9.02916e-12
6.121e-12
4.25588e-12
3.09122e-12
2.387e-12
1.89762e-12
1.495e-12
1.13747e-12
8.25256e-13
5.73419e-13
3.94198e-13
2.71518e-13
1.89388e-13
1.34047e-13
9.54266e-14
6.7908e-14
4.81992e-14
3.4075e-14
2.39583e-14
1.67256e-14
1.15753e-14
8.4068e-15
6.04624e-15
4.30282e-15
3.0278e-15
2.1054e-15
1.44609e-15
9.81172e-16
6.58728e-16
4.40442e-16
2.99554e-16
2.20017e-16
1.97303e-16
2.41723e-16
3.85659e-16
6.97167e-16
1.3031e-15
2.42692e-15
4.44737e-15
7.98509e-15
1.40258e-14
2.40887e-14
4.04451e-14
6.64026e-14
1.06629e-13
1.67517e-13
2.57585e-13
3.87887e-13
5.72263e-13
8.27743e-13
1.17505e-12
1.63901e-12
2.24921e-12
3.03995e-12
4.05021e-12
5.3238e-12
6.90964e-12
8.86084e-12
1.12321e-11
1.40591e-11
1.7304e-11
2.07588e-11
2.43716e-11
2.81273e-11
3.21819e-11
3.64918e-11
4.06002e-11
4.32007e-11
4.43957e-11
4.46775e-11
4.54223e-11
4.80345e-11
5.26689e-11
5.85477e-11
1.07744e-19
1.95578e-20
4.60358e-33
2.98868e-36
5.09097e-36
1.16749e-35
2.77469e-35
3.09243e-35
1.45898e-34
2.14975e-33
2.16648e-24
1.44758e-23
1.83428e-23
2.37129e-23
2.37708e-23
1.79524e-23
1.21412e-23
8.9132e-24
7.00213e-24
5.76958e-24
4.93596e-24
4.34452e-24
3.91004e-24
3.58393e-24
3.33633e-24
3.14762e-24
3.00397e-24
2.89527e-24
2.81393e-24
2.75412e-24
2.71116e-24
2.68097e-24
2.65996e-24
2.6456e-24
2.6368e-24
2.6328e-24
2.63026e-24
2.62108e-24
2.60653e-24
2.59285e-24
2.57743e-24
2.55951e-24
2.54433e-24
2.53246e-24
2.51426e-24
2.46916e-24
1.76552e-14
6.65025e-13
3.97797e-12
3.77418e-12
1.4735e-12
5.17387e-13
1.73188e-13
5.86019e-14
1.93661e-14
6.462e-15
3.92314e-15
9.16503e-15
2.52685e-14
5.58464e-14
1.02139e-13
1.51078e-13
1.78388e-13
1.76952e-13
1.53118e-13
1.18311e-13
8.60393e-14
6.12343e-14
4.19535e-14
2.73034e-14
1.67574e-14
9.76999e-15
5.50176e-15
3.02947e-15
1.64507e-15
8.863e-16
4.75063e-16
2.48804e-16
1.26959e-16
6.35281e-17
3.14557e-17
1.52211e-17
7.12606e-18
3.22465e-18
1.41017e-18
5.99214e-19
2.50674e-19
1.02837e-19
4.12804e-20
1.61668e-20
6.16827e-21
2.29237e-21
8.30111e-22
2.93005e-22
1.00839e-22
3.38527e-23
1.10985e-23
4.0528e-24
1.45687e-24
5.25493e-25
2.05851e-25
1.18726e-25
1.55207e-25
3.54539e-25
9.45477e-25
2.59678e-24
7.13715e-24
1.94695e-23
5.25337e-23
1.39879e-22
3.66792e-22
9.45658e-22
2.3939e-21
5.94353e-21
1.44588e-20
3.44334e-20
8.01969e-20
1.82457e-19
4.05094e-19
8.77013e-19
1.85027e-18
3.8023e-18
7.60876e-18
1.48262e-17
2.81177e-17
5.18847e-17
9.31735e-17
1.62916e-16
2.77464e-16
4.6044e-16
7.44941e-16
1.17616e-15
1.81425e-15
2.73763e-15
4.04552e-15
5.83408e-15
8.21486e-15
1.14135e-14
1.57739e-14
2.16914e-14
2.92599e-14
3.77138e-14
4.68728e-14
5.7971e-14
7.34088e-14
9.55469e-14
1.25033e-13
1.61406e-13
2.04437e-13
2.4694e-13
1.20829e-19
2.33272e-20
7.89323e-34
1.21135e-43
3.07179e-43
1.88314e-42
1.19715e-41
5.57721e-39
2.09171e-37
9.64934e-36
1.88167e-34
5.70507e-34
8.13056e-34
8.24764e-34
9.76483e-34
6.32739e-34
6.67413e-34
5.8241e-34
5.06407e-34
4.35306e-34
3.79746e-34
3.40942e-34
3.20063e-34
3.17435e-34
3.32427e-34
3.64046e-34
4.11103e-34
4.72273e-34
5.46099e-34
6.30949e-34
7.25059e-34
8.26741e-34
9.34391e-34
1.04609e-33
1.15967e-33
1.27225e-33
1.37935e-33
1.47134e-33
1.55744e-33
1.65224e-33
1.74771e-33
1.82854e-33
1.8943e-33
1.95174e-33
2.00283e-33
2.05676e-33
2.17534e-33
2.31031e-33
2.27715e-33
2.18152e-33
2.10338e-33
2.05998e-33
2.0178e-33
1.99012e-33
1.98301e-33
1.9969e-33
2.0248e-33
2.07685e-33
2.14917e-33
2.22397e-33
2.30339e-33
2.51678e-33
2.68458e-33
2.81947e-33
2.87087e-33
2.63367e-33
2.34486e-33
2.07372e-33
1.96679e-33
2.09921e-33
1.99536e-33
1.67603e-33
1.51953e-33
1.52365e-33
1.7099e-33
2.0169e-33
2.50045e-33
2.94417e-33
3.0397e-33
3.26945e-33
3.81044e-33
4.62888e-33
5.43363e-33
5.45066e-33
4.79464e-33
4.10588e-33
3.67615e-33
3.34413e-33
3.14116e-33
3.06997e-33
2.97935e-33
2.91373e-33
2.93735e-33
3.02494e-33
3.15381e-33
3.30719e-33
3.45917e-33
3.58613e-33
3.72536e-33
3.87575e-33
4.03914e-33
4.22663e-33
4.44849e-33
4.71188e-33
5.01766e-33
5.35022e-33
5.70078e-33
6.0872e-33
6.55121e-33
7.13794e-33
7.89783e-33
8.89254e-33
1.0244e-32
1.2317e-32
1.63227e-32
2.65849e-32
5.90924e-32
1.73665e-31
5.93346e-31
2.14068e-30
7.80577e-30
2.82787e-29
1.01072e-28
3.55632e-28
1.22579e-27
4.12812e-27
1.35648e-26
4.34315e-26
1.35307e-25
4.09544e-25
1.20244e-24
3.42033e-24
9.41951e-24
2.51073e-23
6.47444e-23
1.61665e-22
3.90528e-22
9.10962e-22
2.04878e-21
4.44965e-21
9.35377e-21
1.91483e-20
3.79383e-20
7.28713e-20
1.35122e-19
2.42671e-19
4.22943e-19
7.13924e-19
1.16736e-18
1.86533e-18
1.20689e-19
2.67825e-20
6.73049e-41
4.37672e-44
3.49393e-44
3.22681e-43
3.05881e-42
3.55333e-41
1.0612e-39
3.12443e-38
2.68555e-37
1.47416e-36
5.19165e-36
3.26304e-35
6.28257e-35
3.08786e-35
3.77629e-35
4.77338e-35
5.93578e-35
6.80025e-35
7.5943e-35
8.72456e-35
1.04796e-34
1.3013e-34
1.63494e-34
2.05007e-34
2.54158e-34
3.09861e-34
3.70542e-34
4.34817e-34
5.02623e-34
5.73139e-34
6.39479e-34
6.91676e-34
7.33234e-34
7.86713e-34
8.59904e-34
9.38318e-34
9.92882e-34
9.96249e-34
9.55234e-34
9.24573e-34
9.40144e-34
9.93185e-34
1.06356e-33
1.13739e-33
1.21643e-33
1.3123e-33
1.33929e-33
1.20502e-33
9.93688e-34
9.26383e-34
9.83781e-34
1.06989e-33
1.17011e-33
1.20137e-33
1.06205e-33
9.09998e-34
8.35083e-34
7.84457e-34
8.22481e-34
1.04649e-33
9.93116e-34
6.81977e-34
5.2212e-34
4.58656e-34
4.53283e-34
5.04786e-34
6.43926e-34
8.37685e-34
6.96772e-34
3.91821e-34
2.52875e-34
2.06582e-34
2.22209e-34
2.9132e-34
4.22402e-34
4.78736e-34
3.72767e-34
3.25191e-34
3.43192e-34
3.90258e-34
4.91507e-34
5.96568e-34
5.4395e-34
4.30397e-34
3.53625e-34
2.81059e-34
2.22262e-34
1.86942e-34
1.55889e-34
1.30757e-34
1.17249e-34
1.1191e-34
1.12622e-34
1.16752e-34
1.20324e-34
1.22673e-34
1.26233e-34
1.31888e-34
1.38936e-34
1.45692e-34
1.4981e-34
1.50588e-34
1.49563e-34
1.48506e-34
1.47294e-34
1.45165e-34
1.41335e-34
1.3561e-34
1.28529e-34
1.20994e-34
1.13137e-34
1.04666e-34
9.55407e-35
8.61325e-35
7.70124e-35
6.85082e-35
6.06475e-35
5.33342e-35
4.64239e-35
3.98724e-35
3.3757e-35
2.83881e-35
2.38178e-35
1.9978e-35
1.67717e-35
1.41095e-35
1.19249e-35
1.01746e-35
8.82984e-36
7.8697e-36
7.27818e-36
7.0423e-36
7.14346e-36
7.5571e-36
8.27295e-36
9.31297e-36
1.06981e-35
1.23943e-35
1.42834e-35
1.63428e-35
1.86867e-35
2.21323e-35
2.90074e-35
4.41567e-35
7.77817e-35
1.50183e-34
2.96504e-34
5.60611e-34
7.64123e-20
7.24593e-22
4.39171e-41
2.52674e-44
1.27909e-45
1.95175e-44
2.96404e-43
6.33411e-42
2.51252e-40
9.83506e-39
3.01353e-37
1.58904e-36
3.18953e-36
2.0046e-35
2.57667e-35
1.42956e-35
1.08032e-35
1.33463e-35
1.74496e-35
2.00452e-35
2.38181e-35
3.04253e-35
4.10941e-35
5.69607e-35
7.84932e-35
1.06373e-34
1.40963e-34
1.82028e-34
2.28586e-34
2.80076e-34
3.38472e-34
4.04625e-34
4.67565e-34
5.08372e-34
5.32603e-34
5.77739e-34
6.61024e-34
7.6325e-34
8.31296e-34
8.07165e-34
7.09034e-34
6.2813e-34
6.24689e-34
6.77439e-34
7.53914e-34
8.39003e-34
9.50581e-34
1.07359e-33
1.06371e-33
7.89206e-34
4.52766e-34
2.73216e-34
2.86653e-34
4.93937e-34
8.23311e-34
9.26979e-34
5.6755e-34
2.54229e-34
1.35119e-34
1.45219e-34
2.37402e-34
3.42105e-34
2.83174e-34
1.36977e-34
5.74075e-35
3.12068e-35
3.46592e-35
5.79666e-35
7.97166e-35
6.30104e-35
3.17923e-35
1.2451e-35
5.71e-36
4.52323e-36
6.83108e-36
1.13003e-35
1.2132e-35
8.02658e-36
3.92896e-36
2.36241e-36
2.60783e-36
4.53865e-36
8.58877e-36
1.10756e-35
8.49602e-36
4.65476e-36
2.31068e-36
1.1177e-36
5.49336e-37
3.06585e-37
1.73361e-37
9.39971e-38
5.47754e-38
4.07056e-38
4.50208e-38
5.8846e-38
7.28111e-38
8.35171e-38
9.77249e-38
1.20628e-37
1.51967e-37
1.87233e-37
2.18555e-37
2.39889e-37
2.5058e-37
2.56548e-37
2.61031e-37
2.62044e-37
2.6138e-37
2.59537e-37
2.54513e-37
2.45804e-37
2.34975e-37
2.18778e-37
1.9498e-37
1.68696e-37
1.46466e-37
1.28817e-37
1.13045e-37
9.83488e-38
8.42525e-38
6.96386e-38
5.5126e-38
4.36643e-38
3.49543e-38
2.80244e-38
2.25628e-38
1.84859e-38
1.55061e-38
1.3264e-38
1.15736e-38
1.04571e-38
1.00333e-38
1.04334e-38
1.17368e-38
1.38318e-38
1.67623e-38
2.15837e-38
3.13542e-38
5.02175e-38
7.89842e-38
1.11443e-37
1.33039e-37
1.30738e-37
1.24564e-37
1.50766e-37
3.07835e-37
8.77037e-37
2.40391e-36
5.22921e-36
3.46565e-20
3.10114e-38
1.53927e-41
2.2029e-44
3.18527e-47
2.17247e-50
1.87713e-49
2.84249e-47
2.82125e-45
1.9522e-43
8.82453e-42
7.89688e-41
2.41405e-40
1.97233e-39
2.80737e-39
1.54873e-39
1.2053e-39
1.68186e-39
2.66137e-39
3.84014e-39
5.88594e-39
9.80251e-39
1.71206e-38
3.01313e-38
5.16438e-38
8.53318e-38
1.35438e-37
2.05164e-37
2.93457e-37
4.00613e-37
5.505e-37
7.77431e-37
1.01343e-36
1.0799e-36
1.00135e-36
1.09251e-36
1.55106e-36
2.37405e-36
3.08842e-36
2.78668e-36
1.70358e-36
9.45208e-37
8.22164e-37
1.03801e-36
1.39923e-36
1.93e-36
3.23465e-36
6.05531e-36
6.95804e-36
3.08089e-36
4.43131e-37
4.78332e-38
3.26554e-38
6.6957e-37
3.68164e-36
2.87862e-36
9.19523e-37
1.04177e-37
1.4659e-38
3.1958e-38
5.16405e-37
8.13685e-37
3.64487e-37
7.66585e-38
9.18576e-39
1.79077e-39
4.32245e-39
4.59705e-38
1.02784e-37
4.53339e-38
8.31121e-39
1.10687e-39
1.67177e-40
1.12331e-40
6.26826e-40
3.20503e-39
3.36564e-39
1.25928e-39
2.36786e-40
3.96717e-41
2.47675e-41
9.53614e-41
5.65959e-40
9.67991e-40
4.64104e-40
7.65819e-41
1.06053e-41
1.55347e-42
5.82587e-43
1.40576e-42
8.347e-43
1.49295e-43
1.86148e-44
8.1492e-45
7.60628e-44
2.69051e-43
3.74978e-43
3.16174e-43
2.56514e-43
3.71774e-43
7.806e-43
1.48414e-42
2.09144e-42
2.17224e-42
1.78345e-42
1.61233e-42
1.95937e-42
2.6044e-42
3.1695e-42
3.38128e-42
3.09877e-42
2.63268e-42
2.53238e-42
2.66838e-42
2.65566e-42
2.40788e-42
2.15966e-42
1.95239e-42
1.67533e-42
1.41478e-42
1.2455e-42
1.06112e-42
8.28644e-43
6.713e-43
5.47689e-43
4.30381e-43
3.33523e-43
2.68059e-43
2.26335e-43
1.95617e-43
1.70335e-43
1.52412e-43
1.4509e-43
1.49292e-43
1.66012e-43
1.93069e-43
2.38147e-43
3.17019e-43
5.01493e-43
8.78709e-43
1.43994e-42
1.85274e-42
2.44867e-42
2.39818e-42
2.36178e-42
2.80174e-42
5.72793e-42
1.82799e-41
5.57282e-41
1.24198e-40
8.06181e-27
2.29042e-41
6.70095e-44
3.40921e-46
1.45023e-48
5.15092e-51
1.66029e-53
7.58514e-55
1.98903e-57
5.20337e-60
1.41005e-62
3.9728e-65
1.16355e-67
3.53663e-70
1.10901e-72
3.57668e-75
1.18863e-77
4.0735e-80
1.43791e-82
5.22392e-85
1.95469e-87
7.53974e-90
2.99981e-92
5.98926e-94
3.36555e-91
1.88471e-88
8.52038e-86
3.16427e-83
9.81306e-81
2.58528e-78
5.88132e-76
1.16761e-73
2.03336e-71
3.12152e-69
4.27954e-67
5.30968e-65
6.0517e-63
6.35763e-61
6.09068e-59
5.31959e-57
4.26149e-55
3.18117e-53
2.25005e-51
1.54282e-49
1.01244e-47
6.15797e-46
3.31243e-44
1.50587e-42
4.10923e-41
1.38572e-41
2.33949e-43
5.99274e-45
4.04654e-44
1.82201e-42
6.4108e-41
1.22156e-40
1.25829e-41
2.80504e-43
8.0637e-45
5.17974e-44
1.35525e-42
2.24998e-41
9.87682e-42
5.56654e-43
1.44285e-44
5.42578e-46
2.38561e-45
5.02934e-44
8.86616e-43
4.8626e-43
8.65157e-44
4.82273e-45
1.65446e-46
2.2564e-47
3.09316e-46
6.43938e-45
1.44469e-44
6.37986e-45
9.51985e-46
3.48572e-47
2.59882e-48
2.22983e-47
4.14848e-46
1.8108e-45
5.45904e-46
1.55721e-47
3.41844e-49
1.0786e-50
4.15331e-50
8.30996e-49
3.4333e-49
1.50477e-50
3.13072e-52
1.69121e-52
5.631e-51
6.70588e-50
7.98854e-50
3.19928e-50
3.12592e-51
5.92385e-51
5.98345e-50
3.22506e-49
5.88654e-49
5.17224e-49
1.93041e-49
9.07402e-50
1.93493e-49
5.55472e-49
1.06216e-48
1.17373e-48
8.63406e-49
4.43821e-49
3.93376e-49
5.45261e-49
7.19409e-49
7.63328e-49
7.13447e-49
6.47864e-49
4.96209e-49
3.60123e-49
3.25324e-49
3.08495e-49
2.64871e-49
2.23287e-49
1.79181e-49
1.32508e-49
9.57154e-50
7.39044e-50
6.18999e-50
5.32782e-50
4.56804e-50
4.0193e-50
3.7999e-50
3.82686e-50
3.96171e-50
4.14041e-50
5.03577e-50
7.3156e-50
1.29955e-49
2.266e-49
3.11105e-49
2.37174e-49
2.78801e-49
3.29561e-49
4.54015e-49
7.58837e-49
1.82005e-48
5.77645e-48
1.29422e-47
1.4856e-47
3.84545e-34
5.26396e-42
2.27784e-44
1.00674e-46
3.58222e-49
1.09359e-51
3.16628e-54
9.14107e-57
2.67383e-59
7.95017e-62
2.40343e-64
7.38334e-67
2.30446e-69
7.31119e-72
2.35945e-74
7.75284e-77
2.59745e-79
8.88404e-82
3.10461e-84
1.10907e-86
4.05194e-89
1.51448e-91
5.79254e-94
2.26761e-96
9.08764e-99
3.72904e-101
1.56704e-103
6.74456e-106
2.97345e-108
1.34312e-110
1.15267e-111
1.21108e-108
1.11812e-105
9.00753e-103
6.5104e-100
4.01319e-97
2.07422e-94
9.36701e-92
3.78805e-89
1.49477e-86
5.93225e-84
2.23633e-81
6.84256e-79
1.85798e-76
4.66743e-74
1.06993e-71
1.96929e-69
2.54466e-67
2.6544e-65
4.13785e-63
1.05695e-60
3.2224e-58
7.91673e-56
1.29462e-53
6.91619e-52
5.26785e-50
1.37388e-51
3.45248e-53
5.02137e-55
7.10833e-55
1.61363e-53
3.14851e-52
1.35187e-50
3.37116e-52
8.45243e-54
1.15963e-55
6.67192e-56
1.48714e-54
3.62711e-53
1.31698e-51
6.67302e-52
3.11992e-53
1.1131e-54
1.70549e-56
9.53338e-57
2.45378e-55
1.12e-53
2.42887e-53
3.7799e-54
1.18144e-55
1.99928e-57
2.1928e-58
6.04998e-57
3.40528e-55
1.52161e-55
3.08561e-57
4.50545e-59
7.52352e-61
5.86644e-60
3.18208e-58
1.68887e-58
4.85119e-60
6.74355e-62
1.35084e-62
8.14018e-61
2.03697e-59
2.35849e-59
4.99918e-60
1.98643e-61
3.05658e-61
8.8387e-60
9.72638e-59
2.24503e-58
1.66467e-58
3.42568e-59
9.77866e-60
3.37149e-59
1.98176e-58
5.56903e-58
6.42035e-58
3.75183e-58
1.29814e-58
1.00656e-58
1.72938e-58
3.11855e-58
4.06979e-58
4.0761e-58
3.58223e-58
2.43915e-58
1.56108e-58
1.41563e-58
1.52633e-58
1.51273e-58
1.33427e-58
1.03536e-58
7.25825e-59
4.97766e-59
3.71633e-59
3.07016e-59
2.62438e-59
2.23094e-59
1.94954e-59
1.83697e-59
1.7948e-59
1.69572e-59
1.56865e-59
1.88757e-59
3.08832e-59
6.12865e-59
9.94477e-59
1.01531e-58
4.04547e-59
3.56175e-59
5.92255e-59
1.45648e-58
3.97985e-58
1.19506e-57
3.45582e-57
4.60717e-57
1.79572e-57
4.85626e-40
1.75373e-43
7.37189e-46
3.00703e-48
9.76597e-51
2.74678e-53
7.40772e-56
2.00491e-58
5.51365e-61
1.54251e-63
4.38356e-66
1.26345e-68
3.68967e-71
1.09146e-73
3.27211e-76
9.95097e-79
3.07363e-81
9.65457e-84
3.08718e-86
1.00564e-88
3.33855e-91
1.1298e-93
3.89769e-96
1.37088e-98
4.91577e-101
1.79726e-103
6.70033e-106
2.54738e-108
9.87802e-111
3.90768e-113
1.57734e-115
6.49705e-118
2.73066e-120
1.17113e-122
5.12712e-125
2.29206e-127
1.04649e-129
4.8788e-132
2.32162e-134
1.12753e-136
1.19959e-138
6.87113e-136
8.23984e-133
9.87008e-130
1.13723e-126
1.22864e-123
1.18587e-120
9.83035e-118
7.40186e-115
5.71509e-112
4.49443e-109
3.2195e-106
1.85167e-103
8.36964e-101
3.25773e-98
1.45435e-95
7.23889e-93
3.25086e-90
1.26518e-87
3.09217e-85
5.71186e-83
1.0539e-80
2.37575e-78
5.23391e-76
8.90725e-74
1.0989e-71
1.11769e-69
1.11445e-67
1.74597e-65
4.49786e-63
1.29094e-60
1.32612e-62
9.21148e-65
5.46043e-67
4.99208e-67
4.42922e-65
4.51699e-63
3.63387e-61
2.43549e-62
2.55924e-64
2.05248e-66
1.50301e-68
1.08189e-70
7.89442e-73
5.91526e-75
8.43927e-76
9.76215e-74
1.26234e-71
1.60397e-69
1.93484e-67
3.42468e-67
5.03515e-69
5.07222e-71
7.95584e-72
7.31527e-70
5.06313e-68
6.08476e-68
6.30222e-69
1.45989e-70
3.13492e-70
1.82428e-68
3.42862e-67
9.77799e-67
5.88061e-67
7.20042e-68
1.72833e-68
1.04219e-67
1.08335e-66
4.16659e-66
4.89453e-66
2.19661e-66
5.48281e-67
3.87569e-67
8.22229e-67
2.0102e-66
3.23413e-66
3.49313e-66
2.87774e-66
1.71159e-66
9.8603e-67
9.02166e-67
1.104e-66
1.28209e-66
1.18417e-66
8.74403e-67
5.69234e-67
3.66351e-67
2.61794e-67
2.09925e-67
1.7459e-67
1.44297e-67
1.22977e-67
1.12295e-67
1.01756e-67
8.36194e-68
6.75576e-68
8.00573e-68
1.44939e-67
3.00208e-67
4.10775e-67
2.76506e-67
5.97237e-68
3.98892e-68
9.77341e-68
4.45351e-67
1.96681e-66
7.11436e-66
1.64996e-65
1.11579e-65
1.32918e-66
3.14449e-46
7.50817e-50
3.17944e-52
1.24753e-54
3.84522e-57
1.0313e-59
2.66321e-62
6.89992e-65
1.81262e-67
4.83455e-70
1.30808e-72
3.58642e-75
9.95473e-78
2.79556e-80
7.94154e-83
2.28277e-85
6.64338e-88
1.95879e-90
5.85536e-93
1.77552e-95
5.46372e-98
1.70671e-100
5.41272e-103
1.74299e-105
5.6994e-108
1.89255e-110
6.38254e-113
2.18634e-115
7.60839e-118
2.69034e-120
9.66845e-123
3.53203e-125
1.31181e-127
4.95422e-130
1.90314e-132
7.43901e-135
2.95955e-137
1.19853e-139
4.94052e-142
2.07311e-144
8.85769e-147
3.85475e-149
1.70884e-151
7.71648e-154
3.54903e-156
1.6625e-158
7.93109e-161
3.85192e-163
1.90385e-165
9.57942e-168
4.91071e-170
2.56583e-172
1.36594e-174
7.40112e-177
5.86452e-179
6.26956e-177
2.04464e-174
5.97857e-172
1.46673e-169
3.48026e-167
8.15876e-165
2.17997e-162
6.16384e-160
1.64181e-157
4.21491e-155
1.11192e-152
3.23939e-150
1.15739e-147
5.59706e-145
3.17755e-142
1.71147e-139
7.77314e-137
3.06727e-134
1.14371e-131
4.55347e-129
2.18279e-126
1.13912e-123
5.51598e-121
2.27666e-118
7.83795e-116
2.44449e-113
7.82284e-111
2.78201e-108
1.02359e-105
3.47988e-103
1.05986e-100
2.98661e-98
8.32655e-96
2.38361e-93
6.82145e-91
1.8325e-88
4.52686e-86
1.0492e-83
2.36611e-81
5.2415e-79
1.11523e-76
5.06107e-76
2.13549e-77
3.50037e-79
6.16103e-78
7.49689e-76
2.41479e-74
8.90206e-74
4.9432e-74
5.20068e-75
1.84318e-75
2.01611e-74
2.83593e-73
1.30826e-72
1.58031e-72
6.21949e-73
1.43555e-73
1.09341e-73
2.85934e-73
8.68484e-73
1.63421e-72
1.9025e-72
1.52976e-72
8.66671e-73
4.99499e-73
4.84563e-73
6.62707e-73
8.72431e-73
8.57674e-73
6.30581e-73
3.99677e-73
2.52026e-73
1.78674e-73
1.43024e-73
1.18461e-73
9.72753e-74
8.22342e-74
7.32428e-74
6.21116e-74
4.61926e-74
3.49692e-74
4.21377e-74
8.14379e-74
1.6562e-73
1.88707e-73
8.97093e-74
1.36919e-74
8.27764e-75
2.89985e-74
2.09338e-73
1.26719e-72
4.95821e-72
8.78289e-72
3.26717e-72
1.73842e-73
6.1155e-53
6.09151e-57
2.59442e-59
9.75017e-62
2.84431e-64
7.25999e-67
1.79132e-69
4.43317e-72
1.11037e-74
2.81783e-77
7.24063e-80
1.88212e-82
4.94493e-85
1.3123e-87
3.51646e-90
9.51356e-93
2.59902e-95
7.17171e-98
1.99952e-100
5.63453e-103
1.60523e-105
4.62447e-108
1.34742e-110
3.97119e-113
1.18402e-115
3.57163e-118
1.09019e-120
3.36768e-123
1.05302e-125
3.33363e-128
1.06876e-130
3.4709e-133
1.14211e-135
3.80894e-138
1.28789e-140
4.41665e-143
1.53673e-145
5.42645e-148
1.94509e-150
7.07907e-153
2.6168e-155
9.82808e-158
3.75128e-160
1.45534e-162
5.73929e-165
2.30086e-167
9.37721e-170
3.88505e-172
1.63634e-174
7.00923e-177
3.05512e-179
1.3555e-181
6.12136e-184
2.8126e-186
1.31465e-188
6.25536e-191
3.09053e-193
1.72901e-192
3.89782e-190
1.01048e-187
2.62305e-185
7.16915e-183
1.9723e-180
5.14878e-178
1.28768e-175
3.2265e-173
8.61647e-171
2.68454e-168
1.02175e-165
4.42921e-163
1.94071e-160
7.90819e-158
3.03787e-155
1.16834e-152
4.86032e-150
2.27728e-147
1.11747e-144
5.18924e-142
2.13994e-139
7.7745e-137
2.667e-134
9.39844e-132
3.53385e-129
1.34944e-126
4.90001e-124
1.66023e-121
5.38449e-119
1.74729e-116
5.79429e-114
1.91857e-111
6.11138e-109
1.8523e-106
5.43629e-104
1.58399e-101
4.62265e-99
1.33554e-96
3.77329e-94
1.02851e-91
1.96877e-89
3.76043e-87
7.13875e-85
1.34459e-82
1.80792e-81
1.35391e-81
1.78557e-82
1.88377e-82
4.15029e-81
7.65708e-80
4.16239e-79
5.35201e-79
2.06263e-79
5.12527e-80
4.75391e-80
1.55373e-79
5.60112e-79
1.19215e-78
1.48461e-78
1.20336e-78
6.86268e-79
4.17778e-79
4.40502e-79
6.64367e-79
9.61111e-79
1.00322e-78
7.47988e-79
4.7069e-79
2.95534e-79
2.10009e-79
1.68574e-79
1.39274e-79
1.13534e-79
9.46457e-80
8.13467e-80
6.44651e-80
4.42771e-80
3.22428e-80
3.93209e-80
7.73106e-80
1.46058e-79
1.37975e-79
4.94326e-80
6.28891e-81
3.85073e-81
1.84329e-80
1.81349e-79
1.30706e-78
5.01029e-78
6.59867e-78
1.48252e-78
4.92051e-80
1.05715e-60
7.77225e-66
3.29316e-68
1.16969e-70
3.19332e-73
7.67744e-76
1.7906e-78
4.1857e-81
9.88023e-84
2.35712e-86
5.68036e-89
1.38166e-91
3.38937e-94
8.37995e-97
2.08715e-99
5.23509e-102
1.32218e-104
3.3624e-107
8.6105e-110
2.22064e-112
5.76838e-115
1.50942e-117
3.97926e-120
1.05701e-122
2.82941e-125
7.63317e-128
2.07576e-130
5.69097e-133
1.57336e-135
4.38746e-138
1.23441e-140
3.50513e-143
1.00481e-145
2.90906e-148
8.50896e-151
2.51555e-153
7.51969e-156
2.27374e-158
6.95679e-161
2.15459e-163
6.7574e-166
2.14694e-168
6.91241e-171
2.25591e-173
7.46432e-176
2.50445e-178
8.52244e-181
2.94179e-183
1.03027e-185
3.66223e-188
1.32185e-190
4.84607e-193
1.8047e-195
6.8264e-198
2.62276e-200
1.0239e-202
4.06269e-205
1.8281e-207
9.23282e-206
4.29505e-203
1.94321e-200
8.76635e-198
3.84767e-195
1.58474e-192
6.10046e-190
2.23242e-187
7.99541e-185
2.91743e-182
1.0953e-179
4.04588e-177
1.3886e-174
4.3108e-172
1.24766e-169
3.5604e-167
1.05841e-164
3.32051e-162
1.05251e-159
3.18759e-157
8.92727e-155
2.32906e-152
5.94671e-150
1.56317e-147
4.29209e-145
1.19303e-142
3.24442e-140
8.55833e-138
2.2282e-135
5.86651e-133
1.57335e-130
4.22619e-128
1.11409e-125
2.86885e-123
7.30596e-121
1.86765e-118
4.81573e-116
1.2447e-113
3.21148e-111
8.19021e-109
1.50762e-106
2.83695e-104
5.44701e-102
1.06949e-99
2.14571e-97
4.39964e-95
9.24793e-93
2.00555e-90
2.10721e-88
7.15449e-87
5.50238e-86
8.62414e-86
3.76923e-86
1.18205e-86
1.53415e-86
6.56024e-86
2.82505e-85
6.86423e-85
9.36924e-85
8.00036e-85
4.84531e-85
3.27111e-85
3.85686e-85
6.43922e-85
1.01521e-84
1.13027e-84
8.72515e-85
5.5821e-85
3.56258e-85
2.57734e-85
2.09262e-85
1.73433e-85
1.40878e-85
1.15854e-85
9.60486e-86
7.17344e-86
4.64263e-86
3.31026e-86
4.0566e-86
7.84712e-86
1.34211e-85
1.06786e-85
3.09027e-86
3.64531e-87
2.43487e-87
1.51352e-86
1.79942e-85
1.39508e-84
4.92332e-84
4.84429e-84
7.37078e-85
1.90499e-86
5.65604e-137
2.13457e-138
8.81831e-140
1.46566e-141
1.34441e-143
9.06738e-146
5.21452e-148
2.7058e-150
1.29759e-152
5.82994e-155
2.47741e-157
1.00297e-159
3.89082e-162
1.45314e-164
5.24583e-167
1.83675e-169
6.25635e-172
2.07872e-174
6.7535e-177
2.1502e-179
6.72242e-182
2.06766e-184
6.26744e-187
1.87527e-189
5.54703e-192
1.62446e-194
4.71639e-197
1.35939e-199
3.8947e-202
1.11058e-204
3.15578e-207
8.94685e-210
2.5337e-212
7.17563e-215
2.03457e-217
5.78194e-220
1.64866e-222
4.72165e-225
1.35951e-227
3.93927e-230
1.14971e-232
3.38284e-235
1.00426e-237
3.01025e-240
9.11683e-243
2.79153e-245
8.64679e-248
2.71103e-250
8.61874e-253
8.70733e-253
7.23282e-250
5.79657e-247
4.48063e-244
3.36539e-241
2.48768e-238
1.82083e-235
1.31538e-232
9.36602e-230
7.30811e-227
5.29798e-224
3.89154e-221
2.92137e-218
2.20054e-215
1.62483e-212
1.16906e-209
8.24537e-207
5.78181e-204
4.10297e-201
2.947e-198
2.0832e-195
1.3988e-192
8.76756e-190
5.21744e-187
3.05148e-184
1.81037e-181
1.09507e-178
6.57274e-176
3.77797e-173
2.03473e-170
1.0315e-167
5.07596e-165
2.50176e-162
1.24692e-159
6.17885e-157
2.98328e-154
1.3957e-151
6.39245e-149
2.90828e-146
1.31999e-143
5.9192e-141
2.59178e-138
1.10497e-135
4.62164e-133
1.91378e-130
7.87088e-128
3.20322e-125
1.28724e-122
5.057e-120
1.39795e-117
3.88553e-115
1.08092e-112
3.0124e-110
8.39924e-108
2.34115e-105
6.53007e-103
1.82802e-100
5.14856e-98
1.46047e-95
9.47196e-94
3.21169e-93
2.2423e-93
1.18358e-93
2.69955e-93
1.68294e-92
9.21186e-92
2.68618e-91
4.22193e-91
4.01624e-91
2.73772e-91
2.15383e-91
2.93569e-91
5.50978e-91
9.52505e-91
1.14332e-90
9.33431e-91
6.2181e-91
4.1174e-91
3.08147e-91
2.55892e-91
2.14538e-91
1.74776e-91
1.42353e-91
1.14404e-91
8.14419e-92
5.05092e-92
3.56835e-92
4.36919e-92
8.14793e-92
1.25085e-91
8.57795e-92
2.12902e-92
2.48874e-93
1.90141e-93
1.45747e-92
1.9136e-91
1.48958e-90
4.6739e-90
3.50386e-90
4.01467e-91
9.19241e-93
5.25587e-137
2.13024e-138
7.91599e-140
1.1642e-141
9.59942e-144
5.93125e-146
3.15325e-148
1.51758e-150
6.75874e-153
2.82165e-155
1.11438e-157
4.19272e-160
1.51113e-162
5.24104e-165
1.75585e-167
5.70047e-170
1.7985e-172
5.52805e-175
1.65907e-177
4.87168e-180
1.40225e-182
3.96331e-185
1.10174e-187
3.01683e-190
8.14894e-193
2.17433e-195
5.73856e-198
1.49999e-200
3.88801e-203
1.00058e-205
2.55969e-208
6.51702e-211
1.65328e-213
4.18388e-216
1.0574e-218
2.67181e-221
6.75703e-224
1.71219e-226
4.35154e-229
1.11037e-231
2.84743e-234
7.34517e-237
1.90767e-239
4.99255e-242
1.31765e-244
3.50964e-247
9.44117e-250
2.56682e-252
7.05796e-255
1.96418e-257
5.53605e-260
1.64891e-262
7.26823e-261
7.43462e-258
7.27198e-255
6.80671e-252
6.07748e-249
5.16477e-246
3.967e-243
3.07042e-240
2.30813e-237
1.6968e-234
1.20879e-231
8.27559e-229
5.46366e-226
3.50632e-223
2.21195e-220
1.38639e-217
8.62113e-215
5.23558e-212
3.04926e-209
1.69275e-206
9.0779e-204
4.80985e-201
2.56292e-198
1.37301e-195
7.27196e-193
3.73086e-190
1.83452e-187
8.70564e-185
4.07112e-182
1.91245e-179
9.07243e-177
4.30764e-174
2.02709e-171
9.44322e-169
4.38849e-166
2.05343e-163
9.70204e-161
4.60761e-158
2.18898e-155
1.04094e-152
4.98711e-150
2.42397e-147
1.1993e-144
6.03565e-142
3.09187e-139
1.59813e-136
5.95561e-134
2.29617e-131
9.10892e-129
3.71896e-126
1.56011e-123
6.71356e-121
2.96141e-118
1.33938e-115
6.20862e-113
2.94594e-110
1.42814e-107
7.05723e-105
3.54981e-102
1.73521e-101
1.42192e-100
1.76473e-99
1.46798e-98
5.80424e-98
1.15431e-97
1.32966e-97
1.09956e-97
1.07179e-97
1.76494e-97
3.83028e-97
7.40384e-97
9.76683e-97
8.63288e-97
6.13978e-97
4.31302e-97
3.3974e-97
2.9253e-97
2.50914e-97
2.06864e-97
1.6807e-97
1.32086e-97
9.07828e-98
5.47601e-98
3.86711e-98
4.71867e-98
8.4029e-98
1.16121e-97
7.03327e-98
1.57032e-98
1.89789e-99
1.70624e-99
1.53661e-98
2.09204e-97
1.56371e-96
4.29563e-96
2.52784e-96
2.37745e-97
5.19548e-99
4.91165e-137
2.12098e-138
7.01236e-140
9.06903e-142
6.70737e-144
3.7914e-146
1.86031e-148
8.29079e-151
3.42424e-153
1.32674e-155
4.86476e-158
1.69943e-160
5.6862e-163
1.83017e-165
5.68687e-168
1.71114e-170
4.99892e-173
1.42119e-175
3.94016e-178
1.06729e-180
2.82952e-183
7.35362e-186
1.87631e-188
4.70693e-191
1.1625e-193
2.83035e-196
6.80174e-199
1.61536e-201
3.79586e-204
8.83606e-207
2.03996e-209
4.67633e-212
1.06563e-214
2.41673e-217
5.46085e-220
1.23079e-222
2.76998e-225
6.2318e-228
1.40301e-230
3.16431e-233
7.15665e-236
1.62476e-238
3.70623e-241
8.50245e-244
1.9634e-246
4.56771e-249
1.07145e-251
2.53622e-254
6.06299e-257
1.46491e-259
3.58001e-262
8.85532e-265
2.2184e-267
5.63158e-270
1.86392e-272
5.60248e-270
7.23812e-267
8.93252e-264
1.09306e-260
1.23522e-257
1.35358e-254
1.44524e-251
1.49225e-248
1.48368e-245
1.42794e-242
1.33771e-239
1.22759e-236
1.10935e-233
9.85229e-231
8.51499e-228
7.08579e-225
5.66115e-222
4.38013e-219
3.32694e-216
2.50479e-213
1.86627e-210
1.36108e-207
9.59317e-205
6.4948e-202
4.24633e-199
2.71685e-196
1.72079e-193
1.08212e-190
6.72029e-188
4.09725e-185
2.45045e-182
1.44369e-179
8.41957e-177
4.86541e-174
2.77712e-171
1.56155e-168
8.65637e-166
4.75154e-163
2.59446e-160
1.41293e-157
7.67706e-155
4.16995e-152
2.24594e-149
8.56857e-147
3.32533e-144
1.3063e-141
5.19864e-139
2.09476e-136
8.54164e-134
3.5251e-131
1.47369e-128
6.2427e-126
2.67931e-123
1.16482e-120
5.1269e-118
2.28507e-115
1.03259e-112
4.7365e-110
2.20764e-107
6.02656e-106
4.63511e-105
1.44878e-104
2.35788e-104
2.66618e-104
3.52917e-104
7.50102e-104
1.97183e-103
4.41398e-103
6.59446e-103
6.4987e-103
5.07861e-103
3.88203e-103
3.28463e-103
2.9824e-103
2.65469e-103
2.24159e-103
1.836e-103
1.42733e-103
9.60417e-104
5.7157e-104
4.06747e-104
4.94989e-104
8.40733e-104
1.05626e-103
5.78787e-104
1.20541e-104
1.54946e-105
1.66467e-105
1.68917e-104
2.28847e-103
1.59937e-102
3.83239e-102
1.83461e-102
1.512e-103
3.29785e-105
4.61921e-137
2.10065e-138
6.11317e-140
6.90892e-142
4.57304e-144
2.3607e-146
1.06691e-148
4.39459e-151
1.68038e-153
6.03375e-156
2.05151e-158
6.64727e-161
2.06297e-163
6.15747e-166
1.77354e-168
4.94372e-171
1.33693e-173
3.51515e-176
9.0032e-179
2.25022e-181
5.49697e-184
1.31444e-186
3.08092e-189
7.08797e-192
1.60256e-194
3.56527e-197
7.81394e-200
1.68911e-202
3.60538e-205
7.60758e-208
1.58868e-210
3.28707e-213
6.74615e-216
1.37488e-218
2.78567e-221
5.61736e-224
1.12862e-226
2.26181e-229
4.52625e-232
9.05453e-235
1.8126e-237
3.635e-240
7.31001e-243
1.47562e-245
2.99293e-248
6.10514e-251
1.25363e-253
2.59367e-256
5.4114e-259
1.13954e-261
2.42398e-264
5.21247e-267
1.13392e-269
2.49707e-272
5.5699e-275
1.25915e-277
2.88625e-280
2.93148e-282
3.34043e-279
4.72824e-276
6.52998e-273
8.83254e-270
1.1616e-266
1.48202e-263
1.84668e-260
2.25682e-257
2.71438e-254
3.22093e-251
3.76341e-248
4.30287e-245
4.7841e-242
5.16664e-239
5.45008e-236
5.66096e-233
5.81902e-230
5.90819e-227
5.88303e-224
5.70014e-221
5.35691e-218
4.90339e-215
4.40931e-212
3.92306e-209
3.45993e-206
3.0157e-203
2.58861e-200
2.18723e-197
1.82329e-194
1.50324e-191
1.22599e-188
9.86816e-186
7.82599e-183
6.11694e-180
4.7239e-177
3.61376e-174
2.74267e-171
2.06548e-168
1.54626e-165
1.14139e-162
5.89681e-160
3.0793e-157
1.61774e-154
8.56106e-152
4.56492e-149
2.45339e-146
1.33006e-143
7.28296e-141
4.03022e-138
2.25448e-135
1.27516e-132
7.29107e-130
4.21522e-127
2.46628e-124
1.4612e-121
8.7703e-119
5.33523e-116
3.28974e-113
4.1903e-112
1.47841e-111
2.95576e-111
6.30051e-111
1.93718e-110
6.67372e-110
1.83436e-109
3.25176e-109
3.71954e-109
3.31164e-109
2.84137e-109
2.64868e-109
2.59038e-109
2.43624e-109
2.13974e-109
1.79174e-109
1.39768e-109
9.34892e-110
5.56941e-110
4.03051e-110
4.91222e-110
7.99529e-110
9.26056e-110
4.69931e-110
9.38709e-111
1.30876e-111
1.69181e-111
1.87037e-110
2.45883e-109
1.58521e-108
3.3272e-108
1.34451e-108
1.01872e-109
2.28093e-111
4.37314e-137
2.06361e-138
5.22794e-140
5.13024e-142
3.03176e-144
1.42617e-146
5.92254e-149
2.24954e-151
7.94773e-154
2.64024e-156
8.31223e-159
2.49513e-161
7.17537e-164
1.98446e-166
5.29505e-169
1.36674e-171
3.42045e-174
8.31639e-177
1.96793e-179
4.53951e-182
1.02228e-184
2.25055e-187
4.8498e-190
1.02426e-192
2.12255e-195
4.32079e-198
8.64993e-201
1.70484e-203
3.3117e-206
6.34724e-209
1.2016e-211
2.24929e-214
4.16796e-217
7.65366e-220
1.39433e-222
2.52291e-225
4.53893e-228
8.1283e-231
1.45053e-233
2.58235e-236
4.59144e-239
8.16207e-242
1.45224e-244
2.58893e-247
4.62915e-250
8.31042e-253
1.49941e-255
2.72158e-258
4.9744e-261
9.16397e-264
1.7031e-266
3.19581e-269
6.05974e-272
1.16194e-274
2.25462e-277
4.43001e-280
8.8193e-283
1.77987e-285
3.64312e-288
7.64727e-291
1.37433e-289
2.27413e-286
3.64598e-283
5.65556e-280
8.55652e-277
1.26713e-273
1.84018e-270
2.62374e-267
3.66718e-264
5.00479e-261
6.64552e-258
8.58404e-255
1.08272e-251
1.34e-248
1.63148e-245
1.95086e-242
2.28086e-239
2.59578e-236
2.87225e-233
3.10119e-230
3.28701e-227
3.43634e-224
3.54849e-221
3.61473e-218
3.62624e-215
3.58304e-212
3.49289e-209
3.36481e-206
3.20416e-203
3.01269e-200
2.79563e-197
2.56226e-194
2.32426e-191
2.09108e-188
1.86872e-185
1.66004e-182
1.46908e-179
1.28531e-176
7.86905e-174
4.8805e-171
3.05306e-168
1.9286e-165
1.23073e-162
7.93722e-160
5.17694e-157
3.41871e-154
2.28671e-151
1.5496e-148
1.06427e-145
7.40755e-143
5.22635e-140
3.74092e-137
2.7175e-134
2.00392e-131
1.50067e-128
1.14137e-125
8.81496e-123
6.91439e-120
7.5669e-119
4.14084e-118
2.36151e-117
1.24108e-116
4.64576e-116
1.05443e-115
1.4864e-115
1.58454e-115
1.58981e-115
1.6878e-115
1.82726e-115
1.85823e-115
1.73168e-115
1.50916e-115
1.2019e-115
8.13013e-116
4.92454e-116
3.66428e-116
4.50635e-116
7.09284e-116
7.69846e-116
3.69733e-116
7.24956e-117
1.11267e-117
1.73234e-117
2.03491e-116
2.56093e-115
1.51655e-114
2.81601e-114
9.94388e-115
7.17426e-116
1.67984e-117
4.16736e-137
2.00503e-138
4.36943e-140
3.69832e-142
1.94609e-144
8.31978e-147
3.16562e-149
1.10586e-151
3.60182e-154
1.10486e-156
3.21563e-159
8.93028e-162
2.37708e-164
6.08637e-167
1.50347e-169
3.59188e-172
8.31686e-175
1.86984e-177
4.08851e-180
8.70717e-183
1.80852e-185
3.66816e-188
7.27381e-191
1.41173e-193
2.68467e-196
5.00769e-199
9.17153e-202
1.65102e-204
2.92423e-207
5.10119e-210
8.77364e-213
1.48933e-215
2.49786e-218
4.14356e-221
6.80587e-224
1.10809e-226
1.79033e-229
2.87366e-232
4.58741e-235
7.2916e-238
1.15529e-240
1.82667e-243
2.8855e-246
4.55882e-249
7.21164e-252
1.1435e-254
1.81939e-257
2.90775e-260
4.67284e-263
7.55845e-266
1.23178e-268
2.02438e-271
3.35807e-274
5.62722e-277
9.53336e-280
1.63406e-282
2.83571e-285
4.98542e-288
8.88471e-291
1.60594e-293
2.94577e-296
5.48697e-299
1.30825e-299
2.63536e-296
5.21673e-293
1.00979e-289
1.91276e-286
3.54679e-283
6.42913e-280
1.13602e-276
1.952e-273
3.26109e-270
5.30866e-267
8.44182e-264
1.31262e-260
1.99251e-257
2.94382e-254
4.22189e-251
5.87527e-248
7.95538e-245
1.05244e-241
1.36456e-238
1.73572e-235
2.16503e-232
2.64587e-229
3.16907e-226
3.72461e-223
4.29992e-220
4.87826e-217
5.43592e-214
5.95084e-211
6.40616e-208
6.79366e-205
7.11025e-202
7.35542e-199
7.52923e-196
7.64441e-193
7.64388e-190
5.31818e-187
3.73403e-184
2.63565e-181
1.87246e-178
1.33976e-175
9.66051e-173
7.02595e-170
5.16039e-167
3.82964e-164
2.87294e-161
2.18023e-158
1.67416e-155
1.30153e-152
1.0255e-149
8.19362e-147
6.64169e-144
5.4658e-141
4.56854e-138
3.87855e-135
3.3459e-132
2.9355e-129
2.62049e-126
7.54603e-125
9.02971e-124
5.7361e-123
1.91882e-122
3.68183e-122
5.06679e-122
6.30274e-122
7.9777e-122
9.91971e-122
1.12451e-121
1.14094e-121
1.05863e-121
8.79101e-122
6.13427e-122
3.84525e-122
2.98182e-122
3.74072e-122
5.76556e-122
5.96995e-122
2.7695e-122
5.43728e-123
9.30766e-124
1.74179e-123
2.13599e-122
2.56027e-121
1.39575e-120
2.32389e-120
7.3963e-121
5.21548e-122
1.29368e-123
3.99577e-137
1.92107e-138
3.55272e-140
2.57544e-142
1.203e-144
4.65876e-147
1.61879e-149
5.18567e-152
1.55311e-154
4.38989e-157
1.17908e-159
3.02523e-162
7.44534e-165
1.76344e-167
4.03048e-170
8.90954e-173
1.90848e-175
3.96805e-178
8.01975e-181
1.57765e-183
3.02449e-186
5.65681e-189
1.03331e-191
1.84532e-194
3.22491e-197
5.52065e-200
9.26623e-203
1.5264e-205
2.47005e-208
3.93034e-211
6.1556e-214
9.49857e-217
1.44556e-219
2.17198e-222
3.22537e-225
4.73886e-228
6.89639e-231
9.95179e-234
1.4256e-236
2.02959e-239
2.87495e-242
4.05665e-245
5.7085e-248
8.02039e-251
1.12639e-253
1.58305e-256
2.229e-259
3.14787e-262
4.46367e-265
6.36216e-268
9.12448e-271
1.31808e-273
1.91967e-276
2.8214e-279
4.18832e-282
6.28511e-285
9.54173e-288
1.46657e-290
2.28372e-293
3.60527e-296
5.77394e-299
9.38678e-302
1.54995e-304
2.60086e-307
1.29174e-309
2.15564e-306
5.36723e-303
1.30868e-299
3.1207e-296
7.26115e-293
1.64523e-289
3.62821e-286
7.795e-283
1.63295e-279
3.33536e-276
6.63224e-273
1.28101e-269
2.39951e-266
4.35866e-263
7.69292e-260
1.3231e-256
2.22217e-253
3.64698e-250
5.84927e-247
9.16431e-244
1.40312e-240
2.10143e-237
3.08069e-234
4.4235e-231
6.22033e-228
8.57128e-225
1.15854e-221
1.53843e-218
2.01027e-215
2.58865e-212
3.28914e-209
4.13312e-206
5.10301e-203
4.3601e-200
3.7489e-197
3.23254e-194
2.79799e-191
2.4326e-188
2.12555e-185
1.86806e-182
1.65321e-179
1.47391e-176
1.32431e-173
1.20008e-170
1.09709e-167
1.0123e-164
9.43722e-162
8.89255e-159
8.47277e-156
8.16887e-153
7.97322e-150
7.87881e-147
7.8854e-144
7.99962e-141
8.22877e-138
8.58559e-135
9.09272e-132
2.11392e-130
1.46643e-129
4.66468e-129
9.4397e-129
1.59665e-128
2.57932e-128
3.88131e-128
5.11352e-128
5.84605e-128
5.9469e-128
5.28576e-128
3.89575e-128
2.58018e-128
2.12018e-128
2.75219e-128
4.2191e-128
4.2483e-128
1.94149e-128
3.88573e-129
7.51421e-130
1.68487e-129
2.13388e-128
2.43766e-127
1.23169e-126
1.86732e-126
5.50504e-127
3.87008e-128
1.02682e-129
3.85261e-137
1.80896e-138
2.7939e-140
1.72151e-142
7.11179e-145
2.48511e-147
7.85618e-150
2.30037e-152
6.31851e-155
1.64207e-157
4.06323e-160
9.61909e-163
2.18678e-165
4.78826e-168
1.0123e-170
2.07049e-173
4.10404e-176
7.89517e-179
1.47599e-181
2.68462e-184
4.75575e-187
8.21333e-190
1.38417e-192
2.27834e-195
3.66595e-198
5.77121e-201
8.89679e-204
1.3442e-206
1.99221e-209
2.89894e-212
4.14548e-215
5.83107e-218
8.07571e-221
1.10231e-223
1.48446e-226
1.97436e-229
2.59627e-232
3.37927e-235
4.35839e-238
5.57646e-241
7.08637e-244
8.95434e-247
1.12643e-249
1.41238e-252
1.76725e-255
2.20933e-258
2.76283e-261
3.46012e-264
4.34488e-267
5.47659e-270
6.93703e-273
8.83977e-276
1.1344e-278
1.46755e-281
1.91575e-284
2.52585e-287
3.36652e-290
4.53968e-293
6.19847e-296
8.57616e-299
1.20332e-301
1.71338e-304
2.4774e-307
3.63981e-310
5.43736e-313
8.26393e-316
2.16388e-318
2.83378e-315
8.61702e-312
2.56113e-308
7.42539e-305
2.09779e-301
5.77462e-298
1.54825e-294
4.04004e-291
1.02446e-287
2.51974e-284
6.00543e-281
1.38708e-277
3.1087e-274
6.77467e-271
1.43775e-267
2.97256e-264
5.99006e-261
1.1763e-257
2.25205e-254
4.20745e-251
7.67413e-248
1.36768e-244
2.38199e-241
4.05762e-238
6.76803e-235
1.10696e-231
1.77815e-228
2.80922e-225
4.37117e-222
6.71358e-219
1.01186e-215
1.05126e-212
1.09714e-209
1.14681e-206
1.20156e-203
1.26262e-200
1.33145e-197
1.41e-194
1.50126e-191
1.60769e-188
1.73236e-185
1.87982e-182
2.05478e-179
2.2637e-176
2.51608e-173
2.82253e-170
3.19684e-167
3.65853e-164
4.23248e-161
4.94975e-158
5.85366e-155
7.00548e-152
8.4859e-149
1.04069e-145
1.29317e-142
1.6294e-139
2.16118e-137
2.04286e-136
8.08152e-136
2.2033e-135
5.08419e-135
1.00316e-134
1.6317e-134
2.20443e-134
2.55636e-134
2.51444e-134
2.01511e-134
1.4459e-134
1.28523e-134
1.75762e-134
2.72998e-134
2.72858e-134
1.25271e-134
2.60034e-135
5.75671e-136
1.54231e-135
2.00704e-134
2.1958e-133
1.03857e-132
1.45725e-132
4.07647e-133
2.90225e-134
8.30183e-136
3.73278e-137
1.66702e-138
2.10872e-140
1.09521e-142
3.98375e-145
1.25041e-147
3.58175e-150
9.55452e-153
2.40057e-155
5.72493e-158
1.30327e-160
2.84422e-163
5.97024e-166
1.20853e-168
2.36418e-171
4.47732e-174
8.22059e-177
1.46515e-179
2.53765e-182
4.27541e-185
7.01305e-188
1.12094e-190
1.74722e-193
2.65786e-196
3.94878e-199
5.73409e-202
8.14449e-205
1.13238e-207
1.5424e-210
2.05978e-213
2.69921e-216
3.47391e-219
4.39503e-222
5.47111e-225
6.70791e-228
8.10845e-231
9.67354e-234
1.14026e-236
1.32947e-239
1.53496e-242
1.757e-245
1.99627e-248
2.25406e-251
2.53247e-254
2.83458e-257
3.16476e-260
3.52888e-263
3.93474e-266
4.39247e-269
4.91521e-272
5.51993e-275
6.22856e-278
7.06961e-281
8.08041e-284
9.31024e-287
1.08248e-289
1.27125e-292
1.5094e-295
1.81354e-298
2.20686e-301
2.72218e-304
3.40644e-307
4.32754e-310
5.58526e-313
7.32878e-316
9.29743e-319
3.06963e-320
3.04097e-320
3.01232e-320
2.98366e-320
2.9555e-320
3.75344e-317
1.27067e-313
4.18042e-310
1.33597e-306
4.14104e-303
1.24287e-299
3.61025e-296
1.0152e-292
2.76564e-289
7.31192e-286
1.87848e-282
4.6904e-279
1.13927e-275
2.69217e-272
6.19262e-269
1.38812e-265
3.03324e-262
6.46898e-259
1.34707e-255
2.74195e-252
5.4625e-249
1.06661e-245
2.04471e-242
3.85374e-239
7.1523e-236
1.30985e-232
2.35531e-229
2.91462e-226
3.62253e-223
4.51177e-220
5.63448e-217
7.05938e-214
8.87832e-211
1.12164e-207
1.425e-204
1.82127e-201
2.34254e-198
3.03467e-195
3.96051e-192
5.20971e-189
6.91383e-186
9.25938e-183
1.25179e-179
1.70966e-176
2.36013e-173
3.29326e-170
4.64708e-167
6.63654e-164
9.5937e-161
1.40405e-157
2.08164e-154
3.12837e-151
4.76745e-148
7.36838e-145
1.82788e-143
1.22867e-142
5.06441e-142
1.5053e-141
3.32532e-141
5.69453e-141
7.94883e-141
9.0433e-141
8.17753e-141
6.55821e-141
6.47046e-141
9.53203e-141
1.53302e-140
1.55517e-140
7.31907e-141
1.60342e-141
4.12292e-142
1.31783e-141
1.76134e-140
1.86041e-139
8.337e-139
1.10082e-138
2.98473e-139
2.18048e-140
6.77282e-142
3.63194e-137
1.49446e-138
1.51108e-140
6.55412e-143
2.08804e-145
5.85756e-148
1.51412e-150
3.66848e-153
8.41367e-156
1.83904e-158
3.84973e-161
7.7463e-164
1.50246e-166
2.81519e-169
5.10474e-172
8.97062e-175
1.52957e-177
2.53311e-180
4.07807e-183
6.38719e-186
9.73928e-189
1.44675e-191
2.09498e-194
2.95906e-197
4.07926e-200
5.49196e-203
7.22545e-206
9.29557e-209
1.17018e-211
1.44247e-214
1.74245e-217
2.06419e-220
2.40015e-223
2.7416e-226
3.07924e-229
3.40389e-232
3.70712e-235
3.98186e-238
4.22275e-241
4.42643e-244
4.59162e-247
4.71898e-250
4.81097e-253
4.87147e-256
4.90547e-259
4.91868e-262
4.91726e-265
4.90757e-268
4.89594e-271
4.88863e-274
4.89179e-277
4.91155e-280
4.95411e-283
5.026e-286
5.13439e-289
5.28746e-292
5.49492e-295
5.76877e-298
6.1241e-301
6.58043e-304
7.1637e-307
7.90812e-310
8.85958e-313
1.00798e-315
1.15002e-318
0
0
0
0
0
0
2.98959e-320
2.96143e-320
2.93327e-320
2.90609e-320
7.4843e-319
2.79607e-315
1.00694e-311
3.50017e-308
1.17474e-304
3.81266e-301
1.19802e-297
3.64465e-294
1.07484e-290
3.07365e-287
8.52868e-284
2.29939e-280
6.02525e-277
1.53694e-273
3.81904e-270
9.25696e-267
2.19207e-263
5.07902e-260
1.15366e-256
2.57271e-253
5.64308e-250
1.21991e-246
2.58892e-243
3.77316e-240
5.51789e-237
8.08464e-234
1.18725e-230
1.74827e-227
2.58267e-224
3.82985e-221
5.7067e-218
8.54662e-215
1.28686e-211
1.94958e-208
2.9725e-205
4.56334e-202
7.06106e-199
1.10158e-195
1.7333e-192
2.75323e-189
4.41738e-186
7.15867e-183
1.17223e-179
1.94072e-176
3.24794e-173
5.49366e-170
9.39485e-167
1.62526e-163
2.84597e-160
5.04802e-157
9.0802e-154
1.2037e-150
1.73671e-149
1.04993e-148
3.74454e-148
9.10551e-148
1.65923e-147
2.32254e-147
2.48912e-147
2.32248e-147
2.62778e-147
4.28677e-147
7.3236e-147
7.72849e-147
3.80965e-147
8.97241e-148
2.72314e-148
1.03881e-147
1.43098e-146
1.47466e-145
6.34675e-145
8.01915e-145
2.14751e-145
1.62867e-146
5.5327e-148
3.54651e-137
1.29136e-138
1.01175e-140
3.62725e-143
1.00617e-145
2.51038e-148
5.83627e-151
1.28201e-153
2.68267e-156
5.37757e-159
1.03676e-161
1.92806e-164
3.46635e-167
6.03498e-170
1.01885e-172
1.66972e-175
2.6586e-178
4.11582e-181
6.19905e-184
9.0886e-187
1.29775e-189
1.80554e-192
2.44874e-195
3.23886e-198
4.17974e-201
5.2652e-204
6.47741e-207
7.78632e-210
9.15048e-213
1.05194e-215
1.18372e-218
1.30469e-221
1.40956e-224
1.49386e-227
1.55434e-230
1.58919e-233
1.59809e-236
1.58217e-239
1.54376e-242
1.4861e-245
1.41301e-248
1.32856e-251
1.23672e-254
1.14119e-257
1.04518e-260
9.51328e-264
8.61679e-267
7.777e-270
7.00335e-273
6.30093e-276
5.67131e-279
5.1134e-282
4.62428e-285
4.19987e-288
3.8355e-291
3.52636e-294
3.26782e-297
3.05568e-300
2.88638e-303
2.75708e-306
2.66604e-309
2.61235e-312
2.59611e-315
2.56729e-318
0
0
0
0
0
0
0
0
0
0
0
0
0
0
0
6.50759e-319
2.6092e-315
1.02005e-311
3.84777e-308
1.40257e-304
4.94221e-301
1.68456e-297
5.56248e-294
1.77955e-290
5.5258e-287
1.66663e-283
4.88954e-280
1.39753e-276
3.89731e-273
1.06255e-269
2.83617e-266
7.42589e-263
1.91068e-259
4.81794e-256
8.31239e-253
1.43516e-249
2.47818e-246
4.28117e-243
7.40283e-240
1.28206e-236
2.2253e-233
3.87552e-230
6.77502e-227
1.1893e-223
2.09826e-220
3.72168e-217
6.63945e-214
1.19256e-210
2.15716e-207
3.93057e-204
7.22095e-201
1.3383e-197
2.50238e-194
4.72351e-191
9.00933e-188
1.73671e-184
3.38417e-181
6.67089e-178
1.33106e-174
2.68934e-171
5.50253e-168
1.14077e-164
2.39844e-161
5.11728e-158
2.05574e-156
1.78942e-155
7.66783e-155
2.08646e-154
3.94362e-154
5.36739e-154
6.14796e-154
8.32262e-154
1.55641e-153
2.91202e-153
3.28691e-153
1.7377e-153
4.48981e-154
1.63791e-154
7.47664e-154
1.0687e-152
1.08799e-151
4.56381e-151
5.61066e-151
1.50943e-151
1.20114e-152
4.49689e-154
3.4736e-137
1.05839e-138
6.1707e-141
1.80918e-143
4.34654e-146
9.61561e-149
2.00941e-151
4.00786e-154
7.67665e-157
1.41782e-159
2.53224e-162
4.38239e-165
7.36018e-168
1.20095e-170
1.90539e-173
2.94139e-176
4.4203e-179
6.46933e-182
9.22416e-185
1.28169e-187
1.73598e-190
2.2926e-193
2.95284e-196
3.71022e-199
4.54913e-202
5.44452e-205
6.3627e-208
7.26331e-211
8.10252e-214
8.83684e-217
9.42727e-220
9.84302e-223
1.00645e-225
1.00847e-228
9.90976e-232
9.55713e-235
9.05364e-238
8.43221e-241
7.72855e-244
6.97798e-247
6.21295e-250
5.46112e-253
4.74441e-256
4.07868e-259
3.47399e-262
2.93535e-265
2.46362e-268
2.05657e-271
1.7098e-274
1.41762e-277
1.17372e-280
9.71734e-284
8.05521e-287
6.69458e-290
5.58528e-293
4.68371e-296
3.95269e-299
3.36107e-302
2.88305e-305
2.49738e-308
2.18732e-311
1.93906e-314
1.7356e-317
0
0
0
0
0
0
0
0
0
0
0
0
0
0
0
0
0
0
0
0
8.34082e-320
4.9993e-316
2.16616e-312
9.0653e-309
3.66387e-305
1.43293e-301
5.42709e-298
1.99348e-294
7.11337e-291
2.46952e-287
8.35935e-284
2.76288e-280
8.93504e-277
2.83203e-273
8.78612e-270
1.85867e-266
3.92537e-263
8.28004e-260
1.74477e-256
3.67445e-253
7.73881e-250
1.63105e-246
3.44391e-243
7.28807e-240
1.54633e-236
3.29239e-233
7.03655e-230
1.51024e-226
3.2585e-223
7.06912e-220
1.54244e-216
3.38814e-213
7.49707e-210
1.67114e-206
3.755e-203
8.51319e-200
1.94769e-196
4.49718e-193
1.04868e-189
2.47098e-186
5.88481e-183
1.41657e-179
3.4487e-176
8.49991e-173
2.12282e-169
5.37513e-166
1.84846e-163
2.49179e-162
1.32327e-161
3.95181e-161
7.58602e-161
1.15072e-160
1.97293e-160
4.42163e-160
9.40271e-160
1.17239e-159
6.82801e-160
1.98019e-160
8.86468e-161
4.86698e-160
7.28866e-159
7.43455e-158
3.08721e-157
3.75468e-157
1.03075e-157
8.69297e-159
3.61732e-160
3.4109e-137
7.96746e-139
3.28056e-141
7.80637e-144
1.62408e-146
3.19744e-149
6.04822e-152
1.10581e-154
1.96084e-157
3.37953e-160
5.66943e-163
9.26617e-166
1.47641e-168
2.29424e-171
3.47782e-174
5.14377e-177
7.42342e-180
1.04544e-182
1.43674e-185
1.92688e-188
2.52199e-191
3.22152e-194
4.01639e-197
4.88776e-200
5.80681e-203
6.73583e-206
7.63063e-209
8.44417e-212
9.13089e-215
9.65127e-218
9.97588e-221
1.00883e-223
9.98663e-227
9.68301e-230
9.20191e-233
8.577e-236
7.84735e-239
7.0536e-242
6.23436e-245
5.42357e-248
4.64876e-251
3.9302e-254
3.28101e-257
2.70788e-260
2.21212e-263
1.79099e-266
1.43894e-269
1.14877e-272
9.12528e-276
7.22216e-279
5.7028e-282
4.49885e-285
3.55056e-288
2.80711e-291
2.22621e-294
1.77332e-297
1.42062e-300
1.14602e-303
9.32101e-307
7.6513e-310
6.34818e-313
5.32962e-316
3.80238e-319
0
0
0
0
0
0
0
0
0
0
0
0
0
0
0
0
0
0
0
0
0
0
0
0
2.45793e-319
1.12381e-315
4.95896e-312
2.11991e-308
8.79515e-305
3.54681e-301
1.39356e-297
5.34205e-294
2.00244e-290
7.35045e-287
2.64273e-283
6.47277e-280
1.58154e-276
3.86105e-273
9.41871e-270
2.29668e-266
5.60168e-263
1.36742e-259
3.3443e-256
8.19827e-253
2.01503e-249
4.97e-246
1.23041e-242
3.0586e-239
7.64191e-236
1.91926e-232
4.84606e-229
1.2313e-225
3.14983e-222
8.11204e-219
2.10466e-215
5.50627e-212
1.45288e-208
3.86697e-205
1.03905e-201
2.82064e-198
7.73846e-195
2.14572e-191
6.0166e-188
1.70738e-184
4.90651e-181
1.42824e-177
4.21232e-174
1.25982e-170
2.95412e-169
1.93137e-168
6.25934e-168
1.41151e-167
3.32123e-167
9.46117e-167
2.39554e-166
3.42882e-166
2.26947e-166
7.58485e-167
4.26693e-167
2.83993e-166
4.51069e-165
4.68215e-164
1.95635e-163
2.39316e-163
6.80335e-164
6.14003e-165
2.86682e-166
3.35657e-137
5.07984e-139
1.39596e-141
2.7308e-144
5.02167e-147
9.0068e-150
1.5812e-152
2.71863e-155
4.57832e-158
7.55119e-161
1.21952e-163
1.92803e-166
2.98299e-169
4.51511e-172
6.6838e-175
9.67353e-178
1.36845e-180
1.89165e-183
2.55459e-186
3.36968e-189
4.34086e-192
5.46052e-195
6.70709e-198
8.04396e-201
9.42005e-204
1.07726e-206
1.20319e-209
1.31272e-212
1.39943e-215
1.45816e-218
1.48559e-221
1.48053e-224
1.44406e-227
1.37927e-230
1.29088e-233
1.18469e-236
1.06692e-239
9.43716e-243
8.20575e-246
7.02073e-249
5.91671e-252
4.91682e-255
4.03358e-258
3.27052e-261
2.62424e-264
2.08644e-267
1.64587e-270
1.28991e-273
1.00577e-276
7.81281e-280
6.05481e-283
4.68799e-286
3.63141e-289
2.8182e-292
2.19419e-295
1.71623e-298
1.35037e-301
1.07024e-304
8.55497e-308
6.90394e-311
5.63421e-314
4.6563e-317
0
0
0
0
0
0
0
0
0
0
0
0
0
0
0
0
0
0
0
0
0
0
0
0
0
0
0
0
0
2.4405e-318
1.14596e-314
5.23939e-311
2.33712e-307
1.0193e-303
4.3478e-300
1.82193e-296
5.20076e-293
1.4777e-289
4.19946e-286
1.19366e-282
3.39416e-279
9.6634e-276
2.75611e-272
7.8814e-269
2.26124e-265
6.51096e-262
1.88284e-258
5.46983e-255
1.59673e-251
4.68757e-248
1.38398e-244
4.10922e-241
1.22797e-237
3.69478e-234
1.11901e-230
3.41335e-227
1.04958e-223
3.25352e-220
1.01671e-216
3.20556e-213
1.02043e-209
3.28062e-206
1.0651e-202
3.49406e-199
1.15912e-195
3.89076e-192
1.32174e-188
4.54514e-185
1.5836e-181
5.59537e-178
2.51497e-176
2.02713e-175
8.31383e-175
3.04007e-174
1.19775e-173
3.84494e-173
6.63942e-173
5.19582e-173
2.06908e-173
1.50686e-173
1.23188e-172
2.11063e-171
2.27272e-170
9.74099e-170
1.22132e-169
3.65454e-170
3.57117e-171
1.89497e-172
3.20739e-07
3.06821e-07
2.92859e-07
2.78965e-07
2.65382e-07
2.5237e-07
2.40078e-07
2.28487e-07
2.17409e-07
2.06547e-07
1.95578e-07
1.84246e-07
1.72468e-07
1.60378e-07
1.48223e-07
1.36218e-07
1.24465e-07
1.13036e-07
1.02073e-07
9.17677e-08
8.22867e-08
7.36943e-08
6.59567e-08
5.89945e-08
5.27156e-08
4.70336e-08
4.18724e-08
3.7169e-08
3.28725e-08
2.89458e-08
2.53635e-08
2.2108e-08
1.91649e-08
1.65204e-08
1.41597e-08
1.20661e-08
1.02217e-08
8.60746e-09
7.20415e-09
5.99242e-09
4.95341e-09
4.0698e-09
3.32462e-09
2.70015e-09
2.17797e-09
1.74082e-09
1.37562e-09
1.07401e-09
8.28932e-10
6.33216e-10
4.79539e-10
3.60741e-10
2.69906e-10
2.01009e-10
1.49128e-10
1.10363e-10
8.15963e-11
6.03967e-11
4.48716e-11
3.3549e-11
2.52778e-11
1.91911e-11
1.46676e-11
1.12817e-11
8.73495e-12
6.80381e-12
5.31864e-12
4.15554e-12
3.22866e-12
2.4889e-12
1.90652e-12
1.45498e-12
1.10739e-12
8.39227e-13
6.31581e-13
4.71195e-13
3.48797e-13
2.56904e-13
1.88666e-13
1.37802e-13
9.96614e-14
7.11674e-14
5.00722e-14
3.46813e-14
2.36895e-14
1.5976e-14
1.06462e-14
7.01297e-15
4.56916e-15
2.94724e-15
1.88511e-15
1.19804e-15
7.58028e-16
4.77532e-16
2.98862e-16
1.85469e-16
1.1416e-16
6.97488e-17
4.22997e-17
2.54182e-17
2.46316e-07
2.35378e-07
2.24346e-07
2.13305e-07
2.02487e-07
1.92165e-07
1.82511e-07
1.73539e-07
1.65088e-07
1.56866e-07
1.48549e-07
1.39865e-07
1.30715e-07
1.21219e-07
1.11628e-07
1.02159e-07
9.28856e-08
8.38307e-08
7.51053e-08
6.6897e-08
5.93801e-08
5.26298e-08
4.66199e-08
4.12774e-08
3.65184e-08
3.22644e-08
2.84469e-08
2.50092e-08
2.19045e-08
1.90973e-08
1.65637e-08
1.42868e-08
1.22524e-08
1.04467e-08
8.85529e-09
7.46251e-09
6.25229e-09
5.20783e-09
4.31246e-09
3.55003e-09
2.90557e-09
2.36546e-09
1.9166e-09
1.54586e-09
1.24006e-09
9.86772e-10
7.76672e-10
6.04175e-10
4.64753e-10
3.53915e-10
2.67248e-10
2.00528e-10
1.49698e-10
1.11238e-10
8.23243e-11
6.07554e-11
4.47792e-11
3.30323e-11
2.44557e-11
1.82255e-11
1.3694e-11
1.03722e-11
7.91031e-12
6.07146e-12
4.69171e-12
3.64855e-12
2.84866e-12
2.22345e-12
1.72506e-12
1.32671e-12
1.01303e-12
7.70251e-13
5.84009e-13
4.40896e-13
3.30491e-13
2.45505e-13
1.80899e-13
1.32646e-13
9.70515e-14
7.0689e-14
5.10163e-14
3.63795e-14
2.5562e-14
1.76568e-14
1.20017e-14
8.03769e-15
5.31277e-15
3.46999e-15
2.24194e-15
1.43469e-15
9.10988e-16
5.75249e-16
3.62082e-16
2.27257e-16
1.4188e-16
8.78875e-17
5.3998e-17
3.29202e-17
1.99127e-17
1.19288e-17
1.80412e-07
1.72252e-07
1.63934e-07
1.5552e-07
1.47229e-07
1.39345e-07
1.32056e-07
1.25406e-07
1.19282e-07
1.134e-07
1.07444e-07
1.01138e-07
9.43681e-08
8.72396e-08
7.99974e-08
7.28672e-08
6.58956e-08
5.90361e-08
5.23621e-08
4.60621e-08
4.03262e-08
3.52412e-08
3.07855e-08
2.6891e-08
2.34804e-08
2.04823e-08
1.78355e-08
1.54903e-08
1.34048e-08
1.15452e-08
9.88994e-09
8.42357e-09
7.13287e-09
6.00492e-09
5.02644e-09
4.18399e-09
3.46398e-09
2.8527e-09
2.33707e-09
1.90478e-09
1.54485e-09
1.24771e-09
1.00443e-09
8.06465e-10
6.45241e-10
5.12884e-10
4.03528e-10
3.13874e-10
2.41465e-10
1.83906e-10
1.3889e-10
1.04241e-10
7.78312e-11
5.782e-11
4.27516e-11
3.15008e-11
2.31665e-11
1.70436e-11
1.25822e-11
9.35198e-12
7.01167e-12
5.30185e-12
4.03712e-12
3.09347e-12
2.38643e-12
1.8531e-12
1.44526e-12
1.12712e-12
8.73342e-13
6.70047e-13
5.09802e-13
3.85964e-13
2.91311e-13
2.18926e-13
1.63348e-13
1.2075e-13
8.85149e-14
6.45794e-14
4.70569e-14
3.41737e-14
2.46129e-14
1.75396e-14
1.2324e-14
8.4912e-15
5.73465e-15
3.80294e-15
2.48669e-15
1.60738e-15
1.02869e-15
6.52693e-16
4.11302e-16
2.5803e-16
1.61603e-16
1.01124e-16
6.30468e-17
3.90188e-17
2.39364e-17
1.45553e-17
8.7735e-18
5.23403e-18
1.23812e-07
1.18172e-07
1.12346e-07
1.06311e-07
1.00286e-07
9.45619e-08
8.9339e-08
8.46852e-08
8.05161e-08
7.66167e-08
7.26936e-08
6.84808e-08
6.38297e-08
5.88095e-08
5.36595e-08
4.86347e-08
4.3771e-08
3.89018e-08
3.40508e-08
2.94278e-08
2.52555e-08
2.1634e-08
1.85378e-08
1.58983e-08
1.36424e-08
1.17052e-08
1.00328e-08
8.58177e-09
7.3175e-09
6.21228e-09
5.24697e-09
4.40665e-09
3.67999e-09
3.05673e-09
2.52601e-09
2.0774e-09
1.70085e-09
1.38669e-09
1.12598e-09
9.10724e-10
7.34056e-10
5.90142e-10
4.73784e-10
3.80183e-10
3.04705e-10
2.4306e-10
1.92049e-10
1.50018e-10
1.15882e-10
8.85879e-11
6.71216e-11
5.05173e-11
3.77991e-11
2.81112e-11
2.07824e-11
1.52954e-11
1.12268e-11
8.23922e-12
6.06656e-12
4.49873e-12
3.36741e-12
2.54368e-12
1.93512e-12
1.48099e-12
1.14083e-12
8.84654e-13
6.89313e-13
5.3728e-13
4.15875e-13
3.18275e-13
2.4117e-13
1.81647e-13
1.36342e-13
1.019e-13
7.56196e-14
5.55894e-14
4.0513e-14
2.93913e-14
2.1321e-14
1.54387e-14
1.10969e-14
7.9053e-15
5.56305e-15
3.82066e-15
2.55667e-15
1.67119e-15
1.07764e-15
6.88434e-16
4.36254e-16
2.74471e-16
1.71681e-16
1.07034e-16
6.6744e-17
4.17052e-17
2.6022e-17
1.61138e-17
9.86843e-18
5.97671e-18
3.58324e-18
2.12517e-18
7.73961e-08
7.39305e-08
7.02817e-08
6.63581e-08
6.23076e-08
5.84366e-08
5.49575e-08
5.19589e-08
4.93947e-08
4.70927e-08
4.48258e-08
4.23377e-08
3.94587e-08
3.62274e-08
3.28675e-08
2.96523e-08
2.6647e-08
2.35094e-08
2.02119e-08
1.70065e-08
1.41547e-08
1.17752e-08
9.82273e-09
8.22006e-09
6.89711e-09
5.79704e-09
4.87515e-09
4.09703e-09
3.43571e-09
2.87132e-09
2.38958e-09
1.97948e-09
1.6321e-09
1.33984e-09
1.09552e-09
8.92608e-10
7.25099e-10
5.8749e-10
4.74853e-10
3.82906e-10
3.08202e-10
2.47913e-10
1.99529e-10
1.60853e-10
1.29836e-10
1.0451e-10
8.33654e-11
6.57039e-11
5.11574e-11
3.93708e-11
2.99987e-11
2.26855e-11
1.70322e-11
1.2685e-11
9.37257e-12
6.88536e-12
5.04143e-12
3.68991e-12
2.71002e-12
2.00581e-12
1.4999e-12
1.1328e-12
8.6173e-13
6.59117e-13
5.07208e-13
3.92878e-13
3.05969e-13
2.38531e-13
1.84575e-13
1.40908e-13
1.06238e-13
7.9495e-14
5.925e-14
4.39847e-14
3.24377e-14
2.36983e-14
1.71584e-14
1.23669e-14
8.92787e-15
6.45108e-15
4.6303e-15
3.28294e-15
2.29243e-15
1.55621e-15
1.0299e-15
6.65032e-16
4.23999e-16
2.68255e-16
1.68566e-16
1.05253e-16
6.53851e-17
4.05387e-17
2.52073e-17
1.57787e-17
9.89497e-18
6.14214e-18
3.74694e-18
2.25141e-18
1.3381e-18
7.87336e-19
4.20348e-08
4.03425e-08
3.85266e-08
3.63447e-08
3.38905e-08
3.15028e-08
2.94029e-08
2.76844e-08
2.63245e-08
2.52232e-08
2.42145e-08
2.30818e-08
2.16291e-08
1.98162e-08
1.78073e-08
1.5865e-08
1.40361e-08
1.21245e-08
1.02293e-08
8.39487e-09
6.71404e-09
5.37854e-09
4.3417e-09
3.53009e-09
2.88766e-09
2.37325e-09
1.95665e-09
1.61562e-09
1.33361e-09
1.09912e-09
9.03611e-10
7.40787e-10
6.05596e-10
4.93671e-10
4.01436e-10
3.25825e-10
2.64134e-10
2.13971e-10
1.73242e-10
1.40161e-10
1.13364e-10
9.17833e-11
7.44694e-11
6.06465e-11
4.95943e-11
4.05458e-11
3.28448e-11
2.62357e-11
2.06495e-11
1.60219e-11
1.22878e-11
9.34674e-12
7.04251e-12
5.24535e-12
3.86431e-12
2.82783e-12
2.06322e-12
1.50572e-12
1.10358e-12
8.16052e-13
6.10434e-13
4.61605e-13
3.51594e-13
2.69009e-13
2.06895e-13
1.60182e-13
1.2478e-13
9.7462e-14
7.55309e-14
5.75137e-14
4.30428e-14
3.19088e-14
2.35626e-14
1.73486e-14
1.27092e-14
9.22418e-15
6.62684e-15
4.73545e-15
3.40012e-15
2.45963e-15
1.77246e-15
1.25232e-15
8.60695e-16
5.72674e-16
3.7064e-16
2.36448e-16
1.49554e-16
9.38719e-17
5.85491e-17
3.63156e-17
2.2432e-17
1.38411e-17
8.58751e-18
5.40478e-18
3.42356e-18
2.12814e-18
1.28297e-18
7.59827e-19
4.47043e-19
2.60987e-19
1.83378e-08
1.79337e-08
1.74947e-08
1.65642e-08
1.51826e-08
1.38452e-08
1.27459e-08
1.19291e-08
1.13856e-08
1.10631e-08
1.08682e-08
1.06548e-08
1.02105e-08
9.38612e-09
8.25763e-09
7.03534e-09
5.90217e-09
4.85465e-09
3.91161e-09
3.08411e-09
2.39864e-09
1.87618e-09
1.48053e-09
1.17852e-09
9.45646e-10
7.64076e-10
6.20738e-10
5.06068e-10
4.13403e-10
3.37988e-10
2.76325e-10
2.25756e-10
1.84233e-10
1.50161e-10
1.22283e-10
9.95627e-11
8.11251e-11
6.61965e-11
5.40918e-11
4.42139e-11
3.61408e-11
2.958e-11
2.42814e-11
2.00764e-11
1.67679e-11
1.40657e-11
1.16662e-11
9.48706e-12
7.55691e-12
5.89911e-12
4.53132e-12
3.45328e-12
2.60113e-12
1.93045e-12
1.41472e-12
1.031e-12
7.50061e-13
5.46548e-13
4.00539e-13
2.96604e-13
2.22532e-13
1.69023e-13
1.29293e-13
9.91433e-14
7.62537e-14
5.89605e-14
4.59353e-14
3.60624e-14
2.81164e-14
2.13388e-14
1.57423e-14
1.14779e-14
8.35858e-15
6.09162e-15
4.43862e-15
3.20112e-15
2.27224e-15
1.59963e-15
1.14159e-15
8.34529e-16
6.11335e-16
4.34101e-16
2.93229e-16
1.88731e-16
1.19163e-16
7.48399e-17
4.67213e-17
2.9017e-17
1.7946e-17
1.10589e-17
6.7983e-18
4.17987e-18
2.58777e-18
1.6288e-18
1.01894e-18
6.26821e-19
3.76451e-19
2.22198e-19
1.30263e-19
7.58066e-20
5.60911e-09
5.68848e-09
5.61892e-09
5.32223e-09
4.84754e-09
4.36889e-09
3.97261e-09
3.70624e-09
3.5856e-09
3.60298e-09
3.73807e-09
3.93722e-09
4.02882e-09
3.7722e-09
3.20484e-09
2.50176e-09
1.88164e-09
1.40658e-09
1.05311e-09
7.95144e-10
6.09699e-10
4.72266e-10
3.69203e-10
2.91278e-10
2.31818e-10
1.85979e-10
1.50233e-10
1.22036e-10
9.95561e-11
8.14629e-11
6.6783e-11
5.48063e-11
4.50025e-11
3.6962e-11
3.03747e-11
2.49966e-11
2.06293e-11
1.70937e-11
1.42233e-11
1.18368e-11
9.80919e-12
8.10493e-12
6.72864e-12
5.66365e-12
4.88187e-12
4.27547e-12
3.67781e-12
3.06081e-12
2.46739e-12
1.92744e-12
1.45559e-12
1.07859e-12
7.99317e-13
5.91889e-13
4.368e-13
3.19837e-13
2.33429e-13
1.70652e-13
1.25563e-13
9.34909e-14
7.0627e-14
5.40932e-14
4.17351e-14
3.2168e-14
2.47332e-14
1.90263e-14
1.47673e-14
1.16836e-14
9.22108e-15
6.96135e-15
5.00863e-15
3.5128e-15
2.47384e-15
1.77068e-15
1.28672e-15
9.27222e-16
6.55973e-16
4.57086e-16
3.236e-16
2.36792e-16
1.7314e-16
1.22308e-16
8.25906e-17
5.24443e-17
3.237e-17
1.9975e-17
1.23249e-17
7.60145e-18
4.68526e-18
2.88438e-18
1.77362e-18
1.09056e-18
6.733e-19
4.20105e-19
2.60602e-19
1.59199e-19
9.56677e-20
5.62434e-20
3.28501e-20
1.90611e-20
9.43716e-10
9.70386e-10
9.69046e-10
9.4097e-10
8.92866e-10
8.23742e-10
7.45508e-10
6.93696e-10
6.84141e-10
7.15052e-10
7.79431e-10
8.34694e-10
8.10613e-10
7.27031e-10
6.13757e-10
4.88708e-10
3.63496e-10
2.68288e-10
1.98749e-10
1.48309e-10
1.11917e-10
8.54847e-11
6.61407e-11
5.18307e-11
4.11075e-11
3.29611e-11
2.66867e-11
2.17882e-11
1.79095e-11
1.4797e-11
1.22711e-11
1.02044e-11
8.50389e-12
7.09931e-12
5.93851e-12
4.98207e-12
4.19816e-12
3.55824e-12
3.03755e-12
2.59353e-12
2.19639e-12
1.84508e-12
1.54955e-12
1.31271e-12
1.13785e-12
1.02492e-12
9.21508e-13
7.97561e-13
6.63205e-13
5.24409e-13
3.87696e-13
2.75579e-13
1.96579e-13
1.42823e-13
1.05235e-13
7.84391e-14
5.87302e-14
4.36936e-14
3.24132e-14
2.43255e-14
1.85953e-14
1.44771e-14
1.13731e-14
8.82787e-15
6.77824e-15
5.16836e-15
3.96047e-15
3.06801e-15
2.33122e-15
1.72059e-15
1.23419e-15
8.56415e-16
5.9978e-16
4.29629e-16
3.06673e-16
2.16336e-16
1.49529e-16
1.03642e-16
7.39931e-17
5.35755e-17
3.75123e-17
2.54202e-17
1.65361e-17
1.04215e-17
6.54985e-18
4.11471e-18
2.58164e-18
1.61615e-18
1.0087e-18
6.27468e-19
3.89052e-19
2.40528e-19
1.4857e-19
9.1852e-20
5.6345e-20
3.38598e-20
2.00207e-20
1.17987e-20
6.91127e-21
4.01433e-21
6.18565e-11
6.22042e-11
6.05254e-11
5.73007e-11
5.28719e-11
4.86417e-11
4.6781e-11
4.71916e-11
4.95841e-11
5.39135e-11
5.90991e-11
5.94163e-11
5.41933e-11
4.5116e-11
3.54238e-11
2.80635e-11
2.28096e-11
1.86123e-11
1.51438e-11
1.22775e-11
9.94333e-12
8.06993e-12
6.57585e-12
5.38577e-12
4.43671e-12
3.67802e-12
3.06915e-12
2.57769e-12
2.17777e-12
1.84932e-12
1.57705e-12
1.34948e-12
1.15789e-12
9.95771e-13
8.58118e-13
7.41315e-13
6.42121e-13
5.57146e-13
4.83915e-13
4.2228e-13
3.67798e-13
3.1821e-13
2.72297e-13
2.30455e-13
1.96216e-13
1.69487e-13
1.43427e-13
1.18382e-13
9.56854e-14
7.56608e-14
5.8114e-14
4.29935e-14
3.19001e-14
2.38627e-14
1.80639e-14
1.39377e-14
1.08686e-14
8.44939e-15
6.4915e-15
5.00186e-15
3.91327e-15
3.04813e-15
2.3248e-15
1.74407e-15
1.32032e-15
1.03097e-15
7.97298e-16
5.98946e-16
4.36186e-16
3.07295e-16
2.12189e-16
1.48486e-16
1.05034e-16
7.50381e-17
5.43072e-17
3.90462e-17
2.76882e-17
1.91701e-17
1.3208e-17
9.11119e-18
6.19297e-18
4.07354e-18
2.62026e-18
1.69316e-18
1.09558e-18
7.05328e-19
4.51411e-19
2.87064e-19
1.81324e-19
1.13742e-19
7.08645e-20
4.38562e-20
2.6961e-20
1.63655e-20
9.82512e-21
5.86026e-21
3.4787e-21
2.05238e-21
1.20061e-21
6.9515e-22
2.73715e-13
2.98813e-13
3.26057e-13
3.5919e-13
4.00938e-13
4.51261e-13
5.0619e-13
5.63628e-13
6.20935e-13
6.74344e-13
7.17503e-13
7.34463e-13
7.08001e-13
6.63974e-13
6.26441e-13
5.89936e-13
5.52895e-13
5.11601e-13
4.66673e-13
4.2034e-13
3.75206e-13
3.33154e-13
2.95031e-13
2.61094e-13
2.31304e-13
2.05443e-13
1.83164e-13
1.64024e-13
1.47543e-13
1.33251e-13
1.20722e-13
1.09593e-13
9.95661e-14
9.04183e-14
8.2003e-14
7.42282e-14
6.7039e-14
6.04144e-14
5.4239e-14
4.80435e-14
4.1863e-14
3.61134e-14
3.10471e-14
2.65057e-14
2.2208e-14
1.80393e-14
1.43734e-14
1.13735e-14
8.99127e-15
7.13605e-15
5.72657e-15
4.65868e-15
3.78662e-15
3.06553e-15
2.46719e-15
1.97238e-15
1.56575e-15
1.23465e-15
9.67708e-16
7.52493e-16
5.81091e-16
4.49035e-16
3.43582e-16
2.57836e-16
1.90084e-16
1.38617e-16
1.01004e-16
7.3374e-17
5.29856e-17
3.81687e-17
2.75907e-17
2.00283e-17
1.45175e-17
1.04509e-17
7.45883e-18
5.28538e-18
3.71216e-18
2.58271e-18
1.76595e-18
1.18328e-18
7.84684e-19
5.19725e-19
3.44767e-19
2.27813e-19
1.49348e-19
9.70702e-20
6.25294e-20
3.99107e-20
2.52395e-20
1.58145e-20
9.82008e-21
6.04296e-21
3.68513e-21
2.22573e-21
1.33209e-21
7.90726e-22
4.6592e-22
2.72273e-22
1.5774e-22
9.04539e-23
2.52119e-18
3.39088e-18
4.51462e-18
5.96649e-18
7.89099e-18
1.04896e-17
1.40306e-17
1.88837e-17
2.54866e-17
3.43029e-17
4.58742e-17
6.20529e-17
8.5166e-17
1.16523e-16
1.57855e-16
2.12193e-16
2.83636e-16
3.76502e-16
4.94813e-16
6.42535e-16
8.23631e-16
1.04092e-15
1.29477e-15
1.58273e-15
1.89948e-15
2.23677e-15
2.58329e-15
2.92486e-15
3.24536e-15
3.52854e-15
3.76001e-15
3.92915e-15
4.02996e-15
4.06068e-15
4.02253e-15
3.91864e-15
3.75397e-15
3.53538e-15
3.2711e-15
2.97589e-15
2.66774e-15
2.35813e-15
2.05538e-15
1.77139e-15
1.51056e-15
1.27083e-15
1.05657e-15
8.7082e-16
7.15032e-16
5.87348e-16
4.84761e-16
4.03076e-16
3.35055e-16
2.76827e-16
2.26406e-16
1.82915e-16
1.46022e-16
1.15481e-16
9.06565e-17
7.05424e-17
5.42169e-17
4.10788e-17
3.07532e-17
2.28473e-17
1.685e-17
1.23019e-17
8.93429e-18
6.47816e-18
4.69099e-18
3.39488e-18
2.45855e-18
1.77882e-18
1.28519e-18
9.23607e-19
6.56576e-19
4.60875e-19
3.19767e-19
2.20218e-19
1.50685e-19
1.02066e-19
6.83431e-20
4.53405e-20
2.98349e-20
1.94662e-20
1.26431e-20
8.17162e-21
5.23818e-21
3.32287e-21
2.08505e-21
1.29437e-21
7.95277e-22
4.8367e-22
2.9143e-22
1.74197e-22
1.03235e-22
6.06512e-23
3.53823e-23
2.05052e-23
1.17957e-23
6.71661e-24
8.16563e-34
1.12211e-33
1.45521e-33
1.81643e-33
2.25734e-33
2.91662e-33
4.05001e-33
6.07936e-33
9.69769e-33
1.56469e-32
2.30848e-32
2.82904e-32
2.90795e-32
2.6319e-32
2.29204e-32
2.15198e-32
2.34076e-32
2.9381e-32
4.03104e-32
5.74559e-32
8.26753e-32
1.18288e-31
1.66672e-31
2.30124e-31
3.10534e-31
4.08657e-31
5.23149e-31
6.49721e-31
7.81022e-31
9.07765e-31
1.02107e-30
1.11491e-30
1.18712e-30
1.23851e-30
1.27097e-30
1.28617e-30
1.28539e-30
1.26794e-30
1.23051e-30
1.16903e-30
1.08437e-30
9.85281e-31
8.81216e-31
7.83696e-31
6.99882e-31
6.20173e-31
5.30767e-31
4.37492e-31
3.49822e-31
2.71792e-31
2.05355e-31
1.53229e-31
1.14343e-31
8.47456e-32
6.17529e-32
4.39775e-32
3.04202e-32
2.03507e-32
1.3185e-32
8.34717e-33
5.20228e-33
3.18336e-33
1.88152e-33
1.06892e-33
5.89447e-34
3.18557e-34
1.70234e-34
9.00632e-35
4.63764e-35
2.2893e-35
1.07861e-35
4.93006e-36
2.23185e-36
1.01101e-36
4.56285e-37
2.01962e-37
8.65323e-38
3.61148e-38
1.50292e-38
6.29839e-39
2.60852e-39
1.05244e-39
4.0841e-40
1.52531e-40
5.61325e-41
2.0728e-41
7.69035e-42
2.84914e-42
1.05028e-42
3.84705e-43
1.39939e-43
5.05582e-44
1.82439e-44
6.60311e-45
2.39214e-45
8.63831e-46
3.11552e-46
1.12737e-46
4.10462e-47
1.49109e-47
7.64187e-36
9.4727e-36
9.6967e-36
8.55874e-36
7.46884e-36
8.30913e-36
1.49016e-35
3.82243e-35
1.02639e-34
2.42357e-34
4.3917e-34
5.60329e-34
4.97953e-34
3.26328e-34
1.73824e-34
8.07234e-35
3.44719e-35
1.42293e-35
5.92692e-36
2.62457e-36
1.34752e-36
8.87483e-37
7.73199e-37
8.27321e-37
9.8216e-37
1.20774e-36
1.48188e-36
1.77799e-36
2.06451e-36
2.31237e-36
2.50281e-36
2.63212e-36
2.70989e-36
2.75494e-36
2.79174e-36
2.84448e-36
2.92644e-36
3.02896e-36
3.1077e-36
3.05184e-36
2.80708e-36
2.48789e-36
2.2101e-36
2.06525e-36
2.0825e-36
2.07911e-36
1.81271e-36
1.3739e-36
9.42567e-37
5.90479e-37
3.37239e-37
1.88005e-37
1.1108e-37
7.0039e-38
4.55201e-38
3.01133e-38
1.95989e-38
1.22807e-38
7.55538e-39
4.88818e-39
3.42684e-39
2.45692e-39
1.62997e-39
9.78673e-40
5.7846e-40
3.59943e-40
2.35075e-40
1.56512e-40
9.44632e-41
4.82827e-41
2.18958e-41
9.72992e-42
4.73472e-42
2.59792e-42
1.47625e-42
7.79195e-43
3.68291e-43
1.6799e-43
8.81293e-44
5.27413e-44
2.97981e-44
1.47172e-44
6.33799e-45
2.46472e-45
9.74106e-46
4.10354e-46
1.79981e-46
7.96633e-47
3.49925e-47
1.51083e-47
6.42904e-48
2.69473e-48
1.14741e-48
5.06415e-49
2.14701e-49
8.25448e-50
2.97963e-50
1.05639e-50
3.90213e-51
1.44186e-51
1.77184e-40
2.21252e-40
2.18153e-40
1.73447e-40
1.48357e-40
1.7484e-40
3.29261e-40
9.72622e-40
2.96226e-39
6.72214e-39
1.15042e-38
1.64224e-38
1.34721e-38
6.54318e-39
3.01013e-39
1.37008e-39
5.45485e-40
2.06445e-40
8.21377e-41
3.66503e-41
1.97873e-41
1.37948e-41
1.25717e-41
1.38707e-41
1.66027e-41
2.02652e-41
2.45771e-41
2.92161e-41
3.36893e-41
3.76541e-41
4.11322e-41
4.44678e-41
4.79674e-41
5.18219e-41
5.65442e-41
6.25874e-41
6.91987e-41
7.59635e-41
8.54328e-41
9.12217e-41
8.29638e-41
7.06757e-41
6.32578e-41
5.85152e-41
5.88762e-41
6.52695e-41
5.9823e-41
4.19937e-41
2.72805e-41
1.70584e-41
9.31094e-42
4.76038e-42
2.80075e-42
1.80692e-42
1.11061e-42
7.26301e-43
4.56132e-43
2.65243e-43
1.46823e-43
9.63378e-44
7.48288e-44
5.98194e-44
4.27245e-44
2.45266e-44
1.4312e-44
1.00358e-44
6.47598e-45
4.5085e-45
2.84798e-45
1.23758e-45
4.89519e-46
1.99747e-46
9.80477e-47
5.82627e-47
3.60896e-47
1.92288e-47
8.54566e-48
3.36946e-48
1.87054e-48
1.43727e-48
8.599e-49
3.77808e-49
1.50709e-49
4.86328e-50
1.79489e-50
7.45752e-51
3.22964e-51
1.39917e-51
5.97896e-52
2.44817e-52
9.98387e-53
3.92061e-53
1.53056e-53
6.80258e-54
2.75289e-54
8.8308e-55
2.75363e-55
8.43244e-56
3.1938e-56
1.08175e-56
9.77626e-48
1.05178e-47
1.3784e-47
1.47194e-47
2.41773e-47
5.43005e-47
1.33228e-46
4.17686e-46
1.18756e-45
1.39959e-45
1.80574e-46
3.51436e-48
5.50632e-48
7.8843e-47
2.39476e-46
2.42243e-46
1.13509e-46
4.00426e-47
1.53002e-47
7.20456e-48
4.14899e-48
2.82438e-48
2.39035e-48
2.45465e-48
2.71318e-48
3.05269e-48
3.45071e-48
3.8967e-48
4.34706e-48
4.77806e-48
5.22032e-48
5.75251e-48
6.44433e-48
7.34072e-48
8.5553e-48
1.01855e-47
1.18648e-47
1.27577e-47
1.33817e-47
1.36889e-47
1.27072e-47
1.13161e-47
1.12386e-47
1.05334e-47
8.36598e-48
6.1358e-48
5.4244e-48
4.06695e-48
2.83464e-48
1.99706e-48
1.43233e-48
8.78329e-49
5.30155e-49
3.19956e-49
1.77651e-49
1.0988e-49
6.54802e-50
3.80565e-50
2.14832e-50
1.4518e-50
1.08009e-50
7.35773e-51
5.57106e-51
3.54762e-51
2.19675e-51
1.69851e-51
9.10843e-52
5.04699e-52
3.39825e-52
1.46664e-52
7.2601e-53
3.36787e-53
1.54138e-53
8.14975e-54
4.60118e-54
2.47347e-54
1.21326e-54
4.81268e-55
2.45457e-55
1.84339e-55
1.05364e-55
4.12933e-56
1.89658e-56
6.45836e-57
2.59746e-57
1.04996e-57
4.24863e-58
1.7265e-58
7.03314e-59
2.69862e-59
1.06389e-59
3.97486e-60
1.35172e-60
5.59997e-61
2.10095e-61
5.90267e-62
1.86984e-62
5.34286e-63
2.186e-63
6.57792e-64
2.46873e-58
1.14268e-58
4.34296e-58
1.48278e-57
7.62636e-57
3.66677e-56
1.23008e-55
3.91717e-55
8.78647e-55
4.3164e-55
6.67906e-57
8.09944e-59
2.64418e-60
2.59566e-58
3.35297e-56
8.76628e-56
5.31359e-56
1.8181e-56
6.63523e-57
3.25991e-57
1.95561e-57
1.24895e-57
9.26958e-58
8.28661e-58
8.00468e-58
7.95383e-58
8.09673e-58
8.45633e-58
8.96583e-58
9.59732e-58
1.04243e-57
1.16259e-57
1.34137e-57
1.60138e-57
1.98601e-57
2.53258e-57
3.09089e-57
3.14988e-57
2.78482e-57
2.53425e-57
2.56026e-57
2.64386e-57
3.06691e-57
2.93106e-57
1.54937e-57
4.58626e-58
3.11184e-58
3.39949e-58
3.07151e-58
2.80045e-58
3.40258e-58
2.97899e-58
1.78154e-58
9.17885e-59
4.43866e-59
2.47789e-59
1.36645e-59
8.43358e-60
5.30649e-60
3.68586e-60
2.31122e-60
1.15588e-60
9.17599e-61
7.54727e-61
5.38213e-61
4.31107e-61
1.73985e-61
6.4155e-62
4.31094e-62
2.28736e-62
1.79551e-62
1.01585e-62
4.07644e-63
1.65099e-63
7.47536e-64
4.06889e-64
2.5187e-64
1.12138e-64
4.70332e-65
2.66958e-65
1.33445e-65
4.97316e-66
3.02996e-66
1.28521e-66
5.85706e-67
2.19142e-67
7.82461e-68
2.83336e-68
1.05739e-68
3.69879e-69
1.3815e-69
4.83842e-70
1.36075e-70
4.70234e-71
1.54817e-71
4.06179e-72
1.45667e-72
4.05405e-73
1.75944e-73
4.51643e-74
4.92103e-68
7.17639e-69
1.13635e-67
1.59261e-66
2.28671e-65
2.11683e-64
9.31823e-64
2.7721e-63
4.03881e-63
6.28309e-64
7.57531e-66
7.38209e-68
1.53809e-69
1.80272e-67
3.97663e-65
2.3273e-64
1.88204e-64
6.57684e-65
2.35518e-65
1.23156e-65
7.64566e-66
4.5112e-66
2.89121e-66
2.21086e-66
1.82788e-66
1.57567e-66
1.41613e-66
1.34753e-66
1.34178e-66
1.38279e-66
1.47273e-66
1.63834e-66
1.89961e-66
2.32827e-66
3.00746e-66
4.03013e-66
4.95152e-66
4.51225e-66
3.1968e-66
2.54828e-66
2.83442e-66
3.44871e-66
4.62747e-66
4.16855e-66
1.26094e-66
1.28756e-67
5.4652e-68
1.0779e-67
1.41354e-67
1.95762e-67
4.45355e-67
5.91511e-67
3.42557e-67
1.46765e-67
6.13259e-68
3.0231e-68
1.54337e-68
1.04927e-68
7.60664e-69
5.25995e-69
2.50244e-69
8.5492e-70
6.97833e-70
7.90075e-70
6.69531e-70
5.14393e-70
1.41776e-70
3.18532e-71
2.03155e-71
1.58235e-71
2.2819e-71
1.66603e-71
5.68964e-72
1.62601e-72
5.51045e-73
3.07037e-73
2.61975e-73
1.38282e-73
4.40448e-74
1.56926e-74
6.39365e-75
2.47702e-75
2.28033e-75
1.42041e-75
7.88623e-76
2.74013e-76
8.5107e-77
2.71348e-77
9.15815e-78
2.91495e-78
1.03096e-78
3.37448e-79
7.61925e-80
2.05177e-80
5.82434e-81
1.59911e-81
7.30741e-82
2.13943e-82
9.92452e-83
2.21728e-83
4.17443e-75
5.38529e-76
1.51372e-74
4.92447e-73
1.26087e-71
1.64487e-70
8.25149e-70
2.10409e-69
1.78877e-69
1.00111e-70
1.03119e-72
8.86447e-75
2.47799e-76
4.61891e-74
9.69808e-72
9.50948e-71
9.99216e-71
3.79713e-71
1.39931e-71
7.63905e-72
4.7168e-72
2.56014e-72
1.44711e-72
9.60238e-73
6.87784e-73
5.20828e-73
4.17501e-73
3.63562e-73
3.40099e-73
3.36441e-73
3.49191e-73
3.83807e-73
4.41561e-73
5.46269e-73
7.21394e-73
9.90253e-73
1.18707e-72
9.62787e-73
5.79606e-73
4.29487e-73
5.18544e-73
7.18686e-73
1.05026e-72
8.26422e-73
1.46018e-73
6.95579e-75
1.90998e-75
6.12652e-75
1.1954e-74
2.68837e-74
1.03865e-73
1.87624e-73
1.03825e-73
3.78906e-74
1.36039e-74
5.95198e-75
2.83633e-75
2.07559e-75
1.66619e-75
1.10687e-75
3.97347e-76
9.88735e-77
8.28625e-77
1.23799e-76
1.2187e-76
8.59811e-77
1.63018e-77
2.37567e-78
1.45522e-78
1.77191e-78
4.4249e-78
3.9566e-78
1.15743e-78
2.37072e-79
6.18185e-80
3.56919e-80
4.08599e-80
2.44276e-80
5.87276e-81
1.30806e-81
4.30713e-82
1.8252e-82
2.55162e-82
2.28272e-82
1.48571e-82
4.70382e-83
1.24546e-83
3.40668e-84
1.00723e-84
2.82985e-85
9.14734e-86
2.68834e-86
4.75377e-87
9.73259e-88
2.39992e-88
7.30249e-89
4.34071e-89
1.34672e-89
6.51416e-90
1.24891e-90
1.03205e-81
1.88308e-82
7.7631e-81
3.7887e-79
1.26419e-77
1.8944e-76
9.58435e-76
1.94334e-75
9.23374e-76
2.65189e-77
2.43197e-79
1.91658e-81
1.07422e-82
3.01799e-80
5.12747e-78
6.79545e-77
8.95569e-77
3.8322e-77
1.49644e-77
8.38878e-78
5.03782e-78
2.52698e-78
1.28146e-78
7.48189e-79
4.71102e-79
3.16841e-79
2.28958e-79
1.8334e-79
1.61023e-79
1.52332e-79
1.53136e-79
1.64676e-79
1.86129e-79
2.28813e-79
3.02927e-79
4.1386e-79
4.72184e-79
3.43322e-79
1.84166e-79
1.31803e-79
1.69026e-79
2.55581e-79
3.80233e-79
2.48796e-79
2.76945e-80
8.28157e-82
1.6082e-82
7.28451e-82
2.08658e-81
7.60054e-81
4.46595e-80
9.9875e-80
5.25049e-80
1.67892e-80
5.2071e-81
2.03575e-81
9.1098e-82
6.97148e-82
5.93662e-82
3.6719e-82
1.00826e-82
1.93336e-83
1.65303e-83
3.08463e-83
3.39223e-83
2.1265e-83
2.83768e-84
2.88769e-85
1.75896e-85
3.41953e-85
1.38051e-84
1.44538e-84
3.65183e-85
5.52248e-86
1.14501e-86
6.92002e-87
1.02249e-86
6.60174e-87
1.20157e-87
1.71273e-88
4.5885e-89
2.21597e-89
4.66905e-89
5.84344e-89
4.32456e-89
1.23861e-89
2.76716e-90
6.3678e-91
1.60739e-91
3.87983e-92
1.11617e-92
2.88144e-93
3.97001e-94
6.173e-95
1.35543e-95
4.80721e-96
3.77964e-96
1.25317e-96
6.25094e-97
1.03162e-97
3.91601e-88
1.30006e-88
6.82455e-87
3.87761e-85
1.39782e-83
2.11196e-82
9.94593e-82
1.53863e-81
4.24535e-82
8.81627e-84
7.67853e-86
5.59466e-88
9.36108e-89
2.74221e-86
3.73588e-84
5.78023e-83
9.17497e-83
4.47795e-83
1.8762e-83
1.07383e-83
6.23427e-84
2.92312e-84
1.35412e-84
7.0678e-85
3.96798e-85
2.39754e-85
1.57624e-85
1.16513e-85
9.60348e-86
8.6546e-86
8.37107e-86
8.72959e-86
9.58591e-86
1.15406e-85
1.50293e-85
1.99271e-85
2.12722e-85
1.40065e-85
6.92371e-86
4.87291e-86
6.4805e-86
1.02222e-85
1.46745e-85
7.82224e-86
6.08675e-87
1.39975e-88
2.13201e-89
1.22983e-88
5.01507e-88
2.82623e-87
2.27257e-86
5.84876e-86
2.93015e-86
8.41655e-87
2.28312e-87
8.03266e-88
3.37794e-88
2.62762e-88
2.2694e-88
1.27061e-88
2.71629e-89
4.19128e-90
3.59106e-90
7.85745e-90
9.21774e-90
5.00269e-90
4.85542e-91
3.68685e-92
2.30782e-92
7.12721e-92
4.32816e-91
5.12583e-91
1.13535e-91
1.31892e-92
2.25091e-93
1.43125e-93
2.61492e-93
1.74618e-93
2.43589e-94
2.31465e-95
5.0988e-96
2.88368e-96
8.96249e-96
1.51771e-95
1.24399e-95
3.20854e-96
6.00465e-97
1.14117e-97
2.39753e-98
4.8788e-99
1.23474e-99
2.77406e-100
2.9939e-101
3.5832e-102
7.23629e-103
3.12015e-103
3.27715e-103
1.1712e-103
5.99495e-104
8.59266e-105
1.98666e-94
1.32168e-94
7.82489e-93
4.52382e-91
1.5846e-89
2.23137e-88
9.30231e-88
1.08759e-87
1.91315e-88
3.4889e-90
2.96983e-92
2.08191e-94
1.29693e-94
3.14782e-92
3.4913e-90
5.75167e-89
1.05768e-88
5.87794e-89
2.6515e-89
1.54523e-89
8.6773e-90
3.84568e-90
1.65273e-90
7.82867e-91
3.97344e-91
2.18076e-91
1.31595e-91
9.01635e-92
6.97717e-92
5.9727e-92
5.52826e-92
5.54772e-92
5.86176e-92
6.82256e-92
8.60098e-92
1.08597e-91
1.07412e-91
6.46828e-92
3.01278e-92
2.10065e-92
2.83532e-92
4.49923e-92
6.00766e-92
2.61217e-92
1.56876e-93
3.13889e-95
4.14197e-96
2.85507e-95
1.60237e-94
1.31094e-93
1.32043e-92
3.70184e-92
1.77483e-92
4.67036e-93
1.1224e-93
3.57561e-94
1.40842e-94
1.08277e-94
9.11956e-95
4.52164e-95
7.66366e-96
9.80056e-97
8.22211e-97
1.98607e-96
2.37533e-96
1.09348e-96
8.01543e-98
4.79912e-99
3.18865e-99
1.53681e-98
1.31358e-97
1.71186e-97
3.37979e-98
3.14398e-99
4.56541e-100
3.06068e-100
6.63976e-100
4.41724e-100
4.79997e-101
3.19003e-102
5.84809e-103
3.93563e-103
1.74898e-102
3.85936e-102
3.4107e-102
7.86979e-103
1.22313e-103
1.8837e-104
3.23272e-105
5.51428e-106
1.22269e-106
2.3732e-107
2.02732e-108
1.90907e-109
3.67375e-110
1.99224e-110
2.80523e-110
1.08772e-110
5.6973e-111
7.16428e-112
1.24925e-100
1.65227e-100
1.01311e-98
5.55591e-97
1.78425e-95
2.24302e-94
8.06022e-94
7.23821e-94
9.12559e-95
1.60945e-96
1.38277e-98
9.8853e-101
2.15105e-100
4.30169e-98
3.96487e-96
6.58398e-95
1.35627e-94
8.50484e-95
4.12328e-95
2.44429e-95
1.33252e-95
5.6376e-96
2.27717e-96
9.92133e-97
4.61035e-97
2.32123e-97
1.29596e-97
8.26347e-98
6.00801e-98
4.87485e-98
4.29886e-98
4.12411e-98
4.15945e-98
4.62877e-98
5.57604e-98
6.61388e-98
6.02943e-98
3.34699e-98
1.48871e-98
1.02926e-98
1.38442e-98
2.15097e-98
2.61402e-98
9.40489e-99
4.72786e-100
8.8647e-102
1.09905e-102
8.73844e-102
6.53304e-101
7.25894e-100
8.54265e-99
2.50699e-98
1.15489e-98
2.82567e-99
6.08585e-100
1.76349e-100
6.46983e-101
4.79004e-101
3.80615e-101
1.64231e-101
2.24141e-102
2.41566e-103
1.93157e-103
4.87181e-103
5.69223e-103
2.18688e-103
1.25392e-104
6.18796e-106
4.49863e-106
3.30082e-105
3.75582e-104
5.27528e-104
9.44931e-105
7.32517e-106
9.32701e-107
6.58915e-107
1.63792e-106
1.05362e-106
9.07867e-108
4.42065e-109
6.81761e-110
5.49939e-110
3.37171e-109
9.3339e-109
8.65917e-109
1.77075e-109
2.26259e-110
2.78767e-111
3.88386e-112
5.55397e-113
1.07413e-113
1.7918e-114
1.22909e-115
9.35761e-117
1.7802e-117
1.24912e-117
2.35792e-117
9.97429e-118
5.34218e-118
5.95667e-119
9.28109e-107
2.28744e-106
1.37766e-104
6.91632e-103
1.9775e-101
2.17507e-100
6.67805e-100
4.76327e-100
4.79236e-101
8.61843e-103
7.72499e-105
6.20399e-107
4.00622e-106
6.71938e-104
5.25306e-102
8.52393e-101
1.91404e-100
1.33814e-100
6.9426e-101
4.18573e-101
2.22615e-101
9.06823e-102
3.48057e-102
1.41104e-102
6.07047e-103
2.82833e-103
1.47122e-103
8.76297e-104
5.99106e-104
4.59995e-104
3.85116e-104
3.51253e-104
3.35972e-104
3.54146e-104
4.03508e-104
4.45332e-104
3.73194e-104
1.92045e-104
8.21525e-105
5.61705e-105
7.41839e-105
1.10725e-104
1.21196e-104
3.68436e-105
1.6484e-106
3.03226e-108
3.75701e-109
3.38262e-108
3.26633e-107
4.63182e-106
6.04024e-105
1.80385e-104
8.01048e-105
1.84234e-105
3.59055e-106
9.49087e-107
3.22124e-107
2.24401e-107
1.63626e-107
6.0586e-108
6.74113e-109
6.15715e-110
4.55216e-110
1.13944e-109
1.24919e-109
3.95276e-110
1.82486e-111
7.68437e-113
6.29102e-113
6.82954e-112
9.89632e-111
1.4773e-110
2.44455e-111
1.63805e-112
1.87926e-113
1.39693e-113
3.85803e-113
2.34365e-113
1.6308e-114
6.05931e-116
7.92922e-117
7.67122e-117
6.24862e-116
2.09146e-115
1.98383e-115
3.55388e-116
3.71196e-117
3.65206e-118
4.12922e-119
4.94796e-120
8.30914e-121
1.18774e-121
6.65603e-123
4.2219e-124
8.24716e-125
7.67602e-125
1.93824e-124
8.99104e-125
4.92973e-125
4.92664e-126
7.86846e-113
3.30835e-112
1.89839e-110
8.58417e-109
2.16009e-107
2.06829e-106
5.44899e-106
3.21454e-106
2.80714e-107
5.32252e-109
5.12585e-111
5.29703e-113
8.11831e-112
1.16499e-109
7.87261e-108
1.22797e-106
2.94282e-106
2.2655e-106
1.25122e-106
7.67393e-107
4.00252e-107
1.58122e-107
5.82016e-108
2.21723e-108
8.91598e-109
3.87341e-109
1.88852e-109
1.05431e-109
6.78344e-110
4.92206e-110
3.90145e-110
3.36769e-110
3.03935e-110
3.01114e-110
3.21897e-110
3.28344e-110
2.52621e-110
1.20957e-110
4.99102e-111
3.36013e-111
4.30689e-111
6.09821e-111
5.99546e-111
1.57568e-111
6.5588e-113
1.21874e-114
1.57943e-115
1.59564e-114
1.93265e-113
3.31301e-112
4.60216e-111
1.37129e-110
5.88468e-111
1.28233e-111
2.27891e-112
5.50263e-113
1.71549e-113
1.10151e-113
7.20251e-114
2.26243e-114
2.07006e-115
1.59793e-116
1.05698e-116
2.50442e-116
2.4795e-116
6.38687e-117
2.42659e-118
8.94677e-120
8.47459e-120
1.32241e-118
2.35892e-117
3.7134e-117
5.78064e-118
3.46018e-119
3.66629e-120
2.86371e-120
8.55457e-120
4.81713e-120
2.75481e-121
8.07484e-123
9.01711e-124
1.04108e-123
1.08464e-122
4.23613e-122
4.00349e-122
6.2312e-123
5.33883e-124
4.209e-125
3.86117e-126
3.87287e-127
5.62403e-128
6.8845e-129
3.21322e-130
1.75265e-131
3.65481e-132
4.61281e-132
1.55326e-131
7.94307e-132
4.47072e-132
4.04678e-133
7.40114e-119
4.84171e-118
2.60539e-116
1.05597e-114
2.33731e-113
1.95685e-112
4.4812e-112
2.27458e-112
1.83591e-113
3.7503e-115
3.97069e-117
6.12213e-119
1.75374e-117
2.19323e-115
1.30326e-113
1.9395e-112
4.88266e-112
4.09165e-112
2.39266e-112
1.49338e-112
7.67748e-113
2.95943e-113
1.05271e-113
3.8e-114
1.43988e-114
5.87127e-115
2.69677e-115
1.41544e-115
8.57632e-116
5.87464e-116
4.399e-116
3.58047e-116
3.0372e-116
2.80999e-116
2.80072e-116
2.62778e-116
1.85524e-116
8.28315e-117
3.29772e-117
2.1753e-117
2.6821e-117
3.57479e-117
3.1633e-117
7.34783e-118
2.93609e-119
5.61584e-121
7.871e-122
8.88282e-121
1.31267e-119
2.59992e-118
3.73699e-117
1.09602e-116
4.55283e-117
9.45339e-118
1.54115e-118
3.39991e-119
9.66842e-120
5.61887e-120
3.23158e-120
8.52786e-121
6.44747e-122
4.17199e-123
2.38408e-123
5.11037e-123
4.40539e-123
9.12921e-124
2.89702e-125
9.51958e-127
1.06995e-126
2.33671e-125
5.00593e-124
8.28912e-124
1.23643e-124
6.80955e-126
6.81537e-127
5.58772e-127
1.76451e-126
9.07759e-127
4.33395e-128
1.02844e-129
9.82037e-131
1.33946e-130
1.71918e-129
7.56965e-129
6.98277e-129
9.44708e-130
6.69324e-131
4.2437e-132
3.15752e-133
2.64714e-134
3.31256e-135
3.47811e-136
1.38028e-137
6.69168e-139
1.54929e-139
2.70388e-139
1.21069e-138
6.86344e-139
3.98217e-139
3.29792e-140
7.53764e-125
7.04618e-124
3.53302e-122
1.2862e-120
2.519e-119
1.86231e-118
3.77283e-118
1.7072e-118
1.33313e-119
2.97352e-121
3.51754e-123
9.13666e-125
3.97879e-123
4.40845e-121
2.33928e-119
3.31449e-118
8.66596e-118
7.82518e-118
4.82069e-118
3.06347e-118
1.5597e-118
5.89615e-119
2.03998e-119
7.02697e-120
2.52585e-120
9.72275e-121
4.22504e-121
2.09061e-121
1.19357e-121
7.71122e-122
5.44559e-122
4.16714e-122
3.31297e-122
2.84736e-122
2.63297e-122
2.26454e-122
1.46689e-122
6.11339e-123
2.34513e-123
1.50832e-123
1.77712e-123
2.22003e-123
1.7766e-123
3.72067e-124
1.45859e-125
2.90669e-127
4.51562e-128
5.6787e-127
9.97705e-126
2.20135e-124
3.20537e-123
9.16908e-123
3.69078e-123
7.33162e-124
1.10141e-124
2.21838e-125
5.7168e-126
2.95924e-126
1.47259e-126
3.23724e-127
2.02514e-128
1.08575e-129
5.16416e-130
9.58247e-130
6.94281e-130
1.14229e-130
3.05189e-132
9.03296e-134
1.23323e-133
3.68391e-132
9.32353e-131
1.62738e-130
2.36988e-131
1.23344e-132
1.19037e-133
1.02358e-133
3.35125e-133
1.55704e-133
6.28743e-135
1.23109e-136
1.00299e-137
1.59156e-137
2.42558e-136
1.16917e-135
1.04176e-135
1.23266e-136
7.27703e-138
3.72381e-139
2.24625e-140
1.57129e-141
1.68983e-142
1.52759e-143
5.26714e-145
2.34831e-146
6.27996e-147
1.54248e-146
9.16353e-146
5.793e-146
3.4836e-146
2.66499e-147
8.13496e-131
1.01005e-129
4.71751e-128
1.55249e-126
2.71629e-125
1.79632e-124
3.28125e-124
1.36451e-124
1.06491e-125
2.61403e-127
3.49186e-129
1.64693e-130
9.37212e-129
9.3362e-127
4.48587e-125
6.0585e-124
1.6322e-123
1.57442e-123
1.01728e-123
6.58558e-124
3.33485e-124
1.2416e-124
4.20074e-125
1.38927e-125
4.76322e-126
1.73952e-126
7.1769e-127
3.35618e-127
1.80623e-127
1.09977e-127
7.31439e-128
5.25015e-128
3.90398e-128
3.10368e-128
2.65245e-128
2.08601e-128
1.23973e-128
4.82404e-129
1.77896e-129
1.11056e-129
1.24433e-129
1.4541e-129
1.05877e-129
2.03368e-130
7.93945e-132
1.66102e-133
2.91282e-134
4.07367e-133
8.3094e-132
1.98456e-130
2.88298e-129
7.9951e-129
3.12028e-129
5.94685e-130
8.26018e-131
1.5168e-131
3.52127e-132
1.6007e-132
6.79534e-133
1.23532e-133
6.3842e-135
2.79678e-136
1.06444e-136
1.63703e-136
9.62441e-137
1.23777e-137
2.78808e-139
7.46316e-141
1.265e-140
5.07491e-139
1.50389e-137
2.78486e-137
4.03592e-138
2.03439e-139
1.92957e-140
1.7392e-140
5.80779e-140
2.41378e-140
8.32455e-142
1.36253e-143
9.40594e-145
1.70032e-144
2.97635e-143
1.54076e-142
1.32336e-142
1.37867e-143
6.82867e-145
2.83014e-146
1.38331e-147
8.05889e-149
7.43481e-150
5.8201e-151
1.78286e-152
7.56846e-154
2.43329e-154
8.54887e-154
6.72766e-153
4.77248e-153
2.99396e-153
2.13489e-154
9.13141e-137
1.41862e-135
6.19363e-134
1.85902e-132
2.9397e-131
1.76391e-130
2.96001e-130
1.16029e-130
9.25831e-132
2.51149e-133
3.815e-135
3.37708e-136
2.27135e-134
2.06127e-132
9.08111e-131
1.17271e-129
3.23885e-129
3.31317e-129
2.23683e-129
1.47602e-129
7.46342e-130
2.74639e-130
9.12686e-131
2.91359e-131
9.57033e-132
3.33037e-132
1.30838e-132
5.79533e-133
2.941e-133
1.68643e-133
1.05513e-133
7.09084e-134
4.92461e-134
3.60912e-134
2.84218e-134
2.0402e-134
1.1124e-134
4.04046e-135
1.42844e-135
8.62035e-136
9.15329e-136
1.00016e-135
6.66903e-136
1.19183e-136
4.68083e-138
1.0328e-139
2.07235e-140
3.21568e-139
7.45415e-138
1.88487e-136
2.70217e-135
7.23733e-135
2.73919e-135
5.01879e-136
6.46136e-137
1.0797e-137
2.24618e-138
8.85482e-139
3.16806e-139
4.73088e-140
2.01231e-141
7.09393e-143
2.0731e-143
2.52952e-143
1.16415e-143
1.14859e-144
2.17021e-146
5.24154e-148
1.12603e-147
5.98883e-146
2.07398e-144
4.11801e-144
6.0583e-145
3.02609e-146
2.87135e-147
2.71184e-147
9.10812e-147
3.35775e-147
9.95077e-149
1.37163e-150
7.92552e-152
1.5902e-151
3.12175e-150
1.72156e-149
1.42715e-149
1.31681e-150
5.50619e-152
1.85451e-153
7.34061e-155
3.55472e-156
2.81072e-157
1.92007e-158
5.34586e-160
2.23863e-161
9.01168e-162
4.59732e-161
4.78824e-160
3.83669e-160
2.52945e-160
1.69544e-161
1.04932e-142
1.94619e-141
7.99016e-140
2.20992e-138
3.19828e-137
1.76668e-136
2.77151e-136
1.04565e-136
8.66636e-138
2.6024e-139
4.51889e-141
7.54131e-142
5.62233e-140
4.70374e-138
1.92181e-136
2.38308e-135
6.72762e-135
7.25389e-135
5.10132e-135
3.43348e-135
1.73981e-135
6.34647e-136
2.07917e-136
6.43797e-137
2.03299e-137
6.7666e-138
2.53744e-138
1.06671e-138
5.10575e-139
2.7554e-139
1.62016e-139
1.01786e-139
6.5958e-140
4.44416e-140
3.21777e-140
2.10555e-140
1.05314e-140
3.56852e-141
1.20596e-141
7.01009e-142
7.03701e-142
7.19365e-142
4.4207e-142
7.43713e-143
2.9584e-144
6.90162e-146
1.60058e-146
2.74756e-145
7.10244e-144
1.86976e-142
2.62517e-141
6.77548e-141
2.4869e-141
4.38666e-142
5.24392e-143
7.95666e-144
1.47659e-144
4.99187e-145
1.48951e-145
1.81552e-146
6.32342e-148
1.76581e-149
3.79536e-150
3.51351e-150
1.21902e-150
9.02113e-152
1.41342e-153
3.05205e-155
8.47823e-155
5.93702e-153
2.41419e-151
5.21677e-151
7.95488e-152
4.02402e-153
3.88411e-154
3.84283e-154
1.28243e-153
4.16011e-154
1.06197e-155
1.23538e-157
5.86425e-159
1.27267e-158
2.77002e-157
1.62538e-156
1.30278e-156
1.07021e-157
3.79901e-159
1.0432e-160
3.34197e-162
1.34262e-163
9.09905e-165
5.47597e-166
1.41841e-167
6.07427e-169
3.19101e-169
2.39683e-168
3.30301e-167
3.01037e-167
2.10235e-167
1.33501e-168
1.21842e-148
2.60302e-147
1.01235e-145
2.60838e-144
3.49925e-143
1.80475e-142
2.68908e-142
9.93298e-143
8.64478e-144
2.87402e-145
5.73384e-147
1.78067e-147
1.41302e-145
1.1016e-143
4.21741e-142
5.04634e-141
1.45434e-140
1.64445e-140
1.20167e-140
8.25544e-141
4.20594e-141
1.52469e-141
4.93875e-142
1.48996e-142
4.53538e-143
1.44853e-143
5.19503e-144
2.07653e-144
9.3764e-145
4.75909e-145
2.62749e-145
1.54117e-145
9.31134e-146
5.7561e-146
3.82564e-146
2.27997e-146
1.04588e-146
3.30364e-147
1.06413e-147
5.93973e-148
5.62781e-148
5.38835e-148
3.07002e-148
4.90816e-149
1.98629e-150
4.9051e-152
1.32445e-152
2.50602e-151
7.10631e-150
1.92337e-148
2.63101e-147
6.53651e-147
2.32643e-147
3.95452e-148
4.39515e-149
6.04136e-150
9.96205e-151
2.85956e-151
7.05225e-152
6.9722e-153
1.97679e-154
4.30645e-156
6.50972e-157
4.36387e-157
1.09647e-157
5.92396e-159
7.55815e-161
1.43433e-162
5.25704e-162
4.84695e-160
2.34084e-158
5.61212e-158
9.06863e-159
4.74508e-160
4.73342e-161
4.90474e-161
1.6087e-160
4.55418e-161
1.00013e-162
9.78811e-165
3.72701e-166
8.57656e-166
2.06767e-164
1.29203e-163
1.00369e-163
7.37554e-165
2.23376e-166
5.01656e-168
1.29992e-169
4.32434e-171
2.51422e-172
1.34808e-173
3.327e-175
1.51192e-176
1.08131e-176
1.21092e-175
2.20866e-174
2.30658e-174
1.7206e-174
1.04256e-175
1.41477e-154
3.38955e-153
1.25897e-151
3.05561e-150
3.84773e-149
1.87782e-148
2.69543e-148
9.885e-149
9.10244e-150
3.34779e-151
7.72027e-153
4.35843e-153
3.58799e-151
2.63224e-149
9.53246e-148
1.10637e-146
3.25495e-146
3.84321e-146
2.91271e-146
2.04406e-146
1.05026e-146
3.79153e-147
1.21718e-147
3.59286e-148
1.0564e-148
3.24647e-149
1.11534e-149
4.24588e-150
1.80902e-150
8.62978e-151
4.4699e-151
2.44498e-151
1.37641e-151
7.79407e-152
4.74964e-152
2.57677e-152
1.08373e-152
3.18839e-153
9.76218e-154
5.2183e-154
4.66193e-154
4.18668e-154
2.22369e-154
3.40404e-155
1.40544e-156
3.67507e-158
1.16132e-158
2.41178e-157
7.39722e-156
2.03935e-154
2.70885e-153
6.47631e-153
2.23472e-153
3.66313e-154
3.78877e-155
4.70677e-156
6.87343e-157
1.66047e-157
3.35835e-158
2.6765e-159
6.13948e-161
1.02908e-162
1.04446e-163
4.82496e-164
8.40697e-165
3.21177e-166
3.25423e-168
5.28028e-170
2.60805e-169
3.19097e-167
1.86424e-165
5.0799e-165
8.90881e-166
4.9237e-167
5.15336e-168
5.59065e-168
1.7839e-167
4.36734e-168
8.20901e-170
6.70247e-172
1.99796e-173
4.82041e-173
1.29224e-171
8.61508e-171
6.50665e-171
4.29552e-172
1.11489e-173
2.05381e-175
4.30241e-177
1.18294e-178
5.91122e-180
2.86041e-181
6.89318e-183
3.45408e-184
3.51169e-184
5.92806e-183
1.43225e-181
1.72724e-181
1.38798e-181
8.07773e-183
1.62937e-160
4.29219e-159
1.53562e-157
3.54962e-156
4.24641e-155
1.98559e-154
2.78047e-154
1.0241e-154
1.00305e-155
4.07625e-157
1.09507e-158
1.09079e-158
9.1678e-157
6.38594e-155
2.2066e-153
2.4976e-152
7.5074e-152
9.22293e-152
7.23985e-152
5.19422e-152
2.69924e-152
9.72168e-153
3.09862e-153
8.98527e-154
2.55598e-154
7.5757e-155
2.49638e-155
9.06359e-156
3.6448e-156
1.63306e-156
7.92907e-157
4.03997e-157
2.11776e-157
1.09722e-157
6.12608e-158
3.02489e-158
1.16585e-158
3.19204e-159
9.26676e-160
4.73277e-160
3.9845e-160
3.36184e-160
1.67283e-160
2.46668e-161
1.04082e-162
2.88131e-164
1.06914e-164
2.42556e-163
7.9507e-162
2.21757e-160
2.85437e-159
6.56902e-159
2.19733e-159
3.47467e-160
3.34706e-161
3.74907e-162
4.83484e-163
9.75399e-164
1.60695e-164
1.02615e-165
1.89317e-167
2.41395e-169
1.56878e-170
4.73219e-171
5.45446e-172
1.41976e-173
1.10618e-175
1.47176e-177
1.00222e-176
1.65555e-174
1.20088e-172
3.83074e-172
7.4839e-173
4.46225e-174
4.97216e-175
5.64417e-175
1.73471e-174
3.63417e-175
5.79362e-177
3.90165e-179
8.91457e-181
2.2455e-180
6.72796e-179
4.80019e-178
3.53859e-178
2.107e-179
4.70518e-181
7.12976e-183
1.20687e-184
2.73772e-186
1.17891e-187
5.22334e-189
1.2611e-190
7.25133e-192
1.09507e-191
2.81288e-190
9.01305e-189
1.26535e-188
1.1048e-188
6.21219e-190
1.84891e-166
5.27964e-165
1.83543e-163
4.08393e-162
4.69463e-161
2.12754e-160
2.93913e-160
1.0977e-160
1.14787e-161
5.14735e-163
1.62702e-164
2.76442e-164
2.34921e-162
1.56651e-160
5.20577e-159
5.77671e-158
1.77686e-157
2.26445e-157
1.8395e-157
1.3504e-157
7.11633e-158
2.56088e-158
8.11636e-159
2.32088e-159
6.39479e-160
1.83156e-160
5.79515e-161
2.00929e-161
7.62869e-162
3.20803e-162
1.45903e-162
6.91681e-163
3.3739e-163
1.59769e-163
8.16885e-164
3.67111e-164
1.29598e-164
3.29933e-165
9.06132e-166
4.41265e-166
3.50004e-166
2.77928e-166
1.30141e-166
1.85744e-167
8.01765e-169
2.34867e-170
1.02536e-170
2.52865e-169
8.76924e-168
2.46215e-166
3.06798e-165
6.80155e-165
2.20506e-165
3.36477e-166
3.02002e-167
3.04373e-168
3.45797e-169
5.78595e-170
7.71919e-171
3.92675e-172
5.79632e-174
5.57779e-176
2.21402e-177
4.10709e-178
2.97504e-179
5.06107e-181
2.91688e-183
2.98672e-185
2.87285e-184
6.59525e-182
6.15041e-180
2.38059e-179
5.33289e-180
3.50579e-181
4.21804e-182
5.00531e-182
1.46656e-181
2.5961e-182
3.46292e-184
1.9046e-186
3.28377e-188
8.6128e-188
2.90257e-186
2.22608e-185
1.60929e-185
8.67412e-187
1.6724e-188
2.08998e-190
2.85757e-192
5.33881e-194
1.98794e-195
8.19547e-197
2.03718e-198
1.40129e-199
3.2865e-199
1.29447e-197
5.50862e-196
9.07908e-196
8.68635e-196
4.74411e-197
1.75028e-172
5.37183e-171
1.83291e-169
3.96996e-168
4.44002e-167
1.97416e-166
2.72014e-166
1.03902e-166
1.16383e-167
5.75875e-169
2.16798e-170
6.04223e-170
5.16106e-168
3.32758e-166
1.0773e-164
1.18372e-163
3.71243e-163
4.87925e-163
4.07109e-163
3.07804e-163
1.65567e-163
5.956e-164
1.87939e-164
5.33132e-165
1.4233e-165
3.94319e-166
1.20081e-166
3.97815e-167
1.42624e-167
5.6249e-168
2.39333e-168
1.05678e-168
4.79181e-169
2.0705e-169
9.69424e-170
3.96735e-170
1.28119e-170
3.02807e-171
7.84874e-172
3.63772e-172
2.7173e-172
2.03312e-172
8.98891e-173
1.24602e-173
5.50658e-175
1.70724e-176
8.77594e-177
2.33988e-175
8.51883e-174
2.39978e-172
2.89281e-171
6.18402e-171
1.9447e-171
2.86739e-172
2.40153e-173
2.17369e-174
2.17258e-175
3.00067e-176
3.22871e-177
1.29938e-178
1.52746e-180
1.10588e-182
2.56772e-184
2.73319e-185
1.17634e-186
1.25075e-188
5.11477e-191
3.66277e-193
5.05861e-192
1.68527e-189
2.1162e-187
1.03834e-186
2.75517e-187
2.04332e-188
2.69192e-189
3.33488e-189
9.21553e-189
1.3571e-189
1.49019e-191
6.65328e-194
8.56535e-196
2.32939e-195
8.90065e-194
7.38116e-193
5.26362e-193
2.57707e-194
4.30342e-196
4.44573e-198
4.90747e-200
7.53825e-202
2.43668e-203
9.51e-205
2.50563e-206
2.15371e-207
8.20301e-207
4.98221e-205
2.82038e-203
5.50742e-203
5.82618e-203
3.10431e-204
4.52594e-255
4.52594e-255
4.52594e-255
4.52594e-255
4.52594e-255
4.52594e-255
4.5259e-255
4.52567e-255
4.52386e-255
4.51413e-255
4.49066e-255
4.45483e-255
4.40029e-255
4.30473e-255
4.14643e-255
3.91907e-255
3.63893e-255
3.32375e-255
2.98847e-255
2.60525e-255
2.09807e-255
1.48442e-255
9.19694e-256
4.97693e-256
2.34854e-256
9.65522e-257
3.90584e-257
8.78152e-252
3.88668e-247
3.66256e-244
1.41927e-242
2.24849e-241
1.44002e-240
3.12097e-240
3.10365e-240
1.88309e-240
8.04266e-241
2.76915e-241
1.02181e-241
4.70932e-242
2.27537e-242
1.04373e-242
4.53249e-243
1.8569e-243
7.26999e-244
2.83298e-244
1.16571e-244
5.5941e-245
4.65472e-244
5.33546e-242
4.52594e-255
4.52594e-255
4.52594e-255
4.52594e-255
4.52594e-255
4.52594e-255
4.5259e-255
4.52567e-255
4.52386e-255
4.51412e-255
4.49064e-255
4.45479e-255
4.40023e-255
4.30464e-255
4.14627e-255
3.91883e-255
3.63863e-255
3.32341e-255
2.9881e-255
2.60493e-255
2.09779e-255
1.48411e-255
9.19429e-256
4.97504e-256
2.3474e-256
9.64934e-257
3.90344e-257
8.78511e-252
3.88824e-247
3.66401e-244
1.41981e-242
2.24932e-241
1.44051e-240
3.12166e-240
3.10364e-240
1.88256e-240
8.03771e-241
2.76654e-241
1.02086e-241
4.70595e-242
2.27377e-242
1.04292e-242
4.52863e-243
1.85514e-243
7.2625e-244
2.82998e-244
1.16456e-244
5.58983e-245
4.65766e-244
5.33931e-242
4.52594e-255
4.52594e-255
4.52594e-255
4.52594e-255
4.52594e-255
4.52594e-255
4.5259e-255
4.52567e-255
4.52386e-255
4.51411e-255
4.49062e-255
4.45476e-255
4.40018e-255
4.30455e-255
4.14612e-255
3.9186e-255
3.63834e-255
3.32307e-255
2.98774e-255
2.60461e-255
2.09752e-255
1.48382e-255
9.19178e-256
4.97325e-256
2.34632e-256
9.6438e-257
3.90119e-257
8.78849e-252
3.88971e-247
3.66538e-244
1.42033e-242
2.2501e-241
1.44096e-240
3.1223e-240
3.10363e-240
1.88205e-240
8.03299e-241
2.76405e-241
1.01996e-241
4.70272e-242
2.27222e-242
1.04214e-242
4.5249e-243
1.85345e-243
7.25527e-244
2.82709e-244
1.16345e-244
5.58571e-245
4.6605e-244
5.34303e-242
4.52594e-255
4.52594e-255
4.52594e-255
4.52594e-255
4.52594e-255
4.52594e-255
4.5259e-255
4.52567e-255
4.52385e-255
4.5141e-255
4.4906e-255
4.45473e-255
4.40013e-255
4.30446e-255
4.14597e-255
3.91837e-255
3.63805e-255
3.32274e-255
2.98739e-255
2.6043e-255
2.09726e-255
1.48354e-255
9.18939e-256
4.97156e-256
2.3453e-256
9.63862e-257
3.89909e-257
8.79165e-252
3.89109e-247
3.66666e-244
1.42081e-242
2.25084e-241
1.44139e-240
3.12291e-240
3.10363e-240
1.88158e-240
8.02854e-241
2.76168e-241
1.0191e-241
4.69963e-242
2.27074e-242
1.04139e-242
4.52132e-243
1.85182e-243
7.24833e-244
2.82431e-244
1.16238e-244
5.58175e-245
4.66324e-244
5.34663e-242
4.52594e-255
4.52594e-255
4.52594e-255
4.52594e-255
4.52594e-255
4.52594e-255
4.5259e-255
4.52567e-255
4.52385e-255
4.51409e-255
4.49058e-255
4.45469e-255
4.40008e-255
4.30437e-255
4.14582e-255
3.91815e-255
3.63777e-255
3.32242e-255
2.98704e-255
2.604e-255
2.09701e-255
1.48327e-255
9.18715e-256
4.96997e-256
2.34436e-256
9.63379e-257
3.89713e-257
8.79459e-252
3.89237e-247
3.66785e-244
1.42126e-242
2.25152e-241
1.4418e-240
3.12347e-240
3.10362e-240
1.88113e-240
8.02433e-241
2.75945e-241
1.01829e-241
4.69667e-242
2.26932e-242
1.04068e-242
4.51789e-243
1.85026e-243
7.24168e-244
2.82165e-244
1.16136e-244
5.57796e-245
4.66586e-244
5.35008e-242
4.52594e-255
4.52594e-255
4.52594e-255
4.52594e-255
4.52594e-255
4.52594e-255
4.5259e-255
4.52567e-255
4.52385e-255
4.51409e-255
4.49056e-255
4.45466e-255
4.40003e-255
4.30429e-255
4.14567e-255
3.91794e-255
3.63749e-255
3.3221e-255
2.9867e-255
2.6037e-255
2.09677e-255
1.48302e-255
9.18504e-256
4.96849e-256
2.34348e-256
9.62932e-257
3.89533e-257
8.79731e-252
3.89355e-247
3.66895e-244
1.42167e-242
2.25216e-241
1.44217e-240
3.124e-240
3.10361e-240
1.88072e-240
8.02039e-241
2.75735e-241
1.01752e-241
4.69387e-242
2.26797e-242
1.04e-242
4.51462e-243
1.84878e-243
7.23533e-244
2.81911e-244
1.16039e-244
5.57433e-245
4.66838e-244
5.35339e-242
4.52594e-255
4.52594e-255
4.52594e-255
4.52594e-255
4.52594e-255
4.52594e-255
4.5259e-255
4.52567e-255
4.52385e-255
4.51408e-255
4.49053e-255
4.45463e-255
4.39999e-255
4.30421e-255
4.14553e-255
3.91773e-255
3.63722e-255
3.32179e-255
2.98637e-255
2.60342e-255
2.09654e-255
1.48278e-255
9.18307e-256
4.96712e-256
2.34267e-256
9.62521e-257
3.89366e-257
8.79981e-252
3.89464e-247
3.66997e-244
1.42205e-242
2.25275e-241
1.44251e-240
3.12449e-240
3.1036e-240
1.88033e-240
8.01672e-241
2.75538e-241
1.01679e-241
4.69121e-242
2.26668e-242
1.03935e-242
4.51152e-243
1.84737e-243
7.2293e-244
2.8167e-244
1.15946e-244
5.57089e-245
4.67077e-244
5.35654e-242
4.52594e-255
4.52594e-255
4.52594e-255
4.52594e-255
4.52594e-255
4.52594e-255
4.5259e-255
4.52567e-255
4.52385e-255
4.51407e-255
4.49051e-255
4.4546e-255
4.39994e-255
4.30413e-255
4.1454e-255
3.91753e-255
3.63697e-255
3.3215e-255
2.98605e-255
2.60315e-255
2.09633e-255
1.48256e-255
9.18125e-256
4.96586e-256
2.34193e-256
9.62146e-257
3.89215e-257
8.80209e-252
3.89563e-247
3.67089e-244
1.4224e-242
2.25328e-241
1.44283e-240
3.12493e-240
3.1036e-240
1.87997e-240
8.01331e-241
2.75354e-241
1.01612e-241
4.68871e-242
2.26547e-242
1.03873e-242
4.50859e-243
1.84603e-243
7.22359e-244
2.81441e-244
1.15858e-244
5.56763e-245
4.67304e-244
5.35952e-242
4.52594e-255
4.52594e-255
4.52594e-255
4.52594e-255
4.52594e-255
4.52594e-255
4.5259e-255
4.52567e-255
4.52385e-255
4.51406e-255
4.4905e-255
4.45457e-255
4.3999e-255
4.30405e-255
4.14527e-255
3.91733e-255
3.63672e-255
3.32121e-255
2.98574e-255
2.60289e-255
2.09612e-255
1.48235e-255
9.17957e-256
4.96471e-256
2.34125e-256
9.61806e-257
3.89078e-257
8.80415e-252
3.89653e-247
3.67174e-244
1.42272e-242
2.25377e-241
1.44311e-240
3.12534e-240
3.10359e-240
1.87964e-240
8.01017e-241
2.75185e-241
1.01549e-241
4.68637e-242
2.26432e-242
1.03816e-242
4.50583e-243
1.84478e-243
7.21823e-244
2.81227e-244
1.15776e-244
5.56456e-245
4.67518e-244
5.36233e-242
4.52594e-255
4.52594e-255
4.52594e-255
4.52594e-255
4.52594e-255
4.52594e-255
4.5259e-255
4.52567e-255
4.52385e-255
4.51405e-255
4.49048e-255
4.45454e-255
4.39986e-255
4.30398e-255
4.14515e-255
3.91715e-255
3.63648e-255
3.32094e-255
2.98544e-255
2.60264e-255
2.09594e-255
1.48216e-255
9.17804e-256
4.96367e-256
2.34064e-256
9.61501e-257
3.88955e-257
8.80601e-252
3.89734e-247
3.67249e-244
1.42301e-242
2.25421e-241
1.44337e-240
3.12571e-240
3.10359e-240
1.87934e-240
8.0073e-241
2.75029e-241
1.01491e-241
4.68419e-242
2.26325e-242
1.03762e-242
4.50325e-243
1.8436e-243
7.21321e-244
2.81026e-244
1.15698e-244
5.5617e-245
4.67719e-244
5.36497e-242
4.52594e-255
4.52594e-255
4.52594e-255
4.52594e-255
4.52594e-255
4.52594e-255
4.5259e-255
4.52567e-255
4.52384e-255
4.51405e-255
4.49046e-255
4.45451e-255
4.39982e-255
4.30392e-255
4.14504e-255
3.91698e-255
3.63626e-255
3.32068e-255
2.98515e-255
2.6024e-255
2.09576e-255
1.48199e-255
9.17666e-256
4.96274e-256
2.3401e-256
9.61228e-257
3.88845e-257
8.80766e-252
3.89807e-247
3.67317e-244
1.42326e-242
2.25461e-241
1.44361e-240
3.12604e-240
3.10358e-240
1.87907e-240
8.0047e-241
2.74887e-241
1.01438e-241
4.68217e-242
2.26226e-242
1.03712e-242
4.50086e-243
1.84251e-243
7.20855e-244
2.80839e-244
1.15627e-244
5.55903e-245
4.67905e-244
5.36743e-242
4.52594e-255
4.52594e-255
4.52594e-255
4.52594e-255
4.52594e-255
4.52594e-255
4.5259e-255
4.52566e-255
4.52384e-255
4.51404e-255
4.49044e-255
4.45449e-255
4.39979e-255
4.30386e-255
4.14494e-255
3.91682e-255
3.63605e-255
3.32043e-255
2.98489e-255
2.60218e-255
2.0956e-255
1.48183e-255
9.17542e-256
4.96191e-256
2.33962e-256
9.60988e-257
3.88749e-257
8.80912e-252
3.8987e-247
3.67376e-244
1.42349e-242
2.25496e-241
1.44381e-240
3.12634e-240
3.10358e-240
1.87883e-240
8.00236e-241
2.74758e-241
1.01389e-241
4.68032e-242
2.26134e-242
1.03666e-242
4.49865e-243
1.84151e-243
7.20425e-244
2.80667e-244
1.15561e-244
5.55658e-245
4.68078e-244
5.36969e-242
4.52594e-255
4.52594e-255
4.52594e-255
4.52594e-255
4.52594e-255
4.52594e-255
4.5259e-255
4.52566e-255
4.52384e-255
4.51403e-255
4.49043e-255
4.45446e-255
4.39975e-255
4.3038e-255
4.14484e-255
3.91668e-255
3.63586e-255
3.3202e-255
2.98463e-255
2.60197e-255
2.09546e-255
1.48169e-255
9.17432e-256
4.96118e-256
2.3392e-256
9.60779e-257
3.88664e-257
8.81039e-252
3.89926e-247
3.67429e-244
1.42369e-242
2.25526e-241
1.44399e-240
3.1266e-240
3.10357e-240
1.87862e-240
8.00028e-241
2.74643e-241
1.01346e-241
4.67863e-242
2.26049e-242
1.03623e-242
4.49663e-243
1.84059e-243
7.20032e-244
2.8051e-244
1.155e-244
5.55433e-245
4.68235e-244
5.37177e-242
4.52594e-255
4.52594e-255
4.52594e-255
4.52594e-255
4.52594e-255
4.52594e-255
4.5259e-255
4.52566e-255
4.52384e-255
4.51403e-255
4.49041e-255
4.45444e-255
4.39973e-255
4.30375e-255
4.14476e-255
3.91655e-255
3.63568e-255
3.31999e-255
2.9844e-255
2.60177e-255
2.09533e-255
1.48157e-255
9.17336e-256
4.96055e-256
2.33884e-256
9.60598e-257
3.88592e-257
8.81149e-252
3.89974e-247
3.67474e-244
1.42386e-242
2.25553e-241
1.44415e-240
3.12682e-240
3.10357e-240
1.87843e-240
7.99844e-241
2.74541e-241
1.01307e-241
4.67711e-242
2.25973e-242
1.03585e-242
4.4948e-243
1.83976e-243
7.19677e-244
2.80368e-244
1.15446e-244
5.5523e-245
4.68378e-244
5.37365e-242
4.52594e-255
4.52594e-255
4.52594e-255
4.52594e-255
4.52594e-255
4.52594e-255
4.5259e-255
4.52566e-255
4.52384e-255
4.51402e-255
4.4904e-255
4.45442e-255
4.3997e-255
4.30371e-255
4.14468e-255
3.91643e-255
3.63553e-255
3.3198e-255
2.98418e-255
2.6016e-255
2.09522e-255
1.48146e-255
9.17254e-256
4.96001e-256
2.33853e-256
9.60445e-257
3.8853e-257
8.81242e-252
3.90015e-247
3.67512e-244
1.424e-242
2.25575e-241
1.44429e-240
3.12702e-240
3.10356e-240
1.87827e-240
7.99685e-241
2.74453e-241
1.01273e-241
4.67575e-242
2.25904e-242
1.03551e-242
4.49317e-243
1.83901e-243
7.19359e-244
2.8024e-244
1.15397e-244
5.55048e-245
4.68506e-244
5.37534e-242
4.52594e-255
4.52594e-255
4.52594e-255
4.52594e-255
4.52594e-255
4.52594e-255
4.5259e-255
4.52566e-255
4.52384e-255
4.51402e-255
4.49039e-255
4.45441e-255
4.39968e-255
4.30367e-255
4.14461e-255
3.91633e-255
3.63538e-255
3.31963e-255
2.98398e-255
2.60144e-255
2.09512e-255
1.48136e-255
9.17184e-256
4.95955e-256
2.33827e-256
9.60317e-257
3.88479e-257
8.81319e-252
3.90049e-247
3.67544e-244
1.42413e-242
2.25594e-241
1.4444e-240
3.12718e-240
3.10356e-240
1.87813e-240
7.99549e-241
2.74376e-241
1.01243e-241
4.67455e-242
2.25843e-242
1.03521e-242
4.49173e-243
1.83836e-243
7.19078e-244
2.80128e-244
1.15354e-244
5.54888e-245
4.68619e-244
5.37683e-242
4.52594e-255
4.52594e-255
4.52594e-255
4.52594e-255
4.52594e-255
4.52594e-255
4.5259e-255
4.52566e-255
4.52384e-255
4.51401e-255
4.49038e-255
4.45439e-255
4.39966e-255
4.30364e-255
4.14456e-255
3.91624e-255
3.63526e-255
3.31947e-255
2.9838e-255
2.6013e-255
2.09504e-255
1.48129e-255
9.17127e-256
4.95918e-256
2.33806e-256
9.60212e-257
3.88437e-257
8.81383e-252
3.90077e-247
3.6757e-244
1.42423e-242
2.2561e-241
1.44449e-240
3.12732e-240
3.10356e-240
1.87801e-240
7.99435e-241
2.74311e-241
1.01218e-241
4.67352e-242
2.2579e-242
1.03494e-242
4.49047e-243
1.83779e-243
7.18835e-244
2.80031e-244
1.15316e-244
5.54749e-245
4.68717e-244
5.37812e-242
4.52594e-255
4.52594e-255
4.52594e-255
4.52594e-255
4.52594e-255
4.52594e-255
4.5259e-255
4.52566e-255
4.52384e-255
4.51401e-255
4.49037e-255
4.45438e-255
4.39964e-255
4.30361e-255
4.14451e-255
3.91616e-255
3.63515e-255
3.31934e-255
2.98364e-255
2.60117e-255
2.09497e-255
1.48122e-255
9.1708e-256
4.95888e-256
2.33789e-256
9.60128e-257
3.88403e-257
8.81434e-252
3.90099e-247
3.67591e-244
1.42431e-242
2.25623e-241
1.44457e-240
3.12743e-240
3.10356e-240
1.87792e-240
7.99341e-241
2.74257e-241
1.01197e-241
4.67264e-242
2.25745e-242
1.03472e-242
4.48941e-243
1.8373e-243
7.18628e-244
2.79948e-244
1.15285e-244
5.54631e-245
4.68801e-244
5.37922e-242
4.52594e-255
4.52594e-255
4.52594e-255
4.52594e-255
4.52594e-255
4.52594e-255
4.5259e-255
4.52566e-255
4.52384e-255
4.51401e-255
4.49036e-255
4.45437e-255
4.39963e-255
4.30359e-255
4.14447e-255
3.9161e-255
3.63507e-255
3.31923e-255
2.98351e-255
2.60107e-255
2.09491e-255
1.48117e-255
9.17044e-256
4.95865e-256
2.33776e-256
9.60063e-257
3.88377e-257
8.81474e-252
3.90117e-247
3.67608e-244
1.42437e-242
2.25633e-241
1.44463e-240
3.12752e-240
3.10356e-240
1.87784e-240
7.99265e-241
2.74214e-241
1.0118e-241
4.67191e-242
2.25707e-242
1.03453e-242
4.48852e-243
1.8369e-243
7.18456e-244
2.79879e-244
1.15258e-244
5.54533e-245
4.6887e-244
5.38013e-242
4.52594e-255
4.52594e-255
4.52594e-255
4.52594e-255
4.52594e-255
4.52594e-255
4.5259e-255
4.52566e-255
4.52383e-255
4.514e-255
4.49036e-255
4.45437e-255
4.39962e-255
4.30357e-255
4.14444e-255
3.91605e-255
3.635e-255
3.31913e-255
2.98339e-255
2.60098e-255
2.09487e-255
1.48114e-255
9.17017e-256
4.95847e-256
2.33766e-256
9.60014e-257
3.88357e-257
8.81504e-252
3.9013e-247
3.67621e-244
1.42442e-242
2.2564e-241
1.44467e-240
3.12758e-240
3.10356e-240
1.87778e-240
7.99206e-241
2.7418e-241
1.01166e-241
4.67132e-242
2.25676e-242
1.03438e-242
4.48781e-243
1.83658e-243
7.18319e-244
2.79824e-244
1.15237e-244
5.54454e-245
4.68925e-244
5.38086e-242
4.52594e-255
4.52594e-255
4.52594e-255
4.52594e-255
4.52594e-255
4.52594e-255
4.5259e-255
4.52566e-255
4.52383e-255
4.514e-255
4.49035e-255
4.45436e-255
4.39961e-255
4.30356e-255
4.14442e-255
3.91601e-255
3.63494e-255
3.31906e-255
2.9833e-255
2.60091e-255
2.09484e-255
1.48111e-255
9.16997e-256
4.95835e-256
2.33759e-256
9.59978e-257
3.88343e-257
8.81526e-252
3.9014e-247
3.6763e-244
1.42446e-242
2.25646e-241
1.44471e-240
3.12763e-240
3.10355e-240
1.87774e-240
7.99162e-241
2.74155e-241
1.01156e-241
4.67087e-242
2.25652e-242
1.03426e-242
4.48726e-243
1.83633e-243
7.18213e-244
2.79782e-244
1.15221e-244
5.54394e-245
4.68968e-244
5.38142e-242
4.52594e-255
4.52594e-255
4.52594e-255
4.52594e-255
4.52594e-255
4.52594e-255
4.5259e-255
4.52566e-255
4.52383e-255
4.514e-255
4.49035e-255
4.45436e-255
4.39961e-255
4.30355e-255
4.1444e-255
3.91599e-255
3.6349e-255
3.31901e-255
2.98323e-255
2.60086e-255
2.09482e-255
1.48109e-255
9.16984e-256
4.95826e-256
2.33754e-256
9.59954e-257
3.88333e-257
8.81541e-252
3.90146e-247
3.67636e-244
1.42448e-242
2.2565e-241
1.44473e-240
3.12767e-240
3.10355e-240
1.87771e-240
7.99131e-241
2.74136e-241
1.01149e-241
4.67054e-242
2.25634e-242
1.03418e-242
4.48687e-243
1.83615e-243
7.18136e-244
2.79752e-244
1.15209e-244
5.5435e-245
4.68999e-244
5.38183e-242
4.52594e-255
4.52594e-255
4.52594e-255
4.52594e-255
4.52594e-255
4.52594e-255
4.5259e-255
4.52566e-255
4.52383e-255
4.514e-255
4.49035e-255
4.45435e-255
4.3996e-255
4.30354e-255
4.14439e-255
3.91597e-255
3.63488e-255
3.31897e-255
2.98318e-255
2.60082e-255
2.09481e-255
1.48108e-255
9.16976e-256
4.95821e-256
2.33751e-256
9.59939e-257
3.88327e-257
8.81551e-252
3.90151e-247
3.6764e-244
1.4245e-242
2.25652e-241
1.44475e-240
3.12769e-240
3.10355e-240
1.87769e-240
7.9911e-241
2.74124e-241
1.01144e-241
4.67032e-242
2.25622e-242
1.03412e-242
4.48661e-243
1.83603e-243
7.18086e-244
2.79732e-244
1.15201e-244
5.54322e-245
4.69019e-244
5.3821e-242
4.52594e-255
4.52594e-255
4.52594e-255
4.52594e-255
4.52594e-255
4.52594e-255
4.5259e-255
4.52566e-255
4.52383e-255
4.514e-255
4.49035e-255
4.45435e-255
4.3996e-255
4.30354e-255
4.14439e-255
3.91596e-255
3.63486e-255
3.31895e-255
2.98315e-255
2.6008e-255
2.0948e-255
1.48108e-255
9.16972e-256
4.95818e-256
2.3375e-256
9.5993e-257
3.88323e-257
8.81557e-252
3.90153e-247
3.67643e-244
1.42451e-242
2.25654e-241
1.44476e-240
3.1277e-240
3.10355e-240
1.87768e-240
7.99098e-241
2.74117e-241
1.01141e-241
4.67019e-242
2.25615e-242
1.03409e-242
4.48646e-243
1.83597e-243
7.18058e-244
2.7972e-244
1.15197e-244
5.54306e-245
4.69031e-244
5.38225e-242
4.52594e-255
4.52594e-255
4.52594e-255
4.52594e-255
4.52594e-255
4.52594e-255
4.5259e-255
4.52566e-255
4.52383e-255
4.514e-255
4.49035e-255
4.45435e-255
4.3996e-255
4.30354e-255
4.14439e-255
3.91596e-255
3.63486e-255
3.31894e-255
2.98314e-255
2.60079e-255
2.0948e-255
1.48107e-255
9.1697e-256
4.95817e-256
2.33749e-256
9.59926e-257
3.88322e-257
8.81559e-252
3.90154e-247
3.67644e-244
1.42451e-242
2.25655e-241
1.44476e-240
3.12771e-240
3.10355e-240
1.87767e-240
7.99092e-241
2.74114e-241
1.0114e-241
4.67013e-242
2.25613e-242
1.03408e-242
4.4864e-243
1.83594e-243
7.18047e-244
2.79716e-244
1.15195e-244
5.54299e-245
4.69035e-244
5.38231e-242
1.16151e-239
1.58014e-237
1.44338e-234
3.86839e-230
9.53331e-226
2.00695e-221
3.55673e-217
5.25782e-213
6.40755e-209
6.28246e-205
4.83394e-201
2.80159e-197
1.19803e-193
4.30041e-190
6.29398e-186
2.36241e-180
3.0021e-176
9.20409e-173
5.21683e-169
3.40138e-165
2.33757e-161
1.56389e-157
9.60676e-154
5.0118e-150
1.96267e-146
4.69541e-143
4.83621e-140
1.05191e-137
3.16164e-138
2.51858e-139
7.59385e-141
1.77907e-142
4.17672e-144
1.0339e-145
2.70695e-147
7.47902e-149
2.17549e-150
6.64857e-152
2.13101e-153
7.15209e-155
2.51068e-156
9.21051e-158
3.52787e-159
1.40965e-160
5.87145e-162
2.54599e-163
1.14883e-164
5.3914e-166
2.62373e-167
1.24779e-168
1.1621e-239
1.53979e-237
9.3974e-236
2.26764e-232
5.60484e-228
1.21935e-223
2.2328e-219
3.41054e-215
4.29693e-211
4.36375e-207
3.49258e-203
2.12345e-199
9.54907e-196
3.35032e-192
4.09644e-188
1.56882e-182
1.9067e-178
5.54983e-175
3.00031e-171
1.85705e-167
1.20474e-163
7.60513e-160
4.39424e-156
2.13749e-152
7.71113e-149
1.67745e-145
1.55308e-142
3.04073e-140
1.01687e-140
8.70895e-142
2.8469e-143
6.99403e-145
1.69398e-146
4.31407e-148
1.16247e-149
3.30773e-151
9.91531e-153
3.12464e-154
1.03328e-155
3.57967e-157
1.29747e-158
4.91611e-160
1.94532e-161
8.03159e-163
3.45663e-164
1.54922e-165
7.22634e-167
3.50692e-168
1.76984e-169
9.26922e-171
1.16278e-239
1.54054e-237
8.66085e-236
7.77375e-234
2.365e-230
5.27259e-226
9.91603e-222
1.55104e-217
1.9941e-213
2.05732e-209
1.66379e-205
1.01534e-201
4.58161e-198
1.73446e-194
2.35998e-190
8.50324e-185
1.01365e-180
2.89551e-177
1.53811e-173
9.25177e-170
5.78562e-166
3.50434e-162
1.92611e-158
8.80995e-155
2.94787e-151
5.8693e-148
4.92335e-145
8.77762e-143
3.27418e-143
3.03714e-144
1.08243e-145
2.80116e-147
7.009e-149
1.8364e-150
5.09138e-152
1.49151e-153
4.60587e-155
1.49609e-156
5.10205e-158
1.82365e-159
6.82249e-161
2.66841e-162
1.09028e-163
4.64875e-165
2.06636e-166
9.56598e-168
4.60959e-169
2.31106e-170
1.20513e-171
6.53328e-173
1.16344e-239
1.54148e-237
8.66355e-236
6.88646e-234
1.94527e-232
1.96387e-228
3.79464e-224
6.08498e-220
7.98956e-216
8.37643e-212
6.84211e-208
4.18606e-204
1.89969e-200
7.93254e-197
1.1962e-192
4.08494e-187
4.81758e-183
1.36487e-179
7.19455e-176
4.25086e-172
2.59513e-168
1.52335e-164
8.03142e-161
3.48016e-157
1.08775e-153
1.99701e-150
1.53143e-147
2.51142e-145
1.04617e-145
1.05768e-146
4.12924e-148
1.13122e-149
2.93006e-151
7.89972e-153
2.25302e-154
6.79317e-156
2.16033e-157
7.23024e-159
2.5417e-160
9.36875e-162
3.61577e-163
1.45936e-164
6.15333e-166
2.70811e-167
1.24257e-168
5.93825e-170
2.95425e-171
1.52919e-172
8.23317e-174
4.60889e-175
1.16407e-239
1.54238e-237
8.66895e-236
6.88801e-234
1.09938e-232
8.54117e-231
1.28143e-226
2.11217e-222
2.8397e-218
3.03228e-214
2.50599e-210
1.53885e-206
7.05626e-203
3.31892e-199
5.49039e-195
1.78741e-189
2.09557e-185
5.91851e-182
3.1136e-178
1.8222e-174
1.09472e-170
6.27044e-167
3.19177e-163
1.31857e-159
3.87513e-156
6.60823e-153
4.67413e-150
7.11455e-148
3.31322e-148
3.67158e-149
1.57604e-150
4.59444e-152
1.23507e-153
3.42792e-155
1.00551e-156
3.11945e-158
1.02125e-159
3.52024e-161
1.27507e-162
4.84436e-164
1.92768e-165
8.02435e-167
3.49021e-168
1.58453e-169
7.50077e-171
3.69877e-172
1.89866e-173
1.01415e-174
5.63458e-176
3.25508e-177
1.16467e-239
1.54324e-237
8.67414e-236
6.89248e-234
1.09743e-232
2.14105e-231
4.11816e-229
6.52208e-225
9.0089e-221
9.82739e-217
8.23714e-213
5.08592e-209
2.3707e-205
1.28384e-201
2.30463e-197
7.19038e-192
8.41379e-188
2.37754e-184
1.25525e-180
7.32138e-177
4.35374e-173
2.44734e-169
1.20964e-165
4.79245e-162
1.33288e-158
2.12669e-155
1.39944e-152
1.99328e-150
1.03911e-150
1.26803e-151
6.00176e-153
1.87153e-154
5.23791e-156
1.49765e-157
4.51763e-159
1.44162e-160
4.8568e-162
1.72354e-163
6.42941e-165
2.51655e-166
1.03193e-167
4.42775e-169
1.98559e-170
9.29531e-172
4.53756e-173
2.30746e-174
1.22161e-175
6.73018e-177
3.85694e-178
2.29837e-179
1.16524e-239
1.54406e-237
8.67908e-236
6.89675e-234
1.09813e-232
2.12403e-231
2.9482e-230
1.81675e-227
2.54985e-223
2.85117e-219
2.43019e-215
1.51153e-211
7.21452e-208
4.59934e-204
8.8609e-200
2.66596e-194
3.12466e-190
8.86844e-187
4.72241e-183
2.75926e-179
1.63275e-175
9.05566e-172
4.37027e-168
1.67028e-164
4.4249e-161
6.65437e-158
4.10771e-155
5.51701e-153
3.2248e-153
4.34858e-154
2.27426e-155
7.62491e-157
2.23002e-158
6.57562e-160
2.03965e-161
6.69287e-163
2.31949e-164
8.47046e-166
3.25273e-167
1.31099e-168
5.53681e-170
2.44743e-171
1.13089e-172
5.45608e-174
2.74521e-175
1.43903e-176
7.85383e-178
4.46081e-179
2.63571e-180
1.61945e-181
1.16579e-239
1.54484e-237
8.68377e-236
6.90081e-234
1.09879e-232
2.12539e-231
2.8489e-230
3.15295e-229
6.45324e-226
7.40166e-222
6.43802e-218
4.04429e-214
1.98357e-210
1.52182e-206
3.11613e-202
9.09925e-197
1.07219e-192
3.069e-189
1.65608e-185
9.7426e-182
5.76688e-178
3.17293e-174
1.50361e-170
5.5773e-167
1.41689e-163
2.0233e-160
1.18117e-157
1.50761e-155
9.8883e-156
1.47675e-156
8.55233e-158
3.09819e-159
9.50699e-161
2.89522e-162
9.23519e-164
3.11521e-165
1.11015e-166
4.17022e-168
1.64776e-169
6.83531e-171
2.97188e-172
1.35265e-173
6.43696e-175
3.19897e-176
1.65821e-177
8.9561e-179
5.03681e-180
2.94817e-181
1.7953e-182
1.13699e-183
1.1663e-239
1.54558e-237
8.6882e-236
6.90464e-234
1.09942e-232
2.12672e-231
2.85055e-230
2.72041e-229
3.81174e-228
1.69953e-224
1.51286e-220
9.62161e-217
4.90235e-213
4.62494e-209
9.98459e-205
2.84898e-199
3.38841e-195
9.82434e-192
5.39867e-188
3.21469e-184
1.914e-180
1.05066e-176
4.91844e-173
1.78202e-169
4.37187e-166
5.97338e-163
3.32433e-160
4.06417e-158
2.98982e-158
4.95523e-159
3.18538e-160
1.25228e-161
4.04929e-163
1.27611e-164
4.18722e-166
1.45162e-167
5.3176e-169
2.05394e-170
8.34724e-172
3.56235e-173
1.5938e-174
7.46628e-176
3.6576e-177
1.87135e-178
9.98901e-180
5.55648e-181
3.21868e-182
1.94076e-183
1.21761e-184
7.94562e-186
1.16679e-239
1.54627e-237
8.69235e-236
6.90823e-234
1.1e-232
2.12797e-231
2.85232e-230
2.72127e-229
2.38988e-228
4.60387e-227
3.12184e-223
2.01447e-219
1.08176e-215
1.28116e-211
2.89833e-207
8.14014e-202
9.81456e-198
2.89635e-194
1.62946e-190
9.87721e-187
5.95071e-183
3.27934e-179
1.52637e-175
5.43904e-172
1.29817e-168
1.7105e-165
9.14749e-163
1.0795e-160
8.89837e-161
1.64028e-161
1.17242e-162
5.01931e-164
1.71851e-165
5.61821e-167
1.89729e-168
6.75879e-170
2.5442e-171
1.01008e-172
4.2204e-174
1.85225e-175
8.5239e-177
4.1082e-178
2.07077e-179
1.09031e-180
5.98972e-182
3.42989e-183
2.04565e-184
1.27017e-185
8.20725e-187
5.51678e-188
1.16723e-239
1.54691e-237
8.69623e-236
6.91158e-234
1.10055e-232
2.12913e-231
2.85398e-230
2.72292e-229
2.3887e-228
1.20234e-227
6.24251e-226
3.66308e-222
2.11416e-218
3.20462e-214
7.56672e-210
2.10815e-204
2.58921e-200
7.81915e-197
4.53031e-193
2.81318e-189
1.72638e-185
9.61652e-182
4.48209e-178
1.58252e-174
3.70348e-171
4.74433e-168
2.45773e-165
2.82111e-163
2.60271e-163
5.34526e-164
4.25179e-165
1.98841e-166
7.24215e-168
2.46367e-169
8.57014e-171
3.13684e-172
1.213e-173
4.94809e-175
2.12478e-176
9.58609e-178
4.53582e-179
2.24811e-180
1.16551e-181
6.31255e-183
3.56767e-184
2.10209e-185
1.29039e-186
8.24783e-188
5.48716e-189
3.79818e-190
1.16765e-239
1.5475e-237
8.6998e-236
6.91468e-234
1.10106e-232
2.13021e-231
2.85551e-230
2.72446e-229
2.39015e-228
1.19717e-227
6.71594e-227
5.80065e-225
3.62763e-221
7.15805e-217
1.76091e-212
4.90786e-207
6.17353e-203
1.91952e-199
1.153e-195
7.38691e-192
4.65177e-188
2.63919e-184
1.24142e-180
4.37819e-177
1.01305e-173
1.27247e-170
6.43792e-168
7.24262e-166
7.47122e-166
1.71088e-166
1.51561e-167
7.76557e-169
3.02187e-170
1.07333e-171
3.8508e-173
1.44827e-174
5.75157e-176
2.40986e-177
1.06314e-178
4.92881e-180
2.39702e-181
1.22122e-182
6.50936e-184
3.62521e-185
2.10711e-186
1.27712e-187
8.06618e-189
5.30592e-190
3.63352e-191
2.58951e-192
1.16803e-239
1.54805e-237
8.70309e-236
6.91752e-234
1.10153e-232
2.1312e-231
2.85692e-230
2.72588e-229
2.39149e-228
1.19782e-227
6.63511e-227
1.19356e-226
5.43031e-224
1.4093e-219
3.61387e-215
1.01686e-209
1.31809e-205
4.24926e-202
2.66641e-198
1.77677e-194
1.15782e-190
6.74791e-187
3.23123e-183
1.14835e-179
2.65067e-176
3.29369e-173
1.6413e-170
1.82366e-168
2.10161e-168
5.36769e-169
5.29965e-170
2.98158e-171
1.24437e-172
4.63174e-174
1.7167e-175
6.63592e-177
2.70595e-178
1.1642e-179
5.27489e-181
2.51214e-182
1.25532e-183
6.57194e-185
3.60019e-186
2.06105e-187
1.23173e-188
7.67789e-190
4.98836e-191
3.37663e-192
2.38247e-193
1.76755e-194
1.16837e-239
1.54854e-237
8.70606e-236
6.9201e-234
1.10195e-232
2.1321e-231
2.8582e-230
2.72716e-229
2.39271e-228
1.19842e-227
6.63875e-227
1.1201e-226
2.02795e-226
2.4087e-222
6.45651e-218
1.8527e-212
2.49226e-208
8.39848e-205
5.55415e-201
3.88536e-197
2.64511e-193
1.59894e-189
7.86991e-186
2.84574e-182
6.61594e-179
8.2092e-176
4.06466e-173
4.49563e-171
5.78282e-171
1.64724e-171
1.81333e-172
1.12211e-173
5.04059e-175
1.97358e-176
7.57258e-178
3.01013e-179
1.26022e-180
5.56615e-182
2.58949e-183
1.2665e-184
6.50101e-186
3.49678e-187
1.96828e-188
1.15809e-189
7.1151e-191
4.56125e-192
3.05376e-193
2.16677e-194
1.85543e-195
3.39822e-196
1.16868e-239
1.54898e-237
8.70873e-236
6.92242e-234
1.10233e-232
2.13291e-231
2.85935e-230
2.72832e-229
2.3938e-228
1.19896e-227
6.64213e-227
1.12033e-226
1.33047e-226
3.64418e-225
9.8864e-221
2.92602e-215
4.11852e-211
1.46465e-207
1.03143e-203
7.65701e-200
5.50615e-196
3.4902e-192
1.7849e-188
6.63693e-185
1.57028e-181
1.96513e-178
9.75718e-176
1.08298e-173
1.55371e-173
4.93483e-174
6.05637e-175
4.12871e-176
2.00262e-177
8.27916e-179
3.29681e-180
1.34874e-181
5.79765e-183
2.62844e-184
1.25532e-185
6.30408e-187
3.32328e-188
1.83623e-189
1.06199e-190
6.42296e-192
4.06777e-193
2.76256e-194
2.47398e-195
5.80863e-196
3.26389e-196
2.2422e-196
1.16895e-239
1.54937e-237
8.71109e-236
6.92446e-234
1.10267e-232
2.13362e-231
2.86037e-230
2.72934e-229
2.39477e-228
1.19945e-227
6.64513e-227
1.12061e-226
1.32983e-226
1.39852e-226
1.27436e-223
3.93676e-218
5.85479e-214
2.22247e-210
1.68718e-206
1.3462e-202
1.03566e-198
6.97052e-195
3.74903e-191
1.4504e-187
3.53179e-184
4.50529e-181
2.26505e-178
2.54433e-176
4.06867e-176
1.44053e-176
1.97042e-177
1.48161e-178
7.78235e-180
3.40976e-181
1.41311e-182
5.95692e-184
2.6297e-185
1.22368e-186
5.99895e-188
3.093e-189
1.67439e-190
9.50563e-192
5.67073e-193
3.68641e-194
3.54896e-195
1.05608e-195
6.47833e-196
4.49684e-196
3.16316e-196
2.23238e-196
1.16919e-239
1.54971e-237
8.71314e-236
6.92624e-234
1.10296e-232
2.13424e-231
2.86125e-230
2.73023e-229
2.39562e-228
1.19987e-227
6.64775e-227
1.12085e-226
1.32995e-226
1.35598e-226
2.70327e-226
4.41773e-221
7.02425e-217
2.88573e-213
2.39683e-209
2.08689e-205
1.74348e-201
1.26403e-197
7.24846e-194
2.9557e-190
7.49848e-187
9.86183e-184
5.07228e-181
5.81772e-179
1.03655e-178
4.08997e-179
6.23288e-180
5.17368e-181
2.9506e-182
1.37494e-183
5.94875e-185
2.58799e-186
1.17382e-187
5.60669e-189
2.82148e-190
1.49409e-191
8.34855e-193
5.18156e-194
5.43637e-195
1.97124e-195
1.28336e-195
9.01822e-196
6.36377e-196
4.48455e-196
3.15957e-196
2.23028e-196
1.16939e-239
1.55e-237
8.71488e-236
6.92775e-234
1.10321e-232
2.13477e-231
2.86201e-230
2.73099e-229
2.39634e-228
1.20022e-227
6.64999e-227
1.12106e-226
1.33006e-226
1.35595e-226
1.35803e-226
4.04191e-224
6.94854e-220
3.14267e-216
2.90838e-212
2.8144e-208
2.59893e-204
2.06377e-200
1.28148e-196
5.58752e-193
1.49666e-189
2.05433e-186
1.09284e-183
1.29191e-181
2.56448e-181
1.12751e-181
1.91369e-182
1.75464e-183
1.08898e-184
5.41552e-186
2.45407e-187
1.10396e-188
5.14839e-190
2.52565e-191
1.31236e-192
7.71206e-194
8.70678e-195
3.66422e-195
2.49593e-195
1.78223e-195
1.26977e-195
9.0017e-196
6.35761e-196
4.48065e-196
3.1569e-196
2.22845e-196
1.16956e-239
1.55024e-237
8.71633e-236
6.92901e-234
1.10341e-232
2.13521e-231
2.86263e-230
2.73162e-229
2.39694e-228
1.20052e-227
6.65187e-227
1.12123e-226
1.33015e-226
1.35596e-226
1.3569e-226
1.64674e-226
5.51497e-223
2.80247e-219
2.9563e-215
3.25177e-211
3.39e-207
3.0061e-203
2.0571e-199
9.74501e-196
2.79623e-192
4.0586e-189
2.25924e-186
2.78017e-184
6.15035e-184
3.01323e-184
5.69447e-185
5.77036e-186
3.90475e-187
2.07925e-188
9.90314e-190
4.61957e-191
2.23e-192
1.22077e-193
1.40877e-194
6.568e-195
4.67795e-195
3.42144e-195
2.47934e-195
1.78004e-195
1.26879e-195
8.99492e-196
6.35281e-196
4.4773e-196
3.15458e-196
2.22684e-196
1.16969e-239
1.55043e-237
8.71749e-236
6.93002e-234
1.10358e-232
2.13557e-231
2.86314e-230
2.73213e-229
2.39742e-228
1.20076e-227
6.65338e-227
1.12137e-226
1.33022e-226
1.35597e-226
1.3569e-226
1.35713e-226
5.1848e-226
2.00456e-222
2.46486e-218
3.16566e-214
3.82078e-210
3.86964e-206
2.97688e-202
1.55942e-198
4.86922e-195
7.57873e-192
4.46925e-189
5.78517e-187
1.4274e-186
7.79503e-187
1.64019e-187
1.83793e-188
1.35881e-189
7.77993e-191
3.93224e-192
2.05457e-193
2.21628e-194
1.08565e-194
8.18806e-195
6.238e-195
4.65745e-195
3.41896e-195
2.47807e-195
1.77905e-195
1.26803e-195
8.98931e-196
6.3488e-196
4.47449e-196
3.15263e-196
2.22549e-196
1.16979e-239
1.55058e-237
8.71839e-236
6.9308e-234
1.10371e-232
2.13584e-231
2.86352e-230
2.73252e-229
2.3978e-228
1.20095e-227
6.65455e-227
1.12148e-226
1.33028e-226
1.35598e-226
1.3569e-226
1.35695e-226
1.63942e-226
3.38571e-225
1.80461e-221
2.59942e-217
3.69541e-213
4.37189e-209
3.86164e-205
2.27933e-201
7.87422e-198
1.33365e-194
8.43938e-192
1.16168e-189
3.20127e-189
1.95037e-189
4.57321e-190
5.68178e-191
4.63651e-192
3.06281e-193
3.22536e-194
1.56009e-194
1.27009e-194
1.03642e-194
8.16139e-195
6.23598e-195
4.65648e-195
3.41796e-195
2.47714e-195
1.77828e-195
1.26742e-195
8.98484e-196
6.3456e-196
4.47224e-196
3.15107e-196
2.22441e-196
1.16987e-239
1.55069e-237
8.71903e-236
6.93136e-234
1.1038e-232
2.13604e-231
2.86381e-230
2.73281e-229
2.39807e-228
1.20108e-227
6.65539e-227
1.12156e-226
1.33032e-226
1.35599e-226
1.3569e-226
1.35695e-226
1.63404e-226
1.9296e-225
5.77789e-223
7.44042e-220
4.33193e-216
4.75469e-212
4.6402e-208
3.08773e-204
1.1915e-200
2.22127e-197
1.5255e-194
2.25604e-192
6.9732e-192
4.77369e-192
1.27294e-192
1.9387e-193
3.35792e-194
1.81309e-194
1.62881e-194
1.47258e-194
1.26525e-194
1.03624e-194
8.16154e-195
6.23567e-195
4.65585e-195
3.41723e-195
2.47646e-195
1.7777e-195
1.26698e-195
8.98152e-196
6.34322e-196
4.47056e-196
3.1499e-196
2.22361e-196
1.16992e-239
1.55076e-237
8.71946e-236
6.93173e-234
1.10386e-232
2.13616e-231
2.86399e-230
2.73299e-229
2.39824e-228
1.20117e-227
6.65595e-227
1.12162e-226
1.33035e-226
1.35599e-226
1.3569e-226
1.35695e-226
1.63386e-226
1.91845e-225
5.42094e-223
4.54938e-220
7.00977e-217
1.42635e-213
3.59347e-210
1.06873e-206
2.90057e-203
4.8315e-200
3.27974e-197
5.0251e-195
1.95842e-194
2.11757e-194
1.62761e-194
1.53688e-194
1.62252e-194
1.66841e-194
1.61654e-194
1.47167e-194
1.26532e-194
1.03632e-194
8.1618e-195
6.2355e-195
4.65545e-195
3.41675e-195
2.476e-195
1.77732e-195
1.26667e-195
8.97926e-196
6.34159e-196
4.46942e-196
3.14911e-196
2.22306e-196
1.16995e-239
1.5508e-237
8.7197e-236
6.93193e-234
1.10389e-232
2.13624e-231
2.86409e-230
2.7331e-229
2.39834e-228
1.20122e-227
6.65627e-227
1.12165e-226
1.33036e-226
1.35599e-226
1.3569e-226
1.35695e-226
1.63383e-226
1.91683e-225
5.40544e-223
4.50902e-220
6.8026e-217
1.28775e-213
2.63118e-210
5.11659e-207
7.94225e-204
7.74187e-201
3.42572e-198
4.03396e-196
2.95261e-195
7.38325e-195
1.14523e-194
1.4314e-194
1.60373e-194
1.6655e-194
1.61628e-194
1.47177e-194
1.26542e-194
1.03638e-194
8.16199e-195
6.23542e-195
4.65522e-195
3.41648e-195
2.47574e-195
1.77709e-195
1.2665e-195
8.97796e-196
6.34066e-196
4.46876e-196
3.14866e-196
2.22275e-196
1.16996e-239
1.55081e-237
8.71979e-236
6.93202e-234
1.10391e-232
2.13627e-231
2.86414e-230
2.73314e-229
2.39838e-228
1.20124e-227
6.6564e-227
1.12166e-226
1.33037e-226
1.35599e-226
1.3569e-226
1.35695e-226
1.63384e-226
1.91645e-225
5.40258e-223
4.50509e-220
6.7932e-217
1.28413e-213
2.61452e-210
5.04946e-207
7.75542e-204
7.45604e-201
3.24789e-198
3.77235e-196
2.82764e-195
7.23094e-195
1.1368e-194
1.42855e-194
1.60308e-194
1.66544e-194
1.61634e-194
1.47184e-194
1.26546e-194
1.03641e-194
8.16207e-195
6.23539e-195
4.65513e-195
3.41636e-195
2.47563e-195
1.777e-195
1.26642e-195
8.97736e-196
6.34022e-196
4.46845e-196
3.14844e-196
2.2226e-196
1.87155e-169
2.66964e-169
5.30421e-169
1.22937e-168
2.99139e-168
6.82613e-168
1.37467e-167
2.39331e-167
3.61881e-167
4.88775e-167
6.3411e-167
9.29371e-167
1.95375e-166
6.46281e-166
2.78314e-165
1.20487e-164
4.59262e-164
1.4411e-163
3.62258e-163
7.13356e-163
1.08334e-162
1.25668e-162
1.10534e-162
7.33119e-163
3.63731e-163
1.37752e-163
4.20535e-164
1.36484e-164
2.38383e-164
3.2337e-163
5.07813e-162
5.64772e-161
4.3242e-160
2.4259e-159
1.08967e-158
4.20171e-158
1.4527e-157
4.64303e-157
1.40821e-156
4.13519e-156
1.17989e-155
3.19349e-155
8.01433e-155
2.01109e-154
5.62689e-154
1.81219e-153
1.55061e-152
7.74836e-136
5.18829e-133
3.45567e-134
4.93423e-172
2.53181e-173
1.24894e-174
5.94278e-176
2.96448e-177
3.77087e-178
2.39941e-178
2.07989e-178
1.88455e-178
1.83812e-178
2.03863e-178
2.89459e-178
6.39368e-178
2.32907e-177
1.13613e-176
5.70343e-176
2.58217e-175
1.03897e-174
3.25148e-174
8.17916e-174
1.64056e-173
2.3778e-173
2.28092e-173
7.61078e-174
9.43011e-176
1.06196e-177
1.1327e-179
1.14371e-181
1.09164e-183
9.84445e-186
8.38434e-188
4.34016e-173
2.06488e-171
1.62728e-170
6.56355e-170
1.8722e-169
4.27338e-169
8.33288e-169
1.42755e-168
2.06863e-168
2.10868e-168
5.75934e-169
1.41573e-171
2.72974e-174
4.5491e-177
7.22535e-180
1.15489e-182
1.59971e-183
7.557e-180
9.30519e-177
3.59523e-174
1.90429e-175
9.69728e-177
4.74262e-178
2.22515e-179
1.00036e-180
4.30508e-182
1.77195e-183
6.98447e-185
2.81061e-186
2.72365e-187
2.03243e-187
4.052e-187
1.5214e-186
8.11822e-186
4.61182e-185
2.43331e-184
1.17861e-183
4.51748e-183
1.42311e-182
3.57175e-182
6.06896e-182
5.59565e-182
7.82228e-183
9.99713e-185
1.16358e-186
1.28237e-188
1.33741e-190
1.32234e-192
2.01553e-194
1.51647e-194
1.17215e-183
7.7848e-181
9.71153e-180
4.04565e-179
9.50241e-179
1.40544e-178
1.58743e-178
1.44045e-178
8.83107e-179
1.84278e-179
5.97665e-182
1.50675e-184
2.97884e-187
5.08347e-190
5.85019e-191
2.68494e-187
1.58328e-183
7.5697e-180
9.32143e-177
2.61927e-176
1.433e-177
7.53892e-179
3.81017e-180
1.84785e-181
8.58905e-183
3.82239e-184
1.62704e-185
6.61441e-187
2.56293e-188
9.44499e-190
3.30928e-191
1.19118e-192
3.85524e-193
1.95168e-192
1.19181e-191
6.93086e-191
3.78473e-190
1.66892e-189
6.12929e-189
1.77616e-188
3.25634e-188
2.6238e-188
1.45985e-189
1.92899e-191
2.33574e-193
4.23431e-195
2.69804e-195
4.39155e-195
7.87782e-195
1.50208e-194
7.16841e-194
2.33604e-188
4.87631e-187
2.7036e-186
5.79053e-186
4.74176e-186
2.57624e-186
1.12547e-186
2.46814e-187
3.62026e-189
1.22315e-191
1.39987e-193
1.57292e-193
3.14087e-193
5.77668e-191
2.68923e-187
1.58589e-183
7.58267e-180
9.33803e-177
1.90925e-178
1.07832e-179
5.85789e-181
3.05797e-182
1.53227e-183
7.3605e-185
3.38604e-186
1.49026e-187
6.26571e-189
2.51148e-190
9.57544e-192
3.46622e-193
1.1893e-194
3.87463e-196
1.6396e-197
2.55711e-197
1.50106e-196
8.66728e-196
4.12205e-195
1.64621e-194
5.11881e-194
9.43974e-194
6.30651e-194
2.18457e-195
3.51724e-196
7.9832e-196
1.57279e-195
2.66848e-195
4.39056e-195
7.87432e-195
1.50037e-194
2.65318e-194
4.53102e-194
2.75955e-193
1.35737e-192
2.36547e-192
1.30908e-192
4.23955e-193
1.14181e-193
5.60118e-194
6.85706e-194
8.60822e-194
1.08435e-193
1.57296e-193
3.1434e-193
5.78587e-191
2.6936e-187
1.58855e-183
7.5958e-180
9.35477e-177
1.39075e-180
8.1052e-182
4.54458e-183
2.44934e-184
1.26747e-185
6.28948e-187
2.98959e-188
1.35992e-189
5.91123e-191
2.45025e-192
9.66298e-194
3.62043e-195
1.29599e-196
5.05315e-198
6.23982e-199
3.42229e-199
2.70341e-199
2.87054e-199
4.41676e-199
9.35493e-199
2.49918e-198
7.91352e-198
2.85351e-197
1.03364e-196
3.22855e-196
7.97454e-196
1.57168e-195
2.66711e-195
4.38901e-195
7.87183e-195
1.49881e-194
2.65144e-194
3.97988e-194
4.94196e-194
5.15212e-194
4.69609e-194
4.0575e-194
3.77145e-194
4.15649e-194
5.2532e-194
6.85628e-194
8.60932e-194
1.08456e-193
1.57365e-193
3.14598e-193
5.79517e-191
2.69802e-187
1.59122e-183
7.60902e-180
9.37156e-177
1.01053e-182
6.07471e-184
3.51419e-185
1.95469e-186
1.04421e-187
5.35065e-189
2.62694e-190
1.23461e-191
5.54629e-193
2.37704e-194
9.7189e-196
3.92966e-197
2.51245e-198
7.8635e-199
4.88983e-199
3.37806e-199
2.68274e-199
2.79491e-199
4.12737e-199
8.29967e-199
2.18405e-198
7.35459e-198
2.81615e-197
1.0328e-196
3.2268e-196
7.96952e-196
1.57056e-195
2.6658e-195
4.38745e-195
7.86845e-195
1.49758e-194
2.65006e-194
3.97989e-194
4.9421e-194
5.15144e-194
4.69529e-194
4.0573e-194
3.77142e-194
4.15655e-194
5.25351e-194
6.85698e-194
8.61045e-194
1.08478e-193
1.57435e-193
3.14857e-193
5.80453e-191
2.70245e-187
1.59391e-183
7.62223e-180
9.38831e-177
7.31392e-185
4.53382e-186
2.70498e-187
1.55228e-188
8.55816e-190
4.52695e-191
2.29493e-192
1.11409e-193
5.17648e-195
2.33156e-196
1.24057e-197
2.14301e-198
1.14873e-198
7.39726e-199
4.88047e-199
3.38166e-199
2.68517e-199
2.79602e-199
4.12697e-199
8.29627e-199
2.18276e-198
7.34958e-198
2.81423e-197
1.03217e-196
3.22528e-196
7.96564e-196
1.56985e-195
2.66536e-195
4.38697e-195
7.86504e-195
1.49643e-194
2.64949e-194
3.98007e-194
4.94251e-194
5.15142e-194
4.69521e-194
4.05734e-194
3.77144e-194
4.15662e-194
5.25384e-194
6.85771e-194
8.61159e-194
1.085e-193
1.57505e-193
3.15118e-193
5.81388e-191
2.70687e-187
1.59657e-183
7.63533e-180
9.4049e-177
5.26751e-187
3.3662e-188
2.07111e-189
1.22551e-190
6.96935e-192
3.80465e-193
1.99226e-194
1.0068e-195
5.38379e-197
6.3482e-198
2.83919e-198
1.75729e-198
1.13434e-198
7.39919e-199
4.88605e-199
3.38547e-199
2.68748e-199
2.79718e-199
4.12688e-199
8.29379e-199
2.18173e-198
7.34528e-198
2.81251e-197
1.03159e-196
3.22378e-196
7.96282e-196
1.56946e-195
2.66495e-195
4.3867e-195
7.86331e-195
1.49612e-194
2.64954e-194
3.98041e-194
4.94296e-194
5.15138e-194
4.69507e-194
4.05736e-194
3.77145e-194
4.1567e-194
5.25419e-194
6.85845e-194
8.61274e-194
1.08521e-193
1.57575e-193
3.15377e-193
5.82316e-191
2.71124e-187
1.59921e-183
7.64826e-180
9.42122e-177
3.76802e-189
2.48166e-190
1.57427e-191
9.6072e-193
5.63692e-194
3.19289e-195
1.84974e-196
1.77995e-197
6.42627e-198
4.15979e-198
2.73312e-198
1.74996e-198
1.13426e-198
7.40578e-199
4.89138e-199
3.38899e-199
2.68963e-199
2.79825e-199
4.12683e-199
8.29159e-199
2.1808e-198
7.3414e-198
2.81095e-197
1.03106e-196
3.22241e-196
7.96023e-196
1.56911e-195
2.66457e-195
4.38624e-195
7.8625e-195
1.49609e-194
2.6497e-194
3.98081e-194
4.94344e-194
5.15129e-194
4.69484e-194
4.05734e-194
3.77145e-194
4.15679e-194
5.25454e-194
6.85919e-194
8.61388e-194
1.08543e-193
1.57644e-193
3.15635e-193
5.83232e-191
2.71554e-187
1.60179e-183
7.66092e-180
9.43719e-177
2.67198e-191
1.81324e-192
1.18623e-193
7.50921e-195
4.83649e-196
4.73975e-197
1.52307e-197
9.03206e-198
5.97688e-198
4.11413e-198
2.71839e-198
1.74623e-198
1.13431e-198
7.41197e-199
4.89628e-199
3.39223e-199
2.6916e-199
2.79926e-199
4.12682e-199
8.28966e-199
2.17997e-198
7.33793e-198
2.80956e-197
1.03059e-196
3.22119e-196
7.95793e-196
1.5688e-195
2.66424e-195
4.38585e-195
7.86174e-195
1.4961e-194
2.64992e-194
3.98129e-194
4.94396e-194
5.15116e-194
4.69453e-194
4.0573e-194
3.77144e-194
4.15687e-194
5.2549e-194
6.85994e-194
8.61501e-194
1.08563e-193
1.57712e-193
3.15889e-193
5.84129e-191
2.71974e-187
1.60431e-183
7.67323e-180
9.45269e-177
1.87723e-193
1.32189e-194
9.5706e-196
1.06599e-196
3.60964e-197
2.14573e-197
1.38031e-197
8.97687e-198
5.95669e-198
4.08317e-198
2.70225e-198
1.74236e-198
1.13435e-198
7.41774e-199
4.90079e-199
3.39518e-199
2.69341e-199
2.80019e-199
4.12684e-199
8.28799e-199
2.17925e-198
7.33487e-198
2.80833e-197
1.03018e-196
3.22011e-196
7.95593e-196
1.56853e-195
2.66397e-195
4.38552e-195
7.86111e-195
1.49613e-194
2.65022e-194
3.98183e-194
4.94451e-194
5.15097e-194
4.69411e-194
4.05721e-194
3.77143e-194
4.15696e-194
5.25526e-194
6.86067e-194
8.61611e-194
1.08584e-193
1.57778e-193
3.16137e-193
5.85002e-191
2.72381e-187
1.60675e-183
7.68512e-180
9.46762e-177
1.45898e-195
2.02427e-196
8.02465e-197
4.96956e-197
3.25559e-197
2.12824e-197
1.38035e-197
8.99606e-198
5.95296e-198
4.04765e-198
2.68354e-198
1.73841e-198
1.13441e-198
7.42312e-199
4.90489e-199
3.39787e-199
2.69505e-199
2.80105e-199
4.1269e-199
8.28657e-199
2.17862e-198
7.3322e-198
2.80725e-197
1.02981e-196
3.21918e-196
7.95422e-196
1.56831e-195
2.66375e-195
4.38528e-195
7.86061e-195
1.49621e-194
2.65058e-194
3.98244e-194
4.94509e-194
5.15072e-194
4.69358e-194
4.05708e-194
3.77141e-194
4.15706e-194
5.25562e-194
6.86139e-194
8.61718e-194
1.08603e-193
1.57843e-193
3.16379e-193
5.85844e-191
2.72773e-187
1.60909e-183
7.69649e-180
9.48189e-177
1.66285e-196
1.09294e-196
7.37163e-197
4.92161e-197
3.25017e-197
2.12986e-197
1.382e-197
9.01354e-198
5.95838e-198
4.01984e-198
2.66225e-198
1.73448e-198
1.13451e-198
7.42814e-199
4.90861e-199
3.4003e-199
2.69654e-199
2.80184e-199
4.127e-199
8.2854e-199
2.17809e-198
7.32992e-198
2.80633e-197
1.02951e-196
3.2184e-196
7.95279e-196
1.56813e-195
2.66358e-195
4.38511e-195
7.86024e-195
1.49632e-194
2.65102e-194
3.98312e-194
4.9457e-194
5.1504e-194
4.69293e-194
4.05692e-194
3.77138e-194
4.15715e-194
5.25597e-194
6.86209e-194
8.6182e-194
1.08622e-193
1.57905e-193
3.16612e-193
5.86649e-191
2.73146e-187
1.61131e-183
7.70728e-180
9.49539e-177
1.57266e-196
1.08527e-196
7.35976e-197
4.91671e-197
3.24738e-197
2.12903e-197
1.38437e-197
9.0311e-198
5.96675e-198
3.99966e-198
2.64332e-198
1.73073e-198
1.13468e-198
7.43279e-199
4.91196e-199
3.40247e-199
2.69788e-199
2.80257e-199
4.12714e-199
8.28447e-199
2.17764e-198
7.32801e-198
2.80556e-197
1.02925e-196
3.21775e-196
7.95164e-196
1.56799e-195
2.66347e-195
4.385e-195
7.85999e-195
1.49647e-194
2.65154e-194
3.98389e-194
4.94636e-194
5.15e-194
4.69213e-194
4.05672e-194
3.77135e-194
4.15724e-194
5.25631e-194
6.86275e-194
8.61917e-194
1.08639e-193
1.57964e-193
3.16835e-193
5.87413e-191
2.73498e-187
1.6134e-183
7.7174e-180
9.50804e-177
1.57053e-196
1.0842e-196
7.35306e-197
4.91246e-197
3.24476e-197
2.12784e-197
1.38667e-197
9.05248e-198
5.97551e-198
3.98279e-198
2.62909e-198
1.72807e-198
1.13497e-198
7.43703e-199
4.91492e-199
3.4044e-199
2.69908e-199
2.80324e-199
4.12731e-199
8.28378e-199
2.17729e-198
7.32645e-198
2.80493e-197
1.02904e-196
3.21723e-196
7.95074e-196
1.56788e-195
2.66339e-195
4.38496e-195
7.85986e-195
1.49656e-194
2.65197e-194
3.98473e-194
4.94726e-194
5.14965e-194
4.69117e-194
4.05649e-194
3.77132e-194
4.15733e-194
5.25664e-194
6.86337e-194
8.62007e-194
1.08656e-193
1.58021e-193
3.17047e-193
5.88128e-191
2.73826e-187
1.61534e-183
7.72679e-180
9.51973e-177
1.56911e-196
1.08326e-196
7.34697e-197
4.90858e-197
3.24234e-197
2.12656e-197
1.38865e-197
9.07483e-198
5.98177e-198
3.96729e-198
2.61958e-198
1.72698e-198
1.13537e-198
7.44079e-199
4.91749e-199
3.40608e-199
2.70013e-199
2.80384e-199
4.12751e-199
8.28329e-199
2.17702e-198
7.32522e-198
2.80443e-197
1.02888e-196
3.21683e-196
7.95008e-196
1.56782e-195
2.66336e-195
4.38497e-195
7.85983e-195
1.49655e-194
2.65226e-194
3.9856e-194
4.94823e-194
5.14961e-194
4.69025e-194
4.05622e-194
3.77129e-194
4.15741e-194
5.25694e-194
6.86394e-194
8.6209e-194
1.08671e-193
1.58073e-193
3.17244e-193
5.88788e-191
2.74127e-187
1.61712e-183
7.73537e-180
9.53039e-177
1.56785e-196
1.08242e-196
7.34153e-197
4.90511e-197
3.24018e-197
2.1253e-197
1.38983e-197
9.09338e-198
5.984e-198
3.95563e-198
2.61511e-198
1.72699e-198
1.13577e-198
7.44398e-199
4.91965e-199
3.40751e-199
2.70104e-199
2.80438e-199
4.12773e-199
8.283e-199
2.17682e-198
7.32429e-198
2.80405e-197
1.02875e-196
3.21654e-196
7.94963e-196
1.56778e-195
2.66336e-195
4.38501e-195
7.8599e-195
1.49656e-194
2.65233e-194
3.9864e-194
4.94922e-194
5.1497e-194
4.6895e-194
4.05597e-194
3.77126e-194
4.15749e-194
5.25721e-194
6.86446e-194
8.62165e-194
1.08684e-193
1.58121e-193
3.17426e-193
5.89389e-191
2.744e-187
1.61873e-183
7.74307e-180
9.53994e-177
1.56675e-196
1.08169e-196
7.33678e-197
4.9021e-197
3.23832e-197
2.12418e-197
1.38967e-197
9.10201e-198
5.98424e-198
3.95127e-198
2.61434e-198
1.72729e-198
1.13611e-198
7.44655e-199
4.92142e-199
3.4087e-199
2.7018e-199
2.80485e-199
4.12796e-199
8.28286e-199
2.17668e-198
7.32363e-198
2.80378e-197
1.02867e-196
3.21634e-196
7.94935e-196
1.56776e-195
2.66338e-195
4.38509e-195
7.86002e-195
1.49658e-194
2.65237e-194
3.98697e-194
4.95013e-194
5.14979e-194
4.68893e-194
4.0558e-194
3.77123e-194
4.15756e-194
5.25745e-194
6.86492e-194
8.62231e-194
1.08696e-193
1.58165e-193
3.17591e-193
5.89924e-191
2.74642e-187
1.62014e-183
7.74985e-180
9.5483e-177
1.56582e-196
1.08107e-196
7.3328e-197
4.89959e-197
3.23678e-197
2.12327e-197
1.38917e-197
9.10011e-198
5.98385e-198
3.95113e-198
2.61451e-198
1.72757e-198
1.13637e-198
7.44851e-199
4.9228e-199
3.40965e-199
2.70241e-199
2.80525e-199
4.12819e-199
8.28285e-199
2.1766e-198
7.32319e-198
2.8036e-197
1.02861e-196
3.21622e-196
7.94921e-196
1.56776e-195
2.66342e-195
4.38518e-195
7.86018e-195
1.49661e-194
2.65243e-194
3.98737e-194
4.95084e-194
5.1497e-194
4.68858e-194
4.05572e-194
3.77121e-194
4.15762e-194
5.25766e-194
6.86531e-194
8.62287e-194
1.08706e-193
1.58203e-193
3.17737e-193
5.90389e-191
2.7485e-187
1.62136e-183
7.75564e-180
9.55542e-177
1.56508e-196
1.08058e-196
7.32964e-197
4.89762e-197
3.23558e-197
2.12257e-197
1.38878e-197
9.09819e-198
5.98305e-198
3.95095e-198
2.61461e-198
1.72775e-198
1.13655e-198
7.44994e-199
4.92383e-199
3.41037e-199
2.70289e-199
2.80557e-199
4.12839e-199
8.28292e-199
2.17656e-198
7.32294e-198
2.80349e-197
1.02858e-196
3.21616e-196
7.94917e-196
1.56777e-195
2.66347e-195
4.38527e-195
7.86034e-195
1.49665e-194
2.65248e-194
3.98763e-194
4.95118e-194
5.14962e-194
4.68845e-194
4.05568e-194
3.77119e-194
4.15767e-194
5.25784e-194
6.86563e-194
8.62333e-194
1.08715e-193
1.58236e-193
3.17863e-193
5.90779e-191
2.75024e-187
1.62237e-183
7.76041e-180
9.56125e-177
1.56453e-196
1.08021e-196
7.32732e-197
4.89618e-197
3.23473e-197
2.12209e-197
1.38852e-197
9.09687e-198
5.9825e-198
3.95081e-198
2.61466e-198
1.72787e-198
1.13667e-198
7.45092e-199
4.92457e-199
3.41089e-199
2.70324e-199
2.80581e-199
4.12857e-199
8.28304e-199
2.17656e-198
7.32282e-198
2.80344e-197
1.02856e-196
3.21615e-196
7.94921e-196
1.56779e-195
2.66351e-195
4.38535e-195
7.8605e-195
1.49668e-194
2.65253e-194
3.98771e-194
4.95132e-194
5.14967e-194
4.68842e-194
4.05565e-194
3.77117e-194
4.15771e-194
5.25798e-194
6.86589e-194
8.6237e-194
1.08721e-193
1.58263e-193
3.17965e-193
5.91092e-191
2.75161e-187
1.62316e-183
7.76414e-180
9.56578e-177
1.56416e-196
1.07997e-196
7.32578e-197
4.89523e-197
3.23417e-197
2.12178e-197
1.38836e-197
9.09606e-198
5.98215e-198
3.95072e-198
2.61469e-198
1.72794e-198
1.13674e-198
7.45155e-199
4.92506e-199
3.41125e-199
2.70348e-199
2.80598e-199
4.12871e-199
8.28318e-199
2.17657e-198
7.3228e-198
2.80342e-197
1.02856e-196
3.21616e-196
7.94928e-196
1.56781e-195
2.66355e-195
4.38542e-195
7.86062e-195
1.4967e-194
2.65257e-194
3.98776e-194
4.95137e-194
5.1497e-194
4.68841e-194
4.05562e-194
3.77116e-194
4.15774e-194
5.25808e-194
6.86607e-194
8.62396e-194
1.08726e-193
1.58283e-193
3.18044e-193
5.91323e-191
2.75262e-187
1.62373e-183
7.76682e-180
9.56901e-177
1.56395e-196
1.07983e-196
7.32491e-197
4.89471e-197
3.23387e-197
2.12161e-197
1.38827e-197
9.09563e-198
5.98197e-198
3.95067e-198
2.61471e-198
1.72799e-198
1.13678e-198
7.45191e-199
4.92536e-199
3.41148e-199
2.70362e-199
2.80609e-199
4.12881e-199
8.28329e-199
2.17658e-198
7.32282e-198
2.80343e-197
1.02856e-196
3.21618e-196
7.94934e-196
1.56783e-195
2.66358e-195
4.38546e-195
7.86071e-195
1.49672e-194
2.6526e-194
3.9878e-194
4.9514e-194
5.1497e-194
4.6884e-194
4.0556e-194
3.77114e-194
4.15776e-194
5.25814e-194
6.86619e-194
8.62412e-194
1.08729e-193
1.58296e-193
3.18097e-193
5.91472e-191
2.75326e-187
1.62409e-183
7.76848e-180
9.57099e-177
1.56384e-196
1.07976e-196
7.32448e-197
4.89445e-197
3.23372e-197
2.12153e-197
1.38823e-197
9.09542e-198
5.98188e-198
3.95065e-198
2.61471e-198
1.728e-198
1.1368e-198
7.45207e-199
4.92553e-199
3.41161e-199
2.70369e-199
2.80614e-199
4.12886e-199
8.28335e-199
2.17659e-198
7.32284e-198
2.80344e-197
1.02857e-196
3.21619e-196
7.94938e-196
1.56783e-195
2.66359e-195
4.38548e-195
7.86074e-195
1.49672e-194
2.65261e-194
3.98781e-194
4.9514e-194
5.1497e-194
4.68839e-194
4.05558e-194
3.77114e-194
4.15777e-194
5.25817e-194
6.86624e-194
8.62419e-194
1.0873e-193
1.58303e-193
3.18123e-193
5.91541e-191
2.75355e-187
1.62425e-183
7.76921e-180
9.57184e-177
3.30861e-137
1.93868e-139
3.99662e-142
7.23194e-145
1.27642e-147
2.22049e-150
3.80535e-153
6.41704e-156
1.06368e-158
1.73145e-161
2.76549e-164
4.33081e-167
6.64523e-170
9.98466e-173
1.46827e-175
2.11215e-178
2.97101e-181
4.08497e-184
5.48839e-187
7.20377e-190
9.2352e-193
1.15621e-195
1.41349e-198
1.68729e-201
1.96669e-204
2.23851e-207
2.48835e-210
2.70194e-213
2.86654e-216
2.97227e-219
3.01322e-222
2.98794e-225
2.89956e-228
2.75523e-231
2.56524e-234
2.34178e-237
2.09774e-240
1.84545e-243
1.59587e-246
1.35786e-249
1.13797e-252
9.4037e-256
7.67113e-259
6.18496e-262
4.93487e-265
3.90157e-268
3.0606e-271
2.38545e-274
1.84983e-277
1.42925e-280
1.10181e-283
8.48699e-287
6.54126e-290
5.05177e-293
3.91477e-296
3.04824e-299
2.38813e-302
1.885e-305
1.50096e-308
1.20722e-311
9.81989e-315
8.09924e-318
3.0973e-320
3.06815e-320
3.039e-320
3.01034e-320
2.98169e-320
2.95352e-320
2.92586e-320
0
0
0
0
0
0
0
0
0
0
0
0
0
0
0
0
0
2.46934e-320
2.44612e-320
2.42339e-320
2.40066e-320
2.37843e-320
2.3562e-320
1.42398e-318
4.48994e-315
1.37955e-311
4.12509e-308
1.20057e-304
3.42591e-301
6.66299e-298
1.28456e-294
2.47268e-291
4.7541e-288
9.13325e-285
1.75554e-281
3.37855e-278
6.51591e-275
1.26074e-271
2.44837e-268
4.77591e-265
9.36202e-262
1.84467e-258
3.65625e-255
7.2898e-252
1.46178e-248
2.95006e-245
5.99352e-242
1.22524e-238
2.5215e-235
5.22818e-232
1.09207e-228
2.29789e-225
4.87455e-222
1.04326e-218
2.25328e-215
4.91069e-212
1.0805e-208
2.40209e-205
5.39822e-202
1.22637e-198
2.81647e-195
6.54464e-192
1.5402e-188
3.67401e-185
3.18026e-183
3.6351e-182
2.55756e-181
1.57145e-180
6.84987e-180
1.48969e-179
1.42518e-179
7.05785e-180
7.34092e-180
7.79536e-179
1.43874e-177
1.5863e-176
6.87667e-176
8.73024e-176
2.75367e-176
2.94579e-177
1.85538e-178
4.63468e-175
1.18909e-174
4.96869e-175
9.2419e-176
1.01252e-176
7.42071e-178
3.91192e-179
1.55558e-180
4.82862e-182
1.20106e-183
2.44458e-185
4.14186e-187
5.92597e-189
7.24713e-191
7.65473e-193
7.04611e-195
5.69672e-197
4.07329e-199
2.59155e-201
1.47514e-203
7.54917e-206
3.48891e-208
1.4621e-210
5.577e-213
1.94305e-215
6.20389e-218
1.82097e-220
4.9284e-223
1.23347e-225
2.86285e-228
6.17888e-231
1.24348e-233
2.33968e-236
4.12684e-239
6.8419e-242
1.06903e-244
1.57837e-247
2.208e-250
2.93443e-253
3.71494e-256
4.49217e-259
5.20249e-262
5.78622e-265
6.19706e-268
6.40855e-271
6.41639e-274
6.23658e-277
5.90046e-280
5.44825e-283
4.92259e-286
4.36329e-289
3.80378e-292
3.26944e-295
2.7774e-298
2.33741e-301
1.95324e-304
1.62428e-307
1.34707e-310
1.11645e-313
9.26284e-317
6.21831e-320
0
0
0
0
0
0
0
0
0
0
0
0
0
0
0
0
0
2.62151e-320
2.59681e-320
2.5726e-320
2.54839e-320
2.52468e-320
2.50096e-320
2.47774e-320
2.45452e-320
2.43179e-320
2.40906e-320
2.38634e-320
2.3641e-320
2.34237e-320
2.32013e-320
2.29889e-320
2.27715e-320
2.2559e-320
4.47031e-320
9.477e-317
2.78404e-313
5.56468e-310
1.10126e-306
2.17316e-303
4.27829e-300
8.4065e-297
1.65088e-293
3.24252e-290
6.37571e-287
1.2564e-283
2.48233e-280
4.92116e-277
9.79347e-274
1.95687e-270
3.92912e-267
7.92727e-264
1.60686e-260
3.27493e-257
6.71308e-254
1.38339e-250
2.86762e-247
5.9847e-244
1.25742e-240
2.65965e-237
5.66843e-234
1.2183e-230
2.64145e-227
5.77722e-224
1.27556e-220
2.84567e-217
6.41876e-214
1.46413e-210
3.37761e-207
7.8871e-204
1.86576e-200
4.47406e-197
1.08845e-193
2.68687e-190
7.61603e-189
9.91164e-188
6.97724e-187
2.14667e-186
2.72778e-186
1.79581e-186
2.7961e-186
3.87142e-185
7.86157e-184
9.11913e-183
4.11291e-182
5.43902e-182
1.84839e-182
2.19441e-183
1.67652e-184
4.64358e-175
1.19052e-174
4.95603e-175
9.16914e-176
9.97912e-177
7.25648e-178
3.79081e-179
1.49196e-180
4.57788e-182
1.12422e-183
2.25637e-185
3.76536e-187
5.29995e-189
6.36924e-191
6.60344e-193
5.95969e-195
4.71896e-197
3.30084e-199
2.05211e-201
1.14007e-203
5.68771e-206
2.55942e-208
1.04304e-210
3.86398e-213
1.30574e-215
4.03818e-218
1.14648e-220
2.99701e-223
7.23426e-226
1.61694e-228
3.35559e-231
6.4832e-234
1.16926e-236
1.97372e-239
3.12652e-242
4.66008e-245
6.55298e-248
8.71683e-251
1.09982e-253
1.31978e-256
1.51036e-259
1.6529e-262
1.73456e-265
1.75026e-268
1.70286e-271
1.60183e-274
1.46083e-277
1.29513e-280
1.11926e-283
9.45399e-287
7.82547e-290
6.36422e-293
5.09831e-296
4.03308e-299
3.15816e-302
2.45383e-305
1.89613e-308
1.46039e-311
1.12352e-314
8.65335e-318
3.06123e-320
3.03208e-320
3.00343e-320
2.97477e-320
2.94661e-320
2.91894e-320
2.89127e-320
2.8636e-320
2.83692e-320
2.81025e-320
2.78357e-320
2.75738e-320
2.73119e-320
2.7055e-320
2.68031e-320
2.65511e-320
2.62991e-320
2.60521e-320
2.581e-320
2.55679e-320
2.53307e-320
2.50936e-320
2.48564e-320
2.46242e-320
2.4392e-320
2.41648e-320
2.39424e-320
2.37152e-320
2.34978e-320
2.32754e-320
2.3058e-320
2.28456e-320
2.26331e-320
2.24207e-320
2.22132e-320
2.20057e-320
2.17982e-320
2.62448e-320
2.58989e-320
5.44459e-318
1.15536e-314
2.44093e-311
5.13476e-308
1.07739e-304
2.25676e-301
4.72364e-298
9.89514e-295
2.07582e-291
4.36452e-288
9.20352e-285
1.94686e-281
4.13428e-278
8.81323e-275
1.88543e-271
4.05059e-268
8.7403e-265
1.89304e-261
4.11748e-258
9.00122e-255
1.97737e-251
4.36454e-248
9.68809e-245
2.16449e-241
4.86878e-238
1.10259e-234
2.51588e-231
5.78999e-228
1.34491e-224
3.15379e-221
7.46714e-218
1.7868e-214
4.32489e-211
1.05959e-207
2.62987e-204
6.61352e-201
1.68623e-197
1.59735e-195
2.74748e-194
1.48533e-193
2.87293e-193
2.7947e-193
7.12758e-193
1.33371e-191
3.07974e-190
3.87607e-189
1.87035e-188
2.64263e-188
9.88863e-189
1.32676e-189
1.27972e-190
4.6521e-175
1.19187e-174
4.94327e-175
9.09587e-176
9.83286e-177
7.09332e-178
3.67153e-179
1.42992e-180
4.33619e-182
1.05107e-183
2.07968e-185
3.41719e-187
4.73043e-189
5.58441e-191
5.68099e-193
5.02511e-195
3.89531e-197
2.66436e-199
1.61784e-201
8.76839e-204
4.26236e-206
1.86654e-208
7.39299e-211
2.65831e-213
8.7073e-216
2.6065e-218
7.15242e-221
1.80444e-223
4.19709e-226
9.0254e-229
1.79914e-231
3.3335e-234
5.75595e-237
9.28665e-240
1.40369e-242
1.99296e-245
2.66504e-248
3.36546e-251
4.02434e-254
4.56916e-257
4.93924e-260
5.09758e-263
5.03678e-266
4.7779e-269
4.36346e-272
3.84722e-275
3.28397e-278
2.7214e-281
2.19549e-284
1.72903e-287
1.33285e-290
1.00839e-293
7.50736e-297
5.51402e-300
4.00558e-303
2.88497e-306
2.06503e-309
1.47241e-312
1.04806e-315
7.3013e-319
3.01331e-320
2.98465e-320
2.95649e-320
2.92833e-320
2.90066e-320
2.87299e-320
2.84582e-320
2.81914e-320
2.79246e-320
2.76627e-320
2.74009e-320
2.7144e-320
2.68871e-320
2.66351e-320
2.63831e-320
2.61361e-320
2.5889e-320
2.56469e-320
2.54049e-320
2.51677e-320
2.49306e-320
2.46983e-320
2.44661e-320
2.42389e-320
2.40116e-320
2.37893e-320
2.35669e-320
2.33446e-320
2.31272e-320
2.29098e-320
2.26974e-320
2.24849e-320
2.22774e-320
2.20699e-320
2.18624e-320
2.16598e-320
2.14573e-320
2.58347e-320
2.54938e-320
2.51628e-320
2.48317e-320
2.45057e-320
2.41845e-320
3.86434e-317
9.18258e-314
2.17787e-310
5.16457e-307
1.22547e-303
2.9119e-300
6.93533e-297
1.656e-293
3.96656e-290
9.53043e-287
2.29578e-283
5.54692e-280
1.34414e-276
3.26356e-273
7.9417e-270
1.93817e-266
4.7418e-263
1.16258e-259
2.85882e-256
7.05642e-253
1.74866e-249
4.35015e-246
1.0873e-242
2.73343e-239
6.91682e-236
1.76215e-232
4.52024e-229
1.16865e-225
3.04769e-222
8.02167e-219
2.13254e-215
5.72668e-212
1.55455e-208
4.27357e-205
2.54846e-202
4.26042e-201
1.63401e-200
2.79226e-200
1.31984e-199
3.50695e-198
9.60845e-197
1.36146e-195
7.25497e-195
1.12575e-194
4.74403e-195
7.33126e-196
9.36918e-197
4.66064e-175
1.19322e-174
4.93044e-175
9.02254e-176
9.68742e-177
6.9323e-178
3.55485e-179
1.36984e-180
4.1047e-182
9.81896e-184
1.91487e-185
3.09733e-187
4.21573e-189
4.88752e-191
4.87718e-193
4.22688e-195
3.20657e-197
2.14393e-199
1.27103e-201
6.71757e-204
3.18037e-206
1.3547e-208
5.21235e-211
1.81816e-213
5.76916e-216
1.67053e-218
4.42754e-221
1.07718e-223
2.41233e-226
4.98636e-229
9.53849e-232
1.69303e-234
2.79558e-237
4.3056e-240
6.20135e-243
8.37479e-246
1.06328e-248
1.27255e-251
1.43956e-254
1.54349e-257
1.57286e-260
1.52759e-263
1.41798e-266
1.26156e-269
1.07884e-272
8.89306e-276
7.08642e-279
5.47419e-282
4.11109e-285
3.00995e-288
2.15443e-291
1.51172e-294
1.04267e-297
7.08787e-301
4.76103e-304
3.16812e-307
2.09357e-310
1.37722e-313
9.03514e-317
5.98808e-320
2.96538e-320
2.93722e-320
2.90955e-320
2.88188e-320
2.85471e-320
2.82754e-320
2.80086e-320
2.77467e-320
2.74799e-320
2.7223e-320
2.69661e-320
2.67141e-320
2.64622e-320
2.62102e-320
2.59631e-320
2.57211e-320
2.5479e-320
2.52418e-320
2.50047e-320
2.47675e-320
2.45353e-320
2.4308e-320
2.40808e-320
2.38535e-320
2.36312e-320
2.34088e-320
2.31914e-320
2.29741e-320
2.27616e-320
2.25492e-320
2.23367e-320
2.21292e-320
2.19217e-320
2.17191e-320
2.15166e-320
2.1314e-320
2.11164e-320
2.54246e-320
2.50887e-320
2.47626e-320
2.44365e-320
2.41153e-320
2.37991e-320
2.34879e-320
2.31816e-320
2.28802e-320
9.70883e-319
2.3165e-315
5.58175e-312
1.3523e-308
3.29584e-305
8.08608e-302
1.99751e-298
4.96529e-295
1.24211e-291
3.12585e-288
7.9023e-285
2.00654e-281
5.11872e-278
1.31075e-274
3.36663e-271
8.6779e-268
2.24608e-264
5.8369e-261
1.52235e-257
3.98768e-254
1.05005e-250
2.78141e-247
7.41205e-244
1.98729e-240
5.36685e-237
1.46134e-233
4.01496e-230
1.11404e-226
3.12175e-223
8.83871e-220
2.53229e-216
7.34747e-213
2.16088e-209
3.58731e-208
1.52372e-207
1.61742e-206
6.59459e-205
2.27757e-203
3.81519e-202
2.33646e-201
4.11602e-201
2.0056e-201
3.65214e-202
6.56884e-203
4.66919e-175
1.19457e-174
4.9176e-175
8.94962e-176
9.54374e-177
6.77443e-178
3.44144e-179
1.31201e-180
3.88443e-182
9.1689e-184
1.76214e-185
2.80539e-187
3.75362e-189
4.27286e-191
4.18153e-193
3.54987e-195
2.63479e-197
1.72151e-199
9.96155e-202
5.1324e-204
2.36576e-206
9.79833e-209
3.66075e-211
1.23819e-213
3.8041e-216
1.06493e-218
2.72446e-221
6.3878e-224
1.37631e-226
2.73232e-229
5.01101e-232
8.51174e-235
1.34254e-237
1.9714e-240
2.70197e-243
3.46565e-246
4.17096e-249
4.72278e-252
5.04485e-255
5.09782e-258
4.88669e-261
4.45619e-264
3.87675e-267
3.22681e-270
2.57714e-273
1.9807e-276
1.4692e-279
1.05485e-282
7.35189e-286
4.98843e-289
3.30465e-292
2.14343e-295
1.36499e-298
8.55794e-302
5.29661e-305
3.24454e-308
1.97215e-311
1.19245e-314
7.16817e-318
0
0
0
0
2.83594e-320
2.80876e-320
2.78208e-320
2.7559e-320
2.72971e-320
2.70402e-320
2.67882e-320
2.65363e-320
2.62843e-320
2.60373e-320
2.57902e-320
2.55481e-320
2.5306e-320
2.50689e-320
2.48367e-320
2.46045e-320
2.43723e-320
2.4145e-320
2.39177e-320
2.36954e-320
2.34731e-320
2.32507e-320
2.30333e-320
2.28209e-320
2.26084e-320
2.2396e-320
2.21835e-320
2.1981e-320
2.17735e-320
2.15709e-320
2.13683e-320
2.11707e-320
2.09731e-320
2.07755e-320
2.50145e-320
2.46835e-320
2.43624e-320
2.40412e-320
2.373e-320
2.34187e-320
2.31124e-320
2.2811e-320
2.25096e-320
2.22132e-320
2.19266e-320
2.16351e-320
1.70828e-319
3.73306e-316
8.60938e-313
2.01085e-309
4.75759e-306
1.14082e-302
2.77234e-299
6.8177e-296
1.69603e-292
4.26803e-289
1.08513e-285
2.78396e-282
7.2085e-279
1.88421e-275
4.96923e-272
1.32116e-268
3.54242e-265
9.58514e-262
2.6182e-258
7.21773e-255
2.00758e-251
5.63907e-248
1.60084e-244
4.59531e-241
1.33478e-237
3.92193e-234
1.16597e-230
3.512e-227
1.07239e-223
3.32175e-220
1.04459e-216
3.28463e-215
1.12231e-213
8.03e-212
3.8312e-210
8.11894e-209
6.01972e-208
1.2549e-207
7.29984e-208
1.61118e-208
4.39069e-209
4.6777e-175
1.1959e-174
4.90483e-175
8.87754e-176
9.40267e-177
6.62061e-178
3.33191e-179
1.25672e-180
3.67616e-182
8.56197e-184
1.62151e-185
2.54064e-187
3.34143e-189
3.73426e-191
3.58347e-193
2.97952e-195
2.16334e-197
1.38106e-199
7.79864e-202
3.91613e-204
1.75708e-206
7.07421e-209
2.56565e-211
8.41185e-214
2.50139e-216
6.76705e-219
1.67031e-221
3.77203e-224
7.81425e-227
1.48888e-229
2.61576e-232
4.24815e-235
6.39387e-238
8.94107e-241
1.16463e-243
1.41673e-246
1.61371e-249
1.72572e-252
1.73738e-255
1.65123e-258
1.48567e-261
1.26905e-264
1.03212e-267
8.01582e-271
5.96221e-274
4.25987e-277
2.9323e-280
1.95046e-283
1.2574e-286
7.87964e-290
4.81408e-293
2.87581e-296
1.68459e-299
9.7039e-303
5.51216e-306
3.09599e-309
1.72397e-312
9.54142e-316
4.68172e-319
0
0
0
0
0
0
0
0
2.68574e-320
2.66005e-320
2.63535e-320
2.61015e-320
2.58545e-320
2.56124e-320
2.53703e-320
2.51331e-320
2.4896e-320
2.46638e-320
2.44315e-320
2.42043e-320
2.3977e-320
2.37497e-320
2.35274e-320
2.331e-320
2.30877e-320
2.28752e-320
2.26579e-320
2.24503e-320
2.22379e-320
2.20304e-320
2.18229e-320
2.16203e-320
2.14177e-320
2.12201e-320
2.10225e-320
2.08249e-320
2.06322e-320
2.04395e-320
2.46045e-320
2.42833e-320
2.39671e-320
2.36509e-320
2.33397e-320
2.30383e-320
2.27369e-320
2.24355e-320
2.2144e-320
2.18525e-320
2.1566e-320
2.12843e-320
2.10077e-320
2.0731e-320
2.04593e-320
3.02862e-319
6.83471e-316
1.60202e-312
3.79226e-309
9.0544e-306
2.17926e-302
5.28631e-299
1.29046e-295
3.16528e-292
7.80184e-289
1.93302e-285
4.81221e-282
1.20292e-278
3.02182e-275
7.6374e-272
1.94381e-268
4.98317e-265
1.28709e-261
3.35471e-258
8.83645e-255
2.35493e-251
6.35855e-248
1.7399e-244
4.82878e-241
1.36195e-237
3.90799e-234
1.14198e-230
3.40223e-227
1.03352e-223
3.25407e-221
5.3825e-219
4.13431e-217
1.22563e-215
1.18181e-214
3.0765e-214
2.22385e-214
6.16768e-215
2.77827e-215
4.68612e-175
1.19722e-174
4.89221e-175
8.80674e-176
9.26504e-177
6.4717e-178
3.22679e-179
1.20419e-180
3.48049e-182
7.99888e-184
1.49284e-185
2.30207e-187
2.97609e-189
3.26531e-191
3.07258e-193
2.50209e-195
1.77712e-197
1.10843e-199
6.10781e-202
2.98911e-204
1.30535e-206
5.10826e-209
1.79821e-211
5.714e-214
1.64426e-216
4.2976e-219
1.02313e-221
2.22462e-224
4.42912e-227
8.09491e-230
1.3615e-232
2.11253e-235
3.03136e-238
4.03274e-241
4.98637e-244
5.74513e-247
6.18411e-250
6.23553e-253
5.90564e-256
5.2682e-259
4.43904e-262
3.54322e-265
2.68697e-268
1.94165e-271
1.341e-274
8.8788e-278
5.6529e-281
3.47143e-284
2.06252e-287
1.18922e-290
6.67457e-294
3.65752e-297
1.96265e-300
1.03435e-303
5.36921e-307
2.75292e-310
1.39802e-313
7.04618e-317
0
0
0
0
0
0
0
0
0
0
0
0
0
2.54296e-320
2.51924e-320
2.49553e-320
2.47181e-320
2.44859e-320
2.42586e-320
2.40314e-320
2.38041e-320
2.35818e-320
2.33594e-320
2.3142e-320
2.29246e-320
2.27073e-320
2.24948e-320
2.22873e-320
2.20798e-320
2.18723e-320
2.16697e-320
2.14672e-320
2.12646e-320
2.1067e-320
2.08693e-320
2.06766e-320
2.0484e-320
2.02913e-320
2.01035e-320
2.41993e-320
2.38831e-320
2.35719e-320
2.32606e-320
2.29592e-320
2.26579e-320
2.23614e-320
2.2065e-320
2.17784e-320
2.14919e-320
2.12102e-320
2.09336e-320
2.06569e-320
2.03901e-320
2.01233e-320
1.98565e-320
1.95996e-320
1.93427e-320
8.58913e-319
2.15585e-315
5.5624e-312
1.44892e-308
3.80238e-305
1.0027e-301
2.6546e-298
7.0517e-295
1.87707e-291
4.9993e-288
1.33257e-284
3.55746e-281
9.51628e-278
2.5503e-274
6.84617e-271
1.84349e-267
4.98569e-264
1.3555e-260
3.70939e-257
1.02171e-253
2.8345e-250
7.93649e-247
2.24508e-243
6.4227e-240
1.86027e-236
5.45514e-233
1.62113e-229
1.44366e-226
2.42457e-224
1.18693e-222
1.65388e-221
5.78578e-221
5.47588e-221
2.00157e-221
1.6444e-221
4.69439e-175
1.19852e-174
4.87982e-175
8.73764e-176
9.13162e-177
6.32844e-178
3.12656e-179
1.15459e-180
3.29783e-182
7.47976e-184
1.37585e-185
2.08843e-187
2.65427e-189
2.85947e-191
2.63878e-193
2.10482e-195
1.46258e-197
8.91403e-200
4.7937e-202
2.28663e-204
9.72022e-207
3.69763e-209
1.26348e-211
3.89134e-214
1.08362e-216
2.73628e-219
6.28268e-222
1.31509e-224
2.51581e-227
4.4093e-230
7.09694e-233
1.05152e-235
1.43762e-238
1.81804e-241
2.13186e-244
2.32381e-247
2.36071e-250
2.24093e-253
1.99311e-256
1.66555e-259
1.31142e-262
9.75768e-266
6.88119e-269
4.61323e-272
2.94921e-275
1.80349e-278
1.05826e-281
5.97738e-285
3.26016e-288
1.72246e-291
8.84307e-295
4.42545e-298
2.16547e-301
1.03922e-304
4.90594e-308
2.28492e-311
1.05292e-314
4.77171e-318
0
0
0
0
0
0
0
0
0
0
0
0
0
0
0
0
2.4308e-320
2.40808e-320
2.38535e-320
2.36312e-320
2.34088e-320
2.31865e-320
2.29691e-320
2.27567e-320
2.25442e-320
2.23318e-320
2.21243e-320
2.19168e-320
2.17092e-320
2.15067e-320
2.13041e-320
2.11065e-320
2.09089e-320
2.07162e-320
2.05235e-320
2.03308e-320
2.01381e-320
1.99504e-320
1.97676e-320
2.37991e-320
2.34829e-320
2.31766e-320
2.28752e-320
2.25739e-320
2.22774e-320
2.19859e-320
2.16994e-320
2.14128e-320
2.11312e-320
2.08545e-320
2.05828e-320
2.0316e-320
2.00492e-320
1.97824e-320
1.95255e-320
1.92686e-320
1.90166e-320
1.87696e-320
1.85225e-320
1.82804e-320
2.23688e-318
6.45197e-315
1.87339e-311
5.47829e-308
1.6107e-304
4.74949e-301
1.40092e-297
4.13146e-294
1.21849e-290
3.59425e-287
1.05978e-283
3.12216e-280
9.20292e-277
2.71754e-273
8.04635e-270
2.39189e-266
7.13745e-263
2.13946e-259
6.45599e-256
1.96327e-252
6.02268e-249
1.8659e-245
5.83717e-242
1.84538e-238
5.90839e-235
5.56558e-232
6.25475e-230
1.49648e-228
7.83108e-228
1.04235e-227
5.36172e-228
8.92789e-228
4.70246e-175
1.19978e-174
4.86773e-175
8.67066e-176
9.00315e-177
6.19156e-178
3.03162e-179
1.10808e-180
3.12841e-182
7.00423e-184
1.27015e-185
1.89828e-187
2.37248e-189
2.51032e-191
2.27253e-193
1.77609e-195
1.20779e-197
7.19521e-200
3.77747e-202
1.75685e-204
7.27199e-207
2.68994e-209
8.92499e-212
2.66502e-214
7.1837e-217
1.75298e-219
3.88273e-222
7.8255e-225
1.43862e-227
2.41797e-230
3.72415e-233
5.26821e-236
6.86053e-239
8.24368e-242
9.16187e-245
9.4407e-248
9.04212e-251
8.07061e-254
6.73089e-257
5.25978e-260
3.86213e-263
2.67254e-266
1.74809e-269
1.08413e-272
6.39503e-276
3.59941e-279
1.93932e-282
1.00349e-285
5.0031e-289
2.4113e-292
1.12711e-295
5.12616e-299
2.27575e-302
9.89322e-306
4.22461e-309
1.77746e-312
7.38979e-316
2.52828e-319
0
0
0
0
0
0
0
0
0
0
0
0
0
0
0
0
0
0
0
0
2.30136e-320
2.27962e-320
2.25837e-320
2.23713e-320
2.21638e-320
2.19563e-320
2.17488e-320
2.15462e-320
2.13436e-320
2.1146e-320
2.09484e-320
2.07508e-320
2.05581e-320
2.03654e-320
2.01727e-320
1.9985e-320
1.98022e-320
1.96144e-320
1.94316e-320
2.3394e-320
2.30877e-320
2.27863e-320
2.24849e-320
2.21934e-320
2.19019e-320
2.16154e-320
2.13338e-320
2.10521e-320
2.07755e-320
2.05037e-320
2.02369e-320
1.99701e-320
1.97083e-320
1.94514e-320
1.91945e-320
1.89425e-320
1.86954e-320
1.84484e-320
1.82063e-320
1.79692e-320
1.7732e-320
1.74998e-320
1.72725e-320
5.33524e-318
1.75073e-314
5.79267e-311
1.92133e-307
6.37616e-304
2.11554e-300
7.01279e-297
2.31974e-293
7.65006e-290
2.51848e-286
8.28703e-283
2.7279e-279
8.99499e-276
2.97038e-272
9.83039e-269
3.26832e-265
1.09288e-261
3.67953e-258
1.24895e-254
4.273e-251
1.47481e-247
5.14678e-244
1.81727e-240
1.29798e-237
7.47884e-236
6.95945e-235
1.44587e-234
1.14994e-234
4.31808e-234
4.71029e-175
1.201e-174
4.85603e-175
8.60619e-176
8.88032e-177
6.06168e-178
2.94231e-179
1.06475e-180
2.97232e-182
6.5715e-184
1.17526e-185
1.73009e-187
2.1272e-189
2.21163e-191
1.96497e-193
1.50545e-195
1.00239e-197
5.83999e-200
2.9948e-202
1.3588e-204
5.4798e-207
1.97222e-209
6.35773e-212
1.84172e-214
4.80851e-217
1.13461e-219
2.4257e-222
4.71001e-225
8.32517e-228
1.3425e-230
1.97941e-233
2.67419e-236
3.31769e-239
3.78812e-242
3.98974e-245
3.88518e-248
3.50651e-251
2.94054e-254
2.29723e-257
1.67643e-260
1.14604e-263
7.36073e-267
4.45514e-270
2.54906e-273
1.38314e-276
7.14069e-280
3.51925e-283
1.66135e-286
7.53781e-290
3.29826e-293
1.39656e-296
5.74171e-300
2.29978e-303
9.00406e-307
3.45709e-310
1.30585e-313
4.86213e-317
0
0
0
0
0
0
0
0
0
0
0
0
0
0
0
0
0
0
0
0
0
0
0
0
0
2.17834e-320
2.15808e-320
2.13782e-320
2.11757e-320
2.0978e-320
2.07853e-320
2.05877e-320
2.0395e-320
2.02073e-320
2.00195e-320
1.98318e-320
1.96441e-320
1.94612e-320
1.92784e-320
1.91006e-320
2.29938e-320
2.26924e-320
2.2396e-320
2.21045e-320
2.1813e-320
2.15264e-320
2.12448e-320
2.09681e-320
2.06915e-320
2.04197e-320
2.01529e-320
1.98911e-320
1.96292e-320
1.93723e-320
1.91154e-320
1.88684e-320
1.86213e-320
1.83743e-320
1.81322e-320
1.78951e-320
1.76628e-320
1.74306e-320
1.72034e-320
1.69761e-320
1.67538e-320
1.65314e-320
1.6319e-320
1.33653e-317
4.15361e-314
1.57203e-310
5.96411e-307
2.25599e-303
8.49197e-300
3.18414e-296
1.19057e-292
4.44246e-289
1.65647e-285
6.16953e-282
2.29688e-278
8.5706e-275
3.20925e-271
1.20737e-267
4.57035e-264
1.74029e-260
6.67238e-257
2.58236e-253
1.00949e-249
3.989e-246
1.5257e-243
3.51333e-242
1.34558e-241
1.90711e-241
1.78658e-240
4.71781e-175
1.20217e-174
4.84478e-175
8.54462e-176
8.76379e-177
5.93938e-178
2.85893e-179
1.02468e-180
2.82956e-182
6.18043e-184
1.09063e-185
1.58226e-187
1.91499e-189
1.95755e-191
1.70806e-193
1.28369e-195
8.37499e-198
4.77545e-200
2.39393e-202
1.06051e-204
4.17049e-207
1.46174e-209
4.58249e-212
1.28905e-214
3.26303e-217
7.45248e-220
1.53944e-222
2.88268e-225
4.90391e-228
7.59467e-231
1.07296e-233
1.38563e-236
1.63903e-239
1.77953e-242
1.77716e-245
1.6361e-248
1.39172e-251
1.09648e-254
8.02126e-258
5.46298e-261
3.47348e-264
2.06779e-267
1.15602e-270
6.08851e-274
3.03076e-277
1.43068e-280
6.42651e-284
2.75653e-287
1.13304e-290
4.47885e-294
1.70876e-297
6.31446e-301
2.26812e-304
7.94675e-308
2.72519e-311
9.17806e-315
2.98648e-318
0
0
0
0
0
0
0
0
0
0
0
0
0
0
0
0
0
0
0
0
0
0
0
0
0
0
0
0
2.0815e-320
2.06174e-320
2.04247e-320
2.0232e-320
2.00442e-320
1.98565e-320
1.96737e-320
1.94859e-320
1.93081e-320
1.91253e-320
1.89474e-320
1.87696e-320
2.25986e-320
2.23021e-320
2.20106e-320
2.17191e-320
2.14375e-320
2.11559e-320
2.08792e-320
2.06025e-320
2.03357e-320
2.00689e-320
1.98071e-320
1.95452e-320
1.92883e-320
1.90363e-320
1.87844e-320
1.85423e-320
1.82953e-320
1.80581e-320
1.78209e-320
1.75887e-320
1.73565e-320
1.71293e-320
1.6902e-320
1.66846e-320
1.64623e-320
1.62498e-320
1.60324e-320
2.45268e-318
1.17448e-316
1.71849e-316
1.38886e-315
1.70207e-313
3.57422e-310
1.4955e-306
6.47627e-303
2.79523e-299
1.20286e-295
5.15667e-292
2.20371e-288
9.41604e-285
4.02774e-281
1.72702e-277
7.43462e-274
3.21229e-270
1.39459e-266
6.10081e-263
2.6911e-259
1.19785e-255
5.38791e-252
7.71375e-250
7.41613e-249
2.34994e-248
5.99449e-247
4.72499e-175
1.20328e-174
4.83408e-175
8.48634e-176
8.65419e-177
5.82521e-178
2.78173e-179
9.87938e-181
2.69999e-182
5.82963e-184
1.0157e-185
1.4532e-187
1.73252e-189
1.74264e-191
1.49453e-193
1.10281e-195
7.05645e-198
3.94186e-200
1.93373e-202
8.37324e-205
3.21468e-207
1.0986e-209
3.35361e-212
9.17284e-215
2.25436e-217
4.99078e-220
9.97576e-223
1.80423e-225
2.95863e-228
4.40744e-231
5.97595e-234
7.38864e-237
8.34599e-240
8.62933e-243
8.18306e-246
7.13149e-249
5.72399e-252
4.2408e-255
2.90709e-258
1.84851e-261
1.09319e-264
6.02979e-268
3.1112e-271
1.50637e-274
6.86632e-278
2.95654e-281
1.20679e-284
4.68635e-288
1.73776e-291
6.17618e-295
2.11182e-298
6.97326e-302
2.23196e-305
6.95053e-309
2.11358e-312
6.29826e-316
1.6153e-319
0
0
0
0
0
0
0
0
0
0
0
0
0
0
0
0
0
0
0
0
0
0
0
0
0
0
0
0
0
0
0
0
1.96935e-320
1.95107e-320
1.93278e-320
1.9145e-320
1.89672e-320
1.87893e-320
1.86164e-320
1.84435e-320
2.22033e-320
2.19118e-320
2.16253e-320
2.13436e-320
2.1062e-320
2.07853e-320
2.05136e-320
2.02419e-320
1.998e-320
1.97182e-320
1.94563e-320
1.92043e-320
1.89524e-320
1.87053e-320
1.84583e-320
1.82162e-320
1.7979e-320
1.77419e-320
1.75097e-320
1.72775e-320
1.70502e-320
1.68279e-320
1.66055e-320
1.63882e-320
1.61757e-320
1.59633e-320
1.57508e-320
2.44079e-318
1.17584e-316
1.71941e-316
1.37271e-315
9.19147e-314
1.42959e-311
1.39186e-309
1.40515e-307
3.34489e-306
5.06739e-306
1.57282e-302
7.68643e-299
3.75745e-295
1.83903e-291
9.02204e-288
4.44334e-284
2.19552e-280
1.08957e-276
5.44777e-273
2.74585e-269
1.39613e-265
7.1708e-262
3.71951e-258
1.95826e-256
2.0484e-255
1.52166e-253
4.73177e-175
1.20433e-174
4.82398e-175
8.4317e-176
8.55209e-177
5.71961e-178
2.71091e-179
9.54536e-181
2.58341e-182
5.51757e-184
9.49865e-186
1.34133e-187
1.57667e-189
1.56196e-191
1.31801e-193
9.55931e-196
6.00596e-198
3.29095e-200
1.58192e-202
6.70467e-205
2.51668e-207
8.39889e-210
2.50059e-212
6.66194e-215
1.59246e-217
3.42373e-220
6.63512e-223
1.16145e-225
1.83985e-228
2.64225e-231
3.44616e-234
4.08893e-237
4.42117e-240
4.36386e-243
3.93895e-246
3.25737e-249
2.47271e-252
1.72658e-255
1.11136e-258
6.60976e-262
3.64136e-265
1.86313e-268
8.87889e-272
3.95294e-275
1.64938e-278
6.47176e-282
2.39641e-285
8.40488e-289
2.80274e-292
8.92073e-296
2.72084e-299
7.98402e-303
2.26304e-306
6.2207e-310
1.66482e-313
4.34968e-317
0
0
0
0
0
0
0
0
0
0
0
0
0
0
0
0
0
0
0
0
0
0
0
0
0
0
0
0
0
0
0
0
0
0
0
0
1.88091e-320
1.86312e-320
1.84583e-320
1.82854e-320
1.81174e-320
2.1813e-320
2.15264e-320
2.12448e-320
2.09632e-320
2.06915e-320
2.04197e-320
2.0148e-320
1.98861e-320
1.96243e-320
1.93674e-320
1.91154e-320
1.88634e-320
1.86164e-320
1.83743e-320
1.81322e-320
1.78951e-320
1.76579e-320
1.74257e-320
1.71984e-320
1.69712e-320
1.67488e-320
1.65314e-320
1.6314e-320
1.61016e-320
1.58892e-320
1.56816e-320
1.54741e-320
2.44336e-318
1.17716e-316
1.72002e-316
1.37418e-315
9.20283e-314
1.43138e-311
1.3936e-309
1.40692e-307
3.34832e-306
1.85699e-306
1.61326e-306
3.49444e-306
2.30712e-305
9.28662e-302
4.52768e-298
2.24653e-294
1.13307e-290
5.81293e-287
3.04182e-283
1.62299e-279
8.82684e-276
4.89524e-272
2.76408e-268
1.58862e-264
1.17278e-262
2.66206e-260
4.73811e-175
1.2053e-174
4.81457e-175
8.38104e-176
8.45804e-177
5.62301e-178
2.64664e-179
9.24485e-181
2.47955e-182
5.24256e-184
8.92534e-186
1.24517e-187
1.44456e-189
1.41108e-191
1.17295e-193
8.37255e-196
5.17228e-198
2.78408e-200
1.31338e-202
5.45756e-205
2.0064e-207
6.55103e-210
1.90603e-212
4.95631e-215
1.15486e-217
2.41686e-220
4.55236e-223
7.73242e-226
1.18647e-228
1.64735e-231
2.07296e-234
2.36779e-237
2.4587e-240
2.32459e-243
2.00423e-246
1.5784e-249
1.13735e-252
7.51222e-256
4.55702e-259
2.54411e-262
1.31012e-265
6.23826e-269
2.75379e-272
1.13016e-275
4.32531e-279
1.5487e-282
5.20589e-286
1.64885e-289
4.93953e-293
1.40519e-296
3.81161e-300
9.89975e-304
2.47242e-307
5.96285e-311
1.3946e-314
3.12087e-318
0
0
0
0
0
0
0
0
0
0
0
0
0
0
0
0
0
0
0
0
0
0
0
0
0
0
0
0
0
0
0
0
0
0
0
0
0
0
0
1.79593e-320
1.77913e-320
2.14227e-320
2.11411e-320
2.08644e-320
2.05877e-320
2.03209e-320
2.00541e-320
1.97923e-320
1.95304e-320
1.92735e-320
1.90215e-320
1.87745e-320
1.85275e-320
1.82854e-320
1.80433e-320
1.78061e-320
1.75739e-320
1.73417e-320
1.71144e-320
1.68921e-320
1.66698e-320
1.64524e-320
1.6235e-320
1.60225e-320
1.58101e-320
1.56026e-320
1.54e-320
1.51975e-320
2.44459e-318
1.17842e-316
1.72105e-316
1.37549e-315
9.21296e-314
1.43298e-311
1.39516e-309
1.40849e-307
3.35197e-306
1.85529e-306
1.61299e-306
3.4925e-306
3.72977e-306
1.08707e-305
5.57335e-305
3.35015e-303
1.52115e-299
7.04308e-296
3.28021e-292
1.53859e-288
7.27743e-285
3.47813e-281
1.67897e-277
8.19336e-274
3.77606e-270
2.80272e-267
4.74396e-175
1.2062e-174
4.80591e-175
8.33469e-176
8.3725e-177
5.53576e-178
2.58902e-179
8.97774e-181
2.38809e-182
5.00288e-184
8.43129e-186
1.16331e-187
1.33357e-189
1.28609e-191
1.05455e-193
7.41922e-196
4.51371e-198
2.39068e-200
1.10879e-202
4.5258e-205
1.63289e-207
5.22723e-210
1.48962e-212
3.78978e-215
8.62962e-218
1.7627e-220
3.23626e-223
5.35021e-226
7.97767e-229
1.07455e-231
1.30933e-234
1.44526e-237
1.44714e-240
1.3162e-243
1.08887e-246
8.20513e-250
5.64012e-253
3.54211e-256
2.03579e-259
1.07272e-262
5.19242e-266
2.31375e-269
9.51339e-273
3.61853e-276
1.27676e-279
4.19147e-283
1.28443e-286
3.68679e-290
9.94918e-294
2.53411e-297
6.11708e-301
1.40539e-304
3.08669e-308
6.50997e-312
1.32413e-315
1.80275e-319
0
0
0
0
0
0
0
0
0
0
0
0
0
0
0
0
0
0
0
0
0
0
0
0
0
0
0
0
0
0
0
0
0
0
0
0
0
0
0
0
0
0
0
2.04889e-320
2.02172e-320
1.99504e-320
1.96935e-320
1.94316e-320
1.91796e-320
1.89277e-320
1.86806e-320
1.84336e-320
1.81915e-320
1.79543e-320
1.77172e-320
1.7485e-320
1.72577e-320
1.70304e-320
1.68081e-320
1.65858e-320
1.63684e-320
1.6151e-320
1.59435e-320
1.57311e-320
1.55235e-320
1.5321e-320
1.51184e-320
1.49208e-320
2.44452e-318
1.17961e-316
1.72159e-316
1.3767e-315
9.22187e-314
1.43439e-311
1.39653e-309
1.40988e-307
3.35518e-306
1.85379e-306
1.61274e-306
3.4944e-306
3.73001e-306
1.08778e-305
5.50681e-305
6.17727e-305
1.74429e-305
3.69645e-304
1.91515e-300
1.01149e-296
5.35391e-293
2.84791e-289
1.52244e-285
8.1931e-282
4.45809e-278
1.41495e-274
4.74928e-175
1.20701e-174
4.79806e-175
8.29292e-176
8.29589e-177
5.45813e-178
2.53814e-179
8.74374e-181
2.30868e-182
4.79679e-184
8.01092e-186
1.09444e-187
1.24133e-189
1.18356e-191
9.58773e-194
6.65915e-196
3.99665e-198
2.08676e-200
9.5339e-203
3.83056e-205
1.35933e-207
4.27647e-210
1.19661e-212
2.98646e-215
6.66444e-218
1.33265e-220
2.39245e-223
3.86269e-226
5.6173e-229
7.36841e-232
8.72973e-235
9.353e-238
9.07289e-241
7.97806e-244
6.36676e-247
4.61669e-250
3.04563e-253
1.83033e-256
1.00346e-259
5.02636e-263
2.30413e-266
9.68395e-270
3.73902e-273
1.32917e-276
4.36077e-280
1.32392e-283
3.73016e-287
9.78421e-291
2.39736e-294
5.50722e-298
1.19074e-301
2.43317e-305
4.71933e-309
8.72762e-313
1.54344e-316
0
0
0
0
0
0
0
0
0
0
0
0
0
0
0
0
0
0
0
0
0
0
0
0
0
0
0
0
0
0
0
0
0
0
0
0
0
0
0
0
0
0
0
0
0
0
0
1.93328e-320
1.90759e-320
1.88288e-320
1.85818e-320
1.83348e-320
1.80976e-320
1.78605e-320
1.76233e-320
1.73961e-320
1.71638e-320
1.69415e-320
1.67192e-320
1.64969e-320
1.62844e-320
1.6067e-320
1.58595e-320
1.5652e-320
1.54445e-320
1.52419e-320
1.50394e-320
1.48417e-320
1.4649e-320
2.44317e-318
1.18058e-316
1.72177e-316
1.3777e-315
9.22956e-314
1.4356e-311
1.39771e-309
1.41109e-307
3.35796e-306
1.85249e-306
1.61253e-306
3.49604e-306
3.73022e-306
1.0884e-305
5.51068e-305
6.17785e-305
1.73354e-305
6.86369e-306
1.94602e-305
7.73093e-305
2.09266e-301
1.3145e-297
8.24987e-294
5.18165e-290
3.27233e-286
2.07815e-282
4.75402e-175
1.20774e-174
4.79109e-175
8.256e-176
8.22856e-177
5.39034e-178
2.49401e-179
8.54239e-181
2.24092e-182
4.62251e-184
7.65892e-186
1.03738e-187
1.16575e-189
1.10054e-191
8.82185e-194
6.05936e-196
3.59424e-198
1.85365e-200
8.35991e-203
3.31359e-205
1.15927e-207
3.59313e-210
9.89821e-213
2.43019e-215
5.33056e-218
1.04681e-220
1.84384e-223
2.91778e-226
4.15424e-229
5.32863e-232
6.16529e-235
6.44164e-238
6.08433e-241
5.20058e-244
4.02678e-247
2.82735e-250
1.80209e-253
1.04383e-256
5.50109e-260
2.64115e-263
1.15681e-266
4.62938e-270
1.69552e-273
5.69391e-277
1.75687e-280
4.99201e-284
1.30949e-287
3.17986e-291
7.16948e-295
1.50574e-298
2.95602e-302
5.44491e-306
9.44773e-310
1.55076e-313
2.39563e-317
0
0
0
0
0
0
0
0
0
0
0
0
0
0
0
0
0
0
0
0
0
0
0
0
0
0
0
0
0
0
0
0
0
0
0
0
0
0
0
0
0
0
0
0
0
0
0
0
0
0
1.8236e-320
1.79988e-320
1.77617e-320
1.75294e-320
1.72972e-320
1.70749e-320
1.68476e-320
1.66253e-320
1.64079e-320
1.61955e-320
1.5983e-320
1.57706e-320
1.55631e-320
1.53605e-320
1.51579e-320
1.49603e-320
1.47627e-320
1.457e-320
1.43773e-320
2.44058e-318
1.18144e-316
1.72214e-316
1.37856e-315
9.23608e-314
1.43663e-311
1.39872e-309
1.41211e-307
3.36032e-306
1.85138e-306
1.61235e-306
3.49744e-306
3.73039e-306
1.08894e-305
5.51397e-305
6.17835e-305
1.73023e-305
6.85589e-306
1.94643e-305
4.40433e-305
1.69489e-305
8.47604e-306
1.23853e-302
9.57852e-299
7.42308e-295
5.76233e-291
4.75817e-175
1.20837e-174
4.78503e-175
8.22411e-176
8.17075e-177
5.33251e-178
2.45662e-179
8.37301e-181
2.18437e-182
4.47828e-184
7.37022e-186
9.91025e-188
1.10497e-189
1.03449e-191
8.21926e-194
5.59295e-196
3.28513e-198
1.67685e-200
7.48134e-203
2.93204e-205
1.01374e-207
3.10348e-210
8.43952e-213
2.04421e-215
4.42078e-218
8.55327e-221
1.48322e-223
2.30887e-226
3.23093e-229
4.06942e-232
4.61857e-235
4.72834e-238
4.37079e-241
3.65144e-244
2.7594e-247
1.88799e-250
1.17062e-253
6.58381e-257
3.36213e-260
1.56062e-263
6.59233e-267
2.53746e-270
8.91249e-274
2.86106e-277
8.40906e-281
2.26728e-284
5.62001e-288
1.28372e-291
2.70912e-295
5.29712e-299
9.62577e-303
1.63096e-306
2.58581e-310
3.85042e-314
5.1646e-318
0
0
0
0
0
0
0
0
0
0
0
0
0
0
0
0
0
0
0
0
0
0
0
0
0
0
0
0
0
0
0
0
0
0
0
0
0
0
0
0
0
0
0
0
0
0
0
0
0
0
0
0
0
1.72034e-320
1.69761e-320
1.67538e-320
1.65364e-320
1.6319e-320
1.61016e-320
1.58941e-320
1.56816e-320
1.54791e-320
1.52765e-320
1.50739e-320
1.48763e-320
1.46787e-320
1.4486e-320
1.42983e-320
1.41105e-320
2.43679e-318
1.18205e-316
1.72225e-316
1.37926e-315
9.24145e-314
1.43748e-311
1.39955e-309
1.41295e-307
3.36227e-306
1.85046e-306
1.61221e-306
3.49859e-306
3.73054e-306
1.08938e-305
5.51671e-305
6.17876e-305
1.72748e-305
6.84944e-306
1.94721e-305
4.40585e-305
1.69321e-305
6.87716e-306
6.71868e-306
5.32895e-306
3.80132e-304
3.77616e-300
4.76168e-175
1.2089e-174
4.77992e-175
8.19739e-176
8.12261e-177
5.28466e-178
2.42589e-179
8.23473e-181
2.13854e-182
4.3623e-184
7.13994e-186
9.54368e-188
1.05734e-189
9.83203e-192
7.75599e-194
5.23801e-196
3.05237e-198
1.54518e-200
6.83442e-203
2.65439e-205
9.09125e-208
2.75595e-210
7.41785e-213
1.77756e-215
3.80125e-218
7.26878e-221
1.24507e-223
1.91332e-226
2.6414e-229
3.27985e-232
3.66708e-235
3.69538e-238
3.35941e-241
2.75744e-244
2.04522e-247
1.37188e-250
8.32879e-254
4.58039e-257
2.2838e-260
1.03337e-263
4.24763e-267
1.58788e-270
5.40526e-274
1.67782e-277
4.75643e-281
1.23359e-284
2.93257e-288
6.40365e-292
1.2874e-295
2.38895e-299
4.10295e-303
6.54129e-307
9.71139e-311
1.34703e-314
1.54444e-318
0
0
0
0
0
0
0
0
0
0
0
0
0
0
0
0
0
0
0
0
0
0
0
0
0
0
0
0
0
0
0
0
0
0
0
0
0
0
0
0
0
0
0
0
0
0
0
0
0
0
0
0
0
0
0
0
1.62251e-320
1.60077e-320
1.58002e-320
1.55927e-320
1.53901e-320
1.51876e-320
1.4985e-320
1.47874e-320
1.45947e-320
1.4402e-320
1.42143e-320
1.40265e-320
1.38437e-320
2.44548e-318
1.18254e-316
1.72276e-316
1.37985e-315
9.24575e-314
1.43816e-311
1.40021e-309
1.41362e-307
3.36383e-306
1.84972e-306
1.61209e-306
3.49952e-306
3.73065e-306
1.08973e-305
5.5189e-305
6.17909e-305
1.72527e-305
6.84426e-306
1.94783e-305
4.40706e-305
1.69186e-305
6.8722e-306
6.71859e-306
5.29049e-306
1.83268e-306
5.40885e-307
4.76455e-175
1.20933e-174
4.77579e-175
8.17591e-176
8.08414e-177
5.24665e-178
2.40164e-179
8.12636e-181
2.10286e-182
4.27265e-184
6.96327e-186
9.26458e-188
1.02136e-189
9.44778e-192
7.41178e-194
4.97655e-196
2.88244e-198
1.44993e-200
6.37084e-203
2.45736e-205
8.35631e-208
2.51432e-210
6.71513e-213
1.59619e-215
3.38472e-218
6.41553e-221
1.08885e-223
1.65723e-226
2.26493e-229
2.78285e-232
3.07711e-235
3.06497e-238
2.75239e-241
2.23021e-244
1.63179e-247
1.07891e-250
6.45112e-254
3.49092e-257
1.71099e-260
7.60204e-264
3.06474e-267
1.12224e-270
3.73683e-274
1.13293e-277
3.1319e-281
7.90691e-285
1.8263e-288
3.86683e-292
7.52135e-296
1.34716e-299
2.22762e-303
3.41007e-307
4.847e-311
6.41608e-315
5.44515e-319
0
0
0
0
0
0
0
0
0
0
0
0
0
0
0
0
0
0
0
0
0
0
0
0
0
0
0
0
0
0
0
0
0
0
0
0
0
0
0
0
0
0
0
0
0
0
0
0
0
0
0
0
0
0
0
0
0
0
0
1.52963e-320
1.50937e-320
1.48961e-320
1.47034e-320
1.45058e-320
1.4318e-320
1.41303e-320
1.39425e-320
1.37597e-320
1.35819e-320
2.43911e-318
1.18303e-316
1.72297e-316
1.38029e-315
9.24904e-314
1.43868e-311
1.40072e-309
1.41414e-307
3.36503e-306
1.84916e-306
1.612e-306
3.50023e-306
3.73074e-306
1.09001e-305
5.52059e-305
6.17934e-305
1.72357e-305
6.84029e-306
1.94832e-305
4.408e-305
1.69083e-305
6.86838e-306
6.71854e-306
5.28995e-306
1.83137e-306
5.39822e-307
4.76676e-175
1.20966e-174
4.77264e-175
8.15962e-176
8.05516e-177
5.21821e-178
2.3836e-179
8.04627e-181
2.07666e-182
4.20725e-184
6.83522e-186
9.06364e-188
9.95631e-190
9.1749e-192
7.16903e-194
4.79348e-196
2.76432e-198
1.3842e-200
6.05341e-203
2.32349e-205
7.86093e-208
2.35279e-210
6.24928e-213
1.477e-215
3.11343e-218
5.86495e-221
9.89016e-224
1.49521e-226
2.02922e-229
2.47506e-232
2.71589e-235
2.68356e-238
2.3897e-241
1.91931e-244
1.39133e-247
9.10983e-251
5.39119e-254
2.88581e-257
1.39825e-260
6.13743e-264
2.44262e-267
8.82303e-271
2.89563e-274
8.64491e-278
2.35106e-281
5.83333e-285
1.32269e-288
2.74608e-292
5.231e-296
9.16365e-300
1.47995e-303
2.20947e-307
3.05804e-311
3.93496e-315
1.85774e-319
0
0
0
0
0
0
0
0
0
0
0
0
0
0
0
0
0
0
0
0
0
0
0
0
0
0
0
0
0
0
0
0
0
0
0
0
0
0
0
0
0
0
0
0
0
0
0
0
0
0
0
0
0
0
0
0
0
0
0
0
0
0
1.44168e-320
1.42291e-320
1.40413e-320
1.38585e-320
1.36757e-320
1.34979e-320
1.332e-320
2.44478e-318
1.18324e-316
1.72311e-316
1.38061e-315
9.2514e-314
1.43906e-311
1.40109e-309
1.41451e-307
3.3659e-306
1.84875e-306
1.61194e-306
3.50075e-306
3.7308e-306
1.0902e-305
5.52181e-305
6.17952e-305
1.72234e-305
6.83741e-306
1.94867e-305
4.40868e-305
1.69008e-305
6.86561e-306
6.7185e-306
5.28955e-306
1.83043e-306
5.3947e-307
4.76832e-175
1.2099e-174
4.77044e-175
8.14834e-176
8.03523e-177
5.19878e-178
2.37136e-179
7.99223e-181
2.0591e-182
4.16365e-184
6.75035e-186
8.93121e-188
9.78769e-190
8.99708e-192
7.01174e-194
4.67554e-196
2.68865e-198
1.34235e-200
5.85243e-203
2.23924e-205
7.55102e-208
2.25236e-210
5.96146e-213
1.40384e-215
2.94799e-218
5.53149e-221
9.28975e-224
1.39848e-226
1.88956e-229
2.29411e-232
2.50526e-235
2.46304e-238
2.18186e-241
1.74279e-244
1.25613e-247
8.17515e-251
4.80753e-254
2.55631e-257
1.22996e-260
5.35904e-264
2.1163e-267
7.58183e-271
2.4668e-274
7.29754e-278
1.96552e-281
4.82716e-285
1.08279e-288
2.2225e-292
4.18292e-296
7.23506e-300
1.15291e-303
1.69708e-307
2.31418e-311
2.93135e-315
4.55479e-320
0
0
0
0
0
0
0
0
0
0
0
0
0
0
0
0
0
0
0
0
0
0
0
0
0
0
0
0
0
0
0
0
0
0
0
0
0
0
0
0
0
0
0
0
0
0
0
0
0
0
0
0
0
0
0
0
0
0
0
0
0
0
0
0
1.37696e-320
1.35868e-320
1.34089e-320
1.3236e-320
1.30582e-320
2.43599e-318
1.18341e-316
1.72292e-316
1.38083e-315
9.25294e-314
1.4393e-311
1.40133e-309
1.41476e-307
3.36646e-306
1.84848e-306
1.6119e-306
3.50109e-306
3.73084e-306
1.09033e-305
5.52261e-305
6.17964e-305
1.72153e-305
6.83552e-306
1.9489e-305
4.40913e-305
1.68958e-305
6.86378e-306
6.71847e-306
5.2893e-306
1.8298e-306
5.39236e-307
4.76927e-175
1.21003e-174
4.76913e-175
8.14167e-176
8.02353e-177
5.18745e-178
2.36427e-179
7.96112e-181
2.04904e-182
4.13882e-184
6.70226e-186
8.85653e-188
9.69306e-190
8.89773e-192
6.92426e-194
4.61023e-196
2.64693e-198
1.31937e-200
5.74256e-203
2.19338e-205
7.38306e-208
2.19816e-210
5.80683e-213
1.36471e-215
2.85993e-218
5.35482e-221
8.97318e-224
1.34773e-226
1.81666e-229
2.20016e-232
2.3965e-235
2.34982e-238
2.07577e-241
1.65323e-244
1.18797e-247
7.70708e-251
4.51725e-254
2.39363e-257
1.14749e-260
4.98062e-264
1.95898e-267
6.98861e-271
2.26372e-274
6.66554e-278
1.78651e-281
4.3649e-285
9.73793e-289
1.98741e-292
3.71812e-296
6.39078e-300
1.01169e-303
1.47895e-307
2.00224e-311
2.51704e-315
0
0
0
0
0
0
0
0
0
0
0
0
0
0
0
0
0
0
0
0
0
0
0
0
0
0
0
0
0
0
0
0
0
0
0
0
0
0
0
0
0
0
0
0
0
0
0
0
0
0
0
0
0
0
0
0
0
0
0
0
0
0
0
0
0
0
0
0
1.29742e-320
1.28062e-320
2.4388e-318
1.18342e-316
1.72299e-316
1.38098e-315
9.25381e-314
1.43944e-311
1.40146e-309
1.41489e-307
3.36678e-306
1.84833e-306
1.61187e-306
3.50128e-306
3.73087e-306
1.0904e-305
5.52306e-305
6.17971e-305
1.72107e-305
6.83445e-306
1.94903e-305
4.40938e-305
1.6893e-305
6.86275e-306
6.71845e-306
5.28915e-306
1.82944e-306
5.39104e-307
4.76967e-175
1.21009e-174
4.76858e-175
8.13892e-176
8.01875e-177
5.18284e-178
2.3614e-179
7.94862e-181
2.04502e-182
4.12893e-184
6.68317e-186
8.82701e-188
9.65576e-190
8.8587e-192
6.88999e-194
4.58472e-196
2.63068e-198
1.31045e-200
5.70002e-203
2.17567e-205
7.3184e-208
2.17736e-210
5.74765e-213
1.34977e-215
2.82642e-218
5.28779e-221
8.85345e-224
1.3286e-226
1.78926e-229
2.16496e-232
2.35589e-235
2.30769e-238
2.03643e-241
1.62015e-244
1.16289e-247
7.53551e-251
4.41128e-254
2.33448e-257
1.11764e-260
4.84428e-264
1.90256e-267
6.77692e-271
2.19162e-274
6.44236e-278
1.72364e-281
4.2035e-285
9.35968e-289
1.90633e-292
3.55887e-296
6.10349e-300
9.63972e-304
1.4058e-307
1.89842e-311
2.38027e-315
0
0
0
0
0
0
0
0
0
0
0
0
0
0
0
0
0
0
0
0
0
0
0
0
0
0
0
0
0
0
0
0
0
0
0
0
0
0
0
0
0
0
0
0
0
0
0
0
0
0
0
0
0
0
0
0
0
0
0
0
0
0
0
0
0
0
0
0
0
0
2.44122e-318
1.18352e-316
1.72306e-316
1.38105e-315
9.25415e-314
1.43949e-311
1.40151e-309
1.41495e-307
3.36691e-306
1.84827e-306
1.61186e-306
3.50135e-306
3.73088e-306
1.09043e-305
5.52324e-305
6.17974e-305
1.72089e-305
6.83403e-306
1.94908e-305
4.40949e-305
1.68919e-305
6.86234e-306
6.71845e-306
5.28909e-306
1.8293e-306
5.39051e-307
2.88911e-178
9.54031e-177
3.10304e-175
6.33374e-174
6.66973e-173
2.82316e-172
3.78938e-172
1.4595e-172
1.75442e-173
9.69048e-175
4.72093e-176
2.58465e-175
2.13031e-173
1.25863e-171
3.75681e-170
3.891e-169
1.20942e-168
1.62112e-168
1.38871e-168
1.07235e-168
5.84979e-169
2.10791e-169
6.62214e-170
1.86951e-170
4.85741e-171
1.3052e-171
3.82604e-172
1.2119e-172
4.10983e-173
1.51977e-173
6.03965e-174
2.47734e-174
1.04025e-174
4.10764e-175
1.75605e-175
6.5331e-176
1.92324e-176
4.24231e-177
1.05143e-177
4.6953e-178
3.31213e-178
2.32312e-178
9.61129e-179
1.28891e-179
5.9141e-181
1.98926e-182
1.30326e-182
3.80546e-181
1.42821e-179
3.91012e-178
4.37433e-177
8.68176e-177
2.622e-177
3.71179e-178
2.91617e-179
2.3578e-180
2.06484e-181
2.33867e-182
2.01545e-183
6.48641e-185
6.45285e-187
3.80258e-189
4.75283e-191
2.5187e-192
6.18837e-194
4.32088e-196
1.42254e-198
6.27309e-201
1.10577e-199
5.24567e-197
8.60326e-195
5.363e-194
1.73403e-194
1.50298e-195
2.23893e-196
2.93336e-196
7.47031e-196
8.86037e-197
8.46138e-199
3.40315e-201
3.09674e-203
8.41155e-203
3.5423e-201
3.07115e-200
2.09771e-200
9.42256e-202
1.40049e-203
1.23253e-205
1.10058e-207
1.36425e-209
3.73583e-211
1.38588e-212
4.0073e-214
4.50376e-215
3.04918e-214
2.87957e-212
2.08839e-210
4.82056e-210
5.61108e-210
2.99288e-211
4.26206e-184
1.47535e-182
4.62385e-181
9.02614e-180
9.1036e-179
3.7372e-178
4.97775e-178
1.85091e-178
2.5232e-179
1.56421e-180
1.03076e-181
9.92903e-181
7.81682e-179
4.27188e-177
1.18734e-175
1.17454e-174
3.68321e-174
5.06179e-174
4.49302e-174
3.52941e-174
1.95348e-174
7.07966e-175
2.21535e-175
6.22992e-176
1.57909e-176
4.12276e-177
1.16139e-177
3.51996e-178
1.13032e-178
3.91644e-179
1.453e-179
5.51514e-180
2.14157e-180
7.73356e-181
3.01666e-181
1.0211e-181
2.74269e-182
5.64263e-183
1.33078e-183
5.6879e-184
3.78702e-184
2.50093e-184
9.7741e-185
1.28004e-185
6.0831e-187
2.21146e-188
1.83121e-188
5.76154e-187
2.20185e-185
5.84223e-184
6.10581e-183
1.13912e-182
3.32277e-183
4.516e-184
3.32821e-185
2.40066e-186
1.83417e-187
1.6938e-188
1.16295e-189
2.97746e-191
2.45555e-193
1.16133e-195
8.08441e-198
1.86211e-199
2.39775e-201
1.04702e-203
2.58853e-206
6.65458e-209
1.13454e-207
8.79342e-205
2.11397e-202
1.85452e-201
7.7812e-202
8.15469e-203
1.39515e-203
1.91167e-203
4.38782e-203
4.09499e-204
3.28136e-206
1.1417e-208
7.63728e-211
2.05514e-210
9.69867e-209
8.96784e-208
5.98378e-208
2.48274e-209
3.27618e-211
2.44679e-213
1.77373e-215
1.77972e-217
4.1765e-219
1.51809e-220
5.03287e-222
7.96945e-223
1.0236e-221
1.48814e-219
1.38204e-217
3.8242e-217
4.95622e-217
2.65735e-218
5.35788e-190
1.93048e-188
5.87727e-187
1.10699e-185
1.07953e-184
4.33933e-184
5.78009e-184
2.21817e-184
3.24339e-185
2.25783e-186
2.15042e-187
3.40062e-186
2.54335e-184
1.29312e-182
3.37526e-181
3.20592e-180
1.01221e-179
1.41747e-179
1.29479e-179
1.04081e-179
5.88451e-180
2.14327e-180
6.6971e-181
1.88806e-181
4.66379e-182
1.18468e-182
3.21623e-183
9.33915e-184
2.83988e-184
9.2067e-185
3.1877e-185
1.12004e-185
4.021e-186
1.32148e-186
4.70091e-187
1.44623e-187
3.54143e-188
6.78695e-189
1.52153e-189
6.21912e-190
3.90592e-190
2.43102e-190
8.99353e-191
1.1541e-191
5.68481e-193
2.24566e-194
2.38207e-194
8.00937e-193
3.08871e-191
7.89482e-190
7.68192e-189
1.34582e-188
3.78446e-189
4.95204e-190
3.42271e-191
2.20237e-192
1.46807e-193
1.09882e-194
5.98802e-196
1.2161e-197
8.34319e-200
3.23632e-202
1.35118e-204
1.17247e-206
7.17502e-209
2.01139e-211
4.04134e-214
7.58507e-217
3.58698e-216
6.29634e-213
2.69353e-210
3.80377e-209
2.24375e-209
2.97884e-210
5.9947e-211
8.53469e-211
1.70928e-210
1.20944e-211
8.08508e-214
2.45432e-216
1.22284e-218
3.19244e-218
1.71662e-216
1.71367e-215
1.12639e-215
4.3424e-217
5.10981e-219
3.25511e-221
1.92226e-223
1.55662e-225
3.14306e-227
1.15621e-228
4.64228e-230
1.13178e-230
2.96786e-229
6.57405e-227
7.78296e-225
2.61388e-224
3.80711e-224
2.06538e-225
6.45066e-196
2.40755e-194
7.17592e-193
1.31504e-191
1.25038e-190
4.9602e-190
6.65488e-190
2.64984e-190
4.16616e-191
3.26536e-192
4.85238e-193
1.1628e-191
8.24414e-190
3.91589e-188
9.63984e-187
8.81732e-186
2.80634e-185
3.99446e-185
3.75446e-185
3.09115e-185
1.79011e-185
6.56251e-186
2.04925e-186
5.81494e-187
1.40159e-187
3.46841e-188
9.08133e-189
2.52723e-189
7.28584e-190
2.20796e-190
7.12912e-191
2.31565e-191
7.66944e-192
2.28986e-192
7.41726e-193
2.07366e-193
4.62358e-194
8.25063e-195
1.75798e-195
6.86865e-196
4.07192e-196
2.3922e-196
8.40093e-197
1.05958e-197
5.41394e-199
2.33901e-200
3.21494e-200
1.14578e-198
4.41871e-197
1.08231e-195
9.76754e-195
1.60489e-194
4.34739e-195
5.4713e-196
3.5511e-197
2.03528e-198
1.18106e-199
7.14205e-201
3.07489e-202
4.95004e-204
2.8418e-206
9.27604e-209
2.66555e-211
9.301e-214
2.64551e-216
5.34802e-219
9.76637e-222
1.72873e-224
1.62984e-225
1.34143e-221
1.61293e-218
4.65691e-217
4.35216e-217
7.77592e-218
1.89128e-218
2.76373e-218
4.62083e-218
2.39024e-219
1.33325e-221
3.55107e-224
1.34095e-226
3.32901e-226
2.09695e-224
2.30417e-223
1.51016e-223
5.4397e-225
5.72328e-227
3.11964e-229
1.50611e-231
9.8268e-234
1.7196e-235
6.68036e-237
3.47976e-238
1.46179e-238
8.39949e-237
2.78788e-234
4.18954e-232
1.72917e-231
2.85633e-231
1.57761e-232
7.35373e-202
2.83824e-200
8.35369e-199
1.50274e-197
1.40529e-196
5.54508e-196
7.54468e-196
3.13407e-196
5.31153e-197
4.71374e-198
1.18271e-198
3.94321e-197
2.65007e-195
1.18136e-193
2.75526e-192
2.43481e-191
7.82497e-191
1.1299e-190
1.09333e-190
9.22832e-191
5.48914e-191
2.0291e-191
6.33572e-192
1.81626e-192
4.27791e-193
1.03244e-193
2.60871e-194
6.95664e-195
1.90408e-195
5.38885e-196
1.62132e-196
4.86246e-197
1.4821e-197
4.01242e-198
1.18096e-198
2.99945e-199
6.08091e-200
1.00985e-200
2.04489e-201
7.6343e-202
4.2756e-202
2.37489e-202
7.93925e-203
9.87076e-204
5.23559e-205
2.49415e-206
4.48573e-206
1.68067e-204
6.43148e-203
1.50325e-201
1.25379e-200
1.93058e-200
5.03422e-201
6.08469e-202
3.71478e-203
1.89383e-204
9.54594e-206
4.65596e-207
1.57705e-208
2.01471e-210
9.75313e-213
2.75161e-215
6.3027e-218
1.34556e-220
2.54873e-223
4.48812e-226
7.68012e-229
1.28e-231
2.42679e-234
3.07171e-231
2.80714e-227
2.83122e-225
5.12345e-225
1.34297e-225
4.07582e-226
5.97225e-226
7.9035e-226
2.89654e-227
1.3465e-229
3.15174e-232
9.18989e-235
2.13718e-234
1.65192e-232
2.06076e-231
1.37162e-231
4.64219e-233
4.36796e-235
2.03692e-237
8.05803e-240
4.23538e-242
6.51144e-244
2.83265e-245
2.08977e-246
1.75469e-246
2.33598e-244
1.13567e-241
2.15758e-239
1.109e-238
2.09709e-238
1.18548e-239
7.82169e-208
3.12594e-206
9.17177e-205
1.63503e-203
1.51745e-202
6.00392e-202
8.34139e-202
3.63466e-202
6.65795e-203
6.76077e-204
3.07873e-204
1.31502e-202
8.39024e-201
3.52769e-199
7.83256e-198
6.71061e-197
2.18215e-196
3.19213e-196
3.18351e-196
2.75763e-196
1.68955e-196
6.31157e-197
1.97158e-197
5.72901e-198
1.3208e-198
3.11144e-199
7.59143e-200
1.93865e-200
5.04553e-201
1.33236e-201
3.73203e-202
1.03248e-202
2.88869e-203
7.076e-204
1.88681e-204
4.35132e-205
8.00783e-206
1.23665e-206
2.37944e-207
8.48535e-208
4.49402e-208
2.36424e-208
7.54517e-209
9.27426e-210
5.11095e-211
2.71226e-212
6.43216e-212
2.51356e-210
9.4823e-209
2.10839e-207
1.6198e-206
2.33679e-206
5.86188e-207
6.79191e-208
3.90907e-209
1.77052e-210
7.73588e-212
3.042e-213
8.0795e-215
8.21799e-217
3.38604e-219
8.46767e-222
1.71378e-224
3.15333e-227
5.49101e-230
9.28138e-233
1.52809e-235
2.44712e-238
3.78925e-241
1.16264e-241
1.0992e-237
5.80037e-234
3.07942e-233
1.36121e-233
5.36398e-234
7.57634e-234
7.48233e-234
1.89118e-235
7.23721e-238
1.48194e-240
3.38758e-243
7.35821e-243
7.58399e-241
1.13129e-239
7.87228e-240
2.51877e-241
2.11211e-243
8.37861e-246
2.71217e-248
1.14957e-250
1.5935e-252
8.44967e-254
9.90197e-255
2.03113e-254
6.40905e-252
4.43974e-249
1.06223e-246
6.8954e-246
1.50702e-245
8.75663e-247
7.63547e-214
3.17306e-212
9.37881e-211
1.67386e-209
1.55659e-208
6.22748e-208
8.89739e-208
4.08987e-208
8.12475e-209
9.6031e-210
8.40219e-210
4.27621e-208
2.5973e-206
1.03546e-204
2.19971e-203
1.83388e-202
6.04799e-202
8.95643e-202
9.22327e-202
8.20831e-202
5.19567e-202
1.96693e-202
6.14947e-203
1.81657e-203
4.1076e-204
9.44959e-205
2.22769e-205
5.44149e-206
1.34881e-206
3.32043e-207
8.65024e-208
2.20643e-208
5.65182e-209
1.24982e-209
3.0073e-210
6.29155e-211
1.04905e-211
1.50463e-212
2.74977e-213
9.364e-214
4.69533e-214
2.34407e-214
7.16225e-215
8.72949e-216
5.00404e-217
2.99582e-218
9.41766e-218
3.81024e-216
1.40946e-214
2.97533e-213
2.09949e-212
2.83857e-212
6.84551e-213
7.58738e-214
4.1288e-215
1.65972e-216
6.27444e-218
1.99054e-219
4.13775e-221
3.36963e-223
1.19447e-225
2.70611e-228
5.10858e-231
8.96833e-234
1.51861e-236
2.50178e-239
4.00857e-242
6.24066e-245
9.37264e-248
1.47134e-250
9.47325e-248
9.42641e-244
6.67157e-242
6.57314e-242
3.55214e-242
4.58737e-242
3.17096e-242
5.27505e-244
1.60467e-246
2.83661e-249
5.11176e-252
1.05947e-251
1.72619e-249
3.38477e-248
2.58801e-248
7.88944e-250
5.839e-252
1.9395e-254
5.08547e-257
1.73927e-259
2.28744e-261
1.68309e-262
3.66132e-263
2.4001e-262
1.73869e-259
1.66467e-256
4.99721e-254
4.15724e-253
1.06044e-252
6.35326e-254
6.71436e-220
2.92211e-218
8.80339e-217
1.59056e-215
1.49739e-214
6.1118e-214
9.04733e-214
4.41408e-214
9.55127e-215
1.34958e-215
2.34968e-215
1.34398e-213
7.79967e-212
2.96513e-210
6.0583e-209
4.93314e-208
1.65423e-207
2.48036e-207
2.64371e-207
2.42062e-207
1.58798e-207
6.11405e-208
1.91389e-208
5.76098e-209
1.28092e-209
2.8776e-210
6.55957e-211
1.52991e-211
3.6174e-212
8.296e-213
2.00747e-213
4.72108e-214
1.10458e-214
2.20017e-215
4.75337e-216
9.00698e-217
1.35773e-217
1.8052e-218
3.13096e-219
1.01782e-219
4.83782e-220
2.29669e-220
6.73921e-221
8.17044e-222
4.87939e-223
3.34697e-224
1.39816e-223
5.81776e-222
2.10127e-220
4.20757e-219
2.72095e-218
3.4503e-218
7.99437e-219
8.45764e-220
4.36765e-221
1.5574e-222
5.08511e-224
1.30401e-225
2.12158e-227
1.3942e-229
4.30244e-232
8.98614e-235
1.62081e-237
2.76689e-240
4.5761e-243
7.35472e-246
1.14766e-248
1.73823e-251
2.53388e-254
3.58987e-257
2.11623e-259
1.59243e-255
1.65107e-251
9.47387e-251
7.91542e-251
8.72799e-251
3.85437e-251
3.61008e-253
7.93785e-256
1.19979e-258
1.70505e-261
3.49663e-261
1.43779e-258
4.54071e-257
4.19626e-257
1.2342e-258
7.88976e-261
2.11535e-263
4.35505e-266
1.19537e-268
1.66222e-270
2.0965e-271
1.0622e-271
3.09761e-270
4.66573e-267
5.98549e-264
2.24625e-261
2.43137e-260
7.31121e-260
4.5247e-261
5.20522e-226
2.39671e-224
7.45784e-223
1.381e-221
1.331e-220
5.59666e-220
8.65396e-220
4.5119e-220
1.06958e-220
1.88028e-221
6.5721e-221
4.04437e-219
2.25258e-217
8.21561e-216
1.62314e-214
1.29573e-213
4.43005e-213
6.73305e-213
7.44885e-213
7.02956e-213
4.79481e-213
1.88631e-213
5.91567e-214
1.8174e-214
3.98574e-215
8.73791e-216
1.92775e-216
4.28322e-217
9.67305e-218
2.06571e-218
4.6355e-219
1.00569e-219
2.14491e-220
3.84123e-221
7.40564e-222
1.2681e-222
1.72354e-223
2.11881e-224
3.48264e-225
1.08008e-225
4.87203e-226
2.20406e-226
6.23156e-227
7.54152e-228
4.70185e-229
3.76519e-230
2.08886e-229
8.88757e-228
3.12363e-226
5.9351e-225
3.51297e-224
4.18197e-224
9.30627e-225
9.37766e-226
4.61677e-227
1.46038e-228
4.11176e-230
8.55284e-232
1.09173e-233
5.84732e-236
1.59038e-238
3.10262e-241
5.39756e-244
8.97938e-247
1.44857e-249
2.26746e-252
3.43971e-255
5.05897e-258
7.14263e-261
9.77682e-264
1.31584e-266
6.15543e-269
3.82094e-265
3.53544e-261
1.37708e-260
1.09414e-260
1.76326e-261
5.26688e-264
1.10609e-266
1.85122e-269
2.62449e-272
1.86671e-272
1.94071e-268
1.85652e-266
2.5954e-266
7.57135e-268
3.98219e-270
7.88828e-273
1.16308e-275
2.473e-278
4.76776e-280
1.50032e-280
2.5761e-280
4.58987e-278
1.23668e-274
2.06444e-271
9.65098e-269
1.38038e-267
4.94342e-267
3.16148e-268
3.46814e-232
1.71288e-230
5.59002e-229
1.07573e-227
1.07479e-226
4.70634e-226
7.67062e-226
4.30693e-226
1.12733e-226
2.61008e-227
1.79556e-226
1.15342e-224
6.19703e-223
2.1825e-221
4.19308e-220
3.29356e-219
1.15133e-218
1.77758e-218
2.04791e-218
1.99668e-218
1.42078e-218
5.74406e-219
1.80664e-219
5.66936e-220
1.23099e-220
2.62955e-221
5.62084e-222
1.18646e-222
2.5613e-223
5.09316e-224
1.05766e-224
2.11893e-225
4.1142e-226
6.61724e-227
1.13007e-227
1.74417e-228
2.13017e-229
2.41302e-230
3.75039e-231
1.10826e-231
4.74851e-232
2.05117e-232
5.60749e-233
6.80076e-234
4.43913e-235
4.24367e-236
3.11464e-235
1.3486e-233
4.59918e-232
8.30612e-231
4.49921e-230
5.03213e-230
1.07602e-230
1.03062e-231
4.86208e-233
1.36574e-234
3.31264e-236
5.61787e-238
5.65529e-240
2.4981e-242
6.06223e-245
1.11472e-247
1.87563e-250
3.03597e-253
4.76523e-256
7.24611e-259
1.06586e-261
1.51819e-264
2.06981e-267
2.72806e-270
3.53244e-273
4.48765e-276
5.60113e-279
6.85738e-282
8.24111e-285
9.76747e-288
1.14089e-290
1.31467e-293
1.51098e-296
2.83196e-294
6.7978e-290
1.65604e-285
3.66167e-281
7.09125e-277
3.52962e-276
1.12505e-277
4.30513e-280
4.95787e-283
3.90179e-286
4.92614e-289
3.24156e-290
5.54622e-290
6.62861e-289
7.84043e-286
3.22866e-282
6.83493e-279
3.96635e-276
7.6142e-275
3.28167e-274
2.16638e-275
1.92606e-238
1.03896e-236
3.62088e-235
7.35826e-234
7.73051e-233
3.56869e-232
6.19418e-232
3.77948e-232
1.10418e-232
3.63352e-233
4.68541e-232
3.08245e-230
1.60671e-228
5.50263e-227
1.03423e-225
8.02195e-225
2.87505e-224
4.52377e-224
5.44761e-224
5.50486e-224
4.10075e-224
1.71578e-224
5.42004e-225
1.73731e-225
3.75283e-226
7.78876e-227
1.61527e-227
3.22922e-228
6.664e-229
1.23468e-229
2.36583e-230
4.38229e-231
7.74374e-232
1.11847e-232
1.67772e-233
2.32769e-234
2.54434e-235
2.64456e-236
3.87415e-237
1.0886e-237
4.43156e-238
1.83079e-238
4.85669e-239
5.92795e-240
4.06671e-241
4.76397e-242
4.59309e-241
2.01662e-239
6.65656e-238
1.14616e-236
5.68866e-236
5.97694e-236
1.23054e-236
1.11817e-237
5.08057e-239
1.27047e-240
2.65494e-242
3.69558e-244
2.95828e-246
1.09226e-248
2.39247e-251
4.17018e-254
6.78318e-257
1.06521e-259
1.62161e-262
2.38807e-265
3.3957e-268
4.66962e-271
6.12605e-274
7.74455e-277
9.60856e-280
1.16857e-282
1.39515e-285
1.63155e-288
1.87034e-291
2.11244e-294
2.34978e-297
2.57866e-300
2.79493e-303
2.98061e-306
5.17886e-306
2.25765e-301
9.11149e-297
3.38085e-292
1.09734e-287
1.04235e-288
2.17569e-291
1.05306e-294
4.42831e-298
1.81942e-301
7.21507e-302
1.03073e-299
2.97628e-297
1.48718e-293
8.27306e-290
2.17404e-286
1.56078e-283
4.0841e-282
2.14152e-281
1.45537e-282
8.58451e-245
5.179e-243
1.97011e-241
4.30875e-240
4.83952e-239
2.38908e-238
4.46904e-238
2.99507e-238
9.91617e-239
5.09373e-239
1.14293e-237
7.62192e-236
3.87886e-234
1.30172e-232
2.40915e-231
1.85164e-230
6.82078e-230
1.09843e-229
1.38842e-229
1.46038e-229
1.14326e-229
4.9919e-230
1.58668e-230
5.19079e-231
1.12275e-231
2.25349e-232
4.54076e-233
8.57076e-234
1.68886e-234
2.92008e-235
5.14289e-236
8.81743e-237
1.4189e-237
1.84256e-238
2.40557e-239
2.99204e-240
2.91476e-241
2.76644e-242
3.80412e-243
1.01331e-243
3.91637e-244
1.54872e-244
3.99947e-245
4.93442e-246
3.57529e-247
5.28879e-248
6.63109e-247
2.9457e-245
9.38953e-244
1.54798e-242
7.06208e-242
6.95859e-242
1.38506e-242
1.19203e-243
5.2369e-245
1.17123e-246
2.11177e-248
2.43249e-250
1.56621e-252
4.90478e-255
9.798e-258
1.62372e-260
2.54756e-263
3.8674e-266
5.68959e-269
8.08604e-272
1.10768e-274
1.46552e-277
1.84299e-280
2.22521e-283
2.6334e-286
3.0514e-289
3.46747e-292
3.85319e-295
4.19041e-298
4.48379e-301
4.72045e-304
4.90274e-307
5.033e-310
1.11837e-312
5.36905e-313
3.17968e-313
2.22411e-313
1.02621e-313
3.18383e-314
7.49944e-315
1.47434e-315
3.58351e-316
1.01724e-316
3.32776e-317
1.83947e-313
3.55454e-309
2.96017e-305
2.98183e-301
2.0728e-297
6.64871e-294
5.88629e-291
2.13125e-289
1.37517e-288
9.58022e-290
2.92583e-251
2.03776e-249
8.69594e-248
2.09458e-246
2.56555e-245
1.37745e-244
2.81648e-244
2.09996e-244
8.05313e-245
7.15996e-245
2.55153e-243
1.71879e-241
8.60017e-240
2.85212e-238
5.23486e-237
4.00012e-236
1.51751e-235
2.51434e-235
3.35174e-235
3.69093e-235
3.05001e-235
1.40308e-235
4.49806e-236
1.49941e-236
3.27462e-237
6.31431e-238
1.23796e-238
2.19991e-239
4.12766e-240
6.6793e-241
1.07598e-241
1.70812e-242
2.5063e-243
2.93432e-244
3.30307e-245
3.67242e-246
3.17581e-247
2.73934e-248
3.5195e-249
8.85239e-250
3.24185e-250
1.22658e-250
3.0906e-251
3.86967e-252
2.97883e-253
5.75407e-254
9.26387e-253
4.16128e-251
1.27829e-249
2.02824e-248
8.55412e-248
7.87552e-248
1.52569e-248
1.24223e-249
5.28356e-251
1.06467e-252
1.66085e-254
1.59775e-256
8.39352e-259
2.26393e-261
4.16154e-264
6.56349e-267
9.90204e-270
1.44734e-272
2.04961e-275
2.80034e-278
3.68172e-281
4.66928e-284
5.60611e-287
6.43557e-290
7.22995e-293
7.94119e-296
8.5425e-299
8.96847e-302
9.19678e-305
9.26151e-308
9.1802e-311
2.57096e-313
3.23202e-313
6.10938e-313
5.36335e-313
3.17773e-313
2.22326e-313
1.02515e-313
3.17766e-314
7.47848e-315
1.46922e-315
3.57415e-316
1.01515e-316
2.32396e-317
2.66328e-318
2.53585e-317
4.54174e-313
6.08081e-309
5.05999e-305
1.95578e-301
2.12892e-298
1.08172e-296
8.69301e-296
6.17223e-297
7.15122e-258
6.00769e-256
2.98034e-254
8.13938e-253
1.11406e-251
6.64051e-251
1.50973e-250
1.27214e-250
5.83328e-251
9.90923e-251
5.10005e-249
3.47639e-247
1.72377e-245
5.70282e-244
1.04621e-242
7.97234e-242
3.1185e-241
5.34827e-241
7.5601e-241
8.78433e-241
7.70413e-241
3.7737e-241
1.22402e-241
4.1468e-242
9.23956e-243
1.69698e-243
3.24029e-244
5.41072e-245
9.6171e-246
1.46299e-246
2.14329e-247
3.14779e-248
4.21688e-249
4.47199e-250
4.30011e-251
4.25717e-252
3.25743e-253
2.54374e-254
3.04112e-255
7.19392e-256
2.48853e-256
8.99027e-257
2.21149e-257
2.81789e-258
2.31942e-259
6.06543e-260
1.23541e-258
5.61816e-257
1.6608e-255
2.55055e-254
1.00324e-253
8.58209e-254
1.63407e-254
1.25879e-255
5.16873e-257
9.48533e-259
1.2846e-260
1.04201e-262
4.53929e-265
1.07083e-267
1.8247e-270
2.73826e-273
3.95852e-276
5.54809e-279
7.53194e-282
9.85264e-285
1.23824e-287
1.49949e-290
1.71177e-293
1.85984e-296
1.9739e-299
2.04442e-302
2.07013e-305
2.04096e-308
1.99007e-311
2.53109e-313
1.72112e-313
1.67668e-313
3.23245e-313
6.11174e-313
5.36274e-313
3.17594e-313
2.22247e-313
1.02418e-313
3.17196e-314
7.45912e-315
1.46448e-315
3.56547e-316
1.01313e-316
2.3187e-317
2.65054e-318
1.06935e-318
1.4947e-319
1.23284e-316
1.19975e-312
5.53329e-309
7.38459e-306
5.33271e-304
5.40576e-303
3.88341e-304
1.14515e-264
1.23728e-262
7.49228e-261
2.41028e-259
3.80306e-258
2.58214e-257
6.66707e-257
6.47534e-257
3.7192e-257
1.30564e-256
8.91274e-255
6.1841e-253
3.06644e-251
1.02301e-249
1.89193e-248
1.44125e-247
5.81257e-247
1.03872e-246
1.56714e-246
1.94167e-246
1.82025e-246
9.60329e-247
3.16424e-247
1.08558e-247
2.49825e-248
4.32598e-249
8.04394e-250
1.26222e-250
2.10732e-251
3.0321e-252
4.01521e-253
5.44281e-254
6.66107e-255
6.44486e-256
5.24677e-257
4.59579e-258
3.10284e-259
2.18871e-260
2.4298e-261
5.39252e-262
1.75648e-262
6.03865e-263
1.44767e-263
1.87824e-264
1.66315e-265
6.10804e-266
1.54755e-264
7.14524e-263
2.0319e-261
3.0369e-260
1.12766e-259
8.90484e-260
1.6881e-260
1.23377e-261
4.85293e-263
8.23112e-265
9.70785e-267
6.69906e-269
2.46117e-271
5.15059e-274
8.18243e-277
1.1671e-279
1.61108e-282
2.1565e-285
2.79511e-288
3.48569e-291
4.16941e-294
4.80181e-297
5.19066e-300
5.3144e-303
5.30463e-306
5.22877e-309
1.46088e-311
1.24413e-312
2.94972e-313
2.34617e-313
1.72047e-313
1.67665e-313
3.23362e-313
6.11387e-313
5.36219e-313
3.17432e-313
2.22176e-313
1.02329e-313
3.16676e-314
7.44145e-315
1.46015e-315
3.55754e-316
1.01131e-316
2.31343e-317
2.64662e-318
1.06932e-318
1.46782e-319
6.54538e-320
2.30827e-320
1.50498e-316
2.45553e-313
2.54714e-311
3.29984e-310
2.37767e-311
1.04609e-271
1.61034e-269
1.27862e-267
5.10871e-266
9.68487e-265
7.74343e-264
2.33258e-263
2.67875e-263
2.06129e-263
1.56393e-262
1.32541e-260
9.45149e-259
4.73781e-257
1.61428e-255
3.03683e-254
2.31548e-253
9.60864e-253
1.80177e-252
2.92497e-252
3.91939e-252
3.96584e-252
2.28107e-252
7.6741e-253
2.65368e-253
6.39436e-254
1.03246e-254
1.86542e-255
2.76138e-256
4.27376e-257
5.85719e-258
6.97234e-259
8.69093e-260
9.70925e-261
8.66381e-262
5.92668e-263
4.54222e-264
2.69591e-265
1.71599e-266
1.77094e-267
3.69223e-268
1.13139e-268
3.69045e-269
8.59053e-270
1.1321e-270
1.08336e-271
5.78104e-272
1.78708e-270
8.41022e-269
2.30316e-267
3.36503e-266
1.19718e-265
8.67922e-266
1.66319e-266
1.16245e-267
4.32858e-269
6.92121e-271
7.12327e-273
4.21159e-275
1.32608e-277
2.4903e-280
3.70126e-283
5.00812e-286
6.578e-289
8.37583e-292
1.03226e-294
1.22163e-297
1.38416e-300
1.50964e-303
1.55929e-306
5.04148e-309
5.30586e-310
7.38691e-311
9.67498e-312
1.23358e-312
2.94314e-313
2.34576e-313
1.72004e-313
1.67662e-313
3.23466e-313
6.11577e-313
5.36171e-313
3.17288e-313
2.22112e-313
1.02249e-313
3.1621e-314
7.42559e-315
1.45627e-315
3.55043e-316
1.00977e-316
2.30956e-317
2.64624e-318
1.06873e-318
1.44114e-319
6.88579e-320
4.53058e-321
4.47623e-321
8.83883e-321
1.17391e-318
1.97054e-317
1.40837e-318
4.26939e-279
1.13195e-276
1.32391e-274
7.1101e-273
1.71655e-271
1.69041e-270
6.15537e-270
8.64941e-270
9.79826e-270
1.61219e-268
1.62383e-266
1.20604e-264
6.1959e-263
2.19004e-261
4.22923e-260
3.22269e-259
1.36918e-258
2.71315e-258
4.78972e-258
7.07478e-258
7.83234e-258
4.97405e-258
1.71948e-258
5.95656e-259
1.5241e-259
2.27037e-260
3.96292e-261
5.59311e-262
7.87309e-263
1.03427e-263
1.10224e-264
1.25744e-265
1.27872e-266
1.06905e-267
6.1246e-269
4.03484e-270
2.09052e-271
1.1983e-272
1.15397e-273
2.27527e-274
6.588e-275
2.04069e-275
4.59786e-276
6.1264e-277
6.35068e-278
5.05593e-278
1.86303e-276
8.96985e-275
2.3708e-273
3.39377e-272
1.17541e-271
7.80614e-272
1.53531e-272
1.0425e-273
3.62952e-275
5.61516e-277
5.05312e-279
2.57168e-281
7.03979e-284
1.1946e-286
1.66153e-289
2.12519e-292
2.64479e-295
3.18975e-298
3.72162e-301
4.16679e-304
7.55571e-307
9.08079e-308
2.04266e-308
3.54998e-309
5.26949e-310
7.35427e-311
9.63093e-312
1.22803e-312
2.93721e-313
2.34539e-313
1.71966e-313
1.67659e-313
3.23557e-313
6.11743e-313
5.36128e-313
3.17162e-313
2.22057e-313
1.0218e-313
3.15802e-314
7.41166e-315
1.45285e-315
3.54411e-316
1.00828e-316
2.30605e-317
2.63512e-318
1.0676e-318
1.46036e-319
6.75931e-320
4.45153e-321
4.39224e-321
4.3379e-321
4.28355e-321
4.2292e-321
4.17485e-321
4.37244e-287
3.21855e-284
6.94259e-282
5.72017e-280
1.92192e-278
2.48611e-277
1.14918e-276
2.07285e-276
3.91449e-276
1.34398e-274
1.57385e-272
1.23938e-270
6.64688e-269
2.48806e-267
4.97221e-266
3.76035e-265
1.62013e-264
3.41578e-264
6.65336e-264
1.11162e-263
1.3728e-263
9.755e-264
3.49252e-264
1.20219e-264
3.30869e-265
4.50679e-266
7.5124e-267
1.0323e-267
1.28966e-268
1.629e-269
1.55108e-270
1.60977e-271
1.48126e-272
1.18504e-273
5.72381e-275
3.16578e-276
1.41478e-277
7.2545e-279
6.53664e-280
1.23164e-280
3.40918e-281
1.01185e-281
2.21327e-282
2.9753e-283
3.3485e-284
4.02897e-284
1.71664e-282
8.4682e-281
2.16347e-279
3.03053e-278
1.03669e-277
6.32287e-278
1.29161e-278
8.73363e-280
2.82257e-281
4.36421e-283
3.45608e-285
1.51837e-287
3.66132e-290
5.62122e-293
7.28577e-296
8.75301e-299
1.026e-301
1.19832e-304
1.75305e-306
8.54111e-307
3.11382e-307
9.0185e-308
2.03751e-308
3.53795e-309
5.24865e-310
7.32422e-311
9.59029e-312
1.22293e-312
2.9318e-313
2.34506e-313
1.71932e-313
1.67657e-313
3.23637e-313
6.11887e-313
5.36091e-313
3.17055e-313
2.2201e-313
1.02121e-313
3.15454e-314
7.39975e-315
1.44991e-315
3.53867e-316
1.00702e-316
2.30331e-317
2.62761e-318
1.07049e-318
1.43328e-319
6.63382e-320
4.36754e-321
4.31319e-321
4.25885e-321
4.2045e-321
4.15015e-321
4.10074e-321
3.65146e-296
1.73294e-292
1.30051e-289
2.15369e-287
1.17412e-285
2.20626e-284
1.39111e-283
3.4554e-283
1.26278e-282
8.42325e-281
1.14379e-278
9.78485e-277
5.6262e-275
2.29747e-273
4.7761e-272
3.52112e-271
1.51326e-270
3.4155e-270
7.49165e-270
1.46687e-269
2.07812e-269
1.67681e-269
6.28041e-270
2.12385e-270
6.3531e-271
7.86424e-272
1.22492e-272
1.69477e-273
1.83438e-274
2.22297e-275
1.89315e-276
1.77044e-277
1.45578e-278
1.14155e-279
4.75956e-281
2.15956e-282
8.20743e-284
3.71486e-285
3.11702e-286
5.65329e-287
1.51944e-287
4.3999e-288
9.49022e-289
1.29967e-289
1.60605e-290
2.91153e-290
1.37465e-288
6.92783e-287
1.70387e-285
2.31825e-284
7.9129e-284
4.46129e-284
9.51216e-285
6.61142e-286
1.99044e-287
3.18906e-289
2.26335e-291
8.61809e-294
1.85806e-296
2.57409e-299
3.08219e-302
3.67492e-305
4.08726e-306
3.2728e-306
1.62391e-306
8.53462e-307
3.11011e-307
9.00374e-308
2.03295e-308
3.52712e-309
5.22977e-310
7.29686e-311
9.55313e-312
1.21827e-312
2.92688e-313
2.34476e-313
1.71901e-313
1.67655e-313
3.23708e-313
6.12011e-313
5.36059e-313
3.16964e-313
2.2197e-313
1.02071e-313
3.15166e-314
7.3899e-315
1.44749e-315
3.53417e-316
1.00606e-316
2.30036e-317
2.61898e-318
1.06825e-318
1.45038e-319
6.9436e-320
4.28355e-321
4.2292e-321
4.1798e-321
4.12545e-321
4.07604e-321
4.02169e-321
7.86421e-306
4.77695e-302
3.00529e-298
2.45762e-295
3.04163e-293
9.955e-292
9.61824e-291
3.66748e-290
3.03794e-289
3.61835e-287
5.78141e-285
5.56109e-283
3.57291e-281
1.66903e-279
3.60698e-278
2.49145e-277
1.0385e-276
2.52369e-276
6.41137e-276
1.54604e-275
2.61707e-275
2.44128e-275
9.69524e-276
3.17112e-276
1.03913e-276
1.16836e-277
1.63025e-278
2.36996e-279
2.20215e-280
2.54232e-281
1.95571e-282
1.62094e-283
1.15656e-284
9.06514e-286
3.40346e-287
1.25397e-288
4.03287e-290
1.59039e-291
1.22245e-292
2.1153e-293
5.56091e-294
1.60406e-294
3.51095e-295
5.04834e-296
7.1129e-297
1.93043e-296
9.52916e-295
4.87281e-293
1.13208e-291
1.46377e-290
4.99909e-290
2.62484e-290
5.8162e-291
4.29925e-292
1.22431e-293
2.10302e-295
1.38636e-297
4.61564e-300
9.08493e-303
1.18119e-305
1.35749e-306
2.32617e-306
4.0506e-306
3.27233e-306
1.62302e-306
8.53033e-307
3.107e-307
8.99131e-308
2.02906e-308
3.51777e-309
5.21331e-310
7.27274e-311
9.52005e-312
1.21409e-312
2.92245e-313
2.34449e-313
1.71874e-313
1.67653e-313
3.2377e-313
6.1212e-313
5.36032e-313
3.16889e-313
2.21938e-313
1.02032e-313
3.14936e-314
7.38209e-315
1.44556e-315
3.53069e-316
1.00527e-316
2.29851e-317
2.60484e-318
1.06988e-318
1.46609e-319
6.81267e-320
4.2045e-321
4.15015e-321
4.10074e-321
4.0464e-321
3.99699e-321
3.94758e-321
3.31737e-307
2.71377e-307
1.19032e-307
1.58677e-304
1.90225e-301
1.67673e-299
3.09859e-298
2.17228e-297
4.72684e-296
9.35495e-294
1.81431e-291
2.06523e-289
1.5871e-287
9.22075e-286
2.05072e-284
1.22359e-283
4.70846e-283
1.24343e-282
3.78833e-282
1.2081e-281
2.58989e-281
2.8607e-281
1.22685e-281
3.80734e-282
1.37826e-282
1.43856e-283
1.6437e-284
2.60779e-285
2.13411e-286
2.32977e-287
1.6794e-288
1.21826e-289
7.01815e-291
5.48137e-292
1.95335e-293
5.91913e-295
1.64417e-296
5.71984e-298
3.97767e-299
6.34302e-300
1.58619e-300
4.5742e-301
1.04879e-301
1.65873e-302
2.87514e-303
1.20176e-302
5.83183e-301
3.03067e-299
6.41404e-298
7.38675e-297
2.49162e-296
1.2183e-296
2.76735e-297
2.24521e-298
6.18127e-300
1.168e-301
7.53245e-304
2.23885e-306
1.20715e-307
4.48068e-307
1.34549e-306
2.32665e-306
4.05143e-306
3.27197e-306
1.62228e-306
8.52689e-307
3.10454e-307
8.98149e-308
2.02597e-308
3.51022e-309
5.19983e-310
7.25271e-311
9.49213e-312
1.21051e-312
2.9186e-313
2.34426e-313
1.7185e-313
1.67652e-313
3.23826e-313
6.12216e-313
5.36009e-313
3.16825e-313
2.21912e-313
1.02e-313
3.14757e-314
7.37611e-315
1.44411e-315
3.52801e-316
1.00463e-316
2.29723e-317
2.59414e-318
1.07087e-318
1.43808e-319
6.68224e-320
4.12545e-321
4.0711e-321
4.02169e-321
3.97229e-321
3.92288e-321
3.87347e-321
3.31656e-307
2.71351e-307
1.01107e-307
2.65709e-308
8.8683e-309
5.43234e-308
3.1536e-306
5.72448e-305
3.74497e-303
1.18579e-300
2.92643e-298
4.26733e-296
4.41432e-294
3.74087e-292
8.35853e-291
3.66522e-290
1.19347e-289
3.53343e-289
1.33075e-288
6.23388e-288
1.83462e-287
2.47641e-287
1.17375e-287
3.38878e-288
1.37121e-288
1.46142e-289
1.13119e-290
1.97983e-291
1.53239e-292
1.57541e-293
1.15914e-294
7.75859e-296
3.13551e-297
2.26328e-298
8.04828e-300
2.07023e-301
5.21288e-303
1.7205e-304
1.17734e-305
1.76801e-306
3.77736e-307
9.87558e-308
2.36052e-308
4.24716e-309
9.93496e-310
6.96454e-309
3.25044e-307
1.78398e-305
3.47071e-304
3.01038e-303
9.47222e-303
4.17826e-303
9.53136e-304
8.70102e-305
2.36027e-306
4.9968e-308
2.38311e-309
1.49141e-308
1.16656e-307
4.48218e-307
1.34587e-306
2.32705e-306
4.05212e-306
3.27167e-306
1.62169e-306
8.52421e-307
3.10268e-307
8.97422e-308
2.0237e-308
3.50468e-309
5.18982e-310
7.23757e-311
9.4706e-312
1.20769e-312
2.91551e-313
2.34407e-313
1.7183e-313
1.6765e-313
3.23875e-313
6.12301e-313
5.35988e-313
3.16769e-313
2.2189e-313
1.01975e-313
3.14618e-314
7.37165e-315
1.44306e-315
3.5261e-316
1.00424e-316
2.2956e-317
2.57816e-318
1.06703e-318
1.45181e-319
6.55329e-320
4.0464e-321
3.99205e-321
3.94264e-321
3.89324e-321
3.84383e-321
3.79442e-321
3.31603e-307
2.71336e-307
1.01063e-307
2.6552e-308
8.85711e-309
5.71826e-309
2.14244e-309
1.00811e-309
7.44931e-309
1.05196e-306
1.71496e-305
3.58708e-303
6.21563e-301
1.06495e-298
2.2814e-297
5.30888e-297
1.27551e-296
4.8087e-296
2.20109e-295
1.77463e-294
8.03894e-294
1.36291e-293
7.24168e-294
1.90221e-294
8.71178e-295
1.26191e-295
4.51804e-297
8.39495e-298
6.88786e-299
6.61376e-300
5.62163e-301
4.35309e-302
1.26925e-303
5.75625e-305
4.15607e-306
2.71674e-306
1.93366e-306
9.48173e-307
4.92596e-307
1.54318e-307
3.20425e-308
4.91309e-309
5.97385e-310
5.9751e-311
5.16842e-312
4.04992e-313
1.88605e-313
9.92909e-312
2.24707e-310
1.27643e-309
3.28511e-309
9.75896e-310
2.19253e-310
2.30567e-311
8.95915e-312
2.3706e-310
2.04971e-309
1.49168e-308
1.1669e-307
4.48333e-307
1.34616e-306
2.32736e-306
4.05267e-306
3.27143e-306
1.62122e-306
8.52213e-307
3.10132e-307
8.96905e-308
2.02216e-308
3.50106e-309
5.18333e-310
7.22764e-311
9.45619e-312
1.20577e-312
2.91334e-313
2.34394e-313
1.71815e-313
1.67649e-313
3.23914e-313
6.12372e-313
5.3597e-313
3.16722e-313
2.21872e-313
1.01954e-313
3.14507e-314
7.36828e-315
1.44232e-315
3.52482e-316
1.00395e-316
2.29486e-317
2.57387e-318
1.06686e-318
1.46426e-319
6.82749e-320
3.96735e-321
3.91794e-321
3.86853e-321
3.81913e-321
3.76972e-321
3.72031e-321
3.31572e-307
2.71327e-307
1.01039e-307
2.65413e-308
8.85458e-309
5.71781e-309
2.14193e-309
1.00753e-309
7.35113e-309
1.00139e-306
2.74035e-307
6.25104e-307
6.10223e-306
1.59968e-304
3.7001e-304
2.7635e-304
3.41642e-304
2.48745e-303
1.1795e-302
2.05347e-301
1.76065e-300
3.76523e-300
2.22665e-300
5.02569e-301
2.50252e-301
7.83128e-302
3.74568e-303
3.51887e-303
4.65918e-303
2.52289e-303
6.94948e-304
1.24514e-304
1.74743e-305
2.38467e-306
2.1295e-306
2.67084e-306
1.93239e-306
9.47896e-307
4.92475e-307
1.54229e-307
3.20141e-308
4.90811e-309
5.96694e-310
5.96584e-311
5.15757e-312
4.00571e-313
3.00792e-314
3.52386e-315
1.62285e-315
1.50321e-315
2.03194e-315
6.95915e-316
1.15547e-314
3.23661e-313
8.34956e-312
2.37077e-310
2.04998e-309
1.49188e-308
1.16709e-307
4.48402e-307
1.34633e-306
2.32756e-306
4.05303e-306
3.27127e-306
1.62088e-306
8.52063e-307
3.10034e-307
8.96536e-308
2.02114e-308
3.49895e-309
5.17983e-310
7.22238e-311
9.44845e-312
1.20471e-312
2.91213e-313
2.34386e-313
1.71807e-313
1.67649e-313
3.2394e-313
6.12421e-313
5.35957e-313
3.16687e-313
2.21857e-313
1.01937e-313
3.14418e-314
7.36565e-315
1.44177e-315
3.52395e-316
1.00374e-316
2.29493e-317
2.57648e-318
1.07013e-318
1.43551e-319
6.6936e-320
3.8883e-321
3.83889e-321
3.78948e-321
3.74502e-321
3.69561e-321
0
3.3156e-307
2.71324e-307
1.01029e-307
2.65371e-308
8.85357e-309
5.71763e-309
2.14172e-309
1.00747e-309
7.35149e-309
1.00145e-306
2.73993e-307
6.25069e-307
6.07643e-306
1.40831e-304
4.78637e-306
6.54114e-305
1.12394e-305
1.54049e-305
4.84201e-304
2.35412e-303
5.10528e-303
1.58482e-303
7.49954e-304
3.41483e-304
1.72717e-304
4.672e-304
2.76078e-303
3.37119e-303
4.64395e-303
2.52139e-303
6.94623e-304
1.24424e-304
1.74586e-305
2.38319e-306
2.12949e-306
2.67088e-306
1.93233e-306
9.47795e-307
4.9242e-307
1.54182e-307
3.19967e-308
4.90518e-309
5.96392e-310
5.96234e-311
5.15345e-312
4.00143e-313
3.00435e-314
3.51654e-315
1.47646e-315
7.29292e-316
3.10593e-316
5.21817e-316
1.15202e-314
3.23672e-313
8.34995e-312
2.37089e-310
2.05009e-309
1.49195e-308
1.16716e-307
4.48428e-307
1.34641e-306
2.32765e-306
4.05318e-306
3.27119e-306
1.62071e-306
8.51984e-307
3.0998e-307
8.9631e-308
2.02051e-308
3.49788e-309
5.17838e-310
7.22045e-311
9.44562e-312
1.20432e-312
2.91168e-313
2.34383e-313
1.71803e-313
1.67649e-313
3.23951e-313
6.12443e-313
5.35951e-313
3.16668e-313
2.21849e-313
1.01927e-313
3.14363e-314
7.36395e-315
1.44141e-315
3.5234e-316
1.00359e-316
2.29482e-317
2.57849e-318
1.06844e-318
1.45907e-319
6.64963e-320
0
0
0
0
0
0
)
;

boundaryField
{
    inlet
    {
        type            zeroGradient;
    }
    outlet
    {
        type            zeroGradient;
    }
    bottom
    {
        type            zeroGradient;
    }
    atmosphere
    {
        type            zeroGradient;
    }
    bridgeDeck
    {
        type            zeroGradient;
    }
    frontAndBack
    {
        type            empty;
    }
}


// ************************************************************************* //
